episode,seed,scenario_id,global_step,epsilon,episode_return,episode_steps,terminated,truncated,recovery_success,termination_reason,mean_loss,optimizer_updates,actual_configuration_changes,diagnoses,invalid_actions,new_policy_damage_events,unique_newly_damaged_policies,service_damage_actions,post_recovery_damage_events,final_damaged_policies
0,2026,trunk_remove:SW1:eth3:20+trunk_remove:SW2:eth3:20,2,0.9999525,-10.350000000000001,2,True,False,False,incorrect_declare_done,,0,1,0,0,0,0,0,0,1
1,2027,access_vlan:SW1:eth1:20+access_vlan:SW1:eth2:10+access_vlan:SW2:eth2:10+trunk_remove:SW2:eth3:20,12,0.9994775,-16.6,10,True,False,False,incorrect_declare_done,,0,6,1,0,8,5,6,0,3
2,2028,trunk_remove:SW1:eth3:10+trunk_remove:SW1:eth3:20+trunk_remove:SW2:eth3:10+trunk_remove:SW2:eth3:20,20,0.9990975,-13.15,8,True,False,False,incorrect_declare_done,,0,7,0,0,2,2,2,0,3
3,2029,access_vlan:SW1:eth1:20+access_vlan:SW1:eth2:10+access_vlan:SW2:eth1:20+access_vlan:SW2:eth2:10+trunk_remove:SW2:eth3:20,21,0.99905,-10.05,1,True,False,False,incorrect_declare_done,,0,0,0,0,0,0,0,0,1
4,2030,access_vlan:SW1:eth2:10+access_vlan:SW2:eth1:20+trunk_remove:SW1:eth3:10+trunk_remove:SW2:eth3:10+trunk_remove:SW2:eth3:20,42,0.9980525,-19.9,21,True,False,False,incorrect_declare_done,,0,16,1,0,8,6,7,0,3
5,2031,access_vlan:SW2:eth2:10+trunk_remove:SW2:eth3:20,47,0.997815,-11.600000000000001,5,True,False,False,incorrect_declare_done,,0,3,1,0,1,1,1,0,2
6,2032,access_vlan:SW1:eth2:10+trunk_remove:SW1:eth3:20+trunk_remove:SW2:eth3:10,60,0.9971975,-15.5,13,True,False,False,incorrect_declare_done,,0,11,1,0,4,4,4,0,4
7,2033,access_vlan:SW1:eth1:20+access_vlan:SW2:eth1:20+trunk_remove:SW1:eth3:10+trunk_remove:SW1:eth3:20+trunk_remove:SW2:eth3:20,70,0.9967225,-13.100000000000001,10,True,False,False,incorrect_declare_done,,0,7,1,0,1,1,1,0,1
8,2034,access_vlan:SW1:eth1:20+trunk_remove:SW1:eth3:10+trunk_remove:SW1:eth3:20+trunk_remove:SW2:eth3:10+trunk_remove:SW2:eth3:20,100,0.9952975,-14.20000000000001,30,False,True,False,step_limit,,0,23,2,0,11,5,10,0,2
9,2035,access_vlan:SW1:eth1:20+access_vlan:SW1:eth2:10+trunk_remove:SW1:eth3:10+trunk_remove:SW1:eth3:20+trunk_remove:SW2:eth3:10,103,0.995155,-11.0,3,True,False,False,incorrect_declare_done,,0,1,1,0,1,1,1,0,3
10,2036,access_vlan:SW1:eth2:10+access_vlan:SW2:eth1:20+trunk_remove:SW1:eth3:10+trunk_remove:SW2:eth3:20,120,0.9943475,-18.35,17,True,False,False,incorrect_declare_done,,0,16,0,0,7,3,6,0,3
11,2037,access_vlan:SW1:eth1:20+access_vlan:SW1:eth2:10+access_vlan:SW2:eth2:10+trunk_remove:SW1:eth3:10+trunk_remove:SW1:eth3:20+trunk_remove:SW2:eth3:10+trunk_remove:SW2:eth3:20,122,0.9942525,-10.350000000000001,2,True,False,False,incorrect_declare_done,,0,1,0,0,0,0,0,0,3
12,2038,access_vlan:SW1:eth1:20+access_vlan:SW2:eth1:20+access_vlan:SW2:eth2:10+trunk_remove:SW1:eth3:10+trunk_remove:SW1:eth3:20,125,0.99411,-10.5,3,True,False,False,incorrect_declare_done,,0,1,1,0,0,0,0,0,2
13,2039,access_vlan:SW1:eth1:20+access_vlan:SW1:eth2:10+access_vlan:SW2:eth2:10+trunk_remove:SW1:eth3:20+trunk_remove:SW2:eth3:10,134,0.9936825,-13.45,9,True,False,False,incorrect_declare_done,,0,6,0,0,2,2,2,0,3
14,2040,access_vlan:SW1:eth1:20+access_vlan:SW2:eth1:20+access_vlan:SW2:eth2:10+trunk_remove:SW1:eth3:10+trunk_remove:SW2:eth3:10+trunk_remove:SW2:eth3:20,150,0.9929225,-16.9,16,True,False,False,incorrect_declare_done,,0,14,1,0,5,3,5,0,3
15,2041,access_vlan:SW1:eth1:20+access_vlan:SW1:eth2:10+access_vlan:SW2:eth1:20+access_vlan:SW2:eth2:10+trunk_remove:SW1:eth3:10+trunk_remove:SW2:eth3:10+trunk_remove:SW2:eth3:20,170,0.9919725,-20.300000000000004,20,True,False,False,incorrect_declare_done,,0,14,3,0,10,6,8,0,3
16,2042,access_vlan:SW2:eth1:20+access_vlan:SW2:eth2:10+trunk_remove:SW1:eth3:10+trunk_remove:SW1:eth3:20+trunk_remove:SW2:eth3:10+trunk_remove:SW2:eth3:20,183,0.991355,-14.35,13,True,False,False,incorrect_declare_done,,0,10,2,0,2,2,2,0,2
17,2043,access_vlan:SW2:eth1:20+trunk_remove:SW1:eth3:10+trunk_remove:SW1:eth3:20+trunk_remove:SW2:eth3:20,185,0.99126,-10.850000000000001,2,True,False,False,incorrect_declare_done,,0,1,0,0,1,1,1,0,4
18,2044,access_vlan:SW1:eth2:10+access_vlan:SW2:eth1:20+access_vlan:SW2:eth2:10+trunk_remove:SW1:eth3:10+trunk_remove:SW2:eth3:10+trunk_remove:SW2:eth3:20,200,0.9905475,-16.1,15,True,False,False,incorrect_declare_done,,0,13,1,0,4,2,4,0,3
19,2045,access_vlan:SW1:eth1:20+access_vlan:SW1:eth2:10+access_vlan:SW2:eth1:20+access_vlan:SW2:eth2:10+trunk_remove:SW1:eth3:10+trunk_remove:SW1:eth3:20+trunk_remove:SW2:eth3:10,216,0.9897875,-16.1,16,True,False,False,incorrect_declare_done,,0,11,3,0,4,2,4,0,4
20,2046,access_vlan:SW1:eth1:20+access_vlan:SW2:eth1:20+access_vlan:SW2:eth2:10+trunk_remove:SW1:eth3:20+trunk_remove:SW2:eth3:20,226,0.9893125,-14.75,10,True,False,False,incorrect_declare_done,,0,8,0,0,4,2,4,0,3
21,2047,access_vlan:SW1:eth2:10+access_vlan:SW2:eth2:10+trunk_remove:SW1:eth3:20+trunk_remove:SW2:eth3:20,227,0.989265,-10.05,1,True,False,False,incorrect_declare_done,,0,0,0,0,0,0,0,0,4
22,2048,access_vlan:SW2:eth1:20+access_vlan:SW2:eth2:10+trunk_remove:SW2:eth3:10,234,0.9889325,-12.350000000000001,7,True,False,False,incorrect_declare_done,,0,6,0,0,1,1,1,0,2
23,2049,access_vlan:SW1:eth1:20,250,0.9881725,-20.550000000000004,16,True,False,False,incorrect_declare_done,,0,14,0,0,12,5,6,2,3
24,2050,access_vlan:SW1:eth1:20+access_vlan:SW2:eth2:10+trunk_remove:SW1:eth3:10+trunk_remove:SW2:eth3:10+trunk_remove:SW2:eth3:20,253,0.98803,-10.65,3,True,False,False,incorrect_declare_done,,0,2,0,0,0,0,0,0,4
25,2051,access_vlan:SW2:eth1:20+trunk_remove:SW1:eth3:20,273,0.98708,-20.750000000000007,20,True,False,False,incorrect_declare_done,,0,16,0,0,10,5,6,1,2
26,2052,trunk_remove:SW1:eth3:10+trunk_remove:SW2:eth3:20,276,0.9869375,-11.15,3,True,False,False,incorrect_declare_done,,0,2,0,0,1,1,1,0,3
27,2053,access_vlan:SW1:eth1:20+access_vlan:SW1:eth2:10+access_vlan:SW2:eth1:20+access_vlan:SW2:eth2:10,288,0.9863675,-14.55,12,True,False,False,incorrect_declare_done,,0,8,2,0,3,3,3,1,2
28,2054,access_vlan:SW2:eth2:10+trunk_remove:SW2:eth3:10,292,0.9861775,-12.450000000000001,4,True,False,False,incorrect_declare_done,,0,3,0,0,3,3,2,0,3
29,2055,access_vlan:SW1:eth2:10+trunk_remove:SW1:eth3:10+trunk_remove:SW1:eth3:20+trunk_remove:SW2:eth3:20,307,0.985465,-16.1,15,True,False,False,incorrect_declare_done,,0,13,1,0,4,3,3,0,3
30,2056,access_vlan:SW2:eth2:10,320,0.9848475,-18.15,13,True,False,False,incorrect_declare_done,,0,10,0,0,9,4,8,3,1
31,2057,access_vlan:SW2:eth2:10+trunk_remove:SW1:eth3:10+trunk_remove:SW1:eth3:20+trunk_remove:SW2:eth3:10+trunk_remove:SW2:eth3:20,339,0.983945,-16.799999999999997,19,True,False,False,incorrect_declare_done,,0,14,1,0,3,2,3,0,3
32,2058,access_vlan:SW2:eth1:20+trunk_remove:SW1:eth3:10+trunk_remove:SW1:eth3:20+trunk_remove:SW2:eth3:20,341,0.98385,-10.350000000000001,2,True,False,False,incorrect_declare_done,,0,1,0,0,0,0,0,0,3
33,2059,access_vlan:SW2:eth1:20+access_vlan:SW2:eth2:10+trunk_remove:SW1:eth3:10+trunk_remove:SW2:eth3:10+trunk_remove:SW2:eth3:20,342,0.9838025,-10.05,1,True,False,False,incorrect_declare_done,,0,0,0,0,0,0,0,0,2
34,2060,access_vlan:SW1:eth1:20+access_vlan:SW1:eth2:10+access_vlan:SW2:eth2:10+trunk_remove:SW2:eth3:10,347,0.983565,-12.25,5,True,False,False,incorrect_declare_done,,0,4,0,0,2,2,2,0,2
35,2061,access_vlan:SW1:eth2:10+access_vlan:SW2:eth2:10+trunk_remove:SW2:eth3:10,360,0.9829475,-15.350000000000001,13,True,False,False,incorrect_declare_done,,0,10,2,0,4,3,4,0,3
36,2062,access_vlan:SW1:eth1:20+trunk_remove:SW1:eth3:20+trunk_remove:SW2:eth3:10+trunk_remove:SW2:eth3:20,372,0.9823775,-14.4,12,True,False,False,incorrect_declare_done,,0,7,3,0,3,2,3,0,2
37,2063,access_vlan:SW2:eth1:20+trunk_remove:SW1:eth3:20+trunk_remove:SW2:eth3:10,387,0.981665,-16.25,15,True,False,False,incorrect_declare_done,,0,13,0,0,4,3,4,0,3
38,2064,access_vlan:SW1:eth1:20+access_vlan:SW2:eth1:20+trunk_remove:SW1:eth3:10+trunk_remove:SW1:eth3:20,390,0.9815225,-12.15,3,True,False,False,incorrect_declare_done,,0,2,0,0,3,3,2,0,3
39,2065,access_vlan:SW1:eth1:20+access_vlan:SW2:eth1:20+trunk_remove:SW1:eth3:20+trunk_remove:SW2:eth3:20,401,0.981,-15.4,11,True,False,False,incorrect_declare_done,,0,8,1,0,5,5,3,0,3
40,2066,access_vlan:SW1:eth1:20+access_vlan:SW2:eth2:10+trunk_remove:SW1:eth3:20+trunk_remove:SW2:eth3:10,411,0.980525,-13.75,10,True,False,False,incorrect_declare_done,,0,7,0,0,2,2,2,0,3
41,2067,access_vlan:SW1:eth2:10+access_vlan:SW2:eth1:20+access_vlan:SW2:eth2:10+trunk_remove:SW1:eth3:10+trunk_remove:SW1:eth3:20+trunk_remove:SW2:eth3:10,441,0.9791,-17.700000000000006,30,False,True,False,step_limit,,0,25,2,0,18,6,14,0,3
42,2068,access_vlan:SW1:eth1:20+access_vlan:SW1:eth2:10+access_vlan:SW2:eth1:20+access_vlan:SW2:eth2:10+trunk_remove:SW2:eth3:20,452,0.9785775,-15.600000000000001,11,True,False,False,incorrect_declare_done,,0,7,3,0,6,5,4,1,3
43,2069,access_vlan:SW1:eth2:10+access_vlan:SW2:eth1:20+access_vlan:SW2:eth2:10+trunk_remove:SW2:eth3:10+trunk_remove:SW2:eth3:20,464,0.9780075,-16.9,12,True,False,False,incorrect_declare_done,,0,8,3,0,8,6,6,0,4
44,2070,access_vlan:SW2:eth1:20+trunk_remove:SW1:eth3:10,467,0.977865,-11.15,3,True,False,False,incorrect_declare_done,,0,2,0,0,1,1,1,0,2
45,2071,access_vlan:SW1:eth1:20+access_vlan:SW2:eth1:20+access_vlan:SW2:eth2:10+trunk_remove:SW1:eth3:10+trunk_remove:SW1:eth3:20+trunk_remove:SW2:eth3:10,479,0.977295,-14.05,12,True,False,False,incorrect_declare_done,,0,9,2,0,2,2,2,0,4
46,2072,access_vlan:SW1:eth1:20+access_vlan:SW2:eth1:20+access_vlan:SW2:eth2:10+trunk_remove:SW2:eth3:10,492,0.9766775,-16.0,13,True,False,False,incorrect_declare_done,,0,11,1,0,5,4,4,0,3
47,2073,access_vlan:SW2:eth1:20+trunk_remove:SW2:eth3:20,505,0.97606,-19.0,13,True,False,False,incorrect_declare_done,,0,7,1,0,11,6,9,0,3
48,2074,access_vlan:SW1:eth1:20+access_vlan:SW1:eth2:10+trunk_remove:SW1:eth3:10+trunk_remove:SW1:eth3:20+trunk_remove:SW2:eth3:10,529,0.97492,-22.650000000000006,24,True,False,False,incorrect_declare_done,,0,20,2,0,12,6,11,0,3
49,2075,access_vlan:SW1:eth1:20+access_vlan:SW1:eth2:10+access_vlan:SW2:eth2:10+trunk_remove:SW1:eth3:10+trunk_remove:SW1:eth3:20,532,0.9747775,-11.15,3,True,False,False,incorrect_declare_done,,0,2,0,0,1,1,1,0,3
50,2076,access_vlan:SW1:eth1:20+access_vlan:SW1:eth2:10+access_vlan:SW2:eth1:20+trunk_remove:SW1:eth3:10,544,0.9742075,-15.85,12,True,False,False,incorrect_declare_done,,0,10,0,0,5,4,5,0,4
51,2077,access_vlan:SW1:eth1:20+access_vlan:SW1:eth2:10+access_vlan:SW2:eth1:20+access_vlan:SW2:eth2:10,549,0.97397,-13.25,5,True,False,False,incorrect_declare_done,,0,3,0,0,4,4,2,2,1
52,2078,access_vlan:SW1:eth2:10+trunk_remove:SW1:eth3:20+trunk_remove:SW2:eth3:10+trunk_remove:SW2:eth3:20,551,0.973875,-10.350000000000001,2,True,False,False,incorrect_declare_done,,0,1,0,0,0,0,0,0,3
53,2079,access_vlan:SW1:eth1:20+access_vlan:SW1:eth2:10+trunk_remove:SW2:eth3:20,552,0.9738275,-10.05,1,True,False,False,incorrect_declare_done,,0,0,0,0,0,0,0,0,3
54,2080,access_vlan:SW1:eth2:10+access_vlan:SW2:eth1:20+trunk_remove:SW1:eth3:10+trunk_remove:SW2:eth3:10+trunk_remove:SW2:eth3:20,582,0.9724025000000001,-12.350000000000003,30,False,True,False,step_limit,,0,27,1,0,7,4,7,0,3
55,2081,access_vlan:SW1:eth1:20+access_vlan:SW1:eth2:10+access_vlan:SW2:eth1:20+trunk_remove:SW1:eth3:20+trunk_remove:SW2:eth3:10+trunk_remove:SW2:eth3:20,587,0.972165,-12.25,5,True,False,False,incorrect_declare_done,,0,4,0,0,2,2,2,0,3
56,2082,access_vlan:SW1:eth1:20+access_vlan:SW1:eth2:10+access_vlan:SW2:eth2:10+trunk_remove:SW1:eth3:10+trunk_remove:SW2:eth3:10+trunk_remove:SW2:eth3:20,602,0.9714525,-16.45,15,True,False,False,incorrect_declare_done,,0,12,2,0,5,3,4,0,3
57,2083,access_vlan:SW1:eth1:20+access_vlan:SW2:eth1:20+access_vlan:SW2:eth2:10+trunk_remove:SW1:eth3:10+trunk_remove:SW2:eth3:10,603,0.971405,-10.05,1,True,False,False,incorrect_declare_done,,0,0,0,0,0,0,0,0,3
58,2084,access_vlan:SW1:eth1:20+access_vlan:SW1:eth2:10+access_vlan:SW2:eth2:10+trunk_remove:SW1:eth3:20,606,0.9712625,-10.65,3,True,False,False,incorrect_declare_done,,0,1,0,0,0,0,0,0,3
59,2085,access_vlan:SW1:eth1:20+access_vlan:SW1:eth2:10,619,0.970645,-16.5,13,True,False,False,incorrect_declare_done,,0,9,1,0,6,2,6,0,1
60,2086,access_vlan:SW1:eth1:20+access_vlan:SW1:eth2:10+access_vlan:SW2:eth2:10+trunk_remove:SW1:eth3:10+trunk_remove:SW1:eth3:20+trunk_remove:SW2:eth3:10,649,0.96922,-18.55000000000001,30,False,True,False,step_limit,,0,23,3,0,20,6,14,0,4
61,2087,access_vlan:SW1:eth1:20+access_vlan:SW2:eth2:10+trunk_remove:SW1:eth3:10+trunk_remove:SW2:eth3:10,666,0.9684125,-17.55,17,True,False,False,incorrect_declare_done,,0,13,2,0,6,4,4,0,3
62,2088,access_vlan:SW1:eth1:20+access_vlan:SW2:eth2:10+trunk_remove:SW1:eth3:10+trunk_remove:SW1:eth3:20,678,0.9678425,-15.55,12,True,False,False,incorrect_declare_done,,0,9,2,0,5,3,4,0,3
63,2089,access_vlan:SW2:eth1:20+access_vlan:SW2:eth2:10+trunk_remove:SW1:eth3:10+trunk_remove:SW1:eth3:20,687,0.967415,-14.45,9,True,False,False,incorrect_declare_done,,0,8,0,0,4,3,4,0,3
64,2090,access_vlan:SW1:eth2:10+access_vlan:SW2:eth1:20+trunk_remove:SW1:eth3:20+trunk_remove:SW2:eth3:10,692,0.9671775,-13.75,5,True,False,False,incorrect_declare_done,,0,4,0,0,5,5,3,0,4
65,2091,access_vlan:SW2:eth2:10+trunk_remove:SW1:eth3:10,693,0.96713,-10.05,1,True,False,False,incorrect_declare_done,,0,0,0,0,0,0,0,0,3
66,2092,access_vlan:SW1:eth2:10+access_vlan:SW2:eth1:20+access_vlan:SW2:eth2:10+trunk_remove:SW1:eth3:10,704,0.9666075,-13.9,11,True,False,False,incorrect_declare_done,,0,9,1,0,2,2,2,0,3
67,2093,access_vlan:SW1:eth1:20+access_vlan:SW2:eth1:20+access_vlan:SW2:eth2:10+trunk_remove:SW1:eth3:20+trunk_remove:SW2:eth3:10,710,0.9663225,-12.4,6,True,False,False,incorrect_declare_done,,0,4,1,0,2,2,2,0,3
68,2094,access_vlan:SW1:eth1:20+access_vlan:SW1:eth2:10+access_vlan:SW2:eth2:10+trunk_remove:SW1:eth3:20+trunk_remove:SW2:eth3:20,713,0.96618,-11.15,3,True,False,False,incorrect_declare_done,,0,2,0,0,1,1,1,0,3
69,2095,access_vlan:SW2:eth2:10+trunk_remove:SW1:eth3:10+trunk_remove:SW2:eth3:10+trunk_remove:SW2:eth3:20,716,0.9660375,-11.15,3,True,False,False,incorrect_declare_done,,0,2,0,0,1,1,1,0,4
70,2096,trunk_remove:SW1:eth3:20+trunk_remove:SW2:eth3:10,717,0.96599,-10.05,1,True,False,False,incorrect_declare_done,,0,0,0,0,0,0,0,0,2
71,2097,access_vlan:SW1:eth2:10+access_vlan:SW2:eth1:20+trunk_remove:SW1:eth3:20+trunk_remove:SW2:eth3:10,729,0.96542,-13.55,12,True,False,False,incorrect_declare_done,,0,8,2,0,1,1,1,0,3
72,2098,access_vlan:SW1:eth1:20+access_vlan:SW1:eth2:10+access_vlan:SW2:eth1:20+access_vlan:SW2:eth2:10+trunk_remove:SW1:eth3:10,730,0.9653725,-10.05,1,True,False,False,incorrect_declare_done,,0,0,0,0,0,0,0,0,1
73,2099,access_vlan:SW1:eth2:10+access_vlan:SW2:eth1:20+access_vlan:SW2:eth2:10+trunk_remove:SW1:eth3:10+trunk_remove:SW2:eth3:10+trunk_remove:SW2:eth3:20,733,0.96523,-10.65,3,True,False,False,incorrect_declare_done,,0,2,0,0,0,0,0,0,2
74,2100,access_vlan:SW1:eth1:20+access_vlan:SW2:eth1:20+trunk_remove:SW1:eth3:10+trunk_remove:SW1:eth3:20+trunk_remove:SW2:eth3:20,736,0.9650875,-10.65,3,True,False,False,incorrect_declare_done,,0,2,0,0,0,0,0,0,2
75,2101,access_vlan:SW2:eth1:20+trunk_remove:SW1:eth3:10+trunk_remove:SW1:eth3:20+trunk_remove:SW2:eth3:20,738,0.9649925,-10.350000000000001,2,True,False,False,incorrect_declare_done,,0,1,0,0,0,0,0,0,2
76,2102,access_vlan:SW1:eth1:20+trunk_remove:SW1:eth3:20+trunk_remove:SW2:eth3:10+trunk_remove:SW2:eth3:20,742,0.9648025,-10.8,4,True,False,False,incorrect_declare_done,,0,2,1,0,0,0,0,0,2
77,2103,access_vlan:SW1:eth1:20+access_vlan:SW1:eth2:10+access_vlan:SW2:eth1:20+trunk_remove:SW1:eth3:10+trunk_remove:SW2:eth3:20,763,0.963805,-19.049999999999997,21,True,False,False,incorrect_declare_done,,0,18,0,0,6,2,6,0,3
78,2104,access_vlan:SW2:eth2:10+trunk_remove:SW1:eth3:10+trunk_remove:SW2:eth3:10,793,0.96238,-17.100000000000005,30,False,True,False,step_limit,,0,22,6,0,18,6,14,0,3
79,2105,access_vlan:SW1:eth2:10+access_vlan:SW2:eth1:20+trunk_remove:SW1:eth3:10+trunk_remove:SW2:eth3:20,823,0.960955,-11.950000000000006,30,False,True,False,step_limit,,0,20,7,0,8,3,8,0,3
80,2106,access_vlan:SW1:eth1:20+access_vlan:SW1:eth2:10+trunk_remove:SW1:eth3:10+trunk_remove:SW2:eth3:10+trunk_remove:SW2:eth3:20,840,0.9601475,-21.200000000000003,17,True,False,False,incorrect_declare_done,,0,11,1,0,13,6,10,0,3
81,2107,access_vlan:SW2:eth1:20+access_vlan:SW2:eth2:10+trunk_remove:SW1:eth3:20+trunk_remove:SW2:eth3:20,852,0.9595775,-15.2,12,True,False,False,incorrect_declare_done,,0,10,1,0,4,3,4,0,3
82,2108,access_vlan:SW1:eth1:20+access_vlan:SW1:eth2:10+access_vlan:SW2:eth1:20+access_vlan:SW2:eth2:10+trunk_remove:SW2:eth3:20,858,0.9592925,-12.55,6,True,False,False,incorrect_declare_done,,0,5,0,0,2,2,1,0,1
83,2109,access_vlan:SW1:eth1:20+access_vlan:SW1:eth2:10+access_vlan:SW2:eth1:20+trunk_remove:SW1:eth3:10+trunk_remove:SW1:eth3:20,867,0.958865,-13.8,9,True,False,False,incorrect_declare_done,,0,7,1,0,3,2,3,0,3
84,2110,access_vlan:SW1:eth1:20+access_vlan:SW1:eth2:10,870,0.9587225,-10.5,3,True,False,False,incorrect_declare_done,,0,1,1,0,0,0,0,0,3
85,2111,access_vlan:SW1:eth1:20+access_vlan:SW2:eth1:20+access_vlan:SW2:eth2:10+trunk_remove:SW1:eth3:10+trunk_remove:SW2:eth3:10,877,0.95839,-15.350000000000001,7,True,False,False,incorrect_declare_done,,0,6,0,0,7,6,6,0,4
86,2112,access_vlan:SW1:eth2:10+trunk_remove:SW1:eth3:20+trunk_remove:SW2:eth3:10,885,0.95801,-14.15,8,True,False,False,incorrect_declare_done,,0,7,0,0,4,4,3,0,4
87,2113,access_vlan:SW2:eth1:20+access_vlan:SW2:eth2:10+trunk_remove:SW1:eth3:10+trunk_remove:SW1:eth3:20+trunk_remove:SW2:eth3:10+trunk_remove:SW2:eth3:20,905,0.95706,-18.450000000000003,20,True,False,False,incorrect_declare_done,,0,15,2,0,6,4,6,0,3
88,2114,access_vlan:SW1:eth1:20+access_vlan:SW1:eth2:10+access_vlan:SW2:eth2:10,907,0.956965,-11.350000000000001,2,True,False,False,incorrect_declare_done,,0,1,0,0,2,2,1,0,4
89,2115,access_vlan:SW1:eth1:20+trunk_remove:SW2:eth3:20,915,0.956585,-13.15,8,True,False,False,incorrect_declare_done,,0,7,0,0,2,2,2,0,4
90,2116,access_vlan:SW1:eth1:20+access_vlan:SW1:eth2:10+access_vlan:SW2:eth1:20+trunk_remove:SW1:eth3:20+trunk_remove:SW2:eth3:10+trunk_remove:SW2:eth3:20,929,0.95592,-15.649999999999999,14,True,False,False,incorrect_declare_done,,0,9,2,0,4,2,4,0,4
91,2117,access_vlan:SW1:eth1:20+access_vlan:SW1:eth2:10+access_vlan:SW2:eth1:20+trunk_remove:SW1:eth3:10+trunk_remove:SW2:eth3:10,946,0.9551125,-20.200000000000003,17,True,False,False,incorrect_declare_done,,0,15,1,0,11,6,9,0,3
92,2118,access_vlan:SW1:eth2:10+trunk_remove:SW1:eth3:10+trunk_remove:SW1:eth3:20+trunk_remove:SW2:eth3:10+trunk_remove:SW2:eth3:20,948,0.9550175,-10.850000000000001,2,True,False,False,incorrect_declare_done,,0,1,0,0,1,1,1,0,4
93,2119,access_vlan:SW2:eth2:10+trunk_remove:SW2:eth3:20,960,0.9544475,-15.7,12,True,False,False,incorrect_declare_done,,0,8,1,0,5,2,5,0,2
94,2120,access_vlan:SW1:eth1:20+access_vlan:SW1:eth2:10+access_vlan:SW2:eth2:10+trunk_remove:SW1:eth3:10+trunk_remove:SW2:eth3:10+trunk_remove:SW2:eth3:20,990,0.9530225,-17.400000000000006,30,False,True,False,step_limit,,0,22,4,0,18,6,14,0,3
95,2121,access_vlan:SW1:eth1:20+trunk_remove:SW1:eth3:10+trunk_remove:SW1:eth3:20+trunk_remove:SW2:eth3:10+trunk_remove:SW2:eth3:20,1008,0.9521675,-17.35,18,True,False,False,incorrect_declare_done,0.8825406233469645,9,13,2,0,5,3,4,0,3
96,2122,access_vlan:SW1:eth2:10+access_vlan:SW2:eth2:10+trunk_remove:SW1:eth3:10+trunk_remove:SW1:eth3:20,1022,0.9515025,-14.0,14,True,False,False,incorrect_declare_done,0.6961011950458799,14,9,3,0,1,1,1,0,3
97,2123,access_vlan:SW2:eth1:20+access_vlan:SW2:eth2:10+trunk_remove:SW1:eth3:10+trunk_remove:SW2:eth3:20,1036,0.9508375,-15.8,14,True,False,False,incorrect_declare_done,0.4064164970602308,14,11,1,0,4,3,4,0,3
98,2124,access_vlan:SW1:eth1:20+access_vlan:SW1:eth2:10+trunk_remove:SW2:eth3:20,1053,0.95003,-19.85,17,True,False,False,incorrect_declare_done,0.14682283033342922,17,15,0,0,10,6,8,0,2
99,2125,access_vlan:SW2:eth1:20+access_vlan:SW2:eth2:10+trunk_remove:SW2:eth3:10+trunk_remove:SW2:eth3:20,1067,0.949365,-17.8,14,True,False,False,incorrect_declare_done,0.06716778475259032,14,12,1,0,8,6,6,0,4
100,2126,access_vlan:SW1:eth2:10+trunk_remove:SW1:eth3:20+trunk_remove:SW2:eth3:20,1070,0.9492225,-11.0,3,True,False,False,incorrect_declare_done,0.06777647758523624,3,1,1,0,1,1,1,0,3
101,2127,trunk_remove:SW2:eth3:10+trunk_remove:SW2:eth3:20,1086,0.9484625,-16.25,16,True,False,False,incorrect_declare_done,0.04356767958961427,16,13,2,0,4,3,3,0,1
102,2128,access_vlan:SW1:eth2:10+access_vlan:SW2:eth1:20+access_vlan:SW2:eth2:10+trunk_remove:SW1:eth3:10+trunk_remove:SW2:eth3:10,1087,0.948415,-10.05,1,True,False,False,incorrect_declare_done,0.03916936367750168,1,0,0,0,0,0,0,0,3
103,2129,access_vlan:SW1:eth1:20+access_vlan:SW1:eth2:10+access_vlan:SW2:eth1:20+trunk_remove:SW1:eth3:10+trunk_remove:SW1:eth3:20+trunk_remove:SW2:eth3:20,1094,0.9480825,-11.55,7,True,False,False,incorrect_declare_done,0.04029727514301028,7,4,2,0,0,0,0,0,3
104,2130,access_vlan:SW1:eth2:10+trunk_remove:SW1:eth3:10+trunk_remove:SW2:eth3:10+trunk_remove:SW2:eth3:20,1097,0.94794,-11.15,3,True,False,False,incorrect_declare_done,0.03764707470933596,3,2,0,0,1,1,1,0,3
105,2131,access_vlan:SW2:eth1:20+access_vlan:SW2:eth2:10+trunk_remove:SW1:eth3:10+trunk_remove:SW1:eth3:20+trunk_remove:SW2:eth3:20,1127,0.946515,-13.550000000000006,30,False,True,False,step_limit,0.03899364856382211,30,23,3,0,10,4,9,0,3
106,2132,access_vlan:SW2:eth1:20+access_vlan:SW2:eth2:10+trunk_remove:SW1:eth3:10+trunk_remove:SW2:eth3:20,1130,0.9463725000000001,-11.15,3,True,False,False,incorrect_declare_done,0.03496734735866388,3,2,0,0,1,1,1,0,2
107,2133,access_vlan:SW1:eth1:20+access_vlan:SW1:eth2:10+access_vlan:SW2:eth2:10+trunk_remove:SW1:eth3:10+trunk_remove:SW1:eth3:20+trunk_remove:SW2:eth3:20,1141,0.94585,-14.05,11,True,False,False,incorrect_declare_done,0.038697351616891945,11,6,0,0,2,1,2,0,3
108,2134,access_vlan:SW1:eth1:20+access_vlan:SW1:eth2:10+access_vlan:SW2:eth2:10+trunk_remove:SW1:eth3:10+trunk_remove:SW2:eth3:20,1148,0.9455175,-12.4,7,True,False,False,incorrect_declare_done,0.043067168444395065,7,3,3,0,2,2,2,0,3
109,2135,access_vlan:SW2:eth1:20+trunk_remove:SW1:eth3:20+trunk_remove:SW2:eth3:10,1151,0.945375,-11.15,3,True,False,False,incorrect_declare_done,0.04070024316509565,3,2,0,0,1,1,1,0,3
110,2136,access_vlan:SW1:eth1:20+access_vlan:SW1:eth2:10+trunk_remove:SW1:eth3:10+trunk_remove:SW1:eth3:20+trunk_remove:SW2:eth3:20,1171,0.944425,-19.150000000000002,20,True,False,False,incorrect_declare_done,0.03982904693111777,20,15,4,0,8,6,6,0,3
111,2137,access_vlan:SW1:eth2:10+access_vlan:SW2:eth1:20+access_vlan:SW2:eth2:10+trunk_remove:SW1:eth3:10,1189,0.94357,-21.0,18,True,False,False,incorrect_declare_done,0.03621038018415371,18,15,1,0,12,5,10,0,4
112,2138,access_vlan:SW1:eth2:10+trunk_remove:SW1:eth3:10+trunk_remove:SW1:eth3:20+trunk_remove:SW2:eth3:10+trunk_remove:SW2:eth3:20,1205,0.94281,-16.1,16,True,False,False,incorrect_declare_done,0.03487783030141145,16,12,3,0,4,3,3,0,3
113,2139,access_vlan:SW1:eth1:20+access_vlan:SW1:eth2:10+access_vlan:SW2:eth2:10+trunk_remove:SW1:eth3:10,1218,0.9421925,-16.5,13,True,False,False,incorrect_declare_done,0.036178176219646745,13,11,1,0,6,5,5,1,3
114,2140,access_vlan:SW1:eth1:20+access_vlan:SW1:eth2:10+access_vlan:SW2:eth2:10+trunk_remove:SW1:eth3:20+trunk_remove:SW2:eth3:10,1244,0.9409575,-23.60000000000001,26,True,False,False,incorrect_declare_done,0.029571186679487046,26,21,3,0,13,6,11,0,3
115,2141,access_vlan:SW1:eth2:10+access_vlan:SW2:eth1:20+trunk_remove:SW1:eth3:10+trunk_remove:SW2:eth3:10+trunk_remove:SW2:eth3:20,1268,0.9398175,-19.85,24,True,False,False,incorrect_declare_done,0.026739762009431917,24,18,4,0,7,6,5,1,3
116,2142,trunk_remove:SW1:eth3:10+trunk_remove:SW1:eth3:20+trunk_remove:SW2:eth3:10+trunk_remove:SW2:eth3:20,1285,0.93901,-18.1,17,True,False,False,incorrect_declare_done,0.02393365344580482,17,10,5,0,8,5,7,0,3
117,2143,access_vlan:SW1:eth1:20+access_vlan:SW1:eth2:10+access_vlan:SW2:eth1:20+access_vlan:SW2:eth2:10+trunk_remove:SW2:eth3:10+trunk_remove:SW2:eth3:20,1301,0.93825,-17.1,16,True,False,False,incorrect_declare_done,0.02305070246802643,16,12,3,0,6,4,5,0,3
118,2144,access_vlan:SW2:eth1:20+access_vlan:SW2:eth2:10+trunk_remove:SW1:eth3:20+trunk_remove:SW2:eth3:20,1305,0.93806,-10.950000000000001,4,True,False,False,incorrect_declare_done,0.02366261277347803,4,2,0,0,0,0,0,0,2
119,2145,access_vlan:SW1:eth2:10+access_vlan:SW2:eth1:20+access_vlan:SW2:eth2:10+trunk_remove:SW1:eth3:10,1314,0.9376325,-13.95,9,True,False,False,incorrect_declare_done,0.022335340165429644,9,8,0,0,3,3,3,0,3
120,2146,access_vlan:SW1:eth2:10+access_vlan:SW2:eth2:10+trunk_remove:SW1:eth3:10+trunk_remove:SW2:eth3:10,1315,0.937585,-10.05,1,True,False,False,incorrect_declare_done,0.019180238246917725,1,0,0,0,0,0,0,0,4
121,2147,access_vlan:SW1:eth2:10+access_vlan:SW2:eth2:10+trunk_remove:SW1:eth3:10,1334,0.9366825,-21.300000000000004,19,True,False,False,incorrect_declare_done,0.019770775872625802,19,14,1,0,12,6,10,0,1
122,2148,access_vlan:SW1:eth1:20+access_vlan:SW1:eth2:10+access_vlan:SW2:eth1:20+trunk_remove:SW1:eth3:20,1338,0.9364925,-10.8,4,True,False,False,incorrect_declare_done,0.01913742837496102,4,2,1,0,0,0,0,0,2
123,2149,access_vlan:SW2:eth2:10+trunk_remove:SW1:eth3:20+trunk_remove:SW2:eth3:20,1339,0.936445,-10.05,1,True,False,False,incorrect_declare_done,0.02702265977859497,1,0,0,0,0,0,0,0,3
124,2150,access_vlan:SW2:eth2:10,1351,0.935875,-16.85,12,True,False,False,incorrect_declare_done,0.023732582728068035,12,10,0,0,7,4,7,0,3
125,2151,access_vlan:SW1:eth1:20+access_vlan:SW2:eth2:10,1377,0.93464,-18.650000000000002,26,True,False,False,incorrect_declare_done,0.021409543625150736,26,16,6,0,4,2,4,0,4
126,2152,access_vlan:SW1:eth1:20+access_vlan:SW2:eth1:20+trunk_remove:SW1:eth3:20,1380,0.9344975,-10.65,3,True,False,False,incorrect_declare_done,0.019510734205444653,3,2,0,0,0,0,0,0,4
127,2153,access_vlan:SW1:eth2:10+access_vlan:SW2:eth2:10+trunk_remove:SW1:eth3:10+trunk_remove:SW1:eth3:20+trunk_remove:SW2:eth3:10,1407,0.933215,-23.400000000000006,27,True,False,False,incorrect_declare_done,0.019306328906505195,27,22,3,0,12,6,9,0,3
128,2154,access_vlan:SW1:eth1:20+access_vlan:SW2:eth1:20+trunk_remove:SW1:eth3:10+trunk_remove:SW1:eth3:20+trunk_remove:SW2:eth3:10,1416,0.9327875,-13.45,9,True,False,False,incorrect_declare_done,0.020018989634182718,9,5,0,0,2,1,2,0,4
129,2155,access_vlan:SW1:eth2:10+trunk_remove:SW1:eth3:20+trunk_remove:SW2:eth3:10+trunk_remove:SW2:eth3:20,1446,0.9313625,-16.90000000000001,30,False,True,False,step_limit,0.01832743516812722,30,24,4,0,17,6,11,0,3
130,2156,access_vlan:SW1:eth1:20+access_vlan:SW1:eth2:10+access_vlan:SW2:eth1:20+trunk_remove:SW1:eth3:10+trunk_remove:SW2:eth3:10,1456,0.9308875,-14.600000000000001,10,True,False,False,incorrect_declare_done,0.018578593526035546,10,6,1,0,4,3,4,0,3
131,2157,access_vlan:SW2:eth1:20+trunk_remove:SW1:eth3:10+trunk_remove:SW1:eth3:20+trunk_remove:SW2:eth3:20,1466,0.9304125,-15.600000000000001,10,True,False,False,incorrect_declare_done,0.019712654314935206,10,8,1,0,6,6,4,0,4
132,2158,access_vlan:SW1:eth1:20+access_vlan:SW2:eth1:20+trunk_remove:SW2:eth3:10+trunk_remove:SW2:eth3:20,1479,0.929795,-15.850000000000001,13,True,False,False,incorrect_declare_done,0.0203012995995008,13,10,2,0,5,4,3,1,3
133,2159,access_vlan:SW1:eth2:10+access_vlan:SW2:eth2:10+trunk_remove:SW1:eth3:10,1481,0.9297,-10.350000000000001,2,True,False,False,incorrect_declare_done,0.018757170997560024,2,1,0,0,0,0,0,0,3
134,2160,access_vlan:SW2:eth2:10+trunk_remove:SW1:eth3:10+trunk_remove:SW2:eth3:10,1495,0.929035,-16.8,14,True,False,False,incorrect_declare_done,0.01809959126902478,14,12,1,0,6,3,6,0,3
135,2161,access_vlan:SW1:eth1:20+access_vlan:SW1:eth2:10+access_vlan:SW2:eth1:20+access_vlan:SW2:eth2:10+trunk_remove:SW1:eth3:20+trunk_remove:SW2:eth3:20,1499,0.928845,-12.450000000000001,4,True,False,False,incorrect_declare_done,0.018817023606970906,4,3,0,0,3,2,2,0,2
136,2162,access_vlan:SW2:eth1:20+trunk_remove:SW1:eth3:10+trunk_remove:SW1:eth3:20+trunk_remove:SW2:eth3:10,1502,0.9287025,-10.65,3,True,False,False,incorrect_declare_done,0.022596891969442368,3,2,0,0,0,0,0,0,2
137,2163,access_vlan:SW2:eth1:20+access_vlan:SW2:eth2:10+trunk_remove:SW1:eth3:10+trunk_remove:SW2:eth3:10,1515,0.928085,-15.850000000000001,13,True,False,False,incorrect_declare_done,0.02292557332951289,13,10,2,0,5,4,5,0,3
138,2164,access_vlan:SW1:eth1:20+access_vlan:SW1:eth2:10+access_vlan:SW2:eth1:20+access_vlan:SW2:eth2:10+trunk_remove:SW2:eth3:10,1520,0.9278475,-12.25,5,True,False,False,incorrect_declare_done,0.02089607436209917,5,3,0,0,2,2,1,0,1
139,2165,access_vlan:SW2:eth1:20+access_vlan:SW2:eth2:10+trunk_remove:SW1:eth3:10+trunk_remove:SW1:eth3:20+trunk_remove:SW2:eth3:10+trunk_remove:SW2:eth3:20,1528,0.9274675,-12.4,8,True,False,False,incorrect_declare_done,0.016866965917870402,8,2,5,0,2,2,2,0,4
140,2166,access_vlan:SW2:eth2:10+trunk_remove:SW1:eth3:10+trunk_remove:SW2:eth3:10+trunk_remove:SW2:eth3:20,1542,0.9268025,-16.95,14,True,False,False,incorrect_declare_done,0.016735481697001627,14,11,0,0,6,5,5,0,3
141,2167,access_vlan:SW1:eth2:10+access_vlan:SW2:eth2:10+trunk_remove:SW1:eth3:20+trunk_remove:SW2:eth3:10,1549,0.92647,-12.200000000000001,7,True,False,False,incorrect_declare_done,0.016554591911179677,7,5,1,0,1,1,1,0,3
142,2168,access_vlan:SW1:eth1:20+access_vlan:SW1:eth2:10+trunk_remove:SW1:eth3:10+trunk_remove:SW1:eth3:20+trunk_remove:SW2:eth3:10,1568,0.9255675,-18.85,19,True,False,False,incorrect_declare_done,0.017608927709883766,19,13,4,0,8,4,8,0,3
143,2169,access_vlan:SW1:eth2:10+access_vlan:SW2:eth2:10+trunk_remove:SW1:eth3:10+trunk_remove:SW2:eth3:10+trunk_remove:SW2:eth3:20,1572,0.9253775,-10.950000000000001,4,True,False,False,incorrect_declare_done,0.025251051411032677,4,3,0,0,0,0,0,0,2
144,2170,access_vlan:SW1:eth1:20+access_vlan:SW2:eth2:10,1576,0.9251875,-12.450000000000001,4,True,False,False,incorrect_declare_done,0.01788205374032259,4,3,0,0,3,3,3,0,3
145,2171,access_vlan:SW1:eth1:20+access_vlan:SW1:eth2:10+access_vlan:SW2:eth1:20+trunk_remove:SW1:eth3:10,1598,0.9241425,-17.8,22,True,False,False,incorrect_declare_done,0.0176450336267325,22,13,7,0,5,3,5,0,2
146,2172,access_vlan:SW1:eth1:20+access_vlan:SW1:eth2:10+access_vlan:SW2:eth2:10+trunk_remove:SW2:eth3:20,1599,0.924095,-10.05,1,True,False,False,incorrect_declare_done,0.01920541748404503,1,0,0,0,0,0,0,0,3
147,2173,access_vlan:SW1:eth2:10+trunk_remove:SW1:eth3:20+trunk_remove:SW2:eth3:10+trunk_remove:SW2:eth3:20,1611,0.923525,-16.85,12,True,False,False,incorrect_declare_done,0.016361451630170148,12,9,0,0,7,4,5,0,3
148,2174,access_vlan:SW2:eth2:10+trunk_remove:SW2:eth3:10,1630,0.9226225,-16.7,19,True,False,False,incorrect_declare_done,0.015087974845970931,19,10,5,0,4,3,3,0,3
149,2175,access_vlan:SW1:eth2:10+access_vlan:SW2:eth2:10+trunk_remove:SW1:eth3:20+trunk_remove:SW2:eth3:20,1633,0.92248,-10.350000000000001,3,True,False,False,incorrect_declare_done,0.016867462545633316,3,0,2,0,0,0,0,0,4
150,2176,access_vlan:SW1:eth1:20+access_vlan:SW1:eth2:10+access_vlan:SW2:eth1:20+access_vlan:SW2:eth2:10+trunk_remove:SW1:eth3:20+trunk_remove:SW2:eth3:10,1663,0.921055,-15.050000000000006,30,False,True,False,step_limit,0.016041574627161027,30,24,3,0,13,6,10,1,3
151,2177,access_vlan:SW1:eth1:20+access_vlan:SW1:eth2:10+access_vlan:SW2:eth2:10+trunk_remove:SW1:eth3:10+trunk_remove:SW2:eth3:10+trunk_remove:SW2:eth3:20,1678,0.9203425000000001,-15.45,15,True,False,False,incorrect_declare_done,0.01662797201424837,15,10,2,0,3,2,3,0,3
152,2178,access_vlan:SW1:eth1:20+access_vlan:SW1:eth2:10+access_vlan:SW2:eth2:10+trunk_remove:SW1:eth3:10+trunk_remove:SW1:eth3:20+trunk_remove:SW2:eth3:10+trunk_remove:SW2:eth3:20,1680,0.9202475,-10.350000000000001,2,True,False,False,incorrect_declare_done,0.016171378083527088,2,1,0,0,0,0,0,0,3
153,2179,access_vlan:SW1:eth1:20+access_vlan:SW1:eth2:10+access_vlan:SW2:eth1:20+access_vlan:SW2:eth2:10+trunk_remove:SW2:eth3:20,1691,0.919725,-17.05,11,True,False,False,incorrect_declare_done,0.015072920444336805,11,9,0,0,8,5,7,0,4
154,2180,access_vlan:SW2:eth2:10+trunk_remove:SW1:eth3:10+trunk_remove:SW2:eth3:10,1706,0.9190125,-15.65,15,True,False,False,incorrect_declare_done,0.014018768134216467,15,10,4,0,4,3,3,0,4
155,2181,access_vlan:SW1:eth2:10+trunk_remove:SW1:eth3:10+trunk_remove:SW1:eth3:20+trunk_remove:SW2:eth3:20,1717,0.91849,-16.4,11,True,False,False,incorrect_declare_done,0.014158534563400528,11,9,1,0,7,6,4,0,3
156,2182,access_vlan:SW1:eth1:20+trunk_remove:SW1:eth3:20+trunk_remove:SW2:eth3:20,1718,0.9184425,-10.05,1,True,False,False,incorrect_declare_done,0.011748472228646278,1,0,0,0,0,0,0,0,3
157,2183,access_vlan:SW1:eth2:10+access_vlan:SW2:eth1:20+trunk_remove:SW1:eth3:20+trunk_remove:SW2:eth3:10,1727,0.918015,-13.45,9,True,False,False,incorrect_declare_done,0.014610974635514948,9,8,0,0,2,2,2,0,4
158,2184,access_vlan:SW1:eth1:20+access_vlan:SW2:eth1:20+access_vlan:SW2:eth2:10+trunk_remove:SW1:eth3:10+trunk_remove:SW1:eth3:20+trunk_remove:SW2:eth3:20,1743,0.917255,-17.4,16,True,False,False,incorrect_declare_done,0.015028108435217291,16,13,1,0,6,4,6,0,2
159,2185,access_vlan:SW2:eth1:20+access_vlan:SW2:eth2:10+trunk_remove:SW1:eth3:20+trunk_remove:SW2:eth3:20,1748,0.9170175,-12.75,5,True,False,False,incorrect_declare_done,0.014283180236816406,5,4,0,0,3,3,3,0,3
160,2186,access_vlan:SW1:eth2:10+trunk_remove:SW2:eth3:10,1776,0.9156875,-19.6,28,True,False,False,incorrect_declare_done,0.013566132468570555,28,19,7,0,5,3,5,0,4
161,2187,access_vlan:SW1:eth2:10+access_vlan:SW2:eth1:20+trunk_remove:SW1:eth3:20+trunk_remove:SW2:eth3:10+trunk_remove:SW2:eth3:20,1779,0.915545,-11.15,3,True,False,False,incorrect_declare_done,0.011742264032363892,3,1,0,0,1,1,1,0,4
162,2188,access_vlan:SW2:eth2:10+trunk_remove:SW1:eth3:20+trunk_remove:SW2:eth3:20,1800,0.9145475,-20.650000000000006,21,True,False,False,incorrect_declare_done,0.013738661117496945,21,12,6,0,11,5,10,0,3
163,2189,access_vlan:SW2:eth2:10+trunk_remove:SW1:eth3:10+trunk_remove:SW2:eth3:10+trunk_remove:SW2:eth3:20,1808,0.9141675,-14.15,8,True,False,False,incorrect_declare_done,0.017513353028334677,8,7,0,0,4,4,3,0,3
164,2190,access_vlan:SW1:eth1:20+access_vlan:SW2:eth2:10+trunk_remove:SW1:eth3:10+trunk_remove:SW2:eth3:10,1809,0.91412,-10.05,1,True,False,False,incorrect_declare_done,0.018144754692912102,1,0,0,0,0,0,0,0,4
165,2191,access_vlan:SW2:eth2:10+trunk_remove:SW1:eth3:20,1813,0.91393,-11.8,4,True,False,False,incorrect_declare_done,0.015097191091626883,4,2,1,0,2,2,1,0,4
166,2192,access_vlan:SW1:eth2:10+access_vlan:SW2:eth1:20+trunk_remove:SW1:eth3:10,1831,0.913075,-17.1,18,True,False,False,incorrect_declare_done,0.0143662267881963,18,10,7,0,6,4,6,0,3
167,2193,access_vlan:SW1:eth2:10+access_vlan:SW2:eth1:20+access_vlan:SW2:eth2:10+trunk_remove:SW1:eth3:10+trunk_remove:SW1:eth3:20+trunk_remove:SW2:eth3:20,1853,0.91203,-17.95,22,True,False,False,incorrect_declare_done,0.01407297429713336,22,14,6,0,5,2,5,0,2
168,2194,access_vlan:SW1:eth2:10+access_vlan:SW2:eth1:20+trunk_remove:SW1:eth3:10+trunk_remove:SW1:eth3:20,1883,0.910605,-13.600000000000009,30,False,True,False,step_limit,0.014303776280333599,30,23,6,0,11,6,8,1,3
169,2195,access_vlan:SW1:eth1:20+access_vlan:SW2:eth1:20+trunk_remove:SW1:eth3:10,1901,0.9097500000000001,-17.7,18,True,False,False,incorrect_declare_done,0.012931900435230799,18,12,3,0,6,5,5,0,3
170,2196,access_vlan:SW1:eth2:10+trunk_remove:SW1:eth3:10+trunk_remove:SW1:eth3:20+trunk_remove:SW2:eth3:20,1905,0.90956,-10.65,4,True,False,False,incorrect_declare_done,0.013274646131321788,4,1,2,0,0,0,0,0,3
171,2197,trunk_remove:SW1:eth3:10,1926,0.9085625,-21.150000000000006,21,True,False,False,incorrect_declare_done,0.012159612961113453,21,12,6,0,12,5,8,0,4
172,2198,access_vlan:SW2:eth2:10+trunk_remove:SW1:eth3:10,1930,0.9083725,-11.8,4,True,False,False,incorrect_declare_done,0.012204174418002367,4,2,1,0,2,2,2,0,3
173,2199,access_vlan:SW1:eth1:20,1956,0.9071375,-25.95000000000001,26,True,False,False,incorrect_declare_done,0.012158132570150953,26,17,4,0,18,6,15,1,3
174,2200,access_vlan:SW1:eth2:10+trunk_remove:SW1:eth3:10+trunk_remove:SW1:eth3:20+trunk_remove:SW2:eth3:20,1958,0.9070425,-10.850000000000001,2,True,False,False,incorrect_declare_done,0.013043589424341917,2,1,0,0,1,1,1,0,4
175,2201,access_vlan:SW1:eth1:20+access_vlan:SW2:eth1:20+access_vlan:SW2:eth2:10+trunk_remove:SW1:eth3:10+trunk_remove:SW2:eth3:20,1963,0.906805,-11.600000000000001,5,True,False,False,incorrect_declare_done,0.013462100364267825,5,3,1,0,1,1,1,0,2
176,2202,access_vlan:SW1:eth1:20+access_vlan:SW1:eth2:10+access_vlan:SW2:eth2:10+trunk_remove:SW1:eth3:10+trunk_remove:SW2:eth3:20,1968,0.9065675,-12.25,5,True,False,False,incorrect_declare_done,0.011949834413826466,5,4,0,0,2,1,2,0,4
177,2203,access_vlan:SW2:eth1:20+trunk_remove:SW2:eth3:10,1972,0.9063775000000001,-11.950000000000001,4,True,False,False,incorrect_declare_done,0.013650812208652496,4,3,0,0,2,2,2,0,1
178,2204,access_vlan:SW1:eth1:20+access_vlan:SW2:eth2:10+trunk_remove:SW1:eth3:10+trunk_remove:SW1:eth3:20+trunk_remove:SW2:eth3:10,1978,0.9060925,-11.9,6,True,False,False,incorrect_declare_done,0.01292411470785737,6,3,1,0,1,1,1,0,3
179,2205,access_vlan:SW1:eth1:20+access_vlan:SW1:eth2:10+access_vlan:SW2:eth1:20+access_vlan:SW2:eth2:10+trunk_remove:SW1:eth3:10+trunk_remove:SW1:eth3:20+trunk_remove:SW2:eth3:10+trunk_remove:SW2:eth3:20,1986,0.9057125,-13.0,8,True,False,False,incorrect_declare_done,0.012083945679478347,8,6,1,0,2,2,2,0,3
180,2206,access_vlan:SW1:eth2:10+access_vlan:SW2:eth1:20+trunk_remove:SW2:eth3:10,2013,0.9044300000000001,-26.05000000000001,27,True,False,False,incorrect_declare_done,0.014246618340688723,27,23,2,0,17,6,13,0,3
181,2207,access_vlan:SW2:eth1:20+trunk_remove:SW1:eth3:10+trunk_remove:SW1:eth3:20,2018,0.9041925,-12.75,5,True,False,False,incorrect_declare_done,0.0167968126013875,5,4,0,0,3,3,2,0,4
182,2208,trunk_remove:SW1:eth3:20+trunk_remove:SW2:eth3:20,2039,0.903195,-21.450000000000003,21,True,False,False,incorrect_declare_done,0.013648123169938723,21,16,4,0,12,6,6,3,3
183,2209,access_vlan:SW1:eth1:20+access_vlan:SW2:eth2:10+trunk_remove:SW1:eth3:20+trunk_remove:SW2:eth3:10+trunk_remove:SW2:eth3:20,2044,0.9029575,-11.25,5,True,False,False,incorrect_declare_done,0.012970426119863987,5,4,0,0,0,0,0,0,2
184,2210,access_vlan:SW1:eth1:20+trunk_remove:SW2:eth3:10,2050,0.9026725,-13.05,6,True,False,False,incorrect_declare_done,0.01309742871671915,6,5,0,0,3,3,3,0,1
185,2211,access_vlan:SW1:eth2:10+access_vlan:SW2:eth1:20+access_vlan:SW2:eth2:10+trunk_remove:SW1:eth3:10+trunk_remove:SW2:eth3:10+trunk_remove:SW2:eth3:20,2052,0.9025775,-10.350000000000001,2,True,False,False,incorrect_declare_done,0.012027786113321781,2,1,0,0,0,0,0,0,3
186,2212,access_vlan:SW1:eth1:20+access_vlan:SW1:eth2:10+access_vlan:SW2:eth2:10+trunk_remove:SW1:eth3:10+trunk_remove:SW2:eth3:20,2067,0.901865,-15.95,15,True,False,False,incorrect_declare_done,0.012223418429493904,15,10,2,0,4,2,4,0,3
187,2213,access_vlan:SW2:eth2:10+trunk_remove:SW1:eth3:20+trunk_remove:SW2:eth3:20,2097,0.90044,-15.75000000000001,30,False,True,False,step_limit,0.011171344465886553,30,22,5,0,15,5,11,0,3
188,2214,access_vlan:SW1:eth2:10+trunk_remove:SW1:eth3:10+trunk_remove:SW1:eth3:20+trunk_remove:SW2:eth3:10+trunk_remove:SW2:eth3:20,2098,0.9003925,-10.05,1,True,False,False,incorrect_declare_done,0.009632701054215431,1,0,0,0,0,0,0,0,3
189,2215,access_vlan:SW1:eth2:10+access_vlan:SW2:eth1:20+access_vlan:SW2:eth2:10+trunk_remove:SW1:eth3:20+trunk_remove:SW2:eth3:10+trunk_remove:SW2:eth3:20,2102,0.9002025,-11.450000000000001,4,True,False,False,incorrect_declare_done,0.01329970802180469,4,3,0,0,1,1,1,0,4
190,2216,access_vlan:SW1:eth2:10+access_vlan:SW2:eth1:20+access_vlan:SW2:eth2:10+trunk_remove:SW1:eth3:20+trunk_remove:SW2:eth3:20,2132,0.8987775,-19.40000000000001,30,False,True,False,step_limit,0.01192986504174769,30,25,4,0,22,6,16,1,4
191,2217,access_vlan:SW1:eth1:20+access_vlan:SW2:eth1:20+trunk_remove:SW1:eth3:20+trunk_remove:SW2:eth3:20,2138,0.8984925,-12.05,6,True,False,False,incorrect_declare_done,0.011612403827408949,6,4,0,0,1,1,1,0,4
192,2218,access_vlan:SW1:eth1:20+access_vlan:SW2:eth1:20+trunk_remove:SW2:eth3:10,2139,0.898445,-10.05,1,True,False,False,incorrect_declare_done,0.008164756931364536,1,0,0,0,0,0,0,0,4
193,2219,access_vlan:SW1:eth2:10,2149,0.89797,-16.25,10,True,False,False,incorrect_declare_done,0.010996420308947564,10,9,0,0,7,5,4,0,4
194,2220,access_vlan:SW1:eth1:20+access_vlan:SW1:eth2:10+access_vlan:SW2:eth2:10+trunk_remove:SW2:eth3:10,2155,0.897685,-12.75,6,True,False,False,incorrect_declare_done,0.012095168388138214,6,2,2,0,3,3,3,0,4
195,2221,access_vlan:SW1:eth2:10+access_vlan:SW2:eth2:10+trunk_remove:SW1:eth3:20+trunk_remove:SW2:eth3:10+trunk_remove:SW2:eth3:20,2159,0.897495,-10.65,4,True,False,False,incorrect_declare_done,0.012483388651162386,4,1,2,0,0,0,0,0,3
196,2222,access_vlan:SW1:eth1:20+access_vlan:SW2:eth1:20+access_vlan:SW2:eth2:10+trunk_remove:SW1:eth3:20+trunk_remove:SW2:eth3:10,2173,0.89683,-16.15,14,True,False,False,incorrect_declare_done,0.0120529981130468,14,10,2,0,5,3,4,0,3
197,2223,access_vlan:SW1:eth1:20+access_vlan:SW2:eth1:20+access_vlan:SW2:eth2:10+trunk_remove:SW1:eth3:10+trunk_remove:SW2:eth3:10,2203,0.895405,-14.950000000000008,30,False,True,False,step_limit,0.014005023892968893,30,21,7,0,14,6,11,0,4
198,2224,access_vlan:SW2:eth1:20+access_vlan:SW2:eth2:10+trunk_remove:SW1:eth3:10+trunk_remove:SW1:eth3:20+trunk_remove:SW2:eth3:10+trunk_remove:SW2:eth3:20,2223,0.894455,-19.3,20,True,False,False,incorrect_declare_done,0.012570686219260097,20,16,3,0,8,2,8,0,4
199,2225,access_vlan:SW2:eth1:20+trunk_remove:SW1:eth3:10+trunk_remove:SW1:eth3:20+trunk_remove:SW2:eth3:20,2242,0.8935525,-17.0,19,True,False,False,incorrect_declare_done,0.013807952502056173,19,14,3,0,4,2,4,0,2
200,2226,access_vlan:SW1:eth1:20+access_vlan:SW1:eth2:10+access_vlan:SW2:eth1:20+access_vlan:SW2:eth2:10+trunk_remove:SW1:eth3:20+trunk_remove:SW2:eth3:10,2271,0.8921749999999999,-23.35000000000001,29,True,False,False,incorrect_declare_done,0.01255989444024604,29,22,4,0,11,5,9,0,3
201,2227,access_vlan:SW1:eth1:20+access_vlan:SW1:eth2:10+trunk_remove:SW1:eth3:10+trunk_remove:SW1:eth3:20+trunk_remove:SW2:eth3:10+trunk_remove:SW2:eth3:20,2279,0.891795,-14.0,8,True,False,False,incorrect_declare_done,0.011008580098859966,8,6,1,0,4,4,4,0,3
202,2228,access_vlan:SW1:eth1:20+access_vlan:SW1:eth2:10+trunk_remove:SW1:eth3:10,2305,0.89056,-21.450000000000006,26,True,False,False,incorrect_declare_done,0.012504620047715994,26,18,4,0,9,6,9,0,4
203,2229,access_vlan:SW1:eth1:20+access_vlan:SW1:eth2:10+access_vlan:SW2:eth2:10+trunk_remove:SW1:eth3:10+trunk_remove:SW2:eth3:20,2307,0.8904650000000001,-10.350000000000001,2,True,False,False,incorrect_declare_done,0.009532703086733818,2,1,0,0,0,0,0,0,2
204,2230,access_vlan:SW1:eth2:10+trunk_remove:SW1:eth3:20+trunk_remove:SW2:eth3:10,2333,0.88923,-22.100000000000005,26,True,False,False,incorrect_declare_done,0.011155242530199198,26,19,3,0,10,6,9,0,2
205,2231,access_vlan:SW2:eth1:20+access_vlan:SW2:eth2:10+trunk_remove:SW1:eth3:20+trunk_remove:SW2:eth3:10,2352,0.8883275,-17.0,19,True,False,False,incorrect_declare_done,0.011460654756152317,19,15,3,0,4,2,4,0,2
206,2232,access_vlan:SW1:eth1:20+access_vlan:SW2:eth1:20+access_vlan:SW2:eth2:10+trunk_remove:SW1:eth3:20+trunk_remove:SW2:eth3:20,2375,0.887235,-19.7,23,True,False,False,incorrect_declare_done,0.014067555696743986,23,19,3,0,7,5,4,1,4
207,2233,access_vlan:SW1:eth1:20+access_vlan:SW1:eth2:10+access_vlan:SW2:eth2:10,2378,0.8870925000000001,-11.65,3,True,False,False,incorrect_declare_done,0.013054541622598967,3,2,0,0,2,2,1,0,4
208,2234,access_vlan:SW1:eth1:20+access_vlan:SW2:eth1:20+trunk_remove:SW1:eth3:10+trunk_remove:SW1:eth3:20+trunk_remove:SW2:eth3:20,2379,0.887045,-10.05,1,True,False,False,incorrect_declare_done,0.013123496435582638,1,0,0,0,0,0,0,0,4
209,2235,access_vlan:SW1:eth1:20+access_vlan:SW1:eth2:10+access_vlan:SW2:eth1:20+access_vlan:SW2:eth2:10+trunk_remove:SW1:eth3:20+trunk_remove:SW2:eth3:20,2391,0.886475,-16.400000000000002,12,True,False,False,incorrect_declare_done,0.011836143055309853,12,7,3,0,7,5,4,0,3
210,2236,access_vlan:SW1:eth1:20+access_vlan:SW1:eth2:10+access_vlan:SW2:eth1:20+access_vlan:SW2:eth2:10+trunk_remove:SW1:eth3:10,2398,0.8861425,-14.200000000000001,7,True,False,False,incorrect_declare_done,0.010572309073592936,7,4,1,0,5,5,3,0,3
211,2237,access_vlan:SW1:eth1:20+access_vlan:SW1:eth2:10+access_vlan:SW2:eth1:20+trunk_remove:SW1:eth3:10,2400,0.8860475,-10.850000000000001,2,True,False,False,incorrect_declare_done,0.010112931951880455,2,1,0,0,1,1,1,0,3
212,2238,access_vlan:SW2:eth1:20+trunk_remove:SW2:eth3:10,2417,0.88524,-18.9,17,True,False,False,incorrect_declare_done,0.011557766565066926,17,11,3,0,9,6,8,0,3
213,2239,access_vlan:SW1:eth2:10+access_vlan:SW2:eth1:20+trunk_remove:SW1:eth3:10+trunk_remove:SW2:eth3:10,2447,0.883815,-13.400000000000006,30,False,True,False,step_limit,0.010753755209346611,30,23,4,0,10,5,10,0,3
214,2240,access_vlan:SW1:eth2:10+trunk_remove:SW1:eth3:10+trunk_remove:SW1:eth3:20+trunk_remove:SW2:eth3:10+trunk_remove:SW2:eth3:20,2454,0.8834825,-12.700000000000001,7,True,False,False,incorrect_declare_done,0.010358860450131553,7,4,1,0,2,1,2,0,3
215,2241,access_vlan:SW1:eth1:20+access_vlan:SW2:eth2:10+trunk_remove:SW1:eth3:10,2461,0.88315,-12.05,7,True,False,False,incorrect_declare_done,0.011019435910774129,7,4,2,0,1,1,1,0,3
216,2242,access_vlan:SW1:eth1:20+access_vlan:SW1:eth2:10+trunk_remove:SW1:eth3:10,2479,0.882295,-19.05,18,True,False,False,incorrect_declare_done,0.01192529085609648,18,13,4,0,9,5,8,0,3
217,2243,access_vlan:SW1:eth1:20+access_vlan:SW1:eth2:10+access_vlan:SW2:eth2:10+trunk_remove:SW1:eth3:10+trunk_remove:SW1:eth3:20+trunk_remove:SW2:eth3:10+trunk_remove:SW2:eth3:20,2481,0.8822,-10.200000000000001,2,True,False,False,incorrect_declare_done,0.008778544841334224,2,0,1,0,0,0,0,0,3
218,2244,access_vlan:SW1:eth1:20+access_vlan:SW1:eth2:10+access_vlan:SW2:eth2:10+trunk_remove:SW1:eth3:10+trunk_remove:SW1:eth3:20+trunk_remove:SW2:eth3:10+trunk_remove:SW2:eth3:20,2490,0.8817725,-12.8,9,True,False,False,incorrect_declare_done,0.011662035611354642,9,7,1,0,1,1,1,0,3
219,2245,access_vlan:SW1:eth1:20+access_vlan:SW2:eth1:20+access_vlan:SW2:eth2:10+trunk_remove:SW1:eth3:20+trunk_remove:SW2:eth3:20,2504,0.8811075,-17.15,14,True,False,False,incorrect_declare_done,0.011918933430154408,14,9,2,0,7,5,5,0,4
220,2246,access_vlan:SW1:eth1:20+access_vlan:SW1:eth2:10+access_vlan:SW2:eth2:10+trunk_remove:SW1:eth3:10,2515,0.880585,-13.75,11,True,False,False,incorrect_declare_done,0.013435655781491236,11,6,2,0,2,1,2,0,3
221,2247,access_vlan:SW1:eth1:20+access_vlan:SW1:eth2:10+access_vlan:SW2:eth1:20+access_vlan:SW2:eth2:10+trunk_remove:SW1:eth3:10,2518,0.8804425,-12.65,3,True,False,False,incorrect_declare_done,0.011834160424768925,3,2,0,0,4,4,2,0,4
222,2248,access_vlan:SW1:eth2:10+access_vlan:SW2:eth1:20+trunk_remove:SW1:eth3:10+trunk_remove:SW1:eth3:20,2520,0.8803475000000001,-10.200000000000001,2,True,False,False,incorrect_declare_done,0.010607884265482426,2,0,1,0,0,0,0,0,4
223,2249,access_vlan:SW1:eth1:20+trunk_remove:SW1:eth3:10+trunk_remove:SW1:eth3:20+trunk_remove:SW2:eth3:20,2522,0.8802525,-10.350000000000001,2,True,False,False,incorrect_declare_done,0.009169838391244411,2,1,0,0,0,0,0,0,3
224,2250,access_vlan:SW1:eth1:20+access_vlan:SW2:eth1:20+trunk_remove:SW1:eth3:20,2536,0.8795875,-18.85,14,True,False,False,incorrect_declare_done,0.013008762782971774,14,8,4,0,11,5,7,1,4
225,2251,access_vlan:SW1:eth1:20+access_vlan:SW1:eth2:10+access_vlan:SW2:eth1:20+trunk_remove:SW1:eth3:10+trunk_remove:SW2:eth3:10,2564,0.8782575,-22.85000000000001,28,True,False,False,incorrect_declare_done,0.011670129606500268,28,23,2,0,10,6,9,0,1
226,2252,access_vlan:SW1:eth2:10+access_vlan:SW2:eth1:20+trunk_remove:SW2:eth3:10,2577,0.87764,-16.5,13,True,False,False,incorrect_declare_done,0.010156952059612824,13,8,1,0,6,3,6,0,3
227,2253,access_vlan:SW1:eth1:20+access_vlan:SW2:eth2:10+trunk_remove:SW1:eth3:20+trunk_remove:SW2:eth3:10,2584,0.8773075,-11.700000000000001,7,True,False,False,incorrect_declare_done,0.0113796131419284,7,5,1,0,0,0,0,0,3
228,2254,trunk_remove:SW1:eth3:10,2592,0.8769275,-13.85,8,True,False,False,incorrect_declare_done,0.01157855219207704,8,4,2,0,4,4,3,0,2
229,2255,trunk_remove:SW1:eth3:10+trunk_remove:SW2:eth3:10,2622,0.8755025,-21.00000000000001,30,False,True,False,step_limit,0.011645121344675621,30,29,0,0,24,6,17,0,4
230,2256,access_vlan:SW1:eth1:20+trunk_remove:SW1:eth3:10+trunk_remove:SW1:eth3:20+trunk_remove:SW2:eth3:20,2626,0.8753125,-11.3,4,True,False,False,incorrect_declare_done,0.009682849980890751,4,2,1,0,1,1,1,0,3
231,2257,access_vlan:SW2:eth1:20+access_vlan:SW2:eth2:10,2627,0.875265,-10.05,1,True,False,False,incorrect_declare_done,0.012632906436920166,1,0,0,0,0,0,0,0,4
232,2258,access_vlan:SW1:eth2:10+access_vlan:SW2:eth1:20,2643,0.874505,-19.1,16,True,False,False,incorrect_declare_done,0.013077527895802632,16,12,3,0,10,6,8,0,3
233,2259,access_vlan:SW1:eth1:20+access_vlan:SW2:eth1:20+access_vlan:SW2:eth2:10+trunk_remove:SW2:eth3:20,2653,0.87403,-14.950000000000001,10,True,False,False,incorrect_declare_done,0.013630991242825985,10,7,2,0,5,4,4,0,4
234,2260,access_vlan:SW1:eth2:10+access_vlan:SW2:eth1:20+trunk_remove:SW1:eth3:10+trunk_remove:SW2:eth3:10+trunk_remove:SW2:eth3:20,2669,0.87327,-18.450000000000003,16,True,False,False,incorrect_declare_done,0.012791050656232983,16,10,4,0,9,6,8,0,4
235,2261,access_vlan:SW1:eth1:20+access_vlan:SW2:eth1:20+trunk_remove:SW1:eth3:20+trunk_remove:SW2:eth3:10,2670,0.8732225,-10.05,1,True,False,False,incorrect_declare_done,0.014179202727973461,1,0,0,0,0,0,0,0,4
236,2262,access_vlan:SW1:eth1:20+access_vlan:SW1:eth2:10+access_vlan:SW2:eth1:20+access_vlan:SW2:eth2:10+trunk_remove:SW1:eth3:10+trunk_remove:SW1:eth3:20+trunk_remove:SW2:eth3:10,2700,0.8717975,-12.450000000000008,30,False,True,False,step_limit,0.010730023154368003,30,21,7,0,9,4,9,0,4
237,2263,access_vlan:SW1:eth1:20+access_vlan:SW1:eth2:10,2726,0.8705625,-23.45000000000001,26,True,False,False,incorrect_declare_done,0.01075871424892774,26,20,4,0,13,5,12,1,3
238,2264,access_vlan:SW1:eth1:20+access_vlan:SW1:eth2:10,2745,0.86966,-23.350000000000005,19,True,False,False,incorrect_declare_done,0.01009440512739514,19,10,4,0,17,6,11,0,4
239,2265,access_vlan:SW1:eth1:20+access_vlan:SW1:eth2:10+access_vlan:SW2:eth1:20+access_vlan:SW2:eth2:10+trunk_remove:SW2:eth3:10,2746,0.8696125,-10.05,1,True,False,False,incorrect_declare_done,0.011949803680181503,1,0,0,0,0,0,0,0,1
240,2266,access_vlan:SW2:eth1:20+access_vlan:SW2:eth2:10+trunk_remove:SW1:eth3:20+trunk_remove:SW2:eth3:10,2764,0.8687575000000001,-16.05,18,True,False,False,incorrect_declare_done,0.010118434930013286,18,12,4,0,3,1,3,0,3
241,2267,access_vlan:SW1:eth1:20+access_vlan:SW1:eth2:10+trunk_remove:SW1:eth3:20+trunk_remove:SW2:eth3:20,2786,0.8677125,-19.200000000000003,22,True,False,False,incorrect_declare_done,0.01066857631402937,22,19,1,0,6,3,6,0,3
242,2268,access_vlan:SW2:eth1:20+access_vlan:SW2:eth2:10+trunk_remove:SW1:eth3:20+trunk_remove:SW2:eth3:10+trunk_remove:SW2:eth3:20,2815,0.8663350000000001,-23.35000000000001,29,True,False,False,incorrect_declare_done,0.010672066665800482,29,22,4,0,11,5,10,0,3
243,2269,access_vlan:SW1:eth1:20+access_vlan:SW1:eth2:10+access_vlan:SW2:eth1:20+trunk_remove:SW2:eth3:20,2823,0.865955,-13.5,8,True,False,False,incorrect_declare_done,0.009561140381265432,8,4,1,0,3,3,3,0,3
244,2270,access_vlan:SW1:eth2:10+trunk_remove:SW1:eth3:10+trunk_remove:SW1:eth3:20+trunk_remove:SW2:eth3:20,2833,0.86548,-15.450000000000001,10,True,False,False,incorrect_declare_done,0.009754877164959907,10,6,2,0,6,6,5,0,3
245,2271,access_vlan:SW1:eth1:20+access_vlan:SW1:eth2:10+trunk_remove:SW1:eth3:20+trunk_remove:SW2:eth3:20,2857,0.86434,-22.250000000000007,24,True,False,False,incorrect_declare_done,0.009641832419826338,24,14,8,0,13,6,11,0,3
246,2272,trunk_remove:SW2:eth3:10+trunk_remove:SW2:eth3:20,2875,0.8634850000000001,-18.700000000000003,18,True,False,False,incorrect_declare_done,0.009109676505128542,18,14,3,0,8,6,7,0,3
247,2273,access_vlan:SW2:eth2:10+trunk_remove:SW1:eth3:10+trunk_remove:SW2:eth3:10+trunk_remove:SW2:eth3:20,2898,0.8623925,-20.700000000000003,23,True,False,False,incorrect_declare_done,0.009224370061217443,23,17,3,0,9,4,9,0,3
248,2274,access_vlan:SW2:eth1:20+access_vlan:SW2:eth2:10+trunk_remove:SW1:eth3:10+trunk_remove:SW2:eth3:10,2924,0.8611575,-22.10000000000001,26,True,False,False,incorrect_declare_done,0.00892838047674069,26,22,3,0,10,4,10,0,4
249,2275,access_vlan:SW1:eth1:20+access_vlan:SW2:eth1:20+access_vlan:SW2:eth2:10+trunk_remove:SW1:eth3:10+trunk_remove:SW1:eth3:20,2927,0.861015,-11.15,3,True,False,False,incorrect_declare_done,0.00892332320412,3,2,0,0,1,1,1,0,3
250,2276,access_vlan:SW1:eth1:20+access_vlan:SW2:eth2:10+trunk_remove:SW1:eth3:20+trunk_remove:SW2:eth3:10+trunk_remove:SW2:eth3:20,2936,0.8605875000000001,-13.45,9,True,False,False,incorrect_declare_done,0.007607108654661311,9,7,0,0,2,1,2,0,2
251,2277,access_vlan:SW1:eth1:20+trunk_remove:SW1:eth3:10+trunk_remove:SW1:eth3:20,2946,0.8601125000000001,-14.100000000000001,10,True,False,False,incorrect_declare_done,0.009928544331341983,10,7,1,0,3,2,3,0,3
252,2278,access_vlan:SW1:eth1:20+access_vlan:SW2:eth1:20+trunk_remove:SW2:eth3:10,2957,0.8595900000000001,-14.45,11,True,False,False,incorrect_declare_done,0.010061761999333447,11,6,4,0,4,4,3,0,4
253,2279,access_vlan:SW1:eth1:20+access_vlan:SW2:eth1:20+access_vlan:SW2:eth2:10+trunk_remove:SW2:eth3:10+trunk_remove:SW2:eth3:20,2973,0.85883,-16.1,16,True,False,False,incorrect_declare_done,0.009978482557926327,16,9,3,0,4,4,4,0,4
254,2280,access_vlan:SW1:eth1:20+access_vlan:SW1:eth2:10+access_vlan:SW2:eth1:20+trunk_remove:SW1:eth3:10+trunk_remove:SW2:eth3:10,2975,0.858735,-10.350000000000001,2,True,False,False,incorrect_declare_done,0.009562158957123756,2,1,0,0,0,0,0,0,3
255,2281,access_vlan:SW1:eth2:10+access_vlan:SW2:eth2:10+trunk_remove:SW1:eth3:20,2982,0.8584025,-13.200000000000001,7,True,False,False,incorrect_declare_done,0.011757033877074718,7,5,1,0,3,3,2,0,2
256,2282,access_vlan:SW1:eth2:10+access_vlan:SW2:eth2:10+trunk_remove:SW1:eth3:20+trunk_remove:SW2:eth3:10,2985,0.85826,-10.5,3,True,False,False,incorrect_declare_done,0.008905102654049793,3,1,1,0,0,0,0,0,3
257,2283,access_vlan:SW1:eth1:20+trunk_remove:SW1:eth3:10+trunk_remove:SW1:eth3:20+trunk_remove:SW2:eth3:10+trunk_remove:SW2:eth3:20,2997,0.8576900000000001,-15.2,12,True,False,False,incorrect_declare_done,0.009866042722327014,12,10,1,0,4,2,4,0,3
258,2284,access_vlan:SW1:eth1:20+access_vlan:SW2:eth1:20+access_vlan:SW2:eth2:10+trunk_remove:SW1:eth3:20,3022,0.8565025,-21.150000000000006,25,True,False,False,incorrect_declare_done,0.012212182767689228,25,17,4,0,9,5,6,0,3
259,2285,access_vlan:SW1:eth2:10+trunk_remove:SW1:eth3:20+trunk_remove:SW2:eth3:10+trunk_remove:SW2:eth3:20,3030,0.8561225,-12.5,8,True,False,False,incorrect_declare_done,0.011071315733715892,8,4,1,0,1,1,1,0,4
260,2286,access_vlan:SW1:eth1:20+access_vlan:SW2:eth1:20+trunk_remove:SW1:eth3:10+trunk_remove:SW1:eth3:20+trunk_remove:SW2:eth3:20,3038,0.8557425,-12.200000000000001,8,True,False,False,incorrect_declare_done,0.011500259395688772,8,4,3,0,1,1,1,0,4
261,2287,access_vlan:SW1:eth2:10+trunk_remove:SW2:eth3:10+trunk_remove:SW2:eth3:20,3039,0.855695,-10.05,1,True,False,False,incorrect_declare_done,0.009794778190553188,1,0,0,0,0,0,0,0,3
262,2288,access_vlan:SW2:eth1:20+access_vlan:SW2:eth2:10+trunk_remove:SW1:eth3:10+trunk_remove:SW2:eth3:10+trunk_remove:SW2:eth3:20,3050,0.8551725,-15.4,11,True,False,False,incorrect_declare_done,0.009545794688165188,11,9,1,0,5,4,5,0,4
263,2289,access_vlan:SW1:eth1:20+access_vlan:SW1:eth2:10+access_vlan:SW2:eth2:10+trunk_remove:SW1:eth3:10+trunk_remove:SW1:eth3:20+trunk_remove:SW2:eth3:10,3054,0.8549825,-11.3,4,True,False,False,incorrect_declare_done,0.008673318778164685,4,1,1,0,1,1,1,0,3
264,2290,access_vlan:SW1:eth2:10+trunk_remove:SW2:eth3:20,3056,0.8548875,-10.200000000000001,2,True,False,False,incorrect_declare_done,0.005997224478051066,2,0,1,0,0,0,0,0,3
265,2291,access_vlan:SW1:eth1:20+access_vlan:SW1:eth2:10+access_vlan:SW2:eth2:10+trunk_remove:SW1:eth3:20+trunk_remove:SW2:eth3:10,3065,0.85446,-12.15,9,True,False,False,incorrect_declare_done,0.00899301738374763,9,5,2,0,0,0,0,0,2
266,2292,access_vlan:SW1:eth2:10+access_vlan:SW2:eth1:20+access_vlan:SW2:eth2:10+trunk_remove:SW1:eth3:10,3081,0.8537,-17.3,16,True,False,False,incorrect_declare_done,0.008089394017588347,16,10,5,0,7,6,5,0,3
267,2293,access_vlan:SW1:eth1:20+access_vlan:SW2:eth2:10,3111,0.852275,-12.950000000000006,30,False,True,False,step_limit,0.008039388448620836,30,22,7,0,10,6,9,0,3
268,2294,access_vlan:SW1:eth2:10+access_vlan:SW2:eth1:20+trunk_remove:SW2:eth3:10,3128,0.8514675,-17.1,17,True,False,False,incorrect_declare_done,0.007970772135783644,17,7,5,0,6,5,4,0,3
269,2295,access_vlan:SW1:eth2:10+access_vlan:SW2:eth1:20+trunk_remove:SW1:eth3:10+trunk_remove:SW2:eth3:10+trunk_remove:SW2:eth3:20,3130,0.8513725,-10.350000000000001,2,True,False,False,incorrect_declare_done,0.006825654534623027,2,1,0,0,0,0,0,0,3
270,2296,access_vlan:SW1:eth1:20+trunk_remove:SW1:eth3:10+trunk_remove:SW2:eth3:10,3138,0.8509925,-13.5,8,True,False,False,incorrect_declare_done,0.007909678039141,8,6,1,0,3,3,3,0,4
271,2297,access_vlan:SW1:eth1:20+trunk_remove:SW2:eth3:10,3148,0.8505175,-14.100000000000001,10,True,False,False,incorrect_declare_done,0.008793036919087172,10,8,1,0,3,3,3,0,3
272,2298,access_vlan:SW1:eth2:10+access_vlan:SW2:eth1:20+trunk_remove:SW1:eth3:10+trunk_remove:SW2:eth3:10+trunk_remove:SW2:eth3:20,3155,0.850185,-12.05,7,True,False,False,incorrect_declare_done,0.009155595741633858,7,4,2,0,1,1,1,0,3
273,2299,access_vlan:SW1:eth1:20+access_vlan:SW1:eth2:10+access_vlan:SW2:eth2:10+trunk_remove:SW1:eth3:10+trunk_remove:SW2:eth3:20,3165,0.84971,-13.600000000000001,10,True,False,False,incorrect_declare_done,0.008688359335064889,10,8,1,0,2,1,2,0,3
274,2300,access_vlan:SW1:eth1:20+trunk_remove:SW2:eth3:20,3195,0.848285,-9.15,30,False,True,False,step_limit,0.009546908549964428,30,19,9,0,3,3,3,1,1
275,2301,access_vlan:SW1:eth2:10+trunk_remove:SW1:eth3:10+trunk_remove:SW1:eth3:20+trunk_remove:SW2:eth3:20,3208,0.8476675,-14.7,13,True,False,False,incorrect_declare_done,0.009095207143288393,13,8,3,0,3,3,3,0,2
276,2302,access_vlan:SW1:eth2:10+access_vlan:SW2:eth1:20+access_vlan:SW2:eth2:10+trunk_remove:SW1:eth3:20+trunk_remove:SW2:eth3:10+trunk_remove:SW2:eth3:20,3217,0.84724,-13.8,9,True,False,False,incorrect_declare_done,0.008195857000019815,9,7,1,0,3,2,3,0,3
277,2303,access_vlan:SW1:eth2:10+access_vlan:SW2:eth1:20+trunk_remove:SW1:eth3:10+trunk_remove:SW1:eth3:20+trunk_remove:SW2:eth3:10,3236,0.8463375,-18.700000000000003,19,True,False,False,incorrect_declare_done,0.008255918118122377,19,11,5,0,8,6,7,0,3
278,2304,access_vlan:SW1:eth2:10+access_vlan:SW2:eth1:20+access_vlan:SW2:eth2:10,3248,0.8457675,5.949999999999999,12,True,False,True,recovery_success,0.006615384171406428,12,8,2,0,2,2,2,0,0
279,2305,access_vlan:SW2:eth1:20+access_vlan:SW2:eth2:10+trunk_remove:SW2:eth3:10+trunk_remove:SW2:eth3:20,3264,0.8450075,-16.1,16,True,False,False,incorrect_declare_done,0.007160613720770925,16,10,3,0,4,2,4,0,2
280,2306,access_vlan:SW1:eth1:20+access_vlan:SW1:eth2:10+access_vlan:SW2:eth2:10+trunk_remove:SW1:eth3:10+trunk_remove:SW1:eth3:20+trunk_remove:SW2:eth3:20,3272,0.8446275,-13.15,8,True,False,False,incorrect_declare_done,0.007623502053320408,8,6,0,0,2,2,2,0,3
281,2307,access_vlan:SW2:eth1:20+access_vlan:SW2:eth2:10+trunk_remove:SW1:eth3:10+trunk_remove:SW2:eth3:10+trunk_remove:SW2:eth3:20,3302,0.8432025,-14.100000000000009,30,False,True,False,step_limit,0.02984119680089255,30,22,6,0,12,5,11,0,4
282,2308,trunk_remove:SW2:eth3:20,3312,0.8427275000000001,-14.100000000000001,10,True,False,False,incorrect_declare_done,0.03845162428915501,10,8,1,0,3,3,3,0,4
283,2309,access_vlan:SW1:eth1:20+access_vlan:SW1:eth2:10+access_vlan:SW2:eth2:10,3320,0.8423475,-13.55,8,True,False,False,incorrect_declare_done,0.04682840534951538,8,3,4,0,4,4,2,1,3
284,2310,access_vlan:SW1:eth2:10+access_vlan:SW2:eth1:20+trunk_remove:SW1:eth3:10+trunk_remove:SW2:eth3:10+trunk_remove:SW2:eth3:20,3327,0.842015,-12.700000000000001,7,True,False,False,incorrect_declare_done,0.009308520305369581,7,5,1,0,2,2,2,0,3
285,2311,access_vlan:SW1:eth1:20+access_vlan:SW1:eth2:10+access_vlan:SW2:eth1:20+trunk_remove:SW1:eth3:20+trunk_remove:SW2:eth3:20,3333,0.84173,-13.400000000000002,6,True,False,False,incorrect_declare_done,0.007715755452712377,6,4,1,0,4,4,3,0,4
286,2312,access_vlan:SW1:eth2:10+trunk_remove:SW1:eth3:10+trunk_remove:SW2:eth3:10,3340,0.8413975,-13.850000000000001,7,True,False,False,incorrect_declare_done,0.007208771072328091,7,6,0,0,4,3,4,0,4
287,2313,access_vlan:SW1:eth1:20+access_vlan:SW2:eth1:20+access_vlan:SW2:eth2:10+trunk_remove:SW1:eth3:10+trunk_remove:SW1:eth3:20+trunk_remove:SW2:eth3:10+trunk_remove:SW2:eth3:20,3355,0.840685,-15.5,15,True,False,False,incorrect_declare_done,0.008080009433130423,15,8,5,0,4,3,4,0,4
288,2314,access_vlan:SW1:eth1:20+access_vlan:SW1:eth2:10+access_vlan:SW2:eth1:20+trunk_remove:SW1:eth3:10+trunk_remove:SW1:eth3:20,3356,0.8406375,-10.05,1,True,False,False,incorrect_declare_done,0.00863081868737936,1,0,0,0,0,0,0,0,3
289,2315,access_vlan:SW1:eth1:20+access_vlan:SW1:eth2:10+trunk_remove:SW1:eth3:20,3363,0.840305,-13.200000000000001,7,True,False,False,incorrect_declare_done,0.006319662589313728,7,4,1,0,3,2,3,0,3
290,2316,access_vlan:SW1:eth1:20+access_vlan:SW2:eth2:10+trunk_remove:SW1:eth3:20,3381,0.83945,-16.85,18,True,False,False,incorrect_declare_done,0.006820528690392773,18,13,2,0,4,3,4,0,3
291,2317,access_vlan:SW1:eth2:10+access_vlan:SW2:eth2:10+trunk_remove:SW1:eth3:10+trunk_remove:SW2:eth3:10+trunk_remove:SW2:eth3:20,3385,0.83926,-11.3,4,True,False,False,incorrect_declare_done,0.006979493307881057,4,2,1,0,1,1,1,0,4
292,2318,access_vlan:SW1:eth1:20+trunk_remove:SW2:eth3:10+trunk_remove:SW2:eth3:20,3392,0.8389275,-13.2,7,True,False,False,incorrect_declare_done,0.008002050220966339,7,5,1,0,3,2,3,0,4
293,2319,access_vlan:SW1:eth1:20+trunk_remove:SW1:eth3:10+trunk_remove:SW1:eth3:20+trunk_remove:SW2:eth3:20,3400,0.8385475,-12.5,8,True,False,False,incorrect_declare_done,0.045022066740784794,8,5,1,0,1,1,1,0,3
294,2320,access_vlan:SW2:eth2:10+trunk_remove:SW2:eth3:10+trunk_remove:SW2:eth3:20,3406,0.8382625,-12.75,6,True,False,False,incorrect_declare_done,0.00790023555358251,6,3,2,0,3,3,3,0,4
295,2321,access_vlan:SW1:eth2:10+access_vlan:SW2:eth1:20+trunk_remove:SW1:eth3:20+trunk_remove:SW2:eth3:10,3410,0.8380725,-10.950000000000001,4,True,False,False,incorrect_declare_done,0.009850154165178537,4,3,0,0,0,0,0,0,2
296,2322,access_vlan:SW1:eth1:20+access_vlan:SW1:eth2:10+access_vlan:SW2:eth1:20+trunk_remove:SW2:eth3:10+trunk_remove:SW2:eth3:20,3433,0.8369800000000001,-18.049999999999997,23,True,False,False,incorrect_declare_done,0.007908763971341692,23,17,4,0,4,2,4,0,3
297,2323,access_vlan:SW1:eth2:10+access_vlan:SW2:eth1:20+trunk_remove:SW1:eth3:10+trunk_remove:SW2:eth3:10,3442,0.8365525,-14.5,9,True,False,False,incorrect_declare_done,0.008133226126018498,9,5,3,0,5,5,4,0,3
298,2324,access_vlan:SW2:eth1:20+trunk_remove:SW1:eth3:20,3453,0.83603,-15.4,11,True,False,False,incorrect_declare_done,0.0071103045378218994,11,8,1,0,5,4,5,0,3
299,2325,access_vlan:SW1:eth1:20+trunk_remove:SW1:eth3:10+trunk_remove:SW1:eth3:20+trunk_remove:SW2:eth3:10,3476,0.8349375,-19.55,23,True,False,False,incorrect_declare_done,0.007645944457339204,23,16,4,0,7,4,7,0,3
300,2326,access_vlan:SW1:eth1:20+access_vlan:SW1:eth2:10+access_vlan:SW2:eth2:10+trunk_remove:SW1:eth3:10,3481,0.8347,-12.100000000000001,5,True,False,False,incorrect_declare_done,0.006987505592405796,5,2,1,0,2,2,1,0,3
301,2327,access_vlan:SW1:eth1:20+trunk_remove:SW2:eth3:10+trunk_remove:SW2:eth3:20,3482,0.8346525,-10.05,1,True,False,False,incorrect_declare_done,0.005589284468442202,1,0,0,0,0,0,0,0,3
302,2328,access_vlan:SW1:eth1:20+access_vlan:SW2:eth1:20+access_vlan:SW2:eth2:10+trunk_remove:SW2:eth3:20,3512,0.8332275,-13.300000000000008,30,False,True,False,step_limit,0.019697989601021013,30,21,8,0,11,5,11,0,4
303,2329,access_vlan:SW1:eth1:20+trunk_remove:SW1:eth3:10+trunk_remove:SW2:eth3:10,3529,0.8324199999999999,-15.9,17,True,False,False,incorrect_declare_done,0.026625721414080438,17,11,3,0,3,2,2,0,3
304,2330,access_vlan:SW2:eth2:10+trunk_remove:SW1:eth3:10+trunk_remove:SW2:eth3:20,3540,0.8318975,-15.55,11,True,False,False,incorrect_declare_done,0.007607091768560084,11,8,0,0,5,3,4,0,2
305,2331,access_vlan:SW2:eth1:20+access_vlan:SW2:eth2:10+trunk_remove:SW1:eth3:10+trunk_remove:SW1:eth3:20,3550,0.8314225,-14.3,10,True,False,False,incorrect_declare_done,0.008116677450016142,10,6,3,0,4,3,4,0,3
306,2332,access_vlan:SW2:eth2:10+trunk_remove:SW1:eth3:10+trunk_remove:SW2:eth3:10+trunk_remove:SW2:eth3:20,3558,0.8310425,-11.55,8,True,False,False,incorrect_declare_done,0.04455785523168743,8,3,4,0,0,0,0,0,2
307,2333,access_vlan:SW1:eth1:20+access_vlan:SW1:eth2:10+access_vlan:SW2:eth1:20+trunk_remove:SW1:eth3:10+trunk_remove:SW1:eth3:20+trunk_remove:SW2:eth3:10+trunk_remove:SW2:eth3:20,3559,0.830995,-10.05,1,True,False,False,incorrect_declare_done,0.007372358348220587,1,0,0,0,0,0,0,0,3
308,2334,access_vlan:SW1:eth2:10+access_vlan:SW2:eth1:20+trunk_remove:SW1:eth3:10+trunk_remove:SW2:eth3:10,3567,0.830615,-11.850000000000001,8,True,False,False,incorrect_declare_done,0.009058811119757593,8,4,2,0,0,0,0,0,4
309,2335,access_vlan:SW1:eth1:20+access_vlan:SW1:eth2:10+access_vlan:SW2:eth1:20+access_vlan:SW2:eth2:10,3568,0.8305675,9.95,1,True,False,True,recovery_success,0.007437673397362232,1,0,0,0,0,0,0,0,0
310,2336,access_vlan:SW2:eth1:20+access_vlan:SW2:eth2:10+trunk_remove:SW1:eth3:10+trunk_remove:SW2:eth3:10,3569,0.83052,-10.05,1,True,False,False,incorrect_declare_done,0.0076486049219965935,1,0,0,0,0,0,0,0,3
311,2337,access_vlan:SW1:eth1:20+trunk_remove:SW1:eth3:10+trunk_remove:SW2:eth3:20,3573,0.83033,-11.8,4,True,False,False,incorrect_declare_done,0.007985303411260247,4,2,1,0,2,2,2,0,3
312,2338,access_vlan:SW1:eth1:20+access_vlan:SW1:eth2:10+trunk_remove:SW1:eth3:20+trunk_remove:SW2:eth3:20,3585,0.82976,-19.2,12,True,False,False,incorrect_declare_done,0.008167639219512543,12,10,1,0,12,6,8,1,4
313,2339,access_vlan:SW1:eth1:20+access_vlan:SW1:eth2:10+access_vlan:SW2:eth1:20+trunk_remove:SW1:eth3:10+trunk_remove:SW1:eth3:20,3586,0.8297125000000001,-10.05,1,True,False,False,incorrect_declare_done,0.004932694602757692,1,0,0,0,0,0,0,0,3
314,2340,access_vlan:SW2:eth1:20+access_vlan:SW2:eth2:10+trunk_remove:SW2:eth3:10+trunk_remove:SW2:eth3:20,3587,0.829665,-10.05,1,True,False,False,incorrect_declare_done,0.0073110368102788925,1,0,0,0,0,0,0,0,2
315,2341,access_vlan:SW1:eth2:10+access_vlan:SW2:eth2:10+trunk_remove:SW2:eth3:10+trunk_remove:SW2:eth3:20,3590,0.8295224999999999,-12.15,3,True,False,False,incorrect_declare_done,0.0055275367728124065,3,2,0,0,3,3,2,0,3
316,2342,trunk_remove:SW1:eth3:20+trunk_remove:SW2:eth3:20,3592,0.8294275,-10.200000000000001,2,True,False,False,incorrect_declare_done,0.006100032944232225,2,0,1,0,0,0,0,0,1
317,2343,access_vlan:SW1:eth1:20+access_vlan:SW1:eth2:10+access_vlan:SW2:eth1:20+trunk_remove:SW1:eth3:10+trunk_remove:SW2:eth3:20,3597,0.82919,-11.75,5,True,False,False,incorrect_declare_done,0.008399692922830581,5,4,0,0,1,1,1,0,3
318,2344,access_vlan:SW1:eth1:20+access_vlan:SW1:eth2:10+access_vlan:SW2:eth1:20+access_vlan:SW2:eth2:10+trunk_remove:SW1:eth3:10+trunk_remove:SW1:eth3:20+trunk_remove:SW2:eth3:10+trunk_remove:SW2:eth3:20,3627,0.8277650000000001,-16.400000000000006,30,False,True,False,step_limit,0.03931832464101414,30,21,4,0,16,6,12,0,4
319,2345,access_vlan:SW1:eth1:20+access_vlan:SW1:eth2:10+access_vlan:SW2:eth1:20+trunk_remove:SW1:eth3:10+trunk_remove:SW2:eth3:20,3641,0.8271,-14.85,14,True,False,False,incorrect_declare_done,0.029392693524381945,14,8,4,0,3,2,3,0,4
320,2346,access_vlan:SW1:eth1:20+access_vlan:SW1:eth2:10+access_vlan:SW2:eth1:20+access_vlan:SW2:eth2:10+trunk_remove:SW1:eth3:10+trunk_remove:SW1:eth3:20+trunk_remove:SW2:eth3:10+trunk_remove:SW2:eth3:20,3646,0.8268625000000001,-11.450000000000001,5,True,False,False,incorrect_declare_done,0.008103587105870247,5,2,2,0,1,1,1,0,3
321,2347,trunk_remove:SW1:eth3:10+trunk_remove:SW1:eth3:20+trunk_remove:SW2:eth3:10,3651,0.8266249999999999,-11.100000000000001,5,True,False,False,incorrect_declare_done,0.00765807768329978,5,2,1,0,0,0,0,0,2
322,2348,access_vlan:SW2:eth2:10+trunk_remove:SW1:eth3:20,3681,0.8252,-15.250000000000009,30,False,True,False,step_limit,0.029053479541713993,30,22,5,0,14,6,11,0,3
323,2349,access_vlan:SW1:eth2:10+trunk_remove:SW1:eth3:10+trunk_remove:SW1:eth3:20,3711,0.823775,-16.300000000000004,30,False,True,False,step_limit,0.01912734559737146,30,19,8,0,17,6,13,0,3
324,2350,access_vlan:SW1:eth2:10+trunk_remove:SW2:eth3:10+trunk_remove:SW2:eth3:20,3730,0.8228725,-18.85,19,True,False,False,incorrect_declare_done,0.008064206370985821,19,14,4,0,8,6,7,0,1
325,2351,access_vlan:SW1:eth2:10,3733,0.82273,-11.65,3,True,False,False,incorrect_declare_done,0.005926989018917084,3,2,0,0,2,2,1,0,4
326,2352,access_vlan:SW2:eth2:10+trunk_remove:SW1:eth3:10,3738,0.8224925000000001,-11.75,5,True,False,False,incorrect_declare_done,0.006467257626354694,5,4,0,0,1,1,1,0,3
327,2353,access_vlan:SW1:eth2:10+trunk_remove:SW1:eth3:10+trunk_remove:SW2:eth3:10+trunk_remove:SW2:eth3:20,3761,0.8214,-17.849999999999998,23,True,False,False,incorrect_declare_done,0.02031569367112673,23,16,2,0,3,2,3,0,3
328,2354,access_vlan:SW1:eth2:10+access_vlan:SW2:eth1:20+trunk_remove:SW1:eth3:10+trunk_remove:SW2:eth3:10+trunk_remove:SW2:eth3:20,3783,0.8203550000000001,-17.95,22,True,False,False,incorrect_declare_done,0.007378384587354958,22,13,6,0,5,3,5,0,3
329,2355,access_vlan:SW1:eth1:20+access_vlan:SW1:eth2:10+trunk_remove:SW2:eth3:10+trunk_remove:SW2:eth3:20,3798,0.8196425,-15.649999999999999,15,True,False,False,incorrect_declare_done,0.0075084392291804155,15,9,4,0,4,2,4,0,4
330,2356,access_vlan:SW1:eth2:10+access_vlan:SW2:eth1:20+access_vlan:SW2:eth2:10+trunk_remove:SW2:eth3:20,3799,0.819595,-10.05,1,True,False,False,incorrect_declare_done,0.004167040344327688,1,0,0,0,0,0,0,0,3
331,2357,access_vlan:SW1:eth1:20+access_vlan:SW1:eth2:10+access_vlan:SW2:eth2:10+trunk_remove:SW1:eth3:10+trunk_remove:SW2:eth3:20,3812,0.8189775,-17.35,13,True,False,False,incorrect_declare_done,0.006240186496422841,13,9,2,0,8,6,7,0,4
332,2358,access_vlan:SW1:eth1:20+access_vlan:SW1:eth2:10+access_vlan:SW2:eth2:10+trunk_remove:SW1:eth3:10+trunk_remove:SW1:eth3:20+trunk_remove:SW2:eth3:10+trunk_remove:SW2:eth3:20,3823,0.818455,-13.600000000000001,11,True,False,False,incorrect_declare_done,0.0068912348625334826,11,5,3,0,2,1,2,0,3
333,2359,access_vlan:SW1:eth2:10+trunk_remove:SW1:eth3:10+trunk_remove:SW1:eth3:20+trunk_remove:SW2:eth3:10+trunk_remove:SW2:eth3:20,3829,0.8181700000000001,-11.600000000000001,6,True,False,False,incorrect_declare_done,0.006762540588776271,6,2,3,0,1,1,1,0,3
334,2360,access_vlan:SW1:eth1:20+trunk_remove:SW1:eth3:20+trunk_remove:SW2:eth3:20,3830,0.8181225,-10.05,1,True,False,False,incorrect_declare_done,0.006378047168254852,1,0,0,0,0,0,0,0,3
335,2361,access_vlan:SW1:eth1:20+access_vlan:SW1:eth2:10,3832,0.8180275,-10.200000000000001,2,True,False,False,incorrect_declare_done,0.0070954738184809685,2,0,1,0,0,0,0,0,4
336,2362,access_vlan:SW1:eth1:20+access_vlan:SW2:eth1:20+trunk_remove:SW1:eth3:20+trunk_remove:SW2:eth3:10,3858,0.8167925,-24.300000000000004,26,True,False,False,incorrect_declare_done,0.019190712079692345,26,17,5,0,15,6,12,0,3
337,2363,access_vlan:SW1:eth1:20+access_vlan:SW2:eth2:10+trunk_remove:SW1:eth3:10,3860,0.8166975,-10.200000000000001,2,True,False,False,incorrect_declare_done,0.004915032768622041,2,0,1,0,0,0,0,0,4
338,2364,access_vlan:SW1:eth1:20+access_vlan:SW2:eth1:20+trunk_remove:SW1:eth3:20+trunk_remove:SW2:eth3:10,3864,0.8165075,-11.450000000000001,4,True,False,False,incorrect_declare_done,0.008350018761120737,4,3,0,0,1,1,1,0,3
339,2365,access_vlan:SW1:eth1:20+access_vlan:SW1:eth2:10+trunk_remove:SW1:eth3:10+trunk_remove:SW1:eth3:20+trunk_remove:SW2:eth3:20,3894,0.8150825,-12.450000000000005,30,False,True,False,step_limit,0.017103788388582567,30,17,7,0,9,4,8,0,2
340,2366,access_vlan:SW2:eth2:10+trunk_remove:SW1:eth3:10+trunk_remove:SW1:eth3:20+trunk_remove:SW2:eth3:10+trunk_remove:SW2:eth3:20,3908,0.8144175,-14.850000000000001,14,True,False,False,incorrect_declare_done,0.02927120794941272,14,9,4,0,3,2,3,0,4
341,2367,access_vlan:SW1:eth1:20+access_vlan:SW2:eth1:20+access_vlan:SW2:eth2:10+trunk_remove:SW1:eth3:10+trunk_remove:SW1:eth3:20,3912,0.8142275,-11.450000000000001,4,True,False,False,incorrect_declare_done,0.008377240155823529,4,2,0,0,1,1,1,0,3
342,2368,access_vlan:SW1:eth2:10+access_vlan:SW2:eth1:20+access_vlan:SW2:eth2:10+trunk_remove:SW1:eth3:10+trunk_remove:SW1:eth3:20+trunk_remove:SW2:eth3:10+trunk_remove:SW2:eth3:20,3914,0.8141325,-10.200000000000001,2,True,False,False,incorrect_declare_done,0.15848283655941486,2,0,1,0,0,0,0,0,3
343,2369,access_vlan:SW1:eth1:20+access_vlan:SW1:eth2:10+access_vlan:SW2:eth2:10+trunk_remove:SW1:eth3:10+trunk_remove:SW1:eth3:20,3916,0.8140375,-10.850000000000001,2,True,False,False,incorrect_declare_done,0.009476265404373407,2,1,0,0,1,1,1,0,4
344,2370,access_vlan:SW1:eth2:10+trunk_remove:SW1:eth3:10+trunk_remove:SW2:eth3:10,3924,0.8136575,-12.700000000000001,8,True,False,False,incorrect_declare_done,0.009679587848950177,8,4,3,0,2,2,2,0,4
345,2371,trunk_remove:SW1:eth3:10+trunk_remove:SW2:eth3:20,3929,0.81342,-11.100000000000001,5,True,False,False,incorrect_declare_done,0.07070340141654015,5,3,1,0,0,0,0,0,2
346,2372,access_vlan:SW1:eth1:20+access_vlan:SW2:eth2:10+trunk_remove:SW1:eth3:20+trunk_remove:SW2:eth3:10+trunk_remove:SW2:eth3:20,3934,0.8131825,-11.25,5,True,False,False,incorrect_declare_done,0.008585552871227264,5,4,0,0,0,0,0,0,3
347,2373,access_vlan:SW1:eth1:20+access_vlan:SW1:eth2:10+access_vlan:SW2:eth2:10+trunk_remove:SW1:eth3:10+trunk_remove:SW2:eth3:10+trunk_remove:SW2:eth3:20,3939,0.812945,-11.600000000000001,5,True,False,False,incorrect_declare_done,0.01065277773886919,5,3,1,0,1,1,1,0,2
348,2374,trunk_remove:SW1:eth3:10+trunk_remove:SW1:eth3:20+trunk_remove:SW2:eth3:20,3941,0.81285,-10.200000000000001,2,True,False,False,incorrect_declare_done,0.006649035029113293,2,0,1,0,0,0,0,0,2
349,2375,access_vlan:SW1:eth1:20+access_vlan:SW1:eth2:10+trunk_remove:SW1:eth3:10+trunk_remove:SW1:eth3:20+trunk_remove:SW2:eth3:10,3950,0.8124225,-12.85,9,True,False,False,incorrect_declare_done,0.04144482764725884,9,4,4,0,2,2,2,0,4
350,2376,access_vlan:SW1:eth2:10+access_vlan:SW2:eth1:20+access_vlan:SW2:eth2:10+trunk_remove:SW1:eth3:10+trunk_remove:SW2:eth3:10+trunk_remove:SW2:eth3:20,3972,0.8113775,-19.900000000000002,22,True,False,False,incorrect_declare_done,0.02264878071251918,22,17,3,0,8,3,8,0,3
351,2377,access_vlan:SW1:eth1:20+access_vlan:SW1:eth2:10+trunk_remove:SW1:eth3:20+trunk_remove:SW2:eth3:10+trunk_remove:SW2:eth3:20,3989,0.81057,-21.550000000000004,17,True,False,False,incorrect_declare_done,0.00765360302894431,17,13,2,0,14,6,10,0,3
352,2378,access_vlan:SW1:eth1:20+access_vlan:SW2:eth1:20+access_vlan:SW2:eth2:10+trunk_remove:SW1:eth3:10+trunk_remove:SW2:eth3:10+trunk_remove:SW2:eth3:20,4013,0.80943,-22.200000000000006,24,True,False,False,incorrect_declare_done,0.020077437375827383,24,16,5,0,12,6,8,0,2
353,2379,access_vlan:SW1:eth2:10+trunk_remove:SW1:eth3:10+trunk_remove:SW1:eth3:20,4022,0.8090025000000001,-12.850000000000001,9,True,False,False,incorrect_declare_done,0.007160580975727903,9,3,4,0,2,2,2,0,3
354,2380,access_vlan:SW1:eth1:20+access_vlan:SW1:eth2:10+trunk_remove:SW1:eth3:20+trunk_remove:SW2:eth3:10+trunk_remove:SW2:eth3:20,4027,0.808765,-11.600000000000001,5,True,False,False,incorrect_declare_done,0.007732635363936424,5,3,1,0,1,1,1,0,3
355,2381,access_vlan:SW1:eth1:20+access_vlan:SW1:eth2:10+access_vlan:SW2:eth1:20+trunk_remove:SW1:eth3:20,4029,0.80867,-10.350000000000001,2,True,False,False,incorrect_declare_done,0.007874704897403717,2,1,0,0,0,0,0,0,1
356,2382,access_vlan:SW1:eth1:20+access_vlan:SW1:eth2:10+trunk_remove:SW1:eth3:10+trunk_remove:SW2:eth3:10+trunk_remove:SW2:eth3:20,4041,0.8081,-14.4,12,True,False,False,incorrect_declare_done,0.00746693597951283,12,8,3,0,3,2,3,0,3
357,2383,access_vlan:SW2:eth2:10+trunk_remove:SW1:eth3:20+trunk_remove:SW2:eth3:20,4069,0.80677,-21.950000000000006,28,True,False,False,incorrect_declare_done,0.01836908167959856,28,18,8,0,10,5,9,0,4
358,2384,access_vlan:SW1:eth2:10+trunk_remove:SW1:eth3:10+trunk_remove:SW1:eth3:20+trunk_remove:SW2:eth3:10+trunk_remove:SW2:eth3:20,4076,0.8064375,-12.850000000000001,7,True,False,False,incorrect_declare_done,0.007492050462003265,7,5,0,0,2,2,2,0,3
359,2385,access_vlan:SW1:eth1:20+access_vlan:SW1:eth2:10+trunk_remove:SW1:eth3:10+trunk_remove:SW1:eth3:20+trunk_remove:SW2:eth3:10,4082,0.8061525,-12.100000000000001,6,True,False,False,incorrect_declare_done,0.0073221194713066024,6,2,3,0,2,2,2,0,3
360,2386,access_vlan:SW1:eth1:20+access_vlan:SW1:eth2:10+access_vlan:SW2:eth2:10,4089,0.80582,-13.4,7,True,False,False,incorrect_declare_done,0.006667709842856441,7,2,3,0,4,4,3,0,3
361,2387,access_vlan:SW2:eth2:10+trunk_remove:SW2:eth3:10,4091,0.805725,-10.350000000000001,2,True,False,False,incorrect_declare_done,0.007945004850625992,2,1,0,0,0,0,0,0,1
362,2388,access_vlan:SW1:eth1:20+access_vlan:SW1:eth2:10+access_vlan:SW2:eth2:10+trunk_remove:SW1:eth3:10+trunk_remove:SW1:eth3:20+trunk_remove:SW2:eth3:10+trunk_remove:SW2:eth3:20,4105,0.80506,-15.149999999999999,14,True,False,False,incorrect_declare_done,0.006204136264776545,14,9,2,0,3,2,3,0,2
363,2389,access_vlan:SW2:eth2:10+trunk_remove:SW1:eth3:10+trunk_remove:SW2:eth3:20,4135,0.803635,-12.600000000000005,30,False,True,False,step_limit,0.016519723537688453,30,21,6,0,9,5,9,0,4
364,2390,access_vlan:SW2:eth2:10+trunk_remove:SW1:eth3:20,4162,0.8023525,-23.750000000000007,27,True,False,False,incorrect_declare_done,0.02935131734099101,27,20,4,0,13,6,11,0,3
365,2391,access_vlan:SW1:eth2:10+access_vlan:SW2:eth2:10+trunk_remove:SW1:eth3:20+trunk_remove:SW2:eth3:10,4171,0.801925,-12.5,9,True,False,False,incorrect_declare_done,0.007282508640653557,9,5,3,0,1,1,1,0,1
366,2392,access_vlan:SW1:eth1:20+trunk_remove:SW1:eth3:10+trunk_remove:SW1:eth3:20,4201,0.8005,-11.500000000000005,30,False,True,False,step_limit,0.007400454146166643,30,16,10,0,8,5,8,0,3
367,2393,trunk_remove:SW1:eth3:10+trunk_remove:SW2:eth3:10,4221,0.79955,-19.650000000000002,20,True,False,False,incorrect_declare_done,0.02222880341578275,20,13,4,0,9,6,7,0,3
368,2394,access_vlan:SW2:eth2:10+trunk_remove:SW1:eth3:10+trunk_remove:SW1:eth3:20+trunk_remove:SW2:eth3:10+trunk_remove:SW2:eth3:20,4245,0.7984100000000001,-19.25,24,True,False,False,incorrect_declare_done,0.005794222224115704,24,13,8,0,7,5,7,0,2
369,2395,access_vlan:SW1:eth2:10+trunk_remove:SW1:eth3:20,4275,0.796985,-12.650000000000006,30,False,True,False,step_limit,0.016502242100735507,30,19,9,0,10,5,9,0,3
370,2396,access_vlan:SW1:eth2:10+access_vlan:SW2:eth1:20+trunk_remove:SW1:eth3:10+trunk_remove:SW1:eth3:20+trunk_remove:SW2:eth3:10+trunk_remove:SW2:eth3:20,4281,0.7967,-11.25,6,True,False,False,incorrect_declare_done,0.008633598607654372,6,3,2,0,0,0,0,0,3
371,2397,access_vlan:SW1:eth1:20+access_vlan:SW2:eth1:20+trunk_remove:SW1:eth3:20+trunk_remove:SW2:eth3:20,4298,0.7958925,-15.1,17,True,False,False,incorrect_declare_done,0.059395092156003505,17,9,5,0,2,2,2,0,2
372,2398,access_vlan:SW1:eth1:20+access_vlan:SW1:eth2:10+trunk_remove:SW1:eth3:10+trunk_remove:SW1:eth3:20+trunk_remove:SW2:eth3:10+trunk_remove:SW2:eth3:20,4303,0.795655,-12.100000000000001,5,True,False,False,incorrect_declare_done,0.008419532608240844,5,3,1,0,2,2,2,0,4
373,2399,access_vlan:SW1:eth1:20+trunk_remove:SW2:eth3:10+trunk_remove:SW2:eth3:20,4333,0.79423,-20.200000000000003,30,True,False,False,incorrect_declare_done,0.039234962329889336,30,20,7,0,5,2,5,0,2
374,2400,access_vlan:SW1:eth2:10+access_vlan:SW2:eth1:20+trunk_remove:SW1:eth3:10+trunk_remove:SW2:eth3:10+trunk_remove:SW2:eth3:20,4349,0.79347,-16.150000000000002,16,True,False,False,incorrect_declare_done,0.006860872090328485,16,8,6,0,5,5,4,0,3
375,2401,access_vlan:SW1:eth2:10+access_vlan:SW2:eth1:20+access_vlan:SW2:eth2:10+trunk_remove:SW1:eth3:20+trunk_remove:SW2:eth3:10,4379,0.792045,-14.15000000000001,30,False,True,False,step_limit,0.02669061403721571,30,19,9,0,13,6,10,0,3
376,2402,trunk_remove:SW1:eth3:10+trunk_remove:SW2:eth3:10,4409,0.79062,-18.450000000000006,30,False,True,False,step_limit,0.005877325792486469,30,22,7,0,21,6,17,0,3
377,2403,access_vlan:SW1:eth1:20+access_vlan:SW1:eth2:10+access_vlan:SW2:eth1:20+access_vlan:SW2:eth2:10+trunk_remove:SW1:eth3:10,4415,0.790335,-12.25,6,True,False,False,incorrect_declare_done,0.00530464497084419,6,2,2,0,2,1,2,0,2
378,2404,access_vlan:SW1:eth1:20+access_vlan:SW1:eth2:10+access_vlan:SW2:eth2:10+trunk_remove:SW2:eth3:10,4420,0.7900975,-12.25,5,True,False,False,incorrect_declare_done,0.0063396764919161795,5,4,0,0,2,2,2,0,2
379,2405,trunk_remove:SW1:eth3:10+trunk_remove:SW1:eth3:20+trunk_remove:SW2:eth3:10,4424,0.7899075,-11.8,4,True,False,False,incorrect_declare_done,0.005311217508278787,4,2,1,0,2,2,1,0,3
380,2406,access_vlan:SW1:eth1:20+access_vlan:SW2:eth1:20+access_vlan:SW2:eth2:10+trunk_remove:SW1:eth3:20+trunk_remove:SW2:eth3:20,4427,0.789765,-10.65,3,True,False,False,incorrect_declare_done,0.004953483507658045,3,2,0,0,0,0,0,0,3
381,2407,access_vlan:SW1:eth2:10+trunk_remove:SW2:eth3:10,4457,0.78834,-12.150000000000006,30,False,True,False,step_limit,0.0370191157873099,30,18,9,0,9,4,9,0,4
382,2408,access_vlan:SW1:eth1:20+access_vlan:SW1:eth2:10+access_vlan:SW2:eth1:20+trunk_remove:SW1:eth3:10,4461,0.78815,-11.8,4,True,False,False,incorrect_declare_done,0.007700549089349806,4,1,1,0,2,2,2,0,3
383,2409,access_vlan:SW1:eth1:20+access_vlan:SW1:eth2:10+access_vlan:SW2:eth2:10+trunk_remove:SW2:eth3:10,4474,0.7875325,-19.5,13,True,False,False,incorrect_declare_done,0.007107705988276463,13,9,1,0,12,6,10,0,3
384,2410,access_vlan:SW1:eth1:20+access_vlan:SW2:eth2:10+trunk_remove:SW1:eth3:20,4475,0.787485,-10.05,1,True,False,False,incorrect_declare_done,0.007231906522065401,1,0,0,0,0,0,0,0,4
385,2411,access_vlan:SW2:eth2:10+trunk_remove:SW1:eth3:10+trunk_remove:SW2:eth3:10,4488,0.7868675,-13.850000000000001,13,True,False,False,incorrect_declare_done,0.006003979503965149,13,9,2,0,1,1,1,0,3
386,2412,access_vlan:SW2:eth2:10+trunk_remove:SW1:eth3:10+trunk_remove:SW1:eth3:20,4510,0.7858225,-18.1,22,True,False,False,incorrect_declare_done,0.02164663925809278,22,13,5,0,5,3,5,0,3
387,2413,access_vlan:SW1:eth2:10+trunk_remove:SW2:eth3:10,4521,0.7853,-12.950000000000001,11,True,False,False,incorrect_declare_done,0.03541029134595936,11,6,4,0,1,1,1,0,3
388,2414,trunk_remove:SW1:eth3:10,4551,0.783875,-12.000000000000005,30,False,True,False,step_limit,0.007438597269356251,30,19,10,0,9,5,9,1,3
389,2415,access_vlan:SW1:eth2:10+access_vlan:SW2:eth1:20+trunk_remove:SW1:eth3:10+trunk_remove:SW1:eth3:20,4572,0.7828775,-20.800000000000004,21,True,False,False,incorrect_declare_done,0.006901194751706152,21,15,5,0,11,6,7,0,4
390,2416,access_vlan:SW1:eth1:20+access_vlan:SW1:eth2:10+access_vlan:SW2:eth1:20+access_vlan:SW2:eth2:10+trunk_remove:SW1:eth3:10+trunk_remove:SW2:eth3:10+trunk_remove:SW2:eth3:20,4578,0.7825925,-11.75,6,True,False,False,incorrect_declare_done,0.006295108313982685,6,3,2,0,1,1,1,0,3
391,2417,access_vlan:SW2:eth2:10+trunk_remove:SW1:eth3:10+trunk_remove:SW1:eth3:20,4585,0.78226,-11.25,7,True,False,False,incorrect_declare_done,0.04899441284526672,7,2,4,0,0,0,0,0,2
392,2418,access_vlan:SW1:eth2:10+access_vlan:SW2:eth1:20+trunk_remove:SW1:eth3:10+trunk_remove:SW2:eth3:10,4586,0.7822125,-10.05,1,True,False,False,incorrect_declare_done,0.004509185906499624,1,0,0,0,0,0,0,0,4
393,2419,trunk_remove:SW1:eth3:10,4592,0.7819275,-12.55,6,True,False,False,incorrect_declare_done,0.00750400242395699,6,4,0,0,2,1,2,0,2
394,2420,access_vlan:SW1:eth2:10+trunk_remove:SW1:eth3:10,4595,0.7817850000000001,-11.15,3,True,False,False,incorrect_declare_done,0.0054608929591874284,3,2,0,0,1,1,1,0,3
395,2421,access_vlan:SW2:eth2:10+trunk_remove:SW1:eth3:20,4617,0.78074,-18.6,22,True,False,False,incorrect_declare_done,0.005965473045679656,22,15,5,0,6,4,5,0,3
396,2422,access_vlan:SW2:eth1:20+access_vlan:SW2:eth2:10+trunk_remove:SW1:eth3:20,4619,0.780645,-10.850000000000001,2,True,False,False,incorrect_declare_done,0.00806497409939766,2,1,0,0,1,1,1,0,3
397,2423,trunk_remove:SW2:eth3:20,4620,0.7805975,-10.05,1,True,False,False,incorrect_declare_done,0.005945798475295305,1,0,0,0,0,0,0,0,1
398,2424,access_vlan:SW1:eth1:20+access_vlan:SW1:eth2:10+access_vlan:SW2:eth2:10+trunk_remove:SW1:eth3:20,4632,0.7800275,-13.600000000000001,12,True,False,False,incorrect_declare_done,0.006446825883661707,12,6,5,0,2,2,2,0,4
399,2425,trunk_remove:SW2:eth3:10+trunk_remove:SW2:eth3:20,4644,0.7794575,7.999999999999999,12,True,False,True,recovery_success,0.005734368343837559,12,2,9,0,0,0,0,0,0
400,2426,access_vlan:SW2:eth2:10+trunk_remove:SW1:eth3:20,4653,0.77903,-14.0,9,True,False,False,incorrect_declare_done,0.005329247357116805,9,5,3,0,4,4,3,0,2
401,2427,access_vlan:SW2:eth2:10+trunk_remove:SW1:eth3:10+trunk_remove:SW1:eth3:20+trunk_remove:SW2:eth3:10+trunk_remove:SW2:eth3:20,4672,0.7781275,-17.55,19,True,False,False,incorrect_declare_done,0.021088276646639172,19,12,6,0,6,5,6,0,3
402,2428,access_vlan:SW1:eth1:20+access_vlan:SW1:eth2:10+trunk_remove:SW1:eth3:10+trunk_remove:SW1:eth3:20+trunk_remove:SW2:eth3:20,4687,0.777415,-15.0,15,True,False,False,incorrect_declare_done,0.005629114884262283,15,9,5,0,3,2,3,0,3
403,2429,access_vlan:SW1:eth1:20+access_vlan:SW2:eth1:20+access_vlan:SW2:eth2:10+trunk_remove:SW1:eth3:10+trunk_remove:SW2:eth3:10,4698,0.7768925,-15.25,11,True,False,False,incorrect_declare_done,0.005082232814112847,11,7,2,0,5,4,5,0,3
404,2430,access_vlan:SW1:eth1:20+access_vlan:SW2:eth1:20+trunk_remove:SW1:eth3:10+trunk_remove:SW1:eth3:20,4715,0.776085,-15.75,17,True,False,False,incorrect_declare_done,0.00503525125574978,17,12,4,0,3,2,3,0,3
405,2431,access_vlan:SW1:eth1:20+access_vlan:SW1:eth2:10+access_vlan:SW2:eth2:10+trunk_remove:SW2:eth3:10,4722,0.7757525000000001,-11.4,7,True,False,False,incorrect_declare_done,0.005197069674198117,7,3,3,0,0,0,0,0,3
406,2432,access_vlan:SW1:eth1:20+access_vlan:SW1:eth2:10+access_vlan:SW2:eth1:20+trunk_remove:SW1:eth3:10+trunk_remove:SW1:eth3:20+trunk_remove:SW2:eth3:10+trunk_remove:SW2:eth3:20,4743,0.774755,-17.0,21,True,False,False,incorrect_declare_done,0.005831090134701559,21,10,7,0,4,3,3,0,1
407,2433,access_vlan:SW1:eth2:10+trunk_remove:SW1:eth3:10+trunk_remove:SW2:eth3:10+trunk_remove:SW2:eth3:20,4755,0.774185,-15.05,12,True,False,False,incorrect_declare_done,0.0059784352003286285,12,9,2,0,4,4,4,0,3
408,2434,access_vlan:SW1:eth1:20+access_vlan:SW2:eth1:20+trunk_remove:SW1:eth3:20+trunk_remove:SW2:eth3:10+trunk_remove:SW2:eth3:20,4760,0.7739475,-11.600000000000001,5,True,False,False,incorrect_declare_done,0.0053817049600183966,5,2,1,0,1,1,1,0,3
409,2435,access_vlan:SW1:eth2:10+access_vlan:SW2:eth1:20+access_vlan:SW2:eth2:10+trunk_remove:SW1:eth3:10+trunk_remove:SW2:eth3:10,4761,0.7739,-10.05,1,True,False,False,incorrect_declare_done,0.00597130972892046,1,0,0,0,0,0,0,0,3
410,2436,access_vlan:SW1:eth2:10+access_vlan:SW2:eth2:10+trunk_remove:SW1:eth3:10+trunk_remove:SW1:eth3:20+trunk_remove:SW2:eth3:10,4767,0.7736149999999999,-11.4,6,True,False,False,incorrect_declare_done,0.005157554250520964,6,4,1,0,0,0,0,0,4
411,2437,access_vlan:SW1:eth1:20+access_vlan:SW1:eth2:10+access_vlan:SW2:eth2:10+trunk_remove:SW1:eth3:10+trunk_remove:SW1:eth3:20+trunk_remove:SW2:eth3:20,4795,0.772285,-23.10000000000001,28,True,False,False,incorrect_declare_done,0.027498344932350198,28,17,7,0,12,6,11,0,2
412,2438,access_vlan:SW1:eth1:20+access_vlan:SW2:eth2:10+trunk_remove:SW1:eth3:10+trunk_remove:SW2:eth3:10+trunk_remove:SW2:eth3:20,4805,0.77181,-14.75,10,True,False,False,incorrect_declare_done,0.035940811736509204,10,9,0,0,4,4,3,0,2
413,2439,access_vlan:SW1:eth1:20+trunk_remove:SW1:eth3:10,4820,0.7710975,-16.15,15,True,False,False,incorrect_declare_done,0.005660306025917331,15,10,4,0,5,4,3,0,4
414,2440,access_vlan:SW1:eth2:10+access_vlan:SW2:eth1:20+access_vlan:SW2:eth2:10+trunk_remove:SW2:eth3:10,4828,0.7707174999999999,-12.05,8,True,False,False,incorrect_declare_done,0.04369167663389817,8,3,4,0,1,1,1,0,4
415,2441,access_vlan:SW1:eth1:20+access_vlan:SW1:eth2:10+access_vlan:SW2:eth2:10+trunk_remove:SW2:eth3:10,4858,0.7692924999999999,-16.300000000000008,30,False,True,False,step_limit,0.03953947105910629,30,19,8,0,17,5,13,0,3
416,2442,access_vlan:SW1:eth1:20+access_vlan:SW2:eth1:20+trunk_remove:SW1:eth3:20+trunk_remove:SW2:eth3:10+trunk_remove:SW2:eth3:20,4859,0.769245,-10.05,1,True,False,False,incorrect_declare_done,0.020868748426437378,1,0,0,0,0,0,0,0,4
417,2443,access_vlan:SW1:eth2:10+trunk_remove:SW1:eth3:10+trunk_remove:SW2:eth3:10,4867,0.768865,-12.05,8,True,False,False,incorrect_declare_done,0.053460066206753254,8,3,4,0,1,1,1,0,4
418,2444,access_vlan:SW1:eth1:20+access_vlan:SW2:eth1:20+trunk_remove:SW1:eth3:10+trunk_remove:SW1:eth3:20+trunk_remove:SW2:eth3:10,4874,0.7685325000000001,-12.05,7,True,False,False,incorrect_declare_done,0.009313090571335383,7,4,2,0,1,1,1,0,3
419,2445,access_vlan:SW2:eth1:20+access_vlan:SW2:eth2:10+trunk_remove:SW1:eth3:10+trunk_remove:SW1:eth3:20,4883,0.768105,-12.350000000000001,9,True,False,False,incorrect_declare_done,0.009881809146867858,9,4,4,0,1,1,1,0,2
420,2446,access_vlan:SW1:eth2:10+access_vlan:SW2:eth2:10+trunk_remove:SW1:eth3:10+trunk_remove:SW1:eth3:20,4884,0.7680575000000001,-10.05,1,True,False,False,incorrect_declare_done,0.011418761685490608,1,0,0,0,0,0,0,0,4
421,2447,access_vlan:SW2:eth1:20+access_vlan:SW2:eth2:10+trunk_remove:SW1:eth3:10+trunk_remove:SW2:eth3:10+trunk_remove:SW2:eth3:20,4914,0.7666325,-13.350000000000005,30,False,True,False,step_limit,0.005914829686904947,30,17,11,0,12,6,8,0,4
422,2448,trunk_remove:SW1:eth3:20+trunk_remove:SW2:eth3:20,4919,0.7663949999999999,-12.600000000000001,5,True,False,False,incorrect_declare_done,0.004884119424968958,5,3,1,0,3,3,2,0,3
423,2449,access_vlan:SW2:eth2:10+trunk_remove:SW1:eth3:10+trunk_remove:SW1:eth3:20+trunk_remove:SW2:eth3:10+trunk_remove:SW2:eth3:20,4920,0.7663475,-10.05,1,True,False,False,incorrect_declare_done,0.010138782672584057,1,0,0,0,0,0,0,0,3
424,2450,access_vlan:SW1:eth1:20+access_vlan:SW2:eth2:10+trunk_remove:SW1:eth3:10+trunk_remove:SW2:eth3:20,4931,0.765825,-13.100000000000001,11,True,False,False,incorrect_declare_done,0.03298100172965364,11,7,3,0,1,1,1,0,3
425,2451,trunk_remove:SW1:eth3:10+trunk_remove:SW1:eth3:20+trunk_remove:SW2:eth3:10+trunk_remove:SW2:eth3:20,4932,0.7657775,-10.05,1,True,False,False,incorrect_declare_done,0.0035640643909573555,1,0,0,0,0,0,0,0,2
426,2452,access_vlan:SW2:eth1:20+access_vlan:SW2:eth2:10+trunk_remove:SW1:eth3:20+trunk_remove:SW2:eth3:10+trunk_remove:SW2:eth3:20,4950,0.7649225,-18.700000000000003,18,True,False,False,incorrect_declare_done,0.022795282769948244,18,12,3,0,8,5,7,0,3
427,2453,access_vlan:SW2:eth1:20+trunk_remove:SW1:eth3:20+trunk_remove:SW2:eth3:10,4953,0.76478,-10.5,3,True,False,False,incorrect_declare_done,0.008031341712921858,3,1,1,0,0,0,0,0,2
428,2454,access_vlan:SW1:eth1:20+trunk_remove:SW1:eth3:10+trunk_remove:SW1:eth3:20+trunk_remove:SW2:eth3:20,4977,0.76364,-17.95,24,True,False,False,incorrect_declare_done,0.03244676609756425,24,13,10,0,5,3,5,0,3
429,2455,access_vlan:SW1:eth1:20+access_vlan:SW1:eth2:10+access_vlan:SW2:eth1:20+trunk_remove:SW1:eth3:10,4991,0.762975,-15.900000000000002,14,True,False,False,incorrect_declare_done,0.006105426399569426,14,6,7,0,6,5,4,0,4
430,2456,access_vlan:SW1:eth1:20+access_vlan:SW2:eth1:20+trunk_remove:SW1:eth3:20+trunk_remove:SW2:eth3:20,5007,0.762215,-15.5,16,True,False,False,incorrect_declare_done,0.006654270546277985,16,8,7,0,4,4,3,0,3
431,2457,access_vlan:SW1:eth2:10+trunk_remove:SW1:eth3:10,5026,0.7613125000000001,-17.200000000000003,19,True,False,False,incorrect_declare_done,0.03702136154874767,19,13,5,0,5,4,4,0,2
432,2458,access_vlan:SW1:eth1:20+access_vlan:SW2:eth1:20+access_vlan:SW2:eth2:10+trunk_remove:SW1:eth3:20+trunk_remove:SW2:eth3:10+trunk_remove:SW2:eth3:20,5047,0.760315,-17.85,21,True,False,False,incorrect_declare_done,0.021029025404935793,21,12,8,0,6,6,5,0,3
433,2459,access_vlan:SW1:eth1:20+access_vlan:SW1:eth2:10+access_vlan:SW2:eth2:10+trunk_remove:SW1:eth3:10+trunk_remove:SW2:eth3:10+trunk_remove:SW2:eth3:20,5049,0.76022,-10.350000000000001,2,True,False,False,incorrect_declare_done,0.008767651859670877,2,1,0,0,0,0,0,0,3
434,2460,access_vlan:SW1:eth2:10+access_vlan:SW2:eth2:10+trunk_remove:SW1:eth3:20+trunk_remove:SW2:eth3:10,5062,0.7596025,-13.85,13,True,False,False,incorrect_declare_done,0.00658001213406141,13,10,2,0,1,1,1,0,3
435,2461,access_vlan:SW1:eth1:20+access_vlan:SW1:eth2:10,5081,0.7587,-16.55,19,True,False,False,incorrect_declare_done,0.007204490934351557,19,12,6,0,4,3,3,0,3
436,2462,trunk_remove:SW1:eth3:20+trunk_remove:SW2:eth3:10+trunk_remove:SW2:eth3:20,5087,0.758415,-12.25,6,True,False,False,incorrect_declare_done,0.006174035525570313,6,3,2,0,2,2,2,0,4
437,2463,access_vlan:SW1:eth1:20+access_vlan:SW1:eth2:10+access_vlan:SW2:eth1:20+access_vlan:SW2:eth2:10+trunk_remove:SW1:eth3:20+trunk_remove:SW2:eth3:20,5095,0.758035,-13.5,8,True,False,False,incorrect_declare_done,0.004777709866175428,8,6,1,0,3,3,3,0,4
438,2464,access_vlan:SW1:eth1:20+access_vlan:SW1:eth2:10+trunk_remove:SW2:eth3:10+trunk_remove:SW2:eth3:20,5125,0.75661,-12.650000000000004,30,False,True,False,step_limit,0.015304817290355762,30,20,9,0,10,5,7,0,3
439,2465,access_vlan:SW1:eth1:20+access_vlan:SW1:eth2:10+access_vlan:SW2:eth1:20+trunk_remove:SW1:eth3:10,5126,0.7565625,-10.05,1,True,False,False,incorrect_declare_done,0.0051025645807385445,1,0,0,0,0,0,0,0,3
440,2466,access_vlan:SW1:eth1:20+access_vlan:SW2:eth1:20+access_vlan:SW2:eth2:10+trunk_remove:SW1:eth3:10+trunk_remove:SW1:eth3:20+trunk_remove:SW2:eth3:20,5134,0.7561825,-14.5,8,True,False,False,incorrect_declare_done,0.0047280976141337305,8,6,1,0,5,5,5,0,3
441,2467,access_vlan:SW2:eth1:20+access_vlan:SW2:eth2:10+trunk_remove:SW1:eth3:10+trunk_remove:SW1:eth3:20+trunk_remove:SW2:eth3:10+trunk_remove:SW2:eth3:20,5139,0.755945,-12.100000000000001,5,True,False,False,incorrect_declare_done,0.003927422687411308,5,2,1,0,2,2,2,0,3
442,2468,trunk_remove:SW2:eth3:10+trunk_remove:SW2:eth3:20,5169,0.75452,-12.400000000000006,30,False,True,False,step_limit,0.015855191399653752,30,16,14,0,11,5,10,0,4
443,2469,access_vlan:SW1:eth1:20+access_vlan:SW1:eth2:10+access_vlan:SW2:eth1:20+trunk_remove:SW2:eth3:10,5178,0.7540925,-15.65,9,True,False,False,incorrect_declare_done,0.004184061195701361,9,6,2,0,7,4,4,1,3
444,2470,access_vlan:SW2:eth1:20+access_vlan:SW2:eth2:10+trunk_remove:SW1:eth3:10+trunk_remove:SW1:eth3:20+trunk_remove:SW2:eth3:10+trunk_remove:SW2:eth3:20,5185,0.75376,-13.850000000000001,7,True,False,False,incorrect_declare_done,0.00526374312383788,7,6,0,0,4,4,3,0,4
445,2471,access_vlan:SW1:eth2:10+access_vlan:SW2:eth1:20+trunk_remove:SW1:eth3:10+trunk_remove:SW2:eth3:10,5189,0.75357,-11.450000000000001,4,True,False,False,incorrect_declare_done,0.0036854573991149664,4,3,0,0,1,1,1,0,4
446,2472,access_vlan:SW1:eth1:20+access_vlan:SW1:eth2:10+access_vlan:SW2:eth2:10+trunk_remove:SW2:eth3:20,5192,0.7534275,-11.0,3,True,False,False,incorrect_declare_done,0.006253661587834358,3,1,1,0,1,1,1,0,3
447,2473,access_vlan:SW1:eth1:20+access_vlan:SW2:eth1:20+access_vlan:SW2:eth2:10+trunk_remove:SW1:eth3:20+trunk_remove:SW2:eth3:10,5211,0.752525,-15.750000000000002,19,True,False,False,incorrect_declare_done,0.004907459302462246,19,9,8,0,3,2,3,0,4
448,2474,trunk_remove:SW2:eth3:20,5229,0.7516700000000001,-17.4,18,True,False,False,incorrect_declare_done,0.023857552428833313,18,11,5,0,6,4,4,0,3
449,2475,access_vlan:SW1:eth1:20+access_vlan:SW1:eth2:10+access_vlan:SW2:eth2:10+trunk_remove:SW1:eth3:10+trunk_remove:SW2:eth3:10,5253,0.75053,-18.950000000000003,24,True,False,False,incorrect_declare_done,0.031597740802681074,24,12,10,0,7,4,5,0,2
450,2476,access_vlan:SW1:eth1:20+access_vlan:SW2:eth1:20+access_vlan:SW2:eth2:10+trunk_remove:SW2:eth3:10,5256,0.7503875,-11.65,3,True,False,False,incorrect_declare_done,0.005271351120124261,3,2,0,0,2,2,1,0,3
451,2477,access_vlan:SW1:eth2:10+access_vlan:SW2:eth1:20+trunk_remove:SW2:eth3:10,5286,0.7489625,-12.700000000000008,30,False,True,False,step_limit,0.0154691078622515,30,16,12,0,11,6,9,0,4
452,2478,access_vlan:SW1:eth1:20+access_vlan:SW1:eth2:10+trunk_remove:SW1:eth3:10+trunk_remove:SW1:eth3:20+trunk_remove:SW2:eth3:20,5290,0.7487725000000001,-11.3,4,True,False,False,incorrect_declare_done,0.08049297297839075,4,2,1,0,1,1,1,0,3
453,2479,access_vlan:SW1:eth2:10+trunk_remove:SW1:eth3:10,5300,0.7482975000000001,-12.8,10,True,False,False,incorrect_declare_done,0.035434322664514184,10,6,3,0,1,1,1,0,3
454,2480,access_vlan:SW1:eth1:20+access_vlan:SW1:eth2:10+trunk_remove:SW1:eth3:10+trunk_remove:SW1:eth3:20+trunk_remove:SW2:eth3:10+trunk_remove:SW2:eth3:20,5317,0.74749,-15.75,17,True,False,False,incorrect_declare_done,0.022950790986856994,17,12,4,0,3,2,3,0,3
455,2481,trunk_remove:SW1:eth3:10+trunk_remove:SW2:eth3:20,5328,0.7469675,-13.3,11,True,False,False,incorrect_declare_done,0.03163309746675871,11,4,5,0,2,2,2,0,3
456,2482,access_vlan:SW1:eth1:20+access_vlan:SW2:eth2:10+trunk_remove:SW1:eth3:20,5347,0.746065,-17.2,19,True,False,False,incorrect_declare_done,0.005520863213429325,19,12,5,0,5,3,5,0,3
457,2483,access_vlan:SW1:eth1:20+access_vlan:SW2:eth2:10+trunk_remove:SW1:eth3:20+trunk_remove:SW2:eth3:10+trunk_remove:SW2:eth3:20,5364,0.7452575,-15.9,17,True,False,False,incorrect_declare_done,0.004728237550486536,17,9,3,0,3,3,3,0,3
458,2484,trunk_remove:SW2:eth3:10+trunk_remove:SW2:eth3:20,5371,0.7449250000000001,-12.700000000000001,7,True,False,False,incorrect_declare_done,0.004996907232063157,7,4,1,0,2,2,2,0,3
459,2485,trunk_remove:SW1:eth3:20+trunk_remove:SW2:eth3:20,5389,0.74407,-16.25,18,True,False,False,incorrect_declare_done,0.0387085260073137,18,9,6,0,4,2,2,0,2
460,2486,access_vlan:SW1:eth1:20+trunk_remove:SW1:eth3:10,5390,0.7440225,-10.05,1,True,False,False,incorrect_declare_done,0.005540126468986273,1,0,0,0,0,0,0,0,3
461,2487,access_vlan:SW1:eth1:20+access_vlan:SW1:eth2:10+access_vlan:SW2:eth1:20,5400,0.7435475,-16.950000000000003,10,True,False,False,incorrect_declare_done,0.03292544828727841,10,7,2,0,9,5,5,0,3
462,2488,access_vlan:SW1:eth1:20+access_vlan:SW1:eth2:10+access_vlan:SW2:eth1:20+trunk_remove:SW1:eth3:10+trunk_remove:SW2:eth3:10,5408,0.7431675,-12.850000000000001,8,True,False,False,incorrect_declare_done,0.043664888478815556,8,5,2,0,2,2,2,0,3
463,2489,access_vlan:SW1:eth1:20+access_vlan:SW2:eth1:20+trunk_remove:SW1:eth3:20+trunk_remove:SW2:eth3:10,5438,0.7417425,-12.600000000000007,30,False,True,False,step_limit,0.014745899545960128,30,23,6,0,9,6,7,0,3
464,2490,access_vlan:SW1:eth1:20+access_vlan:SW2:eth1:20+trunk_remove:SW1:eth3:10+trunk_remove:SW1:eth3:20+trunk_remove:SW2:eth3:10,5439,0.741695,-10.05,1,True,False,False,incorrect_declare_done,0.004217785317450762,1,0,0,0,0,0,0,0,4
465,2491,access_vlan:SW1:eth2:10+access_vlan:SW2:eth1:20+trunk_remove:SW1:eth3:10+trunk_remove:SW2:eth3:10+trunk_remove:SW2:eth3:20,5452,0.7410775000000001,-13.55,13,True,False,False,incorrect_declare_done,0.005331589052310357,13,7,4,0,1,1,1,0,2
466,2492,access_vlan:SW1:eth2:10+access_vlan:SW2:eth2:10+trunk_remove:SW1:eth3:10+trunk_remove:SW1:eth3:20+trunk_remove:SW2:eth3:10,5457,0.7408399999999999,-10.8,5,True,False,False,incorrect_declare_done,0.0039989760145545,5,1,3,0,0,0,0,0,3
467,2493,access_vlan:SW1:eth1:20+access_vlan:SW1:eth2:10+access_vlan:SW2:eth1:20+trunk_remove:SW2:eth3:20,5470,0.7402225,-14.4,13,True,False,False,incorrect_declare_done,0.004545043652447371,13,5,5,0,3,3,2,0,4
468,2494,access_vlan:SW1:eth1:20+access_vlan:SW2:eth1:20,5478,0.7398425,-11.100000000000001,8,True,False,False,incorrect_declare_done,0.004669212328735739,8,0,7,0,0,0,0,0,4
469,2495,access_vlan:SW1:eth2:10+access_vlan:SW2:eth1:20+trunk_remove:SW1:eth3:20+trunk_remove:SW2:eth3:10,5499,0.738845,-17.0,21,True,False,False,incorrect_declare_done,0.018992833394025053,21,13,7,0,4,3,4,0,3
470,2496,access_vlan:SW1:eth1:20+access_vlan:SW2:eth1:20+access_vlan:SW2:eth2:10+trunk_remove:SW1:eth3:10+trunk_remove:SW2:eth3:20,5510,0.7383225,-12.3,11,True,False,False,incorrect_declare_done,0.03119715715927834,11,5,5,0,0,0,0,0,1
471,2497,access_vlan:SW1:eth1:20+access_vlan:SW1:eth2:10+access_vlan:SW2:eth1:20,5511,0.738275,-10.05,1,True,False,False,incorrect_declare_done,0.004028380382806063,1,0,0,0,0,0,0,0,3
472,2498,access_vlan:SW1:eth1:20+access_vlan:SW2:eth1:20+trunk_remove:SW1:eth3:20+trunk_remove:SW2:eth3:20,5539,0.736945,-17.65,28,True,False,False,incorrect_declare_done,0.04925127424732117,28,14,10,0,2,1,2,0,4
473,2499,access_vlan:SW1:eth2:10+access_vlan:SW2:eth1:20+trunk_remove:SW1:eth3:10+trunk_remove:SW2:eth3:10,5554,0.7362325000000001,-15.8,15,True,False,False,incorrect_declare_done,0.005556144565343857,15,10,3,0,4,4,3,0,3
474,2500,access_vlan:SW1:eth1:20+trunk_remove:SW1:eth3:10+trunk_remove:SW1:eth3:20+trunk_remove:SW2:eth3:10,5570,0.7354725,-18.1,16,True,False,False,incorrect_declare_done,0.021991249566781335,16,12,3,0,8,6,6,0,4
475,2501,access_vlan:SW1:eth1:20+access_vlan:SW2:eth2:10+trunk_remove:SW1:eth3:20+trunk_remove:SW2:eth3:10,5579,0.735045,-13.0,9,True,False,False,incorrect_declare_done,0.005737817975588971,9,5,3,0,2,2,2,0,2
476,2502,access_vlan:SW2:eth1:20+access_vlan:SW2:eth2:10+trunk_remove:SW2:eth3:10,5602,0.7339525,-20.750000000000004,23,True,False,False,incorrect_declare_done,0.019743616024599127,23,14,6,0,10,6,8,0,3
477,2503,access_vlan:SW1:eth1:20+access_vlan:SW1:eth2:10+access_vlan:SW2:eth1:20+access_vlan:SW2:eth2:10+trunk_remove:SW1:eth3:10+trunk_remove:SW2:eth3:10+trunk_remove:SW2:eth3:20,5603,0.733905,-10.05,1,True,False,False,incorrect_declare_done,0.006675146985799074,1,0,0,0,0,0,0,0,2
478,2504,access_vlan:SW1:eth2:10+access_vlan:SW2:eth1:20+trunk_remove:SW1:eth3:10+trunk_remove:SW2:eth3:20,5620,0.7330975,-17.25,17,True,False,False,incorrect_declare_done,0.03980458301820738,17,8,4,0,6,6,5,0,3
479,2505,access_vlan:SW1:eth2:10+access_vlan:SW2:eth2:10+trunk_remove:SW1:eth3:10+trunk_remove:SW2:eth3:10+trunk_remove:SW2:eth3:20,5626,0.7328125000000001,-11.4,6,True,False,False,incorrect_declare_done,0.006516381942977508,6,4,1,0,0,0,0,0,3
480,2506,access_vlan:SW1:eth2:10+trunk_remove:SW1:eth3:10+trunk_remove:SW2:eth3:20,5634,0.7324325,-13.65,8,True,False,False,incorrect_declare_done,0.00811301515204832,8,7,0,0,3,3,3,0,3
481,2507,access_vlan:SW1:eth1:20+access_vlan:SW1:eth2:10+access_vlan:SW2:eth1:20+access_vlan:SW2:eth2:10+trunk_remove:SW1:eth3:10+trunk_remove:SW2:eth3:10+trunk_remove:SW2:eth3:20,5641,0.7321,-12.55,7,True,False,False,incorrect_declare_done,0.008814178207623107,7,2,2,0,2,1,2,0,2
482,2508,access_vlan:SW1:eth1:20+access_vlan:SW1:eth2:10+access_vlan:SW2:eth1:20,5653,0.73153,-14.650000000000002,12,True,False,False,incorrect_declare_done,0.008040278917178512,12,2,8,0,5,3,3,0,4
483,2509,access_vlan:SW1:eth1:20+trunk_remove:SW1:eth3:20+trunk_remove:SW2:eth3:20,5656,0.7313875000000001,-11.15,3,True,False,False,incorrect_declare_done,0.006461076593647401,3,2,0,0,1,1,1,0,2
484,2510,access_vlan:SW1:eth1:20+access_vlan:SW1:eth2:10+access_vlan:SW2:eth2:10+trunk_remove:SW1:eth3:10+trunk_remove:SW2:eth3:10,5662,0.7311025,-13.4,6,True,False,False,incorrect_declare_done,0.004571980253482859,6,4,1,0,4,3,3,0,3
485,2511,access_vlan:SW1:eth1:20+access_vlan:SW2:eth1:20,5664,0.7310075,-10.350000000000001,2,True,False,False,incorrect_declare_done,0.00781825534068048,2,1,0,0,0,0,0,0,4
486,2512,access_vlan:SW1:eth2:10+access_vlan:SW2:eth2:10+trunk_remove:SW1:eth3:10+trunk_remove:SW2:eth3:10+trunk_remove:SW2:eth3:20,5667,0.7308650000000001,-10.350000000000001,3,True,False,False,incorrect_declare_done,0.004995713010430336,3,0,2,0,0,0,0,0,4
487,2513,access_vlan:SW1:eth1:20+access_vlan:SW1:eth2:10+access_vlan:SW2:eth2:10+trunk_remove:SW1:eth3:10+trunk_remove:SW2:eth3:10+trunk_remove:SW2:eth3:20,5680,0.7302475,-13.55,13,True,False,False,incorrect_declare_done,0.026778448086518507,13,7,4,0,1,1,1,0,4
488,2514,access_vlan:SW1:eth1:20+access_vlan:SW1:eth2:10+access_vlan:SW2:eth2:10+trunk_remove:SW1:eth3:10+trunk_remove:SW2:eth3:10,5684,0.7300575,-11.3,4,True,False,False,incorrect_declare_done,0.003311038250103593,4,2,1,0,1,1,1,0,3
489,2515,access_vlan:SW2:eth2:10+trunk_remove:SW1:eth3:10+trunk_remove:SW1:eth3:20+trunk_remove:SW2:eth3:10+trunk_remove:SW2:eth3:20,5686,0.7299625000000001,-10.350000000000001,2,True,False,False,incorrect_declare_done,0.0060620170552283525,2,1,0,0,0,0,0,0,2
490,2516,access_vlan:SW1:eth1:20+access_vlan:SW1:eth2:10+trunk_remove:SW1:eth3:10+trunk_remove:SW1:eth3:20+trunk_remove:SW2:eth3:10,5696,0.7294875000000001,-13.8,10,True,False,False,incorrect_declare_done,0.03229816711973399,10,5,3,0,3,2,3,0,2
491,2517,access_vlan:SW1:eth1:20+trunk_remove:SW1:eth3:20+trunk_remove:SW2:eth3:10+trunk_remove:SW2:eth3:20,5703,0.729155,-12.05,7,True,False,False,incorrect_declare_done,0.0031959066233996835,7,4,2,0,1,1,1,0,3
492,2518,access_vlan:SW2:eth2:10+trunk_remove:SW1:eth3:10+trunk_remove:SW1:eth3:20,5733,0.72773,-12.700000000000008,30,False,True,False,step_limit,0.015436476313819487,30,15,12,0,11,4,9,1,3
493,2519,access_vlan:SW1:eth1:20+access_vlan:SW2:eth1:20+access_vlan:SW2:eth2:10+trunk_remove:SW1:eth3:10+trunk_remove:SW1:eth3:20+trunk_remove:SW2:eth3:10+trunk_remove:SW2:eth3:20,5746,0.7271125,-13.55,13,True,False,False,incorrect_declare_done,0.004776761240254228,13,7,4,0,1,1,1,0,3
494,2520,access_vlan:SW1:eth1:20+access_vlan:SW2:eth1:20+trunk_remove:SW1:eth3:10,5776,0.7256875,-12.950000000000005,30,False,True,False,step_limit,0.026128856077169377,30,23,7,0,10,5,7,0,4
495,2521,access_vlan:SW1:eth2:10+trunk_remove:SW1:eth3:20+trunk_remove:SW2:eth3:20,5779,0.725545,-10.5,3,True,False,False,incorrect_declare_done,0.0036175630521029234,3,1,1,0,0,0,0,0,3
496,2522,trunk_remove:SW2:eth3:20,5784,0.7253075,-11.8,5,True,False,False,incorrect_declare_done,0.006302166171371937,5,1,3,0,2,2,1,0,3
497,2523,trunk_remove:SW2:eth3:10,5787,0.7251650000000001,-11.5,3,True,False,False,incorrect_declare_done,0.005648513945440452,3,1,1,0,2,2,1,0,3
498,2524,trunk_remove:SW1:eth3:10+trunk_remove:SW1:eth3:20+trunk_remove:SW2:eth3:10,5789,0.7250700000000001,-10.350000000000001,2,True,False,False,incorrect_declare_done,0.004037535050883889,2,1,0,0,0,0,0,0,2
499,2525,access_vlan:SW1:eth1:20+access_vlan:SW1:eth2:10+access_vlan:SW2:eth2:10+trunk_remove:SW1:eth3:10+trunk_remove:SW2:eth3:10,5819,0.7236450000000001,-12.000000000000004,30,False,True,False,step_limit,0.0140642366061608,30,20,10,0,9,5,9,0,3
500,2526,access_vlan:SW2:eth1:20+access_vlan:SW2:eth2:10+trunk_remove:SW1:eth3:20+trunk_remove:SW2:eth3:20,5820,0.7235975,-10.05,1,True,False,False,incorrect_declare_done,0.004380941390991211,1,0,0,0,0,0,0,0,3
501,2527,access_vlan:SW1:eth2:10+access_vlan:SW2:eth1:20+trunk_remove:SW1:eth3:10+trunk_remove:SW2:eth3:10,5823,0.723455,-11.15,3,True,False,False,incorrect_declare_done,0.006221701080600421,3,2,0,0,1,1,1,0,3
502,2528,access_vlan:SW2:eth2:10+trunk_remove:SW1:eth3:10+trunk_remove:SW2:eth3:20,5846,0.7223625,-19.800000000000004,23,True,False,False,incorrect_declare_done,0.017181218004502032,23,12,9,0,9,6,6,0,2
503,2529,access_vlan:SW1:eth1:20+access_vlan:SW1:eth2:10+access_vlan:SW2:eth2:10+trunk_remove:SW2:eth3:10,5876,0.7209375,-17.55000000000001,30,False,True,False,step_limit,0.0048075518027568855,30,24,3,0,18,6,14,0,3
504,2530,access_vlan:SW1:eth1:20+access_vlan:SW1:eth2:10+trunk_remove:SW1:eth3:20,5901,0.71975,-17.450000000000003,25,True,False,False,incorrect_declare_done,0.005060611423105001,25,8,12,0,4,3,4,0,3
505,2531,access_vlan:SW1:eth2:10+access_vlan:SW2:eth1:20+access_vlan:SW2:eth2:10+trunk_remove:SW1:eth3:10+trunk_remove:SW2:eth3:10,5915,0.719085,-14.700000000000001,14,True,False,False,incorrect_declare_done,0.004440240961100374,14,8,5,0,3,3,3,0,3
506,2532,access_vlan:SW1:eth1:20+access_vlan:SW2:eth1:20+access_vlan:SW2:eth2:10+trunk_remove:SW2:eth3:10+trunk_remove:SW2:eth3:20,5939,0.717945,-18.6,24,True,False,False,incorrect_declare_done,0.028958096091325086,24,12,9,0,6,4,6,0,3
507,2533,access_vlan:SW2:eth1:20+trunk_remove:SW2:eth3:20,5958,0.7170425,-16.7,19,True,False,False,incorrect_declare_done,0.0049208133530459905,19,11,5,0,4,3,3,0,1
508,2534,access_vlan:SW1:eth1:20+trunk_remove:SW1:eth3:10+trunk_remove:SW2:eth3:20,5975,0.716235,-15.75,17,True,False,False,incorrect_declare_done,0.00476882268455537,17,12,4,0,3,2,3,0,3
509,2535,access_vlan:SW1:eth1:20+access_vlan:SW1:eth2:10+access_vlan:SW2:eth2:10+trunk_remove:SW1:eth3:20+trunk_remove:SW2:eth3:20,5989,0.71557,-17.35,14,True,False,False,incorrect_declare_done,0.005824957142717072,14,7,4,0,8,6,5,0,4
510,2536,access_vlan:SW1:eth1:20+trunk_remove:SW1:eth3:10,5995,0.715285,-12.100000000000001,6,True,False,False,incorrect_declare_done,0.003919061079310874,6,1,3,0,2,2,2,0,3
511,2537,access_vlan:SW1:eth2:10+access_vlan:SW2:eth1:20+trunk_remove:SW1:eth3:20+trunk_remove:SW2:eth3:10+trunk_remove:SW2:eth3:20,6000,0.7150475000000001,-10.950000000000001,5,True,False,False,incorrect_declare_done,0.0640665284357965,5,2,2,0,0,0,0,0,4
512,2538,access_vlan:SW1:eth1:20+access_vlan:SW1:eth2:10+access_vlan:SW2:eth1:20+access_vlan:SW2:eth2:10+trunk_remove:SW2:eth3:20,6021,0.7140500000000001,-24.100000000000005,21,True,False,False,incorrect_declare_done,0.021541768574111518,21,16,3,0,17,6,12,0,2
513,2539,access_vlan:SW2:eth2:10+trunk_remove:SW1:eth3:10+trunk_remove:SW2:eth3:20,6030,0.7136225,-13.350000000000001,9,True,False,False,incorrect_declare_done,0.005020898766815662,9,3,4,0,3,3,3,0,3
514,2540,access_vlan:SW1:eth1:20+access_vlan:SW2:eth1:20+access_vlan:SW2:eth2:10+trunk_remove:SW2:eth3:10,6041,0.7131000000000001,-13.8,11,True,False,False,incorrect_declare_done,0.03388897384601561,11,5,5,0,3,2,3,0,3
515,2541,access_vlan:SW1:eth2:10+access_vlan:SW2:eth1:20+access_vlan:SW2:eth2:10+trunk_remove:SW1:eth3:20+trunk_remove:SW2:eth3:20,6062,0.7121025000000001,-18.950000000000003,21,True,False,False,incorrect_declare_done,0.022313171387871818,21,16,4,0,7,4,6,0,3
516,2542,access_vlan:SW1:eth1:20+access_vlan:SW1:eth2:10+access_vlan:SW2:eth1:20+trunk_remove:SW1:eth3:10+trunk_remove:SW2:eth3:10,6071,0.7116750000000001,-12.850000000000001,9,True,False,False,incorrect_declare_done,0.03686728939000103,9,4,4,0,2,2,2,0,3
517,2543,access_vlan:SW1:eth2:10+access_vlan:SW2:eth1:20+access_vlan:SW2:eth2:10+trunk_remove:SW1:eth3:20+trunk_remove:SW2:eth3:10+trunk_remove:SW2:eth3:20,6095,0.7105349999999999,-18.450000000000003,24,True,False,False,incorrect_declare_done,0.005032072881779944,24,12,10,0,6,4,5,0,2
518,2544,access_vlan:SW1:eth2:10+access_vlan:SW2:eth1:20+access_vlan:SW2:eth2:10+trunk_remove:SW1:eth3:10+trunk_remove:SW1:eth3:20+trunk_remove:SW2:eth3:10,6125,0.7091099999999999,-12.200000000000005,30,False,True,False,step_limit,0.004183754429686814,30,16,12,0,10,6,8,0,3
519,2545,access_vlan:SW1:eth1:20+access_vlan:SW1:eth2:10+access_vlan:SW2:eth2:10+trunk_remove:SW2:eth3:20,6139,0.708445,-14.05,14,True,False,False,incorrect_declare_done,0.0033867698345732477,14,7,6,0,2,2,1,0,3
520,2546,access_vlan:SW1:eth2:10+trunk_remove:SW1:eth3:10,6144,0.7082075000000001,-10.950000000000001,5,True,False,False,incorrect_declare_done,0.06498543480411172,5,2,2,0,0,0,0,0,3
521,2547,access_vlan:SW1:eth2:10+access_vlan:SW2:eth2:10+trunk_remove:SW1:eth3:10+trunk_remove:SW1:eth3:20+trunk_remove:SW2:eth3:20,6164,0.7072575000000001,-17.35,20,True,False,False,incorrect_declare_done,0.004850540671031922,20,12,6,0,5,4,5,0,2
522,2548,access_vlan:SW2:eth2:10,6171,0.706925,-12.9,7,True,False,False,incorrect_declare_done,0.04624957481532225,7,3,3,0,3,3,2,0,3
523,2549,access_vlan:SW1:eth2:10+access_vlan:SW2:eth1:20+access_vlan:SW2:eth2:10+trunk_remove:SW1:eth3:10+trunk_remove:SW2:eth3:10,6189,0.70607,-18.05,18,True,False,False,incorrect_declare_done,0.004442361429230207,18,13,4,0,7,6,5,0,2
524,2550,access_vlan:SW2:eth1:20+access_vlan:SW2:eth2:10+trunk_remove:SW2:eth3:20,6193,0.7058800000000001,-11.450000000000001,4,True,False,False,incorrect_declare_done,0.003896480135153979,4,3,0,0,1,1,1,0,3
525,2551,access_vlan:SW2:eth1:20+access_vlan:SW2:eth2:10+trunk_remove:SW1:eth3:10+trunk_remove:SW2:eth3:20,6200,0.7055475,-13.200000000000001,7,True,False,False,incorrect_declare_done,0.0049723121670207805,7,5,1,0,3,3,3,0,3
526,2552,access_vlan:SW1:eth2:10+trunk_remove:SW1:eth3:10,6224,0.7044075000000001,-19.1,24,True,False,False,incorrect_declare_done,0.004231399444203514,24,11,9,0,7,4,7,0,3
527,2553,access_vlan:SW1:eth2:10+trunk_remove:SW1:eth3:10+trunk_remove:SW2:eth3:20,6254,0.7029825000000001,-21.400000000000006,30,True,False,False,incorrect_declare_done,0.014304878547166784,30,19,9,0,8,4,6,0,3
528,2554,access_vlan:SW2:eth1:20+access_vlan:SW2:eth2:10+trunk_remove:SW1:eth3:10+trunk_remove:SW2:eth3:10+trunk_remove:SW2:eth3:20,6267,0.702365,-13.75,13,True,False,False,incorrect_declare_done,0.003447485801119071,13,6,6,0,2,2,2,0,2
529,2555,access_vlan:SW1:eth1:20+access_vlan:SW1:eth2:10+access_vlan:SW2:eth1:20+access_vlan:SW2:eth2:10+trunk_remove:SW2:eth3:10,6276,0.7019375000000001,-15.0,9,True,False,False,incorrect_declare_done,0.037237400784053735,9,4,3,0,6,6,3,2,4
530,2556,access_vlan:SW1:eth1:20+access_vlan:SW2:eth1:20+trunk_remove:SW1:eth3:20,6296,0.7009875000000001,-15.100000000000001,20,True,False,False,incorrect_declare_done,0.01801430105115287,20,7,11,0,2,2,2,0,3
531,2557,access_vlan:SW1:eth2:10+access_vlan:SW2:eth1:20+access_vlan:SW2:eth2:10+trunk_remove:SW1:eth3:10+trunk_remove:SW1:eth3:20+trunk_remove:SW2:eth3:10,6301,0.70075,-11.600000000000001,5,True,False,False,incorrect_declare_done,0.0037904953584074973,5,3,1,0,1,1,1,0,4
532,2558,access_vlan:SW1:eth2:10+access_vlan:SW2:eth1:20+access_vlan:SW2:eth2:10+trunk_remove:SW1:eth3:10,6303,0.700655,-10.200000000000001,2,True,False,False,incorrect_declare_done,0.0033220957266166806,2,0,1,0,0,0,0,0,3
533,2559,access_vlan:SW1:eth1:20+access_vlan:SW1:eth2:10+access_vlan:SW2:eth2:10+trunk_remove:SW1:eth3:10+trunk_remove:SW1:eth3:20+trunk_remove:SW2:eth3:10,6315,0.7000850000000001,-12.450000000000001,12,True,False,False,incorrect_declare_done,0.028556758848329384,12,5,6,0,0,0,0,0,2
534,2560,access_vlan:SW1:eth1:20+access_vlan:SW2:eth1:20+trunk_remove:SW2:eth3:10+trunk_remove:SW2:eth3:20,6318,0.6999425,-11.5,3,True,False,False,incorrect_declare_done,0.00441903395888706,3,1,1,0,2,2,1,0,4
535,2561,access_vlan:SW1:eth2:10+access_vlan:SW2:eth1:20+access_vlan:SW2:eth2:10+trunk_remove:SW1:eth3:10+trunk_remove:SW1:eth3:20+trunk_remove:SW2:eth3:10+trunk_remove:SW2:eth3:20,6323,0.699705,-10.65,5,True,False,False,incorrect_declare_done,0.005727019323967397,5,0,4,0,0,0,0,0,3
536,2562,access_vlan:SW1:eth2:10+trunk_remove:SW2:eth3:10+trunk_remove:SW2:eth3:20,6333,0.69923,-12.65,10,True,False,False,incorrect_declare_done,0.0320187660632655,10,4,4,0,1,1,1,0,3
537,2563,access_vlan:SW1:eth1:20+access_vlan:SW1:eth2:10+trunk_remove:SW1:eth3:10+trunk_remove:SW1:eth3:20+trunk_remove:SW2:eth3:20,6341,0.69885,-12.55,8,True,False,False,incorrect_declare_done,0.003917735972208902,8,3,4,0,2,2,2,0,4
538,2564,trunk_remove:SW1:eth3:10+trunk_remove:SW1:eth3:20+trunk_remove:SW2:eth3:10,6342,0.6988025,-10.05,1,True,False,False,incorrect_declare_done,0.0023734737187623978,1,0,0,0,0,0,0,0,2
539,2565,access_vlan:SW1:eth1:20+access_vlan:SW2:eth1:20+access_vlan:SW2:eth2:10+trunk_remove:SW2:eth3:10,6352,0.6983275,-15.950000000000001,10,True,False,False,incorrect_declare_done,0.033891852374654266,10,5,2,0,7,5,5,0,3
540,2566,access_vlan:SW1:eth2:10+access_vlan:SW2:eth2:10+trunk_remove:SW1:eth3:10,6355,0.6981850000000001,-10.65,3,True,False,False,incorrect_declare_done,0.0040379303973168135,3,2,0,0,0,0,0,0,4
541,2567,access_vlan:SW1:eth1:20+access_vlan:SW2:eth2:10+trunk_remove:SW1:eth3:10+trunk_remove:SW2:eth3:20,6360,0.6979474999999999,-11.100000000000001,5,True,False,False,incorrect_declare_done,0.00453902236185968,5,2,1,0,0,0,0,0,4
542,2568,access_vlan:SW1:eth1:20+access_vlan:SW2:eth1:20+trunk_remove:SW1:eth3:20+trunk_remove:SW2:eth3:20,6364,0.6977575,-10.65,4,True,False,False,incorrect_declare_done,0.006146617524791509,4,1,2,0,0,0,0,0,4
543,2569,access_vlan:SW1:eth2:10+trunk_remove:SW1:eth3:20+trunk_remove:SW2:eth3:10+trunk_remove:SW2:eth3:20,6370,0.6974724999999999,-12.100000000000001,6,True,False,False,incorrect_declare_done,0.0036431253344441452,6,2,3,0,2,2,2,0,3
544,2570,access_vlan:SW1:eth2:10+access_vlan:SW2:eth1:20+access_vlan:SW2:eth2:10+trunk_remove:SW2:eth3:10+trunk_remove:SW2:eth3:20,6374,0.6972825,-11.15,4,True,False,False,incorrect_declare_done,0.004421781690325588,4,1,2,0,1,1,1,0,4
545,2571,access_vlan:SW1:eth2:10+trunk_remove:SW1:eth3:20+trunk_remove:SW2:eth3:10+trunk_remove:SW2:eth3:20,6375,0.697235,-10.05,1,True,False,False,incorrect_declare_done,0.004475229419767857,1,0,0,0,0,0,0,0,3
546,2572,access_vlan:SW1:eth1:20+access_vlan:SW1:eth2:10+access_vlan:SW2:eth2:10+trunk_remove:SW1:eth3:20+trunk_remove:SW2:eth3:10,6405,0.69581,-11.150000000000006,30,False,True,False,step_limit,0.004701338522136211,30,20,9,0,7,5,7,0,0
547,2573,access_vlan:SW2:eth1:20+access_vlan:SW2:eth2:10+trunk_remove:SW1:eth3:20+trunk_remove:SW2:eth3:10,6416,0.6952875000000001,-12.5,11,True,False,False,incorrect_declare_done,0.00423033336516131,11,3,7,0,1,1,1,0,3
548,2574,access_vlan:SW1:eth1:20+access_vlan:SW2:eth1:20+access_vlan:SW2:eth2:10+trunk_remove:SW1:eth3:10+trunk_remove:SW1:eth3:20+trunk_remove:SW2:eth3:10+trunk_remove:SW2:eth3:20,6433,0.69448,-15.8,17,True,False,False,incorrect_declare_done,0.02298554727424155,17,9,7,0,4,2,4,0,4
549,2575,access_vlan:SW2:eth1:20+access_vlan:SW2:eth2:10+trunk_remove:SW1:eth3:10+trunk_remove:SW1:eth3:20+trunk_remove:SW2:eth3:20,6459,0.693245,-17.1,26,True,False,False,incorrect_declare_done,0.017018051074746136,26,9,13,0,3,2,3,0,3
550,2576,access_vlan:SW1:eth1:20+access_vlan:SW2:eth1:20+access_vlan:SW2:eth2:10+trunk_remove:SW1:eth3:10+trunk_remove:SW2:eth3:20,6460,0.6931975,-10.05,1,True,False,False,incorrect_declare_done,0.003449238371104002,1,0,0,0,0,0,0,0,3
551,2577,access_vlan:SW1:eth1:20+access_vlan:SW1:eth2:10+access_vlan:SW2:eth2:10+trunk_remove:SW1:eth3:20,6485,0.69201,-23.050000000000004,25,True,False,False,incorrect_declare_done,0.004409606736153364,25,13,8,0,14,6,8,3,1
552,2578,access_vlan:SW1:eth2:10+access_vlan:SW2:eth1:20+access_vlan:SW2:eth2:10,6505,0.69106,-20.300000000000004,20,True,False,False,incorrect_declare_done,0.004248821327928453,20,15,3,0,10,6,8,0,3
553,2579,access_vlan:SW1:eth1:20+access_vlan:SW2:eth2:10+trunk_remove:SW1:eth3:10,6515,0.690585,-15.100000000000001,10,True,False,False,incorrect_declare_done,0.007614357583224774,10,7,1,0,5,3,4,0,2
554,2580,access_vlan:SW1:eth2:10+access_vlan:SW2:eth1:20+access_vlan:SW2:eth2:10+trunk_remove:SW1:eth3:10+trunk_remove:SW2:eth3:10,6520,0.6903475,-11.450000000000001,5,True,False,False,incorrect_declare_done,0.004537964891642332,5,2,2,0,1,1,1,0,3
555,2581,access_vlan:SW1:eth2:10+access_vlan:SW2:eth1:20+trunk_remove:SW1:eth3:10+trunk_remove:SW1:eth3:20,6546,0.6891125,-21.350000000000005,26,True,False,False,incorrect_declare_done,0.015863311960576817,26,15,8,0,10,6,8,0,3
556,2582,access_vlan:SW1:eth1:20+access_vlan:SW2:eth1:20+trunk_remove:SW2:eth3:10,6549,0.68897,-11.65,3,True,False,False,incorrect_declare_done,0.004684243506441514,3,2,0,0,2,2,2,0,3
557,2583,access_vlan:SW2:eth1:20+trunk_remove:SW1:eth3:10+trunk_remove:SW1:eth3:20+trunk_remove:SW2:eth3:10,6568,0.6880675,-19.0,19,True,False,False,incorrect_declare_done,0.004022509447838131,19,13,3,0,8,5,6,0,3
558,2584,access_vlan:SW1:eth2:10,6575,0.687735,-12.25,7,True,False,False,incorrect_declare_done,0.00430103753959494,7,2,4,0,2,2,2,0,3
559,2585,access_vlan:SW1:eth1:20+access_vlan:SW2:eth1:20+trunk_remove:SW1:eth3:20+trunk_remove:SW2:eth3:10,6586,0.6872125,-13.15,11,True,False,False,incorrect_declare_done,0.004132176876406778,11,4,6,0,2,2,2,0,3
560,2586,access_vlan:SW1:eth1:20+access_vlan:SW1:eth2:10+access_vlan:SW2:eth1:20+trunk_remove:SW1:eth3:10+trunk_remove:SW2:eth3:10,6616,0.6857875,-16.35000000000001,30,False,True,False,step_limit,0.013556097017135471,30,18,11,0,18,6,13,0,4
561,2587,access_vlan:SW1:eth1:20+access_vlan:SW1:eth2:10+access_vlan:SW2:eth1:20+trunk_remove:SW1:eth3:10+trunk_remove:SW1:eth3:20+trunk_remove:SW2:eth3:20,6620,0.6855975,-10.65,4,True,False,False,incorrect_declare_done,0.004279313317965716,4,1,2,0,0,0,0,0,3
562,2588,access_vlan:SW1:eth2:10+access_vlan:SW2:eth1:20+access_vlan:SW2:eth2:10+trunk_remove:SW2:eth3:20,6650,0.6841725000000001,-13.500000000000007,30,False,True,False,step_limit,0.0039454065379686655,30,18,10,0,12,6,10,0,3
563,2589,access_vlan:SW1:eth1:20+access_vlan:SW1:eth2:10+access_vlan:SW2:eth1:20+access_vlan:SW2:eth2:10+trunk_remove:SW1:eth3:10+trunk_remove:SW1:eth3:20+trunk_remove:SW2:eth3:10+trunk_remove:SW2:eth3:20,6663,0.683555,-13.75,13,True,False,False,incorrect_declare_done,0.0031429268061541594,13,6,6,0,2,2,2,0,1
564,2590,access_vlan:SW1:eth1:20+trunk_remove:SW1:eth3:10,6665,0.68346,-10.200000000000001,2,True,False,False,incorrect_declare_done,0.1525417708326131,2,0,1,0,0,0,0,0,3
565,2591,access_vlan:SW1:eth2:10+access_vlan:SW2:eth1:20+access_vlan:SW2:eth2:10+trunk_remove:SW2:eth3:10+trunk_remove:SW2:eth3:20,6676,0.6829375,-13.600000000000001,11,True,False,False,incorrect_declare_done,0.003631804953329265,11,7,3,0,2,2,2,0,4
566,2592,access_vlan:SW1:eth1:20+trunk_remove:SW1:eth3:10+trunk_remove:SW2:eth3:10,6706,0.6815125,-14.200000000000008,30,False,True,False,step_limit,0.013005743870356431,30,16,12,0,14,6,10,0,1
567,2593,access_vlan:SW2:eth1:20+trunk_remove:SW2:eth3:10,6712,0.6812275,-12.4,6,True,False,False,incorrect_declare_done,0.053327748008693256,6,4,1,0,2,2,2,0,4
568,2594,access_vlan:SW1:eth1:20+access_vlan:SW1:eth2:10+access_vlan:SW2:eth1:20+trunk_remove:SW2:eth3:10,6726,0.6805625,-15.05,14,True,False,False,incorrect_declare_done,0.024898156922842776,14,7,6,0,4,3,4,0,3
569,2595,access_vlan:SW1:eth1:20+access_vlan:SW2:eth2:10+trunk_remove:SW1:eth3:10+trunk_remove:SW2:eth3:20,6727,0.680515,-10.05,1,True,False,False,incorrect_declare_done,0.002788430079817772,1,0,0,0,0,0,0,0,4
570,2596,access_vlan:SW1:eth1:20+access_vlan:SW1:eth2:10+access_vlan:SW2:eth2:10+trunk_remove:SW1:eth3:10+trunk_remove:SW2:eth3:20,6749,0.67947,-19.8,22,True,False,False,incorrect_declare_done,0.0450534480729733,22,12,7,0,9,6,7,1,3
571,2597,access_vlan:SW1:eth1:20+access_vlan:SW2:eth1:20+access_vlan:SW2:eth2:10+trunk_remove:SW1:eth3:10+trunk_remove:SW2:eth3:10+trunk_remove:SW2:eth3:20,6756,0.6791375,-12.4,7,True,False,False,incorrect_declare_done,0.04760861932300031,7,3,3,0,2,2,2,0,3
572,2598,access_vlan:SW2:eth2:10+trunk_remove:SW1:eth3:10+trunk_remove:SW2:eth3:20,6786,0.6777124999999999,-10.250000000000002,30,False,True,False,step_limit,0.01611069046193734,30,14,15,0,7,4,5,0,4
573,2599,access_vlan:SW1:eth1:20+access_vlan:SW1:eth2:10+trunk_remove:SW1:eth3:20,6795,0.677285,-12.05,9,True,False,False,incorrect_declare_done,0.004774939527528154,9,1,6,0,1,1,1,0,3
574,2600,access_vlan:SW1:eth1:20+access_vlan:SW1:eth2:10+access_vlan:SW2:eth2:10+trunk_remove:SW1:eth3:10+trunk_remove:SW1:eth3:20+trunk_remove:SW2:eth3:20,6814,0.6763825,-16.6,19,True,False,False,incorrect_declare_done,0.0038570700899550787,19,8,9,0,5,4,4,0,3
575,2601,access_vlan:SW1:eth1:20+access_vlan:SW2:eth1:20+trunk_remove:SW1:eth3:10+trunk_remove:SW1:eth3:20+trunk_remove:SW2:eth3:10+trunk_remove:SW2:eth3:20,6844,0.6749575,-9.250000000000002,30,False,True,False,step_limit,0.0038563982079116007,30,13,15,0,5,4,5,0,3
576,2602,access_vlan:SW2:eth2:10+trunk_remove:SW2:eth3:10,6874,0.6735325,-9.100000000000005,30,False,True,False,step_limit,0.013546472244585554,30,13,16,0,5,3,5,0,3
577,2603,trunk_remove:SW2:eth3:10,6886,0.6729625,-14.100000000000001,12,True,False,False,incorrect_declare_done,0.028028148439868044,12,4,5,0,3,3,2,0,3
578,2604,access_vlan:SW1:eth1:20+access_vlan:SW1:eth2:10+access_vlan:SW2:eth1:20+trunk_remove:SW2:eth3:10+trunk_remove:SW2:eth3:20,6903,0.6721550000000001,-14.8,17,True,False,False,incorrect_declare_done,0.021322973243727842,17,8,7,0,2,1,2,0,3
579,2605,access_vlan:SW1:eth2:10+trunk_remove:SW1:eth3:10+trunk_remove:SW2:eth3:10,6933,0.67073,-11.700000000000005,30,False,True,False,step_limit,0.013194579778549572,30,17,12,0,9,6,8,0,3
580,2606,access_vlan:SW1:eth1:20+access_vlan:SW1:eth2:10+access_vlan:SW2:eth1:20+access_vlan:SW2:eth2:10+trunk_remove:SW2:eth3:10+trunk_remove:SW2:eth3:20,6954,0.6697325000000001,-19.650000000000002,21,True,False,False,incorrect_declare_done,0.045007134798825496,21,11,6,0,9,5,9,0,3
581,2607,access_vlan:SW1:eth1:20+access_vlan:SW2:eth1:20+access_vlan:SW2:eth2:10+trunk_remove:SW1:eth3:20+trunk_remove:SW2:eth3:10,6958,0.6695425,-11.15,4,True,False,False,incorrect_declare_done,0.004728909814730287,4,1,2,0,1,1,1,0,3
582,2608,access_vlan:SW1:eth1:20+access_vlan:SW1:eth2:10+access_vlan:SW2:eth2:10+trunk_remove:SW1:eth3:10,6961,0.6694,-10.5,3,True,False,False,incorrect_declare_done,0.008498303281764189,3,1,1,0,0,0,0,0,3
583,2609,access_vlan:SW1:eth1:20+access_vlan:SW2:eth1:20+access_vlan:SW2:eth2:10+trunk_remove:SW1:eth3:10+trunk_remove:SW1:eth3:20,6967,0.669115,-12.600000000000001,6,True,False,False,incorrect_declare_done,0.0525293198103706,6,2,3,0,3,3,2,0,4
584,2610,access_vlan:SW1:eth1:20+trunk_remove:SW2:eth3:10,6997,0.66769,-22.750000000000007,30,True,False,False,incorrect_declare_done,0.005138258356601,30,19,10,0,11,6,10,0,3
585,2611,access_vlan:SW1:eth1:20+trunk_remove:SW1:eth3:10+trunk_remove:SW2:eth3:10+trunk_remove:SW2:eth3:20,7027,0.666265,-12.000000000000005,30,False,True,False,step_limit,0.006544606426420311,30,19,10,0,9,4,8,0,3
586,2612,access_vlan:SW1:eth1:20+access_vlan:SW2:eth2:10+trunk_remove:SW1:eth3:20+trunk_remove:SW2:eth3:20,7043,0.665505,-14.700000000000001,16,True,False,False,incorrect_declare_done,0.021893713870667852,16,4,9,0,3,3,2,0,3
587,2613,access_vlan:SW1:eth1:20+access_vlan:SW1:eth2:10+access_vlan:SW2:eth2:10+trunk_remove:SW1:eth3:10+trunk_remove:SW1:eth3:20,7066,0.6644125000000001,-18.800000000000004,23,True,False,False,incorrect_declare_done,0.004140982535951163,23,12,9,0,7,6,6,0,2
588,2614,access_vlan:SW1:eth1:20+access_vlan:SW1:eth2:10+access_vlan:SW2:eth1:20+trunk_remove:SW1:eth3:10+trunk_remove:SW1:eth3:20,7071,0.664175,-11.75,5,True,False,False,incorrect_declare_done,0.002939327200874686,5,4,0,0,1,1,1,0,4
589,2615,access_vlan:SW1:eth2:10+access_vlan:SW2:eth1:20+trunk_remove:SW1:eth3:10+trunk_remove:SW1:eth3:20+trunk_remove:SW2:eth3:10,7075,0.663985,-10.8,4,True,False,False,incorrect_declare_done,0.003790329908952117,4,2,1,0,0,0,0,0,3
590,2616,access_vlan:SW1:eth2:10+access_vlan:SW2:eth2:10+trunk_remove:SW1:eth3:10+trunk_remove:SW2:eth3:10+trunk_remove:SW2:eth3:20,7090,0.6632725,-14.149999999999999,15,True,False,False,incorrect_declare_done,0.0035802685966094335,15,9,4,0,1,1,1,0,4
591,2617,access_vlan:SW1:eth1:20+access_vlan:SW2:eth2:10+trunk_remove:SW1:eth3:10,7100,0.6627975,-12.0,10,True,False,False,incorrect_declare_done,0.03312811353243887,10,4,5,0,0,0,0,0,2
592,2618,access_vlan:SW1:eth1:20+access_vlan:SW1:eth2:10+access_vlan:SW2:eth1:20+access_vlan:SW2:eth2:10+trunk_remove:SW2:eth3:10,7106,0.6625125000000001,-12.25,6,True,False,False,incorrect_declare_done,0.004453301235722999,6,3,2,0,2,1,2,0,2
593,2619,access_vlan:SW2:eth2:10+trunk_remove:SW2:eth3:20,7136,0.6610875,-9.750000000000004,30,False,True,False,step_limit,0.014364448830019683,30,15,15,0,6,4,6,0,2
594,2620,access_vlan:SW2:eth1:20+trunk_remove:SW2:eth3:10,7142,0.6608025,-12.100000000000001,6,True,False,False,incorrect_declare_done,0.004087815177626908,6,2,3,0,2,2,1,0,4
595,2621,access_vlan:SW1:eth1:20+access_vlan:SW1:eth2:10+trunk_remove:SW2:eth3:20,7145,0.66066,-10.65,3,True,False,False,incorrect_declare_done,0.0032803078647702932,3,2,0,0,0,0,0,0,2
596,2622,access_vlan:SW1:eth1:20+access_vlan:SW2:eth1:20+access_vlan:SW2:eth2:10+trunk_remove:SW1:eth3:10+trunk_remove:SW2:eth3:10+trunk_remove:SW2:eth3:20,7147,0.6605650000000001,-10.350000000000001,2,True,False,False,incorrect_declare_done,0.004979103105142713,2,1,0,0,0,0,0,0,3
597,2623,access_vlan:SW1:eth1:20+trunk_remove:SW1:eth3:10+trunk_remove:SW1:eth3:20+trunk_remove:SW2:eth3:20,7164,0.6597575,-15.600000000000001,17,True,False,False,incorrect_declare_done,0.02199866674730883,17,10,5,0,3,2,3,0,3
598,2624,access_vlan:SW1:eth1:20+access_vlan:SW2:eth1:20+access_vlan:SW2:eth2:10+trunk_remove:SW1:eth3:10,7172,0.6593775000000001,-12.700000000000001,8,True,False,False,incorrect_declare_done,0.002957274962682277,8,4,3,0,2,2,2,0,3
599,2625,access_vlan:SW1:eth1:20+access_vlan:SW1:eth2:10+access_vlan:SW2:eth2:10+trunk_remove:SW1:eth3:20+trunk_remove:SW2:eth3:10,7188,0.6586175000000001,-17.15,16,True,False,False,incorrect_declare_done,0.0036857046288787387,16,9,6,0,7,6,5,0,3
600,2626,access_vlan:SW2:eth2:10+trunk_remove:SW1:eth3:10+trunk_remove:SW2:eth3:10,7218,0.6571925000000001,-20.25,30,True,False,False,incorrect_declare_done,0.013691683695651592,30,18,10,0,6,6,5,0,3
601,2627,access_vlan:SW1:eth1:20+access_vlan:SW1:eth2:10+access_vlan:SW2:eth2:10+trunk_remove:SW1:eth3:20,7222,0.6570025,-11.3,4,True,False,False,incorrect_declare_done,0.07851082680281252,4,2,1,0,1,1,1,0,3
602,2628,access_vlan:SW1:eth1:20+trunk_remove:SW1:eth3:20,7235,0.656385,-14.05,13,True,False,False,incorrect_declare_done,0.0030772928506709062,13,8,4,0,2,2,2,0,4
603,2629,access_vlan:SW1:eth1:20+access_vlan:SW2:eth1:20+access_vlan:SW2:eth2:10+trunk_remove:SW1:eth3:20+trunk_remove:SW2:eth3:10+trunk_remove:SW2:eth3:20,7265,0.65496,-11.050000000000004,30,False,True,False,step_limit,0.003422285515504579,30,17,13,0,8,5,7,2,4
604,2630,access_vlan:SW1:eth1:20+access_vlan:SW2:eth1:20+access_vlan:SW2:eth2:10+trunk_remove:SW2:eth3:10+trunk_remove:SW2:eth3:20,7268,0.6548175,-10.5,3,True,False,False,incorrect_declare_done,0.002323778967062632,3,1,1,0,0,0,0,0,2
605,2631,access_vlan:SW1:eth2:10+access_vlan:SW2:eth2:10+trunk_remove:SW1:eth3:10+trunk_remove:SW2:eth3:10+trunk_remove:SW2:eth3:20,7287,0.653915,-17.75,19,True,False,False,incorrect_declare_done,0.0036934991979873494,19,9,8,0,7,5,5,0,3
606,2632,access_vlan:SW1:eth1:20+access_vlan:SW2:eth1:20+access_vlan:SW2:eth2:10+trunk_remove:SW1:eth3:10+trunk_remove:SW1:eth3:20+trunk_remove:SW2:eth3:10+trunk_remove:SW2:eth3:20,7291,0.653725,-10.65,4,True,False,False,incorrect_declare_done,0.003931767190806568,4,1,2,0,0,0,0,0,2
607,2633,access_vlan:SW1:eth2:10+access_vlan:SW2:eth1:20+access_vlan:SW2:eth2:10,7304,0.6531075000000001,-13.9,13,True,False,False,incorrect_declare_done,0.0028088613180443645,13,7,5,0,2,2,1,0,2
608,2634,access_vlan:SW1:eth1:20+access_vlan:SW2:eth2:10+trunk_remove:SW1:eth3:20,7324,0.6521575000000001,-16.85,20,True,False,False,incorrect_declare_done,0.01801466307369992,20,11,6,0,4,4,3,0,4
609,2635,access_vlan:SW1:eth1:20+access_vlan:SW1:eth2:10+access_vlan:SW2:eth1:20+trunk_remove:SW1:eth3:10,7327,0.652015,-10.5,3,True,False,False,incorrect_declare_done,0.10313206519155453,3,1,1,0,0,0,0,0,1
610,2636,access_vlan:SW1:eth1:20+access_vlan:SW1:eth2:10+access_vlan:SW2:eth1:20+trunk_remove:SW1:eth3:20,7357,0.65059,-16.95000000000001,30,False,True,False,step_limit,0.004017296410165727,30,22,7,0,18,6,14,0,4
611,2637,access_vlan:SW1:eth1:20+access_vlan:SW1:eth2:10+access_vlan:SW2:eth2:10+trunk_remove:SW1:eth3:10+trunk_remove:SW2:eth3:10,7359,0.650495,-10.350000000000001,2,True,False,False,incorrect_declare_done,0.003208132926374674,2,1,0,0,0,0,0,0,3
612,2638,access_vlan:SW1:eth1:20+access_vlan:SW1:eth2:10+access_vlan:SW2:eth1:20+access_vlan:SW2:eth2:10,7368,0.6500675,-15.5,9,True,False,False,incorrect_declare_done,0.03691920268142389,9,4,3,0,7,5,4,2,4
613,2639,access_vlan:SW1:eth1:20+access_vlan:SW2:eth1:20+trunk_remove:SW1:eth3:20+trunk_remove:SW2:eth3:20,7398,0.6486425,-9.650000000000002,30,False,True,False,step_limit,0.003465153901682546,30,17,9,0,4,2,4,0,2
614,2640,access_vlan:SW1:eth1:20+access_vlan:SW1:eth2:10+trunk_remove:SW1:eth3:10,7415,0.647835,-17.8,17,True,False,False,incorrect_declare_done,0.003535899641814039,17,8,7,0,8,5,7,0,3
615,2641,access_vlan:SW1:eth1:20+trunk_remove:SW1:eth3:10+trunk_remove:SW1:eth3:20+trunk_remove:SW2:eth3:20,7418,0.6476925,-10.5,3,True,False,False,incorrect_declare_done,0.0024275307465965548,3,1,1,0,0,0,0,0,3
616,2642,access_vlan:SW1:eth2:10+access_vlan:SW2:eth1:20+access_vlan:SW2:eth2:10,7440,0.6466475,-18.5,22,True,False,False,incorrect_declare_done,0.019310464839112352,22,11,9,0,7,5,5,1,2
617,2643,access_vlan:SW1:eth2:10+access_vlan:SW2:eth1:20+access_vlan:SW2:eth2:10+trunk_remove:SW1:eth3:10+trunk_remove:SW1:eth3:20+trunk_remove:SW2:eth3:20,7455,0.645935,-15.5,15,True,False,False,incorrect_declare_done,0.02489460517341892,15,9,5,0,4,2,4,0,3
618,2644,access_vlan:SW1:eth2:10+access_vlan:SW2:eth1:20+access_vlan:SW2:eth2:10+trunk_remove:SW1:eth3:20+trunk_remove:SW2:eth3:10,7473,0.6450800000000001,-16.25,18,True,False,False,incorrect_declare_done,0.00488856537008865,18,11,6,0,4,3,4,0,4
619,2645,access_vlan:SW2:eth2:10,7476,0.6449374999999999,-10.5,3,True,False,False,incorrect_declare_done,0.10413407286008199,3,1,1,0,0,0,0,0,3
620,2646,access_vlan:SW1:eth1:20+access_vlan:SW2:eth1:20+trunk_remove:SW1:eth3:20+trunk_remove:SW2:eth3:10+trunk_remove:SW2:eth3:20,7480,0.6447475,-11.3,4,True,False,False,incorrect_declare_done,0.005500573723111302,4,2,1,0,1,1,1,0,4
621,2647,access_vlan:SW1:eth2:10+access_vlan:SW2:eth1:20+trunk_remove:SW1:eth3:10+trunk_remove:SW2:eth3:10+trunk_remove:SW2:eth3:20,7510,0.6433225,-7.25,30,False,True,False,step_limit,0.01614401739401122,30,14,15,0,1,1,1,0,3
622,2648,access_vlan:SW2:eth1:20+access_vlan:SW2:eth2:10+trunk_remove:SW1:eth3:20+trunk_remove:SW2:eth3:20,7516,0.6430375,-11.600000000000001,6,True,False,False,incorrect_declare_done,0.0060398452915251255,6,1,3,0,1,1,1,0,3
623,2649,access_vlan:SW1:eth2:10+access_vlan:SW2:eth1:20+trunk_remove:SW1:eth3:20+trunk_remove:SW2:eth3:10,7517,0.64299,-10.05,1,True,False,False,incorrect_declare_done,0.00856372993439436,1,0,0,0,0,0,0,0,4
624,2650,access_vlan:SW1:eth1:20+access_vlan:SW2:eth1:20+trunk_remove:SW1:eth3:20+trunk_remove:SW2:eth3:20,7547,0.6415649999999999,-7.750000000000001,30,False,True,False,step_limit,0.013282277062535286,30,13,15,0,2,1,2,0,3
625,2651,access_vlan:SW1:eth1:20+access_vlan:SW1:eth2:10+access_vlan:SW2:eth1:20+access_vlan:SW2:eth2:10+trunk_remove:SW1:eth3:10+trunk_remove:SW1:eth3:20+trunk_remove:SW2:eth3:10,7549,0.64147,-10.200000000000001,2,True,False,False,incorrect_declare_done,0.003924986987840384,2,0,1,0,0,0,0,0,2
626,2652,access_vlan:SW1:eth1:20+access_vlan:SW1:eth2:10+access_vlan:SW2:eth1:20+access_vlan:SW2:eth2:10+trunk_remove:SW1:eth3:10+trunk_remove:SW2:eth3:10+trunk_remove:SW2:eth3:20,7564,0.6407575000000001,-15.149999999999999,15,True,False,False,incorrect_declare_done,0.0031834375656520325,15,10,4,0,3,2,3,0,3
627,2653,access_vlan:SW1:eth1:20+access_vlan:SW1:eth2:10+access_vlan:SW2:eth2:10+trunk_remove:SW1:eth3:10+trunk_remove:SW1:eth3:20,7568,0.6405675,-10.65,4,True,False,False,incorrect_declare_done,0.07624444254906848,4,1,2,0,0,0,0,0,2
628,2654,access_vlan:SW1:eth1:20+trunk_remove:SW1:eth3:10+trunk_remove:SW1:eth3:20,7571,0.640425,-10.350000000000001,3,True,False,False,incorrect_declare_done,0.002814971337405344,3,0,2,0,0,0,0,0,3
629,2655,access_vlan:SW1:eth1:20+access_vlan:SW1:eth2:10+trunk_remove:SW1:eth3:10+trunk_remove:SW1:eth3:20+trunk_remove:SW2:eth3:10+trunk_remove:SW2:eth3:20,7592,0.6394275,-16.05,21,True,False,False,incorrect_declare_done,0.003935477518964382,21,9,10,0,3,2,3,0,3
630,2656,access_vlan:SW1:eth1:20+access_vlan:SW1:eth2:10+access_vlan:SW2:eth1:20+trunk_remove:SW1:eth3:10+trunk_remove:SW1:eth3:20,7594,0.6393325000000001,-10.350000000000001,2,True,False,False,incorrect_declare_done,0.004066523630172014,2,1,0,0,0,0,0,0,3
631,2657,access_vlan:SW1:eth1:20+access_vlan:SW2:eth1:20,7624,0.6379075000000001,-17.65000000000001,30,False,True,False,step_limit,0.0029202060191892087,30,18,9,0,20,5,16,0,3
632,2658,access_vlan:SW1:eth1:20+trunk_remove:SW1:eth3:10+trunk_remove:SW2:eth3:20,7654,0.6364825000000001,-12.650000000000004,30,False,True,False,step_limit,0.003140911110676825,30,18,9,0,10,6,8,0,4
633,2659,access_vlan:SW1:eth1:20+access_vlan:SW1:eth2:10+access_vlan:SW2:eth2:10+trunk_remove:SW2:eth3:10,7664,0.6360075000000001,-13.0,10,True,False,False,incorrect_declare_done,0.00315603232011199,10,3,5,0,2,1,2,0,4
634,2660,access_vlan:SW1:eth1:20+access_vlan:SW1:eth2:10+access_vlan:SW2:eth2:10+trunk_remove:SW1:eth3:10+trunk_remove:SW2:eth3:10,7665,0.6359600000000001,-10.05,1,True,False,False,incorrect_declare_done,0.0025532341096550226,1,0,0,0,0,0,0,0,3
635,2661,access_vlan:SW1:eth1:20+access_vlan:SW2:eth1:20+trunk_remove:SW1:eth3:10,7675,0.6354850000000001,-13.3,10,True,False,False,incorrect_declare_done,0.0036214362713508307,10,5,3,0,2,2,1,0,3
636,2662,access_vlan:SW1:eth1:20+access_vlan:SW2:eth2:10+trunk_remove:SW1:eth3:20,7677,0.6353900000000001,-10.200000000000001,2,True,False,False,incorrect_declare_done,0.0016827714862301946,2,0,1,0,0,0,0,0,4
637,2663,access_vlan:SW1:eth1:20+access_vlan:SW2:eth1:20,7690,0.6347725,-14.400000000000002,13,True,False,False,incorrect_declare_done,0.0035837128525599837,13,7,5,0,3,2,3,1,2
638,2664,trunk_remove:SW1:eth3:20+trunk_remove:SW2:eth3:10,7720,0.6333475,-10.500000000000005,30,False,True,False,step_limit,0.013301587648068864,30,19,10,0,6,3,5,0,3
639,2665,access_vlan:SW1:eth1:20+access_vlan:SW1:eth2:10+access_vlan:SW2:eth1:20+access_vlan:SW2:eth2:10+trunk_remove:SW2:eth3:20,7725,0.6331100000000001,-10.8,5,True,False,False,incorrect_declare_done,0.004741333238780498,5,1,3,0,0,0,0,0,1
640,2666,access_vlan:SW1:eth2:10+access_vlan:SW2:eth2:10+trunk_remove:SW1:eth3:20+trunk_remove:SW2:eth3:10+trunk_remove:SW2:eth3:20,7738,0.6324925,-13.100000000000001,13,True,False,False,incorrect_declare_done,0.004028230475691648,13,5,7,0,1,1,1,0,3
641,2667,access_vlan:SW1:eth1:20+access_vlan:SW1:eth2:10+access_vlan:SW2:eth1:20+trunk_remove:SW1:eth3:20+trunk_remove:SW2:eth3:10+trunk_remove:SW2:eth3:20,7768,0.6310675000000001,-9.350000000000001,30,False,True,False,step_limit,0.0040168392627189554,30,16,11,0,4,2,4,0,4
642,2668,access_vlan:SW1:eth2:10+access_vlan:SW2:eth1:20+trunk_remove:SW1:eth3:10+trunk_remove:SW1:eth3:20+trunk_remove:SW2:eth3:10,7771,0.630925,-10.5,3,True,False,False,incorrect_declare_done,0.005280651152133942,3,1,1,0,0,0,0,0,4
643,2669,access_vlan:SW2:eth1:20+access_vlan:SW2:eth2:10+trunk_remove:SW1:eth3:10+trunk_remove:SW1:eth3:20+trunk_remove:SW2:eth3:10+trunk_remove:SW2:eth3:20,7801,0.6295,-15.000000000000009,30,False,True,False,step_limit,0.0031744693328316013,30,16,10,0,15,6,13,0,2
644,2670,access_vlan:SW1:eth1:20,7804,0.6293575,-11.5,3,True,False,False,incorrect_declare_done,0.0036260682002951703,3,1,1,0,2,2,1,0,4
645,2671,access_vlan:SW1:eth1:20+access_vlan:SW2:eth2:10+trunk_remove:SW1:eth3:10+trunk_remove:SW2:eth3:20,7819,0.628645,-15.3,15,True,False,False,incorrect_declare_done,0.003566858459574481,15,11,3,0,3,2,3,0,2
646,2672,access_vlan:SW1:eth2:10+trunk_remove:SW2:eth3:10,7849,0.62722,-10.150000000000004,30,False,True,False,step_limit,0.02260154562148576,30,18,9,0,5,3,5,0,2
647,2673,access_vlan:SW1:eth1:20+access_vlan:SW2:eth2:10+trunk_remove:SW1:eth3:10+trunk_remove:SW2:eth3:10,7866,0.6264125,-14.65,17,True,False,False,incorrect_declare_done,0.004968369502902907,17,7,8,0,2,2,2,0,2
648,2674,access_vlan:SW1:eth1:20+access_vlan:SW1:eth2:10+access_vlan:SW2:eth1:20+trunk_remove:SW2:eth3:20,7869,0.62627,-11.0,3,True,False,False,incorrect_declare_done,0.0023918039708708725,3,1,1,0,1,1,1,0,4
649,2675,access_vlan:SW1:eth2:10+trunk_remove:SW1:eth3:10+trunk_remove:SW2:eth3:10,7887,0.625415,-16.950000000000003,18,True,False,False,incorrect_declare_done,0.0036841219860232538,18,8,8,0,6,4,6,0,4
650,2676,access_vlan:SW1:eth1:20+access_vlan:SW1:eth2:10+access_vlan:SW2:eth1:20+trunk_remove:SW2:eth3:10+trunk_remove:SW2:eth3:20,7912,0.6242274999999999,-19.250000000000004,25,True,False,False,incorrect_declare_done,0.003311538198031485,25,14,10,0,7,6,6,0,3
651,2677,access_vlan:SW1:eth1:20+access_vlan:SW2:eth1:20+trunk_remove:SW2:eth3:10,7933,0.62323,-17.200000000000003,21,True,False,False,incorrect_declare_done,0.002424614487348923,21,9,9,0,5,4,4,0,1
652,2678,access_vlan:SW1:eth1:20+access_vlan:SW2:eth1:20+trunk_remove:SW1:eth3:10+trunk_remove:SW1:eth3:20+trunk_remove:SW2:eth3:20,7940,0.6228975,-11.4,7,True,False,False,incorrect_declare_done,0.0029597895253183587,7,3,3,0,0,0,0,0,3
653,2679,access_vlan:SW1:eth1:20+access_vlan:SW2:eth2:10+trunk_remove:SW1:eth3:10+trunk_remove:SW1:eth3:20+trunk_remove:SW2:eth3:10,7948,0.6225175000000001,-12.700000000000001,8,True,False,False,incorrect_declare_done,0.0023074569908203557,8,3,3,0,2,1,2,0,4
654,2680,access_vlan:SW2:eth1:20+trunk_remove:SW1:eth3:10+trunk_remove:SW1:eth3:20,7958,0.6220425,-13.0,10,True,False,False,incorrect_declare_done,0.0022086115437559783,10,4,5,0,2,2,2,0,4
655,2681,access_vlan:SW1:eth1:20+access_vlan:SW1:eth2:10+access_vlan:SW2:eth1:20,7966,0.6216625,-12.850000000000001,8,True,False,False,incorrect_declare_done,0.003154319681925699,8,4,2,0,2,2,1,0,4
656,2682,trunk_remove:SW1:eth3:10+trunk_remove:SW2:eth3:10,7967,0.621615,-10.05,1,True,False,False,incorrect_declare_done,0.0031044709030538797,1,0,0,0,0,0,0,0,1
657,2683,access_vlan:SW1:eth1:20+access_vlan:SW1:eth2:10+trunk_remove:SW1:eth3:20+trunk_remove:SW2:eth3:20,7971,0.621425,-11.15,4,True,False,False,incorrect_declare_done,0.0034381624136585742,4,1,2,0,1,1,1,0,3
658,2684,access_vlan:SW2:eth1:20+trunk_remove:SW1:eth3:10+trunk_remove:SW1:eth3:20+trunk_remove:SW2:eth3:10,7990,0.6205225,-18.900000000000002,19,True,False,False,incorrect_declare_done,0.00303317697743248,19,10,7,0,9,4,7,2,3
659,2685,trunk_remove:SW1:eth3:10+trunk_remove:SW2:eth3:10,7992,0.6204275,-10.350000000000001,2,True,False,False,incorrect_declare_done,0.001574105757754296,2,1,0,0,0,0,0,0,1
660,2686,access_vlan:SW1:eth1:20+access_vlan:SW2:eth1:20+access_vlan:SW2:eth2:10+trunk_remove:SW1:eth3:10+trunk_remove:SW1:eth3:20+trunk_remove:SW2:eth3:20,7996,0.6202375,-10.65,4,True,False,False,incorrect_declare_done,0.07309828701545484,4,1,2,0,0,0,0,0,2
661,2687,access_vlan:SW2:eth1:20+access_vlan:SW2:eth2:10,8007,0.619715,-14.600000000000001,11,True,False,False,incorrect_declare_done,0.005346418739381162,11,7,3,0,4,3,4,0,3
662,2688,access_vlan:SW1:eth1:20+access_vlan:SW2:eth2:10+trunk_remove:SW1:eth3:20+trunk_remove:SW2:eth3:20,8009,0.6196200000000001,-10.350000000000001,2,True,False,False,incorrect_declare_done,0.007534754928201437,2,1,0,0,0,0,0,0,3
663,2689,access_vlan:SW2:eth2:10+trunk_remove:SW1:eth3:10+trunk_remove:SW2:eth3:20,8039,0.618195,-9.100000000000001,30,False,True,False,step_limit,0.013215013255830854,30,13,16,0,5,4,4,0,4
664,2690,access_vlan:SW1:eth1:20+access_vlan:SW2:eth2:10+trunk_remove:SW1:eth3:10+trunk_remove:SW2:eth3:10+trunk_remove:SW2:eth3:20,8044,0.6179574999999999,-10.8,5,True,False,False,incorrect_declare_done,0.0024216616759076713,5,1,3,0,0,0,0,0,4
665,2691,access_vlan:SW1:eth1:20+access_vlan:SW1:eth2:10+access_vlan:SW2:eth1:20+trunk_remove:SW2:eth3:20,8047,0.617815,-11.0,3,True,False,False,incorrect_declare_done,0.004414033222322662,3,1,1,0,1,1,1,0,4
666,2692,access_vlan:SW1:eth2:10+access_vlan:SW2:eth1:20+trunk_remove:SW1:eth3:10+trunk_remove:SW2:eth3:10+trunk_remove:SW2:eth3:20,8052,0.6175775,-10.950000000000001,5,True,False,False,incorrect_declare_done,0.002626692084595561,5,2,2,0,0,0,0,0,3
667,2693,trunk_remove:SW1:eth3:20+trunk_remove:SW2:eth3:20,8055,0.617435,-11.5,3,True,False,False,incorrect_declare_done,0.002739021476979057,3,1,1,0,2,2,1,0,3
668,2694,access_vlan:SW1:eth1:20+access_vlan:SW2:eth1:20+trunk_remove:SW1:eth3:10+trunk_remove:SW1:eth3:20,8065,0.61696,-12.950000000000001,10,True,False,False,incorrect_declare_done,0.002413033554330468,10,7,2,0,1,1,1,0,3
669,2695,access_vlan:SW2:eth1:20+access_vlan:SW2:eth2:10+trunk_remove:SW1:eth3:20+trunk_remove:SW2:eth3:10,8072,0.6166275,-14.2,7,True,False,False,incorrect_declare_done,0.0027536804721291575,7,5,1,0,5,5,4,0,4
670,2696,access_vlan:SW2:eth2:10+trunk_remove:SW1:eth3:10+trunk_remove:SW2:eth3:10+trunk_remove:SW2:eth3:20,8102,0.6152025,-11.400000000000006,30,False,True,False,step_limit,0.0031662219824890297,30,14,14,0,9,4,8,0,3
671,2697,trunk_remove:SW1:eth3:20+trunk_remove:SW2:eth3:20,8120,0.6143475,-15.650000000000002,18,True,False,False,incorrect_declare_done,0.003979416706392335,18,5,10,0,4,4,2,0,1
672,2698,access_vlan:SW1:eth1:20+access_vlan:SW1:eth2:10+trunk_remove:SW1:eth3:10+trunk_remove:SW1:eth3:20+trunk_remove:SW2:eth3:10,8122,0.6142525,-10.200000000000001,2,True,False,False,incorrect_declare_done,0.005401650094427168,2,0,1,0,0,0,0,0,2
673,2699,access_vlan:SW1:eth1:20+access_vlan:SW1:eth2:10+access_vlan:SW2:eth1:20+trunk_remove:SW1:eth3:10+trunk_remove:SW1:eth3:20,8152,0.6128275,-16.000000000000007,30,False,True,False,step_limit,0.0023434776657571396,30,20,10,0,17,6,14,1,3
674,2700,access_vlan:SW2:eth1:20+trunk_remove:SW1:eth3:10+trunk_remove:SW1:eth3:20,8165,0.61221,-13.1,13,True,False,False,incorrect_declare_done,0.002161947477501459,13,4,7,0,1,1,1,0,1
675,2701,access_vlan:SW1:eth1:20+access_vlan:SW2:eth1:20+trunk_remove:SW1:eth3:20+trunk_remove:SW2:eth3:20,8195,0.610785,-16.900000000000002,30,True,False,False,incorrect_declare_done,0.012251986361419161,30,9,19,0,2,2,1,0,1
676,2702,access_vlan:SW2:eth1:20+access_vlan:SW2:eth2:10+trunk_remove:SW1:eth3:20+trunk_remove:SW2:eth3:10+trunk_remove:SW2:eth3:20,8201,0.6105,-12.75,6,True,False,False,incorrect_declare_done,0.003773581547041734,6,3,2,0,3,3,3,0,3
677,2703,access_vlan:SW1:eth2:10+trunk_remove:SW1:eth3:10+trunk_remove:SW2:eth3:10+trunk_remove:SW2:eth3:20,8204,0.6103575,-10.5,3,True,False,False,incorrect_declare_done,0.005389373671884338,3,1,1,0,0,0,0,0,3
678,2704,access_vlan:SW1:eth1:20+access_vlan:SW2:eth1:20+access_vlan:SW2:eth2:10+trunk_remove:SW1:eth3:20+trunk_remove:SW2:eth3:10,8207,0.610215,-10.350000000000001,3,True,False,False,incorrect_declare_done,0.005293056524048249,3,0,2,0,0,0,0,0,3
679,2705,access_vlan:SW1:eth1:20+access_vlan:SW2:eth1:20+access_vlan:SW2:eth2:10+trunk_remove:SW2:eth3:20,8218,0.6096925,-15.100000000000001,11,True,False,False,incorrect_declare_done,0.0048072776037522335,11,5,3,0,5,4,5,0,3
680,2706,access_vlan:SW2:eth1:20+trunk_remove:SW2:eth3:10,8232,0.6090275,-17.700000000000003,14,True,False,False,incorrect_declare_done,0.0033963457847546253,14,7,5,0,9,5,8,0,4
681,2707,access_vlan:SW1:eth2:10+trunk_remove:SW2:eth3:20,8236,0.6088375,-11.8,4,True,False,False,incorrect_declare_done,0.003924366843421012,4,2,1,0,2,2,2,0,3
682,2708,access_vlan:SW1:eth1:20+access_vlan:SW1:eth2:10+access_vlan:SW2:eth1:20+trunk_remove:SW1:eth3:10+trunk_remove:SW1:eth3:20+trunk_remove:SW2:eth3:10+trunk_remove:SW2:eth3:20,8238,0.6087425,-10.200000000000001,2,True,False,False,incorrect_declare_done,0.003405140247195959,2,0,1,0,0,0,0,0,3
683,2709,access_vlan:SW2:eth1:20+trunk_remove:SW2:eth3:20,8258,0.6077925,-16.2,20,True,False,False,incorrect_declare_done,0.003189409873448312,20,11,7,0,3,1,3,0,3
684,2710,access_vlan:SW2:eth1:20+trunk_remove:SW1:eth3:10+trunk_remove:SW2:eth3:10+trunk_remove:SW2:eth3:20,8278,0.6068425,-17.25,20,True,False,False,incorrect_declare_done,0.002913806086871773,20,9,10,0,6,6,5,0,1
685,2711,access_vlan:SW1:eth1:20+access_vlan:SW1:eth2:10+access_vlan:SW2:eth1:20+trunk_remove:SW1:eth3:10+trunk_remove:SW1:eth3:20+trunk_remove:SW2:eth3:10+trunk_remove:SW2:eth3:20,8293,0.6061300000000001,-14.2,15,True,False,False,incorrect_declare_done,0.04547521506125728,15,7,7,0,2,2,2,0,4
686,2712,access_vlan:SW1:eth1:20+access_vlan:SW1:eth2:10+access_vlan:SW2:eth2:10+trunk_remove:SW1:eth3:20,8319,0.604895,-17.650000000000002,26,True,False,False,incorrect_declare_done,0.005219161510467529,26,8,16,0,5,3,4,1,3
687,2713,access_vlan:SW2:eth2:10+trunk_remove:SW1:eth3:10+trunk_remove:SW2:eth3:20,8325,0.60461,-11.25,6,True,False,False,incorrect_declare_done,0.005956027637391041,6,3,2,0,0,0,0,0,3
688,2714,access_vlan:SW1:eth2:10+access_vlan:SW2:eth1:20+access_vlan:SW2:eth2:10+trunk_remove:SW1:eth3:10+trunk_remove:SW2:eth3:10+trunk_remove:SW2:eth3:20,8345,0.6036600000000001,-15.4,20,True,False,False,incorrect_declare_done,0.018347695958800612,20,9,9,0,2,2,2,0,2
689,2715,access_vlan:SW1:eth2:10+access_vlan:SW2:eth2:10+trunk_remove:SW1:eth3:10+trunk_remove:SW2:eth3:10+trunk_remove:SW2:eth3:20,8368,0.6025675,-14.55,23,True,False,False,incorrect_declare_done,0.0033208316030061765,23,8,14,0,0,0,0,0,1
690,2716,access_vlan:SW1:eth2:10+trunk_remove:SW1:eth3:20+trunk_remove:SW2:eth3:10,8398,0.6011425,-12.000000000000007,30,False,True,False,step_limit,0.0031973573728464543,30,19,10,0,9,5,9,0,3
691,2717,access_vlan:SW1:eth1:20+trunk_remove:SW1:eth3:10+trunk_remove:SW1:eth3:20,8400,0.6010475,-10.850000000000001,2,True,False,False,incorrect_declare_done,0.0025783301680348814,2,1,0,0,1,1,1,0,4
692,2718,access_vlan:SW1:eth1:20+access_vlan:SW1:eth2:10+trunk_remove:SW1:eth3:20+trunk_remove:SW2:eth3:20,8415,0.6003350000000001,-14.55,15,True,False,False,incorrect_declare_done,0.023589159804396333,15,6,8,0,3,3,3,0,1
693,2719,access_vlan:SW1:eth2:10+access_vlan:SW2:eth2:10+trunk_remove:SW1:eth3:10+trunk_remove:SW2:eth3:10,8445,0.59891,-9.600000000000001,30,False,True,False,step_limit,0.012031780757630865,30,13,16,0,6,4,6,0,3
694,2720,access_vlan:SW1:eth1:20+access_vlan:SW1:eth2:10+access_vlan:SW2:eth1:20+access_vlan:SW2:eth2:10+trunk_remove:SW1:eth3:10,8462,0.5981025,-17.3,17,True,False,False,incorrect_declare_done,0.002773750963730409,17,9,7,0,7,5,5,0,3
695,2721,access_vlan:SW1:eth1:20+access_vlan:SW1:eth2:10+trunk_remove:SW1:eth3:10+trunk_remove:SW1:eth3:20+trunk_remove:SW2:eth3:20,8463,0.598055,-10.05,1,True,False,False,incorrect_declare_done,0.0014182216254994273,1,0,0,0,0,0,0,0,2
696,2722,access_vlan:SW1:eth1:20+access_vlan:SW1:eth2:10+trunk_remove:SW2:eth3:10+trunk_remove:SW2:eth3:20,8476,0.5974375000000001,-14.9,13,True,False,False,incorrect_declare_done,0.003041648852209059,13,6,5,0,4,3,4,0,3
697,2723,access_vlan:SW1:eth1:20+access_vlan:SW1:eth2:10+trunk_remove:SW1:eth3:10+trunk_remove:SW2:eth3:20,8483,0.597105,-12.55,7,True,False,False,incorrect_declare_done,0.002980028545217855,7,4,2,0,2,2,2,0,2
698,2724,access_vlan:SW1:eth1:20+access_vlan:SW2:eth1:20+access_vlan:SW2:eth2:10+trunk_remove:SW1:eth3:10+trunk_remove:SW1:eth3:20+trunk_remove:SW2:eth3:10,8513,0.59568,-8.100000000000001,30,False,True,False,step_limit,0.02412578520209839,30,14,16,0,3,2,3,0,2
699,2725,access_vlan:SW1:eth2:10+access_vlan:SW2:eth2:10+trunk_remove:SW1:eth3:10+trunk_remove:SW1:eth3:20+trunk_remove:SW2:eth3:20,8543,0.594255,-10.900000000000004,30,False,True,False,step_limit,0.01348942262896647,30,16,14,0,8,5,7,0,4
700,2726,access_vlan:SW2:eth1:20+trunk_remove:SW1:eth3:10+trunk_remove:SW2:eth3:10+trunk_remove:SW2:eth3:20,8560,0.5934475,-16.200000000000003,17,True,False,False,incorrect_declare_done,0.0035531298695679974,17,4,11,0,6,4,4,0,4
701,2727,access_vlan:SW1:eth2:10+access_vlan:SW2:eth1:20+access_vlan:SW2:eth2:10+trunk_remove:SW2:eth3:10,8573,0.59283,-13.6,13,True,False,False,incorrect_declare_done,0.00304962986578735,13,5,7,0,2,2,1,0,3
702,2728,access_vlan:SW1:eth1:20+access_vlan:SW1:eth2:10+access_vlan:SW2:eth2:10+trunk_remove:SW2:eth3:10,8578,0.5925925000000001,-11.600000000000001,5,True,False,False,incorrect_declare_done,0.0018007062724791467,5,3,1,0,1,1,1,0,3
703,2729,access_vlan:SW1:eth1:20+trunk_remove:SW1:eth3:10+trunk_remove:SW2:eth3:20,8579,0.592545,-10.05,1,True,False,False,incorrect_declare_done,0.0014376172330230474,1,0,0,0,0,0,0,0,3
704,2730,access_vlan:SW1:eth2:10+access_vlan:SW2:eth1:20+trunk_remove:SW2:eth3:10,8594,0.5918325,-15.7,15,True,False,False,incorrect_declare_done,0.06245949576453616,15,7,7,0,5,4,4,2,3
705,2731,access_vlan:SW2:eth1:20+access_vlan:SW2:eth2:10+trunk_remove:SW1:eth3:10+trunk_remove:SW1:eth3:20,8596,0.5917375,-10.850000000000001,2,True,False,False,incorrect_declare_done,0.004115303512662649,2,1,0,0,1,1,1,0,3
706,2732,access_vlan:SW1:eth2:10+trunk_remove:SW1:eth3:10+trunk_remove:SW2:eth3:20,8606,0.5912625,-12.650000000000002,10,True,False,False,incorrect_declare_done,0.0030010169954039156,10,4,4,0,1,1,1,0,3
707,2733,access_vlan:SW1:eth1:20+access_vlan:SW1:eth2:10+access_vlan:SW2:eth1:20+access_vlan:SW2:eth2:10+trunk_remove:SW1:eth3:20+trunk_remove:SW2:eth3:10,8613,0.59093,-11.9,7,True,False,False,incorrect_declare_done,0.09091625748468297,7,3,3,0,1,1,1,0,3
708,2734,access_vlan:SW1:eth1:20+access_vlan:SW2:eth1:20+trunk_remove:SW1:eth3:10+trunk_remove:SW1:eth3:20,8633,0.5899800000000001,-17.65,20,True,False,False,incorrect_declare_done,0.0038414484122768046,20,14,4,0,5,5,4,0,3
709,2735,access_vlan:SW1:eth2:10+access_vlan:SW2:eth1:20+trunk_remove:SW1:eth3:10+trunk_remove:SW1:eth3:20+trunk_remove:SW2:eth3:10+trunk_remove:SW2:eth3:20,8649,0.5892200000000001,-13.55,16,True,False,False,incorrect_declare_done,0.02059420223667985,16,5,10,0,1,1,1,0,2
710,2736,access_vlan:SW1:eth1:20+access_vlan:SW2:eth1:20+access_vlan:SW2:eth2:10+trunk_remove:SW1:eth3:10+trunk_remove:SW1:eth3:20+trunk_remove:SW2:eth3:10+trunk_remove:SW2:eth3:20,8679,0.5877950000000001,-8.600000000000001,30,False,True,False,step_limit,0.0032315861627769966,30,13,16,0,4,3,4,0,2
711,2737,access_vlan:SW1:eth1:20+access_vlan:SW2:eth1:20+trunk_remove:SW1:eth3:10+trunk_remove:SW1:eth3:20,8692,0.5871775,-16.1,13,True,False,False,incorrect_declare_done,0.002635798748367681,13,4,7,0,7,4,4,0,3
712,2738,access_vlan:SW1:eth2:10+access_vlan:SW2:eth1:20+access_vlan:SW2:eth2:10+trunk_remove:SW2:eth3:20,8704,0.5866075000000001,-14.25,12,True,False,False,incorrect_declare_done,0.0031076592955893525,12,5,4,0,3,2,3,0,2
713,2739,access_vlan:SW1:eth1:20+access_vlan:SW2:eth1:20+access_vlan:SW2:eth2:10+trunk_remove:SW2:eth3:10+trunk_remove:SW2:eth3:20,8709,0.5863700000000001,-11.75,5,True,False,False,incorrect_declare_done,0.003655313584022224,5,4,0,0,1,1,1,0,3
714,2740,access_vlan:SW1:eth1:20+access_vlan:SW2:eth2:10+trunk_remove:SW1:eth3:20+trunk_remove:SW2:eth3:20,8734,0.5851825,-17.3,25,True,False,False,incorrect_declare_done,0.014859900688752531,25,11,13,0,4,3,4,0,3
715,2741,access_vlan:SW1:eth2:10+trunk_remove:SW1:eth3:10+trunk_remove:SW1:eth3:20,8764,0.5837575,-8.300000000000002,30,False,True,False,step_limit,0.01213472793266798,30,12,18,0,4,2,4,0,3
716,2742,access_vlan:SW1:eth1:20+access_vlan:SW2:eth1:20+trunk_remove:SW2:eth3:10,8765,0.5837100000000001,-10.05,1,True,False,False,incorrect_declare_done,0.0036997294519096613,1,0,0,0,0,0,0,0,4
717,2743,access_vlan:SW1:eth2:10+access_vlan:SW2:eth2:10+trunk_remove:SW2:eth3:10+trunk_remove:SW2:eth3:20,8778,0.5830925,-13.55,13,True,False,False,incorrect_declare_done,0.0026325335941062523,13,8,4,0,1,1,1,0,3
718,2744,access_vlan:SW1:eth2:10+access_vlan:SW2:eth1:20+access_vlan:SW2:eth2:10+trunk_remove:SW1:eth3:10+trunk_remove:SW1:eth3:20+trunk_remove:SW2:eth3:10,8782,0.5829025000000001,-10.65,4,True,False,False,incorrect_declare_done,0.004069359740242362,4,1,2,0,0,0,0,0,3
719,2745,access_vlan:SW1:eth1:20+access_vlan:SW1:eth2:10+trunk_remove:SW1:eth3:20+trunk_remove:SW2:eth3:10+trunk_remove:SW2:eth3:20,8791,0.5824750000000001,-12.200000000000001,9,True,False,False,incorrect_declare_done,0.03451427647895697,9,3,5,0,1,1,1,0,3
720,2746,access_vlan:SW1:eth2:10+access_vlan:SW2:eth2:10+trunk_remove:SW1:eth3:10+trunk_remove:SW1:eth3:20+trunk_remove:SW2:eth3:20,8819,0.581145,-19.550000000000004,28,True,False,False,incorrect_declare_done,0.024320107685135945,28,13,14,0,7,6,5,0,3
721,2747,access_vlan:SW1:eth1:20+access_vlan:SW2:eth1:20+access_vlan:SW2:eth2:10+trunk_remove:SW1:eth3:20+trunk_remove:SW2:eth3:10+trunk_remove:SW2:eth3:20,8821,0.5810500000000001,-10.850000000000001,2,True,False,False,incorrect_declare_done,0.005418817512691021,2,1,0,0,1,1,1,0,4
722,2748,access_vlan:SW1:eth1:20+access_vlan:SW1:eth2:10+access_vlan:SW2:eth1:20,8850,0.5796725,-23.850000000000005,29,True,False,False,incorrect_declare_done,0.003398028527514945,29,11,14,0,15,6,8,1,4
723,2749,access_vlan:SW1:eth2:10+access_vlan:SW2:eth2:10+trunk_remove:SW1:eth3:10+trunk_remove:SW2:eth3:10,8880,0.5782475,-11.500000000000007,30,False,True,False,step_limit,0.012303603250378123,30,17,10,0,8,5,7,0,0
724,2750,access_vlan:SW2:eth2:10+trunk_remove:SW1:eth3:20+trunk_remove:SW2:eth3:20,8896,0.5774875,-14.75,16,True,False,False,incorrect_declare_done,0.0037159699058975093,16,3,12,0,4,4,2,0,4
725,2751,access_vlan:SW1:eth1:20+access_vlan:SW1:eth2:10+trunk_remove:SW2:eth3:10+trunk_remove:SW2:eth3:20,8923,0.5762050000000001,-19.050000000000004,27,True,False,False,incorrect_declare_done,0.003000260181983726,27,11,12,0,6,4,6,0,3
726,2752,trunk_remove:SW1:eth3:20+trunk_remove:SW2:eth3:20,8938,0.5754925,-14.900000000000002,15,True,False,False,incorrect_declare_done,0.022690627017679314,15,5,9,0,4,4,3,0,3
727,2753,access_vlan:SW1:eth1:20+access_vlan:SW1:eth2:10+access_vlan:SW2:eth2:10+trunk_remove:SW2:eth3:20,8940,0.5753975,-10.200000000000001,2,True,False,False,incorrect_declare_done,0.0028694928623735905,2,0,1,0,0,0,0,0,3
728,2754,access_vlan:SW2:eth2:10+trunk_remove:SW1:eth3:20+trunk_remove:SW2:eth3:20,8970,0.5739725,-13.40000000000001,30,False,True,False,step_limit,0.0027607318576580533,30,15,14,0,13,5,10,0,1
729,2755,access_vlan:SW1:eth2:10+access_vlan:SW2:eth2:10+trunk_remove:SW2:eth3:10+trunk_remove:SW2:eth3:20,8977,0.57364,-12.05,7,True,False,False,incorrect_declare_done,0.0020649742800742388,7,3,2,0,1,1,1,0,2
730,2756,access_vlan:SW2:eth2:10+trunk_remove:SW1:eth3:10+trunk_remove:SW2:eth3:20,8988,0.5731175,-12.95,11,True,False,False,incorrect_declare_done,0.0026542979017408056,11,4,4,0,1,1,1,0,3
731,2757,access_vlan:SW1:eth1:20+access_vlan:SW2:eth1:20+trunk_remove:SW1:eth3:10,8991,0.572975,-11.0,3,True,False,False,incorrect_declare_done,0.0022084569791331887,3,1,1,0,1,1,1,0,3
732,2758,access_vlan:SW1:eth1:20+access_vlan:SW1:eth2:10+access_vlan:SW2:eth2:10+trunk_remove:SW1:eth3:10+trunk_remove:SW2:eth3:20,9021,0.57155,-10.650000000000004,30,False,True,False,step_limit,0.0035196282571026433,30,11,19,0,9,6,6,0,4
733,2759,access_vlan:SW1:eth2:10+access_vlan:SW2:eth1:20+access_vlan:SW2:eth2:10+trunk_remove:SW1:eth3:10+trunk_remove:SW2:eth3:10,9027,0.571265,-11.75,6,True,False,False,incorrect_declare_done,0.0038355025462806225,6,3,2,0,1,1,1,0,4
734,2760,access_vlan:SW2:eth2:10+trunk_remove:SW1:eth3:20+trunk_remove:SW2:eth3:20,9054,0.5699825000000001,-19.900000000000006,27,True,False,False,incorrect_declare_done,0.014834697134102936,27,11,13,0,8,4,7,0,4
735,2761,access_vlan:SW1:eth2:10+trunk_remove:SW2:eth3:10+trunk_remove:SW2:eth3:20,9074,0.5690325,-15.25,20,True,False,False,incorrect_declare_done,0.003246777213644236,20,8,10,0,2,2,2,0,2
736,2762,access_vlan:SW1:eth1:20+access_vlan:SW1:eth2:10+trunk_remove:SW2:eth3:10+trunk_remove:SW2:eth3:20,9091,0.568225,-15.950000000000001,17,True,False,False,incorrect_declare_done,0.05406729242873981,17,8,6,0,4,4,4,0,2
737,2763,access_vlan:SW1:eth1:20+access_vlan:SW1:eth2:10+trunk_remove:SW2:eth3:20,9106,0.5675125000000001,-15.8,15,True,False,False,incorrect_declare_done,0.02407513765307764,15,10,3,0,4,2,4,0,4
738,2764,access_vlan:SW1:eth1:20+access_vlan:SW1:eth2:10+trunk_remove:SW1:eth3:10+trunk_remove:SW1:eth3:20+trunk_remove:SW2:eth3:20,9108,0.5674175,-10.850000000000001,2,True,False,False,incorrect_declare_done,0.007607892621308565,2,1,0,0,1,1,1,0,3
739,2765,access_vlan:SW1:eth1:20+access_vlan:SW1:eth2:10+access_vlan:SW2:eth1:20+access_vlan:SW2:eth2:10+trunk_remove:SW1:eth3:10+trunk_remove:SW1:eth3:20+trunk_remove:SW2:eth3:10,9138,0.5659925000000001,-19.300000000000004,30,True,False,False,incorrect_declare_done,0.004570711823180318,30,14,13,0,5,4,4,0,3
740,2766,trunk_remove:SW2:eth3:10+trunk_remove:SW2:eth3:20,9145,0.56566,-11.75,7,True,False,False,incorrect_declare_done,0.0022465530450322796,7,2,4,0,1,1,1,0,3
741,2767,access_vlan:SW2:eth2:10+trunk_remove:SW1:eth3:20+trunk_remove:SW2:eth3:20,9148,0.5655175000000001,-10.350000000000001,3,True,False,False,incorrect_declare_done,0.09154346406770249,3,0,2,0,0,0,0,0,3
742,2768,access_vlan:SW1:eth1:20+access_vlan:SW1:eth2:10+access_vlan:SW2:eth1:20+trunk_remove:SW1:eth3:20,9157,0.5650900000000001,-14.0,9,True,False,False,incorrect_declare_done,0.003887741684189273,9,3,3,0,4,3,2,0,1
743,2769,access_vlan:SW1:eth1:20+access_vlan:SW2:eth1:20+access_vlan:SW2:eth2:10+trunk_remove:SW1:eth3:10+trunk_remove:SW2:eth3:10,9158,0.5650425000000001,-10.05,1,True,False,False,incorrect_declare_done,0.010507103055715561,1,0,0,0,0,0,0,0,3
744,2770,access_vlan:SW1:eth2:10+trunk_remove:SW1:eth3:20+trunk_remove:SW2:eth3:10+trunk_remove:SW2:eth3:20,9161,0.5649,-11.0,3,True,False,False,incorrect_declare_done,0.002741937292739749,3,1,1,0,1,1,1,0,4
745,2771,access_vlan:SW1:eth2:10+access_vlan:SW2:eth1:20+access_vlan:SW2:eth2:10+trunk_remove:SW1:eth3:20+trunk_remove:SW2:eth3:20,9170,0.5644724999999999,-13.700000000000001,9,True,False,False,incorrect_declare_done,0.002859746713915633,9,3,5,0,4,3,3,0,3
746,2772,access_vlan:SW1:eth2:10+access_vlan:SW2:eth1:20+access_vlan:SW2:eth2:10+trunk_remove:SW1:eth3:10,9171,0.564425,-10.05,1,True,False,False,incorrect_declare_done,0.006338128354400396,1,0,0,0,0,0,0,0,3
747,2773,access_vlan:SW1:eth2:10+access_vlan:SW2:eth1:20+access_vlan:SW2:eth2:10+trunk_remove:SW1:eth3:10,9173,0.56433,-10.350000000000001,2,True,False,False,incorrect_declare_done,0.0012884325115010142,2,1,0,0,0,0,0,0,3
748,2774,trunk_remove:SW2:eth3:20,9174,0.5642825,-10.05,1,True,False,False,incorrect_declare_done,0.003239522222429514,1,0,0,0,0,0,0,0,1
749,2775,access_vlan:SW1:eth1:20+access_vlan:SW1:eth2:10+access_vlan:SW2:eth2:10+trunk_remove:SW1:eth3:20+trunk_remove:SW2:eth3:10,9204,0.5628575,-10.200000000000003,30,False,True,False,step_limit,0.0028013097199921805,30,16,12,0,6,4,6,0,3
750,2776,access_vlan:SW1:eth1:20+access_vlan:SW1:eth2:10+access_vlan:SW2:eth2:10+trunk_remove:SW1:eth3:10+trunk_remove:SW2:eth3:10+trunk_remove:SW2:eth3:20,9209,0.5626200000000001,-11.450000000000001,5,True,False,False,incorrect_declare_done,0.00231671785004437,5,2,2,0,1,1,1,0,3
751,2777,access_vlan:SW1:eth1:20+access_vlan:SW1:eth2:10+trunk_remove:SW2:eth3:10+trunk_remove:SW2:eth3:20,9225,0.56186,-15.650000000000002,16,True,False,False,incorrect_declare_done,0.018802006958139827,16,9,6,0,4,4,3,0,3
752,2778,access_vlan:SW2:eth1:20+access_vlan:SW2:eth2:10+trunk_remove:SW1:eth3:10+trunk_remove:SW1:eth3:20+trunk_remove:SW2:eth3:20,9242,0.5610525,-15.3,17,True,False,False,incorrect_declare_done,0.0021460383089587968,17,8,7,0,3,2,3,0,1
753,2779,access_vlan:SW1:eth2:10+access_vlan:SW2:eth1:20+access_vlan:SW2:eth2:10+trunk_remove:SW2:eth3:20,9247,0.5608150000000001,-10.8,5,True,False,False,incorrect_declare_done,0.002601326326839626,5,1,3,0,0,0,0,0,3
754,2780,access_vlan:SW1:eth1:20+access_vlan:SW2:eth1:20+access_vlan:SW2:eth2:10+trunk_remove:SW1:eth3:20,9257,0.5603400000000001,-12.350000000000001,10,True,False,False,incorrect_declare_done,0.028332898975349963,10,3,6,0,1,1,1,0,2
755,2781,access_vlan:SW2:eth2:10+trunk_remove:SW1:eth3:20,9259,0.5602450000000001,-10.200000000000001,2,True,False,False,incorrect_declare_done,0.0017505298019386828,2,0,1,0,0,0,0,0,3
756,2782,access_vlan:SW2:eth1:20+access_vlan:SW2:eth2:10+trunk_remove:SW1:eth3:10+trunk_remove:SW2:eth3:10+trunk_remove:SW2:eth3:20,9273,0.55958,-12.95,14,True,False,False,incorrect_declare_done,0.0032895707824666586,14,2,10,0,1,1,1,0,2
757,2783,access_vlan:SW2:eth1:20+access_vlan:SW2:eth2:10+trunk_remove:SW1:eth3:10+trunk_remove:SW1:eth3:20+trunk_remove:SW2:eth3:10+trunk_remove:SW2:eth3:20,9276,0.5594375,-11.0,3,True,False,False,incorrect_declare_done,0.0025724306469783187,3,1,1,0,1,1,1,0,3
758,2784,access_vlan:SW2:eth1:20+trunk_remove:SW1:eth3:10+trunk_remove:SW2:eth3:10+trunk_remove:SW2:eth3:20,9289,0.5588200000000001,-14.55,13,True,False,False,incorrect_declare_done,0.002527763440202062,13,8,4,0,3,3,2,0,1
759,2785,access_vlan:SW2:eth1:20+access_vlan:SW2:eth2:10+trunk_remove:SW1:eth3:10+trunk_remove:SW2:eth3:10+trunk_remove:SW2:eth3:20,9304,0.5581075,-15.5,15,True,False,False,incorrect_declare_done,0.003084592257315914,15,9,5,0,4,4,3,0,3
760,2786,access_vlan:SW1:eth2:10+access_vlan:SW2:eth1:20+access_vlan:SW2:eth2:10+trunk_remove:SW1:eth3:20+trunk_remove:SW2:eth3:20,9320,0.5573475000000001,-16.85,16,True,False,False,incorrect_declare_done,0.003038485534489155,16,6,8,0,7,5,5,0,4
761,2787,access_vlan:SW1:eth2:10+access_vlan:SW2:eth2:10+trunk_remove:SW1:eth3:20+trunk_remove:SW2:eth3:10+trunk_remove:SW2:eth3:20,9350,0.5559225000000001,-11.650000000000006,30,False,True,False,step_limit,0.0026186309444407624,30,20,9,0,8,4,6,0,2
762,2788,access_vlan:SW1:eth2:10+access_vlan:SW2:eth2:10+trunk_remove:SW1:eth3:10+trunk_remove:SW1:eth3:20+trunk_remove:SW2:eth3:10+trunk_remove:SW2:eth3:20,9357,0.55559,-11.25,7,True,False,False,incorrect_declare_done,0.08847609613024231,7,2,4,0,0,0,0,0,4
763,2789,access_vlan:SW1:eth1:20+access_vlan:SW1:eth2:10+access_vlan:SW2:eth2:10+trunk_remove:SW1:eth3:10+trunk_remove:SW2:eth3:20,9387,0.554165,-10.250000000000004,30,False,True,False,step_limit,0.012638397988242407,30,11,15,0,7,4,7,0,4
764,2790,access_vlan:SW1:eth1:20+access_vlan:SW1:eth2:10+access_vlan:SW2:eth1:20+trunk_remove:SW1:eth3:10+trunk_remove:SW1:eth3:20,9417,0.55274,-11.050000000000002,30,False,True,False,step_limit,0.02124376637705912,30,15,13,0,8,3,8,0,3
765,2791,access_vlan:SW1:eth2:10+access_vlan:SW2:eth2:10+trunk_remove:SW2:eth3:10,9422,0.5525025,-11.600000000000001,5,True,False,False,incorrect_declare_done,0.004036776348948478,5,3,1,0,1,1,1,0,3
766,2792,access_vlan:SW1:eth2:10+access_vlan:SW2:eth1:20+trunk_remove:SW1:eth3:20+trunk_remove:SW2:eth3:10,9440,0.5516475000000001,-15.3,18,True,False,False,incorrect_declare_done,0.0031093767870010603,18,5,9,0,3,2,3,0,2
767,2793,access_vlan:SW1:eth1:20+access_vlan:SW2:eth1:20+trunk_remove:SW1:eth3:20+trunk_remove:SW2:eth3:10,9470,0.5502225000000001,-10.450000000000006,30,False,True,False,step_limit,0.0022306669794488697,30,10,17,0,8,6,5,0,4
768,2794,access_vlan:SW1:eth2:10+access_vlan:SW2:eth1:20+trunk_remove:SW1:eth3:10+trunk_remove:SW2:eth3:10+trunk_remove:SW2:eth3:20,9500,0.5487975,-8.900000000000002,30,False,True,False,step_limit,0.011328015251395603,30,15,14,0,4,2,3,0,1
769,2795,access_vlan:SW1:eth1:20+access_vlan:SW1:eth2:10+trunk_remove:SW2:eth3:10+trunk_remove:SW2:eth3:20,9501,0.5487500000000001,-10.05,1,True,False,False,incorrect_declare_done,0.011126622557640076,1,0,0,0,0,0,0,0,2
770,2796,access_vlan:SW1:eth2:10+trunk_remove:SW1:eth3:20,9512,0.5482275000000001,-14.450000000000001,11,True,False,False,incorrect_declare_done,0.005300487391650677,11,5,4,0,4,3,4,0,3
771,2797,access_vlan:SW1:eth2:10+access_vlan:SW2:eth1:20+access_vlan:SW2:eth2:10+trunk_remove:SW1:eth3:10,9530,0.5473725,-14.75,18,True,False,False,incorrect_declare_done,0.003518357860027916,18,10,6,0,1,1,1,0,3
772,2798,access_vlan:SW1:eth1:20+access_vlan:SW2:eth1:20+access_vlan:SW2:eth2:10+trunk_remove:SW1:eth3:10+trunk_remove:SW1:eth3:20+trunk_remove:SW2:eth3:10,9546,0.5466125,-14.55,16,True,False,False,incorrect_declare_done,0.00277976191136986,16,5,10,0,3,3,3,0,3
773,2799,access_vlan:SW1:eth1:20+trunk_remove:SW1:eth3:10+trunk_remove:SW2:eth3:10,9576,0.5451874999999999,-10.250000000000004,30,False,True,False,step_limit,0.04375175392876069,30,13,15,0,7,4,7,0,3
774,2800,access_vlan:SW2:eth2:10,9603,0.543905,-19.250000000000007,27,True,False,False,incorrect_declare_done,0.024927410482497955,27,12,14,0,7,6,5,0,2
775,2801,access_vlan:SW2:eth2:10+trunk_remove:SW1:eth3:20+trunk_remove:SW2:eth3:20,9606,0.5437625,-10.350000000000001,3,True,False,False,incorrect_declare_done,0.003969940589740872,3,0,2,0,0,0,0,0,3
776,2802,access_vlan:SW1:eth1:20+access_vlan:SW1:eth2:10+trunk_remove:SW1:eth3:10+trunk_remove:SW1:eth3:20+trunk_remove:SW2:eth3:20,9636,0.5423375,-9.900000000000006,30,False,True,False,step_limit,0.0031686174178806445,30,14,14,0,6,2,6,0,2
777,2803,access_vlan:SW1:eth1:20+access_vlan:SW1:eth2:10+access_vlan:SW2:eth1:20+trunk_remove:SW1:eth3:10+trunk_remove:SW1:eth3:20+trunk_remove:SW2:eth3:20,9638,0.5422425,-10.850000000000001,2,True,False,False,incorrect_declare_done,0.002875502221286297,2,1,0,0,1,1,1,0,4
778,2804,access_vlan:SW2:eth1:20+trunk_remove:SW1:eth3:20+trunk_remove:SW2:eth3:10,9668,0.5408175,-20.300000000000004,30,True,False,False,incorrect_declare_done,0.0027809221491528055,30,13,13,0,7,4,6,0,3
779,2805,access_vlan:SW1:eth1:20+access_vlan:SW1:eth2:10+access_vlan:SW2:eth2:10,9673,0.5405800000000001,-13.600000000000001,5,True,False,False,incorrect_declare_done,0.0032798787113279106,5,2,1,0,5,3,3,0,4
780,2806,access_vlan:SW1:eth1:20+access_vlan:SW2:eth1:20+access_vlan:SW2:eth2:10+trunk_remove:SW1:eth3:10,9698,0.5393924999999999,-17.450000000000003,25,True,False,False,incorrect_declare_done,0.0029919597459957003,25,11,12,0,4,3,3,0,2
781,2807,access_vlan:SW1:eth1:20+access_vlan:SW2:eth1:20+access_vlan:SW2:eth2:10+trunk_remove:SW1:eth3:10+trunk_remove:SW2:eth3:20,9728,0.5379675,-6.200000000000001,30,False,True,False,step_limit,0.0023312819791802514,30,8,22,0,1,1,1,0,3
782,2808,access_vlan:SW1:eth2:10+access_vlan:SW2:eth1:20+trunk_remove:SW1:eth3:10+trunk_remove:SW1:eth3:20+trunk_remove:SW2:eth3:10,9730,0.5378725,-10.200000000000001,2,True,False,False,incorrect_declare_done,0.002171903266571462,2,0,1,0,0,0,0,0,4
783,2809,access_vlan:SW1:eth1:20+access_vlan:SW2:eth2:10+trunk_remove:SW1:eth3:10+trunk_remove:SW1:eth3:20+trunk_remove:SW2:eth3:10,9749,0.53697,-15.75,19,True,False,False,incorrect_declare_done,0.00244306668786234,19,10,8,0,3,1,3,0,3
784,2810,access_vlan:SW1:eth2:10+access_vlan:SW2:eth1:20+trunk_remove:SW1:eth3:10+trunk_remove:SW2:eth3:10,9759,0.5364949999999999,-13.35,10,True,False,False,incorrect_declare_done,0.002625625941436738,10,2,6,0,3,3,2,0,3
785,2811,access_vlan:SW1:eth1:20+access_vlan:SW1:eth2:10+access_vlan:SW2:eth1:20+trunk_remove:SW1:eth3:10+trunk_remove:SW1:eth3:20+trunk_remove:SW2:eth3:10+trunk_remove:SW2:eth3:20,9774,0.5357825,-13.55,15,True,False,False,incorrect_declare_done,0.0027027172152884306,15,6,8,0,1,1,1,0,2
786,2812,access_vlan:SW2:eth1:20+access_vlan:SW2:eth2:10+trunk_remove:SW1:eth3:20+trunk_remove:SW2:eth3:10,9793,0.53488,-16.4,19,True,False,False,incorrect_declare_done,0.019173314402762213,19,10,7,0,4,2,4,0,3
787,2813,access_vlan:SW2:eth1:20+access_vlan:SW2:eth2:10+trunk_remove:SW2:eth3:10+trunk_remove:SW2:eth3:20,9794,0.5348325,-10.05,1,True,False,False,incorrect_declare_done,0.0020679521840065718,1,0,0,0,0,0,0,0,2
788,2814,access_vlan:SW1:eth1:20+access_vlan:SW2:eth1:20+access_vlan:SW2:eth2:10+trunk_remove:SW1:eth3:20,9824,0.5334075,-9.750000000000004,30,False,True,False,step_limit,0.01346029543201439,30,15,15,0,6,5,4,1,2
789,2815,trunk_remove:SW1:eth3:10,9849,0.53222,-20.050000000000004,25,True,False,False,incorrect_declare_done,0.014362323614768684,25,15,8,0,8,4,6,1,1
790,2816,access_vlan:SW1:eth1:20+trunk_remove:SW1:eth3:10,9871,0.531175,-18.85,22,True,False,False,incorrect_declare_done,0.0037370952460068193,22,11,10,0,8,4,6,0,4
791,2817,access_vlan:SW1:eth2:10+access_vlan:SW2:eth1:20+access_vlan:SW2:eth2:10+trunk_remove:SW1:eth3:20+trunk_remove:SW2:eth3:10+trunk_remove:SW2:eth3:20,9884,0.5305575,-14.100000000000001,13,True,False,False,incorrect_declare_done,0.0035855015829348792,13,5,7,0,3,3,2,0,3
792,2818,access_vlan:SW1:eth2:10+trunk_remove:SW1:eth3:10+trunk_remove:SW2:eth3:20,9914,0.5291325,-10.400000000000004,30,False,True,False,step_limit,0.0023495197994634507,30,16,14,0,7,4,6,0,3
793,2819,access_vlan:SW1:eth2:10+access_vlan:SW2:eth1:20+access_vlan:SW2:eth2:10+trunk_remove:SW1:eth3:20+trunk_remove:SW2:eth3:20,9915,0.529085,-10.05,1,True,False,False,incorrect_declare_done,0.001299746334552765,1,0,0,0,0,0,0,0,3
794,2820,trunk_remove:SW1:eth3:20+trunk_remove:SW2:eth3:20,9945,0.52766,-9.250000000000002,30,False,True,False,step_limit,0.0029156560815560323,30,10,15,0,5,3,5,0,3
795,2821,access_vlan:SW1:eth2:10+access_vlan:SW2:eth2:10+trunk_remove:SW1:eth3:10+trunk_remove:SW2:eth3:10+trunk_remove:SW2:eth3:20,9949,0.52747,-10.8,4,True,False,False,incorrect_declare_done,0.0029248992213979363,4,2,1,0,0,0,0,0,4
796,2822,access_vlan:SW2:eth2:10+trunk_remove:SW1:eth3:20+trunk_remove:SW2:eth3:20,9953,0.52728,-11.65,4,True,False,False,incorrect_declare_done,0.0027969743532594293,4,1,2,0,2,2,1,0,4
797,2823,access_vlan:SW1:eth1:20+access_vlan:SW1:eth2:10+trunk_remove:SW1:eth3:20+trunk_remove:SW2:eth3:20,9959,0.526995,-11.450000000000001,6,True,False,False,incorrect_declare_done,0.0028997316452053687,6,1,4,0,1,1,1,0,3
798,2824,trunk_remove:SW2:eth3:10,9989,0.5255700000000001,-9.600000000000005,30,False,True,False,step_limit,0.0032265371914642553,30,12,16,0,6,4,5,0,2
799,2825,access_vlan:SW1:eth1:20+access_vlan:SW1:eth2:10+access_vlan:SW2:eth1:20+trunk_remove:SW1:eth3:10+trunk_remove:SW1:eth3:20+trunk_remove:SW2:eth3:10+trunk_remove:SW2:eth3:20,10019,0.5241450000000001,-10.750000000000005,30,False,True,False,step_limit,0.01490412001342823,30,14,15,0,8,6,8,1,4
800,2826,access_vlan:SW1:eth2:10+access_vlan:SW2:eth2:10+trunk_remove:SW2:eth3:10,10049,0.5227200000000001,-8.450000000000001,30,False,True,False,step_limit,0.0034820540652920804,30,13,17,0,4,3,4,0,2
801,2827,access_vlan:SW1:eth2:10+access_vlan:SW2:eth1:20+access_vlan:SW2:eth2:10+trunk_remove:SW1:eth3:10+trunk_remove:SW1:eth3:20+trunk_remove:SW2:eth3:10+trunk_remove:SW2:eth3:20,10062,0.5221025,-13.9,13,True,False,False,incorrect_declare_done,0.0023931996861042883,13,7,5,0,2,2,2,0,2
802,2828,access_vlan:SW1:eth2:10+trunk_remove:SW1:eth3:20+trunk_remove:SW2:eth3:10+trunk_remove:SW2:eth3:20,10070,0.5217225000000001,-11.4,8,True,False,False,incorrect_declare_done,0.002217421104433015,8,2,5,0,0,0,0,0,1
803,2829,access_vlan:SW1:eth1:20+access_vlan:SW1:eth2:10+access_vlan:SW2:eth1:20+access_vlan:SW2:eth2:10+trunk_remove:SW2:eth3:20,10100,0.5202975000000001,-12.550000000000008,30,False,True,False,step_limit,0.0025807375573397924,30,16,13,0,11,6,8,1,3
804,2830,trunk_remove:SW1:eth3:10+trunk_remove:SW1:eth3:20+trunk_remove:SW2:eth3:10,10103,0.520155,-11.0,3,True,False,False,incorrect_declare_done,0.0018800824570159118,3,1,1,0,1,1,1,0,3
805,2831,access_vlan:SW1:eth1:20+trunk_remove:SW1:eth3:10+trunk_remove:SW1:eth3:20+trunk_remove:SW2:eth3:10+trunk_remove:SW2:eth3:20,10133,0.5187299999999999,-6.200000000000001,30,False,True,False,step_limit,0.021672368166036904,30,7,22,0,1,1,1,0,2
806,2832,access_vlan:SW1:eth2:10+access_vlan:SW2:eth1:20+access_vlan:SW2:eth2:10+trunk_remove:SW1:eth3:20+trunk_remove:SW2:eth3:10,10143,0.518255,-12.350000000000001,10,True,False,False,incorrect_declare_done,0.003646376880351454,10,3,6,0,1,1,1,0,3
807,2833,access_vlan:SW1:eth1:20+access_vlan:SW2:eth2:10+trunk_remove:SW1:eth3:10+trunk_remove:SW2:eth3:10,10146,0.5181125,-10.5,3,True,False,False,incorrect_declare_done,0.0019601904011021056,3,1,1,0,0,0,0,0,4
808,2834,access_vlan:SW2:eth1:20+trunk_remove:SW1:eth3:20,10176,0.5166875,-8.15,30,False,True,False,step_limit,0.012530572964654615,30,8,19,0,4,2,4,0,4
809,2835,access_vlan:SW1:eth1:20+access_vlan:SW1:eth2:10+trunk_remove:SW1:eth3:10+trunk_remove:SW1:eth3:20+trunk_remove:SW2:eth3:10,10206,0.5152625000000001,-10.450000000000003,30,False,True,False,step_limit,0.021289285889361055,30,12,17,0,8,4,6,1,3
810,2836,access_vlan:SW1:eth1:20+access_vlan:SW1:eth2:10+access_vlan:SW2:eth1:20+access_vlan:SW2:eth2:10+trunk_remove:SW1:eth3:20+trunk_remove:SW2:eth3:20,10209,0.51512,-10.350000000000001,3,True,False,False,incorrect_declare_done,0.002664161225159963,3,0,2,0,0,0,0,0,1
811,2837,access_vlan:SW1:eth2:10+access_vlan:SW2:eth1:20+access_vlan:SW2:eth2:10,10213,0.51493,-11.450000000000001,4,True,False,False,incorrect_declare_done,0.003457173239439726,4,3,0,0,1,1,1,1,1
812,2838,access_vlan:SW1:eth1:20+access_vlan:SW1:eth2:10+access_vlan:SW2:eth2:10+trunk_remove:SW1:eth3:10+trunk_remove:SW1:eth3:20,10240,0.5136475,-18.1,27,True,False,False,incorrect_declare_done,0.003361210774595815,27,10,15,0,5,3,5,0,4
813,2839,access_vlan:SW2:eth1:20+access_vlan:SW2:eth2:10+trunk_remove:SW1:eth3:10+trunk_remove:SW1:eth3:20+trunk_remove:SW2:eth3:10+trunk_remove:SW2:eth3:20,10250,0.5131725,-13.3,10,True,False,False,incorrect_declare_done,0.002730000746669248,10,5,3,0,2,2,2,0,3
814,2840,access_vlan:SW2:eth2:10,10277,0.51189,-19.900000000000006,27,True,False,False,incorrect_declare_done,0.011801609562502967,27,12,13,0,8,5,7,1,4
815,2841,access_vlan:SW2:eth2:10+trunk_remove:SW1:eth3:20,10278,0.5118425,-10.05,1,True,False,False,incorrect_declare_done,0.0023300969041883945,1,0,0,0,0,0,0,0,3
816,2842,access_vlan:SW1:eth1:20+access_vlan:SW2:eth1:20+trunk_remove:SW2:eth3:10,10302,0.5107025000000001,-19.300000000000004,24,True,False,False,incorrect_declare_done,0.015490041162896281,24,12,11,0,8,5,7,0,3
817,2843,access_vlan:SW1:eth1:20+access_vlan:SW1:eth2:10+trunk_remove:SW2:eth3:10+trunk_remove:SW2:eth3:20,10332,0.5092775,-7.800000000000001,30,False,True,False,step_limit,0.021598093068071953,30,12,18,0,3,2,3,0,3
818,2844,access_vlan:SW1:eth2:10+trunk_remove:SW1:eth3:10+trunk_remove:SW2:eth3:20,10362,0.5078525,-10.050000000000002,30,False,True,False,step_limit,0.012897806488520775,30,15,13,0,6,4,6,0,3
819,2845,access_vlan:SW2:eth1:20+access_vlan:SW2:eth2:10+trunk_remove:SW1:eth3:10+trunk_remove:SW1:eth3:20,10392,0.5064275,-9.800000000000004,30,False,True,False,step_limit,0.013596145133487881,30,12,18,0,7,5,6,0,3
820,2846,access_vlan:SW1:eth2:10+access_vlan:SW2:eth2:10+trunk_remove:SW1:eth3:20,10405,0.5058100000000001,-13.6,13,True,False,False,incorrect_declare_done,0.025925399905715425,13,5,7,0,2,2,2,0,2
821,2847,access_vlan:SW1:eth1:20+access_vlan:SW2:eth1:20+trunk_remove:SW1:eth3:20+trunk_remove:SW2:eth3:10+trunk_remove:SW2:eth3:20,10414,0.5053825000000001,-11.55,9,True,False,False,incorrect_declare_done,0.005341679168244203,9,2,6,0,0,0,0,0,3
822,2848,access_vlan:SW2:eth1:20+access_vlan:SW2:eth2:10+trunk_remove:SW1:eth3:10+trunk_remove:SW1:eth3:20+trunk_remove:SW2:eth3:20,10415,0.505335,-10.05,1,True,False,False,incorrect_declare_done,0.004505062010139227,1,0,0,0,0,0,0,0,2
823,2849,access_vlan:SW1:eth1:20+trunk_remove:SW1:eth3:10+trunk_remove:SW1:eth3:20,10417,0.5052399999999999,-10.200000000000001,2,True,False,False,incorrect_declare_done,0.005699346773326397,2,0,1,0,0,0,0,0,3
824,2850,access_vlan:SW1:eth1:20+access_vlan:SW1:eth2:10+access_vlan:SW2:eth1:20+trunk_remove:SW1:eth3:20+trunk_remove:SW2:eth3:10+trunk_remove:SW2:eth3:20,10434,0.5044325000000001,-14.850000000000001,17,True,False,False,incorrect_declare_done,0.005609606598120402,17,6,10,0,3,3,3,0,3
825,2851,access_vlan:SW1:eth1:20+access_vlan:SW1:eth2:10+access_vlan:SW2:eth2:10+trunk_remove:SW1:eth3:20,10464,0.5030075,-10.100000000000005,30,False,True,False,step_limit,0.0029640940891113134,30,13,16,0,7,4,6,0,2
826,2852,access_vlan:SW2:eth1:20+trunk_remove:SW2:eth3:10,10494,0.5015825,-10.950000000000006,30,False,True,False,step_limit,0.0026444710170229276,30,13,17,0,9,5,7,0,3
827,2853,access_vlan:SW1:eth1:20+access_vlan:SW1:eth2:10+trunk_remove:SW1:eth3:20+trunk_remove:SW2:eth3:10+trunk_remove:SW2:eth3:20,10524,0.5001575,-8.600000000000001,30,False,True,False,step_limit,0.02357264720679571,30,13,16,0,4,2,4,0,2
828,2854,access_vlan:SW1:eth2:10+access_vlan:SW2:eth1:20+trunk_remove:SW1:eth3:10+trunk_remove:SW2:eth3:10,10554,0.4987325,-9.900000000000004,30,False,True,False,step_limit,0.0038528724457137288,30,15,14,0,6,5,5,0,3
829,2855,access_vlan:SW1:eth1:20+access_vlan:SW1:eth2:10+access_vlan:SW2:eth2:10+trunk_remove:SW1:eth3:10+trunk_remove:SW1:eth3:20+trunk_remove:SW2:eth3:20,10571,0.49792500000000006,-14.200000000000001,17,True,False,False,incorrect_declare_done,0.0029234684770926833,17,5,11,0,2,2,2,0,3
830,2856,access_vlan:SW1:eth1:20+access_vlan:SW1:eth2:10+access_vlan:SW2:eth1:20+trunk_remove:SW1:eth3:10+trunk_remove:SW2:eth3:10,10601,0.49650000000000005,-11.150000000000006,30,False,True,False,step_limit,0.002420769897677625,30,11,19,0,10,6,6,0,3
831,2857,access_vlan:SW2:eth1:20+access_vlan:SW2:eth2:10+trunk_remove:SW1:eth3:20+trunk_remove:SW2:eth3:10+trunk_remove:SW2:eth3:20,10631,0.49507500000000004,-19.400000000000006,30,True,False,False,incorrect_declare_done,0.02096548017192011,30,10,19,0,7,4,6,0,3
832,2858,access_vlan:SW1:eth1:20+access_vlan:SW2:eth1:20+access_vlan:SW2:eth2:10+trunk_remove:SW1:eth3:20+trunk_remove:SW2:eth3:20,10643,0.494505,-14.75,12,True,False,False,incorrect_declare_done,0.0224809926294256,12,6,4,0,4,4,3,0,4
833,2859,access_vlan:SW1:eth1:20+access_vlan:SW1:eth2:10+trunk_remove:SW1:eth3:10+trunk_remove:SW1:eth3:20+trunk_remove:SW2:eth3:20,10673,0.4930800000000001,-9.250000000000004,30,False,True,False,step_limit,0.0036296116498609385,30,13,15,0,5,2,5,0,4
834,2860,access_vlan:SW1:eth1:20+access_vlan:SW1:eth2:10+trunk_remove:SW1:eth3:10,10687,0.49241500000000005,-13.75,14,True,False,False,incorrect_declare_done,0.0024447154220459716,14,5,8,0,2,2,2,0,3
835,2861,trunk_remove:SW1:eth3:10+trunk_remove:SW2:eth3:10,10709,0.4913700000000001,-18.050000000000004,22,True,False,False,incorrect_declare_done,0.029484604046129705,22,9,12,0,7,5,5,0,3
836,2862,access_vlan:SW1:eth1:20+access_vlan:SW2:eth1:20,10739,0.48994499999999996,-11.300000000000006,30,False,True,False,step_limit,0.002772378269582987,30,11,18,0,10,6,7,0,3
837,2863,access_vlan:SW2:eth2:10+trunk_remove:SW2:eth3:10+trunk_remove:SW2:eth3:20,10765,0.48871,-17.650000000000002,26,True,False,False,incorrect_declare_done,0.002491269386015259,26,9,16,0,5,4,4,0,3
838,2864,access_vlan:SW1:eth2:10+access_vlan:SW2:eth1:20+trunk_remove:SW1:eth3:10+trunk_remove:SW2:eth3:20,10778,0.48809249999999993,-12.950000000000001,13,True,False,False,incorrect_declare_done,0.0024406303060599244,13,4,8,0,1,1,1,0,2
839,2865,access_vlan:SW1:eth1:20+trunk_remove:SW2:eth3:10,10808,0.48666750000000003,-9.350000000000003,30,False,True,False,step_limit,0.0025228665947603685,30,9,21,0,7,4,5,1,1
840,2866,access_vlan:SW1:eth1:20+trunk_remove:SW2:eth3:10+trunk_remove:SW2:eth3:20,10812,0.4864775,-11.3,4,True,False,False,incorrect_declare_done,0.002005280402954668,4,2,1,0,1,1,1,0,3
841,2867,access_vlan:SW1:eth1:20+access_vlan:SW1:eth2:10+access_vlan:SW2:eth2:10+trunk_remove:SW1:eth3:20+trunk_remove:SW2:eth3:10,10835,0.48538500000000007,-16.0,23,True,False,False,incorrect_declare_done,0.015728417206960527,23,11,11,0,2,2,2,0,3
842,2868,access_vlan:SW1:eth1:20+access_vlan:SW2:eth1:20+access_vlan:SW2:eth2:10+trunk_remove:SW1:eth3:10+trunk_remove:SW2:eth3:10+trunk_remove:SW2:eth3:20,10840,0.48514749999999995,-10.950000000000001,5,True,False,False,incorrect_declare_done,0.0017407303443178535,5,2,2,0,0,0,0,0,3
843,2869,access_vlan:SW1:eth1:20+access_vlan:SW1:eth2:10+access_vlan:SW2:eth1:20+access_vlan:SW2:eth2:10+trunk_remove:SW2:eth3:20,10859,0.4842449999999999,-16.6,19,True,False,False,incorrect_declare_done,0.0027983177477787983,19,9,9,0,5,4,5,0,4
844,2870,access_vlan:SW1:eth2:10+trunk_remove:SW2:eth3:10+trunk_remove:SW2:eth3:20,10879,0.48329500000000003,-16.6,20,True,False,False,incorrect_declare_done,0.0025382465857546775,20,8,11,0,5,4,5,0,4
845,2871,access_vlan:SW2:eth1:20+access_vlan:SW2:eth2:10+trunk_remove:SW1:eth3:10+trunk_remove:SW2:eth3:20,10883,0.483105,-11.15,4,True,False,False,incorrect_declare_done,0.0023616761318407953,4,1,2,0,1,1,1,0,3
846,2872,access_vlan:SW1:eth2:10+access_vlan:SW2:eth2:10+trunk_remove:SW1:eth3:10+trunk_remove:SW1:eth3:20+trunk_remove:SW2:eth3:20,10913,0.48168,-11.200000000000003,30,False,True,False,step_limit,0.010904109489638358,30,16,12,0,8,6,7,0,1
847,2873,access_vlan:SW1:eth2:10+access_vlan:SW2:eth2:10+trunk_remove:SW1:eth3:10+trunk_remove:SW2:eth3:10+trunk_remove:SW2:eth3:20,10926,0.48106250000000006,-13.9,13,True,False,False,incorrect_declare_done,0.002963316470133857,13,6,5,0,2,2,2,0,3
848,2874,access_vlan:SW1:eth1:20+access_vlan:SW2:eth1:20+access_vlan:SW2:eth2:10+trunk_remove:SW2:eth3:10,10941,0.48034999999999994,-15.200000000000001,15,True,False,False,incorrect_declare_done,0.023479587809803585,15,7,7,0,4,3,3,2,1
849,2875,access_vlan:SW1:eth1:20+access_vlan:SW2:eth1:20+access_vlan:SW2:eth2:10+trunk_remove:SW2:eth3:10,10971,0.47892500000000005,-12.900000000000007,30,False,True,False,step_limit,0.002898167960423355,30,16,14,0,12,6,9,0,3
850,2876,access_vlan:SW1:eth1:20+access_vlan:SW2:eth1:20+access_vlan:SW2:eth2:10+trunk_remove:SW2:eth3:20,10978,0.4785925000000001,-11.4,7,True,False,False,incorrect_declare_done,0.001985566258164389,7,3,3,0,0,0,0,0,3
851,2877,access_vlan:SW1:eth1:20+access_vlan:SW1:eth2:10+access_vlan:SW2:eth2:10+trunk_remove:SW2:eth3:20,11008,0.47716749999999997,-10.100000000000007,30,False,True,False,step_limit,0.021456524974200874,30,13,16,0,7,6,5,0,2
852,2878,access_vlan:SW1:eth1:20+access_vlan:SW2:eth1:20+trunk_remove:SW1:eth3:20+trunk_remove:SW2:eth3:10+trunk_remove:SW2:eth3:20,11038,0.47574250000000007,-8.750000000000002,30,False,True,False,step_limit,0.011704930550574014,30,15,15,0,4,4,4,0,2
853,2879,access_vlan:SW2:eth1:20+access_vlan:SW2:eth2:10+trunk_remove:SW1:eth3:20+trunk_remove:SW2:eth3:20,11061,0.47465,-17.2,23,True,False,False,incorrect_declare_done,0.016036734344316243,23,8,13,0,5,4,4,0,3
854,2880,access_vlan:SW2:eth2:10+trunk_remove:SW1:eth3:10+trunk_remove:SW1:eth3:20,11091,0.473225,-10.450000000000006,30,False,True,False,step_limit,0.013508334185462444,30,12,17,0,8,5,7,0,3
855,2881,access_vlan:SW2:eth1:20+trunk_remove:SW1:eth3:10+trunk_remove:SW1:eth3:20+trunk_remove:SW2:eth3:20,11092,0.47317750000000003,-10.05,1,True,False,False,incorrect_declare_done,0.003997428342700005,1,0,0,0,0,0,0,0,3
856,2882,access_vlan:SW1:eth1:20+access_vlan:SW1:eth2:10+trunk_remove:SW1:eth3:20+trunk_remove:SW2:eth3:20,11096,0.4729875,-10.65,4,True,False,False,incorrect_declare_done,0.004336512240115553,4,1,2,0,0,0,0,0,3
857,2883,access_vlan:SW2:eth1:20+trunk_remove:SW1:eth3:20+trunk_remove:SW2:eth3:10,11114,0.47213250000000007,-14.850000000000001,18,True,False,False,incorrect_declare_done,0.0034801591925012567,18,5,12,0,3,3,2,0,4
858,2884,access_vlan:SW1:eth1:20+trunk_remove:SW1:eth3:10,11130,0.47137249999999997,-14.2,16,True,False,False,incorrect_declare_done,0.021252217855362687,16,5,9,0,2,1,2,0,2
859,2885,access_vlan:SW1:eth2:10+access_vlan:SW2:eth1:20+trunk_remove:SW1:eth3:10+trunk_remove:SW1:eth3:20+trunk_remove:SW2:eth3:10,11160,0.4699475000000001,-11.600000000000003,30,False,True,False,step_limit,0.01267463675661323,30,13,16,0,10,6,8,0,4
860,2886,access_vlan:SW2:eth1:20+trunk_remove:SW1:eth3:10+trunk_remove:SW1:eth3:20+trunk_remove:SW2:eth3:20,11173,0.46933,-13.6,13,True,False,False,incorrect_declare_done,0.0022284084250434088,13,4,7,0,2,2,2,0,3
861,2887,access_vlan:SW1:eth1:20+access_vlan:SW1:eth2:10+trunk_remove:SW1:eth3:10,11183,0.468855,-14.450000000000001,10,True,False,False,incorrect_declare_done,0.0029791733948513867,10,7,2,0,4,3,4,1,3
862,2888,trunk_remove:SW2:eth3:20,11213,0.46743,-17.900000000000006,30,True,False,False,incorrect_declare_done,0.010603256271375964,30,9,19,0,4,3,4,0,2
863,2889,access_vlan:SW2:eth1:20+access_vlan:SW2:eth2:10+trunk_remove:SW2:eth3:10+trunk_remove:SW2:eth3:20,11231,0.4665750000000001,-14.8,18,True,False,False,incorrect_declare_done,0.0027024377648356473,18,7,9,0,2,2,2,0,3
864,2890,access_vlan:SW1:eth1:20+access_vlan:SW2:eth2:10+trunk_remove:SW1:eth3:10+trunk_remove:SW1:eth3:20,11244,0.4659575,-13.75,13,True,False,False,incorrect_declare_done,0.0026023351282884297,13,6,6,0,2,2,2,0,4
865,2891,access_vlan:SW2:eth1:20+trunk_remove:SW1:eth3:20+trunk_remove:SW2:eth3:10,11251,0.46562500000000007,-12.05,7,True,False,False,incorrect_declare_done,0.0022841160119112048,7,4,2,0,1,1,1,0,3
866,2892,access_vlan:SW1:eth2:10+access_vlan:SW2:eth1:20+access_vlan:SW2:eth2:10+trunk_remove:SW1:eth3:20+trunk_remove:SW2:eth3:10+trunk_remove:SW2:eth3:20,11281,0.46420000000000006,-7.850000000000001,30,False,True,False,step_limit,0.002584044943796471,30,7,21,0,4,4,4,0,3
867,2893,access_vlan:SW2:eth1:20+access_vlan:SW2:eth2:10+trunk_remove:SW1:eth3:10+trunk_remove:SW2:eth3:10,11304,0.4631075,-14.950000000000003,23,True,False,False,incorrect_declare_done,0.028277030067882784,23,4,18,0,2,2,2,0,4
868,2894,access_vlan:SW1:eth2:10+access_vlan:SW2:eth1:20+trunk_remove:SW2:eth3:10,11322,0.46225249999999996,-14.05,18,True,False,False,incorrect_declare_done,0.0026781956160751483,18,3,14,0,2,2,2,0,3
869,2895,access_vlan:SW1:eth1:20+access_vlan:SW2:eth2:10+trunk_remove:SW1:eth3:10+trunk_remove:SW2:eth3:10,11324,0.4621575,-10.200000000000001,2,True,False,False,incorrect_declare_done,0.002528556389734149,2,0,1,0,0,0,0,0,4
870,2896,trunk_remove:SW1:eth3:10+trunk_remove:SW1:eth3:20+trunk_remove:SW2:eth3:10,11338,0.4614925000000001,-14.55,14,True,False,False,incorrect_declare_done,0.002315113537146577,14,7,6,0,3,3,3,0,1
871,2897,access_vlan:SW1:eth1:20+access_vlan:SW1:eth2:10+access_vlan:SW2:eth1:20+access_vlan:SW2:eth2:10+trunk_remove:SW2:eth3:20,11340,0.4613975,9.649999999999999,2,True,False,True,recovery_success,0.002915177959948778,2,1,0,0,0,0,0,0,0
872,2898,access_vlan:SW1:eth1:20+access_vlan:SW2:eth1:20+access_vlan:SW2:eth2:10+trunk_remove:SW1:eth3:10+trunk_remove:SW2:eth3:10+trunk_remove:SW2:eth3:20,11343,0.46125499999999997,-10.350000000000001,3,True,False,False,incorrect_declare_done,0.00229158663811783,3,0,2,0,0,0,0,0,3
873,2899,access_vlan:SW1:eth2:10+access_vlan:SW2:eth1:20+access_vlan:SW2:eth2:10+trunk_remove:SW1:eth3:10,11373,0.45983000000000007,-8.000000000000002,30,False,True,False,step_limit,0.0027388407693554957,30,9,20,0,4,2,4,0,4
874,2900,access_vlan:SW1:eth1:20+access_vlan:SW1:eth2:10+access_vlan:SW2:eth1:20+trunk_remove:SW2:eth3:20,11399,0.4585950000000001,-18.800000000000004,26,True,False,False,incorrect_declare_done,0.002713103147331052,26,9,15,0,7,4,6,0,3
875,2901,access_vlan:SW1:eth2:10+trunk_remove:SW1:eth3:10+trunk_remove:SW2:eth3:10,11412,0.45797750000000004,-13.6,13,True,False,False,incorrect_declare_done,0.0026078560040332377,13,5,7,0,2,2,2,0,4
876,2902,access_vlan:SW1:eth1:20+access_vlan:SW2:eth1:20+access_vlan:SW2:eth2:10+trunk_remove:SW1:eth3:10+trunk_remove:SW2:eth3:20,11441,0.4566000000000001,-17.5,29,True,False,False,incorrect_declare_done,0.030904543395395036,29,14,13,0,2,2,2,0,4
877,2903,access_vlan:SW1:eth2:10+access_vlan:SW2:eth1:20,11471,0.455175,-9.600000000000007,30,False,True,False,step_limit,0.0036023287451826037,30,14,16,0,6,5,4,0,3
878,2904,access_vlan:SW1:eth2:10+access_vlan:SW2:eth1:20+trunk_remove:SW1:eth3:10+trunk_remove:SW1:eth3:20,11472,0.4551275,-10.05,1,True,False,False,incorrect_declare_done,0.2968105375766754,1,0,0,0,0,0,0,0,4
879,2905,access_vlan:SW1:eth2:10+trunk_remove:SW2:eth3:10,11502,0.4537025000000001,-10.650000000000006,30,False,True,False,step_limit,0.0027689135905044774,30,10,19,0,9,4,7,0,3
880,2906,access_vlan:SW1:eth1:20+access_vlan:SW2:eth1:20+access_vlan:SW2:eth2:10+trunk_remove:SW1:eth3:10+trunk_remove:SW1:eth3:20+trunk_remove:SW2:eth3:10,11516,0.4530375000000001,-14.25,14,True,False,False,incorrect_declare_done,0.006250439710648996,14,4,8,0,3,3,3,0,2
881,2907,access_vlan:SW1:eth1:20+access_vlan:SW1:eth2:10+trunk_remove:SW1:eth3:10+trunk_remove:SW1:eth3:20+trunk_remove:SW2:eth3:10+trunk_remove:SW2:eth3:20,11546,0.4516125,-8.500000000000004,30,False,True,False,step_limit,0.004267162189353258,30,10,20,0,5,2,5,0,4
882,2908,access_vlan:SW1:eth2:10+access_vlan:SW2:eth1:20+trunk_remove:SW1:eth3:10+trunk_remove:SW2:eth3:10+trunk_remove:SW2:eth3:20,11559,0.45099500000000003,-12.8,13,True,False,False,incorrect_declare_done,0.0025942264563547303,13,2,9,0,1,1,1,0,4
883,2909,access_vlan:SW1:eth2:10+access_vlan:SW2:eth2:10+trunk_remove:SW1:eth3:10+trunk_remove:SW2:eth3:10+trunk_remove:SW2:eth3:20,11584,0.4498075,-15.7,25,True,False,False,incorrect_declare_done,0.0022059194394387304,25,6,17,0,2,2,2,0,3
884,2910,access_vlan:SW1:eth1:20+access_vlan:SW1:eth2:10+access_vlan:SW2:eth1:20+access_vlan:SW2:eth2:10+trunk_remove:SW2:eth3:10,11585,0.44975999999999994,-10.05,1,True,False,False,incorrect_declare_done,0.0013354941038414836,1,0,0,0,0,0,0,0,1
885,2911,access_vlan:SW2:eth1:20+access_vlan:SW2:eth2:10+trunk_remove:SW1:eth3:20+trunk_remove:SW2:eth3:10+trunk_remove:SW2:eth3:20,11615,0.44833500000000004,-9.250000000000005,30,False,True,False,step_limit,0.012781664387633403,30,13,15,0,5,4,5,0,3
886,2912,access_vlan:SW1:eth1:20+access_vlan:SW1:eth2:10+access_vlan:SW2:eth1:20+trunk_remove:SW2:eth3:10+trunk_remove:SW2:eth3:20,11629,0.44767,-15.25,14,True,False,False,incorrect_declare_done,0.004735864698886871,14,5,8,0,5,5,3,0,3
887,2913,access_vlan:SW2:eth1:20+access_vlan:SW2:eth2:10+trunk_remove:SW1:eth3:10+trunk_remove:SW1:eth3:20+trunk_remove:SW2:eth3:10+trunk_remove:SW2:eth3:20,11634,0.4474325,-11.3,5,True,False,False,incorrect_declare_done,0.003109929501079023,5,1,3,0,1,1,1,0,3
888,2914,access_vlan:SW1:eth1:20+access_vlan:SW1:eth2:10+access_vlan:SW2:eth1:20+trunk_remove:SW2:eth3:10,11639,0.447195,-11.950000000000001,5,True,False,False,incorrect_declare_done,0.002375747007317841,5,2,2,0,2,2,1,0,4
889,2915,access_vlan:SW2:eth1:20+access_vlan:SW2:eth2:10+trunk_remove:SW2:eth3:10+trunk_remove:SW2:eth3:20,11645,0.44691000000000003,-11.600000000000001,6,True,False,False,incorrect_declare_done,0.0025580626291533313,6,2,3,0,1,1,1,0,2
890,2916,access_vlan:SW1:eth1:20+access_vlan:SW2:eth2:10+trunk_remove:SW1:eth3:10+trunk_remove:SW2:eth3:10+trunk_remove:SW2:eth3:20,11675,0.445485,-9.150000000000004,30,False,True,False,step_limit,0.0025212650866402934,30,11,19,0,6,3,5,0,4
891,2917,access_vlan:SW2:eth2:10+trunk_remove:SW1:eth3:10,11678,0.4453425000000001,-10.350000000000001,3,True,False,False,incorrect_declare_done,0.0025480518427987895,3,0,2,0,0,0,0,0,3
892,2918,access_vlan:SW1:eth1:20+access_vlan:SW1:eth2:10+access_vlan:SW2:eth1:20+access_vlan:SW2:eth2:10+trunk_remove:SW2:eth3:10,11693,0.44462999999999997,-14.05,15,True,False,False,incorrect_declare_done,0.021934771328233182,15,5,8,0,2,2,2,2,1
893,2919,access_vlan:SW1:eth1:20+access_vlan:SW1:eth2:10+access_vlan:SW2:eth1:20+trunk_remove:SW1:eth3:10+trunk_remove:SW2:eth3:10,11709,0.44387,-15.000000000000002,16,True,False,False,incorrect_declare_done,0.0019470788829494268,16,7,7,0,3,2,3,0,3
894,2920,access_vlan:SW1:eth1:20+access_vlan:SW2:eth1:20+trunk_remove:SW1:eth3:10+trunk_remove:SW1:eth3:20+trunk_remove:SW2:eth3:10,11735,0.442635,-17.45,26,True,False,False,incorrect_declare_done,0.0015806279709347738,26,10,14,0,4,3,4,0,3
895,2921,access_vlan:SW1:eth1:20+access_vlan:SW1:eth2:10+trunk_remove:SW1:eth3:20+trunk_remove:SW2:eth3:20,11744,0.4422075000000001,-11.9,9,True,False,False,incorrect_declare_done,0.03465527357507704,9,1,7,0,1,1,1,0,3
896,2922,access_vlan:SW2:eth1:20+trunk_remove:SW1:eth3:10+trunk_remove:SW1:eth3:20+trunk_remove:SW2:eth3:20,11762,0.44135250000000004,-14.850000000000001,18,True,False,False,incorrect_declare_done,0.00257038717973046,18,5,12,0,3,3,2,0,3
897,2923,access_vlan:SW1:eth1:20+access_vlan:SW1:eth2:10+access_vlan:SW2:eth2:10+trunk_remove:SW2:eth3:20,11770,0.4409725,-12.350000000000001,8,True,False,False,incorrect_declare_done,0.0017752273051883094,8,5,2,0,1,1,1,0,3
898,2924,access_vlan:SW1:eth2:10+access_vlan:SW2:eth2:10+trunk_remove:SW1:eth3:10+trunk_remove:SW2:eth3:10+trunk_remove:SW2:eth3:20,11800,0.4395475000000001,-6.050000000000003,30,False,True,False,step_limit,0.0016474378392255554,30,7,23,0,1,1,1,0,2
899,2925,access_vlan:SW1:eth1:20+access_vlan:SW2:eth1:20+access_vlan:SW2:eth2:10+trunk_remove:SW1:eth3:20,11810,0.4390725,-12.850000000000001,10,True,False,False,incorrect_declare_done,0.0027362450724467634,10,3,6,0,2,2,2,0,3
900,2926,access_vlan:SW1:eth1:20+access_vlan:SW2:eth1:20+trunk_remove:SW2:eth3:10+trunk_remove:SW2:eth3:20,11823,0.43845500000000004,-12.450000000000001,13,True,False,False,incorrect_declare_done,0.0027493132958905054,13,3,8,0,0,0,0,0,3
901,2927,access_vlan:SW1:eth1:20+trunk_remove:SW1:eth3:20+trunk_remove:SW2:eth3:20,11827,0.438265,-11.15,4,True,False,False,incorrect_declare_done,0.002407372754532844,4,1,2,0,1,1,1,0,4
902,2928,access_vlan:SW2:eth1:20+trunk_remove:SW1:eth3:10,11857,0.43684,-7.500000000000002,30,False,True,False,step_limit,0.0017833854032990833,30,10,20,0,3,3,3,0,2
903,2929,access_vlan:SW1:eth1:20+access_vlan:SW1:eth2:10+trunk_remove:SW1:eth3:10+trunk_remove:SW1:eth3:20+trunk_remove:SW2:eth3:20,11887,0.435415,-9.600000000000001,30,False,True,False,step_limit,0.0016648920039491106,30,12,16,0,6,5,6,0,3
904,2930,access_vlan:SW1:eth1:20+trunk_remove:SW1:eth3:10+trunk_remove:SW2:eth3:10,11917,0.43399,-10.150000000000007,30,False,True,False,step_limit,0.0198830943806873,30,8,19,0,8,6,6,0,3
905,2931,access_vlan:SW1:eth2:10+access_vlan:SW2:eth1:20+trunk_remove:SW1:eth3:10+trunk_remove:SW1:eth3:20+trunk_remove:SW2:eth3:10+trunk_remove:SW2:eth3:20,11920,0.43384750000000005,-10.5,3,True,False,False,incorrect_declare_done,0.004639274751146634,3,1,1,0,0,0,0,0,4
906,2932,access_vlan:SW2:eth2:10+trunk_remove:SW1:eth3:10+trunk_remove:SW1:eth3:20,11950,0.43242250000000004,-7.850000000000002,30,False,True,False,step_limit,0.012631489648871745,30,9,21,0,4,3,3,0,4
907,2933,access_vlan:SW1:eth1:20+access_vlan:SW1:eth2:10+access_vlan:SW2:eth1:20+trunk_remove:SW1:eth3:20+trunk_remove:SW2:eth3:20,11980,0.43099750000000003,-12.050000000000008,30,False,True,False,step_limit,0.009163122668784733,30,15,13,0,10,4,10,0,1
908,2934,access_vlan:SW1:eth1:20+access_vlan:SW1:eth2:10+access_vlan:SW2:eth1:20+trunk_remove:SW1:eth3:10+trunk_remove:SW2:eth3:10,12008,0.4296675,-18.450000000000003,28,True,False,False,incorrect_declare_done,0.014048251647701753,28,7,18,0,6,5,5,0,3
909,2935,access_vlan:SW1:eth1:20+trunk_remove:SW1:eth3:10+trunk_remove:SW1:eth3:20+trunk_remove:SW2:eth3:10,12016,0.42928750000000004,-11.9,8,True,False,False,incorrect_declare_done,0.0044536062341649085,8,1,5,0,1,1,1,0,3
910,2936,access_vlan:SW1:eth2:10+access_vlan:SW2:eth1:20+access_vlan:SW2:eth2:10+trunk_remove:SW1:eth3:20+trunk_remove:SW2:eth3:10,12046,0.42786250000000003,-13.050000000000006,30,False,True,False,step_limit,0.00400141350304087,30,16,13,0,12,6,10,1,3
911,2937,trunk_remove:SW1:eth3:10+trunk_remove:SW2:eth3:10,12047,0.42781500000000006,-10.05,1,True,False,False,incorrect_declare_done,0.0038261048030108213,1,0,0,0,0,0,0,0,1
912,2938,access_vlan:SW1:eth1:20+access_vlan:SW2:eth1:20+trunk_remove:SW1:eth3:20+trunk_remove:SW2:eth3:10+trunk_remove:SW2:eth3:20,12059,0.427245,-12.8,12,True,False,False,incorrect_declare_done,0.026938817235835206,12,3,7,0,1,1,1,0,3
913,2939,access_vlan:SW1:eth2:10+trunk_remove:SW1:eth3:10+trunk_remove:SW1:eth3:20,12073,0.42657999999999996,-13.45,14,True,False,False,incorrect_declare_done,0.023987383074459752,14,3,10,0,2,2,2,0,3
914,2940,access_vlan:SW1:eth1:20+access_vlan:SW2:eth1:20,12103,0.42515500000000006,-9.400000000000004,30,False,True,False,step_limit,0.029133282712427898,30,15,14,0,5,3,3,0,3
915,2941,access_vlan:SW2:eth1:20+access_vlan:SW2:eth2:10+trunk_remove:SW1:eth3:10+trunk_remove:SW1:eth3:20,12113,0.42467999999999995,-11.700000000000001,10,True,False,False,incorrect_declare_done,0.0031723102205432952,10,2,7,0,0,0,0,0,2
916,2942,access_vlan:SW2:eth1:20+access_vlan:SW2:eth2:10+trunk_remove:SW2:eth3:10,12143,0.42325500000000005,-8.0,30,False,True,False,step_limit,0.012811224643761913,30,8,20,0,4,2,4,0,4
917,2943,access_vlan:SW1:eth2:10+access_vlan:SW2:eth2:10+trunk_remove:SW2:eth3:10,12168,0.42206750000000004,-15.200000000000001,25,True,False,False,incorrect_declare_done,0.002616406208835542,25,5,17,0,1,1,1,0,3
918,2944,access_vlan:SW1:eth2:10+access_vlan:SW2:eth2:10+trunk_remove:SW1:eth3:10+trunk_remove:SW1:eth3:20,12198,0.42064250000000003,-8.850000000000001,30,False,True,False,step_limit,0.002281335227113838,30,9,21,0,6,5,5,0,3
919,2945,access_vlan:SW1:eth1:20+access_vlan:SW1:eth2:10+access_vlan:SW2:eth1:20+access_vlan:SW2:eth2:10+trunk_remove:SW2:eth3:10,12228,0.4192175,-8.700000000000005,30,False,True,False,step_limit,0.02275331769293795,30,8,22,0,6,6,3,0,2
920,2946,access_vlan:SW1:eth1:20+access_vlan:SW1:eth2:10+access_vlan:SW2:eth1:20+trunk_remove:SW1:eth3:10+trunk_remove:SW2:eth3:20,12248,0.4182675000000001,-15.450000000000001,20,True,False,False,incorrect_declare_done,0.017300975875696168,20,6,12,0,3,2,3,0,4
921,2947,access_vlan:SW1:eth1:20+access_vlan:SW1:eth2:10+access_vlan:SW2:eth1:20,12278,0.4168425,-8.850000000000003,30,False,True,False,step_limit,0.013003626950861265,30,9,21,0,6,4,4,0,3
922,2948,access_vlan:SW1:eth1:20+access_vlan:SW1:eth2:10+access_vlan:SW2:eth1:20+access_vlan:SW2:eth2:10+trunk_remove:SW2:eth3:20,12285,0.41651000000000005,-11.9,7,True,False,False,incorrect_declare_done,0.0027209274038406356,7,3,3,0,1,1,1,0,2
923,2949,access_vlan:SW1:eth2:10+trunk_remove:SW1:eth3:10+trunk_remove:SW1:eth3:20,12297,0.41594,-12.15,12,True,False,False,incorrect_declare_done,0.04337605874752626,12,3,8,0,0,0,0,0,2
924,2950,access_vlan:SW1:eth2:10+access_vlan:SW2:eth1:20+access_vlan:SW2:eth2:10+trunk_remove:SW1:eth3:10+trunk_remove:SW1:eth3:20+trunk_remove:SW2:eth3:10+trunk_remove:SW2:eth3:20,12315,0.41508500000000004,-15.0,18,True,False,False,incorrect_declare_done,0.03518692502338025,18,5,11,0,3,3,3,0,3
925,2951,access_vlan:SW2:eth2:10+trunk_remove:SW2:eth3:10+trunk_remove:SW2:eth3:20,12345,0.41366,-9.950000000000003,30,False,True,False,step_limit,0.0054306782859688,30,11,17,0,7,5,6,0,4
926,2952,access_vlan:SW1:eth1:20+access_vlan:SW1:eth2:10+access_vlan:SW2:eth1:20+access_vlan:SW2:eth2:10+trunk_remove:SW1:eth3:10+trunk_remove:SW2:eth3:10+trunk_remove:SW2:eth3:20,12375,0.412235,-9.100000000000001,30,False,True,False,step_limit,0.003322734357789159,30,14,16,0,5,5,5,0,3
927,2953,access_vlan:SW1:eth1:20+access_vlan:SW1:eth2:10+access_vlan:SW2:eth2:10+trunk_remove:SW1:eth3:10+trunk_remove:SW2:eth3:10+trunk_remove:SW2:eth3:20,12388,0.4116175000000001,-12.450000000000001,13,True,False,False,incorrect_declare_done,0.0030414611011600266,13,3,8,0,0,0,0,0,2
928,2954,access_vlan:SW2:eth1:20+trunk_remove:SW1:eth3:10+trunk_remove:SW1:eth3:20+trunk_remove:SW2:eth3:20,12412,0.41047749999999994,-16.650000000000002,24,True,False,False,incorrect_declare_done,0.0029186963899216303,24,10,12,0,3,2,3,0,3
929,2955,access_vlan:SW1:eth1:20+access_vlan:SW1:eth2:10+trunk_remove:SW1:eth3:10,12425,0.40986,-14.100000000000001,13,True,False,False,incorrect_declare_done,0.02523416166122143,13,4,7,0,3,3,3,0,3
930,2956,access_vlan:SW1:eth1:20+access_vlan:SW1:eth2:10+trunk_remove:SW1:eth3:10+trunk_remove:SW1:eth3:20+trunk_remove:SW2:eth3:20,12430,0.4096225000000001,-11.950000000000001,5,True,False,False,incorrect_declare_done,0.002610216708853841,5,2,2,0,2,2,2,0,4
931,2957,access_vlan:SW2:eth1:20+access_vlan:SW2:eth2:10+trunk_remove:SW1:eth3:10+trunk_remove:SW2:eth3:10+trunk_remove:SW2:eth3:20,12460,0.4081975,-6.550000000000002,30,False,True,False,step_limit,0.0028693637733037273,30,6,23,0,2,2,2,0,3
932,2958,access_vlan:SW1:eth1:20+access_vlan:SW1:eth2:10+trunk_remove:SW1:eth3:20+trunk_remove:SW2:eth3:20,12490,0.4067725000000001,-8.500000000000002,30,False,True,False,step_limit,0.02210382352738331,30,8,20,0,5,2,5,0,4
933,2959,access_vlan:SW1:eth1:20+access_vlan:SW2:eth2:10+trunk_remove:SW1:eth3:10+trunk_remove:SW1:eth3:20,12499,0.40634500000000007,-12.200000000000001,9,True,False,False,incorrect_declare_done,0.004643388066647781,9,2,5,0,1,1,1,0,4
934,2960,access_vlan:SW1:eth2:10+access_vlan:SW2:eth1:20+trunk_remove:SW1:eth3:20+trunk_remove:SW2:eth3:10+trunk_remove:SW2:eth3:20,12529,0.40492000000000006,-9.9,30,False,True,False,step_limit,0.02625051822202901,30,14,14,0,6,4,4,0,4
935,2961,access_vlan:SW1:eth1:20+trunk_remove:SW1:eth3:10+trunk_remove:SW2:eth3:10+trunk_remove:SW2:eth3:20,12534,0.40468249999999995,-10.65,5,True,False,False,incorrect_declare_done,0.006133835297077894,5,0,4,0,0,0,0,0,3
936,2962,access_vlan:SW1:eth1:20+access_vlan:SW1:eth2:10+access_vlan:SW2:eth1:20+trunk_remove:SW2:eth3:10+trunk_remove:SW2:eth3:20,12564,0.40325750000000005,-7.3500000000000005,30,False,True,False,step_limit,0.0033537699181276064,30,9,21,0,3,3,3,0,2
937,2963,access_vlan:SW1:eth1:20+access_vlan:SW2:eth2:10+trunk_remove:SW1:eth3:10+trunk_remove:SW2:eth3:10+trunk_remove:SW2:eth3:20,12594,0.40183250000000004,-7.200000000000004,30,False,True,False,step_limit,0.022346455716372778,30,6,22,0,3,2,3,0,4
938,2964,access_vlan:SW1:eth1:20+access_vlan:SW2:eth1:20+access_vlan:SW2:eth2:10+trunk_remove:SW1:eth3:10+trunk_remove:SW1:eth3:20+trunk_remove:SW2:eth3:10,12602,0.4014525,-11.9,8,True,False,False,incorrect_declare_done,0.003789931390201673,8,2,5,0,1,1,1,0,3
939,2965,access_vlan:SW1:eth1:20+access_vlan:SW1:eth2:10+access_vlan:SW2:eth2:10+trunk_remove:SW1:eth3:10+trunk_remove:SW2:eth3:10,12632,0.4000275000000001,-7.550000000000002,30,False,True,False,step_limit,0.017583735310472547,30,7,23,0,4,3,4,0,3
940,2966,access_vlan:SW1:eth2:10+access_vlan:SW2:eth1:20+access_vlan:SW2:eth2:10,12662,0.3986025000000001,-8.850000000000003,30,False,True,False,step_limit,0.0034357429889496417,30,9,21,0,6,5,5,0,3
941,2967,access_vlan:SW1:eth1:20+access_vlan:SW2:eth1:20+trunk_remove:SW1:eth3:20,12692,0.39717750000000007,-6.6499999999999995,30,False,True,False,step_limit,0.002541791102460896,30,10,19,0,1,1,1,0,3
942,2968,access_vlan:SW1:eth1:20+access_vlan:SW2:eth1:20+trunk_remove:SW1:eth3:20+trunk_remove:SW2:eth3:10+trunk_remove:SW2:eth3:20,12710,0.3963225,-14.3,18,True,False,False,incorrect_declare_done,0.0023553207736565834,18,6,9,0,1,1,1,0,4
943,2969,access_vlan:SW1:eth1:20+access_vlan:SW1:eth2:10+access_vlan:SW2:eth2:10+trunk_remove:SW1:eth3:20+trunk_remove:SW2:eth3:20,12740,0.3948975,-7.700000000000005,30,False,True,False,step_limit,0.022196738126998145,30,8,22,0,4,3,4,0,2
944,2970,access_vlan:SW1:eth1:20+access_vlan:SW1:eth2:10+access_vlan:SW2:eth1:20+trunk_remove:SW1:eth3:20+trunk_remove:SW2:eth3:10+trunk_remove:SW2:eth3:20,12755,0.394185,-14.400000000000002,15,True,False,False,incorrect_declare_done,0.002043693898788964,15,5,9,0,3,3,3,0,2
945,2971,access_vlan:SW1:eth1:20+access_vlan:SW2:eth1:20+trunk_remove:SW2:eth3:10,12785,0.39276,-12.600000000000005,30,False,True,False,step_limit,0.002462576473286996,30,11,16,0,12,5,8,0,4
946,2972,access_vlan:SW1:eth1:20+access_vlan:SW2:eth1:20+access_vlan:SW2:eth2:10+trunk_remove:SW1:eth3:10+trunk_remove:SW1:eth3:20+trunk_remove:SW2:eth3:20,12799,0.39209499999999997,-12.75,14,True,False,False,incorrect_declare_done,0.002329557988559827,14,5,8,0,0,0,0,0,2
947,2973,access_vlan:SW1:eth1:20+access_vlan:SW1:eth2:10+trunk_remove:SW2:eth3:20,12827,0.39076500000000003,2.049999999999998,28,True,False,True,recovery_success,0.01819631954588528,28,8,18,0,5,4,5,0,0
948,2974,access_vlan:SW1:eth1:20+access_vlan:SW1:eth2:10+access_vlan:SW2:eth2:10,12841,0.3901,-14.100000000000001,14,True,False,False,incorrect_declare_done,0.02502375970029139,14,4,9,0,3,3,2,0,3
949,2975,access_vlan:SW1:eth2:10+access_vlan:SW2:eth2:10+trunk_remove:SW1:eth3:10+trunk_remove:SW1:eth3:20+trunk_remove:SW2:eth3:20,12871,0.3886750000000001,-8.300000000000002,30,False,True,False,step_limit,0.003297338250558823,30,8,18,0,4,2,4,0,4
950,2976,access_vlan:SW1:eth1:20+access_vlan:SW2:eth1:20+access_vlan:SW2:eth2:10+trunk_remove:SW1:eth3:10+trunk_remove:SW1:eth3:20,12884,0.38805750000000006,-13.3,13,True,False,False,incorrect_declare_done,0.0040000508306548,13,3,9,0,2,2,2,0,3
951,2977,access_vlan:SW1:eth2:10+trunk_remove:SW1:eth3:20,12886,0.3879625,-10.200000000000001,2,True,False,False,incorrect_declare_done,0.0025372094241902232,2,0,1,0,0,0,0,0,3
952,2978,access_vlan:SW1:eth2:10+access_vlan:SW2:eth2:10+trunk_remove:SW1:eth3:20+trunk_remove:SW2:eth3:10+trunk_remove:SW2:eth3:20,12889,0.38782000000000005,-11.5,3,True,False,False,incorrect_declare_done,0.0022481355893736086,3,1,1,0,2,2,1,0,4
953,2979,access_vlan:SW1:eth1:20+access_vlan:SW2:eth2:10,12899,0.38734500000000005,-11.700000000000001,10,True,False,False,incorrect_declare_done,0.0023381472332403065,10,1,7,0,0,0,0,0,4
954,2980,trunk_remove:SW1:eth3:10+trunk_remove:SW1:eth3:20+trunk_remove:SW2:eth3:20,12900,0.38729749999999996,-10.05,1,True,False,False,incorrect_declare_done,0.13349580764770508,1,0,0,0,0,0,0,0,2
955,2981,access_vlan:SW1:eth2:10+access_vlan:SW2:eth1:20+access_vlan:SW2:eth2:10+trunk_remove:SW1:eth3:10+trunk_remove:SW1:eth3:20+trunk_remove:SW2:eth3:10+trunk_remove:SW2:eth3:20,12921,0.3863,-15.600000000000001,21,True,False,False,incorrect_declare_done,0.016475179340756898,21,7,13,0,3,3,3,0,2
956,2982,access_vlan:SW1:eth1:20+access_vlan:SW1:eth2:10+access_vlan:SW2:eth1:20+trunk_remove:SW2:eth3:10,12938,0.3854925,-14.05,17,True,False,False,incorrect_declare_done,0.0034177988315658536,17,4,12,0,2,2,2,0,3
957,2983,access_vlan:SW1:eth1:20+trunk_remove:SW1:eth3:10+trunk_remove:SW2:eth3:20,12968,0.3840675,-8.300000000000004,30,False,True,False,step_limit,0.02160822070048501,30,10,18,0,4,2,4,0,3
958,2984,access_vlan:SW1:eth1:20+access_vlan:SW1:eth2:10+trunk_remove:SW1:eth3:20,12981,0.38344999999999996,-12.95,13,True,False,False,incorrect_declare_done,0.024822400148528125,13,4,8,0,1,1,1,0,3
959,2985,access_vlan:SW2:eth2:10+trunk_remove:SW1:eth3:20+trunk_remove:SW2:eth3:20,12986,0.38321250000000007,-10.65,5,True,False,False,incorrect_declare_done,0.0032070114277303217,5,0,4,0,0,0,0,0,3
960,2986,access_vlan:SW1:eth1:20+access_vlan:SW1:eth2:10+access_vlan:SW2:eth2:10+trunk_remove:SW1:eth3:10+trunk_remove:SW2:eth3:10,12988,0.3831175,-10.200000000000001,2,True,False,False,incorrect_declare_done,0.001397743821144104,2,0,1,0,0,0,0,0,3
961,2987,access_vlan:SW1:eth1:20+access_vlan:SW1:eth2:10+access_vlan:SW2:eth1:20+access_vlan:SW2:eth2:10+trunk_remove:SW1:eth3:20+trunk_remove:SW2:eth3:20,12989,0.38307,-10.05,1,True,False,False,incorrect_declare_done,0.0012288030702620745,1,0,0,0,0,0,0,0,1
962,2988,access_vlan:SW1:eth1:20+access_vlan:SW2:eth1:20+trunk_remove:SW1:eth3:20+trunk_remove:SW2:eth3:20,13003,0.382405,-13.100000000000001,14,True,False,False,incorrect_declare_done,0.02788604307819956,14,4,9,0,1,1,1,0,3
963,2989,access_vlan:SW1:eth1:20+access_vlan:SW1:eth2:10+access_vlan:SW2:eth1:20,13013,0.3819300000000001,-13.200000000000001,10,True,False,False,incorrect_declare_done,0.002970954473130405,10,2,7,0,3,3,2,0,3
964,2990,access_vlan:SW1:eth2:10+trunk_remove:SW1:eth3:20+trunk_remove:SW2:eth3:10+trunk_remove:SW2:eth3:20,13043,0.380505,-6.85,30,False,True,False,step_limit,0.015308983135037124,30,9,21,0,2,1,2,0,2
965,2991,access_vlan:SW1:eth1:20+trunk_remove:SW1:eth3:10+trunk_remove:SW1:eth3:20,13073,0.3790800000000001,-9.950000000000003,30,False,True,False,step_limit,0.015157386478191863,30,13,17,0,7,5,6,0,3
966,2992,access_vlan:SW1:eth1:20+trunk_remove:SW2:eth3:10+trunk_remove:SW2:eth3:20,13103,0.37765499999999996,-6.700000000000002,30,False,True,False,step_limit,0.03211536006225894,30,8,22,0,2,1,2,0,2
967,2993,access_vlan:SW1:eth1:20+access_vlan:SW1:eth2:10+access_vlan:SW2:eth1:20+access_vlan:SW2:eth2:10+trunk_remove:SW1:eth3:20+trunk_remove:SW2:eth3:20,13117,0.37698999999999994,-13.3,14,True,False,False,incorrect_declare_done,0.027963444316160997,14,2,11,0,2,2,1,0,3
968,2994,access_vlan:SW1:eth2:10+access_vlan:SW2:eth1:20,13133,0.37623000000000006,-14.9,16,True,False,False,incorrect_declare_done,0.0035728556686080992,16,4,11,0,4,4,3,0,3
969,2995,access_vlan:SW1:eth2:10+access_vlan:SW2:eth1:20+access_vlan:SW2:eth2:10+trunk_remove:SW1:eth3:10+trunk_remove:SW2:eth3:10+trunk_remove:SW2:eth3:20,13163,0.37480500000000005,-9.000000000000002,30,False,True,False,step_limit,0.002613376034423709,30,9,20,0,6,5,6,0,3
970,2996,access_vlan:SW1:eth1:20+trunk_remove:SW2:eth3:10+trunk_remove:SW2:eth3:20,13168,0.37456750000000005,-11.3,5,True,False,False,incorrect_declare_done,0.002018685219809413,5,1,3,0,1,1,1,0,4
971,2997,access_vlan:SW2:eth1:20+access_vlan:SW2:eth2:10+trunk_remove:SW1:eth3:20+trunk_remove:SW2:eth3:10+trunk_remove:SW2:eth3:20,13173,0.37433000000000005,-11.3,5,True,False,False,incorrect_declare_done,0.0035379168810322882,5,1,3,0,1,1,1,0,3
972,2998,access_vlan:SW1:eth1:20+access_vlan:SW2:eth1:20+trunk_remove:SW2:eth3:10,13203,0.37290500000000004,-6.750000000000004,30,False,True,False,step_limit,0.008057240672254313,30,4,25,0,3,3,3,0,2
973,2999,access_vlan:SW1:eth2:10+access_vlan:SW2:eth1:20+trunk_remove:SW1:eth3:10+trunk_remove:SW1:eth3:20,13217,0.37224,-12.3,14,True,False,False,incorrect_declare_done,0.010796453770516174,14,2,11,0,0,0,0,0,3
974,3000,access_vlan:SW1:eth2:10+access_vlan:SW2:eth1:20+trunk_remove:SW1:eth3:10+trunk_remove:SW1:eth3:20+trunk_remove:SW2:eth3:10,13220,0.37209749999999997,-10.350000000000001,3,True,False,False,incorrect_declare_done,0.017276840439687174,3,0,2,0,0,0,0,0,4
975,3001,access_vlan:SW1:eth1:20+trunk_remove:SW1:eth3:10+trunk_remove:SW1:eth3:20+trunk_remove:SW2:eth3:10+trunk_remove:SW2:eth3:20,13240,0.37114749999999996,-14.8,20,True,False,False,incorrect_declare_done,0.012701811955776066,20,5,13,0,2,2,2,0,3
976,3002,access_vlan:SW2:eth1:20+trunk_remove:SW1:eth3:10+trunk_remove:SW1:eth3:20+trunk_remove:SW2:eth3:20,13244,0.37095750000000005,-10.5,4,True,False,False,incorrect_declare_done,0.0053068771958351135,4,0,3,0,0,0,0,0,3
977,3003,access_vlan:SW1:eth1:20+access_vlan:SW1:eth2:10+access_vlan:SW2:eth2:10+trunk_remove:SW1:eth3:10+trunk_remove:SW2:eth3:20,13274,0.36953250000000004,-9.650000000000007,30,False,True,False,step_limit,0.003508072206750512,30,9,19,0,7,5,5,0,3
978,3004,access_vlan:SW1:eth1:20+access_vlan:SW2:eth1:20,13304,0.36810750000000003,-11.500000000000005,30,False,True,False,step_limit,0.01935736552501718,30,8,20,0,11,6,9,0,4
979,3005,access_vlan:SW1:eth1:20+access_vlan:SW1:eth2:10+access_vlan:SW2:eth1:20+trunk_remove:SW2:eth3:10,13334,0.3666825,-8.150000000000002,30,False,True,False,step_limit,0.005613521965763842,30,11,19,0,4,4,4,0,1
980,3006,access_vlan:SW1:eth2:10+trunk_remove:SW1:eth3:10+trunk_remove:SW2:eth3:20,13347,0.366065,-12.950000000000001,13,True,False,False,incorrect_declare_done,0.001976116018620535,13,4,8,0,1,1,1,0,2
981,3007,access_vlan:SW1:eth1:20+access_vlan:SW1:eth2:10+access_vlan:SW2:eth1:20+access_vlan:SW2:eth2:10+trunk_remove:SW2:eth3:20,13351,0.36587500000000006,-13.450000000000001,4,True,False,False,incorrect_declare_done,0.0014157724217511714,4,3,0,0,5,5,3,0,4
982,3008,access_vlan:SW1:eth1:20+access_vlan:SW2:eth2:10+trunk_remove:SW1:eth3:10+trunk_remove:SW1:eth3:20,13358,0.3655425,-11.100000000000001,7,True,False,False,incorrect_declare_done,0.0025906930511285153,7,1,5,0,0,0,0,0,4
983,3009,access_vlan:SW1:eth1:20+access_vlan:SW1:eth2:10+access_vlan:SW2:eth2:10+trunk_remove:SW1:eth3:10+trunk_remove:SW2:eth3:10,13365,0.36521000000000003,-12.25,7,True,False,False,incorrect_declare_done,0.051776402230773656,7,1,4,0,2,2,1,0,3
984,3010,access_vlan:SW2:eth2:10+trunk_remove:SW1:eth3:10,13369,0.36502,-10.5,4,True,False,False,incorrect_declare_done,0.003922852221876383,4,0,3,0,0,0,0,0,3
985,3011,access_vlan:SW2:eth1:20+access_vlan:SW2:eth2:10+trunk_remove:SW1:eth3:10+trunk_remove:SW2:eth3:10,13399,0.363595,-8.300000000000002,30,False,True,False,step_limit,0.004652428081802403,30,10,18,0,4,4,3,0,3
986,3012,access_vlan:SW2:eth1:20+access_vlan:SW2:eth2:10+trunk_remove:SW1:eth3:20+trunk_remove:SW2:eth3:10+trunk_remove:SW2:eth3:20,13421,0.36255000000000004,-15.55,22,True,False,False,incorrect_declare_done,0.00646437720967118,22,8,12,0,2,1,2,0,3
987,3013,access_vlan:SW1:eth2:10+access_vlan:SW2:eth1:20+access_vlan:SW2:eth2:10+trunk_remove:SW1:eth3:10+trunk_remove:SW1:eth3:20+trunk_remove:SW2:eth3:20,13451,0.36112500000000003,-6.700000000000003,30,False,True,False,step_limit,0.005519667403617253,30,8,22,0,2,2,2,0,3
988,3014,access_vlan:SW1:eth2:10+access_vlan:SW2:eth1:20+access_vlan:SW2:eth2:10+trunk_remove:SW2:eth3:20,13474,0.3600325000000001,-16.900000000000002,23,True,False,False,incorrect_declare_done,0.019159295527851613,23,7,15,0,5,4,4,0,4
989,3015,access_vlan:SW1:eth1:20+access_vlan:SW2:eth1:20+trunk_remove:SW2:eth3:10,13504,0.35860749999999997,-9.200000000000003,30,False,True,False,step_limit,0.013293905272924652,30,7,22,0,7,5,4,0,4
990,3016,access_vlan:SW1:eth1:20+access_vlan:SW1:eth2:10+trunk_remove:SW1:eth3:20+trunk_remove:SW2:eth3:20,13517,0.35799000000000003,-12.3,13,True,False,False,incorrect_declare_done,0.020920237347197074,13,2,9,0,0,0,0,0,2
991,3017,access_vlan:SW1:eth1:20+access_vlan:SW2:eth1:20+trunk_remove:SW1:eth3:10,13547,0.356565,-12.300000000000006,30,False,True,False,step_limit,0.010666378117942561,30,11,18,0,12,6,8,1,4
992,3018,access_vlan:SW1:eth1:20+access_vlan:SW1:eth2:10+access_vlan:SW2:eth2:10+trunk_remove:SW1:eth3:10+trunk_remove:SW1:eth3:20+trunk_remove:SW2:eth3:20,13563,0.35580500000000004,-14.400000000000002,16,True,False,False,incorrect_declare_done,0.011394392407964915,16,4,11,0,3,3,3,0,3
993,3019,access_vlan:SW1:eth1:20+access_vlan:SW1:eth2:10+access_vlan:SW2:eth1:20+access_vlan:SW2:eth2:10+trunk_remove:SW2:eth3:10,13568,0.35556750000000004,-11.8,5,True,False,False,incorrect_declare_done,0.0031713053584098818,5,1,3,0,2,2,1,0,3
994,3020,access_vlan:SW1:eth1:20+trunk_remove:SW1:eth3:20,13598,0.3541425,-7.900000000000001,30,False,True,False,step_limit,0.011029770644381643,30,6,24,0,5,4,4,0,3
995,3021,access_vlan:SW2:eth1:20+access_vlan:SW2:eth2:10+trunk_remove:SW1:eth3:10+trunk_remove:SW2:eth3:20,13602,0.3539525,-10.5,4,True,False,False,incorrect_declare_done,0.07447098795091733,4,0,3,0,0,0,0,0,2
996,3022,access_vlan:SW1:eth2:10,13611,0.3535250000000001,-13.200000000000001,9,True,False,False,incorrect_declare_done,0.006011608134334286,9,3,5,0,3,3,2,1,3
997,3023,access_vlan:SW1:eth2:10+trunk_remove:SW1:eth3:10,13641,0.35209999999999997,-7.5000000000000036,30,False,True,False,step_limit,0.008880413742735982,30,10,20,0,3,3,3,0,3
998,3024,access_vlan:SW2:eth2:10+trunk_remove:SW1:eth3:20,13671,0.35067500000000007,-8.650000000000002,30,False,True,False,step_limit,0.016558616255254795,30,11,19,0,5,3,3,0,3
999,3025,access_vlan:SW1:eth1:20+access_vlan:SW2:eth1:20+trunk_remove:SW1:eth3:20+trunk_remove:SW2:eth3:10,13685,0.35001000000000004,-12.450000000000001,14,True,False,False,incorrect_declare_done,0.023964084160979837,14,3,10,0,0,0,0,0,3
1000,3026,access_vlan:SW1:eth1:20+access_vlan:SW2:eth1:20+access_vlan:SW2:eth2:10+trunk_remove:SW1:eth3:20+trunk_remove:SW2:eth3:20,13715,0.34858500000000003,-8.600000000000001,30,False,True,False,step_limit,0.007296626894579579,30,13,16,0,4,4,4,1,1
1001,3027,access_vlan:SW1:eth1:20+access_vlan:SW1:eth2:10+access_vlan:SW2:eth1:20+trunk_remove:SW1:eth3:20+trunk_remove:SW2:eth3:10+trunk_remove:SW2:eth3:20,13717,0.3484900000000001,-10.200000000000001,2,True,False,False,incorrect_declare_done,0.0057135154493153095,2,0,1,0,0,0,0,0,3
1002,3028,access_vlan:SW1:eth1:20+access_vlan:SW1:eth2:10+access_vlan:SW2:eth1:20+access_vlan:SW2:eth2:10+trunk_remove:SW2:eth3:10+trunk_remove:SW2:eth3:20,13720,0.34834750000000003,-10.350000000000001,3,True,False,False,incorrect_declare_done,0.03538350256470343,3,0,2,0,0,0,0,0,2
1003,3029,access_vlan:SW2:eth2:10+trunk_remove:SW1:eth3:10+trunk_remove:SW1:eth3:20,13750,0.3469225,-5.950000000000003,30,False,True,False,step_limit,0.010093129616385947,30,2,27,0,2,2,2,0,3
1004,3030,access_vlan:SW1:eth1:20+access_vlan:SW1:eth2:10+trunk_remove:SW2:eth3:10+trunk_remove:SW2:eth3:20,13770,0.3459725,-15.15,20,True,False,False,incorrect_declare_done,0.002794063149485737,20,5,14,0,3,2,3,0,4
1005,3031,access_vlan:SW1:eth2:10+access_vlan:SW2:eth1:20+access_vlan:SW2:eth2:10+trunk_remove:SW1:eth3:20+trunk_remove:SW2:eth3:10+trunk_remove:SW2:eth3:20,13784,0.3453075,-13.1,14,True,False,False,incorrect_declare_done,0.002755743093855147,14,4,9,0,1,1,1,0,2
1006,3032,access_vlan:SW1:eth1:20+access_vlan:SW2:eth1:20,13797,0.34469000000000005,-13.15,13,True,False,False,incorrect_declare_done,0.002212396007962525,13,2,10,0,2,2,1,0,3
1007,3033,access_vlan:SW1:eth1:20+access_vlan:SW2:eth2:10+trunk_remove:SW1:eth3:20,13827,0.34326500000000004,-8.550000000000006,30,False,True,False,step_limit,0.012617868060866991,30,7,23,0,6,3,4,0,3
1008,3034,trunk_remove:SW1:eth3:10+trunk_remove:SW1:eth3:20+trunk_remove:SW2:eth3:10+trunk_remove:SW2:eth3:20,13836,0.3428375,-11.55,9,True,False,False,incorrect_declare_done,0.034294808632694185,9,2,6,0,0,0,0,0,1
1009,3035,access_vlan:SW1:eth2:10+access_vlan:SW2:eth1:20+access_vlan:SW2:eth2:10,13843,0.34250499999999995,-12.75,7,True,False,False,incorrect_declare_done,0.003611086867749691,7,1,4,0,3,3,1,1,3
1010,3036,access_vlan:SW2:eth2:10+trunk_remove:SW1:eth3:10,13866,0.3414125,-15.250000000000002,23,True,False,False,incorrect_declare_done,0.01911718553721743,23,6,16,0,2,1,2,0,1
1011,3037,access_vlan:SW1:eth2:10+access_vlan:SW2:eth1:20+trunk_remove:SW1:eth3:20+trunk_remove:SW2:eth3:10,13896,0.3399875,-5.850000000000002,30,False,True,False,step_limit,0.006266028360308458,30,8,21,0,0,0,0,0,3
1012,3038,access_vlan:SW1:eth2:10+access_vlan:SW2:eth2:10+trunk_remove:SW1:eth3:10+trunk_remove:SW2:eth3:10+trunk_remove:SW2:eth3:20,13909,0.33937000000000006,-13.600000000000001,13,True,False,False,incorrect_declare_done,0.017400514961291965,13,4,7,0,2,1,2,0,4
1013,3039,access_vlan:SW1:eth2:10+access_vlan:SW2:eth2:10+trunk_remove:SW1:eth3:10+trunk_remove:SW2:eth3:10,13939,0.33794500000000005,-8.150000000000002,30,False,True,False,step_limit,0.0125489932562535,30,10,19,0,4,4,4,0,1
1014,3040,access_vlan:SW1:eth2:10+access_vlan:SW2:eth2:10+trunk_remove:SW1:eth3:10,13968,0.3365675,-19.850000000000005,29,True,False,False,incorrect_declare_done,0.003840861838021926,29,11,14,0,7,4,5,0,1
1015,3041,access_vlan:SW1:eth1:20+trunk_remove:SW1:eth3:10+trunk_remove:SW1:eth3:20,13974,0.33628250000000004,-12.75,6,True,False,False,incorrect_declare_done,0.0035880656990533075,6,3,2,0,3,3,2,0,4
1016,3042,access_vlan:SW2:eth1:20+access_vlan:SW2:eth2:10+trunk_remove:SW2:eth3:10,13996,0.3352375000000001,-14.950000000000001,22,True,False,False,incorrect_declare_done,0.006959584837948734,22,5,16,0,2,2,2,0,4
1017,3043,access_vlan:SW1:eth2:10+trunk_remove:SW1:eth3:20+trunk_remove:SW2:eth3:10,14000,0.33504750000000005,-11.15,4,True,False,False,incorrect_declare_done,0.0028826231718994677,4,1,2,0,1,1,1,0,3
1018,3044,access_vlan:SW1:eth2:10+access_vlan:SW2:eth2:10+trunk_remove:SW1:eth3:10+trunk_remove:SW2:eth3:10+trunk_remove:SW2:eth3:20,14030,0.33362250000000004,-5.100000000000001,30,False,True,False,step_limit,0.005980245210230351,30,3,26,0,0,0,0,0,3
1019,3045,access_vlan:SW2:eth1:20+trunk_remove:SW1:eth3:10+trunk_remove:SW2:eth3:10+trunk_remove:SW2:eth3:20,14060,0.33219750000000003,-8.15,30,False,True,False,step_limit,0.004409193441582223,30,10,19,0,4,4,4,0,3
1020,3046,access_vlan:SW1:eth2:10+trunk_remove:SW1:eth3:10+trunk_remove:SW1:eth3:20,14090,0.3307725,-9.650000000000004,30,False,True,False,step_limit,0.010733394681786497,30,11,19,0,7,6,5,1,4
1021,3047,access_vlan:SW1:eth1:20+access_vlan:SW2:eth2:10+trunk_remove:SW1:eth3:10+trunk_remove:SW2:eth3:20,14120,0.3293475,-7.500000000000002,30,False,True,False,step_limit,0.004593495954759419,30,9,20,0,3,3,3,0,3
1022,3048,access_vlan:SW1:eth1:20+access_vlan:SW2:eth2:10+trunk_remove:SW1:eth3:10,14131,0.32882500000000003,-13.75,11,True,False,False,incorrect_declare_done,0.03110504827716134,11,6,2,0,2,2,2,0,4
1023,3049,access_vlan:SW1:eth1:20+access_vlan:SW1:eth2:10+access_vlan:SW2:eth2:10+trunk_remove:SW1:eth3:10+trunk_remove:SW1:eth3:20,14148,0.32801749999999996,-14.0,17,True,False,False,incorrect_declare_done,0.014485550208893768,17,6,9,0,1,1,1,0,4
1024,3050,access_vlan:SW1:eth2:10+access_vlan:SW2:eth1:20+trunk_remove:SW1:eth3:20+trunk_remove:SW2:eth3:10,14162,0.32735250000000005,-13.55,14,True,False,False,incorrect_declare_done,0.03665228228783235,14,7,6,0,1,1,1,0,3
1025,3051,access_vlan:SW1:eth1:20+access_vlan:SW1:eth2:10+trunk_remove:SW1:eth3:10+trunk_remove:SW1:eth3:20+trunk_remove:SW2:eth3:10+trunk_remove:SW2:eth3:20,14192,0.32592750000000004,-10.150000000000004,30,False,True,False,step_limit,0.0043680997914634645,30,10,19,0,8,6,6,0,4
1026,3052,access_vlan:SW1:eth2:10+access_vlan:SW2:eth1:20+trunk_remove:SW1:eth3:20+trunk_remove:SW2:eth3:10,14194,0.3258325000000001,-10.350000000000001,2,True,False,False,incorrect_declare_done,0.0030117349233478308,2,1,0,0,0,0,0,0,4
1027,3053,access_vlan:SW1:eth2:10+trunk_remove:SW1:eth3:20+trunk_remove:SW2:eth3:10+trunk_remove:SW2:eth3:20,14212,0.32497750000000003,-15.3,18,True,False,False,incorrect_declare_done,0.01897011360981398,18,7,9,0,3,2,3,0,3
1028,3054,access_vlan:SW1:eth1:20+access_vlan:SW2:eth1:20+trunk_remove:SW2:eth3:10+trunk_remove:SW2:eth3:20,14215,0.324835,-11.15,3,True,False,False,incorrect_declare_done,0.009011399156103531,3,1,0,0,1,1,1,0,4
1029,3055,access_vlan:SW1:eth1:20+access_vlan:SW1:eth2:10+access_vlan:SW2:eth1:20+trunk_remove:SW1:eth3:20+trunk_remove:SW2:eth3:10+trunk_remove:SW2:eth3:20,14226,0.3243125,-11.55,11,True,False,False,incorrect_declare_done,0.029915798688307405,11,0,10,0,0,0,0,0,3
1030,3056,access_vlan:SW1:eth2:10+access_vlan:SW2:eth2:10+trunk_remove:SW2:eth3:10,14230,0.3241225,-10.65,4,True,False,False,incorrect_declare_done,0.048659404972568154,4,1,2,0,0,0,0,0,4
1031,3057,access_vlan:SW1:eth1:20+access_vlan:SW1:eth2:10+access_vlan:SW2:eth2:10+trunk_remove:SW1:eth3:20,14260,0.3226975000000001,-8.650000000000004,30,False,True,False,step_limit,0.015231657478337487,30,9,19,0,5,4,3,0,3
1032,3058,access_vlan:SW1:eth2:10+access_vlan:SW2:eth1:20+access_vlan:SW2:eth2:10+trunk_remove:SW1:eth3:20+trunk_remove:SW2:eth3:10,14283,0.32160500000000003,-20.000000000000004,23,True,False,False,incorrect_declare_done,0.019086236620078915,23,11,11,0,10,6,7,0,4
1033,3059,access_vlan:SW1:eth1:20+access_vlan:SW2:eth1:20+trunk_remove:SW1:eth3:10+trunk_remove:SW1:eth3:20+trunk_remove:SW2:eth3:10+trunk_remove:SW2:eth3:20,14313,0.32018,-8.750000000000002,30,False,True,False,step_limit,0.016231862013228238,30,13,15,0,4,2,4,0,3
1034,3060,access_vlan:SW1:eth2:10+access_vlan:SW2:eth2:10+trunk_remove:SW1:eth3:20+trunk_remove:SW2:eth3:20,14343,0.3187550000000001,-8.650000000000002,30,False,True,False,step_limit,0.019213390753914913,30,10,19,0,5,4,5,1,1
1035,3061,access_vlan:SW1:eth1:20+access_vlan:SW1:eth2:10+trunk_remove:SW1:eth3:10+trunk_remove:SW1:eth3:20+trunk_remove:SW2:eth3:20,14372,0.3173775,-16.15,29,True,False,False,incorrect_declare_done,0.005989954088300723,29,6,22,0,2,2,2,0,4
1036,3062,access_vlan:SW1:eth1:20+access_vlan:SW2:eth1:20+trunk_remove:SW1:eth3:20+trunk_remove:SW2:eth3:10+trunk_remove:SW2:eth3:20,14396,0.31623750000000006,-16.15,24,True,False,False,incorrect_declare_done,0.004484753202026089,24,10,12,0,2,2,2,0,4
1037,3063,access_vlan:SW2:eth1:20+access_vlan:SW2:eth2:10+trunk_remove:SW2:eth3:10+trunk_remove:SW2:eth3:20,14417,0.3152400000000001,-15.100000000000001,21,True,False,False,incorrect_declare_done,0.013538775073053936,21,7,13,0,2,2,2,0,2
1038,3064,access_vlan:SW2:eth2:10+trunk_remove:SW1:eth3:10,14447,0.31381499999999996,-9.900000000000006,30,False,True,False,step_limit,0.005182610409489522,30,16,14,0,6,5,5,0,2
1039,3065,access_vlan:SW1:eth2:10+trunk_remove:SW1:eth3:10+trunk_remove:SW1:eth3:20,14455,0.313435,-12.200000000000001,8,True,False,False,incorrect_declare_done,0.006490152707556263,8,4,3,0,1,1,1,0,3
1040,3066,access_vlan:SW1:eth1:20+access_vlan:SW2:eth1:20+trunk_remove:SW1:eth3:10+trunk_remove:SW1:eth3:20+trunk_remove:SW2:eth3:10+trunk_remove:SW2:eth3:20,14485,0.3120100000000001,-6.700000000000002,30,False,True,False,step_limit,0.020992250247703244,30,7,22,0,2,2,2,0,3
1041,3067,access_vlan:SW1:eth2:10+access_vlan:SW2:eth1:20+trunk_remove:SW2:eth3:10,14515,0.310585,-8.000000000000004,30,False,True,False,step_limit,0.018348433806871376,30,10,20,0,4,3,4,0,4
1042,3068,trunk_remove:SW1:eth3:20+trunk_remove:SW2:eth3:10,14520,0.3103475,9.049999999999999,5,True,False,True,recovery_success,0.008691573608666658,5,2,2,0,0,0,0,0,0
1043,3069,access_vlan:SW1:eth2:10+access_vlan:SW2:eth1:20+access_vlan:SW2:eth2:10+trunk_remove:SW1:eth3:20+trunk_remove:SW2:eth3:10+trunk_remove:SW2:eth3:20,14550,0.3089225,-8.000000000000002,30,False,True,False,step_limit,0.018553329119458794,30,10,20,0,4,4,3,0,3
1044,3070,access_vlan:SW2:eth1:20+trunk_remove:SW1:eth3:20,14580,0.3074975000000001,-10.300000000000004,30,False,True,False,step_limit,0.015597664137991766,30,9,18,0,8,5,6,0,4
1045,3071,access_vlan:SW1:eth1:20+access_vlan:SW2:eth1:20+trunk_remove:SW1:eth3:20+trunk_remove:SW2:eth3:10,14595,0.306785,6.75,15,True,False,True,recovery_success,0.01638077897951007,15,4,10,0,1,1,1,0,0
1046,3072,access_vlan:SW1:eth1:20+access_vlan:SW1:eth2:10+access_vlan:SW2:eth2:10+trunk_remove:SW1:eth3:10+trunk_remove:SW1:eth3:20+trunk_remove:SW2:eth3:20,14604,0.30635750000000006,-12.350000000000001,9,True,False,False,incorrect_declare_done,0.03660632579380439,9,4,4,0,1,1,1,0,3
1047,3073,access_vlan:SW2:eth1:20+access_vlan:SW2:eth2:10+trunk_remove:SW1:eth3:10+trunk_remove:SW2:eth3:10+trunk_remove:SW2:eth3:20,14612,0.3059775,-11.4,8,True,False,False,incorrect_declare_done,0.01077854138566181,8,2,5,0,0,0,0,0,2
1048,3074,access_vlan:SW1:eth1:20+trunk_remove:SW1:eth3:10+trunk_remove:SW1:eth3:20+trunk_remove:SW2:eth3:10+trunk_remove:SW2:eth3:20,14642,0.3045525,-9.050000000000002,30,False,True,False,step_limit,0.02725227870978415,30,17,13,0,4,3,3,0,3
1049,3075,access_vlan:SW1:eth1:20+access_vlan:SW1:eth2:10+access_vlan:SW2:eth1:20+access_vlan:SW2:eth2:10+trunk_remove:SW1:eth3:20+trunk_remove:SW2:eth3:10,14672,0.3031275,-10.600000000000005,30,False,True,False,step_limit,0.034015787811949846,30,12,16,0,8,4,5,4,0
1050,3076,access_vlan:SW1:eth1:20+access_vlan:SW2:eth2:10+trunk_remove:SW1:eth3:10,14702,0.3017025000000001,-6.700000000000002,30,False,True,False,step_limit,0.01870753934296469,30,8,22,0,2,2,2,0,1
1051,3077,trunk_remove:SW1:eth3:20+trunk_remove:SW2:eth3:10,14708,0.3014175000000001,8.899999999999999,6,True,False,True,recovery_success,0.0554338643172135,6,2,3,0,0,0,0,0,0
1052,3078,access_vlan:SW1:eth1:20+trunk_remove:SW1:eth3:10+trunk_remove:SW2:eth3:10,14713,0.30118,-12.100000000000001,5,True,False,False,incorrect_declare_done,0.03961628889665007,5,3,1,0,2,2,1,0,3
1053,3079,access_vlan:SW1:eth2:10+access_vlan:SW2:eth2:10+trunk_remove:SW1:eth3:20,14739,0.299945,2.149999999999995,26,True,False,True,recovery_success,0.012777959686130859,26,6,18,0,6,4,4,1,0
1054,3080,access_vlan:SW1:eth2:10+access_vlan:SW2:eth1:20+trunk_remove:SW1:eth3:10+trunk_remove:SW1:eth3:20+trunk_remove:SW2:eth3:10,14742,0.2998025000000001,-10.5,3,True,False,False,incorrect_declare_done,0.007928357770045599,3,1,1,0,0,0,0,0,4
1055,3081,access_vlan:SW1:eth2:10+access_vlan:SW2:eth2:10+trunk_remove:SW1:eth3:10+trunk_remove:SW2:eth3:10,14759,0.298995,-13.55,17,True,False,False,incorrect_declare_done,0.011123920626500073,17,4,12,0,1,1,1,0,2
1056,3082,access_vlan:SW1:eth2:10+access_vlan:SW2:eth1:20+access_vlan:SW2:eth2:10,14762,0.2988525000000001,9.5,3,True,False,True,recovery_success,0.018275532638654113,3,1,1,0,0,0,0,0,0
1057,3083,access_vlan:SW1:eth2:10+access_vlan:SW2:eth2:10+trunk_remove:SW1:eth3:10+trunk_remove:SW1:eth3:20,14768,0.2985675000000001,-11.100000000000001,6,True,False,False,incorrect_declare_done,0.008600375498645008,6,2,3,0,0,0,0,0,3
1058,3084,access_vlan:SW1:eth1:20+access_vlan:SW2:eth1:20,14770,0.29847250000000003,-10.850000000000001,2,True,False,False,incorrect_declare_done,0.007669928250834346,2,1,0,0,1,1,1,0,3
1059,3085,access_vlan:SW1:eth1:20+access_vlan:SW1:eth2:10+access_vlan:SW2:eth2:10+trunk_remove:SW1:eth3:20+trunk_remove:SW2:eth3:10,14800,0.2970475,-6.3500000000000005,30,False,True,False,step_limit,0.019115899635168413,30,8,21,0,1,1,1,0,3
1060,3086,access_vlan:SW1:eth1:20+access_vlan:SW2:eth1:20+trunk_remove:SW1:eth3:10,14816,0.29628750000000004,6.75,16,True,False,True,recovery_success,0.010121500803506933,16,3,12,0,1,1,1,0,0
1061,3087,access_vlan:SW1:eth2:10+access_vlan:SW2:eth1:20+trunk_remove:SW1:eth3:10+trunk_remove:SW2:eth3:10+trunk_remove:SW2:eth3:20,14826,0.29581250000000003,-13.0,10,True,False,False,incorrect_declare_done,0.047366726724430916,10,3,5,0,2,2,2,0,3
1062,3088,access_vlan:SW1:eth2:10+access_vlan:SW2:eth1:20+access_vlan:SW2:eth2:10+trunk_remove:SW1:eth3:20+trunk_remove:SW2:eth3:20,14839,0.295195,-13.45,13,True,False,False,incorrect_declare_done,0.02949375965489218,13,4,8,0,2,2,2,0,3
1063,3089,access_vlan:SW1:eth2:10+access_vlan:SW2:eth1:20+access_vlan:SW2:eth2:10+trunk_remove:SW1:eth3:10+trunk_remove:SW1:eth3:20+trunk_remove:SW2:eth3:10+trunk_remove:SW2:eth3:20,14845,0.29491,-10.950000000000001,6,True,False,False,incorrect_declare_done,0.039036486647091806,6,1,4,0,0,0,0,0,3
1064,3090,access_vlan:SW2:eth2:10+trunk_remove:SW1:eth3:20+trunk_remove:SW2:eth3:20,14875,0.293485,-15.350000000000009,30,False,True,False,step_limit,0.033033603546209635,30,19,11,0,16,6,10,1,3
1065,3091,access_vlan:SW1:eth1:20+access_vlan:SW1:eth2:10+access_vlan:SW2:eth1:20+access_vlan:SW2:eth2:10,14876,0.2934375,9.95,1,True,False,True,recovery_success,0.004443424753844738,1,0,0,0,0,0,0,0,0
1066,3092,access_vlan:SW1:eth1:20+access_vlan:SW2:eth1:20+trunk_remove:SW1:eth3:10+trunk_remove:SW1:eth3:20+trunk_remove:SW2:eth3:10+trunk_remove:SW2:eth3:20,14892,0.29267750000000003,-13.25,16,True,False,False,incorrect_declare_done,0.005087121870019473,16,2,12,0,1,1,1,0,4
1067,3093,access_vlan:SW1:eth1:20+access_vlan:SW2:eth2:10+trunk_remove:SW1:eth3:10+trunk_remove:SW1:eth3:20,14910,0.2918225000000001,-15.25,18,True,False,False,incorrect_declare_done,0.008576371331906153,18,9,6,0,2,2,2,0,1
1068,3094,access_vlan:SW1:eth1:20+trunk_remove:SW1:eth3:20+trunk_remove:SW2:eth3:10+trunk_remove:SW2:eth3:20,14912,0.29172750000000003,-10.200000000000001,2,True,False,False,incorrect_declare_done,0.08372117625549436,2,0,1,0,0,0,0,0,3
1069,3095,access_vlan:SW2:eth2:10,14926,0.2910625000000001,6.75,14,True,False,True,recovery_success,0.021080345813451067,14,4,8,0,1,1,1,1,0
1070,3096,access_vlan:SW2:eth1:20+access_vlan:SW2:eth2:10+trunk_remove:SW1:eth3:20+trunk_remove:SW2:eth3:20,14956,0.2896375,-8.650000000000004,30,False,True,False,step_limit,0.027477706701029093,30,11,19,0,5,4,3,0,1
1071,3097,access_vlan:SW1:eth1:20+access_vlan:SW1:eth2:10+access_vlan:SW2:eth1:20+trunk_remove:SW1:eth3:10+trunk_remove:SW2:eth3:10,14972,0.2888775,-15.850000000000001,16,True,False,False,incorrect_declare_done,0.019643463456304744,16,7,8,0,5,3,4,0,3
1072,3098,access_vlan:SW1:eth2:10+trunk_remove:SW1:eth3:20+trunk_remove:SW2:eth3:10+trunk_remove:SW2:eth3:20,14974,0.28878249999999994,-10.350000000000001,2,True,False,False,incorrect_declare_done,0.012020304799079895,2,1,0,0,0,0,0,0,2
1073,3099,access_vlan:SW2:eth2:10+trunk_remove:SW2:eth3:10+trunk_remove:SW2:eth3:20,14980,0.2884975000000001,-11.100000000000001,6,True,False,False,incorrect_declare_done,0.013842276142289242,6,2,3,0,0,0,0,0,1
1074,3100,access_vlan:SW1:eth1:20+access_vlan:SW2:eth1:20+trunk_remove:SW1:eth3:20+trunk_remove:SW2:eth3:10,15006,0.2872625000000001,-14.25,26,True,False,False,incorrect_declare_done,0.03227097478408653,26,3,22,0,0,0,0,0,4
1075,3101,access_vlan:SW2:eth1:20+trunk_remove:SW1:eth3:10+trunk_remove:SW1:eth3:20+trunk_remove:SW2:eth3:10,15007,0.2872150000000001,-10.05,1,True,False,False,incorrect_declare_done,0.0207752026617527,1,0,0,0,0,0,0,0,3
1076,3102,access_vlan:SW1:eth1:20+access_vlan:SW1:eth2:10+trunk_remove:SW1:eth3:20,15010,0.28707250000000006,-10.350000000000001,3,True,False,False,incorrect_declare_done,0.01968203578144312,3,0,2,0,0,0,0,0,3
1077,3103,trunk_remove:SW1:eth3:10+trunk_remove:SW2:eth3:10,15040,0.28564750000000005,-12.600000000000007,30,False,True,False,step_limit,0.04370490798416237,30,12,16,0,12,4,8,0,2
1078,3104,access_vlan:SW1:eth1:20+access_vlan:SW1:eth2:10+access_vlan:SW2:eth1:20+access_vlan:SW2:eth2:10+trunk_remove:SW1:eth3:10+trunk_remove:SW1:eth3:20+trunk_remove:SW2:eth3:10+trunk_remove:SW2:eth3:20,15069,0.28427,-15.150000000000002,29,True,False,False,incorrect_declare_done,0.041492522340910186,29,6,22,0,0,0,0,0,1
1079,3105,access_vlan:SW1:eth1:20+access_vlan:SW1:eth2:10+trunk_remove:SW2:eth3:20,15083,0.283605,5.249999999999999,14,True,False,True,recovery_success,0.0711780124942639,14,4,8,0,4,3,2,1,0
1080,3106,access_vlan:SW1:eth1:20+access_vlan:SW1:eth2:10+trunk_remove:SW1:eth3:10+trunk_remove:SW1:eth3:20+trunk_remove:SW2:eth3:20,15113,0.28218,-10.300000000000004,30,False,True,False,step_limit,0.038818879223739104,30,11,18,0,8,4,8,0,4
1081,3107,access_vlan:SW1:eth2:10+trunk_remove:SW1:eth3:10+trunk_remove:SW2:eth3:20,15143,0.2807550000000001,-12.750000000000007,30,False,True,False,step_limit,0.05495925162297984,30,25,5,0,9,6,6,1,0
1082,3108,access_vlan:SW1:eth1:20+access_vlan:SW2:eth1:20+trunk_remove:SW1:eth3:20+trunk_remove:SW2:eth3:20,15146,0.28061250000000004,-10.350000000000001,3,True,False,False,incorrect_declare_done,0.014478041014323631,3,0,2,0,0,0,0,0,4
1083,3109,access_vlan:SW1:eth2:10+trunk_remove:SW1:eth3:10+trunk_remove:SW2:eth3:10+trunk_remove:SW2:eth3:20,15176,0.27918750000000003,-6.7,30,False,True,False,step_limit,0.039823042089119555,30,5,22,0,2,2,1,0,1
1084,3110,access_vlan:SW1:eth1:20+access_vlan:SW2:eth2:10+trunk_remove:SW1:eth3:20+trunk_remove:SW2:eth3:10,15189,0.2785700000000001,5.95,13,True,False,True,recovery_success,0.05632213950873567,13,8,4,0,2,2,2,2,0
1085,3111,access_vlan:SW1:eth1:20+access_vlan:SW2:eth1:20+trunk_remove:SW1:eth3:20+trunk_remove:SW2:eth3:10+trunk_remove:SW2:eth3:20,15202,0.27795250000000005,5.599999999999999,13,True,False,True,recovery_success,0.03434674420322363,13,7,5,0,3,3,1,1,0
1086,3112,access_vlan:SW1:eth2:10+access_vlan:SW2:eth1:20+access_vlan:SW2:eth2:10+trunk_remove:SW1:eth3:20+trunk_remove:SW2:eth3:20,15223,0.27695500000000006,-15.75,21,True,False,False,incorrect_declare_done,0.06107072372521673,21,8,12,0,3,3,3,0,4
1087,3113,access_vlan:SW1:eth1:20+access_vlan:SW2:eth1:20+access_vlan:SW2:eth2:10+trunk_remove:SW2:eth3:10+trunk_remove:SW2:eth3:20,15253,0.27553000000000005,-6.350000000000002,30,False,True,False,step_limit,0.05816450783361991,30,7,21,0,1,1,1,0,3
1088,3114,access_vlan:SW1:eth1:20+trunk_remove:SW2:eth3:20,15283,0.27410500000000004,-10.800000000000006,30,False,True,False,step_limit,0.05562379634939134,30,10,18,0,9,4,5,5,0
1089,3115,access_vlan:SW1:eth1:20+access_vlan:SW1:eth2:10+access_vlan:SW2:eth1:20+access_vlan:SW2:eth2:10+trunk_remove:SW2:eth3:10+trunk_remove:SW2:eth3:20,15285,0.2740100000000001,-10.350000000000001,2,True,False,False,incorrect_declare_done,0.1361047327518463,2,1,0,0,0,0,0,0,1
1090,3116,access_vlan:SW1:eth2:10+trunk_remove:SW1:eth3:10+trunk_remove:SW1:eth3:20+trunk_remove:SW2:eth3:10+trunk_remove:SW2:eth3:20,15290,0.2737725000000001,-11.25,5,True,False,False,incorrect_declare_done,0.06924246605485677,5,4,0,0,0,0,0,0,1
1091,3117,access_vlan:SW1:eth1:20+access_vlan:SW1:eth2:10+trunk_remove:SW1:eth3:10+trunk_remove:SW1:eth3:20+trunk_remove:SW2:eth3:20,15293,0.27363000000000004,-10.350000000000001,3,True,False,False,incorrect_declare_done,0.0174557661327223,3,0,2,0,0,0,0,0,2
1092,3118,access_vlan:SW1:eth1:20+access_vlan:SW1:eth2:10+trunk_remove:SW1:eth3:20+trunk_remove:SW2:eth3:20,15304,0.27310750000000006,-14.15,11,True,False,False,incorrect_declare_done,0.050948081368749794,11,4,6,0,4,4,3,0,4
1093,3119,access_vlan:SW1:eth2:10+access_vlan:SW2:eth1:20+access_vlan:SW2:eth2:10+trunk_remove:SW1:eth3:20+trunk_remove:SW2:eth3:10+trunk_remove:SW2:eth3:20,15334,0.27168249999999994,-5.250000000000001,30,False,True,False,step_limit,0.03592198751866817,30,5,25,0,0,0,0,0,2
1094,3120,access_vlan:SW2:eth2:10+trunk_remove:SW1:eth3:10+trunk_remove:SW1:eth3:20,15364,0.27025750000000004,-11.950000000000008,30,False,True,False,step_limit,0.032317213155329226,30,12,17,0,11,5,5,5,0
1095,3121,access_vlan:SW2:eth1:20+access_vlan:SW2:eth2:10+trunk_remove:SW1:eth3:20+trunk_remove:SW2:eth3:10+trunk_remove:SW2:eth3:20,15394,0.26883250000000014,-9.350000000000003,30,False,True,False,step_limit,0.05320135942505052,30,9,21,0,7,4,5,1,0
1096,3122,access_vlan:SW2:eth1:20+trunk_remove:SW1:eth3:20,15424,0.2674075,-13.600000000000007,30,False,True,False,step_limit,0.05316458297893405,30,14,16,0,14,6,7,5,3
1097,3123,access_vlan:SW2:eth1:20+access_vlan:SW2:eth2:10+trunk_remove:SW1:eth3:10+trunk_remove:SW1:eth3:20,15454,0.2659825000000001,-7.500000000000003,30,False,True,False,step_limit,0.06648195448021094,30,9,20,0,3,2,3,0,2
1098,3124,access_vlan:SW2:eth1:20+access_vlan:SW2:eth2:10+trunk_remove:SW1:eth3:10+trunk_remove:SW2:eth3:10,15484,0.2645575,-9.000000000000004,30,False,True,False,step_limit,0.04794003448138635,30,10,20,0,6,5,4,3,0
1099,3125,access_vlan:SW1:eth1:20+access_vlan:SW2:eth1:20+access_vlan:SW2:eth2:10+trunk_remove:SW2:eth3:20,15514,0.2631325000000001,-11.400000000000006,30,False,True,False,step_limit,0.06585036947702368,30,13,14,0,9,5,5,5,3
1100,3126,access_vlan:SW1:eth1:20+access_vlan:SW1:eth2:10+access_vlan:SW2:eth2:10+trunk_remove:SW1:eth3:10+trunk_remove:SW2:eth3:20,15544,0.2617075,-10.100000000000005,30,False,True,False,step_limit,0.07386892205104231,30,14,16,0,7,5,5,3,1
1101,3127,access_vlan:SW1:eth1:20+access_vlan:SW1:eth2:10+access_vlan:SW2:eth1:20+access_vlan:SW2:eth2:10+trunk_remove:SW1:eth3:10+trunk_remove:SW1:eth3:20+trunk_remove:SW2:eth3:10+trunk_remove:SW2:eth3:20,15574,0.2602825000000001,-7.550000000000001,30,False,True,False,step_limit,0.06568484113862118,30,7,23,0,4,4,2,2,3
1102,3128,access_vlan:SW1:eth1:20+access_vlan:SW1:eth2:10+access_vlan:SW2:eth1:20+trunk_remove:SW1:eth3:10+trunk_remove:SW2:eth3:20,15604,0.2588575000000001,-10.300000000000004,30,False,True,False,step_limit,0.07449629741410414,30,11,18,0,8,6,5,3,3
1103,3129,access_vlan:SW1:eth1:20+access_vlan:SW1:eth2:10+access_vlan:SW2:eth1:20+trunk_remove:SW1:eth3:20+trunk_remove:SW2:eth3:20,15615,0.2583350000000001,-11.850000000000001,11,True,False,False,incorrect_declare_done,0.08368355543775992,11,2,8,0,0,0,0,0,1
1104,3130,access_vlan:SW2:eth2:10+trunk_remove:SW2:eth3:10,15645,0.2569100000000001,-12.40000000000001,30,False,True,False,step_limit,0.0852040622693797,30,15,14,0,11,3,5,3,0
1105,3131,trunk_remove:SW1:eth3:10+trunk_remove:SW1:eth3:20+trunk_remove:SW2:eth3:10,15648,0.25676750000000004,-10.65,3,True,False,False,incorrect_declare_done,0.0879325804611047,3,2,0,0,0,0,0,0,1
1106,3132,access_vlan:SW1:eth1:20+access_vlan:SW1:eth2:10+access_vlan:SW2:eth1:20+trunk_remove:SW1:eth3:20,15676,0.2554375000000001,-21.850000000000005,28,True,False,False,incorrect_declare_done,0.054333715965705257,28,14,12,0,11,6,6,3,3
1107,3133,access_vlan:SW1:eth1:20+trunk_remove:SW1:eth3:10,15706,0.2540125000000001,-13.850000000000005,30,False,True,False,step_limit,0.08271157261915504,30,18,11,0,13,6,9,5,1
1108,3134,access_vlan:SW2:eth1:20+trunk_remove:SW1:eth3:20,15719,0.25339500000000004,4.449999999999999,13,True,False,True,recovery_success,0.0681622101423832,13,8,4,0,5,4,3,3,0
1109,3135,access_vlan:SW1:eth1:20+access_vlan:SW2:eth1:20+access_vlan:SW2:eth2:10+trunk_remove:SW2:eth3:10+trunk_remove:SW2:eth3:20,15749,0.25197,-5.5500000000000025,30,False,True,False,step_limit,0.04831726225093007,30,7,23,0,0,0,0,0,0
1110,3136,access_vlan:SW1:eth1:20+trunk_remove:SW1:eth3:20,15765,0.25121000000000004,2.1999999999999993,16,True,False,True,recovery_success,0.07577125442912802,16,10,5,0,8,5,4,4,0
1111,3137,access_vlan:SW1:eth2:10+trunk_remove:SW2:eth3:20,15780,0.25049750000000004,3.6499999999999986,15,True,False,True,recovery_success,0.07310629735390345,15,8,6,0,6,4,3,2,0
1112,3138,access_vlan:SW1:eth1:20+access_vlan:SW1:eth2:10+access_vlan:SW2:eth1:20+trunk_remove:SW1:eth3:20+trunk_remove:SW2:eth3:20,15801,0.24950000000000006,3.5999999999999996,21,True,False,True,recovery_success,0.07537117751226538,21,9,11,0,4,3,2,1,0
1113,3139,access_vlan:SW1:eth2:10+trunk_remove:SW1:eth3:10+trunk_remove:SW1:eth3:20+trunk_remove:SW2:eth3:20,15817,0.24874000000000007,-16.35,16,True,False,False,incorrect_declare_done,0.061834210297092795,16,7,8,0,6,5,2,2,3
1114,3140,access_vlan:SW1:eth1:20+access_vlan:SW1:eth2:10+trunk_remove:SW1:eth3:10+trunk_remove:SW2:eth3:10+trunk_remove:SW2:eth3:20,15847,0.24731500000000006,-11.050000000000006,30,False,True,False,step_limit,0.06957749376694361,30,16,13,0,8,5,6,5,0
1115,3141,trunk_remove:SW1:eth3:10+trunk_remove:SW2:eth3:10,15877,0.24589000000000005,-12.800000000000006,30,False,True,False,step_limit,0.056608689265946546,30,11,18,0,13,5,5,4,0
1116,3142,access_vlan:SW1:eth1:20+trunk_remove:SW1:eth3:10+trunk_remove:SW1:eth3:20+trunk_remove:SW2:eth3:10,15907,0.24446500000000004,-15.700000000000006,30,False,True,False,step_limit,0.03252765682215492,30,17,12,0,17,6,9,4,0
1117,3143,access_vlan:SW1:eth2:10+access_vlan:SW2:eth1:20+trunk_remove:SW1:eth3:10+trunk_remove:SW2:eth3:10+trunk_remove:SW2:eth3:20,15915,0.2440850000000001,8.149999999999999,8,True,False,True,recovery_success,0.06671960791572928,8,5,2,0,0,0,0,0,0
1118,3144,access_vlan:SW1:eth1:20+access_vlan:SW2:eth1:20+access_vlan:SW2:eth2:10+trunk_remove:SW1:eth3:10+trunk_remove:SW2:eth3:10,15937,0.24304000000000003,-14.95,22,True,False,False,incorrect_declare_done,0.039016423831609165,22,5,16,0,2,2,1,0,3
1119,3145,access_vlan:SW1:eth2:10+trunk_remove:SW1:eth3:10+trunk_remove:SW2:eth3:10+trunk_remove:SW2:eth3:20,15963,0.24180500000000005,-17.95,26,True,False,False,incorrect_declare_done,0.05914737409553849,26,11,14,0,5,4,3,1,3
1120,3146,access_vlan:SW1:eth1:20+access_vlan:SW2:eth2:10+trunk_remove:SW1:eth3:10+trunk_remove:SW2:eth3:10+trunk_remove:SW2:eth3:20,15993,0.24038000000000004,-11.05,30,False,True,False,step_limit,0.05213263835757971,30,14,13,0,8,6,5,2,3
1121,3147,access_vlan:SW2:eth1:20+access_vlan:SW2:eth2:10+trunk_remove:SW1:eth3:20+trunk_remove:SW2:eth3:20,15998,0.24014250000000004,-11.450000000000001,5,True,False,False,incorrect_declare_done,0.04057345949113369,5,2,2,0,1,1,1,0,3
1122,3148,access_vlan:SW1:eth1:20+access_vlan:SW1:eth2:10+access_vlan:SW2:eth2:10+trunk_remove:SW1:eth3:10+trunk_remove:SW2:eth3:10,16002,0.2399525,-10.5,4,True,False,False,incorrect_declare_done,0.2024336433969438,4,0,3,0,0,0,0,0,3
1123,3149,trunk_remove:SW2:eth3:20,16032,0.2385275,-17.250000000000007,30,False,True,False,step_limit,0.17244383431971072,30,24,5,0,18,6,12,4,0
1124,3150,access_vlan:SW1:eth1:20+access_vlan:SW2:eth1:20+trunk_remove:SW2:eth3:10,16062,0.2371025,-14.450000000000008,30,False,True,False,step_limit,0.13195409514009954,30,13,17,0,16,6,8,3,0
1125,3151,access_vlan:SW1:eth1:20+access_vlan:SW1:eth2:10+access_vlan:SW2:eth2:10+trunk_remove:SW2:eth3:20,16092,0.2356775000000001,-10.500000000000005,30,False,True,False,step_limit,0.07909746548781792,30,10,20,0,9,5,5,3,0
1126,3152,access_vlan:SW1:eth1:20+access_vlan:SW1:eth2:10+trunk_remove:SW1:eth3:10,16119,0.23439500000000013,-19.950000000000003,27,True,False,False,incorrect_declare_done,0.08495508313730911,27,9,16,0,9,4,5,4,3
1127,3153,access_vlan:SW1:eth1:20+access_vlan:SW1:eth2:10,16140,0.23339750000000004,1.7499999999999982,21,True,False,True,recovery_success,0.08596784585998171,21,7,12,0,8,6,4,3,0
1128,3154,access_vlan:SW2:eth2:10+trunk_remove:SW2:eth3:20,16166,0.23216250000000005,2.1999999999999993,26,True,False,True,recovery_success,0.057806549880367056,26,10,15,0,5,3,4,3,0
1129,3155,access_vlan:SW1:eth1:20+trunk_remove:SW1:eth3:10+trunk_remove:SW2:eth3:10+trunk_remove:SW2:eth3:20,16196,0.23073750000000004,-13.200000000000006,30,False,True,False,step_limit,0.07098929031441609,30,17,12,0,12,6,6,3,0
1130,3156,access_vlan:SW2:eth2:10+trunk_remove:SW1:eth3:10,16226,0.22931250000000003,-12.000000000000007,30,False,True,False,step_limit,0.05504917210588853,30,9,20,0,12,6,4,4,0
1131,3157,access_vlan:SW1:eth1:20+trunk_remove:SW1:eth3:10+trunk_remove:SW1:eth3:20,16256,0.22788750000000002,-9.150000000000006,30,False,True,False,step_limit,0.06928298057367405,30,10,19,0,6,5,4,3,0
1132,3158,access_vlan:SW1:eth1:20+access_vlan:SW1:eth2:10+access_vlan:SW2:eth1:20+trunk_remove:SW2:eth3:10+trunk_remove:SW2:eth3:20,16284,0.22655749999999997,-0.350000000000005,28,True,False,True,recovery_success,0.07459550410775202,28,15,12,0,8,4,6,3,0
1133,3159,access_vlan:SW2:eth2:10+trunk_remove:SW1:eth3:10+trunk_remove:SW1:eth3:20,16314,0.22513250000000007,-10.150000000000002,30,False,True,False,step_limit,0.058314555510878566,30,11,19,0,8,3,4,4,0
1134,3160,trunk_remove:SW2:eth3:10,16324,0.22465749999999995,5.85,10,True,False,True,recovery_success,0.04840659946203232,10,4,4,0,4,4,2,2,0
1135,3161,access_vlan:SW1:eth1:20+trunk_remove:SW2:eth3:10,16330,0.22437249999999997,7.6,6,True,False,True,recovery_success,0.06265054425845544,6,4,1,0,2,2,1,0,0
1136,3162,access_vlan:SW1:eth2:10+access_vlan:SW2:eth1:20+access_vlan:SW2:eth2:10+trunk_remove:SW1:eth3:10+trunk_remove:SW1:eth3:20+trunk_remove:SW2:eth3:20,16336,0.2240875000000001,-13.55,6,True,False,False,incorrect_declare_done,0.052530945278704166,6,5,0,0,4,4,3,0,3
1137,3163,access_vlan:SW2:eth1:20+access_vlan:SW2:eth2:10,16366,0.22266249999999999,-3.500000000000009,30,True,False,True,recovery_success,0.07158732283860444,30,13,15,0,14,6,8,3,0
1138,3164,access_vlan:SW1:eth2:10+access_vlan:SW2:eth1:20+access_vlan:SW2:eth2:10+trunk_remove:SW1:eth3:10+trunk_remove:SW2:eth3:10+trunk_remove:SW2:eth3:20,16396,0.2212375000000001,-14.200000000000005,30,False,True,False,step_limit,0.06439505716164907,30,17,12,0,14,5,8,6,0
1139,3165,access_vlan:SW1:eth1:20+access_vlan:SW2:eth1:20+trunk_remove:SW1:eth3:10+trunk_remove:SW2:eth3:10+trunk_remove:SW2:eth3:20,16401,0.22100000000000009,-10.65,5,True,False,False,incorrect_declare_done,0.04608897939324379,5,0,4,0,0,0,0,0,4
1140,3166,access_vlan:SW1:eth1:20+access_vlan:SW1:eth2:10+access_vlan:SW2:eth1:20+trunk_remove:SW1:eth3:10+trunk_remove:SW2:eth3:10,16417,0.2202400000000001,-16.95,16,True,False,False,incorrect_declare_done,0.047964945901185274,16,11,4,0,6,5,4,0,1
1141,3167,trunk_remove:SW1:eth3:20+trunk_remove:SW2:eth3:20,16439,0.21919500000000003,1.099999999999996,22,True,False,True,recovery_success,0.06149559442631223,22,8,13,0,9,5,4,2,0
1142,3168,access_vlan:SW1:eth1:20+access_vlan:SW2:eth1:20+access_vlan:SW2:eth2:10+trunk_remove:SW1:eth3:10+trunk_remove:SW2:eth3:10+trunk_remove:SW2:eth3:20,16467,0.21786499999999998,-15.55,28,True,False,False,incorrect_declare_done,0.042080260148005824,28,3,24,0,2,2,2,0,4
1143,3169,access_vlan:SW1:eth1:20+access_vlan:SW2:eth1:20+access_vlan:SW2:eth2:10+trunk_remove:SW1:eth3:10,16488,0.2168675,4.849999999999997,21,True,False,True,recovery_success,0.047395892219529265,21,4,16,0,3,3,2,0,0
1144,3170,access_vlan:SW1:eth1:20+access_vlan:SW1:eth2:10+access_vlan:SW2:eth2:10+trunk_remove:SW1:eth3:10+trunk_remove:SW2:eth3:10+trunk_remove:SW2:eth3:20,16500,0.21629750000000003,6.9,12,True,False,True,recovery_success,0.04932167629400889,12,6,5,0,1,1,1,0,0
1145,3171,access_vlan:SW1:eth1:20+access_vlan:SW2:eth1:20+trunk_remove:SW2:eth3:10,16527,0.21501499999999996,1.6999999999999957,27,True,False,True,recovery_success,0.46207379632525974,27,9,17,0,6,4,4,3,0
1146,3172,access_vlan:SW1:eth1:20+access_vlan:SW1:eth2:10+access_vlan:SW2:eth2:10+trunk_remove:SW1:eth3:10,16551,0.21387500000000004,1.4999999999999947,24,True,False,True,recovery_success,0.22227568831294775,24,9,13,0,7,5,6,2,0
1147,3173,access_vlan:SW2:eth1:20+access_vlan:SW2:eth2:10+trunk_remove:SW1:eth3:10+trunk_remove:SW2:eth3:20,16566,0.21316250000000003,2.05,15,True,False,True,recovery_success,0.1832959438363711,15,11,2,0,8,6,5,3,0
1148,3174,access_vlan:SW2:eth1:20+access_vlan:SW2:eth2:10+trunk_remove:SW2:eth3:10,16596,0.21173750000000002,-9.350000000000005,30,False,True,False,step_limit,0.18535055816173554,30,9,21,0,7,5,5,2,0
1149,3175,access_vlan:SW1:eth1:20+access_vlan:SW1:eth2:10+trunk_remove:SW1:eth3:10+trunk_remove:SW2:eth3:20,16617,0.21074000000000004,-1.1500000000000021,21,True,False,True,recovery_success,0.14374659139485585,21,14,6,0,12,4,10,1,0
1150,3176,access_vlan:SW1:eth1:20+access_vlan:SW1:eth2:10+access_vlan:SW2:eth2:10+trunk_remove:SW1:eth3:10+trunk_remove:SW2:eth3:10+trunk_remove:SW2:eth3:20,16641,0.20960000000000012,0.7999999999999989,24,True,False,True,recovery_success,0.15139485709369183,24,18,5,0,6,3,6,4,0
1151,3177,access_vlan:SW2:eth1:20+access_vlan:SW2:eth2:10+trunk_remove:SW1:eth3:10+trunk_remove:SW2:eth3:10,16662,0.20860250000000002,-20.800000000000004,21,True,False,False,incorrect_declare_done,0.13956173225527718,21,15,5,0,11,5,6,3,3
1152,3178,access_vlan:SW1:eth1:20+access_vlan:SW1:eth2:10+access_vlan:SW2:eth1:20+access_vlan:SW2:eth2:10+trunk_remove:SW1:eth3:20+trunk_remove:SW2:eth3:10,16692,0.20717750000000001,-9.600000000000001,30,False,True,False,step_limit,0.13297740630805494,30,14,16,0,6,4,4,1,0
1153,3179,access_vlan:SW2:eth1:20+access_vlan:SW2:eth2:10+trunk_remove:SW2:eth3:20,16722,0.20575250000000012,-13.250000000000009,30,False,True,False,step_limit,0.1006911834081014,30,15,15,0,13,5,7,5,0
1154,3180,access_vlan:SW1:eth2:10+access_vlan:SW2:eth1:20+access_vlan:SW2:eth2:10+trunk_remove:SW1:eth3:10,16743,0.20475500000000013,-1.650000000000004,21,True,False,True,recovery_success,0.10074657592035476,21,14,6,0,13,6,8,4,0
1155,3181,access_vlan:SW2:eth1:20+access_vlan:SW2:eth2:10+trunk_remove:SW2:eth3:10,16773,0.20333,0.44999999999999574,30,True,False,True,recovery_success,0.1152724277228117,30,10,18,0,7,5,5,4,0
1156,3182,access_vlan:SW1:eth1:20+access_vlan:SW1:eth2:10+access_vlan:SW2:eth1:20+access_vlan:SW2:eth2:10+trunk_remove:SW2:eth3:20,16783,0.20285500000000012,-13.95,10,True,False,False,incorrect_declare_done,0.07724157311022281,10,5,2,0,3,1,3,1,1
1157,3183,access_vlan:SW1:eth1:20+access_vlan:SW1:eth2:10+access_vlan:SW2:eth2:10+trunk_remove:SW2:eth3:10,16813,0.20143,-15.150000000000007,30,False,True,False,step_limit,0.07122578670581182,30,20,9,0,15,6,11,3,1
1158,3184,access_vlan:SW1:eth2:10+access_vlan:SW2:eth1:20+trunk_remove:SW1:eth3:10+trunk_remove:SW2:eth3:20,16842,0.20005250000000008,-0.850000000000005,29,True,False,True,recovery_success,0.09540802946892278,29,14,14,0,9,5,5,4,0
1159,3185,access_vlan:SW1:eth1:20+trunk_remove:SW1:eth3:20,16855,0.19943500000000003,1.1499999999999986,13,True,False,True,recovery_success,0.08965502421443279,13,9,2,0,11,6,6,1,0
1160,3186,access_vlan:SW2:eth1:20+trunk_remove:SW1:eth3:10+trunk_remove:SW1:eth3:20+trunk_remove:SW2:eth3:20,16871,0.19867500000000005,-15.649999999999999,16,True,False,False,incorrect_declare_done,0.09769117273390293,16,9,6,0,4,4,3,1,1
1161,3187,access_vlan:SW2:eth1:20+trunk_remove:SW1:eth3:10+trunk_remove:SW1:eth3:20,16878,0.1983425000000001,7.799999999999999,7,True,False,True,recovery_success,0.05256241613200733,7,5,1,0,1,1,1,1,0
1162,3188,access_vlan:SW1:eth1:20+access_vlan:SW2:eth1:20+trunk_remove:SW1:eth3:10+trunk_remove:SW1:eth3:20+trunk_remove:SW2:eth3:10,16908,0.19691749999999997,-7.85,30,False,True,False,step_limit,0.06453248957792918,30,9,21,0,4,4,2,2,0
1163,3189,access_vlan:SW1:eth1:20+trunk_remove:SW2:eth3:10+trunk_remove:SW2:eth3:20,16935,0.195635,2.0999999999999988,27,True,False,True,recovery_success,0.0955644725235524,27,13,13,0,4,3,4,3,0
1164,3190,access_vlan:SW1:eth2:10+access_vlan:SW2:eth2:10+trunk_remove:SW1:eth3:20+trunk_remove:SW2:eth3:20,16965,0.1942100000000001,-11.400000000000007,30,False,True,False,step_limit,0.08052971363067626,30,16,14,0,9,5,6,3,0
1165,3191,access_vlan:SW1:eth2:10+access_vlan:SW2:eth1:20+access_vlan:SW2:eth2:10,16988,0.19311749999999994,-1.3000000000000025,23,True,False,True,recovery_success,0.06868064767964509,23,13,9,0,12,6,7,2,0
1166,3192,access_vlan:SW2:eth1:20+access_vlan:SW2:eth2:10+trunk_remove:SW1:eth3:10+trunk_remove:SW1:eth3:20+trunk_remove:SW2:eth3:10+trunk_remove:SW2:eth3:20,17011,0.192025,2.05,23,True,False,True,recovery_success,0.41526907876781793,23,14,8,0,5,5,3,2,0
1167,3193,trunk_remove:SW1:eth3:20+trunk_remove:SW2:eth3:10,17031,0.191075,3.3999999999999986,20,True,False,True,recovery_success,0.35409957319498064,20,8,11,0,5,4,3,3,0
1168,3194,access_vlan:SW1:eth1:20+access_vlan:SW2:eth1:20+access_vlan:SW2:eth2:10+trunk_remove:SW1:eth3:20+trunk_remove:SW2:eth3:20,17041,0.1906000000000001,-13.600000000000001,10,True,False,False,incorrect_declare_done,0.29711844474077226,10,7,1,0,2,2,2,1,1
1169,3195,access_vlan:SW2:eth1:20+access_vlan:SW2:eth2:10+trunk_remove:SW1:eth3:20+trunk_remove:SW2:eth3:10,17071,0.18917499999999998,-11.200000000000005,30,False,True,False,step_limit,0.18332976326346398,30,18,12,0,8,4,8,5,0
1170,3196,access_vlan:SW1:eth1:20+access_vlan:SW2:eth1:20+access_vlan:SW2:eth2:10+trunk_remove:SW2:eth3:10+trunk_remove:SW2:eth3:20,17084,0.18855750000000004,4.0,13,True,False,True,recovery_success,0.1799512872329125,13,11,1,0,5,4,3,2,0
1171,3197,access_vlan:SW1:eth1:20+access_vlan:SW2:eth2:10+trunk_remove:SW1:eth3:20+trunk_remove:SW2:eth3:20,17092,0.1881775,7.499999999999999,8,True,False,True,recovery_success,0.20018652081489563,8,6,1,0,1,1,1,1,0
1172,3198,access_vlan:SW2:eth1:20+access_vlan:SW2:eth2:10+trunk_remove:SW2:eth3:10+trunk_remove:SW2:eth3:20,17112,0.1872275,3.599999999999997,20,True,False,True,recovery_success,0.17747932225465773,20,10,9,0,4,3,4,2,0
1173,3199,access_vlan:SW1:eth1:20+access_vlan:SW1:eth2:10+access_vlan:SW2:eth1:20+trunk_remove:SW1:eth3:20+trunk_remove:SW2:eth3:20,17126,0.18656250000000008,1.8499999999999996,14,True,False,True,recovery_success,0.1844108918947833,14,11,2,0,9,5,5,3,0
1174,3200,trunk_remove:SW2:eth3:10,17140,0.18589750000000005,5.45,14,True,False,True,recovery_success,0.12789809490953172,14,7,6,0,3,1,3,3,0
1175,3201,access_vlan:SW2:eth2:10+trunk_remove:SW1:eth3:10+trunk_remove:SW2:eth3:10+trunk_remove:SW2:eth3:20,17157,0.18508999999999998,2.75,17,True,False,True,recovery_success,0.16084067589219878,17,11,4,0,6,4,4,4,0
1176,3202,access_vlan:SW1:eth2:10+trunk_remove:SW1:eth3:10+trunk_remove:SW2:eth3:10,17181,0.18395000000000006,3.949999999999995,24,True,False,True,recovery_success,0.12526580117022,24,7,16,0,3,3,2,1,0
1177,3203,access_vlan:SW1:eth1:20+trunk_remove:SW1:eth3:10+trunk_remove:SW1:eth3:20+trunk_remove:SW2:eth3:10,17203,0.1829050000000001,4.399999999999999,22,True,False,True,recovery_success,0.10156567614864219,22,6,15,0,3,3,1,1,0
1178,3204,access_vlan:SW1:eth1:20+access_vlan:SW2:eth1:20+access_vlan:SW2:eth2:10+trunk_remove:SW1:eth3:10+trunk_remove:SW1:eth3:20+trunk_remove:SW2:eth3:20,17226,0.18181250000000004,2.6499999999999977,23,True,False,True,recovery_success,0.1394845890286176,23,10,12,0,5,4,3,1,0
1179,3205,access_vlan:SW1:eth1:20+access_vlan:SW2:eth2:10,17235,0.18138500000000002,6.15,9,True,False,True,recovery_success,0.11538888638218243,9,3,4,0,4,4,2,1,0
1180,3206,access_vlan:SW1:eth1:20+access_vlan:SW1:eth2:10+access_vlan:SW2:eth1:20+trunk_remove:SW1:eth3:20+trunk_remove:SW2:eth3:20,17254,0.1804825,0.4999999999999982,19,True,False,True,recovery_success,0.11572780616973576,19,15,3,0,9,5,8,2,0
1181,3207,access_vlan:SW2:eth1:20+access_vlan:SW2:eth2:10+trunk_remove:SW1:eth3:10+trunk_remove:SW2:eth3:10,17274,0.17953249999999998,1.1999999999999993,20,True,False,True,recovery_success,0.1182841718196869,20,16,3,0,7,4,7,3,0
1182,3208,access_vlan:SW1:eth1:20+access_vlan:SW1:eth2:10+access_vlan:SW2:eth2:10+trunk_remove:SW1:eth3:10+trunk_remove:SW1:eth3:20+trunk_remove:SW2:eth3:10+trunk_remove:SW2:eth3:20,17300,0.1782975,-2.5500000000000043,26,True,False,True,recovery_success,0.10116373353566115,26,22,0,0,10,4,10,5,0
1183,3209,access_vlan:SW1:eth1:20+access_vlan:SW1:eth2:10+trunk_remove:SW1:eth3:20,17325,0.1771100000000001,-2.8000000000000043,25,True,False,True,recovery_success,0.11489230468869209,25,20,3,0,12,4,10,8,0
1184,3210,access_vlan:SW1:eth1:20+access_vlan:SW1:eth2:10+access_vlan:SW2:eth1:20+trunk_remove:SW1:eth3:20,17345,0.1761600000000001,1.799999999999999,20,True,False,True,recovery_success,0.1260999796912074,20,12,7,0,7,5,6,1,0
1185,3211,access_vlan:SW2:eth1:20+access_vlan:SW2:eth2:10+trunk_remove:SW2:eth3:10,17362,0.17535250000000002,4.7,17,True,False,True,recovery_success,0.0995168448151911,17,9,7,0,3,3,3,1,0
1186,3212,access_vlan:SW1:eth1:20+access_vlan:SW1:eth2:10+access_vlan:SW2:eth1:20+trunk_remove:SW1:eth3:10+trunk_remove:SW2:eth3:10,17385,0.17426000000000008,-1.1000000000000068,23,True,False,True,recovery_success,0.10516890591901282,23,14,7,0,11,6,7,4,0
1187,3213,access_vlan:SW1:eth1:20+access_vlan:SW1:eth2:10+access_vlan:SW2:eth2:10+trunk_remove:SW2:eth3:10,17387,0.17416500000000013,-10.850000000000001,2,True,False,False,incorrect_declare_done,0.052183836698532104,2,1,0,0,1,1,1,0,4
1188,3214,access_vlan:SW2:eth2:10+trunk_remove:SW1:eth3:20+trunk_remove:SW2:eth3:20,17389,0.17407000000000006,-10.350000000000001,2,True,False,False,incorrect_declare_done,0.09689723327755928,2,1,0,0,0,0,0,0,1
1189,3215,access_vlan:SW2:eth1:20+access_vlan:SW2:eth2:10+trunk_remove:SW1:eth3:10+trunk_remove:SW1:eth3:20+trunk_remove:SW2:eth3:10+trunk_remove:SW2:eth3:20,17408,0.17316750000000003,5.8500000000000005,19,True,False,True,recovery_success,0.10944712083590658,19,6,12,0,1,1,1,0,0
1190,3216,access_vlan:SW1:eth2:10+access_vlan:SW2:eth2:10+trunk_remove:SW1:eth3:10+trunk_remove:SW2:eth3:10,17428,0.17221750000000002,3.0999999999999988,20,True,False,True,recovery_success,0.07622232222929597,20,9,9,0,5,4,3,3,0
1191,3217,access_vlan:SW1:eth1:20+access_vlan:SW2:eth1:20+access_vlan:SW2:eth2:10+trunk_remove:SW1:eth3:20+trunk_remove:SW2:eth3:10+trunk_remove:SW2:eth3:20,17458,0.1707925,-13.400000000000006,30,False,True,False,step_limit,0.13374559494356314,30,15,4,0,10,2,10,0,2
1192,3218,access_vlan:SW1:eth1:20+access_vlan:SW2:eth1:20+access_vlan:SW2:eth2:10+trunk_remove:SW1:eth3:10+trunk_remove:SW2:eth3:20,17479,0.16979500000000003,2.0999999999999988,21,True,False,True,recovery_success,0.10303945821665582,21,9,11,0,7,5,3,2,0
1193,3219,access_vlan:SW1:eth1:20+access_vlan:SW1:eth2:10,17509,0.16837000000000013,-11.300000000000004,30,False,True,False,step_limit,0.36380721839765706,30,11,18,0,10,5,7,5,3
1194,3220,access_vlan:SW1:eth1:20+access_vlan:SW2:eth1:20+trunk_remove:SW1:eth3:20+trunk_remove:SW2:eth3:10,17518,0.1679425,-13.3,9,True,False,False,incorrect_declare_done,0.5537387099530962,9,7,1,0,2,2,2,1,1
1195,3221,access_vlan:SW1:eth1:20+access_vlan:SW2:eth1:20+trunk_remove:SW1:eth3:10+trunk_remove:SW2:eth3:10+trunk_remove:SW2:eth3:20,17548,0.1665175000000001,-16.000000000000007,30,False,True,False,step_limit,0.3073382630944252,30,28,0,0,14,4,11,8,1
1196,3222,access_vlan:SW1:eth1:20+access_vlan:SW1:eth2:10+access_vlan:SW2:eth1:20+trunk_remove:SW1:eth3:10+trunk_remove:SW2:eth3:10,17578,0.16509249999999998,-13.100000000000005,30,False,True,False,step_limit,0.2071809969842434,30,18,6,0,10,5,7,2,3
1197,3223,access_vlan:SW1:eth1:20+access_vlan:SW2:eth2:10+trunk_remove:SW2:eth3:10,17608,0.16366750000000008,-8.700000000000001,30,False,True,False,step_limit,0.17620090494553248,30,7,22,0,6,5,5,2,1
1198,3224,access_vlan:SW1:eth1:20+access_vlan:SW1:eth2:10+access_vlan:SW2:eth1:20+trunk_remove:SW1:eth3:20+trunk_remove:SW2:eth3:20,17633,0.16247999999999996,-21.450000000000003,25,True,False,False,incorrect_declare_done,0.17859967276453972,25,11,12,0,12,6,7,3,3
1199,3225,trunk_remove:SW2:eth3:10+trunk_remove:SW2:eth3:20,17663,0.16105500000000006,-7.2500000000000036,30,False,True,False,step_limit,0.1667201466858387,30,5,25,0,4,3,2,0,1
1200,3226,access_vlan:SW1:eth1:20+access_vlan:SW1:eth2:10+trunk_remove:SW1:eth3:10+trunk_remove:SW2:eth3:10+trunk_remove:SW2:eth3:20,17693,0.15962999999999994,-7.2000000000000055,30,False,True,False,step_limit,0.12625981904566289,30,8,22,0,3,3,3,1,1
1201,3227,access_vlan:SW1:eth1:20+access_vlan:SW2:eth2:10+trunk_remove:SW1:eth3:10+trunk_remove:SW2:eth3:10,17723,0.15820500000000004,-9.500000000000007,30,False,True,False,step_limit,0.15596843945483366,30,10,20,0,7,4,4,1,0
1202,3228,access_vlan:SW1:eth2:10+trunk_remove:SW1:eth3:10+trunk_remove:SW2:eth3:10,17753,0.15678000000000014,-8.050000000000008,30,False,True,False,step_limit,0.12976921896139781,30,6,23,0,5,3,2,1,3
1203,3229,access_vlan:SW1:eth1:20+access_vlan:SW2:eth1:20+access_vlan:SW2:eth2:10+trunk_remove:SW1:eth3:20+trunk_remove:SW2:eth3:20,17783,0.15535500000000002,-10.000000000000005,30,False,True,False,step_limit,0.13823255226016046,30,10,20,0,8,4,5,0,3
1204,3230,access_vlan:SW2:eth1:20+trunk_remove:SW1:eth3:10,17813,0.15393000000000012,-12.400000000000006,30,False,True,False,step_limit,0.13304060536126297,30,16,14,0,11,5,7,1,3
1205,3231,access_vlan:SW1:eth1:20+access_vlan:SW1:eth2:10+access_vlan:SW2:eth2:10+trunk_remove:SW1:eth3:20+trunk_remove:SW2:eth3:20,17843,0.152505,-7.9000000000000075,30,False,True,False,step_limit,0.13020412884652616,30,6,24,0,5,4,4,0,3
1206,3232,access_vlan:SW1:eth1:20+trunk_remove:SW1:eth3:10+trunk_remove:SW1:eth3:20,17873,0.1510800000000001,-14.300000000000006,30,False,True,False,step_limit,0.12201402510205904,30,11,18,0,16,6,11,0,3
1207,3233,access_vlan:SW1:eth2:10+trunk_remove:SW1:eth3:20+trunk_remove:SW2:eth3:10+trunk_remove:SW2:eth3:20,17903,0.14965499999999998,-5.750000000000003,30,False,True,False,step_limit,0.13484159273405869,30,5,25,0,1,1,1,0,3
1208,3234,access_vlan:SW1:eth2:10+access_vlan:SW2:eth1:20+access_vlan:SW2:eth2:10+trunk_remove:SW2:eth3:10,17919,0.148895,-16.35,16,True,False,False,incorrect_declare_done,0.1312729953788221,16,6,8,0,6,5,5,0,1
1209,3235,trunk_remove:SW1:eth3:10+trunk_remove:SW2:eth3:20,17949,0.1474700000000001,-8.350000000000007,30,False,True,False,step_limit,0.12141979541629552,30,8,21,0,5,3,4,2,1
1210,3236,trunk_remove:SW1:eth3:10+trunk_remove:SW2:eth3:10,17979,0.14604499999999998,-8.550000000000006,30,False,True,False,step_limit,0.10852201922486225,30,6,23,0,6,4,3,0,1
1211,3237,access_vlan:SW1:eth2:10+access_vlan:SW2:eth1:20+trunk_remove:SW1:eth3:10+trunk_remove:SW2:eth3:10,17995,0.145285,-12.75,16,True,False,False,incorrect_declare_done,0.08611754979938269,16,3,12,0,0,0,0,0,1
1212,3238,access_vlan:SW1:eth2:10+access_vlan:SW2:eth1:20+access_vlan:SW2:eth2:10+trunk_remove:SW1:eth3:10,18015,0.1443350000000001,-18.900000000000002,20,True,False,False,incorrect_declare_done,0.5849371641874314,20,7,9,0,9,6,7,0,3
1213,3239,access_vlan:SW1:eth2:10,18033,0.14348000000000005,-19.700000000000003,18,True,False,False,incorrect_declare_done,0.35386723693874145,18,12,3,0,10,5,9,3,3
1214,3240,access_vlan:SW2:eth1:20+access_vlan:SW2:eth2:10+trunk_remove:SW2:eth3:20,18035,0.1433850000000001,-10.850000000000001,2,True,False,False,incorrect_declare_done,0.2547520101070404,2,1,0,0,1,1,1,0,3
1215,3241,access_vlan:SW1:eth2:10+access_vlan:SW2:eth1:20+trunk_remove:SW2:eth3:10,18065,0.14196000000000009,-15.50000000000001,30,False,True,False,step_limit,0.24735116884112357,30,17,10,0,16,6,11,0,3
1216,3242,access_vlan:SW1:eth2:10+access_vlan:SW2:eth1:20,18095,0.14053500000000008,-9.950000000000001,30,False,True,False,step_limit,0.17814965484042963,30,9,17,0,7,5,4,1,3
1217,3243,access_vlan:SW2:eth2:10+trunk_remove:SW1:eth3:10+trunk_remove:SW2:eth3:20,18125,0.13911000000000007,-9.200000000000001,30,False,True,False,step_limit,0.14434179564317068,30,7,22,0,7,5,4,1,3
1218,3244,access_vlan:SW1:eth2:10+access_vlan:SW2:eth1:20+access_vlan:SW2:eth2:10+trunk_remove:SW1:eth3:10+trunk_remove:SW2:eth3:10+trunk_remove:SW2:eth3:20,18155,0.13768500000000006,-9.450000000000006,30,False,True,False,step_limit,0.15026496859888236,30,13,17,0,6,5,4,1,3
1219,3245,access_vlan:SW1:eth1:20+trunk_remove:SW1:eth3:10+trunk_remove:SW1:eth3:20,18183,0.136355,-2.850000000000005,28,True,False,True,recovery_success,0.12293526264173645,28,11,12,0,13,5,5,4,0
1220,3246,access_vlan:SW1:eth1:20+access_vlan:SW1:eth2:10+access_vlan:SW2:eth1:20+trunk_remove:SW1:eth3:10+trunk_remove:SW2:eth3:20,18213,0.1349300000000001,-8.249999999999998,30,False,True,False,step_limit,0.12706533521413804,30,12,15,0,3,2,3,0,3
1221,3247,access_vlan:SW2:eth2:10+trunk_remove:SW1:eth3:20+trunk_remove:SW2:eth3:20,18243,0.13350499999999998,-10.600000000000003,30,False,True,False,step_limit,0.1505000300705433,30,14,16,0,8,5,5,1,1
1222,3248,access_vlan:SW1:eth1:20+access_vlan:SW2:eth2:10+trunk_remove:SW1:eth3:10+trunk_remove:SW2:eth3:20,18273,0.1320800000000001,-12.950000000000006,30,False,True,False,step_limit,0.12174154830475649,30,12,17,0,13,6,7,2,3
1223,3249,access_vlan:SW2:eth1:20+trunk_remove:SW2:eth3:10,18303,0.13065499999999997,-10.350000000000007,30,False,True,False,step_limit,0.11958462732533613,30,6,21,0,9,5,6,0,3
1224,3250,access_vlan:SW2:eth2:10+trunk_remove:SW1:eth3:10+trunk_remove:SW1:eth3:20,18333,0.12923000000000007,-6.900000000000001,30,False,True,False,step_limit,0.12397752938171228,30,6,24,0,3,3,1,1,3
1225,3251,access_vlan:SW1:eth1:20+access_vlan:SW2:eth2:10+trunk_remove:SW2:eth3:10,18363,0.12780500000000006,-8.500000000000004,30,False,True,False,step_limit,0.11382637446125349,30,10,20,0,5,3,3,2,3
1226,3252,access_vlan:SW1:eth1:20+trunk_remove:SW1:eth3:10,18393,0.12638000000000005,-5.950000000000002,30,False,True,False,step_limit,0.09752499784032503,30,3,27,0,2,2,2,0,3
1227,3253,access_vlan:SW1:eth2:10+trunk_remove:SW1:eth3:10+trunk_remove:SW2:eth3:10,18423,0.12495500000000004,-9.450000000000006,30,False,True,False,step_limit,0.10185708614687125,30,13,17,0,6,5,4,1,1
1228,3254,access_vlan:SW1:eth1:20+access_vlan:SW1:eth2:10+access_vlan:SW2:eth1:20+trunk_remove:SW1:eth3:20+trunk_remove:SW2:eth3:10+trunk_remove:SW2:eth3:20,18453,0.12353000000000003,-9.300000000000006,30,False,True,False,step_limit,0.14003546480089427,30,12,18,0,6,5,4,1,1
1229,3255,access_vlan:SW1:eth2:10+access_vlan:SW2:eth1:20+access_vlan:SW2:eth2:10+trunk_remove:SW1:eth3:20+trunk_remove:SW2:eth3:10,18483,0.12210500000000002,-7.750000000000005,30,False,True,False,step_limit,0.10858778512726228,30,5,25,0,5,4,4,0,4
1230,3256,access_vlan:SW1:eth1:20+access_vlan:SW1:eth2:10+access_vlan:SW2:eth2:10+trunk_remove:SW1:eth3:10+trunk_remove:SW1:eth3:20+trunk_remove:SW2:eth3:20,18513,0.12068000000000001,-12.350000000000005,30,False,True,False,step_limit,0.3135077923536301,30,18,11,0,10,5,6,1,4
1231,3257,access_vlan:SW1:eth1:20+access_vlan:SW1:eth2:10+trunk_remove:SW1:eth3:10+trunk_remove:SW1:eth3:20+trunk_remove:SW2:eth3:20,18543,0.119255,-9.500000000000005,30,False,True,False,step_limit,0.22422216609120368,30,10,20,0,7,4,6,0,3
1232,3258,trunk_remove:SW1:eth3:20+trunk_remove:SW2:eth3:10,18573,0.1178300000000001,-8.350000000000007,30,False,True,False,step_limit,0.1074142500758171,30,8,21,0,5,4,3,1,3
1233,3259,access_vlan:SW1:eth2:10+trunk_remove:SW1:eth3:10+trunk_remove:SW1:eth3:20+trunk_remove:SW2:eth3:10,18600,0.11654750000000003,1.3499999999999996,27,True,False,True,recovery_success,0.09277235523418144,27,17,8,0,4,4,2,0,0
1234,3260,access_vlan:SW1:eth1:20+access_vlan:SW1:eth2:10+access_vlan:SW2:eth2:10+trunk_remove:SW1:eth3:20+trunk_remove:SW2:eth3:10,18630,0.11512250000000002,-10.000000000000005,30,False,True,False,step_limit,0.09404299147427082,30,10,20,0,8,5,7,0,4
1235,3261,access_vlan:SW1:eth2:10+access_vlan:SW2:eth2:10+trunk_remove:SW1:eth3:20+trunk_remove:SW2:eth3:10+trunk_remove:SW2:eth3:20,18660,0.11369750000000012,-6.100000000000003,30,False,True,False,step_limit,0.07614296736816566,30,4,26,0,2,2,1,0,4
1236,3262,access_vlan:SW1:eth1:20+trunk_remove:SW1:eth3:10,18690,0.1122725,-4.65,30,False,True,False,step_limit,0.10331761408597231,30,1,29,0,0,0,0,0,3
1237,3263,access_vlan:SW1:eth1:20+access_vlan:SW2:eth1:20+trunk_remove:SW1:eth3:20+trunk_remove:SW2:eth3:20,18720,0.1108475000000001,-7.550000000000007,30,False,True,False,step_limit,0.10492443641026815,30,6,23,0,4,4,3,0,3
1238,3264,access_vlan:SW1:eth1:20+access_vlan:SW1:eth2:10+access_vlan:SW2:eth1:20+access_vlan:SW2:eth2:10+trunk_remove:SW1:eth3:20+trunk_remove:SW2:eth3:20,18750,0.10942250000000009,-0.2000000000000064,30,True,False,True,recovery_success,0.08961411242683728,30,12,17,0,8,6,5,1,0
1239,3265,access_vlan:SW2:eth1:20+access_vlan:SW2:eth2:10+trunk_remove:SW1:eth3:10+trunk_remove:SW2:eth3:10,18780,0.10799750000000008,-6.5500000000000025,30,False,True,False,step_limit,0.07577306410918633,30,6,23,0,2,2,2,0,3
1240,3266,access_vlan:SW1:eth1:20+access_vlan:SW1:eth2:10+access_vlan:SW2:eth1:20+access_vlan:SW2:eth2:10+trunk_remove:SW2:eth3:20,18783,0.10785500000000003,-11.65,3,True,False,False,incorrect_declare_done,0.049238418539365135,3,2,0,0,2,2,2,0,3
1241,3267,access_vlan:SW1:eth2:10+access_vlan:SW2:eth1:20+access_vlan:SW2:eth2:10+trunk_remove:SW1:eth3:20+trunk_remove:SW2:eth3:10,18813,0.10643000000000002,-12.300000000000008,30,False,True,False,step_limit,0.10455292159070571,30,12,18,0,12,6,8,0,3
1242,3268,access_vlan:SW1:eth1:20+access_vlan:SW2:eth2:10,18843,0.10500500000000001,-8.200000000000005,30,False,True,False,step_limit,0.10549099942048391,30,7,22,0,5,3,5,0,2
1243,3269,access_vlan:SW1:eth2:10+access_vlan:SW2:eth1:20+access_vlan:SW2:eth2:10,18873,0.10358,-11.800000000000008,30,False,True,False,step_limit,0.0816964728757739,30,11,18,0,11,6,7,1,3
1244,3270,access_vlan:SW1:eth2:10+access_vlan:SW2:eth1:20+trunk_remove:SW1:eth3:20+trunk_remove:SW2:eth3:10+trunk_remove:SW2:eth3:20,18897,0.10244000000000009,4.949999999999999,24,True,False,True,recovery_success,0.07293945077496271,24,7,16,0,1,1,1,0,0
1245,3271,access_vlan:SW1:eth2:10+access_vlan:SW2:eth1:20+trunk_remove:SW1:eth3:20+trunk_remove:SW2:eth3:10+trunk_remove:SW2:eth3:20,18915,0.10158500000000004,4.85,18,True,False,True,recovery_success,0.06195582413218088,18,7,10,0,3,2,3,0,0
1246,3272,access_vlan:SW2:eth1:20+access_vlan:SW2:eth2:10+trunk_remove:SW2:eth3:10+trunk_remove:SW2:eth3:20,18938,0.1004925000000001,4.549999999999997,23,True,False,True,recovery_success,0.08942663977327554,23,4,18,0,3,3,3,0,0
1247,3273,access_vlan:SW1:eth1:20+trunk_remove:SW2:eth3:20,18968,0.09906749999999998,-7.750000000000004,30,False,True,False,step_limit,0.07614184111977616,30,4,25,0,5,2,5,0,3
1248,3274,access_vlan:SW1:eth1:20+access_vlan:SW1:eth2:10+access_vlan:SW2:eth1:20+trunk_remove:SW1:eth3:10,18996,0.09773750000000003,-1.1000000000000068,28,True,False,True,recovery_success,0.08273025661973017,28,10,17,0,11,6,7,1,0
1249,3275,access_vlan:SW2:eth2:10+trunk_remove:SW1:eth3:10,19026,0.09631250000000002,-9.900000000000002,30,False,True,False,step_limit,0.2710580707838138,30,14,14,0,6,1,6,0,0
1250,3276,access_vlan:SW1:eth1:20+trunk_remove:SW1:eth3:10+trunk_remove:SW1:eth3:20,19056,0.09488750000000001,-7.050000000000005,30,False,True,False,step_limit,0.0971686645100514,30,7,23,0,3,2,2,0,1
1251,3277,access_vlan:SW1:eth2:10+access_vlan:SW2:eth1:20+trunk_remove:SW1:eth3:20+trunk_remove:SW2:eth3:10+trunk_remove:SW2:eth3:20,19086,0.0934625,-7.350000000000002,30,False,True,False,step_limit,0.09623743655780952,30,8,21,0,3,3,2,0,1
1252,3278,access_vlan:SW1:eth2:10+trunk_remove:SW2:eth3:10,19116,0.0920375000000001,-10.100000000000001,30,False,True,False,step_limit,0.059328078478574756,30,14,16,0,7,3,4,0,1
1253,3279,trunk_remove:SW1:eth3:10+trunk_remove:SW1:eth3:20+trunk_remove:SW2:eth3:20,19132,0.09127750000000001,6.6499999999999995,16,True,False,True,recovery_success,0.08711632376071066,16,7,8,0,0,0,0,0,0
1254,3280,access_vlan:SW1:eth2:10+access_vlan:SW2:eth2:10+trunk_remove:SW1:eth3:20,19162,0.08985250000000011,-7.0,30,False,True,False,step_limit,0.07697106593598922,30,10,20,0,2,2,2,0,1
1255,3281,access_vlan:SW1:eth2:10,19174,0.08928250000000004,7.35,12,True,False,True,recovery_success,0.056690415212263666,12,3,8,0,1,1,1,1,0
1256,3282,access_vlan:SW1:eth1:20+access_vlan:SW1:eth2:10+access_vlan:SW2:eth1:20+access_vlan:SW2:eth2:10,19180,0.08899750000000006,-15.900000000000002,6,True,False,False,incorrect_declare_done,0.08899794332683086,6,4,1,0,9,6,4,1,4
1257,3283,access_vlan:SW1:eth1:20+access_vlan:SW2:eth2:10+trunk_remove:SW1:eth3:20+trunk_remove:SW2:eth3:10+trunk_remove:SW2:eth3:20,19202,0.0879525000000001,2.549999999999999,22,True,False,True,recovery_success,0.05491540487855673,22,12,6,0,4,2,4,0,0
1258,3284,access_vlan:SW1:eth2:10+access_vlan:SW2:eth1:20+trunk_remove:SW1:eth3:10+trunk_remove:SW2:eth3:10+trunk_remove:SW2:eth3:20,19213,0.08743000000000001,7.199999999999999,11,True,False,True,recovery_success,0.06652062843469056,11,5,5,0,1,1,1,0,0
1259,3285,access_vlan:SW1:eth1:20+trunk_remove:SW2:eth3:10,19227,0.08676499999999998,6.8999999999999995,14,True,False,True,recovery_success,0.0943492426137839,14,4,9,0,1,1,1,1,0
1260,3286,access_vlan:SW2:eth1:20+access_vlan:SW2:eth2:10+trunk_remove:SW1:eth3:10+trunk_remove:SW2:eth3:20,19251,0.08562500000000006,-18.950000000000003,24,True,False,False,incorrect_declare_done,0.05488947522826493,24,13,10,0,7,4,6,0,3
1261,3287,access_vlan:SW2:eth2:10+trunk_remove:SW1:eth3:10+trunk_remove:SW2:eth3:10,19281,0.08420000000000005,-7.300000000000001,30,False,True,False,step_limit,0.07242148720348875,30,12,18,0,2,2,2,0,2
1262,3288,access_vlan:SW2:eth1:20+access_vlan:SW2:eth2:10,19287,0.08391499999999996,-11.75,6,True,False,False,incorrect_declare_done,0.0492916697015365,6,3,2,0,1,1,1,0,3
1263,3289,access_vlan:SW1:eth1:20+access_vlan:SW1:eth2:10+access_vlan:SW2:eth1:20+trunk_remove:SW1:eth3:10+trunk_remove:SW1:eth3:20+trunk_remove:SW2:eth3:20,19317,0.08249000000000006,-8.950000000000003,30,False,True,False,step_limit,0.047685008496046066,30,13,17,0,5,4,3,0,1
1264,3290,access_vlan:SW1:eth1:20+access_vlan:SW2:eth1:20+access_vlan:SW2:eth2:10+trunk_remove:SW1:eth3:10+trunk_remove:SW1:eth3:20+trunk_remove:SW2:eth3:20,19327,0.08201499999999995,-13.6,10,True,False,False,incorrect_declare_done,0.04980956129729748,10,8,1,0,2,2,2,0,3
1265,3291,access_vlan:SW1:eth1:20+access_vlan:SW1:eth2:10+access_vlan:SW2:eth2:10+trunk_remove:SW1:eth3:10+trunk_remove:SW2:eth3:20,19355,0.080685,1.3499999999999979,28,True,False,True,recovery_success,0.05700523220002651,28,17,10,0,4,2,4,1,0
1266,3292,access_vlan:SW1:eth1:20+access_vlan:SW2:eth2:10+trunk_remove:SW2:eth3:10,19385,0.07926000000000011,-10.700000000000006,30,False,True,False,step_limit,0.03353150983651479,30,8,22,0,10,5,7,0,3
1267,3293,access_vlan:SW1:eth1:20+access_vlan:SW1:eth2:10+access_vlan:SW2:eth2:10+trunk_remove:SW1:eth3:20+trunk_remove:SW2:eth3:10,19415,0.07783499999999999,-6.600000000000006,30,False,True,False,step_limit,0.053310502662012975,30,4,26,0,3,3,3,0,3
1268,3294,access_vlan:SW1:eth2:10+access_vlan:SW2:eth1:20+access_vlan:SW2:eth2:10+trunk_remove:SW1:eth3:20+trunk_remove:SW2:eth3:20,19445,0.07641000000000009,-8.150000000000002,30,False,True,False,step_limit,0.05574315330013633,30,11,19,0,4,3,4,0,1
1269,3295,access_vlan:SW1:eth1:20+access_vlan:SW1:eth2:10+access_vlan:SW2:eth1:20+trunk_remove:SW1:eth3:10+trunk_remove:SW1:eth3:20,19475,0.07498500000000008,-9.200000000000006,30,False,True,False,step_limit,0.05547273795430859,30,7,22,0,7,4,6,0,3
1270,3296,access_vlan:SW1:eth1:20+access_vlan:SW2:eth1:20+access_vlan:SW2:eth2:10+trunk_remove:SW1:eth3:20+trunk_remove:SW2:eth3:10,19505,0.07356000000000007,-6.850000000000005,30,False,True,False,step_limit,0.09653000455970566,30,9,21,0,2,2,2,0,1
1271,3297,access_vlan:SW1:eth1:20+access_vlan:SW1:eth2:10+access_vlan:SW2:eth2:10+trunk_remove:SW1:eth3:10+trunk_remove:SW2:eth3:10,19535,0.07213500000000006,-7.100000000000006,30,False,True,False,step_limit,0.10419900802274545,30,4,26,0,4,4,3,0,3
1272,3298,access_vlan:SW2:eth1:20+access_vlan:SW2:eth2:10+trunk_remove:SW1:eth3:20,19565,0.07071000000000005,-8.900000000000002,30,False,True,False,step_limit,0.06289213187992573,30,16,14,0,4,3,4,0,3
1273,3299,access_vlan:SW2:eth1:20+trunk_remove:SW1:eth3:10+trunk_remove:SW2:eth3:10+trunk_remove:SW2:eth3:20,19595,0.06928500000000004,-9.650000000000004,30,False,True,False,step_limit,0.08115737385426959,30,11,19,0,7,5,4,1,3
1274,3300,access_vlan:SW1:eth2:10+access_vlan:SW2:eth1:20,19625,0.06786000000000003,-6.350000000000004,30,False,True,False,step_limit,0.048813846272726856,30,9,21,0,1,1,1,0,3
1275,3301,access_vlan:SW1:eth1:20+access_vlan:SW1:eth2:10+access_vlan:SW2:eth2:10+trunk_remove:SW1:eth3:10+trunk_remove:SW2:eth3:10,19637,0.06729000000000007,-13.15,12,True,False,False,incorrect_declare_done,0.030265878575543564,12,3,8,0,2,2,2,0,4
1276,3302,access_vlan:SW1:eth1:20+access_vlan:SW2:eth1:20+trunk_remove:SW1:eth3:20+trunk_remove:SW2:eth3:10,19662,0.06610250000000006,4.2499999999999964,25,True,False,True,recovery_success,0.0491145770251751,25,4,20,0,3,3,2,0,0
1277,3303,access_vlan:SW1:eth2:10+trunk_remove:SW1:eth3:20+trunk_remove:SW2:eth3:20,19692,0.06467750000000005,-7.250000000000007,30,False,True,False,step_limit,0.03491441442941626,30,4,25,0,4,4,3,0,3
1278,3304,access_vlan:SW1:eth1:20+access_vlan:SW1:eth2:10+access_vlan:SW2:eth2:10+trunk_remove:SW1:eth3:10+trunk_remove:SW1:eth3:20,19722,0.06325250000000004,-5.950000000000004,30,False,True,False,step_limit,0.03863909964760145,30,3,27,0,2,2,2,0,4
1279,3305,access_vlan:SW1:eth1:20+trunk_remove:SW1:eth3:10+trunk_remove:SW2:eth3:10+trunk_remove:SW2:eth3:20,19752,0.061827500000000035,-5.450000000000003,30,False,True,False,step_limit,0.027442867184678713,30,3,27,0,1,1,1,0,3
1280,3306,access_vlan:SW2:eth1:20+access_vlan:SW2:eth2:10+trunk_remove:SW1:eth3:10+trunk_remove:SW1:eth3:20,19782,0.060402500000000026,-7.400000000000004,30,False,True,False,step_limit,0.036463440582156184,30,6,24,0,4,4,3,0,4
1281,3307,access_vlan:SW2:eth1:20+trunk_remove:SW2:eth3:20,19812,0.058977500000000016,-7.550000000000001,30,False,True,False,step_limit,0.053802660976847015,30,17,13,0,1,1,1,0,3
1282,3308,access_vlan:SW2:eth1:20+access_vlan:SW2:eth2:10+trunk_remove:SW2:eth3:20,19842,0.057552500000000006,-7.600000000000002,30,False,True,False,step_limit,0.06939328443259,30,13,16,0,2,2,2,0,3
1283,3309,access_vlan:SW1:eth1:20+access_vlan:SW2:eth2:10,19872,0.0561275,-5.450000000000001,30,False,True,False,step_limit,0.07583951863149802,30,3,27,0,1,1,1,0,3
1284,3310,trunk_remove:SW1:eth3:10,19883,0.055605000000000016,-12.450000000000001,11,True,False,False,incorrect_declare_done,0.022112513638355515,11,6,4,0,0,0,0,0,1
1285,3311,access_vlan:SW1:eth2:10+access_vlan:SW2:eth1:20+trunk_remove:SW1:eth3:10+trunk_remove:SW1:eth3:20,19913,0.054180000000000006,-8.400000000000002,30,False,True,False,step_limit,0.031543456204235557,30,16,14,0,3,3,3,0,0
1286,3312,access_vlan:SW1:eth1:20+trunk_remove:SW1:eth3:10+trunk_remove:SW1:eth3:20+trunk_remove:SW2:eth3:10,19943,0.05275500000000011,-5.450000000000003,30,False,True,False,step_limit,0.026723808546861013,30,3,27,0,1,1,1,0,3
1287,3313,access_vlan:SW1:eth1:20+access_vlan:SW1:eth2:10+trunk_remove:SW1:eth3:10+trunk_remove:SW1:eth3:20+trunk_remove:SW2:eth3:10,19973,0.05132999999999999,-8.000000000000004,30,False,True,False,step_limit,0.05403465299556653,30,10,20,0,4,3,4,0,3
1288,3314,access_vlan:SW2:eth1:20+trunk_remove:SW2:eth3:20,20003,0.05,-4.800000000000001,30,False,True,False,step_limit,0.05072964920351903,30,2,28,0,0,0,0,0,1
1289,3315,access_vlan:SW1:eth2:10+access_vlan:SW2:eth2:10+trunk_remove:SW1:eth3:20+trunk_remove:SW2:eth3:20,20033,0.05,-9.400000000000002,30,False,True,False,step_limit,0.04208864023288091,30,15,14,0,5,4,4,0,0
1290,3316,access_vlan:SW2:eth1:20+access_vlan:SW2:eth2:10+trunk_remove:SW1:eth3:10+trunk_remove:SW1:eth3:20+trunk_remove:SW2:eth3:20,20060,0.05,4.199999999999999,27,True,False,True,recovery_success,0.04315649662856703,27,9,17,0,1,1,1,0,0
1291,3317,access_vlan:SW1:eth1:20+trunk_remove:SW1:eth3:10+trunk_remove:SW1:eth3:20+trunk_remove:SW2:eth3:10+trunk_remove:SW2:eth3:20,20090,0.05,-5.600000000000002,30,False,True,False,step_limit,0.03599565851812561,30,4,26,0,1,1,1,0,3
1292,3318,access_vlan:SW1:eth1:20+trunk_remove:SW1:eth3:10+trunk_remove:SW2:eth3:20,20120,0.05,-5.3000000000000025,30,False,True,False,step_limit,0.029241135933746894,30,2,28,0,1,1,1,0,3
1293,3319,access_vlan:SW1:eth1:20+trunk_remove:SW1:eth3:10+trunk_remove:SW1:eth3:20,20150,0.05,-8.050000000000004,30,False,True,False,step_limit,0.0389052739366889,30,7,23,0,5,4,3,1,0
1294,3320,access_vlan:SW2:eth1:20+access_vlan:SW2:eth2:10+trunk_remove:SW1:eth3:20,20173,0.05,3.8,23,True,False,True,recovery_success,0.04260236182776482,23,9,13,0,3,3,3,2,0
1295,3321,access_vlan:SW1:eth1:20+access_vlan:SW2:eth2:10+trunk_remove:SW2:eth3:10,20203,0.05,-6.900000000000005,30,False,True,False,step_limit,0.06701524946838618,30,6,24,0,3,2,3,0,3
1296,3322,access_vlan:SW1:eth1:20+access_vlan:SW1:eth2:10+trunk_remove:SW1:eth3:10+trunk_remove:SW1:eth3:20+trunk_remove:SW2:eth3:20,20233,0.05,-6.600000000000003,30,False,True,False,step_limit,0.029707531382640203,30,4,26,0,3,3,3,0,3
1297,3323,access_vlan:SW1:eth2:10+access_vlan:SW2:eth2:10+trunk_remove:SW1:eth3:10,20263,0.05,5.149999999999999,30,True,False,True,recovery_success,0.03755332144598166,30,3,26,0,0,0,0,0,0
1298,3324,access_vlan:SW1:eth1:20+access_vlan:SW1:eth2:10+access_vlan:SW2:eth1:20+access_vlan:SW2:eth2:10+trunk_remove:SW1:eth3:10,20293,0.05,-7.600000000000006,30,False,True,False,step_limit,0.04520939023544391,30,4,26,0,5,5,4,0,3
1299,3325,access_vlan:SW1:eth2:10+access_vlan:SW2:eth1:20+access_vlan:SW2:eth2:10+trunk_remove:SW1:eth3:20+trunk_remove:SW2:eth3:10+trunk_remove:SW2:eth3:20,20323,0.05,-6.500000000000003,30,False,True,False,step_limit,0.046015742948899666,30,9,20,0,1,1,1,0,0
1300,3326,access_vlan:SW1:eth1:20+access_vlan:SW2:eth1:20+access_vlan:SW2:eth2:10+trunk_remove:SW1:eth3:20,20346,0.05,3.9499999999999993,23,True,False,True,recovery_success,0.04819566756486893,23,8,14,0,3,2,3,0,0
1301,3327,access_vlan:SW1:eth2:10+access_vlan:SW2:eth1:20+access_vlan:SW2:eth2:10+trunk_remove:SW1:eth3:10,20370,0.05,4.899999999999998,24,True,False,True,recovery_success,0.023207472210439544,24,4,19,0,2,2,2,0,0
1302,3328,trunk_remove:SW1:eth3:10+trunk_remove:SW1:eth3:20+trunk_remove:SW2:eth3:20,20400,0.05,-5.250000000000002,30,False,True,False,step_limit,0.026180243057509264,30,5,25,0,0,0,0,0,0
1303,3329,access_vlan:SW1:eth2:10+access_vlan:SW2:eth1:20+trunk_remove:SW1:eth3:10+trunk_remove:SW2:eth3:10+trunk_remove:SW2:eth3:20,20415,0.05,6.299999999999999,15,True,False,True,recovery_success,0.04339015477647384,15,7,7,0,1,1,1,1,0
1304,3330,access_vlan:SW1:eth2:10+access_vlan:SW2:eth2:10+trunk_remove:SW1:eth3:10+trunk_remove:SW1:eth3:20+trunk_remove:SW2:eth3:10,20445,0.05,-5.250000000000002,30,False,True,False,step_limit,0.039511658375461896,30,5,25,0,0,0,0,0,0
1305,3331,access_vlan:SW1:eth1:20+trunk_remove:SW1:eth3:10+trunk_remove:SW1:eth3:20,20475,0.05,-7.400000000000001,30,False,True,False,step_limit,0.023632159642875194,30,6,24,0,4,4,3,0,3
1306,3332,access_vlan:SW2:eth1:20+access_vlan:SW2:eth2:10+trunk_remove:SW1:eth3:10+trunk_remove:SW2:eth3:10,20498,0.05,2.9499999999999993,23,True,False,True,recovery_success,0.04048863719419941,23,7,14,0,5,3,3,2,0
1307,3333,access_vlan:SW2:eth2:10+trunk_remove:SW1:eth3:10,20524,0.05,4.599999999999997,26,True,False,True,recovery_success,0.05886139627546072,26,4,21,0,2,2,1,0,0
1308,3334,trunk_remove:SW2:eth3:10,20532,0.05,8.75,8,True,False,True,recovery_success,0.025060965213924646,8,1,6,0,0,0,0,0,0
1309,3335,access_vlan:SW1:eth1:20+access_vlan:SW2:eth1:20+access_vlan:SW2:eth2:10+trunk_remove:SW2:eth3:20,20562,0.05,-6.550000000000003,30,False,True,False,step_limit,0.06205012400945028,30,7,23,0,2,2,2,0,3
1310,3336,access_vlan:SW2:eth1:20+trunk_remove:SW1:eth3:10,20592,0.05,-5.600000000000001,30,False,True,False,step_limit,0.03330476442351937,30,4,26,0,1,1,1,1,0
1311,3337,access_vlan:SW1:eth2:10+access_vlan:SW2:eth1:20+access_vlan:SW2:eth2:10+trunk_remove:SW1:eth3:10+trunk_remove:SW1:eth3:20+trunk_remove:SW2:eth3:20,20622,0.05,-8.000000000000002,30,False,True,False,step_limit,0.040342088975012305,30,10,20,0,4,4,2,1,0
1312,3338,access_vlan:SW1:eth2:10+access_vlan:SW2:eth1:20+access_vlan:SW2:eth2:10+trunk_remove:SW1:eth3:10+trunk_remove:SW2:eth3:10+trunk_remove:SW2:eth3:20,20652,0.05,-8.800000000000004,30,False,True,False,step_limit,0.018828880538543067,30,11,18,0,5,4,3,1,0
1313,3339,access_vlan:SW1:eth1:20+access_vlan:SW1:eth2:10+access_vlan:SW2:eth2:10,20682,0.05,-8.400000000000002,30,False,True,False,step_limit,0.029680024863531194,30,5,24,0,6,4,4,0,3
1314,3340,access_vlan:SW1:eth1:20+access_vlan:SW1:eth2:10+trunk_remove:SW1:eth3:20+trunk_remove:SW2:eth3:10+trunk_remove:SW2:eth3:20,20712,0.05,1.649999999999995,30,True,False,True,recovery_success,0.022044613119214775,30,13,16,0,4,4,4,0,0
1315,3341,access_vlan:SW1:eth1:20+access_vlan:SW1:eth2:10+access_vlan:SW2:eth1:20+trunk_remove:SW1:eth3:10+trunk_remove:SW1:eth3:20,20741,0.05,-5.329070518200751e-15,29,True,False,True,recovery_success,0.03610019013285637,29,15,13,0,7,4,4,1,0
1316,3342,access_vlan:SW1:eth1:20+access_vlan:SW1:eth2:10+access_vlan:SW2:eth1:20+trunk_remove:SW1:eth3:10+trunk_remove:SW1:eth3:20+trunk_remove:SW2:eth3:10+trunk_remove:SW2:eth3:20,20771,0.05,-8.350000000000003,30,False,True,False,step_limit,0.019476416551818452,30,8,21,0,5,3,3,1,0
1317,3343,access_vlan:SW2:eth1:20+access_vlan:SW2:eth2:10+trunk_remove:SW2:eth3:20,20782,0.05,7.199999999999999,11,True,False,True,recovery_success,0.03263223526830023,11,5,5,0,1,1,1,0,0
1318,3344,access_vlan:SW2:eth1:20+access_vlan:SW2:eth2:10+trunk_remove:SW1:eth3:20+trunk_remove:SW2:eth3:10,20812,0.05,-7.700000000000004,30,False,True,False,step_limit,0.0316730501751105,30,8,22,0,4,3,4,0,0
1319,3345,access_vlan:SW1:eth1:20+access_vlan:SW1:eth2:10+access_vlan:SW2:eth1:20+access_vlan:SW2:eth2:10+trunk_remove:SW1:eth3:20+trunk_remove:SW2:eth3:20,20842,0.05,-7.900000000000006,30,False,True,False,step_limit,0.034722600442667804,30,6,24,0,5,5,4,0,0
1320,3346,access_vlan:SW1:eth1:20+access_vlan:SW2:eth1:20+trunk_remove:SW1:eth3:20,20872,0.05,-7.950000000000002,30,False,True,False,step_limit,0.025357425305992366,30,13,17,0,3,3,2,0,0
1321,3347,access_vlan:SW2:eth2:10+trunk_remove:SW1:eth3:10+trunk_remove:SW1:eth3:20+trunk_remove:SW2:eth3:10+trunk_remove:SW2:eth3:20,20891,0.05,6.5,19,True,False,True,recovery_success,0.03187976841275629,19,5,13,0,0,0,0,0,0
1322,3348,access_vlan:SW1:eth1:20+access_vlan:SW1:eth2:10+trunk_remove:SW1:eth3:10+trunk_remove:SW2:eth3:20,20921,0.05,-7.700000000000002,30,False,True,False,step_limit,0.03247321865831812,30,8,22,0,4,3,4,0,0
1323,3349,access_vlan:SW1:eth1:20+trunk_remove:SW1:eth3:10+trunk_remove:SW2:eth3:10,20932,0.05,-11.850000000000001,11,True,False,False,incorrect_declare_done,0.022395105270499534,11,2,8,0,0,0,0,0,3
1324,3350,access_vlan:SW2:eth1:20+trunk_remove:SW1:eth3:10+trunk_remove:SW2:eth3:10+trunk_remove:SW2:eth3:20,20962,0.05,-9.600000000000003,30,False,True,False,step_limit,0.02822701718347768,30,14,16,0,6,4,3,1,0
1325,3351,access_vlan:SW1:eth1:20+access_vlan:SW1:eth2:10+access_vlan:SW2:eth2:10+trunk_remove:SW1:eth3:20+trunk_remove:SW2:eth3:10,20987,0.05,3.2999999999999963,25,True,False,True,recovery_success,0.038931868243962525,25,7,17,0,4,4,4,1,0
1326,3352,trunk_remove:SW1:eth3:20+trunk_remove:SW2:eth3:10,21017,0.05,-6.900000000000001,30,False,True,False,step_limit,0.023339700295279424,30,5,24,0,3,3,1,1,0
1327,3353,access_vlan:SW1:eth1:20+access_vlan:SW1:eth2:10+trunk_remove:SW1:eth3:20,21041,0.05,4.249999999999999,24,True,False,True,recovery_success,0.023401148112801213,24,5,18,0,3,3,3,0,0
1328,3354,access_vlan:SW1:eth1:20,21071,0.05,-6.450000000000005,30,False,True,False,step_limit,0.03352702803288897,30,3,27,0,3,3,2,0,0
1329,3355,access_vlan:SW1:eth1:20+access_vlan:SW2:eth2:10+trunk_remove:SW1:eth3:20+trunk_remove:SW2:eth3:20,21101,0.05,-8.200000000000003,30,False,True,False,step_limit,0.02727021457006534,30,8,22,0,5,4,3,1,0
1330,3356,access_vlan:SW2:eth1:20+trunk_remove:SW2:eth3:20,21110,0.05,7.949999999999999,9,True,False,True,recovery_success,0.027546957238680787,9,2,6,0,1,1,1,0,0
1331,3357,access_vlan:SW1:eth1:20+access_vlan:SW1:eth2:10+access_vlan:SW2:eth1:20+access_vlan:SW2:eth2:10+trunk_remove:SW2:eth3:10+trunk_remove:SW2:eth3:20,21140,0.05,-9.900000000000004,30,False,True,False,step_limit,0.03397967098280787,30,13,14,0,6,4,4,1,0
1332,3358,access_vlan:SW2:eth2:10+trunk_remove:SW1:eth3:10+trunk_remove:SW2:eth3:10+trunk_remove:SW2:eth3:20,21152,0.05,7.4,12,True,False,True,recovery_success,0.025775773838783305,12,6,5,0,0,0,0,0,0
1333,3359,access_vlan:SW1:eth2:10+access_vlan:SW2:eth1:20+access_vlan:SW2:eth2:10+trunk_remove:SW1:eth3:20+trunk_remove:SW2:eth3:10,21169,0.05,-13.55,17,True,False,False,incorrect_declare_done,0.05449740911888726,17,4,12,0,1,1,1,0,3
1334,3360,access_vlan:SW1:eth2:10+access_vlan:SW2:eth1:20+trunk_remove:SW1:eth3:10+trunk_remove:SW2:eth3:20,21184,0.05,6.75,15,True,False,True,recovery_success,0.030212665038804213,15,4,10,0,1,1,1,0,0
1335,3361,access_vlan:SW1:eth2:10+trunk_remove:SW1:eth3:10+trunk_remove:SW1:eth3:20+trunk_remove:SW2:eth3:10+trunk_remove:SW2:eth3:20,21209,0.05,3.799999999999997,25,True,False,True,recovery_success,0.021450611874461175,25,7,17,0,3,3,1,1,0
1336,3362,access_vlan:SW1:eth1:20+access_vlan:SW1:eth2:10+trunk_remove:SW1:eth3:20+trunk_remove:SW2:eth3:10+trunk_remove:SW2:eth3:20,21239,0.05,-8.550000000000004,30,False,True,False,step_limit,0.040050984763850765,30,6,23,0,6,4,4,1,0
1337,3363,access_vlan:SW1:eth1:20+access_vlan:SW2:eth1:20+access_vlan:SW2:eth2:10+trunk_remove:SW1:eth3:20,21259,0.05,5.7,20,True,False,True,recovery_success,0.03322190106846392,20,6,13,0,1,1,1,0,0
1338,3364,access_vlan:SW1:eth1:20+access_vlan:SW1:eth2:10+access_vlan:SW2:eth1:20+access_vlan:SW2:eth2:10+trunk_remove:SW2:eth3:20,21279,0.05,3.2499999999999964,20,True,False,True,recovery_success,0.01976525131613016,20,9,10,0,5,5,4,0,0
1339,3365,access_vlan:SW1:eth1:20+access_vlan:SW2:eth1:20+trunk_remove:SW1:eth3:20+trunk_remove:SW2:eth3:20,21295,0.05,6.3,16,True,False,True,recovery_success,0.025587089941836894,16,5,9,0,1,1,1,0,0
1340,3366,access_vlan:SW2:eth1:20+trunk_remove:SW2:eth3:10,21299,0.05,9.2,4,True,False,True,recovery_success,0.061283281072974205,4,2,1,0,0,0,0,0,0
1341,3367,access_vlan:SW1:eth2:10+access_vlan:SW2:eth1:20+access_vlan:SW2:eth2:10+trunk_remove:SW1:eth3:10+trunk_remove:SW1:eth3:20+trunk_remove:SW2:eth3:10,21323,0.05,5.099999999999999,24,True,False,True,recovery_success,0.04905525723006576,24,6,17,0,1,1,1,0,0
1342,3368,access_vlan:SW2:eth1:20+access_vlan:SW2:eth2:10+trunk_remove:SW1:eth3:20+trunk_remove:SW2:eth3:10+trunk_remove:SW2:eth3:20,21342,0.05,5.699999999999999,19,True,False,True,recovery_success,0.019315230218987716,19,7,11,0,1,1,1,0,0
1343,3369,access_vlan:SW1:eth1:20+access_vlan:SW2:eth1:20+access_vlan:SW2:eth2:10+trunk_remove:SW2:eth3:10+trunk_remove:SW2:eth3:20,21369,0.05,2.399999999999997,27,True,False,True,recovery_success,0.02295740217798286,27,11,15,0,4,4,3,0,0
1344,3370,trunk_remove:SW2:eth3:20,21377,0.05,8.75,8,True,False,True,recovery_success,0.017789650824852288,8,1,6,0,0,0,0,0,0
1345,3371,access_vlan:SW1:eth2:10+access_vlan:SW2:eth1:20+trunk_remove:SW1:eth3:20+trunk_remove:SW2:eth3:10+trunk_remove:SW2:eth3:20,21392,0.05,7.1,15,True,False,True,recovery_success,0.013456830941140651,15,5,9,0,0,0,0,0,0
1346,3372,access_vlan:SW2:eth1:20+trunk_remove:SW1:eth3:20+trunk_remove:SW2:eth3:10,21412,0.05,6.65,20,True,False,True,recovery_success,0.020038785086944698,20,3,16,0,0,0,0,0,0
1347,3373,access_vlan:SW2:eth1:20+access_vlan:SW2:eth2:10+trunk_remove:SW1:eth3:20,21419,0.05,-12.05,7,True,False,False,incorrect_declare_done,0.015296404249966145,7,4,2,0,1,1,1,0,1
1348,3374,trunk_remove:SW1:eth3:20+trunk_remove:SW2:eth3:10,21428,0.05,8.45,9,True,False,True,recovery_success,0.010828260539306534,9,2,6,0,0,0,0,0,0
1349,3375,access_vlan:SW1:eth1:20+access_vlan:SW2:eth2:10+trunk_remove:SW1:eth3:20+trunk_remove:SW2:eth3:10,21458,0.05,-5.600000000000002,30,False,True,False,step_limit,0.029334149059529104,30,4,26,0,1,1,1,0,0
1350,3376,access_vlan:SW2:eth1:20+access_vlan:SW2:eth2:10+trunk_remove:SW2:eth3:20,21464,0.05,8.25,6,True,False,True,recovery_success,0.025042965387304623,6,3,2,0,1,1,1,0,0
1351,3377,access_vlan:SW1:eth1:20+access_vlan:SW1:eth2:10+access_vlan:SW2:eth1:20+trunk_remove:SW2:eth3:20,21494,0.05,-7.200000000000003,30,False,True,False,step_limit,0.029093895371382437,30,8,22,0,3,3,3,0,0
1352,3378,access_vlan:SW1:eth1:20+access_vlan:SW2:eth1:20+trunk_remove:SW1:eth3:10+trunk_remove:SW1:eth3:20+trunk_remove:SW2:eth3:10,21518,0.05,3.8499999999999988,24,True,False,True,recovery_success,0.03849539086998751,24,10,12,0,2,2,2,1,0
1353,3379,access_vlan:SW2:eth1:20+access_vlan:SW2:eth2:10+trunk_remove:SW1:eth3:10+trunk_remove:SW1:eth3:20+trunk_remove:SW2:eth3:20,21548,0.05,-7.050000000000001,30,False,True,False,step_limit,0.04127610493451357,30,7,23,0,3,2,3,0,0
1354,3380,access_vlan:SW1:eth1:20+access_vlan:SW2:eth1:20+access_vlan:SW2:eth2:10+trunk_remove:SW1:eth3:10+trunk_remove:SW2:eth3:10,21572,0.05,1.75,24,True,False,True,recovery_success,0.04926136590074748,24,15,8,0,5,3,3,1,0
1355,3381,access_vlan:SW2:eth1:20+access_vlan:SW2:eth2:10+trunk_remove:SW1:eth3:20+trunk_remove:SW2:eth3:10+trunk_remove:SW2:eth3:20,21588,0.05,6.45,16,True,False,True,recovery_success,0.02152918721549213,16,5,10,0,1,1,1,0,0
1356,3382,access_vlan:SW1:eth1:20+access_vlan:SW1:eth2:10+trunk_remove:SW1:eth3:20+trunk_remove:SW2:eth3:10+trunk_remove:SW2:eth3:20,21611,0.05,5.1,23,True,False,True,recovery_success,0.0308337706019697,23,7,15,0,1,1,1,0,0
1357,3383,access_vlan:SW1:eth1:20+trunk_remove:SW1:eth3:10+trunk_remove:SW2:eth3:20,21631,0.05,6.65,20,True,False,True,recovery_success,0.031579094985499975,20,3,16,0,0,0,0,0,0
1358,3384,access_vlan:SW1:eth1:20+access_vlan:SW1:eth2:10+access_vlan:SW2:eth2:10+trunk_remove:SW1:eth3:10,21654,0.05,4.249999999999998,23,True,False,True,recovery_success,0.028220542058672592,23,6,16,0,3,3,3,0,0
1359,3385,access_vlan:SW1:eth2:10+access_vlan:SW2:eth1:20+access_vlan:SW2:eth2:10+trunk_remove:SW1:eth3:10+trunk_remove:SW1:eth3:20+trunk_remove:SW2:eth3:20,21676,0.05,4.2,22,True,False,True,recovery_success,0.022269253301518886,22,12,7,0,1,1,1,0,0
1360,3386,access_vlan:SW1:eth1:20+access_vlan:SW1:eth2:10+access_vlan:SW2:eth1:20+trunk_remove:SW2:eth3:10+trunk_remove:SW2:eth3:20,21703,0.05,1.6999999999999975,27,True,False,True,recovery_success,0.026401914345721405,27,9,17,0,6,5,5,0,0
1361,3387,access_vlan:SW2:eth2:10,21724,0.05,6.0,21,True,False,True,recovery_success,0.03083197129446836,21,3,17,0,1,1,1,0,0
1362,3388,access_vlan:SW1:eth1:20+access_vlan:SW2:eth1:20,21754,0.05,-6.950000000000001,30,False,True,False,step_limit,0.025994093048696716,30,3,27,0,4,4,2,1,3
1363,3389,access_vlan:SW1:eth1:20+access_vlan:SW2:eth1:20+access_vlan:SW2:eth2:10+trunk_remove:SW2:eth3:10,21780,0.05,3.199999999999995,26,True,False,True,recovery_success,0.0306209593008344,26,10,15,0,3,3,2,0,0
1364,3390,access_vlan:SW1:eth1:20+access_vlan:SW2:eth1:20+access_vlan:SW2:eth2:10+trunk_remove:SW1:eth3:20+trunk_remove:SW2:eth3:10+trunk_remove:SW2:eth3:20,21810,0.05,-5.900000000000002,30,False,True,False,step_limit,0.030633476159224907,30,6,24,0,1,1,1,0,0
1365,3391,access_vlan:SW1:eth1:20+trunk_remove:SW1:eth3:10+trunk_remove:SW2:eth3:10,21836,0.05,5.75,26,True,False,True,recovery_success,0.018406258752712838,26,3,22,0,0,0,0,0,0
1366,3392,access_vlan:SW1:eth1:20+access_vlan:SW1:eth2:10+access_vlan:SW2:eth2:10+trunk_remove:SW1:eth3:10+trunk_remove:SW1:eth3:20+trunk_remove:SW2:eth3:20,21866,0.05,-6.699999999999999,30,False,True,False,step_limit,0.02538950831318895,30,7,22,0,2,2,2,0,0
1367,3393,access_vlan:SW1:eth2:10+trunk_remove:SW1:eth3:20+trunk_remove:SW2:eth3:10+trunk_remove:SW2:eth3:20,21890,0.05,5.6,24,True,False,True,recovery_success,0.023624534815705072,24,5,17,0,0,0,0,0,0
1368,3394,access_vlan:SW1:eth1:20+access_vlan:SW2:eth1:20+access_vlan:SW2:eth2:10+trunk_remove:SW2:eth3:10+trunk_remove:SW2:eth3:20,21907,0.05,-12.75,17,True,False,False,incorrect_declare_done,0.01936175745418843,17,1,14,0,0,0,0,0,3
1369,3395,access_vlan:SW2:eth2:10+trunk_remove:SW1:eth3:20,21922,0.05,7.549999999999999,15,True,False,True,recovery_success,0.015171501381943623,15,2,12,0,0,0,0,0,0
1370,3396,access_vlan:SW2:eth1:20+access_vlan:SW2:eth2:10+trunk_remove:SW2:eth3:20,21934,0.05,7.35,12,True,False,True,recovery_success,0.0316094058410575,12,3,8,0,1,1,1,0,0
1371,3397,access_vlan:SW1:eth2:10+access_vlan:SW2:eth2:10+trunk_remove:SW1:eth3:20+trunk_remove:SW2:eth3:10+trunk_remove:SW2:eth3:20,21960,0.05,4.6499999999999995,26,True,False,True,recovery_success,0.02416554161419089,26,7,18,0,1,1,1,1,0
1372,3398,access_vlan:SW2:eth1:20+access_vlan:SW2:eth2:10+trunk_remove:SW1:eth3:10+trunk_remove:SW2:eth3:20,21986,0.05,3.1999999999999975,26,True,False,True,recovery_success,0.01958667726900715,26,9,15,0,3,2,3,0,0
1373,3399,access_vlan:SW1:eth2:10+access_vlan:SW2:eth1:20+access_vlan:SW2:eth2:10+trunk_remove:SW1:eth3:10+trunk_remove:SW2:eth3:10+trunk_remove:SW2:eth3:20,22008,0.05,4.9,22,True,False,True,recovery_success,0.023274991280314596,22,6,15,0,2,2,2,0,0
1374,3400,access_vlan:SW1:eth1:20+access_vlan:SW2:eth2:10+trunk_remove:SW1:eth3:10,22027,0.05,6.000000000000001,19,True,False,True,recovery_success,0.031097957031115106,19,5,13,0,1,1,1,0,0
1375,3401,access_vlan:SW1:eth1:20+access_vlan:SW2:eth1:20+trunk_remove:SW1:eth3:20+trunk_remove:SW2:eth3:10+trunk_remove:SW2:eth3:20,22044,0.05,6.8,17,True,False,True,recovery_success,0.03349778477979057,17,5,11,0,0,0,0,0,0
1376,3402,trunk_remove:SW1:eth3:10+trunk_remove:SW1:eth3:20+trunk_remove:SW2:eth3:10+trunk_remove:SW2:eth3:20,22051,0.05,8.45,7,True,False,True,recovery_success,0.0524491597233074,7,4,2,0,0,0,0,0,0
1377,3403,access_vlan:SW1:eth2:10+access_vlan:SW2:eth2:10+trunk_remove:SW1:eth3:10+trunk_remove:SW2:eth3:10+trunk_remove:SW2:eth3:20,22065,0.05,5.8500000000000005,14,True,False,True,recovery_success,0.028330584921474968,14,11,2,0,1,1,1,0,0
1378,3404,access_vlan:SW2:eth1:20+access_vlan:SW2:eth2:10+trunk_remove:SW1:eth3:20+trunk_remove:SW2:eth3:20,22071,0.05,8.1,6,True,False,True,recovery_success,0.05026993543530504,6,4,1,0,1,1,1,0,0
1379,3405,trunk_remove:SW1:eth3:10+trunk_remove:SW2:eth3:20,22076,0.05,9.049999999999999,5,True,False,True,recovery_success,0.07265788223594427,5,2,2,0,0,0,0,0,0
1380,3406,access_vlan:SW1:eth2:10+trunk_remove:SW2:eth3:20,22085,0.05,6.35,9,True,False,True,recovery_success,0.022568321890301175,9,6,2,0,3,3,2,0,0
1381,3407,access_vlan:SW1:eth1:20+access_vlan:SW1:eth2:10+access_vlan:SW2:eth1:20,22103,0.05,5.449999999999999,18,True,False,True,recovery_success,0.04496123571880162,18,3,14,0,3,3,2,0,0
1382,3408,access_vlan:SW1:eth2:10,22106,0.05,9.5,3,True,False,True,recovery_success,0.05876537226140499,3,1,1,0,0,0,0,0,0
1383,3409,access_vlan:SW1:eth1:20+access_vlan:SW2:eth2:10+trunk_remove:SW1:eth3:10+trunk_remove:SW1:eth3:20+trunk_remove:SW2:eth3:10,22111,0.05,-11.600000000000001,5,True,False,False,incorrect_declare_done,0.017373557575047015,5,3,1,0,1,1,1,0,3
1384,3410,access_vlan:SW1:eth1:20+access_vlan:SW1:eth2:10+access_vlan:SW2:eth1:20+trunk_remove:SW1:eth3:20+trunk_remove:SW2:eth3:20,22123,0.05,6.549999999999999,12,True,False,True,recovery_success,0.02902896550949663,12,5,6,0,2,2,2,0,0
1385,3411,access_vlan:SW1:eth1:20+access_vlan:SW1:eth2:10+access_vlan:SW2:eth2:10+trunk_remove:SW1:eth3:20,22140,0.05,4.85,17,True,False,True,recovery_success,0.0326772061012247,17,8,8,0,3,3,2,0,0
1386,3412,access_vlan:SW1:eth1:20+access_vlan:SW2:eth1:20+trunk_remove:SW1:eth3:10,22156,0.05,6.449999999999999,16,True,False,True,recovery_success,0.04686679592123255,16,5,10,0,1,1,1,0,0
1387,3413,access_vlan:SW1:eth2:10+access_vlan:SW2:eth1:20+access_vlan:SW2:eth2:10+trunk_remove:SW2:eth3:20,22180,0.05,1.1999999999999993,24,True,False,True,recovery_success,0.025966136464073013,24,22,1,0,4,4,3,0,0
1388,3414,access_vlan:SW2:eth1:20+trunk_remove:SW1:eth3:20+trunk_remove:SW2:eth3:10,22192,0.05,7.85,12,True,False,True,recovery_success,0.03199833623754481,12,3,8,0,0,0,0,0,0
1389,3415,trunk_remove:SW2:eth3:20,22196,0.05,9.35,4,True,False,True,recovery_success,0.021935004857368767,4,1,2,0,0,0,0,0,0
1390,3416,access_vlan:SW1:eth2:10+access_vlan:SW2:eth2:10+trunk_remove:SW2:eth3:10+trunk_remove:SW2:eth3:20,22202,0.05,8.6,6,True,False,True,recovery_success,0.024389592309792835,6,4,1,0,0,0,0,0,0
1391,3417,access_vlan:SW1:eth1:20+access_vlan:SW2:eth1:20+trunk_remove:SW1:eth3:20+trunk_remove:SW2:eth3:10+trunk_remove:SW2:eth3:20,22212,0.05,7.85,10,True,False,True,recovery_success,0.027351020276546477,10,5,4,0,0,0,0,0,0
1392,3418,access_vlan:SW1:eth1:20+access_vlan:SW1:eth2:10+access_vlan:SW2:eth1:20+trunk_remove:SW1:eth3:20,22226,0.05,5.299999999999999,14,True,False,True,recovery_success,0.023906385093661293,14,8,5,0,3,3,3,0,0
1393,3419,access_vlan:SW1:eth1:20+access_vlan:SW2:eth1:20+trunk_remove:SW1:eth3:20,22239,0.05,6.3,13,True,False,True,recovery_success,0.02234033065346571,13,9,3,0,1,1,1,0,0
1394,3420,access_vlan:SW1:eth1:20+access_vlan:SW2:eth2:10+trunk_remove:SW1:eth3:20+trunk_remove:SW2:eth3:20,22256,0.05,5.8500000000000005,17,True,False,True,recovery_success,0.0388029501773417,17,8,8,0,1,1,1,0,0
1395,3421,access_vlan:SW1:eth2:10+access_vlan:SW2:eth1:20+access_vlan:SW2:eth2:10+trunk_remove:SW1:eth3:20+trunk_remove:SW2:eth3:20,22269,0.05,5.6,13,True,False,True,recovery_success,0.05722876398179393,13,7,5,0,3,3,2,0,0
1396,3422,access_vlan:SW1:eth2:10+access_vlan:SW2:eth1:20+access_vlan:SW2:eth2:10+trunk_remove:SW1:eth3:10+trunk_remove:SW2:eth3:10,22283,0.05,6.25,14,True,False,True,recovery_success,0.044303803804463575,14,5,8,0,2,2,2,0,0
1397,3423,access_vlan:SW1:eth2:10,22286,0.05,9.5,3,True,False,True,recovery_success,0.009670654156555733,3,1,1,0,0,0,0,0,0
1398,3424,access_vlan:SW1:eth2:10+access_vlan:SW2:eth2:10+trunk_remove:SW2:eth3:10+trunk_remove:SW2:eth3:20,22299,0.05,6.949999999999999,13,True,False,True,recovery_success,0.019483381416648626,13,8,4,0,0,0,0,0,0
1399,3425,access_vlan:SW1:eth1:20+access_vlan:SW2:eth1:20+access_vlan:SW2:eth2:10+trunk_remove:SW1:eth3:20+trunk_remove:SW2:eth3:20,22313,0.05,5.6499999999999995,14,True,False,True,recovery_success,0.030448126340551034,14,7,4,0,2,1,2,0,0
1400,3426,trunk_remove:SW2:eth3:10+trunk_remove:SW2:eth3:20,22323,0.05,7.999999999999999,10,True,False,True,recovery_success,0.014462756225839257,10,4,5,0,0,0,0,0,0
1401,3427,access_vlan:SW2:eth2:10+trunk_remove:SW1:eth3:20,22327,0.05,9.2,4,True,False,True,recovery_success,0.035790225490927696,4,2,1,0,0,0,0,0,0
1402,3428,access_vlan:SW1:eth2:10+trunk_remove:SW1:eth3:20+trunk_remove:SW2:eth3:20,22332,0.05,8.899999999999999,5,True,False,True,recovery_success,0.015963700041174887,5,3,1,0,0,0,0,0,0
1403,3429,access_vlan:SW1:eth1:20+access_vlan:SW1:eth2:10+trunk_remove:SW1:eth3:20+trunk_remove:SW2:eth3:20,22345,0.05,6.25,13,True,False,True,recovery_success,0.03854140617813055,13,6,6,0,2,2,2,0,0
1404,3430,access_vlan:SW1:eth2:10+access_vlan:SW2:eth2:10+trunk_remove:SW2:eth3:10+trunk_remove:SW2:eth3:20,22351,0.05,8.6,6,True,False,True,recovery_success,0.019935294675330322,6,4,1,0,0,0,0,0,0
1405,3431,access_vlan:SW1:eth2:10+trunk_remove:SW2:eth3:20,22355,0.05,9.2,4,True,False,True,recovery_success,0.03455272514838725,4,2,1,0,0,0,0,0,0
1406,3432,access_vlan:SW1:eth1:20+trunk_remove:SW1:eth3:10+trunk_remove:SW1:eth3:20+trunk_remove:SW2:eth3:10,22366,0.05,7.25,11,True,False,True,recovery_success,0.017365782690996475,11,7,2,0,0,0,0,0,0
1407,3433,trunk_remove:SW1:eth3:10+trunk_remove:SW1:eth3:20+trunk_remove:SW2:eth3:10,22372,0.05,8.75,6,True,False,True,recovery_success,0.012731083513547977,6,3,2,0,0,0,0,0,0
1408,3434,access_vlan:SW1:eth2:10+access_vlan:SW2:eth2:10+trunk_remove:SW1:eth3:20+trunk_remove:SW2:eth3:20,22401,0.05,4.65,29,True,False,True,recovery_success,0.024113136889605688,29,4,24,0,1,1,1,0,0
1409,3435,access_vlan:SW2:eth1:20+access_vlan:SW2:eth2:10+trunk_remove:SW1:eth3:10+trunk_remove:SW1:eth3:20+trunk_remove:SW2:eth3:10+trunk_remove:SW2:eth3:20,22409,0.05,7.5,8,True,False,True,recovery_success,0.01340910920407623,8,6,1,0,1,1,1,0,0
1410,3436,access_vlan:SW1:eth2:10+access_vlan:SW2:eth2:10+trunk_remove:SW2:eth3:10+trunk_remove:SW2:eth3:20,22416,0.05,8.45,7,True,False,True,recovery_success,0.029209765206490244,7,4,2,0,0,0,0,0,0
1411,3437,access_vlan:SW1:eth1:20+access_vlan:SW2:eth1:20+access_vlan:SW2:eth2:10+trunk_remove:SW1:eth3:10+trunk_remove:SW1:eth3:20+trunk_remove:SW2:eth3:20,22429,0.05,6.15,13,True,False,True,recovery_success,0.04148700840484638,13,10,2,0,1,1,1,0,0
1412,3438,access_vlan:SW1:eth1:20+access_vlan:SW1:eth2:10+access_vlan:SW2:eth1:20+trunk_remove:SW2:eth3:10,22442,0.05,-11.850000000000001,13,True,False,False,incorrect_declare_done,0.029833566612349108,13,0,12,0,0,0,0,0,3
1413,3439,access_vlan:SW2:eth1:20+trunk_remove:SW1:eth3:20+trunk_remove:SW2:eth3:10,22461,0.05,6.200000000000001,19,True,False,True,recovery_success,0.015494843822364745,19,6,11,0,0,0,0,0,0
1414,3440,access_vlan:SW1:eth2:10+trunk_remove:SW1:eth3:10+trunk_remove:SW1:eth3:20+trunk_remove:SW2:eth3:10,22467,0.05,8.6,6,True,False,True,recovery_success,0.01283629285171628,6,4,1,0,0,0,0,0,0
1415,3441,access_vlan:SW1:eth1:20+access_vlan:SW2:eth1:20+trunk_remove:SW1:eth3:10+trunk_remove:SW1:eth3:20+trunk_remove:SW2:eth3:10+trunk_remove:SW2:eth3:20,22481,0.05,6.0,14,True,False,True,recovery_success,0.024377901073811308,14,10,3,0,1,1,1,0,0
1416,3442,access_vlan:SW1:eth1:20+trunk_remove:SW1:eth3:10+trunk_remove:SW1:eth3:20+trunk_remove:SW2:eth3:10+trunk_remove:SW2:eth3:20,22495,0.05,6.15,14,True,False,True,recovery_success,0.02606005547568202,14,9,4,0,1,1,1,0,0
1417,3443,access_vlan:SW1:eth2:10+access_vlan:SW2:eth1:20+trunk_remove:SW1:eth3:10+trunk_remove:SW1:eth3:20,22503,0.05,8.299999999999999,8,True,False,True,recovery_success,0.049045794061385095,8,4,3,0,0,0,0,0,0
1418,3444,access_vlan:SW2:eth1:20+access_vlan:SW2:eth2:10+trunk_remove:SW1:eth3:10+trunk_remove:SW2:eth3:20,22518,0.05,5.950000000000001,15,True,False,True,recovery_success,0.04941841407368581,15,6,8,0,2,2,2,0,0
1419,3445,access_vlan:SW1:eth1:20+access_vlan:SW1:eth2:10+access_vlan:SW2:eth1:20+trunk_remove:SW1:eth3:20,22532,0.05,5.8,14,True,False,True,recovery_success,0.03125421243852803,14,8,5,0,2,2,2,0,0
1420,3446,access_vlan:SW1:eth1:20+access_vlan:SW1:eth2:10+access_vlan:SW2:eth2:10+trunk_remove:SW2:eth3:10,22545,0.05,6.05,13,True,False,True,recovery_success,0.028956433328298423,13,4,8,0,3,3,3,0,0
1421,3447,access_vlan:SW1:eth1:20+trunk_remove:SW1:eth3:10+trunk_remove:SW1:eth3:20,22563,0.05,6.15,18,True,False,True,recovery_success,0.0330746137123141,18,5,12,0,1,1,1,1,0
1422,3448,access_vlan:SW2:eth2:10+trunk_remove:SW2:eth3:20,22574,0.05,7.35,11,True,False,True,recovery_success,0.023096440783278507,11,4,6,0,1,1,1,1,0
1423,3449,access_vlan:SW1:eth1:20+access_vlan:SW2:eth2:10+trunk_remove:SW1:eth3:10+trunk_remove:SW1:eth3:20+trunk_remove:SW2:eth3:10,22590,0.05,6.45,16,True,False,True,recovery_success,0.023074718192219734,16,5,10,0,1,1,1,0,0
1424,3450,access_vlan:SW1:eth1:20+access_vlan:SW1:eth2:10+access_vlan:SW2:eth2:10+trunk_remove:SW1:eth3:20+trunk_remove:SW2:eth3:10,22594,0.05,-10.950000000000001,4,True,False,False,incorrect_declare_done,0.03816740377806127,4,3,0,0,0,0,0,0,1
1425,3451,access_vlan:SW1:eth1:20+access_vlan:SW2:eth1:20,22607,0.05,6.55,13,True,False,True,recovery_success,0.021985057813043777,13,4,8,0,2,2,1,0,0
1426,3452,access_vlan:SW1:eth2:10+access_vlan:SW2:eth2:10+trunk_remove:SW1:eth3:20,22613,0.05,8.25,6,True,False,True,recovery_success,0.04552346980199218,6,3,2,0,1,1,1,0,0
1427,3453,access_vlan:SW1:eth2:10+trunk_remove:SW1:eth3:10+trunk_remove:SW1:eth3:20,22619,0.05,8.75,6,True,False,True,recovery_success,0.043506710013995566,6,3,2,0,0,0,0,0,0
1428,3454,access_vlan:SW1:eth1:20+access_vlan:SW1:eth2:10+access_vlan:SW2:eth1:20+access_vlan:SW2:eth2:10+trunk_remove:SW2:eth3:10+trunk_remove:SW2:eth3:20,22649,0.05,-8.2,30,False,True,False,step_limit,0.02903669575850169,30,15,12,0,2,2,2,0,1
1429,3455,access_vlan:SW1:eth1:20+access_vlan:SW1:eth2:10+access_vlan:SW2:eth1:20+trunk_remove:SW1:eth3:20,22673,0.05,2.0000000000000018,24,True,False,True,recovery_success,0.022215850146797795,24,20,3,0,3,3,3,0,0
1430,3456,access_vlan:SW1:eth1:20+access_vlan:SW1:eth2:10+access_vlan:SW2:eth2:10+trunk_remove:SW1:eth3:10+trunk_remove:SW1:eth3:20+trunk_remove:SW2:eth3:20,22688,0.05,5.05,15,True,False,True,recovery_success,0.028552869490037363,15,12,2,0,2,2,2,0,0
1431,3457,access_vlan:SW1:eth2:10+access_vlan:SW2:eth1:20+trunk_remove:SW1:eth3:10+trunk_remove:SW1:eth3:20+trunk_remove:SW2:eth3:10+trunk_remove:SW2:eth3:20,22703,0.05,6.35,15,True,False,True,recovery_success,0.037220140422383946,15,8,4,0,0,0,0,0,0
1432,3458,access_vlan:SW1:eth2:10+access_vlan:SW2:eth1:20+access_vlan:SW2:eth2:10+trunk_remove:SW2:eth3:10,22725,0.05,3.500000000000001,22,True,False,True,recovery_success,0.03420683741569519,22,11,9,0,3,2,3,1,0
1433,3459,access_vlan:SW1:eth2:10+trunk_remove:SW1:eth3:20+trunk_remove:SW2:eth3:10,22734,0.05,7.5,9,True,False,True,recovery_success,0.019580905480931204,9,4,3,0,1,1,1,0,0
1434,3460,access_vlan:SW1:eth1:20+access_vlan:SW1:eth2:10+access_vlan:SW2:eth1:20+access_vlan:SW2:eth2:10+trunk_remove:SW1:eth3:20+trunk_remove:SW2:eth3:20,22738,0.05,9.2,4,True,False,True,recovery_success,0.010179204284213483,4,2,1,0,0,0,0,0,0
1435,3461,access_vlan:SW1:eth2:10+access_vlan:SW2:eth2:10+trunk_remove:SW1:eth3:20+trunk_remove:SW2:eth3:10+trunk_remove:SW2:eth3:20,22759,0.05,4.599999999999999,21,True,False,True,recovery_success,0.03209015192641389,21,9,11,0,2,2,2,0,0
1436,3462,access_vlan:SW1:eth1:20+access_vlan:SW1:eth2:10+trunk_remove:SW1:eth3:20+trunk_remove:SW2:eth3:20,22781,0.05,5.199999999999999,22,True,False,True,recovery_success,0.025251283903013576,22,4,17,0,2,2,2,0,0
1437,3463,access_vlan:SW1:eth1:20+access_vlan:SW2:eth2:10+trunk_remove:SW2:eth3:10,22789,0.05,7.6499999999999995,8,True,False,True,recovery_success,0.017573615536093712,8,5,2,0,1,1,1,0,0
1438,3464,access_vlan:SW2:eth2:10+trunk_remove:SW2:eth3:10,22793,0.05,9.2,4,True,False,True,recovery_success,0.03262073243968189,4,2,1,0,0,0,0,0,0
1439,3465,access_vlan:SW1:eth2:10+trunk_remove:SW1:eth3:20+trunk_remove:SW2:eth3:20,22800,0.05,7.799999999999999,7,True,False,True,recovery_success,0.02998886869422027,7,5,1,0,1,1,1,0,0
1440,3466,access_vlan:SW1:eth1:20+trunk_remove:SW1:eth3:10+trunk_remove:SW1:eth3:20+trunk_remove:SW2:eth3:10,22822,0.05,6.2,22,True,False,True,recovery_success,0.040385420095514164,22,4,17,0,0,0,0,0,0
1441,3467,access_vlan:SW1:eth1:20+access_vlan:SW1:eth2:10+access_vlan:SW2:eth1:20,22840,0.05,3.9499999999999984,18,True,False,True,recovery_success,0.032075103372335434,18,13,4,0,3,3,2,0,0
1442,3468,access_vlan:SW1:eth1:20+access_vlan:SW2:eth1:20+trunk_remove:SW1:eth3:10+trunk_remove:SW1:eth3:20+trunk_remove:SW2:eth3:20,22864,0.05,5.75,24,True,False,True,recovery_success,0.032274769231056176,24,5,18,0,0,0,0,0,0
1443,3469,access_vlan:SW1:eth1:20+access_vlan:SW2:eth1:20+access_vlan:SW2:eth2:10+trunk_remove:SW1:eth3:10,22888,0.05,2.6999999999999966,24,True,False,True,recovery_success,0.022089378267992288,24,11,11,0,4,4,3,0,0
1444,3470,access_vlan:SW1:eth2:10+access_vlan:SW2:eth1:20+trunk_remove:SW1:eth3:10+trunk_remove:SW2:eth3:10+trunk_remove:SW2:eth3:20,22911,0.05,5.3,23,True,False,True,recovery_success,0.026043040880366512,23,9,13,0,0,0,0,0,0
1445,3471,access_vlan:SW1:eth1:20+access_vlan:SW1:eth2:10+access_vlan:SW2:eth2:10+trunk_remove:SW1:eth3:10+trunk_remove:SW1:eth3:20,22930,0.05,4.5,19,True,False,True,recovery_success,0.028376549849972912,19,11,3,0,1,1,1,0,0
1446,3472,access_vlan:SW1:eth1:20+trunk_remove:SW1:eth3:20+trunk_remove:SW2:eth3:10+trunk_remove:SW2:eth3:20,22946,0.05,7.1,16,True,False,True,recovery_success,0.029188724409323186,16,4,11,0,0,0,0,0,0
1447,3473,access_vlan:SW1:eth2:10+access_vlan:SW2:eth2:10+trunk_remove:SW2:eth3:10,22962,0.05,4.049999999999999,16,True,False,True,recovery_success,0.015589997288770974,16,11,4,0,4,4,3,0,0
1448,3474,access_vlan:SW1:eth1:20+access_vlan:SW2:eth2:10+trunk_remove:SW1:eth3:10+trunk_remove:SW2:eth3:10+trunk_remove:SW2:eth3:20,22972,0.05,7.35,10,True,False,True,recovery_success,0.04830092201009393,10,5,4,0,1,1,1,0,0
1449,3475,access_vlan:SW1:eth1:20+access_vlan:SW1:eth2:10+access_vlan:SW2:eth2:10+trunk_remove:SW1:eth3:20+trunk_remove:SW2:eth3:10,22987,0.05,5.499999999999999,15,True,False,True,recovery_success,0.031132343194137015,15,9,5,0,2,2,2,0,0
1450,3476,access_vlan:SW1:eth1:20+access_vlan:SW1:eth2:10+access_vlan:SW2:eth1:20+trunk_remove:SW2:eth3:20,23017,0.05,-7.350000000000004,30,False,True,False,step_limit,0.03197961521024505,30,8,21,0,3,3,3,0,3
1451,3477,access_vlan:SW1:eth1:20+access_vlan:SW1:eth2:10+access_vlan:SW2:eth2:10+trunk_remove:SW1:eth3:10+trunk_remove:SW2:eth3:10,23029,0.05,6.550000000000001,12,True,False,True,recovery_success,0.022764063983534772,12,5,6,0,2,2,2,0,0
1452,3478,access_vlan:SW1:eth1:20+access_vlan:SW1:eth2:10+access_vlan:SW2:eth2:10+trunk_remove:SW1:eth3:10+trunk_remove:SW1:eth3:20,23045,0.05,5.85,16,True,False,True,recovery_success,0.02375019498867914,16,9,6,0,1,1,1,0,0
1453,3479,access_vlan:SW1:eth1:20+access_vlan:SW2:eth2:10+trunk_remove:SW1:eth3:20+trunk_remove:SW2:eth3:10,23075,0.05,-5.250000000000002,30,False,True,False,step_limit,0.026173675743242104,30,5,25,0,0,0,0,0,1
1454,3480,access_vlan:SW1:eth1:20+access_vlan:SW1:eth2:10+access_vlan:SW2:eth1:20+access_vlan:SW2:eth2:10+trunk_remove:SW1:eth3:20+trunk_remove:SW2:eth3:20,23083,0.05,7.299999999999999,8,True,False,True,recovery_success,0.03533677011728287,8,3,3,0,2,2,1,0,0
1455,3481,access_vlan:SW2:eth2:10+trunk_remove:SW1:eth3:10+trunk_remove:SW2:eth3:20,23113,0.05,-7.700000000000005,30,False,True,False,step_limit,0.02858544231082002,30,8,22,0,4,4,2,0,1
1456,3482,access_vlan:SW1:eth1:20+access_vlan:SW2:eth1:20+access_vlan:SW2:eth2:10+trunk_remove:SW2:eth3:20,23129,0.05,6.6,16,True,False,True,recovery_success,0.02403485364629887,16,4,11,0,1,1,1,0,0
1457,3483,access_vlan:SW1:eth2:10+trunk_remove:SW1:eth3:10+trunk_remove:SW1:eth3:20+trunk_remove:SW2:eth3:20,23143,0.05,7.3999999999999995,14,True,False,True,recovery_success,0.025973818131855557,14,4,9,0,0,0,0,0,0
1458,3484,access_vlan:SW2:eth1:20+access_vlan:SW2:eth2:10+trunk_remove:SW2:eth3:20,23161,0.05,6.45,18,True,False,True,recovery_success,0.026452146315326292,18,3,14,0,1,1,1,0,0
1459,3485,access_vlan:SW1:eth1:20+trunk_remove:SW1:eth3:10+trunk_remove:SW2:eth3:10,23177,0.05,5.149999999999999,16,True,False,True,recovery_success,0.013937557232566178,16,6,8,0,3,3,2,0,0
1460,3486,access_vlan:SW1:eth1:20+access_vlan:SW1:eth2:10+access_vlan:SW2:eth1:20+access_vlan:SW2:eth2:10+trunk_remove:SW2:eth3:10,23179,0.05,9.649999999999999,2,True,False,True,recovery_success,0.04939398914575577,2,1,0,0,0,0,0,0,0
1461,3487,access_vlan:SW1:eth1:20+access_vlan:SW1:eth2:10+access_vlan:SW2:eth1:20+trunk_remove:SW2:eth3:20,23206,0.05,-15.200000000000003,27,True,False,False,incorrect_declare_done,0.021713655390259292,27,5,21,0,1,1,1,0,1
1462,3488,access_vlan:SW1:eth1:20+trunk_remove:SW1:eth3:10,23212,0.05,-10.950000000000001,6,True,False,False,incorrect_declare_done,0.025847596892466147,6,1,4,0,0,0,0,0,3
1463,3489,access_vlan:SW1:eth1:20+access_vlan:SW2:eth1:20+access_vlan:SW2:eth2:10+trunk_remove:SW1:eth3:20+trunk_remove:SW2:eth3:10+trunk_remove:SW2:eth3:20,23242,0.05,-6.200000000000002,30,False,True,False,step_limit,0.02708973806972305,30,8,22,0,1,1,1,0,1
1464,3490,access_vlan:SW1:eth1:20+trunk_remove:SW1:eth3:10+trunk_remove:SW1:eth3:20+trunk_remove:SW2:eth3:10+trunk_remove:SW2:eth3:20,23264,0.05,5.75,22,True,False,True,recovery_success,0.013487786837768826,22,6,14,0,0,0,0,0,0
1465,3491,access_vlan:SW1:eth2:10+access_vlan:SW2:eth1:20+trunk_remove:SW2:eth3:10,23270,0.05,8.25,6,True,False,True,recovery_success,0.04410028954346975,6,3,2,0,1,1,1,0,0
1466,3492,access_vlan:SW1:eth1:20+access_vlan:SW1:eth2:10+access_vlan:SW2:eth1:20+trunk_remove:SW2:eth3:10,23276,0.05,-11.55,6,True,False,False,incorrect_declare_done,0.057435889883587755,6,3,0,0,0,0,0,0,3
1467,3493,access_vlan:SW1:eth1:20+trunk_remove:SW1:eth3:10+trunk_remove:SW1:eth3:20,23289,0.05,7.3999999999999995,13,True,False,True,recovery_success,0.02443470383206239,13,4,7,0,0,0,0,0,0
1468,3494,access_vlan:SW1:eth2:10+access_vlan:SW2:eth2:10+trunk_remove:SW1:eth3:10+trunk_remove:SW2:eth3:10,23302,0.05,7.55,13,True,False,True,recovery_success,0.043049589659159,13,4,8,0,0,0,0,0,0
1469,3495,access_vlan:SW1:eth2:10+trunk_remove:SW1:eth3:10+trunk_remove:SW1:eth3:20+trunk_remove:SW2:eth3:10+trunk_remove:SW2:eth3:20,23311,0.05,7.999999999999999,9,True,False,True,recovery_success,0.047588691115379333,9,5,3,0,0,0,0,0,0
1470,3496,access_vlan:SW1:eth1:20+access_vlan:SW2:eth1:20+access_vlan:SW2:eth2:10+trunk_remove:SW1:eth3:10+trunk_remove:SW2:eth3:20,23327,0.05,3.950000000000001,16,True,False,True,recovery_success,0.033839507203083485,16,13,0,0,3,3,3,0,0
1471,3497,access_vlan:SW1:eth1:20+access_vlan:SW1:eth2:10+access_vlan:SW2:eth1:20,23346,0.05,5.3,19,True,False,True,recovery_success,0.029027222361611694,19,3,15,0,3,3,2,0,0
1472,3498,access_vlan:SW1:eth2:10+access_vlan:SW2:eth2:10+trunk_remove:SW2:eth3:10+trunk_remove:SW2:eth3:20,23352,0.05,8.6,6,True,False,True,recovery_success,0.021072505197177332,6,4,1,0,0,0,0,0,0
1473,3499,access_vlan:SW1:eth1:20+access_vlan:SW2:eth2:10+trunk_remove:SW1:eth3:20+trunk_remove:SW2:eth3:10,23382,0.05,-5.400000000000001,30,False,True,False,step_limit,0.024565277931590874,30,6,24,0,0,0,0,0,0
1474,3500,access_vlan:SW1:eth2:10+access_vlan:SW2:eth1:20+access_vlan:SW2:eth2:10+trunk_remove:SW1:eth3:20+trunk_remove:SW2:eth3:20,23412,0.05,-4.800000000000001,30,False,True,False,step_limit,0.02120809449503819,30,2,28,0,0,0,0,0,3
1475,3501,access_vlan:SW2:eth2:10+trunk_remove:SW1:eth3:10+trunk_remove:SW2:eth3:10+trunk_remove:SW2:eth3:20,23439,0.05,4.149999999999999,27,True,False,True,recovery_success,0.03729492063737578,27,6,20,0,2,2,1,0,0
1476,3502,access_vlan:SW2:eth1:20+access_vlan:SW2:eth2:10+trunk_remove:SW1:eth3:20+trunk_remove:SW2:eth3:10+trunk_remove:SW2:eth3:20,23451,0.05,7.05,12,True,False,True,recovery_success,0.029545913993691404,12,5,6,0,1,1,1,0,0
1477,3503,access_vlan:SW1:eth2:10+trunk_remove:SW1:eth3:20,23457,0.05,8.899999999999999,6,True,False,True,recovery_success,0.018441593274474144,6,2,3,0,0,0,0,0,0
1478,3504,access_vlan:SW1:eth1:20+access_vlan:SW2:eth2:10+trunk_remove:SW1:eth3:10+trunk_remove:SW1:eth3:20+trunk_remove:SW2:eth3:10,23475,0.05,5.05,18,True,False,True,recovery_success,0.021767969424318936,18,9,8,0,2,2,2,0,0
1479,3505,access_vlan:SW1:eth1:20+access_vlan:SW1:eth2:10+access_vlan:SW2:eth2:10+trunk_remove:SW1:eth3:10,23505,0.05,-5.900000000000001,30,False,True,False,step_limit,0.020049530329803625,30,6,24,0,1,1,1,0,0
1480,3506,access_vlan:SW1:eth1:20+access_vlan:SW2:eth1:20+access_vlan:SW2:eth2:10+trunk_remove:SW1:eth3:20+trunk_remove:SW2:eth3:10+trunk_remove:SW2:eth3:20,23528,0.05,5.250000000000001,23,True,False,True,recovery_success,0.028460118636164978,23,5,16,0,1,1,1,0,0
1481,3507,access_vlan:SW1:eth1:20+trunk_remove:SW1:eth3:10,23540,0.05,8.0,12,True,False,True,recovery_success,0.028073681169189513,12,2,9,0,0,0,0,0,0
1482,3508,access_vlan:SW1:eth1:20+access_vlan:SW2:eth1:20+trunk_remove:SW1:eth3:10+trunk_remove:SW1:eth3:20+trunk_remove:SW2:eth3:10,23564,0.05,4.95,24,True,False,True,recovery_success,0.02554103988222778,24,7,16,0,1,1,1,1,0
1483,3509,access_vlan:SW1:eth1:20+access_vlan:SW1:eth2:10+access_vlan:SW2:eth1:20+access_vlan:SW2:eth2:10+trunk_remove:SW2:eth3:20,23581,0.05,4.0,17,True,False,True,recovery_success,0.0157899398027974,17,7,9,0,5,5,3,0,0
1484,3510,access_vlan:SW1:eth1:20+access_vlan:SW2:eth1:20+access_vlan:SW2:eth2:10+trunk_remove:SW1:eth3:20,23611,0.05,-6.750000000000001,30,False,True,False,step_limit,0.024272709681342045,30,5,25,0,3,2,3,0,3
1485,3511,access_vlan:SW1:eth1:20+access_vlan:SW1:eth2:10+trunk_remove:SW1:eth3:10+trunk_remove:SW1:eth3:20+trunk_remove:SW2:eth3:20,23631,0.05,5.249999999999998,20,True,False,True,recovery_success,0.027446106495335697,20,9,10,0,1,1,1,0,0
1486,3512,access_vlan:SW1:eth1:20+access_vlan:SW1:eth2:10+access_vlan:SW2:eth1:20+trunk_remove:SW2:eth3:10,23651,0.05,3.1999999999999993,20,True,False,True,recovery_success,0.024736304697580636,20,6,13,0,6,4,4,0,0
1487,3513,access_vlan:SW1:eth2:10+access_vlan:SW2:eth1:20+trunk_remove:SW1:eth3:10+trunk_remove:SW1:eth3:20,23661,0.05,7.999999999999999,10,True,False,True,recovery_success,0.022411208413541318,10,4,5,0,0,0,0,0,0
1488,3514,access_vlan:SW1:eth2:10+trunk_remove:SW1:eth3:20+trunk_remove:SW2:eth3:10,23671,0.05,8.149999999999999,10,True,False,True,recovery_success,0.025678593199700117,10,3,6,0,0,0,0,0,0
1489,3515,access_vlan:SW1:eth1:20+access_vlan:SW1:eth2:10+access_vlan:SW2:eth1:20+access_vlan:SW2:eth2:10+trunk_remove:SW1:eth3:20+trunk_remove:SW2:eth3:10,23693,0.05,5.2,22,True,False,True,recovery_success,0.02685040853578936,22,3,17,0,2,2,1,0,0
1490,3516,access_vlan:SW1:eth2:10+access_vlan:SW2:eth1:20+access_vlan:SW2:eth2:10+trunk_remove:SW1:eth3:20+trunk_remove:SW2:eth3:10,23704,0.05,6.4,11,True,False,True,recovery_success,0.02015423554588448,11,6,3,0,2,1,2,0,0
1491,3517,access_vlan:SW1:eth1:20+access_vlan:SW1:eth2:10+access_vlan:SW2:eth1:20+trunk_remove:SW2:eth3:10+trunk_remove:SW2:eth3:20,23728,0.05,5.75,24,True,False,True,recovery_success,0.01882793162561332,24,5,18,0,0,0,0,0,0
1492,3518,access_vlan:SW1:eth1:20+access_vlan:SW1:eth2:10+access_vlan:SW2:eth1:20+access_vlan:SW2:eth2:10+trunk_remove:SW2:eth3:10,23730,0.05,9.649999999999999,2,True,False,True,recovery_success,0.014832175802439451,2,1,0,0,0,0,0,0,0
1493,3519,access_vlan:SW1:eth1:20+access_vlan:SW1:eth2:10+access_vlan:SW2:eth1:20+access_vlan:SW2:eth2:10,23731,0.05,9.95,1,True,False,True,recovery_success,0.02587447687983513,1,0,0,0,0,0,0,0,0
1494,3520,access_vlan:SW1:eth2:10+access_vlan:SW2:eth2:10+trunk_remove:SW1:eth3:20+trunk_remove:SW2:eth3:10+trunk_remove:SW2:eth3:20,23740,0.05,7.999999999999999,9,True,False,True,recovery_success,0.030858070486121707,9,5,3,0,0,0,0,0,0
1495,3521,access_vlan:SW1:eth1:20+access_vlan:SW2:eth2:10+trunk_remove:SW1:eth3:10+trunk_remove:SW2:eth3:10+trunk_remove:SW2:eth3:20,23758,0.05,6.65,18,True,False,True,recovery_success,0.015972699142164655,18,5,12,0,0,0,0,0,0
1496,3522,access_vlan:SW1:eth1:20+access_vlan:SW1:eth2:10+access_vlan:SW2:eth1:20+access_vlan:SW2:eth2:10+trunk_remove:SW1:eth3:10,23760,0.05,9.649999999999999,2,True,False,True,recovery_success,0.015717196511104703,2,1,0,0,0,0,0,0,0
1497,3523,access_vlan:SW1:eth1:20+access_vlan:SW2:eth1:20+trunk_remove:SW1:eth3:10+trunk_remove:SW1:eth3:20,23790,0.05,-6.0,30,False,True,False,step_limit,0.018975318145627775,30,8,20,0,0,0,0,0,3
1498,3524,access_vlan:SW1:eth1:20+access_vlan:SW2:eth1:20+trunk_remove:SW1:eth3:10+trunk_remove:SW1:eth3:20,23805,0.05,4.95,15,True,False,True,recovery_success,0.019906723406165838,15,6,8,0,4,4,2,0,0
1499,3525,access_vlan:SW1:eth2:10+access_vlan:SW2:eth1:20+access_vlan:SW2:eth2:10+trunk_remove:SW1:eth3:10+trunk_remove:SW2:eth3:10+trunk_remove:SW2:eth3:20,23827,0.05,5.099999999999998,22,True,False,True,recovery_success,0.016455665167251773,22,8,13,0,1,1,1,0,0
1500,3526,access_vlan:SW1:eth1:20+trunk_remove:SW1:eth3:10+trunk_remove:SW1:eth3:20+trunk_remove:SW2:eth3:20,23840,0.05,7.549999999999999,13,True,False,True,recovery_success,0.01840414798173767,13,4,8,0,0,0,0,0,0
1501,3527,access_vlan:SW1:eth1:20+access_vlan:SW1:eth2:10+access_vlan:SW2:eth1:20+trunk_remove:SW1:eth3:10+trunk_remove:SW2:eth3:20,23870,0.05,-4.950000000000001,30,False,True,False,step_limit,0.016780258622020483,30,3,27,0,0,0,0,0,1
1502,3528,access_vlan:SW1:eth2:10+trunk_remove:SW1:eth3:10+trunk_remove:SW2:eth3:20,23880,0.05,6.35,10,True,False,True,recovery_success,0.021101266238838436,10,5,4,0,3,3,1,1,0
1503,3529,trunk_remove:SW1:eth3:10,23890,0.05,7.6499999999999995,10,True,False,True,recovery_success,0.0167939695995301,10,3,6,0,1,1,1,1,0
1504,3530,access_vlan:SW1:eth2:10+access_vlan:SW2:eth1:20+trunk_remove:SW1:eth3:10+trunk_remove:SW2:eth3:20,23902,0.05,6.3999999999999995,12,True,False,True,recovery_success,0.026552361824239295,12,6,5,0,2,2,1,0,0
1505,3531,access_vlan:SW1:eth1:20+access_vlan:SW1:eth2:10+access_vlan:SW2:eth1:20+trunk_remove:SW1:eth3:10+trunk_remove:SW2:eth3:20,23932,0.05,-11.250000000000005,30,False,True,False,step_limit,0.02022922891192138,30,10,15,0,9,4,7,0,4
1506,3532,access_vlan:SW1:eth2:10+access_vlan:SW2:eth2:10+trunk_remove:SW1:eth3:10+trunk_remove:SW1:eth3:20,23956,0.05,5.6000000000000005,24,True,False,True,recovery_success,0.013692007128459712,24,6,17,0,0,0,0,0,0
1507,3533,access_vlan:SW1:eth1:20+trunk_remove:SW1:eth3:10+trunk_remove:SW1:eth3:20+trunk_remove:SW2:eth3:20,23969,0.05,7.549999999999999,13,True,False,True,recovery_success,0.019020193435538273,13,4,8,0,0,0,0,0,0
1508,3534,access_vlan:SW1:eth1:20+trunk_remove:SW1:eth3:10+trunk_remove:SW1:eth3:20+trunk_remove:SW2:eth3:10+trunk_remove:SW2:eth3:20,23983,0.05,7.249999999999999,14,True,False,True,recovery_success,0.014867999723979406,14,5,8,0,0,0,0,0,0
1509,3535,access_vlan:SW1:eth1:20+access_vlan:SW2:eth2:10+trunk_remove:SW1:eth3:10+trunk_remove:SW1:eth3:20,23992,0.05,8.149999999999999,9,True,False,True,recovery_success,0.018580501899123192,9,4,4,0,0,0,0,0,0
1510,3536,access_vlan:SW2:eth1:20+access_vlan:SW2:eth2:10+trunk_remove:SW2:eth3:20,23997,0.05,8.399999999999999,5,True,False,True,recovery_success,0.02676580809056759,5,3,1,0,1,1,1,0,0
1511,3537,access_vlan:SW1:eth1:20+access_vlan:SW1:eth2:10+trunk_remove:SW1:eth3:10+trunk_remove:SW1:eth3:20+trunk_remove:SW2:eth3:20,24009,0.05,6.75,12,True,False,True,recovery_success,0.03350849775597453,12,7,4,0,1,1,1,0,0
1512,3538,access_vlan:SW1:eth1:20+access_vlan:SW2:eth1:20+access_vlan:SW2:eth2:10+trunk_remove:SW1:eth3:20+trunk_remove:SW2:eth3:10,24030,0.05,5.3999999999999995,21,True,False,True,recovery_success,0.02454142862310012,21,6,13,0,1,1,1,0,0
1513,3539,access_vlan:SW1:eth1:20+access_vlan:SW2:eth2:10+trunk_remove:SW1:eth3:20+trunk_remove:SW2:eth3:10,24044,0.05,6.6,14,True,False,True,recovery_success,0.021049801792417253,14,6,7,0,1,1,1,0,0
1514,3540,access_vlan:SW1:eth1:20+access_vlan:SW2:eth1:20+trunk_remove:SW1:eth3:20+trunk_remove:SW2:eth3:20,24052,0.05,8.299999999999999,8,True,False,True,recovery_success,0.017278821382205933,8,4,3,0,0,0,0,0,0
1515,3541,access_vlan:SW1:eth2:10+access_vlan:SW2:eth1:20+access_vlan:SW2:eth2:10+trunk_remove:SW1:eth3:10+trunk_remove:SW1:eth3:20+trunk_remove:SW2:eth3:10,24061,0.05,7.35,9,True,False,True,recovery_success,0.024367957065502804,9,6,2,0,1,1,1,0,0
1516,3542,access_vlan:SW1:eth1:20+access_vlan:SW2:eth1:20,24074,0.05,6.75,13,True,False,True,recovery_success,0.027507173398939464,13,6,6,0,1,1,1,0,0
1517,3543,trunk_remove:SW1:eth3:10+trunk_remove:SW2:eth3:10,24078,0.05,9.2,4,True,False,True,recovery_success,0.021769053768366575,4,2,1,0,0,0,0,0,0
1518,3544,access_vlan:SW2:eth1:20+access_vlan:SW2:eth2:10+trunk_remove:SW1:eth3:20,24083,0.05,7.899999999999999,5,True,False,True,recovery_success,0.03695246428251266,5,3,1,0,2,2,2,0,0
1519,3545,access_vlan:SW1:eth2:10+trunk_remove:SW1:eth3:10+trunk_remove:SW2:eth3:10,24088,0.05,8.899999999999999,5,True,False,True,recovery_success,0.02198350802063942,5,3,1,0,0,0,0,0,0
1520,3546,access_vlan:SW1:eth1:20+trunk_remove:SW1:eth3:10+trunk_remove:SW2:eth3:10,24093,0.05,8.899999999999999,5,True,False,True,recovery_success,0.026901312172412872,5,3,1,0,0,0,0,0,0
1521,3547,access_vlan:SW2:eth1:20+trunk_remove:SW1:eth3:10+trunk_remove:SW1:eth3:20+trunk_remove:SW2:eth3:20,24103,0.05,7.999999999999999,10,True,False,True,recovery_success,0.016481498116627337,10,4,5,0,0,0,0,0,0
1522,3548,access_vlan:SW1:eth1:20+access_vlan:SW2:eth2:10+trunk_remove:SW1:eth3:20+trunk_remove:SW2:eth3:10+trunk_remove:SW2:eth3:20,24122,0.05,6.5,19,True,False,True,recovery_success,0.03265718542235462,19,5,13,0,0,0,0,0,0
1523,3549,access_vlan:SW1:eth1:20+trunk_remove:SW1:eth3:10+trunk_remove:SW2:eth3:10+trunk_remove:SW2:eth3:20,24133,0.05,7.85,11,True,False,True,recovery_success,0.02542852754281326,11,4,6,0,0,0,0,0,0
1524,3550,access_vlan:SW2:eth1:20+access_vlan:SW2:eth2:10+trunk_remove:SW1:eth3:20+trunk_remove:SW2:eth3:10,24151,0.05,6.0,18,True,False,True,recovery_success,0.020774981679601803,18,6,11,0,1,1,1,0,0
1525,3551,access_vlan:SW1:eth1:20+access_vlan:SW2:eth2:10+trunk_remove:SW1:eth3:10,24163,0.05,7.849999999999999,12,True,False,True,recovery_success,0.015521479809346298,12,3,8,0,0,0,0,0,0
1526,3552,access_vlan:SW1:eth2:10+access_vlan:SW2:eth2:10+trunk_remove:SW1:eth3:20+trunk_remove:SW2:eth3:10,24172,0.05,7.35,9,True,False,True,recovery_success,0.015677474646104708,9,6,2,0,1,1,1,0,0
1527,3553,access_vlan:SW1:eth1:20+access_vlan:SW1:eth2:10+access_vlan:SW2:eth1:20+access_vlan:SW2:eth2:10+trunk_remove:SW2:eth3:20,24175,0.05,-10.350000000000001,3,True,False,False,incorrect_declare_done,0.010776650781432787,3,0,2,0,0,0,0,0,1
1528,3554,access_vlan:SW1:eth2:10+access_vlan:SW2:eth1:20+access_vlan:SW2:eth2:10,24203,0.05,3.950000000000001,28,True,False,True,recovery_success,0.018051742842154845,28,3,24,0,3,3,2,0,0
1529,3555,access_vlan:SW1:eth1:20+access_vlan:SW2:eth2:10+trunk_remove:SW1:eth3:10+trunk_remove:SW2:eth3:20,24215,0.05,7.699999999999999,12,True,False,True,recovery_success,0.014034712027447918,12,4,7,0,0,0,0,0,0
1530,3556,access_vlan:SW1:eth1:20+access_vlan:SW2:eth1:20,24223,0.05,8.1,8,True,False,True,recovery_success,0.013975806126836687,8,2,5,0,1,1,1,0,0
1531,3557,access_vlan:SW1:eth1:20+access_vlan:SW1:eth2:10+access_vlan:SW2:eth2:10+trunk_remove:SW1:eth3:10+trunk_remove:SW2:eth3:20,24253,0.05,-6.950000000000001,30,False,True,False,step_limit,0.0167768235784024,30,8,17,0,1,1,1,0,4
1532,3558,access_vlan:SW2:eth1:20+trunk_remove:SW2:eth3:10,24257,0.05,9.2,4,True,False,True,recovery_success,0.012373329838737845,4,2,1,0,0,0,0,0,0
1533,3559,access_vlan:SW2:eth2:10+trunk_remove:SW2:eth3:10,24261,0.05,9.2,4,True,False,True,recovery_success,0.015397958224639297,4,2,1,0,0,0,0,0,0
1534,3560,trunk_remove:SW1:eth3:20+trunk_remove:SW2:eth3:10,24265,0.05,9.2,4,True,False,True,recovery_success,0.011981158284470439,4,2,1,0,0,0,0,0,0
1535,3561,access_vlan:SW1:eth2:10+trunk_remove:SW1:eth3:10+trunk_remove:SW2:eth3:10,24270,0.05,8.899999999999999,5,True,False,True,recovery_success,0.013200865406543017,5,3,1,0,0,0,0,0,0
1536,3562,access_vlan:SW1:eth1:20+trunk_remove:SW1:eth3:20+trunk_remove:SW2:eth3:10+trunk_remove:SW2:eth3:20,24285,0.05,7.25,15,True,False,True,recovery_success,0.013038611287871997,15,4,10,0,0,0,0,0,0
1537,3563,trunk_remove:SW2:eth3:10+trunk_remove:SW2:eth3:20,24296,0.05,7.35,11,True,False,True,recovery_success,0.015069268643856049,11,4,6,0,1,1,1,0,0
1538,3564,access_vlan:SW1:eth2:10+trunk_remove:SW1:eth3:20+trunk_remove:SW2:eth3:10+trunk_remove:SW2:eth3:20,24302,0.05,8.6,6,True,False,True,recovery_success,0.019944620706761878,6,4,1,0,0,0,0,0,0
1539,3565,access_vlan:SW1:eth1:20+access_vlan:SW2:eth1:20+trunk_remove:SW1:eth3:10+trunk_remove:SW1:eth3:20+trunk_remove:SW2:eth3:20,24316,0.05,7.25,14,True,False,True,recovery_success,0.018709330753024136,14,5,8,0,0,0,0,0,0
1540,3566,access_vlan:SW1:eth1:20+access_vlan:SW2:eth1:20+access_vlan:SW2:eth2:10+trunk_remove:SW2:eth3:20,24324,0.05,7.799999999999999,8,True,False,True,recovery_success,0.01288070244481787,8,4,3,0,1,1,1,0,0
1541,3567,access_vlan:SW1:eth2:10+access_vlan:SW2:eth1:20+access_vlan:SW2:eth2:10+trunk_remove:SW1:eth3:20+trunk_remove:SW2:eth3:20,24354,0.05,-4.5,30,False,True,False,step_limit,0.013211167541642983,30,0,30,0,0,0,0,0,3
1542,3568,access_vlan:SW1:eth1:20+access_vlan:SW1:eth2:10+access_vlan:SW2:eth1:20+trunk_remove:SW1:eth3:10+trunk_remove:SW1:eth3:20,24384,0.05,-4.800000000000001,30,False,True,False,step_limit,0.011527824758862456,30,2,28,0,0,0,0,0,1
1543,3569,access_vlan:SW1:eth2:10+access_vlan:SW2:eth1:20+access_vlan:SW2:eth2:10+trunk_remove:SW1:eth3:10+trunk_remove:SW2:eth3:10,24391,0.05,7.799999999999999,7,True,False,True,recovery_success,0.009018134458788804,7,5,1,0,1,1,1,0,0
1544,3570,access_vlan:SW2:eth2:10+trunk_remove:SW2:eth3:10,24398,0.05,7.949999999999999,7,True,False,True,recovery_success,0.011308930481651,7,4,2,0,1,1,1,0,0
1545,3571,access_vlan:SW1:eth2:10+access_vlan:SW2:eth1:20+trunk_remove:SW1:eth3:10+trunk_remove:SW2:eth3:10,24404,0.05,8.6,6,True,False,True,recovery_success,0.01155579804132382,6,4,1,0,0,0,0,0,0
1546,3572,access_vlan:SW2:eth1:20+access_vlan:SW2:eth2:10+trunk_remove:SW1:eth3:20,24412,0.05,6.149999999999999,8,True,False,True,recovery_success,0.021115892683155835,8,5,2,0,4,4,2,1,0
1547,3573,access_vlan:SW1:eth1:20+access_vlan:SW1:eth2:10+trunk_remove:SW1:eth3:10+trunk_remove:SW2:eth3:20,24425,0.05,-12.8,13,True,False,False,incorrect_declare_done,0.010301450715185357,13,3,9,0,1,1,1,0,3
1548,3574,access_vlan:SW1:eth1:20+access_vlan:SW1:eth2:10+access_vlan:SW2:eth2:10+trunk_remove:SW1:eth3:20,24455,0.05,-5.800000000000003,30,False,True,False,step_limit,0.009286354940074185,30,1,28,0,2,2,2,0,3
1549,3575,access_vlan:SW1:eth1:20,24460,0.05,9.2,5,True,False,True,recovery_success,0.009463446214795113,5,1,3,0,0,0,0,0,0
1550,3576,access_vlan:SW2:eth2:10+trunk_remove:SW1:eth3:20,24464,0.05,9.2,4,True,False,True,recovery_success,0.006506444071419537,4,2,1,0,0,0,0,0,0
1551,3577,access_vlan:SW1:eth2:10+trunk_remove:SW2:eth3:10,24468,0.05,9.2,4,True,False,True,recovery_success,0.012361683417111635,4,2,1,0,0,0,0,0,0
1552,3578,access_vlan:SW1:eth2:10+access_vlan:SW2:eth2:10+trunk_remove:SW1:eth3:10+trunk_remove:SW1:eth3:20+trunk_remove:SW2:eth3:10+trunk_remove:SW2:eth3:20,24470,0.05,-10.200000000000001,2,True,False,False,incorrect_declare_done,0.009686875157058239,2,0,1,0,0,0,0,0,4
1553,3579,access_vlan:SW1:eth1:20+access_vlan:SW2:eth1:20+access_vlan:SW2:eth2:10+trunk_remove:SW2:eth3:10,24481,0.05,-11.700000000000001,11,True,False,False,incorrect_declare_done,0.01622189141132615,11,1,9,0,0,0,0,0,3
1554,3580,access_vlan:SW1:eth2:10+access_vlan:SW2:eth2:10+trunk_remove:SW1:eth3:10+trunk_remove:SW1:eth3:20+trunk_remove:SW2:eth3:20,24490,0.05,7.999999999999999,9,True,False,True,recovery_success,0.014150591153237555,9,5,3,0,0,0,0,0,0
1555,3581,access_vlan:SW1:eth1:20+access_vlan:SW2:eth1:20+trunk_remove:SW1:eth3:20,24501,0.05,7.999999999999999,11,True,False,True,recovery_success,0.012636159123344854,11,3,7,0,0,0,0,0,0
1556,3582,access_vlan:SW1:eth2:10+trunk_remove:SW1:eth3:20+trunk_remove:SW2:eth3:10+trunk_remove:SW2:eth3:20,24513,0.05,7.7,12,True,False,True,recovery_success,0.027428664732724428,12,4,7,0,0,0,0,0,0
1557,3583,access_vlan:SW1:eth2:10+access_vlan:SW2:eth1:20+access_vlan:SW2:eth2:10+trunk_remove:SW1:eth3:10+trunk_remove:SW2:eth3:10,24522,0.05,5.199999999999999,9,True,False,True,recovery_success,0.027351417992677953,9,7,1,0,5,4,4,0,0
1558,3584,access_vlan:SW1:eth2:10+access_vlan:SW2:eth1:20+trunk_remove:SW1:eth3:10+trunk_remove:SW1:eth3:20,24530,0.05,7.799999999999999,8,True,False,True,recovery_success,0.03366806358098984,8,4,3,0,1,1,1,0,0
1559,3585,access_vlan:SW2:eth2:10+trunk_remove:SW2:eth3:10,24534,0.05,9.2,4,True,False,True,recovery_success,0.01895618438720703,4,2,1,0,0,0,0,0,0
1560,3586,access_vlan:SW1:eth2:10+access_vlan:SW2:eth1:20+trunk_remove:SW1:eth3:10+trunk_remove:SW1:eth3:20+trunk_remove:SW2:eth3:10,24542,0.05,8.149999999999999,8,True,False,True,recovery_success,0.022133573540486395,8,5,2,0,0,0,0,0,0
1561,3587,trunk_remove:SW1:eth3:10+trunk_remove:SW2:eth3:10,24546,0.05,9.2,4,True,False,True,recovery_success,0.026938633993268013,4,2,1,0,0,0,0,0,0
1562,3588,access_vlan:SW1:eth2:10+access_vlan:SW2:eth1:20+access_vlan:SW2:eth2:10,24548,0.05,-10.200000000000001,2,True,False,False,incorrect_declare_done,0.032229527831077576,2,0,1,0,0,0,0,0,3
1563,3589,access_vlan:SW1:eth1:20+access_vlan:SW1:eth2:10+access_vlan:SW2:eth2:10+trunk_remove:SW1:eth3:20+trunk_remove:SW2:eth3:20,24578,0.05,-4.5,30,False,True,False,step_limit,0.018844593844066063,30,0,30,0,0,0,0,0,3
1564,3590,access_vlan:SW2:eth1:20+trunk_remove:SW1:eth3:10+trunk_remove:SW1:eth3:20+trunk_remove:SW2:eth3:10,24587,0.05,7.35,9,True,False,True,recovery_success,0.020239538927045133,9,6,2,0,1,1,1,1,0
1565,3591,access_vlan:SW1:eth1:20+access_vlan:SW2:eth1:20+access_vlan:SW2:eth2:10+trunk_remove:SW2:eth3:10,24600,0.05,5.6499999999999995,13,True,False,True,recovery_success,0.017160922432175048,13,10,2,0,2,2,2,0,0
1566,3592,access_vlan:SW1:eth1:20+access_vlan:SW2:eth1:20+trunk_remove:SW1:eth3:10+trunk_remove:SW1:eth3:20+trunk_remove:SW2:eth3:10,24606,0.05,8.45,6,True,False,True,recovery_success,0.013365600335722169,6,5,0,0,0,0,0,0,0
1567,3593,access_vlan:SW1:eth1:20+trunk_remove:SW1:eth3:20+trunk_remove:SW2:eth3:20,24610,0.05,9.049999999999999,4,True,False,True,recovery_success,0.014599221060052514,4,3,0,0,0,0,0,0,0
1568,3594,trunk_remove:SW2:eth3:10+trunk_remove:SW2:eth3:20,24616,0.05,8.899999999999999,6,True,False,True,recovery_success,0.023141253118713696,6,2,3,0,0,0,0,0,0
1569,3595,access_vlan:SW2:eth1:20+trunk_remove:SW2:eth3:20,24620,0.05,9.2,4,True,False,True,recovery_success,0.021195077686570585,4,2,1,0,0,0,0,0,0
1570,3596,access_vlan:SW1:eth1:20+access_vlan:SW2:eth1:20+access_vlan:SW2:eth2:10+trunk_remove:SW2:eth3:20,24650,0.05,-4.800000000000001,30,False,True,False,step_limit,0.017623775886992613,30,2,28,0,0,0,0,0,1
1571,3597,access_vlan:SW2:eth1:20+access_vlan:SW2:eth2:10+trunk_remove:SW1:eth3:20,24655,0.05,8.399999999999999,5,True,False,True,recovery_success,0.01239600870758295,5,3,1,0,1,1,1,0,0
1572,3598,access_vlan:SW1:eth1:20+access_vlan:SW2:eth1:20+trunk_remove:SW1:eth3:20,24658,0.05,-10.65,3,True,False,False,incorrect_declare_done,0.010370329643289248,3,2,0,0,0,0,0,0,1
1573,3599,access_vlan:SW1:eth2:10+access_vlan:SW2:eth2:10+trunk_remove:SW2:eth3:10+trunk_remove:SW2:eth3:20,24664,0.05,8.6,6,True,False,True,recovery_success,0.02306460790957014,6,4,1,0,0,0,0,0,0
1574,3600,access_vlan:SW2:eth1:20+access_vlan:SW2:eth2:10+trunk_remove:SW1:eth3:10+trunk_remove:SW2:eth3:10,24669,0.05,-11.600000000000001,5,True,False,False,incorrect_declare_done,0.021955000795423986,5,3,1,0,1,1,1,0,1
1575,3601,access_vlan:SW2:eth2:10+trunk_remove:SW2:eth3:10,24676,0.05,8.75,7,True,False,True,recovery_success,0.01710490576390709,7,2,4,0,0,0,0,0,0
1576,3602,access_vlan:SW1:eth1:20+access_vlan:SW1:eth2:10+access_vlan:SW2:eth2:10+trunk_remove:SW1:eth3:20+trunk_remove:SW2:eth3:10,24683,0.05,6.799999999999999,7,True,False,True,recovery_success,0.018761775589415004,7,5,1,0,3,3,3,0,0
1577,3603,access_vlan:SW1:eth1:20+access_vlan:SW1:eth2:10+access_vlan:SW2:eth1:20+access_vlan:SW2:eth2:10+trunk_remove:SW1:eth3:10+trunk_remove:SW1:eth3:20+trunk_remove:SW2:eth3:10+trunk_remove:SW2:eth3:20,24696,0.05,5.95,13,True,False,True,recovery_success,0.0181813222857622,13,8,4,0,2,2,2,0,0
1578,3604,access_vlan:SW1:eth2:10+access_vlan:SW2:eth1:20+trunk_remove:SW1:eth3:20+trunk_remove:SW2:eth3:10,24702,0.05,8.6,6,True,False,True,recovery_success,0.015752173339327175,6,4,1,0,0,0,0,0,0
1579,3605,access_vlan:SW1:eth2:10+access_vlan:SW2:eth1:20+access_vlan:SW2:eth2:10+trunk_remove:SW1:eth3:10+trunk_remove:SW2:eth3:10+trunk_remove:SW2:eth3:20,24732,0.05,-8.000000000000002,30,False,True,False,step_limit,0.01681829444132745,30,20,10,0,1,1,1,0,3
1580,3606,access_vlan:SW1:eth1:20+access_vlan:SW1:eth2:10+access_vlan:SW2:eth2:10,24762,0.05,-4.800000000000001,30,False,True,False,step_limit,0.01909419777803123,30,2,28,0,0,0,0,0,3
1581,3607,access_vlan:SW2:eth2:10+trunk_remove:SW1:eth3:10,24767,0.05,9.049999999999999,5,True,False,True,recovery_success,0.01830506892874837,5,2,2,0,0,0,0,0,0
1582,3608,trunk_remove:SW2:eth3:20,24772,0.05,7.3999999999999995,5,True,False,True,recovery_success,0.01487313024699688,5,3,1,0,3,3,1,1,0
1583,3609,access_vlan:SW2:eth2:10+trunk_remove:SW1:eth3:10+trunk_remove:SW1:eth3:20+trunk_remove:SW2:eth3:10+trunk_remove:SW2:eth3:20,24783,0.05,7.699999999999999,11,True,False,True,recovery_success,0.018465028313750572,11,5,5,0,0,0,0,0,0
1584,3610,access_vlan:SW2:eth1:20+access_vlan:SW2:eth2:10+trunk_remove:SW1:eth3:10+trunk_remove:SW1:eth3:20,24791,0.05,6.999999999999999,8,True,False,True,recovery_success,0.014719056664034724,8,6,1,0,2,2,2,1,0
1585,3611,access_vlan:SW1:eth2:10+access_vlan:SW2:eth1:20+trunk_remove:SW1:eth3:20+trunk_remove:SW2:eth3:10,24798,0.05,7.6499999999999995,7,True,False,True,recovery_success,0.01642275881022215,7,6,0,0,1,1,1,1,0
1586,3612,access_vlan:SW1:eth2:10+trunk_remove:SW2:eth3:10,24802,0.05,9.2,4,True,False,True,recovery_success,0.018564922036603093,4,2,1,0,0,0,0,0,0
1587,3613,access_vlan:SW1:eth2:10+access_vlan:SW2:eth2:10+trunk_remove:SW2:eth3:10+trunk_remove:SW2:eth3:20,24808,0.05,8.6,6,True,False,True,recovery_success,0.010038719046860933,6,4,1,0,0,0,0,0,0
1588,3614,access_vlan:SW2:eth2:10+trunk_remove:SW1:eth3:10+trunk_remove:SW2:eth3:10+trunk_remove:SW2:eth3:20,24817,0.05,6.85,9,True,False,True,recovery_success,0.020783166349348094,9,6,2,0,2,2,1,0,0
1589,3615,access_vlan:SW1:eth2:10+trunk_remove:SW1:eth3:20,24821,0.05,9.2,4,True,False,True,recovery_success,0.02139687491580844,4,2,1,0,0,0,0,0,0
1590,3616,access_vlan:SW1:eth2:10+trunk_remove:SW1:eth3:10+trunk_remove:SW1:eth3:20+trunk_remove:SW2:eth3:10,24828,0.05,8.45,7,True,False,True,recovery_success,0.014353477063455753,7,4,2,0,0,0,0,0,0
1591,3617,access_vlan:SW2:eth1:20+access_vlan:SW2:eth2:10+trunk_remove:SW1:eth3:20+trunk_remove:SW2:eth3:10,24833,0.05,8.25,5,True,False,True,recovery_success,0.016467404551804066,5,4,0,0,1,1,1,0,0
1592,3618,access_vlan:SW1:eth1:20+access_vlan:SW2:eth1:20+trunk_remove:SW1:eth3:10+trunk_remove:SW1:eth3:20,24838,0.05,8.75,5,True,False,True,recovery_success,0.012618256639689207,5,4,0,0,0,0,0,0,0
1593,3619,access_vlan:SW1:eth2:10+access_vlan:SW2:eth1:20+access_vlan:SW2:eth2:10+trunk_remove:SW1:eth3:10+trunk_remove:SW1:eth3:20+trunk_remove:SW2:eth3:20,24868,0.05,-6.1,30,False,True,False,step_limit,0.012054431609188516,30,4,26,0,2,2,1,0,1
1594,3620,access_vlan:SW2:eth2:10+trunk_remove:SW2:eth3:10,24873,0.05,9.049999999999999,5,True,False,True,recovery_success,0.011626638937741518,5,2,2,0,0,0,0,0,0
1595,3621,access_vlan:SW1:eth1:20+trunk_remove:SW2:eth3:20,24877,0.05,9.2,4,True,False,True,recovery_success,0.012492499314248562,4,2,1,0,0,0,0,0,0
1596,3622,access_vlan:SW1:eth2:10+access_vlan:SW2:eth1:20+access_vlan:SW2:eth2:10+trunk_remove:SW2:eth3:20,24902,0.05,3.1500000000000004,25,True,False,True,recovery_success,0.013671815618872643,25,8,16,0,4,4,2,0,0
1597,3623,access_vlan:SW1:eth1:20+trunk_remove:SW1:eth3:20+trunk_remove:SW2:eth3:20,24910,0.05,7.15,8,True,False,True,recovery_success,0.010127371962880716,8,5,2,0,2,2,1,0,0
1598,3624,access_vlan:SW1:eth2:10+access_vlan:SW2:eth2:10+trunk_remove:SW1:eth3:10+trunk_remove:SW1:eth3:20,24917,0.05,8.149999999999999,7,True,False,True,recovery_success,0.014812528222267116,7,6,0,0,0,0,0,0,0
1599,3625,access_vlan:SW1:eth2:10+access_vlan:SW2:eth1:20+access_vlan:SW2:eth2:10+trunk_remove:SW2:eth3:10+trunk_remove:SW2:eth3:20,24947,0.05,-4.95,30,False,True,False,step_limit,0.012055789291237792,30,3,27,0,0,0,0,0,1
1600,3626,access_vlan:SW1:eth2:10+trunk_remove:SW2:eth3:20,24953,0.05,7.1,6,True,False,True,recovery_success,0.010854229486236969,6,4,1,0,3,3,1,1,0
1601,3627,access_vlan:SW2:eth2:10+trunk_remove:SW1:eth3:10+trunk_remove:SW1:eth3:20,24960,0.05,8.6,7,True,False,True,recovery_success,0.0102708982968969,7,3,3,0,0,0,0,0,0
1602,3628,access_vlan:SW1:eth1:20+access_vlan:SW1:eth2:10+access_vlan:SW2:eth2:10+trunk_remove:SW1:eth3:10+trunk_remove:SW1:eth3:20+trunk_remove:SW2:eth3:20,24968,0.05,7.5,8,True,False,True,recovery_success,0.008912209130357951,8,6,1,0,1,1,1,0,0
1603,3629,access_vlan:SW1:eth1:20+access_vlan:SW1:eth2:10+access_vlan:SW2:eth2:10+trunk_remove:SW1:eth3:10+trunk_remove:SW2:eth3:20,24970,0.05,-10.850000000000001,2,True,False,False,incorrect_declare_done,0.006670654285699129,2,1,0,0,1,1,1,0,4
1604,3630,access_vlan:SW1:eth1:20+access_vlan:SW1:eth2:10+access_vlan:SW2:eth1:20+trunk_remove:SW1:eth3:10+trunk_remove:SW2:eth3:20,25000,0.05,-6.25,30,False,True,False,step_limit,0.012455706531181932,30,4,25,0,2,2,1,0,1
1605,3631,access_vlan:SW2:eth1:20+trunk_remove:SW1:eth3:10+trunk_remove:SW1:eth3:20,25010,0.05,8.149999999999999,10,True,False,True,recovery_success,0.020943855587393045,10,3,6,0,0,0,0,0,0
1606,3632,access_vlan:SW1:eth2:10+access_vlan:SW2:eth1:20+trunk_remove:SW1:eth3:20+trunk_remove:SW2:eth3:10,25028,0.05,2.6999999999999975,18,True,False,True,recovery_success,0.023164145907180175,18,7,9,0,7,4,5,0,0
1607,3633,trunk_remove:SW1:eth3:10+trunk_remove:SW2:eth3:10,25037,0.05,5.85,9,True,False,True,recovery_success,0.025138787925243378,9,6,2,0,4,3,3,0,0
1608,3634,access_vlan:SW1:eth1:20+access_vlan:SW2:eth1:20+trunk_remove:SW1:eth3:10+trunk_remove:SW1:eth3:20,25043,0.05,8.6,6,True,False,True,recovery_success,0.015041028459866842,6,4,1,0,0,0,0,0,0
1609,3635,access_vlan:SW1:eth1:20+trunk_remove:SW1:eth3:10+trunk_remove:SW1:eth3:20,25050,0.05,8.6,7,True,False,True,recovery_success,0.026215770015759126,7,3,3,0,0,0,0,0,0
1610,3636,access_vlan:SW2:eth2:10,25053,0.05,9.5,3,True,False,True,recovery_success,0.025475723668932915,3,1,1,0,0,0,0,0,0
1611,3637,access_vlan:SW1:eth1:20+access_vlan:SW1:eth2:10+trunk_remove:SW2:eth3:20,25061,0.05,7.1499999999999995,8,True,False,True,recovery_success,0.016372660407796502,8,4,2,0,2,2,2,1,0
1612,3638,access_vlan:SW1:eth1:20+access_vlan:SW2:eth1:20+trunk_remove:SW1:eth3:10+trunk_remove:SW2:eth3:10+trunk_remove:SW2:eth3:20,25086,0.05,5.600000000000001,25,True,False,True,recovery_success,0.016366643998771906,25,5,19,0,0,0,0,0,0
1613,3639,access_vlan:SW1:eth1:20+access_vlan:SW2:eth1:20+trunk_remove:SW1:eth3:20+trunk_remove:SW2:eth3:10+trunk_remove:SW2:eth3:20,25094,0.05,8.149999999999999,8,True,False,True,recovery_success,0.010931500873994082,8,5,2,0,0,0,0,0,0
1614,3640,access_vlan:SW1:eth2:10+access_vlan:SW2:eth1:20+access_vlan:SW2:eth2:10+trunk_remove:SW1:eth3:10+trunk_remove:SW1:eth3:20+trunk_remove:SW2:eth3:10+trunk_remove:SW2:eth3:20,25103,0.05,7.999999999999999,9,True,False,True,recovery_success,0.020006951513803668,9,5,3,0,0,0,0,0,0
1615,3641,access_vlan:SW1:eth1:20+access_vlan:SW1:eth2:10+access_vlan:SW2:eth2:10+trunk_remove:SW1:eth3:10,25133,0.05,-9.350000000000001,30,False,True,False,step_limit,0.014358523146559795,30,13,11,0,4,4,3,0,3
1616,3642,access_vlan:SW2:eth2:10+trunk_remove:SW1:eth3:10+trunk_remove:SW2:eth3:10,25138,0.05,8.899999999999999,5,True,False,True,recovery_success,0.008323053922504186,5,3,1,0,0,0,0,0,0
1617,3643,access_vlan:SW1:eth1:20+access_vlan:SW1:eth2:10+access_vlan:SW2:eth1:20+access_vlan:SW2:eth2:10+trunk_remove:SW1:eth3:10+trunk_remove:SW2:eth3:10+trunk_remove:SW2:eth3:20,25142,0.05,9.049999999999999,4,True,False,True,recovery_success,0.012532369350083172,4,3,0,0,0,0,0,0,0
1618,3644,access_vlan:SW1:eth2:10+access_vlan:SW2:eth2:10+trunk_remove:SW1:eth3:20+trunk_remove:SW2:eth3:10,25147,0.05,8.75,5,True,False,True,recovery_success,0.012340197525918483,5,4,0,0,0,0,0,0,0
1619,3645,access_vlan:SW1:eth1:20+access_vlan:SW2:eth1:20+access_vlan:SW2:eth2:10+trunk_remove:SW1:eth3:10+trunk_remove:SW1:eth3:20+trunk_remove:SW2:eth3:10+trunk_remove:SW2:eth3:20,25166,0.05,-15.600000000000001,19,True,False,False,incorrect_declare_done,0.016654580537425846,19,8,9,0,3,2,2,0,3
1620,3646,access_vlan:SW2:eth2:10+trunk_remove:SW2:eth3:20,25173,0.05,8.75,7,True,False,True,recovery_success,0.014422706195286341,7,2,4,0,0,0,0,0,0
1621,3647,access_vlan:SW1:eth1:20+access_vlan:SW1:eth2:10+access_vlan:SW2:eth1:20+access_vlan:SW2:eth2:10+trunk_remove:SW1:eth3:20+trunk_remove:SW2:eth3:20,25185,0.05,6.3999999999999995,12,True,False,True,recovery_success,0.011288008613822361,12,6,5,0,2,1,2,2,0
1622,3648,access_vlan:SW1:eth2:10+trunk_remove:SW1:eth3:20+trunk_remove:SW2:eth3:10,25190,0.05,8.899999999999999,5,True,False,True,recovery_success,0.009149724896997214,5,3,1,0,0,0,0,0,0
1623,3649,access_vlan:SW1:eth1:20+access_vlan:SW2:eth2:10+trunk_remove:SW1:eth3:10+trunk_remove:SW1:eth3:20,25196,0.05,8.6,6,True,False,True,recovery_success,0.011599743505939841,6,4,1,0,0,0,0,0,0
1624,3650,access_vlan:SW1:eth2:10+access_vlan:SW2:eth1:20+access_vlan:SW2:eth2:10+trunk_remove:SW1:eth3:10+trunk_remove:SW2:eth3:10+trunk_remove:SW2:eth3:20,25201,0.05,8.75,5,True,False,True,recovery_success,0.01022212179377675,5,4,0,0,0,0,0,0,0
1625,3651,access_vlan:SW2:eth1:20+trunk_remove:SW1:eth3:10,25206,0.05,7.249999999999999,5,True,False,True,recovery_success,0.008620636258274316,5,4,0,0,3,3,2,0,0
1626,3652,access_vlan:SW1:eth2:10+access_vlan:SW2:eth1:20+trunk_remove:SW1:eth3:10+trunk_remove:SW1:eth3:20,25221,0.05,7.25,15,True,False,True,recovery_success,0.015254859843601783,15,4,10,0,0,0,0,0,0
1627,3653,access_vlan:SW1:eth2:10+access_vlan:SW2:eth1:20+access_vlan:SW2:eth2:10+trunk_remove:SW1:eth3:20+trunk_remove:SW2:eth3:20,25226,0.05,8.899999999999999,5,True,False,True,recovery_success,0.011685982625931502,5,3,1,0,0,0,0,0,0
1628,3654,access_vlan:SW2:eth1:20+trunk_remove:SW2:eth3:10,25255,0.05,4.349999999999998,29,True,False,True,recovery_success,0.013699041278069389,29,6,22,0,1,1,1,0,0
1629,3655,access_vlan:SW1:eth1:20+access_vlan:SW2:eth1:20+access_vlan:SW2:eth2:10+trunk_remove:SW1:eth3:10+trunk_remove:SW2:eth3:10,25259,0.05,9.049999999999999,4,True,False,True,recovery_success,0.016800524201244116,4,3,0,0,0,0,0,0,0
1630,3656,access_vlan:SW2:eth1:20+access_vlan:SW2:eth2:10+trunk_remove:SW1:eth3:10+trunk_remove:SW1:eth3:20+trunk_remove:SW2:eth3:10+trunk_remove:SW2:eth3:20,25270,0.05,7.05,11,True,False,True,recovery_success,0.016607126602056353,11,6,4,0,1,1,1,0,0
1631,3657,access_vlan:SW1:eth1:20+access_vlan:SW2:eth2:10+trunk_remove:SW1:eth3:20+trunk_remove:SW2:eth3:10+trunk_remove:SW2:eth3:20,25277,0.05,8.299999999999999,7,True,False,True,recovery_success,0.02366858348250389,7,5,1,0,0,0,0,0,0
1632,3658,access_vlan:SW2:eth2:10+trunk_remove:SW1:eth3:10+trunk_remove:SW2:eth3:20,25288,0.05,7.199999999999999,11,True,False,True,recovery_success,0.017806004309518772,11,5,5,0,1,1,1,0,0
1633,3659,access_vlan:SW1:eth1:20+access_vlan:SW1:eth2:10+access_vlan:SW2:eth2:10+trunk_remove:SW2:eth3:20,25318,0.05,-9.150000000000002,30,False,True,False,step_limit,0.016180590850611527,30,11,19,0,6,3,4,0,1
1634,3660,access_vlan:SW1:eth2:10+access_vlan:SW2:eth2:10+trunk_remove:SW1:eth3:10+trunk_remove:SW1:eth3:20,25323,0.05,8.75,5,True,False,True,recovery_success,0.009041631408035756,5,4,0,0,0,0,0,0,0
1635,3661,access_vlan:SW1:eth1:20+access_vlan:SW2:eth2:10+trunk_remove:SW1:eth3:10+trunk_remove:SW2:eth3:10+trunk_remove:SW2:eth3:20,25330,0.05,8.299999999999999,7,True,False,True,recovery_success,0.011558199101792914,7,5,1,0,0,0,0,0,0
1636,3662,access_vlan:SW1:eth1:20+access_vlan:SW2:eth1:20+access_vlan:SW2:eth2:10+trunk_remove:SW1:eth3:10+trunk_remove:SW2:eth3:20,25360,0.05,-5.750000000000001,30,False,True,False,step_limit,0.011520261596888303,30,5,25,0,1,1,1,0,3
1637,3663,access_vlan:SW1:eth1:20+access_vlan:SW1:eth2:10+access_vlan:SW2:eth2:10+trunk_remove:SW1:eth3:20,25365,0.05,7.249999999999999,5,True,False,True,recovery_success,0.013296459149569274,5,4,0,0,3,3,2,0,0
1638,3664,access_vlan:SW1:eth2:10+trunk_remove:SW2:eth3:10+trunk_remove:SW2:eth3:20,25378,0.05,6.3999999999999995,13,True,False,True,recovery_success,0.013435228978498625,13,5,7,0,2,2,1,0,0
1639,3665,access_vlan:SW1:eth1:20+access_vlan:SW2:eth1:20+trunk_remove:SW1:eth3:10+trunk_remove:SW1:eth3:20+trunk_remove:SW2:eth3:10+trunk_remove:SW2:eth3:20,25387,0.05,7.85,9,True,False,True,recovery_success,0.013342855498194695,9,6,2,0,0,0,0,0,0
1640,3666,access_vlan:SW1:eth1:20+access_vlan:SW2:eth1:20+trunk_remove:SW1:eth3:10+trunk_remove:SW2:eth3:10+trunk_remove:SW2:eth3:20,25400,0.05,6.300000000000001,13,True,False,True,recovery_success,0.013969896361231804,13,9,3,0,1,1,1,0,0
1641,3667,access_vlan:SW1:eth1:20+access_vlan:SW1:eth2:10+access_vlan:SW2:eth1:20+trunk_remove:SW1:eth3:10+trunk_remove:SW2:eth3:20,25404,0.05,9.049999999999999,4,True,False,True,recovery_success,0.009528521331958473,4,3,0,0,0,0,0,0,0
1642,3668,access_vlan:SW1:eth1:20+trunk_remove:SW1:eth3:20+trunk_remove:SW2:eth3:20,25412,0.05,8.45,8,True,False,True,recovery_success,0.016345835640095174,8,3,4,0,0,0,0,0,0
1643,3669,access_vlan:SW1:eth1:20+access_vlan:SW1:eth2:10+access_vlan:SW2:eth1:20+trunk_remove:SW1:eth3:20+trunk_remove:SW2:eth3:20,25442,0.05,-5.950000000000001,30,False,True,False,step_limit,0.01120640238126119,30,3,27,0,2,2,1,0,1
1644,3670,access_vlan:SW1:eth2:10+access_vlan:SW2:eth1:20+trunk_remove:SW1:eth3:10+trunk_remove:SW2:eth3:20,25447,0.05,8.75,5,True,False,True,recovery_success,0.01013845894485712,5,4,0,0,0,0,0,0,0
1645,3671,access_vlan:SW2:eth1:20+trunk_remove:SW1:eth3:20+trunk_remove:SW2:eth3:10,25464,0.05,-15.050000000000002,17,True,False,False,incorrect_declare_done,0.012518464450669639,17,4,12,0,4,4,3,0,3
1646,3672,access_vlan:SW1:eth1:20+access_vlan:SW2:eth2:10,25469,0.05,-11.100000000000001,5,True,False,False,incorrect_declare_done,0.023904249258339404,5,3,1,0,0,0,0,0,3
1647,3673,access_vlan:SW1:eth1:20+access_vlan:SW1:eth2:10+trunk_remove:SW1:eth3:10+trunk_remove:SW1:eth3:20+trunk_remove:SW2:eth3:10,25476,0.05,7.799999999999999,7,True,False,True,recovery_success,0.021875768367733275,7,5,1,0,1,1,1,0,0
1648,3674,access_vlan:SW1:eth1:20+access_vlan:SW2:eth2:10+trunk_remove:SW1:eth3:10+trunk_remove:SW1:eth3:20+trunk_remove:SW2:eth3:10,25483,0.05,8.299999999999999,7,True,False,True,recovery_success,0.011458490176924638,7,5,1,0,0,0,0,0,0
1649,3675,access_vlan:SW2:eth1:20+trunk_remove:SW1:eth3:20+trunk_remove:SW2:eth3:10,25494,0.05,7.5,11,True,False,True,recovery_success,0.02436869659207084,11,3,7,0,1,1,1,0,0
1650,3676,access_vlan:SW1:eth1:20+access_vlan:SW1:eth2:10+access_vlan:SW2:eth1:20+trunk_remove:SW1:eth3:10+trunk_remove:SW2:eth3:20,25498,0.05,9.049999999999999,4,True,False,True,recovery_success,0.018632796593010426,4,3,0,0,0,0,0,0,0
1651,3677,access_vlan:SW1:eth2:10+trunk_remove:SW1:eth3:20+trunk_remove:SW2:eth3:10+trunk_remove:SW2:eth3:20,25506,0.05,8.299999999999999,8,True,False,True,recovery_success,0.02443119219969958,8,4,3,0,0,0,0,0,0
1652,3678,access_vlan:SW1:eth1:20+access_vlan:SW1:eth2:10+access_vlan:SW2:eth1:20+trunk_remove:SW1:eth3:10,25509,0.05,9.35,3,True,False,True,recovery_success,0.025325382749239605,3,2,0,0,0,0,0,0,0
1653,3679,access_vlan:SW1:eth2:10+access_vlan:SW2:eth1:20+trunk_remove:SW1:eth3:10+trunk_remove:SW1:eth3:20,25524,0.05,6.75,15,True,False,True,recovery_success,0.020866336890806754,15,4,10,0,1,1,1,0,0
1654,3680,access_vlan:SW1:eth1:20+access_vlan:SW2:eth1:20+trunk_remove:SW1:eth3:10+trunk_remove:SW1:eth3:20+trunk_remove:SW2:eth3:10+trunk_remove:SW2:eth3:20,25536,0.05,7.3999999999999995,12,True,False,True,recovery_success,0.01845577786055704,12,6,5,0,0,0,0,0,0
1655,3681,access_vlan:SW2:eth2:10+trunk_remove:SW1:eth3:10+trunk_remove:SW2:eth3:10,25549,0.05,5.9,13,True,False,True,recovery_success,0.022143800384723224,13,5,7,0,3,3,1,1,0
1656,3682,access_vlan:SW1:eth2:10+access_vlan:SW2:eth2:10+trunk_remove:SW2:eth3:10,25572,0.05,5.400000000000001,23,True,False,True,recovery_success,0.012941747357177994,23,5,17,0,1,1,1,1,0
1657,3683,access_vlan:SW1:eth1:20+access_vlan:SW1:eth2:10+access_vlan:SW2:eth2:10+trunk_remove:SW1:eth3:10+trunk_remove:SW1:eth3:20+trunk_remove:SW2:eth3:10,25577,0.05,8.75,5,True,False,True,recovery_success,0.018653095699846745,5,4,0,0,0,0,0,0,0
1658,3684,access_vlan:SW1:eth1:20+access_vlan:SW1:eth2:10+access_vlan:SW2:eth1:20+access_vlan:SW2:eth2:10+trunk_remove:SW1:eth3:10+trunk_remove:SW1:eth3:20+trunk_remove:SW2:eth3:10,25581,0.05,9.049999999999999,4,True,False,True,recovery_success,0.01517357537522912,4,3,0,0,0,0,0,0,0
1659,3685,access_vlan:SW1:eth1:20+access_vlan:SW2:eth1:20+access_vlan:SW2:eth2:10+trunk_remove:SW1:eth3:10+trunk_remove:SW1:eth3:20+trunk_remove:SW2:eth3:20,25586,0.05,8.75,5,True,False,True,recovery_success,0.02208878714591265,5,4,0,0,0,0,0,0,0
1660,3686,access_vlan:SW1:eth1:20+access_vlan:SW2:eth1:20+access_vlan:SW2:eth2:10+trunk_remove:SW2:eth3:10+trunk_remove:SW2:eth3:20,25590,0.05,9.049999999999999,4,True,False,True,recovery_success,0.019808187382295728,4,3,0,0,0,0,0,0,0
1661,3687,access_vlan:SW1:eth2:10+access_vlan:SW2:eth2:10+trunk_remove:SW2:eth3:10+trunk_remove:SW2:eth3:20,25606,0.05,7.1,16,True,False,True,recovery_success,0.011451864877017215,16,4,11,0,0,0,0,0,0
1662,3688,access_vlan:SW1:eth1:20+access_vlan:SW2:eth2:10+trunk_remove:SW1:eth3:20,25630,0.05,6.050000000000001,24,True,False,True,recovery_success,0.014353636322387805,24,3,20,0,0,0,0,0,0
1663,3689,access_vlan:SW1:eth1:20+access_vlan:SW2:eth1:20+trunk_remove:SW1:eth3:20+trunk_remove:SW2:eth3:20,25636,0.05,8.6,6,True,False,True,recovery_success,0.014530919181803862,6,4,1,0,0,0,0,0,0
1664,3690,access_vlan:SW1:eth1:20+access_vlan:SW1:eth2:10+access_vlan:SW2:eth1:20+trunk_remove:SW1:eth3:10+trunk_remove:SW1:eth3:20,25640,0.05,9.049999999999999,4,True,False,True,recovery_success,0.011828958755359054,4,3,0,0,0,0,0,0,0
1665,3691,access_vlan:SW1:eth1:20+access_vlan:SW1:eth2:10+access_vlan:SW2:eth2:10+trunk_remove:SW1:eth3:20,25645,0.05,8.75,5,True,False,True,recovery_success,0.011765548400580883,5,4,0,0,0,0,0,0,0
1666,3692,access_vlan:SW2:eth2:10+trunk_remove:SW1:eth3:10+trunk_remove:SW2:eth3:20,25649,0.05,9.049999999999999,4,True,False,True,recovery_success,0.011269641341641545,4,3,0,0,0,0,0,0,0
1667,3693,access_vlan:SW1:eth1:20+access_vlan:SW1:eth2:10+access_vlan:SW2:eth2:10+trunk_remove:SW1:eth3:20,25656,0.05,8.149999999999999,7,True,False,True,recovery_success,0.01516232080757618,7,6,0,0,0,0,0,0,0
1668,3694,trunk_remove:SW1:eth3:10+trunk_remove:SW2:eth3:20,25670,0.05,7.699999999999999,14,True,False,True,recovery_success,0.011062881144295846,14,2,11,0,0,0,0,0,0
1669,3695,access_vlan:SW1:eth1:20+access_vlan:SW2:eth1:20+trunk_remove:SW1:eth3:20+trunk_remove:SW2:eth3:10+trunk_remove:SW2:eth3:20,25681,0.05,7.699999999999999,11,True,False,True,recovery_success,0.01260045420547778,11,5,5,0,0,0,0,0,0
1670,3696,access_vlan:SW2:eth1:20+trunk_remove:SW1:eth3:10+trunk_remove:SW1:eth3:20,25692,0.05,8.0,11,True,False,True,recovery_success,0.011591890022497286,11,3,7,0,0,0,0,0,0
1671,3697,access_vlan:SW1:eth1:20,25705,0.05,8.0,13,True,False,True,recovery_success,0.017031641856122475,13,1,11,0,0,0,0,0,0
1672,3698,access_vlan:SW1:eth2:10+access_vlan:SW2:eth1:20+trunk_remove:SW2:eth3:10,25709,0.05,8.549999999999999,4,True,False,True,recovery_success,0.010462865000590682,4,3,0,0,1,1,1,0,0
1673,3699,access_vlan:SW1:eth1:20+access_vlan:SW2:eth1:20+trunk_remove:SW1:eth3:10+trunk_remove:SW1:eth3:20+trunk_remove:SW2:eth3:20,25729,0.05,4.549999999999998,20,True,False,True,recovery_success,0.012661590054631234,20,7,12,0,3,3,1,1,0
1674,3700,access_vlan:SW1:eth1:20+access_vlan:SW2:eth1:20+trunk_remove:SW1:eth3:10+trunk_remove:SW1:eth3:20+trunk_remove:SW2:eth3:10,25742,0.05,7.4,13,True,False,True,recovery_success,0.01127302567832745,13,5,7,0,0,0,0,0,0
1675,3701,access_vlan:SW1:eth1:20+access_vlan:SW2:eth1:20+access_vlan:SW2:eth2:10+trunk_remove:SW1:eth3:20,25745,0.05,9.35,3,True,False,True,recovery_success,0.023047507430116337,3,2,0,0,0,0,0,0,0
1676,3702,access_vlan:SW1:eth1:20+access_vlan:SW1:eth2:10+access_vlan:SW2:eth1:20+access_vlan:SW2:eth2:10+trunk_remove:SW2:eth3:10+trunk_remove:SW2:eth3:20,25751,0.05,8.1,6,True,False,True,recovery_success,0.010984744255741438,6,4,1,0,1,1,1,1,0
1677,3703,access_vlan:SW1:eth1:20+access_vlan:SW1:eth2:10+access_vlan:SW2:eth2:10+trunk_remove:SW2:eth3:20,25756,0.05,7.25,5,True,False,True,recovery_success,0.010995978862047196,5,3,0,0,3,3,1,1,0
1678,3704,access_vlan:SW1:eth1:20+access_vlan:SW2:eth1:20+access_vlan:SW2:eth2:10+trunk_remove:SW1:eth3:10+trunk_remove:SW1:eth3:20+trunk_remove:SW2:eth3:20,25761,0.05,8.75,5,True,False,True,recovery_success,0.012499165069311858,5,4,0,0,0,0,0,0,0
1679,3705,access_vlan:SW1:eth2:10+access_vlan:SW2:eth1:20+access_vlan:SW2:eth2:10+trunk_remove:SW2:eth3:10+trunk_remove:SW2:eth3:20,25765,0.05,9.049999999999999,4,True,False,True,recovery_success,0.007468099589459598,4,3,0,0,0,0,0,0,0
1680,3706,trunk_remove:SW2:eth3:10+trunk_remove:SW2:eth3:20,25776,0.05,8.149999999999999,11,True,False,True,recovery_success,0.01685819224539128,11,2,8,0,0,0,0,0,0
1681,3707,access_vlan:SW1:eth2:10+access_vlan:SW2:eth2:10+trunk_remove:SW1:eth3:10+trunk_remove:SW2:eth3:10+trunk_remove:SW2:eth3:20,25782,0.05,8.45,6,True,False,True,recovery_success,0.01106804710191985,6,5,0,0,0,0,0,0,0
1682,3708,access_vlan:SW1:eth1:20+access_vlan:SW2:eth1:20+access_vlan:SW2:eth2:10+trunk_remove:SW1:eth3:20,25785,0.05,9.35,3,True,False,True,recovery_success,0.012487321471174559,3,2,0,0,0,0,0,0,0
1683,3709,access_vlan:SW1:eth2:10+access_vlan:SW2:eth1:20+access_vlan:SW2:eth2:10+trunk_remove:SW2:eth3:10,25788,0.05,9.35,3,True,False,True,recovery_success,0.009330744699885448,3,2,0,0,0,0,0,0,0
1684,3710,access_vlan:SW1:eth2:10+access_vlan:SW2:eth1:20+trunk_remove:SW1:eth3:10+trunk_remove:SW2:eth3:10+trunk_remove:SW2:eth3:20,25797,0.05,6.199999999999999,9,True,False,True,recovery_success,0.021150035369727347,9,7,1,0,3,3,1,1,0
1685,3711,access_vlan:SW1:eth2:10+access_vlan:SW2:eth1:20+trunk_remove:SW1:eth3:20+trunk_remove:SW2:eth3:10,25808,0.05,7.049999999999999,11,True,False,True,recovery_success,0.011087748687714338,11,5,4,0,1,1,1,1,0
1686,3712,access_vlan:SW1:eth1:20+access_vlan:SW2:eth2:10+trunk_remove:SW1:eth3:10+trunk_remove:SW1:eth3:20+trunk_remove:SW2:eth3:10,25814,0.05,8.45,6,True,False,True,recovery_success,0.011276967668284973,6,5,0,0,0,0,0,0,0
1687,3713,access_vlan:SW2:eth1:20+access_vlan:SW2:eth2:10+trunk_remove:SW1:eth3:10+trunk_remove:SW1:eth3:20,25822,0.05,7.0,8,True,False,True,recovery_success,0.012736748962197453,8,6,1,0,2,2,2,0,0
1688,3714,access_vlan:SW1:eth1:20+access_vlan:SW2:eth1:20+trunk_remove:SW1:eth3:20+trunk_remove:SW2:eth3:10+trunk_remove:SW2:eth3:20,25830,0.05,6.35,8,True,False,True,recovery_success,0.008607904892414808,8,7,0,0,3,3,1,1,0
1689,3715,access_vlan:SW1:eth1:20+access_vlan:SW2:eth2:10+trunk_remove:SW1:eth3:20+trunk_remove:SW2:eth3:10,25835,0.05,8.75,5,True,False,True,recovery_success,0.011587459780275821,5,4,0,0,0,0,0,0,0
1690,3716,access_vlan:SW2:eth1:20+access_vlan:SW2:eth2:10+trunk_remove:SW1:eth3:10+trunk_remove:SW1:eth3:20+trunk_remove:SW2:eth3:20,25845,0.05,6.55,10,True,False,True,recovery_success,0.014538692496716975,10,7,2,0,2,2,2,0,0
1691,3717,trunk_remove:SW1:eth3:10+trunk_remove:SW2:eth3:10,25855,0.05,8.299999999999999,10,True,False,True,recovery_success,0.01224165284074843,10,2,7,0,0,0,0,0,0
1692,3718,access_vlan:SW1:eth1:20+access_vlan:SW2:eth2:10+trunk_remove:SW1:eth3:10+trunk_remove:SW2:eth3:20,25864,0.05,7.05,9,True,False,True,recovery_success,0.015124237527036004,9,7,0,0,1,1,1,0,0
1693,3719,access_vlan:SW1:eth2:10+access_vlan:SW2:eth2:10+trunk_remove:SW1:eth3:10+trunk_remove:SW2:eth3:10,25875,0.05,7.049999999999999,11,True,False,True,recovery_success,0.009706395762887869,11,6,4,0,1,1,1,1,0
1694,3720,access_vlan:SW1:eth2:10+access_vlan:SW2:eth1:20+access_vlan:SW2:eth2:10+trunk_remove:SW1:eth3:20+trunk_remove:SW2:eth3:10+trunk_remove:SW2:eth3:20,25880,0.05,8.75,5,True,False,True,recovery_success,0.009575651492923498,5,4,0,0,0,0,0,0,0
1695,3721,access_vlan:SW2:eth1:20+access_vlan:SW2:eth2:10+trunk_remove:SW1:eth3:20+trunk_remove:SW2:eth3:10+trunk_remove:SW2:eth3:20,25895,0.05,5.8,15,True,False,True,recovery_success,0.007908336042116085,15,7,7,0,2,2,2,1,0
1696,3722,access_vlan:SW1:eth2:10+trunk_remove:SW1:eth3:10+trunk_remove:SW1:eth3:20+trunk_remove:SW2:eth3:20,25900,0.05,8.75,5,True,False,True,recovery_success,0.009498147293925285,5,4,0,0,0,0,0,0,0
1697,3723,access_vlan:SW1:eth1:20+access_vlan:SW2:eth1:20+access_vlan:SW2:eth2:10+trunk_remove:SW1:eth3:20+trunk_remove:SW2:eth3:10,25904,0.05,9.049999999999999,4,True,False,True,recovery_success,0.008785779122263193,4,3,0,0,0,0,0,0,0
1698,3724,access_vlan:SW1:eth1:20+access_vlan:SW1:eth2:10+trunk_remove:SW1:eth3:20+trunk_remove:SW2:eth3:20,25909,0.05,8.25,5,True,False,True,recovery_success,0.019564491324126722,5,4,0,0,1,1,1,0,0
1699,3725,access_vlan:SW1:eth1:20+access_vlan:SW1:eth2:10+trunk_remove:SW1:eth3:20+trunk_remove:SW2:eth3:10+trunk_remove:SW2:eth3:20,25916,0.05,7.799999999999999,7,True,False,True,recovery_success,0.019681730307638645,7,5,1,0,1,1,1,0,0
1700,3726,access_vlan:SW1:eth1:20+access_vlan:SW2:eth2:10+trunk_remove:SW1:eth3:20+trunk_remove:SW2:eth3:10,25925,0.05,8.149999999999999,9,True,False,True,recovery_success,0.018012018046445318,9,4,4,0,0,0,0,0,0
1701,3727,access_vlan:SW1:eth1:20+access_vlan:SW2:eth1:20+trunk_remove:SW1:eth3:20+trunk_remove:SW2:eth3:20,25936,0.05,4.45,11,True,False,True,recovery_success,0.02569849200716073,11,10,0,0,5,5,3,1,0
1702,3728,trunk_remove:SW1:eth3:10,25942,0.05,9.049999999999999,6,True,False,True,recovery_success,0.016818246028075617,6,1,4,0,0,0,0,0,0
1703,3729,access_vlan:SW1:eth2:10+access_vlan:SW2:eth1:20+trunk_remove:SW1:eth3:10+trunk_remove:SW1:eth3:20+trunk_remove:SW2:eth3:10+trunk_remove:SW2:eth3:20,25949,0.05,8.149999999999999,7,True,False,True,recovery_success,0.02243473061493465,7,6,0,0,0,0,0,0,0
1704,3730,access_vlan:SW1:eth1:20+access_vlan:SW2:eth1:20+trunk_remove:SW1:eth3:20+trunk_remove:SW2:eth3:20,25962,0.05,7.55,13,True,False,True,recovery_success,0.019695724038263925,13,4,8,0,0,0,0,0,0
1705,3731,access_vlan:SW1:eth1:20+trunk_remove:SW1:eth3:10+trunk_remove:SW1:eth3:20+trunk_remove:SW2:eth3:10,25971,0.05,8.149999999999999,9,True,False,True,recovery_success,0.025092625576588843,9,4,4,0,0,0,0,0,0
1706,3732,access_vlan:SW1:eth1:20+access_vlan:SW2:eth1:20+access_vlan:SW2:eth2:10+trunk_remove:SW1:eth3:20+trunk_remove:SW2:eth3:10+trunk_remove:SW2:eth3:20,25984,0.05,4.3500000000000005,13,True,False,True,recovery_success,0.013966638344125105,13,12,0,0,4,1,4,4,0
1707,3733,access_vlan:SW1:eth1:20+access_vlan:SW2:eth1:20+trunk_remove:SW1:eth3:10+trunk_remove:SW1:eth3:20,25989,0.05,8.75,5,True,False,True,recovery_success,0.0109103973954916,5,4,0,0,0,0,0,0,0
1708,3734,access_vlan:SW1:eth2:10+access_vlan:SW2:eth1:20+access_vlan:SW2:eth2:10+trunk_remove:SW1:eth3:10+trunk_remove:SW1:eth3:20+trunk_remove:SW2:eth3:10+trunk_remove:SW2:eth3:20,25995,0.05,8.45,6,True,False,True,recovery_success,0.014271639132251343,6,5,0,0,0,0,0,0,0
1709,3735,access_vlan:SW2:eth1:20+trunk_remove:SW1:eth3:20+trunk_remove:SW2:eth3:10,26003,0.05,8.45,8,True,False,True,recovery_success,0.01811890525277704,8,3,4,0,0,0,0,0,0
1710,3736,access_vlan:SW1:eth1:20+access_vlan:SW1:eth2:10+access_vlan:SW2:eth2:10+trunk_remove:SW1:eth3:10+trunk_remove:SW1:eth3:20+trunk_remove:SW2:eth3:10+trunk_remove:SW2:eth3:20,26009,0.05,8.45,6,True,False,True,recovery_success,0.027700064703822136,6,5,0,0,0,0,0,0,0
1711,3737,access_vlan:SW2:eth1:20+access_vlan:SW2:eth2:10+trunk_remove:SW1:eth3:20+trunk_remove:SW2:eth3:20,26014,0.05,8.25,5,True,False,True,recovery_success,0.023204689472913743,5,4,0,0,1,1,1,0,0
1712,3738,access_vlan:SW2:eth2:10,26019,0.05,9.2,5,True,False,True,recovery_success,0.019439171813428403,5,1,3,0,0,0,0,0,0
1713,3739,access_vlan:SW1:eth1:20+access_vlan:SW2:eth1:20+trunk_remove:SW2:eth3:10+trunk_remove:SW2:eth3:20,26025,0.05,8.6,6,True,False,True,recovery_success,0.01951284458239873,6,4,1,0,0,0,0,0,0
1714,3740,access_vlan:SW1:eth2:10+access_vlan:SW2:eth1:20+trunk_remove:SW1:eth3:10+trunk_remove:SW1:eth3:20,26050,0.05,-15.550000000000004,25,True,False,False,incorrect_declare_done,0.01354485770687461,25,6,18,0,2,2,1,0,1
1715,3741,access_vlan:SW2:eth1:20+access_vlan:SW2:eth2:10+trunk_remove:SW1:eth3:10+trunk_remove:SW2:eth3:10,26055,0.05,8.25,5,True,False,True,recovery_success,0.01715795025229454,5,4,0,0,1,1,1,0,0
1716,3742,access_vlan:SW1:eth1:20+trunk_remove:SW2:eth3:10,26063,0.05,8.6,8,True,False,True,recovery_success,0.018406664486974478,8,2,5,0,0,0,0,0,0
1717,3743,access_vlan:SW1:eth1:20+access_vlan:SW2:eth1:20+trunk_remove:SW1:eth3:10+trunk_remove:SW2:eth3:10+trunk_remove:SW2:eth3:20,26088,0.05,4.1,25,True,False,True,recovery_success,0.014532469660043717,25,15,9,0,0,0,0,0,0
1718,3744,trunk_remove:SW2:eth3:20,26094,0.05,9.049999999999999,6,True,False,True,recovery_success,0.01677945861592889,6,1,4,0,0,0,0,0,0
1719,3745,access_vlan:SW1:eth1:20+access_vlan:SW1:eth2:10+access_vlan:SW2:eth2:10+trunk_remove:SW1:eth3:10+trunk_remove:SW1:eth3:20+trunk_remove:SW2:eth3:10,26124,0.05,-5.100000000000001,30,False,True,False,step_limit,0.013659117665762702,30,4,26,0,0,0,0,0,1
1720,3746,access_vlan:SW1:eth1:20+access_vlan:SW1:eth2:10+access_vlan:SW2:eth1:20+trunk_remove:SW1:eth3:20,26154,0.05,-5.100000000000001,30,False,True,False,step_limit,0.012428341976677379,30,4,26,0,0,0,0,0,1
1721,3747,access_vlan:SW1:eth1:20+access_vlan:SW1:eth2:10+access_vlan:SW2:eth2:10+trunk_remove:SW1:eth3:10+trunk_remove:SW2:eth3:10,26158,0.05,9.049999999999999,4,True,False,True,recovery_success,0.011276858858764172,4,3,0,0,0,0,0,0,0
1722,3748,access_vlan:SW1:eth1:20+access_vlan:SW1:eth2:10+access_vlan:SW2:eth2:10+trunk_remove:SW1:eth3:10+trunk_remove:SW2:eth3:20,26188,0.05,-9.75,30,False,True,False,step_limit,0.012677877272168795,30,15,15,0,6,2,5,0,1
1723,3749,access_vlan:SW1:eth1:20+access_vlan:SW1:eth2:10+access_vlan:SW2:eth1:20+access_vlan:SW2:eth2:10+trunk_remove:SW1:eth3:10+trunk_remove:SW1:eth3:20+trunk_remove:SW2:eth3:10+trunk_remove:SW2:eth3:20,26218,0.05,-6.249999999999999,30,False,True,False,step_limit,0.011417465137007336,30,5,25,0,2,2,1,0,1
1724,3750,access_vlan:SW1:eth2:10+access_vlan:SW2:eth1:20,26221,0.05,8.85,3,True,False,True,recovery_success,0.007256449976315101,3,2,0,0,1,1,1,0,0
1725,3751,trunk_remove:SW1:eth3:20+trunk_remove:SW2:eth3:10,26227,0.05,8.1,6,True,False,True,recovery_success,0.010725747173031172,6,4,1,0,1,1,1,1,0
1726,3752,access_vlan:SW1:eth1:20+access_vlan:SW1:eth2:10+access_vlan:SW2:eth1:20+access_vlan:SW2:eth2:10+trunk_remove:SW1:eth3:10+trunk_remove:SW1:eth3:20+trunk_remove:SW2:eth3:10,26257,0.05,-5.75,30,False,True,False,step_limit,0.013734361839791138,30,5,25,0,1,1,1,0,1
1727,3753,access_vlan:SW1:eth1:20+access_vlan:SW1:eth2:10+trunk_remove:SW2:eth3:10+trunk_remove:SW2:eth3:20,26287,0.05,-5.600000000000002,30,False,True,False,step_limit,0.013697059801779687,30,4,26,0,1,1,1,0,1
1728,3754,access_vlan:SW1:eth2:10+access_vlan:SW2:eth2:10+trunk_remove:SW1:eth3:10+trunk_remove:SW2:eth3:10,26291,0.05,-10.950000000000001,4,True,False,False,incorrect_declare_done,0.015651786932721734,4,3,0,0,0,0,0,0,1
1729,3755,access_vlan:SW2:eth2:10+trunk_remove:SW1:eth3:10+trunk_remove:SW2:eth3:10,26295,0.05,9.049999999999999,4,True,False,True,recovery_success,0.015938062453642488,4,3,0,0,0,0,0,0,0
1730,3756,access_vlan:SW1:eth1:20+trunk_remove:SW1:eth3:10+trunk_remove:SW1:eth3:20+trunk_remove:SW2:eth3:10,26301,0.05,8.6,6,True,False,True,recovery_success,0.022127268991122644,6,4,1,0,0,0,0,0,0
1731,3757,access_vlan:SW1:eth1:20+access_vlan:SW1:eth2:10+access_vlan:SW2:eth1:20+trunk_remove:SW2:eth3:10,26304,0.05,9.35,3,True,False,True,recovery_success,0.01655704155564308,3,2,0,0,0,0,0,0,0
1732,3758,access_vlan:SW1:eth1:20+access_vlan:SW1:eth2:10+access_vlan:SW2:eth2:10+trunk_remove:SW1:eth3:10+trunk_remove:SW1:eth3:20+trunk_remove:SW2:eth3:10,26334,0.05,-8.3,30,False,True,False,step_limit,0.015513090804840127,30,10,18,0,4,4,2,0,1
1733,3759,access_vlan:SW2:eth2:10+trunk_remove:SW1:eth3:10+trunk_remove:SW1:eth3:20,26339,0.05,8.899999999999999,5,True,False,True,recovery_success,0.009419414773583412,5,3,1,0,0,0,0,0,0
1734,3760,access_vlan:SW1:eth1:20,26346,0.05,8.899999999999999,7,True,False,True,recovery_success,0.013937899443720068,7,1,5,0,0,0,0,0,0
1735,3761,access_vlan:SW1:eth2:10+access_vlan:SW2:eth2:10+trunk_remove:SW1:eth3:20,26357,0.05,7.5,11,True,False,True,recovery_success,0.032003799114714966,11,3,7,0,1,1,1,0,0
1736,3762,access_vlan:SW1:eth2:10+trunk_remove:SW1:eth3:10+trunk_remove:SW2:eth3:10,26362,0.05,8.899999999999999,5,True,False,True,recovery_success,0.005406788922846318,5,3,1,0,0,0,0,0,0
1737,3763,access_vlan:SW1:eth2:10+trunk_remove:SW1:eth3:10,26366,0.05,9.2,4,True,False,True,recovery_success,0.007243863889016211,4,2,1,0,0,0,0,0,0
1738,3764,access_vlan:SW2:eth1:20+trunk_remove:SW1:eth3:10,26372,0.05,8.899999999999999,6,True,False,True,recovery_success,0.010485387640073895,6,2,3,0,0,0,0,0,0
1739,3765,access_vlan:SW1:eth2:10+trunk_remove:SW1:eth3:20+trunk_remove:SW2:eth3:20,26376,0.05,9.049999999999999,4,True,False,True,recovery_success,0.010084909969009459,4,3,0,0,0,0,0,0,0
1740,3766,access_vlan:SW1:eth1:20+trunk_remove:SW1:eth3:10+trunk_remove:SW2:eth3:20,26380,0.05,9.049999999999999,4,True,False,True,recovery_success,0.011782463057897985,4,3,0,0,0,0,0,0,0
1741,3767,access_vlan:SW1:eth1:20+trunk_remove:SW2:eth3:20,26383,0.05,9.35,3,True,False,True,recovery_success,0.010209710337221622,3,2,0,0,0,0,0,0,0
1742,3768,access_vlan:SW1:eth1:20+access_vlan:SW1:eth2:10+access_vlan:SW2:eth2:10+trunk_remove:SW1:eth3:10+trunk_remove:SW1:eth3:20+trunk_remove:SW2:eth3:10,26388,0.05,8.75,5,True,False,True,recovery_success,0.009773209132254124,5,4,0,0,0,0,0,0,0
1743,3769,access_vlan:SW1:eth1:20+access_vlan:SW2:eth2:10+trunk_remove:SW1:eth3:10+trunk_remove:SW1:eth3:20,26418,0.05,-6.0,30,False,True,False,step_limit,0.01476487380762895,30,9,20,0,0,0,0,0,1
1744,3770,access_vlan:SW1:eth1:20+access_vlan:SW2:eth2:10+trunk_remove:SW1:eth3:20+trunk_remove:SW2:eth3:10+trunk_remove:SW2:eth3:20,26448,0.05,-6.650000000000003,30,False,True,False,step_limit,0.012086186899493138,30,11,19,0,1,1,1,0,1
1745,3771,access_vlan:SW1:eth1:20+access_vlan:SW1:eth2:10+access_vlan:SW2:eth2:10+trunk_remove:SW1:eth3:10+trunk_remove:SW2:eth3:10,26452,0.05,9.049999999999999,4,True,False,True,recovery_success,0.007309410837478936,4,3,0,0,0,0,0,0,0
1746,3772,access_vlan:SW1:eth2:10+trunk_remove:SW1:eth3:10+trunk_remove:SW2:eth3:10+trunk_remove:SW2:eth3:20,26457,0.05,8.75,5,True,False,True,recovery_success,0.009958549775183201,5,4,0,0,0,0,0,0,0
1747,3773,access_vlan:SW2:eth2:10+trunk_remove:SW2:eth3:20,26460,0.05,9.35,3,True,False,True,recovery_success,0.00523260065043966,3,2,0,0,0,0,0,0,0
1748,3774,access_vlan:SW2:eth1:20+access_vlan:SW2:eth2:10+trunk_remove:SW1:eth3:10+trunk_remove:SW2:eth3:10+trunk_remove:SW2:eth3:20,26468,0.05,7.35,8,True,False,True,recovery_success,0.007460489810910076,8,7,0,0,1,1,1,0,0
1749,3775,access_vlan:SW1:eth1:20+access_vlan:SW2:eth2:10+trunk_remove:SW1:eth3:10+trunk_remove:SW1:eth3:20+trunk_remove:SW2:eth3:10,26498,0.05,-5.5500000000000025,30,False,True,False,step_limit,0.010064082165869574,30,6,23,0,0,0,0,0,1
1750,3776,access_vlan:SW1:eth1:20+access_vlan:SW1:eth2:10+access_vlan:SW2:eth2:10+trunk_remove:SW1:eth3:10+trunk_remove:SW1:eth3:20,26509,0.05,7.699999999999999,11,True,False,True,recovery_success,0.01731755897741426,11,5,5,0,0,0,0,0,0
1751,3777,access_vlan:SW1:eth1:20+access_vlan:SW1:eth2:10+access_vlan:SW2:eth1:20+trunk_remove:SW1:eth3:10+trunk_remove:SW1:eth3:20,26525,0.05,6.3500000000000005,16,True,False,True,recovery_success,0.02870256541064009,16,8,6,0,0,0,0,0,0
1752,3778,access_vlan:SW1:eth2:10+access_vlan:SW2:eth1:20+access_vlan:SW2:eth2:10+trunk_remove:SW1:eth3:20+trunk_remove:SW2:eth3:20,26531,0.05,8.75,6,True,False,True,recovery_success,0.015156509897982081,6,3,2,0,0,0,0,0,0
1753,3779,access_vlan:SW1:eth1:20+access_vlan:SW2:eth2:10+trunk_remove:SW1:eth3:20+trunk_remove:SW2:eth3:10+trunk_remove:SW2:eth3:20,26537,0.05,8.45,6,True,False,True,recovery_success,0.013148171671976646,6,5,0,0,0,0,0,0,0
1754,3780,access_vlan:SW1:eth2:10+access_vlan:SW2:eth1:20,26541,0.05,8.7,4,True,False,True,recovery_success,0.017680147662758827,4,2,1,0,1,1,1,0,0
1755,3781,access_vlan:SW1:eth1:20+access_vlan:SW1:eth2:10+access_vlan:SW2:eth1:20+trunk_remove:SW1:eth3:10,26544,0.05,9.35,3,True,False,True,recovery_success,0.015469319807986418,3,2,0,0,0,0,0,0,0
1756,3782,access_vlan:SW1:eth1:20+access_vlan:SW1:eth2:10+access_vlan:SW2:eth1:20,26546,0.05,9.649999999999999,2,True,False,True,recovery_success,0.011527742724865675,2,1,0,0,0,0,0,0,0
1757,3783,trunk_remove:SW1:eth3:10+trunk_remove:SW2:eth3:10,26550,0.05,9.2,4,True,False,True,recovery_success,0.011193761369213462,4,2,1,0,0,0,0,0,0
1758,3784,access_vlan:SW1:eth2:10+access_vlan:SW2:eth1:20+trunk_remove:SW1:eth3:10+trunk_remove:SW2:eth3:20,26556,0.05,8.6,6,True,False,True,recovery_success,0.012333177961409092,6,4,1,0,0,0,0,0,0
1759,3785,access_vlan:SW1:eth2:10+trunk_remove:SW1:eth3:20+trunk_remove:SW2:eth3:20,26560,0.05,9.049999999999999,4,True,False,True,recovery_success,0.016021847259253263,4,3,0,0,0,0,0,0,0
1760,3786,trunk_remove:SW1:eth3:20+trunk_remove:SW2:eth3:10,26563,0.05,9.35,3,True,False,True,recovery_success,0.011246583269288143,3,2,0,0,0,0,0,0,0
1761,3787,access_vlan:SW1:eth1:20+access_vlan:SW1:eth2:10+access_vlan:SW2:eth1:20+access_vlan:SW2:eth2:10+trunk_remove:SW1:eth3:20+trunk_remove:SW2:eth3:20,26575,0.05,-12.0,12,True,False,False,incorrect_declare_done,0.012216965279852351,12,2,9,0,0,0,0,0,1
1762,3788,access_vlan:SW1:eth2:10+trunk_remove:SW2:eth3:20,26579,0.05,9.2,4,True,False,True,recovery_success,0.014117121929302812,4,2,1,0,0,0,0,0,0
1763,3789,access_vlan:SW2:eth2:10+trunk_remove:SW2:eth3:20,26583,0.05,9.2,4,True,False,True,recovery_success,0.0628280658274889,4,2,1,0,0,0,0,0,0
1764,3790,access_vlan:SW1:eth1:20+access_vlan:SW1:eth2:10+access_vlan:SW2:eth1:20+access_vlan:SW2:eth2:10+trunk_remove:SW1:eth3:10+trunk_remove:SW1:eth3:20+trunk_remove:SW2:eth3:10+trunk_remove:SW2:eth3:20,26588,0.05,8.75,5,True,False,True,recovery_success,0.013635058514773845,5,4,0,0,0,0,0,0,0
1765,3791,access_vlan:SW1:eth2:10+access_vlan:SW2:eth1:20+access_vlan:SW2:eth2:10+trunk_remove:SW1:eth3:10+trunk_remove:SW1:eth3:20+trunk_remove:SW2:eth3:10+trunk_remove:SW2:eth3:20,26604,0.05,4.55,16,True,False,True,recovery_success,0.016277794318739325,16,11,4,0,3,2,3,0,0
1766,3792,access_vlan:SW2:eth1:20+access_vlan:SW2:eth2:10,26608,0.05,8.7,4,True,False,True,recovery_success,0.013107310980558395,4,2,1,0,1,1,1,0,0
1767,3793,access_vlan:SW1:eth1:20+access_vlan:SW2:eth1:20+access_vlan:SW2:eth2:10+trunk_remove:SW1:eth3:20+trunk_remove:SW2:eth3:20,26612,0.05,9.049999999999999,4,True,False,True,recovery_success,0.00793744856491685,4,3,0,0,0,0,0,0,0
1768,3794,access_vlan:SW1:eth1:20+access_vlan:SW2:eth1:20+access_vlan:SW2:eth2:10+trunk_remove:SW1:eth3:20+trunk_remove:SW2:eth3:10+trunk_remove:SW2:eth3:20,26619,0.05,7.6499999999999995,7,True,False,True,recovery_success,0.011419516455914294,7,5,0,0,1,1,1,0,0
1769,3795,access_vlan:SW1:eth1:20+access_vlan:SW1:eth2:10+trunk_remove:SW1:eth3:10+trunk_remove:SW1:eth3:20+trunk_remove:SW2:eth3:10+trunk_remove:SW2:eth3:20,26626,0.05,7.6499999999999995,7,True,False,True,recovery_success,0.010441910542015518,7,6,0,0,1,1,1,0,0
1770,3796,access_vlan:SW1:eth1:20+trunk_remove:SW1:eth3:10+trunk_remove:SW1:eth3:20+trunk_remove:SW2:eth3:20,26631,0.05,8.75,5,True,False,True,recovery_success,0.010925851948559284,5,4,0,0,0,0,0,0,0
1771,3797,access_vlan:SW1:eth1:20+trunk_remove:SW1:eth3:10,26634,0.05,9.35,3,True,False,True,recovery_success,0.009262556831041971,3,2,0,0,0,0,0,0,0
1772,3798,access_vlan:SW1:eth1:20+access_vlan:SW1:eth2:10+trunk_remove:SW1:eth3:20,26638,0.05,8.549999999999999,4,True,False,True,recovery_success,0.00857420009560883,4,3,0,0,1,1,1,0,0
1773,3799,access_vlan:SW1:eth2:10+access_vlan:SW2:eth2:10+trunk_remove:SW1:eth3:20+trunk_remove:SW2:eth3:20,26643,0.05,8.25,5,True,False,True,recovery_success,0.013541849702596665,5,4,0,0,1,1,1,0,0
1774,3800,access_vlan:SW1:eth1:20+access_vlan:SW1:eth2:10+trunk_remove:SW1:eth3:10+trunk_remove:SW1:eth3:20+trunk_remove:SW2:eth3:20,26673,0.05,-6.250000000000003,30,False,True,False,step_limit,0.010880183909709256,30,5,25,0,2,2,2,0,1
1775,3801,access_vlan:SW1:eth1:20+access_vlan:SW2:eth1:20+access_vlan:SW2:eth2:10+trunk_remove:SW1:eth3:20+trunk_remove:SW2:eth3:10+trunk_remove:SW2:eth3:20,26698,0.05,3.5500000000000016,25,True,False,True,recovery_success,0.010632277615368366,25,9,12,0,2,2,1,0,0
1776,3802,access_vlan:SW1:eth1:20+access_vlan:SW1:eth2:10,26701,0.05,8.85,3,True,False,True,recovery_success,0.007911164158334335,3,2,0,0,1,1,1,0,0
1777,3803,access_vlan:SW1:eth2:10+access_vlan:SW2:eth1:20+access_vlan:SW2:eth2:10+trunk_remove:SW1:eth3:20+trunk_remove:SW2:eth3:10+trunk_remove:SW2:eth3:20,26721,0.05,4.4,20,True,False,True,recovery_success,0.018139650230295956,20,7,11,0,3,3,2,0,0
1778,3804,access_vlan:SW1:eth1:20+access_vlan:SW1:eth2:10+access_vlan:SW2:eth1:20+access_vlan:SW2:eth2:10+trunk_remove:SW1:eth3:10+trunk_remove:SW1:eth3:20+trunk_remove:SW2:eth3:10,26731,0.05,7.25,10,True,False,True,recovery_success,0.014209120906889439,10,9,0,0,0,0,0,0,0
1779,3805,access_vlan:SW1:eth1:20+access_vlan:SW1:eth2:10+access_vlan:SW2:eth1:20+access_vlan:SW2:eth2:10,26732,0.05,9.95,1,True,False,True,recovery_success,0.016394613310694695,1,0,0,0,0,0,0,0,0
1780,3806,access_vlan:SW1:eth2:10+access_vlan:SW2:eth1:20+access_vlan:SW2:eth2:10+trunk_remove:SW2:eth3:20,26735,0.05,9.35,3,True,False,True,recovery_success,0.010708482625583807,3,2,0,0,0,0,0,0,0
1781,3807,access_vlan:SW1:eth1:20+access_vlan:SW2:eth2:10+trunk_remove:SW1:eth3:10+trunk_remove:SW2:eth3:10,26740,0.05,8.75,5,True,False,True,recovery_success,0.016888886317610742,5,4,0,0,0,0,0,0,0
1782,3808,access_vlan:SW1:eth1:20+access_vlan:SW1:eth2:10+trunk_remove:SW1:eth3:10+trunk_remove:SW1:eth3:20+trunk_remove:SW2:eth3:10,26746,0.05,7.949999999999999,6,True,False,True,recovery_success,0.04167518919954697,6,5,0,0,1,1,1,0,0
1783,3809,access_vlan:SW2:eth1:20+access_vlan:SW2:eth2:10+trunk_remove:SW1:eth3:10+trunk_remove:SW2:eth3:10+trunk_remove:SW2:eth3:20,26752,0.05,7.949999999999999,6,True,False,True,recovery_success,0.01784329131866495,6,5,0,0,1,1,1,0,0
1784,3810,access_vlan:SW1:eth1:20+access_vlan:SW1:eth2:10+access_vlan:SW2:eth1:20+access_vlan:SW2:eth2:10+trunk_remove:SW1:eth3:10+trunk_remove:SW1:eth3:20+trunk_remove:SW2:eth3:10+trunk_remove:SW2:eth3:20,26759,0.05,7.6499999999999995,7,True,False,True,recovery_success,0.027562288833515986,7,5,0,0,1,1,1,1,0
1785,3811,access_vlan:SW1:eth2:10+access_vlan:SW2:eth2:10+trunk_remove:SW1:eth3:20+trunk_remove:SW2:eth3:20,26764,0.05,8.25,5,True,False,True,recovery_success,0.022340713441371916,5,4,0,0,1,1,1,0,0
1786,3812,access_vlan:SW1:eth2:10+access_vlan:SW2:eth1:20+access_vlan:SW2:eth2:10,26766,0.05,9.649999999999999,2,True,False,True,recovery_success,0.013169238111004233,2,1,0,0,0,0,0,0,0
1787,3813,access_vlan:SW1:eth2:10+access_vlan:SW2:eth1:20,26769,0.05,8.85,3,True,False,True,recovery_success,0.01367520603040854,3,2,0,0,1,1,1,0,0
1788,3814,access_vlan:SW1:eth2:10+access_vlan:SW2:eth1:20+trunk_remove:SW1:eth3:10+trunk_remove:SW2:eth3:10,26777,0.05,7.5,8,True,False,True,recovery_success,0.012118569924496114,8,6,1,0,1,1,1,0,0
1789,3815,access_vlan:SW1:eth1:20+access_vlan:SW1:eth2:10+access_vlan:SW2:eth2:10+trunk_remove:SW1:eth3:20,26807,0.05,-7.400000000000003,30,False,True,False,step_limit,0.012098212959244847,30,6,24,0,4,3,2,0,1
1790,3816,access_vlan:SW1:eth1:20+access_vlan:SW2:eth1:20+trunk_remove:SW1:eth3:20,26811,0.05,9.049999999999999,4,True,False,True,recovery_success,0.011448372853919864,4,3,0,0,0,0,0,0,0
1791,3817,access_vlan:SW2:eth2:10+trunk_remove:SW1:eth3:20+trunk_remove:SW2:eth3:20,26816,0.05,8.899999999999999,5,True,False,True,recovery_success,0.012857598811388015,5,3,1,0,0,0,0,0,0
1792,3818,access_vlan:SW1:eth2:10+access_vlan:SW2:eth1:20+access_vlan:SW2:eth2:10+trunk_remove:SW2:eth3:10+trunk_remove:SW2:eth3:20,26820,0.05,9.049999999999999,4,True,False,True,recovery_success,0.009848932269960642,4,3,0,0,0,0,0,0,0
1793,3819,access_vlan:SW1:eth1:20+access_vlan:SW1:eth2:10+access_vlan:SW2:eth2:10+trunk_remove:SW1:eth3:10+trunk_remove:SW1:eth3:20,26824,0.05,9.049999999999999,4,True,False,True,recovery_success,0.007305858773179352,4,3,0,0,0,0,0,0,0
1794,3820,access_vlan:SW1:eth1:20+access_vlan:SW2:eth2:10+trunk_remove:SW2:eth3:10,26828,0.05,9.049999999999999,4,True,False,True,recovery_success,0.00789727852679789,4,3,0,0,0,0,0,0,0
1795,3821,access_vlan:SW1:eth1:20+access_vlan:SW2:eth1:20+trunk_remove:SW1:eth3:20+trunk_remove:SW2:eth3:10+trunk_remove:SW2:eth3:20,26840,0.05,7.549999999999999,12,True,False,True,recovery_success,0.009398518168988327,12,5,6,0,0,0,0,0,0
1796,3822,access_vlan:SW1:eth1:20+trunk_remove:SW1:eth3:20+trunk_remove:SW2:eth3:10+trunk_remove:SW2:eth3:20,26845,0.05,8.75,5,True,False,True,recovery_success,0.0063588522840291265,5,4,0,0,0,0,0,0,0
1797,3823,access_vlan:SW1:eth1:20+access_vlan:SW1:eth2:10+access_vlan:SW2:eth2:10+trunk_remove:SW1:eth3:10+trunk_remove:SW2:eth3:10+trunk_remove:SW2:eth3:20,26848,0.05,-10.65,3,True,False,False,incorrect_declare_done,0.005069451328987877,3,2,0,0,0,0,0,0,2
1798,3824,access_vlan:SW1:eth1:20+trunk_remove:SW2:eth3:20,26854,0.05,8.1,6,True,False,True,recovery_success,0.00848402160530289,6,4,1,0,1,1,1,0,0
1799,3825,access_vlan:SW1:eth2:10+trunk_remove:SW2:eth3:20,26857,0.05,9.35,3,True,False,True,recovery_success,0.01139911108960708,3,2,0,0,0,0,0,0,0
1800,3826,access_vlan:SW1:eth2:10+trunk_remove:SW1:eth3:10+trunk_remove:SW2:eth3:10+trunk_remove:SW2:eth3:20,26862,0.05,8.75,5,True,False,True,recovery_success,0.009612582065165043,5,4,0,0,0,0,0,0,0
1801,3827,access_vlan:SW1:eth1:20+access_vlan:SW2:eth1:20+access_vlan:SW2:eth2:10+trunk_remove:SW1:eth3:10+trunk_remove:SW1:eth3:20,26866,0.05,8.549999999999999,4,True,False,True,recovery_success,0.00837138807401061,4,3,0,0,1,1,1,0,0
1802,3828,access_vlan:SW1:eth2:10+access_vlan:SW2:eth1:20+trunk_remove:SW1:eth3:10+trunk_remove:SW1:eth3:20,26871,0.05,8.75,5,True,False,True,recovery_success,0.010130417626351118,5,4,0,0,0,0,0,0,0
1803,3829,access_vlan:SW2:eth1:20+access_vlan:SW2:eth2:10+trunk_remove:SW1:eth3:20+trunk_remove:SW2:eth3:20,26899,0.05,4.8,28,True,False,True,recovery_success,0.008875501292225505,28,4,23,0,1,1,1,0,0
1804,3830,access_vlan:SW1:eth2:10+access_vlan:SW2:eth2:10+trunk_remove:SW1:eth3:20+trunk_remove:SW2:eth3:20,26906,0.05,6.1499999999999995,7,True,False,True,recovery_success,0.012568106542208366,7,6,0,0,4,4,2,1,0
1805,3831,access_vlan:SW1:eth2:10+access_vlan:SW2:eth1:20+access_vlan:SW2:eth2:10+trunk_remove:SW1:eth3:20+trunk_remove:SW2:eth3:20,26936,0.05,-4.949999999999999,30,False,True,False,step_limit,0.015296101476997137,30,3,27,0,0,0,0,0,0
1806,3832,access_vlan:SW1:eth2:10+access_vlan:SW2:eth1:20+access_vlan:SW2:eth2:10+trunk_remove:SW1:eth3:20+trunk_remove:SW2:eth3:20,26966,0.05,-5.950000000000004,30,False,True,False,step_limit,0.010252463351935148,30,3,27,0,2,2,1,0,1
1807,3833,access_vlan:SW1:eth1:20+access_vlan:SW2:eth1:20+trunk_remove:SW1:eth3:10,26970,0.05,8.549999999999999,4,True,False,True,recovery_success,0.009261911152862012,4,3,0,0,1,1,1,0,0
1808,3834,access_vlan:SW1:eth1:20+access_vlan:SW1:eth2:10+access_vlan:SW2:eth2:10+trunk_remove:SW1:eth3:10+trunk_remove:SW1:eth3:20+trunk_remove:SW2:eth3:10+trunk_remove:SW2:eth3:20,26983,0.05,7.399999999999999,13,True,False,True,recovery_success,0.012426029066913404,13,5,7,0,0,0,0,0,0
1809,3835,access_vlan:SW1:eth1:20,26985,0.05,9.649999999999999,2,True,False,True,recovery_success,0.010251615662127733,2,1,0,0,0,0,0,0,0
1810,3836,access_vlan:SW1:eth1:20+access_vlan:SW1:eth2:10+access_vlan:SW2:eth1:20+access_vlan:SW2:eth2:10,26986,0.05,9.95,1,True,False,True,recovery_success,0.008436031639575958,1,0,0,0,0,0,0,0,0
1811,3837,access_vlan:SW1:eth1:20+access_vlan:SW1:eth2:10+access_vlan:SW2:eth1:20+trunk_remove:SW1:eth3:10+trunk_remove:SW1:eth3:20+trunk_remove:SW2:eth3:10+trunk_remove:SW2:eth3:20,27012,0.05,5.450000000000001,26,True,False,True,recovery_success,0.019126934106819905,26,5,20,0,0,0,0,0,0
1812,3838,access_vlan:SW1:eth1:20+access_vlan:SW1:eth2:10+access_vlan:SW2:eth1:20+trunk_remove:SW1:eth3:10+trunk_remove:SW1:eth3:20+trunk_remove:SW2:eth3:10+trunk_remove:SW2:eth3:20,27013,0.05,-10.05,1,True,False,False,incorrect_declare_done,0.016936704516410828,1,0,0,0,0,0,0,0,3
1813,3839,access_vlan:SW2:eth2:10+trunk_remove:SW1:eth3:20,27043,0.05,-8.700000000000005,30,False,True,False,step_limit,0.016437351517379285,30,8,22,0,6,5,3,1,0
1814,3840,access_vlan:SW1:eth1:20+access_vlan:SW1:eth2:10+access_vlan:SW2:eth1:20+access_vlan:SW2:eth2:10+trunk_remove:SW1:eth3:10+trunk_remove:SW1:eth3:20+trunk_remove:SW2:eth3:10+trunk_remove:SW2:eth3:20,27048,0.05,8.75,5,True,False,True,recovery_success,0.05023867543786764,5,4,0,0,0,0,0,0,0
1815,3841,access_vlan:SW1:eth1:20+access_vlan:SW1:eth2:10+access_vlan:SW2:eth1:20,27050,0.05,9.649999999999999,2,True,False,True,recovery_success,0.022091261111199856,2,1,0,0,0,0,0,0,0
1816,3842,access_vlan:SW1:eth2:10+access_vlan:SW2:eth2:10+trunk_remove:SW1:eth3:10+trunk_remove:SW2:eth3:10,27055,0.05,8.75,5,True,False,True,recovery_success,0.014054826460778713,5,4,0,0,0,0,0,0,0
1817,3843,access_vlan:SW1:eth2:10+access_vlan:SW2:eth1:20+trunk_remove:SW1:eth3:10,27085,0.05,-5.749999999999999,30,False,True,False,step_limit,0.01932778957610329,30,5,25,0,1,1,1,1,0
1818,3844,access_vlan:SW2:eth2:10+trunk_remove:SW2:eth3:10+trunk_remove:SW2:eth3:20,27101,0.05,7.25,16,True,False,True,recovery_success,0.028544959728606045,16,3,12,0,0,0,0,0,0
1819,3845,access_vlan:SW1:eth1:20+access_vlan:SW2:eth1:20+trunk_remove:SW1:eth3:10+trunk_remove:SW1:eth3:20+trunk_remove:SW2:eth3:10+trunk_remove:SW2:eth3:20,27108,0.05,8.149999999999999,7,True,False,True,recovery_success,0.024183150913034166,7,6,0,0,0,0,0,0,0
1820,3846,access_vlan:SW2:eth1:20+access_vlan:SW2:eth2:10+trunk_remove:SW1:eth3:10+trunk_remove:SW1:eth3:20,27138,0.05,-7.900000000000006,30,False,True,False,step_limit,0.015963429088393846,30,6,24,0,5,5,3,1,0
1821,3847,access_vlan:SW1:eth1:20+access_vlan:SW1:eth2:10+access_vlan:SW2:eth1:20+trunk_remove:SW1:eth3:10+trunk_remove:SW2:eth3:20,27142,0.05,9.049999999999999,4,True,False,True,recovery_success,0.01263459026813507,4,3,0,0,0,0,0,0,0
1822,3848,access_vlan:SW1:eth1:20+trunk_remove:SW1:eth3:10+trunk_remove:SW1:eth3:20+trunk_remove:SW2:eth3:10+trunk_remove:SW2:eth3:20,27172,0.05,-6.0500000000000025,30,False,True,False,step_limit,0.01034982035246988,30,7,23,0,1,1,1,1,0
1823,3849,access_vlan:SW1:eth1:20+access_vlan:SW2:eth1:20+trunk_remove:SW1:eth3:20,27202,0.05,-5.750000000000003,30,False,True,False,step_limit,0.009722863851735989,30,5,25,0,1,1,1,1,0
1824,3850,access_vlan:SW1:eth2:10+access_vlan:SW2:eth2:10+trunk_remove:SW1:eth3:20,27232,0.05,-9.350000000000003,30,False,True,False,step_limit,0.009828239617248376,30,9,21,0,7,5,3,2,0
1825,3851,access_vlan:SW1:eth1:20+access_vlan:SW1:eth2:10+trunk_remove:SW1:eth3:10+trunk_remove:SW2:eth3:20,27262,0.05,-5.600000000000002,30,False,True,False,step_limit,0.010546765678251782,30,4,26,0,1,1,1,0,0
1826,3852,access_vlan:SW1:eth1:20+access_vlan:SW2:eth2:10+trunk_remove:SW1:eth3:10,27284,0.05,5.550000000000001,22,True,False,True,recovery_success,0.009212438863786783,22,5,16,0,1,1,1,1,0
1827,3853,access_vlan:SW1:eth2:10+access_vlan:SW2:eth2:10+trunk_remove:SW1:eth3:10+trunk_remove:SW1:eth3:20+trunk_remove:SW2:eth3:10+trunk_remove:SW2:eth3:20,27302,0.05,5.299999999999999,18,True,False,True,recovery_success,0.007822110434062779,18,10,3,0,0,0,0,0,0
1828,3854,access_vlan:SW1:eth1:20+access_vlan:SW1:eth2:10+access_vlan:SW2:eth1:20+access_vlan:SW2:eth2:10+trunk_remove:SW1:eth3:20+trunk_remove:SW2:eth3:10,27305,0.05,9.35,3,True,False,True,recovery_success,0.011666254295657078,3,2,0,0,0,0,0,0,0
1829,3855,access_vlan:SW1:eth1:20+access_vlan:SW1:eth2:10+access_vlan:SW2:eth1:20+trunk_remove:SW1:eth3:20,27335,0.05,-6.100000000000004,30,False,True,False,step_limit,0.007109031942673027,30,4,26,0,2,2,2,0,0
1830,3856,access_vlan:SW1:eth1:20+access_vlan:SW2:eth1:20,27360,0.05,2.1499999999999995,25,True,False,True,recovery_success,0.007893605846911669,25,8,16,0,6,4,4,2,0
1831,3857,access_vlan:SW2:eth2:10+trunk_remove:SW2:eth3:20,27390,0.05,-6.600000000000006,30,False,True,False,step_limit,0.015805616959308585,30,4,26,0,3,3,1,1,0
1832,3858,access_vlan:SW1:eth2:10+access_vlan:SW2:eth1:20+trunk_remove:SW1:eth3:10,27420,0.05,-7.550000000000004,30,False,True,False,step_limit,0.016316554804022113,30,6,23,0,4,3,2,2,0
1833,3859,access_vlan:SW2:eth1:20+access_vlan:SW2:eth2:10+trunk_remove:SW1:eth3:10+trunk_remove:SW2:eth3:10,27450,0.05,-7.400000000000001,30,False,True,False,step_limit,0.00766527478893598,30,6,24,0,4,3,2,1,0
1834,3860,access_vlan:SW1:eth1:20+trunk_remove:SW1:eth3:10+trunk_remove:SW1:eth3:20+trunk_remove:SW2:eth3:10,27480,0.05,-5.900000000000003,30,False,True,False,step_limit,0.010024384207402667,30,6,24,0,1,1,1,1,0
1835,3861,access_vlan:SW2:eth1:20+trunk_remove:SW1:eth3:10,27510,0.05,-6.399999999999999,30,False,True,False,step_limit,0.020569940687467654,30,4,24,0,2,1,2,2,0
1836,3862,access_vlan:SW1:eth1:20+access_vlan:SW2:eth1:20+trunk_remove:SW2:eth3:10+trunk_remove:SW2:eth3:20,27519,0.05,7.35,9,True,False,True,recovery_success,0.012867233612471156,9,6,2,0,1,1,1,1,0
1837,3863,access_vlan:SW1:eth1:20+trunk_remove:SW1:eth3:10+trunk_remove:SW2:eth3:10+trunk_remove:SW2:eth3:20,27549,0.05,-5.100000000000001,30,False,True,False,step_limit,0.012535645300522447,30,4,26,0,0,0,0,0,0
1838,3864,access_vlan:SW2:eth1:20+trunk_remove:SW1:eth3:10,27579,0.05,-5.600000000000002,30,False,True,False,step_limit,0.009765663013483087,30,4,26,0,1,1,1,0,0
1839,3865,access_vlan:SW2:eth2:10,27588,0.05,6.799999999999999,9,True,False,True,recovery_success,0.008833760343905952,9,3,5,0,3,3,1,1,0
1840,3866,access_vlan:SW1:eth1:20+access_vlan:SW2:eth2:10+trunk_remove:SW1:eth3:10+trunk_remove:SW1:eth3:20,27601,0.05,7.55,13,True,False,True,recovery_success,0.01021397253498435,13,4,8,0,0,0,0,0,0
1841,3867,access_vlan:SW1:eth1:20+access_vlan:SW2:eth1:20+access_vlan:SW2:eth2:10+trunk_remove:SW1:eth3:10+trunk_remove:SW2:eth3:10,27607,0.05,7.949999999999999,6,True,False,True,recovery_success,0.007323510556792219,6,5,0,0,1,1,1,0,0
1842,3868,access_vlan:SW1:eth2:10+trunk_remove:SW1:eth3:10+trunk_remove:SW1:eth3:20+trunk_remove:SW2:eth3:10+trunk_remove:SW2:eth3:20,27613,0.05,8.45,6,True,False,True,recovery_success,0.007853741912792126,6,5,0,0,0,0,0,0,0
1843,3869,access_vlan:SW2:eth2:10+trunk_remove:SW1:eth3:10,27643,0.05,-5.6,30,False,True,False,step_limit,0.00705116707055519,30,4,26,0,1,1,1,1,0
1844,3870,trunk_remove:SW1:eth3:10+trunk_remove:SW1:eth3:20+trunk_remove:SW2:eth3:10,27647,0.05,9.049999999999999,4,True,False,True,recovery_success,0.007872469665016979,4,3,0,0,0,0,0,0,0
1845,3871,access_vlan:SW1:eth1:20+access_vlan:SW1:eth2:10+access_vlan:SW2:eth2:10+trunk_remove:SW1:eth3:20+trunk_remove:SW2:eth3:20,27677,0.05,-6.4499999999999975,30,False,True,False,step_limit,0.008907281832459072,30,8,17,0,0,0,0,0,0
1846,3872,access_vlan:SW1:eth2:10+trunk_remove:SW1:eth3:10+trunk_remove:SW2:eth3:20,27685,0.05,6.6499999999999995,8,True,False,True,recovery_success,0.00943000492407009,8,5,2,0,3,3,1,1,0
1847,3873,access_vlan:SW1:eth2:10+access_vlan:SW2:eth1:20+trunk_remove:SW1:eth3:10,27699,0.05,6.75,14,True,False,True,recovery_success,0.01119212360520448,14,5,8,0,1,1,1,1,0
1848,3874,access_vlan:SW1:eth1:20+access_vlan:SW2:eth1:20+access_vlan:SW2:eth2:10+trunk_remove:SW2:eth3:10,27702,0.05,9.35,3,True,False,True,recovery_success,0.009899897190431753,3,2,0,0,0,0,0,0,0
1849,3875,access_vlan:SW2:eth2:10+trunk_remove:SW1:eth3:10+trunk_remove:SW1:eth3:20,27706,0.05,9.049999999999999,4,True,False,True,recovery_success,0.005132205900736153,4,3,0,0,0,0,0,0,0
1850,3876,access_vlan:SW2:eth2:10+trunk_remove:SW1:eth3:10,27736,0.05,-6.600000000000005,30,False,True,False,step_limit,0.006401862398100396,30,4,26,0,3,3,1,1,0
1851,3877,access_vlan:SW1:eth1:20+access_vlan:SW1:eth2:10+access_vlan:SW2:eth1:20+trunk_remove:SW2:eth3:20,27739,0.05,9.35,3,True,False,True,recovery_success,0.00406479734616975,3,2,0,0,0,0,0,0,0
1852,3878,access_vlan:SW1:eth1:20+access_vlan:SW1:eth2:10+access_vlan:SW2:eth2:10+trunk_remove:SW1:eth3:10+trunk_remove:SW1:eth3:20,27743,0.05,9.049999999999999,4,True,False,True,recovery_success,0.007706858101300895,4,3,0,0,0,0,0,0,0
1853,3879,access_vlan:SW1:eth1:20+access_vlan:SW1:eth2:10+trunk_remove:SW1:eth3:10+trunk_remove:SW1:eth3:20+trunk_remove:SW2:eth3:20,27773,0.05,-8.350000000000007,30,False,True,False,step_limit,0.007095703024727603,30,9,21,0,5,3,3,2,0
1854,3880,trunk_remove:SW1:eth3:10+trunk_remove:SW2:eth3:20,27778,0.05,9.049999999999999,5,True,False,True,recovery_success,0.005218623764812946,5,2,2,0,0,0,0,0,0
1855,3881,access_vlan:SW1:eth1:20+access_vlan:SW1:eth2:10+access_vlan:SW2:eth2:10+trunk_remove:SW1:eth3:10+trunk_remove:SW2:eth3:20,27782,0.05,9.049999999999999,4,True,False,True,recovery_success,0.004250795871485025,4,3,0,0,0,0,0,0,0
1856,3882,access_vlan:SW2:eth1:20+access_vlan:SW2:eth2:10,27812,0.05,-7.9,30,False,True,False,step_limit,0.005997596409482261,30,6,24,0,5,4,3,2,0
1857,3883,access_vlan:SW1:eth1:20+access_vlan:SW1:eth2:10+access_vlan:SW2:eth1:20+access_vlan:SW2:eth2:10+trunk_remove:SW1:eth3:20+trunk_remove:SW2:eth3:10,27817,0.05,8.25,5,True,False,True,recovery_success,0.007120178826153278,5,4,0,0,1,1,1,1,0
1858,3884,access_vlan:SW1:eth2:10+trunk_remove:SW1:eth3:20+trunk_remove:SW2:eth3:10,27828,0.05,7.999999999999999,11,True,False,True,recovery_success,0.005659879354590719,11,3,7,0,0,0,0,0,0
1859,3885,access_vlan:SW2:eth1:20+access_vlan:SW2:eth2:10+trunk_remove:SW1:eth3:10+trunk_remove:SW1:eth3:20,27858,0.05,-5.600000000000002,30,False,True,False,step_limit,0.007422787207178772,30,4,26,0,1,1,1,0,0
1860,3886,access_vlan:SW1:eth1:20+access_vlan:SW1:eth2:10+trunk_remove:SW1:eth3:10+trunk_remove:SW1:eth3:20+trunk_remove:SW2:eth3:10,27864,0.05,7.949999999999999,6,True,False,True,recovery_success,0.0057570794597268105,6,5,0,0,1,1,1,0,0
1861,3887,access_vlan:SW1:eth1:20+access_vlan:SW2:eth1:20+trunk_remove:SW1:eth3:10+trunk_remove:SW1:eth3:20,27877,0.05,7.55,13,True,False,True,recovery_success,0.006527357913840275,13,4,8,0,0,0,0,0,0
1862,3888,access_vlan:SW1:eth1:20+access_vlan:SW2:eth1:20+access_vlan:SW2:eth2:10+trunk_remove:SW1:eth3:10+trunk_remove:SW1:eth3:20+trunk_remove:SW2:eth3:10+trunk_remove:SW2:eth3:20,27883,0.05,8.45,6,True,False,True,recovery_success,0.005664518995520969,6,5,0,0,0,0,0,0,0
1863,3889,access_vlan:SW1:eth1:20+access_vlan:SW1:eth2:10+access_vlan:SW2:eth2:10+trunk_remove:SW1:eth3:10+trunk_remove:SW1:eth3:20+trunk_remove:SW2:eth3:10+trunk_remove:SW2:eth3:20,27889,0.05,8.45,6,True,False,True,recovery_success,0.0047025124852856,6,5,0,0,0,0,0,0,0
1864,3890,access_vlan:SW1:eth1:20+access_vlan:SW1:eth2:10+trunk_remove:SW1:eth3:20,27899,0.05,4.05,10,True,False,True,recovery_success,0.02537443416658789,10,7,2,0,7,5,3,2,0
1865,3891,access_vlan:SW1:eth1:20+trunk_remove:SW1:eth3:10+trunk_remove:SW1:eth3:20,27907,0.05,7.1499999999999995,8,True,False,True,recovery_success,0.007702557253651321,8,5,2,0,2,2,1,0,0
1866,3892,access_vlan:SW1:eth1:20+access_vlan:SW2:eth1:20+trunk_remove:SW1:eth3:20,27918,0.05,7.699999999999999,11,True,False,True,recovery_success,0.007923147810453718,11,5,5,0,0,0,0,0,0
1867,3893,access_vlan:SW1:eth2:10+access_vlan:SW2:eth1:20+trunk_remove:SW1:eth3:10,27922,0.05,9.049999999999999,4,True,False,True,recovery_success,0.00832112436182797,4,3,0,0,0,0,0,0,0
1868,3894,access_vlan:SW1:eth1:20+access_vlan:SW1:eth2:10+access_vlan:SW2:eth2:10+trunk_remove:SW1:eth3:20+trunk_remove:SW2:eth3:20,27926,0.05,9.049999999999999,4,True,False,True,recovery_success,0.011746060219593346,4,3,0,0,0,0,0,0,0
1869,3895,access_vlan:SW2:eth1:20+trunk_remove:SW1:eth3:20+trunk_remove:SW2:eth3:10,27936,0.05,8.15,10,True,False,True,recovery_success,0.01122522831428796,10,3,6,0,0,0,0,0,0
1870,3896,access_vlan:SW2:eth1:20+access_vlan:SW2:eth2:10+trunk_remove:SW1:eth3:20+trunk_remove:SW2:eth3:10+trunk_remove:SW2:eth3:20,27944,0.05,7.6499999999999995,8,True,False,True,recovery_success,0.010266961762681603,8,5,2,0,1,1,1,0,0
1871,3897,trunk_remove:SW1:eth3:20+trunk_remove:SW2:eth3:20,27949,0.05,9.049999999999999,5,True,False,True,recovery_success,0.010493436828255653,5,2,2,0,0,0,0,0,0
1872,3898,access_vlan:SW1:eth1:20+trunk_remove:SW1:eth3:10+trunk_remove:SW1:eth3:20+trunk_remove:SW2:eth3:20,27979,0.05,-7.7000000000000055,30,False,True,False,step_limit,0.006582267753159007,30,8,22,0,4,3,2,2,0
1873,3899,access_vlan:SW2:eth1:20+trunk_remove:SW1:eth3:20+trunk_remove:SW2:eth3:10,27986,0.05,8.6,7,True,False,True,recovery_success,0.007033322605171374,7,3,3,0,0,0,0,0,0
1874,3900,access_vlan:SW1:eth1:20+access_vlan:SW2:eth1:20+access_vlan:SW2:eth2:10+trunk_remove:SW1:eth3:20+trunk_remove:SW2:eth3:20,27990,0.05,9.049999999999999,4,True,False,True,recovery_success,0.006429165601730347,4,3,0,0,0,0,0,0,0
1875,3901,access_vlan:SW1:eth2:10+access_vlan:SW2:eth1:20+trunk_remove:SW1:eth3:10+trunk_remove:SW2:eth3:10+trunk_remove:SW2:eth3:20,27996,0.05,8.45,6,True,False,True,recovery_success,0.004288818609590332,6,5,0,0,0,0,0,0,0
1876,3902,access_vlan:SW2:eth1:20+access_vlan:SW2:eth2:10+trunk_remove:SW1:eth3:10+trunk_remove:SW2:eth3:20,28006,0.05,7.5,10,True,False,True,recovery_success,0.012219898193143309,10,4,5,0,1,1,1,0,0
1877,3903,access_vlan:SW1:eth1:20+access_vlan:SW2:eth1:20+trunk_remove:SW2:eth3:10+trunk_remove:SW2:eth3:20,28014,0.05,7.5,8,True,False,True,recovery_success,0.01377525762654841,8,6,1,0,1,1,1,0,0
1878,3904,access_vlan:SW1:eth2:10+access_vlan:SW2:eth1:20+access_vlan:SW2:eth2:10,28016,0.05,9.649999999999999,2,True,False,True,recovery_success,0.011758907232433558,2,1,0,0,0,0,0,0,0
1879,3905,access_vlan:SW1:eth2:10+access_vlan:SW2:eth1:20+access_vlan:SW2:eth2:10,28020,0.05,9.049999999999999,4,True,False,True,recovery_success,0.010184221668168902,4,3,0,0,0,0,0,0,0
1880,3906,access_vlan:SW1:eth2:10+access_vlan:SW2:eth1:20+trunk_remove:SW1:eth3:10+trunk_remove:SW1:eth3:20+trunk_remove:SW2:eth3:10+trunk_remove:SW2:eth3:20,28028,0.05,7.999999999999999,8,True,False,True,recovery_success,0.010534541215747595,8,6,1,0,0,0,0,0,0
1881,3907,access_vlan:SW1:eth1:20+trunk_remove:SW1:eth3:10+trunk_remove:SW2:eth3:20,28038,0.05,7.35,10,True,False,True,recovery_success,0.011764230765402317,10,4,4,0,1,1,1,0,0
1882,3908,access_vlan:SW1:eth1:20+access_vlan:SW2:eth1:20+trunk_remove:SW2:eth3:10+trunk_remove:SW2:eth3:20,28053,0.05,6.45,15,True,False,True,recovery_success,0.01026700735092163,15,6,8,0,1,1,1,0,0
1883,3909,access_vlan:SW2:eth1:20+access_vlan:SW2:eth2:10+trunk_remove:SW1:eth3:20+trunk_remove:SW2:eth3:10,28059,0.05,8.1,6,True,False,True,recovery_success,0.011746230845650038,6,4,1,0,1,1,1,0,0
1884,3910,access_vlan:SW1:eth2:10+trunk_remove:SW2:eth3:10,28062,0.05,9.35,3,True,False,True,recovery_success,0.010877261403948069,3,2,0,0,0,0,0,0,0
1885,3911,access_vlan:SW1:eth2:10+access_vlan:SW2:eth1:20+access_vlan:SW2:eth2:10+trunk_remove:SW2:eth3:10+trunk_remove:SW2:eth3:20,28066,0.05,9.049999999999999,4,True,False,True,recovery_success,0.011434999061748385,4,3,0,0,0,0,0,0,0
1886,3912,access_vlan:SW1:eth1:20+access_vlan:SW2:eth1:20+trunk_remove:SW1:eth3:10+trunk_remove:SW1:eth3:20+trunk_remove:SW2:eth3:10,28076,0.05,7.85,10,True,False,True,recovery_success,0.008077007997781039,10,5,4,0,0,0,0,0,0
1887,3913,access_vlan:SW1:eth1:20+access_vlan:SW1:eth2:10+trunk_remove:SW1:eth3:10,28080,0.05,8.549999999999999,4,True,False,True,recovery_success,0.00962972897104919,4,3,0,0,1,1,1,0,0
1888,3914,access_vlan:SW1:eth1:20+trunk_remove:SW1:eth3:10+trunk_remove:SW1:eth3:20+trunk_remove:SW2:eth3:10+trunk_remove:SW2:eth3:20,28088,0.05,6.85,8,True,False,True,recovery_success,0.011115727422293276,8,7,0,0,2,2,1,0,0
1889,3915,access_vlan:SW1:eth1:20+access_vlan:SW1:eth2:10+access_vlan:SW2:eth1:20+access_vlan:SW2:eth2:10,28089,0.05,9.95,1,True,False,True,recovery_success,0.003487463342025876,1,0,0,0,0,0,0,0,0
1890,3916,access_vlan:SW1:eth1:20+access_vlan:SW1:eth2:10+access_vlan:SW2:eth1:20+trunk_remove:SW2:eth3:10+trunk_remove:SW2:eth3:20,28093,0.05,9.049999999999999,4,True,False,True,recovery_success,0.007900856551714242,4,3,0,0,0,0,0,0,0
1891,3917,access_vlan:SW1:eth1:20+trunk_remove:SW2:eth3:20,28099,0.05,8.899999999999999,6,True,False,True,recovery_success,0.016130699155231316,6,2,3,0,0,0,0,0,0
1892,3918,access_vlan:SW1:eth1:20+access_vlan:SW1:eth2:10+trunk_remove:SW1:eth3:10+trunk_remove:SW1:eth3:20+trunk_remove:SW2:eth3:10,28105,0.05,7.949999999999999,6,True,False,True,recovery_success,0.012014352173234025,6,5,0,0,1,1,1,0,0
1893,3919,access_vlan:SW1:eth1:20+access_vlan:SW2:eth1:20+access_vlan:SW2:eth2:10+trunk_remove:SW2:eth3:20,28108,0.05,9.35,3,True,False,True,recovery_success,0.007080549374222755,3,2,0,0,0,0,0,0,0
1894,3920,access_vlan:SW1:eth2:10+trunk_remove:SW1:eth3:20+trunk_remove:SW2:eth3:10,28112,0.05,9.049999999999999,4,True,False,True,recovery_success,0.0148676629178226,4,3,0,0,0,0,0,0,0
1895,3921,access_vlan:SW1:eth1:20+access_vlan:SW1:eth2:10+trunk_remove:SW1:eth3:10+trunk_remove:SW1:eth3:20+trunk_remove:SW2:eth3:10+trunk_remove:SW2:eth3:20,28124,0.05,6.1,12,True,False,True,recovery_success,0.032367154878253736,12,8,3,0,2,2,2,0,0
1896,3922,trunk_remove:SW1:eth3:10+trunk_remove:SW1:eth3:20+trunk_remove:SW2:eth3:10,28128,0.05,9.049999999999999,4,True,False,True,recovery_success,0.018656088737770915,4,3,0,0,0,0,0,0,0
1897,3923,access_vlan:SW2:eth1:20+access_vlan:SW2:eth2:10+trunk_remove:SW1:eth3:20+trunk_remove:SW2:eth3:10,28134,0.05,8.1,6,True,False,True,recovery_success,0.018735037650913,6,4,1,0,1,1,1,0,0
1898,3924,access_vlan:SW1:eth2:10+access_vlan:SW2:eth1:20+access_vlan:SW2:eth2:10+trunk_remove:SW1:eth3:20+trunk_remove:SW2:eth3:20,28138,0.05,9.049999999999999,4,True,False,True,recovery_success,0.011750029167160392,4,3,0,0,0,0,0,0,0
1899,3925,access_vlan:SW1:eth1:20+access_vlan:SW2:eth2:10,28141,0.05,8.85,3,True,False,True,recovery_success,0.009267169671754042,3,2,0,0,1,1,1,0,0
1900,3926,access_vlan:SW1:eth1:20+access_vlan:SW1:eth2:10+access_vlan:SW2:eth2:10+trunk_remove:SW1:eth3:10,28144,0.05,9.35,3,True,False,True,recovery_success,0.0163365436407427,3,2,0,0,0,0,0,0,0
1901,3927,access_vlan:SW1:eth1:20+access_vlan:SW2:eth1:20+trunk_remove:SW1:eth3:20,28153,0.05,8.299999999999999,9,True,False,True,recovery_success,0.008832156451212035,9,3,5,0,0,0,0,0,0
1902,3928,access_vlan:SW2:eth2:10+trunk_remove:SW1:eth3:20+trunk_remove:SW2:eth3:20,28167,0.05,7.55,14,True,False,True,recovery_success,0.009224340519202607,14,3,10,0,0,0,0,0,0
1903,3929,access_vlan:SW1:eth2:10+trunk_remove:SW1:eth3:10+trunk_remove:SW2:eth3:10+trunk_remove:SW2:eth3:20,28173,0.05,8.6,6,True,False,True,recovery_success,0.006953965445669989,6,4,1,0,0,0,0,0,0
1904,3930,access_vlan:SW1:eth1:20+trunk_remove:SW1:eth3:10+trunk_remove:SW2:eth3:10+trunk_remove:SW2:eth3:20,28178,0.05,8.75,5,True,False,True,recovery_success,0.007248554658144712,5,4,0,0,0,0,0,0,0
1905,3931,access_vlan:SW1:eth2:10+access_vlan:SW2:eth1:20+access_vlan:SW2:eth2:10+trunk_remove:SW1:eth3:10+trunk_remove:SW1:eth3:20+trunk_remove:SW2:eth3:10+trunk_remove:SW2:eth3:20,28184,0.05,8.45,6,True,False,True,recovery_success,0.007230296342944105,6,5,0,0,0,0,0,0,0
1906,3932,access_vlan:SW1:eth1:20+access_vlan:SW1:eth2:10+access_vlan:SW2:eth2:10+trunk_remove:SW1:eth3:10+trunk_remove:SW1:eth3:20+trunk_remove:SW2:eth3:20,28193,0.05,5.55,9,True,False,True,recovery_success,0.012273271205938525,9,8,0,0,4,4,2,0,0
1907,3933,access_vlan:SW2:eth2:10+trunk_remove:SW2:eth3:20,28199,0.05,8.899999999999999,6,True,False,True,recovery_success,0.008668370079249144,6,2,3,0,0,0,0,0,0
1908,3934,access_vlan:SW1:eth2:10+access_vlan:SW2:eth2:10+trunk_remove:SW2:eth3:10,28204,0.05,8.899999999999999,5,True,False,True,recovery_success,0.011399346310645342,5,3,1,0,0,0,0,0,0
1909,3935,access_vlan:SW1:eth1:20+access_vlan:SW1:eth2:10+access_vlan:SW2:eth2:10+trunk_remove:SW1:eth3:10,28207,0.05,9.35,3,True,False,True,recovery_success,0.008449384166548649,3,2,0,0,0,0,0,0,0
1910,3936,trunk_remove:SW2:eth3:10+trunk_remove:SW2:eth3:20,28211,0.05,9.2,4,True,False,True,recovery_success,0.008813563035801053,4,2,1,0,0,0,0,0,0
1911,3937,access_vlan:SW2:eth2:10+trunk_remove:SW1:eth3:10+trunk_remove:SW2:eth3:10,28215,0.05,9.049999999999999,4,True,False,True,recovery_success,0.007738492626231164,4,3,0,0,0,0,0,0,0
1912,3938,access_vlan:SW2:eth1:20+access_vlan:SW2:eth2:10+trunk_remove:SW1:eth3:10+trunk_remove:SW2:eth3:10+trunk_remove:SW2:eth3:20,28221,0.05,7.949999999999999,6,True,False,True,recovery_success,0.007610387556875746,6,5,0,0,1,1,1,0,0
1913,3939,access_vlan:SW1:eth2:10+access_vlan:SW2:eth1:20+trunk_remove:SW1:eth3:10+trunk_remove:SW2:eth3:10,28226,0.05,8.75,5,True,False,True,recovery_success,0.007912178244441747,5,4,0,0,0,0,0,0,0
1914,3940,access_vlan:SW2:eth1:20+access_vlan:SW2:eth2:10,28237,0.05,6.85,11,True,False,True,recovery_success,0.007532655261456966,11,4,6,0,2,2,2,0,0
1915,3941,access_vlan:SW2:eth1:20+access_vlan:SW2:eth2:10+trunk_remove:SW1:eth3:20+trunk_remove:SW2:eth3:20,28248,0.05,6.049999999999999,11,True,False,True,recovery_success,0.005446070974523371,11,6,4,0,3,2,2,0,0
1916,3942,access_vlan:SW1:eth1:20+access_vlan:SW1:eth2:10+access_vlan:SW2:eth2:10+trunk_remove:SW2:eth3:10,28251,0.05,9.35,3,True,False,True,recovery_success,0.006751026337345441,3,2,0,0,0,0,0,0,0
1917,3943,trunk_remove:SW1:eth3:20+trunk_remove:SW2:eth3:10+trunk_remove:SW2:eth3:20,28256,0.05,8.899999999999999,5,True,False,True,recovery_success,0.006643245182931423,5,3,1,0,0,0,0,0,0
1918,3944,access_vlan:SW1:eth1:20+access_vlan:SW1:eth2:10+access_vlan:SW2:eth1:20+trunk_remove:SW2:eth3:10,28259,0.05,9.35,3,True,False,True,recovery_success,0.004106558471297224,3,2,0,0,0,0,0,0,0
1919,3945,access_vlan:SW1:eth1:20+access_vlan:SW1:eth2:10+access_vlan:SW2:eth2:10,28261,0.05,9.649999999999999,2,True,False,True,recovery_success,0.006294103572145104,2,1,0,0,0,0,0,0,0
1920,3946,access_vlan:SW1:eth1:20+access_vlan:SW1:eth2:10+access_vlan:SW2:eth1:20+trunk_remove:SW1:eth3:10+trunk_remove:SW1:eth3:20+trunk_remove:SW2:eth3:20,28266,0.05,8.75,5,True,False,True,recovery_success,0.008981497026979923,5,4,0,0,0,0,0,0,0
1921,3947,access_vlan:SW1:eth1:20+trunk_remove:SW2:eth3:20,28268,0.05,-10.350000000000001,2,True,False,False,incorrect_declare_done,0.004586572991684079,2,1,0,0,0,0,0,0,1
1922,3948,access_vlan:SW1:eth2:10+trunk_remove:SW2:eth3:20,28271,0.05,9.35,3,True,False,True,recovery_success,0.05529662190626065,3,2,0,0,0,0,0,0,0
1923,3949,access_vlan:SW1:eth1:20+access_vlan:SW1:eth2:10+access_vlan:SW2:eth1:20+trunk_remove:SW1:eth3:10,28274,0.05,9.35,3,True,False,True,recovery_success,0.003389290922010938,3,2,0,0,0,0,0,0,0
1924,3950,access_vlan:SW1:eth2:10+access_vlan:SW2:eth1:20+access_vlan:SW2:eth2:10+trunk_remove:SW1:eth3:20+trunk_remove:SW2:eth3:10+trunk_remove:SW2:eth3:20,28280,0.05,8.6,6,True,False,True,recovery_success,0.010304892358059684,6,4,1,0,0,0,0,0,0
1925,3951,access_vlan:SW1:eth2:10+access_vlan:SW2:eth2:10+trunk_remove:SW1:eth3:20+trunk_remove:SW2:eth3:10,28286,0.05,8.6,6,True,False,True,recovery_success,0.009845001390203834,6,4,1,0,0,0,0,0,0
1926,3952,access_vlan:SW2:eth2:10+trunk_remove:SW1:eth3:10,28289,0.05,9.35,3,True,False,True,recovery_success,0.011459203281750282,3,2,0,0,0,0,0,0,0
1927,3953,access_vlan:SW1:eth2:10+access_vlan:SW2:eth2:10+trunk_remove:SW1:eth3:10,28293,0.05,9.049999999999999,4,True,False,True,recovery_success,0.012988377129659057,4,3,0,0,0,0,0,0,0
1928,3954,access_vlan:SW1:eth2:10+access_vlan:SW2:eth2:10+trunk_remove:SW1:eth3:10+trunk_remove:SW1:eth3:20+trunk_remove:SW2:eth3:10,28299,0.05,8.45,6,True,False,True,recovery_success,0.009389715424428383,6,5,0,0,0,0,0,0,0
1929,3955,access_vlan:SW1:eth2:10+access_vlan:SW2:eth2:10+trunk_remove:SW1:eth3:10,28304,0.05,8.899999999999999,5,True,False,True,recovery_success,0.010923651233315467,5,3,1,0,0,0,0,0,0
1930,3956,access_vlan:SW1:eth1:20+access_vlan:SW1:eth2:10+access_vlan:SW2:eth2:10+trunk_remove:SW1:eth3:10+trunk_remove:SW2:eth3:10,28310,0.05,7.949999999999999,6,True,False,True,recovery_success,0.0071542176107565565,6,5,0,0,1,1,1,1,0
1931,3957,access_vlan:SW2:eth2:10,28312,0.05,9.649999999999999,2,True,False,True,recovery_success,0.008641486056149006,2,1,0,0,0,0,0,0,0
1932,3958,access_vlan:SW1:eth1:20+access_vlan:SW2:eth1:20,28315,0.05,8.85,3,True,False,True,recovery_success,0.008305388502776623,3,2,0,0,1,1,1,0,0
1933,3959,access_vlan:SW1:eth1:20+access_vlan:SW1:eth2:10+access_vlan:SW2:eth2:10+trunk_remove:SW2:eth3:10,28318,0.05,9.35,3,True,False,True,recovery_success,0.0034675320299963155,3,2,0,0,0,0,0,0,0
1934,3960,access_vlan:SW1:eth2:10+access_vlan:SW2:eth2:10+trunk_remove:SW1:eth3:10,28322,0.05,9.049999999999999,4,True,False,True,recovery_success,0.005308115971274674,4,3,0,0,0,0,0,0,0
1935,3961,access_vlan:SW1:eth1:20+access_vlan:SW2:eth1:20,28325,0.05,8.85,3,True,False,True,recovery_success,0.006318278765926759,3,2,0,0,1,1,1,0,0
1936,3962,access_vlan:SW1:eth2:10+access_vlan:SW2:eth1:20+access_vlan:SW2:eth2:10+trunk_remove:SW1:eth3:10+trunk_remove:SW2:eth3:10,28329,0.05,9.049999999999999,4,True,False,True,recovery_success,0.004561248526442796,4,3,0,0,0,0,0,0,0
1937,3963,access_vlan:SW1:eth1:20+access_vlan:SW1:eth2:10+access_vlan:SW2:eth2:10+trunk_remove:SW2:eth3:20,28332,0.05,9.35,3,True,False,True,recovery_success,0.010991294480239352,3,2,0,0,0,0,0,0,0
1938,3964,access_vlan:SW2:eth2:10+trunk_remove:SW1:eth3:20,28337,0.05,7.249999999999999,5,True,False,True,recovery_success,0.007268979400396347,5,4,0,0,3,3,2,0,0
1939,3965,access_vlan:SW2:eth1:20+trunk_remove:SW1:eth3:20+trunk_remove:SW2:eth3:10,28341,0.05,9.049999999999999,4,True,False,True,recovery_success,0.01275378663558513,4,3,0,0,0,0,0,0,0
1940,3966,access_vlan:SW2:eth2:10+trunk_remove:SW1:eth3:10+trunk_remove:SW2:eth3:10+trunk_remove:SW2:eth3:20,28350,0.05,8.15,9,True,False,True,recovery_success,0.00848472397774458,9,4,4,0,0,0,0,0,0
1941,3967,access_vlan:SW1:eth1:20+access_vlan:SW1:eth2:10+access_vlan:SW2:eth1:20+trunk_remove:SW1:eth3:10+trunk_remove:SW2:eth3:10,28356,0.05,7.949999999999999,6,True,False,True,recovery_success,0.006231194517264764,6,5,0,0,1,1,1,1,0
1942,3968,access_vlan:SW1:eth2:10+access_vlan:SW2:eth1:20+trunk_remove:SW1:eth3:10+trunk_remove:SW1:eth3:20,28368,0.05,7.7,12,True,False,True,recovery_success,0.007681955040122072,12,4,7,0,0,0,0,0,0
1943,3969,access_vlan:SW2:eth1:20+access_vlan:SW2:eth2:10+trunk_remove:SW1:eth3:20+trunk_remove:SW2:eth3:10+trunk_remove:SW2:eth3:20,28376,0.05,7.6499999999999995,8,True,False,True,recovery_success,0.006452308502048254,8,5,2,0,1,1,1,0,0
1944,3970,access_vlan:SW1:eth1:20+access_vlan:SW2:eth1:20+access_vlan:SW2:eth2:10+trunk_remove:SW1:eth3:10,28379,0.05,9.35,3,True,False,True,recovery_success,0.003872242600967487,3,2,0,0,0,0,0,0,0
1945,3971,access_vlan:SW1:eth1:20+access_vlan:SW1:eth2:10+access_vlan:SW2:eth2:10+trunk_remove:SW1:eth3:10+trunk_remove:SW2:eth3:10,28383,0.05,9.049999999999999,4,True,False,True,recovery_success,0.007917382405139506,4,3,0,0,0,0,0,0,0
1946,3972,access_vlan:SW1:eth2:10+access_vlan:SW2:eth1:20+access_vlan:SW2:eth2:10+trunk_remove:SW1:eth3:10+trunk_remove:SW1:eth3:20+trunk_remove:SW2:eth3:10,28390,0.05,8.149999999999999,7,True,False,True,recovery_success,0.009209986376975263,7,6,0,0,0,0,0,0,0
1947,3973,access_vlan:SW1:eth1:20+access_vlan:SW2:eth2:10+trunk_remove:SW1:eth3:10+trunk_remove:SW2:eth3:10+trunk_remove:SW2:eth3:20,28396,0.05,8.45,6,True,False,True,recovery_success,0.01583599889030059,6,5,0,0,0,0,0,0,0
1948,3974,access_vlan:SW1:eth2:10+trunk_remove:SW1:eth3:10+trunk_remove:SW2:eth3:20,28403,0.05,8.6,7,True,False,True,recovery_success,0.00852981409324067,7,3,3,0,0,0,0,0,0
1949,3975,access_vlan:SW1:eth1:20+trunk_remove:SW1:eth3:20,28408,0.05,9.049999999999999,5,True,False,True,recovery_success,0.009200299996882677,5,2,2,0,0,0,0,0,0
1950,3976,access_vlan:SW1:eth1:20+access_vlan:SW2:eth1:20+trunk_remove:SW1:eth3:20+trunk_remove:SW2:eth3:20,28416,0.05,8.299999999999999,8,True,False,True,recovery_success,0.009217397891916335,8,4,3,0,0,0,0,0,0
1951,3977,access_vlan:SW2:eth1:20+access_vlan:SW2:eth2:10+trunk_remove:SW1:eth3:10+trunk_remove:SW2:eth3:10+trunk_remove:SW2:eth3:20,28422,0.05,7.949999999999999,6,True,False,True,recovery_success,0.007049415105332931,6,5,0,0,1,1,1,0,0
1952,3978,access_vlan:SW1:eth1:20+access_vlan:SW2:eth1:20+access_vlan:SW2:eth2:10+trunk_remove:SW1:eth3:10+trunk_remove:SW2:eth3:10,28426,0.05,9.049999999999999,4,True,False,True,recovery_success,0.0063711663242429495,4,3,0,0,0,0,0,0,0
1953,3979,access_vlan:SW1:eth1:20+access_vlan:SW1:eth2:10+access_vlan:SW2:eth2:10+trunk_remove:SW1:eth3:10+trunk_remove:SW2:eth3:10+trunk_remove:SW2:eth3:20,28431,0.05,8.75,5,True,False,True,recovery_success,0.018416506983339787,5,4,0,0,0,0,0,0,0
1954,3980,access_vlan:SW2:eth1:20+trunk_remove:SW1:eth3:10+trunk_remove:SW2:eth3:10+trunk_remove:SW2:eth3:20,28440,0.05,6.05,9,True,False,True,recovery_success,0.0040976299852546715,9,8,0,0,3,2,2,0,0
1955,3981,access_vlan:SW2:eth2:10+trunk_remove:SW1:eth3:10+trunk_remove:SW1:eth3:20+trunk_remove:SW2:eth3:10+trunk_remove:SW2:eth3:20,28449,0.05,7.199999999999999,9,True,False,True,recovery_success,0.006951089198183682,9,7,1,0,1,1,1,0,0
1956,3982,access_vlan:SW2:eth1:20+trunk_remove:SW1:eth3:10+trunk_remove:SW1:eth3:20+trunk_remove:SW2:eth3:20,28457,0.05,7.5,8,True,False,True,recovery_success,0.007673358137253672,8,5,1,0,1,1,1,0,0
1957,3983,access_vlan:SW1:eth1:20+access_vlan:SW1:eth2:10+access_vlan:SW2:eth1:20+access_vlan:SW2:eth2:10+trunk_remove:SW1:eth3:20+trunk_remove:SW2:eth3:10,28460,0.05,9.35,3,True,False,True,recovery_success,0.006287070456892252,3,2,0,0,0,0,0,0,0
1958,3984,access_vlan:SW1:eth2:10+access_vlan:SW2:eth2:10+trunk_remove:SW1:eth3:10+trunk_remove:SW1:eth3:20,28466,0.05,8.6,6,True,False,True,recovery_success,0.00483842205721885,6,4,1,0,0,0,0,0,0
1959,3985,access_vlan:SW1:eth2:10+trunk_remove:SW1:eth3:20,28470,0.05,9.2,4,True,False,True,recovery_success,0.006768466962967068,4,2,1,0,0,0,0,0,0
1960,3986,access_vlan:SW1:eth2:10+access_vlan:SW2:eth1:20+access_vlan:SW2:eth2:10+trunk_remove:SW1:eth3:10+trunk_remove:SW2:eth3:10,28474,0.05,9.049999999999999,4,True,False,True,recovery_success,0.005924018158111721,4,3,0,0,0,0,0,0,0
1961,3987,access_vlan:SW1:eth2:10+access_vlan:SW2:eth1:20+trunk_remove:SW1:eth3:20+trunk_remove:SW2:eth3:10+trunk_remove:SW2:eth3:20,28481,0.05,8.299999999999999,7,True,False,True,recovery_success,0.00609760032966733,7,5,1,0,0,0,0,0,0
1962,3988,access_vlan:SW1:eth1:20+access_vlan:SW2:eth1:20+access_vlan:SW2:eth2:10+trunk_remove:SW2:eth3:10,28484,0.05,9.35,3,True,False,True,recovery_success,0.006054689564431707,3,2,0,0,0,0,0,0,0
1963,3989,access_vlan:SW1:eth1:20+access_vlan:SW2:eth1:20+trunk_remove:SW2:eth3:10+trunk_remove:SW2:eth3:20,28489,0.05,8.75,5,True,False,True,recovery_success,0.005170082673430443,5,4,0,0,0,0,0,0,0
1964,3990,access_vlan:SW1:eth2:10+access_vlan:SW2:eth2:10+trunk_remove:SW1:eth3:10,28506,0.05,4.499999999999998,17,True,False,True,recovery_success,0.010218968601239956,17,6,9,0,4,2,2,0,0
1965,3991,access_vlan:SW1:eth1:20+access_vlan:SW1:eth2:10+access_vlan:SW2:eth2:10+trunk_remove:SW1:eth3:10+trunk_remove:SW2:eth3:10,28510,0.05,9.049999999999999,4,True,False,True,recovery_success,0.022188841365277767,4,3,0,0,0,0,0,0,0
1966,3992,access_vlan:SW2:eth2:10+trunk_remove:SW1:eth3:10+trunk_remove:SW1:eth3:20,28517,0.05,8.6,7,True,False,True,recovery_success,0.018225626221724918,7,3,3,0,0,0,0,0,0
1967,3993,access_vlan:SW1:eth1:20+access_vlan:SW1:eth2:10+trunk_remove:SW1:eth3:10+trunk_remove:SW1:eth3:20+trunk_remove:SW2:eth3:10,28523,0.05,7.949999999999999,6,True,False,True,recovery_success,0.014970905923595032,6,5,0,0,1,1,1,0,0
1968,3994,access_vlan:SW1:eth2:10+access_vlan:SW2:eth1:20+access_vlan:SW2:eth2:10+trunk_remove:SW1:eth3:20+trunk_remove:SW2:eth3:20,28529,0.05,7.449999999999999,6,True,False,True,recovery_success,0.009587495277325312,6,4,0,0,2,2,1,0,0
1969,3995,access_vlan:SW1:eth1:20+access_vlan:SW1:eth2:10+access_vlan:SW2:eth1:20+trunk_remove:SW1:eth3:10+trunk_remove:SW2:eth3:20,28559,0.05,-6.500000000000002,30,False,True,False,step_limit,0.010882643113533656,30,10,20,0,1,1,1,0,1
1970,3996,access_vlan:SW1:eth1:20+access_vlan:SW2:eth1:20+access_vlan:SW2:eth2:10+trunk_remove:SW2:eth3:20,28562,0.05,9.35,3,True,False,True,recovery_success,0.010239162171880404,3,2,0,0,0,0,0,0,0
1971,3997,access_vlan:SW1:eth2:10+access_vlan:SW2:eth1:20+access_vlan:SW2:eth2:10+trunk_remove:SW2:eth3:10,28565,0.05,9.35,3,True,False,True,recovery_success,0.010056049562990665,3,2,0,0,0,0,0,0,0
1972,3998,access_vlan:SW1:eth1:20+access_vlan:SW1:eth2:10+access_vlan:SW2:eth2:10+trunk_remove:SW1:eth3:10+trunk_remove:SW1:eth3:20,28569,0.05,9.049999999999999,4,True,False,True,recovery_success,0.007879614480771124,4,3,0,0,0,0,0,0,0
1973,3999,access_vlan:SW1:eth2:10+access_vlan:SW2:eth2:10+trunk_remove:SW1:eth3:10+trunk_remove:SW1:eth3:20+trunk_remove:SW2:eth3:10+trunk_remove:SW2:eth3:20,28582,0.05,7.25,13,True,False,True,recovery_success,0.009908195334271742,13,6,6,0,0,0,0,0,0
1974,4000,access_vlan:SW2:eth1:20+trunk_remove:SW1:eth3:20,28585,0.05,9.35,3,True,False,True,recovery_success,0.007304601060847442,3,2,0,0,0,0,0,0,0
1975,4001,access_vlan:SW1:eth2:10+access_vlan:SW2:eth1:20+access_vlan:SW2:eth2:10+trunk_remove:SW1:eth3:20+trunk_remove:SW2:eth3:20,28589,0.05,9.049999999999999,4,True,False,True,recovery_success,0.007478377083316445,4,3,0,0,0,0,0,0,0
1976,4002,access_vlan:SW1:eth2:10+access_vlan:SW2:eth1:20+trunk_remove:SW1:eth3:10+trunk_remove:SW2:eth3:10+trunk_remove:SW2:eth3:20,28604,0.05,5.699999999999999,15,True,False,True,recovery_success,0.017310979341467223,15,11,3,0,1,1,1,0,0
1977,4003,access_vlan:SW1:eth2:10+access_vlan:SW2:eth1:20+trunk_remove:SW1:eth3:10+trunk_remove:SW1:eth3:20+trunk_remove:SW2:eth3:10+trunk_remove:SW2:eth3:20,28627,0.05,5.750000000000001,23,True,False,True,recovery_success,0.007448283591024254,23,6,16,0,0,0,0,0,0
1978,4004,access_vlan:SW1:eth1:20+access_vlan:SW2:eth1:20+access_vlan:SW2:eth2:10+trunk_remove:SW1:eth3:10+trunk_remove:SW1:eth3:20+trunk_remove:SW2:eth3:10+trunk_remove:SW2:eth3:20,28633,0.05,8.45,6,True,False,True,recovery_success,0.006519229073698322,6,5,0,0,0,0,0,0,0
1979,4005,trunk_remove:SW2:eth3:20,28638,0.05,8.399999999999999,5,True,False,True,recovery_success,0.009138283878564834,5,3,1,0,1,1,1,1,0
1980,4006,access_vlan:SW1:eth2:10+access_vlan:SW2:eth2:10+trunk_remove:SW1:eth3:10+trunk_remove:SW2:eth3:10,28647,0.05,8.15,9,True,False,True,recovery_success,0.007838332145992253,9,4,4,0,0,0,0,0,0
1981,4007,access_vlan:SW2:eth1:20+access_vlan:SW2:eth2:10+trunk_remove:SW1:eth3:10+trunk_remove:SW2:eth3:10,28659,0.05,6.8999999999999995,12,True,False,True,recovery_success,0.008652866429959735,12,6,5,0,1,1,1,0,0
1982,4008,access_vlan:SW2:eth1:20+access_vlan:SW2:eth2:10+trunk_remove:SW1:eth3:20+trunk_remove:SW2:eth3:10+trunk_remove:SW2:eth3:20,28689,0.05,-8.200000000000005,30,False,True,False,step_limit,0.007113613483185569,30,8,22,0,5,4,3,0,1
1983,4009,access_vlan:SW1:eth2:10+access_vlan:SW2:eth1:20,28703,0.05,7.2,14,True,False,True,recovery_success,0.00690761286698814,14,2,11,0,1,1,1,0,0
1984,4010,access_vlan:SW1:eth2:10+access_vlan:SW2:eth1:20+trunk_remove:SW1:eth3:10+trunk_remove:SW1:eth3:20+trunk_remove:SW2:eth3:10,28714,0.05,6.4,11,True,False,True,recovery_success,0.0063761197961866856,11,7,3,0,2,2,1,0,0
1985,4011,access_vlan:SW1:eth1:20+access_vlan:SW2:eth1:20+trunk_remove:SW1:eth3:10+trunk_remove:SW1:eth3:20+trunk_remove:SW2:eth3:20,28721,0.05,8.299999999999999,7,True,False,True,recovery_success,0.006686889766050237,7,5,1,0,0,0,0,0,0
1986,4012,access_vlan:SW1:eth1:20+trunk_remove:SW1:eth3:20,28726,0.05,9.049999999999999,5,True,False,True,recovery_success,0.004620822239667177,5,2,2,0,0,0,0,0,0
1987,4013,access_vlan:SW2:eth1:20+access_vlan:SW2:eth2:10+trunk_remove:SW1:eth3:10+trunk_remove:SW2:eth3:20,28732,0.05,8.1,6,True,False,True,recovery_success,0.006718969826276104,6,4,1,0,1,1,1,0,0
1988,4014,access_vlan:SW1:eth1:20+access_vlan:SW2:eth1:20+trunk_remove:SW1:eth3:10,28736,0.05,8.549999999999999,4,True,False,True,recovery_success,0.005341179145034403,4,3,0,0,1,1,1,0,0
1989,4015,access_vlan:SW1:eth2:10+access_vlan:SW2:eth2:10+trunk_remove:SW1:eth3:10+trunk_remove:SW1:eth3:20+trunk_remove:SW2:eth3:20,28742,0.05,8.45,6,True,False,True,recovery_success,0.029086352481196325,6,5,0,0,0,0,0,0,0
1990,4016,access_vlan:SW2:eth1:20+access_vlan:SW2:eth2:10+trunk_remove:SW1:eth3:20+trunk_remove:SW2:eth3:10,28756,0.05,6.9,14,True,False,True,recovery_success,0.015562917837607009,14,4,9,0,1,1,1,0,0
1991,4017,access_vlan:SW1:eth2:10+access_vlan:SW2:eth1:20+access_vlan:SW2:eth2:10+trunk_remove:SW2:eth3:10,28759,0.05,9.35,3,True,False,True,recovery_success,0.006852634406338136,3,2,0,0,0,0,0,0,0
1992,4018,trunk_remove:SW1:eth3:20+trunk_remove:SW2:eth3:20,28763,0.05,9.2,4,True,False,True,recovery_success,0.008366218768060207,4,2,1,0,0,0,0,0,0
1993,4019,access_vlan:SW1:eth1:20+access_vlan:SW1:eth2:10+access_vlan:SW2:eth2:10+trunk_remove:SW1:eth3:10+trunk_remove:SW1:eth3:20+trunk_remove:SW2:eth3:20,28770,0.05,7.6499999999999995,7,True,False,True,recovery_success,0.007790245315326112,7,6,0,0,1,1,1,1,0
1994,4020,access_vlan:SW1:eth2:10+access_vlan:SW2:eth1:20+trunk_remove:SW1:eth3:10+trunk_remove:SW2:eth3:10+trunk_remove:SW2:eth3:20,28800,0.05,-6.700000000000001,30,False,True,False,step_limit,0.006505610227274398,30,7,22,0,2,2,1,0,1
1995,4021,access_vlan:SW1:eth1:20+access_vlan:SW2:eth1:20+trunk_remove:SW1:eth3:20+trunk_remove:SW2:eth3:20,28813,0.05,-12.3,13,True,False,False,incorrect_declare_done,0.004938522801519587,13,3,9,0,0,0,0,0,1
1996,4022,trunk_remove:SW2:eth3:10+trunk_remove:SW2:eth3:20,28834,0.05,6.35,21,True,False,True,recovery_success,0.006447855682511415,21,4,16,0,0,0,0,0,0
1997,4023,access_vlan:SW2:eth2:10+trunk_remove:SW1:eth3:10+trunk_remove:SW2:eth3:20,28838,0.05,9.049999999999999,4,True,False,True,recovery_success,0.004817826207727194,4,3,0,0,0,0,0,0,0
1998,4024,trunk_remove:SW1:eth3:20+trunk_remove:SW2:eth3:20,28841,0.05,9.35,3,True,False,True,recovery_success,0.0055245535137752695,3,2,0,0,0,0,0,0,0
1999,4025,access_vlan:SW2:eth1:20+access_vlan:SW2:eth2:10+trunk_remove:SW2:eth3:20,28845,0.05,8.549999999999999,4,True,False,True,recovery_success,0.007608423184137791,4,3,0,0,1,1,1,0,0
2000,4026,access_vlan:SW1:eth2:10+access_vlan:SW2:eth1:20+trunk_remove:SW1:eth3:20+trunk_remove:SW2:eth3:10,28854,0.05,8.15,9,True,False,True,recovery_success,0.005356599731991689,9,4,4,0,0,0,0,0,0
2001,4027,access_vlan:SW1:eth2:10+trunk_remove:SW1:eth3:20+trunk_remove:SW2:eth3:10,28860,0.05,8.75,6,True,False,True,recovery_success,0.006510188880686958,6,3,2,0,0,0,0,0,0
2002,4028,access_vlan:SW1:eth2:10+access_vlan:SW2:eth1:20+trunk_remove:SW1:eth3:10+trunk_remove:SW2:eth3:10+trunk_remove:SW2:eth3:20,28869,0.05,-11.850000000000001,9,True,False,False,incorrect_declare_done,0.004879769300007158,9,4,4,0,0,0,0,0,1
2003,4029,access_vlan:SW1:eth2:10+access_vlan:SW2:eth2:10+trunk_remove:SW2:eth3:10,28882,0.05,6.9,13,True,False,True,recovery_success,0.005763122417892401,13,5,7,0,1,1,1,0,0
2004,4030,trunk_remove:SW1:eth3:10+trunk_remove:SW1:eth3:20+trunk_remove:SW2:eth3:20,28887,0.05,8.899999999999999,5,True,False,True,recovery_success,0.0049760016612708565,5,3,1,0,0,0,0,0,0
2005,4031,access_vlan:SW1:eth2:10+trunk_remove:SW1:eth3:10+trunk_remove:SW1:eth3:20,28891,0.05,9.049999999999999,4,True,False,True,recovery_success,0.009968814556486905,4,3,0,0,0,0,0,0,0
2006,4032,access_vlan:SW1:eth2:10+trunk_remove:SW1:eth3:20+trunk_remove:SW2:eth3:10+trunk_remove:SW2:eth3:20,28892,0.05,-10.05,1,True,False,False,incorrect_declare_done,0.010838869959115982,1,0,0,0,0,0,0,0,3
2007,4033,access_vlan:SW2:eth2:10+trunk_remove:SW1:eth3:10+trunk_remove:SW1:eth3:20+trunk_remove:SW2:eth3:10+trunk_remove:SW2:eth3:20,28897,0.05,-11.25,5,True,False,False,incorrect_declare_done,0.006874528247863054,5,4,0,0,0,0,0,0,1
2008,4034,access_vlan:SW2:eth2:10,28899,0.05,9.649999999999999,2,True,False,True,recovery_success,0.004649102687835693,2,1,0,0,0,0,0,0,0
2009,4035,trunk_remove:SW2:eth3:10+trunk_remove:SW2:eth3:20,28910,0.05,8.149999999999999,11,True,False,True,recovery_success,0.005893534134057435,11,2,8,0,0,0,0,0,0
2010,4036,access_vlan:SW1:eth1:20+trunk_remove:SW1:eth3:10,28918,0.05,7.999999999999999,8,True,False,True,recovery_success,0.007388366386294365,8,6,1,0,0,0,0,0,0
2011,4037,access_vlan:SW1:eth1:20+access_vlan:SW2:eth1:20+trunk_remove:SW1:eth3:10+trunk_remove:SW1:eth3:20+trunk_remove:SW2:eth3:10+trunk_remove:SW2:eth3:20,28931,0.05,7.25,13,True,False,True,recovery_success,0.006254386819469241,13,6,6,0,0,0,0,0,0
2012,4038,access_vlan:SW1:eth1:20+access_vlan:SW1:eth2:10+access_vlan:SW2:eth1:20+trunk_remove:SW1:eth3:20+trunk_remove:SW2:eth3:20,28954,0.05,-0.6000000000000032,23,True,False,True,recovery_success,0.013634001603350043,23,10,7,0,10,2,5,0,0
2013,4039,access_vlan:SW2:eth1:20+access_vlan:SW2:eth2:10+trunk_remove:SW1:eth3:20+trunk_remove:SW2:eth3:10,28959,0.05,8.25,5,True,False,True,recovery_success,0.00619174875319004,5,4,0,0,1,1,1,0,0
2014,4040,access_vlan:SW1:eth1:20+access_vlan:SW2:eth1:20+trunk_remove:SW1:eth3:10+trunk_remove:SW1:eth3:20,28965,0.05,8.6,6,True,False,True,recovery_success,0.012145120417699218,6,4,1,0,0,0,0,0,0
2015,4041,access_vlan:SW1:eth1:20+trunk_remove:SW1:eth3:10+trunk_remove:SW2:eth3:10,28974,0.05,6.499999999999999,9,True,False,True,recovery_success,0.007796137697166867,9,5,3,0,3,3,2,0,0
2016,4042,access_vlan:SW1:eth1:20+trunk_remove:SW1:eth3:10+trunk_remove:SW2:eth3:10+trunk_remove:SW2:eth3:20,28991,0.05,4.05,17,True,False,True,recovery_success,0.03729172672747689,17,10,6,0,4,3,2,2,0
2017,4043,access_vlan:SW1:eth2:10+access_vlan:SW2:eth1:20+trunk_remove:SW1:eth3:10+trunk_remove:SW1:eth3:20+trunk_remove:SW2:eth3:10,29021,0.05,-5.900000000000003,30,False,True,False,step_limit,0.02340370025485754,30,6,24,0,1,1,1,0,1
2018,4044,access_vlan:SW1:eth1:20+access_vlan:SW1:eth2:10+access_vlan:SW2:eth2:10,29023,0.05,9.649999999999999,2,True,False,True,recovery_success,0.08470744080841541,2,1,0,0,0,0,0,0,0
2019,4045,access_vlan:SW1:eth2:10+access_vlan:SW2:eth1:20+trunk_remove:SW2:eth3:10,29028,0.05,8.899999999999999,5,True,False,True,recovery_success,0.0181497847661376,5,3,1,0,0,0,0,0,0
2020,4046,access_vlan:SW1:eth1:20+access_vlan:SW1:eth2:10+access_vlan:SW2:eth1:20+trunk_remove:SW1:eth3:10+trunk_remove:SW1:eth3:20+trunk_remove:SW2:eth3:20,29033,0.05,8.75,5,True,False,True,recovery_success,0.019552443735301496,5,4,0,0,0,0,0,0,0
2021,4047,access_vlan:SW1:eth1:20+access_vlan:SW2:eth1:20+trunk_remove:SW1:eth3:10+trunk_remove:SW2:eth3:10+trunk_remove:SW2:eth3:20,29039,0.05,8.45,6,True,False,True,recovery_success,0.01288820430636406,6,5,0,0,0,0,0,0,0
2022,4048,access_vlan:SW1:eth1:20+access_vlan:SW1:eth2:10+access_vlan:SW2:eth1:20+trunk_remove:SW2:eth3:20,29048,0.05,4.55,9,True,False,True,recovery_success,0.016672153336306412,9,8,0,0,6,6,3,1,0
2023,4049,access_vlan:SW1:eth1:20+trunk_remove:SW1:eth3:10+trunk_remove:SW2:eth3:20,29059,0.05,7.999999999999999,11,True,False,True,recovery_success,0.017562747255645016,11,3,7,0,0,0,0,0,0
2024,4050,access_vlan:SW1:eth1:20+access_vlan:SW1:eth2:10+access_vlan:SW2:eth2:10+trunk_remove:SW1:eth3:10,29062,0.05,9.35,3,True,False,True,recovery_success,0.01224067791675528,3,2,0,0,0,0,0,0,0
2025,4051,access_vlan:SW1:eth2:10+access_vlan:SW2:eth1:20+access_vlan:SW2:eth2:10+trunk_remove:SW1:eth3:10+trunk_remove:SW2:eth3:10+trunk_remove:SW2:eth3:20,29071,0.05,6.55,9,True,False,True,recovery_success,0.00897998833614919,9,8,0,0,2,2,2,1,0
2026,4052,access_vlan:SW1:eth2:10+access_vlan:SW2:eth2:10+trunk_remove:SW1:eth3:10+trunk_remove:SW2:eth3:10,29076,0.05,8.75,5,True,False,True,recovery_success,0.01247540106996894,5,4,0,0,0,0,0,0,0
2027,4053,access_vlan:SW1:eth1:20+access_vlan:SW1:eth2:10+access_vlan:SW2:eth1:20+access_vlan:SW2:eth2:10,29077,0.05,9.95,1,True,False,True,recovery_success,0.024707337841391563,1,0,0,0,0,0,0,0,0
2028,4054,access_vlan:SW1:eth2:10+access_vlan:SW2:eth1:20+trunk_remove:SW1:eth3:20+trunk_remove:SW2:eth3:10,29082,0.05,8.75,5,True,False,True,recovery_success,0.013717949762940407,5,4,0,0,0,0,0,0,0
2029,4055,access_vlan:SW1:eth2:10+access_vlan:SW2:eth2:10+trunk_remove:SW1:eth3:20+trunk_remove:SW2:eth3:10,29093,0.05,7.85,11,True,False,True,recovery_success,0.009482572744177147,11,4,6,0,0,0,0,0,0
2030,4056,access_vlan:SW1:eth1:20+access_vlan:SW1:eth2:10+trunk_remove:SW1:eth3:10+trunk_remove:SW1:eth3:20+trunk_remove:SW2:eth3:10,29102,0.05,7.5,9,True,False,True,recovery_success,0.007023057952109311,9,5,3,0,1,1,1,0,0
2031,4057,access_vlan:SW1:eth2:10+access_vlan:SW2:eth2:10+trunk_remove:SW1:eth3:10+trunk_remove:SW2:eth3:10,29113,0.05,7.85,11,True,False,True,recovery_success,0.009822883643209934,11,4,6,0,0,0,0,0,0
2032,4058,access_vlan:SW1:eth2:10+access_vlan:SW2:eth2:10+trunk_remove:SW1:eth3:10,29129,0.05,7.25,16,True,False,True,recovery_success,0.007352612839895301,16,3,12,0,0,0,0,0,0
2033,4059,access_vlan:SW2:eth1:20+trunk_remove:SW2:eth3:20,29132,0.05,9.35,3,True,False,True,recovery_success,0.011392000286529461,3,2,0,0,0,0,0,0,0
2034,4060,access_vlan:SW1:eth1:20+trunk_remove:SW1:eth3:20+trunk_remove:SW2:eth3:10+trunk_remove:SW2:eth3:20,29162,0.05,-5.699999999999998,30,False,True,False,step_limit,0.006857613272344073,30,8,22,0,0,0,0,0,0
2035,4061,access_vlan:SW1:eth1:20+access_vlan:SW2:eth2:10+trunk_remove:SW1:eth3:20+trunk_remove:SW2:eth3:10,29168,0.05,8.6,6,True,False,True,recovery_success,0.005782484426163137,6,4,1,0,0,0,0,0,0
2036,4062,access_vlan:SW1:eth1:20+access_vlan:SW2:eth2:10+trunk_remove:SW1:eth3:10+trunk_remove:SW2:eth3:10,29176,0.05,8.299999999999999,8,True,False,True,recovery_success,0.0064686828991398215,8,4,3,0,0,0,0,0,0
2037,4063,access_vlan:SW1:eth2:10+trunk_remove:SW1:eth3:10+trunk_remove:SW2:eth3:10,29202,0.05,-0.5500000000000007,26,True,False,True,recovery_success,0.0064059669563833336,26,15,10,0,9,6,5,1,0
2038,4064,access_vlan:SW1:eth1:20+access_vlan:SW2:eth1:20+trunk_remove:SW1:eth3:20+trunk_remove:SW2:eth3:10+trunk_remove:SW2:eth3:20,29221,0.05,6.5,19,True,False,True,recovery_success,0.007458520489499757,19,5,13,0,0,0,0,0,0
2039,4065,access_vlan:SW1:eth1:20+access_vlan:SW1:eth2:10+access_vlan:SW2:eth2:10+trunk_remove:SW1:eth3:10+trunk_remove:SW2:eth3:20,29225,0.05,9.049999999999999,4,True,False,True,recovery_success,0.00887584569863975,4,3,0,0,0,0,0,0,0
2040,4066,access_vlan:SW1:eth1:20+access_vlan:SW2:eth1:20+trunk_remove:SW1:eth3:10+trunk_remove:SW1:eth3:20+trunk_remove:SW2:eth3:10+trunk_remove:SW2:eth3:20,29239,0.05,6.800000000000001,14,True,False,True,recovery_success,0.00537554982916585,14,8,5,0,0,0,0,0,0
2041,4067,access_vlan:SW1:eth1:20+access_vlan:SW2:eth1:20+trunk_remove:SW1:eth3:10+trunk_remove:SW1:eth3:20+trunk_remove:SW2:eth3:10,29259,0.05,5.049999999999999,20,True,False,True,recovery_success,0.007528354250825942,20,7,12,0,2,2,1,0,0
2042,4068,access_vlan:SW1:eth1:20+access_vlan:SW2:eth1:20+access_vlan:SW2:eth2:10+trunk_remove:SW1:eth3:10+trunk_remove:SW1:eth3:20,29263,0.05,9.049999999999999,4,True,False,True,recovery_success,0.03370625956449658,4,3,0,0,0,0,0,0,0
2043,4069,access_vlan:SW2:eth1:20+access_vlan:SW2:eth2:10+trunk_remove:SW1:eth3:10+trunk_remove:SW1:eth3:20+trunk_remove:SW2:eth3:10+trunk_remove:SW2:eth3:20,29282,0.05,5.8500000000000005,19,True,False,True,recovery_success,0.011826155143544861,19,6,12,0,1,1,1,0,0
2044,4070,access_vlan:SW1:eth1:20+access_vlan:SW1:eth2:10+access_vlan:SW2:eth1:20+trunk_remove:SW1:eth3:20+trunk_remove:SW2:eth3:10+trunk_remove:SW2:eth3:20,29289,0.05,7.1499999999999995,7,True,False,True,recovery_success,0.007706150046682784,7,6,0,0,2,2,1,0,0
2045,4071,access_vlan:SW2:eth1:20+trunk_remove:SW1:eth3:10+trunk_remove:SW1:eth3:20+trunk_remove:SW2:eth3:20,29295,0.05,8.6,6,True,False,True,recovery_success,0.008008178401117524,6,4,1,0,0,0,0,0,0
2046,4072,access_vlan:SW2:eth2:10+trunk_remove:SW1:eth3:10+trunk_remove:SW2:eth3:20,29321,0.05,3.6499999999999986,26,True,False,True,recovery_success,0.00676130756843262,26,6,18,0,3,3,1,1,0
2047,4073,access_vlan:SW1:eth1:20+access_vlan:SW1:eth2:10+access_vlan:SW2:eth1:20+access_vlan:SW2:eth2:10+trunk_remove:SW1:eth3:10+trunk_remove:SW1:eth3:20+trunk_remove:SW2:eth3:10,29325,0.05,9.049999999999999,4,True,False,True,recovery_success,0.007130641024559736,4,3,0,0,0,0,0,0,0
2048,4074,access_vlan:SW1:eth1:20+access_vlan:SW1:eth2:10+access_vlan:SW2:eth2:10+trunk_remove:SW2:eth3:20,29342,0.05,4.250000000000001,17,True,False,True,recovery_success,0.0061740606530186004,17,11,4,0,3,3,2,0,0
2049,4075,access_vlan:SW1:eth1:20+access_vlan:SW1:eth2:10+access_vlan:SW2:eth2:10+trunk_remove:SW1:eth3:10+trunk_remove:SW1:eth3:20+trunk_remove:SW2:eth3:20,29347,0.05,8.75,5,True,False,True,recovery_success,0.006625086907297373,5,4,0,0,0,0,0,0,0
2050,4076,access_vlan:SW2:eth1:20+access_vlan:SW2:eth2:10+trunk_remove:SW2:eth3:10,29355,0.05,7.949999999999999,8,True,False,True,recovery_success,0.005698547203792259,8,3,4,0,1,1,1,0,0
2051,4077,access_vlan:SW1:eth1:20+access_vlan:SW2:eth1:20+access_vlan:SW2:eth2:10+trunk_remove:SW1:eth3:10+trunk_remove:SW2:eth3:10+trunk_remove:SW2:eth3:20,29360,0.05,8.75,5,True,False,True,recovery_success,0.006246666423976421,5,4,0,0,0,0,0,0,0
2052,4078,access_vlan:SW1:eth1:20+access_vlan:SW2:eth1:20+trunk_remove:SW1:eth3:10+trunk_remove:SW1:eth3:20+trunk_remove:SW2:eth3:10+trunk_remove:SW2:eth3:20,29389,0.05,4.55,29,True,False,True,recovery_success,0.005077370362163618,29,7,20,0,0,0,0,0,0
2053,4079,access_vlan:SW1:eth1:20+access_vlan:SW1:eth2:10+access_vlan:SW2:eth2:10+trunk_remove:SW1:eth3:10+trunk_remove:SW1:eth3:20+trunk_remove:SW2:eth3:10+trunk_remove:SW2:eth3:20,29395,0.05,8.45,6,True,False,True,recovery_success,0.006848702517648538,6,5,0,0,0,0,0,0,0
2054,4080,access_vlan:SW1:eth1:20+access_vlan:SW1:eth2:10+trunk_remove:SW2:eth3:10+trunk_remove:SW2:eth3:20,29406,0.05,7.35,11,True,False,True,recovery_success,0.006976529828865419,11,4,6,0,1,1,1,0,0
2055,4081,access_vlan:SW1:eth1:20+access_vlan:SW1:eth2:10+access_vlan:SW2:eth2:10+trunk_remove:SW1:eth3:20+trunk_remove:SW2:eth3:10,29410,0.05,9.049999999999999,4,True,False,True,recovery_success,0.00818013766547665,4,3,0,0,0,0,0,0,0
2056,4082,access_vlan:SW2:eth1:20+trunk_remove:SW2:eth3:20,29440,0.05,-5.950000000000005,30,False,True,False,step_limit,0.006497289779751251,30,3,27,0,2,2,2,0,3
2057,4083,access_vlan:SW1:eth2:10+access_vlan:SW2:eth1:20+trunk_remove:SW1:eth3:10,29470,0.05,-7.200000000000004,30,False,True,False,step_limit,0.010801940240586798,30,8,22,0,3,3,3,0,2
2058,4084,access_vlan:SW1:eth1:20+access_vlan:SW2:eth1:20+trunk_remove:SW1:eth3:10+trunk_remove:SW1:eth3:20+trunk_remove:SW2:eth3:10+trunk_remove:SW2:eth3:20,29488,0.05,5.2,18,True,False,True,recovery_success,0.006956445945737262,18,7,9,0,2,2,1,0,0
2059,4085,access_vlan:SW2:eth2:10+trunk_remove:SW1:eth3:20+trunk_remove:SW2:eth3:20,29495,0.05,8.299999999999999,7,True,False,True,recovery_success,0.007340606401807496,7,5,1,0,0,0,0,0,0
2060,4086,access_vlan:SW1:eth1:20+trunk_remove:SW2:eth3:10+trunk_remove:SW2:eth3:20,29506,0.05,6.7,11,True,False,True,recovery_success,0.015746207611465998,11,5,5,0,2,2,2,0,0
2061,4087,access_vlan:SW2:eth1:20+trunk_remove:SW1:eth3:20,29529,0.05,3.8500000000000005,23,True,False,True,recovery_success,0.021036733265804207,23,12,10,0,2,2,2,0,0
2062,4088,access_vlan:SW1:eth2:10+trunk_remove:SW1:eth3:20+trunk_remove:SW2:eth3:10+trunk_remove:SW2:eth3:20,29537,0.05,8.299999999999999,8,True,False,True,recovery_success,0.01678624446503818,8,4,3,0,0,0,0,0,0
2063,4089,access_vlan:SW1:eth1:20+trunk_remove:SW1:eth3:10+trunk_remove:SW2:eth3:20,29543,0.05,8.75,6,True,False,True,recovery_success,0.014222433790564537,6,3,2,0,0,0,0,0,0
2064,4090,access_vlan:SW1:eth2:10+trunk_remove:SW1:eth3:10+trunk_remove:SW2:eth3:20,29547,0.05,9.049999999999999,4,True,False,True,recovery_success,0.011336909839883447,4,3,0,0,0,0,0,0,0
2065,4091,access_vlan:SW1:eth1:20+access_vlan:SW1:eth2:10+trunk_remove:SW1:eth3:10+trunk_remove:SW1:eth3:20+trunk_remove:SW2:eth3:10+trunk_remove:SW2:eth3:20,29568,0.05,5.550000000000001,21,True,False,True,recovery_success,0.01314501262580355,21,6,14,0,1,1,1,0,0
2066,4092,access_vlan:SW1:eth1:20+access_vlan:SW1:eth2:10+access_vlan:SW2:eth1:20+access_vlan:SW2:eth2:10+trunk_remove:SW1:eth3:10+trunk_remove:SW2:eth3:10+trunk_remove:SW2:eth3:20,29572,0.05,9.049999999999999,4,True,False,True,recovery_success,0.011827697861008346,4,3,0,0,0,0,0,0,0
2067,4093,access_vlan:SW1:eth2:10+trunk_remove:SW1:eth3:20+trunk_remove:SW2:eth3:10,29579,0.05,-10.950000000000001,7,True,False,False,incorrect_declare_done,0.010774204307901008,7,0,6,0,0,0,0,0,3
2068,4094,access_vlan:SW1:eth1:20+access_vlan:SW1:eth2:10+access_vlan:SW2:eth2:10+trunk_remove:SW1:eth3:20,29584,0.05,7.749999999999999,5,True,False,True,recovery_success,0.008938630297780036,5,4,0,0,2,2,1,0,0
2069,4095,access_vlan:SW1:eth1:20+trunk_remove:SW1:eth3:10+trunk_remove:SW1:eth3:20+trunk_remove:SW2:eth3:10+trunk_remove:SW2:eth3:20,29592,0.05,7.85,8,True,False,True,recovery_success,0.015272496151737869,8,7,0,0,0,0,0,0,0
2070,4096,access_vlan:SW1:eth2:10+access_vlan:SW2:eth1:20+access_vlan:SW2:eth2:10+trunk_remove:SW2:eth3:20,29595,0.05,9.35,3,True,False,True,recovery_success,0.013680775339404741,3,2,0,0,0,0,0,0,0
2071,4097,access_vlan:SW2:eth1:20+access_vlan:SW2:eth2:10+trunk_remove:SW1:eth3:10+trunk_remove:SW2:eth3:10,29600,0.05,8.25,5,True,False,True,recovery_success,0.010120028164237738,5,4,0,0,1,1,1,0,0
2072,4098,access_vlan:SW1:eth2:10+trunk_remove:SW1:eth3:10+trunk_remove:SW2:eth3:10+trunk_remove:SW2:eth3:20,29614,0.05,6.3,14,True,False,True,recovery_success,0.008142952657570797,14,8,5,0,1,1,1,0,0
2073,4099,access_vlan:SW1:eth1:20+trunk_remove:SW1:eth3:20,29623,0.05,8.45,9,True,False,True,recovery_success,0.013189404426763454,9,2,6,0,0,0,0,0,0
2074,4100,trunk_remove:SW1:eth3:10+trunk_remove:SW1:eth3:20+trunk_remove:SW2:eth3:10,29627,0.05,9.049999999999999,4,True,False,True,recovery_success,0.011599424993619323,4,3,0,0,0,0,0,0,0
2075,4101,access_vlan:SW1:eth1:20+access_vlan:SW1:eth2:10+trunk_remove:SW1:eth3:10+trunk_remove:SW1:eth3:20+trunk_remove:SW2:eth3:10+trunk_remove:SW2:eth3:20,29653,0.05,4.500000000000001,26,True,False,True,recovery_success,0.015034459244746428,26,8,17,0,1,1,1,0,0
2076,4102,access_vlan:SW1:eth1:20+access_vlan:SW1:eth2:10+access_vlan:SW2:eth1:20+trunk_remove:SW1:eth3:10,29656,0.05,9.35,3,True,False,True,recovery_success,0.010402154177427292,3,2,0,0,0,0,0,0,0
2077,4103,access_vlan:SW1:eth1:20+access_vlan:SW1:eth2:10+access_vlan:SW2:eth1:20+access_vlan:SW2:eth2:10+trunk_remove:SW1:eth3:20+trunk_remove:SW2:eth3:20,29659,0.05,9.35,3,True,False,True,recovery_success,0.009795582542816797,3,2,0,0,0,0,0,0,0
2078,4104,access_vlan:SW2:eth2:10+trunk_remove:SW1:eth3:10,29663,0.05,9.2,4,True,False,True,recovery_success,0.010601044865325093,4,2,1,0,0,0,0,0,0
2079,4105,access_vlan:SW1:eth2:10+access_vlan:SW2:eth1:20+access_vlan:SW2:eth2:10+trunk_remove:SW1:eth3:20+trunk_remove:SW2:eth3:10,29667,0.05,9.049999999999999,4,True,False,True,recovery_success,0.012443384155631065,4,3,0,0,0,0,0,0,0
2080,4106,access_vlan:SW1:eth1:20+trunk_remove:SW2:eth3:10,29670,0.05,9.35,3,True,False,True,recovery_success,0.009047530281047026,3,2,0,0,0,0,0,0,0
2081,4107,trunk_remove:SW1:eth3:10+trunk_remove:SW1:eth3:20+trunk_remove:SW2:eth3:10,29674,0.05,9.049999999999999,4,True,False,True,recovery_success,0.01295203110203147,4,3,0,0,0,0,0,0,0
2082,4108,access_vlan:SW1:eth1:20+access_vlan:SW1:eth2:10+access_vlan:SW2:eth1:20+trunk_remove:SW1:eth3:10+trunk_remove:SW1:eth3:20+trunk_remove:SW2:eth3:10+trunk_remove:SW2:eth3:20,29686,0.05,5.15,12,True,False,True,recovery_success,0.013045639808600148,12,8,0,0,3,1,3,0,0
2083,4109,access_vlan:SW2:eth1:20+access_vlan:SW2:eth2:10+trunk_remove:SW1:eth3:10+trunk_remove:SW1:eth3:20,29697,0.05,7.35,11,True,False,True,recovery_success,0.007354694968936118,11,4,6,0,1,1,1,0,0
2084,4110,access_vlan:SW1:eth1:20+access_vlan:SW2:eth1:20+access_vlan:SW2:eth2:10+trunk_remove:SW1:eth3:20,29700,0.05,9.35,3,True,False,True,recovery_success,0.011307637207210064,3,2,0,0,0,0,0,0,0
2085,4111,access_vlan:SW1:eth1:20+access_vlan:SW1:eth2:10+access_vlan:SW2:eth1:20+access_vlan:SW2:eth2:10+trunk_remove:SW2:eth3:10+trunk_remove:SW2:eth3:20,29703,0.05,9.35,3,True,False,True,recovery_success,0.007861198391765356,3,2,0,0,0,0,0,0,0
2086,4112,access_vlan:SW1:eth2:10+trunk_remove:SW2:eth3:20,29706,0.05,9.35,3,True,False,True,recovery_success,0.00614220214386781,3,2,0,0,0,0,0,0,0
2087,4113,access_vlan:SW1:eth2:10+access_vlan:SW2:eth1:20+trunk_remove:SW1:eth3:10+trunk_remove:SW1:eth3:20+trunk_remove:SW2:eth3:10+trunk_remove:SW2:eth3:20,29736,0.05,-5.4,30,False,True,False,step_limit,0.0077284593135118484,30,5,24,0,0,0,0,0,2
2088,4114,access_vlan:SW1:eth1:20+trunk_remove:SW1:eth3:10+trunk_remove:SW1:eth3:20+trunk_remove:SW2:eth3:20,29744,0.05,7.999999999999999,8,True,False,True,recovery_success,0.007403188152238727,8,6,1,0,0,0,0,0,0
2089,4115,access_vlan:SW1:eth1:20+access_vlan:SW1:eth2:10+access_vlan:SW2:eth1:20+trunk_remove:SW1:eth3:10+trunk_remove:SW2:eth3:20,29748,0.05,9.049999999999999,4,True,False,True,recovery_success,0.006084807449951768,4,3,0,0,0,0,0,0,0
2090,4116,access_vlan:SW1:eth1:20+access_vlan:SW1:eth2:10+access_vlan:SW2:eth1:20+access_vlan:SW2:eth2:10+trunk_remove:SW2:eth3:10,29750,0.05,9.649999999999999,2,True,False,True,recovery_success,0.005976666230708361,2,1,0,0,0,0,0,0,0
2091,4117,access_vlan:SW1:eth2:10+access_vlan:SW2:eth2:10+trunk_remove:SW1:eth3:10+trunk_remove:SW2:eth3:10,29780,0.05,-4.65,30,False,True,False,step_limit,0.01202491494671752,30,1,29,0,0,0,0,0,3
2092,4118,access_vlan:SW1:eth2:10+access_vlan:SW2:eth1:20+access_vlan:SW2:eth2:10+trunk_remove:SW1:eth3:10+trunk_remove:SW1:eth3:20+trunk_remove:SW2:eth3:10,29787,0.05,7.1499999999999995,7,True,False,True,recovery_success,0.010763210177953755,7,6,0,0,2,2,1,0,0
2093,4119,access_vlan:SW1:eth1:20+access_vlan:SW1:eth2:10+access_vlan:SW2:eth2:10+trunk_remove:SW2:eth3:10,29790,0.05,9.35,3,True,False,True,recovery_success,0.014086187817156315,3,2,0,0,0,0,0,0,0
2094,4120,access_vlan:SW1:eth2:10+access_vlan:SW2:eth1:20+trunk_remove:SW1:eth3:10+trunk_remove:SW2:eth3:20,29794,0.05,-10.65,4,True,False,False,incorrect_declare_done,0.006812856066972017,4,1,2,0,0,0,0,0,4
2095,4121,access_vlan:SW2:eth2:10+trunk_remove:SW1:eth3:10,29797,0.05,9.35,3,True,False,True,recovery_success,0.007616675303628047,3,2,0,0,0,0,0,0,0
2096,4122,trunk_remove:SW1:eth3:20+trunk_remove:SW2:eth3:20,29800,0.05,9.35,3,True,False,True,recovery_success,0.008844955203433832,3,2,0,0,0,0,0,0,0
2097,4123,access_vlan:SW1:eth1:20+access_vlan:SW1:eth2:10+access_vlan:SW2:eth1:20+access_vlan:SW2:eth2:10+trunk_remove:SW2:eth3:10+trunk_remove:SW2:eth3:20,29803,0.05,9.35,3,True,False,True,recovery_success,0.007747025151426594,3,2,0,0,0,0,0,0,0
2098,4124,access_vlan:SW2:eth2:10+trunk_remove:SW1:eth3:10+trunk_remove:SW1:eth3:20+trunk_remove:SW2:eth3:10+trunk_remove:SW2:eth3:20,29809,0.05,8.45,6,True,False,True,recovery_success,0.007997686431432763,6,5,0,0,0,0,0,0,0
2099,4125,trunk_remove:SW1:eth3:10+trunk_remove:SW1:eth3:20+trunk_remove:SW2:eth3:20,29814,0.05,8.899999999999999,5,True,False,True,recovery_success,0.007463722489774227,5,3,1,0,0,0,0,0,0
2100,4126,trunk_remove:SW1:eth3:20+trunk_remove:SW2:eth3:20,29820,0.05,7.1,6,True,False,True,recovery_success,0.006033954326994717,6,4,1,0,3,3,1,1,0
2101,4127,access_vlan:SW1:eth1:20+access_vlan:SW1:eth2:10+access_vlan:SW2:eth1:20+trunk_remove:SW1:eth3:20+trunk_remove:SW2:eth3:10+trunk_remove:SW2:eth3:20,29825,0.05,8.75,5,True,False,True,recovery_success,0.006621554400771857,5,4,0,0,0,0,0,0,0
2102,4128,access_vlan:SW1:eth2:10+trunk_remove:SW1:eth3:10,29828,0.05,9.35,3,True,False,True,recovery_success,0.021192428035040695,3,2,0,0,0,0,0,0,0
2103,4129,access_vlan:SW1:eth1:20+access_vlan:SW1:eth2:10+access_vlan:SW2:eth1:20+trunk_remove:SW1:eth3:10+trunk_remove:SW2:eth3:10,29832,0.05,9.049999999999999,4,True,False,True,recovery_success,0.01114331092685461,4,3,0,0,0,0,0,0,0
2104,4130,access_vlan:SW1:eth1:20+access_vlan:SW1:eth2:10+access_vlan:SW2:eth2:10,29834,0.05,9.649999999999999,2,True,False,True,recovery_success,0.012448016088455915,2,1,0,0,0,0,0,0,0
2105,4131,access_vlan:SW2:eth1:20+trunk_remove:SW1:eth3:10+trunk_remove:SW1:eth3:20,29838,0.05,9.049999999999999,4,True,False,True,recovery_success,0.00720708689186722,4,3,0,0,0,0,0,0,0
2106,4132,access_vlan:SW1:eth1:20+access_vlan:SW1:eth2:10+trunk_remove:SW1:eth3:20+trunk_remove:SW2:eth3:20,29849,0.05,6.05,11,True,False,True,recovery_success,0.009820290968160738,11,6,4,0,3,3,2,0,0
2107,4133,access_vlan:SW1:eth1:20+access_vlan:SW2:eth1:20+access_vlan:SW2:eth2:10+trunk_remove:SW1:eth3:10+trunk_remove:SW2:eth3:10,29853,0.05,9.049999999999999,4,True,False,True,recovery_success,0.005742737324908376,4,3,0,0,0,0,0,0,0
2108,4134,access_vlan:SW1:eth1:20+access_vlan:SW1:eth2:10+access_vlan:SW2:eth2:10+trunk_remove:SW2:eth3:20,29856,0.05,9.35,3,True,False,True,recovery_success,0.0076162549667060375,3,2,0,0,0,0,0,0,0
2109,4135,access_vlan:SW1:eth2:10+trunk_remove:SW1:eth3:20+trunk_remove:SW2:eth3:10,29870,0.05,7.049999999999999,14,True,False,True,recovery_success,0.006971329650176423,14,3,10,0,1,1,1,0,0
2110,4136,access_vlan:SW2:eth2:10+trunk_remove:SW1:eth3:10+trunk_remove:SW2:eth3:20,29878,0.05,8.45,8,True,False,True,recovery_success,0.00988905451958999,8,3,4,0,0,0,0,0,0
2111,4137,access_vlan:SW1:eth1:20+access_vlan:SW2:eth2:10+trunk_remove:SW1:eth3:10+trunk_remove:SW2:eth3:10+trunk_remove:SW2:eth3:20,29885,0.05,8.299999999999999,7,True,False,True,recovery_success,0.024413186690903137,7,5,1,0,0,0,0,0,0
2112,4138,access_vlan:SW2:eth1:20+access_vlan:SW2:eth2:10+trunk_remove:SW1:eth3:10+trunk_remove:SW1:eth3:20+trunk_remove:SW2:eth3:20,29896,0.05,7.2,11,True,False,True,recovery_success,0.01663135335018689,11,5,5,0,1,1,1,0,0
2113,4139,access_vlan:SW2:eth2:10+trunk_remove:SW2:eth3:10+trunk_remove:SW2:eth3:20,29900,0.05,9.049999999999999,4,True,False,True,recovery_success,0.013520483858883381,4,3,0,0,0,0,0,0,0
2114,4140,trunk_remove:SW1:eth3:10,29902,0.05,9.649999999999999,2,True,False,True,recovery_success,0.018558533862233162,2,1,0,0,0,0,0,0,0
2115,4141,access_vlan:SW2:eth1:20+access_vlan:SW2:eth2:10+trunk_remove:SW1:eth3:10+trunk_remove:SW2:eth3:10+trunk_remove:SW2:eth3:20,29904,0.05,-10.350000000000001,2,True,False,False,incorrect_declare_done,0.0073402333073318005,2,1,0,0,0,0,0,0,2
2116,4142,trunk_remove:SW1:eth3:20+trunk_remove:SW2:eth3:10+trunk_remove:SW2:eth3:20,29908,0.05,9.049999999999999,4,True,False,True,recovery_success,0.007632035412825644,4,3,0,0,0,0,0,0,0
2117,4143,access_vlan:SW1:eth1:20+trunk_remove:SW1:eth3:10+trunk_remove:SW1:eth3:20,29912,0.05,9.049999999999999,4,True,False,True,recovery_success,0.01557995326584205,4,3,0,0,0,0,0,0,0
2118,4144,access_vlan:SW1:eth1:20+access_vlan:SW1:eth2:10+trunk_remove:SW1:eth3:10+trunk_remove:SW2:eth3:10+trunk_remove:SW2:eth3:20,29918,0.05,7.949999999999999,6,True,False,True,recovery_success,0.008135561753685275,6,5,0,0,1,1,1,0,0
2119,4145,trunk_remove:SW1:eth3:10+trunk_remove:SW1:eth3:20+trunk_remove:SW2:eth3:10,29934,0.05,7.25,16,True,False,True,recovery_success,0.008063779649091884,16,3,12,0,0,0,0,0,0
2120,4146,access_vlan:SW1:eth1:20+access_vlan:SW1:eth2:10+access_vlan:SW2:eth1:20+access_vlan:SW2:eth2:10+trunk_remove:SW1:eth3:10+trunk_remove:SW2:eth3:10+trunk_remove:SW2:eth3:20,29938,0.05,9.049999999999999,4,True,False,True,recovery_success,0.00609663559589535,4,3,0,0,0,0,0,0,0
2121,4147,access_vlan:SW2:eth1:20+access_vlan:SW2:eth2:10+trunk_remove:SW2:eth3:10+trunk_remove:SW2:eth3:20,29947,0.05,7.6499999999999995,9,True,False,True,recovery_success,0.007506417990144756,9,4,4,0,1,1,1,0,0
2122,4148,trunk_remove:SW1:eth3:10+trunk_remove:SW1:eth3:20+trunk_remove:SW2:eth3:20,29952,0.05,8.899999999999999,5,True,False,True,recovery_success,0.01187444869428873,5,3,1,0,0,0,0,0,0
2123,4149,access_vlan:SW1:eth2:10+trunk_remove:SW1:eth3:20+trunk_remove:SW2:eth3:10+trunk_remove:SW2:eth3:20,29964,0.05,5.3999999999999995,12,True,False,True,recovery_success,0.005126622001019617,12,6,5,0,4,3,2,1,0
2124,4150,access_vlan:SW1:eth1:20+access_vlan:SW1:eth2:10+access_vlan:SW2:eth1:20+trunk_remove:SW1:eth3:10+trunk_remove:SW1:eth3:20,29968,0.05,9.049999999999999,4,True,False,True,recovery_success,0.007847295026294887,4,3,0,0,0,0,0,0,0
2125,4151,access_vlan:SW1:eth2:10+access_vlan:SW2:eth1:20+access_vlan:SW2:eth2:10+trunk_remove:SW1:eth3:10+trunk_remove:SW2:eth3:10+trunk_remove:SW2:eth3:20,29973,0.05,8.75,5,True,False,True,recovery_success,0.0052118736784905195,5,4,0,0,0,0,0,0,0
2126,4152,access_vlan:SW1:eth1:20+access_vlan:SW1:eth2:10+access_vlan:SW2:eth2:10+trunk_remove:SW1:eth3:10+trunk_remove:SW2:eth3:10+trunk_remove:SW2:eth3:20,29978,0.05,8.75,5,True,False,True,recovery_success,0.004301119688898325,5,4,0,0,0,0,0,0,0
2127,4153,access_vlan:SW1:eth1:20+access_vlan:SW2:eth1:20+trunk_remove:SW1:eth3:10+trunk_remove:SW1:eth3:20+trunk_remove:SW2:eth3:10+trunk_remove:SW2:eth3:20,29994,0.05,6.800000000000001,16,True,False,True,recovery_success,0.016549009713344276,16,6,9,0,0,0,0,0,0
2128,4154,access_vlan:SW2:eth1:20+trunk_remove:SW1:eth3:10,29997,0.05,9.35,3,True,False,True,recovery_success,0.011431753790626923,3,2,0,0,0,0,0,0,0
2129,4155,access_vlan:SW2:eth1:20+access_vlan:SW2:eth2:10+trunk_remove:SW1:eth3:10+trunk_remove:SW1:eth3:20+trunk_remove:SW2:eth3:10+trunk_remove:SW2:eth3:20,30006,0.05,7.35,9,True,False,True,recovery_success,0.0270137800835073,9,6,2,0,1,1,1,0,0
2130,4156,access_vlan:SW1:eth1:20+access_vlan:SW1:eth2:10+access_vlan:SW2:eth2:10+trunk_remove:SW1:eth3:20+trunk_remove:SW2:eth3:10,30011,0.05,8.899999999999999,5,True,False,True,recovery_success,0.02423678506165743,5,3,1,0,0,0,0,0,0
2131,4157,access_vlan:SW1:eth1:20+access_vlan:SW1:eth2:10+access_vlan:SW2:eth1:20,30013,0.05,9.649999999999999,2,True,False,True,recovery_success,0.021546549163758755,2,1,0,0,0,0,0,0,0
2132,4158,access_vlan:SW2:eth2:10+trunk_remove:SW1:eth3:20+trunk_remove:SW2:eth3:20,30017,0.05,9.049999999999999,4,True,False,True,recovery_success,0.022987303789705038,4,3,0,0,0,0,0,0,0
2133,4159,access_vlan:SW2:eth2:10+trunk_remove:SW1:eth3:20+trunk_remove:SW2:eth3:20,30029,0.05,7.25,12,True,False,True,recovery_success,0.020982771335790556,12,7,4,0,0,0,0,0,0
2134,4160,access_vlan:SW1:eth1:20+trunk_remove:SW1:eth3:20+trunk_remove:SW2:eth3:10+trunk_remove:SW2:eth3:20,30034,0.05,8.75,5,True,False,True,recovery_success,0.02084085363894701,5,4,0,0,0,0,0,0,0
2135,4161,access_vlan:SW2:eth2:10,30038,0.05,8.549999999999999,4,True,False,True,recovery_success,0.012730391346849501,4,3,0,0,1,1,1,0,0
2136,4162,access_vlan:SW1:eth1:20+trunk_remove:SW1:eth3:10+trunk_remove:SW2:eth3:20,30044,0.05,8.45,6,True,False,True,recovery_success,0.009812764124944806,6,5,0,0,0,0,0,0,0
2137,4163,access_vlan:SW1:eth1:20+trunk_remove:SW1:eth3:10+trunk_remove:SW2:eth3:10+trunk_remove:SW2:eth3:20,30049,0.05,8.75,5,True,False,True,recovery_success,0.01315093170851469,5,4,0,0,0,0,0,0,0
2138,4164,access_vlan:SW2:eth2:10+trunk_remove:SW1:eth3:10,30052,0.05,9.35,3,True,False,True,recovery_success,0.009192180664589008,3,2,0,0,0,0,0,0,0
2139,4165,access_vlan:SW1:eth1:20+access_vlan:SW2:eth2:10+trunk_remove:SW1:eth3:20+trunk_remove:SW2:eth3:10+trunk_remove:SW2:eth3:20,30058,0.05,8.45,6,True,False,True,recovery_success,0.013422574071834484,6,5,0,0,0,0,0,0,0
2140,4166,access_vlan:SW1:eth1:20+access_vlan:SW2:eth2:10+trunk_remove:SW1:eth3:10+trunk_remove:SW2:eth3:10,30064,0.05,8.1,6,True,False,True,recovery_success,0.010972719561929503,6,4,1,0,1,1,1,0,0
2141,4167,access_vlan:SW1:eth2:10+access_vlan:SW2:eth1:20+access_vlan:SW2:eth2:10+trunk_remove:SW2:eth3:10,30067,0.05,9.35,3,True,False,True,recovery_success,0.00770632845039169,3,2,0,0,0,0,0,0,0
2142,4168,access_vlan:SW1:eth2:10+access_vlan:SW2:eth1:20+access_vlan:SW2:eth2:10+trunk_remove:SW1:eth3:20+trunk_remove:SW2:eth3:10+trunk_remove:SW2:eth3:20,30091,0.05,4.300000000000001,24,True,False,True,recovery_success,0.008670753605353335,24,7,15,0,2,2,2,0,0
2143,4169,access_vlan:SW1:eth1:20+access_vlan:SW1:eth2:10+trunk_remove:SW1:eth3:10+trunk_remove:SW1:eth3:20+trunk_remove:SW2:eth3:20,30098,0.05,7.799999999999999,7,True,False,True,recovery_success,0.007847729604691267,7,5,1,0,1,1,1,0,0
2144,4170,access_vlan:SW1:eth1:20+access_vlan:SW1:eth2:10+access_vlan:SW2:eth1:20+access_vlan:SW2:eth2:10+trunk_remove:SW1:eth3:20+trunk_remove:SW2:eth3:10,30104,0.05,7.6,6,True,False,True,recovery_success,0.00875324794712166,6,4,1,0,2,2,1,0,0
2145,4171,access_vlan:SW1:eth2:10,30106,0.05,9.649999999999999,2,True,False,True,recovery_success,0.01080163405276835,2,1,0,0,0,0,0,0,0
2146,4172,access_vlan:SW1:eth1:20+access_vlan:SW2:eth1:20+trunk_remove:SW1:eth3:10+trunk_remove:SW1:eth3:20+trunk_remove:SW2:eth3:10+trunk_remove:SW2:eth3:20,30132,0.05,-14.55,26,True,False,False,incorrect_declare_done,0.007377556569945927,26,5,20,0,0,0,0,0,1
2147,4173,access_vlan:SW1:eth1:20+access_vlan:SW1:eth2:10+trunk_remove:SW1:eth3:10+trunk_remove:SW1:eth3:20+trunk_remove:SW2:eth3:20,30139,0.05,7.799999999999999,7,True,False,True,recovery_success,0.009146619521613632,7,5,1,0,1,1,1,0,0
2148,4174,access_vlan:SW1:eth1:20,30141,0.05,9.649999999999999,2,True,False,True,recovery_success,0.007701384834945202,2,1,0,0,0,0,0,0,0
2149,4175,access_vlan:SW1:eth2:10+trunk_remove:SW2:eth3:20,30144,0.05,9.35,3,True,False,True,recovery_success,0.016868119438489277,3,2,0,0,0,0,0,0,0
2150,4176,access_vlan:SW1:eth2:10+trunk_remove:SW1:eth3:10,30147,0.05,9.35,3,True,False,True,recovery_success,0.00672507518902421,3,2,0,0,0,0,0,0,0
2151,4177,trunk_remove:SW2:eth3:10,30150,0.05,9.5,3,True,False,True,recovery_success,0.008004902318740884,3,1,1,0,0,0,0,0,0
2152,4178,access_vlan:SW1:eth1:20+access_vlan:SW1:eth2:10+access_vlan:SW2:eth2:10+trunk_remove:SW1:eth3:10+trunk_remove:SW2:eth3:10+trunk_remove:SW2:eth3:20,30180,0.05,-5.749999999999999,30,False,True,False,step_limit,0.014583556198825438,30,5,25,0,1,1,1,0,1
2153,4179,access_vlan:SW1:eth1:20+trunk_remove:SW1:eth3:20,30183,0.05,9.35,3,True,False,True,recovery_success,0.009337625000625849,3,2,0,0,0,0,0,0,0
2154,4180,access_vlan:SW1:eth2:10+access_vlan:SW2:eth1:20+access_vlan:SW2:eth2:10+trunk_remove:SW1:eth3:10+trunk_remove:SW2:eth3:10,30192,0.05,-12.350000000000001,9,True,False,False,incorrect_declare_done,0.00909638073709276,9,4,4,0,1,1,1,1,1
2155,4181,access_vlan:SW1:eth1:20+access_vlan:SW1:eth2:10+access_vlan:SW2:eth2:10+trunk_remove:SW2:eth3:10,30195,0.05,9.35,3,True,False,True,recovery_success,0.009679206802199284,3,2,0,0,0,0,0,0,0
2156,4182,access_vlan:SW1:eth2:10+access_vlan:SW2:eth1:20+access_vlan:SW2:eth2:10+trunk_remove:SW1:eth3:20+trunk_remove:SW2:eth3:20,30210,0.05,5.8,15,True,False,True,recovery_success,0.007499543127293388,15,7,7,0,2,1,2,0,0
2157,4183,access_vlan:SW1:eth1:20+access_vlan:SW1:eth2:10+access_vlan:SW2:eth2:10,30212,0.05,9.649999999999999,2,True,False,True,recovery_success,0.007872357266023755,2,1,0,0,0,0,0,0,0
2158,4184,trunk_remove:SW2:eth3:10,30214,0.05,9.649999999999999,2,True,False,True,recovery_success,0.005969387711957097,2,1,0,0,0,0,0,0,0
2159,4185,trunk_remove:SW2:eth3:20,30216,0.05,9.649999999999999,2,True,False,True,recovery_success,0.01588349975645542,2,1,0,0,0,0,0,0,0
2160,4186,access_vlan:SW2:eth1:20+trunk_remove:SW1:eth3:10+trunk_remove:SW1:eth3:20+trunk_remove:SW2:eth3:20,30221,0.05,8.75,5,True,False,True,recovery_success,0.009790190309286118,5,4,0,0,0,0,0,0,0
2161,4187,access_vlan:SW1:eth2:10+access_vlan:SW2:eth1:20,30224,0.05,8.85,3,True,False,True,recovery_success,0.010887847281992435,3,2,0,0,1,1,1,0,0
2162,4188,access_vlan:SW2:eth1:20+access_vlan:SW2:eth2:10+trunk_remove:SW1:eth3:10+trunk_remove:SW1:eth3:20+trunk_remove:SW2:eth3:10+trunk_remove:SW2:eth3:20,30254,0.05,-8.650000000000004,30,False,True,False,step_limit,0.0089542749337852,30,11,19,0,5,2,3,0,1
2163,4189,trunk_remove:SW2:eth3:10,30255,0.05,-10.05,1,True,False,False,incorrect_declare_done,0.003170024137943983,1,0,0,0,0,0,0,0,1
2164,4190,access_vlan:SW1:eth1:20+access_vlan:SW2:eth1:20+access_vlan:SW2:eth2:10+trunk_remove:SW2:eth3:10+trunk_remove:SW2:eth3:20,30277,0.05,6.3500000000000005,22,True,False,True,recovery_success,0.00609371688386256,22,3,18,0,0,0,0,0,0
2165,4191,trunk_remove:SW1:eth3:10+trunk_remove:SW2:eth3:10,30280,0.05,9.35,3,True,False,True,recovery_success,0.005246817755202453,3,2,0,0,0,0,0,0,0
2166,4192,access_vlan:SW1:eth2:10+access_vlan:SW2:eth2:10+trunk_remove:SW2:eth3:10+trunk_remove:SW2:eth3:20,30287,0.05,7.6499999999999995,7,True,False,True,recovery_success,0.0047989175322332555,7,6,0,0,1,1,1,0,0
2167,4193,access_vlan:SW2:eth1:20+access_vlan:SW2:eth2:10+trunk_remove:SW1:eth3:10+trunk_remove:SW1:eth3:20+trunk_remove:SW2:eth3:10+trunk_remove:SW2:eth3:20,30317,0.05,-6.900000000000004,30,False,True,False,step_limit,0.0056912382909407215,30,6,24,0,3,3,2,0,1
2168,4194,access_vlan:SW1:eth2:10+access_vlan:SW2:eth1:20,30320,0.05,8.85,3,True,False,True,recovery_success,0.004601179234062632,3,2,0,0,1,1,1,0,0
2169,4195,access_vlan:SW1:eth2:10+access_vlan:SW2:eth1:20+trunk_remove:SW2:eth3:10,30326,0.05,6.949999999999999,6,True,False,True,recovery_success,0.00589639216195792,6,5,0,0,3,3,1,1,0
2170,4196,access_vlan:SW1:eth2:10+access_vlan:SW2:eth1:20+access_vlan:SW2:eth2:10+trunk_remove:SW1:eth3:10+trunk_remove:SW2:eth3:10+trunk_remove:SW2:eth3:20,30331,0.05,8.75,5,True,False,True,recovery_success,0.009534922381862997,5,4,0,0,0,0,0,0,0
2171,4197,access_vlan:SW1:eth1:20+access_vlan:SW2:eth1:20+trunk_remove:SW1:eth3:10+trunk_remove:SW1:eth3:20+trunk_remove:SW2:eth3:10,30337,0.05,8.45,6,True,False,True,recovery_success,0.004134546228063603,6,5,0,0,0,0,0,0,0
2172,4198,access_vlan:SW1:eth1:20+access_vlan:SW2:eth1:20+trunk_remove:SW2:eth3:10,30341,0.05,8.549999999999999,4,True,False,True,recovery_success,0.0031656025676056743,4,3,0,0,1,1,1,0,0
2173,4199,access_vlan:SW2:eth1:20+trunk_remove:SW1:eth3:10+trunk_remove:SW2:eth3:10+trunk_remove:SW2:eth3:20,30347,0.05,8.6,6,True,False,True,recovery_success,0.00599694709914426,6,4,1,0,0,0,0,0,0
2174,4200,access_vlan:SW1:eth2:10+access_vlan:SW2:eth2:10+trunk_remove:SW1:eth3:10,30351,0.05,9.049999999999999,4,True,False,True,recovery_success,0.006887665367685258,4,3,0,0,0,0,0,0,0
2175,4201,access_vlan:SW1:eth2:10+trunk_remove:SW1:eth3:10+trunk_remove:SW2:eth3:20,30355,0.05,9.049999999999999,4,True,False,True,recovery_success,0.006473816582001746,4,3,0,0,0,0,0,0,0
2176,4202,access_vlan:SW1:eth1:20+trunk_remove:SW1:eth3:10,30358,0.05,9.35,3,True,False,True,recovery_success,0.0035505512108405433,3,2,0,0,0,0,0,0,0
2177,4203,access_vlan:SW1:eth1:20+access_vlan:SW2:eth2:10+trunk_remove:SW1:eth3:10+trunk_remove:SW2:eth3:20,30363,0.05,8.75,5,True,False,True,recovery_success,0.004806420719251037,5,4,0,0,0,0,0,0,0
2178,4204,access_vlan:SW1:eth2:10+trunk_remove:SW1:eth3:10+trunk_remove:SW1:eth3:20+trunk_remove:SW2:eth3:20,30371,0.05,6.499999999999999,8,True,False,True,recovery_success,0.005880085140233859,8,6,1,0,3,3,1,1,0
2179,4205,access_vlan:SW1:eth1:20+access_vlan:SW2:eth2:10,30374,0.05,8.85,3,True,False,True,recovery_success,0.005246322136372328,3,2,0,0,1,1,1,0,0
2180,4206,access_vlan:SW1:eth2:10+access_vlan:SW2:eth2:10+trunk_remove:SW1:eth3:10,30383,0.05,7.999999999999999,9,True,False,True,recovery_success,0.005027554489465224,9,5,3,0,0,0,0,0,0
2181,4207,access_vlan:SW1:eth1:20+trunk_remove:SW1:eth3:10,30386,0.05,9.35,3,True,False,True,recovery_success,0.0037618180892119804,3,2,0,0,0,0,0,0,0
2182,4208,access_vlan:SW1:eth1:20+access_vlan:SW1:eth2:10+access_vlan:SW2:eth2:10+trunk_remove:SW1:eth3:20,30387,0.05,-10.05,1,True,False,False,incorrect_declare_done,0.013780088163912296,1,0,0,0,0,0,0,0,3
2183,4209,access_vlan:SW1:eth1:20+access_vlan:SW1:eth2:10+access_vlan:SW2:eth1:20+trunk_remove:SW1:eth3:10+trunk_remove:SW2:eth3:20,30417,0.05,-6.100000000000001,30,False,True,False,step_limit,0.00720338299870491,30,4,26,0,2,2,1,0,1
2184,4210,trunk_remove:SW1:eth3:10+trunk_remove:SW1:eth3:20+trunk_remove:SW2:eth3:10+trunk_remove:SW2:eth3:20,30434,0.05,6.95,17,True,False,True,recovery_success,0.006612944718012039,17,4,12,0,0,0,0,0,0
2185,4211,access_vlan:SW2:eth1:20+access_vlan:SW2:eth2:10+trunk_remove:SW1:eth3:20+trunk_remove:SW2:eth3:20,30455,0.05,-14.65,21,True,False,False,incorrect_declare_done,0.006441366526165179,21,4,16,0,2,2,2,0,1
2186,4212,access_vlan:SW1:eth2:10+trunk_remove:SW1:eth3:10+trunk_remove:SW1:eth3:20+trunk_remove:SW2:eth3:10,30462,0.05,6.6499999999999995,7,True,False,True,recovery_success,0.007583075203001499,7,6,0,0,3,3,1,1,0
2187,4213,access_vlan:SW1:eth1:20+access_vlan:SW1:eth2:10+access_vlan:SW2:eth1:20+access_vlan:SW2:eth2:10+trunk_remove:SW1:eth3:20+trunk_remove:SW2:eth3:20,30492,0.05,-7.1000000000000005,30,False,True,False,step_limit,0.009547548616925876,30,3,26,0,4,2,2,0,1
2188,4214,access_vlan:SW1:eth1:20+access_vlan:SW1:eth2:10+access_vlan:SW2:eth1:20+trunk_remove:SW1:eth3:20+trunk_remove:SW2:eth3:20,30509,0.05,7.1,17,True,False,True,recovery_success,0.029289114590295973,17,3,13,0,0,0,0,0,0
2189,4215,access_vlan:SW1:eth1:20+access_vlan:SW1:eth2:10+access_vlan:SW2:eth1:20+access_vlan:SW2:eth2:10+trunk_remove:SW1:eth3:20+trunk_remove:SW2:eth3:20,30539,0.05,-4.5,30,False,True,False,step_limit,0.023282309900969266,30,0,30,0,0,0,0,0,1
2190,4216,access_vlan:SW2:eth1:20+access_vlan:SW2:eth2:10+trunk_remove:SW1:eth3:10+trunk_remove:SW1:eth3:20+trunk_remove:SW2:eth3:10+trunk_remove:SW2:eth3:20,30569,0.05,-5.900000000000003,30,False,True,False,step_limit,0.010745826937879125,30,6,24,0,1,1,1,0,1
2191,4217,access_vlan:SW2:eth2:10+trunk_remove:SW1:eth3:20,30576,0.05,8.75,7,True,False,True,recovery_success,0.011397351776914937,7,2,4,0,0,0,0,0,0
2192,4218,access_vlan:SW1:eth2:10+access_vlan:SW2:eth1:20+trunk_remove:SW1:eth3:10+trunk_remove:SW2:eth3:20,30587,0.05,7.05,11,True,False,True,recovery_success,0.010526230050758882,11,6,4,0,1,1,1,0,0
2193,4219,access_vlan:SW1:eth1:20+access_vlan:SW1:eth2:10+access_vlan:SW2:eth2:10+trunk_remove:SW1:eth3:10+trunk_remove:SW1:eth3:20+trunk_remove:SW2:eth3:10,30615,0.05,-15.7,28,True,False,False,incorrect_declare_done,0.009891543886624277,28,4,23,0,2,2,1,0,3
2194,4220,access_vlan:SW1:eth2:10+access_vlan:SW2:eth1:20+access_vlan:SW2:eth2:10+trunk_remove:SW1:eth3:10,30618,0.05,9.35,3,True,False,True,recovery_success,0.007509714147696893,3,2,0,0,0,0,0,0,0
2195,4221,access_vlan:SW2:eth1:20+trunk_remove:SW1:eth3:10,30621,0.05,9.35,3,True,False,True,recovery_success,0.006653903207431237,3,2,0,0,0,0,0,0,0
2196,4222,access_vlan:SW2:eth2:10+trunk_remove:SW2:eth3:20,30624,0.05,9.35,3,True,False,True,recovery_success,0.009393277578055859,3,2,0,0,0,0,0,0,0
2197,4223,access_vlan:SW1:eth1:20+access_vlan:SW1:eth2:10+access_vlan:SW2:eth2:10+trunk_remove:SW1:eth3:10,30627,0.05,9.35,3,True,False,True,recovery_success,0.05848625271270672,3,2,0,0,0,0,0,0,0
2198,4224,access_vlan:SW1:eth2:10+access_vlan:SW2:eth1:20+access_vlan:SW2:eth2:10+trunk_remove:SW1:eth3:10,30630,0.05,9.35,3,True,False,True,recovery_success,0.018461827809611957,3,2,0,0,0,0,0,0,0
2199,4225,access_vlan:SW2:eth1:20+access_vlan:SW2:eth2:10+trunk_remove:SW2:eth3:10,30634,0.05,8.549999999999999,4,True,False,True,recovery_success,0.013889482710510492,4,3,0,0,1,1,1,0,0
2200,4226,access_vlan:SW1:eth1:20+access_vlan:SW2:eth1:20+trunk_remove:SW1:eth3:20+trunk_remove:SW2:eth3:20,30664,0.05,-6.100000000000004,30,False,True,False,step_limit,0.009960486662263672,30,4,26,0,2,2,1,0,1
2201,4227,access_vlan:SW2:eth1:20+trunk_remove:SW2:eth3:10,30670,0.05,7.1,6,True,False,True,recovery_success,0.017047590886553127,6,4,1,0,3,3,1,1,0
2202,4228,access_vlan:SW2:eth1:20+trunk_remove:SW1:eth3:20,30674,0.05,9.2,4,True,False,True,recovery_success,0.007403118652291596,4,2,1,0,0,0,0,0,0
2203,4229,access_vlan:SW1:eth2:10,30677,0.05,9.5,3,True,False,True,recovery_success,0.00637943996116519,3,1,1,0,0,0,0,0,0
2204,4230,access_vlan:SW1:eth1:20+trunk_remove:SW2:eth3:10+trunk_remove:SW2:eth3:20,30681,0.05,9.049999999999999,4,True,False,True,recovery_success,0.01255984918680042,4,3,0,0,0,0,0,0,0
2205,4231,access_vlan:SW1:eth1:20+access_vlan:SW2:eth1:20,30684,0.05,8.85,3,True,False,True,recovery_success,0.007849547701577345,3,2,0,0,1,1,1,0,0
2206,4232,access_vlan:SW2:eth1:20+access_vlan:SW2:eth2:10+trunk_remove:SW2:eth3:20,30688,0.05,8.549999999999999,4,True,False,True,recovery_success,0.007342523778788745,4,3,0,0,1,1,1,0,0
2207,4233,access_vlan:SW1:eth1:20+access_vlan:SW1:eth2:10+access_vlan:SW2:eth1:20+access_vlan:SW2:eth2:10+trunk_remove:SW2:eth3:10,30690,0.05,9.649999999999999,2,True,False,True,recovery_success,0.017763059120625257,2,1,0,0,0,0,0,0,0
2208,4234,access_vlan:SW2:eth1:20+access_vlan:SW2:eth2:10+trunk_remove:SW2:eth3:10,30695,0.05,8.399999999999999,5,True,False,True,recovery_success,0.012024356238543987,5,3,1,0,1,1,1,0,0
2209,4235,access_vlan:SW1:eth1:20+trunk_remove:SW1:eth3:10,30701,0.05,8.899999999999999,6,True,False,True,recovery_success,0.013912872178480029,6,2,3,0,0,0,0,0,0
2210,4236,access_vlan:SW1:eth1:20+trunk_remove:SW2:eth3:20,30706,0.05,8.25,5,True,False,True,recovery_success,0.008733154181391001,5,4,0,0,1,1,1,0,0
2211,4237,access_vlan:SW1:eth1:20+access_vlan:SW1:eth2:10+access_vlan:SW2:eth2:10+trunk_remove:SW1:eth3:10,30709,0.05,9.35,3,True,False,True,recovery_success,0.004809999838471413,3,2,0,0,0,0,0,0,0
2212,4238,access_vlan:SW1:eth2:10,30722,0.05,5.6,13,True,False,True,recovery_success,0.011657381645188881,13,7,5,0,3,2,3,1,0
2213,4239,access_vlan:SW1:eth2:10+access_vlan:SW2:eth1:20+access_vlan:SW2:eth2:10+trunk_remove:SW1:eth3:20+trunk_remove:SW2:eth3:10,30726,0.05,9.049999999999999,4,True,False,True,recovery_success,0.009316969546489418,4,3,0,0,0,0,0,0,0
2214,4240,access_vlan:SW1:eth2:10+access_vlan:SW2:eth2:10+trunk_remove:SW1:eth3:20,30730,0.05,8.549999999999999,4,True,False,True,recovery_success,0.00801675335969776,4,3,0,0,1,1,1,0,0
2215,4241,access_vlan:SW1:eth1:20,30732,0.05,9.649999999999999,2,True,False,True,recovery_success,0.006865824572741985,2,1,0,0,0,0,0,0,0
2216,4242,access_vlan:SW1:eth2:10,30734,0.05,9.649999999999999,2,True,False,True,recovery_success,0.00783201796002686,2,1,0,0,0,0,0,0,0
2217,4243,access_vlan:SW1:eth1:20+access_vlan:SW1:eth2:10+access_vlan:SW2:eth2:10+trunk_remove:SW1:eth3:20,30737,0.05,9.35,3,True,False,True,recovery_success,0.0057816579937934875,3,2,0,0,0,0,0,0,0
2218,4244,access_vlan:SW1:eth1:20+access_vlan:SW2:eth2:10+trunk_remove:SW2:eth3:10,30744,0.05,7.799999999999999,7,True,False,True,recovery_success,0.007588991030518498,7,5,1,0,1,1,1,1,0
2219,4245,access_vlan:SW1:eth1:20+trunk_remove:SW1:eth3:10+trunk_remove:SW1:eth3:20+trunk_remove:SW2:eth3:20,30753,0.05,7.05,9,True,False,True,recovery_success,0.0052092179086887175,9,7,0,0,1,1,1,0,0
2220,4246,access_vlan:SW1:eth2:10+access_vlan:SW2:eth1:20+trunk_remove:SW2:eth3:10,30759,0.05,8.75,6,True,False,True,recovery_success,0.006465347949415445,6,3,2,0,0,0,0,0,0
2221,4247,access_vlan:SW1:eth2:10+access_vlan:SW2:eth1:20+access_vlan:SW2:eth2:10+trunk_remove:SW1:eth3:20+trunk_remove:SW2:eth3:10+trunk_remove:SW2:eth3:20,30789,0.05,-5.1000000000000005,30,False,True,False,step_limit,0.010931036636854212,30,4,26,0,0,0,0,0,1
2222,4248,access_vlan:SW1:eth2:10+access_vlan:SW2:eth2:10+trunk_remove:SW2:eth3:10+trunk_remove:SW2:eth3:20,30794,0.05,8.75,5,True,False,True,recovery_success,0.010725636593997478,5,4,0,0,0,0,0,0,0
2223,4249,access_vlan:SW2:eth1:20+trunk_remove:SW2:eth3:20,30802,0.05,8.6,8,True,False,True,recovery_success,0.009900998091325164,8,2,5,0,0,0,0,0,0
2224,4250,access_vlan:SW1:eth2:10+access_vlan:SW2:eth2:10+trunk_remove:SW1:eth3:10+trunk_remove:SW2:eth3:10,30808,0.05,8.6,6,True,False,True,recovery_success,0.02540862055805822,6,4,1,0,0,0,0,0,0
2225,4251,access_vlan:SW2:eth1:20+trunk_remove:SW1:eth3:10+trunk_remove:SW2:eth3:10+trunk_remove:SW2:eth3:20,30813,0.05,8.75,5,True,False,True,recovery_success,0.007878870330750942,5,4,0,0,0,0,0,0,0
2226,4252,access_vlan:SW2:eth2:10+trunk_remove:SW2:eth3:10,30816,0.05,9.35,3,True,False,True,recovery_success,0.004834474374850591,3,2,0,0,0,0,0,0,0
2227,4253,access_vlan:SW1:eth1:20+access_vlan:SW2:eth1:20+access_vlan:SW2:eth2:10+trunk_remove:SW1:eth3:20,30819,0.05,9.35,3,True,False,True,recovery_success,0.0041615916416049,3,2,0,0,0,0,0,0,0
2228,4254,access_vlan:SW1:eth1:20+access_vlan:SW2:eth1:20+trunk_remove:SW1:eth3:10+trunk_remove:SW1:eth3:20,30826,0.05,8.149999999999999,7,True,False,True,recovery_success,0.0077919989292110714,7,6,0,0,0,0,0,0,0
2229,4255,access_vlan:SW1:eth1:20+trunk_remove:SW1:eth3:10+trunk_remove:SW2:eth3:20,30830,0.05,9.049999999999999,4,True,False,True,recovery_success,0.007042429875582457,4,3,0,0,0,0,0,0,0
2230,4256,access_vlan:SW1:eth1:20+access_vlan:SW2:eth1:20+access_vlan:SW2:eth2:10+trunk_remove:SW2:eth3:10+trunk_remove:SW2:eth3:20,30834,0.05,9.049999999999999,4,True,False,True,recovery_success,0.005141394620295614,4,3,0,0,0,0,0,0,0
2231,4257,access_vlan:SW2:eth1:20+access_vlan:SW2:eth2:10+trunk_remove:SW2:eth3:20,30838,0.05,8.549999999999999,4,True,False,True,recovery_success,0.004975488060154021,4,3,0,0,1,1,1,0,0
2232,4258,access_vlan:SW1:eth1:20+trunk_remove:SW2:eth3:10,30841,0.05,9.35,3,True,False,True,recovery_success,0.005783332356562217,3,2,0,0,0,0,0,0,0
2233,4259,access_vlan:SW2:eth1:20+trunk_remove:SW1:eth3:20,30844,0.05,9.35,3,True,False,True,recovery_success,0.009015740361064672,3,2,0,0,0,0,0,0,0
2234,4260,access_vlan:SW1:eth1:20+access_vlan:SW1:eth2:10+trunk_remove:SW1:eth3:20,30874,0.05,-6.250000000000004,30,False,True,False,step_limit,0.007917074866903325,30,5,25,0,2,2,2,0,1
2235,4261,access_vlan:SW1:eth2:10+access_vlan:SW2:eth1:20+trunk_remove:SW1:eth3:10+trunk_remove:SW2:eth3:20,30887,0.05,6.75,13,True,False,True,recovery_success,0.012391894590109587,13,5,6,0,1,1,1,0,0
2236,4262,access_vlan:SW1:eth2:10+access_vlan:SW2:eth2:10+trunk_remove:SW1:eth3:20+trunk_remove:SW2:eth3:20,30917,0.05,-6.400000000000003,30,False,True,False,step_limit,0.008292776742018759,30,6,24,0,2,2,1,0,1
2237,4263,access_vlan:SW1:eth1:20+trunk_remove:SW1:eth3:20,30923,0.05,7.1,6,True,False,True,recovery_success,0.006867685665686925,6,4,1,0,3,3,1,1,0
2238,4264,access_vlan:SW1:eth1:20+access_vlan:SW1:eth2:10+access_vlan:SW2:eth1:20+access_vlan:SW2:eth2:10+trunk_remove:SW2:eth3:10,30925,0.05,9.649999999999999,2,True,False,True,recovery_success,0.007196779362857342,2,1,0,0,0,0,0,0,0
2239,4265,access_vlan:SW1:eth1:20+access_vlan:SW1:eth2:10+access_vlan:SW2:eth1:20+trunk_remove:SW1:eth3:20+trunk_remove:SW2:eth3:10+trunk_remove:SW2:eth3:20,30955,0.05,-5.900000000000003,30,False,True,False,step_limit,0.00629451284961154,30,6,24,0,1,1,1,0,1
2240,4266,access_vlan:SW2:eth2:10+trunk_remove:SW1:eth3:10,30958,0.05,9.35,3,True,False,True,recovery_success,0.004667825065553188,3,2,0,0,0,0,0,0,0
2241,4267,access_vlan:SW1:eth1:20+access_vlan:SW1:eth2:10+access_vlan:SW2:eth2:10+trunk_remove:SW1:eth3:10+trunk_remove:SW1:eth3:20+trunk_remove:SW2:eth3:10+trunk_remove:SW2:eth3:20,30964,0.05,8.45,6,True,False,True,recovery_success,0.005770574517858525,6,5,0,0,0,0,0,0,0
2242,4268,access_vlan:SW1:eth1:20+access_vlan:SW2:eth1:20+trunk_remove:SW1:eth3:20,30968,0.05,9.049999999999999,4,True,False,True,recovery_success,0.005309893400408328,4,3,0,0,0,0,0,0,0
2243,4269,access_vlan:SW1:eth1:20+access_vlan:SW1:eth2:10+access_vlan:SW2:eth1:20+access_vlan:SW2:eth2:10+trunk_remove:SW1:eth3:10+trunk_remove:SW2:eth3:10+trunk_remove:SW2:eth3:20,30972,0.05,9.049999999999999,4,True,False,True,recovery_success,0.017936738906428218,4,3,0,0,0,0,0,0,0
2244,4270,access_vlan:SW1:eth1:20+access_vlan:SW2:eth1:20+trunk_remove:SW1:eth3:10+trunk_remove:SW2:eth3:10+trunk_remove:SW2:eth3:20,31002,0.05,-5.550000000000001,30,False,True,False,step_limit,0.013722529627072315,30,7,23,0,0,0,0,0,1
2245,4271,access_vlan:SW1:eth2:10+trunk_remove:SW1:eth3:10+trunk_remove:SW1:eth3:20+trunk_remove:SW2:eth3:20,31011,0.05,8.149999999999999,9,True,False,True,recovery_success,0.05641773839791616,9,4,4,0,0,0,0,0,0
2246,4272,access_vlan:SW2:eth1:20+access_vlan:SW2:eth2:10+trunk_remove:SW1:eth3:20+trunk_remove:SW2:eth3:10,31041,0.05,-7.050000000000002,30,False,True,False,step_limit,0.050187549305458865,30,7,23,0,3,3,2,0,1
2247,4273,trunk_remove:SW2:eth3:20,31060,0.05,-14.05,19,True,False,False,incorrect_declare_done,0.0278260067693497,19,2,16,0,2,2,1,0,1
2248,4274,access_vlan:SW1:eth1:20+access_vlan:SW2:eth1:20+access_vlan:SW2:eth2:10+trunk_remove:SW1:eth3:20,31063,0.05,9.35,3,True,False,True,recovery_success,0.03204497446616491,3,2,0,0,0,0,0,0,0
2249,4275,access_vlan:SW1:eth1:20+access_vlan:SW2:eth1:20+access_vlan:SW2:eth2:10+trunk_remove:SW1:eth3:10+trunk_remove:SW1:eth3:20+trunk_remove:SW2:eth3:10+trunk_remove:SW2:eth3:20,31070,0.05,8.299999999999999,7,True,False,True,recovery_success,0.02461728932602065,7,5,1,0,0,0,0,0,0
2250,4276,access_vlan:SW2:eth2:10+trunk_remove:SW1:eth3:10+trunk_remove:SW2:eth3:10+trunk_remove:SW2:eth3:20,31089,0.05,5.3500000000000005,19,True,False,True,recovery_success,0.02356129056332927,19,5,12,0,2,2,1,0,0
2251,4277,access_vlan:SW1:eth1:20+access_vlan:SW2:eth1:20+trunk_remove:SW1:eth3:10+trunk_remove:SW2:eth3:10+trunk_remove:SW2:eth3:20,31119,0.05,-6.4,30,False,True,False,step_limit,0.023418050818145277,30,6,24,0,2,2,1,0,1
2252,4278,access_vlan:SW1:eth1:20+access_vlan:SW1:eth2:10+trunk_remove:SW1:eth3:10+trunk_remove:SW1:eth3:20+trunk_remove:SW2:eth3:10+trunk_remove:SW2:eth3:20,31149,0.05,-7.050000000000007,30,False,True,False,step_limit,0.01848746674756209,30,7,23,0,3,3,2,0,1
2253,4279,access_vlan:SW1:eth1:20+trunk_remove:SW1:eth3:10+trunk_remove:SW2:eth3:10,31164,0.05,7.1,15,True,False,True,recovery_success,0.017372203804552556,15,5,9,0,0,0,0,0,0
2254,4280,access_vlan:SW1:eth1:20+access_vlan:SW2:eth1:20+access_vlan:SW2:eth2:10+trunk_remove:SW1:eth3:20+trunk_remove:SW2:eth3:10,31194,0.05,-4.95,30,False,True,False,step_limit,0.02309451311205824,30,3,27,0,0,0,0,0,1
2255,4281,access_vlan:SW1:eth1:20+access_vlan:SW1:eth2:10+access_vlan:SW2:eth2:10+trunk_remove:SW1:eth3:10+trunk_remove:SW1:eth3:20+trunk_remove:SW2:eth3:10,31201,0.05,8.149999999999999,7,True,False,True,recovery_success,0.01784542029989617,7,6,0,0,0,0,0,0,0
2256,4282,access_vlan:SW1:eth1:20+access_vlan:SW2:eth2:10+trunk_remove:SW1:eth3:20+trunk_remove:SW2:eth3:10+trunk_remove:SW2:eth3:20,31231,0.05,-6.100000000000004,30,False,True,False,step_limit,0.014060849044471978,30,4,26,0,2,2,1,0,3
2257,4283,access_vlan:SW1:eth1:20+trunk_remove:SW1:eth3:10+trunk_remove:SW1:eth3:20,31260,0.05,-14.55,29,True,False,False,incorrect_declare_done,0.015729462872419893,29,2,26,0,0,0,0,0,1
2258,4284,access_vlan:SW1:eth2:10+access_vlan:SW2:eth2:10+trunk_remove:SW1:eth3:20,31266,0.05,6.449999999999999,6,True,False,True,recovery_success,0.015142108934621016,6,4,0,0,4,4,3,0,0
2259,4285,access_vlan:SW1:eth1:20+access_vlan:SW2:eth1:20+trunk_remove:SW1:eth3:10+trunk_remove:SW1:eth3:20+trunk_remove:SW2:eth3:10,31273,0.05,8.299999999999999,7,True,False,True,recovery_success,0.014903742553932326,7,5,1,0,0,0,0,0,0
2260,4286,access_vlan:SW1:eth1:20+access_vlan:SW1:eth2:10+access_vlan:SW2:eth1:20+access_vlan:SW2:eth2:10+trunk_remove:SW2:eth3:10,31275,0.05,9.649999999999999,2,True,False,True,recovery_success,0.005749025382101536,2,1,0,0,0,0,0,0,0
2261,4287,access_vlan:SW1:eth2:10+trunk_remove:SW2:eth3:20,31305,0.05,-5.450000000000002,30,False,True,False,step_limit,0.015075134796400864,30,3,27,0,1,1,1,0,1
2262,4288,access_vlan:SW1:eth1:20+access_vlan:SW2:eth1:20+access_vlan:SW2:eth2:10+trunk_remove:SW1:eth3:20+trunk_remove:SW2:eth3:10+trunk_remove:SW2:eth3:20,31335,0.05,-7.200000000000001,30,False,True,False,step_limit,0.014114563291271528,30,6,22,0,3,1,3,0,1
2263,4289,access_vlan:SW1:eth2:10+access_vlan:SW2:eth1:20+access_vlan:SW2:eth2:10,31337,0.05,9.649999999999999,2,True,False,True,recovery_success,0.01222306676208973,2,1,0,0,0,0,0,0,0
2264,4290,access_vlan:SW1:eth2:10+access_vlan:SW2:eth1:20+trunk_remove:SW2:eth3:10,31367,0.05,-4.800000000000001,30,False,True,False,step_limit,0.015100251231342555,30,2,28,0,0,0,0,0,1
2265,4291,access_vlan:SW2:eth1:20+trunk_remove:SW1:eth3:10+trunk_remove:SW1:eth3:20+trunk_remove:SW2:eth3:20,31373,0.05,8.6,6,True,False,True,recovery_success,0.019351111414531868,6,4,1,0,0,0,0,0,0
2266,4292,access_vlan:SW1:eth2:10+trunk_remove:SW1:eth3:20,31403,0.05,-4.65,30,False,True,False,step_limit,0.013056009154145917,30,1,29,0,0,0,0,0,1
2267,4293,access_vlan:SW1:eth1:20+access_vlan:SW1:eth2:10+access_vlan:SW2:eth1:20,31405,0.05,9.649999999999999,2,True,False,True,recovery_success,0.009102953132241964,2,1,0,0,0,0,0,0,0
2268,4294,access_vlan:SW2:eth1:20+trunk_remove:SW1:eth3:10+trunk_remove:SW1:eth3:20+trunk_remove:SW2:eth3:10,31435,0.05,-4.95,30,False,True,False,step_limit,0.011331068988268574,30,3,27,0,0,0,0,0,1
2269,4295,access_vlan:SW2:eth2:10+trunk_remove:SW1:eth3:10+trunk_remove:SW1:eth3:20+trunk_remove:SW2:eth3:10+trunk_remove:SW2:eth3:20,31465,0.05,-5.100000000000001,30,False,True,False,step_limit,0.010923670449604591,30,4,26,0,0,0,0,0,1
2270,4296,access_vlan:SW2:eth2:10+trunk_remove:SW2:eth3:10,31495,0.05,-8.05,30,False,True,False,step_limit,0.010709519172087312,30,6,23,0,5,3,3,0,1
2271,4297,access_vlan:SW1:eth1:20+access_vlan:SW1:eth2:10+access_vlan:SW2:eth1:20+access_vlan:SW2:eth2:10+trunk_remove:SW2:eth3:20,31497,0.05,9.649999999999999,2,True,False,True,recovery_success,0.013088987674564123,2,1,0,0,0,0,0,0,0
2272,4298,access_vlan:SW1:eth2:10+access_vlan:SW2:eth1:20+trunk_remove:SW1:eth3:10+trunk_remove:SW2:eth3:20,31527,0.05,5.0,30,True,False,True,recovery_success,0.01644608206115663,30,4,25,0,0,0,0,0,0
2273,4299,trunk_remove:SW2:eth3:10+trunk_remove:SW2:eth3:20,31557,0.05,-4.65,30,False,True,False,step_limit,0.011982308498894175,30,1,29,0,0,0,0,0,1
2274,4300,access_vlan:SW1:eth1:20+access_vlan:SW2:eth2:10+trunk_remove:SW1:eth3:10+trunk_remove:SW2:eth3:10,31587,0.05,-7.2,30,False,True,False,step_limit,0.009244068153202533,30,8,22,0,3,3,2,0,0
2275,4301,access_vlan:SW1:eth1:20+access_vlan:SW1:eth2:10+trunk_remove:SW1:eth3:10+trunk_remove:SW1:eth3:20+trunk_remove:SW2:eth3:10,31611,0.05,3.9499999999999984,24,True,False,True,recovery_success,0.009765638232541582,24,7,16,0,3,3,2,0,0
2276,4302,trunk_remove:SW1:eth3:20+trunk_remove:SW2:eth3:20,31633,0.05,6.5,22,True,False,True,recovery_success,0.011236190372569994,22,2,19,0,0,0,0,0,0
2277,4303,access_vlan:SW1:eth1:20+access_vlan:SW1:eth2:10+trunk_remove:SW1:eth3:10,31645,0.05,7.35,12,True,False,True,recovery_success,0.008586767828091979,12,3,8,0,1,1,1,0,0
2278,4304,access_vlan:SW1:eth1:20+access_vlan:SW2:eth1:20+access_vlan:SW2:eth2:10+trunk_remove:SW1:eth3:20+trunk_remove:SW2:eth3:10,31649,0.05,9.049999999999999,4,True,False,True,recovery_success,0.009100722963921726,4,3,0,0,0,0,0,0,0
2279,4305,access_vlan:SW1:eth1:20+access_vlan:SW2:eth1:20+trunk_remove:SW1:eth3:10+trunk_remove:SW1:eth3:20+trunk_remove:SW2:eth3:10,31656,0.05,8.299999999999999,7,True,False,True,recovery_success,0.010524805369121688,7,5,1,0,0,0,0,0,0
2280,4306,access_vlan:SW1:eth1:20+access_vlan:SW2:eth1:20+trunk_remove:SW1:eth3:10+trunk_remove:SW1:eth3:20+trunk_remove:SW2:eth3:20,31686,0.05,-4.95,30,False,True,False,step_limit,0.010921927875218292,30,3,27,0,0,0,0,0,1
2281,4307,trunk_remove:SW1:eth3:10+trunk_remove:SW2:eth3:10,31707,0.05,4.75,21,True,False,True,recovery_success,0.00968555427555527,21,8,12,0,2,2,2,0,0
2282,4308,access_vlan:SW1:eth1:20+access_vlan:SW1:eth2:10+access_vlan:SW2:eth1:20+trunk_remove:SW1:eth3:10,31710,0.05,9.35,3,True,False,True,recovery_success,0.0070097665302455425,3,2,0,0,0,0,0,0,0
2283,4309,access_vlan:SW2:eth1:20+trunk_remove:SW1:eth3:10+trunk_remove:SW1:eth3:20+trunk_remove:SW2:eth3:20,31729,0.05,5.3500000000000005,19,True,False,True,recovery_success,0.008855592165338365,19,6,12,0,2,2,1,0,0
2284,4310,trunk_remove:SW2:eth3:20,31737,0.05,-11.100000000000001,8,True,False,False,incorrect_declare_done,0.007837032375391573,8,0,7,0,0,0,0,0,1
2285,4311,access_vlan:SW1:eth2:10+access_vlan:SW2:eth2:10+trunk_remove:SW1:eth3:20+trunk_remove:SW2:eth3:10+trunk_remove:SW2:eth3:20,31753,0.05,6.15,16,True,False,True,recovery_success,0.007394634114461951,16,7,8,0,1,1,1,0,0
2286,4312,access_vlan:SW1:eth2:10+access_vlan:SW2:eth1:20+access_vlan:SW2:eth2:10+trunk_remove:SW2:eth3:10,31756,0.05,9.35,3,True,False,True,recovery_success,0.006529636215418577,3,2,0,0,0,0,0,0,0
2287,4313,access_vlan:SW2:eth1:20+access_vlan:SW2:eth2:10+trunk_remove:SW1:eth3:10+trunk_remove:SW2:eth3:20,31767,0.05,7.35,11,True,False,True,recovery_success,0.006095219128341837,11,4,6,0,1,1,1,0,0
2288,4314,access_vlan:SW1:eth1:20+access_vlan:SW2:eth1:20+access_vlan:SW2:eth2:10+trunk_remove:SW2:eth3:10,31770,0.05,9.35,3,True,False,True,recovery_success,0.005471564053247373,3,2,0,0,0,0,0,0,0
2289,4315,access_vlan:SW1:eth1:20+access_vlan:SW1:eth2:10+access_vlan:SW2:eth2:10+trunk_remove:SW2:eth3:10,31773,0.05,9.35,3,True,False,True,recovery_success,0.0091632593733569,3,2,0,0,0,0,0,0,0
2290,4316,access_vlan:SW2:eth2:10+trunk_remove:SW1:eth3:10+trunk_remove:SW2:eth3:10,31803,0.05,-8.500000000000004,30,False,True,False,step_limit,0.006634823675267398,30,9,20,0,5,4,3,0,1
2291,4317,access_vlan:SW1:eth1:20+access_vlan:SW1:eth2:10+access_vlan:SW2:eth2:10+trunk_remove:SW1:eth3:10+trunk_remove:SW2:eth3:20,31807,0.05,9.049999999999999,4,True,False,True,recovery_success,0.005280053534079343,4,3,0,0,0,0,0,0,0
2292,4318,access_vlan:SW1:eth1:20+access_vlan:SW1:eth2:10+access_vlan:SW2:eth2:10+trunk_remove:SW2:eth3:10,31810,0.05,9.35,3,True,False,True,recovery_success,0.00651966780424118,3,2,0,0,0,0,0,0,0
2293,4319,access_vlan:SW1:eth2:10+trunk_remove:SW1:eth3:10,31818,0.05,8.6,8,True,False,True,recovery_success,0.010732342139817774,8,2,5,0,0,0,0,0,0
2294,4320,access_vlan:SW1:eth2:10+access_vlan:SW2:eth1:20+trunk_remove:SW1:eth3:20+trunk_remove:SW2:eth3:10,31832,0.05,7.4,14,True,False,True,recovery_success,0.007057933303128395,14,4,9,0,0,0,0,0,0
2295,4321,access_vlan:SW1:eth1:20+trunk_remove:SW1:eth3:20+trunk_remove:SW2:eth3:10+trunk_remove:SW2:eth3:20,31862,0.05,-5.1,30,False,True,False,step_limit,0.0063020919566042725,30,4,26,0,0,0,0,0,0
2296,4322,access_vlan:SW1:eth2:10+trunk_remove:SW1:eth3:20+trunk_remove:SW2:eth3:20,31887,0.05,5.9,25,True,False,True,recovery_success,0.004777730274945498,25,3,21,0,0,0,0,0,0
2297,4323,access_vlan:SW1:eth1:20+access_vlan:SW1:eth2:10+trunk_remove:SW2:eth3:10+trunk_remove:SW2:eth3:20,31906,0.05,3.549999999999999,19,True,False,True,recovery_success,0.007475439238509065,19,8,10,0,5,4,3,0,0
2298,4324,access_vlan:SW2:eth2:10+trunk_remove:SW1:eth3:20,31930,0.05,4.899999999999999,24,True,False,True,recovery_success,0.006326697708573192,24,4,19,0,2,2,1,0,0
2299,4325,access_vlan:SW1:eth1:20+trunk_remove:SW1:eth3:20+trunk_remove:SW2:eth3:10+trunk_remove:SW2:eth3:20,31960,0.05,-4.95,30,False,True,False,step_limit,0.005300112534314394,30,3,27,0,0,0,0,0,1
2300,4326,access_vlan:SW2:eth2:10+trunk_remove:SW1:eth3:10+trunk_remove:SW2:eth3:10+trunk_remove:SW2:eth3:20,31981,0.05,6.350000000000001,21,True,False,True,recovery_success,0.004796583604599748,21,4,16,0,0,0,0,0,0
2301,4327,access_vlan:SW1:eth2:10+access_vlan:SW2:eth1:20+trunk_remove:SW1:eth3:10+trunk_remove:SW2:eth3:10,32004,0.05,4.750000000000001,23,True,False,True,recovery_success,0.006697926083174737,23,6,16,0,2,2,1,0,0
2302,4328,access_vlan:SW1:eth1:20+access_vlan:SW2:eth1:20+access_vlan:SW2:eth2:10+trunk_remove:SW1:eth3:10+trunk_remove:SW1:eth3:20+trunk_remove:SW2:eth3:10+trunk_remove:SW2:eth3:20,32010,0.05,8.45,6,True,False,True,recovery_success,0.01083194836974144,6,5,0,0,0,0,0,0,0
2303,4329,access_vlan:SW1:eth1:20+access_vlan:SW1:eth2:10+access_vlan:SW2:eth1:20+trunk_remove:SW1:eth3:10+trunk_remove:SW1:eth3:20,32024,0.05,6.050000000000001,14,True,False,True,recovery_success,0.008501275276233042,14,8,0,0,0,0,0,0,0
2304,4330,access_vlan:SW1:eth1:20+access_vlan:SW2:eth1:20+trunk_remove:SW1:eth3:10,32054,0.05,-5.450000000000001,30,False,True,False,step_limit,0.007982488038639228,30,3,27,0,1,1,1,0,0
2305,4331,access_vlan:SW1:eth1:20+access_vlan:SW1:eth2:10+access_vlan:SW2:eth2:10+trunk_remove:SW2:eth3:20,32059,0.05,8.25,5,True,False,True,recovery_success,0.005866102129220963,5,4,0,0,1,1,1,0,0
2306,4332,access_vlan:SW1:eth1:20+access_vlan:SW2:eth1:20+access_vlan:SW2:eth2:10+trunk_remove:SW1:eth3:10+trunk_remove:SW2:eth3:20,32063,0.05,9.049999999999999,4,True,False,True,recovery_success,0.004972165159415454,4,3,0,0,0,0,0,0,0
2307,4333,access_vlan:SW2:eth1:20+access_vlan:SW2:eth2:10+trunk_remove:SW1:eth3:10+trunk_remove:SW1:eth3:20,32075,0.05,7.199999999999999,12,True,False,True,recovery_success,0.005805041194738199,12,4,7,0,1,1,1,0,0
2308,4334,access_vlan:SW1:eth2:10+access_vlan:SW2:eth1:20+trunk_remove:SW2:eth3:10,32080,0.05,8.399999999999999,5,True,False,True,recovery_success,0.0043675356544554235,5,3,1,0,1,1,1,0,0
2309,4335,access_vlan:SW2:eth2:10+trunk_remove:SW1:eth3:10+trunk_remove:SW1:eth3:20,32088,0.05,7.15,8,True,False,True,recovery_success,0.005250468122540042,8,5,2,0,2,2,1,0,0
2310,4336,access_vlan:SW1:eth1:20+access_vlan:SW1:eth2:10+access_vlan:SW2:eth2:10+trunk_remove:SW1:eth3:20+trunk_remove:SW2:eth3:10,32092,0.05,9.049999999999999,4,True,False,True,recovery_success,0.005246607470326126,4,3,0,0,0,0,0,0,0
2311,4337,access_vlan:SW1:eth1:20+access_vlan:SW2:eth1:20+access_vlan:SW2:eth2:10+trunk_remove:SW1:eth3:10+trunk_remove:SW1:eth3:20+trunk_remove:SW2:eth3:10,32097,0.05,8.75,5,True,False,True,recovery_success,0.0043482820503413675,5,4,0,0,0,0,0,0,0
2312,4338,access_vlan:SW2:eth2:10+trunk_remove:SW1:eth3:10,32101,0.05,9.2,4,True,False,True,recovery_success,0.0062005429062992334,4,2,1,0,0,0,0,0,0
2313,4339,access_vlan:SW1:eth1:20+access_vlan:SW1:eth2:10+trunk_remove:SW1:eth3:20,32111,0.05,6.85,10,True,False,True,recovery_success,0.0049949775915592905,10,4,4,0,2,2,2,0,0
2314,4340,access_vlan:SW2:eth2:10+trunk_remove:SW1:eth3:20+trunk_remove:SW2:eth3:20,32117,0.05,7.449999999999999,6,True,False,True,recovery_success,0.00452738309589525,6,5,0,0,2,2,1,0,0
2315,4341,trunk_remove:SW1:eth3:20+trunk_remove:SW2:eth3:20,32147,0.05,-4.8,30,False,True,False,step_limit,0.0047733001954232655,30,2,28,0,0,0,0,0,0
2316,4342,access_vlan:SW1:eth2:10+trunk_remove:SW1:eth3:10+trunk_remove:SW2:eth3:10+trunk_remove:SW2:eth3:20,32153,0.05,8.6,6,True,False,True,recovery_success,0.005397326468179624,6,4,1,0,0,0,0,0,0
2317,4343,access_vlan:SW2:eth2:10+trunk_remove:SW1:eth3:10+trunk_remove:SW1:eth3:20+trunk_remove:SW2:eth3:10+trunk_remove:SW2:eth3:20,32160,0.05,8.299999999999999,7,True,False,True,recovery_success,0.006115636987877744,7,5,1,0,0,0,0,0,0
2318,4344,access_vlan:SW2:eth1:20+access_vlan:SW2:eth2:10+trunk_remove:SW1:eth3:20+trunk_remove:SW2:eth3:10+trunk_remove:SW2:eth3:20,32166,0.05,7.949999999999999,6,True,False,True,recovery_success,0.00473205194187661,6,5,0,0,1,1,1,0,0
2319,4345,access_vlan:SW1:eth1:20+access_vlan:SW1:eth2:10+access_vlan:SW2:eth1:20+trunk_remove:SW1:eth3:20+trunk_remove:SW2:eth3:10+trunk_remove:SW2:eth3:20,32171,0.05,8.75,5,True,False,True,recovery_success,0.004769630311056971,5,4,0,0,0,0,0,0,0
2320,4346,access_vlan:SW1:eth1:20+access_vlan:SW2:eth2:10+trunk_remove:SW1:eth3:20,32175,0.05,9.049999999999999,4,True,False,True,recovery_success,0.005742630455642939,4,3,0,0,0,0,0,0,0
2321,4347,access_vlan:SW1:eth1:20+access_vlan:SW2:eth2:10+trunk_remove:SW1:eth3:20+trunk_remove:SW2:eth3:10,32183,0.05,8.299999999999999,8,True,False,True,recovery_success,0.005644274060614407,8,4,3,0,0,0,0,0,0
2322,4348,access_vlan:SW2:eth2:10+trunk_remove:SW1:eth3:10+trunk_remove:SW2:eth3:20,32187,0.05,9.049999999999999,4,True,False,True,recovery_success,0.004618797684088349,4,3,0,0,0,0,0,0,0
2323,4349,access_vlan:SW1:eth2:10+trunk_remove:SW1:eth3:20+trunk_remove:SW2:eth3:10,32213,0.05,4.45,26,True,False,True,recovery_success,0.005619852490221651,26,5,20,0,2,2,1,0,0
2324,4350,access_vlan:SW1:eth2:10+access_vlan:SW2:eth1:20+access_vlan:SW2:eth2:10+trunk_remove:SW1:eth3:10+trunk_remove:SW1:eth3:20+trunk_remove:SW2:eth3:20,32220,0.05,8.45,7,True,False,True,recovery_success,0.004067491507157683,7,4,2,0,0,0,0,0,0
2325,4351,access_vlan:SW1:eth2:10+access_vlan:SW2:eth1:20+access_vlan:SW2:eth2:10+trunk_remove:SW2:eth3:20,32223,0.05,9.35,3,True,False,True,recovery_success,0.004037593258544803,3,2,0,0,0,0,0,0,0
2326,4352,access_vlan:SW1:eth1:20+trunk_remove:SW1:eth3:20+trunk_remove:SW2:eth3:10+trunk_remove:SW2:eth3:20,32230,0.05,8.45,7,True,False,True,recovery_success,0.005414989178201982,7,4,2,0,0,0,0,0,0
2327,4353,access_vlan:SW1:eth1:20+access_vlan:SW2:eth1:20+trunk_remove:SW1:eth3:20,32240,0.05,6.85,10,True,False,True,recovery_success,0.005634753219783306,10,5,4,0,2,2,1,0,0
2328,4354,access_vlan:SW1:eth1:20+access_vlan:SW1:eth2:10+access_vlan:SW2:eth1:20+trunk_remove:SW1:eth3:10+trunk_remove:SW1:eth3:20,32246,0.05,7.949999999999999,6,True,False,True,recovery_success,0.0037559509122123322,6,5,0,0,1,1,1,1,0
2329,4355,access_vlan:SW1:eth1:20+trunk_remove:SW1:eth3:10+trunk_remove:SW1:eth3:20,32250,0.05,9.049999999999999,4,True,False,True,recovery_success,0.004281063098460436,4,3,0,0,0,0,0,0,0
2330,4356,access_vlan:SW1:eth1:20+access_vlan:SW2:eth1:20+access_vlan:SW2:eth2:10+trunk_remove:SW1:eth3:10+trunk_remove:SW1:eth3:20,32253,0.05,-10.65,3,True,False,False,incorrect_declare_done,0.00406182580627501,3,2,0,0,0,0,0,0,1
2331,4357,access_vlan:SW1:eth1:20+access_vlan:SW1:eth2:10,32266,0.05,6.55,13,True,False,True,recovery_success,0.004840525010457406,13,4,8,0,2,2,2,0,0
2332,4358,access_vlan:SW1:eth2:10+access_vlan:SW2:eth2:10+trunk_remove:SW1:eth3:10+trunk_remove:SW1:eth3:20+trunk_remove:SW2:eth3:20,32275,0.05,7.999999999999999,9,True,False,True,recovery_success,0.0037938395980745554,9,5,3,0,0,0,0,0,0
2333,4359,access_vlan:SW1:eth1:20+access_vlan:SW2:eth2:10+trunk_remove:SW1:eth3:10+trunk_remove:SW1:eth3:20+trunk_remove:SW2:eth3:10,32289,0.05,7.25,14,True,False,True,recovery_success,0.004495206089424235,14,5,8,0,0,0,0,0,0
2334,4360,access_vlan:SW1:eth2:10+access_vlan:SW2:eth1:20+access_vlan:SW2:eth2:10+trunk_remove:SW1:eth3:10+trunk_remove:SW1:eth3:20+trunk_remove:SW2:eth3:10+trunk_remove:SW2:eth3:20,32315,0.05,-14.4,26,True,False,False,incorrect_declare_done,0.004588183302145738,26,4,21,0,0,0,0,0,3
2335,4361,access_vlan:SW1:eth1:20+trunk_remove:SW1:eth3:10+trunk_remove:SW2:eth3:10,32327,0.05,7.85,12,True,False,True,recovery_success,0.012933448985374222,12,3,8,0,0,0,0,0,0
2336,4362,trunk_remove:SW1:eth3:10,32329,0.05,9.649999999999999,2,True,False,True,recovery_success,0.0033423658460378647,2,1,0,0,0,0,0,0,0
2337,4363,access_vlan:SW1:eth1:20+access_vlan:SW1:eth2:10+access_vlan:SW2:eth1:20+trunk_remove:SW1:eth3:20+trunk_remove:SW2:eth3:20,32332,0.05,-10.65,3,True,False,False,incorrect_declare_done,0.004516457207500935,3,2,0,0,0,0,0,0,1
2338,4364,access_vlan:SW1:eth1:20+access_vlan:SW2:eth1:20+access_vlan:SW2:eth2:10+trunk_remove:SW1:eth3:10+trunk_remove:SW2:eth3:10+trunk_remove:SW2:eth3:20,32337,0.05,8.75,5,True,False,True,recovery_success,0.004922701371833682,5,4,0,0,0,0,0,0,0
2339,4365,access_vlan:SW1:eth1:20+access_vlan:SW1:eth2:10+access_vlan:SW2:eth2:10+trunk_remove:SW1:eth3:10+trunk_remove:SW2:eth3:10+trunk_remove:SW2:eth3:20,32342,0.05,8.75,5,True,False,True,recovery_success,0.006811582576483488,5,4,0,0,0,0,0,0,0
2340,4366,access_vlan:SW1:eth1:20+access_vlan:SW1:eth2:10+trunk_remove:SW1:eth3:10,32366,0.05,3.450000000000001,24,True,False,True,recovery_success,0.006225325661944225,24,7,16,0,4,4,3,0,0
2341,4367,access_vlan:SW1:eth1:20+access_vlan:SW1:eth2:10+access_vlan:SW2:eth1:20+trunk_remove:SW1:eth3:20+trunk_remove:SW2:eth3:10+trunk_remove:SW2:eth3:20,32371,0.05,8.75,5,True,False,True,recovery_success,0.0077202906366437675,5,4,0,0,0,0,0,0,0
2342,4368,access_vlan:SW1:eth1:20+access_vlan:SW1:eth2:10+trunk_remove:SW1:eth3:10+trunk_remove:SW1:eth3:20+trunk_remove:SW2:eth3:10+trunk_remove:SW2:eth3:20,32378,0.05,7.6499999999999995,7,True,False,True,recovery_success,0.0046641287793006215,7,6,0,0,1,1,1,0,0
2343,4369,access_vlan:SW1:eth1:20+access_vlan:SW1:eth2:10+access_vlan:SW2:eth2:10+trunk_remove:SW1:eth3:20,32381,0.05,9.35,3,True,False,True,recovery_success,0.007913824170827866,3,2,0,0,0,0,0,0,0
2344,4370,access_vlan:SW1:eth1:20+access_vlan:SW2:eth1:20+trunk_remove:SW2:eth3:10,32405,0.05,5.55,24,True,False,True,recovery_success,0.007864343953163674,24,3,20,0,1,1,1,0,0
2345,4371,access_vlan:SW1:eth2:10+access_vlan:SW2:eth1:20+access_vlan:SW2:eth2:10+trunk_remove:SW1:eth3:20+trunk_remove:SW2:eth3:10,32409,0.05,9.049999999999999,4,True,False,True,recovery_success,0.00406827317783609,4,3,0,0,0,0,0,0,0
2346,4372,access_vlan:SW1:eth1:20+access_vlan:SW2:eth1:20+trunk_remove:SW2:eth3:10,32414,0.05,8.399999999999999,5,True,False,True,recovery_success,0.003432266740128398,5,3,1,0,1,1,1,0,0
2347,4373,access_vlan:SW1:eth1:20+access_vlan:SW1:eth2:10,32417,0.05,8.85,3,True,False,True,recovery_success,0.004579704642916719,3,2,0,0,1,1,1,0,0
2348,4374,access_vlan:SW1:eth2:10+access_vlan:SW2:eth1:20+access_vlan:SW2:eth2:10+trunk_remove:SW1:eth3:10+trunk_remove:SW1:eth3:20+trunk_remove:SW2:eth3:20,32447,0.05,-5.150000000000001,30,False,True,False,step_limit,0.007561475806869567,30,1,29,0,1,1,1,0,3
2349,4375,access_vlan:SW1:eth1:20+access_vlan:SW1:eth2:10+access_vlan:SW2:eth1:20+trunk_remove:SW1:eth3:20,32450,0.05,9.35,3,True,False,True,recovery_success,0.009778286640842756,3,2,0,0,0,0,0,0,0
2350,4376,access_vlan:SW1:eth1:20+access_vlan:SW1:eth2:10+trunk_remove:SW1:eth3:10,32463,0.05,6.4,13,True,False,True,recovery_success,0.011453844571056275,13,5,7,0,2,2,2,0,0
2351,4377,access_vlan:SW1:eth2:10+access_vlan:SW2:eth1:20+access_vlan:SW2:eth2:10+trunk_remove:SW2:eth3:10,32466,0.05,9.35,3,True,False,True,recovery_success,0.005682922434061766,3,2,0,0,0,0,0,0,0
2352,4378,access_vlan:SW1:eth1:20+access_vlan:SW2:eth2:10+trunk_remove:SW1:eth3:20,32470,0.05,9.049999999999999,4,True,False,True,recovery_success,0.005830601032357663,4,3,0,0,0,0,0,0,0
2353,4379,access_vlan:SW1:eth1:20+access_vlan:SW1:eth2:10+access_vlan:SW2:eth1:20+trunk_remove:SW1:eth3:10+trunk_remove:SW2:eth3:10,32474,0.05,9.049999999999999,4,True,False,True,recovery_success,0.004936654411721975,4,3,0,0,0,0,0,0,0
2354,4380,access_vlan:SW1:eth2:10+trunk_remove:SW1:eth3:20+trunk_remove:SW2:eth3:10,32481,0.05,-11.25,7,True,False,False,incorrect_declare_done,0.0027165283349209596,7,2,4,0,0,0,0,0,1
2355,4381,access_vlan:SW2:eth1:20+access_vlan:SW2:eth2:10+trunk_remove:SW1:eth3:10+trunk_remove:SW2:eth3:10,32486,0.05,8.25,5,True,False,True,recovery_success,0.003833307046443224,5,4,0,0,1,1,1,0,0
2356,4382,access_vlan:SW1:eth1:20+access_vlan:SW1:eth2:10+access_vlan:SW2:eth1:20+access_vlan:SW2:eth2:10+trunk_remove:SW1:eth3:20+trunk_remove:SW2:eth3:20,32489,0.05,9.35,3,True,False,True,recovery_success,0.004746875027194619,3,2,0,0,0,0,0,0,0
2357,4383,access_vlan:SW1:eth1:20+access_vlan:SW1:eth2:10,32492,0.05,8.85,3,True,False,True,recovery_success,0.004107833296681444,3,2,0,0,1,1,1,0,0
2358,4384,access_vlan:SW1:eth1:20+access_vlan:SW1:eth2:10+access_vlan:SW2:eth2:10+trunk_remove:SW1:eth3:10+trunk_remove:SW1:eth3:20+trunk_remove:SW2:eth3:10+trunk_remove:SW2:eth3:20,32499,0.05,8.299999999999999,7,True,False,True,recovery_success,0.0044481652855340925,7,5,1,0,0,0,0,0,0
2359,4385,access_vlan:SW2:eth1:20+access_vlan:SW2:eth2:10+trunk_remove:SW1:eth3:20+trunk_remove:SW2:eth3:10+trunk_remove:SW2:eth3:20,32505,0.05,7.949999999999999,6,True,False,True,recovery_success,0.022094433040668566,6,5,0,0,1,1,1,0,0
2360,4386,access_vlan:SW1:eth1:20+access_vlan:SW2:eth1:20+trunk_remove:SW1:eth3:10+trunk_remove:SW1:eth3:20+trunk_remove:SW2:eth3:10,32517,0.05,7.55,12,True,False,True,recovery_success,0.011174077672573427,12,5,6,0,0,0,0,0,0
2361,4387,access_vlan:SW1:eth2:10+access_vlan:SW2:eth1:20+access_vlan:SW2:eth2:10+trunk_remove:SW1:eth3:20+trunk_remove:SW2:eth3:20,32547,0.05,-6.250000000000001,30,False,True,False,step_limit,0.010393843768785398,30,3,25,0,2,2,1,0,4
2362,4388,access_vlan:SW1:eth1:20+access_vlan:SW1:eth2:10+access_vlan:SW2:eth1:20+trunk_remove:SW1:eth3:10+trunk_remove:SW1:eth3:20+trunk_remove:SW2:eth3:20,32552,0.05,8.75,5,True,False,True,recovery_success,0.0071752374991774556,5,4,0,0,0,0,0,0,0
2363,4389,access_vlan:SW1:eth1:20+access_vlan:SW2:eth2:10+trunk_remove:SW1:eth3:10+trunk_remove:SW1:eth3:20,32557,0.05,8.75,5,True,False,True,recovery_success,0.005476204911246896,5,4,0,0,0,0,0,0,0
2364,4390,access_vlan:SW1:eth1:20+trunk_remove:SW2:eth3:10,32561,0.05,9.2,4,True,False,True,recovery_success,0.0038553884951397777,4,2,1,0,0,0,0,0,0
2365,4391,access_vlan:SW1:eth1:20+access_vlan:SW2:eth2:10+trunk_remove:SW1:eth3:20+trunk_remove:SW2:eth3:20,32566,0.05,8.75,5,True,False,True,recovery_success,0.0036204760894179345,5,4,0,0,0,0,0,0,0
2366,4392,access_vlan:SW1:eth2:10+trunk_remove:SW1:eth3:20,32569,0.05,9.35,3,True,False,True,recovery_success,0.004134022708361347,3,2,0,0,0,0,0,0,0
2367,4393,access_vlan:SW1:eth2:10+access_vlan:SW2:eth1:20+trunk_remove:SW1:eth3:10+trunk_remove:SW2:eth3:10+trunk_remove:SW2:eth3:20,32577,0.05,7.35,8,True,False,True,recovery_success,0.011526565300300717,8,7,0,0,1,1,1,0,0
2368,4394,trunk_remove:SW1:eth3:20+trunk_remove:SW2:eth3:20,32580,0.05,9.35,3,True,False,True,recovery_success,0.010355645169814428,3,2,0,0,0,0,0,0,0
2369,4395,access_vlan:SW1:eth1:20+access_vlan:SW1:eth2:10+access_vlan:SW2:eth2:10+trunk_remove:SW1:eth3:10+trunk_remove:SW2:eth3:10,32584,0.05,9.049999999999999,4,True,False,True,recovery_success,0.011015621130354702,4,3,0,0,0,0,0,0,0
2370,4396,access_vlan:SW1:eth1:20+access_vlan:SW1:eth2:10+access_vlan:SW2:eth1:20+trunk_remove:SW1:eth3:10+trunk_remove:SW2:eth3:10,32588,0.05,9.049999999999999,4,True,False,True,recovery_success,0.006707871449179947,4,3,0,0,0,0,0,0,0
2371,4397,access_vlan:SW1:eth1:20+access_vlan:SW2:eth1:20+access_vlan:SW2:eth2:10+trunk_remove:SW1:eth3:20+trunk_remove:SW2:eth3:20,32592,0.05,9.049999999999999,4,True,False,True,recovery_success,0.0144841771107167,4,3,0,0,0,0,0,0,0
2372,4398,access_vlan:SW1:eth2:10+trunk_remove:SW1:eth3:10+trunk_remove:SW1:eth3:20+trunk_remove:SW2:eth3:10+trunk_remove:SW2:eth3:20,32602,0.05,7.049999999999999,10,True,False,True,recovery_success,0.0073696979321539405,10,7,2,0,1,1,1,1,0
2373,4399,access_vlan:SW1:eth1:20+access_vlan:SW1:eth2:10+trunk_remove:SW1:eth3:10+trunk_remove:SW1:eth3:20+trunk_remove:SW2:eth3:10,32611,0.05,6.699999999999999,9,True,False,True,recovery_success,0.005309658978755276,9,6,1,0,2,2,2,0,0
2374,4400,access_vlan:SW1:eth2:10+trunk_remove:SW1:eth3:10+trunk_remove:SW1:eth3:20+trunk_remove:SW2:eth3:20,32616,0.05,8.75,5,True,False,True,recovery_success,0.0033922879258170722,5,4,0,0,0,0,0,0,0
2375,4401,access_vlan:SW2:eth2:10,32618,0.05,9.649999999999999,2,True,False,True,recovery_success,0.003693181206472218,2,1,0,0,0,0,0,0,0
2376,4402,access_vlan:SW1:eth1:20+access_vlan:SW1:eth2:10+access_vlan:SW2:eth1:20+trunk_remove:SW2:eth3:10,32621,0.05,9.35,3,True,False,True,recovery_success,0.0031715158062676587,3,2,0,0,0,0,0,0,0
2377,4403,trunk_remove:SW2:eth3:10+trunk_remove:SW2:eth3:20,32624,0.05,9.35,3,True,False,True,recovery_success,0.003601786680519581,3,2,0,0,0,0,0,0,0
2378,4404,access_vlan:SW1:eth1:20+access_vlan:SW1:eth2:10+access_vlan:SW2:eth2:10+trunk_remove:SW2:eth3:10,32627,0.05,9.35,3,True,False,True,recovery_success,0.0049896288352708025,3,2,0,0,0,0,0,0,0
2379,4405,trunk_remove:SW1:eth3:20+trunk_remove:SW2:eth3:20,32630,0.05,9.35,3,True,False,True,recovery_success,0.0038604023090253272,3,2,0,0,0,0,0,0,0
2380,4406,access_vlan:SW2:eth1:20+access_vlan:SW2:eth2:10+trunk_remove:SW1:eth3:10+trunk_remove:SW1:eth3:20,32635,0.05,8.25,5,True,False,True,recovery_success,0.006387811060994864,5,4,0,0,1,1,1,0,0
2381,4407,access_vlan:SW1:eth1:20+access_vlan:SW1:eth2:10+access_vlan:SW2:eth2:10+trunk_remove:SW1:eth3:10+trunk_remove:SW1:eth3:20,32639,0.05,9.049999999999999,4,True,False,True,recovery_success,0.005289149296004325,4,3,0,0,0,0,0,0,0
2382,4408,access_vlan:SW1:eth2:10+access_vlan:SW2:eth1:20,32652,0.05,7.35,13,True,False,True,recovery_success,0.009175116375375252,13,2,10,0,1,1,1,0,0
2383,4409,access_vlan:SW2:eth2:10+trunk_remove:SW2:eth3:20,32655,0.05,9.35,3,True,False,True,recovery_success,0.005918965985377629,3,2,0,0,0,0,0,0,0
2384,4410,access_vlan:SW1:eth2:10+trunk_remove:SW2:eth3:10+trunk_remove:SW2:eth3:20,32661,0.05,6.949999999999999,6,True,False,True,recovery_success,0.0036954669825111828,6,5,0,0,3,3,1,1,0
2385,4411,access_vlan:SW1:eth2:10+trunk_remove:SW2:eth3:10+trunk_remove:SW2:eth3:20,32666,0.05,8.899999999999999,5,True,False,True,recovery_success,0.003709126403555274,5,3,1,0,0,0,0,0,0
2386,4412,access_vlan:SW1:eth2:10+access_vlan:SW2:eth1:20+access_vlan:SW2:eth2:10+trunk_remove:SW1:eth3:10+trunk_remove:SW1:eth3:20+trunk_remove:SW2:eth3:20,32696,0.05,-5.150000000000001,30,False,True,False,step_limit,0.0035960689303465186,30,1,29,0,1,1,1,0,3
2387,4413,access_vlan:SW1:eth2:10+access_vlan:SW2:eth1:20+access_vlan:SW2:eth2:10+trunk_remove:SW1:eth3:10+trunk_remove:SW2:eth3:10,32700,0.05,9.049999999999999,4,True,False,True,recovery_success,0.003801229817327112,4,3,0,0,0,0,0,0,0
2388,4414,access_vlan:SW1:eth1:20+access_vlan:SW1:eth2:10+trunk_remove:SW2:eth3:20,32706,0.05,7.749999999999999,6,True,False,True,recovery_success,0.007023524027317762,6,3,2,0,2,2,2,0,0
2389,4415,access_vlan:SW1:eth1:20+access_vlan:SW2:eth1:20+access_vlan:SW2:eth2:10+trunk_remove:SW2:eth3:10,32709,0.05,9.35,3,True,False,True,recovery_success,0.004457616557677587,3,2,0,0,0,0,0,0,0
2390,4416,access_vlan:SW1:eth1:20+trunk_remove:SW1:eth3:10+trunk_remove:SW2:eth3:20,32714,0.05,8.899999999999999,5,True,False,True,recovery_success,0.0027928562834858895,5,3,1,0,0,0,0,0,0
2391,4417,access_vlan:SW1:eth1:20+trunk_remove:SW1:eth3:10+trunk_remove:SW1:eth3:20+trunk_remove:SW2:eth3:10,32720,0.05,8.6,6,True,False,True,recovery_success,0.0030224284467597804,6,4,1,0,0,0,0,0,0
2392,4418,access_vlan:SW1:eth1:20+access_vlan:SW2:eth1:20+access_vlan:SW2:eth2:10+trunk_remove:SW2:eth3:10+trunk_remove:SW2:eth3:20,32724,0.05,9.049999999999999,4,True,False,True,recovery_success,0.002361076301895082,4,3,0,0,0,0,0,0,0
2393,4419,access_vlan:SW1:eth1:20+access_vlan:SW2:eth2:10+trunk_remove:SW1:eth3:10+trunk_remove:SW1:eth3:20,32731,0.05,8.149999999999999,7,True,False,True,recovery_success,0.004277738476438182,7,5,0,0,0,0,0,0,0
2394,4420,access_vlan:SW1:eth2:10+access_vlan:SW2:eth1:20+access_vlan:SW2:eth2:10+trunk_remove:SW1:eth3:10+trunk_remove:SW1:eth3:20+trunk_remove:SW2:eth3:10,32736,0.05,8.75,5,True,False,True,recovery_success,0.002998231165111065,5,4,0,0,0,0,0,0,0
2395,4421,access_vlan:SW1:eth2:10+access_vlan:SW2:eth2:10+trunk_remove:SW1:eth3:20+trunk_remove:SW2:eth3:10,32742,0.05,8.6,6,True,False,True,recovery_success,0.003395061765331775,6,4,1,0,0,0,0,0,0
2396,4422,access_vlan:SW1:eth1:20+access_vlan:SW2:eth1:20+access_vlan:SW2:eth2:10+trunk_remove:SW1:eth3:10+trunk_remove:SW1:eth3:20+trunk_remove:SW2:eth3:20,32747,0.05,8.75,5,True,False,True,recovery_success,0.003943719761446118,5,4,0,0,0,0,0,0,0
2397,4423,access_vlan:SW1:eth2:10+access_vlan:SW2:eth1:20+trunk_remove:SW1:eth3:10,32752,0.05,8.899999999999999,5,True,False,True,recovery_success,0.002217714674770832,5,3,1,0,0,0,0,0,0
2398,4424,access_vlan:SW1:eth2:10+access_vlan:SW2:eth1:20+trunk_remove:SW1:eth3:10+trunk_remove:SW2:eth3:10+trunk_remove:SW2:eth3:20,32763,0.05,6.9,11,True,False,True,recovery_success,0.0029564645480025897,11,7,3,0,1,1,1,0,0
2399,4425,access_vlan:SW2:eth1:20+access_vlan:SW2:eth2:10+trunk_remove:SW1:eth3:10+trunk_remove:SW2:eth3:20,32793,0.05,-7.550000000000008,30,False,True,False,step_limit,0.004436175688169897,30,7,23,0,4,4,2,1,3
2400,4426,access_vlan:SW1:eth1:20+access_vlan:SW1:eth2:10+access_vlan:SW2:eth1:20+trunk_remove:SW1:eth3:10+trunk_remove:SW2:eth3:20,32797,0.05,9.049999999999999,4,True,False,True,recovery_success,0.0035978404339402914,4,3,0,0,0,0,0,0,0
2401,4427,access_vlan:SW1:eth1:20+access_vlan:SW1:eth2:10+trunk_remove:SW1:eth3:20,32801,0.05,8.549999999999999,4,True,False,True,recovery_success,0.005529566784389317,4,3,0,0,1,1,1,0,0
2402,4428,access_vlan:SW2:eth1:20+access_vlan:SW2:eth2:10+trunk_remove:SW1:eth3:10+trunk_remove:SW2:eth3:10,32807,0.05,8.1,6,True,False,True,recovery_success,0.003326012190276136,6,4,1,0,1,1,1,0,0
2403,4429,access_vlan:SW1:eth1:20+trunk_remove:SW1:eth3:20+trunk_remove:SW2:eth3:10+trunk_remove:SW2:eth3:20,32813,0.05,8.6,6,True,False,True,recovery_success,0.0038541156876211367,6,4,1,0,0,0,0,0,0
2404,4430,access_vlan:SW1:eth1:20+access_vlan:SW1:eth2:10+access_vlan:SW2:eth1:20+access_vlan:SW2:eth2:10+trunk_remove:SW1:eth3:20+trunk_remove:SW2:eth3:20,32816,0.05,9.35,3,True,False,True,recovery_success,0.003777584061026573,3,2,0,0,0,0,0,0,0
2405,4431,access_vlan:SW1:eth1:20+access_vlan:SW2:eth2:10,32830,0.05,5.4,14,True,False,True,recovery_success,0.0059803615939537326,14,4,9,0,4,3,3,0,0
2406,4432,access_vlan:SW1:eth2:10+access_vlan:SW2:eth1:20+trunk_remove:SW1:eth3:10+trunk_remove:SW1:eth3:20+trunk_remove:SW2:eth3:10,32839,0.05,7.999999999999999,9,True,False,True,recovery_success,0.004447481594979763,9,5,3,0,0,0,0,0,0
2407,4433,access_vlan:SW1:eth1:20+access_vlan:SW1:eth2:10+access_vlan:SW2:eth1:20+access_vlan:SW2:eth2:10+trunk_remove:SW2:eth3:10,32841,0.05,9.649999999999999,2,True,False,True,recovery_success,0.0028128541889600456,2,1,0,0,0,0,0,0,0
2408,4434,access_vlan:SW1:eth1:20+access_vlan:SW1:eth2:10+trunk_remove:SW1:eth3:10,32871,0.05,-5.300000000000002,30,False,True,False,step_limit,0.003137500611289094,30,2,28,0,1,1,1,0,3
2409,4435,access_vlan:SW2:eth2:10+trunk_remove:SW1:eth3:20,32874,0.05,9.35,3,True,False,True,recovery_success,0.00446714546220998,3,2,0,0,0,0,0,0,0
2410,4436,access_vlan:SW1:eth1:20+access_vlan:SW1:eth2:10+access_vlan:SW2:eth1:20+access_vlan:SW2:eth2:10+trunk_remove:SW1:eth3:20+trunk_remove:SW2:eth3:10,32877,0.05,9.35,3,True,False,True,recovery_success,0.0061846346749613685,3,2,0,0,0,0,0,0,0
2411,4437,access_vlan:SW1:eth1:20+access_vlan:SW2:eth1:20+access_vlan:SW2:eth2:10+trunk_remove:SW1:eth3:20+trunk_remove:SW2:eth3:20,32881,0.05,9.049999999999999,4,True,False,True,recovery_success,0.0028773208905477077,4,3,0,0,0,0,0,0,0
2412,4438,access_vlan:SW1:eth2:10+access_vlan:SW2:eth1:20+access_vlan:SW2:eth2:10+trunk_remove:SW2:eth3:10,32886,0.05,8.75,5,True,False,True,recovery_success,0.0038632506970316173,5,4,0,0,0,0,0,0,0
2413,4439,access_vlan:SW1:eth2:10+access_vlan:SW2:eth1:20+access_vlan:SW2:eth2:10+trunk_remove:SW1:eth3:10+trunk_remove:SW2:eth3:10,32890,0.05,9.049999999999999,4,True,False,True,recovery_success,0.0030308093409985304,4,3,0,0,0,0,0,0,0
2414,4440,trunk_remove:SW1:eth3:10+trunk_remove:SW2:eth3:10,32895,0.05,7.749999999999999,5,True,False,True,recovery_success,0.006221869820728898,5,4,0,0,2,2,1,0,0
2415,4441,access_vlan:SW1:eth1:20+trunk_remove:SW1:eth3:10+trunk_remove:SW2:eth3:10,32910,0.05,7.4,15,True,False,True,recovery_success,0.0034609706529105705,15,3,11,0,0,0,0,0,0
2416,4442,access_vlan:SW2:eth2:10+trunk_remove:SW1:eth3:20,32913,0.05,9.35,3,True,False,True,recovery_success,0.0025164507096633315,3,2,0,0,0,0,0,0,0
2417,4443,access_vlan:SW1:eth2:10+access_vlan:SW2:eth1:20+access_vlan:SW2:eth2:10,32915,0.05,9.649999999999999,2,True,False,True,recovery_success,0.002480313880369067,2,1,0,0,0,0,0,0,0
2418,4444,access_vlan:SW1:eth1:20+access_vlan:SW1:eth2:10+access_vlan:SW2:eth1:20+trunk_remove:SW1:eth3:20+trunk_remove:SW2:eth3:20,32919,0.05,9.049999999999999,4,True,False,True,recovery_success,0.0032713037508074194,4,3,0,0,0,0,0,0,0
2419,4445,access_vlan:SW1:eth1:20+access_vlan:SW2:eth1:20+access_vlan:SW2:eth2:10+trunk_remove:SW2:eth3:20,32922,0.05,9.35,3,True,False,True,recovery_success,0.003194353465611736,3,2,0,0,0,0,0,0,0
2420,4446,access_vlan:SW1:eth2:10+access_vlan:SW2:eth1:20+access_vlan:SW2:eth2:10+trunk_remove:SW1:eth3:10,32925,0.05,9.35,3,True,False,True,recovery_success,0.0022935790087406835,3,2,0,0,0,0,0,0,0
2421,4447,access_vlan:SW1:eth2:10+trunk_remove:SW1:eth3:20,32928,0.05,9.35,3,True,False,True,recovery_success,0.001792237046174705,3,2,0,0,0,0,0,0,0
2422,4448,access_vlan:SW1:eth2:10+trunk_remove:SW1:eth3:10+trunk_remove:SW2:eth3:10+trunk_remove:SW2:eth3:20,32933,0.05,8.75,5,True,False,True,recovery_success,0.003943498758599162,5,4,0,0,0,0,0,0,0
2423,4449,access_vlan:SW1:eth1:20+trunk_remove:SW1:eth3:20,32947,0.05,7.699999999999999,14,True,False,True,recovery_success,0.0025700703845359385,14,2,11,0,0,0,0,0,0
2424,4450,trunk_remove:SW2:eth3:20,32949,0.05,9.649999999999999,2,True,False,True,recovery_success,0.003979203291237354,2,1,0,0,0,0,0,0,0
2425,4451,access_vlan:SW1:eth1:20+access_vlan:SW2:eth2:10+trunk_remove:SW2:eth3:10,32953,0.05,9.049999999999999,4,True,False,True,recovery_success,0.003328123304527253,4,3,0,0,0,0,0,0,0
2426,4452,access_vlan:SW1:eth1:20+access_vlan:SW1:eth2:10+access_vlan:SW2:eth1:20,32957,0.05,9.049999999999999,4,True,False,True,recovery_success,0.004295760591048747,4,3,0,0,0,0,0,0,0
2427,4453,access_vlan:SW1:eth2:10+trunk_remove:SW1:eth3:10+trunk_remove:SW1:eth3:20,32961,0.05,9.049999999999999,4,True,False,True,recovery_success,0.00375640916172415,4,3,0,0,0,0,0,0,0
2428,4454,access_vlan:SW1:eth1:20+access_vlan:SW1:eth2:10+access_vlan:SW2:eth2:10+trunk_remove:SW1:eth3:10+trunk_remove:SW2:eth3:20,32965,0.05,9.049999999999999,4,True,False,True,recovery_success,0.003220599901396781,4,3,0,0,0,0,0,0,0
2429,4455,access_vlan:SW1:eth2:10+access_vlan:SW2:eth1:20+access_vlan:SW2:eth2:10+trunk_remove:SW2:eth3:10,32968,0.05,9.35,3,True,False,True,recovery_success,0.005041647392014663,3,2,0,0,0,0,0,0,0
2430,4456,access_vlan:SW1:eth2:10+access_vlan:SW2:eth2:10+trunk_remove:SW1:eth3:10+trunk_remove:SW1:eth3:20+trunk_remove:SW2:eth3:10+trunk_remove:SW2:eth3:20,32975,0.05,8.149999999999999,7,True,False,True,recovery_success,0.0025139764683055027,7,6,0,0,0,0,0,0,0
2431,4457,access_vlan:SW1:eth1:20+access_vlan:SW1:eth2:10+access_vlan:SW2:eth1:20+access_vlan:SW2:eth2:10+trunk_remove:SW1:eth3:20+trunk_remove:SW2:eth3:10,32978,0.05,9.35,3,True,False,True,recovery_success,0.0034168005998556814,3,2,0,0,0,0,0,0,0
2432,4458,access_vlan:SW1:eth1:20+access_vlan:SW2:eth1:20+access_vlan:SW2:eth2:10+trunk_remove:SW1:eth3:10+trunk_remove:SW2:eth3:20,32982,0.05,9.049999999999999,4,True,False,True,recovery_success,0.0027319932996761054,4,3,0,0,0,0,0,0,0
2433,4459,access_vlan:SW1:eth1:20+trunk_remove:SW1:eth3:10+trunk_remove:SW2:eth3:10+trunk_remove:SW2:eth3:20,32987,0.05,8.75,5,True,False,True,recovery_success,0.0035699316300451755,5,4,0,0,0,0,0,0,0
2434,4460,access_vlan:SW1:eth1:20+access_vlan:SW2:eth1:20+trunk_remove:SW1:eth3:10+trunk_remove:SW1:eth3:20+trunk_remove:SW2:eth3:20,32996,0.05,7.999999999999999,9,True,False,True,recovery_success,0.004681663820520043,9,5,3,0,0,0,0,0,0
2435,4461,access_vlan:SW1:eth1:20+access_vlan:SW2:eth1:20+access_vlan:SW2:eth2:10+trunk_remove:SW1:eth3:10,32999,0.05,9.35,3,True,False,True,recovery_success,0.007465628751864036,3,2,0,0,0,0,0,0,0
2436,4462,access_vlan:SW1:eth2:10+access_vlan:SW2:eth2:10+trunk_remove:SW1:eth3:20,33004,0.05,8.399999999999999,5,True,False,True,recovery_success,0.010647088894620538,5,3,1,0,1,1,1,0,0
2437,4463,access_vlan:SW2:eth2:10+trunk_remove:SW1:eth3:10+trunk_remove:SW2:eth3:10,33008,0.05,9.049999999999999,4,True,False,True,recovery_success,0.008456274401396513,4,3,0,0,0,0,0,0,0
2438,4464,access_vlan:SW1:eth2:10+trunk_remove:SW1:eth3:10+trunk_remove:SW2:eth3:20,33012,0.05,9.049999999999999,4,True,False,True,recovery_success,0.007212028838694096,4,3,0,0,0,0,0,0,0
2439,4465,access_vlan:SW1:eth1:20+access_vlan:SW1:eth2:10+access_vlan:SW2:eth1:20,33014,0.05,9.649999999999999,2,True,False,True,recovery_success,0.004887489951215684,2,1,0,0,0,0,0,0,0
2440,4466,access_vlan:SW2:eth1:20+trunk_remove:SW1:eth3:10+trunk_remove:SW1:eth3:20+trunk_remove:SW2:eth3:20,33019,0.05,8.75,5,True,False,True,recovery_success,0.007039151107892394,5,4,0,0,0,0,0,0,0
2441,4467,access_vlan:SW1:eth1:20+access_vlan:SW1:eth2:10+access_vlan:SW2:eth1:20+trunk_remove:SW1:eth3:20,33022,0.05,9.35,3,True,False,True,recovery_success,0.004194865624109904,3,2,0,0,0,0,0,0,0
2442,4468,access_vlan:SW1:eth1:20+access_vlan:SW1:eth2:10+access_vlan:SW2:eth1:20+access_vlan:SW2:eth2:10+trunk_remove:SW1:eth3:10+trunk_remove:SW2:eth3:10+trunk_remove:SW2:eth3:20,33026,0.05,9.049999999999999,4,True,False,True,recovery_success,0.004896240832749754,4,3,0,0,0,0,0,0,0
2443,4469,access_vlan:SW1:eth1:20+trunk_remove:SW1:eth3:20+trunk_remove:SW2:eth3:10+trunk_remove:SW2:eth3:20,33031,0.05,8.75,5,True,False,True,recovery_success,0.00484969774261117,5,4,0,0,0,0,0,0,0
2444,4470,access_vlan:SW1:eth1:20+access_vlan:SW1:eth2:10+access_vlan:SW2:eth2:10+trunk_remove:SW2:eth3:20,33034,0.05,9.35,3,True,False,True,recovery_success,0.004544293973594904,3,2,0,0,0,0,0,0,0
2445,4471,access_vlan:SW1:eth1:20+access_vlan:SW1:eth2:10+trunk_remove:SW1:eth3:10+trunk_remove:SW2:eth3:20,33039,0.05,8.25,5,True,False,True,recovery_success,0.0040474701672792435,5,4,0,0,1,1,1,0,0
2446,4472,access_vlan:SW1:eth1:20+access_vlan:SW2:eth2:10,33042,0.05,8.85,3,True,False,True,recovery_success,0.003125451893235246,3,2,0,0,1,1,1,0,0
2447,4473,access_vlan:SW1:eth2:10+trunk_remove:SW2:eth3:10,33045,0.05,9.35,3,True,False,True,recovery_success,0.0045062457987417774,3,2,0,0,0,0,0,0,0
2448,4474,access_vlan:SW1:eth2:10+access_vlan:SW2:eth2:10+trunk_remove:SW1:eth3:10,33049,0.05,9.049999999999999,4,True,False,True,recovery_success,0.0037565295351669192,4,3,0,0,0,0,0,0,0
2449,4475,access_vlan:SW1:eth2:10+access_vlan:SW2:eth1:20+access_vlan:SW2:eth2:10+trunk_remove:SW1:eth3:10+trunk_remove:SW1:eth3:20+trunk_remove:SW2:eth3:20,33060,0.05,7.05,11,True,False,True,recovery_success,0.004934579895978624,11,6,4,0,1,1,1,0,0
2450,4476,access_vlan:SW1:eth1:20+access_vlan:SW2:eth1:20+trunk_remove:SW2:eth3:10+trunk_remove:SW2:eth3:20,33065,0.05,8.75,5,True,False,True,recovery_success,0.010840506386011839,5,4,0,0,0,0,0,0,0
2451,4477,trunk_remove:SW1:eth3:20+trunk_remove:SW2:eth3:20,33068,0.05,9.35,3,True,False,True,recovery_success,0.005371767794713378,3,2,0,0,0,0,0,0,0
2452,4478,access_vlan:SW1:eth2:10+access_vlan:SW2:eth1:20,33080,0.05,7.499999999999999,12,True,False,True,recovery_success,0.014670685438128809,12,2,9,0,1,1,1,0,0
2453,4479,access_vlan:SW1:eth1:20+access_vlan:SW2:eth1:20+access_vlan:SW2:eth2:10+trunk_remove:SW1:eth3:10+trunk_remove:SW2:eth3:10+trunk_remove:SW2:eth3:20,33085,0.05,8.75,5,True,False,True,recovery_success,0.012653259886428713,5,4,0,0,0,0,0,0,0
2454,4480,access_vlan:SW1:eth1:20+access_vlan:SW1:eth2:10+access_vlan:SW2:eth1:20+trunk_remove:SW1:eth3:20+trunk_remove:SW2:eth3:10+trunk_remove:SW2:eth3:20,33090,0.05,8.75,5,True,False,True,recovery_success,0.006900994572788477,5,4,0,0,0,0,0,0,0
2455,4481,access_vlan:SW1:eth2:10+access_vlan:SW2:eth1:20,33107,0.05,6.75,17,True,False,True,recovery_success,0.005371616413707242,17,2,14,0,1,1,1,0,0
2456,4482,access_vlan:SW1:eth2:10+access_vlan:SW2:eth2:10+trunk_remove:SW1:eth3:20+trunk_remove:SW2:eth3:10,33114,0.05,6.6499999999999995,7,True,False,True,recovery_success,0.0051598274149000645,7,6,0,0,3,3,1,1,0
2457,4483,access_vlan:SW1:eth2:10+access_vlan:SW2:eth1:20+trunk_remove:SW1:eth3:10,33118,0.05,9.049999999999999,4,True,False,True,recovery_success,0.002925471984781325,4,3,0,0,0,0,0,0,0
2458,4484,access_vlan:SW1:eth1:20+access_vlan:SW1:eth2:10+trunk_remove:SW1:eth3:10+trunk_remove:SW1:eth3:20+trunk_remove:SW2:eth3:10+trunk_remove:SW2:eth3:20,33133,0.05,6.45,15,True,False,True,recovery_success,0.0030570570301885406,15,6,8,0,1,1,1,0,0
2459,4485,access_vlan:SW2:eth1:20+trunk_remove:SW1:eth3:10+trunk_remove:SW1:eth3:20+trunk_remove:SW2:eth3:10,33138,0.05,8.75,5,True,False,True,recovery_success,0.006107196677476168,5,4,0,0,0,0,0,0,0
2460,4486,access_vlan:SW2:eth1:20+access_vlan:SW2:eth2:10,33141,0.05,8.85,3,True,False,True,recovery_success,0.013027303852140903,3,2,0,0,1,1,1,0,0
2461,4487,access_vlan:SW1:eth1:20+access_vlan:SW2:eth1:20+access_vlan:SW2:eth2:10+trunk_remove:SW1:eth3:10+trunk_remove:SW1:eth3:20+trunk_remove:SW2:eth3:10,33148,0.05,7.6499999999999995,7,True,False,True,recovery_success,0.006082071490319712,7,6,0,0,1,1,1,0,0
2462,4488,access_vlan:SW1:eth1:20+access_vlan:SW1:eth2:10+access_vlan:SW2:eth2:10+trunk_remove:SW1:eth3:10+trunk_remove:SW2:eth3:10+trunk_remove:SW2:eth3:20,33154,0.05,8.6,6,True,False,True,recovery_success,0.00454374336792777,6,4,1,0,0,0,0,0,0
2463,4489,access_vlan:SW1:eth2:10+access_vlan:SW2:eth2:10+trunk_remove:SW1:eth3:10+trunk_remove:SW1:eth3:20+trunk_remove:SW2:eth3:10+trunk_remove:SW2:eth3:20,33164,0.05,7.3999999999999995,10,True,False,True,recovery_success,0.005039663868956268,10,7,1,0,0,0,0,0,0
2464,4490,access_vlan:SW2:eth1:20+access_vlan:SW2:eth2:10+trunk_remove:SW1:eth3:20+trunk_remove:SW2:eth3:10,33170,0.05,8.1,6,True,False,True,recovery_success,0.006414131067382793,6,4,1,0,1,1,1,0,0
2465,4491,access_vlan:SW2:eth1:20+access_vlan:SW2:eth2:10,33173,0.05,8.85,3,True,False,True,recovery_success,0.003926231836279233,3,2,0,0,1,1,1,0,0
2466,4492,access_vlan:SW1:eth2:10+access_vlan:SW2:eth1:20+trunk_remove:SW1:eth3:10+trunk_remove:SW2:eth3:10+trunk_remove:SW2:eth3:20,33179,0.05,8.45,6,True,False,True,recovery_success,0.008094463613815606,6,5,0,0,0,0,0,0,0
2467,4493,trunk_remove:SW2:eth3:10+trunk_remove:SW2:eth3:20,33182,0.05,9.35,3,True,False,True,recovery_success,0.005264069496964415,3,2,0,0,0,0,0,0,0
2468,4494,access_vlan:SW1:eth1:20+trunk_remove:SW1:eth3:10+trunk_remove:SW1:eth3:20,33186,0.05,9.049999999999999,4,True,False,True,recovery_success,0.0037554980954155326,4,3,0,0,0,0,0,0,0
2469,4495,access_vlan:SW1:eth2:10+access_vlan:SW2:eth2:10+trunk_remove:SW1:eth3:10+trunk_remove:SW1:eth3:20+trunk_remove:SW2:eth3:10+trunk_remove:SW2:eth3:20,33200,0.05,7.1000000000000005,14,True,False,True,recovery_success,0.004888097115326673,14,6,7,0,0,0,0,0,0
2470,4496,access_vlan:SW2:eth2:10+trunk_remove:SW2:eth3:10+trunk_remove:SW2:eth3:20,33204,0.05,9.049999999999999,4,True,False,True,recovery_success,0.006860282854177058,4,3,0,0,0,0,0,0,0
2471,4497,access_vlan:SW1:eth2:10+trunk_remove:SW1:eth3:20+trunk_remove:SW2:eth3:10,33209,0.05,8.899999999999999,5,True,False,True,recovery_success,0.003964446787722409,5,3,1,0,0,0,0,0,0
2472,4498,access_vlan:SW2:eth1:20+access_vlan:SW2:eth2:10+trunk_remove:SW1:eth3:20,33213,0.05,8.549999999999999,4,True,False,True,recovery_success,0.0031169549911282957,4,3,0,0,1,1,1,0,0
2473,4499,access_vlan:SW1:eth2:10+access_vlan:SW2:eth1:20+access_vlan:SW2:eth2:10+trunk_remove:SW1:eth3:20+trunk_remove:SW2:eth3:10,33217,0.05,9.049999999999999,4,True,False,True,recovery_success,0.004462874552700669,4,3,0,0,0,0,0,0,0
2474,4500,access_vlan:SW1:eth1:20+access_vlan:SW2:eth2:10+trunk_remove:SW1:eth3:10+trunk_remove:SW1:eth3:20,33222,0.05,8.75,5,True,False,True,recovery_success,0.004857477033510804,5,4,0,0,0,0,0,0,0
2475,4501,access_vlan:SW2:eth1:20+access_vlan:SW2:eth2:10,33225,0.05,8.85,3,True,False,True,recovery_success,0.002541151906674107,3,2,0,0,1,1,1,0,0
2476,4502,access_vlan:SW1:eth2:10+access_vlan:SW2:eth1:20+trunk_remove:SW1:eth3:10+trunk_remove:SW2:eth3:10,33230,0.05,8.75,5,True,False,True,recovery_success,0.004192773438990116,5,4,0,0,0,0,0,0,0
2477,4503,access_vlan:SW1:eth1:20+access_vlan:SW2:eth1:20+access_vlan:SW2:eth2:10+trunk_remove:SW1:eth3:20,33233,0.05,9.35,3,True,False,True,recovery_success,0.00373476759220163,3,2,0,0,0,0,0,0,0
2478,4504,access_vlan:SW1:eth1:20+access_vlan:SW1:eth2:10+access_vlan:SW2:eth2:10+trunk_remove:SW1:eth3:20+trunk_remove:SW2:eth3:20,33237,0.05,9.049999999999999,4,True,False,True,recovery_success,0.002650539099704474,4,3,0,0,0,0,0,0,0
2479,4505,access_vlan:SW1:eth1:20+access_vlan:SW2:eth2:10+trunk_remove:SW1:eth3:10+trunk_remove:SW1:eth3:20,33242,0.05,8.75,5,True,False,True,recovery_success,0.0024016919080168007,5,4,0,0,0,0,0,0,0
2480,4506,access_vlan:SW1:eth1:20+trunk_remove:SW1:eth3:10,33249,0.05,6.949999999999999,7,True,False,True,recovery_success,0.015761785275701965,7,4,2,0,3,3,2,0,0
2481,4507,access_vlan:SW1:eth1:20+access_vlan:SW2:eth1:20+trunk_remove:SW1:eth3:10+trunk_remove:SW1:eth3:20+trunk_remove:SW2:eth3:10,33257,0.05,8.149999999999999,8,True,False,True,recovery_success,0.0032332683622371405,8,5,2,0,0,0,0,0,0
2482,4508,access_vlan:SW1:eth1:20+access_vlan:SW1:eth2:10+trunk_remove:SW1:eth3:10+trunk_remove:SW1:eth3:20+trunk_remove:SW2:eth3:10,33263,0.05,7.949999999999999,6,True,False,True,recovery_success,0.004128043772652745,6,5,0,0,1,1,1,0,0
2483,4509,access_vlan:SW1:eth2:10+access_vlan:SW2:eth2:10+trunk_remove:SW1:eth3:10+trunk_remove:SW1:eth3:20+trunk_remove:SW2:eth3:10,33269,0.05,8.45,6,True,False,True,recovery_success,0.004364407349688311,6,5,0,0,0,0,0,0,0
2484,4510,access_vlan:SW1:eth2:10+access_vlan:SW2:eth1:20+access_vlan:SW2:eth2:10+trunk_remove:SW2:eth3:20,33274,0.05,8.25,5,True,False,True,recovery_success,0.0037756127305328844,5,4,0,0,1,1,1,0,0
2485,4511,access_vlan:SW1:eth1:20+access_vlan:SW1:eth2:10+access_vlan:SW2:eth2:10+trunk_remove:SW1:eth3:10+trunk_remove:SW2:eth3:20,33278,0.05,9.049999999999999,4,True,False,True,recovery_success,0.003013943147379905,4,3,0,0,0,0,0,0,0
2486,4512,trunk_remove:SW2:eth3:10,33280,0.05,9.649999999999999,2,True,False,True,recovery_success,0.0025530128623358905,2,1,0,0,0,0,0,0,0
2487,4513,access_vlan:SW1:eth1:20+access_vlan:SW1:eth2:10+access_vlan:SW2:eth1:20+access_vlan:SW2:eth2:10+trunk_remove:SW1:eth3:10+trunk_remove:SW1:eth3:20+trunk_remove:SW2:eth3:10,33284,0.05,9.049999999999999,4,True,False,True,recovery_success,0.003379367379238829,4,3,0,0,0,0,0,0,0
2488,4514,access_vlan:SW2:eth2:10+trunk_remove:SW2:eth3:20,33287,0.05,9.35,3,True,False,True,recovery_success,0.002321565911794702,3,2,0,0,0,0,0,0,0
2489,4515,access_vlan:SW1:eth1:20+access_vlan:SW1:eth2:10+trunk_remove:SW1:eth3:20+trunk_remove:SW2:eth3:20,33297,0.05,6.699999999999999,10,True,False,True,recovery_success,0.0031509044929407537,10,6,3,0,2,2,2,0,0
2490,4516,access_vlan:SW2:eth1:20+trunk_remove:SW1:eth3:20+trunk_remove:SW2:eth3:10,33301,0.05,9.049999999999999,4,True,False,True,recovery_success,0.0033382299006916583,4,3,0,0,0,0,0,0,0
2491,4517,access_vlan:SW1:eth2:10+trunk_remove:SW1:eth3:10+trunk_remove:SW2:eth3:10,33305,0.05,9.049999999999999,4,True,False,True,recovery_success,0.0024258358898805454,4,3,0,0,0,0,0,0,0
2492,4518,trunk_remove:SW1:eth3:10+trunk_remove:SW2:eth3:10,33308,0.05,9.35,3,True,False,True,recovery_success,0.002802331311007341,3,2,0,0,0,0,0,0,0
2493,4519,access_vlan:SW1:eth1:20+trunk_remove:SW1:eth3:10+trunk_remove:SW1:eth3:20+trunk_remove:SW2:eth3:20,33315,0.05,8.45,7,True,False,True,recovery_success,0.010958994905065213,7,4,2,0,0,0,0,0,0
2494,4520,access_vlan:SW2:eth1:20+trunk_remove:SW1:eth3:10,33318,0.05,9.35,3,True,False,True,recovery_success,0.011276826572914919,3,2,0,0,0,0,0,0,0
2495,4521,access_vlan:SW1:eth1:20+trunk_remove:SW1:eth3:20,33325,0.05,8.75,7,True,False,True,recovery_success,0.00641739701053926,7,2,4,0,0,0,0,0,0
2496,4522,access_vlan:SW1:eth2:10+access_vlan:SW2:eth1:20+trunk_remove:SW1:eth3:10,33331,0.05,8.45,6,True,False,True,recovery_success,0.008157020395932099,6,5,0,0,0,0,0,0,0
2497,4523,access_vlan:SW1:eth2:10+access_vlan:SW2:eth1:20+access_vlan:SW2:eth2:10+trunk_remove:SW1:eth3:10+trunk_remove:SW2:eth3:10,33337,0.05,7.949999999999999,6,True,False,True,recovery_success,0.013197183609008789,6,4,0,0,1,1,1,1,0
2498,4524,access_vlan:SW1:eth1:20+access_vlan:SW1:eth2:10,33342,0.05,8.549999999999999,5,True,False,True,recovery_success,0.021613237261772156,5,2,2,0,1,1,1,0,0
2499,4525,access_vlan:SW1:eth1:20+access_vlan:SW2:eth1:20+trunk_remove:SW1:eth3:10,33346,0.05,8.549999999999999,4,True,False,True,recovery_success,0.009954425040632486,4,3,0,0,1,1,1,0,0
2500,4526,access_vlan:SW1:eth1:20+trunk_remove:SW1:eth3:10+trunk_remove:SW2:eth3:20,33351,0.05,8.899999999999999,5,True,False,True,recovery_success,0.006117063341662288,5,3,1,0,0,0,0,0,0
2501,4527,access_vlan:SW1:eth1:20+access_vlan:SW2:eth1:20+trunk_remove:SW1:eth3:10+trunk_remove:SW1:eth3:20,33358,0.05,8.45,7,True,False,True,recovery_success,0.010395253443026118,7,4,2,0,0,0,0,0,0
2502,4528,access_vlan:SW1:eth1:20,33360,0.05,9.649999999999999,2,True,False,True,recovery_success,0.0299789885757491,2,1,0,0,0,0,0,0,0
2503,4529,access_vlan:SW1:eth1:20+access_vlan:SW2:eth2:10+trunk_remove:SW1:eth3:10,33373,0.05,7.199999999999999,13,True,False,True,recovery_success,0.005876796696191797,13,3,9,0,1,1,1,0,0
2504,4530,trunk_remove:SW1:eth3:10+trunk_remove:SW2:eth3:10,33377,0.05,9.2,4,True,False,True,recovery_success,0.00742047349922359,4,2,1,0,0,0,0,0,0
2505,4531,access_vlan:SW1:eth1:20+access_vlan:SW2:eth1:20+trunk_remove:SW1:eth3:20+trunk_remove:SW2:eth3:10,33382,0.05,8.75,5,True,False,True,recovery_success,0.005495778284966946,5,4,0,0,0,0,0,0,0
2506,4532,access_vlan:SW1:eth1:20+access_vlan:SW2:eth2:10+trunk_remove:SW1:eth3:10,33386,0.05,9.049999999999999,4,True,False,True,recovery_success,0.004479789815377444,4,3,0,0,0,0,0,0,0
2507,4533,access_vlan:SW1:eth1:20,33390,0.05,8.549999999999999,4,True,False,True,recovery_success,0.003618246701080352,4,3,0,0,1,1,1,0,0
2508,4534,access_vlan:SW1:eth1:20+access_vlan:SW2:eth2:10+trunk_remove:SW1:eth3:10+trunk_remove:SW2:eth3:10,33395,0.05,8.75,5,True,False,True,recovery_success,0.0075130235403776165,5,4,0,0,0,0,0,0,0
2509,4535,access_vlan:SW1:eth1:20+access_vlan:SW1:eth2:10+access_vlan:SW2:eth2:10+trunk_remove:SW1:eth3:10+trunk_remove:SW2:eth3:10+trunk_remove:SW2:eth3:20,33402,0.05,6.6499999999999995,7,True,False,True,recovery_success,0.004501058254390955,7,6,0,0,3,3,1,1,0
2510,4536,trunk_remove:SW1:eth3:20+trunk_remove:SW2:eth3:20,33405,0.05,9.35,3,True,False,True,recovery_success,0.003387866464133064,3,2,0,0,0,0,0,0,0
2511,4537,access_vlan:SW2:eth1:20+trunk_remove:SW2:eth3:10,33410,0.05,7.749999999999999,5,True,False,True,recovery_success,0.005612863134592772,5,4,0,0,2,2,1,0,0
2512,4538,access_vlan:SW2:eth2:10+trunk_remove:SW2:eth3:10+trunk_remove:SW2:eth3:20,33414,0.05,9.049999999999999,4,True,False,True,recovery_success,0.005648037826176733,4,3,0,0,0,0,0,0,0
2513,4539,access_vlan:SW1:eth1:20+access_vlan:SW1:eth2:10+access_vlan:SW2:eth1:20+trunk_remove:SW2:eth3:10+trunk_remove:SW2:eth3:20,33418,0.05,9.049999999999999,4,True,False,True,recovery_success,0.0025197657523676753,4,3,0,0,0,0,0,0,0
2514,4540,access_vlan:SW1:eth1:20+access_vlan:SW1:eth2:10+trunk_remove:SW1:eth3:20,33422,0.05,8.549999999999999,4,True,False,True,recovery_success,0.0026081527466885746,4,3,0,0,1,1,1,0,0
2515,4541,access_vlan:SW1:eth1:20+access_vlan:SW2:eth1:20+trunk_remove:SW1:eth3:10+trunk_remove:SW1:eth3:20+trunk_remove:SW2:eth3:20,33436,0.05,6.949999999999999,14,True,False,True,recovery_success,0.0020799432947699514,14,7,6,0,0,0,0,0,0
2516,4542,access_vlan:SW1:eth2:10+access_vlan:SW2:eth1:20+trunk_remove:SW1:eth3:20+trunk_remove:SW2:eth3:10+trunk_remove:SW2:eth3:20,33444,0.05,7.35,8,True,False,True,recovery_success,0.002691405577934347,8,6,0,0,1,1,1,0,0
2517,4543,access_vlan:SW2:eth1:20+trunk_remove:SW1:eth3:20+trunk_remove:SW2:eth3:10,33448,0.05,9.049999999999999,4,True,False,True,recovery_success,0.002752215921645984,4,3,0,0,0,0,0,0,0
2518,4544,trunk_remove:SW1:eth3:20+trunk_remove:SW2:eth3:10,33451,0.05,9.35,3,True,False,True,recovery_success,0.0021114976067716875,3,2,0,0,0,0,0,0,0
2519,4545,access_vlan:SW1:eth1:20+access_vlan:SW1:eth2:10+access_vlan:SW2:eth1:20+access_vlan:SW2:eth2:10+trunk_remove:SW2:eth3:10,33453,0.05,9.649999999999999,2,True,False,True,recovery_success,0.00147457723505795,2,1,0,0,0,0,0,0,0
2520,4546,access_vlan:SW1:eth2:10+trunk_remove:SW1:eth3:10+trunk_remove:SW1:eth3:20,33457,0.05,9.049999999999999,4,True,False,True,recovery_success,0.005032426328398287,4,3,0,0,0,0,0,0,0
2521,4547,access_vlan:SW1:eth1:20+access_vlan:SW1:eth2:10+access_vlan:SW2:eth1:20+access_vlan:SW2:eth2:10,33458,0.05,9.95,1,True,False,True,recovery_success,0.004698186181485653,1,0,0,0,0,0,0,0,0
2522,4548,trunk_remove:SW1:eth3:20+trunk_remove:SW2:eth3:10,33461,0.05,9.35,3,True,False,True,recovery_success,0.0046308257927497225,3,2,0,0,0,0,0,0,0
2523,4549,access_vlan:SW1:eth1:20+access_vlan:SW1:eth2:10+trunk_remove:SW1:eth3:20+trunk_remove:SW2:eth3:10+trunk_remove:SW2:eth3:20,33468,0.05,7.799999999999999,7,True,False,True,recovery_success,0.004281409184581467,7,5,1,0,1,1,1,0,0
2524,4550,trunk_remove:SW2:eth3:10,33470,0.05,9.649999999999999,2,True,False,True,recovery_success,0.00776917883194983,2,1,0,0,0,0,0,0,0
2525,4551,access_vlan:SW1:eth1:20+access_vlan:SW1:eth2:10+access_vlan:SW2:eth1:20+trunk_remove:SW1:eth3:20+trunk_remove:SW2:eth3:20,33474,0.05,9.049999999999999,4,True,False,True,recovery_success,0.006867051240988076,4,3,0,0,0,0,0,0,0
2526,4552,access_vlan:SW1:eth1:20+access_vlan:SW1:eth2:10+trunk_remove:SW1:eth3:10,33478,0.05,8.549999999999999,4,True,False,True,recovery_success,0.005410209647379816,4,3,0,0,1,1,1,0,0
2527,4553,access_vlan:SW1:eth2:10+trunk_remove:SW1:eth3:10+trunk_remove:SW1:eth3:20,33482,0.05,9.049999999999999,4,True,False,True,recovery_success,0.004389351524878293,4,3,0,0,0,0,0,0,0
2528,4554,access_vlan:SW1:eth1:20+access_vlan:SW1:eth2:10+access_vlan:SW2:eth1:20+access_vlan:SW2:eth2:10+trunk_remove:SW2:eth3:10,33484,0.05,9.649999999999999,2,True,False,True,recovery_success,0.00850006053224206,2,1,0,0,0,0,0,0,0
2529,4555,access_vlan:SW1:eth2:10+access_vlan:SW2:eth1:20+access_vlan:SW2:eth2:10+trunk_remove:SW2:eth3:10,33487,0.05,9.35,3,True,False,True,recovery_success,0.004603586392477155,3,2,0,0,0,0,0,0,0
2530,4556,access_vlan:SW1:eth1:20+access_vlan:SW2:eth1:20+access_vlan:SW2:eth2:10+trunk_remove:SW1:eth3:20+trunk_remove:SW2:eth3:10+trunk_remove:SW2:eth3:20,33492,0.05,8.75,5,True,False,True,recovery_success,0.005805973010137677,5,4,0,0,0,0,0,0,0
2531,4557,access_vlan:SW1:eth2:10+access_vlan:SW2:eth1:20+access_vlan:SW2:eth2:10+trunk_remove:SW1:eth3:20+trunk_remove:SW2:eth3:20,33522,0.05,-6.300000000000006,30,False,True,False,step_limit,0.010405110102146864,30,1,28,0,3,3,2,0,3
2532,4558,access_vlan:SW1:eth2:10+trunk_remove:SW2:eth3:10,33525,0.05,9.35,3,True,False,True,recovery_success,0.006096676457673311,3,2,0,0,0,0,0,0,0
2533,4559,access_vlan:SW1:eth2:10+trunk_remove:SW1:eth3:20+trunk_remove:SW2:eth3:20,33529,0.05,9.049999999999999,4,True,False,True,recovery_success,0.006403243518434465,4,3,0,0,0,0,0,0,0
2534,4560,access_vlan:SW1:eth1:20+access_vlan:SW2:eth2:10+trunk_remove:SW1:eth3:10+trunk_remove:SW2:eth3:20,33535,0.05,8.6,6,True,False,True,recovery_success,0.009892382348577181,6,4,1,0,0,0,0,0,0
2535,4561,access_vlan:SW1:eth1:20+access_vlan:SW1:eth2:10+access_vlan:SW2:eth2:10,33537,0.05,9.649999999999999,2,True,False,True,recovery_success,0.009546296205371618,2,1,0,0,0,0,0,0,0
2536,4562,access_vlan:SW1:eth1:20+access_vlan:SW2:eth1:20+access_vlan:SW2:eth2:10+trunk_remove:SW1:eth3:10+trunk_remove:SW2:eth3:10+trunk_remove:SW2:eth3:20,33546,0.05,6.05,9,True,False,True,recovery_success,0.009582769280920425,9,7,0,0,3,3,2,0,0
2537,4563,trunk_remove:SW1:eth3:20+trunk_remove:SW2:eth3:10,33551,0.05,7.749999999999999,5,True,False,True,recovery_success,0.005265667615458369,5,4,0,0,2,2,1,0,0
2538,4564,access_vlan:SW1:eth1:20+access_vlan:SW1:eth2:10+trunk_remove:SW1:eth3:10+trunk_remove:SW1:eth3:20+trunk_remove:SW2:eth3:10+trunk_remove:SW2:eth3:20,33563,0.05,6.9,12,True,False,True,recovery_success,0.00732285149085025,12,6,5,0,1,1,1,0,0
2539,4565,access_vlan:SW1:eth1:20+access_vlan:SW1:eth2:10+access_vlan:SW2:eth2:10,33565,0.05,9.649999999999999,2,True,False,True,recovery_success,0.004249321878887713,2,1,0,0,0,0,0,0,0
2540,4566,access_vlan:SW1:eth1:20+trunk_remove:SW2:eth3:10+trunk_remove:SW2:eth3:20,33569,0.05,9.049999999999999,4,True,False,True,recovery_success,0.0083857387653552,4,3,0,0,0,0,0,0,0
2541,4567,access_vlan:SW1:eth1:20+trunk_remove:SW1:eth3:10+trunk_remove:SW2:eth3:10,33575,0.05,6.949999999999999,6,True,False,True,recovery_success,0.005854367394931614,6,5,0,0,3,3,2,0,0
2542,4568,access_vlan:SW1:eth2:10+trunk_remove:SW1:eth3:10+trunk_remove:SW2:eth3:10,33583,0.05,8.45,8,True,False,True,recovery_success,0.0052107533847447485,8,3,4,0,0,0,0,0,0
2543,4569,access_vlan:SW1:eth1:20+access_vlan:SW1:eth2:10+access_vlan:SW2:eth1:20+trunk_remove:SW1:eth3:10+trunk_remove:SW1:eth3:20+trunk_remove:SW2:eth3:20,33590,0.05,7.6499999999999995,7,True,False,True,recovery_success,0.00608178337902895,7,6,0,0,1,1,1,0,0
2544,4570,access_vlan:SW1:eth1:20+access_vlan:SW1:eth2:10+access_vlan:SW2:eth1:20+trunk_remove:SW1:eth3:10+trunk_remove:SW2:eth3:10,33594,0.05,9.049999999999999,4,True,False,True,recovery_success,0.007806550944224,4,3,0,0,0,0,0,0,0
2545,4571,access_vlan:SW1:eth2:10+access_vlan:SW2:eth2:10+trunk_remove:SW1:eth3:20+trunk_remove:SW2:eth3:10+trunk_remove:SW2:eth3:20,33602,0.05,7.35,8,True,False,True,recovery_success,0.005715646606404334,8,7,0,0,1,1,1,0,0
2546,4572,access_vlan:SW1:eth1:20+access_vlan:SW1:eth2:10+access_vlan:SW2:eth1:20+access_vlan:SW2:eth2:10+trunk_remove:SW1:eth3:20+trunk_remove:SW2:eth3:20,33605,0.05,9.35,3,True,False,True,recovery_success,0.003633147105574608,3,2,0,0,0,0,0,0,0
2547,4573,access_vlan:SW1:eth1:20+access_vlan:SW2:eth2:10+trunk_remove:SW1:eth3:20+trunk_remove:SW2:eth3:10,33610,0.05,-12.25,5,True,False,False,incorrect_declare_done,0.0039669386576861145,5,4,0,0,2,2,1,0,3
2548,4574,access_vlan:SW1:eth2:10+access_vlan:SW2:eth2:10+trunk_remove:SW1:eth3:20,33621,0.05,6.6,11,True,False,True,recovery_success,0.003987613261084665,11,6,1,0,1,1,1,0,0
2549,4575,access_vlan:SW2:eth1:20+trunk_remove:SW1:eth3:10+trunk_remove:SW1:eth3:20+trunk_remove:SW2:eth3:20,33623,0.05,-10.350000000000001,2,True,False,False,incorrect_declare_done,0.0032139054965227842,2,1,0,0,0,0,0,0,3
2550,4576,access_vlan:SW1:eth1:20+access_vlan:SW1:eth2:10+access_vlan:SW2:eth1:20+access_vlan:SW2:eth2:10+trunk_remove:SW1:eth3:10+trunk_remove:SW1:eth3:20+trunk_remove:SW2:eth3:10+trunk_remove:SW2:eth3:20,33628,0.05,8.75,5,True,False,True,recovery_success,0.005597088579088449,5,4,0,0,0,0,0,0,0
2551,4577,access_vlan:SW1:eth2:10+access_vlan:SW2:eth1:20+access_vlan:SW2:eth2:10+trunk_remove:SW1:eth3:10+trunk_remove:SW1:eth3:20+trunk_remove:SW2:eth3:10+trunk_remove:SW2:eth3:20,33634,0.05,8.45,6,True,False,True,recovery_success,0.0032806789580111704,6,5,0,0,0,0,0,0,0
2552,4578,access_vlan:SW1:eth1:20+access_vlan:SW1:eth2:10+access_vlan:SW2:eth1:20+trunk_remove:SW2:eth3:10+trunk_remove:SW2:eth3:20,33638,0.05,9.049999999999999,4,True,False,True,recovery_success,0.005091331258881837,4,3,0,0,0,0,0,0,0
2553,4579,access_vlan:SW2:eth1:20+access_vlan:SW2:eth2:10+trunk_remove:SW1:eth3:10+trunk_remove:SW1:eth3:20,33643,0.05,8.25,5,True,False,True,recovery_success,0.0039037573151290417,5,4,0,0,1,1,1,0,0
2554,4580,access_vlan:SW2:eth1:20+trunk_remove:SW1:eth3:10+trunk_remove:SW1:eth3:20+trunk_remove:SW2:eth3:10,33648,0.05,8.75,5,True,False,True,recovery_success,0.0030017178505659103,5,4,0,0,0,0,0,0,0
2555,4581,access_vlan:SW1:eth1:20+trunk_remove:SW1:eth3:20+trunk_remove:SW2:eth3:10+trunk_remove:SW2:eth3:20,33653,0.05,8.75,5,True,False,True,recovery_success,0.004638502700254321,5,4,0,0,0,0,0,0,0
2556,4582,access_vlan:SW1:eth1:20+trunk_remove:SW2:eth3:10,33656,0.05,9.35,3,True,False,True,recovery_success,0.01345314939195911,3,2,0,0,0,0,0,0,0
2557,4583,access_vlan:SW1:eth1:20+access_vlan:SW1:eth2:10+access_vlan:SW2:eth1:20+trunk_remove:SW1:eth3:10,33659,0.05,9.35,3,True,False,True,recovery_success,0.00441273123336335,3,2,0,0,0,0,0,0,0
2558,4584,access_vlan:SW1:eth1:20+access_vlan:SW1:eth2:10+access_vlan:SW2:eth2:10+trunk_remove:SW1:eth3:10+trunk_remove:SW1:eth3:20+trunk_remove:SW2:eth3:20,33664,0.05,8.75,5,True,False,True,recovery_success,0.003981286101043225,5,4,0,0,0,0,0,0,0
2559,4585,trunk_remove:SW1:eth3:10,33666,0.05,9.649999999999999,2,True,False,True,recovery_success,0.005415238440036774,2,1,0,0,0,0,0,0,0
2560,4586,access_vlan:SW1:eth1:20+access_vlan:SW2:eth1:20+trunk_remove:SW2:eth3:10+trunk_remove:SW2:eth3:20,33673,0.05,8.45,7,True,False,True,recovery_success,0.00426450910578881,7,4,2,0,0,0,0,0,0
2561,4587,access_vlan:SW1:eth1:20+access_vlan:SW1:eth2:10+access_vlan:SW2:eth2:10+trunk_remove:SW1:eth3:10,33676,0.05,9.35,3,True,False,True,recovery_success,0.003994055014724533,3,2,0,0,0,0,0,0,0
2562,4588,access_vlan:SW1:eth1:20+trunk_remove:SW1:eth3:10+trunk_remove:SW1:eth3:20,33682,0.05,8.45,6,True,False,True,recovery_success,0.003362086795580884,6,5,0,0,0,0,0,0,0
2563,4589,access_vlan:SW1:eth1:20+access_vlan:SW1:eth2:10+access_vlan:SW2:eth1:20+access_vlan:SW2:eth2:10,33683,0.05,9.95,1,True,False,True,recovery_success,0.0018458416452631354,1,0,0,0,0,0,0,0,0
2564,4590,access_vlan:SW1:eth1:20+trunk_remove:SW1:eth3:10+trunk_remove:SW1:eth3:20+trunk_remove:SW2:eth3:20,33688,0.05,8.75,5,True,False,True,recovery_success,0.004994741221889853,5,4,0,0,0,0,0,0,0
2565,4591,access_vlan:SW1:eth1:20+access_vlan:SW1:eth2:10+access_vlan:SW2:eth1:20+trunk_remove:SW1:eth3:10+trunk_remove:SW2:eth3:10,33692,0.05,9.049999999999999,4,True,False,True,recovery_success,0.00962220097426325,4,3,0,0,0,0,0,0,0
2566,4592,access_vlan:SW1:eth1:20+access_vlan:SW1:eth2:10+access_vlan:SW2:eth1:20+access_vlan:SW2:eth2:10+trunk_remove:SW1:eth3:20+trunk_remove:SW2:eth3:10,33697,0.05,7.25,5,True,False,True,recovery_success,0.005882780300453305,5,4,0,0,3,3,1,1,0
2567,4593,access_vlan:SW1:eth1:20+access_vlan:SW1:eth2:10+trunk_remove:SW1:eth3:20+trunk_remove:SW2:eth3:20,33702,0.05,8.25,5,True,False,True,recovery_success,0.009256434300914407,5,4,0,0,1,1,1,0,0
2568,4594,access_vlan:SW1:eth1:20+access_vlan:SW1:eth2:10+access_vlan:SW2:eth1:20+access_vlan:SW2:eth2:10,33703,0.05,9.95,1,True,False,True,recovery_success,0.007597361691296101,1,0,0,0,0,0,0,0,0
2569,4595,access_vlan:SW2:eth1:20+access_vlan:SW2:eth2:10+trunk_remove:SW1:eth3:10+trunk_remove:SW2:eth3:10+trunk_remove:SW2:eth3:20,33709,0.05,7.949999999999999,6,True,False,True,recovery_success,0.013472883380018175,6,5,0,0,1,1,1,0,0
2570,4596,access_vlan:SW1:eth1:20+access_vlan:SW2:eth1:20+trunk_remove:SW1:eth3:20,33713,0.05,9.049999999999999,4,True,False,True,recovery_success,0.005386203760281205,4,3,0,0,0,0,0,0,0
2571,4597,access_vlan:SW2:eth2:10+trunk_remove:SW1:eth3:10+trunk_remove:SW1:eth3:20,33719,0.05,7.449999999999999,6,True,False,True,recovery_success,0.00875479526196917,6,5,0,0,2,2,1,0,0
2572,4598,access_vlan:SW1:eth1:20+access_vlan:SW1:eth2:10+trunk_remove:SW1:eth3:20,33727,0.05,7.1499999999999995,8,True,False,True,recovery_success,0.0043875153351109475,8,5,2,0,2,2,2,1,0
2573,4599,access_vlan:SW1:eth2:10+access_vlan:SW2:eth1:20+access_vlan:SW2:eth2:10+trunk_remove:SW1:eth3:20+trunk_remove:SW2:eth3:10+trunk_remove:SW2:eth3:20,33732,0.05,8.75,5,True,False,True,recovery_success,0.00424381229095161,5,4,0,0,0,0,0,0,0
2574,4600,access_vlan:SW1:eth2:10+trunk_remove:SW1:eth3:10+trunk_remove:SW1:eth3:20+trunk_remove:SW2:eth3:10,33739,0.05,8.45,7,True,False,True,recovery_success,0.005163129286042282,7,4,2,0,0,0,0,0,0
2575,4601,access_vlan:SW1:eth2:10+access_vlan:SW2:eth2:10+trunk_remove:SW1:eth3:10+trunk_remove:SW2:eth3:10,33744,0.05,8.75,5,True,False,True,recovery_success,0.003585219080559909,5,4,0,0,0,0,0,0,0
2576,4602,access_vlan:SW2:eth2:10+trunk_remove:SW1:eth3:20+trunk_remove:SW2:eth3:20,33748,0.05,9.049999999999999,4,True,False,True,recovery_success,0.003687154792714864,4,3,0,0,0,0,0,0,0
2577,4603,access_vlan:SW2:eth1:20+access_vlan:SW2:eth2:10,33753,0.05,8.25,5,True,False,True,recovery_success,0.00434825518168509,5,4,0,0,1,1,1,0,0
2578,4604,access_vlan:SW1:eth2:10+access_vlan:SW2:eth1:20+access_vlan:SW2:eth2:10+trunk_remove:SW1:eth3:20+trunk_remove:SW2:eth3:20,33757,0.05,9.049999999999999,4,True,False,True,recovery_success,0.002975335286464542,4,3,0,0,0,0,0,0,0
2579,4605,access_vlan:SW1:eth1:20+access_vlan:SW1:eth2:10+access_vlan:SW2:eth1:20+trunk_remove:SW1:eth3:20+trunk_remove:SW2:eth3:10+trunk_remove:SW2:eth3:20,33762,0.05,8.75,5,True,False,True,recovery_success,0.005987361026927829,5,4,0,0,0,0,0,0,0
2580,4606,access_vlan:SW1:eth1:20+access_vlan:SW2:eth2:10+trunk_remove:SW1:eth3:10,33768,0.05,6.949999999999999,6,True,False,True,recovery_success,0.0033315276571859917,6,5,0,0,3,3,1,1,0
2581,4607,access_vlan:SW1:eth1:20+access_vlan:SW2:eth2:10+trunk_remove:SW1:eth3:10+trunk_remove:SW2:eth3:10+trunk_remove:SW2:eth3:20,33774,0.05,8.45,6,True,False,True,recovery_success,0.0020356796060999236,6,5,0,0,0,0,0,0,0
2582,4608,access_vlan:SW1:eth2:10+access_vlan:SW2:eth1:20+access_vlan:SW2:eth2:10+trunk_remove:SW1:eth3:10+trunk_remove:SW2:eth3:10,33778,0.05,9.049999999999999,4,True,False,True,recovery_success,0.006902994588017464,4,3,0,0,0,0,0,0,0
2583,4609,access_vlan:SW2:eth1:20+trunk_remove:SW1:eth3:10+trunk_remove:SW1:eth3:20+trunk_remove:SW2:eth3:20,33785,0.05,8.45,7,True,False,True,recovery_success,0.005427172906430704,7,4,2,0,0,0,0,0,0
2584,4610,access_vlan:SW1:eth1:20+access_vlan:SW1:eth2:10+access_vlan:SW2:eth2:10+trunk_remove:SW1:eth3:20,33788,0.05,9.35,3,True,False,True,recovery_success,0.01593347095573942,3,2,0,0,0,0,0,0,0
2585,4611,access_vlan:SW2:eth2:10+trunk_remove:SW1:eth3:10+trunk_remove:SW1:eth3:20,33794,0.05,8.45,6,True,False,True,recovery_success,0.0038457715030138693,6,5,0,0,0,0,0,0,0
2586,4612,access_vlan:SW1:eth1:20+access_vlan:SW2:eth1:20+access_vlan:SW2:eth2:10+trunk_remove:SW1:eth3:10+trunk_remove:SW2:eth3:10+trunk_remove:SW2:eth3:20,33799,0.05,8.75,5,True,False,True,recovery_success,0.0030463639181107284,5,4,0,0,0,0,0,0,0
2587,4613,access_vlan:SW1:eth2:10+access_vlan:SW2:eth1:20+access_vlan:SW2:eth2:10+trunk_remove:SW1:eth3:20+trunk_remove:SW2:eth3:10,33803,0.05,9.049999999999999,4,True,False,True,recovery_success,0.0038671832298859954,4,3,0,0,0,0,0,0,0
2588,4614,access_vlan:SW1:eth2:10+access_vlan:SW2:eth2:10+trunk_remove:SW2:eth3:10+trunk_remove:SW2:eth3:20,33808,0.05,8.25,5,True,False,True,recovery_success,0.004482419928535819,5,4,0,0,1,1,1,0,0
2589,4615,access_vlan:SW1:eth2:10+access_vlan:SW2:eth1:20+access_vlan:SW2:eth2:10+trunk_remove:SW2:eth3:10,33811,0.05,9.35,3,True,False,True,recovery_success,0.002206371553863088,3,2,0,0,0,0,0,0,0
2590,4616,access_vlan:SW1:eth2:10+access_vlan:SW2:eth1:20+access_vlan:SW2:eth2:10+trunk_remove:SW1:eth3:10,33814,0.05,9.35,3,True,False,True,recovery_success,0.00303356551254789,3,2,0,0,0,0,0,0,0
2591,4617,access_vlan:SW1:eth1:20+trunk_remove:SW1:eth3:20,33817,0.05,9.35,3,True,False,True,recovery_success,0.0034003530939420066,3,2,0,0,0,0,0,0,0
2592,4618,trunk_remove:SW1:eth3:10+trunk_remove:SW1:eth3:20+trunk_remove:SW2:eth3:10,33822,0.05,8.899999999999999,5,True,False,True,recovery_success,0.002525647613219917,5,3,1,0,0,0,0,0,0
2593,4619,access_vlan:SW1:eth2:10+access_vlan:SW2:eth1:20+access_vlan:SW2:eth2:10+trunk_remove:SW1:eth3:10+trunk_remove:SW1:eth3:20+trunk_remove:SW2:eth3:20,33827,0.05,8.75,5,True,False,True,recovery_success,0.002925828751176596,5,4,0,0,0,0,0,0,0
2594,4620,access_vlan:SW2:eth1:20+access_vlan:SW2:eth2:10+trunk_remove:SW1:eth3:10+trunk_remove:SW2:eth3:10,33838,0.05,7.35,11,True,False,True,recovery_success,0.003983875609595667,11,4,6,0,1,1,1,0,0
2595,4621,access_vlan:SW2:eth1:20+trunk_remove:SW2:eth3:20,33841,0.05,9.35,3,True,False,True,recovery_success,0.0020754391637941203,3,2,0,0,0,0,0,0,0
2596,4622,access_vlan:SW1:eth2:10+trunk_remove:SW1:eth3:20+trunk_remove:SW2:eth3:10,33849,0.05,6.35,8,True,False,True,recovery_success,0.006335049751214683,8,6,0,0,3,3,2,1,0
2597,4623,access_vlan:SW1:eth1:20+access_vlan:SW2:eth2:10+trunk_remove:SW1:eth3:10+trunk_remove:SW1:eth3:20+trunk_remove:SW2:eth3:10,33861,0.05,6.65,12,True,False,True,recovery_success,0.004065659013576806,12,8,0,0,0,0,0,0,0
2598,4624,access_vlan:SW1:eth2:10+trunk_remove:SW1:eth3:20+trunk_remove:SW2:eth3:20,33865,0.05,9.049999999999999,4,True,False,True,recovery_success,0.006966824876144528,4,3,0,0,0,0,0,0,0
2599,4625,access_vlan:SW1:eth1:20+trunk_remove:SW1:eth3:10+trunk_remove:SW2:eth3:10+trunk_remove:SW2:eth3:20,33868,0.05,-10.65,3,True,False,False,incorrect_declare_done,0.0034002894923711815,3,2,0,0,0,0,0,0,3
2600,4626,access_vlan:SW1:eth1:20+access_vlan:SW2:eth1:20+access_vlan:SW2:eth2:10+trunk_remove:SW1:eth3:10+trunk_remove:SW1:eth3:20+trunk_remove:SW2:eth3:10,33873,0.05,8.75,5,True,False,True,recovery_success,0.0028361339354887605,5,4,0,0,0,0,0,0,0
2601,4627,access_vlan:SW1:eth2:10+access_vlan:SW2:eth1:20,33877,0.05,8.7,4,True,False,True,recovery_success,0.0015144406643230468,4,2,1,0,1,1,1,0,0
2602,4628,access_vlan:SW1:eth2:10+access_vlan:SW2:eth2:10+trunk_remove:SW1:eth3:10+trunk_remove:SW2:eth3:10+trunk_remove:SW2:eth3:20,33883,0.05,8.45,6,True,False,True,recovery_success,0.0033498958024817207,6,5,0,0,0,0,0,0,0
2603,4629,access_vlan:SW1:eth1:20+access_vlan:SW2:eth1:20+trunk_remove:SW2:eth3:10+trunk_remove:SW2:eth3:20,33888,0.05,8.75,5,True,False,True,recovery_success,0.0015782068483531475,5,4,0,0,0,0,0,0,0
2604,4630,access_vlan:SW1:eth1:20+access_vlan:SW2:eth1:20+access_vlan:SW2:eth2:10+trunk_remove:SW2:eth3:10,33895,0.05,6.6499999999999995,7,True,False,True,recovery_success,0.0031809453420074923,7,6,0,0,3,3,1,1,0
2605,4631,trunk_remove:SW2:eth3:20,33897,0.05,9.649999999999999,2,True,False,True,recovery_success,0.0032766566146165133,2,1,0,0,0,0,0,0,0
2606,4632,trunk_remove:SW1:eth3:20+trunk_remove:SW2:eth3:10+trunk_remove:SW2:eth3:20,33901,0.05,9.049999999999999,4,True,False,True,recovery_success,0.0017173578962683678,4,3,0,0,0,0,0,0,0
2607,4633,access_vlan:SW1:eth1:20+access_vlan:SW2:eth1:20+access_vlan:SW2:eth2:10+trunk_remove:SW1:eth3:10+trunk_remove:SW2:eth3:10,33905,0.05,9.049999999999999,4,True,False,True,recovery_success,0.002909789589466527,4,3,0,0,0,0,0,0,0
2608,4634,access_vlan:SW1:eth1:20+trunk_remove:SW1:eth3:10+trunk_remove:SW2:eth3:10+trunk_remove:SW2:eth3:20,33910,0.05,8.75,5,True,False,True,recovery_success,0.003014719719067216,5,4,0,0,0,0,0,0,0
2609,4635,access_vlan:SW1:eth1:20+access_vlan:SW2:eth2:10+trunk_remove:SW1:eth3:10+trunk_remove:SW1:eth3:20,33915,0.05,8.75,5,True,False,True,recovery_success,0.00239218189381063,5,4,0,0,0,0,0,0,0
2610,4636,access_vlan:SW1:eth2:10+trunk_remove:SW1:eth3:10+trunk_remove:SW2:eth3:10+trunk_remove:SW2:eth3:20,33921,0.05,8.1,6,True,False,True,recovery_success,0.002344144779878358,6,4,1,0,1,1,1,0,0
2611,4637,access_vlan:SW2:eth2:10,33923,0.05,9.649999999999999,2,True,False,True,recovery_success,0.002674451156053692,2,1,0,0,0,0,0,0,0
2612,4638,access_vlan:SW1:eth1:20+access_vlan:SW2:eth1:20+access_vlan:SW2:eth2:10+trunk_remove:SW1:eth3:10+trunk_remove:SW1:eth3:20,33927,0.05,9.049999999999999,4,True,False,True,recovery_success,0.002949430840089917,4,3,0,0,0,0,0,0,0
2613,4639,access_vlan:SW1:eth2:10+access_vlan:SW2:eth1:20+trunk_remove:SW1:eth3:10+trunk_remove:SW1:eth3:20,33932,0.05,8.75,5,True,False,True,recovery_success,0.004436473036184907,5,4,0,0,0,0,0,0,0
2614,4640,access_vlan:SW1:eth1:20+trunk_remove:SW2:eth3:20,33941,0.05,6.65,9,True,False,True,recovery_success,0.004649988905940618,9,4,4,0,3,3,1,1,0
2615,4641,access_vlan:SW1:eth1:20+access_vlan:SW2:eth1:20+access_vlan:SW2:eth2:10+trunk_remove:SW1:eth3:20,33944,0.05,9.35,3,True,False,True,recovery_success,0.004724306908125679,3,2,0,0,0,0,0,0,0
2616,4642,access_vlan:SW1:eth2:10+access_vlan:SW2:eth2:10+trunk_remove:SW1:eth3:10+trunk_remove:SW1:eth3:20,33950,0.05,8.6,6,True,False,True,recovery_success,0.00682954639584447,6,4,1,0,0,0,0,0,0
2617,4643,access_vlan:SW2:eth2:10+trunk_remove:SW1:eth3:10+trunk_remove:SW2:eth3:20,33954,0.05,9.049999999999999,4,True,False,True,recovery_success,0.0031767778273206204,4,3,0,0,0,0,0,0,0
2618,4644,access_vlan:SW1:eth1:20+access_vlan:SW1:eth2:10+access_vlan:SW2:eth1:20+access_vlan:SW2:eth2:10+trunk_remove:SW2:eth3:10+trunk_remove:SW2:eth3:20,33957,0.05,9.35,3,True,False,True,recovery_success,0.002444474414611856,3,2,0,0,0,0,0,0,0
2619,4645,access_vlan:SW1:eth2:10+trunk_remove:SW1:eth3:10+trunk_remove:SW2:eth3:20,33961,0.05,9.049999999999999,4,True,False,True,recovery_success,0.0026038922951556742,4,3,0,0,0,0,0,0,0
2620,4646,access_vlan:SW1:eth2:10+trunk_remove:SW1:eth3:20+trunk_remove:SW2:eth3:20,33967,0.05,6.949999999999999,6,True,False,True,recovery_success,0.002745131127691517,6,5,0,0,3,3,1,1,0
2621,4647,access_vlan:SW1:eth2:10+access_vlan:SW2:eth2:10+trunk_remove:SW1:eth3:20,33971,0.05,8.549999999999999,4,True,False,True,recovery_success,0.0021559508168138564,4,3,0,0,1,1,1,0,0
2622,4648,access_vlan:SW1:eth1:20+access_vlan:SW1:eth2:10+access_vlan:SW2:eth1:20+access_vlan:SW2:eth2:10+trunk_remove:SW2:eth3:10,33973,0.05,9.649999999999999,2,True,False,True,recovery_success,0.0034951319685205817,2,1,0,0,0,0,0,0,0
2623,4649,access_vlan:SW2:eth1:20+access_vlan:SW2:eth2:10+trunk_remove:SW1:eth3:10+trunk_remove:SW2:eth3:10,33978,0.05,8.25,5,True,False,True,recovery_success,0.00422320693032816,5,4,0,0,1,1,1,0,0
2624,4650,access_vlan:SW1:eth1:20+access_vlan:SW2:eth1:20+access_vlan:SW2:eth2:10+trunk_remove:SW1:eth3:10+trunk_remove:SW1:eth3:20+trunk_remove:SW2:eth3:10+trunk_remove:SW2:eth3:20,33984,0.05,8.45,6,True,False,True,recovery_success,0.0033158832035648325,6,5,0,0,0,0,0,0,0
2625,4651,access_vlan:SW2:eth1:20+access_vlan:SW2:eth2:10+trunk_remove:SW1:eth3:10+trunk_remove:SW1:eth3:20+trunk_remove:SW2:eth3:20,33990,0.05,7.949999999999999,6,True,False,True,recovery_success,0.0052292187077303725,6,5,0,0,1,1,1,0,0
2626,4652,access_vlan:SW1:eth1:20+access_vlan:SW2:eth1:20+trunk_remove:SW1:eth3:10+trunk_remove:SW2:eth3:10+trunk_remove:SW2:eth3:20,34001,0.05,-11.55,11,True,False,False,incorrect_declare_done,0.004692520226605914,11,0,10,0,0,0,0,0,4
2627,4653,access_vlan:SW1:eth1:20+access_vlan:SW2:eth2:10+trunk_remove:SW2:eth3:10,34007,0.05,7.949999999999999,6,True,False,True,recovery_success,0.010984224267303944,6,5,0,0,1,1,1,1,0
2628,4654,access_vlan:SW1:eth1:20+trunk_remove:SW1:eth3:10+trunk_remove:SW1:eth3:20+trunk_remove:SW2:eth3:20,34015,0.05,8.299999999999999,8,True,False,True,recovery_success,0.007353764376603067,8,4,3,0,0,0,0,0,0
2629,4655,access_vlan:SW1:eth1:20+access_vlan:SW1:eth2:10+access_vlan:SW2:eth2:10+trunk_remove:SW1:eth3:10+trunk_remove:SW2:eth3:20,34021,0.05,7.949999999999999,6,True,False,True,recovery_success,0.009890489978715777,6,5,0,0,1,1,1,0,0
2630,4656,access_vlan:SW2:eth1:20+access_vlan:SW2:eth2:10+trunk_remove:SW2:eth3:10+trunk_remove:SW2:eth3:20,34026,0.05,8.25,5,True,False,True,recovery_success,0.006941124331206083,5,4,0,0,1,1,1,0,0
2631,4657,access_vlan:SW2:eth1:20+access_vlan:SW2:eth2:10+trunk_remove:SW1:eth3:10+trunk_remove:SW1:eth3:20,34031,0.05,7.749999999999999,5,True,False,True,recovery_success,0.006724045565351844,5,4,0,0,2,2,2,0,0
2632,4658,trunk_remove:SW1:eth3:10+trunk_remove:SW2:eth3:10,34034,0.05,9.35,3,True,False,True,recovery_success,0.010324381679917375,3,2,0,0,0,0,0,0,0
2633,4659,access_vlan:SW2:eth2:10,34037,0.05,9.5,3,True,False,True,recovery_success,0.01030009084691604,3,1,1,0,0,0,0,0,0
2634,4660,access_vlan:SW1:eth1:20+trunk_remove:SW1:eth3:10+trunk_remove:SW1:eth3:20+trunk_remove:SW2:eth3:10+trunk_remove:SW2:eth3:20,34043,0.05,8.45,6,True,False,True,recovery_success,0.010801946123441061,6,5,0,0,0,0,0,0,0
2635,4661,access_vlan:SW1:eth2:10+access_vlan:SW2:eth1:20+access_vlan:SW2:eth2:10+trunk_remove:SW1:eth3:20+trunk_remove:SW2:eth3:10+trunk_remove:SW2:eth3:20,34048,0.05,8.75,5,True,False,True,recovery_success,0.008168011624366044,5,4,0,0,0,0,0,0,0
2636,4662,access_vlan:SW1:eth1:20+access_vlan:SW2:eth1:20+trunk_remove:SW1:eth3:10+trunk_remove:SW1:eth3:20+trunk_remove:SW2:eth3:20,34054,0.05,8.45,6,True,False,True,recovery_success,0.007731961940104763,6,5,0,0,0,0,0,0,0
2637,4663,access_vlan:SW1:eth2:10+access_vlan:SW2:eth1:20+access_vlan:SW2:eth2:10+trunk_remove:SW1:eth3:10,34057,0.05,9.35,3,True,False,True,recovery_success,0.00792858578885595,3,2,0,0,0,0,0,0,0
2638,4664,trunk_remove:SW1:eth3:20+trunk_remove:SW2:eth3:10+trunk_remove:SW2:eth3:20,34061,0.05,9.049999999999999,4,True,False,True,recovery_success,0.007457420928403735,4,3,0,0,0,0,0,0,0
2639,4665,access_vlan:SW2:eth2:10+trunk_remove:SW1:eth3:10+trunk_remove:SW1:eth3:20,34066,0.05,8.899999999999999,5,True,False,True,recovery_success,0.0045240364968776705,5,3,1,0,0,0,0,0,0
2640,4666,access_vlan:SW1:eth1:20+access_vlan:SW1:eth2:10+access_vlan:SW2:eth1:20+access_vlan:SW2:eth2:10,34067,0.05,9.95,1,True,False,True,recovery_success,0.0049971952103078365,1,0,0,0,0,0,0,0,0
2641,4667,access_vlan:SW1:eth2:10+access_vlan:SW2:eth1:20+access_vlan:SW2:eth2:10+trunk_remove:SW1:eth3:10,34070,0.05,9.35,3,True,False,True,recovery_success,0.007156012114137411,3,2,0,0,0,0,0,0,0
2642,4668,access_vlan:SW1:eth1:20+access_vlan:SW2:eth1:20+trunk_remove:SW1:eth3:10+trunk_remove:SW1:eth3:20+trunk_remove:SW2:eth3:20,34077,0.05,8.299999999999999,7,True,False,True,recovery_success,0.011574856005609035,7,5,1,0,0,0,0,0,0
2643,4669,access_vlan:SW1:eth1:20+access_vlan:SW1:eth2:10+access_vlan:SW2:eth2:10+trunk_remove:SW1:eth3:10,34080,0.05,9.35,3,True,False,True,recovery_success,0.006529375134656827,3,2,0,0,0,0,0,0,0
2644,4670,access_vlan:SW1:eth1:20+trunk_remove:SW2:eth3:10,34083,0.05,9.35,3,True,False,True,recovery_success,0.004721212821702163,3,2,0,0,0,0,0,0,0
2645,4671,access_vlan:SW2:eth1:20+access_vlan:SW2:eth2:10+trunk_remove:SW2:eth3:20,34087,0.05,8.549999999999999,4,True,False,True,recovery_success,0.006219376111403108,4,3,0,0,1,1,1,0,0
2646,4672,access_vlan:SW1:eth2:10+trunk_remove:SW1:eth3:20+trunk_remove:SW2:eth3:10+trunk_remove:SW2:eth3:20,34092,0.05,8.25,5,True,False,True,recovery_success,0.004484840715304017,5,4,0,0,1,1,1,0,0
2647,4673,access_vlan:SW1:eth1:20+trunk_remove:SW1:eth3:10+trunk_remove:SW2:eth3:20,34096,0.05,9.049999999999999,4,True,False,True,recovery_success,0.003771460789721459,4,3,0,0,0,0,0,0,0
2648,4674,access_vlan:SW1:eth1:20+access_vlan:SW1:eth2:10,34099,0.05,8.85,3,True,False,True,recovery_success,0.005956219043582678,3,2,0,0,1,1,1,0,0
2649,4675,access_vlan:SW1:eth1:20+access_vlan:SW1:eth2:10+access_vlan:SW2:eth2:10+trunk_remove:SW2:eth3:10,34102,0.05,9.35,3,True,False,True,recovery_success,0.01437768138324221,3,2,0,0,0,0,0,0,0
2650,4676,access_vlan:SW1:eth2:10+access_vlan:SW2:eth1:20+trunk_remove:SW1:eth3:10+trunk_remove:SW2:eth3:10,34107,0.05,8.75,5,True,False,True,recovery_success,0.0061381695792078975,5,4,0,0,0,0,0,0,0
2651,4677,access_vlan:SW1:eth1:20+access_vlan:SW1:eth2:10+access_vlan:SW2:eth2:10+trunk_remove:SW1:eth3:10+trunk_remove:SW2:eth3:10,34111,0.05,9.049999999999999,4,True,False,True,recovery_success,0.004813887411728501,4,3,0,0,0,0,0,0,0
2652,4678,access_vlan:SW2:eth1:20+access_vlan:SW2:eth2:10+trunk_remove:SW2:eth3:20,34115,0.05,8.549999999999999,4,True,False,True,recovery_success,0.004616759659256786,4,3,0,0,1,1,1,0,0
2653,4679,access_vlan:SW1:eth1:20+access_vlan:SW1:eth2:10+access_vlan:SW2:eth1:20,34117,0.05,9.649999999999999,2,True,False,True,recovery_success,0.0076567260548472404,2,1,0,0,0,0,0,0,0
2654,4680,access_vlan:SW1:eth2:10+access_vlan:SW2:eth1:20+trunk_remove:SW1:eth3:10+trunk_remove:SW2:eth3:20,34124,0.05,8.149999999999999,7,True,False,True,recovery_success,0.004907209160072463,7,6,0,0,0,0,0,0,0
2655,4681,access_vlan:SW1:eth1:20+trunk_remove:SW1:eth3:10+trunk_remove:SW1:eth3:20+trunk_remove:SW2:eth3:20,34131,0.05,7.6499999999999995,7,True,False,True,recovery_success,0.003991402585857681,7,6,0,0,1,1,1,0,0
2656,4682,access_vlan:SW2:eth1:20+access_vlan:SW2:eth2:10+trunk_remove:SW1:eth3:10+trunk_remove:SW2:eth3:10+trunk_remove:SW2:eth3:20,34137,0.05,7.949999999999999,6,True,False,True,recovery_success,0.007624376759243508,6,5,0,0,1,1,1,0,0
2657,4683,access_vlan:SW1:eth2:10,34139,0.05,9.649999999999999,2,True,False,True,recovery_success,0.002918201731517911,2,1,0,0,0,0,0,0,0
2658,4684,access_vlan:SW2:eth1:20+access_vlan:SW2:eth2:10+trunk_remove:SW1:eth3:20+trunk_remove:SW2:eth3:20,34144,0.05,8.25,5,True,False,True,recovery_success,0.007409019442275166,5,4,0,0,1,1,1,0,0
2659,4685,access_vlan:SW1:eth1:20+access_vlan:SW2:eth1:20+access_vlan:SW2:eth2:10+trunk_remove:SW1:eth3:20,34147,0.05,9.35,3,True,False,True,recovery_success,0.004877191269770265,3,2,0,0,0,0,0,0,0
2660,4686,access_vlan:SW1:eth1:20+trunk_remove:SW1:eth3:10+trunk_remove:SW1:eth3:20+trunk_remove:SW2:eth3:20,34154,0.05,6.6499999999999995,7,True,False,True,recovery_success,0.004214805184996554,7,6,0,0,3,3,1,1,0
2661,4687,trunk_remove:SW1:eth3:10+trunk_remove:SW1:eth3:20+trunk_remove:SW2:eth3:10+trunk_remove:SW2:eth3:20,34161,0.05,7.6499999999999995,7,True,False,True,recovery_success,0.004013725157294955,7,6,0,0,1,1,1,0,0
2662,4688,access_vlan:SW1:eth1:20+access_vlan:SW2:eth1:20+access_vlan:SW2:eth2:10+trunk_remove:SW2:eth3:10+trunk_remove:SW2:eth3:20,34167,0.05,6.949999999999999,6,True,False,True,recovery_success,0.0039199778499702615,6,5,0,0,3,3,1,1,0
2663,4689,access_vlan:SW1:eth1:20+access_vlan:SW2:eth2:10+trunk_remove:SW1:eth3:20+trunk_remove:SW2:eth3:20,34172,0.05,8.25,5,True,False,True,recovery_success,0.002607958880253136,5,4,0,0,1,1,1,0,0
2664,4690,access_vlan:SW1:eth1:20+access_vlan:SW2:eth1:20+trunk_remove:SW1:eth3:20+trunk_remove:SW2:eth3:10,34177,0.05,8.75,5,True,False,True,recovery_success,0.00496374829672277,5,4,0,0,0,0,0,0,0
2665,4691,access_vlan:SW2:eth1:20+trunk_remove:SW1:eth3:20,34182,0.05,7.749999999999999,5,True,False,True,recovery_success,0.006991795543581247,5,4,0,0,2,2,2,0,0
2666,4692,access_vlan:SW1:eth2:10+access_vlan:SW2:eth1:20+access_vlan:SW2:eth2:10+trunk_remove:SW2:eth3:20,34185,0.05,9.35,3,True,False,True,recovery_success,0.0021052967058494687,3,2,0,0,0,0,0,0,0
2667,4693,access_vlan:SW1:eth1:20+access_vlan:SW2:eth1:20+access_vlan:SW2:eth2:10+trunk_remove:SW1:eth3:10+trunk_remove:SW1:eth3:20+trunk_remove:SW2:eth3:20,34190,0.05,8.75,5,True,False,True,recovery_success,0.002216626494191587,5,4,0,0,0,0,0,0,0
2668,4694,access_vlan:SW1:eth1:20+access_vlan:SW1:eth2:10+access_vlan:SW2:eth1:20+trunk_remove:SW2:eth3:20,34193,0.05,9.35,3,True,False,True,recovery_success,0.006098792965834339,3,2,0,0,0,0,0,0,0
2669,4695,access_vlan:SW1:eth1:20+access_vlan:SW1:eth2:10+access_vlan:SW2:eth2:10+trunk_remove:SW1:eth3:10+trunk_remove:SW2:eth3:20,34197,0.05,9.049999999999999,4,True,False,True,recovery_success,0.00226588174700737,4,3,0,0,0,0,0,0,0
2670,4696,access_vlan:SW1:eth2:10+trunk_remove:SW1:eth3:10,34200,0.05,9.35,3,True,False,True,recovery_success,0.0052304803393781185,3,2,0,0,0,0,0,0,0
2671,4697,access_vlan:SW2:eth2:10+trunk_remove:SW1:eth3:10+trunk_remove:SW2:eth3:10+trunk_remove:SW2:eth3:20,34205,0.05,8.75,5,True,False,True,recovery_success,0.005623021349310875,5,4,0,0,0,0,0,0,0
2672,4698,access_vlan:SW1:eth1:20+access_vlan:SW1:eth2:10+trunk_remove:SW1:eth3:10+trunk_remove:SW1:eth3:20+trunk_remove:SW2:eth3:20,34211,0.05,7.949999999999999,6,True,False,True,recovery_success,0.0033768527985860906,6,5,0,0,1,1,1,0,0
2673,4699,access_vlan:SW1:eth1:20+access_vlan:SW1:eth2:10+access_vlan:SW2:eth1:20+trunk_remove:SW1:eth3:10+trunk_remove:SW2:eth3:20,34215,0.05,9.049999999999999,4,True,False,True,recovery_success,0.0027757190982811153,4,3,0,0,0,0,0,0,0
2674,4700,access_vlan:SW1:eth1:20+trunk_remove:SW1:eth3:10+trunk_remove:SW2:eth3:10,34219,0.05,9.049999999999999,4,True,False,True,recovery_success,0.0026912183384411037,4,3,0,0,0,0,0,0,0
2675,4701,access_vlan:SW1:eth1:20+trunk_remove:SW2:eth3:10,34222,0.05,9.35,3,True,False,True,recovery_success,0.00411429931409657,3,2,0,0,0,0,0,0,0
2676,4702,access_vlan:SW1:eth2:10+access_vlan:SW2:eth2:10+trunk_remove:SW1:eth3:10+trunk_remove:SW2:eth3:10+trunk_remove:SW2:eth3:20,34230,0.05,6.85,8,True,False,True,recovery_success,0.0035493200848577544,8,7,0,0,2,2,1,0,0
2677,4703,access_vlan:SW2:eth1:20+trunk_remove:SW1:eth3:10+trunk_remove:SW1:eth3:20,34234,0.05,9.049999999999999,4,True,False,True,recovery_success,0.0036062985891476274,4,3,0,0,0,0,0,0,0
2678,4704,access_vlan:SW1:eth1:20+access_vlan:SW2:eth1:20+access_vlan:SW2:eth2:10+trunk_remove:SW1:eth3:10+trunk_remove:SW1:eth3:20,34238,0.05,9.049999999999999,4,True,False,True,recovery_success,0.002938547753728926,4,3,0,0,0,0,0,0,0
2679,4705,access_vlan:SW1:eth2:10+access_vlan:SW2:eth2:10+trunk_remove:SW1:eth3:10+trunk_remove:SW2:eth3:10,34243,0.05,8.75,5,True,False,True,recovery_success,0.003674261155538261,5,4,0,0,0,0,0,0,0
2680,4706,access_vlan:SW1:eth1:20+trunk_remove:SW1:eth3:10+trunk_remove:SW1:eth3:20,34247,0.05,9.049999999999999,4,True,False,True,recovery_success,0.003101671958575025,4,3,0,0,0,0,0,0,0
2681,4707,access_vlan:SW1:eth1:20+trunk_remove:SW1:eth3:20+trunk_remove:SW2:eth3:20,34253,0.05,7.949999999999999,6,True,False,True,recovery_success,0.002829700611376514,6,5,0,0,1,1,1,0,0
2682,4708,access_vlan:SW1:eth1:20+access_vlan:SW2:eth2:10,34258,0.05,6.749999999999999,5,True,False,True,recovery_success,0.006722640851512552,5,4,0,0,4,4,2,1,0
2683,4709,access_vlan:SW1:eth1:20+access_vlan:SW2:eth1:20+access_vlan:SW2:eth2:10+trunk_remove:SW1:eth3:10+trunk_remove:SW2:eth3:20,34262,0.05,9.049999999999999,4,True,False,True,recovery_success,0.004600752028636634,4,3,0,0,0,0,0,0,0
2684,4710,access_vlan:SW1:eth2:10+access_vlan:SW2:eth1:20+access_vlan:SW2:eth2:10+trunk_remove:SW1:eth3:10+trunk_remove:SW2:eth3:10,34266,0.05,9.049999999999999,4,True,False,True,recovery_success,0.01553887757472694,4,3,0,0,0,0,0,0,0
2685,4711,access_vlan:SW1:eth1:20+access_vlan:SW1:eth2:10+access_vlan:SW2:eth1:20+trunk_remove:SW2:eth3:10+trunk_remove:SW2:eth3:20,34272,0.05,7.949999999999999,6,True,False,True,recovery_success,0.00534940817548583,6,4,0,0,1,1,1,0,0
2686,4712,access_vlan:SW1:eth2:10+access_vlan:SW2:eth2:10+trunk_remove:SW2:eth3:10+trunk_remove:SW2:eth3:20,34277,0.05,8.75,5,True,False,True,recovery_success,0.00922734960913658,5,4,0,0,0,0,0,0,0
2687,4713,access_vlan:SW1:eth2:10+access_vlan:SW2:eth1:20+access_vlan:SW2:eth2:10+trunk_remove:SW2:eth3:20,34280,0.05,9.35,3,True,False,True,recovery_success,0.006307378100852172,3,2,0,0,0,0,0,0,0
2688,4714,access_vlan:SW1:eth1:20+access_vlan:SW2:eth1:20+access_vlan:SW2:eth2:10+trunk_remove:SW1:eth3:10+trunk_remove:SW1:eth3:20,34284,0.05,9.049999999999999,4,True,False,True,recovery_success,0.005367563338950276,4,3,0,0,0,0,0,0,0
2689,4715,access_vlan:SW1:eth1:20+access_vlan:SW2:eth1:20+access_vlan:SW2:eth2:10+trunk_remove:SW1:eth3:10,34287,0.05,9.35,3,True,False,True,recovery_success,0.006206486684580644,3,2,0,0,0,0,0,0,0
2690,4716,access_vlan:SW2:eth1:20+trunk_remove:SW1:eth3:10+trunk_remove:SW1:eth3:20,34291,0.05,9.049999999999999,4,True,False,True,recovery_success,0.006243657204322517,4,3,0,0,0,0,0,0,0
2691,4717,access_vlan:SW1:eth1:20+access_vlan:SW2:eth1:20+access_vlan:SW2:eth2:10+trunk_remove:SW1:eth3:10+trunk_remove:SW1:eth3:20+trunk_remove:SW2:eth3:10,34296,0.05,8.75,5,True,False,True,recovery_success,0.004165967460721731,5,4,0,0,0,0,0,0,0
2692,4718,access_vlan:SW1:eth1:20+access_vlan:SW1:eth2:10+access_vlan:SW2:eth2:10+trunk_remove:SW1:eth3:10+trunk_remove:SW2:eth3:10+trunk_remove:SW2:eth3:20,34301,0.05,8.75,5,True,False,True,recovery_success,0.007565203029662371,5,4,0,0,0,0,0,0,0
2693,4719,access_vlan:SW1:eth1:20+access_vlan:SW2:eth2:10+trunk_remove:SW1:eth3:10+trunk_remove:SW2:eth3:10+trunk_remove:SW2:eth3:20,34308,0.05,8.299999999999999,7,True,False,True,recovery_success,0.004766572433124695,7,5,1,0,0,0,0,0,0
2694,4720,access_vlan:SW2:eth2:10+trunk_remove:SW1:eth3:10+trunk_remove:SW2:eth3:10+trunk_remove:SW2:eth3:20,34313,0.05,8.75,5,True,False,True,recovery_success,0.004162854515016079,5,4,0,0,0,0,0,0,0
2695,4721,access_vlan:SW2:eth1:20+trunk_remove:SW2:eth3:20,34316,0.05,9.35,3,True,False,True,recovery_success,0.004638640054812034,3,2,0,0,0,0,0,0,0
2696,4722,trunk_remove:SW1:eth3:10+trunk_remove:SW2:eth3:20,34319,0.05,9.35,3,True,False,True,recovery_success,0.003599788915986816,3,2,0,0,0,0,0,0,0
2697,4723,access_vlan:SW1:eth2:10,34321,0.05,9.649999999999999,2,True,False,True,recovery_success,0.0035223751328885555,2,1,0,0,0,0,0,0,0
2698,4724,access_vlan:SW1:eth1:20+access_vlan:SW1:eth2:10,34324,0.05,8.85,3,True,False,True,recovery_success,0.005959598735595743,3,2,0,0,1,1,1,0,0
2699,4725,access_vlan:SW1:eth1:20+access_vlan:SW1:eth2:10+access_vlan:SW2:eth1:20+trunk_remove:SW1:eth3:10+trunk_remove:SW1:eth3:20+trunk_remove:SW2:eth3:10+trunk_remove:SW2:eth3:20,34330,0.05,8.45,6,True,False,True,recovery_success,0.00464561115950346,6,5,0,0,0,0,0,0,0
2700,4726,access_vlan:SW1:eth1:20+access_vlan:SW1:eth2:10+trunk_remove:SW1:eth3:20+trunk_remove:SW2:eth3:10+trunk_remove:SW2:eth3:20,34338,0.05,7.35,8,True,False,True,recovery_success,0.0064207086397800595,8,7,0,0,1,1,1,0,0
2701,4727,access_vlan:SW1:eth1:20+access_vlan:SW1:eth2:10+access_vlan:SW2:eth1:20+trunk_remove:SW1:eth3:10+trunk_remove:SW1:eth3:20,34342,0.05,9.049999999999999,4,True,False,True,recovery_success,0.0062989480793476105,4,3,0,0,0,0,0,0,0
2702,4728,access_vlan:SW1:eth1:20+access_vlan:SW2:eth1:20+trunk_remove:SW1:eth3:10+trunk_remove:SW1:eth3:20+trunk_remove:SW2:eth3:20,34348,0.05,8.45,6,True,False,True,recovery_success,0.008050122181884944,6,5,0,0,0,0,0,0,0
2703,4729,access_vlan:SW1:eth1:20+access_vlan:SW2:eth1:20+access_vlan:SW2:eth2:10+trunk_remove:SW1:eth3:10+trunk_remove:SW1:eth3:20+trunk_remove:SW2:eth3:10+trunk_remove:SW2:eth3:20,34354,0.05,8.45,6,True,False,True,recovery_success,0.006096512079238892,6,5,0,0,0,0,0,0,0
2704,4730,access_vlan:SW2:eth2:10+trunk_remove:SW1:eth3:10+trunk_remove:SW2:eth3:10+trunk_remove:SW2:eth3:20,34359,0.05,8.75,5,True,False,True,recovery_success,0.005642855330370367,5,4,0,0,0,0,0,0,0
2705,4731,access_vlan:SW1:eth2:10+access_vlan:SW2:eth1:20+access_vlan:SW2:eth2:10+trunk_remove:SW2:eth3:20,34362,0.05,9.35,3,True,False,True,recovery_success,0.010207745557030043,3,2,0,0,0,0,0,0,0
2706,4732,access_vlan:SW1:eth2:10+trunk_remove:SW1:eth3:10+trunk_remove:SW1:eth3:20+trunk_remove:SW2:eth3:10+trunk_remove:SW2:eth3:20,34368,0.05,8.45,6,True,False,True,recovery_success,0.006362839912374814,6,5,0,0,0,0,0,0,0
2707,4733,trunk_remove:SW2:eth3:20,34370,0.05,9.649999999999999,2,True,False,True,recovery_success,0.003429103991948068,2,1,0,0,0,0,0,0,0
2708,4734,access_vlan:SW1:eth1:20+access_vlan:SW2:eth1:20,34373,0.05,8.85,3,True,False,True,recovery_success,0.00333718901189665,3,2,0,0,1,1,1,0,0
2709,4735,access_vlan:SW1:eth1:20+trunk_remove:SW1:eth3:10+trunk_remove:SW2:eth3:20,34379,0.05,8.45,6,True,False,True,recovery_success,0.003417558502405882,6,5,0,0,0,0,0,0,0
2710,4736,access_vlan:SW1:eth2:10+access_vlan:SW2:eth1:20+access_vlan:SW2:eth2:10+trunk_remove:SW1:eth3:20+trunk_remove:SW2:eth3:10+trunk_remove:SW2:eth3:20,34384,0.05,8.75,5,True,False,True,recovery_success,0.0027949547162279486,5,4,0,0,0,0,0,0,0
2711,4737,access_vlan:SW1:eth1:20+access_vlan:SW1:eth2:10+access_vlan:SW2:eth1:20+access_vlan:SW2:eth2:10+trunk_remove:SW2:eth3:10,34386,0.05,9.649999999999999,2,True,False,True,recovery_success,0.002451566746458411,2,1,0,0,0,0,0,0,0
2712,4738,access_vlan:SW1:eth1:20+access_vlan:SW1:eth2:10+access_vlan:SW2:eth1:20,34388,0.05,9.649999999999999,2,True,False,True,recovery_success,0.00479107815772295,2,1,0,0,0,0,0,0,0
2713,4739,access_vlan:SW1:eth1:20+access_vlan:SW2:eth2:10+trunk_remove:SW2:eth3:10,34392,0.05,9.049999999999999,4,True,False,True,recovery_success,0.008410177135374397,4,3,0,0,0,0,0,0,0
2714,4740,trunk_remove:SW1:eth3:10,34394,0.05,9.649999999999999,2,True,False,True,recovery_success,0.0034521120833233,2,1,0,0,0,0,0,0,0
2715,4741,access_vlan:SW2:eth1:20+trunk_remove:SW1:eth3:10+trunk_remove:SW2:eth3:10+trunk_remove:SW2:eth3:20,34399,0.05,8.75,5,True,False,True,recovery_success,0.0033760324586182833,5,4,0,0,0,0,0,0,0
2716,4742,trunk_remove:SW2:eth3:10,34401,0.05,9.649999999999999,2,True,False,True,recovery_success,0.002408634521998465,2,1,0,0,0,0,0,0,0
2717,4743,access_vlan:SW2:eth1:20+trunk_remove:SW2:eth3:20,34404,0.05,9.35,3,True,False,True,recovery_success,0.007541989830012123,3,2,0,0,0,0,0,0,0
2718,4744,access_vlan:SW1:eth2:10+access_vlan:SW2:eth1:20+access_vlan:SW2:eth2:10+trunk_remove:SW1:eth3:10+trunk_remove:SW2:eth3:10,34408,0.05,9.049999999999999,4,True,False,True,recovery_success,0.003632713691331446,4,3,0,0,0,0,0,0,0
2719,4745,access_vlan:SW1:eth2:10+access_vlan:SW2:eth1:20+trunk_remove:SW1:eth3:20+trunk_remove:SW2:eth3:10,34413,0.05,8.75,5,True,False,True,recovery_success,0.004929388058371842,5,4,0,0,0,0,0,0,0
2720,4746,access_vlan:SW1:eth1:20+access_vlan:SW2:eth2:10+trunk_remove:SW1:eth3:10+trunk_remove:SW2:eth3:10+trunk_remove:SW2:eth3:20,34419,0.05,8.45,6,True,False,True,recovery_success,0.00447430166726311,6,5,0,0,0,0,0,0,0
2721,4747,access_vlan:SW1:eth1:20+access_vlan:SW2:eth1:20+trunk_remove:SW1:eth3:10,34423,0.05,8.549999999999999,4,True,False,True,recovery_success,0.0025030304677784443,4,3,0,0,1,1,1,0,0
2722,4748,access_vlan:SW1:eth1:20+access_vlan:SW2:eth2:10+trunk_remove:SW1:eth3:20+trunk_remove:SW2:eth3:10+trunk_remove:SW2:eth3:20,34435,0.05,6.65,12,True,False,True,recovery_success,0.003918976581189781,12,8,0,0,0,0,0,0,0
2723,4749,access_vlan:SW1:eth1:20+access_vlan:SW1:eth2:10+access_vlan:SW2:eth1:20+trunk_remove:SW1:eth3:10+trunk_remove:SW2:eth3:10,34439,0.05,9.049999999999999,4,True,False,True,recovery_success,0.0036972763191442937,4,3,0,0,0,0,0,0,0
2724,4750,access_vlan:SW2:eth2:10+trunk_remove:SW1:eth3:10+trunk_remove:SW2:eth3:10,34443,0.05,9.049999999999999,4,True,False,True,recovery_success,0.0029315052670426667,4,3,0,0,0,0,0,0,0
2725,4751,access_vlan:SW1:eth1:20+access_vlan:SW1:eth2:10+access_vlan:SW2:eth2:10+trunk_remove:SW1:eth3:20,34446,0.05,9.35,3,True,False,True,recovery_success,0.021625573514029384,3,2,0,0,0,0,0,0,0
2726,4752,access_vlan:SW1:eth1:20+trunk_remove:SW2:eth3:10+trunk_remove:SW2:eth3:20,34450,0.05,9.049999999999999,4,True,False,True,recovery_success,0.002990601002238691,4,3,0,0,0,0,0,0,0
2727,4753,access_vlan:SW2:eth2:10+trunk_remove:SW1:eth3:10+trunk_remove:SW2:eth3:10+trunk_remove:SW2:eth3:20,34455,0.05,8.75,5,True,False,True,recovery_success,0.002299195062369108,5,4,0,0,0,0,0,0,0
2728,4754,access_vlan:SW1:eth1:20+access_vlan:SW1:eth2:10+access_vlan:SW2:eth1:20+trunk_remove:SW1:eth3:10+trunk_remove:SW1:eth3:20,34459,0.05,9.049999999999999,4,True,False,True,recovery_success,0.00289940251968801,4,3,0,0,0,0,0,0,0
2729,4755,access_vlan:SW1:eth1:20+access_vlan:SW1:eth2:10+trunk_remove:SW2:eth3:20,34465,0.05,7.949999999999999,6,True,False,True,recovery_success,0.004969913046807051,6,5,0,0,1,1,1,0,0
2730,4756,access_vlan:SW1:eth2:10+access_vlan:SW2:eth1:20,34470,0.05,6.749999999999999,5,True,False,True,recovery_success,0.002174620470032096,5,4,0,0,4,3,2,1,0
2731,4757,access_vlan:SW1:eth1:20+access_vlan:SW1:eth2:10+access_vlan:SW2:eth1:20+trunk_remove:SW1:eth3:10+trunk_remove:SW1:eth3:20+trunk_remove:SW2:eth3:20,34475,0.05,8.75,5,True,False,True,recovery_success,0.002036419021897018,5,4,0,0,0,0,0,0,0
2732,4758,access_vlan:SW1:eth1:20+access_vlan:SW2:eth2:10+trunk_remove:SW1:eth3:20+trunk_remove:SW2:eth3:20,34482,0.05,7.6499999999999995,7,True,False,True,recovery_success,0.003167648849609707,7,6,0,0,1,1,1,0,0
2733,4759,access_vlan:SW1:eth1:20+access_vlan:SW2:eth1:20+access_vlan:SW2:eth2:10+trunk_remove:SW1:eth3:10+trunk_remove:SW2:eth3:10+trunk_remove:SW2:eth3:20,34490,0.05,7.499999999999999,8,True,False,True,recovery_success,0.0031832563909119926,8,6,1,0,1,1,1,1,0
2734,4760,access_vlan:SW1:eth1:20+access_vlan:SW2:eth1:20+trunk_remove:SW2:eth3:10,34496,0.05,6.949999999999999,6,True,False,True,recovery_success,0.00160443604302903,6,5,0,0,3,3,2,0,0
2735,4761,trunk_remove:SW1:eth3:10+trunk_remove:SW1:eth3:20+trunk_remove:SW2:eth3:10,34500,0.05,9.049999999999999,4,True,False,True,recovery_success,0.003931790328351781,4,3,0,0,0,0,0,0,0
2736,4762,access_vlan:SW2:eth2:10+trunk_remove:SW1:eth3:20+trunk_remove:SW2:eth3:20,34504,0.05,9.049999999999999,4,True,False,True,recovery_success,0.0059973414754495025,4,3,0,0,0,0,0,0,0
2737,4763,access_vlan:SW1:eth2:10+trunk_remove:SW1:eth3:10+trunk_remove:SW2:eth3:10,34508,0.05,9.049999999999999,4,True,False,True,recovery_success,0.00610204809345305,4,3,0,0,0,0,0,0,0
2738,4764,access_vlan:SW1:eth2:10+trunk_remove:SW2:eth3:10,34511,0.05,9.35,3,True,False,True,recovery_success,0.008455220609903336,3,2,0,0,0,0,0,0,0
2739,4765,access_vlan:SW2:eth1:20+access_vlan:SW2:eth2:10+trunk_remove:SW1:eth3:10+trunk_remove:SW2:eth3:10,34516,0.05,8.25,5,True,False,True,recovery_success,0.006598536670207977,5,4,0,0,1,1,1,0,0
2740,4766,access_vlan:SW1:eth1:20+access_vlan:SW1:eth2:10+access_vlan:SW2:eth1:20+access_vlan:SW2:eth2:10+trunk_remove:SW1:eth3:10+trunk_remove:SW2:eth3:10+trunk_remove:SW2:eth3:20,34520,0.05,9.049999999999999,4,True,False,True,recovery_success,0.005271692760288715,4,3,0,0,0,0,0,0,0
2741,4767,access_vlan:SW1:eth2:10+access_vlan:SW2:eth2:10+trunk_remove:SW1:eth3:20+trunk_remove:SW2:eth3:20,34529,0.05,7.049999999999999,9,True,False,True,recovery_success,0.009680846499072181,9,8,0,0,1,1,1,0,0
2742,4768,access_vlan:SW2:eth2:10+trunk_remove:SW2:eth3:10+trunk_remove:SW2:eth3:20,34537,0.05,7.35,8,True,False,True,recovery_success,0.008845053205732256,8,7,0,0,1,1,1,0,0
2743,4769,access_vlan:SW1:eth2:10+access_vlan:SW2:eth1:20+trunk_remove:SW1:eth3:20+trunk_remove:SW2:eth3:10,34543,0.05,8.1,6,True,False,True,recovery_success,0.007432056280473868,6,4,1,0,1,1,1,0,0
2744,4770,access_vlan:SW1:eth1:20+trunk_remove:SW1:eth3:10+trunk_remove:SW1:eth3:20+trunk_remove:SW2:eth3:10,34548,0.05,8.75,5,True,False,True,recovery_success,0.009438243228942156,5,4,0,0,0,0,0,0,0
2745,4771,access_vlan:SW2:eth2:10+trunk_remove:SW2:eth3:10+trunk_remove:SW2:eth3:20,34552,0.05,9.049999999999999,4,True,False,True,recovery_success,0.007722517941147089,4,3,0,0,0,0,0,0,0
2746,4772,access_vlan:SW1:eth2:10+access_vlan:SW2:eth2:10+trunk_remove:SW2:eth3:10,34558,0.05,8.45,6,True,False,True,recovery_success,0.00668262275091062,6,5,0,0,0,0,0,0,0
2747,4773,access_vlan:SW1:eth1:20+access_vlan:SW2:eth2:10+trunk_remove:SW2:eth3:10,34562,0.05,9.049999999999999,4,True,False,True,recovery_success,0.005913469649385661,4,3,0,0,0,0,0,0,0
2748,4774,access_vlan:SW1:eth2:10+access_vlan:SW2:eth1:20+access_vlan:SW2:eth2:10+trunk_remove:SW1:eth3:10+trunk_remove:SW2:eth3:10,34566,0.05,9.049999999999999,4,True,False,True,recovery_success,0.004781508236192167,4,3,0,0,0,0,0,0,0
2749,4775,access_vlan:SW1:eth2:10+access_vlan:SW2:eth2:10+trunk_remove:SW2:eth3:10,34570,0.05,9.049999999999999,4,True,False,True,recovery_success,0.003467197995632887,4,3,0,0,0,0,0,0,0
2750,4776,trunk_remove:SW1:eth3:10+trunk_remove:SW2:eth3:20,34573,0.05,9.35,3,True,False,True,recovery_success,0.004100949348260959,3,2,0,0,0,0,0,0,0
2751,4777,access_vlan:SW1:eth2:10+access_vlan:SW2:eth2:10+trunk_remove:SW1:eth3:10+trunk_remove:SW2:eth3:10,34578,0.05,8.75,5,True,False,True,recovery_success,0.006078476924449206,5,4,0,0,0,0,0,0,0
2752,4778,access_vlan:SW1:eth1:20+access_vlan:SW1:eth2:10+access_vlan:SW2:eth1:20+access_vlan:SW2:eth2:10+trunk_remove:SW2:eth3:10+trunk_remove:SW2:eth3:20,34581,0.05,9.35,3,True,False,True,recovery_success,0.004711661798258622,3,2,0,0,0,0,0,0,0
2753,4779,access_vlan:SW2:eth1:20+access_vlan:SW2:eth2:10+trunk_remove:SW1:eth3:20+trunk_remove:SW2:eth3:10,34588,0.05,7.1499999999999995,7,True,False,True,recovery_success,0.008374273594069694,7,6,0,0,2,2,2,0,0
2754,4780,access_vlan:SW1:eth2:10+access_vlan:SW2:eth2:10+trunk_remove:SW1:eth3:20+trunk_remove:SW2:eth3:20,34593,0.05,8.25,5,True,False,True,recovery_success,0.006149449711665511,5,4,0,0,1,1,1,0,0
2755,4781,access_vlan:SW1:eth2:10+trunk_remove:SW1:eth3:10+trunk_remove:SW1:eth3:20+trunk_remove:SW2:eth3:10,34599,0.05,8.6,6,True,False,True,recovery_success,0.005465195087405543,6,4,1,0,0,0,0,0,0
2756,4782,access_vlan:SW1:eth1:20+access_vlan:SW2:eth1:20+trunk_remove:SW1:eth3:10+trunk_remove:SW1:eth3:20+trunk_remove:SW2:eth3:10,34605,0.05,8.45,6,True,False,True,recovery_success,0.004564195948963364,6,5,0,0,0,0,0,0,0
2757,4783,access_vlan:SW1:eth1:20+access_vlan:SW2:eth2:10+trunk_remove:SW1:eth3:10,34609,0.05,9.049999999999999,4,True,False,True,recovery_success,0.003382743801921606,4,3,0,0,0,0,0,0,0
2758,4784,access_vlan:SW2:eth1:20+trunk_remove:SW2:eth3:10,34612,0.05,9.35,3,True,False,True,recovery_success,0.005439452361315489,3,2,0,0,0,0,0,0,0
2759,4785,access_vlan:SW1:eth1:20+access_vlan:SW1:eth2:10+access_vlan:SW2:eth1:20+access_vlan:SW2:eth2:10,34613,0.05,9.95,1,True,False,True,recovery_success,0.003668367164209485,1,0,0,0,0,0,0,0,0
2760,4786,access_vlan:SW2:eth2:10+trunk_remove:SW1:eth3:10,34616,0.05,9.35,3,True,False,True,recovery_success,0.01122271983573834,3,2,0,0,0,0,0,0,0
2761,4787,access_vlan:SW1:eth1:20+access_vlan:SW1:eth2:10+access_vlan:SW2:eth1:20+access_vlan:SW2:eth2:10+trunk_remove:SW2:eth3:10+trunk_remove:SW2:eth3:20,34619,0.05,9.35,3,True,False,True,recovery_success,0.004084299202077091,3,2,0,0,0,0,0,0,0
2762,4788,access_vlan:SW1:eth1:20+access_vlan:SW2:eth2:10+trunk_remove:SW1:eth3:10+trunk_remove:SW2:eth3:20,34624,0.05,8.75,5,True,False,True,recovery_success,0.002837347611784935,5,4,0,0,0,0,0,0,0
2763,4789,access_vlan:SW1:eth2:10+trunk_remove:SW1:eth3:10+trunk_remove:SW2:eth3:10,34628,0.05,9.049999999999999,4,True,False,True,recovery_success,0.00384585524443537,4,3,0,0,0,0,0,0,0
2764,4790,access_vlan:SW1:eth2:10+access_vlan:SW2:eth1:20+trunk_remove:SW1:eth3:10+trunk_remove:SW1:eth3:20+trunk_remove:SW2:eth3:10+trunk_remove:SW2:eth3:20,34635,0.05,8.149999999999999,7,True,False,True,recovery_success,0.003927543260423201,7,6,0,0,0,0,0,0,0
2765,4791,access_vlan:SW1:eth1:20+access_vlan:SW1:eth2:10+access_vlan:SW2:eth1:20+trunk_remove:SW1:eth3:10,34638,0.05,9.35,3,True,False,True,recovery_success,0.009413094880680243,3,2,0,0,0,0,0,0,0
2766,4792,access_vlan:SW1:eth1:20+access_vlan:SW1:eth2:10+access_vlan:SW2:eth1:20+trunk_remove:SW2:eth3:10,34641,0.05,9.35,3,True,False,True,recovery_success,0.0064475817295412225,3,2,0,0,0,0,0,0,0
2767,4793,access_vlan:SW1:eth2:10+access_vlan:SW2:eth2:10+trunk_remove:SW2:eth3:10+trunk_remove:SW2:eth3:20,34648,0.05,7.6499999999999995,7,True,False,True,recovery_success,0.007134486555254885,7,6,0,0,1,1,1,0,0
2768,4794,access_vlan:SW1:eth2:10+access_vlan:SW2:eth1:20+trunk_remove:SW1:eth3:10+trunk_remove:SW1:eth3:20+trunk_remove:SW2:eth3:10,34654,0.05,8.45,6,True,False,True,recovery_success,0.008035735304777821,6,5,0,0,0,0,0,0,0
2769,4795,access_vlan:SW1:eth2:10+access_vlan:SW2:eth1:20+access_vlan:SW2:eth2:10+trunk_remove:SW1:eth3:10+trunk_remove:SW1:eth3:20+trunk_remove:SW2:eth3:10+trunk_remove:SW2:eth3:20,34660,0.05,8.45,6,True,False,True,recovery_success,0.004098577851740022,6,5,0,0,0,0,0,0,0
2770,4796,access_vlan:SW1:eth1:20+access_vlan:SW2:eth1:20+trunk_remove:SW1:eth3:10+trunk_remove:SW2:eth3:10+trunk_remove:SW2:eth3:20,34666,0.05,8.45,6,True,False,True,recovery_success,0.005097268188061814,6,5,0,0,0,0,0,0,0
2771,4797,access_vlan:SW1:eth2:10+access_vlan:SW2:eth2:10+trunk_remove:SW1:eth3:10+trunk_remove:SW1:eth3:20+trunk_remove:SW2:eth3:20,34672,0.05,8.45,6,True,False,True,recovery_success,0.002434450046469768,6,5,0,0,0,0,0,0,0
2772,4798,access_vlan:SW1:eth1:20+trunk_remove:SW1:eth3:10+trunk_remove:SW2:eth3:10+trunk_remove:SW2:eth3:20,34677,0.05,8.75,5,True,False,True,recovery_success,0.0033837339840829374,5,4,0,0,0,0,0,0,0
2773,4799,access_vlan:SW1:eth2:10+access_vlan:SW2:eth2:10+trunk_remove:SW1:eth3:20+trunk_remove:SW2:eth3:20,34682,0.05,8.25,5,True,False,True,recovery_success,0.002451531519182026,5,4,0,0,1,1,1,0,0
2774,4800,access_vlan:SW1:eth1:20+access_vlan:SW1:eth2:10+trunk_remove:SW1:eth3:10,34686,0.05,8.549999999999999,4,True,False,True,recovery_success,0.0018644932133611292,4,3,0,0,1,1,1,0,0
2775,4801,access_vlan:SW1:eth2:10+access_vlan:SW2:eth1:20+trunk_remove:SW1:eth3:10+trunk_remove:SW1:eth3:20+trunk_remove:SW2:eth3:10,34692,0.05,8.45,6,True,False,True,recovery_success,0.002997462851150582,6,5,0,0,0,0,0,0,0
2776,4802,access_vlan:SW1:eth1:20+access_vlan:SW2:eth1:20+trunk_remove:SW1:eth3:10+trunk_remove:SW1:eth3:20,34700,0.05,8.299999999999999,8,True,False,True,recovery_success,0.002660834201378748,8,4,3,0,0,0,0,0,0
2777,4803,access_vlan:SW1:eth1:20+trunk_remove:SW1:eth3:10+trunk_remove:SW2:eth3:10,34704,0.05,9.049999999999999,4,True,False,True,recovery_success,0.002617358579300344,4,3,0,0,0,0,0,0,0
2778,4804,access_vlan:SW1:eth2:10+trunk_remove:SW2:eth3:10,34713,0.05,4.55,9,True,False,True,recovery_success,0.0034745833707145518,9,8,0,0,6,5,4,1,0
2779,4805,access_vlan:SW1:eth1:20+access_vlan:SW1:eth2:10+access_vlan:SW2:eth1:20+trunk_remove:SW2:eth3:10+trunk_remove:SW2:eth3:20,34717,0.05,9.049999999999999,4,True,False,True,recovery_success,0.002417327501461841,4,3,0,0,0,0,0,0,0
2780,4806,access_vlan:SW1:eth1:20+access_vlan:SW2:eth1:20+access_vlan:SW2:eth2:10+trunk_remove:SW2:eth3:10+trunk_remove:SW2:eth3:20,34721,0.05,9.049999999999999,4,True,False,True,recovery_success,0.002224411873612553,4,3,0,0,0,0,0,0,0
2781,4807,access_vlan:SW1:eth1:20+access_vlan:SW2:eth1:20+access_vlan:SW2:eth2:10+trunk_remove:SW1:eth3:10+trunk_remove:SW2:eth3:10,34725,0.05,9.049999999999999,4,True,False,True,recovery_success,0.0021482034062501043,4,3,0,0,0,0,0,0,0
2782,4808,access_vlan:SW1:eth1:20+trunk_remove:SW1:eth3:10,34728,0.05,9.35,3,True,False,True,recovery_success,0.0023800152897213898,3,2,0,0,0,0,0,0,0
2783,4809,access_vlan:SW1:eth2:10+access_vlan:SW2:eth2:10+trunk_remove:SW2:eth3:10,34732,0.05,9.049999999999999,4,True,False,True,recovery_success,0.0033531878143548965,4,3,0,0,0,0,0,0,0
2784,4810,access_vlan:SW1:eth2:10+trunk_remove:SW1:eth3:10+trunk_remove:SW2:eth3:10,34740,0.05,5.85,8,True,False,True,recovery_success,0.004209375299979001,8,7,0,0,4,3,3,0,0
2785,4811,access_vlan:SW1:eth1:20+trunk_remove:SW1:eth3:10+trunk_remove:SW1:eth3:20,34744,0.05,9.049999999999999,4,True,False,True,recovery_success,0.0028207643190398812,4,3,0,0,0,0,0,0,0
2786,4812,access_vlan:SW2:eth1:20+access_vlan:SW2:eth2:10,34747,0.05,8.85,3,True,False,True,recovery_success,0.0025603301279867687,3,2,0,0,1,1,1,0,0
2787,4813,access_vlan:SW1:eth1:20+access_vlan:SW1:eth2:10+access_vlan:SW2:eth1:20,34749,0.05,9.649999999999999,2,True,False,True,recovery_success,0.005717812688089907,2,1,0,0,0,0,0,0,0
2788,4814,access_vlan:SW1:eth1:20+access_vlan:SW2:eth1:20+access_vlan:SW2:eth2:10+trunk_remove:SW1:eth3:10+trunk_remove:SW1:eth3:20+trunk_remove:SW2:eth3:20,34754,0.05,8.75,5,True,False,True,recovery_success,0.005656206980347633,5,4,0,0,0,0,0,0,0
2789,4815,access_vlan:SW1:eth2:10+access_vlan:SW2:eth2:10+trunk_remove:SW1:eth3:10+trunk_remove:SW2:eth3:10,34759,0.05,8.75,5,True,False,True,recovery_success,0.007044580951333046,5,4,0,0,0,0,0,0,0
2790,4816,access_vlan:SW1:eth1:20+access_vlan:SW1:eth2:10+access_vlan:SW2:eth1:20+trunk_remove:SW1:eth3:20+trunk_remove:SW2:eth3:10+trunk_remove:SW2:eth3:20,34764,0.05,8.75,5,True,False,True,recovery_success,0.0043004484847188,5,4,0,0,0,0,0,0,0
2791,4817,access_vlan:SW1:eth1:20+trunk_remove:SW1:eth3:20+trunk_remove:SW2:eth3:10+trunk_remove:SW2:eth3:20,34769,0.05,8.75,5,True,False,True,recovery_success,0.0073921939358115194,5,4,0,0,0,0,0,0,0
2792,4818,access_vlan:SW1:eth1:20+access_vlan:SW1:eth2:10+access_vlan:SW2:eth1:20+access_vlan:SW2:eth2:10+trunk_remove:SW2:eth3:10,34771,0.05,9.649999999999999,2,True,False,True,recovery_success,0.0031379935098811984,2,1,0,0,0,0,0,0,0
2793,4819,access_vlan:SW1:eth2:10+access_vlan:SW2:eth1:20+trunk_remove:SW1:eth3:10+trunk_remove:SW2:eth3:10,34776,0.05,8.25,5,True,False,True,recovery_success,0.00338746749330312,5,4,0,0,1,1,1,0,0
2794,4820,access_vlan:SW1:eth1:20+access_vlan:SW2:eth1:20+access_vlan:SW2:eth2:10+trunk_remove:SW2:eth3:10+trunk_remove:SW2:eth3:20,34780,0.05,9.049999999999999,4,True,False,True,recovery_success,0.0021066992776468396,4,3,0,0,0,0,0,0,0
2795,4821,access_vlan:SW1:eth1:20+access_vlan:SW2:eth2:10+trunk_remove:SW1:eth3:10,34784,0.05,9.049999999999999,4,True,False,True,recovery_success,0.0036416113725863397,4,3,0,0,0,0,0,0,0
2796,4822,access_vlan:SW1:eth1:20+access_vlan:SW2:eth2:10+trunk_remove:SW2:eth3:10,34788,0.05,9.049999999999999,4,True,False,True,recovery_success,0.0024593276320956647,4,3,0,0,0,0,0,0,0
2797,4823,access_vlan:SW2:eth1:20+access_vlan:SW2:eth2:10+trunk_remove:SW1:eth3:10+trunk_remove:SW2:eth3:10,34793,0.05,8.25,5,True,False,True,recovery_success,0.0018346809316426515,5,4,0,0,1,1,1,0,0
2798,4824,access_vlan:SW2:eth1:20+trunk_remove:SW2:eth3:20,34796,0.05,9.35,3,True,False,True,recovery_success,0.0060855924772719545,3,2,0,0,0,0,0,0,0
2799,4825,access_vlan:SW1:eth2:10+trunk_remove:SW1:eth3:10+trunk_remove:SW2:eth3:20,34800,0.05,9.049999999999999,4,True,False,True,recovery_success,0.004610763338860124,4,3,0,0,0,0,0,0,0
2800,4826,access_vlan:SW1:eth1:20+access_vlan:SW1:eth2:10+access_vlan:SW2:eth1:20+trunk_remove:SW1:eth3:10+trunk_remove:SW2:eth3:20,34804,0.05,9.049999999999999,4,True,False,True,recovery_success,0.0034433138789609075,4,3,0,0,0,0,0,0,0
2801,4827,access_vlan:SW1:eth2:10+access_vlan:SW2:eth1:20+access_vlan:SW2:eth2:10,34806,0.05,9.649999999999999,2,True,False,True,recovery_success,0.007031303597614169,2,1,0,0,0,0,0,0,0
2802,4828,access_vlan:SW1:eth1:20+access_vlan:SW1:eth2:10+access_vlan:SW2:eth1:20+access_vlan:SW2:eth2:10+trunk_remove:SW1:eth3:10+trunk_remove:SW1:eth3:20+trunk_remove:SW2:eth3:10,34810,0.05,9.049999999999999,4,True,False,True,recovery_success,0.00280156935332343,4,3,0,0,0,0,0,0,0
2803,4829,trunk_remove:SW1:eth3:20+trunk_remove:SW2:eth3:20,34813,0.05,9.35,3,True,False,True,recovery_success,0.002325264116128286,3,2,0,0,0,0,0,0,0
2804,4830,access_vlan:SW1:eth1:20+trunk_remove:SW1:eth3:10+trunk_remove:SW2:eth3:10,34817,0.05,9.049999999999999,4,True,False,True,recovery_success,0.002163793658837676,4,3,0,0,0,0,0,0,0
2805,4831,access_vlan:SW1:eth1:20+access_vlan:SW1:eth2:10+trunk_remove:SW1:eth3:10+trunk_remove:SW2:eth3:10+trunk_remove:SW2:eth3:20,34823,0.05,7.949999999999999,6,True,False,True,recovery_success,0.009650118144539496,6,5,0,0,1,1,1,0,0
2806,4832,access_vlan:SW2:eth2:10+trunk_remove:SW2:eth3:10+trunk_remove:SW2:eth3:20,34827,0.05,9.049999999999999,4,True,False,True,recovery_success,0.0039064178126864135,4,3,0,0,0,0,0,0,0
2807,4833,access_vlan:SW1:eth2:10+access_vlan:SW2:eth1:20+access_vlan:SW2:eth2:10+trunk_remove:SW1:eth3:10+trunk_remove:SW1:eth3:20+trunk_remove:SW2:eth3:10,34832,0.05,8.75,5,True,False,True,recovery_success,0.003936609020456672,5,4,0,0,0,0,0,0,0
2808,4834,access_vlan:SW2:eth1:20+trunk_remove:SW1:eth3:10+trunk_remove:SW1:eth3:20+trunk_remove:SW2:eth3:20,34837,0.05,8.75,5,True,False,True,recovery_success,0.0032678349409252403,5,4,0,0,0,0,0,0,0
2809,4835,access_vlan:SW2:eth2:10+trunk_remove:SW1:eth3:10,34840,0.05,9.35,3,True,False,True,recovery_success,0.005546258684868614,3,2,0,0,0,0,0,0,0
2810,4836,access_vlan:SW1:eth1:20+access_vlan:SW2:eth2:10+trunk_remove:SW1:eth3:10+trunk_remove:SW2:eth3:20,34845,0.05,8.75,5,True,False,True,recovery_success,0.004713314841501415,5,4,0,0,0,0,0,0,0
2811,4837,access_vlan:SW1:eth2:10+access_vlan:SW2:eth2:10+trunk_remove:SW1:eth3:20+trunk_remove:SW2:eth3:10+trunk_remove:SW2:eth3:20,34853,0.05,7.35,8,True,False,True,recovery_success,0.006811626910348423,8,7,0,0,1,1,1,0,0
2812,4838,access_vlan:SW1:eth1:20+access_vlan:SW2:eth1:20,34856,0.05,8.85,3,True,False,True,recovery_success,0.004097891350587209,3,2,0,0,1,1,1,0,0
2813,4839,access_vlan:SW1:eth2:10+trunk_remove:SW1:eth3:10+trunk_remove:SW1:eth3:20+trunk_remove:SW2:eth3:10+trunk_remove:SW2:eth3:20,34862,0.05,8.45,6,True,False,True,recovery_success,0.003306421645296117,6,5,0,0,0,0,0,0,0
2814,4840,access_vlan:SW1:eth1:20+access_vlan:SW1:eth2:10+access_vlan:SW2:eth1:20,34864,0.05,9.649999999999999,2,True,False,True,recovery_success,0.004400747246108949,2,1,0,0,0,0,0,0,0
2815,4841,access_vlan:SW1:eth2:10+access_vlan:SW2:eth1:20+access_vlan:SW2:eth2:10+trunk_remove:SW2:eth3:10+trunk_remove:SW2:eth3:20,34868,0.05,9.049999999999999,4,True,False,True,recovery_success,0.0042304625967517495,4,3,0,0,0,0,0,0,0
2816,4842,access_vlan:SW1:eth2:10+access_vlan:SW2:eth1:20+access_vlan:SW2:eth2:10+trunk_remove:SW1:eth3:10+trunk_remove:SW1:eth3:20+trunk_remove:SW2:eth3:20,34873,0.05,8.75,5,True,False,True,recovery_success,0.006024606083519757,5,4,0,0,0,0,0,0,0
2817,4843,access_vlan:SW2:eth1:20+access_vlan:SW2:eth2:10+trunk_remove:SW1:eth3:10+trunk_remove:SW1:eth3:20+trunk_remove:SW2:eth3:10+trunk_remove:SW2:eth3:20,34880,0.05,7.6499999999999995,7,True,False,True,recovery_success,0.005541148262896708,7,6,0,0,1,1,1,0,0
2818,4844,access_vlan:SW1:eth1:20+access_vlan:SW2:eth2:10+trunk_remove:SW1:eth3:20+trunk_remove:SW2:eth3:10+trunk_remove:SW2:eth3:20,34886,0.05,8.45,6,True,False,True,recovery_success,0.005558003671467304,6,5,0,0,0,0,0,0,0
2819,4845,access_vlan:SW1:eth1:20+access_vlan:SW2:eth2:10+trunk_remove:SW1:eth3:10+trunk_remove:SW2:eth3:20,34887,0.05,-10.05,1,True,False,False,incorrect_declare_done,0.002996213035658002,1,0,0,0,0,0,0,0,4
2820,4846,access_vlan:SW1:eth1:20+access_vlan:SW2:eth1:20+trunk_remove:SW1:eth3:20,34893,0.05,7.449999999999999,6,True,False,True,recovery_success,0.003382979736973842,6,5,0,0,2,2,1,0,0
2821,4847,access_vlan:SW1:eth1:20+access_vlan:SW2:eth2:10+trunk_remove:SW1:eth3:10+trunk_remove:SW2:eth3:10+trunk_remove:SW2:eth3:20,34899,0.05,8.45,6,True,False,True,recovery_success,0.003920856087158124,6,5,0,0,0,0,0,0,0
2822,4848,access_vlan:SW1:eth1:20+trunk_remove:SW1:eth3:20+trunk_remove:SW2:eth3:20,34903,0.05,9.049999999999999,4,True,False,True,recovery_success,0.0021444660087581724,4,3,0,0,0,0,0,0,0
2823,4849,access_vlan:SW1:eth2:10+trunk_remove:SW1:eth3:10,34906,0.05,9.35,3,True,False,True,recovery_success,0.00584590823079149,3,2,0,0,0,0,0,0,0
2824,4850,access_vlan:SW2:eth1:20+trunk_remove:SW1:eth3:10+trunk_remove:SW1:eth3:20+trunk_remove:SW2:eth3:20,34911,0.05,8.75,5,True,False,True,recovery_success,0.006497185677289963,5,4,0,0,0,0,0,0,0
2825,4851,access_vlan:SW1:eth1:20+access_vlan:SW1:eth2:10+access_vlan:SW2:eth1:20+trunk_remove:SW1:eth3:20,34914,0.05,9.35,3,True,False,True,recovery_success,0.003896897736315926,3,2,0,0,0,0,0,0,0
2826,4852,access_vlan:SW1:eth1:20+trunk_remove:SW1:eth3:10+trunk_remove:SW1:eth3:20,34920,0.05,7.449999999999999,6,True,False,True,recovery_success,0.0052636742281417055,6,5,0,0,2,2,1,0,0
2827,4853,access_vlan:SW1:eth1:20+access_vlan:SW2:eth1:20+access_vlan:SW2:eth2:10+trunk_remove:SW1:eth3:20,34923,0.05,9.35,3,True,False,True,recovery_success,0.004771627796192964,3,2,0,0,0,0,0,0,0
2828,4854,access_vlan:SW1:eth1:20+trunk_remove:SW1:eth3:10+trunk_remove:SW1:eth3:20+trunk_remove:SW2:eth3:10,34932,0.05,5.55,9,True,False,True,recovery_success,0.005143746268004179,9,8,0,0,4,4,3,0,0
2829,4855,access_vlan:SW1:eth1:20+access_vlan:SW1:eth2:10+trunk_remove:SW1:eth3:10+trunk_remove:SW2:eth3:20,34941,0.05,6.55,9,True,False,True,recovery_success,0.009057855052459571,9,8,0,0,2,2,2,0,0
2830,4856,access_vlan:SW2:eth1:20+trunk_remove:SW1:eth3:10+trunk_remove:SW2:eth3:10+trunk_remove:SW2:eth3:20,34946,0.05,8.75,5,True,False,True,recovery_success,0.005151808727532625,5,4,0,0,0,0,0,0,0
2831,4857,access_vlan:SW1:eth1:20+access_vlan:SW1:eth2:10+trunk_remove:SW1:eth3:20+trunk_remove:SW2:eth3:10+trunk_remove:SW2:eth3:20,34952,0.05,7.949999999999999,6,True,False,True,recovery_success,0.007586561764280002,6,5,0,0,1,1,1,0,0
2832,4858,trunk_remove:SW1:eth3:10+trunk_remove:SW1:eth3:20+trunk_remove:SW2:eth3:10+trunk_remove:SW2:eth3:20,34958,0.05,8.6,6,True,False,True,recovery_success,0.009167451333875457,6,4,1,0,0,0,0,0,0
2833,4859,access_vlan:SW1:eth2:10+access_vlan:SW2:eth1:20+access_vlan:SW2:eth2:10,34960,0.05,9.649999999999999,2,True,False,True,recovery_success,0.010330772027373314,2,1,0,0,0,0,0,0,0
2834,4860,access_vlan:SW2:eth1:20+access_vlan:SW2:eth2:10+trunk_remove:SW1:eth3:10+trunk_remove:SW2:eth3:20,34965,0.05,8.25,5,True,False,True,recovery_success,0.009417257457971572,5,4,0,0,1,1,1,0,0
2835,4861,access_vlan:SW2:eth2:10+trunk_remove:SW1:eth3:20,34968,0.05,9.35,3,True,False,True,recovery_success,0.0027312086119006076,3,2,0,0,0,0,0,0,0
2836,4862,access_vlan:SW2:eth1:20+trunk_remove:SW1:eth3:10+trunk_remove:SW1:eth3:20+trunk_remove:SW2:eth3:10,34975,0.05,7.6499999999999995,7,True,False,True,recovery_success,0.004695554330412831,7,5,0,0,1,1,1,1,0
2837,4863,access_vlan:SW1:eth1:20+access_vlan:SW1:eth2:10+access_vlan:SW2:eth1:20+access_vlan:SW2:eth2:10+trunk_remove:SW2:eth3:10+trunk_remove:SW2:eth3:20,34978,0.05,9.35,3,True,False,True,recovery_success,0.004838075255975127,3,2,0,0,0,0,0,0,0
2838,4864,access_vlan:SW1:eth2:10+access_vlan:SW2:eth1:20+access_vlan:SW2:eth2:10+trunk_remove:SW2:eth3:10,34981,0.05,9.35,3,True,False,True,recovery_success,0.003266856074333191,3,2,0,0,0,0,0,0,0
2839,4865,access_vlan:SW1:eth2:10+trunk_remove:SW1:eth3:10+trunk_remove:SW2:eth3:10,34985,0.05,9.049999999999999,4,True,False,True,recovery_success,0.003144449176033959,4,3,0,0,0,0,0,0,0
2840,4866,access_vlan:SW1:eth1:20+access_vlan:SW1:eth2:10+access_vlan:SW2:eth1:20+trunk_remove:SW1:eth3:20,34991,0.05,8.1,6,True,False,True,recovery_success,0.0033168093650601804,6,4,1,0,1,1,1,1,0
2841,4867,access_vlan:SW1:eth1:20+access_vlan:SW1:eth2:10+trunk_remove:SW1:eth3:20+trunk_remove:SW2:eth3:20,34996,0.05,8.25,5,True,False,True,recovery_success,0.007080363295972347,5,4,0,0,1,1,1,0,0
2842,4868,access_vlan:SW1:eth1:20+access_vlan:SW2:eth1:20+trunk_remove:SW1:eth3:20,35000,0.05,9.049999999999999,4,True,False,True,recovery_success,0.0028603579266928136,4,3,0,0,0,0,0,0,0
2843,4869,access_vlan:SW1:eth2:10+access_vlan:SW2:eth2:10+trunk_remove:SW1:eth3:10+trunk_remove:SW2:eth3:10,35005,0.05,8.75,5,True,False,True,recovery_success,0.00637004068121314,5,4,0,0,0,0,0,0,0
2844,4870,access_vlan:SW1:eth1:20+access_vlan:SW1:eth2:10+access_vlan:SW2:eth1:20+access_vlan:SW2:eth2:10+trunk_remove:SW1:eth3:10+trunk_remove:SW1:eth3:20+trunk_remove:SW2:eth3:10+trunk_remove:SW2:eth3:20,35010,0.05,8.75,5,True,False,True,recovery_success,0.004443037230521441,5,4,0,0,0,0,0,0,0
2845,4871,access_vlan:SW1:eth1:20+access_vlan:SW2:eth2:10,35027,0.05,6.75,17,True,False,True,recovery_success,0.005686407182913493,17,2,14,0,1,1,1,0,0
2846,4872,access_vlan:SW1:eth1:20+access_vlan:SW1:eth2:10+access_vlan:SW2:eth2:10+trunk_remove:SW1:eth3:10+trunk_remove:SW1:eth3:20+trunk_remove:SW2:eth3:10,35032,0.05,8.75,5,True,False,True,recovery_success,0.007440638402476907,5,4,0,0,0,0,0,0,0
2847,4873,access_vlan:SW1:eth2:10+access_vlan:SW2:eth2:10+trunk_remove:SW1:eth3:10+trunk_remove:SW1:eth3:20,35037,0.05,8.75,5,True,False,True,recovery_success,0.0038254822604358195,5,4,0,0,0,0,0,0,0
2848,4874,access_vlan:SW1:eth1:20+access_vlan:SW1:eth2:10+trunk_remove:SW1:eth3:10+trunk_remove:SW1:eth3:20+trunk_remove:SW2:eth3:10+trunk_remove:SW2:eth3:20,35044,0.05,7.6499999999999995,7,True,False,True,recovery_success,0.004400204634293914,7,6,0,0,1,1,1,0,0
2849,4875,access_vlan:SW2:eth2:10+trunk_remove:SW1:eth3:10+trunk_remove:SW2:eth3:10,35048,0.05,9.049999999999999,4,True,False,True,recovery_success,0.003221825696527958,4,3,0,0,0,0,0,0,0
2850,4876,access_vlan:SW1:eth1:20+access_vlan:SW1:eth2:10+access_vlan:SW2:eth2:10+trunk_remove:SW2:eth3:10,35051,0.05,9.35,3,True,False,True,recovery_success,0.005214697293316324,3,2,0,0,0,0,0,0,0
2851,4877,access_vlan:SW1:eth1:20,35053,0.05,9.649999999999999,2,True,False,True,recovery_success,0.0019892340060323477,2,1,0,0,0,0,0,0,0
2852,4878,access_vlan:SW2:eth1:20+access_vlan:SW2:eth2:10,35056,0.05,8.85,3,True,False,True,recovery_success,0.006867228153472145,3,2,0,0,1,1,1,0,0
2853,4879,access_vlan:SW2:eth1:20+trunk_remove:SW1:eth3:10,35063,0.05,5.1499999999999995,7,True,False,True,recovery_success,0.0034927272437406437,7,6,0,0,6,4,3,1,0
2854,4880,access_vlan:SW1:eth1:20+access_vlan:SW1:eth2:10+access_vlan:SW2:eth1:20+trunk_remove:SW1:eth3:10,35066,0.05,9.35,3,True,False,True,recovery_success,0.0020770645157123604,3,2,0,0,0,0,0,0,0
2855,4881,access_vlan:SW1:eth1:20+access_vlan:SW2:eth2:10+trunk_remove:SW1:eth3:10+trunk_remove:SW2:eth3:20,35071,0.05,8.75,5,True,False,True,recovery_success,0.003164038620889187,5,4,0,0,0,0,0,0,0
2856,4882,access_vlan:SW1:eth1:20+access_vlan:SW2:eth2:10+trunk_remove:SW1:eth3:10+trunk_remove:SW1:eth3:20+trunk_remove:SW2:eth3:10,35077,0.05,8.45,6,True,False,True,recovery_success,0.013274886373740932,6,5,0,0,0,0,0,0,0
2857,4883,access_vlan:SW1:eth2:10+access_vlan:SW2:eth1:20+access_vlan:SW2:eth2:10+trunk_remove:SW1:eth3:20+trunk_remove:SW2:eth3:10+trunk_remove:SW2:eth3:20,35084,0.05,8.149999999999999,7,True,False,True,recovery_success,0.0043151560073186246,7,5,0,0,0,0,0,0,0
2858,4884,access_vlan:SW1:eth1:20+access_vlan:SW1:eth2:10+access_vlan:SW2:eth1:20+access_vlan:SW2:eth2:10,35085,0.05,9.95,1,True,False,True,recovery_success,0.0033741951920092106,1,0,0,0,0,0,0,0,0
2859,4885,access_vlan:SW1:eth2:10+access_vlan:SW2:eth1:20+trunk_remove:SW1:eth3:10+trunk_remove:SW1:eth3:20,35092,0.05,6.6499999999999995,7,True,False,True,recovery_success,0.0031579304486513138,7,6,0,0,3,3,1,1,0
2860,4886,access_vlan:SW1:eth1:20+access_vlan:SW2:eth2:10,35095,0.05,8.85,3,True,False,True,recovery_success,0.004540607488403718,3,2,0,0,1,1,1,0,0
2861,4887,access_vlan:SW1:eth1:20+access_vlan:SW2:eth1:20+access_vlan:SW2:eth2:10+trunk_remove:SW1:eth3:10+trunk_remove:SW1:eth3:20,35099,0.05,9.049999999999999,4,True,False,True,recovery_success,0.002617770660435781,4,3,0,0,0,0,0,0,0
2862,4888,access_vlan:SW1:eth2:10+access_vlan:SW2:eth2:10+trunk_remove:SW1:eth3:10+trunk_remove:SW2:eth3:10,35104,0.05,8.75,5,True,False,True,recovery_success,0.005177000490948558,5,4,0,0,0,0,0,0,0
2863,4889,access_vlan:SW1:eth1:20+access_vlan:SW2:eth1:20+trunk_remove:SW2:eth3:10+trunk_remove:SW2:eth3:20,35109,0.05,8.75,5,True,False,True,recovery_success,0.002366277948021889,5,4,0,0,0,0,0,0,0
2864,4890,access_vlan:SW1:eth2:10+access_vlan:SW2:eth1:20+access_vlan:SW2:eth2:10+trunk_remove:SW1:eth3:20+trunk_remove:SW2:eth3:20,35113,0.05,9.049999999999999,4,True,False,True,recovery_success,0.0018695248872973025,4,3,0,0,0,0,0,0,0
2865,4891,access_vlan:SW1:eth1:20+access_vlan:SW1:eth2:10+access_vlan:SW2:eth1:20+trunk_remove:SW2:eth3:10+trunk_remove:SW2:eth3:20,35117,0.05,9.049999999999999,4,True,False,True,recovery_success,0.002383585728239268,4,3,0,0,0,0,0,0,0
2866,4892,trunk_remove:SW1:eth3:20+trunk_remove:SW2:eth3:10+trunk_remove:SW2:eth3:20,35121,0.05,9.049999999999999,4,True,False,True,recovery_success,0.0025681858242023736,4,3,0,0,0,0,0,0,0
2867,4893,access_vlan:SW1:eth1:20+access_vlan:SW1:eth2:10+trunk_remove:SW2:eth3:10+trunk_remove:SW2:eth3:20,35128,0.05,7.1499999999999995,7,True,False,True,recovery_success,0.005122310930996069,7,6,0,0,2,2,2,0,0
2868,4894,access_vlan:SW1:eth1:20+access_vlan:SW2:eth1:20+trunk_remove:SW1:eth3:10+trunk_remove:SW1:eth3:20+trunk_remove:SW2:eth3:10+trunk_remove:SW2:eth3:20,35135,0.05,8.149999999999999,7,True,False,True,recovery_success,0.007213938415848783,7,6,0,0,0,0,0,0,0
2869,4895,access_vlan:SW1:eth2:10+access_vlan:SW2:eth2:10+trunk_remove:SW1:eth3:10+trunk_remove:SW1:eth3:20+trunk_remove:SW2:eth3:10+trunk_remove:SW2:eth3:20,35144,0.05,7.549999999999999,9,True,False,True,recovery_success,0.002619304564884967,9,8,0,0,0,0,0,0,0
2870,4896,access_vlan:SW1:eth1:20+trunk_remove:SW2:eth3:10,35145,0.05,-10.05,1,True,False,False,incorrect_declare_done,0.0028014967683702707,1,0,0,0,0,0,0,0,3
2871,4897,access_vlan:SW1:eth1:20+access_vlan:SW2:eth1:20,35150,0.05,7.749999999999999,5,True,False,True,recovery_success,0.008262308221310377,5,4,0,0,2,2,1,0,0
2872,4898,access_vlan:SW1:eth2:10+trunk_remove:SW1:eth3:20+trunk_remove:SW2:eth3:10+trunk_remove:SW2:eth3:20,35157,0.05,7.1499999999999995,7,True,False,True,recovery_success,0.0055164798562015805,7,6,0,0,2,2,2,0,0
2873,4899,access_vlan:SW1:eth2:10+access_vlan:SW2:eth1:20+access_vlan:SW2:eth2:10+trunk_remove:SW1:eth3:20+trunk_remove:SW2:eth3:10,35161,0.05,9.049999999999999,4,True,False,True,recovery_success,0.003616133355535567,4,3,0,0,0,0,0,0,0
2874,4900,access_vlan:SW2:eth2:10+trunk_remove:SW1:eth3:20+trunk_remove:SW2:eth3:20,35165,0.05,9.049999999999999,4,True,False,True,recovery_success,0.010208680585492402,4,3,0,0,0,0,0,0,0
2875,4901,access_vlan:SW1:eth1:20+access_vlan:SW1:eth2:10+access_vlan:SW2:eth2:10+trunk_remove:SW1:eth3:10+trunk_remove:SW1:eth3:20+trunk_remove:SW2:eth3:20,35172,0.05,7.1499999999999995,7,True,False,True,recovery_success,0.004788618268711227,7,6,0,0,2,2,1,0,0
2876,4902,access_vlan:SW1:eth1:20+access_vlan:SW1:eth2:10+access_vlan:SW2:eth1:20+trunk_remove:SW1:eth3:10+trunk_remove:SW2:eth3:10,35178,0.05,8.45,6,True,False,True,recovery_success,0.003091104755488535,6,5,0,0,0,0,0,0,0
2877,4903,access_vlan:SW1:eth1:20+access_vlan:SW1:eth2:10+trunk_remove:SW1:eth3:10+trunk_remove:SW2:eth3:20,35183,0.05,8.25,5,True,False,True,recovery_success,0.0040224757976830006,5,4,0,0,1,1,1,0,0
2878,4904,trunk_remove:SW1:eth3:20+trunk_remove:SW2:eth3:10,35186,0.05,9.35,3,True,False,True,recovery_success,0.002792463560278217,3,2,0,0,0,0,0,0,0
2879,4905,trunk_remove:SW1:eth3:20+trunk_remove:SW2:eth3:10+trunk_remove:SW2:eth3:20,35192,0.05,7.449999999999999,6,True,False,True,recovery_success,0.0025226516105855503,6,5,0,0,2,2,1,0,0
2880,4906,access_vlan:SW1:eth1:20+access_vlan:SW1:eth2:10+access_vlan:SW2:eth2:10+trunk_remove:SW1:eth3:10+trunk_remove:SW2:eth3:20,35196,0.05,9.049999999999999,4,True,False,True,recovery_success,0.0025849560915958136,4,3,0,0,0,0,0,0,0
2881,4907,trunk_remove:SW1:eth3:20+trunk_remove:SW2:eth3:10,35199,0.05,9.35,3,True,False,True,recovery_success,0.002557997436573108,3,2,0,0,0,0,0,0,0
2882,4908,access_vlan:SW1:eth1:20,35201,0.05,9.649999999999999,2,True,False,True,recovery_success,0.010905640199780464,2,1,0,0,0,0,0,0,0
2883,4909,trunk_remove:SW1:eth3:10+trunk_remove:SW2:eth3:20,35204,0.05,9.35,3,True,False,True,recovery_success,0.001982563640922308,3,2,0,0,0,0,0,0,0
2884,4910,access_vlan:SW1:eth2:10+access_vlan:SW2:eth2:10+trunk_remove:SW2:eth3:10,35208,0.05,9.049999999999999,4,True,False,True,recovery_success,0.002694142604013905,4,3,0,0,0,0,0,0,0
2885,4911,access_vlan:SW2:eth1:20+access_vlan:SW2:eth2:10+trunk_remove:SW1:eth3:20,35212,0.05,8.549999999999999,4,True,False,True,recovery_success,0.0018307188584003597,4,3,0,0,1,1,1,0,0
2886,4912,access_vlan:SW1:eth2:10+trunk_remove:SW2:eth3:10,35215,0.05,9.35,3,True,False,True,recovery_success,0.002306796183499197,3,2,0,0,0,0,0,0,0
2887,4913,access_vlan:SW1:eth1:20+access_vlan:SW1:eth2:10+access_vlan:SW2:eth2:10+trunk_remove:SW1:eth3:10+trunk_remove:SW1:eth3:20+trunk_remove:SW2:eth3:10+trunk_remove:SW2:eth3:20,35221,0.05,8.45,6,True,False,True,recovery_success,0.003319340030429885,6,5,0,0,0,0,0,0,0
2888,4914,access_vlan:SW1:eth1:20+access_vlan:SW2:eth2:10+trunk_remove:SW1:eth3:10+trunk_remove:SW2:eth3:20,35226,0.05,8.75,5,True,False,True,recovery_success,0.004875632887706161,5,4,0,0,0,0,0,0,0
2889,4915,access_vlan:SW1:eth2:10+access_vlan:SW2:eth2:10+trunk_remove:SW1:eth3:10+trunk_remove:SW1:eth3:20,35231,0.05,8.75,5,True,False,True,recovery_success,0.0031727442983537912,5,4,0,0,0,0,0,0,0
2890,4916,access_vlan:SW1:eth1:20+trunk_remove:SW1:eth3:20,35234,0.05,9.35,3,True,False,True,recovery_success,0.0012066547642461956,3,2,0,0,0,0,0,0,0
2891,4917,access_vlan:SW2:eth2:10+trunk_remove:SW1:eth3:10+trunk_remove:SW2:eth3:10,35238,0.05,9.049999999999999,4,True,False,True,recovery_success,0.0014155212265904993,4,3,0,0,0,0,0,0,0
2892,4918,access_vlan:SW1:eth2:10+access_vlan:SW2:eth2:10+trunk_remove:SW1:eth3:10+trunk_remove:SW1:eth3:20+trunk_remove:SW2:eth3:10+trunk_remove:SW2:eth3:20,35245,0.05,8.149999999999999,7,True,False,True,recovery_success,0.0028245899926072787,7,6,0,0,0,0,0,0,0
2893,4919,access_vlan:SW2:eth1:20+access_vlan:SW2:eth2:10+trunk_remove:SW1:eth3:20+trunk_remove:SW2:eth3:10+trunk_remove:SW2:eth3:20,35251,0.05,7.949999999999999,6,True,False,True,recovery_success,0.001555412037608524,6,5,0,0,1,1,1,0,0
2894,4920,access_vlan:SW1:eth1:20+access_vlan:SW2:eth1:20,35254,0.05,8.85,3,True,False,True,recovery_success,0.002124722038085262,3,2,0,0,1,1,1,0,0
2895,4921,access_vlan:SW1:eth1:20+access_vlan:SW1:eth2:10+access_vlan:SW2:eth2:10+trunk_remove:SW1:eth3:20+trunk_remove:SW2:eth3:20,35258,0.05,9.049999999999999,4,True,False,True,recovery_success,0.0009204892121488228,4,3,0,0,0,0,0,0,0
2896,4922,access_vlan:SW1:eth1:20+access_vlan:SW1:eth2:10+access_vlan:SW2:eth2:10+trunk_remove:SW1:eth3:10+trunk_remove:SW1:eth3:20+trunk_remove:SW2:eth3:20,35265,0.05,8.149999999999999,7,True,False,True,recovery_success,0.0023041717275711043,7,6,0,0,0,0,0,0,0
2897,4923,access_vlan:SW1:eth2:10+access_vlan:SW2:eth1:20+trunk_remove:SW2:eth3:10,35269,0.05,9.049999999999999,4,True,False,True,recovery_success,0.0013929661945439875,4,3,0,0,0,0,0,0,0
2898,4924,access_vlan:SW2:eth1:20+access_vlan:SW2:eth2:10+trunk_remove:SW1:eth3:10+trunk_remove:SW1:eth3:20,35274,0.05,8.25,5,True,False,True,recovery_success,0.0017882061423733831,5,4,0,0,1,1,1,0,0
2899,4925,access_vlan:SW1:eth1:20+access_vlan:SW1:eth2:10+access_vlan:SW2:eth1:20+access_vlan:SW2:eth2:10+trunk_remove:SW2:eth3:10,35276,0.05,9.649999999999999,2,True,False,True,recovery_success,0.0016118566854856908,2,1,0,0,0,0,0,0,0
2900,4926,access_vlan:SW1:eth1:20+access_vlan:SW2:eth1:20+access_vlan:SW2:eth2:10+trunk_remove:SW1:eth3:10+trunk_remove:SW1:eth3:20+trunk_remove:SW2:eth3:20,35281,0.05,8.75,5,True,False,True,recovery_success,0.0017816407838836313,5,4,0,0,0,0,0,0,0
2901,4927,access_vlan:SW2:eth1:20+access_vlan:SW2:eth2:10,35286,0.05,8.25,5,True,False,True,recovery_success,0.002547069964930415,5,4,0,0,1,1,1,0,0
2902,4928,access_vlan:SW1:eth1:20+access_vlan:SW2:eth1:20+trunk_remove:SW1:eth3:20+trunk_remove:SW2:eth3:10+trunk_remove:SW2:eth3:20,35292,0.05,8.45,6,True,False,True,recovery_success,0.0025676880419875183,6,5,0,0,0,0,0,0,0
2903,4929,access_vlan:SW1:eth1:20+access_vlan:SW1:eth2:10+trunk_remove:SW2:eth3:10+trunk_remove:SW2:eth3:20,35297,0.05,8.25,5,True,False,True,recovery_success,0.002970367227680981,5,4,0,0,1,1,1,0,0
2904,4930,access_vlan:SW1:eth2:10+access_vlan:SW2:eth1:20+trunk_remove:SW1:eth3:10+trunk_remove:SW1:eth3:20+trunk_remove:SW2:eth3:10,35303,0.05,8.45,6,True,False,True,recovery_success,0.0032278448537302515,6,5,0,0,0,0,0,0,0
2905,4931,access_vlan:SW1:eth1:20+access_vlan:SW1:eth2:10+access_vlan:SW2:eth1:20+trunk_remove:SW1:eth3:10+trunk_remove:SW1:eth3:20+trunk_remove:SW2:eth3:10+trunk_remove:SW2:eth3:20,35311,0.05,8.149999999999999,8,True,False,True,recovery_success,0.0021256154286675155,8,5,2,0,0,0,0,0,0
2906,4932,access_vlan:SW1:eth1:20+access_vlan:SW1:eth2:10+access_vlan:SW2:eth1:20+trunk_remove:SW1:eth3:10+trunk_remove:SW1:eth3:20+trunk_remove:SW2:eth3:20,35316,0.05,8.75,5,True,False,True,recovery_success,0.002431453298777342,5,4,0,0,0,0,0,0,0
2907,4933,access_vlan:SW1:eth1:20+trunk_remove:SW1:eth3:10+trunk_remove:SW1:eth3:20+trunk_remove:SW2:eth3:10+trunk_remove:SW2:eth3:20,35322,0.05,8.45,6,True,False,True,recovery_success,0.001613031830250596,6,5,0,0,0,0,0,0,0
2908,4934,access_vlan:SW1:eth2:10+access_vlan:SW2:eth1:20+trunk_remove:SW1:eth3:10+trunk_remove:SW2:eth3:20,35327,0.05,8.75,5,True,False,True,recovery_success,0.005329650011844933,5,4,0,0,0,0,0,0,0
2909,4935,access_vlan:SW1:eth2:10+trunk_remove:SW2:eth3:10,35330,0.05,9.35,3,True,False,True,recovery_success,0.0019297042939191063,3,2,0,0,0,0,0,0,0
2910,4936,trunk_remove:SW1:eth3:10,35332,0.05,9.649999999999999,2,True,False,True,recovery_success,0.002312079071998596,2,1,0,0,0,0,0,0,0
2911,4937,access_vlan:SW2:eth1:20+access_vlan:SW2:eth2:10,35335,0.05,8.85,3,True,False,True,recovery_success,0.001970299519598484,3,2,0,0,1,1,1,0,0
2912,4938,access_vlan:SW1:eth2:10+trunk_remove:SW1:eth3:20,35338,0.05,9.35,3,True,False,True,recovery_success,0.0016660605712483327,3,2,0,0,0,0,0,0,0
2913,4939,trunk_remove:SW1:eth3:20+trunk_remove:SW2:eth3:10,35341,0.05,9.35,3,True,False,True,recovery_success,0.0026117228359604874,3,2,0,0,0,0,0,0,0
2914,4940,access_vlan:SW1:eth1:20+access_vlan:SW2:eth1:20+access_vlan:SW2:eth2:10+trunk_remove:SW1:eth3:10+trunk_remove:SW2:eth3:10,35345,0.05,9.049999999999999,4,True,False,True,recovery_success,0.0074766511679627,4,3,0,0,0,0,0,0,0
2915,4941,access_vlan:SW1:eth1:20+access_vlan:SW1:eth2:10+access_vlan:SW2:eth2:10+trunk_remove:SW1:eth3:10+trunk_remove:SW1:eth3:20+trunk_remove:SW2:eth3:10,35350,0.05,8.75,5,True,False,True,recovery_success,0.006402555247768759,5,4,0,0,0,0,0,0,0
2916,4942,access_vlan:SW1:eth1:20+access_vlan:SW2:eth1:20+access_vlan:SW2:eth2:10+trunk_remove:SW1:eth3:20,35353,0.05,9.35,3,True,False,True,recovery_success,0.011007019629081091,3,2,0,0,0,0,0,0,0
2917,4943,access_vlan:SW1:eth1:20+access_vlan:SW1:eth2:10+access_vlan:SW2:eth2:10+trunk_remove:SW1:eth3:10+trunk_remove:SW1:eth3:20+trunk_remove:SW2:eth3:20,35358,0.05,8.75,5,True,False,True,recovery_success,0.002456928440369666,5,4,0,0,0,0,0,0,0
2918,4944,access_vlan:SW1:eth1:20+access_vlan:SW1:eth2:10+access_vlan:SW2:eth1:20+access_vlan:SW2:eth2:10,35359,0.05,9.95,1,True,False,True,recovery_success,0.0011913010384887457,1,0,0,0,0,0,0,0,0
2919,4945,access_vlan:SW2:eth2:10+trunk_remove:SW1:eth3:10+trunk_remove:SW2:eth3:20,35363,0.05,9.049999999999999,4,True,False,True,recovery_success,0.0018589654355309904,4,3,0,0,0,0,0,0,0
2920,4946,access_vlan:SW1:eth1:20+access_vlan:SW1:eth2:10+access_vlan:SW2:eth2:10+trunk_remove:SW1:eth3:20,35366,0.05,9.35,3,True,False,True,recovery_success,0.0018746535448978345,3,2,0,0,0,0,0,0,0
2921,4947,access_vlan:SW1:eth1:20+access_vlan:SW2:eth2:10+trunk_remove:SW1:eth3:20+trunk_remove:SW2:eth3:10,35371,0.05,8.75,5,True,False,True,recovery_success,0.0023225768469274043,5,4,0,0,0,0,0,0,0
2922,4948,access_vlan:SW1:eth2:10+trunk_remove:SW2:eth3:10,35374,0.05,9.35,3,True,False,True,recovery_success,0.002151152351871133,3,2,0,0,0,0,0,0,0
2923,4949,access_vlan:SW1:eth1:20+access_vlan:SW2:eth2:10+trunk_remove:SW1:eth3:10+trunk_remove:SW1:eth3:20,35379,0.05,8.75,5,True,False,True,recovery_success,0.0023999979253858327,5,4,0,0,0,0,0,0,0
2924,4950,access_vlan:SW2:eth2:10+trunk_remove:SW2:eth3:20,35382,0.05,9.35,3,True,False,True,recovery_success,0.027079800609499216,3,2,0,0,0,0,0,0,0
2925,4951,access_vlan:SW1:eth1:20+access_vlan:SW2:eth1:20+trunk_remove:SW1:eth3:20+trunk_remove:SW2:eth3:10,35387,0.05,8.75,5,True,False,True,recovery_success,0.0027168613858520986,5,4,0,0,0,0,0,0,0
2926,4952,access_vlan:SW2:eth1:20+trunk_remove:SW1:eth3:10+trunk_remove:SW1:eth3:20+trunk_remove:SW2:eth3:10,35392,0.05,8.75,5,True,False,True,recovery_success,0.001596636010799557,5,4,0,0,0,0,0,0,0
2927,4953,access_vlan:SW1:eth1:20+access_vlan:SW2:eth1:20+trunk_remove:SW1:eth3:10+trunk_remove:SW1:eth3:20,35399,0.05,8.149999999999999,7,True,False,True,recovery_success,0.004173810510630054,7,6,0,0,0,0,0,0,0
2928,4954,access_vlan:SW1:eth2:10+access_vlan:SW2:eth1:20+access_vlan:SW2:eth2:10+trunk_remove:SW1:eth3:10+trunk_remove:SW1:eth3:20+trunk_remove:SW2:eth3:10,35402,0.05,-10.65,3,True,False,False,incorrect_declare_done,0.001619211242844661,3,2,0,0,0,0,0,0,2
2929,4955,access_vlan:SW1:eth2:10+trunk_remove:SW1:eth3:10+trunk_remove:SW1:eth3:20+trunk_remove:SW2:eth3:10+trunk_remove:SW2:eth3:20,35408,0.05,8.45,6,True,False,True,recovery_success,0.002359754619343827,6,5,0,0,0,0,0,0,0
2930,4956,access_vlan:SW2:eth1:20+trunk_remove:SW1:eth3:10+trunk_remove:SW1:eth3:20,35412,0.05,9.049999999999999,4,True,False,True,recovery_success,0.001676514308201149,4,3,0,0,0,0,0,0,0
2931,4957,access_vlan:SW1:eth1:20+access_vlan:SW2:eth2:10+trunk_remove:SW1:eth3:20+trunk_remove:SW2:eth3:10+trunk_remove:SW2:eth3:20,35420,0.05,6.35,8,True,False,True,recovery_success,0.0024535014235880226,8,7,0,0,3,3,1,1,0
2932,4958,access_vlan:SW1:eth2:10+access_vlan:SW2:eth1:20+access_vlan:SW2:eth2:10+trunk_remove:SW1:eth3:20+trunk_remove:SW2:eth3:10,35424,0.05,9.049999999999999,4,True,False,True,recovery_success,0.0016876455629244447,4,3,0,0,0,0,0,0,0
2933,4959,access_vlan:SW1:eth2:10+access_vlan:SW2:eth1:20+access_vlan:SW2:eth2:10+trunk_remove:SW1:eth3:20+trunk_remove:SW2:eth3:20,35428,0.05,9.049999999999999,4,True,False,True,recovery_success,0.0014621623849961907,4,3,0,0,0,0,0,0,0
2934,4960,access_vlan:SW1:eth1:20+access_vlan:SW1:eth2:10+trunk_remove:SW1:eth3:10,35432,0.05,8.549999999999999,4,True,False,True,recovery_success,0.002401109115453437,4,3,0,0,1,1,1,0,0
2935,4961,access_vlan:SW1:eth2:10+access_vlan:SW2:eth1:20+access_vlan:SW2:eth2:10+trunk_remove:SW1:eth3:20+trunk_remove:SW2:eth3:10+trunk_remove:SW2:eth3:20,35437,0.05,8.75,5,True,False,True,recovery_success,0.0014282387332059444,5,4,0,0,0,0,0,0,0
2936,4962,access_vlan:SW1:eth2:10+trunk_remove:SW2:eth3:20,35440,0.05,9.35,3,True,False,True,recovery_success,0.004817007303548356,3,2,0,0,0,0,0,0,0
2937,4963,access_vlan:SW1:eth1:20+trunk_remove:SW2:eth3:20,35443,0.05,9.35,3,True,False,True,recovery_success,0.0016598858249684174,3,2,0,0,0,0,0,0,0
2938,4964,access_vlan:SW1:eth2:10+trunk_remove:SW1:eth3:10+trunk_remove:SW1:eth3:20+trunk_remove:SW2:eth3:10+trunk_remove:SW2:eth3:20,35462,0.05,5.700000000000001,19,True,False,True,recovery_success,0.0023813373102855528,19,7,11,0,1,1,1,0,0
2939,4965,access_vlan:SW1:eth1:20+trunk_remove:SW1:eth3:10+trunk_remove:SW1:eth3:20,35468,0.05,8.45,6,True,False,True,recovery_success,0.0027476850955281407,6,5,0,0,0,0,0,0,0
2940,4966,access_vlan:SW1:eth1:20+access_vlan:SW2:eth1:20+trunk_remove:SW1:eth3:10+trunk_remove:SW1:eth3:20,35473,0.05,8.75,5,True,False,True,recovery_success,0.0019430004293099045,5,4,0,0,0,0,0,0,0
2941,4967,access_vlan:SW1:eth1:20+access_vlan:SW1:eth2:10+access_vlan:SW2:eth1:20+trunk_remove:SW1:eth3:10,35476,0.05,9.35,3,True,False,True,recovery_success,0.0016019131677846115,3,2,0,0,0,0,0,0,0
2942,4968,access_vlan:SW1:eth1:20+access_vlan:SW2:eth1:20+access_vlan:SW2:eth2:10+trunk_remove:SW1:eth3:10+trunk_remove:SW1:eth3:20,35482,0.05,7.949999999999999,6,True,False,True,recovery_success,0.002799249234764526,6,5,0,0,1,1,1,0,0
2943,4969,access_vlan:SW1:eth2:10+access_vlan:SW2:eth1:20+access_vlan:SW2:eth2:10+trunk_remove:SW1:eth3:10+trunk_remove:SW1:eth3:20+trunk_remove:SW2:eth3:10,35487,0.05,8.75,5,True,False,True,recovery_success,0.0012877172790467738,5,4,0,0,0,0,0,0,0
2944,4970,access_vlan:SW1:eth1:20+trunk_remove:SW1:eth3:10,35490,0.05,9.35,3,True,False,True,recovery_success,0.004602668729300301,3,2,0,0,0,0,0,0,0
2945,4971,access_vlan:SW1:eth2:10+access_vlan:SW2:eth1:20+access_vlan:SW2:eth2:10+trunk_remove:SW1:eth3:10+trunk_remove:SW2:eth3:10,35494,0.05,9.049999999999999,4,True,False,True,recovery_success,0.005042208533268422,4,3,0,0,0,0,0,0,0
2946,4972,access_vlan:SW1:eth1:20+access_vlan:SW2:eth2:10+trunk_remove:SW1:eth3:10+trunk_remove:SW1:eth3:20+trunk_remove:SW2:eth3:10,35500,0.05,8.45,6,True,False,True,recovery_success,0.005927417524314175,6,5,0,0,0,0,0,0,0
2947,4973,access_vlan:SW1:eth1:20+access_vlan:SW2:eth2:10+trunk_remove:SW2:eth3:10,35504,0.05,9.049999999999999,4,True,False,True,recovery_success,0.00575331412255764,4,3,0,0,0,0,0,0,0
2948,4974,access_vlan:SW1:eth2:10+access_vlan:SW2:eth1:20+trunk_remove:SW1:eth3:20+trunk_remove:SW2:eth3:10+trunk_remove:SW2:eth3:20,35510,0.05,8.45,6,True,False,True,recovery_success,0.0035361229286839566,6,5,0,0,0,0,0,0,0
2949,4975,access_vlan:SW1:eth2:10+trunk_remove:SW2:eth3:10,35514,0.05,9.2,4,True,False,True,recovery_success,0.002306581969605759,4,2,1,0,0,0,0,0,0
2950,4976,access_vlan:SW1:eth1:20+access_vlan:SW1:eth2:10+access_vlan:SW2:eth2:10+trunk_remove:SW1:eth3:20+trunk_remove:SW2:eth3:10,35518,0.05,9.049999999999999,4,True,False,True,recovery_success,0.008127554232487455,4,3,0,0,0,0,0,0,0
2951,4977,access_vlan:SW1:eth2:10+access_vlan:SW2:eth1:20+trunk_remove:SW1:eth3:10+trunk_remove:SW1:eth3:20+trunk_remove:SW2:eth3:10,35524,0.05,8.45,6,True,False,True,recovery_success,0.0038344639663894973,6,5,0,0,0,0,0,0,0
2952,4978,access_vlan:SW1:eth1:20+access_vlan:SW1:eth2:10+access_vlan:SW2:eth1:20+access_vlan:SW2:eth2:10+trunk_remove:SW1:eth3:10,35526,0.05,9.649999999999999,2,True,False,True,recovery_success,0.0034653758630156517,2,1,0,0,0,0,0,0,0
2953,4979,access_vlan:SW1:eth1:20+trunk_remove:SW1:eth3:10+trunk_remove:SW1:eth3:20+trunk_remove:SW2:eth3:10+trunk_remove:SW2:eth3:20,35532,0.05,8.45,6,True,False,True,recovery_success,0.0029964119118327894,6,5,0,0,0,0,0,0,0
2954,4980,access_vlan:SW1:eth1:20+access_vlan:SW2:eth1:20+access_vlan:SW2:eth2:10+trunk_remove:SW1:eth3:20+trunk_remove:SW2:eth3:10+trunk_remove:SW2:eth3:20,35537,0.05,8.75,5,True,False,True,recovery_success,0.0039172545075416565,5,4,0,0,0,0,0,0,0
2955,4981,access_vlan:SW1:eth2:10+trunk_remove:SW1:eth3:20,35540,0.05,9.35,3,True,False,True,recovery_success,0.002051139793669184,3,2,0,0,0,0,0,0,0
2956,4982,trunk_remove:SW1:eth3:20+trunk_remove:SW2:eth3:10+trunk_remove:SW2:eth3:20,35544,0.05,9.049999999999999,4,True,False,True,recovery_success,0.0021128868393134326,4,3,0,0,0,0,0,0,0
2957,4983,access_vlan:SW1:eth1:20+access_vlan:SW2:eth1:20+access_vlan:SW2:eth2:10+trunk_remove:SW1:eth3:20+trunk_remove:SW2:eth3:10,35548,0.05,9.049999999999999,4,True,False,True,recovery_success,0.001957434637006372,4,3,0,0,0,0,0,0,0
2958,4984,access_vlan:SW1:eth1:20+access_vlan:SW2:eth1:20+trunk_remove:SW1:eth3:10+trunk_remove:SW2:eth3:10+trunk_remove:SW2:eth3:20,35554,0.05,8.45,6,True,False,True,recovery_success,0.002591113152448088,6,5,0,0,0,0,0,0,0
2959,4985,access_vlan:SW1:eth1:20+access_vlan:SW1:eth2:10+trunk_remove:SW2:eth3:10+trunk_remove:SW2:eth3:20,35561,0.05,7.6499999999999995,7,True,False,True,recovery_success,0.0034671842835710515,7,6,0,0,1,1,1,0,0
2960,4986,access_vlan:SW2:eth1:20+trunk_remove:SW1:eth3:10+trunk_remove:SW1:eth3:20,35565,0.05,9.049999999999999,4,True,False,True,recovery_success,0.0027905580936931074,4,3,0,0,0,0,0,0,0
2961,4987,access_vlan:SW2:eth1:20+trunk_remove:SW1:eth3:10,35568,0.05,9.35,3,True,False,True,recovery_success,0.003065844920153419,3,2,0,0,0,0,0,0,0
2962,4988,access_vlan:SW1:eth2:10+access_vlan:SW2:eth1:20+access_vlan:SW2:eth2:10+trunk_remove:SW1:eth3:10+trunk_remove:SW1:eth3:20+trunk_remove:SW2:eth3:10+trunk_remove:SW2:eth3:20,35576,0.05,6.85,8,True,False,True,recovery_success,0.0022518940968438983,8,7,0,0,2,2,1,0,0
2963,4989,access_vlan:SW1:eth1:20+access_vlan:SW1:eth2:10+access_vlan:SW2:eth1:20+trunk_remove:SW2:eth3:10,35579,0.05,9.35,3,True,False,True,recovery_success,0.001681012528327604,3,2,0,0,0,0,0,0,0
2964,4990,access_vlan:SW1:eth1:20+trunk_remove:SW1:eth3:10+trunk_remove:SW2:eth3:20,35583,0.05,9.049999999999999,4,True,False,True,recovery_success,0.002551072568167001,4,3,0,0,0,0,0,0,0
2965,4991,access_vlan:SW1:eth2:10+trunk_remove:SW1:eth3:10+trunk_remove:SW2:eth3:20,35587,0.05,9.049999999999999,4,True,False,True,recovery_success,0.0015997776936274022,4,3,0,0,0,0,0,0,0
2966,4992,access_vlan:SW2:eth1:20+trunk_remove:SW1:eth3:10+trunk_remove:SW1:eth3:20+trunk_remove:SW2:eth3:10,35592,0.05,8.75,5,True,False,True,recovery_success,0.001962157466914505,5,4,0,0,0,0,0,0,0
2967,4993,access_vlan:SW1:eth2:10+access_vlan:SW2:eth1:20+access_vlan:SW2:eth2:10+trunk_remove:SW1:eth3:10+trunk_remove:SW2:eth3:10,35596,0.05,9.049999999999999,4,True,False,True,recovery_success,0.0030420639959629625,4,3,0,0,0,0,0,0,0
2968,4994,access_vlan:SW1:eth2:10+trunk_remove:SW1:eth3:20+trunk_remove:SW2:eth3:20,35600,0.05,9.049999999999999,4,True,False,True,recovery_success,0.004655036085750908,4,3,0,0,0,0,0,0,0
2969,4995,access_vlan:SW1:eth2:10+trunk_remove:SW1:eth3:10+trunk_remove:SW2:eth3:10,35604,0.05,9.049999999999999,4,True,False,True,recovery_success,0.0052467409404926,4,3,0,0,0,0,0,0,0
2970,4996,access_vlan:SW1:eth2:10+access_vlan:SW2:eth1:20+trunk_remove:SW1:eth3:10+trunk_remove:SW1:eth3:20+trunk_remove:SW2:eth3:10,35610,0.05,8.45,6,True,False,True,recovery_success,0.001899917241341124,6,5,0,0,0,0,0,0,0
2971,4997,access_vlan:SW1:eth1:20+access_vlan:SW2:eth2:10+trunk_remove:SW1:eth3:20+trunk_remove:SW2:eth3:20,35615,0.05,8.75,5,True,False,True,recovery_success,0.0017753083258867264,5,4,0,0,0,0,0,0,0
2972,4998,access_vlan:SW1:eth2:10+access_vlan:SW2:eth1:20+trunk_remove:SW1:eth3:10+trunk_remove:SW2:eth3:10+trunk_remove:SW2:eth3:20,35621,0.05,8.45,6,True,False,True,recovery_success,0.0026996856613550335,6,5,0,0,0,0,0,0,0
2973,4999,access_vlan:SW1:eth1:20+access_vlan:SW1:eth2:10+trunk_remove:SW1:eth3:10+trunk_remove:SW2:eth3:10+trunk_remove:SW2:eth3:20,35627,0.05,7.949999999999999,6,True,False,True,recovery_success,0.0012997286685276777,6,5,0,0,1,1,1,0,0
2974,5000,access_vlan:SW1:eth2:10+access_vlan:SW2:eth1:20+access_vlan:SW2:eth2:10+trunk_remove:SW1:eth3:20+trunk_remove:SW2:eth3:10+trunk_remove:SW2:eth3:20,35632,0.05,8.75,5,True,False,True,recovery_success,0.0019053224474191665,5,4,0,0,0,0,0,0,0
2975,5001,access_vlan:SW1:eth2:10+access_vlan:SW2:eth2:10+trunk_remove:SW2:eth3:10+trunk_remove:SW2:eth3:20,35637,0.05,8.75,5,True,False,True,recovery_success,0.0019719597883522512,5,4,0,0,0,0,0,0,0
2976,5002,access_vlan:SW1:eth1:20+access_vlan:SW1:eth2:10+trunk_remove:SW1:eth3:10+trunk_remove:SW2:eth3:10+trunk_remove:SW2:eth3:20,35646,0.05,7.199999999999999,9,True,False,True,recovery_success,0.0021749213725949326,9,7,1,0,1,1,1,0,0
2977,5003,access_vlan:SW1:eth1:20+access_vlan:SW1:eth2:10+access_vlan:SW2:eth2:10+trunk_remove:SW2:eth3:20,35649,0.05,9.35,3,True,False,True,recovery_success,0.0017219095025211573,3,2,0,0,0,0,0,0,0
2978,5004,access_vlan:SW2:eth2:10+trunk_remove:SW1:eth3:20,35652,0.05,9.35,3,True,False,True,recovery_success,0.002050271024927497,3,2,0,0,0,0,0,0,0
2979,5005,access_vlan:SW1:eth2:10+access_vlan:SW2:eth1:20+trunk_remove:SW1:eth3:10+trunk_remove:SW2:eth3:10,35657,0.05,8.75,5,True,False,True,recovery_success,0.00217867688043043,5,4,0,0,0,0,0,0,0
2980,5006,access_vlan:SW1:eth1:20+access_vlan:SW1:eth2:10+access_vlan:SW2:eth1:20+trunk_remove:SW1:eth3:10+trunk_remove:SW2:eth3:20,35661,0.05,9.049999999999999,4,True,False,True,recovery_success,0.0037323953583836555,4,3,0,0,0,0,0,0,0
2981,5007,access_vlan:SW1:eth1:20+access_vlan:SW1:eth2:10+trunk_remove:SW1:eth3:20+trunk_remove:SW2:eth3:20,35666,0.05,7.749999999999999,5,True,False,True,recovery_success,0.0024864234030246733,5,4,0,0,2,2,2,0,0
2982,5008,access_vlan:SW1:eth1:20+access_vlan:SW1:eth2:10+access_vlan:SW2:eth1:20+access_vlan:SW2:eth2:10,35671,0.05,6.749999999999999,5,True,False,True,recovery_success,0.0014914823463186623,5,4,0,0,4,4,2,2,0
2983,5009,access_vlan:SW1:eth1:20+access_vlan:SW1:eth2:10+trunk_remove:SW2:eth3:20,35677,0.05,6.449999999999999,6,True,False,True,recovery_success,0.0027255238577102623,6,5,0,0,4,4,2,1,0
2984,5010,access_vlan:SW2:eth2:10+trunk_remove:SW1:eth3:20+trunk_remove:SW2:eth3:20,35681,0.05,9.049999999999999,4,True,False,True,recovery_success,0.002602085121907294,4,3,0,0,0,0,0,0,0
2985,5011,access_vlan:SW2:eth1:20+access_vlan:SW2:eth2:10+trunk_remove:SW1:eth3:10+trunk_remove:SW1:eth3:20,35686,0.05,8.25,5,True,False,True,recovery_success,0.002211968577466905,5,4,0,0,1,1,1,0,0
2986,5012,access_vlan:SW1:eth1:20+access_vlan:SW1:eth2:10+access_vlan:SW2:eth1:20+trunk_remove:SW2:eth3:20,35689,0.05,9.35,3,True,False,True,recovery_success,0.0012056061338322859,3,2,0,0,0,0,0,0,0
2987,5013,access_vlan:SW2:eth2:10+trunk_remove:SW1:eth3:10+trunk_remove:SW2:eth3:20,35693,0.05,9.049999999999999,4,True,False,True,recovery_success,0.004309492185711861,4,3,0,0,0,0,0,0,0
2988,5014,access_vlan:SW1:eth1:20+access_vlan:SW1:eth2:10+trunk_remove:SW1:eth3:10+trunk_remove:SW1:eth3:20+trunk_remove:SW2:eth3:10+trunk_remove:SW2:eth3:20,35700,0.05,7.6499999999999995,7,True,False,True,recovery_success,0.0030787081590720584,7,6,0,0,1,1,1,0,0
2989,5015,access_vlan:SW1:eth1:20+access_vlan:SW1:eth2:10+access_vlan:SW2:eth1:20+access_vlan:SW2:eth2:10+trunk_remove:SW2:eth3:10,35702,0.05,9.649999999999999,2,True,False,True,recovery_success,0.0012252642191015184,2,1,0,0,0,0,0,0,0
2990,5016,access_vlan:SW2:eth2:10,35704,0.05,9.649999999999999,2,True,False,True,recovery_success,0.001870853011496365,2,1,0,0,0,0,0,0,0
2991,5017,access_vlan:SW1:eth1:20+access_vlan:SW2:eth1:20+access_vlan:SW2:eth2:10+trunk_remove:SW1:eth3:10,35709,0.05,8.25,5,True,False,True,recovery_success,0.0037745493231341244,5,3,0,0,1,1,1,1,0
2992,5018,access_vlan:SW1:eth1:20+access_vlan:SW2:eth1:20+access_vlan:SW2:eth2:10+trunk_remove:SW1:eth3:20+trunk_remove:SW2:eth3:10,35713,0.05,9.049999999999999,4,True,False,True,recovery_success,0.002283943918882869,4,3,0,0,0,0,0,0,0
2993,5019,access_vlan:SW2:eth2:10+trunk_remove:SW1:eth3:20+trunk_remove:SW2:eth3:20,35717,0.05,9.049999999999999,4,True,False,True,recovery_success,0.00947668799199164,4,3,0,0,0,0,0,0,0
2994,5020,access_vlan:SW1:eth1:20+access_vlan:SW2:eth1:20+trunk_remove:SW1:eth3:20+trunk_remove:SW2:eth3:10+trunk_remove:SW2:eth3:20,35723,0.05,8.45,6,True,False,True,recovery_success,0.005310192471370101,6,5,0,0,0,0,0,0,0
2995,5021,trunk_remove:SW1:eth3:10+trunk_remove:SW1:eth3:20+trunk_remove:SW2:eth3:10+trunk_remove:SW2:eth3:20,35729,0.05,8.6,6,True,False,True,recovery_success,0.004842427792027593,6,4,1,0,0,0,0,0,0
2996,5022,access_vlan:SW1:eth1:20+trunk_remove:SW2:eth3:10,35732,0.05,9.35,3,True,False,True,recovery_success,0.008973990101367235,3,2,0,0,0,0,0,0,0
2997,5023,access_vlan:SW1:eth1:20+access_vlan:SW2:eth1:20+access_vlan:SW2:eth2:10+trunk_remove:SW1:eth3:10+trunk_remove:SW2:eth3:10+trunk_remove:SW2:eth3:20,35737,0.05,8.75,5,True,False,True,recovery_success,0.006187430024147034,5,4,0,0,0,0,0,0,0
2998,5024,access_vlan:SW1:eth1:20+access_vlan:SW2:eth2:10+trunk_remove:SW1:eth3:20+trunk_remove:SW2:eth3:10,35742,0.05,8.75,5,True,False,True,recovery_success,0.004333589551970362,5,4,0,0,0,0,0,0,0
2999,5025,access_vlan:SW1:eth1:20+access_vlan:SW2:eth2:10+trunk_remove:SW1:eth3:10+trunk_remove:SW2:eth3:10,35747,0.05,8.75,5,True,False,True,recovery_success,0.004417922906577587,5,4,0,0,0,0,0,0,0
