row_type,algorithm,split,scenario_id,fault_type,severity,initial_functional_failure_rate,functional_recovery_rate,configuration_recovery_rate,actual_configuration_changes,unnecessary_actions,diagnostic_actions,rollbacks,healthy_network_impacts,steps,python_simulation_seconds,failure_reason
episode,rule_based,train,access_vlan:SW1:eth1:20,single_access,low,1.0,1.0,1.0,1.0,0.0,2.0,0.0,0.0,4.0,0.0003313579999968397,none
episode,rule_based,train,access_vlan:SW1:eth2:10,single_access,low,1.0,1.0,1.0,1.0,0.0,2.0,0.0,0.0,4.0,0.000259470000003148,none
episode,rule_based,train,access_vlan:SW2:eth1:20,single_access,low,1.0,1.0,1.0,1.0,0.0,2.0,0.0,0.0,4.0,0.0002495650000042815,none
episode,rule_based,train,access_vlan:SW2:eth2:10,single_access,low,1.0,1.0,1.0,1.0,0.0,2.0,0.0,0.0,4.0,0.00024672099999634156,none
episode,rule_based,train,trunk_remove:SW1:eth3:10,single_trunk,low,1.0,1.0,1.0,1.0,0.0,2.0,0.0,0.0,4.0,0.0002445270000066557,none
episode,rule_based,train,trunk_remove:SW1:eth3:20,single_trunk,low,1.0,1.0,1.0,1.0,0.0,2.0,0.0,0.0,4.0,0.00024557400000446705,none
episode,rule_based,train,trunk_remove:SW2:eth3:10,single_trunk,low,1.0,1.0,1.0,1.0,0.0,2.0,0.0,0.0,4.0,0.00023118899999019504,none
episode,rule_based,train,trunk_remove:SW2:eth3:20,single_trunk,low,1.0,1.0,1.0,1.0,0.0,2.0,0.0,0.0,4.0,0.00024600199999724737,none
episode,rule_based,train,access_vlan:SW1:eth1:20+access_vlan:SW1:eth2:10,multi_access,medium,1.0,1.0,1.0,2.0,0.0,2.0,0.0,1.0,5.0,0.0003185760000121718,none
episode,rule_based,train,access_vlan:SW1:eth1:20+access_vlan:SW2:eth2:10,multi_access,medium,1.0,1.0,1.0,2.0,0.0,2.0,0.0,1.0,5.0,0.0003704229999925701,none
episode,rule_based,train,access_vlan:SW1:eth1:20+trunk_remove:SW1:eth3:10,access_trunk_combined,medium,1.0,1.0,1.0,2.0,0.0,2.0,0.0,0.0,5.0,0.0003062790000001314,none
episode,rule_based,train,access_vlan:SW1:eth1:20+trunk_remove:SW1:eth3:20,access_trunk_combined,medium,1.0,1.0,1.0,2.0,0.0,2.0,0.0,0.0,5.0,0.00030729399999529505,none
episode,rule_based,train,access_vlan:SW1:eth1:20+trunk_remove:SW2:eth3:10,access_trunk_combined,medium,1.0,1.0,1.0,2.0,0.0,2.0,0.0,0.0,5.0,0.0002991650000012669,none
episode,rule_based,train,access_vlan:SW1:eth1:20+trunk_remove:SW2:eth3:20,access_trunk_combined,medium,1.0,1.0,1.0,2.0,0.0,2.0,0.0,0.0,5.0,0.00036176799999054765,none
episode,rule_based,train,access_vlan:SW1:eth2:10+access_vlan:SW2:eth2:10,multi_access,medium,1.0,0.0,0.0,0.0,0.0,2.0,0.0,0.0,3.0,0.0001741989999999305,functional_and_configuration_failure
episode,rule_based,train,access_vlan:SW1:eth2:10+trunk_remove:SW1:eth3:10,access_trunk_combined,medium,1.0,1.0,1.0,2.0,0.0,2.0,0.0,0.0,5.0,0.00030412799999623985,none
episode,rule_based,train,access_vlan:SW1:eth2:10+trunk_remove:SW1:eth3:20,access_trunk_combined,medium,1.0,1.0,1.0,2.0,0.0,2.0,0.0,0.0,5.0,0.0003072029999913184,none
episode,rule_based,train,access_vlan:SW1:eth2:10+trunk_remove:SW2:eth3:10,access_trunk_combined,medium,1.0,1.0,1.0,2.0,0.0,2.0,0.0,0.0,5.0,0.0003024640000006684,none
episode,rule_based,train,access_vlan:SW1:eth2:10+trunk_remove:SW2:eth3:20,access_trunk_combined,medium,1.0,1.0,1.0,2.0,0.0,2.0,0.0,0.0,5.0,0.00031009500000322987,none
episode,rule_based,train,access_vlan:SW2:eth1:20+access_vlan:SW2:eth2:10,multi_access,medium,1.0,1.0,1.0,2.0,0.0,2.0,0.0,1.0,5.0,0.00030693600000120114,none
episode,rule_based,train,access_vlan:SW2:eth1:20+trunk_remove:SW1:eth3:10,access_trunk_combined,medium,1.0,1.0,1.0,2.0,0.0,2.0,0.0,0.0,5.0,0.0002953999999988355,none
episode,rule_based,train,access_vlan:SW2:eth1:20+trunk_remove:SW1:eth3:20,access_trunk_combined,medium,1.0,1.0,1.0,2.0,0.0,2.0,0.0,0.0,5.0,0.0003141650000060281,none
episode,rule_based,train,access_vlan:SW2:eth1:20+trunk_remove:SW2:eth3:10,access_trunk_combined,medium,1.0,1.0,1.0,2.0,0.0,2.0,0.0,0.0,5.0,0.0003009850000097458,none
episode,rule_based,train,access_vlan:SW2:eth1:20+trunk_remove:SW2:eth3:20,access_trunk_combined,medium,1.0,1.0,1.0,2.0,0.0,2.0,0.0,0.0,5.0,0.0003118039999918665,none
episode,rule_based,train,access_vlan:SW2:eth2:10+trunk_remove:SW1:eth3:10,access_trunk_combined,medium,1.0,1.0,1.0,2.0,0.0,2.0,0.0,0.0,5.0,0.0002944019999944203,none
episode,rule_based,train,access_vlan:SW2:eth2:10+trunk_remove:SW1:eth3:20,access_trunk_combined,medium,1.0,1.0,1.0,2.0,0.0,2.0,0.0,0.0,5.0,0.00030680600001176117,none
episode,rule_based,train,access_vlan:SW2:eth2:10+trunk_remove:SW2:eth3:10,access_trunk_combined,medium,1.0,1.0,1.0,2.0,0.0,2.0,0.0,0.0,5.0,0.0003045779999979459,none
episode,rule_based,train,access_vlan:SW2:eth2:10+trunk_remove:SW2:eth3:20,access_trunk_combined,medium,1.0,1.0,1.0,2.0,0.0,2.0,0.0,0.0,5.0,0.0003051500000026408,none
episode,rule_based,train,trunk_remove:SW1:eth3:10+trunk_remove:SW1:eth3:20,multi_trunk,medium,1.0,1.0,1.0,2.0,0.0,2.0,0.0,0.0,5.0,0.00030896600000573926,none
episode,rule_based,train,trunk_remove:SW1:eth3:10+trunk_remove:SW2:eth3:10,multi_trunk,medium,1.0,1.0,1.0,2.0,0.0,2.0,0.0,0.0,5.0,0.00029941100000030474,none
episode,rule_based,train,trunk_remove:SW1:eth3:20+trunk_remove:SW2:eth3:10,multi_trunk,medium,1.0,1.0,1.0,2.0,0.0,2.0,0.0,0.0,5.0,0.000294868000011661,none
episode,rule_based,train,trunk_remove:SW1:eth3:20+trunk_remove:SW2:eth3:20,multi_trunk,medium,1.0,1.0,1.0,2.0,0.0,2.0,0.0,0.0,5.0,0.0002897349999955168,none
episode,rule_based,train,trunk_remove:SW2:eth3:10+trunk_remove:SW2:eth3:20,multi_trunk,medium,1.0,1.0,1.0,2.0,0.0,2.0,0.0,0.0,5.0,0.00029752800000437674,none
episode,rule_based,train,access_vlan:SW1:eth1:20+access_vlan:SW1:eth2:10+access_vlan:SW2:eth1:20,multi_access,medium,1.0,1.0,0.0,1.0,0.0,2.0,0.0,0.0,4.0,0.0002380150000078629,configuration_mismatch_only
episode,rule_based,train,access_vlan:SW1:eth1:20+access_vlan:SW1:eth2:10+access_vlan:SW2:eth2:10,multi_access,medium,1.0,1.0,0.0,1.0,0.0,2.0,0.0,0.0,4.0,0.00023659400000042297,configuration_mismatch_only
episode,rule_based,train,access_vlan:SW1:eth1:20+access_vlan:SW1:eth2:10+trunk_remove:SW1:eth3:10,access_trunk_combined,medium,1.0,1.0,1.0,3.0,0.0,2.0,0.0,1.0,6.0,0.00036900700000330744,none
episode,rule_based,train,access_vlan:SW1:eth1:20+access_vlan:SW1:eth2:10+trunk_remove:SW2:eth3:10,access_trunk_combined,medium,1.0,1.0,1.0,3.0,0.0,2.0,0.0,1.0,6.0,0.0003726989999961461,none
episode,rule_based,train,access_vlan:SW1:eth1:20+access_vlan:SW1:eth2:10+trunk_remove:SW2:eth3:20,access_trunk_combined,medium,1.0,1.0,1.0,3.0,0.0,2.0,0.0,1.0,6.0,0.00037638300000253366,none
episode,rule_based,train,access_vlan:SW1:eth1:20+access_vlan:SW2:eth1:20+access_vlan:SW2:eth2:10,multi_access,medium,1.0,1.0,0.0,1.0,0.0,2.0,0.0,0.0,4.0,0.0002596669999945789,configuration_mismatch_only
episode,rule_based,train,access_vlan:SW1:eth1:20+access_vlan:SW2:eth1:20+trunk_remove:SW1:eth3:10,access_trunk_combined,medium,1.0,0.0,0.0,0.0,0.0,2.0,0.0,0.0,3.0,0.0001864259999990736,functional_and_configuration_failure
episode,rule_based,train,access_vlan:SW1:eth1:20+access_vlan:SW2:eth1:20+trunk_remove:SW1:eth3:20,access_trunk_combined,medium,1.0,0.0,0.0,1.0,0.0,2.0,0.0,1.0,4.0,0.00024229599999614493,functional_and_configuration_failure
episode,rule_based,train,access_vlan:SW1:eth1:20+access_vlan:SW2:eth1:20+trunk_remove:SW2:eth3:10,access_trunk_combined,medium,1.0,0.0,0.0,0.0,0.0,2.0,0.0,0.0,3.0,0.0001802539999999908,functional_and_configuration_failure
episode,rule_based,train,access_vlan:SW1:eth1:20+access_vlan:SW2:eth1:20+trunk_remove:SW2:eth3:20,access_trunk_combined,medium,1.0,0.0,0.0,1.0,0.0,2.0,0.0,1.0,4.0,0.00043086500001265904,functional_and_configuration_failure
episode,rule_based,train,access_vlan:SW1:eth1:20+access_vlan:SW2:eth2:10+trunk_remove:SW1:eth3:10,access_trunk_combined,medium,1.0,1.0,1.0,3.0,0.0,2.0,0.0,0.0,6.0,0.00039336300000059055,none
episode,rule_based,train,access_vlan:SW1:eth1:20+access_vlan:SW2:eth2:10+trunk_remove:SW1:eth3:20,access_trunk_combined,medium,1.0,1.0,1.0,3.0,0.0,2.0,0.0,1.0,6.0,0.0003702300000014702,none
episode,rule_based,train,access_vlan:SW1:eth1:20+access_vlan:SW2:eth2:10+trunk_remove:SW2:eth3:10,access_trunk_combined,medium,1.0,1.0,1.0,3.0,0.0,2.0,0.0,0.0,6.0,0.00037184400000001006,none
episode,rule_based,train,access_vlan:SW1:eth1:20+access_vlan:SW2:eth2:10+trunk_remove:SW2:eth3:20,access_trunk_combined,medium,1.0,1.0,1.0,3.0,0.0,2.0,0.0,1.0,6.0,0.0003577180000036151,none
episode,rule_based,train,access_vlan:SW1:eth1:20+trunk_remove:SW1:eth3:10+trunk_remove:SW1:eth3:20,access_trunk_combined,medium,1.0,1.0,1.0,3.0,0.0,2.0,0.0,0.0,6.0,0.00037759399999970356,none
episode,rule_based,train,access_vlan:SW1:eth1:20+trunk_remove:SW1:eth3:10+trunk_remove:SW2:eth3:10,access_trunk_combined,medium,1.0,1.0,1.0,3.0,0.0,2.0,0.0,0.0,6.0,0.0003610939999987295,none
episode,rule_based,train,access_vlan:SW1:eth1:20+trunk_remove:SW1:eth3:10+trunk_remove:SW2:eth3:20,access_trunk_combined,medium,1.0,1.0,1.0,3.0,0.0,2.0,0.0,0.0,6.0,0.000355009999992717,none
episode,rule_based,train,access_vlan:SW1:eth1:20+trunk_remove:SW1:eth3:20+trunk_remove:SW2:eth3:10,access_trunk_combined,medium,1.0,1.0,1.0,3.0,0.0,2.0,0.0,0.0,6.0,0.0003670010000007551,none
episode,rule_based,train,access_vlan:SW1:eth1:20+trunk_remove:SW1:eth3:20+trunk_remove:SW2:eth3:20,access_trunk_combined,medium,1.0,1.0,1.0,3.0,0.0,2.0,0.0,0.0,6.0,0.0003518839999969714,none
episode,rule_based,train,access_vlan:SW1:eth1:20+trunk_remove:SW2:eth3:10+trunk_remove:SW2:eth3:20,access_trunk_combined,medium,1.0,1.0,1.0,3.0,0.0,2.0,0.0,0.0,6.0,0.00035163200000454253,none
episode,rule_based,train,access_vlan:SW1:eth2:10+access_vlan:SW2:eth1:20+access_vlan:SW2:eth2:10,multi_access,medium,1.0,1.0,0.0,1.0,0.0,2.0,0.0,0.0,4.0,0.00023415600000475933,configuration_mismatch_only
episode,rule_based,train,access_vlan:SW1:eth2:10+access_vlan:SW2:eth1:20+trunk_remove:SW1:eth3:10,access_trunk_combined,medium,1.0,1.0,1.0,3.0,0.0,2.0,0.0,0.0,6.0,0.00036813100000188115,none
episode,rule_based,train,access_vlan:SW1:eth2:10+access_vlan:SW2:eth1:20+trunk_remove:SW1:eth3:20,access_trunk_combined,medium,1.0,1.0,1.0,3.0,0.0,2.0,0.0,1.0,6.0,0.0003637039999944136,none
episode,rule_based,train,access_vlan:SW1:eth2:10+access_vlan:SW2:eth1:20+trunk_remove:SW2:eth3:10,access_trunk_combined,medium,1.0,1.0,1.0,3.0,0.0,2.0,0.0,0.0,6.0,0.0003802930000063043,none
episode,rule_based,train,access_vlan:SW1:eth2:10+access_vlan:SW2:eth1:20+trunk_remove:SW2:eth3:20,access_trunk_combined,medium,1.0,1.0,1.0,3.0,0.0,2.0,0.0,1.0,6.0,0.00038028800000233787,none
episode,rule_based,train,access_vlan:SW1:eth2:10+access_vlan:SW2:eth2:10+trunk_remove:SW1:eth3:10,access_trunk_combined,medium,1.0,0.0,0.0,1.0,0.0,2.0,0.0,1.0,4.0,0.0002316869999958726,functional_and_configuration_failure
episode,rule_based,train,access_vlan:SW1:eth2:10+access_vlan:SW2:eth2:10+trunk_remove:SW1:eth3:20,access_trunk_combined,medium,1.0,0.0,0.0,0.0,0.0,2.0,0.0,0.0,3.0,0.00017304700000408957,functional_and_configuration_failure
episode,rule_based,train,access_vlan:SW1:eth2:10+access_vlan:SW2:eth2:10+trunk_remove:SW2:eth3:10,access_trunk_combined,medium,1.0,0.0,0.0,1.0,0.0,2.0,0.0,1.0,4.0,0.0002301730000056068,functional_and_configuration_failure
episode,rule_based,train,access_vlan:SW1:eth2:10+access_vlan:SW2:eth2:10+trunk_remove:SW2:eth3:20,access_trunk_combined,medium,1.0,0.0,0.0,0.0,0.0,2.0,0.0,0.0,3.0,0.0001664430000118955,functional_and_configuration_failure
episode,rule_based,train,access_vlan:SW1:eth2:10+trunk_remove:SW1:eth3:20+trunk_remove:SW2:eth3:10,access_trunk_combined,medium,1.0,1.0,1.0,3.0,0.0,2.0,0.0,0.0,6.0,0.00036511999999788713,none
episode,rule_based,train,access_vlan:SW1:eth2:10+trunk_remove:SW1:eth3:20+trunk_remove:SW2:eth3:20,access_trunk_combined,medium,1.0,1.0,1.0,3.0,0.0,2.0,0.0,0.0,6.0,0.0003607550000026549,none
episode,rule_based,train,access_vlan:SW1:eth2:10+trunk_remove:SW2:eth3:10+trunk_remove:SW2:eth3:20,access_trunk_combined,medium,1.0,1.0,1.0,3.0,0.0,2.0,0.0,0.0,6.0,0.0003579950000016652,none
episode,rule_based,train,access_vlan:SW2:eth1:20+access_vlan:SW2:eth2:10+trunk_remove:SW1:eth3:10,access_trunk_combined,medium,1.0,1.0,1.0,3.0,0.0,2.0,0.0,1.0,6.0,0.0003727610000083814,none
episode,rule_based,train,access_vlan:SW2:eth1:20+access_vlan:SW2:eth2:10+trunk_remove:SW1:eth3:20,access_trunk_combined,medium,1.0,1.0,1.0,3.0,0.0,2.0,0.0,1.0,6.0,0.0003720999999927699,none
episode,rule_based,train,access_vlan:SW2:eth1:20+access_vlan:SW2:eth2:10+trunk_remove:SW2:eth3:20,access_trunk_combined,medium,1.0,1.0,1.0,3.0,0.0,2.0,0.0,1.0,6.0,0.0003717350000016495,none
episode,rule_based,train,access_vlan:SW2:eth1:20+trunk_remove:SW1:eth3:10+trunk_remove:SW1:eth3:20,access_trunk_combined,medium,1.0,1.0,1.0,3.0,0.0,2.0,0.0,0.0,6.0,0.00036233699999854707,none
episode,rule_based,train,access_vlan:SW2:eth1:20+trunk_remove:SW1:eth3:10+trunk_remove:SW2:eth3:20,access_trunk_combined,medium,1.0,1.0,1.0,3.0,0.0,2.0,0.0,0.0,6.0,0.0003588299999961464,none
episode,rule_based,train,access_vlan:SW2:eth1:20+trunk_remove:SW1:eth3:20+trunk_remove:SW2:eth3:10,access_trunk_combined,medium,1.0,1.0,1.0,3.0,0.0,2.0,0.0,0.0,6.0,0.00037826900000936803,none
episode,rule_based,train,access_vlan:SW2:eth1:20+trunk_remove:SW1:eth3:20+trunk_remove:SW2:eth3:20,access_trunk_combined,medium,1.0,1.0,1.0,3.0,0.0,2.0,0.0,0.0,6.0,0.0003915549999931045,none
episode,rule_based,train,access_vlan:SW2:eth1:20+trunk_remove:SW2:eth3:10+trunk_remove:SW2:eth3:20,access_trunk_combined,medium,1.0,1.0,1.0,3.0,0.0,2.0,0.0,0.0,6.0,0.0003587369999991097,none
episode,rule_based,train,access_vlan:SW2:eth2:10+trunk_remove:SW1:eth3:10+trunk_remove:SW1:eth3:20,access_trunk_combined,medium,1.0,1.0,1.0,3.0,0.0,2.0,0.0,0.0,6.0,0.0003570630000098163,none
episode,rule_based,train,access_vlan:SW2:eth2:10+trunk_remove:SW1:eth3:10+trunk_remove:SW2:eth3:10,access_trunk_combined,medium,1.0,1.0,1.0,3.0,0.0,2.0,0.0,0.0,6.0,0.0003699540000070556,none
episode,rule_based,train,access_vlan:SW2:eth2:10+trunk_remove:SW1:eth3:10+trunk_remove:SW2:eth3:20,access_trunk_combined,medium,1.0,1.0,1.0,3.0,0.0,2.0,0.0,0.0,6.0,0.00036046699999303655,none
episode,rule_based,train,access_vlan:SW2:eth2:10+trunk_remove:SW1:eth3:20+trunk_remove:SW2:eth3:20,access_trunk_combined,medium,1.0,1.0,1.0,3.0,0.0,2.0,0.0,0.0,6.0,0.0003624430000002121,none
episode,rule_based,train,access_vlan:SW2:eth2:10+trunk_remove:SW2:eth3:10+trunk_remove:SW2:eth3:20,access_trunk_combined,medium,1.0,1.0,1.0,3.0,0.0,2.0,0.0,0.0,6.0,0.00039832699999919896,none
episode,rule_based,train,trunk_remove:SW1:eth3:10+trunk_remove:SW1:eth3:20+trunk_remove:SW2:eth3:10,multi_trunk,medium,1.0,1.0,1.0,3.0,0.0,2.0,0.0,0.0,6.0,0.0004125349999952732,none
episode,rule_based,train,trunk_remove:SW1:eth3:10+trunk_remove:SW1:eth3:20+trunk_remove:SW2:eth3:20,multi_trunk,medium,1.0,1.0,1.0,3.0,0.0,2.0,0.0,0.0,6.0,0.000363253000003283,none
episode,rule_based,train,trunk_remove:SW1:eth3:10+trunk_remove:SW2:eth3:10+trunk_remove:SW2:eth3:20,multi_trunk,medium,1.0,1.0,1.0,3.0,0.0,2.0,0.0,0.0,6.0,0.0003663749999986976,none
episode,rule_based,train,trunk_remove:SW1:eth3:20+trunk_remove:SW2:eth3:10+trunk_remove:SW2:eth3:20,multi_trunk,medium,1.0,1.0,1.0,3.0,0.0,2.0,0.0,0.0,6.0,0.00039102899999932106,none
episode,rule_based,train,access_vlan:SW1:eth1:20+access_vlan:SW1:eth2:10+access_vlan:SW2:eth1:20+access_vlan:SW2:eth2:10,multi_access,high,0.0,1.0,0.0,0.0,0.0,2.0,0.0,0.0,3.0,0.00022443999999666175,configuration_mismatch_only
episode,rule_based,train,access_vlan:SW1:eth1:20+access_vlan:SW1:eth2:10+access_vlan:SW2:eth1:20+trunk_remove:SW1:eth3:10,access_trunk_combined,high,1.0,1.0,0.0,2.0,0.0,2.0,0.0,0.0,5.0,0.0003319990000107964,configuration_mismatch_only
episode,rule_based,train,access_vlan:SW1:eth1:20+access_vlan:SW1:eth2:10+access_vlan:SW2:eth1:20+trunk_remove:SW1:eth3:20,access_trunk_combined,high,1.0,1.0,0.0,2.0,0.0,2.0,0.0,0.0,5.0,0.0003110020000036684,configuration_mismatch_only
episode,rule_based,train,access_vlan:SW1:eth1:20+access_vlan:SW1:eth2:10+access_vlan:SW2:eth1:20+trunk_remove:SW2:eth3:10,access_trunk_combined,high,1.0,1.0,0.0,2.0,0.0,2.0,0.0,0.0,5.0,0.0003254610000027469,configuration_mismatch_only
episode,rule_based,train,access_vlan:SW1:eth1:20+access_vlan:SW1:eth2:10+access_vlan:SW2:eth1:20+trunk_remove:SW2:eth3:20,access_trunk_combined,high,1.0,1.0,0.0,2.0,0.0,2.0,0.0,0.0,5.0,0.00029974800000331925,configuration_mismatch_only
episode,rule_based,train,access_vlan:SW1:eth1:20+access_vlan:SW1:eth2:10+access_vlan:SW2:eth2:10+trunk_remove:SW1:eth3:10,access_trunk_combined,high,1.0,1.0,0.0,2.0,0.0,2.0,0.0,0.0,5.0,0.0002935220000068739,configuration_mismatch_only
episode,rule_based,train,access_vlan:SW1:eth1:20+access_vlan:SW1:eth2:10+access_vlan:SW2:eth2:10+trunk_remove:SW1:eth3:20,access_trunk_combined,high,1.0,1.0,0.0,2.0,0.0,2.0,0.0,0.0,5.0,0.0002935759999900256,configuration_mismatch_only
episode,rule_based,train,access_vlan:SW1:eth1:20+access_vlan:SW1:eth2:10+access_vlan:SW2:eth2:10+trunk_remove:SW2:eth3:20,access_trunk_combined,high,1.0,1.0,0.0,2.0,0.0,2.0,0.0,0.0,5.0,0.0003001229999881616,configuration_mismatch_only
episode,rule_based,train,access_vlan:SW1:eth1:20+access_vlan:SW1:eth2:10+trunk_remove:SW1:eth3:10+trunk_remove:SW2:eth3:10,access_trunk_combined,high,1.0,1.0,1.0,4.0,0.0,2.0,0.0,1.0,7.0,0.00042778399999576777,none
episode,rule_based,train,access_vlan:SW1:eth1:20+access_vlan:SW1:eth2:10+trunk_remove:SW1:eth3:20+trunk_remove:SW2:eth3:10,access_trunk_combined,high,1.0,1.0,1.0,4.0,0.0,2.0,0.0,1.0,7.0,0.00047719100000165326,none
episode,rule_based,train,access_vlan:SW1:eth1:20+access_vlan:SW1:eth2:10+trunk_remove:SW1:eth3:20+trunk_remove:SW2:eth3:20,access_trunk_combined,high,1.0,1.0,1.0,4.0,0.0,2.0,0.0,1.0,7.0,0.0004213420000098722,none
episode,rule_based,train,access_vlan:SW1:eth1:20+access_vlan:SW1:eth2:10+trunk_remove:SW2:eth3:10+trunk_remove:SW2:eth3:20,access_trunk_combined,high,1.0,1.0,1.0,4.0,0.0,2.0,0.0,1.0,7.0,0.0004152389999916295,none
episode,rule_based,train,access_vlan:SW1:eth1:20+access_vlan:SW2:eth1:20+access_vlan:SW2:eth2:10+trunk_remove:SW1:eth3:10,access_trunk_combined,high,1.0,1.0,0.0,2.0,0.0,2.0,0.0,0.0,5.0,0.0003055399999993824,configuration_mismatch_only
episode,rule_based,train,access_vlan:SW1:eth1:20+access_vlan:SW2:eth1:20+access_vlan:SW2:eth2:10+trunk_remove:SW1:eth3:20,access_trunk_combined,high,1.0,1.0,0.0,2.0,0.0,2.0,0.0,0.0,5.0,0.00030502600000659186,configuration_mismatch_only
episode,rule_based,train,access_vlan:SW1:eth1:20+access_vlan:SW2:eth1:20+access_vlan:SW2:eth2:10+trunk_remove:SW2:eth3:10,access_trunk_combined,high,1.0,1.0,0.0,2.0,0.0,2.0,0.0,0.0,5.0,0.00029863000000318607,configuration_mismatch_only
episode,rule_based,train,access_vlan:SW1:eth1:20+access_vlan:SW2:eth1:20+access_vlan:SW2:eth2:10+trunk_remove:SW2:eth3:20,access_trunk_combined,high,1.0,1.0,0.0,2.0,0.0,2.0,0.0,0.0,5.0,0.00030140900000219517,configuration_mismatch_only
episode,rule_based,train,access_vlan:SW1:eth1:20+access_vlan:SW2:eth1:20+trunk_remove:SW1:eth3:10+trunk_remove:SW1:eth3:20,access_trunk_combined,high,1.0,0.0,0.0,1.0,0.0,2.0,0.0,1.0,4.0,0.00023064100000169674,functional_and_configuration_failure
episode,rule_based,train,access_vlan:SW1:eth1:20+access_vlan:SW2:eth1:20+trunk_remove:SW1:eth3:10+trunk_remove:SW2:eth3:20,access_trunk_combined,high,1.0,0.0,0.0,1.0,0.0,2.0,0.0,1.0,4.0,0.00023225900000056754,functional_and_configuration_failure
episode,rule_based,train,access_vlan:SW1:eth1:20+access_vlan:SW2:eth1:20+trunk_remove:SW1:eth3:20+trunk_remove:SW2:eth3:20,access_trunk_combined,high,1.0,0.0,0.0,2.0,0.0,2.0,0.0,1.0,5.0,0.0002964359999992894,functional_and_configuration_failure
episode,rule_based,train,access_vlan:SW1:eth1:20+access_vlan:SW2:eth2:10+trunk_remove:SW1:eth3:10+trunk_remove:SW1:eth3:20,access_trunk_combined,high,1.0,1.0,1.0,4.0,0.0,2.0,0.0,0.0,7.0,0.0004342259999958742,none
episode,rule_based,train,access_vlan:SW1:eth1:20+access_vlan:SW2:eth2:10+trunk_remove:SW1:eth3:10+trunk_remove:SW2:eth3:10,access_trunk_combined,high,1.0,1.0,1.0,4.0,0.0,2.0,0.0,0.0,7.0,0.0004245810000043093,none
episode,rule_based,train,access_vlan:SW1:eth1:20+access_vlan:SW2:eth2:10+trunk_remove:SW1:eth3:10+trunk_remove:SW2:eth3:20,access_trunk_combined,high,1.0,1.0,1.0,4.0,0.0,2.0,0.0,0.0,7.0,0.00042664000000058877,none
episode,rule_based,train,access_vlan:SW1:eth1:20+access_vlan:SW2:eth2:10+trunk_remove:SW1:eth3:20+trunk_remove:SW2:eth3:10,access_trunk_combined,high,1.0,1.0,1.0,4.0,0.0,2.0,0.0,0.0,7.0,0.00041456700000708224,none
episode,rule_based,train,access_vlan:SW1:eth1:20+access_vlan:SW2:eth2:10+trunk_remove:SW1:eth3:20+trunk_remove:SW2:eth3:20,access_trunk_combined,high,1.0,1.0,1.0,4.0,0.0,2.0,0.0,1.0,7.0,0.00042509899999743084,none
episode,rule_based,train,access_vlan:SW1:eth1:20+access_vlan:SW2:eth2:10+trunk_remove:SW2:eth3:10+trunk_remove:SW2:eth3:20,access_trunk_combined,high,1.0,1.0,1.0,4.0,0.0,2.0,0.0,0.0,7.0,0.0004328009999881033,none
episode,rule_based,train,access_vlan:SW1:eth1:20+trunk_remove:SW1:eth3:10+trunk_remove:SW1:eth3:20+trunk_remove:SW2:eth3:10,access_trunk_combined,high,1.0,1.0,1.0,4.0,0.0,2.0,0.0,0.0,7.0,0.00042613499999788473,none
episode,rule_based,train,access_vlan:SW1:eth1:20+trunk_remove:SW1:eth3:10+trunk_remove:SW1:eth3:20+trunk_remove:SW2:eth3:20,access_trunk_combined,high,1.0,1.0,1.0,4.0,0.0,2.0,0.0,0.0,7.0,0.000432997999993745,none
episode,rule_based,train,access_vlan:SW1:eth1:20+trunk_remove:SW1:eth3:10+trunk_remove:SW2:eth3:10+trunk_remove:SW2:eth3:20,access_trunk_combined,high,1.0,1.0,1.0,4.0,0.0,2.0,0.0,0.0,7.0,0.0004611539999928027,none
episode,rule_based,train,access_vlan:SW1:eth1:20+trunk_remove:SW1:eth3:20+trunk_remove:SW2:eth3:10+trunk_remove:SW2:eth3:20,access_trunk_combined,high,1.0,1.0,1.0,4.0,0.0,2.0,0.0,0.0,7.0,0.00044324700000686335,none
episode,rule_based,train,access_vlan:SW1:eth2:10+access_vlan:SW2:eth1:20+access_vlan:SW2:eth2:10+trunk_remove:SW1:eth3:10,access_trunk_combined,high,1.0,1.0,0.0,2.0,0.0,2.0,0.0,0.0,5.0,0.0003217510000013135,configuration_mismatch_only
episode,rule_based,train,access_vlan:SW1:eth2:10+access_vlan:SW2:eth1:20+access_vlan:SW2:eth2:10+trunk_remove:SW1:eth3:20,access_trunk_combined,high,1.0,1.0,0.0,2.0,0.0,2.0,0.0,0.0,5.0,0.00030719199999396096,configuration_mismatch_only
episode,rule_based,train,access_vlan:SW1:eth2:10+access_vlan:SW2:eth1:20+access_vlan:SW2:eth2:10+trunk_remove:SW2:eth3:20,access_trunk_combined,high,1.0,1.0,0.0,2.0,0.0,2.0,0.0,0.0,5.0,0.0004014319999896543,configuration_mismatch_only
episode,rule_based,train,access_vlan:SW1:eth2:10+access_vlan:SW2:eth1:20+trunk_remove:SW1:eth3:10+trunk_remove:SW1:eth3:20,access_trunk_combined,high,1.0,1.0,1.0,4.0,0.0,2.0,0.0,0.0,7.0,0.00043242499999962547,none
episode,rule_based,train,access_vlan:SW1:eth2:10+access_vlan:SW2:eth1:20+trunk_remove:SW1:eth3:10+trunk_remove:SW2:eth3:10,access_trunk_combined,high,1.0,1.0,1.0,4.0,0.0,2.0,0.0,0.0,7.0,0.00041677200000833636,none
episode,rule_based,train,access_vlan:SW1:eth2:10+access_vlan:SW2:eth1:20+trunk_remove:SW1:eth3:20+trunk_remove:SW2:eth3:20,access_trunk_combined,high,1.0,1.0,1.0,4.0,0.0,2.0,0.0,1.0,7.0,0.00041831599999397895,none
episode,rule_based,train,access_vlan:SW1:eth2:10+access_vlan:SW2:eth2:10+trunk_remove:SW1:eth3:10+trunk_remove:SW1:eth3:20,access_trunk_combined,high,1.0,0.0,0.0,1.0,0.0,2.0,0.0,1.0,4.0,0.0002327179999923601,functional_and_configuration_failure
episode,rule_based,train,access_vlan:SW1:eth2:10+access_vlan:SW2:eth2:10+trunk_remove:SW1:eth3:10+trunk_remove:SW2:eth3:10,access_trunk_combined,high,1.0,0.0,0.0,2.0,0.0,2.0,0.0,1.0,5.0,0.0003255459999991217,functional_and_configuration_failure
episode,rule_based,train,access_vlan:SW1:eth2:10+access_vlan:SW2:eth2:10+trunk_remove:SW1:eth3:20+trunk_remove:SW2:eth3:20,access_trunk_combined,high,1.0,0.0,0.0,0.0,0.0,2.0,0.0,0.0,3.0,0.0001728980000024194,functional_and_configuration_failure
episode,rule_based,train,access_vlan:SW1:eth2:10+access_vlan:SW2:eth2:10+trunk_remove:SW2:eth3:10+trunk_remove:SW2:eth3:20,access_trunk_combined,high,1.0,0.0,0.0,1.0,0.0,2.0,0.0,1.0,4.0,0.00023870399999736946,functional_and_configuration_failure
episode,rule_based,train,access_vlan:SW1:eth2:10+trunk_remove:SW1:eth3:10+trunk_remove:SW1:eth3:20+trunk_remove:SW2:eth3:10,access_trunk_combined,high,1.0,1.0,1.0,4.0,0.0,2.0,0.0,0.0,7.0,0.00042678099998738617,none
episode,rule_based,train,access_vlan:SW1:eth2:10+trunk_remove:SW1:eth3:10+trunk_remove:SW1:eth3:20+trunk_remove:SW2:eth3:20,access_trunk_combined,high,1.0,1.0,1.0,4.0,0.0,2.0,0.0,0.0,7.0,0.00042286499999022453,none
episode,rule_based,train,access_vlan:SW1:eth2:10+trunk_remove:SW1:eth3:10+trunk_remove:SW2:eth3:10+trunk_remove:SW2:eth3:20,access_trunk_combined,high,1.0,1.0,1.0,4.0,0.0,2.0,0.0,0.0,7.0,0.00043421200000182125,none
episode,rule_based,train,access_vlan:SW1:eth2:10+trunk_remove:SW1:eth3:20+trunk_remove:SW2:eth3:10+trunk_remove:SW2:eth3:20,access_trunk_combined,high,1.0,1.0,1.0,4.0,0.0,2.0,0.0,0.0,7.0,0.0004249330000050122,none
episode,rule_based,train,access_vlan:SW2:eth1:20+access_vlan:SW2:eth2:10+trunk_remove:SW1:eth3:10+trunk_remove:SW1:eth3:20,access_trunk_combined,high,1.0,1.0,1.0,4.0,0.0,2.0,0.0,1.0,7.0,0.0004410669999970196,none
episode,rule_based,train,access_vlan:SW2:eth1:20+access_vlan:SW2:eth2:10+trunk_remove:SW1:eth3:10+trunk_remove:SW2:eth3:10,access_trunk_combined,high,1.0,1.0,1.0,4.0,0.0,2.0,0.0,1.0,7.0,0.0004275960000086343,none
episode,rule_based,train,access_vlan:SW2:eth1:20+access_vlan:SW2:eth2:10+trunk_remove:SW1:eth3:10+trunk_remove:SW2:eth3:20,access_trunk_combined,high,1.0,1.0,1.0,4.0,0.0,2.0,0.0,1.0,7.0,0.00044267399999853296,none
episode,rule_based,train,access_vlan:SW2:eth1:20+access_vlan:SW2:eth2:10+trunk_remove:SW1:eth3:20+trunk_remove:SW2:eth3:10,access_trunk_combined,high,1.0,1.0,1.0,4.0,0.0,2.0,0.0,1.0,7.0,0.0004222610000113036,none
episode,rule_based,train,access_vlan:SW2:eth1:20+access_vlan:SW2:eth2:10+trunk_remove:SW2:eth3:10+trunk_remove:SW2:eth3:20,access_trunk_combined,high,1.0,1.0,1.0,4.0,0.0,2.0,0.0,1.0,7.0,0.0004220000000003665,none
episode,rule_based,train,access_vlan:SW2:eth1:20+trunk_remove:SW1:eth3:10+trunk_remove:SW1:eth3:20+trunk_remove:SW2:eth3:10,access_trunk_combined,high,1.0,1.0,1.0,4.0,0.0,2.0,0.0,0.0,7.0,0.0004189059999930578,none
episode,rule_based,train,access_vlan:SW2:eth1:20+trunk_remove:SW1:eth3:10+trunk_remove:SW1:eth3:20+trunk_remove:SW2:eth3:20,access_trunk_combined,high,1.0,1.0,1.0,4.0,0.0,2.0,0.0,0.0,7.0,0.0004215849999980037,none
episode,rule_based,train,access_vlan:SW2:eth1:20+trunk_remove:SW1:eth3:10+trunk_remove:SW2:eth3:10+trunk_remove:SW2:eth3:20,access_trunk_combined,high,1.0,1.0,1.0,4.0,0.0,2.0,0.0,0.0,7.0,0.00042965299999764284,none
episode,rule_based,train,access_vlan:SW2:eth1:20+trunk_remove:SW1:eth3:20+trunk_remove:SW2:eth3:10+trunk_remove:SW2:eth3:20,access_trunk_combined,high,1.0,1.0,1.0,4.0,0.0,2.0,0.0,0.0,7.0,0.00043240499999797066,none
episode,rule_based,train,access_vlan:SW2:eth2:10+trunk_remove:SW1:eth3:10+trunk_remove:SW2:eth3:10+trunk_remove:SW2:eth3:20,access_trunk_combined,high,1.0,1.0,1.0,4.0,0.0,2.0,0.0,0.0,7.0,0.00041343400000926067,none
episode,rule_based,train,access_vlan:SW2:eth2:10+trunk_remove:SW1:eth3:20+trunk_remove:SW2:eth3:10+trunk_remove:SW2:eth3:20,access_trunk_combined,high,1.0,1.0,1.0,4.0,0.0,2.0,0.0,0.0,7.0,0.00044951400001025377,none
episode,rule_based,train,trunk_remove:SW1:eth3:10+trunk_remove:SW1:eth3:20+trunk_remove:SW2:eth3:10+trunk_remove:SW2:eth3:20,multi_trunk,high,1.0,1.0,1.0,4.0,0.0,2.0,0.0,0.0,7.0,0.00040437900000256377,none
episode,rule_based,train,access_vlan:SW1:eth1:20+access_vlan:SW1:eth2:10+access_vlan:SW2:eth1:20+access_vlan:SW2:eth2:10+trunk_remove:SW1:eth3:10,access_trunk_combined,high,1.0,1.0,0.0,1.0,0.0,2.0,0.0,0.0,4.0,0.00023124999999879492,configuration_mismatch_only
episode,rule_based,train,access_vlan:SW1:eth1:20+access_vlan:SW1:eth2:10+access_vlan:SW2:eth1:20+access_vlan:SW2:eth2:10+trunk_remove:SW1:eth3:20,access_trunk_combined,high,1.0,1.0,0.0,1.0,0.0,2.0,0.0,0.0,4.0,0.00023206400000219674,configuration_mismatch_only
episode,rule_based,train,access_vlan:SW1:eth1:20+access_vlan:SW1:eth2:10+access_vlan:SW2:eth1:20+access_vlan:SW2:eth2:10+trunk_remove:SW2:eth3:10,access_trunk_combined,high,1.0,1.0,0.0,1.0,0.0,2.0,0.0,0.0,4.0,0.00023448700000017197,configuration_mismatch_only
episode,rule_based,train,access_vlan:SW1:eth1:20+access_vlan:SW1:eth2:10+access_vlan:SW2:eth1:20+access_vlan:SW2:eth2:10+trunk_remove:SW2:eth3:20,access_trunk_combined,high,1.0,1.0,0.0,1.0,0.0,2.0,0.0,0.0,4.0,0.00022761300000695428,configuration_mismatch_only
episode,rule_based,train,access_vlan:SW1:eth1:20+access_vlan:SW1:eth2:10+access_vlan:SW2:eth1:20+trunk_remove:SW1:eth3:10+trunk_remove:SW2:eth3:20,access_trunk_combined,high,1.0,1.0,0.0,3.0,0.0,2.0,0.0,0.0,6.0,0.0003663920000036569,configuration_mismatch_only
episode,rule_based,train,access_vlan:SW1:eth1:20+access_vlan:SW1:eth2:10+access_vlan:SW2:eth1:20+trunk_remove:SW1:eth3:20+trunk_remove:SW2:eth3:10,access_trunk_combined,high,1.0,1.0,0.0,3.0,0.0,2.0,0.0,0.0,6.0,0.0003630580000049122,configuration_mismatch_only
episode,rule_based,train,access_vlan:SW1:eth1:20+access_vlan:SW1:eth2:10+access_vlan:SW2:eth1:20+trunk_remove:SW1:eth3:20+trunk_remove:SW2:eth3:20,access_trunk_combined,high,1.0,1.0,0.0,3.0,0.0,2.0,0.0,0.0,6.0,0.0003631710000036037,configuration_mismatch_only
episode,rule_based,train,access_vlan:SW1:eth1:20+access_vlan:SW1:eth2:10+access_vlan:SW2:eth2:10+trunk_remove:SW1:eth3:10+trunk_remove:SW1:eth3:20,access_trunk_combined,high,1.0,1.0,0.0,3.0,0.0,2.0,0.0,0.0,6.0,0.0005773259999983793,configuration_mismatch_only
episode,rule_based,train,access_vlan:SW1:eth1:20+access_vlan:SW1:eth2:10+access_vlan:SW2:eth2:10+trunk_remove:SW1:eth3:10+trunk_remove:SW2:eth3:10,access_trunk_combined,high,1.0,1.0,0.0,3.0,0.0,2.0,0.0,0.0,6.0,0.0003891530000004195,configuration_mismatch_only
episode,rule_based,train,access_vlan:SW1:eth1:20+access_vlan:SW1:eth2:10+access_vlan:SW2:eth2:10+trunk_remove:SW1:eth3:20+trunk_remove:SW2:eth3:10,access_trunk_combined,high,1.0,1.0,0.0,3.0,0.0,2.0,0.0,0.0,6.0,0.00037716900000361875,configuration_mismatch_only
episode,rule_based,train,access_vlan:SW1:eth1:20+access_vlan:SW1:eth2:10+access_vlan:SW2:eth2:10+trunk_remove:SW1:eth3:20+trunk_remove:SW2:eth3:20,access_trunk_combined,high,1.0,1.0,0.0,3.0,0.0,2.0,0.0,0.0,6.0,0.00038949399998955414,configuration_mismatch_only
episode,rule_based,train,access_vlan:SW1:eth1:20+access_vlan:SW1:eth2:10+trunk_remove:SW1:eth3:10+trunk_remove:SW1:eth3:20+trunk_remove:SW2:eth3:10,access_trunk_combined,high,1.0,1.0,1.0,5.0,0.0,2.0,0.0,1.0,8.0,0.0005002649999994446,none
episode,rule_based,train,access_vlan:SW1:eth1:20+access_vlan:SW1:eth2:10+trunk_remove:SW1:eth3:10+trunk_remove:SW1:eth3:20+trunk_remove:SW2:eth3:20,access_trunk_combined,high,1.0,1.0,1.0,5.0,0.0,2.0,0.0,1.0,8.0,0.0004760310000051504,none
episode,rule_based,train,access_vlan:SW1:eth1:20+access_vlan:SW1:eth2:10+trunk_remove:SW1:eth3:10+trunk_remove:SW2:eth3:10+trunk_remove:SW2:eth3:20,access_trunk_combined,high,1.0,1.0,1.0,5.0,0.0,2.0,0.0,1.0,8.0,0.0004916529999974273,none
episode,rule_based,train,access_vlan:SW1:eth1:20+access_vlan:SW1:eth2:10+trunk_remove:SW1:eth3:20+trunk_remove:SW2:eth3:10+trunk_remove:SW2:eth3:20,access_trunk_combined,high,1.0,1.0,1.0,5.0,0.0,2.0,0.0,1.0,8.0,0.0004792649999956211,none
episode,rule_based,train,access_vlan:SW1:eth1:20+access_vlan:SW2:eth1:20+access_vlan:SW2:eth2:10+trunk_remove:SW1:eth3:20+trunk_remove:SW2:eth3:10,access_trunk_combined,high,1.0,1.0,0.0,3.0,0.0,2.0,0.0,0.0,6.0,0.0003679639999916162,configuration_mismatch_only
episode,rule_based,train,access_vlan:SW1:eth1:20+access_vlan:SW2:eth1:20+trunk_remove:SW1:eth3:10+trunk_remove:SW1:eth3:20+trunk_remove:SW2:eth3:10,access_trunk_combined,high,1.0,0.0,0.0,1.0,0.0,2.0,0.0,1.0,4.0,0.000255320999997366,functional_and_configuration_failure
episode,rule_based,train,access_vlan:SW1:eth1:20+access_vlan:SW2:eth1:20+trunk_remove:SW1:eth3:20+trunk_remove:SW2:eth3:10+trunk_remove:SW2:eth3:20,access_trunk_combined,high,1.0,0.0,0.0,2.0,0.0,2.0,0.0,1.0,5.0,0.00029745199999808847,functional_and_configuration_failure
episode,rule_based,train,access_vlan:SW1:eth1:20+access_vlan:SW2:eth2:10+trunk_remove:SW1:eth3:10+trunk_remove:SW1:eth3:20+trunk_remove:SW2:eth3:10,access_trunk_combined,high,1.0,1.0,1.0,5.0,0.0,2.0,0.0,0.0,8.0,0.0004910620000089239,none
episode,rule_based,train,access_vlan:SW1:eth1:20+access_vlan:SW2:eth2:10+trunk_remove:SW1:eth3:10+trunk_remove:SW2:eth3:10+trunk_remove:SW2:eth3:20,access_trunk_combined,high,1.0,1.0,1.0,5.0,0.0,2.0,0.0,0.0,8.0,0.0004980620000054614,none
episode,rule_based,train,access_vlan:SW1:eth1:20+access_vlan:SW2:eth2:10+trunk_remove:SW1:eth3:20+trunk_remove:SW2:eth3:10+trunk_remove:SW2:eth3:20,access_trunk_combined,high,1.0,1.0,1.0,5.0,0.0,2.0,0.0,0.0,8.0,0.0004881820000122161,none
episode,rule_based,train,access_vlan:SW1:eth1:20+trunk_remove:SW1:eth3:10+trunk_remove:SW1:eth3:20+trunk_remove:SW2:eth3:10+trunk_remove:SW2:eth3:20,access_trunk_combined,high,1.0,1.0,1.0,5.0,0.0,2.0,0.0,0.0,8.0,0.0004897510000034799,none
episode,rule_based,train,access_vlan:SW1:eth2:10+access_vlan:SW2:eth1:20+access_vlan:SW2:eth2:10+trunk_remove:SW1:eth3:10+trunk_remove:SW1:eth3:20,access_trunk_combined,high,1.0,1.0,0.0,3.0,0.0,2.0,0.0,0.0,6.0,0.0003610589999993863,configuration_mismatch_only
episode,rule_based,train,access_vlan:SW1:eth2:10+access_vlan:SW2:eth1:20+access_vlan:SW2:eth2:10+trunk_remove:SW1:eth3:10+trunk_remove:SW2:eth3:10,access_trunk_combined,high,1.0,1.0,0.0,3.0,0.0,2.0,0.0,0.0,6.0,0.00036353000000133306,configuration_mismatch_only
episode,rule_based,train,access_vlan:SW1:eth2:10+access_vlan:SW2:eth1:20+access_vlan:SW2:eth2:10+trunk_remove:SW1:eth3:10+trunk_remove:SW2:eth3:20,access_trunk_combined,high,1.0,1.0,0.0,3.0,0.0,2.0,0.0,0.0,6.0,0.00035657500001207154,configuration_mismatch_only
episode,rule_based,train,access_vlan:SW1:eth2:10+access_vlan:SW2:eth1:20+trunk_remove:SW1:eth3:10+trunk_remove:SW1:eth3:20+trunk_remove:SW2:eth3:10,access_trunk_combined,high,1.0,1.0,1.0,5.0,0.0,2.0,0.0,0.0,8.0,0.0005010259999949085,none
episode,rule_based,train,access_vlan:SW1:eth2:10+access_vlan:SW2:eth1:20+trunk_remove:SW1:eth3:10+trunk_remove:SW1:eth3:20+trunk_remove:SW2:eth3:20,access_trunk_combined,high,1.0,1.0,1.0,5.0,0.0,2.0,0.0,0.0,8.0,0.0005146969999998419,none
episode,rule_based,train,access_vlan:SW1:eth2:10+access_vlan:SW2:eth1:20+trunk_remove:SW1:eth3:10+trunk_remove:SW2:eth3:10+trunk_remove:SW2:eth3:20,access_trunk_combined,high,1.0,1.0,1.0,5.0,0.0,2.0,0.0,0.0,8.0,0.00048178200000847937,none
episode,rule_based,train,access_vlan:SW1:eth2:10+access_vlan:SW2:eth1:20+trunk_remove:SW1:eth3:20+trunk_remove:SW2:eth3:10+trunk_remove:SW2:eth3:20,access_trunk_combined,high,1.0,1.0,1.0,5.0,0.0,2.0,0.0,0.0,8.0,0.0004804570000089825,none
episode,rule_based,train,access_vlan:SW1:eth2:10+access_vlan:SW2:eth2:10+trunk_remove:SW1:eth3:10+trunk_remove:SW1:eth3:20+trunk_remove:SW2:eth3:10,access_trunk_combined,high,1.0,0.0,0.0,2.0,0.0,2.0,0.0,1.0,5.0,0.0003017399999976078,functional_and_configuration_failure
episode,rule_based,train,access_vlan:SW1:eth2:10+access_vlan:SW2:eth2:10+trunk_remove:SW1:eth3:10+trunk_remove:SW2:eth3:10+trunk_remove:SW2:eth3:20,access_trunk_combined,high,1.0,0.0,0.0,2.0,0.0,2.0,0.0,1.0,5.0,0.000287592000006498,functional_and_configuration_failure
episode,rule_based,train,access_vlan:SW1:eth2:10+access_vlan:SW2:eth2:10+trunk_remove:SW1:eth3:20+trunk_remove:SW2:eth3:10+trunk_remove:SW2:eth3:20,access_trunk_combined,high,1.0,0.0,0.0,1.0,0.0,2.0,0.0,1.0,4.0,0.00022796199999675082,functional_and_configuration_failure
episode,rule_based,train,access_vlan:SW1:eth2:10+trunk_remove:SW1:eth3:10+trunk_remove:SW1:eth3:20+trunk_remove:SW2:eth3:10+trunk_remove:SW2:eth3:20,access_trunk_combined,high,1.0,1.0,1.0,5.0,0.0,2.0,0.0,0.0,8.0,0.0005083779999921489,none
episode,rule_based,train,access_vlan:SW2:eth1:20+access_vlan:SW2:eth2:10+trunk_remove:SW1:eth3:10+trunk_remove:SW1:eth3:20+trunk_remove:SW2:eth3:10,access_trunk_combined,high,1.0,1.0,1.0,5.0,0.0,2.0,0.0,1.0,8.0,0.0004833049999888317,none
episode,rule_based,train,access_vlan:SW2:eth1:20+access_vlan:SW2:eth2:10+trunk_remove:SW1:eth3:10+trunk_remove:SW1:eth3:20+trunk_remove:SW2:eth3:20,access_trunk_combined,high,1.0,1.0,1.0,5.0,0.0,2.0,0.0,1.0,8.0,0.0005232180000120934,none
episode,rule_based,train,access_vlan:SW2:eth1:20+access_vlan:SW2:eth2:10+trunk_remove:SW1:eth3:10+trunk_remove:SW2:eth3:10+trunk_remove:SW2:eth3:20,access_trunk_combined,high,1.0,1.0,1.0,5.0,0.0,2.0,0.0,1.0,8.0,0.0004814249999895992,none
episode,rule_based,train,access_vlan:SW2:eth1:20+access_vlan:SW2:eth2:10+trunk_remove:SW1:eth3:20+trunk_remove:SW2:eth3:10+trunk_remove:SW2:eth3:20,access_trunk_combined,high,1.0,1.0,1.0,5.0,0.0,2.0,0.0,1.0,8.0,0.00048693000000810116,none
episode,rule_based,train,access_vlan:SW2:eth2:10+trunk_remove:SW1:eth3:10+trunk_remove:SW1:eth3:20+trunk_remove:SW2:eth3:10+trunk_remove:SW2:eth3:20,access_trunk_combined,high,1.0,1.0,1.0,5.0,0.0,2.0,0.0,0.0,8.0,0.00046456200000477565,none
episode,rule_based,train,access_vlan:SW1:eth1:20+access_vlan:SW1:eth2:10+access_vlan:SW2:eth1:20+access_vlan:SW2:eth2:10+trunk_remove:SW1:eth3:10+trunk_remove:SW1:eth3:20,access_trunk_combined,high,1.0,1.0,0.0,2.0,0.0,2.0,0.0,0.0,5.0,0.0006319480000058775,configuration_mismatch_only
episode,rule_based,train,access_vlan:SW1:eth1:20+access_vlan:SW1:eth2:10+access_vlan:SW2:eth1:20+access_vlan:SW2:eth2:10+trunk_remove:SW1:eth3:10+trunk_remove:SW2:eth3:20,access_trunk_combined,high,1.0,1.0,0.0,2.0,0.0,2.0,0.0,0.0,5.0,0.0003040730000094527,configuration_mismatch_only
episode,rule_based,train,access_vlan:SW1:eth1:20+access_vlan:SW1:eth2:10+access_vlan:SW2:eth1:20+access_vlan:SW2:eth2:10+trunk_remove:SW1:eth3:20+trunk_remove:SW2:eth3:10,access_trunk_combined,high,1.0,1.0,0.0,2.0,0.0,2.0,0.0,0.0,5.0,0.0002982919999965361,configuration_mismatch_only
episode,rule_based,train,access_vlan:SW1:eth1:20+access_vlan:SW1:eth2:10+access_vlan:SW2:eth1:20+access_vlan:SW2:eth2:10+trunk_remove:SW1:eth3:20+trunk_remove:SW2:eth3:20,access_trunk_combined,high,1.0,1.0,0.0,2.0,0.0,2.0,0.0,0.0,5.0,0.0003785210000017969,configuration_mismatch_only
episode,rule_based,train,access_vlan:SW1:eth1:20+access_vlan:SW1:eth2:10+access_vlan:SW2:eth1:20+access_vlan:SW2:eth2:10+trunk_remove:SW2:eth3:10+trunk_remove:SW2:eth3:20,access_trunk_combined,high,1.0,1.0,0.0,2.0,0.0,2.0,0.0,0.0,5.0,0.0003192169999977068,configuration_mismatch_only
episode,rule_based,train,access_vlan:SW1:eth1:20+access_vlan:SW1:eth2:10+access_vlan:SW2:eth1:20+trunk_remove:SW1:eth3:10+trunk_remove:SW2:eth3:10+trunk_remove:SW2:eth3:20,access_trunk_combined,high,1.0,1.0,0.0,4.0,0.0,2.0,0.0,0.0,7.0,0.00048222899999927904,configuration_mismatch_only
episode,rule_based,train,access_vlan:SW1:eth1:20+access_vlan:SW1:eth2:10+access_vlan:SW2:eth1:20+trunk_remove:SW1:eth3:20+trunk_remove:SW2:eth3:10+trunk_remove:SW2:eth3:20,access_trunk_combined,high,1.0,1.0,0.0,4.0,0.0,2.0,0.0,0.0,7.0,0.0004364289999898574,configuration_mismatch_only
episode,rule_based,train,access_vlan:SW1:eth1:20+access_vlan:SW1:eth2:10+access_vlan:SW2:eth2:10+trunk_remove:SW1:eth3:10+trunk_remove:SW1:eth3:20+trunk_remove:SW2:eth3:10,access_trunk_combined,high,1.0,1.0,0.0,4.0,0.0,2.0,0.0,0.0,7.0,0.000437196000007134,configuration_mismatch_only
episode,rule_based,train,access_vlan:SW1:eth1:20+access_vlan:SW1:eth2:10+access_vlan:SW2:eth2:10+trunk_remove:SW1:eth3:10+trunk_remove:SW1:eth3:20+trunk_remove:SW2:eth3:20,access_trunk_combined,high,1.0,1.0,0.0,4.0,0.0,2.0,0.0,0.0,7.0,0.0004322839999986172,configuration_mismatch_only
episode,rule_based,train,access_vlan:SW1:eth1:20+access_vlan:SW1:eth2:10+access_vlan:SW2:eth2:10+trunk_remove:SW1:eth3:10+trunk_remove:SW2:eth3:10+trunk_remove:SW2:eth3:20,access_trunk_combined,high,1.0,1.0,0.0,4.0,0.0,2.0,0.0,0.0,7.0,0.00044146099999409216,configuration_mismatch_only
episode,rule_based,train,access_vlan:SW1:eth1:20+access_vlan:SW1:eth2:10+access_vlan:SW2:eth2:10+trunk_remove:SW1:eth3:20+trunk_remove:SW2:eth3:10+trunk_remove:SW2:eth3:20,access_trunk_combined,high,1.0,1.0,0.0,4.0,0.0,2.0,0.0,0.0,7.0,0.0004947480000083715,configuration_mismatch_only
episode,rule_based,train,access_vlan:SW1:eth1:20+access_vlan:SW1:eth2:10+trunk_remove:SW1:eth3:10+trunk_remove:SW1:eth3:20+trunk_remove:SW2:eth3:10+trunk_remove:SW2:eth3:20,access_trunk_combined,high,1.0,1.0,1.0,6.0,0.0,2.0,0.0,1.0,9.0,0.0005549639999884448,none
episode,rule_based,train,access_vlan:SW1:eth1:20+access_vlan:SW2:eth1:20+access_vlan:SW2:eth2:10+trunk_remove:SW1:eth3:10+trunk_remove:SW1:eth3:20+trunk_remove:SW2:eth3:10,access_trunk_combined,high,1.0,1.0,0.0,4.0,0.0,2.0,0.0,0.0,7.0,0.0004237499999959482,configuration_mismatch_only
episode,rule_based,train,access_vlan:SW1:eth1:20+access_vlan:SW2:eth1:20+access_vlan:SW2:eth2:10+trunk_remove:SW1:eth3:10+trunk_remove:SW1:eth3:20+trunk_remove:SW2:eth3:20,access_trunk_combined,high,1.0,1.0,0.0,4.0,0.0,2.0,0.0,0.0,7.0,0.00042459200000166675,configuration_mismatch_only
episode,rule_based,train,access_vlan:SW1:eth1:20+access_vlan:SW2:eth1:20+access_vlan:SW2:eth2:10+trunk_remove:SW1:eth3:10+trunk_remove:SW2:eth3:10+trunk_remove:SW2:eth3:20,access_trunk_combined,high,1.0,1.0,0.0,4.0,0.0,2.0,0.0,0.0,7.0,0.0004283700000087265,configuration_mismatch_only
episode,rule_based,train,access_vlan:SW1:eth1:20+access_vlan:SW2:eth1:20+trunk_remove:SW1:eth3:10+trunk_remove:SW1:eth3:20+trunk_remove:SW2:eth3:10+trunk_remove:SW2:eth3:20,access_trunk_combined,high,1.0,0.0,0.0,2.0,0.0,2.0,0.0,1.0,5.0,0.00028852200000528683,functional_and_configuration_failure
episode,rule_based,train,access_vlan:SW1:eth1:20+access_vlan:SW2:eth2:10+trunk_remove:SW1:eth3:10+trunk_remove:SW1:eth3:20+trunk_remove:SW2:eth3:10+trunk_remove:SW2:eth3:20,access_trunk_combined,high,1.0,1.0,1.0,6.0,0.0,2.0,0.0,0.0,9.0,0.0005442599999980757,none
episode,rule_based,train,access_vlan:SW1:eth2:10+access_vlan:SW2:eth1:20+access_vlan:SW2:eth2:10+trunk_remove:SW1:eth3:10+trunk_remove:SW1:eth3:20+trunk_remove:SW2:eth3:10,access_trunk_combined,high,1.0,1.0,0.0,4.0,0.0,2.0,0.0,0.0,7.0,0.0004585199999951328,configuration_mismatch_only
episode,rule_based,train,access_vlan:SW1:eth2:10+access_vlan:SW2:eth1:20+access_vlan:SW2:eth2:10+trunk_remove:SW1:eth3:10+trunk_remove:SW2:eth3:10+trunk_remove:SW2:eth3:20,access_trunk_combined,high,1.0,1.0,0.0,4.0,0.0,2.0,0.0,0.0,7.0,0.0004160470000016403,configuration_mismatch_only
episode,rule_based,train,access_vlan:SW1:eth2:10+access_vlan:SW2:eth1:20+trunk_remove:SW1:eth3:10+trunk_remove:SW1:eth3:20+trunk_remove:SW2:eth3:10+trunk_remove:SW2:eth3:20,access_trunk_combined,high,1.0,1.0,1.0,6.0,0.0,2.0,0.0,0.0,9.0,0.0005438950000069553,none
episode,rule_based,train,access_vlan:SW1:eth2:10+access_vlan:SW2:eth2:10+trunk_remove:SW1:eth3:10+trunk_remove:SW1:eth3:20+trunk_remove:SW2:eth3:10+trunk_remove:SW2:eth3:20,access_trunk_combined,high,1.0,0.0,0.0,2.0,0.0,2.0,0.0,1.0,5.0,0.0002856509999986656,functional_and_configuration_failure
episode,rule_based,train,access_vlan:SW1:eth1:20+access_vlan:SW1:eth2:10+access_vlan:SW2:eth1:20+access_vlan:SW2:eth2:10+trunk_remove:SW1:eth3:10+trunk_remove:SW1:eth3:20+trunk_remove:SW2:eth3:10,access_trunk_combined,high,1.0,1.0,0.0,3.0,0.0,2.0,0.0,0.0,6.0,0.00034706800001060856,configuration_mismatch_only
episode,rule_based,train,access_vlan:SW1:eth1:20+access_vlan:SW1:eth2:10+access_vlan:SW2:eth1:20+access_vlan:SW2:eth2:10+trunk_remove:SW1:eth3:20+trunk_remove:SW2:eth3:10+trunk_remove:SW2:eth3:20,access_trunk_combined,high,1.0,1.0,0.0,3.0,0.0,2.0,0.0,0.0,6.0,0.00035652600000446455,configuration_mismatch_only
episode,rule_based,train,access_vlan:SW1:eth1:20+access_vlan:SW1:eth2:10+access_vlan:SW2:eth1:20+trunk_remove:SW1:eth3:10+trunk_remove:SW1:eth3:20+trunk_remove:SW2:eth3:10+trunk_remove:SW2:eth3:20,access_trunk_combined,high,1.0,1.0,0.0,5.0,0.0,2.0,0.0,0.0,8.0,0.00047457200000167177,configuration_mismatch_only
episode,rule_based,train,access_vlan:SW1:eth1:20+access_vlan:SW1:eth2:10+access_vlan:SW2:eth2:10+trunk_remove:SW1:eth3:10+trunk_remove:SW1:eth3:20+trunk_remove:SW2:eth3:10+trunk_remove:SW2:eth3:20,access_trunk_combined,high,1.0,1.0,0.0,5.0,0.0,2.0,0.0,0.0,8.0,0.00047547200000508383,configuration_mismatch_only
episode,rule_based,train,access_vlan:SW1:eth2:10+access_vlan:SW2:eth1:20+access_vlan:SW2:eth2:10+trunk_remove:SW1:eth3:10+trunk_remove:SW1:eth3:20+trunk_remove:SW2:eth3:10+trunk_remove:SW2:eth3:20,access_trunk_combined,high,1.0,1.0,0.0,5.0,0.0,2.0,0.0,0.0,8.0,0.0004917589999990923,configuration_mismatch_only
episode,rule_based,train,access_vlan:SW1:eth1:20+access_vlan:SW1:eth2:10+access_vlan:SW2:eth1:20+access_vlan:SW2:eth2:10+trunk_remove:SW1:eth3:10+trunk_remove:SW1:eth3:20+trunk_remove:SW2:eth3:10+trunk_remove:SW2:eth3:20,access_trunk_combined,high,1.0,1.0,0.0,4.0,0.0,2.0,0.0,0.0,7.0,0.0004124299999972436,configuration_mismatch_only
episode,rule_based,eval,access_vlan:SW1:eth1:20+access_vlan:SW2:eth1:20,multi_access,medium,1.0,0.0,0.0,0.0,0.0,2.0,0.0,0.0,3.0,0.0001697540000122899,functional_and_configuration_failure
episode,rule_based,eval,access_vlan:SW1:eth2:10+access_vlan:SW2:eth1:20,multi_access,medium,1.0,1.0,1.0,2.0,0.0,2.0,0.0,1.0,5.0,0.0003063759999974991,none
episode,rule_based,eval,trunk_remove:SW1:eth3:10+trunk_remove:SW2:eth3:20,multi_trunk,medium,1.0,1.0,1.0,2.0,0.0,2.0,0.0,0.0,5.0,0.0002948980000070378,none
episode,rule_based,eval,access_vlan:SW1:eth1:20+access_vlan:SW1:eth2:10+trunk_remove:SW1:eth3:20,access_trunk_combined,medium,1.0,1.0,1.0,3.0,0.0,2.0,0.0,1.0,6.0,0.000377840999988166,none
episode,rule_based,eval,access_vlan:SW1:eth2:10+trunk_remove:SW1:eth3:10+trunk_remove:SW1:eth3:20,access_trunk_combined,medium,1.0,1.0,1.0,3.0,0.0,2.0,0.0,0.0,6.0,0.000543836999995051,none
episode,rule_based,eval,access_vlan:SW1:eth2:10+trunk_remove:SW1:eth3:10+trunk_remove:SW2:eth3:10,access_trunk_combined,medium,1.0,1.0,1.0,3.0,0.0,2.0,0.0,0.0,6.0,0.000989392000008138,none
episode,rule_based,eval,access_vlan:SW1:eth2:10+trunk_remove:SW1:eth3:10+trunk_remove:SW2:eth3:20,access_trunk_combined,medium,1.0,1.0,1.0,3.0,0.0,2.0,0.0,0.0,6.0,0.0006040089999999054,none
episode,rule_based,eval,access_vlan:SW2:eth1:20+access_vlan:SW2:eth2:10+trunk_remove:SW2:eth3:10,access_trunk_combined,medium,1.0,1.0,1.0,3.0,0.0,2.0,0.0,1.0,6.0,0.0003873149999975567,none
episode,rule_based,eval,access_vlan:SW2:eth1:20+trunk_remove:SW1:eth3:10+trunk_remove:SW2:eth3:10,access_trunk_combined,medium,1.0,1.0,1.0,3.0,0.0,2.0,0.0,0.0,6.0,0.0003874079999945934,none
episode,rule_based,eval,access_vlan:SW2:eth2:10+trunk_remove:SW1:eth3:20+trunk_remove:SW2:eth3:10,access_trunk_combined,medium,1.0,1.0,1.0,3.0,0.0,2.0,0.0,0.0,6.0,0.000366779000003703,none
episode,rule_based,eval,access_vlan:SW1:eth1:20+access_vlan:SW1:eth2:10+access_vlan:SW2:eth2:10+trunk_remove:SW2:eth3:10,access_trunk_combined,high,1.0,1.0,0.0,2.0,0.0,2.0,0.0,0.0,5.0,0.0003094629999935705,configuration_mismatch_only
episode,rule_based,eval,access_vlan:SW1:eth1:20+access_vlan:SW1:eth2:10+trunk_remove:SW1:eth3:10+trunk_remove:SW1:eth3:20,access_trunk_combined,high,1.0,1.0,1.0,4.0,0.0,2.0,0.0,1.0,7.0,0.00047322300000018913,none
episode,rule_based,eval,access_vlan:SW1:eth1:20+access_vlan:SW1:eth2:10+trunk_remove:SW1:eth3:10+trunk_remove:SW2:eth3:20,access_trunk_combined,high,1.0,1.0,1.0,4.0,0.0,2.0,0.0,1.0,7.0,0.00042774599999972907,none
episode,rule_based,eval,access_vlan:SW1:eth1:20+access_vlan:SW2:eth1:20+trunk_remove:SW1:eth3:10+trunk_remove:SW2:eth3:10,access_trunk_combined,high,1.0,0.0,0.0,0.0,0.0,2.0,0.0,0.0,3.0,0.0001742190000015853,functional_and_configuration_failure
episode,rule_based,eval,access_vlan:SW1:eth1:20+access_vlan:SW2:eth1:20+trunk_remove:SW1:eth3:20+trunk_remove:SW2:eth3:10,access_trunk_combined,high,1.0,0.0,0.0,1.0,0.0,2.0,0.0,1.0,4.0,0.00023363700000800236,functional_and_configuration_failure
episode,rule_based,eval,access_vlan:SW1:eth1:20+access_vlan:SW2:eth1:20+trunk_remove:SW2:eth3:10+trunk_remove:SW2:eth3:20,access_trunk_combined,high,1.0,0.0,0.0,1.0,0.0,2.0,0.0,1.0,4.0,0.00024490200000570894,functional_and_configuration_failure
episode,rule_based,eval,access_vlan:SW1:eth2:10+access_vlan:SW2:eth1:20+access_vlan:SW2:eth2:10+trunk_remove:SW2:eth3:10,access_trunk_combined,high,1.0,1.0,0.0,2.0,0.0,2.0,0.0,0.0,5.0,0.0003011600000064618,configuration_mismatch_only
episode,rule_based,eval,access_vlan:SW1:eth2:10+access_vlan:SW2:eth1:20+trunk_remove:SW1:eth3:10+trunk_remove:SW2:eth3:20,access_trunk_combined,high,1.0,1.0,1.0,4.0,0.0,2.0,0.0,0.0,7.0,0.0004502799999954732,none
episode,rule_based,eval,access_vlan:SW1:eth2:10+access_vlan:SW2:eth1:20+trunk_remove:SW1:eth3:20+trunk_remove:SW2:eth3:10,access_trunk_combined,high,1.0,1.0,1.0,4.0,0.0,2.0,0.0,0.0,7.0,0.00043612100000700593,none
episode,rule_based,eval,access_vlan:SW1:eth2:10+access_vlan:SW2:eth1:20+trunk_remove:SW2:eth3:10+trunk_remove:SW2:eth3:20,access_trunk_combined,high,1.0,1.0,1.0,4.0,0.0,2.0,0.0,0.0,7.0,0.0005207609999899887,none
episode,rule_based,eval,access_vlan:SW1:eth2:10+access_vlan:SW2:eth2:10+trunk_remove:SW1:eth3:10+trunk_remove:SW2:eth3:20,access_trunk_combined,high,1.0,0.0,0.0,1.0,0.0,2.0,0.0,1.0,4.0,0.00024784100000374565,functional_and_configuration_failure
episode,rule_based,eval,access_vlan:SW1:eth2:10+access_vlan:SW2:eth2:10+trunk_remove:SW1:eth3:20+trunk_remove:SW2:eth3:10,access_trunk_combined,high,1.0,0.0,0.0,1.0,0.0,2.0,0.0,1.0,4.0,0.00023931500000173855,functional_and_configuration_failure
episode,rule_based,eval,access_vlan:SW2:eth1:20+access_vlan:SW2:eth2:10+trunk_remove:SW1:eth3:20+trunk_remove:SW2:eth3:20,access_trunk_combined,high,1.0,1.0,1.0,4.0,0.0,2.0,0.0,1.0,7.0,0.00043763099999694077,none
episode,rule_based,eval,access_vlan:SW2:eth2:10+trunk_remove:SW1:eth3:10+trunk_remove:SW1:eth3:20+trunk_remove:SW2:eth3:10,access_trunk_combined,high,1.0,1.0,1.0,4.0,0.0,2.0,0.0,0.0,7.0,0.0004260430000044835,none
episode,rule_based,eval,access_vlan:SW2:eth2:10+trunk_remove:SW1:eth3:10+trunk_remove:SW1:eth3:20+trunk_remove:SW2:eth3:20,access_trunk_combined,high,1.0,1.0,1.0,4.0,0.0,2.0,0.0,0.0,7.0,0.0004188959999993358,none
episode,rule_based,eval,access_vlan:SW1:eth1:20+access_vlan:SW1:eth2:10+access_vlan:SW2:eth1:20+trunk_remove:SW1:eth3:10+trunk_remove:SW1:eth3:20,access_trunk_combined,high,1.0,1.0,0.0,3.0,0.0,2.0,0.0,0.0,6.0,0.0003595769999975573,configuration_mismatch_only
episode,rule_based,eval,access_vlan:SW1:eth1:20+access_vlan:SW1:eth2:10+access_vlan:SW2:eth1:20+trunk_remove:SW1:eth3:10+trunk_remove:SW2:eth3:10,access_trunk_combined,high,1.0,1.0,0.0,3.0,0.0,2.0,0.0,0.0,6.0,0.00037207000001160395,configuration_mismatch_only
episode,rule_based,eval,access_vlan:SW1:eth1:20+access_vlan:SW1:eth2:10+access_vlan:SW2:eth1:20+trunk_remove:SW2:eth3:10+trunk_remove:SW2:eth3:20,access_trunk_combined,high,1.0,1.0,0.0,3.0,0.0,2.0,0.0,0.0,6.0,0.0003664159999914318,configuration_mismatch_only
episode,rule_based,eval,access_vlan:SW1:eth1:20+access_vlan:SW1:eth2:10+access_vlan:SW2:eth2:10+trunk_remove:SW1:eth3:10+trunk_remove:SW2:eth3:20,access_trunk_combined,high,1.0,1.0,0.0,3.0,0.0,2.0,0.0,0.0,6.0,0.00041801300000088304,configuration_mismatch_only
episode,rule_based,eval,access_vlan:SW1:eth1:20+access_vlan:SW1:eth2:10+access_vlan:SW2:eth2:10+trunk_remove:SW2:eth3:10+trunk_remove:SW2:eth3:20,access_trunk_combined,high,1.0,1.0,0.0,3.0,0.0,2.0,0.0,0.0,6.0,0.00036218900000051235,configuration_mismatch_only
episode,rule_based,eval,access_vlan:SW1:eth1:20+access_vlan:SW2:eth1:20+access_vlan:SW2:eth2:10+trunk_remove:SW1:eth3:10+trunk_remove:SW1:eth3:20,access_trunk_combined,high,1.0,1.0,0.0,3.0,0.0,2.0,0.0,0.0,6.0,0.0003562779999981558,configuration_mismatch_only
episode,rule_based,eval,access_vlan:SW1:eth1:20+access_vlan:SW2:eth1:20+access_vlan:SW2:eth2:10+trunk_remove:SW1:eth3:10+trunk_remove:SW2:eth3:10,access_trunk_combined,high,1.0,1.0,0.0,3.0,0.0,2.0,0.0,0.0,6.0,0.0003717059999956973,configuration_mismatch_only
episode,rule_based,eval,access_vlan:SW1:eth1:20+access_vlan:SW2:eth1:20+access_vlan:SW2:eth2:10+trunk_remove:SW1:eth3:10+trunk_remove:SW2:eth3:20,access_trunk_combined,high,1.0,1.0,0.0,3.0,0.0,2.0,0.0,0.0,6.0,0.0003560300000060579,configuration_mismatch_only
episode,rule_based,eval,access_vlan:SW1:eth1:20+access_vlan:SW2:eth1:20+access_vlan:SW2:eth2:10+trunk_remove:SW1:eth3:20+trunk_remove:SW2:eth3:20,access_trunk_combined,high,1.0,1.0,0.0,3.0,0.0,2.0,0.0,0.0,6.0,0.0003590569999971649,configuration_mismatch_only
episode,rule_based,eval,access_vlan:SW1:eth1:20+access_vlan:SW2:eth1:20+access_vlan:SW2:eth2:10+trunk_remove:SW2:eth3:10+trunk_remove:SW2:eth3:20,access_trunk_combined,high,1.0,1.0,0.0,3.0,0.0,2.0,0.0,0.0,6.0,0.00036082100000101036,configuration_mismatch_only
episode,rule_based,eval,access_vlan:SW1:eth1:20+access_vlan:SW2:eth1:20+trunk_remove:SW1:eth3:10+trunk_remove:SW1:eth3:20+trunk_remove:SW2:eth3:20,access_trunk_combined,high,1.0,0.0,0.0,2.0,0.0,2.0,0.0,1.0,5.0,0.0002909960000039291,functional_and_configuration_failure
episode,rule_based,eval,access_vlan:SW1:eth1:20+access_vlan:SW2:eth1:20+trunk_remove:SW1:eth3:10+trunk_remove:SW2:eth3:10+trunk_remove:SW2:eth3:20,access_trunk_combined,high,1.0,0.0,0.0,1.0,0.0,2.0,0.0,1.0,4.0,0.00023272199999269105,functional_and_configuration_failure
episode,rule_based,eval,access_vlan:SW1:eth1:20+access_vlan:SW2:eth2:10+trunk_remove:SW1:eth3:10+trunk_remove:SW1:eth3:20+trunk_remove:SW2:eth3:20,access_trunk_combined,high,1.0,1.0,1.0,5.0,0.0,2.0,0.0,0.0,8.0,0.0009594140000075413,none
episode,rule_based,eval,access_vlan:SW1:eth2:10+access_vlan:SW2:eth1:20+access_vlan:SW2:eth2:10+trunk_remove:SW1:eth3:20+trunk_remove:SW2:eth3:10,access_trunk_combined,high,1.0,1.0,0.0,3.0,0.0,2.0,0.0,0.0,6.0,0.00038339900000039506,configuration_mismatch_only
episode,rule_based,eval,access_vlan:SW1:eth2:10+access_vlan:SW2:eth1:20+access_vlan:SW2:eth2:10+trunk_remove:SW1:eth3:20+trunk_remove:SW2:eth3:20,access_trunk_combined,high,1.0,1.0,0.0,3.0,0.0,2.0,0.0,0.0,6.0,0.0004554780000063374,configuration_mismatch_only
episode,rule_based,eval,access_vlan:SW1:eth2:10+access_vlan:SW2:eth1:20+access_vlan:SW2:eth2:10+trunk_remove:SW2:eth3:10+trunk_remove:SW2:eth3:20,access_trunk_combined,high,1.0,1.0,0.0,3.0,0.0,2.0,0.0,0.0,6.0,0.0005163750000036771,configuration_mismatch_only
episode,rule_based,eval,access_vlan:SW1:eth2:10+access_vlan:SW2:eth2:10+trunk_remove:SW1:eth3:10+trunk_remove:SW1:eth3:20+trunk_remove:SW2:eth3:20,access_trunk_combined,high,1.0,0.0,0.0,1.0,0.0,2.0,0.0,1.0,4.0,0.0002582919999980504,functional_and_configuration_failure
episode,rule_based,eval,access_vlan:SW2:eth1:20+trunk_remove:SW1:eth3:10+trunk_remove:SW1:eth3:20+trunk_remove:SW2:eth3:10+trunk_remove:SW2:eth3:20,access_trunk_combined,high,1.0,1.0,1.0,5.0,0.0,2.0,0.0,0.0,8.0,0.0005080810000066549,none
episode,rule_based,eval,access_vlan:SW1:eth1:20+access_vlan:SW1:eth2:10+access_vlan:SW2:eth1:20+access_vlan:SW2:eth2:10+trunk_remove:SW1:eth3:10+trunk_remove:SW2:eth3:10,access_trunk_combined,high,1.0,1.0,0.0,2.0,0.0,2.0,0.0,0.0,5.0,0.00031810699999823555,configuration_mismatch_only
episode,rule_based,eval,access_vlan:SW1:eth1:20+access_vlan:SW1:eth2:10+access_vlan:SW2:eth1:20+trunk_remove:SW1:eth3:10+trunk_remove:SW1:eth3:20+trunk_remove:SW2:eth3:10,access_trunk_combined,high,1.0,1.0,0.0,4.0,0.0,2.0,0.0,0.0,7.0,0.0004230729999932237,configuration_mismatch_only
episode,rule_based,eval,access_vlan:SW1:eth1:20+access_vlan:SW1:eth2:10+access_vlan:SW2:eth1:20+trunk_remove:SW1:eth3:10+trunk_remove:SW1:eth3:20+trunk_remove:SW2:eth3:20,access_trunk_combined,high,1.0,1.0,0.0,4.0,0.0,2.0,0.0,0.0,7.0,0.00042181899999604866,configuration_mismatch_only
episode,rule_based,eval,access_vlan:SW1:eth1:20+access_vlan:SW2:eth1:20+access_vlan:SW2:eth2:10+trunk_remove:SW1:eth3:20+trunk_remove:SW2:eth3:10+trunk_remove:SW2:eth3:20,access_trunk_combined,high,1.0,1.0,0.0,4.0,0.0,2.0,0.0,0.0,7.0,0.00042533399999911126,configuration_mismatch_only
episode,rule_based,eval,access_vlan:SW1:eth2:10+access_vlan:SW2:eth1:20+access_vlan:SW2:eth2:10+trunk_remove:SW1:eth3:10+trunk_remove:SW1:eth3:20+trunk_remove:SW2:eth3:20,access_trunk_combined,high,1.0,1.0,0.0,4.0,0.0,2.0,0.0,0.0,7.0,0.00041340399999967303,configuration_mismatch_only
episode,rule_based,eval,access_vlan:SW1:eth2:10+access_vlan:SW2:eth1:20+access_vlan:SW2:eth2:10+trunk_remove:SW1:eth3:20+trunk_remove:SW2:eth3:10+trunk_remove:SW2:eth3:20,access_trunk_combined,high,1.0,1.0,0.0,4.0,0.0,2.0,0.0,0.0,7.0,0.00044180400000470854,configuration_mismatch_only
episode,rule_based,eval,access_vlan:SW2:eth1:20+access_vlan:SW2:eth2:10+trunk_remove:SW1:eth3:10+trunk_remove:SW1:eth3:20+trunk_remove:SW2:eth3:10+trunk_remove:SW2:eth3:20,access_trunk_combined,high,1.0,1.0,1.0,6.0,0.0,2.0,0.0,1.0,9.0,0.0005414109999861694,none
episode,rule_based,eval,access_vlan:SW1:eth1:20+access_vlan:SW1:eth2:10+access_vlan:SW2:eth1:20+access_vlan:SW2:eth2:10+trunk_remove:SW1:eth3:10+trunk_remove:SW1:eth3:20+trunk_remove:SW2:eth3:20,access_trunk_combined,high,1.0,1.0,0.0,3.0,0.0,2.0,0.0,0.0,6.0,0.0003556080000066686,configuration_mismatch_only
episode,rule_based,eval,access_vlan:SW1:eth1:20+access_vlan:SW1:eth2:10+access_vlan:SW2:eth1:20+access_vlan:SW2:eth2:10+trunk_remove:SW1:eth3:10+trunk_remove:SW2:eth3:10+trunk_remove:SW2:eth3:20,access_trunk_combined,high,1.0,1.0,0.0,3.0,0.0,2.0,0.0,0.0,6.0,0.000354834999996001,configuration_mismatch_only
episode,rule_based,eval,access_vlan:SW1:eth1:20+access_vlan:SW2:eth1:20+access_vlan:SW2:eth2:10+trunk_remove:SW1:eth3:10+trunk_remove:SW1:eth3:20+trunk_remove:SW2:eth3:10+trunk_remove:SW2:eth3:20,access_trunk_combined,high,1.0,1.0,0.0,5.0,0.0,2.0,0.0,0.0,8.0,0.0004745959999894467,configuration_mismatch_only
episode,configuration_diff,train,access_vlan:SW1:eth1:20,single_access,low,1.0,1.0,1.0,1.0,0.0,0.0,0.0,0.0,2.0,0.00014356100000156857,none
episode,configuration_diff,train,access_vlan:SW1:eth2:10,single_access,low,1.0,1.0,1.0,1.0,0.0,0.0,0.0,0.0,2.0,0.00013380500000437223,none
episode,configuration_diff,train,access_vlan:SW2:eth1:20,single_access,low,1.0,1.0,1.0,1.0,0.0,0.0,0.0,0.0,2.0,0.0001303840000019818,none
episode,configuration_diff,train,access_vlan:SW2:eth2:10,single_access,low,1.0,1.0,1.0,1.0,0.0,0.0,0.0,0.0,2.0,0.00013311699999007942,none
episode,configuration_diff,train,trunk_remove:SW1:eth3:10,single_trunk,low,1.0,1.0,1.0,1.0,0.0,0.0,0.0,0.0,2.0,0.0001352550000035535,none
episode,configuration_diff,train,trunk_remove:SW1:eth3:20,single_trunk,low,1.0,1.0,1.0,1.0,0.0,0.0,0.0,0.0,2.0,0.0001314350000001241,none
episode,configuration_diff,train,trunk_remove:SW2:eth3:10,single_trunk,low,1.0,1.0,1.0,1.0,0.0,0.0,0.0,0.0,2.0,0.0001269589999992604,none
episode,configuration_diff,train,trunk_remove:SW2:eth3:20,single_trunk,low,1.0,1.0,1.0,1.0,0.0,0.0,0.0,0.0,2.0,0.00013245299999198323,none
episode,configuration_diff,train,access_vlan:SW1:eth1:20+access_vlan:SW1:eth2:10,multi_access,medium,1.0,1.0,1.0,2.0,0.0,0.0,0.0,1.0,3.0,0.0001877260000071601,none
episode,configuration_diff,train,access_vlan:SW1:eth1:20+access_vlan:SW2:eth2:10,multi_access,medium,1.0,1.0,1.0,2.0,0.0,0.0,0.0,1.0,3.0,0.00018389500000637327,none
episode,configuration_diff,train,access_vlan:SW1:eth1:20+trunk_remove:SW1:eth3:10,access_trunk_combined,medium,1.0,1.0,1.0,2.0,0.0,0.0,0.0,0.0,3.0,0.00019757699999445322,none
episode,configuration_diff,train,access_vlan:SW1:eth1:20+trunk_remove:SW1:eth3:20,access_trunk_combined,medium,1.0,1.0,1.0,2.0,0.0,0.0,0.0,0.0,3.0,0.0001922050000047193,none
episode,configuration_diff,train,access_vlan:SW1:eth1:20+trunk_remove:SW2:eth3:10,access_trunk_combined,medium,1.0,1.0,1.0,2.0,0.0,0.0,0.0,0.0,3.0,0.00019399299999633968,none
episode,configuration_diff,train,access_vlan:SW1:eth1:20+trunk_remove:SW2:eth3:20,access_trunk_combined,medium,1.0,1.0,1.0,2.0,0.0,0.0,0.0,0.0,3.0,0.0001961450000038667,none
episode,configuration_diff,train,access_vlan:SW1:eth2:10+access_vlan:SW2:eth2:10,multi_access,medium,1.0,1.0,1.0,2.0,0.0,0.0,0.0,1.0,3.0,0.00019559100000776652,none
episode,configuration_diff,train,access_vlan:SW1:eth2:10+trunk_remove:SW1:eth3:10,access_trunk_combined,medium,1.0,1.0,1.0,2.0,0.0,0.0,0.0,0.0,3.0,0.00019395799999699648,none
episode,configuration_diff,train,access_vlan:SW1:eth2:10+trunk_remove:SW1:eth3:20,access_trunk_combined,medium,1.0,1.0,1.0,2.0,0.0,0.0,0.0,0.0,3.0,0.00019764699999313962,none
episode,configuration_diff,train,access_vlan:SW1:eth2:10+trunk_remove:SW2:eth3:10,access_trunk_combined,medium,1.0,1.0,1.0,2.0,0.0,0.0,0.0,0.0,3.0,0.00019234900000242305,none
episode,configuration_diff,train,access_vlan:SW1:eth2:10+trunk_remove:SW2:eth3:20,access_trunk_combined,medium,1.0,1.0,1.0,2.0,0.0,0.0,0.0,0.0,3.0,0.00018870899999967605,none
episode,configuration_diff,train,access_vlan:SW2:eth1:20+access_vlan:SW2:eth2:10,multi_access,medium,1.0,1.0,1.0,2.0,0.0,0.0,0.0,1.0,3.0,0.00019027900000878617,none
episode,configuration_diff,train,access_vlan:SW2:eth1:20+trunk_remove:SW1:eth3:10,access_trunk_combined,medium,1.0,1.0,1.0,2.0,0.0,0.0,0.0,0.0,3.0,0.0001862280000040073,none
episode,configuration_diff,train,access_vlan:SW2:eth1:20+trunk_remove:SW1:eth3:20,access_trunk_combined,medium,1.0,1.0,1.0,2.0,0.0,0.0,0.0,1.0,3.0,0.00019274199999586017,none
episode,configuration_diff,train,access_vlan:SW2:eth1:20+trunk_remove:SW2:eth3:10,access_trunk_combined,medium,1.0,1.0,1.0,2.0,0.0,0.0,0.0,0.0,3.0,0.00019363600000588121,none
episode,configuration_diff,train,access_vlan:SW2:eth1:20+trunk_remove:SW2:eth3:20,access_trunk_combined,medium,1.0,1.0,1.0,2.0,0.0,0.0,0.0,0.0,3.0,0.00019799700000078246,none
episode,configuration_diff,train,access_vlan:SW2:eth2:10+trunk_remove:SW1:eth3:10,access_trunk_combined,medium,1.0,1.0,1.0,2.0,0.0,0.0,0.0,1.0,3.0,0.00019028600000581264,none
episode,configuration_diff,train,access_vlan:SW2:eth2:10+trunk_remove:SW1:eth3:20,access_trunk_combined,medium,1.0,1.0,1.0,2.0,0.0,0.0,0.0,0.0,3.0,0.0001947070000056783,none
episode,configuration_diff,train,access_vlan:SW2:eth2:10+trunk_remove:SW2:eth3:10,access_trunk_combined,medium,1.0,1.0,1.0,2.0,0.0,0.0,0.0,0.0,3.0,0.0012386769999892522,none
episode,configuration_diff,train,access_vlan:SW2:eth2:10+trunk_remove:SW2:eth3:20,access_trunk_combined,medium,1.0,1.0,1.0,2.0,0.0,0.0,0.0,0.0,3.0,0.0005676429999965649,none
episode,configuration_diff,train,trunk_remove:SW1:eth3:10+trunk_remove:SW1:eth3:20,multi_trunk,medium,1.0,1.0,1.0,2.0,0.0,0.0,0.0,0.0,3.0,0.00043909599999381044,none
episode,configuration_diff,train,trunk_remove:SW1:eth3:10+trunk_remove:SW2:eth3:10,multi_trunk,medium,1.0,1.0,1.0,2.0,0.0,0.0,0.0,0.0,3.0,0.00022082300000647592,none
episode,configuration_diff,train,trunk_remove:SW1:eth3:20+trunk_remove:SW2:eth3:10,multi_trunk,medium,1.0,1.0,1.0,2.0,0.0,0.0,0.0,0.0,3.0,0.00020769299999301438,none
episode,configuration_diff,train,trunk_remove:SW1:eth3:20+trunk_remove:SW2:eth3:20,multi_trunk,medium,1.0,1.0,1.0,2.0,0.0,0.0,0.0,0.0,3.0,0.0001972719999940864,none
episode,configuration_diff,train,trunk_remove:SW2:eth3:10+trunk_remove:SW2:eth3:20,multi_trunk,medium,1.0,1.0,1.0,2.0,0.0,0.0,0.0,0.0,3.0,0.00019856800000184194,none
episode,configuration_diff,train,access_vlan:SW1:eth1:20+access_vlan:SW1:eth2:10+access_vlan:SW2:eth1:20,multi_access,medium,1.0,1.0,1.0,3.0,0.0,0.0,0.0,2.0,4.0,0.0002521329999893851,none
episode,configuration_diff,train,access_vlan:SW1:eth1:20+access_vlan:SW1:eth2:10+access_vlan:SW2:eth2:10,multi_access,medium,1.0,1.0,1.0,3.0,0.0,0.0,0.0,2.0,4.0,0.00025211200001251655,none
episode,configuration_diff,train,access_vlan:SW1:eth1:20+access_vlan:SW1:eth2:10+trunk_remove:SW1:eth3:10,access_trunk_combined,medium,1.0,1.0,1.0,3.0,0.0,0.0,0.0,1.0,4.0,0.00024991399999407804,none
episode,configuration_diff,train,access_vlan:SW1:eth1:20+access_vlan:SW1:eth2:10+trunk_remove:SW2:eth3:10,access_trunk_combined,medium,1.0,1.0,1.0,3.0,0.0,0.0,0.0,1.0,4.0,0.0002574729999906822,none
episode,configuration_diff,train,access_vlan:SW1:eth1:20+access_vlan:SW1:eth2:10+trunk_remove:SW2:eth3:20,access_trunk_combined,medium,1.0,1.0,1.0,3.0,0.0,0.0,0.0,1.0,4.0,0.0002475729999957821,none
episode,configuration_diff,train,access_vlan:SW1:eth1:20+access_vlan:SW2:eth1:20+access_vlan:SW2:eth2:10,multi_access,medium,1.0,1.0,1.0,3.0,0.0,0.0,0.0,2.0,4.0,0.0002486250000117707,none
episode,configuration_diff,train,access_vlan:SW1:eth1:20+access_vlan:SW2:eth1:20+trunk_remove:SW1:eth3:10,access_trunk_combined,medium,1.0,1.0,1.0,3.0,0.0,0.0,0.0,1.0,4.0,0.00025335600000175873,none
episode,configuration_diff,train,access_vlan:SW1:eth1:20+access_vlan:SW2:eth1:20+trunk_remove:SW1:eth3:20,access_trunk_combined,medium,1.0,1.0,1.0,3.0,0.0,0.0,0.0,1.0,4.0,0.0002477849999991122,none
episode,configuration_diff,train,access_vlan:SW1:eth1:20+access_vlan:SW2:eth1:20+trunk_remove:SW2:eth3:10,access_trunk_combined,medium,1.0,1.0,1.0,3.0,0.0,0.0,0.0,1.0,4.0,0.0002611529999967388,none
episode,configuration_diff,train,access_vlan:SW1:eth1:20+access_vlan:SW2:eth1:20+trunk_remove:SW2:eth3:20,access_trunk_combined,medium,1.0,1.0,1.0,3.0,0.0,0.0,0.0,0.0,4.0,0.0002490990000012516,none
episode,configuration_diff,train,access_vlan:SW1:eth1:20+access_vlan:SW2:eth2:10+trunk_remove:SW1:eth3:10,access_trunk_combined,medium,1.0,1.0,1.0,3.0,0.0,0.0,0.0,1.0,4.0,0.0002545060000045396,none
episode,configuration_diff,train,access_vlan:SW1:eth1:20+access_vlan:SW2:eth2:10+trunk_remove:SW1:eth3:20,access_trunk_combined,medium,1.0,1.0,1.0,3.0,0.0,0.0,0.0,1.0,4.0,0.0002484970000011799,none
episode,configuration_diff,train,access_vlan:SW1:eth1:20+access_vlan:SW2:eth2:10+trunk_remove:SW2:eth3:10,access_trunk_combined,medium,1.0,1.0,1.0,3.0,0.0,0.0,0.0,0.0,4.0,0.00025433099999361275,none
episode,configuration_diff,train,access_vlan:SW1:eth1:20+access_vlan:SW2:eth2:10+trunk_remove:SW2:eth3:20,access_trunk_combined,medium,1.0,1.0,1.0,3.0,0.0,0.0,0.0,1.0,4.0,0.00025165199998866683,none
episode,configuration_diff,train,access_vlan:SW1:eth1:20+trunk_remove:SW1:eth3:10+trunk_remove:SW1:eth3:20,access_trunk_combined,medium,1.0,1.0,1.0,3.0,0.0,0.0,0.0,0.0,4.0,0.000245369999987588,none
episode,configuration_diff,train,access_vlan:SW1:eth1:20+trunk_remove:SW1:eth3:10+trunk_remove:SW2:eth3:10,access_trunk_combined,medium,1.0,1.0,1.0,3.0,0.0,0.0,0.0,0.0,4.0,0.0002464840000016011,none
episode,configuration_diff,train,access_vlan:SW1:eth1:20+trunk_remove:SW1:eth3:10+trunk_remove:SW2:eth3:20,access_trunk_combined,medium,1.0,1.0,1.0,3.0,0.0,0.0,0.0,0.0,4.0,0.00025476099999366397,none
episode,configuration_diff,train,access_vlan:SW1:eth1:20+trunk_remove:SW1:eth3:20+trunk_remove:SW2:eth3:10,access_trunk_combined,medium,1.0,1.0,1.0,3.0,0.0,0.0,0.0,0.0,4.0,0.0002518729999962943,none
episode,configuration_diff,train,access_vlan:SW1:eth1:20+trunk_remove:SW1:eth3:20+trunk_remove:SW2:eth3:20,access_trunk_combined,medium,1.0,1.0,1.0,3.0,0.0,0.0,0.0,0.0,4.0,0.0002455850000018245,none
episode,configuration_diff,train,access_vlan:SW1:eth1:20+trunk_remove:SW2:eth3:10+trunk_remove:SW2:eth3:20,access_trunk_combined,medium,1.0,1.0,1.0,3.0,0.0,0.0,0.0,0.0,4.0,0.00025304400000436544,none
episode,configuration_diff,train,access_vlan:SW1:eth2:10+access_vlan:SW2:eth1:20+access_vlan:SW2:eth2:10,multi_access,medium,1.0,1.0,1.0,3.0,0.0,0.0,0.0,2.0,4.0,0.0002565430000061042,none
episode,configuration_diff,train,access_vlan:SW1:eth2:10+access_vlan:SW2:eth1:20+trunk_remove:SW1:eth3:10,access_trunk_combined,medium,1.0,1.0,1.0,3.0,0.0,0.0,0.0,1.0,4.0,0.0002762550000028341,none
episode,configuration_diff,train,access_vlan:SW1:eth2:10+access_vlan:SW2:eth1:20+trunk_remove:SW1:eth3:20,access_trunk_combined,medium,1.0,1.0,1.0,3.0,0.0,0.0,0.0,1.0,4.0,0.0002510030000024699,none
episode,configuration_diff,train,access_vlan:SW1:eth2:10+access_vlan:SW2:eth1:20+trunk_remove:SW2:eth3:10,access_trunk_combined,medium,1.0,1.0,1.0,3.0,0.0,0.0,0.0,1.0,4.0,0.0002562660000080541,none
episode,configuration_diff,train,access_vlan:SW1:eth2:10+access_vlan:SW2:eth1:20+trunk_remove:SW2:eth3:20,access_trunk_combined,medium,1.0,1.0,1.0,3.0,0.0,0.0,0.0,0.0,4.0,0.00025298600000667193,none
episode,configuration_diff,train,access_vlan:SW1:eth2:10+access_vlan:SW2:eth2:10+trunk_remove:SW1:eth3:10,access_trunk_combined,medium,1.0,1.0,1.0,3.0,0.0,0.0,0.0,1.0,4.0,0.0002487330000064958,none
episode,configuration_diff,train,access_vlan:SW1:eth2:10+access_vlan:SW2:eth2:10+trunk_remove:SW1:eth3:20,access_trunk_combined,medium,1.0,1.0,1.0,3.0,0.0,0.0,0.0,1.0,4.0,0.0008329970000033882,none
episode,configuration_diff,train,access_vlan:SW1:eth2:10+access_vlan:SW2:eth2:10+trunk_remove:SW2:eth3:10,access_trunk_combined,medium,1.0,1.0,1.0,3.0,0.0,0.0,0.0,0.0,4.0,0.0002588250000030712,none
episode,configuration_diff,train,access_vlan:SW1:eth2:10+access_vlan:SW2:eth2:10+trunk_remove:SW2:eth3:20,access_trunk_combined,medium,1.0,1.0,1.0,3.0,0.0,0.0,0.0,1.0,4.0,0.00034116800000560943,none
episode,configuration_diff,train,access_vlan:SW1:eth2:10+trunk_remove:SW1:eth3:20+trunk_remove:SW2:eth3:10,access_trunk_combined,medium,1.0,1.0,1.0,3.0,0.0,0.0,0.0,0.0,4.0,0.0022002829999934193,none
episode,configuration_diff,train,access_vlan:SW1:eth2:10+trunk_remove:SW1:eth3:20+trunk_remove:SW2:eth3:20,access_trunk_combined,medium,1.0,1.0,1.0,3.0,0.0,0.0,0.0,0.0,4.0,0.0003151710000111052,none
episode,configuration_diff,train,access_vlan:SW1:eth2:10+trunk_remove:SW2:eth3:10+trunk_remove:SW2:eth3:20,access_trunk_combined,medium,1.0,1.0,1.0,3.0,0.0,0.0,0.0,0.0,4.0,0.0004581689999980654,none
episode,configuration_diff,train,access_vlan:SW2:eth1:20+access_vlan:SW2:eth2:10+trunk_remove:SW1:eth3:10,access_trunk_combined,medium,1.0,1.0,1.0,3.0,0.0,0.0,0.0,2.0,4.0,0.00028211400000088815,none
episode,configuration_diff,train,access_vlan:SW2:eth1:20+access_vlan:SW2:eth2:10+trunk_remove:SW1:eth3:20,access_trunk_combined,medium,1.0,1.0,1.0,3.0,0.0,0.0,0.0,2.0,4.0,0.0002554140000086136,none
episode,configuration_diff,train,access_vlan:SW2:eth1:20+access_vlan:SW2:eth2:10+trunk_remove:SW2:eth3:20,access_trunk_combined,medium,1.0,1.0,1.0,3.0,0.0,0.0,0.0,1.0,4.0,0.00026472999999782587,none
episode,configuration_diff,train,access_vlan:SW2:eth1:20+trunk_remove:SW1:eth3:10+trunk_remove:SW1:eth3:20,access_trunk_combined,medium,1.0,1.0,1.0,3.0,0.0,0.0,0.0,1.0,4.0,0.0004586549999885392,none
episode,configuration_diff,train,access_vlan:SW2:eth1:20+trunk_remove:SW1:eth3:10+trunk_remove:SW2:eth3:20,access_trunk_combined,medium,1.0,1.0,1.0,3.0,0.0,0.0,0.0,0.0,4.0,0.0008287460000104829,none
episode,configuration_diff,train,access_vlan:SW2:eth1:20+trunk_remove:SW1:eth3:20+trunk_remove:SW2:eth3:10,access_trunk_combined,medium,1.0,1.0,1.0,3.0,0.0,0.0,0.0,1.0,4.0,0.00026699499998983356,none
episode,configuration_diff,train,access_vlan:SW2:eth1:20+trunk_remove:SW1:eth3:20+trunk_remove:SW2:eth3:20,access_trunk_combined,medium,1.0,1.0,1.0,3.0,0.0,0.0,0.0,0.0,4.0,0.00026015999999629,none
episode,configuration_diff,train,access_vlan:SW2:eth1:20+trunk_remove:SW2:eth3:10+trunk_remove:SW2:eth3:20,access_trunk_combined,medium,1.0,1.0,1.0,3.0,0.0,0.0,0.0,0.0,4.0,0.00025018199998783075,none
episode,configuration_diff,train,access_vlan:SW2:eth2:10+trunk_remove:SW1:eth3:10+trunk_remove:SW1:eth3:20,access_trunk_combined,medium,1.0,1.0,1.0,3.0,0.0,0.0,0.0,1.0,4.0,0.00024893299999462215,none
episode,configuration_diff,train,access_vlan:SW2:eth2:10+trunk_remove:SW1:eth3:10+trunk_remove:SW2:eth3:10,access_trunk_combined,medium,1.0,1.0,1.0,3.0,0.0,0.0,0.0,0.0,4.0,0.0002496999999976879,none
episode,configuration_diff,train,access_vlan:SW2:eth2:10+trunk_remove:SW1:eth3:10+trunk_remove:SW2:eth3:20,access_trunk_combined,medium,1.0,1.0,1.0,3.0,0.0,0.0,0.0,1.0,4.0,0.00024784900000440757,none
episode,configuration_diff,train,access_vlan:SW2:eth2:10+trunk_remove:SW1:eth3:20+trunk_remove:SW2:eth3:20,access_trunk_combined,medium,1.0,1.0,1.0,3.0,0.0,0.0,0.0,0.0,4.0,0.00027492099999903985,none
episode,configuration_diff,train,access_vlan:SW2:eth2:10+trunk_remove:SW2:eth3:10+trunk_remove:SW2:eth3:20,access_trunk_combined,medium,1.0,1.0,1.0,3.0,0.0,0.0,0.0,0.0,4.0,0.0002498850000023367,none
episode,configuration_diff,train,trunk_remove:SW1:eth3:10+trunk_remove:SW1:eth3:20+trunk_remove:SW2:eth3:10,multi_trunk,medium,1.0,1.0,1.0,3.0,0.0,0.0,0.0,0.0,4.0,0.0002569760000028509,none
episode,configuration_diff,train,trunk_remove:SW1:eth3:10+trunk_remove:SW1:eth3:20+trunk_remove:SW2:eth3:20,multi_trunk,medium,1.0,1.0,1.0,3.0,0.0,0.0,0.0,0.0,4.0,0.00025160999999229716,none
episode,configuration_diff,train,trunk_remove:SW1:eth3:10+trunk_remove:SW2:eth3:10+trunk_remove:SW2:eth3:20,multi_trunk,medium,1.0,1.0,1.0,3.0,0.0,0.0,0.0,0.0,4.0,0.00026288699999099663,none
episode,configuration_diff,train,trunk_remove:SW1:eth3:20+trunk_remove:SW2:eth3:10+trunk_remove:SW2:eth3:20,multi_trunk,medium,1.0,1.0,1.0,3.0,0.0,0.0,0.0,0.0,4.0,0.00024769800000967734,none
episode,configuration_diff,train,access_vlan:SW1:eth1:20+access_vlan:SW1:eth2:10+access_vlan:SW2:eth1:20+access_vlan:SW2:eth2:10,multi_access,high,0.0,1.0,1.0,4.0,0.0,0.0,0.0,3.0,5.0,0.0003100969999962899,none
episode,configuration_diff,train,access_vlan:SW1:eth1:20+access_vlan:SW1:eth2:10+access_vlan:SW2:eth1:20+trunk_remove:SW1:eth3:10,access_trunk_combined,high,1.0,1.0,1.0,4.0,0.0,0.0,0.0,2.0,5.0,0.00031079499999009386,none
episode,configuration_diff,train,access_vlan:SW1:eth1:20+access_vlan:SW1:eth2:10+access_vlan:SW2:eth1:20+trunk_remove:SW1:eth3:20,access_trunk_combined,high,1.0,1.0,1.0,4.0,0.0,0.0,0.0,2.0,5.0,0.00031376700000862456,none
episode,configuration_diff,train,access_vlan:SW1:eth1:20+access_vlan:SW1:eth2:10+access_vlan:SW2:eth1:20+trunk_remove:SW2:eth3:10,access_trunk_combined,high,1.0,1.0,1.0,4.0,0.0,0.0,0.0,2.0,5.0,0.00030555800000797717,none
episode,configuration_diff,train,access_vlan:SW1:eth1:20+access_vlan:SW1:eth2:10+access_vlan:SW2:eth1:20+trunk_remove:SW2:eth3:20,access_trunk_combined,high,1.0,1.0,1.0,4.0,0.0,0.0,0.0,1.0,5.0,0.00030671100000745355,none
episode,configuration_diff,train,access_vlan:SW1:eth1:20+access_vlan:SW1:eth2:10+access_vlan:SW2:eth2:10+trunk_remove:SW1:eth3:10,access_trunk_combined,high,1.0,1.0,1.0,4.0,0.0,0.0,0.0,2.0,5.0,0.00030573700000502413,none
episode,configuration_diff,train,access_vlan:SW1:eth1:20+access_vlan:SW1:eth2:10+access_vlan:SW2:eth2:10+trunk_remove:SW1:eth3:20,access_trunk_combined,high,1.0,1.0,1.0,4.0,0.0,0.0,0.0,2.0,5.0,0.0005266300000101864,none
episode,configuration_diff,train,access_vlan:SW1:eth1:20+access_vlan:SW1:eth2:10+access_vlan:SW2:eth2:10+trunk_remove:SW2:eth3:20,access_trunk_combined,high,1.0,1.0,1.0,4.0,0.0,0.0,0.0,2.0,5.0,0.00032853899999452096,none
episode,configuration_diff,train,access_vlan:SW1:eth1:20+access_vlan:SW1:eth2:10+trunk_remove:SW1:eth3:10+trunk_remove:SW2:eth3:10,access_trunk_combined,high,1.0,1.0,1.0,4.0,0.0,0.0,0.0,1.0,5.0,0.00031508600000051956,none
episode,configuration_diff,train,access_vlan:SW1:eth1:20+access_vlan:SW1:eth2:10+trunk_remove:SW1:eth3:20+trunk_remove:SW2:eth3:10,access_trunk_combined,high,1.0,1.0,1.0,4.0,0.0,0.0,0.0,1.0,5.0,0.0003108300000036479,none
episode,configuration_diff,train,access_vlan:SW1:eth1:20+access_vlan:SW1:eth2:10+trunk_remove:SW1:eth3:20+trunk_remove:SW2:eth3:20,access_trunk_combined,high,1.0,1.0,1.0,4.0,0.0,0.0,0.0,1.0,5.0,0.0003107600000049615,none
episode,configuration_diff,train,access_vlan:SW1:eth1:20+access_vlan:SW1:eth2:10+trunk_remove:SW2:eth3:10+trunk_remove:SW2:eth3:20,access_trunk_combined,high,1.0,1.0,1.0,4.0,0.0,0.0,0.0,1.0,5.0,0.00031698800000867777,none
episode,configuration_diff,train,access_vlan:SW1:eth1:20+access_vlan:SW2:eth1:20+access_vlan:SW2:eth2:10+trunk_remove:SW1:eth3:10,access_trunk_combined,high,1.0,1.0,1.0,4.0,0.0,0.0,0.0,3.0,5.0,0.0011849720000043362,none
episode,configuration_diff,train,access_vlan:SW1:eth1:20+access_vlan:SW2:eth1:20+access_vlan:SW2:eth2:10+trunk_remove:SW1:eth3:20,access_trunk_combined,high,1.0,1.0,1.0,4.0,0.0,0.0,0.0,3.0,5.0,0.0004642239999981257,none
episode,configuration_diff,train,access_vlan:SW1:eth1:20+access_vlan:SW2:eth1:20+access_vlan:SW2:eth2:10+trunk_remove:SW2:eth3:10,access_trunk_combined,high,1.0,1.0,1.0,4.0,0.0,0.0,0.0,2.0,5.0,0.0010462619999884737,none
episode,configuration_diff,train,access_vlan:SW1:eth1:20+access_vlan:SW2:eth1:20+access_vlan:SW2:eth2:10+trunk_remove:SW2:eth3:20,access_trunk_combined,high,1.0,1.0,1.0,4.0,0.0,0.0,0.0,2.0,5.0,0.0006432290000049079,none
episode,configuration_diff,train,access_vlan:SW1:eth1:20+access_vlan:SW2:eth1:20+trunk_remove:SW1:eth3:10+trunk_remove:SW1:eth3:20,access_trunk_combined,high,1.0,1.0,1.0,4.0,0.0,0.0,0.0,1.0,5.0,0.0006917019999974627,none
episode,configuration_diff,train,access_vlan:SW1:eth1:20+access_vlan:SW2:eth1:20+trunk_remove:SW1:eth3:10+trunk_remove:SW2:eth3:20,access_trunk_combined,high,1.0,1.0,1.0,4.0,0.0,0.0,0.0,0.0,5.0,0.0006828770000026907,none
episode,configuration_diff,train,access_vlan:SW1:eth1:20+access_vlan:SW2:eth1:20+trunk_remove:SW1:eth3:20+trunk_remove:SW2:eth3:20,access_trunk_combined,high,1.0,1.0,1.0,4.0,0.0,0.0,0.0,0.0,5.0,0.0008875089999946795,none
episode,configuration_diff,train,access_vlan:SW1:eth1:20+access_vlan:SW2:eth2:10+trunk_remove:SW1:eth3:10+trunk_remove:SW1:eth3:20,access_trunk_combined,high,1.0,1.0,1.0,4.0,0.0,0.0,0.0,1.0,5.0,0.0006414610000007315,none
episode,configuration_diff,train,access_vlan:SW1:eth1:20+access_vlan:SW2:eth2:10+trunk_remove:SW1:eth3:10+trunk_remove:SW2:eth3:10,access_trunk_combined,high,1.0,1.0,1.0,4.0,0.0,0.0,0.0,0.0,5.0,0.0006322549999993043,none
episode,configuration_diff,train,access_vlan:SW1:eth1:20+access_vlan:SW2:eth2:10+trunk_remove:SW1:eth3:10+trunk_remove:SW2:eth3:20,access_trunk_combined,high,1.0,1.0,1.0,4.0,0.0,0.0,0.0,1.0,5.0,0.0006908609999953796,none
episode,configuration_diff,train,access_vlan:SW1:eth1:20+access_vlan:SW2:eth2:10+trunk_remove:SW1:eth3:20+trunk_remove:SW2:eth3:10,access_trunk_combined,high,1.0,1.0,1.0,4.0,0.0,0.0,0.0,0.0,5.0,0.0006350750000052585,none
episode,configuration_diff,train,access_vlan:SW1:eth1:20+access_vlan:SW2:eth2:10+trunk_remove:SW1:eth3:20+trunk_remove:SW2:eth3:20,access_trunk_combined,high,1.0,1.0,1.0,4.0,0.0,0.0,0.0,1.0,5.0,0.0006455240000065032,none
episode,configuration_diff,train,access_vlan:SW1:eth1:20+access_vlan:SW2:eth2:10+trunk_remove:SW2:eth3:10+trunk_remove:SW2:eth3:20,access_trunk_combined,high,1.0,1.0,1.0,4.0,0.0,0.0,0.0,0.0,5.0,0.0006328370000119321,none
episode,configuration_diff,train,access_vlan:SW1:eth1:20+trunk_remove:SW1:eth3:10+trunk_remove:SW1:eth3:20+trunk_remove:SW2:eth3:10,access_trunk_combined,high,1.0,1.0,1.0,4.0,0.0,0.0,0.0,0.0,5.0,0.0006259059999962346,none
episode,configuration_diff,train,access_vlan:SW1:eth1:20+trunk_remove:SW1:eth3:10+trunk_remove:SW1:eth3:20+trunk_remove:SW2:eth3:20,access_trunk_combined,high,1.0,1.0,1.0,4.0,0.0,0.0,0.0,0.0,5.0,0.0006490119999966737,none
episode,configuration_diff,train,access_vlan:SW1:eth1:20+trunk_remove:SW1:eth3:10+trunk_remove:SW2:eth3:10+trunk_remove:SW2:eth3:20,access_trunk_combined,high,1.0,1.0,1.0,4.0,0.0,0.0,0.0,0.0,5.0,0.0006406579999946871,none
episode,configuration_diff,train,access_vlan:SW1:eth1:20+trunk_remove:SW1:eth3:20+trunk_remove:SW2:eth3:10+trunk_remove:SW2:eth3:20,access_trunk_combined,high,1.0,1.0,1.0,4.0,0.0,0.0,0.0,0.0,5.0,0.0006372790000028772,none
episode,configuration_diff,train,access_vlan:SW1:eth2:10+access_vlan:SW2:eth1:20+access_vlan:SW2:eth2:10+trunk_remove:SW1:eth3:10,access_trunk_combined,high,1.0,1.0,1.0,4.0,0.0,0.0,0.0,3.0,5.0,0.0006662889999944355,none
episode,configuration_diff,train,access_vlan:SW1:eth2:10+access_vlan:SW2:eth1:20+access_vlan:SW2:eth2:10+trunk_remove:SW1:eth3:20,access_trunk_combined,high,1.0,1.0,1.0,4.0,0.0,0.0,0.0,3.0,5.0,0.002762454000006187,none
episode,configuration_diff,train,access_vlan:SW1:eth2:10+access_vlan:SW2:eth1:20+access_vlan:SW2:eth2:10+trunk_remove:SW2:eth3:20,access_trunk_combined,high,1.0,1.0,1.0,4.0,0.0,0.0,0.0,2.0,5.0,0.0003765659999999116,none
episode,configuration_diff,train,access_vlan:SW1:eth2:10+access_vlan:SW2:eth1:20+trunk_remove:SW1:eth3:10+trunk_remove:SW1:eth3:20,access_trunk_combined,high,1.0,1.0,1.0,4.0,0.0,0.0,0.0,1.0,5.0,0.00028549299999269806,none
episode,configuration_diff,train,access_vlan:SW1:eth2:10+access_vlan:SW2:eth1:20+trunk_remove:SW1:eth3:10+trunk_remove:SW2:eth3:10,access_trunk_combined,high,1.0,1.0,1.0,4.0,0.0,0.0,0.0,1.0,5.0,0.0002917749999937769,none
episode,configuration_diff,train,access_vlan:SW1:eth2:10+access_vlan:SW2:eth1:20+trunk_remove:SW1:eth3:20+trunk_remove:SW2:eth3:20,access_trunk_combined,high,1.0,1.0,1.0,4.0,0.0,0.0,0.0,0.0,5.0,0.00028367299999843,none
episode,configuration_diff,train,access_vlan:SW1:eth2:10+access_vlan:SW2:eth2:10+trunk_remove:SW1:eth3:10+trunk_remove:SW1:eth3:20,access_trunk_combined,high,1.0,1.0,1.0,4.0,0.0,0.0,0.0,1.0,5.0,0.000303891999990924,none
episode,configuration_diff,train,access_vlan:SW1:eth2:10+access_vlan:SW2:eth2:10+trunk_remove:SW1:eth3:10+trunk_remove:SW2:eth3:10,access_trunk_combined,high,1.0,1.0,1.0,4.0,0.0,0.0,0.0,0.0,5.0,0.00029989699999077857,none
episode,configuration_diff,train,access_vlan:SW1:eth2:10+access_vlan:SW2:eth2:10+trunk_remove:SW1:eth3:20+trunk_remove:SW2:eth3:20,access_trunk_combined,high,1.0,1.0,1.0,4.0,0.0,0.0,0.0,1.0,5.0,0.00029620900001248174,none
episode,configuration_diff,train,access_vlan:SW1:eth2:10+access_vlan:SW2:eth2:10+trunk_remove:SW2:eth3:10+trunk_remove:SW2:eth3:20,access_trunk_combined,high,1.0,1.0,1.0,4.0,0.0,0.0,0.0,0.0,5.0,0.0002803450000072871,none
episode,configuration_diff,train,access_vlan:SW1:eth2:10+trunk_remove:SW1:eth3:10+trunk_remove:SW1:eth3:20+trunk_remove:SW2:eth3:10,access_trunk_combined,high,1.0,1.0,1.0,4.0,0.0,0.0,0.0,0.0,5.0,0.00028921799999181985,none
episode,configuration_diff,train,access_vlan:SW1:eth2:10+trunk_remove:SW1:eth3:10+trunk_remove:SW1:eth3:20+trunk_remove:SW2:eth3:20,access_trunk_combined,high,1.0,1.0,1.0,4.0,0.0,0.0,0.0,0.0,5.0,0.00028443000000777374,none
episode,configuration_diff,train,access_vlan:SW1:eth2:10+trunk_remove:SW1:eth3:10+trunk_remove:SW2:eth3:10+trunk_remove:SW2:eth3:20,access_trunk_combined,high,1.0,1.0,1.0,4.0,0.0,0.0,0.0,0.0,5.0,0.00028317599999638787,none
episode,configuration_diff,train,access_vlan:SW1:eth2:10+trunk_remove:SW1:eth3:20+trunk_remove:SW2:eth3:10+trunk_remove:SW2:eth3:20,access_trunk_combined,high,1.0,1.0,1.0,4.0,0.0,0.0,0.0,0.0,5.0,0.00028681700000277033,none
episode,configuration_diff,train,access_vlan:SW2:eth1:20+access_vlan:SW2:eth2:10+trunk_remove:SW1:eth3:10+trunk_remove:SW1:eth3:20,access_trunk_combined,high,1.0,1.0,1.0,4.0,0.0,0.0,0.0,3.0,5.0,0.0002836980000040512,none
episode,configuration_diff,train,access_vlan:SW2:eth1:20+access_vlan:SW2:eth2:10+trunk_remove:SW1:eth3:10+trunk_remove:SW2:eth3:10,access_trunk_combined,high,1.0,1.0,1.0,4.0,0.0,0.0,0.0,1.0,5.0,0.00028755900000021484,none
episode,configuration_diff,train,access_vlan:SW2:eth1:20+access_vlan:SW2:eth2:10+trunk_remove:SW1:eth3:10+trunk_remove:SW2:eth3:20,access_trunk_combined,high,1.0,1.0,1.0,4.0,0.0,0.0,0.0,2.0,5.0,0.00029341900000190435,none
episode,configuration_diff,train,access_vlan:SW2:eth1:20+access_vlan:SW2:eth2:10+trunk_remove:SW1:eth3:20+trunk_remove:SW2:eth3:10,access_trunk_combined,high,1.0,1.0,1.0,4.0,0.0,0.0,0.0,2.0,5.0,0.0002952399999998079,none
episode,configuration_diff,train,access_vlan:SW2:eth1:20+access_vlan:SW2:eth2:10+trunk_remove:SW2:eth3:10+trunk_remove:SW2:eth3:20,access_trunk_combined,high,1.0,1.0,1.0,4.0,0.0,0.0,0.0,1.0,5.0,0.00028985699999850567,none
episode,configuration_diff,train,access_vlan:SW2:eth1:20+trunk_remove:SW1:eth3:10+trunk_remove:SW1:eth3:20+trunk_remove:SW2:eth3:10,access_trunk_combined,high,1.0,1.0,1.0,4.0,0.0,0.0,0.0,1.0,5.0,0.00031305800000325235,none
episode,configuration_diff,train,access_vlan:SW2:eth1:20+trunk_remove:SW1:eth3:10+trunk_remove:SW1:eth3:20+trunk_remove:SW2:eth3:20,access_trunk_combined,high,1.0,1.0,1.0,4.0,0.0,0.0,0.0,0.0,5.0,0.00028938600000572023,none
episode,configuration_diff,train,access_vlan:SW2:eth1:20+trunk_remove:SW1:eth3:10+trunk_remove:SW2:eth3:10+trunk_remove:SW2:eth3:20,access_trunk_combined,high,1.0,1.0,1.0,4.0,0.0,0.0,0.0,0.0,5.0,0.00028254100000424387,none
episode,configuration_diff,train,access_vlan:SW2:eth1:20+trunk_remove:SW1:eth3:20+trunk_remove:SW2:eth3:10+trunk_remove:SW2:eth3:20,access_trunk_combined,high,1.0,1.0,1.0,4.0,0.0,0.0,0.0,0.0,5.0,0.0002903199999906292,none
episode,configuration_diff,train,access_vlan:SW2:eth2:10+trunk_remove:SW1:eth3:10+trunk_remove:SW2:eth3:10+trunk_remove:SW2:eth3:20,access_trunk_combined,high,1.0,1.0,1.0,4.0,0.0,0.0,0.0,0.0,5.0,0.0002950979999951642,none
episode,configuration_diff,train,access_vlan:SW2:eth2:10+trunk_remove:SW1:eth3:20+trunk_remove:SW2:eth3:10+trunk_remove:SW2:eth3:20,access_trunk_combined,high,1.0,1.0,1.0,4.0,0.0,0.0,0.0,0.0,5.0,0.00028381300001001364,none
episode,configuration_diff,train,trunk_remove:SW1:eth3:10+trunk_remove:SW1:eth3:20+trunk_remove:SW2:eth3:10+trunk_remove:SW2:eth3:20,multi_trunk,high,1.0,1.0,1.0,4.0,0.0,0.0,0.0,0.0,5.0,0.00029366399999730675,none
episode,configuration_diff,train,access_vlan:SW1:eth1:20+access_vlan:SW1:eth2:10+access_vlan:SW2:eth1:20+access_vlan:SW2:eth2:10+trunk_remove:SW1:eth3:10,access_trunk_combined,high,1.0,1.0,1.0,5.0,0.0,0.0,0.0,4.0,6.0,0.00034669999999437096,none
episode,configuration_diff,train,access_vlan:SW1:eth1:20+access_vlan:SW1:eth2:10+access_vlan:SW2:eth1:20+access_vlan:SW2:eth2:10+trunk_remove:SW1:eth3:20,access_trunk_combined,high,1.0,1.0,1.0,5.0,0.0,0.0,0.0,4.0,6.0,0.00035292100000106075,none
episode,configuration_diff,train,access_vlan:SW1:eth1:20+access_vlan:SW1:eth2:10+access_vlan:SW2:eth1:20+access_vlan:SW2:eth2:10+trunk_remove:SW2:eth3:10,access_trunk_combined,high,1.0,1.0,1.0,5.0,0.0,0.0,0.0,3.0,6.0,0.00036735400000509344,none
episode,configuration_diff,train,access_vlan:SW1:eth1:20+access_vlan:SW1:eth2:10+access_vlan:SW2:eth1:20+access_vlan:SW2:eth2:10+trunk_remove:SW2:eth3:20,access_trunk_combined,high,1.0,1.0,1.0,5.0,0.0,0.0,0.0,3.0,6.0,0.00033814100000029157,none
episode,configuration_diff,train,access_vlan:SW1:eth1:20+access_vlan:SW1:eth2:10+access_vlan:SW2:eth1:20+trunk_remove:SW1:eth3:10+trunk_remove:SW2:eth3:20,access_trunk_combined,high,1.0,1.0,1.0,5.0,0.0,0.0,0.0,1.0,6.0,0.0003366619999951581,none
episode,configuration_diff,train,access_vlan:SW1:eth1:20+access_vlan:SW1:eth2:10+access_vlan:SW2:eth1:20+trunk_remove:SW1:eth3:20+trunk_remove:SW2:eth3:10,access_trunk_combined,high,1.0,1.0,1.0,5.0,0.0,0.0,0.0,2.0,6.0,0.00033352100000172413,none
episode,configuration_diff,train,access_vlan:SW1:eth1:20+access_vlan:SW1:eth2:10+access_vlan:SW2:eth1:20+trunk_remove:SW1:eth3:20+trunk_remove:SW2:eth3:20,access_trunk_combined,high,1.0,1.0,1.0,5.0,0.0,0.0,0.0,1.0,6.0,0.0003450190000080511,none
episode,configuration_diff,train,access_vlan:SW1:eth1:20+access_vlan:SW1:eth2:10+access_vlan:SW2:eth2:10+trunk_remove:SW1:eth3:10+trunk_remove:SW1:eth3:20,access_trunk_combined,high,1.0,1.0,1.0,5.0,0.0,0.0,0.0,2.0,6.0,0.00033964099999650443,none
episode,configuration_diff,train,access_vlan:SW1:eth1:20+access_vlan:SW1:eth2:10+access_vlan:SW2:eth2:10+trunk_remove:SW1:eth3:10+trunk_remove:SW2:eth3:10,access_trunk_combined,high,1.0,1.0,1.0,5.0,0.0,0.0,0.0,1.0,6.0,0.0011504229999985682,none
episode,configuration_diff,train,access_vlan:SW1:eth1:20+access_vlan:SW1:eth2:10+access_vlan:SW2:eth2:10+trunk_remove:SW1:eth3:20+trunk_remove:SW2:eth3:10,access_trunk_combined,high,1.0,1.0,1.0,5.0,0.0,0.0,0.0,1.0,6.0,0.00034587800000451807,none
episode,configuration_diff,train,access_vlan:SW1:eth1:20+access_vlan:SW1:eth2:10+access_vlan:SW2:eth2:10+trunk_remove:SW1:eth3:20+trunk_remove:SW2:eth3:20,access_trunk_combined,high,1.0,1.0,1.0,5.0,0.0,0.0,0.0,2.0,6.0,0.0003497470000013436,none
episode,configuration_diff,train,access_vlan:SW1:eth1:20+access_vlan:SW1:eth2:10+trunk_remove:SW1:eth3:10+trunk_remove:SW1:eth3:20+trunk_remove:SW2:eth3:10,access_trunk_combined,high,1.0,1.0,1.0,5.0,0.0,0.0,0.0,1.0,6.0,0.00033209800000122414,none
episode,configuration_diff,train,access_vlan:SW1:eth1:20+access_vlan:SW1:eth2:10+trunk_remove:SW1:eth3:10+trunk_remove:SW1:eth3:20+trunk_remove:SW2:eth3:20,access_trunk_combined,high,1.0,1.0,1.0,5.0,0.0,0.0,0.0,1.0,6.0,0.00033820800000228246,none
episode,configuration_diff,train,access_vlan:SW1:eth1:20+access_vlan:SW1:eth2:10+trunk_remove:SW1:eth3:10+trunk_remove:SW2:eth3:10+trunk_remove:SW2:eth3:20,access_trunk_combined,high,1.0,1.0,1.0,5.0,0.0,0.0,0.0,1.0,6.0,0.00033409699999253917,none
episode,configuration_diff,train,access_vlan:SW1:eth1:20+access_vlan:SW1:eth2:10+trunk_remove:SW1:eth3:20+trunk_remove:SW2:eth3:10+trunk_remove:SW2:eth3:20,access_trunk_combined,high,1.0,1.0,1.0,5.0,0.0,0.0,0.0,1.0,6.0,0.0003414699999950699,none
episode,configuration_diff,train,access_vlan:SW1:eth1:20+access_vlan:SW2:eth1:20+access_vlan:SW2:eth2:10+trunk_remove:SW1:eth3:20+trunk_remove:SW2:eth3:10,access_trunk_combined,high,1.0,1.0,1.0,5.0,0.0,0.0,0.0,2.0,6.0,0.0003426159999975198,none
episode,configuration_diff,train,access_vlan:SW1:eth1:20+access_vlan:SW2:eth1:20+trunk_remove:SW1:eth3:10+trunk_remove:SW1:eth3:20+trunk_remove:SW2:eth3:10,access_trunk_combined,high,1.0,1.0,1.0,5.0,0.0,0.0,0.0,1.0,6.0,0.0003350290000128098,none
episode,configuration_diff,train,access_vlan:SW1:eth1:20+access_vlan:SW2:eth1:20+trunk_remove:SW1:eth3:20+trunk_remove:SW2:eth3:10+trunk_remove:SW2:eth3:20,access_trunk_combined,high,1.0,1.0,1.0,5.0,0.0,0.0,0.0,0.0,6.0,0.0003453799999988405,none
episode,configuration_diff,train,access_vlan:SW1:eth1:20+access_vlan:SW2:eth2:10+trunk_remove:SW1:eth3:10+trunk_remove:SW1:eth3:20+trunk_remove:SW2:eth3:10,access_trunk_combined,high,1.0,1.0,1.0,5.0,0.0,0.0,0.0,0.0,6.0,0.00033423000000709635,none
episode,configuration_diff,train,access_vlan:SW1:eth1:20+access_vlan:SW2:eth2:10+trunk_remove:SW1:eth3:10+trunk_remove:SW2:eth3:10+trunk_remove:SW2:eth3:20,access_trunk_combined,high,1.0,1.0,1.0,5.0,0.0,0.0,0.0,0.0,6.0,0.0003403510000055121,none
episode,configuration_diff,train,access_vlan:SW1:eth1:20+access_vlan:SW2:eth2:10+trunk_remove:SW1:eth3:20+trunk_remove:SW2:eth3:10+trunk_remove:SW2:eth3:20,access_trunk_combined,high,1.0,1.0,1.0,5.0,0.0,0.0,0.0,0.0,6.0,0.00035883300000705276,none
episode,configuration_diff,train,access_vlan:SW1:eth1:20+trunk_remove:SW1:eth3:10+trunk_remove:SW1:eth3:20+trunk_remove:SW2:eth3:10+trunk_remove:SW2:eth3:20,access_trunk_combined,high,1.0,1.0,1.0,5.0,0.0,0.0,0.0,0.0,6.0,0.0003447450000066965,none
episode,configuration_diff,train,access_vlan:SW1:eth2:10+access_vlan:SW2:eth1:20+access_vlan:SW2:eth2:10+trunk_remove:SW1:eth3:10+trunk_remove:SW1:eth3:20,access_trunk_combined,high,1.0,1.0,1.0,5.0,0.0,0.0,0.0,3.0,6.0,0.000345382999995536,none
episode,configuration_diff,train,access_vlan:SW1:eth2:10+access_vlan:SW2:eth1:20+access_vlan:SW2:eth2:10+trunk_remove:SW1:eth3:10+trunk_remove:SW2:eth3:10,access_trunk_combined,high,1.0,1.0,1.0,5.0,0.0,0.0,0.0,2.0,6.0,0.00033352100000172413,none
episode,configuration_diff,train,access_vlan:SW1:eth2:10+access_vlan:SW2:eth1:20+access_vlan:SW2:eth2:10+trunk_remove:SW1:eth3:10+trunk_remove:SW2:eth3:20,access_trunk_combined,high,1.0,1.0,1.0,5.0,0.0,0.0,0.0,2.0,6.0,0.00034770999999977903,none
episode,configuration_diff,train,access_vlan:SW1:eth2:10+access_vlan:SW2:eth1:20+trunk_remove:SW1:eth3:10+trunk_remove:SW1:eth3:20+trunk_remove:SW2:eth3:10,access_trunk_combined,high,1.0,1.0,1.0,5.0,0.0,0.0,0.0,1.0,6.0,0.00033563600000263705,none
episode,configuration_diff,train,access_vlan:SW1:eth2:10+access_vlan:SW2:eth1:20+trunk_remove:SW1:eth3:10+trunk_remove:SW1:eth3:20+trunk_remove:SW2:eth3:20,access_trunk_combined,high,1.0,1.0,1.0,5.0,0.0,0.0,0.0,0.0,6.0,0.0003352680000006103,none
episode,configuration_diff,train,access_vlan:SW1:eth2:10+access_vlan:SW2:eth1:20+trunk_remove:SW1:eth3:10+trunk_remove:SW2:eth3:10+trunk_remove:SW2:eth3:20,access_trunk_combined,high,1.0,1.0,1.0,5.0,0.0,0.0,0.0,0.0,6.0,0.0003453970000037998,none
episode,configuration_diff,train,access_vlan:SW1:eth2:10+access_vlan:SW2:eth1:20+trunk_remove:SW1:eth3:20+trunk_remove:SW2:eth3:10+trunk_remove:SW2:eth3:20,access_trunk_combined,high,1.0,1.0,1.0,5.0,0.0,0.0,0.0,0.0,6.0,0.00034657400000526195,none
episode,configuration_diff,train,access_vlan:SW1:eth2:10+access_vlan:SW2:eth2:10+trunk_remove:SW1:eth3:10+trunk_remove:SW1:eth3:20+trunk_remove:SW2:eth3:10,access_trunk_combined,high,1.0,1.0,1.0,5.0,0.0,0.0,0.0,0.0,6.0,0.0003569999999939455,none
episode,configuration_diff,train,access_vlan:SW1:eth2:10+access_vlan:SW2:eth2:10+trunk_remove:SW1:eth3:10+trunk_remove:SW2:eth3:10+trunk_remove:SW2:eth3:20,access_trunk_combined,high,1.0,1.0,1.0,5.0,0.0,0.0,0.0,0.0,6.0,0.00033484700000485645,none
episode,configuration_diff,train,access_vlan:SW1:eth2:10+access_vlan:SW2:eth2:10+trunk_remove:SW1:eth3:20+trunk_remove:SW2:eth3:10+trunk_remove:SW2:eth3:20,access_trunk_combined,high,1.0,1.0,1.0,5.0,0.0,0.0,0.0,0.0,6.0,0.00033721699999489374,none
episode,configuration_diff,train,access_vlan:SW1:eth2:10+trunk_remove:SW1:eth3:10+trunk_remove:SW1:eth3:20+trunk_remove:SW2:eth3:10+trunk_remove:SW2:eth3:20,access_trunk_combined,high,1.0,1.0,1.0,5.0,0.0,0.0,0.0,0.0,6.0,0.0003411429999999882,none
episode,configuration_diff,train,access_vlan:SW2:eth1:20+access_vlan:SW2:eth2:10+trunk_remove:SW1:eth3:10+trunk_remove:SW1:eth3:20+trunk_remove:SW2:eth3:10,access_trunk_combined,high,1.0,1.0,1.0,5.0,0.0,0.0,0.0,2.0,6.0,0.0003490149999976211,none
episode,configuration_diff,train,access_vlan:SW2:eth1:20+access_vlan:SW2:eth2:10+trunk_remove:SW1:eth3:10+trunk_remove:SW1:eth3:20+trunk_remove:SW2:eth3:20,access_trunk_combined,high,1.0,1.0,1.0,5.0,0.0,0.0,0.0,2.0,6.0,0.0003296890000115127,none
episode,configuration_diff,train,access_vlan:SW2:eth1:20+access_vlan:SW2:eth2:10+trunk_remove:SW1:eth3:10+trunk_remove:SW2:eth3:10+trunk_remove:SW2:eth3:20,access_trunk_combined,high,1.0,1.0,1.0,5.0,0.0,0.0,0.0,1.0,6.0,0.0003466889999970135,none
episode,configuration_diff,train,access_vlan:SW2:eth1:20+access_vlan:SW2:eth2:10+trunk_remove:SW1:eth3:20+trunk_remove:SW2:eth3:10+trunk_remove:SW2:eth3:20,access_trunk_combined,high,1.0,1.0,1.0,5.0,0.0,0.0,0.0,1.0,6.0,0.00033819000000789856,none
episode,configuration_diff,train,access_vlan:SW2:eth2:10+trunk_remove:SW1:eth3:10+trunk_remove:SW1:eth3:20+trunk_remove:SW2:eth3:10+trunk_remove:SW2:eth3:20,access_trunk_combined,high,1.0,1.0,1.0,5.0,0.0,0.0,0.0,0.0,6.0,0.00033471300000087467,none
episode,configuration_diff,train,access_vlan:SW1:eth1:20+access_vlan:SW1:eth2:10+access_vlan:SW2:eth1:20+access_vlan:SW2:eth2:10+trunk_remove:SW1:eth3:10+trunk_remove:SW1:eth3:20,access_trunk_combined,high,1.0,1.0,1.0,6.0,0.0,0.0,0.0,4.0,7.0,0.00042053500000349686,none
episode,configuration_diff,train,access_vlan:SW1:eth1:20+access_vlan:SW1:eth2:10+access_vlan:SW2:eth1:20+access_vlan:SW2:eth2:10+trunk_remove:SW1:eth3:10+trunk_remove:SW2:eth3:20,access_trunk_combined,high,1.0,1.0,1.0,6.0,0.0,0.0,0.0,3.0,7.0,0.0004010540000081164,none
episode,configuration_diff,train,access_vlan:SW1:eth1:20+access_vlan:SW1:eth2:10+access_vlan:SW2:eth1:20+access_vlan:SW2:eth2:10+trunk_remove:SW1:eth3:20+trunk_remove:SW2:eth3:10,access_trunk_combined,high,1.0,1.0,1.0,6.0,0.0,0.0,0.0,3.0,7.0,0.00039707800000599036,none
episode,configuration_diff,train,access_vlan:SW1:eth1:20+access_vlan:SW1:eth2:10+access_vlan:SW2:eth1:20+access_vlan:SW2:eth2:10+trunk_remove:SW1:eth3:20+trunk_remove:SW2:eth3:20,access_trunk_combined,high,1.0,1.0,1.0,6.0,0.0,0.0,0.0,3.0,7.0,0.0013137099999909196,none
episode,configuration_diff,train,access_vlan:SW1:eth1:20+access_vlan:SW1:eth2:10+access_vlan:SW2:eth1:20+access_vlan:SW2:eth2:10+trunk_remove:SW2:eth3:10+trunk_remove:SW2:eth3:20,access_trunk_combined,high,1.0,1.0,1.0,6.0,0.0,0.0,0.0,2.0,7.0,0.0007175180000018599,none
episode,configuration_diff,train,access_vlan:SW1:eth1:20+access_vlan:SW1:eth2:10+access_vlan:SW2:eth1:20+trunk_remove:SW1:eth3:10+trunk_remove:SW2:eth3:10+trunk_remove:SW2:eth3:20,access_trunk_combined,high,1.0,1.0,1.0,6.0,0.0,0.0,0.0,1.0,7.0,0.0007879660000043032,none
episode,configuration_diff,train,access_vlan:SW1:eth1:20+access_vlan:SW1:eth2:10+access_vlan:SW2:eth1:20+trunk_remove:SW1:eth3:20+trunk_remove:SW2:eth3:10+trunk_remove:SW2:eth3:20,access_trunk_combined,high,1.0,1.0,1.0,6.0,0.0,0.0,0.0,1.0,7.0,0.0007782759999912514,none
episode,configuration_diff,train,access_vlan:SW1:eth1:20+access_vlan:SW1:eth2:10+access_vlan:SW2:eth2:10+trunk_remove:SW1:eth3:10+trunk_remove:SW1:eth3:20+trunk_remove:SW2:eth3:10,access_trunk_combined,high,1.0,1.0,1.0,6.0,0.0,0.0,0.0,1.0,7.0,0.000680122999995092,none
episode,configuration_diff,train,access_vlan:SW1:eth1:20+access_vlan:SW1:eth2:10+access_vlan:SW2:eth2:10+trunk_remove:SW1:eth3:10+trunk_remove:SW1:eth3:20+trunk_remove:SW2:eth3:20,access_trunk_combined,high,1.0,1.0,1.0,6.0,0.0,0.0,0.0,2.0,7.0,0.0006715579999934107,none
episode,configuration_diff,train,access_vlan:SW1:eth1:20+access_vlan:SW1:eth2:10+access_vlan:SW2:eth2:10+trunk_remove:SW1:eth3:10+trunk_remove:SW2:eth3:10+trunk_remove:SW2:eth3:20,access_trunk_combined,high,1.0,1.0,1.0,6.0,0.0,0.0,0.0,1.0,7.0,0.0006714879999947243,none
episode,configuration_diff,train,access_vlan:SW1:eth1:20+access_vlan:SW1:eth2:10+access_vlan:SW2:eth2:10+trunk_remove:SW1:eth3:20+trunk_remove:SW2:eth3:10+trunk_remove:SW2:eth3:20,access_trunk_combined,high,1.0,1.0,1.0,6.0,0.0,0.0,0.0,1.0,7.0,0.0006700579999971978,none
episode,configuration_diff,train,access_vlan:SW1:eth1:20+access_vlan:SW1:eth2:10+trunk_remove:SW1:eth3:10+trunk_remove:SW1:eth3:20+trunk_remove:SW2:eth3:10+trunk_remove:SW2:eth3:20,access_trunk_combined,high,1.0,1.0,1.0,6.0,0.0,0.0,0.0,1.0,7.0,0.0006772419999947488,none
episode,configuration_diff,train,access_vlan:SW1:eth1:20+access_vlan:SW2:eth1:20+access_vlan:SW2:eth2:10+trunk_remove:SW1:eth3:10+trunk_remove:SW1:eth3:20+trunk_remove:SW2:eth3:10,access_trunk_combined,high,1.0,1.0,1.0,6.0,0.0,0.0,0.0,2.0,7.0,0.0006754530000137038,none
episode,configuration_diff,train,access_vlan:SW1:eth1:20+access_vlan:SW2:eth1:20+access_vlan:SW2:eth2:10+trunk_remove:SW1:eth3:10+trunk_remove:SW1:eth3:20+trunk_remove:SW2:eth3:20,access_trunk_combined,high,1.0,1.0,1.0,6.0,0.0,0.0,0.0,2.0,7.0,0.000672029000000407,none
episode,configuration_diff,train,access_vlan:SW1:eth1:20+access_vlan:SW2:eth1:20+access_vlan:SW2:eth2:10+trunk_remove:SW1:eth3:10+trunk_remove:SW2:eth3:10+trunk_remove:SW2:eth3:20,access_trunk_combined,high,1.0,1.0,1.0,6.0,0.0,0.0,0.0,1.0,7.0,0.0007121320000038622,none
episode,configuration_diff,train,access_vlan:SW1:eth1:20+access_vlan:SW2:eth1:20+trunk_remove:SW1:eth3:10+trunk_remove:SW1:eth3:20+trunk_remove:SW2:eth3:10+trunk_remove:SW2:eth3:20,access_trunk_combined,high,1.0,1.0,1.0,6.0,0.0,0.0,0.0,0.0,7.0,0.0006749869999964631,none
episode,configuration_diff,train,access_vlan:SW1:eth1:20+access_vlan:SW2:eth2:10+trunk_remove:SW1:eth3:10+trunk_remove:SW1:eth3:20+trunk_remove:SW2:eth3:10+trunk_remove:SW2:eth3:20,access_trunk_combined,high,1.0,1.0,1.0,6.0,0.0,0.0,0.0,0.0,7.0,0.0005383929999993597,none
episode,configuration_diff,train,access_vlan:SW1:eth2:10+access_vlan:SW2:eth1:20+access_vlan:SW2:eth2:10+trunk_remove:SW1:eth3:10+trunk_remove:SW1:eth3:20+trunk_remove:SW2:eth3:10,access_trunk_combined,high,1.0,1.0,1.0,6.0,0.0,0.0,0.0,2.0,7.0,0.0004016809999995985,none
episode,configuration_diff,train,access_vlan:SW1:eth2:10+access_vlan:SW2:eth1:20+access_vlan:SW2:eth2:10+trunk_remove:SW1:eth3:10+trunk_remove:SW2:eth3:10+trunk_remove:SW2:eth3:20,access_trunk_combined,high,1.0,1.0,1.0,6.0,0.0,0.0,0.0,1.0,7.0,0.00039705399998979374,none
episode,configuration_diff,train,access_vlan:SW1:eth2:10+access_vlan:SW2:eth1:20+trunk_remove:SW1:eth3:10+trunk_remove:SW1:eth3:20+trunk_remove:SW2:eth3:10+trunk_remove:SW2:eth3:20,access_trunk_combined,high,1.0,1.0,1.0,6.0,0.0,0.0,0.0,0.0,7.0,0.00040943400000514885,none
episode,configuration_diff,train,access_vlan:SW1:eth2:10+access_vlan:SW2:eth2:10+trunk_remove:SW1:eth3:10+trunk_remove:SW1:eth3:20+trunk_remove:SW2:eth3:10+trunk_remove:SW2:eth3:20,access_trunk_combined,high,1.0,1.0,1.0,6.0,0.0,0.0,0.0,0.0,7.0,0.0003830489999927522,none
episode,configuration_diff,train,access_vlan:SW1:eth1:20+access_vlan:SW1:eth2:10+access_vlan:SW2:eth1:20+access_vlan:SW2:eth2:10+trunk_remove:SW1:eth3:10+trunk_remove:SW1:eth3:20+trunk_remove:SW2:eth3:10,access_trunk_combined,high,1.0,1.0,1.0,7.0,0.0,0.0,0.0,3.0,8.0,0.000443633000003274,none
episode,configuration_diff,train,access_vlan:SW1:eth1:20+access_vlan:SW1:eth2:10+access_vlan:SW2:eth1:20+access_vlan:SW2:eth2:10+trunk_remove:SW1:eth3:20+trunk_remove:SW2:eth3:10+trunk_remove:SW2:eth3:20,access_trunk_combined,high,1.0,1.0,1.0,7.0,0.0,0.0,0.0,2.0,8.0,0.0004588450000113653,none
episode,configuration_diff,train,access_vlan:SW1:eth1:20+access_vlan:SW1:eth2:10+access_vlan:SW2:eth1:20+trunk_remove:SW1:eth3:10+trunk_remove:SW1:eth3:20+trunk_remove:SW2:eth3:10+trunk_remove:SW2:eth3:20,access_trunk_combined,high,1.0,1.0,1.0,7.0,0.0,0.0,0.0,1.0,8.0,0.00045373199999687586,none
episode,configuration_diff,train,access_vlan:SW1:eth1:20+access_vlan:SW1:eth2:10+access_vlan:SW2:eth2:10+trunk_remove:SW1:eth3:10+trunk_remove:SW1:eth3:20+trunk_remove:SW2:eth3:10+trunk_remove:SW2:eth3:20,access_trunk_combined,high,1.0,1.0,1.0,7.0,0.0,0.0,0.0,1.0,8.0,0.0004848729999906709,none
episode,configuration_diff,train,access_vlan:SW1:eth2:10+access_vlan:SW2:eth1:20+access_vlan:SW2:eth2:10+trunk_remove:SW1:eth3:10+trunk_remove:SW1:eth3:20+trunk_remove:SW2:eth3:10+trunk_remove:SW2:eth3:20,access_trunk_combined,high,1.0,1.0,1.0,7.0,0.0,0.0,0.0,1.0,8.0,0.00046127699999942706,none
episode,configuration_diff,train,access_vlan:SW1:eth1:20+access_vlan:SW1:eth2:10+access_vlan:SW2:eth1:20+access_vlan:SW2:eth2:10+trunk_remove:SW1:eth3:10+trunk_remove:SW1:eth3:20+trunk_remove:SW2:eth3:10+trunk_remove:SW2:eth3:20,access_trunk_combined,high,1.0,1.0,1.0,8.0,0.0,0.0,0.0,2.0,9.0,0.0005446549999987838,none
episode,configuration_diff,eval,access_vlan:SW1:eth1:20+access_vlan:SW2:eth1:20,multi_access,medium,1.0,1.0,1.0,2.0,0.0,0.0,0.0,1.0,3.0,0.0003551110000046265,none
episode,configuration_diff,eval,access_vlan:SW1:eth2:10+access_vlan:SW2:eth1:20,multi_access,medium,1.0,1.0,1.0,2.0,0.0,0.0,0.0,1.0,3.0,0.00018234999998867352,none
episode,configuration_diff,eval,trunk_remove:SW1:eth3:10+trunk_remove:SW2:eth3:20,multi_trunk,medium,1.0,1.0,1.0,2.0,0.0,0.0,0.0,0.0,3.0,0.00017618100000049708,none
episode,configuration_diff,eval,access_vlan:SW1:eth1:20+access_vlan:SW1:eth2:10+trunk_remove:SW1:eth3:20,access_trunk_combined,medium,1.0,1.0,1.0,3.0,0.0,0.0,0.0,1.0,4.0,0.00023138999999616772,none
episode,configuration_diff,eval,access_vlan:SW1:eth2:10+trunk_remove:SW1:eth3:10+trunk_remove:SW1:eth3:20,access_trunk_combined,medium,1.0,1.0,1.0,3.0,0.0,0.0,0.0,0.0,4.0,0.00022907500000712844,none
episode,configuration_diff,eval,access_vlan:SW1:eth2:10+trunk_remove:SW1:eth3:10+trunk_remove:SW2:eth3:10,access_trunk_combined,medium,1.0,1.0,1.0,3.0,0.0,0.0,0.0,0.0,4.0,0.000251834000010831,none
episode,configuration_diff,eval,access_vlan:SW1:eth2:10+trunk_remove:SW1:eth3:10+trunk_remove:SW2:eth3:20,access_trunk_combined,medium,1.0,1.0,1.0,3.0,0.0,0.0,0.0,0.0,4.0,0.00022101199999724486,none
episode,configuration_diff,eval,access_vlan:SW2:eth1:20+access_vlan:SW2:eth2:10+trunk_remove:SW2:eth3:10,access_trunk_combined,medium,1.0,1.0,1.0,3.0,0.0,0.0,0.0,1.0,4.0,0.00022579800000244177,none
episode,configuration_diff,eval,access_vlan:SW2:eth1:20+trunk_remove:SW1:eth3:10+trunk_remove:SW2:eth3:10,access_trunk_combined,medium,1.0,1.0,1.0,3.0,0.0,0.0,0.0,0.0,4.0,0.00023353699999972832,none
episode,configuration_diff,eval,access_vlan:SW2:eth2:10+trunk_remove:SW1:eth3:20+trunk_remove:SW2:eth3:10,access_trunk_combined,medium,1.0,1.0,1.0,3.0,0.0,0.0,0.0,0.0,4.0,0.0002299209999989671,none
episode,configuration_diff,eval,access_vlan:SW1:eth1:20+access_vlan:SW1:eth2:10+access_vlan:SW2:eth2:10+trunk_remove:SW2:eth3:10,access_trunk_combined,high,1.0,1.0,1.0,4.0,0.0,0.0,0.0,1.0,5.0,0.000283383999999387,none
episode,configuration_diff,eval,access_vlan:SW1:eth1:20+access_vlan:SW1:eth2:10+trunk_remove:SW1:eth3:10+trunk_remove:SW1:eth3:20,access_trunk_combined,high,1.0,1.0,1.0,4.0,0.0,0.0,0.0,1.0,5.0,0.00028383100000439754,none
episode,configuration_diff,eval,access_vlan:SW1:eth1:20+access_vlan:SW1:eth2:10+trunk_remove:SW1:eth3:10+trunk_remove:SW2:eth3:20,access_trunk_combined,high,1.0,1.0,1.0,4.0,0.0,0.0,0.0,1.0,5.0,0.0002739569999903324,none
episode,configuration_diff,eval,access_vlan:SW1:eth1:20+access_vlan:SW2:eth1:20+trunk_remove:SW1:eth3:10+trunk_remove:SW2:eth3:10,access_trunk_combined,high,1.0,1.0,1.0,4.0,0.0,0.0,0.0,1.0,5.0,0.0002780209999997396,none
episode,configuration_diff,eval,access_vlan:SW1:eth1:20+access_vlan:SW2:eth1:20+trunk_remove:SW1:eth3:20+trunk_remove:SW2:eth3:10,access_trunk_combined,high,1.0,1.0,1.0,4.0,0.0,0.0,0.0,1.0,5.0,0.00028485500000385855,none
episode,configuration_diff,eval,access_vlan:SW1:eth1:20+access_vlan:SW2:eth1:20+trunk_remove:SW2:eth3:10+trunk_remove:SW2:eth3:20,access_trunk_combined,high,1.0,1.0,1.0,4.0,0.0,0.0,0.0,0.0,5.0,0.0002796360000019149,none
episode,configuration_diff,eval,access_vlan:SW1:eth2:10+access_vlan:SW2:eth1:20+access_vlan:SW2:eth2:10+trunk_remove:SW2:eth3:10,access_trunk_combined,high,1.0,1.0,1.0,4.0,0.0,0.0,0.0,2.0,5.0,0.0002919570000017302,none
episode,configuration_diff,eval,access_vlan:SW1:eth2:10+access_vlan:SW2:eth1:20+trunk_remove:SW1:eth3:10+trunk_remove:SW2:eth3:20,access_trunk_combined,high,1.0,1.0,1.0,4.0,0.0,0.0,0.0,0.0,5.0,0.0002998819999930902,none
episode,configuration_diff,eval,access_vlan:SW1:eth2:10+access_vlan:SW2:eth1:20+trunk_remove:SW1:eth3:20+trunk_remove:SW2:eth3:10,access_trunk_combined,high,1.0,1.0,1.0,4.0,0.0,0.0,0.0,1.0,5.0,0.0002885749999990139,none
episode,configuration_diff,eval,access_vlan:SW1:eth2:10+access_vlan:SW2:eth1:20+trunk_remove:SW2:eth3:10+trunk_remove:SW2:eth3:20,access_trunk_combined,high,1.0,1.0,1.0,4.0,0.0,0.0,0.0,0.0,5.0,0.0002869939999925464,none
episode,configuration_diff,eval,access_vlan:SW1:eth2:10+access_vlan:SW2:eth2:10+trunk_remove:SW1:eth3:10+trunk_remove:SW2:eth3:20,access_trunk_combined,high,1.0,1.0,1.0,4.0,0.0,0.0,0.0,1.0,5.0,0.0002806540000079849,none
episode,configuration_diff,eval,access_vlan:SW1:eth2:10+access_vlan:SW2:eth2:10+trunk_remove:SW1:eth3:20+trunk_remove:SW2:eth3:10,access_trunk_combined,high,1.0,1.0,1.0,4.0,0.0,0.0,0.0,0.0,5.0,0.0002923999999921989,none
episode,configuration_diff,eval,access_vlan:SW2:eth1:20+access_vlan:SW2:eth2:10+trunk_remove:SW1:eth3:20+trunk_remove:SW2:eth3:20,access_trunk_combined,high,1.0,1.0,1.0,4.0,0.0,0.0,0.0,1.0,5.0,0.00028174400000580135,none
episode,configuration_diff,eval,access_vlan:SW2:eth2:10+trunk_remove:SW1:eth3:10+trunk_remove:SW1:eth3:20+trunk_remove:SW2:eth3:10,access_trunk_combined,high,1.0,1.0,1.0,4.0,0.0,0.0,0.0,0.0,5.0,0.0002918259999944439,none
episode,configuration_diff,eval,access_vlan:SW2:eth2:10+trunk_remove:SW1:eth3:10+trunk_remove:SW1:eth3:20+trunk_remove:SW2:eth3:20,access_trunk_combined,high,1.0,1.0,1.0,4.0,0.0,0.0,0.0,1.0,5.0,0.0002846399999896221,none
episode,configuration_diff,eval,access_vlan:SW1:eth1:20+access_vlan:SW1:eth2:10+access_vlan:SW2:eth1:20+trunk_remove:SW1:eth3:10+trunk_remove:SW1:eth3:20,access_trunk_combined,high,1.0,1.0,1.0,5.0,0.0,0.0,0.0,2.0,6.0,0.00033036600000002636,none
episode,configuration_diff,eval,access_vlan:SW1:eth1:20+access_vlan:SW1:eth2:10+access_vlan:SW2:eth1:20+trunk_remove:SW1:eth3:10+trunk_remove:SW2:eth3:10,access_trunk_combined,high,1.0,1.0,1.0,5.0,0.0,0.0,0.0,2.0,6.0,0.00033994800000414216,none
episode,configuration_diff,eval,access_vlan:SW1:eth1:20+access_vlan:SW1:eth2:10+access_vlan:SW2:eth1:20+trunk_remove:SW2:eth3:10+trunk_remove:SW2:eth3:20,access_trunk_combined,high,1.0,1.0,1.0,5.0,0.0,0.0,0.0,1.0,6.0,0.0003421239999994441,none
episode,configuration_diff,eval,access_vlan:SW1:eth1:20+access_vlan:SW1:eth2:10+access_vlan:SW2:eth2:10+trunk_remove:SW1:eth3:10+trunk_remove:SW2:eth3:20,access_trunk_combined,high,1.0,1.0,1.0,5.0,0.0,0.0,0.0,2.0,6.0,0.0003346249999935935,none
episode,configuration_diff,eval,access_vlan:SW1:eth1:20+access_vlan:SW1:eth2:10+access_vlan:SW2:eth2:10+trunk_remove:SW2:eth3:10+trunk_remove:SW2:eth3:20,access_trunk_combined,high,1.0,1.0,1.0,5.0,0.0,0.0,0.0,1.0,6.0,0.00032603300000744184,none
episode,configuration_diff,eval,access_vlan:SW1:eth1:20+access_vlan:SW2:eth1:20+access_vlan:SW2:eth2:10+trunk_remove:SW1:eth3:10+trunk_remove:SW1:eth3:20,access_trunk_combined,high,1.0,1.0,1.0,5.0,0.0,0.0,0.0,3.0,6.0,0.00036505200000647164,none
episode,configuration_diff,eval,access_vlan:SW1:eth1:20+access_vlan:SW2:eth1:20+access_vlan:SW2:eth2:10+trunk_remove:SW1:eth3:10+trunk_remove:SW2:eth3:10,access_trunk_combined,high,1.0,1.0,1.0,5.0,0.0,0.0,0.0,2.0,6.0,0.00033694999999056563,none
episode,configuration_diff,eval,access_vlan:SW1:eth1:20+access_vlan:SW2:eth1:20+access_vlan:SW2:eth2:10+trunk_remove:SW1:eth3:10+trunk_remove:SW2:eth3:20,access_trunk_combined,high,1.0,1.0,1.0,5.0,0.0,0.0,0.0,2.0,6.0,0.00033994399998960034,none
episode,configuration_diff,eval,access_vlan:SW1:eth1:20+access_vlan:SW2:eth1:20+access_vlan:SW2:eth2:10+trunk_remove:SW1:eth3:20+trunk_remove:SW2:eth3:20,access_trunk_combined,high,1.0,1.0,1.0,5.0,0.0,0.0,0.0,2.0,6.0,0.000351414999997246,none
episode,configuration_diff,eval,access_vlan:SW1:eth1:20+access_vlan:SW2:eth1:20+access_vlan:SW2:eth2:10+trunk_remove:SW2:eth3:10+trunk_remove:SW2:eth3:20,access_trunk_combined,high,1.0,1.0,1.0,5.0,0.0,0.0,0.0,1.0,6.0,0.0003453229999905716,none
episode,configuration_diff,eval,access_vlan:SW1:eth1:20+access_vlan:SW2:eth1:20+trunk_remove:SW1:eth3:10+trunk_remove:SW1:eth3:20+trunk_remove:SW2:eth3:20,access_trunk_combined,high,1.0,1.0,1.0,5.0,0.0,0.0,0.0,0.0,6.0,0.00034157800000400584,none
episode,configuration_diff,eval,access_vlan:SW1:eth1:20+access_vlan:SW2:eth1:20+trunk_remove:SW1:eth3:10+trunk_remove:SW2:eth3:10+trunk_remove:SW2:eth3:20,access_trunk_combined,high,1.0,1.0,1.0,5.0,0.0,0.0,0.0,0.0,6.0,0.00031561299999793846,none
episode,configuration_diff,eval,access_vlan:SW1:eth1:20+access_vlan:SW2:eth2:10+trunk_remove:SW1:eth3:10+trunk_remove:SW1:eth3:20+trunk_remove:SW2:eth3:20,access_trunk_combined,high,1.0,1.0,1.0,5.0,0.0,0.0,0.0,1.0,6.0,0.0003138069999977233,none
episode,configuration_diff,eval,access_vlan:SW1:eth2:10+access_vlan:SW2:eth1:20+access_vlan:SW2:eth2:10+trunk_remove:SW1:eth3:20+trunk_remove:SW2:eth3:10,access_trunk_combined,high,1.0,1.0,1.0,5.0,0.0,0.0,0.0,2.0,6.0,0.000322147000005657,none
episode,configuration_diff,eval,access_vlan:SW1:eth2:10+access_vlan:SW2:eth1:20+access_vlan:SW2:eth2:10+trunk_remove:SW1:eth3:20+trunk_remove:SW2:eth3:20,access_trunk_combined,high,1.0,1.0,1.0,5.0,0.0,0.0,0.0,2.0,6.0,0.000344883999986223,none
episode,configuration_diff,eval,access_vlan:SW1:eth2:10+access_vlan:SW2:eth1:20+access_vlan:SW2:eth2:10+trunk_remove:SW2:eth3:10+trunk_remove:SW2:eth3:20,access_trunk_combined,high,1.0,1.0,1.0,5.0,0.0,0.0,0.0,1.0,6.0,0.0003377979999896752,none
episode,configuration_diff,eval,access_vlan:SW1:eth2:10+access_vlan:SW2:eth2:10+trunk_remove:SW1:eth3:10+trunk_remove:SW1:eth3:20+trunk_remove:SW2:eth3:20,access_trunk_combined,high,1.0,1.0,1.0,5.0,0.0,0.0,0.0,1.0,6.0,0.00034697899999969195,none
episode,configuration_diff,eval,access_vlan:SW2:eth1:20+trunk_remove:SW1:eth3:10+trunk_remove:SW1:eth3:20+trunk_remove:SW2:eth3:10+trunk_remove:SW2:eth3:20,access_trunk_combined,high,1.0,1.0,1.0,5.0,0.0,0.0,0.0,0.0,6.0,0.00034610599999496117,none
episode,configuration_diff,eval,access_vlan:SW1:eth1:20+access_vlan:SW1:eth2:10+access_vlan:SW2:eth1:20+access_vlan:SW2:eth2:10+trunk_remove:SW1:eth3:10+trunk_remove:SW2:eth3:10,access_trunk_combined,high,1.0,1.0,1.0,6.0,0.0,0.0,0.0,3.0,7.0,0.00040935500000216507,none
episode,configuration_diff,eval,access_vlan:SW1:eth1:20+access_vlan:SW1:eth2:10+access_vlan:SW2:eth1:20+trunk_remove:SW1:eth3:10+trunk_remove:SW1:eth3:20+trunk_remove:SW2:eth3:10,access_trunk_combined,high,1.0,1.0,1.0,6.0,0.0,0.0,0.0,2.0,7.0,0.0004400839999902928,none
episode,configuration_diff,eval,access_vlan:SW1:eth1:20+access_vlan:SW1:eth2:10+access_vlan:SW2:eth1:20+trunk_remove:SW1:eth3:10+trunk_remove:SW1:eth3:20+trunk_remove:SW2:eth3:20,access_trunk_combined,high,1.0,1.0,1.0,6.0,0.0,0.0,0.0,1.0,7.0,0.0003955640000015137,none
episode,configuration_diff,eval,access_vlan:SW1:eth1:20+access_vlan:SW2:eth1:20+access_vlan:SW2:eth2:10+trunk_remove:SW1:eth3:20+trunk_remove:SW2:eth3:10+trunk_remove:SW2:eth3:20,access_trunk_combined,high,1.0,1.0,1.0,6.0,0.0,0.0,0.0,1.0,7.0,0.0003897210000047835,none
episode,configuration_diff,eval,access_vlan:SW1:eth2:10+access_vlan:SW2:eth1:20+access_vlan:SW2:eth2:10+trunk_remove:SW1:eth3:10+trunk_remove:SW1:eth3:20+trunk_remove:SW2:eth3:20,access_trunk_combined,high,1.0,1.0,1.0,6.0,0.0,0.0,0.0,2.0,7.0,0.0003909120000002986,none
episode,configuration_diff,eval,access_vlan:SW1:eth2:10+access_vlan:SW2:eth1:20+access_vlan:SW2:eth2:10+trunk_remove:SW1:eth3:20+trunk_remove:SW2:eth3:10+trunk_remove:SW2:eth3:20,access_trunk_combined,high,1.0,1.0,1.0,6.0,0.0,0.0,0.0,1.0,7.0,0.0004259280000127319,none
episode,configuration_diff,eval,access_vlan:SW2:eth1:20+access_vlan:SW2:eth2:10+trunk_remove:SW1:eth3:10+trunk_remove:SW1:eth3:20+trunk_remove:SW2:eth3:10+trunk_remove:SW2:eth3:20,access_trunk_combined,high,1.0,1.0,1.0,6.0,0.0,0.0,0.0,1.0,7.0,0.00039058999999497246,none
episode,configuration_diff,eval,access_vlan:SW1:eth1:20+access_vlan:SW1:eth2:10+access_vlan:SW2:eth1:20+access_vlan:SW2:eth2:10+trunk_remove:SW1:eth3:10+trunk_remove:SW1:eth3:20+trunk_remove:SW2:eth3:20,access_trunk_combined,high,1.0,1.0,1.0,7.0,0.0,0.0,0.0,3.0,8.0,0.00045498000000065986,none
episode,configuration_diff,eval,access_vlan:SW1:eth1:20+access_vlan:SW1:eth2:10+access_vlan:SW2:eth1:20+access_vlan:SW2:eth2:10+trunk_remove:SW1:eth3:10+trunk_remove:SW2:eth3:10+trunk_remove:SW2:eth3:20,access_trunk_combined,high,1.0,1.0,1.0,7.0,0.0,0.0,0.0,2.0,8.0,0.00044489799999780644,none
episode,configuration_diff,eval,access_vlan:SW1:eth1:20+access_vlan:SW2:eth1:20+access_vlan:SW2:eth2:10+trunk_remove:SW1:eth3:10+trunk_remove:SW1:eth3:20+trunk_remove:SW2:eth3:10+trunk_remove:SW2:eth3:20,access_trunk_combined,high,1.0,1.0,1.0,7.0,0.0,0.0,0.0,1.0,8.0,0.0004497179999987111,none
fault_type_mean,configuration_diff,eval,__aggregate__,access_trunk_combined,all,1.0,1.0,1.0,4.68,0.0,0.0,0.0,1.1,5.68,0.0003235472999989497,none
fault_type_mean,configuration_diff,eval,__aggregate__,multi_access,all,1.0,1.0,1.0,2.0,0.0,0.0,0.0,1.0,3.0,0.00026873049999665,none
fault_type_mean,configuration_diff,eval,__aggregate__,multi_trunk,all,1.0,1.0,1.0,2.0,0.0,0.0,0.0,0.0,3.0,0.00017618100000049708,none
fault_type_mean,configuration_diff,train,__aggregate__,access_trunk_combined,all,1.0,1.0,1.0,4.148571428571429,0.0,0.0,0.0,0.9428571428571428,5.148571428571429,0.00042401857714310156,none
fault_type_mean,configuration_diff,train,__aggregate__,multi_access,all,0.8888888888888888,1.0,1.0,2.6666666666666665,0.0,0.0,0.0,1.6666666666666667,3.6666666666666665,0.00023077788889401695,none
fault_type_mean,configuration_diff,train,__aggregate__,multi_trunk,all,1.0,1.0,1.0,2.6,0.0,0.0,0.0,0.0,3.6,0.0002576286999982358,none
fault_type_mean,configuration_diff,train,__aggregate__,single_access,all,1.0,1.0,1.0,1.0,0.0,0.0,0.0,0.0,2.0,0.0001352167499995005,none
fault_type_mean,configuration_diff,train,__aggregate__,single_trunk,all,1.0,1.0,1.0,1.0,0.0,0.0,0.0,0.0,2.0,0.0001315254999987303,none
fault_type_mean,rule_based,eval,__aggregate__,access_trunk_combined,all,1.0,0.84,0.36,3.06,0.0,2.0,0.0,0.26,6.06,0.0004090944799997942,configuration_mismatch_only:24;functional_and_configuration_failure:8
fault_type_mean,rule_based,eval,__aggregate__,multi_access,all,1.0,0.5,0.5,1.0,0.0,2.0,0.0,0.5,4.0,0.0002380650000048945,functional_and_configuration_failure:1
fault_type_mean,rule_based,eval,__aggregate__,multi_trunk,all,1.0,1.0,1.0,2.0,0.0,2.0,0.0,0.0,5.0,0.0002948980000070378,none
fault_type_mean,rule_based,train,__aggregate__,access_trunk_combined,all,1.0,0.8742857142857143,0.5828571428571429,3.057142857142857,0.0,2.0,0.0,0.26857142857142857,6.057142857142857,0.00037610534285769455,configuration_mismatch_only:51;functional_and_configuration_failure:22
fault_type_mean,rule_based,train,__aggregate__,multi_access,all,0.8888888888888888,0.8888888888888888,0.3333333333333333,1.1111111111111112,0.0,2.0,0.0,0.3333333333333333,4.111111111111111,0.00026255622222335105,configuration_mismatch_only:5;functional_and_configuration_failure:1
fault_type_mean,rule_based,train,__aggregate__,multi_trunk,all,1.0,1.0,1.0,2.6,0.0,2.0,0.0,0.0,5.6,0.0003428079000016737,none
fault_type_mean,rule_based,train,__aggregate__,single_access,all,1.0,1.0,1.0,1.0,0.0,2.0,0.0,0.0,4.0,0.0002717785000001527,none
fault_type_mean,rule_based,train,__aggregate__,single_trunk,all,1.0,1.0,1.0,1.0,0.0,2.0,0.0,0.0,4.0,0.0002418229999996413,none
severity_mean,configuration_diff,eval,__aggregate__,all,high,1.0,1.0,1.0,4.953488372093023,0.0,0.0,0.0,1.2325581395348837,5.953488372093023,0.0003384836744170925,none
severity_mean,configuration_diff,eval,__aggregate__,all,medium,1.0,1.0,1.0,2.7,0.0,0.0,0.0,0.4,3.7,0.00023362090000063064,none
severity_mean,configuration_diff,train,__aggregate__,all,high,0.9916666666666667,1.0,1.0,4.825,0.0,0.0,0.0,1.1833333333333333,5.825,0.0004682493083339049,none
severity_mean,configuration_diff,train,__aggregate__,all,low,1.0,1.0,1.0,1.0,0.0,0.0,0.0,0.0,2.0,0.0001333711249991154,none
severity_mean,configuration_diff,train,__aggregate__,all,medium,1.0,1.0,1.0,2.6621621621621623,0.0,0.0,0.0,0.5135135135135135,3.6621621621621623,0.00030630570270273903,none
severity_mean,rule_based,eval,__aggregate__,all,high,1.0,0.813953488372093,0.2558139534883721,3.0697674418604652,0.0,2.0,0.0,0.2558139534883721,6.069767441860465,0.0003906544883721534,configuration_mismatch_only:24;functional_and_configuration_failure:8
severity_mean,rule_based,eval,__aggregate__,all,medium,1.0,0.9,0.9,2.5,0.0,2.0,0.0,0.3,5.5,0.00044276090000039403,functional_and_configuration_failure:1
severity_mean,rule_based,train,__aggregate__,all,high,0.9916666666666667,0.8833333333333333,0.45,3.3666666666666667,0.0,2.0,0.0,0.275,6.366666666666666,0.0003959004500005155,configuration_mismatch_only:52;functional_and_configuration_failure:14
severity_mean,rule_based,train,__aggregate__,all,low,1.0,1.0,1.0,1.0,0.0,2.0,0.0,0.0,4.0,0.000256800749999897,none
severity_mean,rule_based,train,__aggregate__,all,medium,1.0,0.8783783783783784,0.8243243243243243,2.2567567567567566,0.0,2.0,0.0,0.22972972972972974,5.256756756756757,0.0003256954864873186,configuration_mismatch_only:4;functional_and_configuration_failure:9
overall_mean,configuration_diff,all,__aggregate__,all,all,0.996078431372549,1.0,1.0,4.015686274509804,0.0,0.0,0.0,0.9294117647058824,5.015686274509804,0.00037966476470590384,none
overall_mean,rule_based,all,__aggregate__,all,all,0.996078431372549,0.8745098039215686,0.5607843137254902,2.8862745098039215,0.0,2.0,0.0,0.25098039215686274,5.886274509803922,0.000372116384314232,configuration_mismatch_only:80;functional_and_configuration_failure:32
