episode,global_step,epsilon,window_start,window_size,episode_return_rolling_100,recovery_success_rolling_100,episode_steps_rolling_100,new_policy_damage_events_rolling_100,unique_newly_damaged_policies_rolling_100,service_damage_actions_rolling_100,mean_loss_rolling_100,shield_interventions_rolling_100,incorrect_declare_rolling_100,timeout_rolling_100
1,2,0.9999525,1,1,-10.200000000000001,0.0,2.0,0.0,0.0,0.0,,1.0,1.0,0.0
2,3,0.999905,1,2,-10.125,0.0,1.5,0.0,0.0,0.0,,0.5,1.0,0.0
3,9,0.99962,1,3,-10.450000000000001,0.0,3.0,0.0,0.0,0.0,,1.0,1.0,0.0
4,10,0.9995725,1,4,-10.350000000000001,0.0,2.5,0.0,0.0,0.0,,0.75,1.0,0.0
5,25,0.99886,1,5,-11.07,0.0,5.0,0.0,0.0,0.0,,2.4,1.0,0.0
6,26,0.9988125,1,6,-10.9,0.0,4.333333333333333,0.0,0.0,0.0,,2.0,1.0,0.0
7,29,0.99867,1,7,-10.864285714285716,0.0,4.142857142857143,0.0,0.0,0.0,,1.7142857142857142,1.0,0.0
8,41,0.9981,1,8,-11.137500000000001,0.0,5.125,0.0,0.0,0.0,,1.75,1.0,0.0
9,47,0.997815,1,9,-11.166666666666666,0.0,5.222222222222222,0.0,0.0,0.0,,1.5555555555555556,1.0,0.0
10,50,0.9976725,1,10,-11.165000000000001,0.0,5.0,0.1,0.1,0.1,,1.4,1.0,0.0
11,58,0.9972925,1,11,-11.240909090909092,0.0,5.2727272727272725,0.09090909090909091,0.09090909090909091,0.09090909090909091,,1.2727272727272727,1.0,0.0
12,60,0.9971975,1,12,-11.166666666666666,0.0,5.0,0.08333333333333333,0.08333333333333333,0.08333333333333333,,1.1666666666666667,1.0,0.0
13,65,0.99696,1,13,-11.161538461538463,0.0,5.0,0.07692307692307693,0.07692307692307693,0.07692307692307693,,1.0769230769230769,1.0,0.0
14,73,0.99658,1,14,-11.232142857142858,0.0,5.214285714285714,0.07142857142857142,0.07142857142857142,0.07142857142857142,,1.0,1.0,0.0
15,74,0.9965325,1,15,-11.153333333333334,0.0,4.933333333333334,0.06666666666666667,0.06666666666666667,0.06666666666666667,,0.9333333333333333,1.0,0.0
16,77,0.99639,1,16,-11.121875000000001,0.0,4.8125,0.0625,0.0625,0.0625,,1.0,1.0,0.0
17,87,0.995915,1,17,-11.229411764705883,0.0,5.117647058823529,0.11764705882352941,0.11764705882352941,0.11764705882352941,,1.0588235294117647,1.0,0.0
18,90,0.9957725,1,18,-11.18888888888889,0.0,5.0,0.1111111111111111,0.1111111111111111,0.1111111111111111,,1.0,1.0,0.0
19,101,0.99525,1,19,-11.271052631578948,0.0,5.315789473684211,0.10526315789473684,0.10526315789473684,0.10526315789473684,,0.9473684210526315,1.0,0.0
20,102,0.9952025,1,20,-11.21,0.0,5.1,0.1,0.1,0.1,,0.9,1.0,0.0
21,118,0.9944425,1,21,-10.402380952380954,0.047619047619047616,5.619047619047619,0.09523809523809523,0.09523809523809523,0.09523809523809523,,1.3333333333333333,0.9523809523809523,0.0
22,126,0.9940625,1,22,-9.588636363636365,0.09090909090909091,5.7272727272727275,0.13636363636363635,0.13636363636363635,0.13636363636363635,,1.5,0.9090909090909091,0.0
23,130,0.9938725,1,23,-9.669565217391305,0.08695652173913043,5.6521739130434785,0.17391304347826086,0.17391304347826086,0.17391304347826086,,1.434782608695652,0.9130434782608695,0.0
24,143,0.993255,1,24,-9.810416666666667,0.08333333333333333,5.958333333333333,0.16666666666666666,0.16666666666666666,0.16666666666666666,,1.8333333333333333,0.9166666666666666,0.0
25,152,0.9928275,1,25,-9.91,0.08,6.08,0.16,0.16,0.16,,1.84,0.92,0.0
26,153,0.99278,1,26,-9.915384615384616,0.07692307692307693,5.884615384615385,0.15384615384615385,0.15384615384615385,0.15384615384615385,,1.8076923076923077,0.9230769230769231,0.0
27,156,0.9926375,1,27,-9.937037037037037,0.07407407407407407,5.777777777777778,0.14814814814814814,0.14814814814814814,0.14814814814814814,,1.7407407407407407,0.9259259259259259,0.0
28,158,0.9925425,1,28,-9.232142857142858,0.10714285714285714,5.642857142857143,0.14285714285714285,0.14285714285714285,0.14285714285714285,,1.75,0.8928571428571429,0.0
29,165,0.99221,1,29,-9.306896551724138,0.10344827586206896,5.689655172413793,0.13793103448275862,0.13793103448275862,0.13793103448275862,,1.793103448275862,0.896551724137931,0.0
30,166,0.9921625,1,30,-9.331666666666667,0.1,5.533333333333333,0.13333333333333333,0.13333333333333333,0.13333333333333333,,1.7333333333333334,0.9,0.0
31,173,0.99183,1,31,-9.408064516129034,0.0967741935483871,5.580645161290323,0.12903225806451613,0.12903225806451613,0.12903225806451613,,1.7741935483870968,0.9032258064516129,0.0
32,174,0.9917825,1,32,-9.428125000000001,0.09375,5.4375,0.125,0.125,0.125,,1.71875,0.90625,0.0
33,182,0.9914025,1,33,-9.501515151515152,0.09090909090909091,5.515151515151516,0.12121212121212122,0.12121212121212122,0.12121212121212122,,1.7575757575757576,0.9090909090909091,0.0
34,188,0.9911175,1,34,-9.572058823529414,0.08823529411764706,5.529411764705882,0.14705882352941177,0.14705882352941177,0.14705882352941177,,1.7941176470588236,0.9117647058823529,0.0
35,195,0.990785,1,35,-9.637142857142857,0.08571428571428572,5.571428571428571,0.14285714285714285,0.14285714285714285,0.14285714285714285,,1.7428571428571429,0.9142857142857143,0.0
36,197,0.99069,1,36,-9.656944444444445,0.08333333333333333,5.472222222222222,0.1388888888888889,0.1388888888888889,0.1388888888888889,,1.6944444444444444,0.9166666666666666,0.0
37,200,0.9905475,1,37,-9.683783783783785,0.08108108108108109,5.405405405405405,0.13513513513513514,0.13513513513513514,0.13513513513513514,,1.6486486486486487,0.918918918918919,0.0
38,205,0.99031,1,38,-9.725,0.07894736842105263,5.394736842105263,0.13157894736842105,0.13157894736842105,0.13157894736842105,,1.736842105263158,0.9210526315789473,0.0
39,212,0.9899775,1,39,-9.775641025641026,0.07692307692307693,5.435897435897436,0.1282051282051282,0.1282051282051282,0.1282051282051282,,1.7179487179487178,0.9230769230769231,0.0
40,220,0.9895975,1,40,-9.83125,0.075,5.5,0.125,0.125,0.125,,1.75,0.925,0.0
41,239,0.988695,1,41,-9.957317073170731,0.07317073170731707,5.829268292682927,0.12195121951219512,0.12195121951219512,0.12195121951219512,,1.8048780487804879,0.926829268292683,0.0
42,246,0.9883625,1,42,-9.526190476190477,0.09523809523809523,5.857142857142857,0.11904761904761904,0.11904761904761904,0.11904761904761904,,1.8095238095238095,0.9047619047619048,0.0
43,248,0.9882675,1,43,-9.080232558139535,0.11627906976744186,5.767441860465116,0.11627906976744186,0.11627906976744186,0.11627906976744186,,1.7906976744186047,0.8837209302325582,0.0
44,252,0.9880775,1,44,-8.66818181818182,0.13636363636363635,5.7272727272727275,0.11363636363636363,0.11363636363636363,0.11363636363636363,,1.7954545454545454,0.8636363636363636,0.0
45,253,0.98803,1,45,-8.69888888888889,0.13333333333333333,5.622222222222222,0.1111111111111111,0.1111111111111111,0.1111111111111111,,1.7777777777777777,0.8666666666666667,0.0
46,259,0.987745,1,46,-8.76086956521739,0.13043478260869565,5.630434782608695,0.10869565217391304,0.10869565217391304,0.10869565217391304,,1.7391304347826086,0.8695652173913043,0.0
47,264,0.9875075,1,47,-8.381914893617022,0.14893617021276595,5.617021276595745,0.10638297872340426,0.10638297872340426,0.10638297872340426,,1.8085106382978724,0.851063829787234,0.0
48,268,0.9873175,1,48,-8.435416666666667,0.14583333333333334,5.583333333333333,0.10416666666666667,0.10416666666666667,0.10416666666666667,,1.7916666666666667,0.8541666666666666,0.0
49,269,0.98727,1,49,-8.468367346938777,0.14285714285714285,5.489795918367347,0.10204081632653061,0.10204081632653061,0.10204081632653061,,1.7551020408163265,0.8571428571428571,0.0
50,277,0.98689,1,50,-8.539000000000001,0.14,5.54,0.1,0.1,0.1,,1.72,0.86,0.0
51,280,0.9867475,1,51,-8.577450980392157,0.13725490196078433,5.490196078431373,0.09803921568627451,0.09803921568627451,0.09803921568627451,,1.7450980392156863,0.8627450980392157,0.0
52,281,0.9867,1,52,-8.221153846153847,0.15384615384615385,5.403846153846154,0.09615384615384616,0.09615384615384616,0.09615384615384616,,1.7307692307692308,0.8461538461538461,0.0
53,297,0.98594,1,53,-7.9547169811320755,0.16981132075471697,5.60377358490566,0.09433962264150944,0.09433962264150944,0.09433962264150944,,1.830188679245283,0.8301886792452831,0.0
54,305,0.98556,1,54,-8.03888888888889,0.16666666666666666,5.648148148148148,0.1111111111111111,0.1111111111111111,0.1111111111111111,,1.7962962962962963,0.8333333333333334,0.0
55,310,0.9853225,1,55,-8.097272727272728,0.16363636363636364,5.636363636363637,0.10909090909090909,0.10909090909090909,0.10909090909090909,,1.7636363636363637,0.8363636363636363,0.0
56,312,0.9852275,1,56,-8.137500000000001,0.16071428571428573,5.571428571428571,0.10714285714285714,0.10714285714285714,0.10714285714285714,,1.75,0.8392857142857143,0.0
57,319,0.984895,1,57,-8.202631578947368,0.15789473684210525,5.5964912280701755,0.10526315789473684,0.10526315789473684,0.10526315789473684,,1.719298245614035,0.8421052631578947,0.0
58,326,0.9845625,1,58,-7.918103448275863,0.1724137931034483,5.620689655172414,0.10344827586206896,0.10344827586206896,0.10344827586206896,,1.8103448275862069,0.8275862068965517,0.0
59,328,0.9844675,1,59,-7.959322033898306,0.1694915254237288,5.559322033898305,0.1016949152542373,0.1016949152542373,0.1016949152542373,,1.7796610169491525,0.8305084745762712,0.0
60,329,0.98442,1,60,-7.9941666666666675,0.16666666666666666,5.483333333333333,0.1,0.1,0.1,,1.75,0.8333333333333334,0.0
61,334,0.9841825,1,61,-8.047540983606558,0.16393442622950818,5.475409836065574,0.09836065573770492,0.09836065573770492,0.09836065573770492,,1.721311475409836,0.8360655737704918,0.0
62,343,0.983755,1,62,-7.791129032258064,0.1774193548387097,5.532258064516129,0.0967741935483871,0.0967741935483871,0.0967741935483871,,1.7258064516129032,0.8225806451612904,0.0
63,348,0.9835175,1,63,-7.843650793650794,0.1746031746031746,5.523809523809524,0.09523809523809523,0.09523809523809523,0.09523809523809523,,1.6984126984126984,0.8253968253968254,0.0
64,359,0.982995,1,64,-7.6109375,0.1875,5.609375,0.109375,0.109375,0.109375,,1.703125,0.8125,0.0
65,361,0.9829,1,65,-7.653076923076924,0.18461538461538463,5.553846153846154,0.1076923076923077,0.1076923076923077,0.1076923076923077,,1.6923076923076923,0.8153846153846154,0.0
66,363,0.982805,1,66,-7.693939393939395,0.18181818181818182,5.5,0.10606060606060606,0.10606060606060606,0.10606060606060606,,1.6818181818181819,0.8181818181818182,0.0
67,366,0.9826625,1,67,-7.738059701492538,0.1791044776119403,5.462686567164179,0.1044776119402985,0.1044776119402985,0.1044776119402985,,1.6567164179104477,0.8208955223880597,0.0
68,374,0.9822825,1,68,-7.798529411764707,0.17647058823529413,5.5,0.10294117647058823,0.10294117647058823,0.10294117647058823,,1.6911764705882353,0.8235294117647058,0.0
69,385,0.98176,1,69,-7.87463768115942,0.17391304347826086,5.579710144927536,0.10144927536231885,0.10144927536231885,0.10144927536231885,,1.7826086956521738,0.8260869565217391,0.0
70,391,0.981475,1,70,-7.9228571428571435,0.17142857142857143,5.585714285714285,0.1,0.1,0.1,,1.7571428571428571,0.8285714285714286,0.0
71,393,0.98138,1,71,-7.957042253521127,0.16901408450704225,5.535211267605634,0.09859154929577464,0.09859154929577464,0.09859154929577464,,1.732394366197183,0.8309859154929577,0.0
72,399,0.981095,1,72,-8.002777777777778,0.16666666666666666,5.541666666666667,0.09722222222222222,0.09722222222222222,0.09722222222222222,,1.7083333333333333,0.8333333333333334,0.0
73,407,0.980715,1,73,-7.777397260273973,0.1780821917808219,5.575342465753424,0.0958904109589041,0.0958904109589041,0.0958904109589041,,1.7945205479452055,0.821917808219178,0.0
74,411,0.980525,1,74,-7.820270270270271,0.17567567567567569,5.554054054054054,0.0945945945945946,0.0945945945945946,0.0945945945945946,,1.7837837837837838,0.8243243243243243,0.0
75,415,0.980335,1,75,-7.862000000000001,0.17333333333333334,5.533333333333333,0.09333333333333334,0.09333333333333334,0.09333333333333334,,1.76,0.8266666666666667,0.0
76,418,0.9801925,1,76,-7.898684210526317,0.17105263157894737,5.5,0.09210526315789473,0.09210526315789473,0.09210526315789473,,1.736842105263158,0.8289473684210527,0.0
77,423,0.979955,1,77,-7.682467532467533,0.18181818181818182,5.4935064935064934,0.09090909090909091,0.09090909090909091,0.09090909090909091,,1.7402597402597402,0.8181818181818182,0.0
78,440,0.9791475,1,78,-7.50448717948718,0.19230769230769232,5.641025641025641,0.08974358974358974,0.08974358974358974,0.08974358974358974,,1.8717948717948718,0.8076923076923077,0.0
79,443,0.979005,1,79,-7.54240506329114,0.189873417721519,5.6075949367088604,0.08860759493670886,0.08860759493670886,0.08860759493670886,,1.8481012658227849,0.810126582278481,0.0
80,448,0.9787675,1,80,-7.585000000000001,0.1875,5.6,0.0875,0.0875,0.0875,,1.8375,0.8125,0.0
81,462,0.9781025,1,81,-7.66604938271605,0.18518518518518517,5.703703703703703,0.09876543209876543,0.09876543209876543,0.09876543209876543,,1.8518518518518519,0.8148148148148148,0.0
82,469,0.97777,1,82,-7.475609756097561,0.1951219512195122,5.719512195121951,0.10975609756097561,0.10975609756097561,0.10975609756097561,,1.8780487804878048,0.8048780487804879,0.0
83,472,0.9776275,1,83,-7.513855421686748,0.1927710843373494,5.686746987951807,0.10843373493975904,0.10843373493975904,0.10843373493975904,,1.855421686746988,0.8072289156626506,0.0
84,481,0.9772,1,84,-7.56904761904762,0.19047619047619047,5.726190476190476,0.10714285714285714,0.10714285714285714,0.10714285714285714,,1.8333333333333333,0.8095238095238095,0.0
85,483,0.977105,1,85,-7.60764705882353,0.18823529411764706,5.682352941176471,0.11764705882352941,0.11764705882352941,0.11764705882352941,,1.811764705882353,0.8117647058823529,0.0
86,484,0.9770575,1,86,-7.6360465116279075,0.18604651162790697,5.627906976744186,0.11627906976744186,0.11627906976744186,0.11627906976744186,,1.802325581395349,0.813953488372093,0.0
87,485,0.97701,1,87,-7.663793103448276,0.1839080459770115,5.574712643678161,0.11494252873563218,0.11494252873563218,0.11494252873563218,,1.7816091954022988,0.8160919540229885,0.0
88,496,0.9764875,1,88,-7.728977272727274,0.18181818181818182,5.636363636363637,0.125,0.125,0.125,,1.7954545454545454,0.8181818181818182,0.0
89,500,0.9762975,1,89,-7.537078651685394,0.19101123595505617,5.617977528089888,0.12359550561797752,0.12359550561797752,0.12359550561797752,,1.8089887640449438,0.8089887640449438,0.0
90,514,0.9756325,1,90,-7.603333333333334,0.18888888888888888,5.711111111111111,0.12222222222222222,0.12222222222222222,0.12222222222222222,,1.8111111111111111,0.8111111111111111,0.0
91,522,0.9752525,1,91,-7.653296703296704,0.18681318681318682,5.736263736263736,0.12087912087912088,0.12087912087912088,0.12087912087912088,,1.8131868131868132,0.8131868131868132,0.0
92,523,0.975205,1,92,-7.679347826086956,0.18478260869565216,5.684782608695652,0.11956521739130435,0.11956521739130435,0.11956521739130435,,1.8043478260869565,0.8152173913043478,0.0
93,530,0.9748725,1,93,-7.7209677419354845,0.1827956989247312,5.698924731182796,0.11827956989247312,0.11827956989247312,0.11827956989247312,,1.8064516129032258,0.8172043010752689,0.0
94,531,0.974825,1,94,-7.745744680851064,0.18085106382978725,5.648936170212766,0.11702127659574468,0.11702127659574468,0.11702127659574468,,1.7872340425531914,0.8191489361702128,0.0
95,549,0.97397,1,95,-7.60842105263158,0.18947368421052632,5.778947368421052,0.11578947368421053,0.11578947368421053,0.11578947368421053,,1.831578947368421,0.8105263157894737,0.0
96,555,0.973685,1,96,-7.646354166666668,0.1875,5.78125,0.11458333333333333,0.11458333333333333,0.11458333333333333,,1.8125,0.8125,0.0
97,556,0.9736375,1,97,-7.671134020618557,0.18556701030927836,5.731958762886598,0.1134020618556701,0.1134020618556701,0.1134020618556701,,1.7938144329896908,0.8144329896907216,0.0
98,565,0.97321,1,98,-7.723469387755103,0.1836734693877551,5.76530612244898,0.12244897959183673,0.12244897959183673,0.12244897959183673,,1.7959183673469388,0.8163265306122449,0.0
99,576,0.9726875,1,99,-7.575757575757576,0.1919191919191919,5.818181818181818,0.13131313131313133,0.13131313131313133,0.13131313131313133,,1.8686868686868687,0.8080808080808081,0.0
100,580,0.9724975,1,100,-7.613,0.19,5.8,0.14,0.14,0.14,,1.86,0.81,0.0
101,581,0.97245,2,100,-7.611500000000001,0.19,5.79,0.14,0.14,0.14,,1.85,0.81,0.0
102,585,0.97226,3,100,-7.4190000000000005,0.2,5.82,0.14,0.14,0.14,,1.88,0.8,0.0
103,589,0.97207,4,100,-7.4175,0.2,5.8,0.14,0.14,0.14,,1.86,0.8,0.0
104,591,0.971975,5,100,-7.4205000000000005,0.2,5.81,0.14,0.14,0.14,,1.86,0.8,0.0
105,593,0.97188,6,100,-7.3845,0.2,5.68,0.14,0.14,0.14,,1.77,0.8,0.0
106,598,0.9716425,7,100,-7.400000000000001,0.2,5.72,0.15,0.15,0.15,,1.78,0.8,0.0
107,606,0.9712625,8,100,-7.420000000000001,0.2,5.77,0.16,0.16,0.16,,1.78,0.8,0.0
108,609,0.97112,9,100,-7.394500000000001,0.2,5.68,0.16,0.16,0.16,,1.76,0.8,0.0
109,629,0.97017,10,100,-7.4305,0.2,5.82,0.16,0.16,0.16,,1.84,0.8,0.0
110,634,0.9699325,11,100,-7.230000000000001,0.21,5.84,0.15,0.15,0.15,,1.88,0.79,0.0
111,641,0.9696,12,100,-7.230500000000001,0.21,5.83,0.16,0.16,0.16,,1.88,0.79,0.0
112,642,0.9695525,13,100,-7.227500000000001,0.21,5.82,0.16,0.16,0.16,,1.88,0.79,0.0
113,644,0.9694575,14,100,-7.218500000000001,0.21,5.79,0.16,0.16,0.16,,1.88,0.79,0.0
114,650,0.9691725,15,100,-7.011,0.22,5.77,0.16,0.16,0.16,,1.93,0.78,0.0
115,654,0.9689825,16,100,-7.0185,0.22,5.8,0.16,0.16,0.16,,1.93,0.78,0.0
116,656,0.9688875,17,100,-7.0155,0.22,5.79,0.16,0.16,0.16,,1.91,0.78,0.0
117,666,0.9684125,18,100,-7.009000000000001,0.22,5.79,0.15,0.15,0.15,,1.97,0.78,0.0
118,668,0.9683175,19,100,-7.007500000000001,0.22,5.78,0.15,0.15,0.15,,1.97,0.78,0.0
119,672,0.9681275,20,100,-6.9945,0.22,5.71,0.16,0.16,0.16,,1.97,0.78,0.0
120,681,0.9677,21,100,-7.014000000000001,0.22,5.79,0.16,0.16,0.16,,2.01,0.78,0.0
121,685,0.96751,22,100,-7.181,0.21,5.67,0.16,0.16,0.16,,1.92,0.79,0.0
122,692,0.9671775,23,100,-7.373000000000001,0.2,5.66,0.15,0.15,0.15,,1.87,0.8,0.0
123,698,0.9668925,24,100,-7.3740000000000006,0.2,5.68,0.14,0.14,0.14,,1.87,0.8,0.0
124,703,0.966655,25,100,-7.1545000000000005,0.21,5.6,0.14,0.14,0.14,,1.8,0.79,0.0
125,704,0.9666075,26,100,-7.132000000000001,0.21,5.52,0.14,0.14,0.14,,1.78,0.79,0.0
126,707,0.966465,27,100,-7.135000000000002,0.21,5.54,0.14,0.14,0.14,,1.77,0.79,0.0
127,710,0.9663225,28,100,-7.135000000000002,0.21,5.54,0.14,0.14,0.14,,1.79,0.79,0.0
128,713,0.96618,29,100,-7.3395,0.2,5.55,0.14,0.14,0.14,,1.77,0.8,0.0
129,715,0.966085,30,100,-7.329000000000001,0.2,5.5,0.14,0.14,0.14,,1.74,0.8,0.0
130,719,0.965895,31,100,-7.336500000000001,0.2,5.53,0.14,0.14,0.14,,1.74,0.8,0.0
131,723,0.965705,32,100,-7.329000000000001,0.2,5.5,0.14,0.14,0.14,,1.75,0.8,0.0
132,726,0.9655625,33,100,-7.335000000000001,0.2,5.52,0.14,0.14,0.14,,1.75,0.8,0.0
133,727,0.965515,34,100,-7.317,0.2,5.45,0.14,0.14,0.14,,1.72,0.8,0.0
134,736,0.9650875,35,100,-7.322500000000002,0.2,5.48,0.13,0.13,0.13,,1.71,0.8,0.0
135,737,0.96504,36,100,-7.304500000000001,0.2,5.42,0.13,0.13,0.13,,1.71,0.8,0.0
136,743,0.964755,37,100,-7.3135,0.2,5.46,0.13,0.13,0.13,,1.74,0.8,0.0
137,744,0.9647075,38,100,-7.307500000000001,0.2,5.44,0.13,0.13,0.13,,1.74,0.8,0.0
138,750,0.9644225,39,100,-7.114000000000001,0.21,5.45,0.14,0.14,0.14,,1.74,0.79,0.0
139,752,0.9643275,40,100,-6.900500000000001,0.22,5.4,0.14,0.14,0.14,,1.75,0.78,0.0
140,755,0.964185,41,100,-6.892,0.22,5.35,0.15,0.15,0.15,,1.72,0.78,0.0
141,759,0.963995,42,100,-6.851500000000001,0.22,5.2,0.15,0.15,0.15,,1.69,0.78,0.0
142,777,0.96314,43,100,-7.075500000000001,0.21,5.31,0.15,0.15,0.15,,1.71,0.79,0.0
143,778,0.9630925,44,100,-7.272500000000001,0.2,5.3,0.15,0.15,0.15,,1.7,0.8,0.0
144,790,0.9625225,45,100,-7.290500000000001,0.2,5.38,0.15,0.15,0.15,,1.77,0.8,0.0
145,813,0.96143,46,100,-7.3445,0.2,5.6,0.15,0.15,0.15,,1.89,0.8,0.0
146,820,0.9610975,47,100,-7.3445,0.2,5.61,0.15,0.15,0.15,,1.96,0.8,0.0
147,821,0.96105,48,100,-7.535500000000001,0.19,5.57,0.15,0.15,0.15,,1.91,0.81,0.0
148,826,0.9608125,49,100,-7.537000000000001,0.19,5.58,0.15,0.15,0.15,,1.93,0.81,0.0
149,829,0.96067,50,100,-7.543000000000001,0.19,5.6,0.15,0.15,0.15,,1.93,0.81,0.0
150,836,0.9603375,51,100,-7.343500000000001,0.2,5.59,0.16,0.16,0.16,,1.96,0.8,0.0
151,845,0.95991,52,100,-7.3585,0.2,5.65,0.16,0.16,0.16,,1.97,0.8,0.0
152,857,0.95934,53,100,-7.5885,0.19,5.76,0.16,0.16,0.16,,1.96,0.81,0.0
153,861,0.95915,54,100,-7.7555000000000005,0.18,5.64,0.16,0.16,0.16,,1.89,0.82,0.0
154,867,0.958865,55,100,-7.7445,0.18,5.62,0.15,0.15,0.15,,1.93,0.82,0.0
155,868,0.9588175,56,100,-7.732500000000001,0.18,5.58,0.15,0.15,0.15,,1.93,0.82,0.0
156,873,0.95858,57,100,-7.741500000000001,0.18,5.61,0.15,0.15,0.15,,1.92,0.82,0.0
157,879,0.958295,58,100,-7.735500000000001,0.18,5.6,0.15,0.15,0.15,,1.92,0.82,0.0
158,883,0.958105,59,100,-7.928000000000001,0.17,5.57,0.15,0.15,0.15,,1.85,0.83,0.0
159,899,0.957345,60,100,-7.7595,0.18,5.71,0.15,0.15,0.15,,1.93,0.82,0.0
160,906,0.9570125,61,100,-7.7825000000000015,0.18,5.77,0.16,0.16,0.16,,1.97,0.82,0.0
161,911,0.956775,62,100,-7.7825000000000015,0.18,5.77,0.16,0.16,0.16,,2.01,0.82,0.0
162,923,0.956205,63,100,-7.791500000000001,0.18,5.8,0.16,0.16,0.16,,2.04,0.82,0.0
163,926,0.9560625,64,100,-7.785500000000001,0.18,5.78,0.16,0.16,0.16,,2.04,0.82,0.0
164,940,0.9553975,65,100,-7.9925000000000015,0.17,5.81,0.15,0.15,0.15,,2.12,0.83,0.0
165,944,0.9552075,66,100,-7.997000000000001,0.17,5.83,0.15,0.15,0.15,,2.11,0.83,0.0
166,948,0.9550175,67,100,-7.801500000000001,0.18,5.85,0.15,0.15,0.15,,2.12,0.82,0.0
167,963,0.954305,68,100,-7.8345,0.18,5.97,0.15,0.15,0.15,,2.16,0.82,0.0
168,966,0.9541625,69,100,-7.821000000000001,0.18,5.92,0.15,0.15,0.15,,2.12,0.82,0.0
169,970,0.9539725,70,100,-7.798500000000001,0.18,5.85,0.15,0.15,0.15,,2.04,0.82,0.0
170,979,0.953545,71,100,-7.614000000000001,0.19,5.88,0.16,0.16,0.16,,2.13,0.81,0.0
171,981,0.95345,72,100,-7.614000000000001,0.19,5.88,0.16,0.16,0.16,,2.14,0.81,0.0
172,984,0.9533075,73,100,-7.406500000000001,0.2,5.85,0.16,0.16,0.16,,2.17,0.8,0.0
173,989,0.95307,74,100,-7.4035,0.2,5.82,0.16,0.16,0.16,,2.12,0.8,0.0
174,990,0.9530225,75,100,-7.394500000000001,0.2,5.79,0.16,0.16,0.16,,2.12,0.8,0.0
175,998,0.9526425000000001,76,100,-7.405000000000001,0.2,5.83,0.16,0.16,0.16,,2.19,0.8,0.0
176,1005,0.95231,77,100,-7.414000000000001,0.2,5.87,0.16,0.16,0.16,1.4135842521985371,2.22,0.8,0.0
177,1012,0.9519775,78,100,-7.617000000000001,0.19,5.89,0.16,0.16,0.16,1.4151005077929724,2.2,0.81,0.0
178,1022,0.9515025,79,100,-7.596,0.19,5.82,0.16,0.16,0.16,1.4354074887813084,2.18,0.81,0.0
179,1034,0.9509325,80,100,-7.621500000000001,0.19,5.91,0.16,0.16,0.16,1.3653108248398418,2.19,0.81,0.0
180,1045,0.95041,81,100,-7.641,0.19,5.97,0.16,0.16,0.16,1.2448746692927883,2.25,0.81,0.0
181,1064,0.9495075,82,100,-7.648000000000001,0.19,6.02,0.15,0.15,0.15,1.1195679994160666,2.3,0.81,0.0
182,1068,0.9493175,83,100,-7.835500000000001,0.18,5.99,0.14,0.14,0.14,1.0110961604211786,2.28,0.82,0.0
183,1070,0.9492225,84,100,-7.831,0.18,5.98,0.14,0.14,0.14,0.920180149459074,2.29,0.82,0.0
184,1080,0.9487475,85,100,-7.835500000000001,0.18,5.99,0.14,0.14,0.14,0.9011904553520834,2.31,0.82,0.0
185,1083,0.948605,86,100,-7.832000000000001,0.18,6.0,0.13,0.13,0.13,0.8451314141703984,2.31,0.82,0.0
186,1085,0.94851,87,100,-7.835000000000001,0.18,6.01,0.13,0.13,0.13,0.8087067757911158,2.3,0.82,0.0
187,1089,0.94832,88,100,-7.844000000000001,0.18,6.04,0.13,0.13,0.13,0.7815814864752061,2.3,0.82,0.0
188,1091,0.948225,89,100,-7.8135,0.18,5.95,0.12,0.12,0.12,0.7784201504741601,2.27,0.82,0.0
189,1099,0.947845,90,100,-8.027000000000001,0.17,5.99,0.12,0.12,0.12,0.7548302948681258,2.26,0.83,0.0
190,1110,0.9473225,91,100,-7.819500000000001,0.18,5.96,0.12,0.12,0.12,0.7370937322904922,2.26,0.82,0.0
191,1116,0.9470375,92,100,-7.6135,0.19,5.94,0.12,0.12,0.12,0.7129710996831076,2.25,0.81,0.0
192,1122,0.9467525,93,100,-7.6240000000000006,0.19,5.99,0.12,0.12,0.12,0.6979278917257333,2.24,0.81,0.0
193,1124,0.9466575,94,100,-7.617000000000001,0.19,5.94,0.13,0.13,0.13,0.6984761683888671,2.24,0.81,0.0
194,1143,0.945755,95,100,-7.466500000000001,0.2,6.12,0.13,0.13,0.13,0.6860323790530648,2.38,0.8,0.0
195,1148,0.9455175,96,100,-7.632000000000001,0.19,5.99,0.13,0.13,0.13,0.6797955742358438,2.32,0.81,0.0
196,1153,0.94528,97,100,-7.632000000000001,0.19,5.98,0.13,0.13,0.13,0.6706300749550993,2.33,0.81,0.0
197,1159,0.944995,98,100,-7.645500000000001,0.19,6.03,0.13,0.13,0.13,0.6579427729618614,2.33,0.81,0.0
198,1165,0.94471,99,100,-7.4300000000000015,0.2,6.0,0.12,0.12,0.12,0.6433312026166632,2.34,0.8,0.0
199,1167,0.944615,100,100,-7.607500000000001,0.19,5.91,0.12,0.12,0.12,0.6357643320021755,2.25,0.81,0.0
200,1170,0.9444725,101,100,-7.601,0.19,5.9,0.11,0.11,0.11,0.6194401966088432,2.24,0.81,0.0
201,1172,0.9443775,102,100,-7.604000000000001,0.19,5.91,0.11,0.11,0.11,0.613043434099167,2.24,0.81,0.0
202,1177,0.94414,103,100,-7.812,0.18,5.92,0.12,0.12,0.12,0.6046687791035147,2.21,0.82,0.0
203,1181,0.94395,104,100,-7.817,0.18,5.92,0.13,0.13,0.13,0.5984937478236869,2.21,0.82,0.0
204,1183,0.943855,105,100,-7.817,0.18,5.92,0.13,0.13,0.13,0.5906905566676952,2.21,0.82,0.0
205,1191,0.9434750000000001,106,100,-7.629000000000001,0.19,5.98,0.13,0.13,0.13,0.5798727077538286,2.23,0.81,0.0
206,1198,0.9431425,107,100,-7.635000000000002,0.19,6.0,0.13,0.13,0.13,0.568990599000943,2.22,0.81,0.0
207,1201,0.9430000000000001,108,100,-7.6135,0.19,5.95,0.12,0.12,0.12,0.5691241686362543,2.22,0.81,0.0
208,1202,0.9429525,109,100,-7.609000000000001,0.19,5.93,0.12,0.12,0.12,0.565676827244664,2.22,0.81,0.0
209,1205,0.94281,110,100,-7.565500000000001,0.19,5.76,0.12,0.12,0.12,0.5609898854973053,2.14,0.81,0.0
210,1209,0.94262,111,100,-7.762500000000001,0.18,5.75,0.12,0.12,0.12,0.5538214123829279,2.11,0.82,0.0
211,1211,0.9425250000000001,112,100,-7.744000000000001,0.18,5.7,0.11,0.11,0.11,0.5403882382173852,2.11,0.82,0.0
212,1217,0.94224,113,100,-7.7545,0.18,5.75,0.11,0.11,0.11,0.5319959137709697,2.13,0.82,0.0
213,1225,0.94186,114,100,-7.771,0.18,5.81,0.11,0.11,0.11,0.5298403191252892,2.17,0.82,0.0
214,1229,0.94167,115,100,-7.965000000000001,0.17,5.79,0.11,0.11,0.11,0.5192557559248476,2.12,0.83,0.0
215,1239,0.941195,116,100,-7.980000000000001,0.17,5.85,0.11,0.11,0.11,0.5159863320244602,2.14,0.83,0.0
216,1246,0.9408625,117,100,-7.995000000000001,0.17,5.9,0.11,0.11,0.11,0.5095065196371316,2.14,0.83,0.0
217,1248,0.9407675,118,100,-7.9755,0.17,5.82,0.11,0.11,0.11,0.4979793770224939,2.06,0.83,0.0
218,1251,0.940625,119,100,-7.9785,0.17,5.83,0.11,0.11,0.11,0.4892531343108596,2.06,0.83,0.0
219,1266,0.9399125,120,100,-7.796,0.18,5.94,0.1,0.1,0.1,0.48677079216304103,2.07,0.82,0.0
220,1270,0.9397225,121,100,-7.784000000000001,0.18,5.89,0.1,0.1,0.1,0.4866620435249271,2.03,0.82,0.0
221,1280,0.9392475,122,100,-7.597500000000001,0.19,5.95,0.1,0.1,0.1,0.48219997117075214,2.05,0.81,0.0
222,1284,0.9390575,123,100,-7.3870000000000005,0.2,5.92,0.1,0.1,0.1,0.4812804877157822,2.05,0.8,0.0
223,1286,0.9389625,124,100,-7.375000000000001,0.2,5.88,0.1,0.1,0.1,0.47251321465729695,2.05,0.8,0.0
224,1288,0.9388675,125,100,-7.567500000000001,0.19,5.85,0.1,0.1,0.1,0.48110696457803515,2.01,0.81,0.0
225,1289,0.93882,126,100,-7.567500000000001,0.19,5.85,0.1,0.1,0.1,0.473684864613619,2.01,0.81,0.0
226,1291,0.938725,127,100,-7.566,0.19,5.84,0.1,0.1,0.1,0.47331715065786906,2.01,0.81,0.0
227,1300,0.9382975,128,100,-7.582500000000001,0.19,5.9,0.1,0.1,0.1,0.4679093615007451,1.99,0.81,0.0
228,1305,0.93806,129,100,-7.5885,0.19,5.92,0.1,0.1,0.1,0.4622042041833045,2.0,0.81,0.0
229,1313,0.93768,130,100,-7.397500000000001,0.2,5.98,0.1,0.1,0.1,0.46038096821165403,2.01,0.8,0.0
230,1317,0.93749,131,100,-7.394500000000001,0.2,5.98,0.1,0.1,0.1,0.4568763495303223,2.04,0.8,0.0
231,1325,0.93711,132,100,-7.400500000000001,0.2,6.02,0.1,0.1,0.1,0.4539769467131574,2.01,0.8,0.0
232,1341,0.93635,133,100,-7.240000000000001,0.21,6.15,0.11,0.11,0.11,0.4507738583495455,2.03,0.79,0.0
233,1342,0.9363025,134,100,-7.240000000000001,0.21,6.15,0.11,0.11,0.11,0.44324791188830703,2.03,0.79,0.0
234,1348,0.9360175000000001,135,100,-7.0295000000000005,0.22,6.12,0.11,0.11,0.11,0.43888557494599434,2.02,0.78,0.0
235,1358,0.9355425,136,100,-7.0520000000000005,0.22,6.21,0.11,0.11,0.11,0.43689939321357507,2.05,0.78,0.0
236,1364,0.9352575,137,100,-7.0535000000000005,0.22,6.21,0.11,0.11,0.11,0.43565808323753824,2.02,0.78,0.0
237,1367,0.935115,138,100,-7.059500000000001,0.22,6.23,0.11,0.11,0.11,0.43385972769217307,2.02,0.78,0.0
238,1370,0.9349725,139,100,-7.0520000000000005,0.22,6.2,0.11,0.11,0.11,0.43046466647107606,1.97,0.78,0.0
239,1384,0.9343075,140,100,-7.284000000000001,0.21,6.32,0.12,0.12,0.12,0.42838442857380216,2.0,0.79,0.0
240,1387,0.934165,141,100,-7.0775000000000015,0.22,6.32,0.11,0.11,0.11,0.4263374714244164,2.02,0.78,0.0
241,1392,0.9339275,142,100,-7.0840000000000005,0.22,6.33,0.12,0.12,0.12,0.4269552066730568,2.01,0.78,0.0
242,1405,0.93331,143,100,-7.077000000000001,0.22,6.28,0.13,0.13,0.13,0.42453332113355136,2.02,0.78,0.0
243,1409,0.93312,144,100,-7.088000000000001,0.22,6.31,0.14,0.14,0.14,0.4233893792780726,2.02,0.78,0.0
244,1420,0.9325975,145,100,-7.085000000000001,0.22,6.3,0.14,0.14,0.14,0.4197777558518887,1.95,0.78,0.0
245,1428,0.9322175,146,100,-7.0520000000000005,0.22,6.15,0.14,0.14,0.14,0.4193281067038929,1.85,0.78,0.0
246,1439,0.9316949999999999,147,100,-6.8660000000000005,0.23,6.19,0.15,0.15,0.15,0.4182755148047361,1.8,0.77,0.0
247,1451,0.931125,148,100,-6.697500000000002,0.24,6.3,0.15,0.15,0.15,0.41658389799998785,1.85,0.76,0.0
248,1452,0.9310775,149,100,-6.687,0.24,6.26,0.15,0.15,0.15,0.41840857495876127,1.82,0.76,0.0
249,1457,0.93084,150,100,-6.698,0.24,6.28,0.16,0.16,0.16,0.41891765842041373,1.82,0.76,0.0
250,1458,0.9307925,151,100,-6.878000000000001,0.23,6.22,0.15,0.15,0.15,0.41395306404310783,1.79,0.77,0.0
251,1477,0.92989,152,100,-6.902,0.23,6.32,0.15,0.15,0.15,0.4113500309943281,1.8,0.77,0.0
252,1480,0.9297475,153,100,-6.878000000000001,0.23,6.23,0.15,0.15,0.15,0.4097566207200203,1.8,0.77,0.0
253,1488,0.9293675,154,100,-6.895000000000001,0.23,6.27,0.16,0.16,0.16,0.40777703345302857,1.82,0.77,0.0
254,1493,0.92913,155,100,-6.892,0.23,6.26,0.16,0.16,0.16,0.40547294536879913,1.78,0.77,0.0
255,1494,0.9290825,156,100,-6.892,0.23,6.26,0.16,0.16,0.16,0.4041590889856777,1.79,0.77,0.0
256,1506,0.9285125,157,100,-6.712000000000001,0.24,6.33,0.17,0.17,0.17,0.4044463849096753,1.8,0.76,0.0
257,1522,0.9277525,158,100,-6.540500000000001,0.25,6.43,0.17,0.17,0.17,0.4070282698957362,1.83,0.75,0.0
258,1532,0.9272775,159,100,-6.557,0.25,6.49,0.17,0.17,0.17,0.40997105082909685,1.84,0.75,0.0
259,1535,0.927135,160,100,-6.5285,0.25,6.36,0.17,0.17,0.17,0.4133929982788926,1.76,0.75,0.0
260,1545,0.92666,161,100,-6.5295000000000005,0.25,6.39,0.16,0.16,0.16,0.4142691340874638,1.74,0.75,0.0
261,1548,0.9265175,162,100,-6.5235,0.25,6.37,0.16,0.16,0.16,0.4152188444098709,1.7,0.75,0.0
262,1555,0.926185,163,100,-6.711500000000001,0.24,6.32,0.16,0.16,0.16,0.4147130285250678,1.66,0.76,0.0
263,1568,0.9255675,164,100,-6.746500000000001,0.24,6.42,0.17,0.17,0.17,0.41425811988449296,1.66,0.76,0.0
264,1574,0.9252825,165,100,-6.7255,0.24,6.34,0.17,0.17,0.17,0.41573472168400777,1.59,0.76,0.0
265,1579,0.925045,166,100,-6.730000000000001,0.24,6.35,0.17,0.17,0.17,0.4142189659316878,1.6,0.76,0.0
266,1580,0.9249975,167,100,-6.922500000000001,0.23,6.32,0.17,0.17,0.17,0.4192715389688794,1.58,0.77,0.0
267,1586,0.9247125,168,100,-6.894000000000001,0.23,6.23,0.17,0.17,0.17,0.41944175685991686,1.54,0.77,0.0
268,1596,0.9242375,169,100,-6.712000000000001,0.24,6.3,0.17,0.17,0.17,0.4186520891712009,1.54,0.76,0.0
269,1604,0.9238575,170,100,-6.722500000000001,0.24,6.34,0.17,0.17,0.17,0.4192026341519548,1.54,0.76,0.0
270,1619,0.923145,171,100,-6.732500000000001,0.24,6.4,0.16,0.16,0.16,0.4184233470222496,1.46,0.76,0.0
271,1626,0.9228125,172,100,-6.743,0.24,6.45,0.16,0.16,0.16,0.41848050438987966,1.46,0.76,0.0
272,1629,0.92267,173,100,-6.9430000000000005,0.23,6.45,0.16,0.16,0.16,0.41777530413192826,1.43,0.77,0.0
273,1633,0.92248,174,100,-7.1400000000000015,0.22,6.44,0.16,0.16,0.16,0.41794960102745715,1.4,0.78,0.0
274,1636,0.9223375,175,100,-7.146,0.22,6.46,0.16,0.16,0.16,0.4165923312159163,1.39,0.78,0.0
275,1642,0.9220525,176,100,-7.1370000000000005,0.22,6.44,0.16,0.16,0.16,0.41662571344060345,1.32,0.78,0.0
276,1654,0.9214825,177,100,-6.950500000000001,0.23,6.49,0.16,0.16,0.16,0.4071771600796048,1.34,0.77,0.0
277,1664,0.9210075,178,100,-6.961,0.23,6.52,0.16,0.16,0.16,0.3979644800580378,1.35,0.77,0.0
278,1666,0.9209125,179,100,-7.147500000000001,0.22,6.44,0.16,0.16,0.16,0.3920870733416911,1.25,0.78,0.0
279,1673,0.92058,180,100,-7.131,0.22,6.39,0.16,0.16,0.16,0.3845766942891031,1.24,0.78,0.0
280,1690,0.9197725,181,100,-7.154000000000001,0.22,6.45,0.17,0.17,0.17,0.3804582935676958,1.24,0.78,0.0
281,1698,0.9193925000000001,182,100,-7.125500000000001,0.22,6.34,0.17,0.17,0.17,0.3797316322169217,1.18,0.78,0.0
282,1700,0.9192975,183,100,-7.126,0.22,6.32,0.18,0.18,0.18,0.38022987543334685,1.17,0.78,0.0
283,1702,0.9192025,184,100,-6.927500000000001,0.23,6.32,0.18,0.18,0.18,0.3812959897397967,1.16,0.77,0.0
284,1705,0.91906,185,100,-6.706500000000001,0.24,6.25,0.18,0.18,0.18,0.37732069754702474,1.14,0.76,0.0
285,1720,0.9183475,186,100,-6.7395000000000005,0.24,6.37,0.18,0.18,0.18,0.3792026068975789,1.18,0.76,0.0
286,1722,0.9182525,187,100,-6.7395000000000005,0.24,6.37,0.18,0.18,0.18,0.37659837875120467,1.18,0.76,0.0
287,1735,0.917635,188,100,-6.553000000000001,0.25,6.46,0.18,0.18,0.18,0.3756751235785749,1.19,0.75,0.0
288,1742,0.9173025,189,100,-6.5680000000000005,0.25,6.51,0.18,0.18,0.18,0.3713119458831302,1.2,0.75,0.0
289,1746,0.9171125,190,100,-6.357500000000001,0.26,6.47,0.18,0.18,0.18,0.3686334746755115,1.18,0.74,0.0
290,1754,0.9167325,191,100,-6.5535000000000005,0.25,6.44,0.19,0.19,0.19,0.368580036486834,1.17,0.75,0.0
291,1763,0.916305,192,100,-6.758000000000001,0.24,6.47,0.19,0.19,0.19,0.36911413260696635,1.16,0.76,0.0
292,1786,0.9152125,193,100,-6.810500000000001,0.24,6.64,0.19,0.19,0.19,0.3688609558589696,1.24,0.76,0.0
293,1795,0.914785,194,100,-6.8235,0.24,6.71,0.18,0.18,0.18,0.36614765729315807,1.22,0.76,0.0
294,1802,0.9144525,195,100,-6.990500000000001,0.23,6.59,0.18,0.18,0.18,0.3645601674276619,1.13,0.77,0.0
295,1806,0.9142625,196,100,-6.986000000000001,0.23,6.58,0.18,0.18,0.18,0.36339678901017,1.13,0.77,0.0
296,1808,0.9141675,197,100,-6.977,0.23,6.55,0.18,0.18,0.18,0.3613785097855358,1.12,0.77,0.0
297,1814,0.9138825,198,100,-6.9755,0.23,6.55,0.18,0.18,0.18,0.35997680334826593,1.12,0.77,0.0
298,1825,0.91336,199,100,-7.190500000000001,0.22,6.6,0.18,0.18,0.18,0.36148916460743735,1.11,0.78,0.0
299,1827,0.913265,200,100,-7.185500000000001,0.22,6.6,0.17,0.17,0.17,0.36067636616698096,1.11,0.78,0.0
300,1834,0.9129325,201,100,-7.194500000000001,0.22,6.64,0.17,0.17,0.17,0.36186898273630275,1.14,0.78,0.0
301,1847,0.912315,202,100,-7.024500000000001,0.23,6.75,0.17,0.17,0.17,0.36046577027425236,1.14,0.77,0.0
302,1866,0.9114125,203,100,-7.063000000000001,0.23,6.89,0.16,0.16,0.16,0.35920334155058453,1.18,0.77,0.0
303,1871,0.911175,204,100,-7.059500000000001,0.23,6.9,0.15,0.15,0.15,0.3584156689265926,1.18,0.77,0.0
304,1876,0.9109375,205,100,-7.0685,0.23,6.93,0.15,0.15,0.15,0.3572247469792325,1.22,0.77,0.0
305,1877,0.91089,206,100,-7.2535,0.22,6.86,0.15,0.15,0.15,0.3550467921881188,1.2,0.78,0.0
306,1888,0.9103675,207,100,-7.058000000000001,0.23,6.9,0.15,0.15,0.15,0.3555580147898298,1.2,0.77,0.0
307,1912,0.9092275,208,100,-6.906000000000001,0.24,7.11,0.15,0.15,0.15,0.3522627206751308,1.24,0.76,0.0
308,1917,0.90899,209,100,-6.918000000000001,0.24,7.15,0.15,0.15,0.15,0.349132284239789,1.25,0.76,0.0
309,1925,0.90861,210,100,-6.9285000000000005,0.24,7.2,0.15,0.15,0.15,0.34753212803377226,1.26,0.76,0.0
310,1929,0.90842,211,100,-6.7255,0.25,7.2,0.15,0.15,0.15,0.347128899240479,1.25,0.75,0.0
311,1930,0.9083725,212,100,-6.724000000000001,0.25,7.19,0.15,0.15,0.15,0.3479106007829161,1.25,0.75,0.0
312,1936,0.9080875,213,100,-6.7285,0.25,7.19,0.15,0.15,0.15,0.34836128406094774,1.24,0.75,0.0
313,1942,0.9078025000000001,214,100,-6.730500000000001,0.25,7.17,0.16,0.16,0.16,0.34705770125480756,1.2,0.75,0.0
314,1947,0.907565,215,100,-6.735000000000001,0.25,7.18,0.16,0.16,0.16,0.34852239922115963,1.2,0.75,0.0
315,1956,0.9071375,216,100,-6.740000000000001,0.25,7.17,0.17,0.17,0.17,0.34754314484211896,1.22,0.75,0.0
316,1964,0.9067575,217,100,-6.7385,0.25,7.18,0.17,0.17,0.17,0.3482500455276124,1.24,0.75,0.0
317,1979,0.906045,218,100,-6.571500000000001,0.26,7.31,0.17,0.17,0.17,0.34960969148660226,1.27,0.74,0.0
318,1981,0.90595,219,100,-6.5685,0.26,7.3,0.17,0.17,0.17,0.34971285098999266,1.27,0.74,0.0
319,1984,0.9058075,220,100,-6.743,0.25,7.18,0.17,0.17,0.17,0.347878315846965,1.26,0.75,0.0
320,1990,0.9055225,221,100,-6.746,0.25,7.2,0.17,0.17,0.17,0.34512208248883014,1.26,0.75,0.0
321,1993,0.90538,222,100,-6.926500000000001,0.24,7.13,0.17,0.17,0.17,0.343766427425576,1.23,0.76,0.0
322,1994,0.9053325,223,100,-7.120500000000001,0.23,7.1,0.17,0.17,0.17,0.34019550693584755,1.23,0.77,0.0
323,1995,0.905285,224,100,-7.1175000000000015,0.23,7.09,0.17,0.17,0.17,0.34092690502656775,1.23,0.77,0.0
324,2008,0.9046675,225,100,-7.144500000000001,0.23,7.2,0.17,0.17,0.17,0.3369364541124782,1.29,0.77,0.0
325,2011,0.904525,226,100,-7.150500000000001,0.23,7.22,0.17,0.17,0.17,0.34045115846906915,1.3,0.77,0.0
326,2013,0.9044300000000001,227,100,-6.952000000000001,0.24,7.22,0.17,0.17,0.17,0.3416523856273772,1.3,0.76,0.0
327,2020,0.9040975,228,100,-6.944500000000001,0.24,7.2,0.17,0.17,0.17,0.3463608670935679,1.36,0.76,0.0
328,2028,0.9037175,229,100,-6.7490000000000006,0.25,7.23,0.17,0.17,0.17,0.3506910940588165,1.36,0.75,0.0
329,2033,0.9034800000000001,230,100,-6.947500000000002,0.24,7.2,0.17,0.17,0.17,0.3523604668921504,1.35,0.76,0.0
330,2034,0.9034325,231,100,-6.9430000000000005,0.24,7.17,0.17,0.17,0.17,0.3551360275142539,1.33,0.76,0.0
331,2037,0.90329,232,100,-6.934000000000001,0.24,7.12,0.17,0.17,0.17,0.3591494875599343,1.32,0.76,0.0
332,2048,0.9027675000000001,233,100,-7.112500000000001,0.23,7.07,0.16,0.16,0.16,0.3617820806615233,1.34,0.77,0.0
333,2050,0.9026725,234,100,-7.115500000000001,0.23,7.08,0.16,0.16,0.16,0.36409699319863614,1.34,0.77,0.0
334,2055,0.902435,235,100,-7.312500000000001,0.22,7.07,0.16,0.16,0.16,0.367200935247372,1.35,0.78,0.0
335,2056,0.9023875,236,100,-7.290000000000001,0.22,6.98,0.16,0.16,0.16,0.3691231295531794,1.32,0.78,0.0
336,2058,0.9022925,237,100,-7.2795000000000005,0.22,6.94,0.16,0.16,0.16,0.36965401815283344,1.33,0.78,0.0
337,2064,0.9020075,238,100,-7.287000000000001,0.22,6.97,0.16,0.16,0.16,0.3713341752380932,1.37,0.78,0.0
338,2070,0.9017225,239,100,-7.288,0.22,7.0,0.15,0.15,0.15,0.37462817622381495,1.38,0.78,0.0
339,2080,0.9012475,240,100,-7.072500000000002,0.23,6.96,0.14,0.14,0.14,0.3783478224359276,1.33,0.77,0.0
340,2091,0.900725,241,100,-7.101500000000001,0.23,7.04,0.15,0.15,0.15,0.38079559515116834,1.38,0.77,0.0
341,2093,0.90063,242,100,-7.087500000000001,0.23,7.01,0.14,0.14,0.14,0.3837060173719945,1.39,0.77,0.0
342,2100,0.9002975,243,100,-7.067500000000001,0.23,6.95,0.13,0.13,0.13,0.3864278068885031,1.36,0.77,0.0
343,2109,0.8998700000000001,244,100,-7.079000000000001,0.23,7.0,0.12,0.12,0.12,0.38859030844385317,1.36,0.77,0.0
344,2110,0.8998225,245,100,-7.255000000000001,0.22,6.9,0.12,0.12,0.12,0.38925473720762205,1.35,0.78,0.0
345,2114,0.8996325000000001,246,100,-7.243,0.22,6.86,0.12,0.12,0.12,0.38989939462854784,1.32,0.78,0.0
346,2123,0.899205,247,100,-7.4365000000000006,0.21,6.84,0.11,0.11,0.11,0.39056263209471426,1.3,0.79,0.0
347,2129,0.89892,248,100,-7.620000000000001,0.2,6.78,0.11,0.11,0.11,0.3911885051149435,1.26,0.8,0.0
348,2135,0.898635,249,100,-7.635000000000002,0.2,6.83,0.11,0.11,0.11,0.38954372194591236,1.28,0.8,0.0
349,2139,0.898445,250,100,-7.627000000000001,0.2,6.82,0.1,0.1,0.1,0.3906558946463771,1.28,0.8,0.0
350,2144,0.8982075,251,100,-7.644000000000001,0.2,6.86,0.11,0.11,0.11,0.39408190249833536,1.28,0.8,0.0
351,2151,0.897875,252,100,-7.615500000000001,0.2,6.74,0.11,0.11,0.11,0.3967889738706852,1.25,0.8,0.0
352,2159,0.897495,253,100,-7.6355,0.2,6.79,0.12,0.12,0.12,0.3976121945371831,1.26,0.8,0.0
353,2168,0.8970675,254,100,-7.432,0.21,6.8,0.11,0.11,0.11,0.3996544499153174,1.24,0.79,0.0
354,2171,0.896925,255,100,-7.427500000000001,0.21,6.78,0.11,0.11,0.11,0.40052862680947676,1.25,0.79,0.0
355,2179,0.896545,256,100,-7.452000000000001,0.21,6.85,0.12,0.12,0.12,0.40155769230297106,1.27,0.79,0.0
356,2187,0.896165,257,100,-7.641,0.2,6.81,0.11,0.11,0.11,0.40108661719097094,1.27,0.8,0.0
357,2192,0.8959275,258,100,-7.814500000000001,0.19,6.7,0.12,0.12,0.12,0.3994249329090797,1.24,0.81,0.0
358,2196,0.8957375,259,100,-7.795000000000001,0.19,6.64,0.12,0.12,0.12,0.3960299920112573,1.23,0.81,0.0
359,2216,0.8947875,260,100,-7.840000000000001,0.19,6.81,0.12,0.12,0.12,0.39291094905591833,1.23,0.81,0.0
360,2221,0.89455,261,100,-7.830000000000001,0.19,6.76,0.13,0.13,0.13,0.3917970512256705,1.21,0.81,0.0
361,2222,0.8945025,262,100,-7.824000000000001,0.19,6.74,0.13,0.13,0.13,0.3883815707709077,1.21,0.81,0.0
362,2229,0.89417,263,100,-7.618,0.2,6.74,0.13,0.13,0.13,0.3876774150043695,1.21,0.8,0.0
363,2230,0.8941225,264,100,-7.5785,0.2,6.62,0.12,0.12,0.12,0.38795280979481717,1.21,0.8,0.0
364,2237,0.89379,265,100,-7.581500000000001,0.2,6.63,0.12,0.12,0.12,0.38595649282116506,1.2,0.8,0.0
365,2241,0.8936,266,100,-7.5785,0.2,6.62,0.12,0.12,0.12,0.3858856389619788,1.19,0.8,0.0
366,2242,0.8935525,267,100,-7.5785,0.2,6.62,0.12,0.12,0.12,0.38133423633355706,1.19,0.8,0.0
367,2247,0.893315,268,100,-7.5785,0.2,6.61,0.12,0.12,0.12,0.3800242024484159,1.21,0.8,0.0
368,2248,0.8932675,269,100,-7.756,0.19,6.52,0.12,0.12,0.12,0.37981286440892825,1.21,0.81,0.0
369,2250,0.8931725,270,100,-7.7395000000000005,0.19,6.46,0.12,0.12,0.12,0.3791687220419825,1.21,0.81,0.0
370,2256,0.8928875000000001,271,100,-7.915500000000001,0.18,6.37,0.12,0.12,0.12,0.37818540479097573,1.2,0.82,0.0
371,2267,0.892365,272,100,-7.726,0.19,6.41,0.12,0.12,0.12,0.3767917249459862,1.19,0.81,0.0
372,2270,0.8922225,273,100,-7.726,0.19,6.41,0.12,0.12,0.12,0.37629194794683046,1.19,0.81,0.0
373,2277,0.89189,274,100,-7.7385,0.19,6.44,0.13,0.13,0.13,0.374810660020395,1.2,0.81,0.0
374,2281,0.8917,275,100,-7.740000000000001,0.19,6.45,0.13,0.13,0.13,0.3754012234741289,1.24,0.81,0.0
375,2297,0.8909400000000001,276,100,-7.7715000000000005,0.19,6.55,0.13,0.13,0.13,0.3738935374731907,1.27,0.81,0.0
376,2300,0.8907975,277,100,-7.949000000000001,0.18,6.46,0.13,0.13,0.13,0.370902023950228,1.22,0.82,0.0
377,2307,0.8904650000000001,278,100,-7.7385,0.19,6.43,0.13,0.13,0.13,0.36835203833389313,1.21,0.81,0.0
378,2309,0.89037,279,100,-7.7385,0.19,6.43,0.13,0.13,0.13,0.3618882121841911,1.21,0.81,0.0
379,2336,0.8890875,280,100,-7.588000000000001,0.2,6.63,0.13,0.13,0.13,0.36015744269154465,1.26,0.8,0.0
380,2342,0.8888025,281,100,-7.351500000000001,0.21,6.52,0.12,0.12,0.12,0.35894887149776833,1.19,0.79,0.0
381,2359,0.887995,282,100,-7.3785,0.21,6.61,0.12,0.12,0.12,0.3565018221561108,1.21,0.79,0.0
382,2363,0.887805,283,100,-7.3795,0.21,6.63,0.11,0.11,0.11,0.35446376299599747,1.22,0.79,0.0
383,2368,0.8875675000000001,284,100,-7.3855,0.21,6.66,0.11,0.11,0.11,0.3522583014045153,1.23,0.79,0.0
384,2376,0.8871875,285,100,-7.6005,0.2,6.71,0.11,0.11,0.11,0.35079915370720066,1.27,0.8,0.0
385,2377,0.88714,286,100,-7.563000000000001,0.2,6.57,0.11,0.11,0.11,0.34777232078887466,1.23,0.8,0.0
386,2384,0.8868075,287,100,-7.578,0.2,6.62,0.11,0.11,0.11,0.3478720202914194,1.24,0.8,0.0
387,2385,0.88676,288,100,-7.7555000000000005,0.19,6.5,0.11,0.11,0.11,0.3449543092673184,1.24,0.81,0.0
388,2389,0.88657,289,100,-7.545000000000001,0.2,6.47,0.11,0.11,0.11,0.3434957900890088,1.26,0.8,0.0
389,2392,0.8864275,290,100,-7.540500000000001,0.2,6.46,0.11,0.11,0.11,0.3430128733687973,1.27,0.8,0.0
390,2408,0.8856675,291,100,-7.559500000000001,0.2,6.54,0.1,0.1,0.1,0.3396606479971609,1.3,0.8,0.0
391,2423,0.884955,292,100,-7.3745,0.21,6.6,0.1,0.1,0.1,0.33714939504918134,1.34,0.79,0.0
392,2424,0.8849075,293,100,-7.3115000000000006,0.21,6.38,0.1,0.1,0.1,0.3338037791821419,1.26,0.79,0.0
393,2428,0.8847175,294,100,-7.2995,0.21,6.33,0.1,0.1,0.1,0.3310010266194468,1.27,0.79,0.0
394,2430,0.8846225,295,100,-7.2845,0.21,6.28,0.1,0.1,0.1,0.32910589309644245,1.22,0.79,0.0
395,2440,0.8841475,296,100,-7.298000000000001,0.21,6.34,0.1,0.1,0.1,0.32612981822576664,1.23,0.79,0.0
396,2448,0.8837675,297,100,-7.111500000000001,0.22,6.4,0.1,0.1,0.1,0.32411392544165546,1.29,0.78,0.0
397,2459,0.8832450000000001,298,100,-7.133000000000001,0.22,6.45,0.11,0.11,0.11,0.32270723028978454,1.32,0.78,0.0
398,2462,0.8831025,299,100,-6.910500000000001,0.23,6.37,0.11,0.11,0.11,0.3188520997753723,1.31,0.77,0.0
399,2465,0.88296,300,100,-6.912000000000001,0.23,6.38,0.11,0.11,0.11,0.3165069098513309,1.31,0.77,0.0
400,2467,0.882865,301,100,-6.900000000000001,0.23,6.33,0.11,0.11,0.11,0.3140576235905557,1.28,0.77,0.0
401,2468,0.8828175,302,100,-7.067,0.22,6.21,0.11,0.11,0.11,0.3117677412309593,1.28,0.78,0.0
402,2470,0.8827225,303,100,-7.016,0.22,6.04,0.11,0.11,0.11,0.3100568315220171,1.25,0.78,0.0
403,2480,0.8822475,304,100,-7.037500000000001,0.22,6.09,0.12,0.12,0.12,0.3073981495891803,1.25,0.78,0.0
404,2484,0.8820575,305,100,-7.033,0.22,6.08,0.12,0.12,0.12,0.30602460038672324,1.22,0.78,0.0
405,2489,0.88182,306,100,-7.0435,0.22,6.12,0.12,0.12,0.12,0.3067542774827325,1.27,0.78,0.0
406,2490,0.8817725,307,100,-7.217500000000001,0.21,6.02,0.11,0.11,0.11,0.30447278195020355,1.28,0.79,0.0
407,2501,0.88125,308,100,-7.187500000000001,0.21,5.89,0.11,0.11,0.11,0.3048357706690736,1.29,0.79,0.0
408,2509,0.88087,309,100,-7.195000000000001,0.21,5.92,0.11,0.11,0.11,0.31513210548707915,1.31,0.79,0.0
409,2516,0.8805375,310,100,-7.196500000000001,0.21,5.91,0.11,0.11,0.11,0.3239166077807276,1.31,0.79,0.0
410,2531,0.879825,311,100,-7.229500000000001,0.21,6.02,0.11,0.11,0.11,0.33125063042439307,1.36,0.79,0.0
411,2533,0.87973,312,100,-7.232500000000001,0.21,6.03,0.11,0.11,0.11,0.33747011672057,1.37,0.79,0.0
412,2535,0.879635,313,100,-7.2205,0.21,5.99,0.11,0.11,0.11,0.34671266733951656,1.36,0.79,0.0
413,2536,0.8795875,314,100,-7.200500000000001,0.21,5.94,0.1,0.1,0.1,0.3525035351449975,1.36,0.79,0.0
414,2537,0.87954,315,100,-7.1885,0.21,5.9,0.1,0.1,0.1,0.3644920973265895,1.36,0.79,0.0
415,2538,0.8794925,316,100,-7.1610000000000005,0.21,5.82,0.09,0.09,0.09,0.3730401803256467,1.33,0.79,0.0
416,2541,0.87935,317,100,-6.950500000000001,0.22,5.77,0.09,0.09,0.09,0.3786625996432101,1.33,0.78,0.0
417,2554,0.8787325,318,100,-7.147500000000001,0.21,5.75,0.09,0.09,0.09,0.3863168280889257,1.34,0.79,0.0
418,2570,0.8779725,319,100,-6.977500000000001,0.22,5.89,0.09,0.09,0.09,0.3932989760619565,1.42,0.78,0.0
419,2575,0.877735,320,100,-6.9835,0.22,5.91,0.09,0.09,0.09,0.3998369993549749,1.47,0.78,0.0
420,2580,0.8774975,321,100,-6.990000000000001,0.22,5.9,0.1,0.1,0.1,0.40577382629311726,1.49,0.78,0.0
421,2585,0.87726,322,100,-6.997500000000001,0.22,5.92,0.1,0.1,0.1,0.41272002066556757,1.51,0.78,0.0
422,2596,0.8767375,323,100,-7.0295000000000005,0.22,6.02,0.11,0.11,0.11,0.419466612787613,1.55,0.78,0.0
423,2602,0.8764525,324,100,-6.840000000000001,0.23,6.07,0.11,0.11,0.11,0.4271848840530403,1.58,0.77,0.0
424,2615,0.875835,325,100,-6.641500000000001,0.24,6.07,0.11,0.11,0.11,0.43020556210099076,1.56,0.76,0.0
425,2619,0.875645,326,100,-6.644500000000001,0.24,6.08,0.11,0.11,0.11,0.4325286394717138,1.56,0.76,0.0
426,2620,0.8755975,327,100,-6.841500000000001,0.23,6.07,0.11,0.11,0.11,0.4325606578947943,1.57,0.77,0.0
427,2621,0.87555,328,100,-6.828,0.23,6.01,0.11,0.11,0.11,0.4317209497453611,1.51,0.77,0.0
428,2623,0.875455,329,100,-7.014500000000001,0.22,5.95,0.11,0.11,0.11,0.4325649703280967,1.51,0.78,0.0
429,2625,0.87536,330,100,-7.007000000000001,0.22,5.92,0.11,0.11,0.11,0.43464070676136424,1.51,0.78,0.0
430,2627,0.875265,331,100,-7.010000000000002,0.22,5.93,0.11,0.11,0.11,0.43690860269833015,1.5,0.78,0.0
431,2629,0.87517,332,100,-7.007000000000001,0.22,5.92,0.11,0.11,0.11,0.4382599350647967,1.51,0.78,0.0
432,2630,0.8751225,333,100,-6.9830000000000005,0.22,5.82,0.11,0.11,0.11,0.4389541908936541,1.48,0.78,0.0
433,2633,0.87498,334,100,-6.986000000000001,0.22,5.83,0.11,0.11,0.11,0.4439962167875807,1.48,0.78,0.0
434,2642,0.8745525000000001,335,100,-6.998000000000001,0.22,5.87,0.11,0.11,0.11,0.4478061015940548,1.5,0.78,0.0
435,2644,0.8744575,336,100,-7.001,0.22,5.88,0.11,0.11,0.11,0.4492667858339192,1.51,0.78,0.0
436,2663,0.873555,337,100,-6.8420000000000005,0.23,6.05,0.12,0.12,0.12,0.45238332272726184,1.64,0.77,0.0
437,2669,0.87327,338,100,-6.8420000000000005,0.23,6.05,0.12,0.12,0.12,0.45463533094682185,1.6,0.77,0.0
438,2671,0.873175,339,100,-7.033,0.22,6.01,0.12,0.12,0.12,0.45784078624007984,1.59,0.78,0.0
439,2676,0.8729375,340,100,-7.230500000000001,0.21,5.96,0.13,0.13,0.13,0.45648566328642654,1.61,0.79,0.0
440,2681,0.8727,341,100,-7.206,0.21,5.9,0.12,0.12,0.12,0.4581403674399642,1.57,0.79,0.0
441,2685,0.87251,342,100,-7.2135,0.21,5.92,0.12,0.12,0.12,0.45751883821842954,1.56,0.79,0.0
442,2686,0.8724625,343,100,-7.1985,0.21,5.86,0.12,0.12,0.12,0.45980684565661234,1.54,0.79,0.0
443,2687,0.8724149999999999,344,100,-7.176,0.21,5.78,0.12,0.12,0.12,0.4617386429557325,1.54,0.79,0.0
444,2692,0.8721775,345,100,-7.1865000000000006,0.21,5.82,0.12,0.12,0.12,0.46621994170041103,1.55,0.79,0.0
445,2697,0.8719399999999999,346,100,-7.194500000000001,0.21,5.83,0.13,0.13,0.13,0.46814795711131113,1.58,0.79,0.0
446,2705,0.87156,347,100,-6.991500000000001,0.22,5.82,0.13,0.13,0.13,0.4705022791623197,1.61,0.78,0.0
447,2709,0.87137,348,100,-6.784000000000001,0.23,5.8,0.13,0.13,0.13,0.47455965425562086,1.62,0.77,0.0
448,2712,0.8712275,349,100,-6.775000000000001,0.23,5.77,0.13,0.13,0.13,0.4793104469874622,1.63,0.77,0.0
449,2713,0.8711800000000001,350,100,-6.766,0.23,5.74,0.13,0.13,0.13,0.4808762434595944,1.63,0.77,0.0
450,2716,0.8710375,351,100,-6.755000000000001,0.23,5.72,0.12,0.12,0.12,0.4824620570216698,1.65,0.77,0.0
451,2724,0.8706575,352,100,-6.756500000000001,0.23,5.73,0.12,0.12,0.12,0.48483754117849115,1.64,0.77,0.0
452,2734,0.8701825000000001,353,100,-6.557500000000001,0.24,5.75,0.11,0.11,0.11,0.4887110284051562,1.67,0.76,0.0
453,2739,0.869945,354,100,-6.7535,0.23,5.71,0.12,0.12,0.12,0.49034548345022055,1.7,0.77,0.0
454,2742,0.8698025,355,100,-6.752000000000001,0.23,5.71,0.12,0.12,0.12,0.49444061063540623,1.7,0.77,0.0
455,2746,0.8696125,356,100,-6.741500000000001,0.23,5.67,0.12,0.12,0.12,0.4959931872629885,1.67,0.77,0.0
456,2748,0.8695174999999999,357,100,-6.7235000000000005,0.23,5.61,0.12,0.12,0.12,0.4976062841371958,1.66,0.77,0.0
457,2760,0.8689475,358,100,-6.536500000000001,0.24,5.68,0.11,0.11,0.11,0.4995934234168395,1.75,0.76,0.0
458,2770,0.8684725,359,100,-6.554500000000001,0.24,5.74,0.11,0.11,0.11,0.5024148645605906,1.75,0.76,0.0
459,2782,0.8679025,360,100,-6.532,0.24,5.66,0.11,0.11,0.11,0.505940573814637,1.78,0.76,0.0
460,2783,0.867855,361,100,-6.518000000000001,0.24,5.62,0.1,0.1,0.1,0.508675309810168,1.78,0.76,0.0
461,2785,0.86776,362,100,-6.521,0.24,5.63,0.1,0.1,0.1,0.5128020876081054,1.78,0.76,0.0
462,2787,0.867665,363,100,-6.5120000000000005,0.24,5.58,0.1,0.1,0.1,0.517108077329097,1.79,0.76,0.0
463,2789,0.86757,364,100,-6.5150000000000015,0.24,5.59,0.1,0.1,0.1,0.5200396385011056,1.79,0.76,0.0
464,2796,0.8672375,365,100,-6.5105,0.24,5.59,0.1,0.1,0.1,0.5241820402729916,1.78,0.76,0.0
465,2808,0.8666675,366,100,-6.533,0.24,5.67,0.1,0.1,0.1,0.528235777868669,1.86,0.76,0.0
466,2813,0.86643,367,100,-6.545000000000001,0.24,5.71,0.1,0.1,0.1,0.5310585016745734,1.87,0.76,0.0
467,2818,0.8661925,368,100,-6.545000000000001,0.24,5.71,0.1,0.1,0.1,0.5350431001919913,1.86,0.76,0.0
468,2826,0.8658125,369,100,-6.5615000000000006,0.24,5.78,0.1,0.1,0.1,0.5378899915504861,1.88,0.76,0.0
469,2832,0.8655275,370,100,-6.580000000000001,0.24,5.82,0.11,0.11,0.11,0.5410468490410256,1.9,0.76,0.0
470,2853,0.86453,371,100,-6.4145,0.25,5.97,0.11,0.11,0.11,0.5452076860647663,1.93,0.75,0.0
471,2862,0.8641025,372,100,-6.613,0.24,5.95,0.11,0.11,0.11,0.5485186580668848,1.98,0.76,0.0
472,2864,0.8640075,373,100,-6.411500000000001,0.25,5.94,0.11,0.11,0.11,0.5500840112915597,2.0,0.75,0.0
473,2865,0.8639600000000001,374,100,-6.3900000000000015,0.25,5.88,0.1,0.1,0.1,0.5536548540344797,1.99,0.75,0.0
474,2866,0.8639125000000001,375,100,-6.382500000000001,0.25,5.85,0.1,0.1,0.1,0.5571732994517646,1.95,0.75,0.0
475,2883,0.863105,376,100,-6.179500000000001,0.26,5.86,0.1,0.1,0.1,0.5598601677798178,2.0,0.74,0.0
476,2895,0.862535,377,100,-6.005000000000001,0.27,5.95,0.1,0.1,0.1,0.5639888747441716,2.03,0.73,0.0
477,2897,0.86244,378,100,-6.198,0.26,5.9,0.11,0.11,0.11,0.5656428449474009,2.04,0.74,0.0
478,2903,0.862155,379,100,-6.2085,0.26,5.94,0.11,0.11,0.11,0.5696525889756514,2.04,0.74,0.0
479,2912,0.8617275,380,100,-6.3695,0.25,5.76,0.11,0.11,0.11,0.5732825316582575,2.01,0.75,0.0
480,2914,0.8616325,381,100,-6.557500000000001,0.24,5.72,0.11,0.11,0.11,0.5766988129759286,2.01,0.76,0.0
481,2915,0.861585,382,100,-6.511,0.24,5.56,0.11,0.11,0.11,0.578541447750235,1.97,0.76,0.0
482,2927,0.861015,383,100,-6.323,0.25,5.64,0.11,0.11,0.11,0.5836292111441536,2.01,0.75,0.0
483,2935,0.860635,384,100,-6.5335,0.24,5.67,0.11,0.11,0.11,0.5878462505206509,2.04,0.76,0.0
484,2941,0.86035,385,100,-6.529000000000001,0.24,5.65,0.11,0.11,0.11,0.5926854326348795,2.04,0.76,0.0
485,2946,0.8601125000000001,386,100,-6.541,0.24,5.69,0.11,0.11,0.11,0.5968963458161844,2.04,0.76,0.0
486,2948,0.8600175,387,100,-6.531000000000001,0.24,5.64,0.12,0.12,0.12,0.6009214560034595,2.03,0.76,0.0
487,2956,0.8596375,388,100,-6.5520000000000005,0.24,5.71,0.12,0.12,0.12,0.6053114025386891,2.04,0.76,0.0
488,2961,0.8594,389,100,-6.556500000000001,0.24,5.72,0.12,0.12,0.12,0.6109008052105925,2.02,0.76,0.0
489,2977,0.8586400000000001,390,100,-6.7955000000000005,0.23,5.85,0.12,0.12,0.12,0.6151810401211403,2.04,0.77,0.0
490,2987,0.8581650000000001,391,100,-6.777500000000001,0.23,5.79,0.12,0.12,0.12,0.6196239866231479,2.03,0.77,0.0
491,2993,0.85788,392,100,-6.763000000000001,0.23,5.7,0.13,0.13,0.13,0.6245943378870286,2.02,0.77,0.0
492,2997,0.8576900000000001,393,100,-6.770500000000001,0.23,5.73,0.13,0.13,0.13,0.6299983736340797,2.04,0.77,0.0
493,3001,0.8575,394,100,-6.769000000000001,0.23,5.73,0.13,0.13,0.13,0.6377966749881304,2.03,0.77,0.0
494,3008,0.8571675,395,100,-6.7825000000000015,0.23,5.78,0.13,0.13,0.13,0.6510420378297875,2.03,0.77,0.0
495,3009,0.85712,396,100,-6.761500000000001,0.23,5.69,0.13,0.13,0.13,0.6674086562358151,2.02,0.77,0.0
496,3012,0.8569775,397,100,-6.9495000000000005,0.22,5.64,0.13,0.13,0.13,0.6802714600429869,1.98,0.78,0.0
497,3013,0.85693,398,100,-6.916,0.22,5.54,0.12,0.12,0.12,0.6918280053696424,1.96,0.78,0.0
498,3014,0.8568825,399,100,-7.111500000000001,0.21,5.52,0.12,0.12,0.12,0.7004841044606159,1.96,0.79,0.0
499,3017,0.8567400000000001,400,100,-7.113,0.21,5.52,0.12,0.12,0.12,0.7105709156206638,1.98,0.79,0.0
500,3021,0.85655,401,100,-7.1175000000000015,0.21,5.54,0.12,0.12,0.12,0.720705864112714,1.98,0.79,0.0
501,3027,0.856265,402,100,-7.137500000000001,0.21,5.59,0.13,0.13,0.13,0.7301981047601889,2.01,0.79,0.0
502,3031,0.856075,403,100,-7.1435,0.21,5.61,0.13,0.13,0.13,0.7385737154321264,2.0,0.79,0.0
503,3037,0.85579,404,100,-7.125000000000001,0.21,5.57,0.12,0.12,0.12,0.747600865272074,2.04,0.79,0.0
504,3048,0.8552675,405,100,-7.146,0.21,5.64,0.12,0.12,0.12,0.7542110268283436,2.06,0.79,0.0
505,3050,0.8551725,406,100,-7.1435,0.21,5.61,0.13,0.13,0.13,0.7615193709838937,2.02,0.79,0.0
506,3058,0.8547925,407,100,-6.9585,0.22,5.68,0.13,0.13,0.13,0.7683893714207958,2.06,0.78,0.0
507,3063,0.854555,408,100,-7.148000000000001,0.21,5.62,0.13,0.13,0.13,0.7721988076628071,2.01,0.79,0.0
508,3064,0.8545075,409,100,-7.1285,0.21,5.55,0.13,0.13,0.13,0.7693014047206265,1.99,0.79,0.0
509,3072,0.8541275,410,100,-7.130000000000001,0.21,5.56,0.13,0.13,0.13,0.7652164434499791,2.05,0.79,0.0
510,3076,0.8539375,411,100,-7.101500000000001,0.21,5.45,0.13,0.13,0.13,0.7623653443661581,2.01,0.79,0.0
511,3081,0.8537,412,100,-6.910500000000001,0.22,5.48,0.13,0.13,0.13,0.7612615041342627,2.05,0.78,0.0
512,3085,0.85351,413,100,-6.916500000000001,0.22,5.5,0.13,0.13,0.13,0.7549994531926763,2.06,0.78,0.0
513,3091,0.853225,414,100,-6.7315000000000005,0.23,5.55,0.13,0.13,0.13,0.7533401728329312,2.08,0.77,0.0
514,3094,0.8530825,415,100,-6.736000000000001,0.23,5.57,0.13,0.13,0.13,0.7460031084872534,2.1,0.77,0.0
515,3095,0.853035,416,100,-6.736000000000001,0.23,5.57,0.13,0.13,0.13,0.7409021870948126,2.09,0.77,0.0
516,3101,0.85275,417,100,-6.942,0.22,5.6,0.13,0.13,0.13,0.7383402316428473,2.08,0.78,0.0
517,3109,0.85237,418,100,-6.727,0.23,5.55,0.13,0.13,0.13,0.7352278790922445,2.08,0.77,0.0
518,3121,0.8518,419,100,-6.7255,0.23,5.51,0.13,0.13,0.13,0.7326336486812912,2.05,0.77,0.0
519,3129,0.8514200000000001,420,100,-6.734500000000001,0.23,5.54,0.13,0.13,0.13,0.7301520880338035,2.0,0.77,0.0
520,3130,0.8513725,421,100,-6.717500000000001,0.23,5.5,0.12,0.12,0.12,0.7287798181649527,1.98,0.77,0.0
521,3131,0.851325,422,100,-6.707000000000001,0.23,5.46,0.12,0.12,0.12,0.7291030018206917,1.97,0.77,0.0
522,3141,0.85085,423,100,-6.700500000000001,0.23,5.45,0.11,0.11,0.11,0.7274982969313073,1.93,0.77,0.0
523,3142,0.8508025,424,100,-6.8900000000000015,0.22,5.4,0.11,0.11,0.11,0.725899650489212,1.91,0.78,0.0
524,3151,0.850375,425,100,-7.082500000000001,0.21,5.36,0.11,0.11,0.11,0.723221806551705,1.88,0.79,0.0
525,3169,0.84952,426,100,-6.923500000000001,0.22,5.5,0.12,0.12,0.12,0.721487067920324,2.01,0.78,0.0
526,3177,0.84914,427,100,-6.9495000000000005,0.22,5.57,0.13,0.13,0.13,0.7208759166125027,2.04,0.78,0.0
527,3184,0.8488074999999999,428,100,-6.963000000000001,0.22,5.63,0.13,0.13,0.13,0.7200562164650783,2.1,0.78,0.0
528,3199,0.848095,429,100,-6.797500000000001,0.23,5.76,0.13,0.13,0.13,0.7178567912247206,2.19,0.77,0.0
529,3204,0.8478575,430,100,-6.8115000000000006,0.23,5.79,0.14,0.14,0.14,0.7156101272966886,2.21,0.77,0.0
530,3209,0.84762,431,100,-6.819000000000001,0.23,5.82,0.14,0.14,0.14,0.7129251877334143,2.24,0.77,0.0
531,3210,0.8475725000000001,432,100,-6.816,0.23,5.81,0.14,0.14,0.14,0.7097444421913649,2.23,0.77,0.0
532,3215,0.847335,433,100,-6.826500000000001,0.23,5.85,0.14,0.14,0.14,0.70798208328748,2.22,0.77,0.0
533,3219,0.847145,434,100,-6.628000000000001,0.24,5.86,0.14,0.14,0.14,0.7055358737971809,2.25,0.76,0.0
534,3226,0.8468125,435,100,-6.622000000000001,0.24,5.84,0.14,0.14,0.14,0.7035481728381341,2.23,0.76,0.0
535,3229,0.84667,436,100,-6.625000000000001,0.24,5.85,0.14,0.14,0.14,0.7023978304134235,2.22,0.76,0.0
536,3232,0.8465275,437,100,-6.787000000000001,0.23,5.69,0.13,0.13,0.13,0.7011250538316844,2.08,0.77,0.0
537,3235,0.8463849999999999,438,100,-6.7795000000000005,0.23,5.66,0.13,0.13,0.13,0.6987617345340528,2.1,0.77,0.0
538,3239,0.846195,439,100,-6.784000000000001,0.23,5.68,0.13,0.13,0.13,0.6941545646078862,2.1,0.77,0.0
539,3242,0.8460525,440,100,-6.773000000000001,0.23,5.66,0.12,0.12,0.12,0.6924903651761489,2.09,0.77,0.0
540,3244,0.8459575,441,100,-6.9655000000000005,0.22,5.63,0.12,0.12,0.12,0.6924254197167831,2.06,0.78,0.0
541,3253,0.84553,442,100,-6.980500000000001,0.22,5.68,0.12,0.12,0.12,0.6907173721281168,2.14,0.78,0.0
542,3254,0.8454825,443,100,-6.980500000000001,0.22,5.68,0.12,0.12,0.12,0.6899322150436518,2.14,0.78,0.0
543,3258,0.8452925,444,100,-6.9895000000000005,0.22,5.71,0.12,0.12,0.12,0.6868324941930649,2.14,0.78,0.0
544,3263,0.845055,445,100,-6.9895000000000005,0.22,5.71,0.12,0.12,0.12,0.6842330591616509,2.12,0.78,0.0
545,3267,0.844865,446,100,-6.9815000000000005,0.22,5.7,0.11,0.11,0.11,0.682556795739877,2.11,0.78,0.0
546,3268,0.8448175,447,100,-7.162000000000001,0.21,5.63,0.11,0.11,0.11,0.6819380481926082,2.08,0.79,0.0
547,3273,0.84458,448,100,-7.165000000000001,0.21,5.64,0.11,0.11,0.11,0.6787233500567553,2.08,0.79,0.0
548,3285,0.8440099999999999,449,100,-7.191,0.21,5.73,0.12,0.12,0.12,0.6747333907100039,2.07,0.79,0.0
549,3286,0.8439625,450,100,-7.191,0.21,5.73,0.12,0.12,0.12,0.6707217281075794,2.07,0.79,0.0
550,3300,0.8432975,451,100,-7.223000000000001,0.21,5.84,0.13,0.13,0.13,0.669518448449137,2.06,0.79,0.0
551,3303,0.843155,452,100,-7.212500000000001,0.21,5.79,0.13,0.13,0.13,0.6663972325866044,2.07,0.79,0.0
552,3311,0.842775,453,100,-7.205000000000001,0.21,5.77,0.13,0.13,0.13,0.6639895409588635,2.06,0.79,0.0
553,3315,0.842585,454,100,-7.195500000000001,0.21,5.76,0.12,0.12,0.12,0.6619610454683125,2.05,0.79,0.0
554,3316,0.8425374999999999,455,100,-7.191,0.21,5.74,0.12,0.12,0.12,0.6599766931975505,2.05,0.79,0.0
555,3323,0.842205,456,100,-6.9935,0.22,5.77,0.11,0.11,0.11,0.6595500046413902,2.09,0.78,0.0
556,3329,0.84192,457,100,-7.004000000000001,0.22,5.81,0.11,0.11,0.11,0.6590180830559893,2.14,0.78,0.0
557,3331,0.841825,458,100,-7.185000000000001,0.21,5.71,0.12,0.12,0.12,0.6574202829998497,2.06,0.79,0.0
558,3338,0.8414925,459,100,-7.176,0.21,5.68,0.12,0.12,0.12,0.6556576911439831,2.09,0.79,0.0
559,3340,0.8413975,460,100,-7.150500000000001,0.21,5.58,0.12,0.12,0.12,0.6547277625233268,2.08,0.79,0.0
560,3343,0.841255,461,100,-7.156500000000001,0.21,5.6,0.12,0.12,0.12,0.652359378022982,2.11,0.79,0.0
561,3347,0.841065,462,100,-6.962500000000001,0.22,5.62,0.12,0.12,0.12,0.6517410458455815,2.13,0.78,0.0
562,3366,0.8401625,463,100,-7.2090000000000005,0.21,5.79,0.12,0.12,0.12,0.648448114433186,2.21,0.79,0.0
563,3367,0.840115,464,100,-7.206,0.21,5.78,0.12,0.12,0.12,0.6460375777267383,2.21,0.79,0.0
564,3386,0.8392125,465,100,-7.040500000000001,0.22,5.9,0.12,0.12,0.12,0.6427828119100891,2.24,0.78,0.0
565,3393,0.8388800000000001,466,100,-6.821000000000001,0.23,5.85,0.12,0.12,0.12,0.6402522971844722,2.23,0.77,0.0
566,3406,0.8382625,467,100,-6.6405,0.24,5.93,0.12,0.12,0.12,0.6377512782384848,2.29,0.76,0.0
567,3418,0.8376925,468,100,-6.460000000000001,0.25,6.0,0.12,0.12,0.12,0.6349936785618361,2.4,0.75,0.0
568,3419,0.837645,469,100,-6.4435,0.25,5.93,0.12,0.12,0.12,0.6341037251124676,2.39,0.75,0.0
569,3438,0.8367425,470,100,-6.2655,0.26,6.06,0.11,0.11,0.11,0.6312734648576327,2.42,0.74,0.0
570,3441,0.8366,471,100,-6.423500000000001,0.25,5.88,0.11,0.11,0.11,0.6289765899229139,2.4,0.75,0.0
571,3443,0.836505,472,100,-6.404000000000001,0.25,5.81,0.11,0.11,0.11,0.6273589353774743,2.35,0.75,0.0
572,3469,0.83527,473,100,-6.4535,0.25,6.05,0.11,0.11,0.11,0.6267410731368481,2.51,0.75,0.0
573,3475,0.834985,474,100,-6.468500000000001,0.25,6.1,0.11,0.11,0.11,0.6230195389740883,2.55,0.75,0.0
574,3498,0.8338925,475,100,-6.532,0.25,6.32,0.12,0.12,0.12,0.6202596157064647,2.65,0.75,0.0
575,3505,0.8335600000000001,476,100,-6.511,0.25,6.22,0.12,0.12,0.12,0.627843252871386,2.59,0.75,0.0
576,3513,0.83318,477,100,-6.700500000000001,0.24,6.18,0.12,0.12,0.12,0.6307626245830971,2.58,0.76,0.0
577,3519,0.8328949999999999,478,100,-6.503000000000001,0.25,6.22,0.11,0.11,0.11,0.6333366215144115,2.63,0.75,0.0
578,3525,0.8326100000000001,479,100,-6.298500000000001,0.26,6.22,0.11,0.11,0.11,0.6327772360458491,2.69,0.74,0.0
579,3527,0.832515,480,100,-6.277500000000001,0.26,6.15,0.11,0.11,0.11,0.63123653899443,2.67,0.74,0.0
580,3531,0.832325,481,100,-6.282,0.26,6.17,0.11,0.11,0.11,0.6303523490161881,2.68,0.74,0.0
581,3534,0.8321825,482,100,-6.286500000000001,0.26,6.19,0.11,0.11,0.11,0.6314554288318937,2.7,0.74,0.0
582,3535,0.8321350000000001,483,100,-6.4655000000000005,0.25,6.08,0.11,0.11,0.11,0.6279815921019698,2.64,0.75,0.0
583,3542,0.8318025,484,100,-6.258000000000001,0.26,6.07,0.11,0.11,0.11,0.6261846609671669,2.64,0.74,0.0
584,3543,0.831755,485,100,-6.243,0.26,6.02,0.11,0.11,0.11,0.6232258583863334,2.61,0.74,0.0
585,3546,0.8316125,486,100,-6.037000000000001,0.27,6.0,0.11,0.11,0.11,0.6201624491572137,2.64,0.73,0.0
586,3548,0.8315175,487,100,-6.032,0.27,6.0,0.1,0.1,0.1,0.6177576341986414,2.65,0.73,0.0
587,3549,0.83147,488,100,-6.011,0.27,5.93,0.1,0.1,0.1,0.616664206138229,2.63,0.73,0.0
588,3560,0.8309475,489,100,-6.0215000000000005,0.27,5.99,0.1,0.1,0.1,0.6136237725173642,2.69,0.73,0.0
589,3572,0.8303775,490,100,-6.006500000000001,0.27,5.95,0.1,0.1,0.1,0.610935363464575,2.75,0.73,0.0
590,3575,0.8302350000000001,491,100,-5.9885,0.27,5.88,0.1,0.1,0.1,0.6085524754007866,2.72,0.73,0.0
591,3583,0.829855,492,100,-6.188000000000001,0.26,5.9,0.09,0.09,0.09,0.6047939489439339,2.72,0.74,0.0
592,3590,0.8295224999999999,493,100,-6.1985,0.26,5.93,0.09,0.09,0.09,0.6016771579084861,2.73,0.74,0.0
593,3595,0.829285,494,100,-6.001500000000001,0.27,5.94,0.09,0.09,0.09,0.5959916816053855,2.76,0.73,0.0
594,3598,0.8291425,495,100,-5.792500000000001,0.28,5.9,0.09,0.09,0.09,0.5848863836737825,2.79,0.72,0.0
595,3601,0.829,496,100,-5.797000000000001,0.28,5.92,0.09,0.09,0.09,0.5699765400700125,2.82,0.72,0.0
596,3608,0.8286675,497,100,-5.814000000000001,0.28,5.96,0.1,0.1,0.1,0.5587431509549629,2.8,0.72,0.0
597,3616,0.8282875000000001,498,100,-5.6305000000000005,0.29,6.03,0.1,0.1,0.1,0.5488249386603843,2.83,0.71,0.0
598,3631,0.827575,499,100,-5.460500000000001,0.3,6.17,0.1,0.1,0.1,0.5428605119541496,2.96,0.7,0.0
599,3634,0.8274325,500,100,-5.2605,0.31,6.17,0.1,0.1,0.1,0.5346156867499362,2.96,0.69,0.0
600,3636,0.8273375000000001,501,100,-5.256,0.31,6.15,0.1,0.1,0.1,0.5267269312496196,2.96,0.69,0.0
601,3640,0.8271475,502,100,-5.245000000000001,0.31,6.13,0.09,0.09,0.09,0.5191449766263575,2.94,0.69,0.0
602,3647,0.8268150000000001,503,100,-5.051000000000001,0.32,6.16,0.09,0.09,0.09,0.5125798451877275,2.98,0.68,0.0
603,3653,0.82653,504,100,-4.851000000000001,0.33,6.16,0.09,0.09,0.09,0.5051784329838196,3.0,0.67,0.0
604,3664,0.8260075,505,100,-4.6465000000000005,0.34,6.16,0.09,0.09,0.09,0.5000299417610695,3.03,0.66,0.0
605,3667,0.8258650000000001,506,100,-4.644500000000001,0.34,6.17,0.08,0.08,0.08,0.4937307600315144,3.03,0.66,0.0
606,3673,0.82558,507,100,-4.8445,0.33,6.15,0.08,0.08,0.08,0.48901944199062686,2.98,0.67,0.0
607,3678,0.8253425,508,100,-4.843000000000001,0.33,6.15,0.08,0.08,0.08,0.48491508027769425,2.98,0.67,0.0
608,3679,0.825295,509,100,-4.843000000000001,0.33,6.15,0.08,0.08,0.08,0.47895284524418213,2.98,0.67,0.0
609,3681,0.8252,510,100,-4.826500000000001,0.33,6.09,0.08,0.08,0.08,0.47549422892041304,2.91,0.67,0.0
610,3686,0.8249625,511,100,-5.0280000000000005,0.32,6.1,0.08,0.08,0.08,0.471159905365182,2.93,0.68,0.0
611,3687,0.8249150000000001,512,100,-5.216,0.31,6.06,0.08,0.08,0.08,0.46680798777051075,2.88,0.69,0.0
612,3702,0.8242025,513,100,-5.038500000000001,0.32,6.17,0.08,0.08,0.08,0.4636338614385058,2.96,0.68,0.0
613,3704,0.8241075,514,100,-5.025,0.32,6.13,0.08,0.08,0.08,0.45831885055559174,2.96,0.68,0.0
614,3706,0.8240125,515,100,-5.023500000000001,0.32,6.12,0.08,0.08,0.08,0.45448099171973566,2.94,0.68,0.0
615,3713,0.82368,516,100,-4.8420000000000005,0.33,6.18,0.09,0.09,0.09,0.4526322171673904,2.99,0.67,0.0
616,3714,0.8236325,517,100,-4.830000000000001,0.33,6.13,0.09,0.09,0.09,0.4510067810203363,2.98,0.67,0.0
617,3718,0.8234425000000001,518,100,-5.021000000000001,0.32,6.09,0.09,0.09,0.09,0.44855935272681013,2.96,0.68,0.0
618,3719,0.823395,519,100,-5.189500000000001,0.31,5.98,0.09,0.09,0.09,0.446619204229189,2.91,0.69,0.0
619,3728,0.8229675000000001,520,100,-5.191,0.31,5.99,0.09,0.09,0.09,0.4434647903800736,2.92,0.69,0.0
620,3733,0.82273,521,100,-4.998500000000001,0.32,6.03,0.09,0.09,0.09,0.4392633104384671,2.97,0.68,0.0
621,3740,0.8223975,522,100,-5.015000000000001,0.32,6.09,0.09,0.09,0.09,0.4338704255496478,2.98,0.68,0.0
622,3749,0.82197,523,100,-5.0120000000000005,0.32,6.08,0.09,0.09,0.09,0.43070180669840996,3.01,0.68,0.0
623,3755,0.821685,524,100,-5.032,0.32,6.13,0.1,0.1,0.1,0.4256479584963801,3.03,0.68,0.0
624,3764,0.8212575,525,100,-5.030500000000001,0.32,6.13,0.1,0.1,0.1,0.4227722113786488,3.06,0.68,0.0
625,3769,0.82102,526,100,-5.192500000000001,0.31,6.0,0.09,0.09,0.09,0.41995140968677225,2.92,0.69,0.0
626,3774,0.8207825,527,100,-5.1755,0.31,5.97,0.08,0.08,0.08,0.4169202036153955,2.89,0.69,0.0
627,3775,0.820735,528,100,-5.162000000000001,0.31,5.91,0.08,0.08,0.08,0.41396930767584095,2.83,0.69,0.0
628,3785,0.82026,529,100,-5.151500000000001,0.31,5.86,0.08,0.08,0.08,0.4115438097093329,2.77,0.69,0.0
629,3790,0.8200225,530,100,-5.1465000000000005,0.31,5.86,0.07,0.07,0.07,0.40840562686064097,2.8,0.69,0.0
630,3792,0.8199275,531,100,-5.144000000000001,0.31,5.83,0.08,0.08,0.08,0.40572810856737945,2.78,0.69,0.0
631,3797,0.81969,532,100,-5.1530000000000005,0.31,5.87,0.08,0.08,0.08,0.4031830401245579,2.8,0.69,0.0
632,3804,0.8193575,533,100,-4.9625,0.32,5.89,0.09,0.09,0.09,0.40109304863593087,2.84,0.68,0.0
633,3810,0.8190725,534,100,-4.9670000000000005,0.32,5.91,0.09,0.09,0.09,0.39904252646745353,2.85,0.68,0.0
634,3812,0.8189775,535,100,-4.953500000000001,0.32,5.86,0.09,0.09,0.09,0.39501148401082664,2.85,0.68,0.0
635,3820,0.8185975,536,100,-4.7655,0.33,5.91,0.09,0.09,0.09,0.39184678873612094,2.88,0.67,0.0
636,3828,0.8182175,537,100,-4.585500000000001,0.34,5.96,0.1,0.1,0.1,0.3882798381951313,2.94,0.66,0.0
637,3833,0.81798,538,100,-4.590000000000001,0.34,5.98,0.1,0.1,0.1,0.38579535546967003,2.94,0.66,0.0
638,3836,0.8178375,539,100,-4.593500000000001,0.34,5.97,0.11,0.11,0.11,0.3845760531531633,2.95,0.66,0.0
639,3844,0.8174575000000001,540,100,-4.401000000000001,0.35,6.02,0.11,0.11,0.11,0.3829413250021002,3.0,0.65,0.0
640,3845,0.81741,541,100,-4.399500000000001,0.35,6.01,0.11,0.11,0.11,0.37914520650425165,3.0,0.65,0.0
641,3853,0.81703,542,100,-4.193500000000001,0.36,6.0,0.11,0.11,0.11,0.3766704898011546,2.97,0.64,0.0
642,3857,0.81684,543,100,-4.2010000000000005,0.36,6.03,0.11,0.11,0.11,0.3724739896562557,2.97,0.64,0.0
643,3858,0.8167925,544,100,-4.192,0.36,6.0,0.11,0.11,0.11,0.3700226281639795,2.97,0.64,0.0
644,3861,0.81665,545,100,-4.192500000000001,0.36,5.98,0.12,0.12,0.12,0.36851434629727015,2.98,0.64,0.0
645,3865,0.81646,546,100,-3.9895000000000005,0.37,5.98,0.12,0.12,0.12,0.3659387415679158,2.99,0.63,0.0
646,3868,0.8163175,547,100,-3.9955000000000007,0.37,6.0,0.12,0.12,0.12,0.3627096152337254,3.0,0.63,0.0
647,3874,0.8160325,548,100,-4.197,0.36,6.01,0.12,0.12,0.12,0.36102839783150564,3.04,0.64,0.0
648,3881,0.8157,549,100,-4.181500000000001,0.36,5.96,0.11,0.11,0.11,0.35825293960809745,3.03,0.64,0.0
649,3885,0.81551,550,100,-4.190500000000001,0.36,5.99,0.11,0.11,0.11,0.35671934057787097,3.04,0.64,0.0
650,3890,0.8152725000000001,551,100,-4.1645,0.36,5.9,0.1,0.1,0.1,0.35437306704067795,3.07,0.64,0.0
651,3897,0.81494,552,100,-4.173500000000001,0.36,5.94,0.1,0.1,0.1,0.3524178768958439,3.09,0.64,0.0
652,3898,0.8148925,553,100,-4.354000000000001,0.35,5.87,0.1,0.1,0.1,0.3506567558910241,3.06,0.65,0.0
653,3910,0.8143225000000001,554,100,-4.176500000000001,0.36,5.95,0.1,0.1,0.1,0.34835212951062017,3.09,0.64,0.0
654,3911,0.814275,555,100,-4.176500000000001,0.36,5.95,0.1,0.1,0.1,0.34484916185496145,3.08,0.64,0.0
655,3913,0.81418,556,100,-4.361500000000001,0.35,5.9,0.1,0.1,0.1,0.34112648267633183,3.06,0.65,0.0
656,3919,0.813895,557,100,-4.163,0.36,5.9,0.1,0.1,0.1,0.3380288943557587,3.03,0.64,0.0
657,3921,0.8138,558,100,-4.158,0.36,5.9,0.09,0.09,0.09,0.33487776591466334,3.03,0.64,0.0
658,3922,0.8137525,559,100,-4.143000000000001,0.36,5.84,0.09,0.09,0.09,0.33171986686488736,3.0,0.64,0.0
659,3934,0.8131825,560,100,-4.371500000000001,0.35,5.94,0.09,0.09,0.09,0.3270885262742713,3.07,0.65,0.0
660,3946,0.8126125,561,100,-4.188000000000001,0.36,6.03,0.09,0.09,0.09,0.32541865555371596,3.13,0.64,0.0
661,3955,0.812185,562,100,-4.4030000000000005,0.35,6.08,0.09,0.09,0.09,0.3224330551467911,3.13,0.65,0.0
662,3958,0.8120425,563,100,-4.359500000000001,0.35,5.92,0.09,0.09,0.09,0.3208396439492647,3.03,0.65,0.0
663,3965,0.81171,564,100,-4.3775,0.35,5.98,0.09,0.09,0.09,0.3189279303618784,3.06,0.65,0.0
664,3971,0.8114250000000001,565,100,-4.341500000000001,0.35,5.85,0.09,0.09,0.09,0.3171190835506863,3.07,0.65,0.0
665,3976,0.8111875,566,100,-4.541500000000001,0.34,5.83,0.09,0.09,0.09,0.31490566725103664,3.03,0.66,0.0
666,3985,0.81076,567,100,-4.5280000000000005,0.34,5.79,0.09,0.09,0.09,0.31245952862531096,3.02,0.66,0.0
667,3987,0.810665,568,100,-4.7010000000000005,0.33,5.69,0.09,0.09,0.09,0.3105705030811841,2.9,0.67,0.0
668,3992,0.8104275,569,100,-4.713000000000001,0.33,5.73,0.09,0.09,0.09,0.30783229398260664,2.92,0.67,0.0
669,3999,0.810095,570,100,-4.886000000000001,0.32,5.61,0.09,0.09,0.09,0.305966266596938,2.92,0.68,0.0
670,4005,0.80981,571,100,-4.8950000000000005,0.32,5.64,0.09,0.09,0.09,0.30819558571241773,2.95,0.68,0.0
671,4013,0.80943,572,100,-4.913,0.32,5.7,0.09,0.09,0.09,0.3079166295859961,3.02,0.68,0.0
672,4018,0.8091925,573,100,-4.8695,0.32,5.49,0.09,0.09,0.09,0.30694076972159606,2.89,0.68,0.0
673,4020,0.8090975,574,100,-4.856000000000001,0.32,5.45,0.09,0.09,0.09,0.306250103656976,2.86,0.68,0.0
674,4044,0.8079575,575,100,-4.649500000000001,0.33,5.46,0.08,0.08,0.08,0.30400113345214674,2.87,0.67,0.0
675,4053,0.80753,576,100,-4.854000000000001,0.32,5.48,0.08,0.08,0.08,0.29262714985301946,2.94,0.68,0.0
676,4061,0.80715,577,100,-4.652500000000001,0.33,5.48,0.08,0.08,0.08,0.28542506831242,2.97,0.67,0.0
677,4062,0.8071025000000001,578,100,-4.8420000000000005,0.32,5.43,0.08,0.08,0.08,0.28023231627894796,2.91,0.68,0.0
678,4067,0.8068649999999999,579,100,-5.043500000000001,0.31,5.42,0.08,0.08,0.08,0.27692515114300803,2.87,0.69,0.0
679,4083,0.8061050000000001,580,100,-4.8795,0.32,5.56,0.08,0.08,0.08,0.2740579245051082,2.96,0.68,0.0
680,4084,0.8060575,581,100,-4.872000000000001,0.32,5.53,0.08,0.08,0.08,0.27001975385450677,2.95,0.68,0.0
681,4087,0.8059149999999999,582,100,-4.673500000000001,0.33,5.53,0.08,0.08,0.08,0.26680733922226585,2.94,0.67,0.0
682,4093,0.8056300000000001,583,100,-4.685500000000001,0.33,5.58,0.08,0.08,0.08,0.26452129309975464,2.99,0.67,0.0
683,4094,0.8055825,584,100,-4.873500000000001,0.32,5.52,0.08,0.08,0.08,0.26145660126028103,2.95,0.68,0.0
684,4099,0.805345,585,100,-4.8855,0.32,5.56,0.08,0.08,0.08,0.2587326635253195,2.99,0.68,0.0
685,4109,0.80487,586,100,-5.105,0.31,5.63,0.08,0.08,0.08,0.2572190979303682,3.04,0.69,0.0
686,4113,0.8046800000000001,587,100,-5.111000000000001,0.31,5.65,0.08,0.08,0.08,0.25499492347183467,3.04,0.69,0.0
687,4120,0.8043475,588,100,-4.926000000000001,0.32,5.71,0.08,0.08,0.08,0.25168998892761196,3.07,0.68,0.0
688,4128,0.8039675,589,100,-5.1245,0.31,5.68,0.08,0.08,0.08,0.2489905072892942,3.06,0.69,0.0
689,4132,0.8037775,590,100,-5.105,0.31,5.6,0.08,0.08,0.08,0.24737790667963405,2.99,0.69,0.0
690,4139,0.803445,591,100,-5.115500000000001,0.31,5.64,0.08,0.08,0.08,0.2450390801829478,3.03,0.69,0.0
691,4144,0.8032075000000001,592,100,-5.1080000000000005,0.31,5.61,0.08,0.08,0.08,0.243632976400592,3.01,0.69,0.0
692,4153,0.80278,593,100,-4.9095,0.32,5.63,0.08,0.08,0.08,0.24189544938350951,3.07,0.68,0.0
693,4158,0.8025424999999999,594,100,-5.1160000000000005,0.31,5.63,0.09,0.09,0.09,0.23931798478807248,3.06,0.69,0.0
694,4162,0.8023525,595,100,-5.319000000000001,0.3,5.64,0.09,0.09,0.09,0.23720807310412564,3.04,0.7,0.0
695,4179,0.801545,596,100,-5.146,0.31,5.78,0.09,0.09,0.09,0.2354769027306134,3.17,0.69,0.0
696,4181,0.80145,597,100,-5.127500000000001,0.31,5.73,0.08,0.08,0.08,0.23434547142988812,3.18,0.69,0.0
697,4183,0.801355,598,100,-5.312500000000001,0.3,5.67,0.08,0.08,0.08,0.23247391262954842,3.16,0.7,0.0
698,4188,0.8011175,599,100,-5.4995,0.29,5.57,0.09,0.09,0.09,0.23057280759321028,3.05,0.71,0.0
699,4212,0.7999775,600,100,-5.5520000000000005,0.29,5.78,0.09,0.09,0.09,0.22832622351118798,3.16,0.71,0.0
700,4214,0.7998825,601,100,-5.5520000000000005,0.29,5.78,0.09,0.09,0.09,0.22600470745929951,3.16,0.71,0.0
701,4217,0.79974,602,100,-5.549000000000001,0.29,5.77,0.09,0.09,0.09,0.2245699025379506,3.17,0.71,0.0
702,4229,0.7991699999999999,603,100,-5.758000000000001,0.28,5.82,0.09,0.09,0.09,0.2231698406540313,3.15,0.72,0.0
703,4243,0.798505,604,100,-5.974500000000001,0.27,5.9,0.09,0.09,0.09,0.2216889108308825,3.1,0.73,0.0
704,4257,0.79784,605,100,-5.9835,0.27,5.93,0.09,0.09,0.09,0.2199966048892156,3.14,0.73,0.0
705,4264,0.7975075,606,100,-5.9895000000000005,0.27,5.97,0.09,0.09,0.09,0.21882059864871148,3.15,0.73,0.0
706,4279,0.796795,607,100,-5.815500000000001,0.28,6.06,0.1,0.1,0.1,0.2168755157929902,3.19,0.72,0.0
707,4289,0.79632,608,100,-5.626,0.29,6.11,0.1,0.1,0.1,0.2151838344712798,3.28,0.71,0.0
708,4292,0.7961775,609,100,-5.6305000000000005,0.29,6.13,0.1,0.1,0.1,0.21322763662832422,3.27,0.71,0.0
709,4305,0.79556,610,100,-5.4545,0.3,6.24,0.1,0.1,0.1,0.21037626708689927,3.36,0.7,0.0
710,4318,0.7949425,611,100,-5.4755,0.3,6.32,0.1,0.1,0.1,0.2085768787940089,3.41,0.7,0.0
711,4323,0.794705,612,100,-5.487500000000001,0.3,6.36,0.1,0.1,0.1,0.2075029015471284,3.41,0.7,0.0
712,4327,0.7945150000000001,613,100,-5.665000000000001,0.29,6.25,0.1,0.1,0.1,0.20568317958138826,3.34,0.71,0.0
713,4330,0.7943725,614,100,-5.6695,0.29,6.26,0.1,0.1,0.1,0.20452527542583587,3.34,0.71,0.0
714,4331,0.794325,615,100,-5.666500000000001,0.29,6.25,0.1,0.1,0.1,0.20160661649875286,3.34,0.71,0.0
715,4341,0.79385,616,100,-5.6705000000000005,0.29,6.28,0.09,0.09,0.09,0.19813146096639278,3.35,0.71,0.0
716,4348,0.7935175,617,100,-5.685500000000001,0.29,6.34,0.09,0.09,0.09,0.19436772456510734,3.41,0.71,0.0
717,4351,0.7933749999999999,618,100,-5.687500000000001,0.29,6.33,0.1,0.1,0.1,0.19186440339430047,3.41,0.71,0.0
718,4353,0.79328,619,100,-5.690500000000001,0.29,6.34,0.1,0.1,0.1,0.1890169080917425,3.41,0.71,0.0
719,4355,0.793185,620,100,-5.671,0.29,6.27,0.1,0.1,0.1,0.18674816455810142,3.4,0.71,0.0
720,4361,0.7929,621,100,-5.883500000000001,0.28,6.28,0.11,0.11,0.11,0.18549011640617125,3.37,0.72,0.0
721,4362,0.7928525,622,100,-5.867000000000001,0.28,6.22,0.11,0.11,0.11,0.18311215391482924,3.35,0.72,0.0
722,4374,0.7922825,623,100,-5.877500000000001,0.28,6.25,0.11,0.11,0.11,0.18146093054671436,3.37,0.72,0.0
723,4388,0.7916175000000001,624,100,-5.681500000000001,0.29,6.33,0.1,0.1,0.1,0.17998363283282298,3.43,0.71,0.0
724,4403,0.790905,625,100,-5.495000000000001,0.3,6.39,0.1,0.1,0.1,0.17822148634333523,3.46,0.7,0.0
725,4407,0.7907150000000001,626,100,-5.292000000000001,0.31,6.38,0.1,0.1,0.1,0.1768157201058081,3.49,0.69,0.0
726,4412,0.7904775,627,100,-5.2935,0.31,6.38,0.1,0.1,0.1,0.175415332982581,3.5,0.69,0.0
727,4413,0.79043,628,100,-5.2935,0.31,6.38,0.1,0.1,0.1,0.17554198212389263,3.51,0.69,0.0
728,4421,0.79005,629,100,-5.4830000000000005,0.3,6.36,0.1,0.1,0.1,0.1742797458537704,3.52,0.7,0.0
729,4426,0.7898125,630,100,-5.281500000000001,0.31,6.36,0.1,0.1,0.1,0.17308310608499108,3.52,0.69,0.0
730,4430,0.7896225,631,100,-5.281000000000001,0.31,6.38,0.09,0.09,0.09,0.1722104151652044,3.51,0.69,0.0
731,4433,0.78948,632,100,-5.2780000000000005,0.31,6.36,0.09,0.09,0.09,0.17028073631532847,3.51,0.69,0.0
732,4442,0.7890525,633,100,-5.2795000000000005,0.31,6.38,0.09,0.09,0.09,0.16873708022798106,3.51,0.69,0.0
733,4448,0.7887675000000001,634,100,-5.481,0.3,6.38,0.09,0.09,0.09,0.16659005613416436,3.47,0.7,0.0
734,4454,0.7884825,635,100,-5.490000000000001,0.3,6.42,0.09,0.09,0.09,0.16438737716565532,3.45,0.7,0.0
735,4459,0.7882450000000001,636,100,-5.482500000000001,0.3,6.39,0.09,0.09,0.09,0.16333950192707283,3.47,0.7,0.0
736,4463,0.788055,637,100,-5.664000000000001,0.29,6.35,0.08,0.08,0.08,0.16173109564038618,3.42,0.71,0.0
737,4474,0.7875325,638,100,-5.6885,0.29,6.41,0.09,0.09,0.09,0.16039910570250093,3.45,0.71,0.0
738,4482,0.7871525,639,100,-5.500500000000001,0.3,6.46,0.09,0.09,0.09,0.15854207079234114,3.51,0.7,0.0
739,4483,0.787105,640,100,-5.687,0.29,6.39,0.09,0.09,0.09,0.15689069680246104,3.45,0.71,0.0
740,4484,0.7870575,641,100,-5.687,0.29,6.39,0.09,0.09,0.09,0.15410516123595228,3.45,0.71,0.0
741,4486,0.7869625,642,100,-5.872000000000001,0.28,6.33,0.09,0.09,0.09,0.1520927414608239,3.42,0.72,0.0
742,4490,0.7867725,643,100,-5.673500000000001,0.29,6.33,0.09,0.09,0.09,0.15042291730950166,3.44,0.71,0.0
743,4492,0.7866775,644,100,-5.676500000000001,0.29,6.34,0.09,0.09,0.09,0.14924397267709066,3.44,0.71,0.0
744,4500,0.7862975,645,100,-5.486500000000001,0.3,6.39,0.08,0.08,0.08,0.1473468124726528,3.46,0.7,0.0
745,4505,0.78606,646,100,-5.692500000000001,0.29,6.4,0.08,0.08,0.08,0.14820321256757915,3.46,0.71,0.0
746,4510,0.7858225,647,100,-5.697,0.29,6.42,0.08,0.08,0.08,0.1475531168365592,3.45,0.71,0.0
747,4516,0.7855375,648,100,-5.700000000000001,0.29,6.42,0.08,0.08,0.08,0.14634366621167602,3.44,0.71,0.0
748,4520,0.7853475,649,100,-5.689500000000001,0.29,6.39,0.08,0.08,0.08,0.1456333217001926,3.43,0.71,0.0
749,4525,0.78511,650,100,-5.488,0.3,6.4,0.08,0.08,0.08,0.14490193768734447,3.45,0.7,0.0
750,4538,0.7844925,651,100,-5.5105,0.3,6.48,0.08,0.08,0.08,0.14393202359602333,3.48,0.7,0.0
751,4543,0.784255,652,100,-5.507500000000001,0.3,6.46,0.08,0.08,0.08,0.14252192891549265,3.47,0.7,0.0
752,4545,0.78416,653,100,-5.5155,0.3,6.47,0.09,0.09,0.09,0.1397194644564012,3.48,0.7,0.0
753,4553,0.78378,654,100,-5.710000000000001,0.29,6.43,0.1,0.1,0.1,0.13852556511019612,3.5,0.71,0.0
754,4559,0.783495,655,100,-5.7235000000000005,0.29,6.48,0.1,0.1,0.1,0.13723944791162954,3.5,0.71,0.0
755,4562,0.7833525,656,100,-5.5280000000000005,0.3,6.49,0.1,0.1,0.1,0.13655633979047285,3.49,0.7,0.0
756,4564,0.7832575,657,100,-5.716,0.29,6.45,0.1,0.1,0.1,0.13540997880702163,3.49,0.71,0.0
757,4566,0.7831625,658,100,-5.7145,0.29,6.45,0.1,0.1,0.1,0.13421680296962404,3.48,0.71,0.0
758,4571,0.782925,659,100,-5.7315000000000005,0.29,6.49,0.11,0.11,0.11,0.13370308988546278,3.48,0.71,0.0
759,4575,0.782735,660,100,-5.707500000000001,0.29,6.41,0.11,0.11,0.11,0.13248748663941964,3.43,0.71,0.0
760,4584,0.7823075,661,100,-5.912500000000001,0.28,6.38,0.12,0.12,0.12,0.13061285717541918,3.34,0.72,0.0
761,4590,0.7820225000000001,662,100,-5.902,0.28,6.35,0.12,0.12,0.12,0.12900403569891994,3.34,0.72,0.0
762,4591,0.781975,663,100,-5.896,0.28,6.33,0.12,0.12,0.12,0.1276392435109113,3.34,0.72,0.0
763,4600,0.7815475000000001,664,100,-5.699000000000001,0.29,6.35,0.12,0.12,0.12,0.12574912151746515,3.37,0.71,0.0
764,4601,0.7815,665,100,-5.8870000000000005,0.28,6.3,0.12,0.12,0.12,0.12390628475499714,3.32,0.72,0.0
765,4608,0.7811675,666,100,-5.691500000000001,0.29,6.32,0.12,0.12,0.12,0.12258657161269579,3.32,0.71,0.0
766,4612,0.7809775,667,100,-5.882500000000001,0.28,6.27,0.12,0.12,0.12,0.12108042858353746,3.28,0.72,0.0
767,4614,0.7808825,668,100,-5.882500000000001,0.28,6.27,0.12,0.12,0.12,0.11976726559734834,3.28,0.72,0.0
768,4619,0.780645,669,100,-5.882500000000001,0.28,6.27,0.12,0.12,0.12,0.1177906463164736,3.26,0.72,0.0
769,4623,0.780455,670,100,-5.876500000000001,0.28,6.24,0.12,0.12,0.12,0.11576140112069633,3.23,0.72,0.0
770,4627,0.780265,671,100,-5.875500000000001,0.28,6.22,0.13,0.13,0.13,0.10996255736313647,3.19,0.72,0.0
771,4637,0.77979,672,100,-5.875500000000001,0.28,6.24,0.13,0.13,0.13,0.10686627914644664,3.22,0.72,0.0
772,4640,0.7796475,673,100,-6.071000000000001,0.27,6.22,0.13,0.13,0.13,0.10510769193507617,3.18,0.73,0.0
773,4644,0.7794575,674,100,-6.0785,0.27,6.24,0.13,0.13,0.13,0.10420090477429217,3.17,0.73,0.0
774,4647,0.779315,675,100,-6.226,0.26,6.03,0.13,0.13,0.13,0.10363616182915752,3.09,0.74,0.0
775,4659,0.778745,676,100,-6.232,0.26,6.06,0.13,0.13,0.13,0.10303523351367863,3.11,0.74,0.0
776,4673,0.77808,677,100,-6.2395000000000005,0.26,6.12,0.13,0.13,0.13,0.10225600971370703,3.14,0.74,0.0
777,4676,0.7779375,678,100,-6.250500000000001,0.26,6.14,0.14,0.14,0.14,0.10134010391771561,3.14,0.74,0.0
778,4680,0.7777475,679,100,-6.2490000000000006,0.26,6.13,0.14,0.14,0.14,0.09932740383498138,3.13,0.74,0.0
779,4681,0.7777000000000001,680,100,-6.410000000000001,0.25,5.98,0.14,0.14,0.14,0.09862043519221014,3.05,0.75,0.0
780,4687,0.777415,681,100,-6.423500000000001,0.25,6.03,0.14,0.14,0.14,0.09829345675833291,3.07,0.75,0.0
781,4695,0.777035,682,100,-6.431,0.25,6.08,0.14,0.14,0.14,0.09730698190423738,3.07,0.75,0.0
782,4707,0.776465,683,100,-6.450500000000001,0.25,6.14,0.14,0.14,0.14,0.09648352209428093,3.04,0.75,0.0
783,4712,0.7762275000000001,684,100,-6.462500000000001,0.25,6.18,0.14,0.14,0.14,0.09616654407927534,3.05,0.75,0.0
784,4717,0.77599,685,100,-6.462500000000001,0.25,6.18,0.14,0.14,0.14,0.09583703011223815,3.0,0.75,0.0
785,4718,0.7759425,686,100,-6.437,0.25,6.09,0.14,0.14,0.14,0.09440046669492266,2.92,0.75,0.0
786,4727,0.775515,687,100,-6.247500000000001,0.26,6.14,0.14,0.14,0.14,0.09367310346405514,2.94,0.74,0.0
787,4734,0.7751825,688,100,-6.454000000000001,0.25,6.14,0.15,0.15,0.15,0.0931562560068506,2.91,0.75,0.0
788,4735,0.775135,689,100,-6.433000000000001,0.25,6.07,0.15,0.15,0.15,0.0936307924630183,2.85,0.75,0.0
789,4745,0.77466,690,100,-6.446500000000001,0.25,6.13,0.15,0.15,0.15,0.09295524959993243,2.86,0.75,0.0
790,4749,0.77447,691,100,-6.434500000000001,0.25,6.1,0.15,0.15,0.15,0.09264104925503781,2.86,0.75,0.0
791,4755,0.774185,692,100,-6.436,0.25,6.11,0.15,0.15,0.15,0.09198393247808466,2.9,0.75,0.0
792,4762,0.7738525,693,100,-6.631500000000001,0.24,6.09,0.15,0.15,0.15,0.09134861282258963,2.82,0.76,0.0
793,4763,0.773805,694,100,-6.6145000000000005,0.24,6.05,0.14,0.14,0.14,0.09085817264765239,2.81,0.76,0.0
794,4764,0.7737575,695,100,-6.605500000000001,0.24,6.02,0.14,0.14,0.14,0.09034213688596822,2.8,0.76,0.0
795,4772,0.7733775,696,100,-6.792000000000001,0.23,5.93,0.14,0.14,0.14,0.0898362944253475,2.72,0.77,0.0
796,4779,0.773045,697,100,-6.804000000000001,0.23,5.98,0.14,0.14,0.14,0.08922007065581898,2.77,0.77,0.0
797,4796,0.7722375,698,100,-6.64,0.24,6.13,0.14,0.14,0.14,0.08903668707113904,2.92,0.76,0.0
798,4798,0.7721425,699,100,-6.631,0.24,6.1,0.14,0.14,0.14,0.0883311575080101,2.89,0.76,0.0
799,4804,0.7718575,700,100,-6.5845,0.24,5.92,0.14,0.14,0.14,0.0879898905338242,2.82,0.76,0.0
800,4812,0.7714775,701,100,-6.599500000000001,0.24,5.98,0.14,0.14,0.14,0.08753988229469277,2.84,0.76,0.0
801,4814,0.7713825,702,100,-6.596500000000001,0.24,5.97,0.14,0.14,0.14,0.08660228598972974,2.82,0.76,0.0
802,4815,0.771335,703,100,-6.572500000000002,0.24,5.86,0.14,0.14,0.14,0.0855987749694369,2.8,0.76,0.0
803,4817,0.77124,704,100,-6.5455000000000005,0.24,5.74,0.14,0.14,0.14,0.08493120425446506,2.81,0.76,0.0
804,4828,0.7707174999999999,705,100,-6.7335,0.23,5.71,0.14,0.14,0.14,0.08464979652078741,2.73,0.77,0.0
805,4834,0.7704325000000001,706,100,-6.5335,0.24,5.7,0.14,0.14,0.14,0.08448419037260121,2.77,0.76,0.0
806,4843,0.770005,707,100,-6.715000000000001,0.23,5.64,0.13,0.13,0.13,0.08413577218318158,2.81,0.77,0.0
807,4854,0.7694825000000001,708,100,-6.9195,0.22,5.65,0.13,0.13,0.13,0.08389851705897568,2.72,0.78,0.0
808,4860,0.7691975,709,100,-6.7285,0.23,5.68,0.13,0.13,0.13,0.08392099463486392,2.77,0.77,0.0
809,4861,0.76915,710,100,-6.901500000000001,0.22,5.56,0.13,0.13,0.13,0.0834153746286786,2.69,0.78,0.0
810,4867,0.768865,711,100,-6.8885000000000005,0.22,5.49,0.14,0.14,0.14,0.08276729978105644,2.66,0.78,0.0
811,4877,0.76839,712,100,-6.696000000000001,0.23,5.54,0.14,0.14,0.14,0.08196316202028314,2.7,0.77,0.0
812,4883,0.768105,713,100,-6.700500000000001,0.23,5.56,0.14,0.14,0.14,0.08165394533593176,2.7,0.77,0.0
813,4884,0.7680575000000001,714,100,-6.894500000000001,0.22,5.54,0.14,0.14,0.14,0.08134042464364288,2.68,0.78,0.0
814,4886,0.7679625,715,100,-6.896,0.22,5.55,0.14,0.14,0.14,0.08115324235688863,2.68,0.78,0.0
815,4892,0.7676775,716,100,-7.087000000000001,0.21,5.51,0.14,0.14,0.14,0.08113912883382259,2.65,0.79,0.0
816,4902,0.7672025,717,100,-7.093000000000001,0.21,5.54,0.14,0.14,0.14,0.08089470583980074,2.68,0.79,0.0
817,4911,0.766775,718,100,-7.105000000000001,0.21,5.6,0.14,0.14,0.14,0.08031785699056046,2.71,0.79,0.0
818,4919,0.7663949999999999,719,100,-7.125000000000001,0.21,5.66,0.15,0.15,0.15,0.07999808032514112,2.71,0.79,0.0
819,4924,0.7661575,720,100,-7.131,0.21,5.69,0.15,0.15,0.15,0.07994390037731783,2.76,0.79,0.0
820,4931,0.765825,721,100,-7.132500000000001,0.21,5.7,0.15,0.15,0.15,0.0793973711871465,2.75,0.79,0.0
821,4932,0.7657775,722,100,-7.132500000000001,0.21,5.7,0.15,0.15,0.15,0.07888524956935247,2.75,0.79,0.0
822,4936,0.7655875,723,100,-7.1085,0.21,5.62,0.15,0.15,0.15,0.07813633924749841,2.7,0.79,0.0
823,4943,0.765255,724,100,-7.306,0.2,5.55,0.16,0.16,0.16,0.07782945869091926,2.61,0.8,0.0
824,4964,0.7642575,725,100,-7.3135,0.2,5.61,0.16,0.16,0.16,0.07753812910182341,2.75,0.8,0.0
825,4974,0.7637825,726,100,-7.327000000000001,0.2,5.67,0.16,0.16,0.16,0.07695461695579751,2.73,0.8,0.0
826,4976,0.7636875000000001,727,100,-7.319500000000001,0.2,5.64,0.16,0.16,0.16,0.07654988398341402,2.72,0.8,0.0
827,4981,0.76345,728,100,-7.131500000000001,0.21,5.68,0.16,0.16,0.16,0.07478850530398949,2.76,0.79,0.0
828,4989,0.76307,729,100,-7.138000000000001,0.21,5.68,0.17,0.17,0.17,0.07413270596120446,2.73,0.79,0.0
829,4992,0.7629275,730,100,-7.3335,0.2,5.66,0.17,0.17,0.17,0.07413476968013931,2.68,0.8,0.0
830,4994,0.7628325,731,100,-7.329000000000001,0.2,5.64,0.17,0.17,0.17,0.07290698876434255,2.68,0.8,0.0
831,5000,0.7625475,732,100,-7.332000000000001,0.2,5.67,0.17,0.17,0.17,0.07255058286541391,2.66,0.8,0.0
832,5004,0.7623575,733,100,-7.524500000000001,0.19,5.62,0.17,0.17,0.17,0.07280359934845258,2.63,0.81,0.0
833,5017,0.76174,734,100,-7.5440000000000005,0.19,5.69,0.17,0.17,0.17,0.07273253690711043,2.66,0.81,0.0
834,5019,0.761645,735,100,-7.535000000000001,0.19,5.65,0.17,0.17,0.17,0.07267864109587055,2.66,0.81,0.0
835,5045,0.76041,736,100,-7.792500000000001,0.18,5.86,0.18,0.18,0.18,0.0719309482952421,2.86,0.82,0.0
836,5061,0.75965,737,100,-7.6285,0.19,5.98,0.18,0.18,0.18,0.07165439685418544,3.01,0.81,0.0
837,5066,0.7594125,738,100,-7.609000000000001,0.19,5.92,0.18,0.18,0.18,0.07102179774389368,2.96,0.81,0.0
838,5071,0.759175,739,100,-7.796500000000001,0.18,5.89,0.17,0.17,0.17,0.07047636966620337,2.94,0.82,0.0
839,5083,0.758605,740,100,-7.622000000000001,0.19,6.0,0.17,0.17,0.17,0.07043274136659455,2.96,0.81,0.0
840,5087,0.758415,741,100,-7.631,0.19,6.03,0.17,0.17,0.17,0.07042497232024324,3.0,0.81,0.0
841,5092,0.7581775,742,100,-7.6385000000000005,0.19,6.06,0.17,0.17,0.17,0.07016520626683485,3.03,0.81,0.0
842,5095,0.758035,743,100,-7.835500000000001,0.18,6.05,0.17,0.17,0.17,0.06936730823320103,3.02,0.82,0.0
843,5105,0.75756,744,100,-7.655000000000001,0.19,6.13,0.17,0.17,0.17,0.06894650587280046,3.06,0.81,0.0
844,5106,0.7575125,745,100,-7.8340000000000005,0.18,6.06,0.17,0.17,0.17,0.06862082304366629,3.03,0.82,0.0
845,5116,0.7570375,746,100,-7.643000000000001,0.19,6.11,0.17,0.17,0.17,0.0664115613506059,3.1,0.81,0.0
846,5117,0.75699,747,100,-7.632500000000001,0.19,6.07,0.17,0.17,0.17,0.06502124607124132,3.1,0.81,0.0
847,5119,0.756895,748,100,-7.620500000000001,0.19,6.03,0.17,0.17,0.17,0.06373374660060507,3.06,0.81,0.0
848,5123,0.756705,749,100,-7.622000000000001,0.19,6.03,0.17,0.17,0.17,0.06339734605074626,3.06,0.81,0.0
849,5130,0.7563725,750,100,-7.6295,0.19,6.05,0.17,0.17,0.17,0.06293011624964917,3.05,0.81,0.0
850,5134,0.7561825,751,100,-7.604000000000001,0.19,5.96,0.17,0.17,0.17,0.06261062718738691,2.98,0.81,0.0
851,5144,0.7557075,752,100,-7.4145,0.2,6.01,0.17,0.17,0.17,0.0625784441325523,2.99,0.8,0.0
852,5147,0.755565,753,100,-7.412500000000001,0.2,6.02,0.16,0.16,0.16,0.06238852176129396,3.0,0.8,0.0
853,5150,0.7554225,754,100,-7.392500000000001,0.2,5.97,0.15,0.15,0.15,0.06218312263578996,2.93,0.8,0.0
854,5154,0.7552325,755,100,-7.393000000000001,0.2,5.95,0.16,0.16,0.16,0.06217904522794808,2.93,0.8,0.0
855,5167,0.754615,756,100,-7.623000000000001,0.19,6.05,0.16,0.16,0.16,0.06175242489699999,3.05,0.81,0.0
856,5177,0.75414,757,100,-7.445500000000001,0.2,6.13,0.16,0.16,0.16,0.061725979280963336,3.13,0.8,0.0
857,5183,0.753855,758,100,-7.461,0.2,6.17,0.17,0.17,0.17,0.0614981544495819,3.18,0.8,0.0
858,5186,0.7537125,759,100,-7.4485,0.2,6.15,0.16,0.16,0.16,0.06133128933173397,3.21,0.8,0.0
859,5190,0.7535225,760,100,-7.4485,0.2,6.15,0.16,0.16,0.16,0.06107059753297621,3.2,0.8,0.0
860,5192,0.7534275,761,100,-7.424000000000001,0.2,6.08,0.15,0.15,0.15,0.06071561424480234,3.2,0.8,0.0
861,5200,0.7530475,762,100,-7.227,0.21,6.1,0.15,0.15,0.15,0.060549086137048694,3.26,0.79,0.0
862,5203,0.752905,763,100,-7.2315000000000005,0.21,6.12,0.15,0.15,0.15,0.059833195796541665,3.26,0.79,0.0
863,5207,0.752715,764,100,-7.216500000000001,0.21,6.07,0.15,0.15,0.15,0.05932960505032808,3.24,0.79,0.0
864,5210,0.7525725,765,100,-7.226,0.21,6.09,0.16,0.16,0.16,0.059518899554950704,3.24,0.79,0.0
865,5212,0.7524775,766,100,-7.412500000000001,0.2,6.04,0.16,0.16,0.16,0.059028976167717004,3.21,0.8,0.0
866,5213,0.75243,767,100,-7.4035,0.2,6.01,0.16,0.16,0.16,0.05868686948826256,3.2,0.8,0.0
867,5215,0.752335,768,100,-7.4035,0.2,6.01,0.16,0.16,0.16,0.05783134784472826,3.21,0.8,0.0
868,5223,0.751955,769,100,-7.213000000000001,0.21,6.04,0.17,0.17,0.17,0.057635860150379116,3.22,0.79,0.0
869,5229,0.7516700000000001,770,100,-7.216,0.21,6.06,0.17,0.17,0.17,0.05744474245298373,3.23,0.79,0.0
870,5249,0.75072,771,100,-7.251500000000001,0.21,6.22,0.16,0.16,0.16,0.0570151986476751,3.38,0.79,0.0
871,5251,0.750625,772,100,-7.2335,0.21,6.14,0.16,0.16,0.16,0.05627232106558698,3.3,0.79,0.0
872,5255,0.750435,773,100,-7.035000000000001,0.22,6.15,0.16,0.16,0.16,0.05554641898877638,3.3,0.78,0.0
873,5260,0.7501975,774,100,-7.038,0.22,6.16,0.16,0.16,0.16,0.05468180762015003,3.31,0.78,0.0
874,5266,0.7499125,775,100,-7.048500000000001,0.22,6.19,0.16,0.16,0.16,0.053573050912168796,3.28,0.78,0.0
875,5276,0.7494375,776,100,-7.042500000000001,0.22,6.17,0.16,0.16,0.16,0.05300929378129261,3.23,0.78,0.0
876,5281,0.7492,777,100,-7.226,0.21,6.08,0.16,0.16,0.16,0.05258563497286541,3.2,0.79,0.0
877,5284,0.7490575,778,100,-7.221,0.21,6.08,0.15,0.15,0.15,0.05234279789523783,3.2,0.79,0.0
878,5293,0.74863,779,100,-7.2330000000000005,0.21,6.13,0.15,0.15,0.15,0.05216446647189395,3.19,0.79,0.0
879,5314,0.7476325,780,100,-7.078,0.22,6.33,0.15,0.15,0.15,0.0520237237635416,3.24,0.78,0.0
880,5339,0.746445,781,100,-6.927500000000001,0.23,6.52,0.15,0.15,0.15,0.05195683178895833,3.47,0.77,0.0
881,5367,0.745115,782,100,-7.174000000000001,0.22,6.72,0.15,0.15,0.15,0.05171395057584307,3.5,0.78,0.0
882,5379,0.744545,783,100,-6.976,0.23,6.72,0.16,0.16,0.16,0.05145061953851791,3.5,0.77,0.0
883,5391,0.743975,784,100,-6.7940000000000005,0.24,6.79,0.16,0.16,0.16,0.05110279348171464,3.59,0.76,0.0
884,5405,0.74331,785,100,-6.615000000000001,0.25,6.88,0.16,0.16,0.16,0.05066129682610358,3.6,0.75,0.0
885,5412,0.7429775000000001,786,100,-6.4285000000000005,0.26,6.94,0.16,0.16,0.16,0.050524011169408724,3.64,0.74,0.0
886,5421,0.74255,787,100,-6.635000000000002,0.25,6.94,0.17,0.17,0.17,0.05033741100376013,3.62,0.75,0.0
887,5444,0.7414575,788,100,-6.463000000000001,0.26,7.1,0.16,0.16,0.16,0.050091042456922995,3.75,0.74,0.0
888,5449,0.74122,789,100,-6.4785,0.26,7.14,0.17,0.17,0.17,0.04842755823001073,3.78,0.74,0.0
889,5462,0.7406025,790,100,-6.283,0.27,7.17,0.17,0.17,0.17,0.04809562427012201,3.76,0.73,0.0
890,5466,0.7404125,791,100,-6.291,0.27,7.17,0.18,0.18,0.18,0.04759286161532577,3.75,0.73,0.0
891,5467,0.740365,792,100,-6.277500000000001,0.27,7.12,0.18,0.18,0.18,0.047001886951631065,3.7,0.73,0.0
892,5468,0.7403175,793,100,-6.262500000000001,0.27,7.06,0.18,0.18,0.18,0.04645263999011408,3.7,0.73,0.0
893,5471,0.740175,794,100,-6.067,0.28,7.08,0.18,0.18,0.18,0.04633797430054635,3.7,0.72,0.0
894,5475,0.739985,795,100,-5.876,0.29,7.11,0.18,0.18,0.18,0.046164303390247526,3.71,0.71,0.0
895,5482,0.7396525,796,100,-5.6745,0.3,7.1,0.18,0.18,0.18,0.04600006096517885,3.65,0.7,0.0
896,5485,0.73951,797,100,-5.664000000000001,0.3,7.06,0.18,0.18,0.18,0.04557185076408217,3.59,0.7,0.0
897,5497,0.73894,798,100,-5.855000000000001,0.29,7.01,0.18,0.18,0.18,0.04525141232850707,3.54,0.71,0.0
898,5504,0.7386075000000001,799,100,-5.862,0.29,7.06,0.17,0.17,0.17,0.044684164436974545,3.58,0.71,0.0
899,5534,0.7371825000000001,800,100,-6.032,0.28,7.3,0.17,0.17,0.17,0.04451785505358718,3.54,0.71,0.01
900,5535,0.737135,801,100,-6.014000000000001,0.28,7.23,0.17,0.17,0.17,0.044316013374651145,3.52,0.71,0.01
901,5550,0.7364225,802,100,-6.051500000000001,0.28,7.36,0.17,0.17,0.17,0.044379024786228606,3.53,0.71,0.01
902,5561,0.7359,803,100,-6.080000000000001,0.28,7.46,0.17,0.17,0.17,0.04439081295261069,3.63,0.71,0.01
903,5564,0.7357575000000001,804,100,-6.081500000000001,0.28,7.47,0.17,0.17,0.17,0.04422215961718842,3.64,0.71,0.01
904,5571,0.735425,805,100,-6.082000000000001,0.28,7.43,0.18,0.18,0.18,0.04387352005881664,3.66,0.71,0.01
905,5574,0.7352825000000001,806,100,-6.276,0.27,7.4,0.18,0.18,0.18,0.04334361062688228,3.61,0.72,0.01
906,5576,0.7351875,807,100,-6.256500000000001,0.27,7.33,0.18,0.18,0.18,0.04384420098315607,3.54,0.72,0.01
907,5577,0.73514,808,100,-6.231,0.27,7.23,0.18,0.18,0.18,0.04354733094321077,3.55,0.72,0.01
908,5579,0.735045,809,100,-6.4205000000000005,0.26,7.19,0.18,0.18,0.18,0.04326247280832513,3.51,0.73,0.01
909,5581,0.73495,810,100,-6.423500000000001,0.26,7.2,0.18,0.18,0.18,0.04372548723962291,3.51,0.73,0.01
910,5586,0.7347125,811,100,-6.417000000000001,0.26,7.19,0.17,0.17,0.17,0.04406788989960039,3.51,0.73,0.01
911,5599,0.734095,812,100,-6.627500000000001,0.25,7.22,0.17,0.17,0.17,0.04424226842606908,3.49,0.74,0.01
912,5607,0.733715,813,100,-6.427500000000001,0.26,7.24,0.17,0.17,0.17,0.044200002510912426,3.55,0.73,0.01
913,5610,0.7335725,814,100,-6.4335,0.26,7.26,0.17,0.17,0.17,0.043870140062836016,3.55,0.73,0.01
914,5615,0.7333350000000001,815,100,-6.444000000000001,0.26,7.29,0.17,0.17,0.17,0.04372714972515127,3.6,0.73,0.01
915,5616,0.7332875000000001,816,100,-6.4305,0.26,7.24,0.17,0.17,0.17,0.04295045037214181,3.58,0.73,0.01
916,5622,0.7330025,817,100,-6.426500000000001,0.26,7.2,0.18,0.18,0.18,0.04256166438963732,3.52,0.73,0.01
917,5634,0.7324325,818,100,-6.4385,0.26,7.23,0.18,0.18,0.18,0.04227799668730601,3.55,0.73,0.01
918,5636,0.7323375000000001,819,100,-6.4185,0.26,7.17,0.17,0.17,0.17,0.04196899940082236,3.56,0.73,0.01
919,5649,0.73172,820,100,-6.438000000000001,0.26,7.25,0.17,0.17,0.17,0.04180682637107063,3.52,0.73,0.01
920,5650,0.7316725000000001,821,100,-6.416500000000001,0.26,7.19,0.16,0.16,0.16,0.04177922065014189,3.51,0.73,0.01
921,5652,0.7315775,822,100,-6.4195,0.26,7.2,0.16,0.16,0.16,0.04166146982105619,3.51,0.73,0.01
922,5660,0.7311975000000001,823,100,-6.2285,0.27,7.24,0.16,0.16,0.16,0.04163534381071275,3.52,0.72,0.01
923,5663,0.731055,824,100,-6.211500000000001,0.27,7.2,0.15,0.15,0.15,0.04136605487825164,3.53,0.72,0.01
924,5682,0.7301525,825,100,-6.402500000000001,0.26,7.18,0.15,0.15,0.15,0.04160473487119699,3.51,0.73,0.01
925,5686,0.7299625000000001,826,100,-6.589000000000001,0.25,7.12,0.15,0.15,0.15,0.04145681583661163,3.5,0.74,0.01
926,5688,0.7298675,827,100,-6.589000000000001,0.25,7.12,0.15,0.15,0.15,0.042087388256225225,3.51,0.74,0.01
927,5693,0.72963,828,100,-6.7860000000000005,0.24,7.12,0.15,0.15,0.15,0.04201443206298674,3.47,0.75,0.01
928,5699,0.729345,829,100,-6.7735,0.24,7.1,0.14,0.14,0.14,0.04237684826379219,3.45,0.75,0.01
929,5704,0.7291075,830,100,-6.7780000000000005,0.24,7.12,0.14,0.14,0.14,0.04188789262697298,3.5,0.75,0.01
930,5712,0.7287275,831,100,-6.598000000000001,0.25,7.18,0.15,0.15,0.15,0.04198807274485205,3.57,0.74,0.01
931,5716,0.7285375000000001,832,100,-6.603000000000001,0.25,7.16,0.16,0.16,0.16,0.04197586619788979,3.57,0.74,0.01
932,5720,0.7283475,833,100,-6.603000000000001,0.25,7.16,0.16,0.16,0.16,0.041359436130432525,3.59,0.74,0.01
933,5731,0.727825,834,100,-6.602,0.25,7.14,0.17,0.17,0.17,0.04088174995818549,3.56,0.74,0.01
934,5734,0.7276825,835,100,-6.605000000000001,0.25,7.15,0.17,0.17,0.17,0.040822410523035264,3.56,0.74,0.01
935,5742,0.7273025,836,100,-6.556500000000001,0.25,6.97,0.16,0.16,0.16,0.04067228314151907,3.31,0.74,0.01
936,5747,0.7270650000000001,837,100,-6.525000000000001,0.25,6.86,0.16,0.16,0.16,0.0404501381212558,3.2,0.74,0.01
937,5757,0.7265900000000001,838,100,-6.532,0.25,6.91,0.15,0.15,0.15,0.040363235090271704,3.22,0.74,0.01
938,5768,0.7260675000000001,839,100,-6.551500000000001,0.25,6.97,0.15,0.15,0.15,0.040405655266722205,3.17,0.74,0.01
939,5772,0.7258775000000001,840,100,-6.7335,0.24,6.89,0.15,0.15,0.15,0.04063104307838297,3.17,0.75,0.01
940,5781,0.72545,841,100,-6.745500000000001,0.24,6.94,0.15,0.15,0.15,0.040727688923069334,3.13,0.75,0.01
941,5783,0.725355,842,100,-6.736500000000001,0.24,6.91,0.15,0.15,0.15,0.040596060666778185,3.08,0.75,0.01
942,5797,0.7246900000000001,843,100,-6.768000000000001,0.24,7.02,0.15,0.15,0.15,0.04069132075683978,3.07,0.75,0.01
943,5799,0.7245950000000001,844,100,-6.9485,0.23,6.94,0.15,0.15,0.15,0.040530482534708645,3.04,0.76,0.01
944,5806,0.7242625,845,100,-6.9635,0.23,7.0,0.15,0.15,0.15,0.04020130994475944,3.06,0.76,0.01
945,5811,0.724025,846,100,-7.1545000000000005,0.22,6.95,0.15,0.15,0.15,0.03956127983264192,2.96,0.77,0.01
946,5822,0.7235025,847,100,-6.982,0.23,7.05,0.16,0.16,0.16,0.039297459425237775,3.0,0.76,0.01
947,5823,0.723455,848,100,-6.979000000000001,0.23,7.04,0.16,0.16,0.16,0.03919953755272627,2.99,0.76,0.01
948,5830,0.7231225,849,100,-6.987,0.23,7.07,0.17,0.17,0.17,0.03862252210037325,2.99,0.76,0.01
949,5838,0.7227425000000001,850,100,-6.987,0.23,7.08,0.17,0.17,0.17,0.03863363278367764,3.02,0.76,0.01
950,5841,0.7226,851,100,-6.984000000000001,0.23,7.07,0.17,0.17,0.17,0.03849511006495502,3.02,0.76,0.01
951,5842,0.7225525,852,100,-7.161500000000001,0.22,6.98,0.17,0.17,0.17,0.03802982567644265,2.98,0.77,0.01
952,5851,0.722125,853,100,-7.178000000000001,0.22,7.04,0.17,0.17,0.17,0.03801037345123271,3.05,0.77,0.01
953,5853,0.72203,854,100,-7.176500000000001,0.22,7.03,0.17,0.17,0.17,0.03785834989241739,3.06,0.77,0.01
954,5867,0.721365,855,100,-7.194000000000001,0.22,7.13,0.16,0.16,0.16,0.03791315830709162,3.16,0.77,0.01
955,5871,0.721175,856,100,-6.9670000000000005,0.23,7.04,0.16,0.16,0.16,0.03802112291247118,3.07,0.76,0.01
956,5874,0.7210325,857,100,-7.147500000000001,0.22,6.97,0.16,0.16,0.16,0.0376595891924249,2.97,0.77,0.01
957,5875,0.720985,858,100,-7.1305000000000005,0.22,6.92,0.15,0.15,0.15,0.037902028337647206,2.92,0.77,0.01
958,5884,0.7205575,859,100,-7.147,0.22,6.98,0.15,0.15,0.15,0.0379776378446864,2.96,0.77,0.01
959,5889,0.7203200000000001,860,100,-7.155000000000001,0.22,6.99,0.16,0.16,0.16,0.037931447712765076,2.97,0.77,0.01
960,5900,0.7197975000000001,861,100,-7.179000000000001,0.22,7.08,0.16,0.16,0.16,0.037886943583013914,3.08,0.77,0.01
961,5901,0.71975,862,100,-7.362500000000001,0.21,7.01,0.16,0.16,0.16,0.037802985102041116,3.0,0.78,0.01
962,5902,0.7197025,863,100,-7.3580000000000005,0.21,6.99,0.16,0.16,0.16,0.037551615467397916,3.01,0.78,0.01
963,5909,0.7193700000000001,864,100,-7.5685,0.2,7.02,0.16,0.16,0.16,0.03749644487501164,2.98,0.79,0.01
964,5910,0.7193225000000001,865,100,-7.559000000000001,0.2,7.0,0.15,0.15,0.15,0.03672583547136168,2.98,0.79,0.01
965,5930,0.7183725000000001,866,100,-7.601,0.2,7.18,0.15,0.15,0.15,0.03669624292333032,3.18,0.79,0.01
966,5945,0.71766,867,100,-7.631,0.2,7.32,0.15,0.15,0.15,0.03675663964802131,3.31,0.79,0.01
967,5950,0.7174225000000001,868,100,-7.6370000000000005,0.2,7.35,0.15,0.15,0.15,0.03674279950910911,3.33,0.79,0.01
968,5955,0.717185,869,100,-7.8245000000000005,0.19,7.32,0.14,0.14,0.14,0.03684673440575331,3.33,0.8,0.01
969,5956,0.7171375,870,100,-7.812500000000001,0.19,7.27,0.14,0.14,0.14,0.036786532447931466,3.3,0.8,0.01
970,5966,0.7166625,871,100,-7.787000000000001,0.19,7.17,0.14,0.14,0.14,0.036640091001314226,3.15,0.8,0.01
971,5992,0.7154275000000001,872,100,-7.644000000000001,0.2,7.41,0.14,0.14,0.14,0.036394020487167694,3.36,0.79,0.01
972,5996,0.7152375,873,100,-7.8505,0.19,7.41,0.15,0.15,0.15,0.03610578139832692,3.35,0.8,0.01
973,5999,0.715095,874,100,-7.849500000000001,0.19,7.39,0.16,0.16,0.16,0.036193722207333405,3.34,0.8,0.01
974,6009,0.71462,875,100,-7.8585,0.19,7.43,0.16,0.16,0.16,0.03665151750071423,3.34,0.8,0.01
975,6016,0.7142875,876,100,-7.854000000000001,0.19,7.4,0.16,0.16,0.16,0.036607199640557926,3.29,0.8,0.01
976,6023,0.713955,877,100,-7.857,0.19,7.42,0.16,0.16,0.16,0.036688137973405116,3.31,0.8,0.01
977,6038,0.7132425,878,100,-7.8885000000000005,0.19,7.54,0.16,0.16,0.16,0.0368124904651763,3.46,0.8,0.01
978,6046,0.7128625,879,100,-7.8870000000000005,0.19,7.53,0.16,0.16,0.16,0.03701271192714459,3.49,0.8,0.01
979,6049,0.71272,880,100,-8.0515,0.18,7.35,0.17,0.17,0.17,0.03678147000715733,3.43,0.81,0.01
980,6064,0.7120075,881,100,-8.22,0.17,7.25,0.17,0.17,0.17,0.036849380258799594,3.21,0.82,0.01
981,6067,0.711865,882,100,-8.166,0.17,7.0,0.17,0.17,0.17,0.03684953464037315,3.2,0.82,0.01
982,6071,0.7116750000000001,883,100,-8.1385,0.17,6.92,0.16,0.16,0.16,0.036767202076320955,3.21,0.82,0.01
983,6073,0.7115800000000001,884,100,-8.3115,0.16,6.82,0.16,0.16,0.16,0.037337343355149134,3.11,0.83,0.01
984,6077,0.71139,885,100,-8.4845,0.15,6.72,0.16,0.16,0.16,0.03703153924714572,3.1,0.84,0.01
985,6081,0.7112,886,100,-8.677,0.14,6.69,0.16,0.16,0.16,0.036843531982215495,3.1,0.85,0.01
986,6092,0.7106775000000001,887,100,-8.6785,0.14,6.71,0.16,0.16,0.16,0.03655333041627801,3.09,0.85,0.01
987,6104,0.7101075000000001,888,100,-8.8595,0.13,6.6,0.17,0.17,0.17,0.036509468963167035,2.96,0.86,0.01
988,6108,0.7099175,889,100,-8.853000000000002,0.13,6.59,0.16,0.16,0.16,0.03680522507595118,2.93,0.86,0.01
989,6111,0.709775,890,100,-9.029000000000002,0.12,6.49,0.16,0.16,0.16,0.03670143281170554,2.92,0.87,0.01
990,6112,0.7097275000000001,891,100,-9.0165,0.12,6.46,0.15,0.15,0.15,0.03756565006510741,2.89,0.87,0.01
991,6119,0.709395,892,100,-9.038,0.12,6.52,0.16,0.16,0.16,0.03766591085980235,2.94,0.87,0.01
992,6128,0.7089675,893,100,-9.064,0.12,6.6,0.17,0.17,0.17,0.03766650330720576,2.98,0.87,0.01
993,6132,0.7087775000000001,894,100,-9.2685,0.11,6.61,0.17,0.17,0.17,0.03743010235153866,2.97,0.88,0.01
994,6149,0.70797,895,100,-9.3,0.11,6.74,0.17,0.17,0.17,0.03717001500564752,2.99,0.88,0.01
995,6158,0.7075425,896,100,-9.500000000000002,0.1,6.76,0.17,0.17,0.17,0.036927447053043475,3.06,0.89,0.01
996,6169,0.70702,897,100,-9.529000000000002,0.1,6.84,0.18,0.18,0.18,0.03675754689033353,3.08,0.89,0.01
997,6172,0.7068775,898,100,-9.5035,0.1,6.75,0.18,0.18,0.18,0.03650055510810787,2.98,0.89,0.01
998,6176,0.7066874999999999,899,100,-9.296,0.11,6.72,0.18,0.18,0.18,0.03632904571435092,2.98,0.88,0.01
999,6179,0.706545,900,100,-9.32,0.11,6.45,0.18,0.18,0.18,0.035909731922211634,2.99,0.89,0.0
1000,6180,0.7064975,901,100,-9.32,0.11,6.45,0.18,0.18,0.18,0.03577522226935862,2.99,0.89,0.0
1001,6190,0.7060225,902,100,-9.305000000000001,0.11,6.4,0.18,0.18,0.18,0.03548467321461676,3.01,0.89,0.0
1002,6201,0.7055,903,100,-9.302,0.11,6.4,0.18,0.18,0.18,0.035373287830126894,2.92,0.89,0.0
1003,6202,0.7054525,904,100,-9.297500000000001,0.11,6.38,0.18,0.18,0.18,0.03572995695806803,2.89,0.89,0.0
1004,6209,0.70512,905,100,-9.291,0.11,6.38,0.17,0.17,0.17,0.03558775804260775,2.92,0.89,0.0
1005,6218,0.7046924999999999,906,100,-9.3095,0.11,6.44,0.18,0.18,0.18,0.03537713213768506,2.94,0.89,0.0
1006,6231,0.704075,907,100,-9.338000000000001,0.11,6.55,0.18,0.18,0.18,0.03461716432498988,2.96,0.89,0.0
1007,6238,0.7037424999999999,908,100,-9.361,0.11,6.61,0.19,0.19,0.19,0.03456025131953568,2.95,0.89,0.0
1008,6247,0.7033149999999999,909,100,-9.382,0.11,6.68,0.19,0.19,0.19,0.034202349568575395,2.94,0.89,0.0
1009,6257,0.70284,910,100,-9.198500000000001,0.12,6.76,0.19,0.19,0.19,0.033664421255558505,3.03,0.88,0.0
1010,6259,0.702745,911,100,-8.9895,0.13,6.73,0.19,0.19,0.19,0.03308847664654977,2.99,0.87,0.0
1011,6263,0.702555,912,100,-8.9655,0.13,6.64,0.19,0.19,0.19,0.03273006787036623,3.01,0.87,0.0
1012,6270,0.7022225,913,100,-9.165500000000002,0.12,6.63,0.19,0.19,0.19,0.03276764386411967,2.97,0.88,0.0
1013,6279,0.701795,914,100,-9.182,0.12,6.69,0.19,0.19,0.19,0.03282083476765085,2.97,0.88,0.0
1014,6289,0.7013199999999999,915,100,-9.194,0.12,6.74,0.19,0.19,0.19,0.03280260565562178,3.0,0.88,0.0
1015,6307,0.700465,916,100,-9.033000000000001,0.13,6.91,0.19,0.19,0.19,0.03275867380435479,3.16,0.87,0.0
1016,6308,0.7004174999999999,917,100,-9.016,0.13,6.86,0.18,0.18,0.18,0.0326484808442266,3.14,0.87,0.0
1017,6316,0.7000375000000001,918,100,-9.005500000000001,0.13,6.82,0.18,0.18,0.18,0.032458864530013495,3.06,0.87,0.0
1018,6320,0.6998475,919,100,-9.011500000000002,0.13,6.84,0.18,0.18,0.18,0.03226112735264525,3.09,0.87,0.0
1019,6321,0.6998,920,100,-8.983,0.13,6.72,0.18,0.18,0.18,0.03231912734796743,3.08,0.87,0.0
1020,6328,0.6994675,921,100,-8.998000000000001,0.13,6.78,0.18,0.18,0.18,0.03194320190177216,3.15,0.87,0.0
1021,6342,0.6988025,922,100,-8.825000000000001,0.14,6.9,0.18,0.18,0.18,0.03176018449522605,3.29,0.86,0.0
1022,6345,0.6986600000000001,923,100,-9.011500000000002,0.13,6.85,0.18,0.18,0.18,0.03164875578180006,3.28,0.87,0.0
1023,6359,0.6979949999999999,924,100,-9.044500000000001,0.13,6.96,0.18,0.18,0.18,0.03143229539905681,3.3,0.87,0.0
1024,6361,0.6979,925,100,-9.013,0.13,6.79,0.18,0.18,0.18,0.030993850882190196,3.11,0.87,0.0
1025,6371,0.697425,926,100,-9.0295,0.13,6.85,0.18,0.18,0.18,0.030924830907980826,3.11,0.87,0.0
1026,6373,0.69733,927,100,-9.034500000000001,0.13,6.85,0.19,0.19,0.19,0.030119827847021545,3.09,0.87,0.0
1027,6380,0.6969974999999999,928,100,-9.040500000000002,0.13,6.87,0.19,0.19,0.19,0.030080449590617574,3.09,0.87,0.0
1028,6381,0.69695,929,100,-9.030000000000001,0.13,6.82,0.19,0.19,0.19,0.02947689493668244,3.1,0.87,0.0
1029,6390,0.6965224999999999,930,100,-9.042,0.13,6.86,0.19,0.19,0.19,0.02939799398003021,3.07,0.87,0.0
1030,6397,0.6961900000000001,931,100,-9.034,0.13,6.85,0.18,0.18,0.18,0.029245966628847188,3.01,0.87,0.0
1031,6401,0.696,932,100,-9.027500000000002,0.13,6.85,0.17,0.17,0.17,0.029346206097585627,3.04,0.87,0.0
1032,6408,0.6956675,933,100,-9.027000000000001,0.13,6.88,0.16,0.16,0.16,0.02927117530574631,3.08,0.87,0.0
1033,6425,0.69486,934,100,-8.829500000000001,0.14,6.94,0.15,0.15,0.15,0.029215283996847675,3.11,0.86,0.0
1034,6433,0.69448,935,100,-8.8385,0.14,6.99,0.15,0.15,0.15,0.029167858572478004,3.15,0.86,0.0
1035,6441,0.6940999999999999,936,100,-8.842,0.14,6.99,0.16,0.16,0.16,0.029344468499335058,3.2,0.86,0.0
1036,6459,0.693245,937,100,-8.883000000000001,0.14,7.12,0.17,0.17,0.17,0.02934500119587604,3.2,0.86,0.0
1037,6465,0.69296,938,100,-8.871,0.14,7.08,0.17,0.17,0.17,0.02931036469806804,3.18,0.86,0.0
1038,6467,0.6928650000000001,939,100,-8.842500000000001,0.14,6.99,0.17,0.17,0.17,0.028936600623999185,3.19,0.86,0.0
1039,6476,0.6924375,940,100,-8.653,0.15,7.04,0.17,0.17,0.17,0.02854637744622841,3.26,0.85,0.0
1040,6480,0.6922475,941,100,-8.6395,0.15,6.99,0.17,0.17,0.17,0.028201716395234878,3.3,0.85,0.0
1041,6497,0.69144,942,100,-8.471,0.16,7.14,0.17,0.17,0.17,0.028018666860075196,3.44,0.84,0.0
1042,6498,0.6913925,943,100,-8.4335,0.16,7.01,0.17,0.17,0.17,0.028686287736080916,3.44,0.84,0.0
1043,6503,0.691155,944,100,-8.438,0.16,7.04,0.17,0.17,0.17,0.028735773847930458,3.48,0.84,0.0
1044,6523,0.690205,945,100,-8.4755,0.16,7.17,0.17,0.17,0.17,0.02932945931579099,3.53,0.84,0.0
1045,6529,0.68992,946,100,-8.277000000000001,0.17,7.18,0.17,0.17,0.17,0.02978648015857166,3.59,0.83,0.0
1046,6548,0.6890175000000001,947,100,-8.4975,0.16,7.26,0.16,0.16,0.16,0.029759554291326488,3.64,0.84,0.0
1047,6552,0.6888274999999999,948,100,-8.5065,0.16,7.29,0.16,0.16,0.16,0.0298029266239106,3.64,0.84,0.0
1048,6559,0.688495,949,100,-8.5075,0.16,7.29,0.15,0.15,0.15,0.02977250530462599,3.65,0.84,0.0
1049,6579,0.6875450000000001,950,100,-8.7345,0.15,7.41,0.15,0.15,0.15,0.02952875422997287,3.75,0.85,0.0
1050,6585,0.68726,951,100,-8.743500000000001,0.15,7.44,0.15,0.15,0.15,0.02929396537039937,3.75,0.85,0.0
1051,6588,0.6871175,952,100,-8.749500000000001,0.15,7.46,0.15,0.15,0.15,0.02939981033001603,3.77,0.85,0.0
1052,6591,0.686975,953,100,-8.533000000000001,0.16,7.4,0.15,0.15,0.15,0.029209075877551515,3.71,0.84,0.0
1053,6599,0.6865950000000001,954,100,-8.348,0.17,7.46,0.15,0.15,0.15,0.029262993765404973,3.76,0.83,0.0
1054,6608,0.6861675,955,100,-8.144,0.18,7.41,0.16,0.16,0.16,0.0289685486068756,3.67,0.82,0.0
1055,6613,0.6859299999999999,956,100,-8.347000000000001,0.17,7.42,0.16,0.16,0.16,0.028927304884213266,3.63,0.83,0.0
1056,6625,0.68536,957,100,-8.169500000000001,0.18,7.51,0.16,0.16,0.16,0.02894806535971593,3.63,0.82,0.0
1057,6626,0.6853125,958,100,-8.169500000000001,0.18,7.51,0.16,0.16,0.16,0.028593302388314715,3.63,0.82,0.0
1058,6634,0.6849324999999999,959,100,-8.168000000000001,0.18,7.5,0.16,0.16,0.16,0.028539676584175413,3.58,0.82,0.0
1059,6649,0.68422,960,100,-7.9935,0.19,7.6,0.16,0.16,0.16,0.028696867155404076,3.68,0.81,0.0
1060,6660,0.6836975000000001,961,100,-7.996500000000001,0.19,7.6,0.16,0.16,0.16,0.028898599169625297,3.59,0.81,0.0
1061,6667,0.683365,962,100,-8.018,0.19,7.66,0.17,0.17,0.17,0.02906271424464728,3.6,0.81,0.0
1062,6669,0.68327,963,100,-8.021,0.19,7.67,0.17,0.17,0.17,0.02919097871839847,3.59,0.81,0.0
1063,6676,0.6829375,964,100,-8.021,0.19,7.67,0.17,0.17,0.17,0.029303642887099045,3.58,0.81,0.0
1064,6683,0.682605,965,100,-8.039000000000001,0.19,7.73,0.17,0.17,0.17,0.029496827209909645,3.6,0.81,0.0
1065,6685,0.68251,966,100,-7.995500000000001,0.19,7.55,0.17,0.17,0.17,0.029660342109465238,3.42,0.81,0.0
1066,6688,0.6823675,967,100,-7.7685,0.2,7.43,0.17,0.17,0.17,0.029530106079219416,3.28,0.8,0.0
1067,6716,0.6810375,968,100,-7.836,0.2,7.66,0.17,0.17,0.17,0.029574175916798656,3.32,0.8,0.0
1068,6726,0.6805625,969,100,-7.652500000000001,0.21,7.71,0.17,0.17,0.17,0.02957520711347485,3.34,0.79,0.0
1069,6727,0.680515,970,100,-7.652500000000001,0.21,7.71,0.17,0.17,0.17,0.029643754019588475,3.35,0.79,0.0
1070,6731,0.6803250000000001,971,100,-7.437500000000001,0.22,7.65,0.17,0.17,0.17,0.029658506646473203,3.37,0.78,0.0
1071,6761,0.6789000000000001,972,100,-7.563000000000001,0.21,7.69,0.18,0.18,0.18,0.0297403455690722,3.31,0.78,0.01
1072,6769,0.67852,973,100,-7.5685,0.21,7.73,0.17,0.17,0.17,0.029680244548573067,3.32,0.78,0.01
1073,6777,0.67814,974,100,-7.571000000000001,0.21,7.78,0.16,0.16,0.16,0.029472780040636873,3.4,0.78,0.01
1074,6779,0.678045,975,100,-7.548500000000001,0.21,7.7,0.16,0.16,0.16,0.028895507598467388,3.42,0.78,0.01
1075,6781,0.67795,976,100,-7.5335,0.21,7.65,0.16,0.16,0.16,0.02863020255620054,3.42,0.78,0.01
1076,6786,0.6777124999999999,977,100,-7.532,0.21,7.63,0.16,0.16,0.16,0.028336597594471068,3.4,0.78,0.01
1077,6790,0.6775225,978,100,-7.508500000000001,0.21,7.52,0.17,0.17,0.17,0.028065348095143876,3.27,0.78,0.01
1078,6794,0.6773325,979,100,-7.495000000000001,0.21,7.48,0.17,0.17,0.17,0.027599149655899696,3.28,0.78,0.01
1079,6801,0.677,980,100,-7.497500000000001,0.21,7.52,0.16,0.16,0.16,0.027245226887581114,3.29,0.78,0.01
1080,6802,0.6769525000000001,981,100,-7.466,0.21,7.38,0.16,0.16,0.16,0.026858904377462824,3.27,0.78,0.01
1081,6811,0.676525,982,100,-7.486000000000001,0.21,7.44,0.17,0.17,0.17,0.026696487860452662,3.28,0.78,0.01
1082,6819,0.676145,983,100,-7.696500000000001,0.2,7.48,0.17,0.17,0.17,0.026555465949048566,3.33,0.79,0.01
1083,6822,0.6760025000000001,984,100,-7.6995000000000005,0.2,7.49,0.17,0.17,0.17,0.02572899369240549,3.35,0.79,0.01
1084,6836,0.6753375,985,100,-7.726500000000001,0.2,7.59,0.17,0.17,0.17,0.02571275336252469,3.49,0.79,0.01
1085,6847,0.6748149999999999,986,100,-7.747500000000001,0.2,7.66,0.17,0.17,0.17,0.02597265056554002,3.48,0.79,0.01
1086,6861,0.67415,987,100,-7.7545,0.2,7.69,0.16,0.16,0.16,0.026164993006972295,3.51,0.79,0.01
1087,6883,0.6731050000000001,988,100,-7.578,0.21,7.79,0.15,0.15,0.15,0.026147927578125806,3.63,0.78,0.01
1088,6896,0.6724875,989,100,-7.6005,0.21,7.88,0.15,0.15,0.15,0.025707640487789334,3.63,0.78,0.01
1089,6898,0.6723925,990,100,-7.6005,0.21,7.87,0.15,0.15,0.15,0.025583634413556978,3.65,0.78,0.01
1090,6902,0.6722025,991,100,-7.609500000000001,0.21,7.9,0.15,0.15,0.15,0.024415603360172212,3.65,0.78,0.01
1091,6903,0.6721550000000001,992,100,-7.588000000000001,0.21,7.84,0.14,0.14,0.14,0.024301357169114433,3.61,0.78,0.01
1092,6914,0.6716325000000001,993,100,-7.594000000000001,0.21,7.86,0.14,0.14,0.14,0.0240732006847802,3.56,0.78,0.01
1093,6925,0.67111,994,100,-7.417000000000001,0.22,7.93,0.15,0.15,0.15,0.024001542426369187,3.63,0.77,0.01
1094,6932,0.6707775,995,100,-7.5945,0.21,7.83,0.15,0.15,0.15,0.024066342040118968,3.6,0.78,0.01
1095,6938,0.6704925,996,100,-7.3900000000000015,0.22,7.8,0.15,0.15,0.15,0.024265967744349498,3.55,0.77,0.01
1096,6968,0.6690675,997,100,-7.3345,0.22,7.99,0.15,0.15,0.15,0.024532625134924792,3.82,0.76,0.02
1097,6972,0.6688775,998,100,-7.3405000000000005,0.22,8.0,0.15,0.15,0.15,0.024771006470436598,3.84,0.76,0.02
1098,6984,0.6683075,999,100,-7.3695,0.22,8.08,0.16,0.16,0.16,0.024728891904899592,3.91,0.76,0.02
1099,7003,0.667405,1000,100,-7.4135,0.22,8.24,0.17,0.17,0.17,0.024709372623946884,3.95,0.76,0.02
1100,7006,0.6672625000000001,1001,100,-7.4195,0.22,8.26,0.17,0.17,0.17,0.024701876622747997,3.97,0.76,0.02
1101,7011,0.667025,1002,100,-7.2045,0.23,8.21,0.17,0.17,0.17,0.02471013518900833,3.96,0.75,0.02
1102,7025,0.6663600000000001,1003,100,-7.0105,0.24,8.24,0.17,0.17,0.17,0.02461368744486162,3.98,0.74,0.02
1103,7042,0.6655525,1004,100,-7.048000000000001,0.24,8.4,0.17,0.17,0.17,0.024282772040104025,3.99,0.74,0.02
1104,7048,0.6652675,1005,100,-7.046500000000001,0.24,8.39,0.17,0.17,0.17,0.024244529353874573,3.95,0.74,0.02
1105,7049,0.66522,1006,100,-7.022,0.24,8.31,0.16,0.16,0.16,0.024271042036933355,3.93,0.74,0.02
1106,7057,0.66484,1007,100,-7.007000000000001,0.24,8.26,0.16,0.16,0.16,0.024175869475004365,3.98,0.74,0.02
1107,7059,0.664745,1008,100,-6.987,0.24,8.21,0.15,0.15,0.15,0.02404845958683903,4.0,0.74,0.02
1108,7063,0.664555,1009,100,-6.770500000000001,0.25,8.16,0.15,0.15,0.15,0.023907459867235005,4.03,0.73,0.02
1109,7065,0.66446,1010,100,-6.954000000000001,0.24,8.08,0.15,0.15,0.15,0.02372336142049331,3.95,0.74,0.02
1110,7074,0.6640325,1011,100,-6.9705,0.24,8.15,0.15,0.15,0.15,0.023663966043383028,3.95,0.74,0.02
1111,7083,0.663605,1012,100,-6.7825000000000015,0.25,8.2,0.15,0.15,0.15,0.02356210422986347,3.97,0.73,0.02
1112,7088,0.6633675,1013,100,-6.578,0.26,8.18,0.15,0.15,0.15,0.023301782413833107,3.96,0.72,0.02
1113,7092,0.6631775,1014,100,-6.5615000000000006,0.26,8.13,0.15,0.15,0.15,0.02311465559212414,3.97,0.72,0.02
1114,7094,0.6630825,1015,100,-6.539000000000001,0.26,8.05,0.15,0.15,0.15,0.022997666741832318,3.91,0.72,0.02
1115,7105,0.66256,1016,100,-6.732,0.25,7.98,0.16,0.16,0.16,0.02287666491559056,3.74,0.73,0.02
1116,7108,0.6624175,1017,100,-6.538,0.26,8.0,0.16,0.16,0.16,0.023073450414001023,3.76,0.72,0.02
1117,7119,0.661895,1018,100,-6.537500000000001,0.26,8.03,0.15,0.15,0.15,0.02298964302096034,3.86,0.72,0.02
1118,7124,0.6616575,1019,100,-6.539000000000001,0.26,8.04,0.15,0.15,0.15,0.023002464009388192,3.82,0.72,0.02
1119,7134,0.6611825,1020,100,-6.357,0.27,8.13,0.15,0.15,0.15,0.022673091263915254,3.82,0.71,0.02
1120,7138,0.6609925000000001,1021,100,-6.349500000000001,0.27,8.1,0.15,0.15,0.15,0.022602435438866305,3.79,0.71,0.02
1121,7141,0.66085,1022,100,-6.524000000000001,0.26,7.99,0.15,0.15,0.15,0.02253930735609722,3.67,0.72,0.02
1122,7144,0.6607075,1023,100,-6.530500000000001,0.26,7.99,0.16,0.16,0.16,0.022387610727206287,3.69,0.72,0.02
1123,7154,0.6602325,1024,100,-6.314000000000001,0.27,7.95,0.16,0.16,0.16,0.022339930506040894,3.67,0.71,0.02
1124,7158,0.6600425000000001,1025,100,-6.317,0.27,7.97,0.16,0.16,0.16,0.022253114842660345,3.71,0.71,0.02
1125,7161,0.6599,1026,100,-6.301,0.27,7.9,0.17,0.17,0.17,0.02232212782418938,3.71,0.71,0.02
1126,7165,0.65971,1027,100,-6.3005,0.27,7.92,0.16,0.16,0.16,0.022241223226772862,3.71,0.71,0.02
1127,7182,0.6589025000000001,1028,100,-6.326500000000001,0.27,8.02,0.17,0.17,0.17,0.022034901300811035,3.77,0.71,0.02
1128,7200,0.6580475,1029,100,-6.370500000000001,0.27,8.19,0.18,0.18,0.18,0.022107844688467607,3.8,0.71,0.02
1129,7207,0.657715,1030,100,-6.163,0.28,8.17,0.18,0.18,0.18,0.022042697834556823,3.84,0.7,0.02
1130,7214,0.6573825,1031,100,-6.163,0.28,8.17,0.18,0.18,0.18,0.021983540142793908,3.88,0.7,0.02
1131,7217,0.65724,1032,100,-6.1585,0.28,8.16,0.18,0.18,0.18,0.02170010212582295,3.88,0.7,0.02
1132,7224,0.6569075,1033,100,-6.160000000000001,0.28,8.16,0.18,0.18,0.18,0.02158160216414129,3.86,0.7,0.02
1133,7230,0.6566225,1034,100,-6.3345,0.27,8.05,0.18,0.18,0.18,0.02140924983965485,3.84,0.71,0.02
1134,7239,0.6561950000000001,1035,100,-6.136,0.28,8.06,0.18,0.18,0.18,0.021095855706860248,3.85,0.7,0.02
1135,7247,0.655815,1036,100,-5.928000000000001,0.29,8.06,0.17,0.17,0.17,0.02068096390392159,3.85,0.69,0.02
1136,7248,0.6557675000000001,1037,100,-6.075000000000001,0.28,7.89,0.16,0.16,0.16,0.02042751559868397,3.81,0.7,0.02
1137,7249,0.6557200000000001,1038,100,-6.064500000000001,0.28,7.84,0.16,0.16,0.16,0.020250246414963816,3.81,0.7,0.02
1138,7260,0.6551975000000001,1039,100,-6.0905000000000005,0.28,7.93,0.17,0.17,0.17,0.02017358049666338,3.81,0.7,0.02
1139,7261,0.65515,1040,100,-6.272500000000001,0.27,7.85,0.17,0.17,0.17,0.020046212822911174,3.72,0.71,0.02
1140,7276,0.6544375,1041,100,-6.099500000000001,0.28,7.96,0.17,0.17,0.17,0.020014078868644467,3.71,0.7,0.02
1141,7286,0.6539625,1042,100,-6.087500000000001,0.28,7.89,0.17,0.17,0.17,0.01990489376649528,3.61,0.7,0.02
1142,7297,0.65344,1043,100,-5.9085,0.29,7.99,0.17,0.17,0.17,0.019268637141466104,3.67,0.69,0.02
1143,7302,0.6532025,1044,100,-5.910000000000001,0.29,7.99,0.17,0.17,0.17,0.019096860131502115,3.62,0.69,0.02
1144,7303,0.653155,1045,100,-5.857500000000001,0.29,7.8,0.17,0.17,0.17,0.01837941440778967,3.55,0.69,0.02
1145,7304,0.6531075000000001,1046,100,-6.0440000000000005,0.28,7.75,0.17,0.17,0.17,0.0177711052698443,3.49,0.7,0.02
1146,7312,0.6527275,1047,100,-5.816,0.29,7.64,0.18,0.18,0.18,0.017733592341259853,3.43,0.69,0.02
1147,7314,0.6526325000000001,1048,100,-5.810000000000001,0.29,7.62,0.18,0.18,0.18,0.017628068611097322,3.43,0.69,0.02
1148,7322,0.6522525,1049,100,-5.815000000000001,0.29,7.63,0.19,0.19,0.19,0.017582802789955998,3.48,0.69,0.02
1149,7334,0.6516825,1050,100,-5.8020000000000005,0.29,7.55,0.2,0.2,0.2,0.017411140489402514,3.44,0.69,0.02
1150,7346,0.6511125,1051,100,-5.817500000000001,0.29,7.61,0.21,0.21,0.21,0.017677513847526142,3.5,0.69,0.02
1151,7365,0.65021,1052,100,-5.861000000000001,0.29,7.77,0.21,0.21,0.21,0.017547805719378137,3.49,0.69,0.02
1152,7373,0.64983,1053,100,-5.876500000000001,0.29,7.82,0.22,0.22,0.22,0.017497871995156365,3.49,0.69,0.02
1153,7376,0.6496875,1054,100,-6.063000000000001,0.28,7.77,0.22,0.22,0.22,0.017447423377025605,3.43,0.7,0.02
1154,7385,0.6492600000000001,1055,100,-6.26,0.27,7.77,0.22,0.22,0.22,0.017531712202513528,3.42,0.71,0.02
1155,7386,0.6492125,1056,100,-6.248000000000001,0.27,7.73,0.22,0.22,0.22,0.017292822327623084,3.43,0.71,0.02
1156,7388,0.6491175,1057,100,-6.427500000000001,0.26,7.63,0.23,0.23,0.23,0.017238072592147255,3.44,0.72,0.02
1157,7394,0.6488325,1058,100,-6.236500000000001,0.27,7.68,0.23,0.23,0.23,0.017262647756378417,3.46,0.71,0.02
1158,7409,0.64812,1059,100,-6.053000000000001,0.28,7.75,0.23,0.23,0.23,0.017085816866488447,3.48,0.7,0.02
1159,7415,0.647835,1060,100,-6.222500000000001,0.27,7.66,0.22,0.22,0.22,0.01672532217507555,3.36,0.71,0.02
1160,7419,0.647645,1061,100,-6.201500000000001,0.27,7.59,0.22,0.22,0.22,0.016408533526164223,3.38,0.71,0.02
1161,7428,0.6472175,1062,100,-5.998000000000001,0.28,7.61,0.21,0.21,0.21,0.01619172360985421,3.45,0.7,0.02
1162,7435,0.646885,1063,100,-6.008500000000001,0.28,7.66,0.21,0.21,0.21,0.016047492054269922,3.52,0.7,0.02
1163,7448,0.6462675,1064,100,-5.820500000000001,0.29,7.72,0.21,0.21,0.21,0.015901108932302035,3.54,0.69,0.02
1164,7464,0.6455075,1065,100,-5.837000000000001,0.29,7.81,0.21,0.21,0.21,0.01593099437905459,3.67,0.69,0.02
1165,7480,0.6447475,1066,100,-5.878000000000001,0.29,7.95,0.22,0.22,0.22,0.01574642975251174,3.75,0.69,0.02
1166,7481,0.6447,1067,100,-6.075,0.28,7.93,0.22,0.22,0.22,0.015669363608847516,3.75,0.7,0.02
1167,7485,0.64451,1068,100,-6.012500000000001,0.28,7.69,0.23,0.23,0.23,0.015648881299884468,3.69,0.7,0.02
1168,7486,0.6444624999999999,1069,100,-6.187,0.27,7.6,0.23,0.23,0.23,0.015471329170742483,3.66,0.71,0.02
1169,7495,0.644035,1070,100,-6.206500000000001,0.27,7.68,0.23,0.23,0.23,0.015338312166171455,3.67,0.71,0.02
1170,7508,0.6434175,1071,100,-6.226500000000001,0.27,7.77,0.24,0.24,0.24,0.015375414946225565,3.72,0.71,0.02
1171,7510,0.6433225,1072,100,-6.2425000000000015,0.27,7.49,0.23,0.23,0.23,0.015512832931972823,3.56,0.72,0.01
1172,7518,0.6429425,1073,100,-6.2410000000000005,0.27,7.49,0.23,0.23,0.23,0.015599521969825742,3.58,0.72,0.01
1173,7528,0.6424675,1074,100,-6.256500000000001,0.27,7.51,0.24,0.24,0.24,0.015717541947875887,3.59,0.72,0.01
1174,7529,0.64242,1075,100,-6.255000000000001,0.27,7.5,0.24,0.24,0.24,0.01571806063401398,3.57,0.72,0.01
1175,7530,0.6423725,1076,100,-6.252000000000001,0.27,7.49,0.24,0.24,0.24,0.01569511206346449,3.57,0.72,0.01
1176,7546,0.6416125,1077,100,-6.276,0.27,7.6,0.24,0.24,0.24,0.015728471954268186,3.68,0.72,0.01
1177,7559,0.640995,1078,100,-6.2935,0.27,7.69,0.23,0.23,0.23,0.015771929933067266,3.79,0.72,0.01
1178,7566,0.6406625,1079,100,-6.304000000000001,0.27,7.72,0.23,0.23,0.23,0.01577578907537446,3.81,0.72,0.01
1179,7586,0.6397125,1080,100,-6.1355,0.28,7.85,0.23,0.23,0.23,0.015788008911045922,3.86,0.71,0.01
1180,7596,0.6392375,1081,100,-6.1595,0.28,7.94,0.23,0.23,0.23,0.01585083569630487,3.87,0.71,0.01
1181,7602,0.6389525,1082,100,-6.145500000000001,0.28,7.91,0.22,0.22,0.22,0.01603667702187187,3.83,0.71,0.01
1182,7618,0.6381924999999999,1083,100,-6.167000000000001,0.28,7.99,0.23,0.23,0.23,0.016212984908594366,3.75,0.71,0.01
1183,7634,0.6374325000000001,1084,100,-6.1925,0.28,8.12,0.23,0.23,0.23,0.0162852083877166,3.73,0.71,0.01
1184,7653,0.63653,1085,100,-6.008000000000001,0.29,8.17,0.24,0.24,0.24,0.016310301156917215,3.77,0.7,0.01
1185,7658,0.6362924999999999,1086,100,-5.991500000000001,0.29,8.11,0.24,0.24,0.24,0.016122350576705687,3.76,0.7,0.01
1186,7659,0.636245,1087,100,-5.957000000000001,0.29,7.98,0.24,0.24,0.24,0.015859873303850306,3.73,0.7,0.01
1187,7660,0.6361975,1088,100,-6.103000000000001,0.28,7.77,0.24,0.24,0.24,0.015788837001704394,3.61,0.71,0.01
1188,7671,0.635675,1089,100,-6.0955,0.28,7.75,0.24,0.24,0.24,0.015898153359164682,3.61,0.71,0.01
1189,7675,0.6354850000000001,1090,100,-5.901500000000001,0.29,7.77,0.24,0.24,0.24,0.01607984807328434,3.63,0.7,0.01
1190,7678,0.6353424999999999,1091,100,-5.902,0.29,7.76,0.25,0.25,0.25,0.016047226758923273,3.63,0.7,0.01
1191,7688,0.6348674999999999,1092,100,-5.927500000000001,0.29,7.85,0.25,0.25,0.25,0.016047227643679718,3.62,0.7,0.01
1192,7708,0.6339174999999999,1093,100,-5.939000000000001,0.29,7.94,0.24,0.24,0.24,0.016076546019160927,3.62,0.7,0.01
1193,7721,0.6333,1094,100,-5.929500000000001,0.29,7.96,0.23,0.23,0.23,0.016006445833067845,3.62,0.7,0.01
1194,7730,0.6328725,1095,100,-5.933000000000001,0.29,7.98,0.24,0.24,0.24,0.01580862610781232,3.66,0.7,0.01
1195,7742,0.6323025,1096,100,-6.145000000000001,0.28,8.04,0.24,0.24,0.24,0.015428984468122717,3.65,0.71,0.01
1196,7750,0.6319224999999999,1097,100,-6.182,0.28,7.82,0.23,0.23,0.23,0.015217971525483846,3.36,0.72,0.0
1197,7755,0.631685,1098,100,-6.1835,0.28,7.83,0.23,0.23,0.23,0.014971696931266307,3.32,0.72,0.0
1198,7776,0.6306875000000001,1099,100,-6.399500000000001,0.27,7.92,0.22,0.22,0.22,0.014980433287328059,3.22,0.73,0.0
1199,7783,0.630355,1100,100,-6.166,0.28,7.8,0.21,0.21,0.21,0.015122898779905483,3.18,0.72,0.0
1200,7788,0.6301175000000001,1101,100,-5.969000000000001,0.29,7.82,0.21,0.21,0.21,0.015631010158083485,3.19,0.71,0.0
1201,7789,0.63007,1102,100,-6.1585,0.28,7.78,0.21,0.21,0.21,0.015881304605028675,3.18,0.72,0.0
1202,7793,0.62988,1103,100,-6.336,0.27,7.68,0.21,0.21,0.21,0.016130883572120436,3.16,0.73,0.0
1203,7798,0.6296425000000001,1104,100,-6.109000000000001,0.28,7.56,0.21,0.21,0.21,0.016368667607898218,3.2,0.72,0.0
1204,7825,0.62836,1105,100,-6.1585,0.28,7.77,0.21,0.21,0.21,0.016546990833361374,3.21,0.72,0.0
1205,7830,0.6281224999999999,1106,100,-5.967500000000001,0.29,7.81,0.21,0.21,0.21,0.01662402400758557,3.24,0.71,0.0
1206,7838,0.6277425000000001,1107,100,-5.766,0.3,7.81,0.21,0.21,0.21,0.01664904893154718,3.2,0.7,0.0
1207,7841,0.6275999999999999,1108,100,-5.7675,0.3,7.82,0.21,0.21,0.21,0.016734910816225582,3.21,0.7,0.0
1208,7853,0.62703,1109,100,-5.785500000000001,0.3,7.9,0.21,0.21,0.21,0.01670522273025294,3.3,0.7,0.0
1209,7864,0.6265075,1110,100,-5.808000000000001,0.3,7.99,0.21,0.21,0.21,0.016806631420721096,3.29,0.7,0.0
1210,7865,0.62646,1111,100,-5.9885,0.29,7.91,0.21,0.21,0.21,0.016877860848360075,3.29,0.71,0.0
1211,7867,0.6263650000000001,1112,100,-6.173500000000001,0.28,7.84,0.21,0.21,0.21,0.0168574873120345,3.25,0.72,0.0
1212,7884,0.6255575,1113,100,-6.400500000000001,0.27,7.96,0.21,0.21,0.21,0.016827115526213215,3.22,0.73,0.0
1213,7914,0.6241325,1114,100,-6.372000000000001,0.27,8.22,0.21,0.21,0.21,0.016823989312886166,3.21,0.72,0.01
1214,7916,0.6240375,1115,100,-6.173500000000001,0.28,8.22,0.21,0.21,0.21,0.016815198604506344,3.21,0.71,0.01
1215,7924,0.6236575,1116,100,-6.163,0.28,8.19,0.21,0.21,0.21,0.016834091160972297,3.23,0.71,0.01
1216,7926,0.6235625,1117,100,-6.36,0.27,8.18,0.21,0.21,0.21,0.01655467560613963,3.21,0.72,0.01
1217,7943,0.622755,1118,100,-6.375,0.27,8.24,0.21,0.21,0.21,0.016613787781694166,3.16,0.72,0.01
1218,7950,0.6224225,1119,100,-6.181,0.28,8.26,0.21,0.21,0.21,0.01664032635789317,3.23,0.71,0.01
1219,7953,0.6222799999999999,1120,100,-6.3675,0.27,8.19,0.21,0.21,0.21,0.016646172343423738,3.23,0.72,0.01
1220,7956,0.6221375,1121,100,-6.3645000000000005,0.27,8.18,0.21,0.21,0.21,0.016605554434218902,3.22,0.72,0.01
1221,7959,0.6219950000000001,1122,100,-6.3645000000000005,0.27,8.18,0.21,0.21,0.21,0.01666030179404606,3.2,0.72,0.01
1222,7964,0.6217575,1123,100,-6.365500000000001,0.27,8.2,0.2,0.2,0.2,0.01666443334867199,3.22,0.72,0.01
1223,7967,0.621615,1124,100,-6.5505,0.26,8.13,0.2,0.2,0.2,0.01665304431402698,3.23,0.73,0.01
1224,7977,0.62114,1125,100,-6.367000000000001,0.27,8.19,0.2,0.2,0.2,0.01688047203900866,3.23,0.72,0.01
1225,7978,0.6210925,1126,100,-6.3575,0.27,8.17,0.19,0.19,0.19,0.016815490792952005,3.24,0.72,0.01
1226,7984,0.6208075,1127,100,-6.3635,0.27,8.19,0.19,0.19,0.19,0.016936549830386564,3.24,0.72,0.01
1227,7987,0.620665,1128,100,-6.1285,0.28,8.05,0.18,0.18,0.18,0.01696491566590662,3.2,0.71,0.01
1228,7998,0.6201425,1129,100,-5.91,0.29,7.98,0.17,0.17,0.17,0.016957057696264405,3.27,0.7,0.01
1229,8012,0.6194775,1130,100,-6.126500000000001,0.28,8.05,0.17,0.17,0.17,0.01690396997388735,3.21,0.71,0.01
1230,8022,0.6190025,1131,100,-6.3340000000000005,0.27,8.08,0.17,0.17,0.17,0.016889232979451607,3.16,0.72,0.01
1231,8026,0.6188125,1132,100,-6.337000000000001,0.27,8.09,0.17,0.17,0.17,0.017012636902416736,3.13,0.72,0.01
1232,8036,0.6183375,1133,100,-6.151,0.28,8.12,0.18,0.18,0.18,0.017134845376886775,3.16,0.71,0.01
1233,8041,0.6181,1134,100,-5.954000000000001,0.29,8.11,0.18,0.18,0.18,0.017143562316369612,3.2,0.7,0.01
1234,8051,0.617625,1135,100,-6.163,0.28,8.12,0.18,0.18,0.18,0.017358521127807114,3.25,0.71,0.01
1235,8063,0.617055,1136,100,-6.376500000000001,0.27,8.16,0.18,0.18,0.18,0.01749330431980157,3.2,0.72,0.01
1236,8064,0.6170074999999999,1137,100,-6.376500000000001,0.27,8.16,0.18,0.18,0.18,0.017645707990164697,3.19,0.72,0.01
1237,8068,0.6168175,1138,100,-6.184000000000001,0.28,8.19,0.18,0.18,0.18,0.017733511495758608,3.23,0.71,0.01
1238,8074,0.6165324999999999,1139,100,-6.167000000000001,0.28,8.14,0.17,0.17,0.17,0.01792561389257699,3.23,0.71,0.01
1239,8081,0.6162,1140,100,-6.1775,0.28,8.2,0.17,0.17,0.17,0.018198808733154024,3.24,0.71,0.01
1240,8084,0.6160575,1141,100,-6.354000000000001,0.27,8.08,0.18,0.18,0.18,0.018256889275365756,3.23,0.72,0.01
1241,8089,0.61582,1142,100,-6.3405000000000005,0.27,8.03,0.18,0.18,0.18,0.018562448547777968,3.21,0.72,0.01
1242,8097,0.61544,1143,100,-6.5360000000000005,0.26,8.0,0.18,0.18,0.18,0.018333554058394555,3.16,0.73,0.01
1243,8108,0.6149175,1144,100,-6.351,0.27,8.06,0.18,0.18,0.18,0.018389092051990918,3.24,0.72,0.01
1244,8124,0.6141575,1145,100,-6.384000000000001,0.27,8.21,0.18,0.18,0.18,0.01865642929017416,3.24,0.72,0.01
1245,8127,0.614015,1146,100,-6.39,0.27,8.23,0.18,0.18,0.18,0.019386486950043552,3.24,0.72,0.01
1246,8136,0.6135875,1147,100,-6.5925,0.26,8.24,0.17,0.17,0.17,0.019458275242175974,3.21,0.73,0.01
1247,8138,0.6134925,1148,100,-6.5975,0.26,8.24,0.18,0.18,0.18,0.01949431852011762,3.22,0.73,0.01
1248,8146,0.6131125,1149,100,-6.3925,0.27,8.24,0.17,0.17,0.17,0.019489453672830084,3.24,0.72,0.01
1249,8147,0.613065,1150,100,-6.3635,0.27,8.13,0.16,0.16,0.16,0.01945793447842487,3.13,0.72,0.01
1250,8148,0.6130175,1151,100,-6.333000000000001,0.27,8.02,0.15,0.15,0.15,0.01902184266384667,3.08,0.72,0.01
1251,8159,0.612495,1152,100,-6.3075,0.27,7.94,0.15,0.15,0.15,0.019006361805840227,3.18,0.72,0.01
1252,8189,0.61107,1153,100,-6.45,0.26,8.16,0.14,0.14,0.14,0.018936306937410018,3.2,0.72,0.02
1253,8196,0.6107374999999999,1154,100,-6.4635,0.26,8.2,0.14,0.14,0.14,0.018626865568050505,3.27,0.72,0.02
1254,8197,0.61069,1155,100,-6.439000000000001,0.26,8.12,0.13,0.13,0.13,0.01838097776068707,3.28,0.72,0.02
1255,8202,0.6104525000000001,1156,100,-6.453,0.26,8.16,0.14,0.14,0.14,0.01834732273841609,3.31,0.72,0.02
1256,8210,0.6100725,1157,100,-6.260000000000002,0.27,8.22,0.13,0.13,0.13,0.018197099471151425,3.36,0.71,0.02
1257,8216,0.6097875,1158,100,-6.258500000000001,0.27,8.22,0.13,0.13,0.13,0.018034506444195506,3.4,0.71,0.02
1258,8226,0.6093125,1159,100,-6.4435,0.26,8.17,0.13,0.13,0.13,0.01797307276709958,3.36,0.72,0.02
1259,8227,0.609265,1160,100,-6.433000000000001,0.26,8.12,0.13,0.13,0.13,0.017941598092823818,3.34,0.72,0.02
1260,8239,0.608695,1161,100,-6.2495,0.27,8.2,0.13,0.13,0.13,0.018118628195949737,3.42,0.71,0.02
1261,8245,0.60841,1162,100,-6.45,0.26,8.17,0.14,0.14,0.14,0.01813101525495782,3.38,0.72,0.02
1262,8246,0.6083625,1163,100,-6.4365000000000006,0.26,8.11,0.14,0.14,0.14,0.01810254009850478,3.32,0.72,0.02
1263,8248,0.6082675,1164,100,-6.611000000000001,0.25,8.0,0.14,0.14,0.14,0.01817215236349616,3.31,0.73,0.02
1264,8257,0.6078399999999999,1165,100,-6.593000000000001,0.25,7.93,0.14,0.14,0.14,0.0182598106078624,3.17,0.73,0.02
1265,8265,0.60746,1166,100,-6.5685,0.25,7.85,0.13,0.13,0.13,0.018384668378141452,3.07,0.73,0.02
1266,8267,0.607365,1167,100,-6.571500000000001,0.25,7.86,0.13,0.13,0.13,0.018623318204638292,3.07,0.73,0.02
1267,8273,0.6070800000000001,1168,100,-6.571000000000001,0.25,7.88,0.12,0.12,0.12,0.018783364149723876,3.06,0.73,0.02
1268,8298,0.6058925,1169,100,-6.628000000000001,0.25,8.12,0.12,0.12,0.12,0.019022008521091868,3.08,0.73,0.02
1269,8302,0.6057025,1170,100,-6.6160000000000005,0.25,8.07,0.12,0.12,0.12,0.019094496459413163,3.06,0.73,0.02
1270,8313,0.60518,1171,100,-6.812500000000001,0.24,8.05,0.11,0.11,0.11,0.019155750941575903,3.0,0.74,0.02
1271,8330,0.6043725,1172,100,-6.850000000000001,0.24,8.2,0.11,0.11,0.11,0.018956225478455,2.99,0.74,0.02
1272,8331,0.604325,1173,100,-6.8335,0.24,8.13,0.11,0.11,0.11,0.018934034612161615,2.96,0.74,0.02
1273,8336,0.6040875,1174,100,-6.620000000000001,0.25,8.08,0.11,0.11,0.11,0.01879123323051403,2.9,0.73,0.02
1274,8343,0.603755,1175,100,-6.438000000000001,0.26,8.14,0.11,0.11,0.11,0.018963938597455463,2.97,0.72,0.02
1275,8363,0.602805,1176,100,-6.487500000000001,0.26,8.33,0.11,0.11,0.11,0.01927213486363723,2.99,0.72,0.02
1276,8370,0.6024725,1177,100,-6.462000000000001,0.26,8.24,0.11,0.11,0.11,0.019339341651114877,2.83,0.72,0.02
1277,8379,0.6020449999999999,1178,100,-6.450000000000001,0.26,8.2,0.11,0.11,0.11,0.019256615207224013,2.71,0.72,0.02
1278,8380,0.6019975,1179,100,-6.4335,0.26,8.14,0.11,0.11,0.11,0.01923286324056876,2.66,0.72,0.02
1279,8385,0.6017600000000001,1180,100,-6.6005,0.25,7.99,0.11,0.11,0.11,0.01918550253954795,2.6,0.73,0.02
1280,8398,0.6011425,1181,100,-6.602,0.25,8.02,0.11,0.11,0.11,0.019132355751521387,2.68,0.73,0.02
1281,8403,0.600905,1182,100,-6.407,0.26,8.01,0.12,0.12,0.12,0.018881487931797402,2.73,0.72,0.02
1282,8411,0.600525,1183,100,-6.3855,0.26,7.93,0.11,0.11,0.11,0.0186805131072501,2.81,0.72,0.02
1283,8418,0.6001925,1184,100,-6.1755,0.27,7.84,0.12,0.12,0.12,0.018533218220756712,2.87,0.71,0.02
1284,8435,0.5993850000000001,1185,100,-6.360000000000001,0.26,7.82,0.11,0.11,0.11,0.01864238297206597,2.81,0.72,0.02
1285,8444,0.5989575,1186,100,-6.166,0.27,7.86,0.11,0.11,0.11,0.018597964261368113,2.88,0.71,0.02
1286,8448,0.5987675,1187,100,-6.172000000000001,0.27,7.89,0.11,0.11,0.11,0.018697615255311325,2.88,0.71,0.02
1287,8453,0.59853,1188,100,-6.178000000000001,0.27,7.93,0.11,0.11,0.11,0.018705450583890275,2.91,0.71,0.02
1288,8464,0.5980075,1189,100,-5.984500000000001,0.28,7.93,0.12,0.12,0.12,0.01855588858443992,3.01,0.7,0.02
1289,8468,0.5978175,1190,100,-5.9830000000000005,0.28,7.93,0.12,0.12,0.12,0.01839833857454108,3.0,0.7,0.02
1290,8475,0.597485,1191,100,-5.796500000000001,0.29,7.97,0.12,0.12,0.12,0.01859720931461805,3.05,0.69,0.02
1291,8496,0.5964875000000001,1192,100,-5.6195,0.3,8.08,0.13,0.13,0.13,0.01871754875790431,3.1,0.68,0.02
1292,8500,0.5962975,1193,100,-5.5835,0.3,7.92,0.13,0.13,0.13,0.018882984231222522,3.14,0.68,0.02
1293,8510,0.5958225,1194,100,-5.780500000000001,0.29,7.89,0.13,0.13,0.13,0.0189882707109352,3.14,0.69,0.02
1294,8518,0.5954425,1195,100,-5.577000000000001,0.3,7.88,0.12,0.12,0.12,0.019153754134754345,3.15,0.68,0.02
1295,8530,0.5948725,1196,100,-5.382000000000001,0.31,7.88,0.13,0.13,0.13,0.019447216981648162,3.16,0.67,0.02
1296,8547,0.5940650000000001,1197,100,-5.394000000000001,0.31,7.97,0.13,0.13,0.13,0.019677518205576273,3.17,0.67,0.02
1297,8555,0.593685,1198,100,-5.206500000000001,0.32,8.0,0.14,0.14,0.14,0.019858830143323795,3.24,0.66,0.02
1298,8564,0.5932575,1199,100,-5.173500000000001,0.32,7.88,0.14,0.14,0.14,0.01980742690527008,3.23,0.66,0.02
1299,8565,0.59321,1200,100,-5.357,0.31,7.82,0.14,0.14,0.14,0.019821613953592467,3.2,0.67,0.02
1300,8577,0.5926400000000001,1201,100,-5.570500000000001,0.3,7.89,0.14,0.14,0.14,0.019269604627264257,3.17,0.68,0.02
1301,8599,0.5915950000000001,1202,100,-5.4110000000000005,0.31,8.1,0.14,0.14,0.14,0.01908068777909614,3.18,0.67,0.02
1302,8608,0.5911675000000001,1203,100,-5.417000000000001,0.31,8.15,0.14,0.14,0.14,0.01881094468415102,3.17,0.67,0.02
1303,8609,0.5911200000000001,1204,100,-5.6065000000000005,0.3,8.11,0.14,0.14,0.14,0.01843681134499928,3.13,0.68,0.02
1304,8639,0.5896950000000001,1205,100,-5.5105,0.3,8.14,0.14,0.14,0.14,0.018275466307565925,3.12,0.67,0.03
1305,8645,0.58941,1206,100,-5.715000000000001,0.29,8.15,0.14,0.14,0.14,0.018229459288874376,3.08,0.68,0.03
1306,8660,0.5886975000000001,1207,100,-5.7315000000000005,0.29,8.22,0.14,0.14,0.14,0.018228006108503836,3.19,0.68,0.03
1307,8672,0.5881275,1208,100,-5.756,0.29,8.31,0.15,0.15,0.15,0.018173791005348834,3.16,0.68,0.03
1308,8674,0.5880325,1209,100,-5.9335,0.28,8.21,0.15,0.15,0.15,0.018200803164077347,3.06,0.69,0.03
1309,8677,0.58789,1210,100,-5.712500000000001,0.29,8.13,0.15,0.15,0.15,0.018085217240318027,3.08,0.68,0.03
1310,8694,0.5870825000000001,1211,100,-5.7485,0.29,8.29,0.15,0.15,0.15,0.018041147483673848,3.07,0.68,0.03
1311,8696,0.5869875,1212,100,-5.7485,0.29,8.29,0.15,0.15,0.15,0.01807246322154344,3.07,0.68,0.03
1312,8700,0.5867975000000001,1213,100,-5.7200000000000015,0.29,8.16,0.15,0.15,0.15,0.017998746604080174,3.07,0.68,0.03
1313,8702,0.5867025,1214,100,-5.744000000000001,0.29,7.88,0.15,0.15,0.15,0.018121375369959374,3.07,0.69,0.02
1314,8703,0.586655,1215,100,-5.941,0.28,7.87,0.15,0.15,0.15,0.01815224291931731,3.05,0.7,0.02
1315,8705,0.58656,1216,100,-5.922500000000001,0.28,7.81,0.14,0.14,0.14,0.018098263222785994,3.04,0.7,0.02
1316,8706,0.5865125,1217,100,-5.9195,0.28,7.8,0.14,0.14,0.14,0.01808665464778091,3.03,0.7,0.02
1317,8720,0.5858475000000001,1218,100,-5.910500000000001,0.28,7.77,0.14,0.14,0.14,0.018017152118734482,3.0,0.7,0.02
1318,8728,0.5854675,1219,100,-6.114000000000001,0.27,7.78,0.15,0.15,0.15,0.01794649267491525,2.96,0.71,0.02
1319,8734,0.5851825,1220,100,-6.126500000000001,0.27,7.81,0.16,0.16,0.16,0.017944912102538603,3.02,0.71,0.02
1320,8738,0.5849925,1221,100,-6.128000000000001,0.27,7.82,0.16,0.16,0.16,0.017956226005140824,2.99,0.71,0.02
1321,8742,0.5848025,1222,100,-6.131,0.27,7.83,0.16,0.16,0.16,0.018030922156370068,3.01,0.71,0.02
1322,8748,0.5845175,1223,100,-6.126500000000001,0.27,7.84,0.16,0.16,0.16,0.018055962894111384,3.03,0.71,0.02
1323,8753,0.58428,1224,100,-6.1345,0.27,7.86,0.17,0.17,0.17,0.018338150932763524,3.01,0.71,0.02
1324,8767,0.583615,1225,100,-6.3420000000000005,0.26,7.9,0.17,0.17,0.17,0.018232448234599304,3.1,0.72,0.02
1325,8769,0.58352,1226,100,-6.3450000000000015,0.26,7.91,0.17,0.17,0.17,0.018123549680136363,3.11,0.72,0.02
1326,8799,0.582095,1227,100,-6.306,0.26,8.15,0.17,0.17,0.17,0.018094865147012817,3.11,0.71,0.03
1327,8810,0.5815725,1228,100,-6.519500000000001,0.25,8.23,0.17,0.17,0.17,0.018084853445633847,3.19,0.72,0.03
1328,8816,0.5812875000000001,1229,100,-6.511,0.25,8.18,0.18,0.18,0.18,0.018073288741319464,3.14,0.72,0.03
1329,8820,0.5810975,1230,100,-6.285500000000001,0.26,8.08,0.18,0.18,0.18,0.018007867312521963,3.17,0.71,0.03
1330,8828,0.5807175,1231,100,-6.2780000000000005,0.26,8.06,0.18,0.18,0.18,0.017941125147333193,3.17,0.71,0.03
1331,8841,0.5801000000000001,1232,100,-6.3005,0.26,8.15,0.18,0.18,0.18,0.01777699999826656,3.29,0.71,0.03
1332,8852,0.5795775000000001,1233,100,-6.2955000000000005,0.26,8.16,0.17,0.17,0.17,0.01762439554737153,3.24,0.71,0.03
1333,8855,0.579435,1234,100,-6.488,0.25,8.14,0.17,0.17,0.17,0.017590422692645515,3.22,0.72,0.03
1334,8862,0.5791025000000001,1235,100,-6.474500000000001,0.25,8.11,0.17,0.17,0.17,0.017430384558096704,3.13,0.72,0.03
1335,8866,0.5789125,1236,100,-6.452000000000001,0.25,8.03,0.17,0.17,0.17,0.017366337482133433,3.13,0.72,0.03
1336,8886,0.5779625,1237,100,-6.297000000000001,0.26,8.22,0.17,0.17,0.17,0.017277331298348048,3.33,0.71,0.03
1337,8897,0.5774400000000001,1238,100,-6.5155,0.25,8.29,0.18,0.18,0.18,0.017175402285683202,3.29,0.72,0.03
1338,8904,0.5771075000000001,1239,100,-6.514000000000001,0.25,8.3,0.18,0.18,0.18,0.016984582054381227,3.28,0.72,0.03
1339,8909,0.57687,1240,100,-6.311,0.26,8.28,0.18,0.18,0.18,0.01675458198089189,3.28,0.71,0.03
1340,8915,0.576585,1241,100,-6.312,0.26,8.31,0.17,0.17,0.17,0.016661619185333817,3.26,0.71,0.03
1341,8919,0.576395,1242,100,-6.5105,0.25,8.3,0.17,0.17,0.17,0.01646008941750389,3.27,0.72,0.03
1342,8927,0.576015,1243,100,-6.5105,0.25,8.3,0.17,0.17,0.17,0.016533242414569226,3.26,0.72,0.03
1343,8949,0.57497,1244,100,-6.7425000000000015,0.24,8.41,0.18,0.18,0.18,0.016776272566090843,3.18,0.73,0.03
1344,8959,0.574495,1245,100,-6.732,0.24,8.35,0.18,0.18,0.18,0.016664900374864733,3.18,0.73,0.03
1345,8960,0.5744475,1246,100,-6.726,0.24,8.33,0.18,0.18,0.18,0.015980067087292868,3.19,0.73,0.03
1346,8961,0.5744,1247,100,-6.7035,0.24,8.25,0.18,0.18,0.18,0.01593989663370056,3.19,0.73,0.03
1347,8966,0.5741625,1248,100,-6.7045,0.24,8.28,0.17,0.17,0.17,0.015953291108683775,3.23,0.73,0.03
1348,8978,0.5735925,1249,100,-6.917000000000001,0.23,8.32,0.18,0.18,0.18,0.015942345769811513,3.25,0.74,0.03
1349,8996,0.5727375,1250,100,-6.951500000000001,0.23,8.49,0.18,0.18,0.18,0.015998215899797042,3.43,0.74,0.03
1350,9002,0.5724525,1251,100,-6.962000000000001,0.23,8.54,0.18,0.18,0.18,0.016132708982869247,3.46,0.74,0.03
1351,9013,0.57193,1252,100,-6.9670000000000005,0.23,8.54,0.19,0.19,0.19,0.016237129130282125,3.39,0.74,0.03
1352,9020,0.5715975,1253,100,-7.019500000000001,0.23,8.31,0.19,0.19,0.19,0.01647801923358573,3.38,0.75,0.02
1353,9028,0.5712175,1254,100,-7.016500000000001,0.23,8.32,0.19,0.19,0.19,0.016756649956232467,3.32,0.75,0.02
1354,9037,0.57079,1255,100,-7.0395,0.23,8.4,0.2,0.2,0.2,0.017091819487016557,3.34,0.75,0.02
1355,9043,0.570505,1256,100,-6.8375,0.24,8.41,0.19,0.19,0.19,0.017400631227655866,3.31,0.74,0.02
1356,9050,0.5701725,1257,100,-7.0455000000000005,0.23,8.4,0.2,0.2,0.2,0.017597968672394482,3.27,0.75,0.02
1357,9062,0.5696025,1258,100,-7.2715000000000005,0.22,8.46,0.21,0.21,0.21,0.017705570075342784,3.21,0.76,0.02
1358,9070,0.5692225,1259,100,-7.264000000000001,0.22,8.44,0.21,0.21,0.21,0.017692727301882934,3.29,0.76,0.02
1359,9075,0.5689850000000001,1260,100,-7.273000000000001,0.22,8.48,0.21,0.21,0.21,0.017854318983534703,3.29,0.76,0.02
1360,9076,0.5689375000000001,1261,100,-7.447500000000002,0.21,8.37,0.21,0.21,0.21,0.017667644053767476,3.17,0.77,0.02
1361,9083,0.568605,1262,100,-7.447,0.21,8.38,0.2,0.2,0.2,0.017631901003179806,3.13,0.77,0.02
1362,9088,0.5683675,1263,100,-7.2545,0.22,8.42,0.2,0.2,0.2,0.017776966124532476,3.16,0.76,0.02
1363,9102,0.5677025,1264,100,-7.2925,0.22,8.54,0.21,0.21,0.21,0.01804181695545784,3.17,0.76,0.02
1364,9104,0.5676075,1265,100,-7.279000000000001,0.22,8.47,0.21,0.21,0.21,0.01793539066015089,3.16,0.76,0.02
1365,9111,0.567275,1266,100,-7.2775,0.22,8.46,0.21,0.21,0.21,0.017882741729240714,3.16,0.76,0.02
1366,9113,0.56718,1267,100,-7.2775,0.22,8.46,0.21,0.21,0.21,0.01775453937004864,3.18,0.76,0.02
1367,9123,0.566705,1268,100,-7.279000000000001,0.22,8.5,0.21,0.21,0.21,0.017510150299850702,3.18,0.76,0.02
1368,9128,0.5664675000000001,1269,100,-7.034000000000001,0.23,8.3,0.21,0.21,0.21,0.017384101866628823,3.19,0.75,0.02
1369,9129,0.56642,1270,100,-7.026500000000001,0.23,8.27,0.21,0.21,0.21,0.017307116200100482,3.19,0.75,0.02
1370,9130,0.5663725,1271,100,-7.001,0.23,8.17,0.21,0.21,0.21,0.017258296472243476,3.19,0.75,0.02
1371,9132,0.5662775,1272,100,-6.9635,0.23,8.02,0.21,0.21,0.21,0.01744754084194578,3.2,0.75,0.02
1372,9140,0.5658974999999999,1273,100,-6.7845,0.24,8.09,0.21,0.21,0.21,0.017502555258521214,3.21,0.74,0.02
1373,9151,0.565375,1274,100,-6.801,0.24,8.15,0.21,0.21,0.21,0.017666887649368742,3.27,0.74,0.02
1374,9165,0.56471,1275,100,-7.0175,0.23,8.22,0.21,0.21,0.21,0.017475373511569026,3.2,0.75,0.02
1375,9179,0.564045,1276,100,-6.9995,0.23,8.16,0.21,0.21,0.21,0.017184964180758204,3.19,0.75,0.02
1376,9181,0.56395,1277,100,-6.992000000000001,0.23,8.11,0.21,0.21,0.21,0.01709285387885808,3.19,0.75,0.02
1377,9196,0.5632375000000001,1278,100,-6.8085,0.24,8.17,0.21,0.21,0.21,0.01714574767874295,3.32,0.74,0.02
1378,9199,0.5630950000000001,1279,100,-6.813000000000001,0.24,8.19,0.21,0.21,0.21,0.01724141787559156,3.33,0.74,0.02
1379,9200,0.5630474999999999,1280,100,-6.8025,0.24,8.15,0.21,0.21,0.21,0.017252390777770323,3.33,0.74,0.02
1380,9209,0.5626200000000001,1281,100,-6.598000000000001,0.25,8.11,0.21,0.21,0.21,0.017283888836680333,3.32,0.73,0.02
1381,9214,0.5623825,1282,100,-6.59,0.25,8.11,0.2,0.2,0.2,0.017361690501040205,3.3,0.73,0.02
1382,9216,0.5622875,1283,100,-6.376500000000001,0.26,8.05,0.2,0.2,0.2,0.01736957354796853,3.23,0.72,0.02
1383,9219,0.5621450000000001,1284,100,-6.561,0.25,8.01,0.19,0.19,0.19,0.017672435852430918,3.17,0.73,0.02
1384,9221,0.5620499999999999,1285,100,-6.531000000000001,0.25,7.86,0.19,0.19,0.19,0.017577670182271632,3.05,0.73,0.02
1385,9228,0.5617175000000001,1286,100,-6.725,0.24,7.84,0.19,0.19,0.19,0.017563180178854932,2.97,0.74,0.02
1386,9235,0.561385,1287,100,-6.7325,0.24,7.87,0.19,0.19,0.19,0.017641717617052795,2.97,0.74,0.02
1387,9238,0.5612425000000001,1288,100,-6.7375,0.24,7.85,0.2,0.2,0.2,0.017701590849049886,2.96,0.74,0.02
1388,9243,0.561005,1289,100,-6.917500000000001,0.23,7.79,0.19,0.19,0.19,0.017885956041012455,2.86,0.75,0.02
1389,9255,0.560435,1290,100,-6.937,0.23,7.87,0.19,0.19,0.19,0.017973497022294626,2.95,0.75,0.02
1390,9256,0.5603875,1291,100,-7.114000000000001,0.22,7.81,0.18,0.18,0.18,0.017832678471244926,2.91,0.76,0.02
1391,9286,0.5589625,1292,100,-7.231,0.21,7.9,0.17,0.17,0.17,0.017807030834586724,2.92,0.76,0.03
1392,9293,0.55863,1293,100,-7.040000000000001,0.22,7.93,0.17,0.17,0.17,0.017656524939359264,2.93,0.75,0.03
1393,9302,0.5582024999999999,1294,100,-7.040000000000001,0.22,7.92,0.17,0.17,0.17,0.017576183512289692,2.88,0.75,0.03
1394,9317,0.55749,1295,100,-7.0535000000000005,0.22,7.99,0.17,0.17,0.17,0.01755443664619512,2.97,0.75,0.03
1395,9334,0.5566825,1296,100,-7.066500000000001,0.22,8.04,0.16,0.16,0.16,0.017315001713900473,3.03,0.75,0.03
1396,9335,0.556635,1297,100,-7.0395,0.22,7.88,0.16,0.16,0.16,0.017015515689595247,3.02,0.75,0.03
1397,9342,0.5563024999999999,1298,100,-7.2330000000000005,0.21,7.87,0.15,0.15,0.15,0.016873141866267306,2.96,0.76,0.03
1398,9348,0.5560175,1299,100,-7.022500000000001,0.22,7.84,0.15,0.15,0.15,0.01688891035291155,3.02,0.75,0.03
1399,9350,0.5559225000000001,1300,100,-7.025500000000001,0.22,7.85,0.15,0.15,0.15,0.01678701661779334,3.02,0.75,0.03
1400,9366,0.5551625,1301,100,-7.037500000000001,0.22,7.89,0.15,0.15,0.15,0.016777330116164543,3.02,0.75,0.03
1401,9369,0.5550200000000001,1302,100,-7.201500000000001,0.21,7.7,0.15,0.15,0.15,0.01682307913457076,3.03,0.76,0.03
1402,9372,0.5548775,1303,100,-7.192500000000001,0.21,7.64,0.15,0.15,0.15,0.01696916026190059,3.06,0.76,0.03
1403,9375,0.554735,1304,100,-7.1985,0.21,7.66,0.15,0.15,0.15,0.01699927759328372,3.08,0.76,0.03
1404,9387,0.554165,1305,100,-7.2575,0.21,7.48,0.16,0.16,0.16,0.017059028954387757,3.05,0.77,0.02
1405,9396,0.5537375,1306,100,-7.062,0.22,7.51,0.16,0.16,0.16,0.016971053458737635,3.13,0.76,0.02
1406,9404,0.5533575,1307,100,-7.047000000000001,0.22,7.44,0.16,0.16,0.16,0.01688830693802156,3.06,0.76,0.02
1407,9418,0.5526925,1308,100,-6.849500000000001,0.23,7.46,0.15,0.15,0.15,0.01702172806831146,3.2,0.75,0.02
1408,9420,0.5525975000000001,1309,100,-6.848000000000001,0.23,7.46,0.15,0.15,0.15,0.01697489372333581,3.2,0.75,0.02
1409,9426,0.5523125,1310,100,-7.0635,0.22,7.49,0.16,0.16,0.16,0.01699181182499423,3.21,0.76,0.02
1410,9431,0.5520750000000001,1311,100,-7.0445,0.22,7.37,0.17,0.17,0.17,0.016970541588418587,3.21,0.76,0.02
1411,9453,0.55103,1312,100,-7.091,0.22,7.57,0.17,0.17,0.17,0.016950759286660424,3.19,0.76,0.02
1412,9464,0.5505074999999999,1313,100,-7.107500000000001,0.22,7.64,0.17,0.17,0.17,0.01693789223302839,3.19,0.76,0.02
1413,9467,0.550365,1314,100,-7.110500000000001,0.22,7.65,0.17,0.17,0.17,0.016832984162190933,3.19,0.76,0.02
1414,9479,0.549795,1315,100,-6.931500000000001,0.23,7.76,0.17,0.17,0.17,0.016822823643807636,3.31,0.75,0.02
1415,9497,0.54894,1316,100,-6.963000000000001,0.23,7.92,0.17,0.17,0.17,0.01682863755433003,3.48,0.75,0.02
1416,9510,0.5483225,1317,100,-6.793000000000001,0.24,8.04,0.17,0.17,0.17,0.016943971820553617,3.59,0.74,0.02
1417,9511,0.5482750000000001,1318,100,-6.763000000000001,0.24,7.91,0.17,0.17,0.17,0.016966602241000547,3.58,0.74,0.02
1418,9513,0.54818,1319,100,-6.7445,0.24,7.85,0.16,0.16,0.16,0.01725757224411649,3.55,0.74,0.02
1419,9521,0.5478000000000001,1320,100,-6.7490000000000006,0.24,7.87,0.16,0.16,0.16,0.017287681369771636,3.56,0.74,0.02
1420,9524,0.5476575,1321,100,-6.746,0.24,7.86,0.16,0.16,0.16,0.01736334255240803,3.56,0.74,0.02
1421,9542,0.5468025000000001,1322,100,-6.7715000000000005,0.24,8.0,0.16,0.16,0.16,0.01728455191003518,3.54,0.74,0.02
1422,9545,0.54666,1323,100,-6.77,0.24,7.97,0.16,0.16,0.16,0.017231854663994652,3.51,0.74,0.02
1423,9554,0.5462325,1324,100,-6.571000000000001,0.25,8.01,0.15,0.15,0.15,0.016969161407854896,3.59,0.73,0.02
1424,9582,0.5449025000000001,1325,100,-6.407,0.26,8.15,0.15,0.15,0.15,0.01686951330949335,3.49,0.72,0.02
1425,9595,0.544285,1326,100,-6.426500000000001,0.26,8.26,0.15,0.15,0.15,0.016891629910781383,3.47,0.72,0.02
1426,9603,0.543905,1327,100,-6.2735,0.27,8.04,0.16,0.16,0.16,0.016809282155111765,3.48,0.72,0.01
1427,9611,0.543525,1328,100,-6.074000000000001,0.28,8.01,0.17,0.17,0.17,0.01680615360335015,3.38,0.71,0.01
1428,9616,0.5432875,1329,100,-6.266,0.27,8.0,0.16,0.16,0.16,0.016811332472353578,3.37,0.72,0.01
1429,9621,0.54305,1330,100,-6.4705,0.26,8.01,0.16,0.16,0.16,0.016857544159270228,3.34,0.73,0.01
1430,9634,0.5424325,1331,100,-6.482500000000001,0.26,8.06,0.16,0.16,0.16,0.016867427266202665,3.35,0.73,0.01
1431,9642,0.5420525,1332,100,-6.469000000000001,0.26,8.01,0.16,0.16,0.16,0.01686925158892792,3.23,0.73,0.01
1432,9650,0.5416725,1333,100,-6.663,0.25,7.98,0.16,0.16,0.16,0.016868564170845698,3.21,0.74,0.01
1433,9661,0.54115,1334,100,-6.681,0.25,8.06,0.16,0.16,0.16,0.01686746056121469,3.21,0.74,0.01
1434,9668,0.5408175,1335,100,-6.684000000000001,0.25,8.06,0.16,0.16,0.16,0.016789720143221727,3.27,0.74,0.01
1435,9675,0.540485,1336,100,-6.691500000000001,0.25,8.09,0.16,0.16,0.16,0.01667953286515909,3.27,0.74,0.01
1436,9678,0.5403425,1337,100,-6.851,0.24,7.92,0.16,0.16,0.16,0.01660158192201412,3.07,0.75,0.01
1437,9688,0.5398675,1338,100,-6.849500000000001,0.24,7.91,0.16,0.16,0.16,0.016634294997859875,3.12,0.75,0.01
1438,9694,0.5395825000000001,1339,100,-6.849500000000001,0.24,7.9,0.16,0.16,0.16,0.016678513869181052,3.13,0.75,0.01
1439,9704,0.5391075000000001,1340,100,-6.861500000000001,0.24,7.95,0.16,0.16,0.16,0.0166536487066222,3.22,0.75,0.01
1440,9717,0.53849,1341,100,-6.672000000000001,0.25,8.02,0.16,0.16,0.16,0.016626752882411337,3.34,0.74,0.01
1441,9731,0.537825,1342,100,-6.491500000000001,0.26,8.12,0.16,0.16,0.16,0.01649365920824308,3.45,0.73,0.01
1442,9738,0.5374925,1343,100,-6.2885,0.27,8.11,0.16,0.16,0.16,0.01637072648530137,3.48,0.72,0.01
1443,9748,0.5370175,1344,100,-6.255,0.27,7.99,0.15,0.15,0.15,0.016026144180032734,3.48,0.72,0.01
1444,9749,0.53697,1345,100,-6.2325,0.27,7.9,0.15,0.15,0.15,0.015832767290580398,3.48,0.72,0.01
1445,9753,0.53678,1346,100,-6.241500000000001,0.27,7.93,0.15,0.15,0.15,0.01579346115077411,3.5,0.72,0.01
1446,9759,0.5364949999999999,1347,100,-6.252000000000001,0.27,7.98,0.15,0.15,0.15,0.015562178956629086,3.51,0.72,0.01
1447,9773,0.53583,1348,100,-6.27,0.27,8.07,0.15,0.15,0.15,0.015492507990268366,3.6,0.72,0.01
1448,9775,0.5357350000000001,1349,100,-6.2425000000000015,0.27,7.97,0.14,0.14,0.14,0.015421693230448598,3.52,0.72,0.01
1449,9777,0.53564,1350,100,-6.2095,0.27,7.81,0.14,0.14,0.14,0.01539432655382208,3.34,0.72,0.01
1450,9778,0.5355925,1351,100,-6.199000000000001,0.27,7.76,0.14,0.14,0.14,0.015293608014303467,3.3,0.72,0.01
1451,9786,0.5352125,1352,100,-6.185000000000001,0.27,7.73,0.13,0.13,0.13,0.015116235398656641,3.29,0.72,0.01
1452,9796,0.5347375,1353,100,-5.9895000000000005,0.28,7.76,0.13,0.13,0.13,0.015103788110330254,3.3,0.71,0.01
1453,9818,0.5336925,1354,100,-6.021,0.28,7.9,0.13,0.13,0.13,0.015407200636752856,3.29,0.71,0.01
1454,9828,0.5332175,1355,100,-6.019000000000001,0.28,7.91,0.12,0.12,0.12,0.015149023512478583,3.26,0.71,0.01
1455,9829,0.53317,1356,100,-6.207000000000001,0.27,7.86,0.12,0.12,0.12,0.014802066740990591,3.26,0.72,0.01
1456,9834,0.5329325,1357,100,-6.1930000000000005,0.27,7.84,0.11,0.11,0.11,0.014904103432394407,3.29,0.72,0.01
1457,9843,0.532505,1358,100,-6.179000000000001,0.27,7.81,0.1,0.1,0.1,0.014982299134782462,3.35,0.72,0.01
1458,9852,0.5320775,1359,100,-6.1865000000000006,0.27,7.82,0.1,0.1,0.1,0.015086167924908557,3.36,0.72,0.01
1459,9866,0.5314125000000001,1360,100,-6.214000000000001,0.27,7.91,0.11,0.11,0.11,0.015005402692065607,3.37,0.72,0.01
1460,9884,0.5305575,1361,100,-6.056,0.28,8.08,0.11,0.11,0.11,0.015068555434999919,3.55,0.71,0.01
1461,9897,0.5299400000000001,1362,100,-5.8575,0.29,8.14,0.11,0.11,0.11,0.01512881801045894,3.57,0.7,0.01
1462,9898,0.5298925,1363,100,-6.05,0.28,8.1,0.11,0.11,0.11,0.014965342511436188,3.54,0.71,0.01
1463,9905,0.52956,1364,100,-5.821000000000001,0.29,8.03,0.1,0.1,0.1,0.014608822652551163,3.59,0.7,0.01
1464,9907,0.5294650000000001,1365,100,-5.821000000000001,0.29,8.03,0.1,0.1,0.1,0.014597558771672476,3.59,0.7,0.01
1465,9909,0.52937,1366,100,-5.806,0.29,7.98,0.1,0.1,0.1,0.014405496012698811,3.61,0.7,0.01
1466,9915,0.529085,1367,100,-5.816500000000001,0.29,8.02,0.1,0.1,0.1,0.01434834533383444,3.6,0.7,0.01
1467,9923,0.528705,1368,100,-5.618,0.3,8.0,0.1,0.1,0.1,0.014461340885500686,3.63,0.69,0.01
1468,9944,0.5277075,1369,100,-5.861500000000001,0.29,8.16,0.1,0.1,0.1,0.014402431998315353,3.8,0.7,0.01
1469,9955,0.527185,1370,100,-5.6885,0.3,8.26,0.1,0.1,0.1,0.014483088858847084,3.81,0.69,0.01
1470,9968,0.5265675000000001,1371,100,-5.514000000000001,0.31,8.38,0.1,0.1,0.1,0.014337248966770038,3.91,0.68,0.01
1471,9998,0.5251425000000001,1372,100,-5.4735000000000005,0.31,8.66,0.1,0.1,0.1,0.014027972378974572,3.9,0.67,0.02
1472,10007,0.524715,1373,100,-5.6675,0.3,8.67,0.1,0.1,0.1,0.013903761576239846,3.89,0.68,0.02
1473,10037,0.52329,1374,100,-5.697,0.3,8.86,0.09,0.09,0.09,0.01374797454297106,4.08,0.68,0.02
1474,10053,0.5225299999999999,1375,100,-5.500000000000001,0.31,8.88,0.09,0.09,0.09,0.013688234643985175,4.2,0.67,0.02
1475,10057,0.52234,1376,100,-5.474500000000001,0.31,8.78,0.09,0.09,0.09,0.013629676856840087,4.18,0.67,0.02
1476,10064,0.5220075,1377,100,-5.485000000000001,0.31,8.83,0.09,0.09,0.09,0.013549704229267372,4.25,0.67,0.02
1477,10074,0.5215325,1378,100,-5.478000000000001,0.31,8.78,0.1,0.1,0.1,0.013479927593805573,4.13,0.67,0.02
1478,10077,0.52139,1379,100,-5.478000000000001,0.31,8.78,0.1,0.1,0.1,0.013370644192795638,4.13,0.67,0.02
1479,10086,0.5209625,1380,100,-5.493,0.31,8.86,0.1,0.1,0.1,0.013360531189131919,4.13,0.67,0.02
1480,10094,0.5205825,1381,100,-5.687,0.3,8.85,0.1,0.1,0.1,0.013278470850506596,4.04,0.68,0.02
1481,10096,0.5204875,1382,100,-5.8795,0.29,8.82,0.1,0.1,0.1,0.013218579459426722,4.01,0.69,0.02
1482,10098,0.5203925,1383,100,-6.0795,0.28,8.82,0.1,0.1,0.1,0.013191009400835058,4.01,0.7,0.02
1483,10106,0.5200125,1384,100,-6.090000000000001,0.28,8.87,0.1,0.1,0.1,0.012871274395802788,4.01,0.7,0.02
1484,10108,0.5199175,1385,100,-5.8900000000000015,0.29,8.87,0.1,0.1,0.1,0.012745455876648224,4.02,0.69,0.02
1485,10132,0.5187775000000001,1386,100,-5.723000000000001,0.3,9.04,0.1,0.1,0.1,0.012665491576415928,4.04,0.68,0.02
1486,10161,0.5174000000000001,1387,100,-5.776,0.3,9.26,0.11,0.11,0.11,0.012581681859142047,4.26,0.68,0.02
1487,10179,0.516545,1388,100,-5.802500000000001,0.3,9.41,0.1,0.1,0.1,0.012495058237451444,4.26,0.68,0.02
1488,10188,0.5161175,1389,100,-5.8115000000000006,0.3,9.45,0.1,0.1,0.1,0.01229489265820074,4.33,0.68,0.02
1489,10198,0.5156425,1390,100,-5.8055,0.3,9.43,0.1,0.1,0.1,0.012168962457016114,4.28,0.68,0.02
1490,10200,0.5155475,1391,100,-5.807,0.3,9.44,0.1,0.1,0.1,0.012141405509117995,4.27,0.68,0.02
1491,10201,0.5155000000000001,1392,100,-5.841500000000001,0.3,9.15,0.1,0.1,0.1,0.012004068420843537,4.21,0.69,0.01
1492,10207,0.515215,1393,100,-6.035500000000001,0.29,9.14,0.1,0.1,0.1,0.011932093414786854,4.16,0.7,0.01
1493,10210,0.5150725,1394,100,-5.820500000000001,0.3,9.08,0.1,0.1,0.1,0.011849462199126743,4.15,0.69,0.01
1494,10211,0.5150250000000001,1395,100,-5.789000000000001,0.3,8.94,0.1,0.1,0.1,0.011757215782791439,4.02,0.69,0.01
1495,10221,0.5145500000000001,1396,100,-5.968000000000001,0.29,8.87,0.1,0.1,0.1,0.011674798564790536,3.97,0.7,0.01
1496,10241,0.5136000000000001,1397,100,-5.807,0.3,9.06,0.1,0.1,0.1,0.011684040473579217,3.99,0.69,0.01
1497,10242,0.5135525000000001,1398,100,-5.790500000000001,0.3,9.0,0.1,0.1,0.1,0.011576008451907684,3.98,0.69,0.01
1498,10244,0.5134575,1399,100,-5.984500000000001,0.29,8.96,0.1,0.1,0.1,0.011480781165688087,3.92,0.7,0.01
1499,10256,0.5128874999999999,1400,100,-6.0055000000000005,0.29,9.06,0.1,0.1,0.1,0.011481264973019661,4.02,0.7,0.01
1500,10261,0.51265,1401,100,-5.980000000000001,0.29,8.95,0.1,0.1,0.1,0.011528219450080012,4.03,0.7,0.01
1501,10275,0.5119849999999999,1402,100,-6.008500000000001,0.29,9.06,0.1,0.1,0.1,0.011467197532136923,4.13,0.7,0.01
1502,10292,0.5111775000000001,1403,100,-6.040000000000001,0.29,9.2,0.1,0.1,0.1,0.011297904180656371,4.13,0.7,0.01
1503,10300,0.5107975,1404,100,-6.047500000000001,0.29,9.25,0.1,0.1,0.1,0.011245450559579174,4.17,0.7,0.01
1504,10305,0.51056,1405,100,-6.027500000000001,0.29,9.18,0.09,0.09,0.09,0.011092171185342002,4.22,0.7,0.01
1505,10309,0.51037,1406,100,-6.2155000000000005,0.28,9.13,0.09,0.09,0.09,0.011017815956964805,4.14,0.71,0.01
1506,10321,0.5098,1407,100,-6.421500000000001,0.27,9.17,0.09,0.09,0.09,0.010947122837380535,4.06,0.72,0.01
1507,10323,0.5097050000000001,1408,100,-6.591500000000001,0.26,9.05,0.09,0.09,0.09,0.010713100968624227,3.92,0.73,0.01
1508,10329,0.50942,1409,100,-6.602,0.26,9.09,0.09,0.09,0.09,0.010656387165418588,3.96,0.73,0.01
1509,10333,0.5092300000000001,1410,100,-6.5895,0.26,9.07,0.08,0.08,0.08,0.010596777595110931,3.96,0.73,0.01
1510,10335,0.509135,1411,100,-6.574000000000001,0.26,9.04,0.07,0.07,0.07,0.010521634225264885,3.96,0.73,0.01
1511,10365,0.5077100000000001,1412,100,-6.498000000000001,0.26,9.12,0.08,0.08,0.08,0.01048253485216865,3.96,0.72,0.02
1512,10389,0.5065700000000001,1413,100,-6.521,0.26,9.25,0.09,0.09,0.09,0.010476604594256884,3.96,0.72,0.02
1513,10391,0.506475,1414,100,-6.518000000000001,0.26,9.24,0.09,0.09,0.09,0.010427894924951253,3.96,0.72,0.02
1514,10399,0.506095,1415,100,-6.7135,0.25,9.2,0.09,0.09,0.09,0.010400175497449624,3.88,0.73,0.02
1515,10429,0.5046700000000001,1416,100,-6.634000000000001,0.25,9.32,0.09,0.09,0.09,0.01040663513284746,3.7,0.72,0.03
1516,10437,0.5042899999999999,1417,100,-6.819000000000001,0.24,9.27,0.09,0.09,0.09,0.010327321990729771,3.6,0.73,0.03
1517,10444,0.5039575000000001,1418,100,-6.836,0.24,9.33,0.1,0.1,0.1,0.010310983938501678,3.59,0.73,0.03
1518,10447,0.503815,1419,100,-6.837500000000001,0.24,9.34,0.1,0.1,0.1,0.0099893127922231,3.62,0.73,0.03
1519,10452,0.5035775,1420,100,-6.822,0.24,9.31,0.09,0.09,0.09,0.009916583816081438,3.58,0.73,0.03
1520,10453,0.50353,1421,100,-6.819000000000001,0.24,9.29,0.09,0.09,0.09,0.009746987008981559,3.58,0.73,0.03
1521,10454,0.5034825,1422,100,-6.7860000000000005,0.24,9.12,0.09,0.09,0.09,0.009651163655876852,3.59,0.73,0.03
1522,10470,0.5027225000000001,1423,100,-6.810000000000001,0.24,9.25,0.09,0.09,0.09,0.00961309337685852,3.72,0.73,0.03
1523,10478,0.5023424999999999,1424,100,-7.011500000000001,0.23,9.24,0.09,0.09,0.09,0.009559202229895522,3.68,0.74,0.03
1524,10482,0.5021525,1425,100,-7.151500000000001,0.22,9.0,0.09,0.09,0.09,0.009496474818451622,3.68,0.75,0.03
1525,10500,0.5012975,1426,100,-7.171500000000001,0.22,9.05,0.1,0.1,0.1,0.009447048211515737,3.69,0.75,0.03
1526,10515,0.5005850000000001,1427,100,-7.1785000000000005,0.22,9.12,0.09,0.09,0.09,0.009457041992191701,3.79,0.75,0.03
1527,10524,0.5001575,1428,100,-7.375000000000001,0.21,9.13,0.08,0.08,0.08,0.00943851106483899,3.78,0.76,0.03
1528,10525,0.50011,1429,100,-7.3660000000000005,0.21,9.09,0.08,0.08,0.08,0.009361902649611606,3.73,0.76,0.03
1529,10526,0.5000625000000001,1430,100,-7.355500000000001,0.21,9.05,0.08,0.08,0.08,0.009299014707658813,3.73,0.76,0.03
1530,10541,0.49934999999999996,1431,100,-7.357,0.21,9.07,0.08,0.08,0.08,0.009268358714438487,3.72,0.76,0.03
1531,10551,0.49887500000000007,1432,100,-7.1695,0.22,9.09,0.09,0.09,0.09,0.009238876061364986,3.73,0.75,0.03
1532,10559,0.498495,1433,100,-6.966500000000001,0.23,9.09,0.09,0.09,0.09,0.009239732130456228,3.74,0.74,0.03
1533,10564,0.4982575,1434,100,-6.753000000000001,0.24,9.03,0.09,0.09,0.09,0.009226614963119531,3.74,0.73,0.03
1534,10566,0.49816250000000006,1435,100,-6.7410000000000005,0.24,8.98,0.09,0.09,0.09,0.009224850107505865,3.69,0.73,0.03
1535,10567,0.4981150000000001,1436,100,-6.727500000000001,0.24,8.92,0.09,0.09,0.09,0.009215951461334262,3.7,0.73,0.03
1536,10584,0.4973075,1437,100,-6.557500000000001,0.25,9.06,0.09,0.09,0.09,0.00921369928325936,3.86,0.72,0.03
1537,10606,0.49626250000000005,1438,100,-6.578,0.25,9.18,0.08,0.08,0.08,0.009167504592111875,4.01,0.72,0.03
1538,10610,0.4960725,1439,100,-6.376500000000001,0.26,9.16,0.08,0.08,0.08,0.009119906120634867,4.04,0.71,0.03
1539,10612,0.49597750000000007,1440,100,-6.560000000000001,0.25,9.08,0.08,0.08,0.08,0.009099943496686635,3.95,0.72,0.03
1540,10617,0.49573999999999996,1441,100,-6.746500000000001,0.24,9.0,0.08,0.08,0.08,0.009149773006118276,3.83,0.73,0.03
1541,10627,0.49526500000000007,1442,100,-6.937500000000001,0.23,8.96,0.08,0.08,0.08,0.009219164538886106,3.69,0.74,0.03
1542,10633,0.4949800000000001,1443,100,-7.137500000000001,0.22,8.95,0.08,0.08,0.08,0.009250722901531248,3.66,0.75,0.03
1543,10639,0.494695,1444,100,-7.127000000000001,0.22,8.91,0.08,0.08,0.08,0.009264982331257375,3.66,0.75,0.03
1544,10652,0.49407750000000006,1445,100,-6.9525000000000015,0.23,9.03,0.08,0.08,0.08,0.00925685039005005,3.69,0.74,0.03
1545,10665,0.49346,1446,100,-6.770500000000001,0.24,9.12,0.08,0.08,0.08,0.00930795596957256,3.74,0.73,0.03
1546,10683,0.49260499999999996,1447,100,-6.799000000000001,0.24,9.24,0.08,0.08,0.08,0.009445637133833928,3.74,0.73,0.03
1547,10687,0.49241500000000005,1448,100,-6.783,0.24,9.14,0.09,0.09,0.09,0.009543076051562068,3.6,0.73,0.03
1548,10696,0.4919875,1449,100,-6.807500000000001,0.24,9.21,0.1,0.1,0.1,0.00964116073840347,3.65,0.73,0.03
1549,10711,0.491275,1450,100,-6.8345,0.24,9.34,0.1,0.1,0.1,0.00970896020956697,3.65,0.73,0.03
1550,10717,0.4909899999999999,1451,100,-6.6435,0.25,9.39,0.1,0.1,0.1,0.009805033347784103,3.69,0.72,0.03
1551,10724,0.49065749999999997,1452,100,-6.440500000000001,0.26,9.38,0.1,0.1,0.1,0.009871533917594261,3.69,0.71,0.03
1552,10745,0.48966,1453,100,-6.4645,0.26,9.49,0.1,0.1,0.1,0.009698662274670837,3.83,0.71,0.03
1553,10770,0.4884725000000001,1454,100,-6.4705,0.26,9.52,0.1,0.1,0.1,0.00914168926134668,3.83,0.71,0.03
1554,10775,0.4882350000000001,1455,100,-6.258500000000001,0.27,9.47,0.1,0.1,0.1,0.009075430508162452,3.84,0.7,0.03
1555,10782,0.4879025,1456,100,-6.2735,0.27,9.53,0.1,0.1,0.1,0.009054019491645532,3.85,0.7,0.03
1556,10791,0.487475,1457,100,-6.081,0.28,9.57,0.1,0.1,0.1,0.008794160549158358,3.82,0.69,0.03
1557,10802,0.4869525,1458,100,-5.882500000000001,0.29,9.59,0.1,0.1,0.1,0.00863127730553134,3.84,0.68,0.03
1558,10803,0.48690500000000003,1459,100,-5.861500000000001,0.29,9.51,0.1,0.1,0.1,0.008499781457543707,3.75,0.68,0.03
1559,10810,0.4865725000000001,1460,100,-5.837000000000001,0.29,9.44,0.09,0.09,0.09,0.008443667845503895,3.74,0.68,0.03
1560,10816,0.4862875000000001,1461,100,-5.8055,0.29,9.32,0.09,0.09,0.09,0.008404081474486068,3.61,0.68,0.03
1561,10822,0.4860025,1462,100,-5.996500000000001,0.28,9.25,0.09,0.09,0.09,0.008513444119226473,3.59,0.69,0.03
1562,10827,0.485765,1463,100,-6.0055000000000005,0.28,9.29,0.09,0.09,0.09,0.008776888070255803,3.6,0.69,0.03
1563,10831,0.4855750000000001,1464,100,-6.2010000000000005,0.27,9.26,0.09,0.09,0.09,0.009071425942132269,3.53,0.7,0.03
1564,10836,0.4853375000000001,1465,100,-6.207000000000001,0.27,9.29,0.09,0.09,0.09,0.009133349606195483,3.53,0.7,0.03
1565,10847,0.484815,1466,100,-6.231,0.27,9.38,0.09,0.09,0.09,0.00945707346263987,3.58,0.7,0.03
1566,10850,0.48467250000000006,1467,100,-6.0235,0.28,9.35,0.09,0.09,0.09,0.010088855428910129,3.57,0.69,0.03
1567,10855,0.48443500000000006,1468,100,-6.219000000000001,0.27,9.32,0.09,0.09,0.09,0.010519024351202196,3.55,0.7,0.03
1568,10861,0.48414999999999997,1469,100,-6.174000000000001,0.27,9.17,0.09,0.09,0.09,0.011145469654851083,3.4,0.7,0.03
1569,10880,0.48324749999999994,1470,100,-6.186,0.27,9.25,0.09,0.09,0.09,0.011748462132022812,3.57,0.7,0.03
1570,10884,0.48305750000000003,1471,100,-6.168000000000001,0.27,9.16,0.09,0.09,0.09,0.013264944674972327,3.47,0.7,0.03
1571,10889,0.48282,1472,100,-6.2145,0.27,8.91,0.09,0.09,0.09,0.014201126335248233,3.47,0.71,0.02
1572,10895,0.48253500000000005,1473,100,-6.2195,0.27,8.88,0.1,0.1,0.1,0.015015092223217799,3.47,0.71,0.02
1573,10925,0.48111000000000004,1474,100,-6.325000000000001,0.26,8.88,0.1,0.1,0.1,0.015301768740595096,3.3,0.71,0.03
1574,10933,0.4807300000000001,1475,100,-6.5055000000000005,0.25,8.8,0.1,0.1,0.1,0.015452857349285866,3.22,0.72,0.03
1575,10938,0.4804925000000001,1476,100,-6.507000000000001,0.25,8.81,0.1,0.1,0.1,0.015567213539019237,3.22,0.72,0.03
1576,10941,0.48034999999999994,1477,100,-6.498000000000001,0.25,8.77,0.1,0.1,0.1,0.015800525682653003,3.16,0.72,0.03
1577,10960,0.4794475,1478,100,-6.708000000000001,0.24,8.86,0.09,0.09,0.09,0.015933442517912254,3.14,0.73,0.03
1578,10962,0.47935249999999996,1479,100,-6.705000000000001,0.24,8.85,0.09,0.09,0.09,0.016260861669153838,3.12,0.73,0.03
1579,10973,0.4788300000000001,1480,100,-6.7155000000000005,0.24,8.87,0.09,0.09,0.09,0.016281055502672948,3.12,0.73,0.03
1580,10995,0.477785,1481,100,-6.7425000000000015,0.24,9.01,0.09,0.09,0.09,0.016329620663002614,3.12,0.73,0.03
1581,11012,0.47697750000000005,1482,100,-6.569500000000001,0.25,9.16,0.09,0.09,0.09,0.016393143545926536,3.14,0.72,0.03
1582,11013,0.4769300000000001,1483,100,-6.566500000000001,0.25,9.15,0.09,0.09,0.09,0.016465659481097933,3.13,0.72,0.03
1583,11018,0.4766925000000001,1484,100,-6.357500000000001,0.26,9.12,0.09,0.09,0.09,0.016522602251821183,3.18,0.71,0.03
1584,11020,0.4765975,1485,100,-6.557500000000001,0.25,9.12,0.09,0.09,0.09,0.016579680042664507,3.19,0.72,0.03
1585,11042,0.47555249999999993,1486,100,-6.7655,0.24,9.1,0.1,0.1,0.1,0.016748499777006126,3.22,0.73,0.03
1586,11052,0.47507750000000004,1487,100,-6.7170000000000005,0.24,8.91,0.09,0.09,0.09,0.016785246227754166,3.0,0.73,0.03
1587,11059,0.4747450000000001,1488,100,-6.694500000000001,0.24,8.8,0.09,0.09,0.09,0.01682272973759109,3.01,0.73,0.03
1588,11070,0.4742225,1489,100,-6.4990000000000006,0.25,8.82,0.09,0.09,0.09,0.016936189268540795,3.02,0.72,0.03
1589,11077,0.47389000000000003,1490,100,-6.493,0.25,8.79,0.09,0.09,0.09,0.017102558767614028,3.01,0.72,0.03
1590,11081,0.4737,1491,100,-6.299000000000001,0.26,8.81,0.09,0.09,0.09,0.017163278560577963,3.03,0.71,0.03
1591,11087,0.47341500000000003,1492,100,-6.312500000000001,0.26,8.86,0.09,0.09,0.09,0.017237271726632874,3.08,0.71,0.03
1592,11093,0.47313000000000005,1493,100,-6.319000000000001,0.26,8.86,0.1,0.1,0.1,0.01722759472551297,3.12,0.71,0.03
1593,11101,0.47275,1494,100,-6.5325000000000015,0.25,8.91,0.1,0.1,0.1,0.01723243141028494,3.15,0.72,0.03
1594,11110,0.4723225,1495,100,-6.556500000000001,0.25,8.99,0.1,0.1,0.1,0.0172402018836294,3.14,0.72,0.03
1595,11118,0.47194250000000004,1496,100,-6.547500000000001,0.25,8.97,0.1,0.1,0.1,0.017360275559971543,3.11,0.72,0.03
1596,11124,0.47165749999999995,1497,100,-6.519000000000001,0.25,8.83,0.1,0.1,0.1,0.017534638532350273,3.13,0.72,0.03
1597,11148,0.47051750000000003,1498,100,-6.365500000000001,0.26,9.06,0.1,0.1,0.1,0.01776738966453336,3.2,0.71,0.03
1598,11160,0.4699475000000001,1499,100,-6.189500000000001,0.27,9.16,0.1,0.1,0.1,0.01803747315102393,3.25,0.7,0.03
1599,11168,0.4695675,1500,100,-6.1805,0.27,9.12,0.1,0.1,0.1,0.018293203981467335,3.17,0.7,0.03
1600,11171,0.469425,1501,100,-6.176,0.27,9.1,0.1,0.1,0.1,0.01874008301229353,3.17,0.7,0.03
1601,11172,0.4693775,1502,100,-6.143000000000001,0.27,8.97,0.1,0.1,0.1,0.01893590426787205,3.04,0.7,0.03
1602,11184,0.46880750000000004,1503,100,-5.929500000000001,0.28,8.92,0.1,0.1,0.1,0.019155624351790915,3.13,0.69,0.03
1603,11195,0.46828500000000006,1504,100,-5.946000000000001,0.28,8.95,0.1,0.1,0.1,0.019185949361643605,3.06,0.69,0.03
1604,11204,0.46785750000000004,1505,100,-5.956500000000001,0.28,8.99,0.1,0.1,0.1,0.019221330335693388,3.01,0.69,0.03
1605,11206,0.46776249999999997,1506,100,-5.9535,0.28,8.97,0.1,0.1,0.1,0.019254277144771955,3.02,0.69,0.03
1606,11212,0.4674775,1507,100,-5.743,0.29,8.91,0.1,0.1,0.1,0.01925782026527041,3.06,0.68,0.03
1607,11221,0.46704999999999997,1508,100,-5.764000000000001,0.29,8.98,0.1,0.1,0.1,0.01927541043516875,3.06,0.68,0.03
1608,11225,0.46685999999999994,1509,100,-5.758000000000001,0.29,8.96,0.1,0.1,0.1,0.019269260296371514,3.02,0.68,0.03
1609,11244,0.4659575,1510,100,-5.592500000000001,0.3,9.11,0.1,0.1,0.1,0.019302772384339247,3.0,0.67,0.03
1610,11259,0.465245,1511,100,-5.627000000000001,0.3,9.24,0.1,0.1,0.1,0.019388757566192426,3.13,0.67,0.03
1611,11261,0.46515000000000006,1512,100,-5.456500000000001,0.31,8.96,0.09,0.09,0.09,0.01945476950255743,3.14,0.67,0.02
1612,11269,0.46477,1513,100,-5.431,0.31,8.8,0.09,0.09,0.09,0.019501145735100305,3.15,0.67,0.02
1613,11299,0.4633450000000001,1514,100,-5.3935,0.31,9.08,0.09,0.09,0.09,0.019513336285743633,3.3,0.66,0.03
1614,11325,0.46211,1515,100,-5.240000000000001,0.32,9.26,0.09,0.09,0.09,0.0195093469274588,3.3,0.65,0.03
1615,11327,0.46201499999999995,1516,100,-5.288,0.32,8.98,0.09,0.09,0.09,0.019517381808585556,3.3,0.66,0.02
1616,11347,0.46106499999999995,1517,100,-5.113500000000001,0.33,9.1,0.09,0.09,0.09,0.01947428799412919,3.3,0.65,0.02
1617,11359,0.4604950000000001,1518,100,-5.122000000000001,0.33,9.15,0.08,0.08,0.08,0.019451268735420184,3.41,0.65,0.02
1618,11369,0.46002,1519,100,-5.1385000000000005,0.33,9.22,0.08,0.08,0.08,0.019453188759430848,3.38,0.65,0.02
1619,11384,0.4593075,1520,100,-4.9595,0.34,9.32,0.08,0.08,0.08,0.01942365657561543,3.44,0.64,0.02
1620,11411,0.458025,1521,100,-5.0135000000000005,0.34,9.58,0.08,0.08,0.08,0.01944363705263799,3.47,0.64,0.02
1621,11413,0.45793000000000006,1522,100,-5.015000000000001,0.34,9.59,0.08,0.08,0.08,0.019437684977048543,3.46,0.64,0.02
1622,11431,0.457075,1523,100,-5.018000000000001,0.34,9.61,0.08,0.08,0.08,0.01942016077376297,3.3,0.64,0.02
1623,11453,0.45603000000000005,1524,100,-5.0525,0.34,9.75,0.08,0.08,0.08,0.019407334069655023,3.46,0.64,0.02
1624,11476,0.4549375,1525,100,-5.090000000000001,0.34,9.94,0.08,0.08,0.08,0.01939608635187962,3.44,0.64,0.02
1625,11490,0.45427249999999997,1526,100,-5.0745000000000005,0.34,9.9,0.07,0.07,0.07,0.01937392279704574,3.43,0.64,0.02
1626,11497,0.45394,1527,100,-5.058000000000001,0.34,9.82,0.07,0.07,0.07,0.019288431730956755,3.38,0.64,0.02
1627,11504,0.45360749999999994,1528,100,-4.859500000000001,0.35,9.8,0.07,0.07,0.07,0.019299842402446303,3.39,0.63,0.02
1628,11509,0.45337000000000005,1529,100,-4.670000000000001,0.36,9.84,0.07,0.07,0.07,0.019368802588074687,3.4,0.62,0.02
1629,11510,0.45332249999999996,1530,100,-4.670000000000001,0.36,9.84,0.07,0.07,0.07,0.019387051614108714,3.4,0.62,0.02
1630,11514,0.45313250000000005,1531,100,-4.450500000000001,0.37,9.73,0.07,0.07,0.07,0.019451672466113453,3.41,0.61,0.02
1631,11523,0.452705,1532,100,-4.647500000000001,0.36,9.72,0.07,0.07,0.07,0.01948271413328924,3.4,0.62,0.02
1632,11531,0.452325,1533,100,-4.8505,0.35,9.72,0.07,0.07,0.07,0.01946769752127451,3.38,0.63,0.02
1633,11540,0.45189750000000006,1534,100,-4.864000000000001,0.35,9.76,0.07,0.07,0.07,0.019467327361632772,3.41,0.63,0.02
1634,11545,0.45165999999999995,1535,100,-4.873000000000001,0.35,9.79,0.07,0.07,0.07,0.019448956309989728,3.39,0.63,0.02
1635,11575,0.45023500000000005,1536,100,-4.9285000000000005,0.35,10.08,0.07,0.07,0.07,0.01945467518163039,3.43,0.63,0.02
1636,11581,0.44995000000000007,1537,100,-5.103000000000001,0.34,9.97,0.07,0.07,0.07,0.019441463751465826,3.27,0.64,0.02
1637,11602,0.4489525000000001,1538,100,-5.107500000000001,0.34,9.96,0.07,0.07,0.07,0.019435858609470714,3.11,0.64,0.02
1638,11614,0.4483825,1539,100,-5.125500000000001,0.34,10.04,0.07,0.07,0.07,0.019405651287394597,3.09,0.64,0.02
1639,11619,0.448145,1540,100,-5.133000000000001,0.34,10.07,0.07,0.07,0.07,0.019382940130759984,3.12,0.64,0.02
1640,11622,0.4480025000000001,1541,100,-5.1285,0.34,10.05,0.07,0.07,0.07,0.019300007909522413,3.12,0.64,0.02
1641,11626,0.44781249999999995,1542,100,-5.1195,0.34,9.99,0.07,0.07,0.07,0.019204980532624778,3.12,0.64,0.02
1642,11630,0.44762250000000003,1543,100,-5.112,0.34,9.97,0.07,0.07,0.07,0.01915526860850089,3.12,0.64,0.02
1643,11631,0.44757500000000006,1544,100,-5.1000000000000005,0.34,9.92,0.07,0.07,0.07,0.01907627105276878,3.12,0.64,0.02
1644,11635,0.44738500000000003,1545,100,-5.280500000000001,0.33,9.83,0.07,0.07,0.07,0.01904162741913737,3.09,0.65,0.02
1645,11642,0.4470525000000001,1546,100,-5.464000000000001,0.32,9.77,0.07,0.07,0.07,0.018952344319411854,3.01,0.66,0.02
1646,11650,0.44667250000000003,1547,100,-5.243,0.33,9.67,0.07,0.07,0.07,0.018791247727000738,3.03,0.65,0.02
1647,11665,0.44596,1548,100,-5.2605,0.33,9.78,0.06,0.06,0.06,0.01864093508854722,3.05,0.65,0.02
1648,11672,0.44562750000000007,1549,100,-5.253000000000001,0.33,9.76,0.06,0.06,0.06,0.018513740271849714,2.98,0.65,0.02
1649,11702,0.44420250000000006,1550,100,-5.197500000000002,0.33,9.91,0.06,0.06,0.06,0.01838127055402907,3.25,0.64,0.03
1650,11703,0.4441550000000001,1551,100,-5.3885000000000005,0.32,9.86,0.06,0.06,0.06,0.01817709600129537,3.21,0.65,0.03
1651,11709,0.44387,1552,100,-5.391500000000001,0.32,9.85,0.06,0.06,0.06,0.017987686511513157,3.19,0.65,0.03
1652,11715,0.443585,1553,100,-5.557,0.31,9.7,0.06,0.06,0.06,0.01787277803928853,3.06,0.66,0.03
1653,11719,0.4433950000000001,1554,100,-5.312,0.32,9.49,0.06,0.06,0.06,0.01783330501754797,3.07,0.65,0.03
1654,11729,0.44292,1555,100,-5.522500000000001,0.31,9.54,0.06,0.06,0.06,0.0178003354205194,3.09,0.66,0.03
1655,11740,0.4423975,1556,100,-5.527,0.31,9.58,0.06,0.06,0.06,0.01775948109277589,3.07,0.66,0.03
1656,11744,0.4422075000000001,1557,100,-5.519500000000001,0.31,9.53,0.06,0.06,0.06,0.01766936627605659,3.07,0.66,0.03
1657,11757,0.44159000000000004,1558,100,-5.722500000000001,0.3,9.55,0.06,0.06,0.06,0.017599731629055433,2.99,0.67,0.03
1658,11771,0.440925,1559,100,-5.752500000000001,0.3,9.68,0.06,0.06,0.06,0.017536078018891,2.99,0.67,0.03
1659,11780,0.4404975000000001,1560,100,-5.557,0.31,9.7,0.06,0.06,0.06,0.01747233202964852,3.0,0.66,0.03
1660,11802,0.4394525,1561,100,-5.7825000000000015,0.3,9.86,0.06,0.06,0.06,0.017408413793008972,2.95,0.67,0.03
1661,11815,0.438835,1562,100,-5.796,0.3,9.93,0.06,0.06,0.06,0.017129927166207152,2.95,0.67,0.03
1662,11845,0.4374100000000001,1563,100,-5.7555000000000005,0.3,10.18,0.06,0.06,0.06,0.01685511366841888,2.97,0.66,0.04
1663,11847,0.437315,1564,100,-5.7495,0.3,10.16,0.06,0.06,0.06,0.016453986629196834,2.97,0.66,0.04
1664,11859,0.43674500000000005,1565,100,-5.764500000000001,0.3,10.23,0.06,0.06,0.06,0.01610462258998033,2.99,0.66,0.04
1665,11866,0.4364125,1566,100,-5.751,0.3,10.19,0.06,0.06,0.06,0.015755490876008256,2.93,0.66,0.04
1666,11869,0.43626999999999994,1567,100,-5.751,0.3,10.19,0.06,0.06,0.06,0.015030817684767576,2.94,0.66,0.04
1667,11876,0.4359375,1568,100,-5.752500000000001,0.3,10.21,0.06,0.06,0.06,0.014391782626759336,2.99,0.66,0.04
1668,11883,0.435605,1569,100,-5.554000000000001,0.31,10.22,0.06,0.06,0.06,0.013525754022794718,2.94,0.65,0.04
1669,11885,0.43551000000000006,1570,100,-5.718000000000001,0.3,10.05,0.06,0.06,0.06,0.012692990194604577,2.78,0.66,0.04
1670,11894,0.43508250000000004,1571,100,-5.730000000000001,0.3,10.1,0.06,0.06,0.06,0.011127023294968477,2.78,0.66,0.04
1671,11900,0.43479750000000006,1572,100,-5.5345,0.31,10.11,0.06,0.06,0.06,0.010218499372648022,2.83,0.65,0.04
1672,11902,0.4347025000000001,1573,100,-5.317500000000001,0.32,10.07,0.05,0.05,0.05,0.00932524937470128,2.84,0.64,0.04
1673,11908,0.4344175,1574,100,-5.362500000000001,0.32,9.83,0.05,0.05,0.05,0.008978623351560232,2.74,0.65,0.03
1674,11927,0.433515,1575,100,-5.382000000000001,0.32,9.94,0.05,0.05,0.05,0.008819838166580107,2.7,0.65,0.03
1675,11957,0.43209,1576,100,-5.3385,0.32,10.19,0.05,0.05,0.05,0.008731350839093209,2.75,0.64,0.04
1676,11964,0.4317575,1577,100,-5.346,0.32,10.23,0.05,0.05,0.05,0.008558418324349774,2.74,0.64,0.04
1677,11970,0.43147250000000004,1578,100,-5.120500000000001,0.33,10.1,0.05,0.05,0.05,0.008531957633027283,2.75,0.63,0.04
1678,11982,0.4309025000000001,1579,100,-4.947500000000001,0.34,10.2,0.05,0.05,0.05,0.00827585310144577,2.77,0.62,0.04
1679,11992,0.43042749999999996,1580,100,-4.9415000000000004,0.34,10.19,0.05,0.05,0.05,0.00837101392370283,2.77,0.62,0.04
1680,11993,0.43038,1581,100,-4.899500000000001,0.34,9.98,0.05,0.05,0.05,0.008345454080862316,2.77,0.62,0.04
1681,12002,0.42995250000000007,1582,100,-4.889,0.34,9.9,0.05,0.05,0.05,0.008554337286385385,2.83,0.62,0.04
1682,12005,0.42981,1583,100,-4.8950000000000005,0.34,9.92,0.05,0.05,0.05,0.009387938225947308,2.83,0.62,0.04
1683,12008,0.4296675,1584,100,-5.093500000000001,0.33,9.9,0.05,0.05,0.05,0.009638160053325183,2.79,0.63,0.04
1684,12012,0.42947749999999996,1585,100,-5.095000000000001,0.33,9.92,0.05,0.05,0.05,0.010952904080656656,2.81,0.63,0.04
1685,12020,0.4290975,1586,100,-4.8615,0.34,9.78,0.04,0.04,0.04,0.011961854609578215,2.75,0.62,0.04
1686,12024,0.4289075000000001,1587,100,-4.852500000000001,0.34,9.72,0.04,0.04,0.04,0.012730748092207424,2.76,0.62,0.04
1687,12030,0.4286225,1588,100,-4.852500000000001,0.34,9.71,0.04,0.04,0.04,0.013486657314075145,2.74,0.62,0.04
1688,12035,0.428385,1589,100,-5.041,0.33,9.65,0.05,0.05,0.05,0.01379121394225632,2.68,0.63,0.04
1689,12050,0.4276725,1590,100,-5.2545,0.32,9.73,0.05,0.05,0.05,0.013960024003612816,2.63,0.64,0.04
1690,12064,0.4270075000000001,1591,100,-5.275500000000001,0.32,9.83,0.05,0.05,0.05,0.014182987724139628,2.69,0.64,0.04
1691,12065,0.4269600000000001,1592,100,-5.2620000000000005,0.32,9.78,0.05,0.05,0.05,0.014164213583901488,2.64,0.64,0.04
1692,12072,0.42662750000000005,1593,100,-5.057,0.33,9.79,0.04,0.04,0.04,0.01455913440052434,2.67,0.63,0.04
1693,12093,0.42562999999999995,1594,100,-4.8870000000000005,0.34,9.92,0.04,0.04,0.04,0.014803055520318922,2.7,0.62,0.04
1694,12105,0.4250600000000001,1595,100,-5.087000000000001,0.33,9.95,0.04,0.04,0.04,0.014814532919186123,2.7,0.63,0.04
1695,12109,0.42486999999999997,1596,100,-5.0840000000000005,0.33,9.91,0.04,0.04,0.04,0.014674947080416561,2.69,0.63,0.04
1696,12118,0.42444250000000006,1597,100,-5.2935,0.32,9.94,0.05,0.05,0.05,0.014476141413215298,2.65,0.64,0.04
1697,12134,0.42368249999999996,1598,100,-5.281500000000001,0.32,9.86,0.05,0.05,0.05,0.01426111294653909,2.73,0.64,0.04
1698,12141,0.42335,1599,100,-5.271,0.32,9.81,0.05,0.05,0.05,0.013986015594164125,2.7,0.64,0.04
1699,12148,0.42301750000000005,1600,100,-5.0760000000000005,0.33,9.8,0.06,0.06,0.06,0.013632062630261111,2.72,0.63,0.04
1700,12167,0.422115,1601,100,-5.114000000000001,0.33,9.96,0.07,0.07,0.07,0.013111119446776542,2.8,0.63,0.04
1701,12170,0.4219725,1602,100,-5.12,0.33,9.98,0.07,0.07,0.07,0.012823808448821042,2.81,0.63,0.04
1702,12174,0.42178249999999995,1603,100,-5.3020000000000005,0.32,9.9,0.07,0.07,0.07,0.012600576935884279,2.7,0.64,0.04
1703,12176,0.4216875,1604,100,-5.075,0.33,9.81,0.07,0.07,0.07,0.012620196272278362,2.72,0.63,0.04
1704,12206,0.4202625000000001,1605,100,-5.132000000000001,0.33,10.02,0.07,0.07,0.07,0.01262432362366442,2.76,0.63,0.04
1705,12218,0.4196925,1606,100,-4.9575000000000005,0.34,10.12,0.07,0.07,0.07,0.012663443882156218,2.76,0.62,0.04
1706,12226,0.4193125000000001,1607,100,-5.159000000000001,0.33,10.14,0.07,0.07,0.07,0.012763554950615446,2.75,0.63,0.04
1707,12244,0.41845750000000004,1608,100,-5.168000000000001,0.33,10.23,0.07,0.07,0.07,0.012885391439707796,2.75,0.63,0.04
1708,12249,0.4182199999999999,1609,100,-4.974,0.34,10.24,0.07,0.07,0.07,0.012913710030425187,2.77,0.62,0.04
1709,12250,0.41817249999999995,1610,100,-5.132000000000001,0.33,10.06,0.07,0.07,0.07,0.012892545145904002,2.75,0.63,0.04
1710,12261,0.4176500000000001,1611,100,-4.9245,0.34,10.02,0.07,0.07,0.07,0.013016747157057106,2.72,0.62,0.04
1711,12268,0.4173175000000001,1612,100,-4.938000000000001,0.34,10.07,0.07,0.07,0.07,0.013144523521320783,2.72,0.62,0.04
1712,12272,0.4171275,1613,100,-4.921,0.34,10.03,0.06,0.06,0.06,0.013434067279292625,2.71,0.62,0.04
1713,12275,0.41698500000000005,1614,100,-4.761500000000001,0.35,9.76,0.06,0.06,0.06,0.013485174895534024,2.58,0.62,0.03
1714,12289,0.41632,1615,100,-4.9285000000000005,0.34,9.64,0.06,0.06,0.06,0.013540433735883387,2.58,0.63,0.03
1715,12290,0.41627249999999993,1616,100,-4.9255,0.34,9.63,0.06,0.06,0.06,0.013596676688006671,2.58,0.63,0.03
1716,12291,0.41622499999999996,1617,100,-5.085000000000001,0.33,9.44,0.06,0.06,0.06,0.013602039889205305,2.57,0.64,0.03
1717,12295,0.41603500000000004,1618,100,-4.867000000000001,0.34,9.36,0.06,0.06,0.06,0.013619037093328679,2.48,0.63,0.03
1718,12307,0.4154650000000001,1619,100,-4.6715,0.35,9.38,0.06,0.06,0.06,0.0136185568775262,2.51,0.62,0.03
1719,12308,0.4154175000000001,1620,100,-4.8445,0.34,9.24,0.06,0.06,0.06,0.013601086008212894,2.43,0.63,0.03
1720,12321,0.41480000000000006,1621,100,-4.814500000000001,0.34,9.1,0.06,0.06,0.06,0.013618225231047318,2.4,0.63,0.03
1721,12324,0.4146575,1622,100,-4.619000000000001,0.35,9.11,0.06,0.06,0.06,0.01364641517561634,2.42,0.62,0.03
1722,12332,0.41427749999999997,1623,100,-4.404,0.36,9.01,0.06,0.06,0.06,0.01367730640821631,2.44,0.61,0.03
1723,12351,0.41337499999999994,1624,100,-4.190500000000001,0.37,8.98,0.06,0.06,0.06,0.01378021619555097,2.28,0.6,0.03
1724,12352,0.41332749999999996,1625,100,-4.147,0.37,8.76,0.06,0.06,0.06,0.013785209968150816,2.27,0.6,0.03
1725,12355,0.413185,1626,100,-4.126000000000001,0.37,8.65,0.06,0.06,0.06,0.013895008708968138,2.3,0.6,0.03
1726,12360,0.4129475,1627,100,-4.126000000000001,0.37,8.63,0.06,0.06,0.06,0.013975718306130506,2.29,0.6,0.03
1727,12365,0.41271,1628,100,-4.314,0.36,8.61,0.06,0.06,0.06,0.013995355373832974,2.28,0.61,0.03
1728,12372,0.41237749999999995,1629,100,-4.323500000000001,0.36,8.63,0.07,0.07,0.07,0.013982152527450095,2.3,0.61,0.03
1729,12402,0.41095250000000005,1630,100,-4.2845,0.36,8.92,0.07,0.07,0.07,0.014013933523111487,2.5,0.6,0.04
1730,12422,0.41000250000000005,1631,100,-4.323500000000001,0.36,9.08,0.07,0.07,0.07,0.01398115755212072,2.67,0.6,0.04
1731,12424,0.4099075000000001,1632,100,-4.3020000000000005,0.36,9.01,0.06,0.06,0.06,0.013955420536978302,2.69,0.6,0.04
1732,12428,0.40971750000000007,1633,100,-4.0915,0.37,8.97,0.06,0.06,0.06,0.01397361924918335,2.7,0.59,0.04
1733,12452,0.4085774999999999,1634,100,-4.314,0.36,9.12,0.06,0.06,0.06,0.014073304959178,2.64,0.6,0.04
1734,12458,0.40829250000000006,1635,100,-4.117000000000001,0.37,9.13,0.06,0.06,0.06,0.014165956375415156,2.69,0.59,0.04
1735,12460,0.4081975,1636,100,-3.8645000000000005,0.38,8.85,0.06,0.06,0.06,0.014191123233713238,2.66,0.58,0.04
1736,12464,0.4080075000000001,1637,100,-3.6695000000000007,0.39,8.83,0.07,0.07,0.07,0.014266568314975778,2.67,0.57,0.04
1737,12468,0.40781750000000005,1638,100,-3.6290000000000004,0.39,8.66,0.07,0.07,0.07,0.014322730009038118,2.65,0.57,0.04
1738,12471,0.407675,1639,100,-3.6095000000000006,0.39,8.57,0.07,0.07,0.07,0.01440628639197439,2.66,0.57,0.04
1739,12472,0.40762750000000003,1640,100,-3.599,0.39,8.53,0.07,0.07,0.07,0.014439317055591346,2.62,0.57,0.04
1740,12475,0.407485,1641,100,-3.6005000000000007,0.39,8.53,0.07,0.07,0.07,0.014474509782236964,2.64,0.57,0.04
1741,12505,0.4060600000000001,1642,100,-3.5600000000000005,0.39,8.79,0.07,0.07,0.07,0.014575188762665068,2.84,0.56,0.05
1742,12515,0.405585,1643,100,-3.3765000000000005,0.4,8.85,0.07,0.07,0.07,0.014756942680727962,2.92,0.55,0.05
1743,12523,0.40520500000000004,1644,100,-3.3930000000000007,0.4,8.92,0.07,0.07,0.07,0.014927796691812847,2.96,0.55,0.05
1744,12530,0.4048725000000001,1645,100,-3.2020000000000004,0.41,8.95,0.07,0.07,0.07,0.015058922322390873,2.98,0.54,0.05
1745,12540,0.4043975000000001,1646,100,-3.0125000000000006,0.42,8.98,0.07,0.07,0.07,0.015189393604962959,3.06,0.53,0.05
1746,12544,0.40420750000000005,1647,100,-3.0035000000000007,0.42,8.94,0.07,0.07,0.07,0.015283903676902981,3.04,0.53,0.05
1747,12556,0.4036375,1648,100,-3.005000000000001,0.42,8.91,0.07,0.07,0.07,0.015363045855311784,3.1,0.53,0.05
1748,12560,0.40344750000000007,1649,100,-2.9925000000000006,0.42,8.88,0.06,0.06,0.06,0.01545319555123028,3.13,0.53,0.05
1749,12574,0.40278250000000004,1650,100,-2.8545000000000003,0.43,8.72,0.07,0.07,0.07,0.015532315125605886,2.89,0.53,0.04
1750,12583,0.402355,1651,100,-2.6770000000000005,0.44,8.8,0.07,0.07,0.07,0.015648768629588774,2.89,0.52,0.04
1751,12593,0.40188,1652,100,-2.6800000000000006,0.44,8.84,0.07,0.07,0.07,0.01573850396529799,2.93,0.52,0.04
1752,12614,0.40088250000000003,1653,100,-2.7130000000000005,0.44,8.99,0.07,0.07,0.07,0.015796932931128455,2.87,0.52,0.04
1753,12616,0.40078749999999996,1654,100,-2.908500000000001,0.43,8.97,0.07,0.07,0.07,0.015828689516650545,2.86,0.53,0.04
1754,12626,0.40031250000000007,1655,100,-2.9115,0.43,8.97,0.07,0.07,0.07,0.015861151990842107,2.91,0.53,0.04
1755,12635,0.39988500000000005,1656,100,-2.7100000000000004,0.44,8.95,0.07,0.07,0.07,0.015912599905948253,2.97,0.52,0.04
1756,12641,0.39960000000000007,1657,100,-2.7115000000000005,0.44,8.97,0.07,0.07,0.07,0.015958971692784013,2.96,0.52,0.04
1757,12647,0.3993150000000001,1658,100,-2.4965000000000006,0.45,8.9,0.07,0.07,0.07,0.016002398633049385,2.97,0.51,0.04
1758,12677,0.39788999999999997,1659,100,-2.4185000000000003,0.45,9.06,0.07,0.07,0.07,0.016052788930812568,3.26,0.5,0.05
1759,12691,0.39722500000000005,1660,100,-2.6320000000000006,0.44,9.11,0.07,0.07,0.07,0.016085246719564607,3.25,0.51,0.05
1760,12708,0.3964175000000001,1661,100,-2.6290000000000004,0.44,9.06,0.07,0.07,0.07,0.016121507748783,3.4,0.51,0.05
1761,12710,0.3963225,1662,100,-2.6080000000000005,0.44,8.95,0.07,0.07,0.07,0.016146748453468876,3.41,0.51,0.05
1762,12715,0.396085,1663,100,-2.4485000000000006,0.45,8.7,0.07,0.07,0.07,0.01616674032851295,3.38,0.51,0.04
1763,12726,0.39556250000000004,1664,100,-2.2710000000000004,0.46,8.79,0.07,0.07,0.07,0.016203905557319553,3.47,0.5,0.04
1764,12729,0.3954200000000001,1665,100,-2.053000000000001,0.47,8.7,0.07,0.07,0.07,0.01625817956410507,3.47,0.49,0.04
1765,12734,0.3951825,1666,100,-2.0515000000000008,0.47,8.68,0.07,0.07,0.07,0.01631049369589185,3.46,0.49,0.04
1766,12745,0.39466,1667,100,-2.2650000000000006,0.46,8.76,0.07,0.07,0.07,0.016405554363422906,3.46,0.5,0.04
1767,12748,0.3945175000000001,1668,100,-2.0625000000000004,0.47,8.72,0.08,0.08,0.08,0.016683396994476442,3.41,0.49,0.04
1768,12755,0.394185,1669,100,-2.0640000000000005,0.47,8.72,0.08,0.08,0.08,0.016820726993434766,3.41,0.49,0.04
1769,12762,0.39385250000000005,1670,100,-1.8790000000000007,0.48,8.77,0.08,0.08,0.08,0.01694238489501135,3.4,0.48,0.04
1770,12769,0.3935200000000001,1671,100,-1.8825000000000005,0.48,8.75,0.09,0.09,0.09,0.01696887620412465,3.39,0.48,0.04
1771,12785,0.39276,1672,100,-1.9080000000000006,0.48,8.85,0.09,0.09,0.09,0.016938588784184073,3.49,0.48,0.04
1772,12789,0.3925700000000001,1673,100,-1.9125000000000005,0.48,8.87,0.09,0.09,0.09,0.01699682049766718,3.51,0.48,0.04
1773,12795,0.392285,1674,100,-1.9190000000000007,0.48,8.87,0.1,0.1,0.1,0.01707943965994357,3.52,0.48,0.04
1774,12808,0.39166750000000006,1675,100,-1.7135000000000005,0.49,8.81,0.11,0.11,0.11,0.017269178714272658,3.54,0.47,0.04
1775,12810,0.3915725000000001,1676,100,-1.7510000000000006,0.49,8.53,0.11,0.11,0.11,0.017448851634805803,3.5,0.48,0.03
1776,12821,0.39105,1677,100,-1.5600000000000005,0.5,8.57,0.11,0.11,0.11,0.01788247777151205,3.51,0.47,0.03
1777,12828,0.39071750000000005,1678,100,-1.5635000000000006,0.5,8.58,0.12,0.12,0.12,0.018171132987031574,3.5,0.47,0.03
1778,12838,0.39024250000000005,1679,100,-1.5545000000000004,0.5,8.56,0.12,0.12,0.12,0.018286426147927394,3.49,0.47,0.03
1779,12839,0.39019499999999996,1680,100,-1.5350000000000006,0.5,8.47,0.12,0.12,0.12,0.01878780481220861,3.49,0.47,0.03
1780,12841,0.3901,1681,100,-1.3365000000000007,0.51,8.48,0.12,0.12,0.12,0.018980489972063204,3.5,0.46,0.03
1781,12846,0.3898625,1682,100,-1.3275000000000006,0.51,8.44,0.12,0.12,0.12,0.01880196382872674,3.43,0.46,0.03
1782,12859,0.38924499999999995,1683,100,-1.3470000000000004,0.51,8.54,0.12,0.12,0.12,0.017942000719774132,3.55,0.46,0.03
1783,12866,0.3889125,1684,100,-1.3595000000000004,0.51,8.58,0.13,0.13,0.13,0.017683955639877992,3.56,0.46,0.03
1784,12871,0.3886750000000001,1685,100,-1.3705000000000007,0.51,8.59,0.14,0.14,0.14,0.016407742111289578,3.53,0.46,0.03
1785,12901,0.38725,1686,100,-1.5105000000000006,0.5,8.81,0.14,0.14,0.14,0.015247121623451217,3.56,0.46,0.04
1786,12902,0.3872025,1687,100,-1.5015000000000007,0.5,8.78,0.14,0.14,0.14,0.01434176017783056,3.55,0.46,0.04
1787,12908,0.3869175,1688,100,-1.2955000000000008,0.51,8.78,0.14,0.14,0.14,0.013526849979346323,3.55,0.45,0.04
1788,12914,0.38663250000000005,1689,100,-1.2920000000000007,0.51,8.79,0.13,0.13,0.13,0.013106903036014193,3.58,0.45,0.04
1789,12944,0.38520750000000004,1690,100,-1.2305000000000006,0.51,8.94,0.13,0.13,0.13,0.01277347030308813,3.78,0.44,0.05
1790,12954,0.38473250000000003,1691,100,-1.2275000000000005,0.51,8.9,0.13,0.13,0.13,0.012459012476572207,3.71,0.44,0.05
1791,12961,0.38439999999999996,1692,100,-1.0440000000000007,0.52,8.96,0.13,0.13,0.13,0.012443960345328091,3.75,0.43,0.05
1792,12969,0.38402000000000003,1693,100,-1.0500000000000005,0.52,8.97,0.13,0.13,0.13,0.012045816426941565,3.73,0.43,0.05
1793,12972,0.3838775000000001,1694,100,-1.2080000000000006,0.51,8.79,0.13,0.13,0.13,0.011800702089776478,3.67,0.44,0.05
1794,12977,0.38364,1695,100,-0.9945000000000006,0.52,8.72,0.13,0.13,0.13,0.011705290004555639,3.68,0.43,0.05
1795,12984,0.3833075,1696,100,-0.9975000000000007,0.52,8.75,0.13,0.13,0.13,0.011704031637664723,3.72,0.43,0.05
1796,12996,0.38273749999999995,1697,100,-1.0000000000000007,0.52,8.78,0.12,0.12,0.12,0.011668421582980436,3.72,0.43,0.05
1797,13005,0.38231000000000004,1698,100,-1.1820000000000006,0.51,8.71,0.12,0.12,0.12,0.01177631373089903,3.63,0.44,0.05
1798,13010,0.38207250000000004,1699,100,-1.1775000000000007,0.51,8.69,0.12,0.12,0.12,0.01192080036030316,3.62,0.44,0.05
1799,13013,0.3819300000000001,1700,100,-1.1635000000000006,0.51,8.65,0.11,0.11,0.11,0.012059820868059245,3.6,0.44,0.05
1800,13017,0.38173999999999997,1701,100,-0.9285000000000007,0.52,8.5,0.1,0.1,0.1,0.01215954720820451,3.54,0.43,0.05
1801,13022,0.38150249999999997,1702,100,-0.7345000000000006,0.53,8.52,0.1,0.1,0.1,0.012216631965107862,3.56,0.42,0.05
1802,13031,0.38107500000000005,1703,100,-0.5480000000000006,0.54,8.57,0.1,0.1,0.1,0.012378351047432214,3.56,0.41,0.05
1803,13038,0.3807425,1704,100,-0.5630000000000006,0.54,8.62,0.1,0.1,0.1,0.012472713760961809,3.56,0.41,0.05
1804,13041,0.38060000000000005,1705,100,-0.5005000000000007,0.54,8.35,0.11,0.11,0.11,0.012612032234986963,3.52,0.41,0.05
1805,13050,0.3801725,1706,100,-0.49500000000000066,0.54,8.32,0.12,0.12,0.12,0.012715615065426907,3.53,0.41,0.05
1806,13053,0.3800300000000001,1707,100,-0.48750000000000066,0.54,8.27,0.12,0.12,0.12,0.012747050626482846,3.5,0.41,0.05
1807,13058,0.3797925,1708,100,-0.2665000000000007,0.55,8.14,0.12,0.12,0.12,0.012767694546525502,3.51,0.4,0.05
1808,13062,0.37960250000000006,1709,100,-0.2685000000000007,0.55,8.13,0.13,0.13,0.13,0.012862155017593078,3.48,0.4,0.05
1809,13071,0.37917500000000004,1710,100,-0.08800000000000069,0.56,8.21,0.13,0.13,0.13,0.0129507855747568,3.49,0.39,0.05
1810,13074,0.3790325000000001,1711,100,-0.06400000000000068,0.56,8.13,0.13,0.13,0.13,0.012865921182345837,3.42,0.39,0.05
1811,13076,0.3789374999999999,1712,100,-0.04900000000000068,0.56,8.08,0.13,0.13,0.13,0.012813049500196879,3.42,0.39,0.05
1812,13087,0.37841500000000006,1713,100,0.1329999999999993,0.57,8.15,0.13,0.13,0.13,0.012655951852193146,3.46,0.38,0.05
1813,13094,0.3780825000000001,1714,100,0.1209999999999993,0.57,8.19,0.13,0.13,0.13,0.012753595373452728,3.46,0.38,0.05
1814,13097,0.37793999999999994,1715,100,0.3449999999999993,0.58,8.08,0.13,0.13,0.13,0.01279972478484961,3.44,0.37,0.05
1815,13103,0.37765499999999996,1716,100,0.33299999999999935,0.58,8.13,0.13,0.13,0.13,0.012838384670996194,3.44,0.37,0.05
1816,13109,0.3773700000000001,1717,100,0.5239999999999994,0.59,8.18,0.13,0.13,0.13,0.01291812526886267,3.45,0.36,0.05
1817,13114,0.3771325000000001,1718,100,0.5194999999999993,0.59,8.19,0.13,0.13,0.13,0.012999741972167134,3.45,0.36,0.05
1818,13115,0.3770850000000001,1719,100,0.3434999999999993,0.58,8.08,0.13,0.13,0.13,0.013109268520740569,3.42,0.37,0.05
1819,13116,0.3770375,1720,100,0.3434999999999993,0.58,8.08,0.13,0.13,0.13,0.013221572053400577,3.41,0.37,0.05
1820,13127,0.37651500000000004,1721,100,0.3419999999999993,0.58,8.06,0.13,0.13,0.13,0.013293249728063707,3.41,0.37,0.05
1821,13138,0.37599249999999995,1722,100,0.31299999999999933,0.58,8.14,0.14,0.14,0.14,0.013351215678172773,3.4,0.37,0.05
1822,13142,0.37580250000000004,1723,100,0.32199999999999934,0.58,8.1,0.14,0.14,0.14,0.01339002437210747,3.39,0.37,0.05
1823,13143,0.37575500000000006,1724,100,0.15949999999999934,0.57,7.92,0.14,0.14,0.14,0.013523611367729711,3.36,0.38,0.05
1824,13147,0.37556500000000004,1725,100,0.3504999999999993,0.58,7.95,0.14,0.14,0.14,0.0136234739302222,3.37,0.37,0.05
1825,13148,0.37551750000000006,1726,100,0.3564999999999994,0.58,7.93,0.14,0.14,0.14,0.013629694311308272,3.34,0.37,0.05
1826,13152,0.37532750000000004,1727,100,0.15599999999999933,0.57,7.92,0.15,0.15,0.15,0.013662980155913686,3.31,0.38,0.05
1827,13161,0.3749,1728,100,0.3394999999999993,0.58,7.96,0.15,0.15,0.15,0.013701116897991455,3.34,0.37,0.05
1828,13170,0.3744725000000001,1729,100,0.3384999999999993,0.58,7.98,0.14,0.14,0.14,0.01373506495399953,3.32,0.37,0.05
1829,13179,0.37404499999999996,1730,100,0.4844999999999993,0.59,7.77,0.14,0.14,0.14,0.013780195654570993,3.19,0.37,0.04
1830,13183,0.37385500000000005,1731,100,0.5249999999999994,0.59,7.61,0.14,0.14,0.14,0.013878670228264231,3.04,0.37,0.04
1831,13186,0.3737125,1732,100,0.7169999999999993,0.6,7.62,0.15,0.15,0.15,0.014030739514629915,3.03,0.36,0.04
1832,13189,0.37357000000000007,1733,100,0.7184999999999994,0.6,7.61,0.15,0.15,0.15,0.01413806183629135,3.03,0.36,0.04
1833,13214,0.37238250000000006,1734,100,0.9109999999999994,0.61,7.62,0.15,0.15,0.15,0.014164825991668519,3.25,0.35,0.04
1834,13219,0.37214499999999995,1735,100,0.9089999999999994,0.61,7.61,0.16,0.16,0.16,0.014198243865063506,3.21,0.35,0.04
1835,13222,0.3720025,1736,100,0.7059999999999994,0.6,7.62,0.16,0.16,0.16,0.014277184471584327,3.2,0.36,0.04
1836,13225,0.37185999999999997,1737,100,0.7139999999999993,0.6,7.61,0.15,0.15,0.15,0.014312427705017321,3.22,0.36,0.04
1837,13227,0.371765,1738,100,0.7199999999999994,0.6,7.59,0.15,0.15,0.15,0.01437069151769712,3.2,0.36,0.04
1838,13234,0.37143250000000005,1739,100,0.7109999999999994,0.6,7.63,0.15,0.15,0.15,0.014376181249614189,3.2,0.36,0.04
1839,13242,0.3710525,1740,100,0.8974999999999994,0.61,7.7,0.15,0.15,0.15,0.014421345921806375,3.27,0.35,0.04
1840,13248,0.3707675,1741,100,1.0914999999999992,0.62,7.73,0.15,0.15,0.15,0.014466869472167769,3.28,0.34,0.04
1841,13256,0.3703875000000001,1742,100,1.0389999999999993,0.62,7.51,0.15,0.15,0.15,0.014478746640991422,3.09,0.35,0.03
1842,13265,0.36996000000000007,1743,100,1.0449999999999995,0.62,7.5,0.15,0.15,0.15,0.014398809406884433,3.07,0.35,0.03
1843,13273,0.36958,1744,100,1.2434999999999994,0.63,7.5,0.15,0.15,0.15,0.01431261192166847,3.1,0.34,0.03
1844,13274,0.36953250000000004,1745,100,1.0584999999999993,0.62,7.44,0.15,0.15,0.15,0.01422381470070821,3.09,0.35,0.03
1845,13279,0.36929500000000004,1746,100,0.8674999999999994,0.61,7.39,0.15,0.15,0.15,0.014157830699790685,3.06,0.36,0.03
1846,13283,0.369105,1747,100,0.8674999999999994,0.61,7.39,0.15,0.15,0.15,0.014106920560101464,3.06,0.36,0.03
1847,13289,0.36882000000000004,1748,100,1.0854999999999995,0.62,7.33,0.15,0.15,0.15,0.014093833543881572,3.02,0.35,0.03
1848,13300,0.36829749999999994,1749,100,1.2689999999999995,0.63,7.4,0.15,0.15,0.15,0.014085071639086509,3.1,0.34,0.03
1849,13303,0.368155,1750,100,1.2979999999999996,0.63,7.29,0.14,0.14,0.14,0.01406978710283533,3.08,0.34,0.03
1850,13304,0.36810750000000003,1751,100,1.1204999999999994,0.62,7.21,0.14,0.14,0.14,0.01401195066916971,3.09,0.35,0.03
1851,13307,0.367965,1752,100,1.1324999999999994,0.62,7.14,0.14,0.14,0.14,0.01398341386639107,3.07,0.35,0.03
1852,13310,0.36782250000000005,1753,100,1.3699999999999994,0.63,6.96,0.14,0.14,0.14,0.013976396260985237,3.09,0.34,0.03
1853,13314,0.36763250000000003,1754,100,1.5639999999999994,0.64,6.98,0.14,0.14,0.14,0.014011224660060433,3.1,0.33,0.03
1854,13321,0.36729999999999996,1755,100,1.5634999999999994,0.64,6.95,0.15,0.15,0.15,0.0140321734788787,3.04,0.33,0.03
1855,13325,0.36711000000000005,1756,100,1.5739999999999994,0.64,6.9,0.15,0.15,0.15,0.014037493199116317,3.02,0.33,0.03
1856,13327,0.367015,1757,100,1.3814999999999995,0.63,6.86,0.15,0.15,0.15,0.01404094987696976,3.01,0.34,0.03
1857,13336,0.36658750000000007,1758,100,1.3704999999999996,0.63,6.89,0.16,0.16,0.16,0.014062889327689463,3.07,0.34,0.03
1858,13341,0.36634999999999995,1759,100,1.5134999999999994,0.64,6.64,0.16,0.16,0.16,0.014077379707874187,2.8,0.34,0.02
1859,13345,0.36616000000000004,1760,100,1.7344999999999993,0.65,6.54,0.16,0.16,0.16,0.01411042310316966,2.83,0.33,0.02
1860,13357,0.3655900000000001,1761,100,1.9399999999999995,0.66,6.49,0.17,0.17,0.17,0.01414091666552139,2.77,0.32,0.02
1861,13364,0.3652575,1762,100,2.1214999999999993,0.67,6.54,0.18,0.18,0.18,0.014179699042982628,2.79,0.31,0.02
1862,13370,0.36497250000000003,1763,100,2.116999999999999,0.67,6.55,0.18,0.18,0.18,0.014228477814560651,2.82,0.31,0.02
1863,13374,0.3647825,1764,100,1.9319999999999993,0.66,6.48,0.18,0.18,0.18,0.014250331479852744,2.73,0.32,0.02
1864,13382,0.36440249999999996,1765,100,1.9199999999999995,0.66,6.53,0.18,0.18,0.18,0.014253471293438574,2.74,0.32,0.02
1865,13390,0.3640225,1766,100,2.1044999999999994,0.67,6.56,0.19,0.19,0.19,0.014265729318557654,2.78,0.31,0.02
1866,13393,0.3638800000000001,1767,100,2.1179999999999994,0.67,6.48,0.19,0.19,0.19,0.014221775918720526,2.8,0.31,0.02
1867,13398,0.3636425000000001,1768,100,2.118499999999999,0.67,6.5,0.18,0.18,0.18,0.014000549099240065,2.81,0.31,0.02
1868,13401,0.36350000000000005,1769,100,1.9259999999999993,0.66,6.46,0.18,0.18,0.18,0.013914331648907284,2.81,0.32,0.02
1869,13403,0.363405,1770,100,1.7409999999999994,0.65,6.41,0.18,0.18,0.18,0.013860497162487148,2.8,0.33,0.02
1870,13407,0.36321500000000007,1771,100,1.7549999999999994,0.65,6.38,0.17,0.17,0.17,0.013866312353282426,2.83,0.33,0.02
1871,13415,0.362835,1772,100,1.7694999999999994,0.65,6.3,0.18,0.18,0.18,0.013871959321921184,2.71,0.33,0.02
1872,13418,0.3626925000000001,1773,100,1.7709999999999995,0.65,6.29,0.18,0.18,0.18,0.013824916139499708,2.71,0.33,0.02
1873,13421,0.36255000000000004,1774,100,1.7834999999999994,0.65,6.26,0.17,0.17,0.17,0.013746720958910996,2.7,0.33,0.02
1874,13424,0.3624075,1775,100,1.6094999999999993,0.64,6.16,0.16,0.16,0.16,0.013552998344155189,2.7,0.34,0.02
1875,13429,0.36217,1776,100,1.8004999999999993,0.65,6.19,0.16,0.16,0.16,0.013358678897584018,2.71,0.33,0.02
1876,13436,0.36183750000000003,1777,100,1.8049999999999995,0.65,6.15,0.16,0.16,0.16,0.012879660170435896,2.71,0.33,0.02
1877,13441,0.36160000000000003,1778,100,1.6064999999999992,0.64,6.13,0.16,0.16,0.16,0.012501048275845384,2.71,0.34,0.02
1878,13448,0.3612675000000001,1779,100,1.6109999999999993,0.64,6.1,0.16,0.16,0.16,0.012330487395015138,2.73,0.34,0.02
1879,13451,0.36112500000000003,1780,100,1.806499999999999,0.65,6.12,0.16,0.16,0.16,0.01173328265361416,2.75,0.33,0.02
1880,13460,0.3606975,1781,100,1.7944999999999993,0.65,6.19,0.16,0.16,0.16,0.011583735680206892,2.82,0.33,0.02
1881,13463,0.36055499999999996,1782,100,1.5974999999999995,0.64,6.17,0.16,0.16,0.16,0.011636475692812877,2.81,0.34,0.02
1882,13467,0.36036500000000005,1783,100,1.6139999999999992,0.64,6.08,0.16,0.16,0.16,0.011819022581147696,2.72,0.34,0.02
1883,13471,0.360175,1784,100,1.6234999999999993,0.64,6.05,0.15,0.15,0.15,0.011959144634294592,2.71,0.34,0.02
1884,13479,0.359795,1785,100,1.8174999999999994,0.65,6.08,0.15,0.15,0.15,0.012117032716150665,2.75,0.33,0.02
1885,13484,0.3595575,1786,100,1.9634999999999994,0.66,5.83,0.15,0.15,0.15,0.01217616382212436,2.75,0.33,0.01
1886,13488,0.35936750000000006,1787,100,2.154499999999999,0.67,5.86,0.15,0.15,0.15,0.012252211234709827,2.78,0.32,0.01
1887,13497,0.35894000000000004,1788,100,2.1439999999999997,0.67,5.89,0.15,0.15,0.15,0.012323483484690138,2.84,0.32,0.01
1888,13501,0.35875,1789,100,2.3389999999999995,0.68,5.87,0.16,0.16,0.16,0.012534624692333612,2.8,0.31,0.01
1889,13513,0.35818000000000005,1790,100,2.4819999999999993,0.69,5.69,0.16,0.16,0.16,0.01298138851374549,2.69,0.31,0.0
1890,13518,0.35794250000000005,1791,100,2.5014999999999996,0.69,5.64,0.16,0.16,0.16,0.013292295857613656,2.73,0.31,0.0
1891,13523,0.35770500000000005,1792,100,2.305999999999999,0.68,5.62,0.16,0.16,0.16,0.013503976455106283,2.7,0.32,0.0
1892,13527,0.357515,1793,100,2.3164999999999996,0.68,5.58,0.16,0.16,0.16,0.013725049058123375,2.69,0.32,0.0
1893,13539,0.35694500000000007,1794,100,2.4874999999999994,0.69,5.67,0.17,0.17,0.17,0.01391315375779961,2.72,0.31,0.0
1894,13543,0.35675500000000004,1795,100,2.2889999999999997,0.68,5.66,0.17,0.17,0.17,0.014072580029715048,2.71,0.32,0.0
1895,13549,0.35647000000000006,1796,100,2.4889999999999994,0.69,5.65,0.17,0.17,0.17,0.014186310550456794,2.7,0.31,0.0
1896,13555,0.3561850000000001,1797,100,2.5024999999999995,0.69,5.59,0.17,0.17,0.17,0.014317258761950075,2.7,0.31,0.0
1897,13558,0.35604250000000004,1798,100,2.5144999999999995,0.69,5.53,0.17,0.17,0.17,0.014320601493909364,2.67,0.31,0.0
1898,13571,0.355425,1799,100,2.4974999999999996,0.69,5.61,0.18,0.18,0.18,0.014315984969744873,2.77,0.31,0.0
1899,13575,0.3552350000000001,1800,100,2.4944999999999995,0.69,5.62,0.18,0.18,0.18,0.014282841127152036,2.76,0.31,0.0
1900,13579,0.35504500000000005,1801,100,2.2929999999999993,0.68,5.62,0.18,0.18,0.18,0.014276040451387357,2.75,0.32,0.0
1901,13590,0.3545225000000001,1802,100,2.2869999999999995,0.68,5.68,0.18,0.18,0.18,0.014257691771424875,2.81,0.32,0.0
1902,13599,0.35409500000000005,1803,100,2.2869999999999995,0.68,5.68,0.18,0.18,0.18,0.01420674744353069,2.85,0.32,0.0
1903,13606,0.3537625,1804,100,2.2914999999999996,0.68,5.68,0.18,0.18,0.18,0.01417772974976842,2.88,0.32,0.0
1904,13634,0.35243250000000004,1805,100,2.4499999999999993,0.69,5.93,0.17,0.17,0.17,0.014154825747549869,3.13,0.31,0.0
1905,13638,0.3522425000000001,1806,100,2.2639999999999993,0.68,5.88,0.16,0.16,0.16,0.014237520747423507,3.12,0.32,0.0
1906,13641,0.35209999999999997,1807,100,2.2639999999999993,0.68,5.88,0.16,0.16,0.16,0.01496393168957565,3.12,0.32,0.0
1907,13648,0.3517675,1808,100,2.2564999999999995,0.68,5.9,0.16,0.16,0.16,0.015629030419518176,3.12,0.32,0.0
1908,13655,0.35143500000000005,1809,100,2.255499999999999,0.68,5.93,0.15,0.15,0.15,0.016893766274281182,3.13,0.32,0.0
1909,13666,0.35091249999999996,1810,100,2.255499999999999,0.68,5.95,0.15,0.15,0.15,0.017422322217469675,3.22,0.32,0.0
1910,13668,0.3508175,1811,100,2.0569999999999995,0.67,5.94,0.15,0.15,0.15,0.01841051610754953,3.19,0.33,0.0
1911,13672,0.3506275000000001,1812,100,2.0509999999999993,0.67,5.96,0.15,0.15,0.15,0.0188884891579874,3.21,0.33,0.0
1912,13676,0.35043750000000007,1813,100,2.0644999999999993,0.67,5.89,0.15,0.15,0.15,0.019173301400118737,3.2,0.33,0.0
1913,13690,0.34977250000000004,1814,100,2.0489999999999995,0.67,5.96,0.16,0.16,0.16,0.019415865280034385,3.29,0.33,0.0
1914,13702,0.34920249999999997,1815,100,2.0234999999999994,0.67,6.05,0.16,0.16,0.16,0.01963741420953447,3.32,0.33,0.0
1915,13708,0.3489175,1816,100,2.2199999999999993,0.68,6.05,0.17,0.17,0.17,0.019675317152393106,3.37,0.32,0.0
1916,13721,0.34829999999999994,1817,100,2.1939999999999995,0.68,6.12,0.18,0.18,0.18,0.019761403762223753,3.44,0.32,0.0
1917,13724,0.3481575,1818,100,2.1999999999999993,0.68,6.1,0.18,0.18,0.18,0.01978731094032271,3.44,0.32,0.0
1918,13730,0.34787250000000003,1819,100,2.3879999999999995,0.69,6.15,0.18,0.18,0.18,0.019772097542370293,3.49,0.31,0.0
1919,13737,0.34754000000000007,1820,100,2.5729999999999995,0.7,6.21,0.18,0.18,0.18,0.01979616428275116,3.52,0.3,0.0
1920,13742,0.34730249999999996,1821,100,2.7879999999999994,0.71,6.15,0.18,0.18,0.18,0.0198035117693257,3.55,0.29,0.0
1921,13750,0.3469225,1822,100,2.803499999999999,0.71,6.12,0.17,0.17,0.17,0.019837159145438342,3.59,0.29,0.0
1922,13753,0.3467800000000001,1823,100,2.8064999999999993,0.71,6.11,0.17,0.17,0.17,0.019894782045593404,3.59,0.29,0.0
1923,13766,0.34616250000000004,1824,100,2.9854999999999996,0.72,6.23,0.17,0.17,0.17,0.01976782480343122,3.71,0.28,0.0
1924,13769,0.34602,1825,100,2.9884999999999993,0.72,6.22,0.17,0.17,0.17,0.01984917253809858,3.71,0.28,0.0
1925,13776,0.34568750000000004,1826,100,3.173499999999999,0.73,6.28,0.17,0.17,0.17,0.019821769245453282,3.75,0.27,0.0
1926,13787,0.34516500000000006,1827,100,3.358999999999999,0.74,6.35,0.16,0.16,0.16,0.019804116387150607,3.77,0.26,0.0
1927,13793,0.3448800000000001,1828,100,3.370999999999999,0.74,6.32,0.16,0.16,0.16,0.01976958413352015,3.78,0.26,0.0
1928,13823,0.34345499999999995,1829,100,3.3409999999999993,0.74,6.53,0.16,0.16,0.16,0.01976637096720918,4.04,0.26,0.0
1929,13841,0.3426000000000001,1830,100,3.3169999999999993,0.74,6.62,0.16,0.16,0.16,0.019756939115026184,4.07,0.26,0.0
1930,13871,0.341175,1831,100,3.1754999999999995,0.73,6.88,0.16,0.16,0.16,0.019696235616404403,4.33,0.26,0.01
1931,13872,0.34112750000000003,1832,100,2.986499999999999,0.72,6.86,0.15,0.15,0.15,0.019718755977251715,4.32,0.27,0.01
1932,13874,0.34103250000000007,1833,100,2.989499999999999,0.72,6.85,0.15,0.15,0.15,0.019757746191097884,4.32,0.27,0.01
1933,13882,0.34065250000000014,1834,100,3.0174999999999996,0.72,6.68,0.16,0.16,0.16,0.01977652837234409,4.12,0.27,0.01
1934,13885,0.34051,1835,100,3.0284999999999993,0.72,6.66,0.15,0.15,0.15,0.019772479742369765,4.12,0.27,0.01
1935,13890,0.3402725,1836,100,3.2239999999999993,0.73,6.68,0.15,0.15,0.15,0.01995613161124459,4.15,0.26,0.01
1936,13896,0.3399875,1837,100,3.0114999999999994,0.72,6.71,0.16,0.16,0.16,0.020481473604442392,4.12,0.27,0.01
1937,13897,0.33994,1838,100,3.0144999999999995,0.72,6.7,0.16,0.16,0.16,0.020485514142775746,4.12,0.27,0.01
1938,13900,0.3397975000000001,1839,100,3.023499999999999,0.72,6.66,0.16,0.16,0.16,0.02134543837962044,4.1,0.27,0.01
1939,13903,0.33965499999999993,1840,100,3.0309999999999993,0.72,6.61,0.16,0.16,0.16,0.021671643995040336,4.04,0.27,0.01
1940,13905,0.33956,1841,100,2.8399999999999994,0.71,6.57,0.16,0.16,0.16,0.021746928321489372,4.03,0.28,0.01
1941,13911,0.339275,1842,100,3.045999999999999,0.72,6.55,0.16,0.16,0.16,0.022242868502916076,4.05,0.27,0.01
1942,13915,0.3390850000000001,1843,100,3.053499999999999,0.72,6.5,0.16,0.16,0.16,0.022710301198874423,4.0,0.27,0.01
1943,13925,0.33860999999999997,1844,100,3.051999999999999,0.72,6.52,0.16,0.16,0.16,0.02279475892253109,4.01,0.27,0.01
1944,13949,0.33747000000000005,1845,100,3.1989999999999994,0.73,6.75,0.17,0.17,0.17,0.022920494088897306,4.19,0.26,0.01
1945,13956,0.3371375000000001,1846,100,3.398999999999999,0.74,6.77,0.17,0.17,0.17,0.02293138882543848,4.19,0.25,0.01
1946,13961,0.3369000000000001,1847,100,3.3974999999999995,0.74,6.78,0.17,0.17,0.17,0.022995625420501015,4.21,0.25,0.01
1947,13976,0.3361875000000001,1848,100,3.3824999999999994,0.74,6.87,0.17,0.17,0.17,0.022996367497552364,4.28,0.25,0.01
1948,13983,0.335855,1849,100,3.388499999999999,0.74,6.83,0.17,0.17,0.17,0.022997955795088502,4.21,0.25,0.01
1949,13989,0.33557000000000003,1850,100,3.3824999999999994,0.74,6.86,0.17,0.17,0.17,0.02303052681065757,4.24,0.25,0.01
1950,13999,0.33509500000000003,1851,100,3.5599999999999996,0.75,6.95,0.17,0.17,0.17,0.02304888431993906,4.3,0.24,0.01
1951,14005,0.33480999999999994,1852,100,3.5524999999999993,0.75,6.98,0.17,0.17,0.17,0.023543910558822594,4.3,0.24,0.01
1952,14010,0.33457250000000005,1853,100,3.341499999999999,0.74,7.0,0.18,0.18,0.18,0.02401753844586794,4.3,0.25,0.01
1953,14014,0.3343825,1854,100,3.341499999999999,0.74,7.0,0.18,0.18,0.18,0.02444152181977999,4.32,0.25,0.01
1954,14029,0.33367,1855,100,3.5344999999999995,0.75,7.08,0.17,0.17,0.17,0.024876933362655774,4.44,0.24,0.01
1955,14031,0.33357500000000007,1856,100,3.338999999999999,0.74,7.06,0.17,0.17,0.17,0.025281281847827568,4.4,0.25,0.01
1956,14041,0.33310000000000006,1857,100,3.5179999999999993,0.75,7.14,0.17,0.17,0.17,0.025671749044530526,4.46,0.24,0.01
1957,14056,0.33238750000000006,1858,100,3.5109999999999992,0.75,7.2,0.16,0.16,0.16,0.02595067230613076,4.52,0.24,0.01
1958,14065,0.33196000000000003,1859,100,3.5049999999999994,0.75,7.24,0.16,0.16,0.16,0.02621805906483077,4.56,0.24,0.01
1959,14074,0.3315325,1860,100,3.4929999999999994,0.75,7.29,0.16,0.16,0.16,0.026599799504358753,4.57,0.24,0.01
1960,14075,0.33148500000000003,1861,100,3.3204999999999996,0.74,7.18,0.15,0.15,0.15,0.02669269129239128,4.48,0.25,0.01
1961,14084,0.3310575,1862,100,3.3194999999999992,0.74,7.2,0.14,0.14,0.14,0.027043915602111734,4.51,0.25,0.01
1962,14090,0.3307725,1863,100,3.1194999999999995,0.73,7.2,0.14,0.14,0.14,0.02730052931626654,4.48,0.26,0.01
1963,14092,0.33067750000000007,1864,100,3.1254999999999997,0.73,7.18,0.14,0.14,0.14,0.02757542411374255,4.49,0.26,0.01
1964,14098,0.3303925000000001,1865,100,3.1299999999999994,0.73,7.16,0.14,0.14,0.14,0.02784544742166081,4.49,0.26,0.01
1965,14111,0.32977500000000004,1866,100,3.1334999999999993,0.73,7.21,0.13,0.13,0.13,0.027976423218555625,4.48,0.26,0.01
1966,14117,0.32949000000000006,1867,100,3.324499999999999,0.74,7.24,0.13,0.13,0.13,0.028090707484962917,4.46,0.25,0.01
1967,14121,0.32930000000000004,1868,100,3.1274999999999995,0.73,7.23,0.13,0.13,0.13,0.028172631314354515,4.47,0.26,0.01
1968,14135,0.328635,1869,100,3.301499999999999,0.74,7.34,0.14,0.14,0.14,0.028312313946782002,4.57,0.25,0.01
1969,14142,0.32830250000000005,1870,100,3.4879999999999995,0.75,7.39,0.14,0.14,0.14,0.028455789212223727,4.6,0.24,0.01
1970,14147,0.32806499999999994,1871,100,3.486499999999999,0.75,7.4,0.14,0.14,0.14,0.028590942534704348,4.61,0.24,0.01
1971,14150,0.3279225,1872,100,3.503499999999999,0.75,7.35,0.13,0.13,0.13,0.028768351299425243,4.61,0.24,0.01
1972,14160,0.3274475000000001,1873,100,3.4929999999999994,0.75,7.42,0.13,0.13,0.13,0.028929854563174425,4.66,0.24,0.01
1973,14170,0.3269725,1874,100,3.6779999999999995,0.76,7.49,0.13,0.13,0.13,0.029156309763327518,4.67,0.23,0.01
1974,14178,0.32659250000000006,1875,100,3.6719999999999993,0.76,7.54,0.13,0.13,0.13,0.029334121241436927,4.65,0.23,0.01
1975,14181,0.32645,1876,100,3.676499999999999,0.76,7.52,0.13,0.13,0.13,0.029457755297625093,4.65,0.23,0.01
1976,14187,0.32616500000000004,1877,100,3.680999999999999,0.76,7.51,0.13,0.13,0.13,0.02967013326090229,4.67,0.23,0.01
1977,14194,0.3258325000000001,1878,100,3.6799999999999993,0.76,7.53,0.12,0.12,0.12,0.029774574700635204,4.68,0.23,0.01
1978,14208,0.32516749999999994,1879,100,3.6604999999999994,0.76,7.6,0.12,0.12,0.12,0.029890415659864843,4.69,0.23,0.01
1979,14214,0.3248825000000001,1880,100,3.6499999999999995,0.76,7.63,0.12,0.12,0.12,0.030085942884045442,4.68,0.23,0.01
1980,14244,0.32345750000000006,1881,100,3.5174999999999996,0.75,7.84,0.12,0.12,0.12,0.030188572916892763,4.9,0.23,0.02
1981,14255,0.3229350000000001,1882,100,3.699499999999999,0.76,7.92,0.12,0.12,0.12,0.03018923180249682,4.92,0.22,0.02
1982,14256,0.3228875,1883,100,3.708499999999999,0.76,7.89,0.12,0.12,0.12,0.030099093183662502,4.89,0.22,0.02
1983,14267,0.322365,1884,100,3.886999999999999,0.77,7.96,0.13,0.13,0.13,0.030025117917239427,4.94,0.21,0.02
1984,14276,0.3219375,1885,100,3.8904999999999994,0.77,7.97,0.12,0.12,0.12,0.029865846703185563,4.95,0.21,0.02
1985,14284,0.32155750000000005,1886,100,3.685999999999999,0.76,8.0,0.12,0.12,0.12,0.029922137992580287,4.92,0.22,0.02
1986,14291,0.321225,1887,100,3.4799999999999995,0.75,8.03,0.12,0.12,0.12,0.029926369337954423,4.91,0.23,0.02
1987,14296,0.3209875,1888,100,3.4904999999999995,0.75,7.99,0.12,0.12,0.12,0.029964921753097708,4.88,0.23,0.02
1988,14314,0.32013250000000004,1889,100,3.4619999999999993,0.75,8.13,0.12,0.12,0.12,0.02980890406284747,5.02,0.23,0.02
1989,14319,0.31989500000000004,1890,100,3.4704999999999995,0.75,8.06,0.13,0.13,0.13,0.029427120378131843,4.93,0.23,0.02
1990,14334,0.31918250000000004,1891,100,3.4449999999999994,0.75,8.16,0.13,0.13,0.13,0.0291704480383075,4.95,0.23,0.02
1991,14337,0.31904,1892,100,3.4459999999999993,0.75,8.14,0.14,0.14,0.14,0.029002890890044646,4.95,0.23,0.02
1992,14350,0.31842250000000005,1893,100,3.426499999999999,0.75,8.23,0.14,0.14,0.14,0.028833961832992142,4.93,0.23,0.02
1993,14367,0.317615,1894,100,3.4344999999999994,0.75,8.28,0.13,0.13,0.13,0.028710093918089766,5.06,0.23,0.02
1994,14374,0.3172825,1895,100,3.428499999999999,0.75,8.31,0.13,0.13,0.13,0.028642660296355385,5.06,0.23,0.02
1995,14404,0.3158575000000001,1896,100,3.2824999999999993,0.74,8.55,0.13,0.13,0.13,0.02862379291807706,5.2,0.23,0.03
1996,14408,0.3156675,1897,100,3.2824999999999993,0.74,8.53,0.13,0.13,0.13,0.028548714670806826,5.2,0.23,0.03
1997,14426,0.31481250000000005,1898,100,3.446499999999999,0.75,8.68,0.13,0.13,0.13,0.028500297679450896,5.34,0.22,0.03
1998,14429,0.31467,1899,100,3.2694999999999994,0.74,8.58,0.12,0.12,0.12,0.028487457277209957,5.24,0.23,0.03
1999,14436,0.31433750000000005,1900,100,3.2664999999999993,0.74,8.61,0.12,0.12,0.12,0.028409767954566973,5.3,0.23,0.03
2000,14442,0.31405250000000007,1901,100,3.2599999999999993,0.74,8.63,0.13,0.13,0.13,0.02834581869386151,5.3,0.23,0.03
2001,14457,0.31334000000000006,1902,100,3.2479999999999993,0.74,8.67,0.13,0.13,0.13,0.02831889830921876,5.28,0.23,0.03
2002,14468,0.31281749999999997,1903,100,3.2479999999999993,0.74,8.69,0.13,0.13,0.13,0.02826881134047103,5.33,0.23,0.03
2003,14474,0.3125325,1904,100,3.0479999999999996,0.73,8.68,0.13,0.13,0.13,0.02824313731117326,5.31,0.24,0.03
2004,14490,0.3117725,1905,100,3.0734999999999992,0.73,8.56,0.13,0.13,0.13,0.028190380700705425,5.21,0.24,0.03
2005,14494,0.3115825,1906,100,3.273499999999999,0.74,8.56,0.13,0.13,0.13,0.028018574184113968,5.24,0.23,0.03
2006,14500,0.3112975,1907,100,3.4674999999999994,0.75,8.59,0.13,0.13,0.13,0.027256812078719814,5.29,0.22,0.03
2007,14513,0.31067999999999996,1908,100,3.2599999999999993,0.74,8.65,0.13,0.13,0.13,0.027061192591260295,5.41,0.23,0.03
2008,14517,0.31049000000000004,1909,100,3.066,0.73,8.62,0.13,0.13,0.13,0.02615811885705561,5.4,0.24,0.03
2009,14522,0.31025250000000004,1910,100,3.0779999999999994,0.73,8.56,0.13,0.13,0.13,0.025933170099134862,5.33,0.24,0.03
2010,14526,0.31006250000000013,1911,100,3.071999999999999,0.73,8.58,0.13,0.13,0.13,0.025174874350752056,5.36,0.24,0.03
2011,14529,0.30992,1912,100,3.0734999999999997,0.73,8.57,0.13,0.13,0.13,0.024879352251080792,5.36,0.24,0.03
2012,14557,0.30859000000000003,1913,100,2.8224999999999993,0.72,8.81,0.13,0.13,0.13,0.024661029131164768,5.44,0.25,0.03
2013,14566,0.3081625000000001,1914,100,2.6394999999999995,0.71,8.76,0.12,0.12,0.12,0.02444698050668259,5.35,0.26,0.03
2014,14568,0.30806749999999994,1915,100,2.467999999999999,0.7,8.66,0.12,0.12,0.12,0.024268625877367153,5.3,0.27,0.03
2015,14575,0.307735,1916,100,2.4684999999999993,0.7,8.67,0.11,0.11,0.11,0.024345653031433528,5.3,0.27,0.03
2016,14580,0.3074975000000001,1917,100,2.2944999999999993,0.69,8.59,0.1,0.1,0.1,0.02435946944540462,5.25,0.28,0.03
2017,14591,0.306975,1918,100,2.0779999999999994,0.68,8.67,0.1,0.1,0.1,0.02444383198314583,5.34,0.29,0.03
2018,14610,0.30607249999999997,1919,100,2.049499999999999,0.68,8.8,0.1,0.1,0.1,0.024591654105562175,5.45,0.29,0.03
2019,14612,0.3059775,1920,100,2.061499999999999,0.68,8.75,0.1,0.1,0.1,0.024771307174832686,5.43,0.29,0.03
2020,14620,0.3055975000000001,1921,100,2.0539999999999994,0.68,8.78,0.1,0.1,0.1,0.02487075654908003,5.47,0.29,0.03
2021,14645,0.30441000000000007,1922,100,2.0284999999999993,0.68,8.95,0.1,0.1,0.1,0.024937103010219647,5.59,0.29,0.03
2022,14650,0.30417249999999996,1923,100,1.8224999999999993,0.67,8.97,0.1,0.1,0.1,0.024988423849272044,5.6,0.3,0.03
2023,14656,0.3038875,1924,100,1.6314999999999993,0.66,8.9,0.1,0.1,0.1,0.025082886365153857,5.47,0.31,0.03
2024,14661,0.3036500000000001,1925,100,1.4254999999999993,0.65,8.92,0.1,0.1,0.1,0.025086860860609475,5.47,0.32,0.03
2025,14669,0.30326999999999993,1926,100,1.4239999999999993,0.65,8.93,0.1,0.1,0.1,0.025279644606945664,5.44,0.32,0.03
2026,14673,0.30308,1927,100,1.2419999999999993,0.64,8.86,0.1,0.1,0.1,0.025397852382256024,5.4,0.33,0.03
2027,14703,0.301655,1928,100,1.0989999999999993,0.63,9.1,0.1,0.1,0.1,0.025540321049224272,5.63,0.33,0.04
2028,14705,0.30156000000000005,1929,100,1.1484999999999994,0.63,8.82,0.1,0.1,0.1,0.025847832390827122,5.38,0.33,0.04
2029,14707,0.3014650000000001,1930,100,0.9844999999999993,0.62,8.66,0.1,0.1,0.1,0.02601785021083398,5.28,0.34,0.04
2030,14712,0.3012275,1931,100,1.1214999999999993,0.63,8.41,0.1,0.1,0.1,0.02629598589546326,5.0,0.34,0.03
2031,14733,0.30023,1932,100,1.0804999999999993,0.63,8.61,0.11,0.11,0.11,0.026379803859705588,5.19,0.34,0.03
2032,14738,0.2999925,1933,100,1.0714999999999995,0.63,8.64,0.11,0.11,0.11,0.02637174004603412,5.21,0.34,0.03
2033,14740,0.29989750000000004,1934,100,0.8929999999999992,0.62,8.58,0.1,0.1,0.1,0.026389837377083038,5.19,0.35,0.03
2034,14751,0.29937499999999995,1935,100,0.6764999999999993,0.61,8.66,0.1,0.1,0.1,0.026417290404127772,5.28,0.36,0.03
2035,14758,0.2990425,1936,100,0.6689999999999994,0.61,8.68,0.1,0.1,0.1,0.02633193317982514,5.26,0.36,0.03
2036,14763,0.2988050000000001,1937,100,0.6784999999999993,0.61,8.67,0.09,0.09,0.09,0.02591179779539962,5.27,0.36,0.03
2037,14780,0.2979975,1938,100,0.8484999999999994,0.62,8.83,0.09,0.09,0.09,0.026187685140527817,5.42,0.35,0.03
2038,14782,0.29790250000000007,1939,100,0.6514999999999993,0.61,8.82,0.09,0.09,0.09,0.02549306280829761,5.41,0.36,0.03
2039,14811,0.29652500000000004,1940,100,0.6019999999999993,0.61,9.08,0.09,0.09,0.09,0.025478060592502648,5.64,0.36,0.03
2040,14819,0.296145,1941,100,0.7899999999999993,0.62,9.14,0.09,0.09,0.09,0.025719982464868868,5.67,0.35,0.03
2041,14837,0.29529000000000005,1942,100,0.5584999999999993,0.61,9.26,0.09,0.09,0.09,0.02535073661252513,5.66,0.36,0.03
2042,14847,0.29481500000000005,1943,100,0.5464999999999993,0.61,9.32,0.09,0.09,0.09,0.024984052287485743,5.67,0.36,0.03
2043,14848,0.29476750000000007,1944,100,0.3659999999999993,0.6,9.23,0.09,0.09,0.09,0.025005264696736182,5.59,0.37,0.03
2044,14878,0.29334250000000006,1945,100,0.2439999999999993,0.59,9.29,0.09,0.09,0.09,0.025094857826706004,5.62,0.37,0.04
2045,14901,0.29225,1946,100,0.007999999999999306,0.58,9.45,0.09,0.09,0.09,0.025234629302949365,5.61,0.38,0.04
2046,14926,0.2910625000000001,1947,100,-0.029500000000000668,0.58,9.65,0.09,0.09,0.09,0.025430908364535033,5.82,0.38,0.04
2047,14942,0.2903025,1948,100,-0.23700000000000065,0.57,9.66,0.09,0.09,0.09,0.025571777825030527,5.85,0.39,0.04
2048,14972,0.2888775,1949,100,-0.37850000000000067,0.56,9.89,0.09,0.09,0.09,0.0256657137128033,6.01,0.39,0.05
2049,14976,0.2886875,1950,100,-0.5725000000000007,0.55,9.87,0.09,0.09,0.09,0.025685155142949792,5.97,0.4,0.05
2050,14986,0.2882125000000001,1951,100,-0.7680000000000007,0.54,9.87,0.09,0.09,0.09,0.025724926791539312,5.9,0.41,0.05
2051,15016,0.2867875,1952,100,-0.9280000000000007,0.53,10.11,0.1,0.1,0.1,0.02538336823810565,6.1,0.41,0.06
2052,15028,0.2862175000000001,1953,100,-0.7335000000000007,0.54,10.18,0.09,0.09,0.09,0.025094392737293515,6.16,0.4,0.06
2053,15032,0.2860275,1954,100,-0.9335000000000007,0.53,10.18,0.09,0.09,0.09,0.02485666097832275,6.15,0.41,0.06
2054,15062,0.2846025000000001,1955,100,-1.0675000000000008,0.52,10.33,0.09,0.09,0.09,0.024703872166649026,6.1,0.41,0.07
2055,15068,0.2843175000000001,1956,100,-1.0815000000000006,0.52,10.37,0.1,0.1,0.1,0.024539852853318576,6.15,0.41,0.07
2056,15075,0.28398500000000004,1957,100,-1.0710000000000006,0.52,10.34,0.1,0.1,0.1,0.024413192826176492,6.11,0.41,0.07
2057,15079,0.283795,1958,100,-1.0515000000000005,0.52,10.23,0.1,0.1,0.1,0.024375503042876532,6.02,0.41,0.07
2058,15087,0.2834150000000001,1959,100,-1.0545000000000007,0.52,10.22,0.1,0.1,0.1,0.02437318864341434,5.99,0.41,0.07
2059,15089,0.2833200000000001,1960,100,-1.2365000000000006,0.51,10.15,0.1,0.1,0.1,0.024207517846806404,5.95,0.42,0.07
2060,15090,0.28327250000000004,1961,100,-1.2365000000000006,0.51,10.15,0.1,0.1,0.1,0.02432492247535145,5.95,0.42,0.07
2061,15101,0.28275000000000006,1962,100,-1.2365000000000006,0.51,10.17,0.1,0.1,0.1,0.02420031512303733,5.99,0.42,0.07
2062,15105,0.28256000000000003,1963,100,-1.2290000000000005,0.51,10.15,0.1,0.1,0.1,0.02415664738967849,6.02,0.42,0.07
2063,15122,0.2817525000000001,1964,100,-1.2665000000000006,0.51,10.3,0.1,0.1,0.1,0.024188442673348423,6.17,0.42,0.07
2064,15136,0.28108750000000005,1965,100,-1.2830000000000006,0.51,10.38,0.1,0.1,0.1,0.024280389928383665,6.28,0.42,0.07
2065,15138,0.2809925,1966,100,-1.4635000000000005,0.5,10.27,0.1,0.1,0.1,0.02436245839747248,6.26,0.43,0.07
2066,15141,0.28085000000000004,1967,100,-1.6545000000000007,0.49,10.24,0.1,0.1,0.1,0.024588771577452196,6.25,0.44,0.07
2067,15144,0.2807075,1968,100,-1.6530000000000007,0.49,10.23,0.1,0.1,0.1,0.024656854858770547,6.22,0.44,0.07
2068,15149,0.2804700000000001,1969,100,-1.8300000000000005,0.48,10.14,0.09,0.09,0.09,0.02466979127964229,6.15,0.45,0.07
2069,15156,0.28013750000000004,1970,100,-1.8255000000000008,0.48,10.14,0.09,0.09,0.09,0.024603986567700128,6.13,0.45,0.07
2070,15158,0.28004249999999997,1971,100,-2.0180000000000007,0.47,10.11,0.09,0.09,0.09,0.024570891698704876,6.09,0.46,0.07
2071,15164,0.2797575,1972,100,-2.0255000000000005,0.47,10.14,0.09,0.09,0.09,0.024526036190682866,6.1,0.46,0.07
2072,15175,0.279235,1973,100,-2.0350000000000006,0.47,10.15,0.1,0.1,0.1,0.02450590428808299,6.11,0.46,0.07
2073,15184,0.2788075000000001,1974,100,-2.032000000000001,0.47,10.14,0.1,0.1,0.1,0.024406749116619105,6.17,0.46,0.07
2074,15192,0.27842750000000005,1975,100,-2.0335000000000005,0.47,10.14,0.1,0.1,0.1,0.024364754640859538,6.23,0.46,0.07
2075,15222,0.27700250000000004,1976,100,-2.179500000000001,0.46,10.41,0.1,0.1,0.1,0.02435371009513952,6.51,0.46,0.08
2076,15239,0.27619499999999997,1977,100,-2.2115000000000005,0.46,10.52,0.11,0.11,0.11,0.024225004465480614,6.54,0.46,0.08
2077,15247,0.27581500000000003,1978,100,-2.0085000000000006,0.47,10.53,0.11,0.11,0.11,0.024178838281587976,6.54,0.45,0.08
2078,15255,0.275435,1979,100,-1.9905000000000006,0.47,10.47,0.11,0.11,0.11,0.02410063371071766,6.52,0.45,0.08
2079,15256,0.2753875,1980,100,-2.175500000000001,0.46,10.42,0.11,0.11,0.11,0.023972135055905088,6.52,0.46,0.08
2080,15257,0.27534000000000003,1981,100,-2.2295000000000007,0.46,10.13,0.11,0.11,0.11,0.023868809064324203,6.22,0.47,0.07
2081,15272,0.27462750000000014,1982,100,-2.2325000000000004,0.46,10.17,0.11,0.11,0.11,0.023793501684819255,6.35,0.47,0.07
2082,15281,0.2742,1983,100,-2.049000000000001,0.47,10.25,0.11,0.11,0.11,0.023741695194882246,6.44,0.46,0.07
2083,15289,0.27382000000000006,1984,100,-2.0365000000000006,0.47,10.22,0.1,0.1,0.1,0.023705561076900826,6.39,0.46,0.07
2084,15296,0.2734875,1985,100,-2.2385000000000006,0.46,10.2,0.11,0.11,0.11,0.02368563620703648,6.39,0.47,0.07
2085,15301,0.27325,1986,100,-2.0310000000000006,0.47,10.17,0.11,0.11,0.11,0.023645479623036265,6.41,0.46,0.07
2086,15309,0.27287000000000006,1987,100,-1.8295000000000008,0.48,10.18,0.11,0.11,0.11,0.02363999771051462,6.4,0.45,0.07
2087,15313,0.27268000000000003,1988,100,-2.0265000000000004,0.47,10.17,0.11,0.11,0.11,0.02358688586372304,6.39,0.46,0.07
2088,15328,0.27196750000000003,1989,100,-2.2170000000000005,0.46,10.14,0.1,0.1,0.1,0.02360343370207835,6.35,0.47,0.07
2089,15355,0.27068499999999995,1990,100,-2.448000000000001,0.45,10.36,0.09,0.09,0.09,0.023594578925216027,6.6,0.48,0.07
2090,15357,0.27059,1991,100,-2.6195000000000004,0.44,10.23,0.09,0.09,0.09,0.023593578277162047,6.53,0.49,0.07
2091,15366,0.2701625000000001,1992,100,-2.4220000000000006,0.45,10.29,0.08,0.08,0.08,0.023588181506020822,6.53,0.48,0.07
2092,15376,0.26968749999999997,1993,100,-2.4175000000000004,0.45,10.26,0.08,0.08,0.08,0.023561803660787656,6.52,0.48,0.07
2093,15383,0.269355,1994,100,-2.604000000000001,0.44,10.16,0.08,0.08,0.08,0.02354714024245534,6.35,0.49,0.07
2094,15389,0.26907000000000003,1995,100,-2.3995000000000006,0.45,10.15,0.08,0.08,0.08,0.02351452574653967,6.36,0.48,0.07
2095,15395,0.26878499999999994,1996,100,-2.255000000000001,0.46,9.91,0.08,0.08,0.08,0.023459397788393434,6.22,0.48,0.06
2096,15418,0.2676925,1997,100,-2.2910000000000004,0.46,10.1,0.08,0.08,0.08,0.023462358445750144,6.44,0.48,0.06
2097,15428,0.2672175000000001,1998,100,-2.4670000000000005,0.45,10.02,0.08,0.08,0.08,0.023466109364286697,6.37,0.49,0.06
2098,15431,0.26707500000000006,1999,100,-2.267000000000001,0.46,10.02,0.08,0.08,0.08,0.023404371823177374,6.37,0.48,0.06
2099,15461,0.26565000000000005,2000,100,-2.404000000000001,0.45,10.25,0.08,0.08,0.08,0.02341567783445059,6.58,0.48,0.07
2100,15481,0.26470000000000005,2001,100,-2.4305000000000008,0.45,10.39,0.07,0.07,0.07,0.023413164437741673,6.76,0.48,0.07
2101,15490,0.2642725,2002,100,-2.6170000000000004,0.44,10.33,0.07,0.07,0.07,0.02337523867468599,6.78,0.49,0.07
2102,15503,0.263655,2003,100,-2.823000000000001,0.43,10.35,0.07,0.07,0.07,0.023383871473391212,6.7,0.5,0.07
2103,15507,0.26346500000000006,2004,100,-2.8155000000000006,0.43,10.33,0.07,0.07,0.07,0.023437103714192272,6.71,0.5,0.07
2104,15512,0.26322750000000006,2005,100,-2.799000000000001,0.43,10.22,0.07,0.07,0.07,0.023421622779491807,6.57,0.5,0.07
2105,15532,0.26227750000000005,2006,100,-2.823000000000001,0.43,10.38,0.07,0.07,0.07,0.023412301358572658,6.57,0.5,0.07
2106,15538,0.26199249999999996,2007,100,-3.021500000000001,0.42,10.38,0.07,0.07,0.07,0.02338952433531311,6.57,0.51,0.07
2107,15552,0.26132750000000005,2008,100,-2.8295000000000003,0.43,10.39,0.08,0.08,0.08,0.022827547994237855,6.56,0.5,0.07
2108,15561,0.2609,2009,100,-2.8355000000000006,0.43,10.44,0.08,0.08,0.08,0.022391212257869587,6.55,0.5,0.07
2109,15565,0.26071,2010,100,-2.8355000000000006,0.43,10.43,0.08,0.08,0.08,0.022015802468951837,6.53,0.5,0.07
2110,15576,0.2601875,2011,100,-2.8505000000000007,0.43,10.5,0.08,0.08,0.08,0.021692721321602822,6.61,0.5,0.07
2111,15577,0.26014000000000004,2012,100,-3.0445000000000007,0.42,10.48,0.08,0.08,0.08,0.021390957546154818,6.58,0.51,0.07
2112,15579,0.26004499999999997,2013,100,-2.9875000000000007,0.42,10.22,0.08,0.08,0.08,0.02118642972103771,6.47,0.51,0.07
2113,15583,0.25985500000000006,2014,100,-2.986500000000001,0.42,10.17,0.09,0.09,0.09,0.021036748189756805,6.47,0.51,0.07
2114,15588,0.25961750000000006,2015,100,-2.9925000000000006,0.42,10.2,0.09,0.09,0.09,0.020936484229097302,6.51,0.51,0.07
2115,15595,0.2592850000000001,2016,100,-2.988000000000001,0.42,10.2,0.09,0.09,0.09,0.020745250023247834,6.53,0.51,0.07
2116,15603,0.25890500000000005,2017,100,-2.8020000000000005,0.43,10.23,0.1,0.1,0.1,0.020590531106501046,6.57,0.5,0.07
2117,15615,0.2583350000000001,2018,100,-2.6065000000000005,0.44,10.24,0.1,0.1,0.1,0.0204078329724927,6.58,0.49,0.07
2118,15637,0.25729,2019,100,-2.6080000000000005,0.44,10.27,0.1,0.1,0.1,0.020202850697685872,6.62,0.49,0.07
2119,15642,0.2570525,2020,100,-2.8190000000000004,0.43,10.3,0.11,0.11,0.11,0.019941929781933224,6.64,0.5,0.07
2120,15653,0.25653000000000004,2021,100,-3.0220000000000002,0.42,10.33,0.11,0.11,0.11,0.019792668701908288,6.68,0.51,0.07
2121,15658,0.25629250000000003,2022,100,-2.9875000000000007,0.42,10.13,0.11,0.11,0.11,0.019744191248542365,6.53,0.51,0.07
2122,15662,0.2561025,2023,100,-2.988000000000001,0.42,10.12,0.12,0.12,0.12,0.019656498009911476,6.53,0.51,0.07
2123,15674,0.25553250000000005,2024,100,-2.7970000000000006,0.43,10.18,0.12,0.12,0.12,0.019546754815722555,6.65,0.5,0.07
2124,15680,0.25524749999999996,2025,100,-2.7985000000000007,0.43,10.19,0.12,0.12,0.12,0.019436594841953415,6.7,0.5,0.07
2125,15690,0.25477250000000007,2026,100,-2.8000000000000007,0.43,10.21,0.12,0.12,0.12,0.019215280496001293,6.7,0.5,0.07
2126,15697,0.25444,2027,100,-2.6060000000000008,0.44,10.24,0.12,0.12,0.12,0.019054000824574962,6.71,0.49,0.07
2127,15702,0.2542025,2028,100,-2.6645000000000003,0.44,9.99,0.12,0.12,0.12,0.018892144530586238,6.44,0.5,0.06
2128,15711,0.2537750000000001,2029,100,-2.8825000000000007,0.43,10.06,0.12,0.12,0.12,0.018552370091371406,6.48,0.51,0.06
2129,15722,0.2532525,2030,100,-2.700500000000001,0.44,10.15,0.12,0.12,0.12,0.018368418365992435,6.59,0.5,0.06
2130,15734,0.25268250000000003,2031,100,-2.9175000000000004,0.43,10.22,0.13,0.13,0.13,0.018106155372965907,6.68,0.51,0.06
2131,15738,0.2524925,2032,100,-2.6855000000000007,0.44,10.05,0.12,0.12,0.12,0.017922398240292715,6.5,0.5,0.06
2132,15747,0.252065,2033,100,-2.6900000000000004,0.44,10.09,0.12,0.12,0.12,0.017887058721532074,6.5,0.5,0.06
2133,15758,0.2515425,2034,100,-2.7050000000000005,0.44,10.18,0.12,0.12,0.12,0.017980389201902067,6.58,0.5,0.06
2134,15771,0.25092500000000006,2035,100,-2.505000000000001,0.45,10.2,0.12,0.12,0.12,0.018048388590638096,6.6,0.49,0.06
2135,15772,0.2508775000000001,2036,100,-2.6870000000000003,0.44,10.14,0.12,0.12,0.12,0.017919358081451453,6.58,0.5,0.06
2136,15777,0.2506400000000001,2037,100,-2.684,0.44,10.14,0.12,0.12,0.12,0.017828582414693036,6.61,0.5,0.06
2137,15792,0.24992750000000008,2038,100,-2.884000000000001,0.43,10.12,0.12,0.12,0.12,0.01757611637665923,6.54,0.51,0.06
2138,15806,0.24926250000000005,2039,100,-2.9050000000000007,0.43,10.24,0.12,0.12,0.12,0.01738902675250977,6.67,0.51,0.06
2139,15809,0.24912,2040,100,-2.8555000000000006,0.43,9.98,0.12,0.12,0.12,0.017059634699836713,6.45,0.51,0.06
2140,15811,0.24902500000000005,2041,100,-3.0435000000000008,0.42,9.92,0.12,0.12,0.12,0.016743784758147192,6.4,0.52,0.06
2141,15818,0.24869249999999998,2042,100,-2.813500000000001,0.43,9.81,0.12,0.12,0.12,0.016552394918982277,6.4,0.51,0.06
2142,15821,0.24855000000000005,2043,100,-2.7985000000000007,0.43,9.74,0.12,0.12,0.12,0.016384942226928066,6.39,0.51,0.06
2143,15827,0.24826500000000007,2044,100,-2.6120000000000005,0.44,9.79,0.12,0.12,0.12,0.016242154647636255,6.4,0.5,0.06
2144,15842,0.24755249999999995,2045,100,-2.6735000000000007,0.44,9.64,0.12,0.12,0.12,0.01604984109107687,6.29,0.51,0.05
2145,15850,0.24717250000000002,2046,100,-2.4420000000000006,0.45,9.49,0.12,0.12,0.12,0.015877865251537965,6.26,0.5,0.05
2146,15858,0.24679249999999997,2047,100,-2.6045000000000003,0.44,9.32,0.12,0.12,0.12,0.015607784852676648,6.09,0.51,0.05
2147,15866,0.24641250000000003,2048,100,-2.3895000000000004,0.45,9.24,0.12,0.12,0.12,0.015434678709774831,6.0,0.5,0.05
2148,15880,0.2457475,2049,100,-2.4650000000000007,0.45,9.08,0.13,0.13,0.13,0.015303678733360533,5.93,0.51,0.04
2149,15889,0.2453200000000001,2050,100,-2.2755000000000005,0.46,9.13,0.13,0.13,0.13,0.015247989721297902,6.0,0.5,0.04
2150,15903,0.24465499999999996,2051,100,-2.2815000000000007,0.46,9.17,0.13,0.13,0.13,0.015190979627993173,6.14,0.5,0.04
2151,15909,0.2443700000000001,2052,100,-2.3170000000000006,0.46,8.93,0.12,0.12,0.12,0.015033400127765006,5.97,0.51,0.03
2152,15914,0.24413250000000009,2053,100,-2.302000000000001,0.46,8.86,0.12,0.12,0.12,0.014857404584476317,5.94,0.51,0.03
2153,15944,0.24270749999999996,2054,100,-2.2465000000000006,0.46,9.12,0.12,0.12,0.12,0.014653943449670042,5.92,0.5,0.04
2154,15945,0.24266,2055,100,-2.2825000000000006,0.46,8.83,0.12,0.12,0.12,0.01433914184114731,5.84,0.51,0.03
2155,15946,0.2426125,2056,100,-2.2655000000000007,0.46,8.78,0.11,0.11,0.11,0.014128546939953135,5.79,0.51,0.03
2156,15947,0.24256500000000003,2057,100,-2.452000000000001,0.45,8.72,0.11,0.11,0.11,0.013882324006730992,5.77,0.52,0.03
2157,15952,0.24232750000000003,2058,100,-2.4550000000000005,0.45,8.73,0.11,0.11,0.11,0.013607376467759093,5.74,0.52,0.03
2158,15954,0.24223250000000007,2059,100,-2.4400000000000004,0.45,8.67,0.11,0.11,0.11,0.013324823608478835,5.72,0.52,0.03
2159,15956,0.24213750000000012,2060,100,-2.2400000000000007,0.46,8.67,0.11,0.11,0.11,0.01308892865278416,5.74,0.51,0.03
2160,15957,0.24209000000000003,2061,100,-2.2400000000000007,0.46,8.67,0.11,0.11,0.11,0.012841318688212266,5.75,0.51,0.03
2161,15969,0.24152000000000007,2062,100,-2.4415000000000004,0.45,8.68,0.11,0.11,0.11,0.012578405374408607,5.77,0.52,0.03
2162,15971,0.241425,2063,100,-2.4370000000000007,0.45,8.66,0.11,0.11,0.11,0.012345959227279667,5.75,0.52,0.03
2163,15985,0.24075999999999997,2064,100,-2.2300000000000004,0.46,8.63,0.12,0.12,0.12,0.01203261845122169,5.7,0.51,0.03
2164,15987,0.24066500000000002,2065,100,-2.4030000000000005,0.45,8.51,0.12,0.12,0.12,0.011667895008168028,5.58,0.52,0.03
2165,16000,0.24004749999999997,2066,100,-2.228500000000001,0.46,8.62,0.12,0.12,0.12,0.011435298578888238,5.61,0.51,0.03
2166,16003,0.23990500000000003,2067,100,-2.2270000000000008,0.46,8.62,0.12,0.12,0.12,0.011131937104041438,5.64,0.51,0.03
2167,16006,0.2397625,2068,100,-2.2270000000000008,0.46,8.62,0.12,0.12,0.12,0.011075197129895348,5.66,0.51,0.03
2168,16023,0.23895500000000003,2069,100,-2.0590000000000006,0.47,8.74,0.13,0.13,0.13,0.010989416195793394,5.77,0.5,0.03
2169,16031,0.2385750000000001,2070,100,-2.063500000000001,0.47,8.75,0.13,0.13,0.13,0.010934270759095088,5.81,0.5,0.03
2170,16035,0.23838500000000007,2071,100,-1.8695000000000008,0.48,8.77,0.13,0.13,0.13,0.010826876366260112,5.85,0.49,0.03
2171,16043,0.23800500000000002,2072,100,-1.8755000000000006,0.48,8.79,0.13,0.13,0.13,0.01068291494324163,5.83,0.49,0.03
2172,16053,0.23753000000000002,2073,100,-2.067500000000001,0.47,8.78,0.12,0.12,0.12,0.010527615643908554,5.83,0.5,0.03
2173,16063,0.23705500000000002,2074,100,-2.2800000000000007,0.46,8.79,0.13,0.13,0.13,0.010379242928957541,5.8,0.51,0.03
2174,16079,0.23629500000000003,2075,100,-2.0950000000000006,0.47,8.87,0.13,0.13,0.13,0.0102309730512758,5.9,0.5,0.03
2175,16099,0.23534500000000014,2076,100,-1.9820000000000007,0.48,8.77,0.13,0.13,0.13,0.01010027137355729,5.61,0.5,0.02
2176,16105,0.23506000000000005,2077,100,-2.1470000000000007,0.47,8.66,0.12,0.12,0.12,0.009987700199401699,5.61,0.51,0.02
2177,16113,0.23468,2078,100,-2.1500000000000004,0.47,8.66,0.12,0.12,0.12,0.00987201488517061,5.65,0.51,0.02
2178,16143,0.233255,2079,100,-2.2930000000000006,0.46,8.88,0.12,0.12,0.12,0.009783426738289722,5.88,0.51,0.03
2179,16149,0.23297,2080,100,-2.303500000000001,0.46,8.93,0.12,0.12,0.12,0.009670459880051118,5.93,0.51,0.03
2180,16155,0.23268500000000003,2081,100,-2.3140000000000005,0.46,8.98,0.12,0.12,0.12,0.009588292309882345,5.96,0.51,0.03
2181,16159,0.23249500000000012,2082,100,-2.2960000000000007,0.46,8.87,0.12,0.12,0.12,0.00949629987813524,5.84,0.51,0.03
2182,16161,0.23239999999999994,2083,100,-2.4810000000000008,0.45,8.8,0.12,0.12,0.12,0.009403368094842797,5.76,0.52,0.03
2183,16185,0.23126000000000002,2084,100,-2.506500000000001,0.45,8.96,0.12,0.12,0.12,0.009315547921436677,5.8,0.52,0.03
2184,16191,0.23097500000000004,2085,100,-2.5000000000000004,0.45,8.95,0.11,0.11,0.11,0.009239026412109684,5.74,0.52,0.03
2185,16197,0.23069000000000006,2086,100,-2.7045000000000003,0.44,8.96,0.11,0.11,0.11,0.009115349585242717,5.78,0.53,0.03
2186,16212,0.22997750000000006,2087,100,-2.726000000000001,0.44,9.03,0.12,0.12,0.12,0.00901467421011952,5.85,0.53,0.03
2187,16234,0.2289325000000001,2088,100,-2.5605000000000007,0.45,9.21,0.12,0.12,0.12,0.008941802631590298,6.04,0.52,0.03
2188,16238,0.22874250000000007,2089,100,-2.3350000000000004,0.46,9.1,0.12,0.12,0.12,0.008864368232347474,5.94,0.51,0.03
2189,16242,0.22855249999999994,2090,100,-2.0975000000000006,0.47,8.87,0.12,0.12,0.12,0.008780388489463546,5.69,0.5,0.03
2190,16245,0.22841,2091,100,-1.9005000000000007,0.48,8.88,0.12,0.12,0.12,0.008703910847758121,5.7,0.49,0.03
2191,16254,0.2279825000000001,2092,100,-1.9130000000000007,0.48,8.88,0.13,0.13,0.13,0.008618347926421995,5.76,0.49,0.03
2192,16257,0.22784000000000004,2093,100,-1.8965000000000005,0.48,8.81,0.13,0.13,0.13,0.0085499088491465,5.78,0.49,0.03
2193,16265,0.22746,2094,100,-1.6995000000000007,0.49,8.82,0.13,0.13,0.13,0.008470347768238164,5.85,0.48,0.03
2194,16271,0.22717500000000002,2095,100,-1.7025000000000006,0.49,8.82,0.13,0.13,0.13,0.008386727280137788,5.85,0.48,0.03
2195,16278,0.22684250000000006,2096,100,-1.7010000000000007,0.49,8.83,0.13,0.13,0.13,0.008318445290726204,5.82,0.48,0.03
2196,16286,0.2264625,2097,100,-1.4725000000000006,0.5,8.68,0.13,0.13,0.13,0.008233563725391291,5.68,0.47,0.03
2197,16289,0.22632000000000008,2098,100,-1.2620000000000007,0.51,8.61,0.13,0.13,0.13,0.008141237705035024,5.61,0.46,0.03
2198,16293,0.22613000000000005,2099,100,-1.2635000000000007,0.51,8.62,0.13,0.13,0.13,0.008046086267472134,5.61,0.46,0.03
2199,16298,0.22589250000000005,2100,100,-1.1235000000000006,0.52,8.37,0.13,0.13,0.13,0.007971940210769152,5.34,0.46,0.02
2200,16308,0.22541750000000005,2101,100,-0.9075000000000008,0.53,8.27,0.14,0.14,0.14,0.00790665611844064,5.22,0.45,0.02
2201,16314,0.22513250000000007,2102,100,-0.7045000000000008,0.54,8.24,0.14,0.14,0.14,0.007854627837912999,5.18,0.44,0.02
2202,16315,0.2250850000000001,2103,100,-0.6790000000000007,0.54,8.12,0.14,0.14,0.14,0.007753317945334805,5.17,0.44,0.02
2203,16318,0.22494250000000005,2104,100,-0.4790000000000007,0.55,8.11,0.14,0.14,0.14,0.007604794739133113,5.16,0.43,0.02
2204,16321,0.2248000000000001,2105,100,-0.4730000000000007,0.55,8.09,0.14,0.14,0.14,0.007503093584526696,5.18,0.43,0.02
2205,16330,0.22437249999999997,2106,100,-0.6595000000000008,0.54,7.98,0.14,0.14,0.14,0.007416288210242732,5.21,0.44,0.02
2206,16336,0.2240875000000001,2107,100,-0.4675000000000007,0.55,7.98,0.15,0.15,0.15,0.007327104735274234,5.19,0.43,0.02
2207,16341,0.2238500000000001,2108,100,-0.4495000000000007,0.55,7.89,0.15,0.15,0.15,0.00725866896677719,5.11,0.43,0.02
2208,16344,0.22370749999999995,2109,100,-0.23900000000000068,0.56,7.83,0.15,0.15,0.15,0.0072120605391859825,5.12,0.42,0.02
2209,16359,0.22299500000000005,2110,100,-0.2620000000000007,0.56,7.94,0.16,0.16,0.16,0.007175780766079184,5.25,0.42,0.02
2210,16363,0.22280500000000003,2111,100,-0.04550000000000067,0.57,7.87,0.16,0.16,0.16,0.007132366330571031,5.17,0.41,0.02
2211,16367,0.222615,2112,100,0.14699999999999933,0.58,7.9,0.16,0.16,0.16,0.007101891639268515,5.2,0.4,0.02
2212,16368,0.22256750000000003,2113,100,0.14999999999999933,0.58,7.89,0.16,0.16,0.16,0.007047811420726148,5.2,0.4,0.02
2213,16369,0.22252000000000005,2114,100,0.16399999999999934,0.58,7.86,0.15,0.15,0.15,0.0069821417099782505,5.19,0.4,0.02
2214,16376,0.2221875000000001,2115,100,0.3564999999999994,0.59,7.88,0.15,0.15,0.15,0.0069169316860500825,5.16,0.39,0.02
2215,16380,0.22199750000000007,2116,100,0.15449999999999936,0.58,7.85,0.16,0.16,0.16,0.006869792567965465,5.12,0.4,0.02
2216,16385,0.22175999999999996,2117,100,0.16699999999999932,0.58,7.82,0.15,0.15,0.15,0.006830873106423656,5.09,0.4,0.02
2217,16386,0.22171249999999998,2118,100,-0.0060000000000006715,0.57,7.71,0.15,0.15,0.15,0.006794356365815938,4.98,0.41,0.02
2218,16393,0.22138000000000002,2119,100,0.02099999999999932,0.57,7.56,0.15,0.15,0.15,0.0067473249314542235,4.79,0.41,0.02
2219,16397,0.2211900000000001,2120,100,0.027499999999999324,0.57,7.55,0.14,0.14,0.14,0.006697004588456203,4.77,0.41,0.02
2220,16427,0.219765,2121,100,0.08149999999999931,0.57,7.74,0.14,0.14,0.14,0.0066533227786081985,4.83,0.4,0.03
2221,16434,0.21943250000000003,2122,100,0.07849999999999933,0.57,7.76,0.14,0.14,0.14,0.006528194234672482,4.85,0.4,0.03
2222,16440,0.21914750000000005,2123,100,0.2774999999999993,0.58,7.78,0.13,0.13,0.13,0.006451479700592826,4.84,0.39,0.03
2223,16444,0.21895750000000003,2124,100,0.09249999999999932,0.57,7.7,0.13,0.13,0.13,0.006364123119628226,4.75,0.4,0.03
2224,16448,0.2187675,2125,100,0.2984999999999993,0.58,7.68,0.13,0.13,0.13,0.006297098595692635,4.73,0.39,0.03
2225,16456,0.21838750000000007,2126,100,0.2969999999999993,0.58,7.66,0.13,0.13,0.13,0.006246805958493471,4.79,0.39,0.03
2226,16466,0.21791249999999995,2127,100,0.09399999999999933,0.57,7.69,0.13,0.13,0.13,0.006214259083260109,4.88,0.4,0.03
2227,16468,0.2178175,2128,100,0.10299999999999931,0.57,7.66,0.13,0.13,0.13,0.00618749778845187,4.9,0.4,0.03
2228,16472,0.21762750000000008,2129,100,0.3149999999999993,0.58,7.61,0.13,0.13,0.13,0.00625899237345847,4.86,0.39,0.03
2229,16480,0.21724750000000004,2130,100,0.31949999999999934,0.58,7.58,0.13,0.13,0.13,0.006397344245508547,4.78,0.39,0.03
2230,16487,0.21691499999999997,2131,100,0.3349999999999993,0.58,7.53,0.12,0.12,0.12,0.006790581557101138,4.72,0.39,0.03
2231,16494,0.2165825,2132,100,0.33049999999999924,0.58,7.56,0.12,0.12,0.12,0.006941098886807816,4.72,0.39,0.03
2232,16507,0.21596499999999996,2133,100,0.31049999999999933,0.58,7.6,0.13,0.13,0.13,0.007010557506738049,4.78,0.39,0.03
2233,16515,0.21558500000000003,2134,100,0.5119999999999993,0.59,7.57,0.13,0.13,0.13,0.006949126421766851,4.73,0.38,0.03
2234,16521,0.21530000000000005,2135,100,0.5209999999999994,0.59,7.5,0.13,0.13,0.13,0.0068923621624294275,4.67,0.38,0.03
2235,16526,0.21506250000000005,2136,100,0.5084999999999993,0.59,7.54,0.14,0.14,0.14,0.006941020630258654,4.7,0.38,0.03
2236,16542,0.21430250000000006,2137,100,0.6739999999999994,0.6,7.65,0.14,0.14,0.14,0.0071328836699999475,4.81,0.37,0.03
2237,16552,0.21382750000000006,2138,100,0.8794999999999993,0.61,7.6,0.15,0.15,0.15,0.007333251414546331,4.75,0.36,0.03
2238,16564,0.2132575,2139,100,1.0749999999999993,0.62,7.58,0.15,0.15,0.15,0.007567051494874003,4.71,0.35,0.03
2239,16567,0.21311500000000005,2140,100,1.0764999999999993,0.62,7.58,0.15,0.15,0.15,0.007655896455429437,4.7,0.35,0.03
2240,16574,0.21278249999999999,2141,100,1.2644999999999993,0.63,7.63,0.15,0.15,0.15,0.008000626319334918,4.71,0.34,0.03
2241,16578,0.21259250000000007,2142,100,1.2719999999999994,0.63,7.6,0.15,0.15,0.15,0.008073174829841667,4.73,0.34,0.03
2242,16589,0.21206999999999998,2143,100,1.2554999999999992,0.63,7.68,0.15,0.15,0.15,0.008364515551358791,4.77,0.34,0.03
2243,16598,0.21164250000000007,2144,100,1.2524999999999993,0.63,7.71,0.15,0.15,0.15,0.008849561461499084,4.83,0.34,0.03
2244,16605,0.21131,2145,100,1.4754999999999994,0.64,7.63,0.14,0.14,0.14,0.00902657175386381,4.72,0.33,0.03
2245,16609,0.21111999999999997,2146,100,1.2844999999999993,0.63,7.59,0.14,0.14,0.14,0.009472110077702075,4.73,0.34,0.03
2246,16615,0.210835,2147,100,1.4814999999999992,0.64,7.57,0.14,0.14,0.14,0.010059780723223409,4.71,0.33,0.03
2247,16623,0.21045500000000006,2148,100,1.4794999999999994,0.64,7.57,0.15,0.15,0.15,0.010381950582651367,4.71,0.33,0.03
2248,16626,0.2103125,2149,100,1.7084999999999995,0.65,7.46,0.14,0.14,0.14,0.010829073741330133,4.61,0.32,0.03
2249,16641,0.20960000000000012,2150,100,1.6979999999999993,0.65,7.52,0.14,0.14,0.14,0.01095682701341362,4.55,0.32,0.03
2250,16648,0.20926750000000005,2151,100,1.9054999999999993,0.66,7.45,0.14,0.14,0.14,0.01099027281672913,4.42,0.31,0.03
2251,16656,0.2088875,2152,100,2.0979999999999994,0.67,7.47,0.14,0.14,0.14,0.011036911564561557,4.43,0.3,0.03
2252,16667,0.20836500000000002,2153,100,2.0829999999999993,0.67,7.53,0.14,0.14,0.14,0.011020685615335441,4.47,0.3,0.03
2253,16678,0.20784250000000004,2154,100,2.2014999999999993,0.68,7.34,0.15,0.15,0.15,0.011004608179125021,4.49,0.3,0.02
2254,16689,0.20732000000000006,2155,100,2.3789999999999996,0.69,7.44,0.15,0.15,0.15,0.011014624911127546,4.51,0.29,0.02
2255,16694,0.20708250000000006,2156,100,2.568499999999999,0.7,7.48,0.15,0.15,0.15,0.010964808748336443,4.52,0.28,0.02
2256,16701,0.2067500000000001,2157,100,2.753499999999999,0.71,7.54,0.15,0.15,0.15,0.01105668850133322,4.53,0.27,0.02
2257,16717,0.20599,2158,100,2.5339999999999994,0.7,7.65,0.15,0.15,0.15,0.01105800770954472,4.62,0.28,0.02
2258,16739,0.20494500000000004,2159,100,2.4979999999999993,0.7,7.85,0.15,0.15,0.15,0.01105792272265566,4.74,0.28,0.02
2259,16745,0.20465999999999995,2160,100,2.4809999999999994,0.7,7.89,0.16,0.16,0.16,0.011049645196297517,4.77,0.28,0.02
2260,16756,0.20413750000000008,2161,100,2.6524999999999994,0.71,7.99,0.16,0.16,0.16,0.011072410503307414,4.83,0.27,0.02
2261,16763,0.20380500000000012,2162,100,2.8659999999999997,0.72,7.94,0.16,0.16,0.16,0.01110087366651541,4.72,0.26,0.02
2262,16772,0.2033775,2163,100,2.8524999999999996,0.72,8.01,0.16,0.16,0.16,0.011135767517000895,4.79,0.26,0.02
2263,16778,0.2030925,2164,100,2.8724999999999996,0.72,7.93,0.15,0.15,0.15,0.011127374412457959,4.69,0.26,0.02
2264,16782,0.2029025000000001,2165,100,3.0694999999999992,0.73,7.95,0.15,0.15,0.15,0.011133912224754261,4.67,0.25,0.02
2265,16787,0.20266499999999998,2166,100,3.0874999999999995,0.73,7.87,0.15,0.15,0.15,0.011111768372072195,4.67,0.25,0.02
2266,16792,0.20242749999999998,2167,100,3.2799999999999994,0.74,7.89,0.15,0.15,0.15,0.011044276467860652,4.69,0.24,0.02
2267,16803,0.2019050000000001,2168,100,3.4619999999999993,0.75,7.97,0.15,0.15,0.15,0.010894273417604246,4.78,0.23,0.02
2268,16805,0.20181000000000004,2169,100,3.4999999999999996,0.75,7.82,0.14,0.14,0.14,0.010781380799105535,4.64,0.23,0.02
2269,16814,0.20138250000000002,2170,100,3.4924999999999993,0.75,7.83,0.14,0.14,0.14,0.010705746530139343,4.68,0.23,0.02
2270,16829,0.20067000000000002,2171,100,3.4699999999999993,0.75,7.94,0.14,0.14,0.14,0.010656927430741633,4.77,0.23,0.02
2271,16837,0.20029000000000008,2172,100,3.4729999999999994,0.75,7.94,0.14,0.14,0.14,0.010634077903146535,4.82,0.23,0.02
2272,16841,0.20010000000000006,2173,100,3.6819999999999995,0.76,7.88,0.14,0.14,0.14,0.010622047781043364,4.74,0.22,0.02
2273,16843,0.2000050000000001,2174,100,3.7094999999999994,0.76,7.8,0.13,0.13,0.13,0.010626423467446728,4.7,0.22,0.02
2274,16852,0.19957749999999996,2175,100,3.7229999999999994,0.76,7.73,0.13,0.13,0.13,0.010627458215479028,4.63,0.22,0.02
2275,16867,0.19886499999999996,2176,100,3.728999999999999,0.76,7.68,0.13,0.13,0.13,0.010646254669197126,4.71,0.22,0.02
2276,16880,0.19824750000000002,2177,100,3.9074999999999993,0.77,7.75,0.14,0.14,0.14,0.01065018090299754,4.74,0.21,0.02
2277,16884,0.1980575000000001,2178,100,3.916499999999999,0.77,7.71,0.14,0.14,0.14,0.010641526958464686,4.73,0.21,0.02
2278,16890,0.19777250000000002,2179,100,4.058999999999999,0.78,7.47,0.15,0.15,0.15,0.01064262837399143,4.52,0.21,0.01
2279,16898,0.19739250000000008,2180,100,4.251499999999999,0.79,7.49,0.15,0.15,0.15,0.01063047668668244,4.47,0.2,0.01
2280,16906,0.19701250000000003,2181,100,4.243999999999999,0.79,7.51,0.15,0.15,0.15,0.010635500506173862,4.47,0.2,0.01
2281,16924,0.1961575000000001,2182,100,4.22,0.79,7.65,0.15,0.15,0.15,0.010634120013383052,4.51,0.2,0.01
2282,16928,0.19596749999999996,2183,100,4.413999999999999,0.8,7.67,0.15,0.15,0.15,0.010639685758324175,4.54,0.19,0.01
2283,16932,0.19577750000000005,2184,100,4.249999999999999,0.79,7.47,0.15,0.15,0.15,0.010636853591871361,4.49,0.2,0.01
2284,16937,0.19554000000000005,2185,100,4.451499999999999,0.8,7.46,0.15,0.15,0.15,0.010642687790893864,4.53,0.19,0.01
2285,16939,0.1954450000000001,2186,100,4.661999999999999,0.81,7.42,0.15,0.15,0.15,0.01064597433784378,4.49,0.18,0.01
2286,16946,0.19511250000000013,2187,100,4.680499999999999,0.81,7.34,0.14,0.14,0.14,0.010644929076954945,4.47,0.18,0.01
2287,16960,0.1944475000000001,2188,100,4.692499999999999,0.81,7.26,0.14,0.14,0.14,0.010638288574657906,4.27,0.18,0.01
2288,16967,0.19411500000000004,2189,100,4.68,0.81,7.29,0.15,0.15,0.15,0.010625381433636585,4.31,0.18,0.01
2289,16980,0.1934975000000001,2190,100,4.466499999999999,0.8,7.38,0.15,0.15,0.15,0.010625879489837887,4.3,0.19,0.01
2290,16988,0.19311749999999994,2191,100,4.459,0.8,7.43,0.15,0.15,0.15,0.010730763542399714,4.31,0.19,0.01
2291,17000,0.1925475000000001,2192,100,4.454999999999999,0.8,7.46,0.14,0.14,0.14,0.010732278434674643,4.3,0.19,0.01
2292,17010,0.19207249999999998,2193,100,4.436999999999999,0.8,7.53,0.14,0.14,0.14,0.01088021771217704,4.32,0.19,0.01
2293,17018,0.19169250000000004,2194,100,4.433999999999999,0.8,7.53,0.14,0.14,0.14,0.010962726411738044,4.29,0.19,0.01
2294,17021,0.1915500000000001,2195,100,4.4415,0.8,7.5,0.14,0.14,0.14,0.011014500085359981,4.31,0.19,0.01
2295,17030,0.19112249999999997,2196,100,4.435499999999999,0.8,7.52,0.14,0.14,0.14,0.011091642818220943,4.32,0.19,0.01
2296,17038,0.19074250000000004,2197,100,4.435499999999999,0.8,7.52,0.14,0.14,0.14,0.011142716431943055,4.31,0.19,0.01
2297,17049,0.19021999999999994,2198,100,4.419,0.8,7.6,0.14,0.14,0.14,0.011182628302364389,4.39,0.19,0.01
2298,17059,0.18974500000000005,2199,100,4.401999999999999,0.8,7.66,0.15,0.15,0.15,0.011280172782595979,4.4,0.19,0.01
2299,17062,0.1896025,2200,100,4.404999999999999,0.8,7.64,0.15,0.15,0.15,0.011325587088819372,4.41,0.19,0.01
2300,17067,0.18936500000000012,2201,100,4.419,0.8,7.59,0.14,0.14,0.14,0.011376068670297753,4.36,0.19,0.01
2301,17072,0.1891275,2202,100,4.4205,0.8,7.58,0.14,0.14,0.14,0.011433144605558453,4.35,0.19,0.01
2302,17075,0.18898500000000007,2203,100,4.4159999999999995,0.8,7.6,0.14,0.14,0.14,0.011513839119885206,4.36,0.19,0.01
2303,17081,0.1887000000000001,2204,100,4.406999999999999,0.8,7.63,0.14,0.14,0.14,0.011546745735991834,4.35,0.19,0.01
2304,17085,0.18851000000000007,2205,100,4.4025,0.8,7.64,0.14,0.14,0.14,0.011630173264144077,4.34,0.19,0.01
2305,17090,0.18827249999999995,2206,100,4.6065,0.81,7.6,0.15,0.15,0.15,0.011689642528998442,4.28,0.18,0.01
2306,17097,0.18794,2207,100,4.6129999999999995,0.81,7.61,0.14,0.14,0.14,0.011794423063801868,4.27,0.18,0.01
2307,17105,0.18756000000000006,2208,100,4.610499999999999,0.81,7.64,0.13,0.13,0.13,0.0118791785378049,4.26,0.18,0.01
2308,17124,0.18665750000000003,2209,100,4.3755,0.8,7.8,0.14,0.14,0.14,0.01192244645172737,4.34,0.19,0.01
2309,17128,0.18646750000000012,2210,100,4.396999999999999,0.8,7.69,0.13,0.13,0.13,0.011965814859718154,4.23,0.19,0.01
2310,17132,0.18627749999999998,2211,100,4.395499999999999,0.8,7.69,0.13,0.13,0.13,0.012003054232331993,4.23,0.19,0.01
2311,17136,0.18608750000000007,2212,100,4.393999999999999,0.8,7.69,0.13,0.13,0.13,0.012037326944405282,4.21,0.19,0.01
2312,17141,0.18585000000000007,2213,100,4.581999999999999,0.81,7.73,0.13,0.13,0.13,0.012082897628536517,4.23,0.18,0.01
2313,17144,0.18570750000000003,2214,100,4.775999999999999,0.82,7.75,0.13,0.13,0.13,0.01213124727919084,4.25,0.17,0.01
2314,17154,0.18523250000000002,2215,100,4.766499999999999,0.82,7.78,0.14,0.14,0.14,0.01218690397682518,4.27,0.17,0.01
2315,17159,0.18499500000000002,2216,100,4.968499999999999,0.83,7.79,0.13,0.13,0.13,0.012240389727104103,4.26,0.16,0.01
2316,17160,0.18494750000000004,2217,100,4.778999999999999,0.82,7.75,0.13,0.13,0.13,0.012291237160145884,4.23,0.17,0.01
2317,17165,0.18471000000000004,2218,100,4.967,0.83,7.79,0.13,0.13,0.13,0.012336489990401663,4.26,0.16,0.01
2318,17176,0.18418750000000006,2219,100,4.959499999999999,0.83,7.83,0.13,0.13,0.13,0.012372694207808644,4.33,0.16,0.01
2319,17200,0.18304750000000003,2220,100,5.116999999999999,0.84,8.03,0.14,0.14,0.14,0.012392739430775419,4.43,0.15,0.01
2320,17224,0.1819075000000001,2221,100,5.041999999999999,0.84,7.97,0.14,0.14,0.14,0.01238901986605412,4.27,0.16,0.0
2321,17229,0.18167,2222,100,4.848,0.83,7.95,0.14,0.14,0.14,0.012400069665675226,4.26,0.17,0.0
2322,17238,0.18124250000000008,2223,100,4.8405,0.83,7.98,0.14,0.14,0.14,0.012401887405942369,4.28,0.17,0.0
2323,17246,0.18086250000000004,2224,100,4.832999999999999,0.83,8.02,0.14,0.14,0.14,0.012418811845056887,4.27,0.17,0.0
2324,17261,0.18015000000000003,2225,100,4.806,0.83,8.13,0.14,0.14,0.14,0.012434785984929204,4.38,0.17,0.0
2325,17274,0.17953249999999998,2226,100,4.7985,0.83,8.18,0.14,0.14,0.14,0.012456879886304085,4.35,0.17,0.0
2326,17278,0.17934250000000007,2227,100,5.0089999999999995,0.84,8.12,0.14,0.14,0.14,0.012476764446095618,4.26,0.16,0.0
2327,17293,0.17862999999999996,2228,100,5.1819999999999995,0.85,8.25,0.14,0.14,0.14,0.012478848842719936,4.36,0.15,0.0
2328,17299,0.1783450000000001,2229,100,5.177499999999998,0.85,8.27,0.14,0.14,0.14,0.012376766760028643,4.35,0.15,0.0
2329,17303,0.17815500000000006,2230,100,5.184999999999999,0.85,8.23,0.14,0.14,0.14,0.012187544540104667,4.35,0.15,0.0
2330,17314,0.17763249999999997,2231,100,5.379,0.86,8.27,0.14,0.14,0.14,0.011720091142602633,4.34,0.14,0.0
2331,17323,0.17720500000000006,2232,100,5.3759999999999994,0.86,8.29,0.14,0.14,0.14,0.011511721556059793,4.34,0.14,0.0
2332,17326,0.17706250000000012,2233,100,5.4014999999999995,0.86,8.19,0.14,0.14,0.14,0.011316885463794708,4.26,0.14,0.0
2333,17338,0.17649250000000005,2234,100,5.390999999999999,0.86,8.23,0.14,0.14,0.14,0.011168947942689076,4.31,0.14,0.0
2334,17359,0.17549500000000007,2235,100,5.1715,0.85,8.38,0.14,0.14,0.14,0.011020595862132115,4.25,0.15,0.0
2335,17379,0.17454500000000006,2236,100,5.348,0.86,8.53,0.13,0.13,0.13,0.010899201161179308,4.27,0.14,0.0
2336,17384,0.17430750000000006,2237,100,5.377999999999999,0.86,8.42,0.13,0.13,0.13,0.010581970449255396,4.15,0.14,0.0
2337,17386,0.1742125000000001,2238,100,5.3995,0.86,8.34,0.12,0.12,0.12,0.010249445966628927,4.15,0.14,0.0
2338,17402,0.1734525,2239,100,5.400999999999999,0.86,8.38,0.12,0.12,0.12,0.009957851503116821,4.07,0.14,0.0
2339,17432,0.1720275,2240,100,5.249,0.85,8.65,0.12,0.12,0.12,0.009818503942257846,4.12,0.14,0.01
2340,17442,0.1715525,2241,100,5.241499999999999,0.85,8.68,0.12,0.12,0.12,0.00940122237131371,4.15,0.14,0.01
2341,17447,0.1713150000000001,2242,100,5.233499999999999,0.85,8.69,0.13,0.13,0.13,0.009287301115741942,4.14,0.14,0.01
2342,17456,0.17088749999999997,2243,100,5.2379999999999995,0.85,8.67,0.13,0.13,0.13,0.00898330715572259,4.11,0.14,0.01
2343,17467,0.1703650000000001,2244,100,5.225499999999999,0.85,8.69,0.14,0.14,0.14,0.008488911720621585,4.06,0.14,0.01
2344,17471,0.17017499999999997,2245,100,5.2315,0.85,8.66,0.14,0.14,0.14,0.00826353928651014,4.07,0.14,0.01
2345,17479,0.16979500000000003,2246,100,5.4159999999999995,0.86,8.7,0.15,0.15,0.15,0.007815361210324855,4.11,0.13,0.01
2346,17490,0.16927250000000005,2247,100,5.404,0.86,8.75,0.15,0.15,0.15,0.0072228860816119875,4.09,0.13,0.01
2347,17495,0.16903500000000005,2248,100,5.409999999999999,0.86,8.72,0.15,0.15,0.15,0.00689525523112553,4.07,0.13,0.01
2348,17498,0.1688925,2249,100,5.403499999999999,0.86,8.72,0.16,0.16,0.16,0.006444446774026629,4.05,0.13,0.01
2349,17507,0.1684650000000001,2250,100,5.4094999999999995,0.86,8.66,0.16,0.16,0.16,0.006449948553081644,4.1,0.13,0.01
2350,17511,0.16827500000000006,2251,100,5.418499999999999,0.86,8.63,0.16,0.16,0.16,0.006616773945099051,4.12,0.13,0.01
2351,17513,0.16818,2252,100,5.226999999999999,0.85,8.57,0.17,0.17,0.17,0.006796825551247533,4.07,0.14,0.01
2352,17516,0.16803750000000006,2253,100,5.243499999999999,0.85,8.49,0.17,0.17,0.17,0.006995815231891207,3.99,0.14,0.01
2353,17524,0.16765750000000001,2254,100,5.263499999999999,0.85,8.46,0.16,0.16,0.16,0.0071513448964242495,4.03,0.14,0.01
2354,17528,0.1674675000000001,2255,100,5.276999999999999,0.85,8.39,0.16,0.16,0.16,0.007278368011162389,4.01,0.14,0.01
2355,17532,0.16727749999999997,2256,100,5.278499999999999,0.85,8.38,0.16,0.16,0.16,0.007372597483032156,4.04,0.14,0.01
2356,17537,0.16703999999999997,2257,100,5.2764999999999995,0.85,8.36,0.17,0.17,0.17,0.00733788690108557,4.06,0.14,0.01
2357,17540,0.16689750000000003,2258,100,5.5005,0.86,8.23,0.17,0.17,0.17,0.00743468950668295,3.97,0.13,0.01
2358,17543,0.1667550000000001,2259,100,5.328499999999999,0.85,8.04,0.18,0.18,0.18,0.007585817801229051,3.84,0.14,0.01
2359,17558,0.16604249999999998,2260,100,5.3199999999999985,0.85,8.13,0.17,0.17,0.17,0.00772002285967893,3.8,0.14,0.01
2360,17565,0.16571000000000002,2261,100,5.326999999999999,0.85,8.09,0.18,0.18,0.18,0.007852496984521774,3.76,0.14,0.01
2361,17574,0.1652825,2262,100,5.318,0.85,8.11,0.18,0.18,0.18,0.008038175047984897,3.83,0.14,0.01
2362,17578,0.16509249999999998,2263,100,5.524,0.86,8.06,0.18,0.18,0.18,0.008221003805275936,3.75,0.13,0.01
2363,17584,0.1648075000000001,2264,100,5.524,0.86,8.06,0.18,0.18,0.18,0.008367855156682983,3.76,0.13,0.01
2364,17595,0.16428500000000001,2265,100,5.499999999999999,0.86,8.13,0.18,0.18,0.18,0.008587488219264769,3.77,0.13,0.01
2365,17600,0.1640475,2266,100,5.5015,0.86,8.13,0.18,0.18,0.18,0.00873986529571178,3.77,0.13,0.01
2366,17606,0.16376250000000003,2267,100,5.499999999999999,0.86,8.14,0.18,0.18,0.18,0.008992966892630978,3.77,0.13,0.01
2367,17609,0.1636200000000001,2268,100,5.518,0.86,8.06,0.18,0.18,0.18,0.009149078475236654,3.69,0.13,0.01
2368,17615,0.163335,2269,100,5.505999999999999,0.86,8.1,0.18,0.18,0.18,0.009276859313562895,3.72,0.13,0.01
2369,17618,0.16319250000000007,2270,100,5.524,0.86,8.04,0.18,0.18,0.18,0.009424871329609065,3.66,0.13,0.01
2370,17619,0.16314499999999998,2271,100,5.355499999999999,0.85,7.9,0.18,0.18,0.18,0.009577054881959292,3.53,0.14,0.01
2371,17624,0.1629075000000001,2272,100,5.3614999999999995,0.85,7.87,0.18,0.18,0.18,0.009696488073913451,3.48,0.14,0.01
2372,17628,0.16271750000000007,2273,100,5.3614999999999995,0.85,7.87,0.18,0.18,0.18,0.00979774467030361,3.5,0.14,0.01
2373,17638,0.16224250000000007,2274,100,5.5405,0.86,7.95,0.18,0.18,0.18,0.009909623524293374,3.55,0.13,0.01
2374,17644,0.1619575000000001,2275,100,5.5355,0.86,7.92,0.19,0.19,0.19,0.010068451967675309,3.47,0.13,0.01
2375,17659,0.16124499999999997,2276,100,5.5355,0.86,7.92,0.19,0.19,0.19,0.010249319495597304,3.52,0.13,0.01
2376,17661,0.16115000000000002,2277,100,5.563,0.86,7.81,0.18,0.18,0.18,0.010358076870692057,3.44,0.13,0.01
2377,17664,0.16100750000000008,2278,100,5.564499999999999,0.86,7.8,0.18,0.18,0.18,0.01049709905615924,3.41,0.13,0.01
2378,17668,0.16081750000000006,2279,100,5.574,0.86,7.78,0.17,0.17,0.17,0.010575269018084836,3.41,0.13,0.01
2379,17671,0.16067500000000012,2280,100,5.585999999999999,0.86,7.73,0.17,0.17,0.17,0.010632163068976503,3.42,0.13,0.01
2380,17674,0.16053249999999997,2281,100,5.797999999999999,0.87,7.68,0.17,0.17,0.17,0.010784100218034134,3.42,0.12,0.01
2381,17680,0.1602475,2282,100,5.812499999999999,0.87,7.56,0.18,0.18,0.18,0.010856356686865591,3.41,0.12,0.01
2382,17684,0.16005750000000007,2283,100,5.810999999999999,0.87,7.56,0.18,0.18,0.18,0.010929090730216966,3.38,0.12,0.01
2383,17692,0.15967750000000014,2284,100,5.999,0.88,7.6,0.18,0.18,0.18,0.01103631267878195,3.46,0.11,0.01
2384,17695,0.15953499999999998,2285,100,6.004999999999999,0.88,7.58,0.18,0.18,0.18,0.011244413569367482,3.44,0.11,0.01
2385,17703,0.15915500000000005,2286,100,5.989999999999998,0.88,7.64,0.18,0.18,0.18,0.01181162930399458,3.48,0.11,0.01
2386,17708,0.15891750000000004,2287,100,5.995999999999999,0.88,7.62,0.18,0.18,0.18,0.012130525089132592,3.47,0.11,0.01
2387,17715,0.15858499999999998,2288,100,6.009499999999999,0.88,7.55,0.18,0.18,0.18,0.012735608408042087,3.47,0.11,0.01
2388,17719,0.15839500000000006,2289,100,6.020499999999999,0.88,7.52,0.17,0.17,0.17,0.01322507856664593,3.43,0.11,0.01
2389,17723,0.15820500000000004,2290,100,6.229,0.89,7.43,0.18,0.18,0.18,0.013495498619025728,3.44,0.1,0.01
2390,17726,0.1580625000000001,2291,100,6.2364999999999995,0.89,7.38,0.18,0.18,0.18,0.013723935539128802,3.44,0.1,0.01
2391,17733,0.15773000000000004,2292,100,6.252999999999999,0.89,7.33,0.18,0.18,0.18,0.01403741677532701,3.44,0.1,0.01
2392,17739,0.15744500000000006,2293,100,6.0634999999999994,0.88,7.29,0.18,0.18,0.18,0.014057197696921559,3.43,0.11,0.01
2393,17744,0.15720750000000006,2294,100,6.072499999999999,0.88,7.26,0.18,0.18,0.18,0.014155140133966834,3.41,0.11,0.01
2394,17751,0.1568750000000001,2295,100,6.0634999999999994,0.88,7.3,0.18,0.18,0.18,0.014348442589724182,3.44,0.11,0.01
2395,17756,0.15663749999999999,2296,100,6.0695,0.88,7.26,0.18,0.18,0.18,0.014590073588785151,3.43,0.11,0.01
2396,17765,0.15621000000000007,2297,100,6.068,0.88,7.27,0.18,0.18,0.18,0.015229415000017683,3.41,0.11,0.01
2397,17768,0.15606750000000003,2298,100,5.884499999999999,0.87,7.19,0.18,0.18,0.18,0.015627655907869176,3.3,0.12,0.01
2398,17786,0.1552125000000001,2299,100,5.872999999999999,0.87,7.27,0.17,0.17,0.17,0.015721689748705928,3.4,0.12,0.01
2399,17794,0.15483250000000004,2300,100,5.860999999999999,0.87,7.32,0.17,0.17,0.17,0.01580967726152167,3.39,0.12,0.01
2400,17800,0.15454750000000006,2301,100,5.854499999999999,0.87,7.33,0.18,0.18,0.18,0.015879586694114163,3.41,0.12,0.01
2401,17805,0.15431000000000006,2302,100,5.855999999999999,0.87,7.33,0.18,0.18,0.18,0.01590492858300383,3.39,0.12,0.01
2402,17809,0.15412000000000003,2303,100,6.0465,0.88,7.34,0.19,0.19,0.19,0.015880829948982475,3.39,0.11,0.01
2403,17815,0.15383499999999994,2304,100,6.042999999999999,0.88,7.34,0.2,0.2,0.2,0.015912318749869495,3.42,0.11,0.01
2404,17820,0.15359750000000005,2305,100,6.039999999999999,0.88,7.35,0.2,0.2,0.2,0.015911664416598408,3.43,0.11,0.01
2405,17823,0.153455,2306,100,6.049499999999999,0.88,7.33,0.19,0.19,0.19,0.015928363959510753,3.43,0.11,0.01
2406,17853,0.1520300000000001,2307,100,5.910999999999999,0.87,7.56,0.19,0.19,0.19,0.015890701566119443,3.7,0.11,0.02
2407,17861,0.15165000000000006,2308,100,5.910999999999999,0.87,7.56,0.19,0.19,0.19,0.015853515398800137,3.74,0.11,0.02
2408,17863,0.151555,2309,100,6.147499999999999,0.88,7.39,0.18,0.18,0.18,0.015834978441525212,3.66,0.1,0.02
2409,17867,0.15136500000000008,2310,100,6.142499999999999,0.88,7.39,0.19,0.19,0.19,0.015833627709470652,3.65,0.1,0.02
2410,17870,0.15122250000000004,2311,100,6.145499999999999,0.88,7.38,0.19,0.19,0.19,0.01583145941861032,3.64,0.1,0.02
2411,17873,0.1510800000000001,2312,100,6.148499999999999,0.88,7.37,0.19,0.19,0.19,0.015845516534184378,3.64,0.1,0.02
2412,17879,0.150795,2313,100,6.145499999999999,0.88,7.38,0.19,0.19,0.19,0.015841389123323023,3.63,0.1,0.02
2413,17882,0.15065250000000008,2314,100,6.145499999999999,0.88,7.38,0.19,0.19,0.19,0.0158540746106803,3.61,0.1,0.02
2414,17886,0.15046250000000005,2315,100,6.162499999999999,0.88,7.32,0.18,0.18,0.18,0.015840451157352848,3.59,0.1,0.02
2415,17889,0.15032000000000012,2316,100,6.166999999999999,0.88,7.3,0.18,0.18,0.18,0.015821073346161865,3.6,0.1,0.02
2416,17893,0.1501300000000001,2317,100,6.358,0.89,7.33,0.18,0.18,0.18,0.015793555828133247,3.62,0.09,0.02
2417,17896,0.14998750000000005,2318,100,6.364,0.89,7.31,0.18,0.18,0.18,0.015762851329842235,3.6,0.09,0.02
2418,17898,0.14989249999999998,2319,100,6.383499999999999,0.89,7.22,0.18,0.18,0.18,0.015745320700325062,3.53,0.09,0.02
2419,17902,0.14970250000000007,2320,100,6.424499999999999,0.89,7.02,0.17,0.17,0.17,0.015739322225177807,3.43,0.09,0.02
2420,17905,0.14956000000000003,2321,100,6.6605,0.9,6.81,0.17,0.17,0.17,0.015751522233673515,3.43,0.08,0.02
2421,17907,0.14946500000000007,2322,100,6.664999999999999,0.9,6.78,0.17,0.17,0.17,0.015773039045241806,3.4,0.08,0.02
2422,17914,0.1491325000000001,2323,100,6.6739999999999995,0.9,6.76,0.17,0.17,0.17,0.015785478769432763,3.44,0.08,0.02
2423,17919,0.148895,2324,100,6.8755,0.91,6.73,0.17,0.17,0.17,0.015794053015512427,3.46,0.07,0.02
2424,17922,0.14875250000000007,2325,100,6.904,0.91,6.61,0.17,0.17,0.17,0.015801829768558043,3.33,0.07,0.02
2425,17924,0.1486575,2326,100,6.928,0.91,6.5,0.17,0.17,0.17,0.01579439517321761,3.31,0.07,0.02
2426,17928,0.14846750000000009,2327,100,6.9265,0.91,6.5,0.17,0.17,0.17,0.015802779543229818,3.33,0.07,0.02
2427,17930,0.14837250000000002,2328,100,6.953499999999999,0.91,6.37,0.17,0.17,0.17,0.01578210942417769,3.22,0.07,0.02
2428,17934,0.1481825000000001,2329,100,6.9565,0.91,6.35,0.17,0.17,0.17,0.01578741970743361,3.25,0.07,0.02
2429,17938,0.14799249999999997,2330,100,6.9565,0.91,6.35,0.17,0.17,0.17,0.01577511565332609,3.23,0.07,0.02
2430,17941,0.14785000000000004,2331,100,6.969999999999999,0.91,6.27,0.17,0.17,0.17,0.015761343704103044,3.21,0.07,0.02
2431,17956,0.14713750000000003,2332,100,6.9565,0.91,6.33,0.17,0.17,0.17,0.015758370015440164,3.25,0.07,0.02
2432,17959,0.146995,2333,100,6.9615,0.91,6.33,0.16,0.16,0.16,0.015761090542170186,3.25,0.07,0.02
2433,17965,0.14671,2334,100,6.973499999999999,0.91,6.27,0.16,0.16,0.16,0.015712321646181523,3.2,0.07,0.02
2434,17981,0.14595000000000002,2335,100,7.174999999999999,0.92,6.22,0.16,0.16,0.16,0.01572684556592952,3.24,0.06,0.02
2435,17995,0.145285,2336,100,7.178,0.92,6.16,0.16,0.16,0.16,0.015754574364712105,3.29,0.06,0.02
2436,17998,0.14514249999999995,2337,100,7.182499999999999,0.92,6.14,0.16,0.16,0.16,0.0157870119670806,3.27,0.06,0.02
2437,18002,0.14495250000000004,2338,100,7.1715,0.92,6.16,0.17,0.17,0.17,0.015912882468004666,3.26,0.06,0.02
2438,18006,0.14476250000000002,2339,100,7.189499999999999,0.92,6.04,0.17,0.17,0.17,0.016105998951938073,3.28,0.06,0.02
2439,18013,0.14443000000000006,2340,100,7.3294999999999995,0.93,5.81,0.17,0.17,0.17,0.01626226559323115,3.28,0.06,0.01
2440,18015,0.1443350000000001,2341,100,7.349,0.93,5.73,0.17,0.17,0.17,0.016386514280641876,3.25,0.06,0.01
2441,18026,0.1438125,2342,100,7.343499999999999,0.93,5.79,0.16,0.16,0.16,0.01653672456562968,3.33,0.06,0.01
2442,18030,0.1436225000000001,2343,100,7.354,0.93,5.74,0.16,0.16,0.16,0.016618592941177738,3.32,0.06,0.01
2443,18035,0.1433850000000001,2344,100,7.372499999999999,0.93,5.68,0.15,0.15,0.15,0.016751079710937936,3.31,0.06,0.01
2444,18040,0.14314749999999998,2345,100,7.169499999999999,0.92,5.69,0.15,0.15,0.15,0.016849292513371347,3.33,0.07,0.01
2445,18043,0.14300500000000005,2346,100,7.1865,0.92,5.64,0.14,0.14,0.14,0.016886249296134546,3.28,0.07,0.01
2446,18048,0.14276750000000005,2347,100,7.1949999999999985,0.92,5.58,0.15,0.15,0.15,0.017014732192080172,3.27,0.07,0.01
2447,18060,0.14219749999999998,2348,100,6.9895,0.91,5.65,0.14,0.14,0.14,0.017096704997397662,3.35,0.08,0.01
2448,18063,0.14205500000000004,2349,100,6.9944999999999995,0.91,5.65,0.13,0.13,0.13,0.01714989291190078,3.37,0.08,0.01
2449,18068,0.14181750000000004,2350,100,7.004999999999999,0.91,5.61,0.13,0.13,0.13,0.01707083310778368,3.33,0.08,0.01
2450,18074,0.14153250000000006,2351,100,6.999,0.91,5.63,0.13,0.13,0.13,0.016904974394339356,3.32,0.08,0.01
2451,18079,0.14129500000000006,2352,100,7.1949999999999985,0.92,5.66,0.12,0.12,0.12,0.016711659433181616,3.34,0.07,0.01
2452,18082,0.14115250000000001,2353,100,7.1949999999999985,0.92,5.66,0.12,0.12,0.12,0.016573257177929613,3.36,0.07,0.01
2453,18092,0.14067750000000012,2354,100,7.190499999999999,0.92,5.68,0.12,0.12,0.12,0.016479472390703145,3.38,0.07,0.01
2454,18094,0.14058250000000005,2355,100,6.9965,0.91,5.66,0.12,0.12,0.12,0.016378906805395367,3.39,0.08,0.01
2455,18099,0.14034500000000005,2356,100,6.993499999999999,0.91,5.67,0.12,0.12,0.12,0.016332392501506244,3.37,0.08,0.01
2456,18105,0.14006000000000007,2357,100,6.996999999999999,0.91,5.68,0.11,0.11,0.11,0.016314384089644286,3.4,0.08,0.01
2457,18113,0.13968000000000003,2358,100,6.9864999999999995,0.91,5.73,0.11,0.11,0.11,0.0162977075311522,3.4,0.08,0.01
2458,18117,0.13949,2359,100,6.988499999999999,0.91,5.74,0.1,0.1,0.1,0.016223120679940316,3.4,0.08,0.01
2459,18122,0.1392525,2360,100,6.803,0.9,5.64,0.11,0.11,0.11,0.016133908823925288,3.4,0.09,0.01
2460,18127,0.139015,2361,100,6.812499999999999,0.9,5.62,0.1,0.1,0.1,0.0160421474996367,3.4,0.09,0.01
2461,18130,0.13887250000000007,2362,100,6.820999999999999,0.9,5.56,0.11,0.11,0.11,0.015892922540840234,3.33,0.09,0.01
2462,18142,0.1383025,2363,100,6.807499999999999,0.9,5.64,0.11,0.11,0.11,0.015706398663057487,3.35,0.09,0.01
2463,18148,0.13801750000000002,2364,100,6.807499999999999,0.9,5.64,0.11,0.11,0.11,0.015586823584923993,3.34,0.09,0.01
2464,18171,0.13692500000000007,2365,100,6.593999999999999,0.89,5.76,0.11,0.11,0.11,0.015379711963335551,3.4,0.1,0.01
2465,18173,0.13683000000000012,2366,100,6.394999999999999,0.88,5.73,0.12,0.12,0.12,0.015278512901725747,3.38,0.11,0.01
2466,18176,0.13668750000000007,2367,100,6.199,0.87,5.7,0.13,0.13,0.13,0.015069321010050554,3.34,0.12,0.01
2467,18191,0.13597500000000007,2368,100,5.974999999999999,0.86,5.82,0.13,0.13,0.13,0.014982125743701932,3.4,0.13,0.01
2468,18199,0.13559500000000002,2369,100,5.9765,0.86,5.84,0.13,0.13,0.13,0.014922330854365791,3.44,0.13,0.01
2469,18203,0.135405,2370,100,5.973499999999999,0.86,5.85,0.13,0.13,0.13,0.014828238570579829,3.44,0.13,0.01
2470,18212,0.13497750000000008,2371,100,6.152499999999999,0.87,5.93,0.13,0.13,0.13,0.01476326761925943,3.51,0.12,0.01
2471,18222,0.13450249999999997,2372,100,6.138999999999999,0.87,5.98,0.13,0.13,0.13,0.01470521484380938,3.56,0.12,0.01
2472,18226,0.13431250000000006,2373,100,6.138999999999999,0.87,5.98,0.13,0.13,0.13,0.014641034158369301,3.55,0.12,0.01
2473,18229,0.13417,2374,100,5.951999999999999,0.86,5.91,0.14,0.14,0.14,0.014566946911116839,3.5,0.13,0.01
2474,18233,0.1339800000000001,2375,100,5.764499999999999,0.85,5.89,0.13,0.13,0.13,0.014442543935142852,3.49,0.14,0.01
2475,18238,0.1337425,2376,100,5.7855,0.85,5.79,0.13,0.13,0.13,0.014289728336769243,3.39,0.14,0.01
2476,18241,0.13360000000000005,2377,100,5.777499999999999,0.85,5.8,0.14,0.14,0.14,0.014262313577769099,3.39,0.14,0.01
2477,18249,0.13322,2378,100,5.763999999999999,0.85,5.85,0.14,0.14,0.14,0.014201345196183546,3.44,0.14,0.01
2478,18254,0.13298250000000011,2379,100,5.762499999999999,0.85,5.86,0.14,0.14,0.14,0.01421509619821213,3.41,0.14,0.01
2479,18259,0.132745,2380,100,5.757999999999999,0.85,5.88,0.14,0.14,0.14,0.014254659784526651,3.4,0.14,0.01
2480,18267,0.13236500000000007,2381,100,5.7444999999999995,0.85,5.93,0.14,0.14,0.14,0.014172525275533174,3.44,0.14,0.01
2481,18274,0.1320325000000001,2382,100,5.7509999999999994,0.85,5.94,0.13,0.13,0.13,0.014187917292729151,3.45,0.14,0.01
2482,18280,0.13174750000000002,2383,100,5.744999999999999,0.85,5.96,0.13,0.13,0.13,0.014209698782603078,3.47,0.14,0.01
2483,18287,0.13141500000000006,2384,100,5.742999999999999,0.85,5.95,0.14,0.14,0.14,0.014177856917411176,3.45,0.14,0.01
2484,18296,0.13098750000000003,2385,100,5.7265,0.85,6.01,0.14,0.14,0.14,0.01406457438880876,3.47,0.14,0.01
2485,18299,0.130845,2386,100,5.738499999999999,0.85,5.96,0.14,0.14,0.14,0.013548196437091755,3.42,0.14,0.01
2486,18307,0.13046500000000005,2387,100,5.5355,0.84,5.99,0.14,0.14,0.14,0.01328201851204336,3.37,0.15,0.01
2487,18309,0.1303700000000001,2388,100,5.5474999999999985,0.84,5.94,0.14,0.14,0.14,0.012711743446953385,3.37,0.15,0.01
2488,18312,0.13022750000000005,2389,100,5.350499999999999,0.83,5.93,0.14,0.14,0.14,0.01227660376884519,3.36,0.16,0.01
2489,18317,0.12999000000000005,2390,100,5.352499999999999,0.83,5.94,0.13,0.13,0.13,0.012056247906559247,3.39,0.16,0.01
2490,18322,0.12975250000000005,2391,100,5.3415,0.83,5.96,0.14,0.14,0.14,0.011776864704786281,3.38,0.16,0.01
2491,18327,0.12951500000000005,2392,100,5.344499999999999,0.83,5.94,0.14,0.14,0.14,0.011513737028175843,3.37,0.16,0.01
2492,18354,0.12823250000000008,2393,100,5.313,0.83,6.15,0.14,0.14,0.14,0.011412052914625326,3.6,0.16,0.01
2493,18357,0.12809000000000004,2394,100,5.317499999999999,0.83,6.13,0.14,0.14,0.14,0.011293728380589108,3.61,0.16,0.01
2494,18363,0.12780500000000006,2395,100,5.319,0.83,6.12,0.14,0.14,0.14,0.0111115464697335,3.59,0.16,0.01
2495,18364,0.12775749999999997,2396,100,5.130999999999999,0.82,6.08,0.14,0.14,0.14,0.010830375352755571,3.59,0.17,0.01
2496,18367,0.12761500000000003,2397,100,5.143,0.82,6.02,0.14,0.14,0.14,0.010220929698071929,3.57,0.17,0.01
2497,18371,0.127425,2398,100,5.339999999999999,0.83,6.03,0.14,0.14,0.14,0.009826914112689149,3.6,0.16,0.01
2498,18379,0.12704499999999996,2399,100,5.360999999999999,0.83,5.93,0.14,0.14,0.14,0.009720803263129118,3.5,0.16,0.01
2499,18383,0.12685500000000005,2400,100,5.366499999999999,0.83,5.89,0.15,0.15,0.15,0.009621373972853097,3.51,0.16,0.01
2500,18388,0.12661750000000005,2401,100,5.3694999999999995,0.83,5.88,0.15,0.15,0.15,0.009537485761410319,3.47,0.16,0.01
2501,18392,0.12642750000000003,2402,100,5.370999999999999,0.83,5.87,0.15,0.15,0.15,0.009510640188893995,3.49,0.16,0.01
2502,18397,0.12619000000000014,2403,100,5.372999999999999,0.83,5.88,0.14,0.14,0.14,0.009493549534194864,3.5,0.16,0.01
2503,18399,0.12609499999999996,2404,100,5.388499999999999,0.83,5.84,0.13,0.13,0.13,0.009467646501878348,3.47,0.16,0.01
2504,18407,0.12571500000000002,2405,100,5.3854999999999995,0.83,5.87,0.13,0.13,0.13,0.009437737088454027,3.46,0.16,0.01
2505,18411,0.1255250000000001,2406,100,5.3839999999999995,0.83,5.88,0.13,0.13,0.13,0.00940199104870894,3.49,0.16,0.01
2506,18418,0.12519250000000004,2407,100,5.519499999999999,0.84,5.65,0.13,0.13,0.13,0.009407213759201472,3.24,0.16,0.0
2507,18422,0.12500250000000002,2408,100,5.528499999999999,0.84,5.61,0.13,0.13,0.13,0.009441877158766506,3.2,0.16,0.0
2508,18427,0.12476500000000001,2409,100,5.524,0.84,5.64,0.13,0.13,0.13,0.009493625524861632,3.24,0.16,0.0
2509,18440,0.12414749999999997,2410,100,5.513999999999999,0.84,5.73,0.12,0.12,0.12,0.009509130046340603,3.32,0.16,0.0
2510,18446,0.12386249999999999,2411,100,5.304999999999999,0.83,5.76,0.12,0.12,0.12,0.009547100538801678,3.3,0.17,0.0
2511,18450,0.12367250000000007,2412,100,5.303499999999999,0.83,5.77,0.12,0.12,0.12,0.009530376632257951,3.33,0.17,0.0
2512,18453,0.12353000000000003,2413,100,5.312499999999999,0.83,5.74,0.12,0.12,0.12,0.009526053313346857,3.35,0.17,0.0
2513,18461,0.12314999999999998,2414,100,5.101999999999999,0.82,5.79,0.12,0.12,0.12,0.009523667558471328,3.38,0.18,0.0
2514,18469,0.12277000000000005,2415,100,5.093,0.82,5.83,0.12,0.12,0.12,0.009536318486000067,3.41,0.18,0.0
2515,18473,0.12258000000000002,2416,100,5.084999999999999,0.82,5.84,0.13,0.13,0.13,0.0095425480231512,3.41,0.18,0.0
2516,18503,0.12115500000000001,2417,100,4.940499999999999,0.81,6.1,0.13,0.13,0.13,0.009585315544067538,3.61,0.18,0.01
2517,18533,0.11973000000000011,2418,100,4.794499999999999,0.8,6.37,0.13,0.13,0.13,0.009750666440373873,3.59,0.18,0.02
2518,18538,0.11949250000000011,2419,100,4.786999999999999,0.8,6.4,0.13,0.13,0.13,0.009903248925369819,3.63,0.18,0.02
2519,18542,0.11930249999999998,2420,100,4.788499999999999,0.8,6.4,0.13,0.13,0.13,0.010024591112418687,3.66,0.18,0.02
2520,18544,0.11920750000000002,2421,100,4.791499999999999,0.8,6.39,0.13,0.13,0.13,0.01012513845389333,3.66,0.18,0.02
2521,18551,0.11887500000000006,2422,100,4.980999999999999,0.81,6.44,0.13,0.13,0.13,0.010210599936498562,3.73,0.17,0.02
2522,18552,0.11882750000000009,2423,100,4.992999999999999,0.81,6.38,0.13,0.13,0.13,0.010346772398620276,3.67,0.17,0.02
2523,18555,0.11868500000000004,2424,100,4.998999999999999,0.81,6.36,0.13,0.13,0.13,0.010412370772232045,3.66,0.17,0.02
2524,18563,0.118305,2425,100,4.981999999999999,0.81,6.41,0.14,0.14,0.14,0.010498953826546102,3.72,0.17,0.02
2525,18565,0.11821000000000004,2426,100,4.981999999999999,0.81,6.41,0.14,0.14,0.14,0.010565093610722005,3.72,0.17,0.02
2526,18577,0.11764000000000008,2427,100,4.97,0.81,6.49,0.14,0.14,0.14,0.010611572382171381,3.7,0.17,0.02
2527,18581,0.11744999999999994,2428,100,4.7604999999999995,0.8,6.51,0.15,0.15,0.15,0.010687647021972318,3.69,0.18,0.02
2528,18589,0.11707000000000001,2429,100,4.754499999999999,0.8,6.55,0.15,0.15,0.15,0.010742499946922272,3.73,0.18,0.02
2529,18592,0.11692750000000007,2430,100,4.7589999999999995,0.8,6.54,0.15,0.15,0.15,0.01080530768205557,3.73,0.18,0.02
2530,18596,0.11673750000000005,2431,100,4.757499999999999,0.8,6.55,0.15,0.15,0.15,0.010904652385734853,3.73,0.18,0.02
2531,18601,0.11650000000000005,2432,100,4.775499999999999,0.8,6.45,0.15,0.15,0.15,0.010959814311388469,3.69,0.18,0.02
2532,18605,0.11631000000000002,2433,100,4.772499999999999,0.8,6.46,0.15,0.15,0.15,0.011015835460503484,3.69,0.18,0.02
2533,18612,0.11597750000000007,2434,100,4.772499999999999,0.8,6.47,0.15,0.15,0.15,0.011094670099644998,3.73,0.18,0.02
2534,18614,0.11588250000000011,2435,100,4.600999999999999,0.79,6.33,0.15,0.15,0.15,0.011163967400442187,3.71,0.19,0.02
2535,18620,0.11559750000000002,2436,100,4.6205,0.79,6.25,0.15,0.15,0.15,0.011219721089679304,3.62,0.19,0.02
2536,18631,0.11507500000000004,2437,100,4.606999999999999,0.79,6.33,0.15,0.15,0.15,0.011269861522551631,3.62,0.19,0.02
2537,18640,0.11464750000000012,2438,100,4.603,0.79,6.38,0.14,0.14,0.14,0.01121661773684311,3.63,0.19,0.02
2538,18641,0.11460000000000004,2439,100,4.411999999999999,0.78,6.35,0.14,0.14,0.14,0.011042609198827925,3.61,0.2,0.02
2539,18671,0.11317500000000003,2440,100,4.257999999999999,0.77,6.58,0.15,0.15,0.15,0.010974325073184098,3.78,0.2,0.03
2540,18673,0.11308000000000007,2441,100,4.257999999999999,0.77,6.58,0.15,0.15,0.15,0.010968860724242056,3.78,0.2,0.03
2541,18677,0.11289000000000005,2442,100,4.27,0.77,6.51,0.15,0.15,0.15,0.01093050811450301,3.71,0.2,0.03
2542,18685,0.11251,2443,100,4.060999999999999,0.76,6.55,0.15,0.15,0.15,0.010895022533473804,3.78,0.21,0.03
2543,18687,0.11241500000000004,2444,100,3.868499999999999,0.75,6.52,0.15,0.15,0.15,0.01086215149947746,3.79,0.22,0.03
2544,18692,0.11217750000000004,2445,100,3.868499999999999,0.75,6.52,0.15,0.15,0.15,0.010845099839953019,3.76,0.22,0.03
2545,18696,0.11198750000000002,2446,100,3.8654999999999995,0.75,6.53,0.15,0.15,0.15,0.010842771961148762,3.76,0.22,0.03
2546,18706,0.11151250000000001,2447,100,3.861499999999999,0.75,6.58,0.14,0.14,0.14,0.010771388877443904,3.82,0.22,0.03
2547,18710,0.11132249999999999,2448,100,4.074999999999999,0.76,6.5,0.14,0.14,0.14,0.010755216509830141,3.72,0.21,0.03
2548,18716,0.11103750000000012,2449,100,4.067499999999999,0.76,6.53,0.14,0.14,0.14,0.010721320185760592,3.7,0.21,0.03
2549,18720,0.1108475000000001,2450,100,4.063999999999999,0.76,6.52,0.15,0.15,0.15,0.010687882517181892,3.71,0.21,0.03
2550,18726,0.11056250000000001,2451,100,4.063999999999999,0.76,6.52,0.15,0.15,0.15,0.010651098951104342,3.74,0.21,0.03
2551,18731,0.110325,2452,100,4.063999999999999,0.76,6.52,0.15,0.15,0.15,0.010634730020876289,3.71,0.21,0.03
2552,18738,0.10999250000000005,2453,100,4.053499999999999,0.76,6.56,0.15,0.15,0.15,0.010580295883679165,3.69,0.21,0.03
2553,18748,0.10951750000000005,2454,100,4.055,0.76,6.56,0.15,0.15,0.15,0.010549403807708396,3.62,0.21,0.03
2554,18755,0.10918500000000009,2455,100,4.2379999999999995,0.77,6.61,0.16,0.16,0.16,0.010548612479547505,3.65,0.2,0.03
2555,18761,0.10890000000000011,2456,100,4.2364999999999995,0.77,6.62,0.16,0.16,0.16,0.01052343192863449,3.68,0.2,0.03
2556,18766,0.1086625,2457,100,4.2379999999999995,0.77,6.61,0.16,0.16,0.16,0.010483862564705158,3.66,0.2,0.03
2557,18769,0.10852000000000006,2458,100,4.248499999999999,0.77,6.56,0.16,0.16,0.16,0.010446599541348562,3.68,0.2,0.03
2558,18772,0.10837750000000002,2459,100,4.451499999999999,0.78,6.55,0.16,0.16,0.16,0.010468140881935602,3.69,0.19,0.03
2559,18775,0.10823500000000008,2460,100,4.459499999999999,0.78,6.53,0.15,0.15,0.15,0.010427763470565126,3.68,0.19,0.03
2560,18780,0.10799750000000008,2461,100,4.4639999999999995,0.78,6.53,0.15,0.15,0.15,0.010397309870575711,3.7,0.19,0.03
2561,18785,0.10775999999999997,2462,100,4.462999999999999,0.78,6.55,0.14,0.14,0.14,0.01040171594774211,3.72,0.19,0.03
2562,18795,0.10728500000000007,2463,100,4.468999999999999,0.78,6.53,0.14,0.14,0.14,0.010376472325724084,3.71,0.19,0.03
2563,18798,0.10714250000000003,2464,100,4.2764999999999995,0.77,6.5,0.14,0.14,0.14,0.010384200968973805,3.73,0.2,0.03
2564,18799,0.10709500000000005,2465,100,4.52,0.78,6.28,0.14,0.14,0.14,0.010362931114451213,3.67,0.19,0.03
2565,18804,0.10685750000000005,2466,100,4.715999999999999,0.79,6.31,0.13,0.13,0.13,0.01034161345457397,3.69,0.18,0.03
2566,18810,0.10657250000000007,2467,100,4.913499999999999,0.8,6.34,0.12,0.12,0.12,0.010350149490079405,3.7,0.17,0.03
2567,18813,0.10643000000000002,2468,100,5.137499999999999,0.81,6.22,0.12,0.12,0.12,0.010330751684013626,3.62,0.16,0.03
2568,18820,0.10609750000000007,2469,100,5.130999999999999,0.81,6.21,0.13,0.13,0.13,0.01037456359827519,3.6,0.16,0.03
2569,18821,0.10605000000000009,2470,100,5.139999999999999,0.81,6.18,0.13,0.13,0.13,0.010439063324561348,3.58,0.16,0.03
2570,18829,0.10567000000000004,2471,100,5.134999999999999,0.81,6.17,0.14,0.14,0.14,0.010545598252437807,3.59,0.16,0.03
2571,18836,0.10533750000000008,2472,100,5.145499999999999,0.81,6.14,0.14,0.14,0.14,0.01074066062753308,3.56,0.16,0.03
2572,18845,0.10491000000000006,2473,100,5.138,0.81,6.19,0.14,0.14,0.14,0.01081223808770184,3.63,0.16,0.03
2573,18849,0.10472000000000004,2474,100,5.334999999999999,0.82,6.2,0.14,0.14,0.14,0.010817684023232427,3.65,0.15,0.03
2574,18858,0.10429250000000012,2475,100,5.5245,0.83,6.25,0.14,0.14,0.14,0.010865382820269632,3.66,0.14,0.03
2575,18863,0.10405500000000001,2476,100,5.5245,0.83,6.25,0.14,0.14,0.14,0.010882367269037829,3.66,0.14,0.03
2576,18873,0.10358,2477,100,5.515999999999999,0.83,6.32,0.13,0.13,0.13,0.010884468394543894,3.73,0.14,0.03
2577,18878,0.10334250000000011,2478,100,5.524999999999999,0.83,6.29,0.13,0.13,0.13,0.010886638531906447,3.71,0.14,0.03
2578,18881,0.10320000000000007,2479,100,5.523,0.83,6.27,0.14,0.14,0.14,0.010873074921293103,3.72,0.14,0.03
2579,18882,0.10315250000000009,2480,100,5.333499999999999,0.82,6.23,0.14,0.14,0.14,0.010885722641346893,3.71,0.15,0.03
2580,18887,0.10291499999999998,2481,100,5.340999999999999,0.82,6.2,0.14,0.14,0.14,0.010870593965964308,3.66,0.15,0.03
2581,18891,0.10272500000000007,2482,100,5.343999999999999,0.82,6.17,0.14,0.14,0.14,0.010841484757784937,3.6,0.15,0.03
2582,18898,0.10239250000000011,2483,100,5.3424999999999985,0.82,6.18,0.14,0.14,0.14,0.010807327839569683,3.62,0.15,0.03
2583,18908,0.1019175,2484,100,5.345999999999999,0.82,6.21,0.13,0.13,0.13,0.0107990284932882,3.58,0.15,0.03
2584,18917,0.10149000000000008,2485,100,5.350499999999999,0.82,6.21,0.13,0.13,0.13,0.010758810355980072,3.63,0.15,0.03
2585,18921,0.10130000000000006,2486,100,5.349,0.82,6.22,0.13,0.13,0.13,0.010767484399909277,3.63,0.15,0.03
2586,18930,0.10087250000000003,2487,100,5.545999999999999,0.83,6.23,0.13,0.13,0.13,0.010760066534992846,3.72,0.14,0.03
2587,18935,0.10063500000000003,2488,100,5.536999999999999,0.83,6.26,0.13,0.13,0.13,0.010764877845202178,3.72,0.14,0.03
2588,18939,0.10044500000000012,2489,100,5.734,0.84,6.27,0.13,0.13,0.13,0.010774020527546523,3.73,0.13,0.03
2589,18944,0.1002075,2490,100,5.734,0.84,6.27,0.13,0.13,0.13,0.010775568507668788,3.73,0.13,0.03
2590,18947,0.10006499999999996,2491,100,5.744999999999999,0.84,6.25,0.12,0.12,0.12,0.01077843562953911,3.73,0.13,0.03
2591,18955,0.09968500000000002,2492,100,5.741999999999999,0.84,6.28,0.12,0.12,0.12,0.010780537119929596,3.69,0.13,0.03
2592,18959,0.09949500000000011,2493,100,5.979499999999999,0.85,6.05,0.12,0.12,0.12,0.010814144397690083,3.46,0.12,0.03
2593,18966,0.09916250000000004,2494,100,5.9719999999999995,0.85,6.09,0.12,0.12,0.12,0.010803570374716862,3.5,0.12,0.03
2594,18972,0.09887750000000006,2495,100,5.773499999999999,0.84,6.09,0.12,0.12,0.12,0.010787244539112641,3.46,0.13,0.03
2595,18978,0.09859250000000008,2496,100,5.954999999999999,0.85,6.14,0.13,0.13,0.13,0.010784185940735831,3.46,0.12,0.03
2596,18981,0.09845000000000004,2497,100,5.954999999999999,0.85,6.14,0.13,0.13,0.13,0.010743604706625933,3.46,0.12,0.03
2597,18985,0.09826000000000001,2498,100,5.954999999999999,0.85,6.14,0.13,0.13,0.13,0.010752389569792443,3.47,0.12,0.03
2598,18991,0.09797500000000003,2499,100,5.954999999999999,0.85,6.12,0.13,0.13,0.13,0.010715819355940926,3.46,0.12,0.03
2599,18998,0.09764250000000008,2500,100,5.7555,0.84,6.15,0.12,0.12,0.12,0.010729519621910474,3.51,0.13,0.03
2600,19003,0.09740500000000007,2501,100,5.7589999999999995,0.84,6.15,0.11,0.11,0.11,0.010819270272714964,3.54,0.13,0.03
2601,19008,0.09716749999999996,2502,100,5.755999999999999,0.84,6.16,0.11,0.11,0.11,0.01089604676791834,3.51,0.13,0.03
2602,19013,0.09693000000000007,2503,100,5.755999999999999,0.84,6.16,0.11,0.11,0.11,0.010984295967010728,3.52,0.13,0.03
2603,19017,0.09674000000000005,2504,100,5.55,0.83,6.18,0.11,0.11,0.11,0.011027496243569947,3.52,0.14,0.03
2604,19023,0.09645500000000007,2505,100,5.5515,0.83,6.16,0.11,0.11,0.11,0.011045282419940714,3.55,0.14,0.03
2605,19045,0.09541,2506,100,5.5184999999999995,0.83,6.34,0.11,0.11,0.11,0.011062142466301186,3.58,0.14,0.03
2606,19047,0.09531500000000004,2507,100,5.5305,0.83,6.29,0.11,0.11,0.11,0.011042946210370354,3.56,0.14,0.03
2607,19054,0.09498250000000008,2508,100,5.525999999999999,0.83,6.32,0.11,0.11,0.11,0.010996335892212798,3.6,0.14,0.03
2608,19062,0.09460250000000003,2509,100,5.32,0.82,6.35,0.11,0.11,0.11,0.010951543250210805,3.55,0.15,0.03
2609,19067,0.09436500000000003,2510,100,5.331999999999999,0.82,6.27,0.11,0.11,0.11,0.010924578609571942,3.49,0.15,0.03
2610,19078,0.09384250000000005,2511,100,5.523,0.83,6.32,0.11,0.11,0.11,0.01089070277664512,3.58,0.14,0.03
2611,19085,0.09350999999999998,2512,100,5.5125,0.83,6.35,0.11,0.11,0.11,0.010891276177152935,3.61,0.14,0.03
2612,19087,0.09341500000000003,2513,100,5.515499999999999,0.83,6.34,0.11,0.11,0.11,0.010866496969846953,3.6,0.14,0.03
2613,19091,0.093225,2514,100,5.723,0.84,6.3,0.11,0.11,0.11,0.010855581138766314,3.58,0.13,0.03
2614,19098,0.09289250000000004,2515,100,5.723,0.84,6.29,0.11,0.11,0.11,0.010829848396925466,3.6,0.13,0.03
2615,19101,0.09275000000000011,2516,100,5.730999999999999,0.84,6.28,0.1,0.1,0.1,0.01081684870655483,3.6,0.13,0.03
2616,19106,0.0925125,2517,100,5.8725,0.85,6.03,0.1,0.1,0.1,0.0107863801505338,3.38,0.13,0.02
2617,19111,0.092275,2518,100,6.0125,0.86,5.78,0.1,0.1,0.1,0.010626685538507588,3.4,0.13,0.01
2618,19115,0.09208500000000008,2519,100,6.013999999999999,0.86,5.77,0.1,0.1,0.1,0.01048379237059649,3.39,0.13,0.01
2619,19118,0.09194250000000004,2520,100,6.015499999999999,0.86,5.76,0.1,0.1,0.1,0.010432942777351996,3.36,0.13,0.01
2620,19122,0.09175250000000013,2521,100,6.009499999999999,0.86,5.78,0.1,0.1,0.1,0.010325369881411604,3.39,0.13,0.01
2621,19126,0.09156249999999999,2522,100,6.013999999999999,0.86,5.75,0.1,0.1,0.1,0.010227894072166899,3.36,0.13,0.01
2622,19131,0.09132499999999999,2523,100,5.998499999999999,0.86,5.79,0.11,0.11,0.11,0.010102870902723887,3.36,0.13,0.01
2623,19133,0.09123000000000003,2524,100,6.0015,0.86,5.78,0.11,0.11,0.11,0.010036707768350783,3.34,0.13,0.01
2624,19139,0.09094500000000005,2525,100,6.005999999999999,0.86,5.76,0.11,0.11,0.11,0.009937511216362261,3.31,0.13,0.01
2625,19148,0.09051750000000003,2526,100,5.9864999999999995,0.86,5.83,0.11,0.11,0.11,0.00988151797329339,3.31,0.13,0.01
2626,19149,0.09047000000000005,2527,100,5.8075,0.85,5.72,0.11,0.11,0.11,0.009840063451975113,3.3,0.14,0.01
2627,19151,0.09037499999999998,2528,100,5.816999999999999,0.85,5.7,0.1,0.1,0.1,0.009785625524073369,3.31,0.14,0.01
2628,19156,0.09013750000000009,2529,100,5.8214999999999995,0.85,5.67,0.1,0.1,0.1,0.009737781559070102,3.27,0.14,0.01
2629,19163,0.08980500000000013,2530,100,5.810999999999999,0.85,5.71,0.1,0.1,0.1,0.009710729942033484,3.33,0.14,0.01
2630,19167,0.089615,2531,100,5.809499999999999,0.85,5.71,0.1,0.1,0.1,0.009641745639108537,3.33,0.14,0.01
2631,19172,0.0893775,2532,100,5.804499999999999,0.85,5.71,0.11,0.11,0.11,0.009589563510455607,3.37,0.14,0.01
2632,19177,0.08914000000000011,2533,100,5.7965,0.85,5.72,0.12,0.12,0.12,0.009536618512198745,3.39,0.14,0.01
2633,19181,0.08895000000000008,2534,100,5.803999999999999,0.85,5.69,0.12,0.12,0.12,0.009479629852750889,3.36,0.14,0.01
2634,19185,0.08875999999999995,2535,100,5.997999999999999,0.86,5.71,0.12,0.12,0.12,0.00941972987627386,3.38,0.13,0.01
2635,19215,0.08733500000000005,2536,100,5.858,0.85,5.95,0.12,0.12,0.12,0.00935377485089711,3.65,0.13,0.02
2636,19245,0.08591000000000004,2537,100,5.715,0.84,6.14,0.12,0.12,0.12,0.009288699398753953,3.71,0.13,0.03
2637,19275,0.08448500000000003,2538,100,5.5809999999999995,0.83,6.35,0.12,0.12,0.12,0.009215464233193334,3.98,0.13,0.04
2638,19286,0.08396249999999994,2539,100,5.763,0.84,6.45,0.12,0.12,0.12,0.009201767258753619,3.99,0.12,0.04
2639,19291,0.08372500000000005,2540,100,5.922999999999999,0.85,6.2,0.11,0.11,0.11,0.00911459650776435,3.81,0.12,0.03
2640,19296,0.08348750000000005,2541,100,5.9155,0.85,6.23,0.11,0.11,0.11,0.009003079159903268,3.85,0.12,0.03
2641,19297,0.08344000000000007,2542,100,5.924499999999999,0.85,6.2,0.11,0.11,0.11,0.008916932452722381,3.82,0.12,0.03
2642,19313,0.08267999999999998,2543,100,6.112499999999999,0.86,6.28,0.11,0.11,0.11,0.008871314570298114,3.77,0.11,0.03
2643,19343,0.08125500000000008,2544,100,6.164999999999999,0.86,6.56,0.11,0.11,0.11,0.008754477845611678,4.04,0.1,0.04
2644,19346,0.08111250000000003,2545,100,6.3694999999999995,0.87,6.54,0.11,0.11,0.11,0.008679210648823536,4.05,0.09,0.04
2645,19350,0.08092250000000001,2546,100,6.370999999999999,0.87,6.54,0.11,0.11,0.11,0.008633580545264303,4.08,0.09,0.04
2646,19354,0.08073249999999998,2547,100,6.377999999999999,0.87,6.48,0.12,0.12,0.12,0.008592721539617522,4.03,0.09,0.04
2647,19359,0.0804950000000001,2548,100,6.373499999999999,0.87,6.49,0.12,0.12,0.12,0.008525739759274766,4.07,0.09,0.04
2648,19364,0.08025750000000009,2549,100,6.3765,0.87,6.48,0.12,0.12,0.12,0.008477977877395544,4.11,0.09,0.04
2649,19367,0.08011500000000005,2550,100,6.379499999999999,0.87,6.47,0.12,0.12,0.12,0.008409415541207114,4.09,0.09,0.04
2650,19371,0.07992500000000002,2551,100,6.3854999999999995,0.87,6.45,0.12,0.12,0.12,0.008364019724841236,4.05,0.09,0.04
2651,19392,0.07892750000000004,2552,100,6.3614999999999995,0.87,6.61,0.12,0.12,0.12,0.0083036126778254,4.05,0.09,0.04
2652,19399,0.07859500000000008,2553,100,6.3614999999999995,0.87,6.61,0.12,0.12,0.12,0.00824810402349361,4.05,0.09,0.04
2653,19404,0.07835750000000008,2554,100,6.364,0.87,6.56,0.13,0.13,0.13,0.008199877758722537,4.07,0.09,0.04
2654,19406,0.07826250000000012,2555,100,6.380999999999999,0.87,6.51,0.12,0.12,0.12,0.008158438336914988,4.03,0.09,0.04
2655,19412,0.07797750000000003,2556,100,6.380999999999999,0.87,6.51,0.12,0.12,0.12,0.008131010768348934,4.03,0.09,0.04
2656,19419,0.07764500000000008,2557,100,6.377999999999999,0.87,6.53,0.12,0.12,0.12,0.008081060517658396,4.06,0.09,0.04
2657,19425,0.0773600000000001,2558,100,6.1655,0.86,6.56,0.13,0.13,0.13,0.008026061237015058,4.09,0.1,0.04
2658,19427,0.07726500000000003,2559,100,6.168499999999999,0.86,6.55,0.13,0.13,0.13,0.007896966561754152,4.1,0.1,0.04
2659,19440,0.07664750000000009,2560,100,6.3424999999999985,0.87,6.65,0.14,0.14,0.14,0.00787304624176779,4.11,0.09,0.04
2660,19443,0.07650500000000005,2561,100,6.343999999999999,0.87,6.63,0.14,0.14,0.14,0.007825787215250318,4.08,0.09,0.04
2661,19448,0.07626750000000004,2562,100,6.343999999999999,0.87,6.63,0.14,0.14,0.14,0.007743572027644848,4.1,0.09,0.04
2662,19453,0.07603000000000004,2563,100,6.348499999999999,0.87,6.58,0.14,0.14,0.14,0.0077226357830118,4.13,0.09,0.04
2663,19457,0.07584000000000002,2564,100,6.5455,0.88,6.59,0.14,0.14,0.14,0.007665534636926612,4.12,0.08,0.04
2664,19464,0.07550750000000006,2565,100,6.5305,0.88,6.65,0.14,0.14,0.14,0.007632175823130951,4.18,0.08,0.04
2665,19469,0.07526999999999995,2566,100,6.5305,0.88,6.65,0.14,0.14,0.14,0.007608666302093611,4.18,0.08,0.04
2666,19473,0.07508000000000004,2567,100,6.534999999999999,0.88,6.63,0.14,0.14,0.14,0.007597081771315072,4.2,0.08,0.04
2667,19488,0.07436750000000003,2568,100,6.5169999999999995,0.88,6.75,0.14,0.14,0.14,0.007620643928220801,4.2,0.08,0.04
2668,19495,0.07403500000000007,2569,100,6.519,0.88,6.75,0.13,0.13,0.13,0.007546677054677198,4.15,0.08,0.04
2669,19498,0.07389250000000003,2570,100,6.513,0.88,6.77,0.13,0.13,0.13,0.007436016690136284,4.16,0.08,0.04
2670,19502,0.07370250000000012,2571,100,6.5299999999999985,0.88,6.73,0.12,0.12,0.12,0.007306931567528636,4.09,0.08,0.04
2671,19505,0.07356000000000007,2572,100,6.537499999999999,0.88,6.69,0.12,0.12,0.12,0.0071631679321323884,4.08,0.08,0.04
2672,19511,0.07327499999999998,2573,100,6.5405,0.88,6.66,0.12,0.12,0.12,0.007153208648951026,4.04,0.08,0.04
2673,19518,0.07294250000000002,2574,100,6.5329999999999995,0.88,6.69,0.12,0.12,0.12,0.0072031326730324155,4.03,0.08,0.04
2674,19524,0.07265750000000004,2575,100,6.535999999999999,0.88,6.66,0.12,0.12,0.12,0.00719518069086828,4.03,0.08,0.04
2675,19528,0.07246750000000002,2576,100,6.539,0.88,6.65,0.12,0.12,0.12,0.007219510167858086,4.03,0.08,0.04
2676,19531,0.07232499999999997,2577,100,6.552499999999998,0.88,6.58,0.12,0.12,0.12,0.007209406227825664,3.98,0.08,0.04
2677,19537,0.07203999999999999,2578,100,6.547999999999999,0.88,6.59,0.12,0.12,0.12,0.007215760276052935,3.98,0.08,0.04
2678,19544,0.07170750000000004,2579,100,6.5455,0.88,6.63,0.11,0.11,0.11,0.007199622617168452,4.03,0.08,0.04
2679,19548,0.07151750000000001,2580,100,6.7364999999999995,0.89,6.66,0.11,0.11,0.11,0.007148121170299227,4.05,0.07,0.04
2680,19553,0.07128000000000001,2581,100,6.7364999999999995,0.89,6.66,0.11,0.11,0.11,0.007134662837321039,4.07,0.07,0.04
2681,19556,0.07113750000000008,2582,100,6.539499999999999,0.88,6.65,0.11,0.11,0.11,0.007107126799943025,4.09,0.08,0.04
2682,19560,0.07094750000000005,2583,100,6.547,0.88,6.62,0.11,0.11,0.11,0.0070784159969260055,4.08,0.08,0.04
2683,19566,0.07066250000000007,2584,100,6.354499999999999,0.87,6.58,0.11,0.11,0.11,0.007065270890547062,4.12,0.09,0.04
2684,19570,0.07047250000000005,2585,100,6.363499999999999,0.87,6.53,0.11,0.11,0.11,0.0070809115804608665,4.05,0.09,0.04
2685,19579,0.07004500000000002,2586,100,6.354499999999999,0.87,6.58,0.11,0.11,0.11,0.007096568115276074,4.06,0.09,0.04
2686,19580,0.06999750000000005,2587,100,6.170999999999999,0.86,6.5,0.11,0.11,0.11,0.007108037828274377,3.97,0.1,0.04
2687,19587,0.06966500000000009,2588,100,6.167999999999999,0.86,6.52,0.11,0.11,0.11,0.007186403607090976,4.01,0.1,0.04
2688,19597,0.06919000000000008,2589,100,6.157499999999999,0.86,6.58,0.11,0.11,0.11,0.007241631073251407,4.01,0.1,0.04
2689,19598,0.0691425,2590,100,5.969499999999999,0.85,6.54,0.11,0.11,0.11,0.007242376095920842,3.98,0.11,0.04
2690,19601,0.06900000000000006,2591,100,5.969499999999999,0.85,6.54,0.11,0.11,0.11,0.00726091998877132,3.98,0.11,0.04
2691,19606,0.06876250000000006,2592,100,5.972499999999999,0.85,6.51,0.11,0.11,0.11,0.0072779948697764205,4.02,0.11,0.04
2692,19611,0.06852500000000006,2593,100,5.968,0.85,6.52,0.11,0.11,0.11,0.0072908859337087505,3.99,0.11,0.04
2693,19617,0.06824000000000008,2594,100,5.968,0.85,6.51,0.11,0.11,0.11,0.007315526569806036,3.94,0.11,0.04
2694,19623,0.0679550000000001,2595,100,6.164999999999999,0.86,6.51,0.11,0.11,0.11,0.007298780405040827,3.95,0.1,0.04
2695,19628,0.0677175000000001,2596,100,6.1715,0.86,6.5,0.1,0.1,0.1,0.007297180905550715,3.99,0.1,0.04
2696,19631,0.06757500000000005,2597,100,6.1715,0.86,6.5,0.1,0.1,0.1,0.007318072720043357,3.99,0.1,0.04
2697,19634,0.0674325,2598,100,6.174499999999999,0.86,6.49,0.1,0.1,0.1,0.007316637121995286,3.98,0.1,0.04
2698,19636,0.06733750000000005,2599,100,6.1865,0.86,6.45,0.1,0.1,0.1,0.007353881866594152,3.99,0.1,0.04
2699,19639,0.067195,2600,100,6.387499999999999,0.87,6.41,0.11,0.11,0.11,0.007441859005030773,3.94,0.09,0.04
2700,19645,0.06691000000000003,2601,100,6.384499999999999,0.87,6.42,0.11,0.11,0.11,0.007484422956915479,3.91,0.09,0.04
2701,19652,0.06657749999999996,2602,100,6.374999999999999,0.87,6.44,0.12,0.12,0.12,0.0074272354703424906,3.96,0.09,0.04
2702,19656,0.06638750000000004,2603,100,6.377999999999999,0.87,6.43,0.12,0.12,0.12,0.007362405032341409,3.95,0.09,0.04
2703,19662,0.06610250000000006,2604,100,6.571999999999999,0.88,6.45,0.12,0.12,0.12,0.007321732004362199,3.97,0.08,0.04
2704,19668,0.06581750000000008,2605,100,6.570499999999999,0.88,6.45,0.12,0.12,0.12,0.007278252268554373,3.94,0.08,0.04
2705,19673,0.06557999999999997,2606,100,6.599,0.88,6.28,0.12,0.12,0.12,0.007251558704942365,3.92,0.08,0.04
2706,19676,0.06543750000000004,2607,100,6.595999999999999,0.88,6.29,0.12,0.12,0.12,0.007242031620369503,3.91,0.08,0.04
2707,19682,0.06515250000000006,2608,100,6.594499999999999,0.88,6.28,0.12,0.12,0.12,0.007227312206110861,3.89,0.08,0.04
2708,19686,0.06496250000000003,2609,100,6.7989999999999995,0.89,6.24,0.12,0.12,0.12,0.007217901547725256,3.93,0.07,0.04
2709,19689,0.06481999999999999,2610,100,6.799999999999999,0.89,6.22,0.13,0.13,0.13,0.007241389505074925,3.91,0.07,0.04
2710,19692,0.06467750000000005,2611,100,6.617999999999999,0.88,6.14,0.13,0.13,0.13,0.0072587484648544065,3.85,0.08,0.04
2711,19701,0.06425000000000003,2612,100,6.614999999999998,0.88,6.16,0.13,0.13,0.13,0.0072664542976120525,3.8,0.08,0.04
2712,19703,0.06415500000000007,2613,100,6.614999999999998,0.88,6.16,0.13,0.13,0.13,0.007275502546951738,3.79,0.08,0.04
2713,19705,0.06406000000000012,2614,100,6.620999999999999,0.88,6.14,0.13,0.13,0.13,0.007277933806442287,3.78,0.08,0.04
2714,19710,0.0638225,2615,100,6.628499999999999,0.88,6.12,0.13,0.13,0.13,0.007287037717240228,3.77,0.08,0.04
2715,19712,0.06372750000000005,2616,100,6.6315,0.88,6.11,0.13,0.13,0.13,0.007265181843020318,3.76,0.08,0.04
2716,19717,0.06349000000000005,2617,100,6.6315,0.88,6.11,0.13,0.13,0.13,0.0072478541152703755,3.8,0.08,0.04
2717,19719,0.06339500000000009,2618,100,6.640499999999999,0.88,6.08,0.13,0.13,0.13,0.007236617085352837,3.8,0.08,0.04
2718,19722,0.06325250000000004,2619,100,6.6434999999999995,0.88,6.07,0.13,0.13,0.13,0.007211881662625496,3.79,0.08,0.04
2719,19726,0.06306250000000013,2620,100,6.640499999999999,0.88,6.08,0.13,0.13,0.13,0.00713559209743948,3.79,0.08,0.04
2720,19731,0.06282500000000002,2621,100,6.637499999999999,0.88,6.09,0.13,0.13,0.13,0.0071223389317976804,3.76,0.08,0.04
2721,19741,0.062350000000000017,2622,100,6.6194999999999995,0.88,6.15,0.13,0.13,0.13,0.0070977186926404505,3.73,0.08,0.04
2722,19746,0.062112500000000126,2623,100,6.6194999999999995,0.88,6.15,0.13,0.13,0.13,0.007059852452273157,3.74,0.08,0.04
2723,19754,0.06173249999999997,2624,100,6.6015,0.88,6.21,0.13,0.13,0.13,0.007034897174068868,3.77,0.08,0.04
2724,19758,0.061542500000000055,2625,100,6.610999999999999,0.88,6.19,0.12,0.12,0.12,0.007013964852379932,3.73,0.08,0.04
2725,19763,0.061305000000000054,2626,100,6.622999999999999,0.88,6.15,0.12,0.12,0.12,0.0069852377669986,3.76,0.08,0.04
2726,19766,0.06116250000000012,2627,100,6.816999999999999,0.89,6.17,0.12,0.12,0.12,0.0069438981720501836,3.77,0.07,0.04
2727,19770,0.060972499999999985,2628,100,7.010999999999999,0.9,6.19,0.12,0.12,0.12,0.006914501124285096,3.8,0.06,0.04
2728,19777,0.06064000000000003,2629,100,7.003499999999999,0.9,6.21,0.12,0.12,0.12,0.006879078388237995,3.83,0.06,0.04
2729,19781,0.060450000000000004,2630,100,7.009499999999999,0.9,6.18,0.12,0.12,0.12,0.006828666374784763,3.77,0.06,0.04
2730,19785,0.06026000000000009,2631,100,7.004499999999999,0.9,6.18,0.13,0.13,0.13,0.00677947215066418,3.77,0.06,0.04
2731,19797,0.05969000000000002,2632,100,6.999,0.9,6.25,0.12,0.12,0.12,0.0067458321711348305,3.81,0.06,0.04
2732,19802,0.05945250000000002,2633,100,7.004,0.9,6.25,0.11,0.11,0.11,0.006724485150847764,3.79,0.06,0.04
2733,19807,0.05921500000000013,2634,100,6.999499999999999,0.9,6.26,0.11,0.11,0.11,0.006689063161688105,3.79,0.06,0.04
2734,19813,0.05893000000000004,2635,100,6.994999999999999,0.9,6.28,0.11,0.11,0.11,0.006645246414583045,3.76,0.06,0.04
2735,19817,0.058740000000000014,2636,100,7.134499999999999,0.91,6.02,0.12,0.12,0.12,0.006613177563567204,3.49,0.06,0.03
2736,19821,0.0585500000000001,2637,100,7.287999999999999,0.92,5.76,0.12,0.12,0.12,0.006592829578244617,3.46,0.06,0.02
2737,19825,0.05836000000000008,2638,100,7.430999999999999,0.93,5.5,0.12,0.12,0.12,0.006574657518590203,3.21,0.06,0.01
2738,19829,0.058170000000000055,2639,100,7.439999999999999,0.93,5.43,0.12,0.12,0.12,0.0065619706600015424,3.23,0.06,0.01
2739,19832,0.05802750000000001,2640,100,7.4445,0.93,5.41,0.12,0.12,0.12,0.006557493034288791,3.21,0.06,0.01
2740,19837,0.05779000000000001,2641,100,7.438,0.93,5.41,0.13,0.13,0.13,0.006546487727672365,3.18,0.06,0.01
2741,19841,0.057600000000000096,2642,100,7.428999999999999,0.93,5.44,0.13,0.13,0.13,0.006530014228545633,3.18,0.06,0.01
2742,19871,0.056174999999999975,2643,100,7.3004999999999995,0.92,5.58,0.14,0.14,0.14,0.006495144210323497,3.23,0.06,0.02
2743,19875,0.05598500000000006,2644,100,7.441999999999999,0.93,5.32,0.14,0.14,0.14,0.006481109244665867,2.98,0.06,0.01
2744,19880,0.05574750000000006,2645,100,7.435999999999999,0.93,5.34,0.14,0.14,0.14,0.006458646463768051,3.01,0.06,0.01
2745,19885,0.05551000000000006,2646,100,7.4315,0.93,5.35,0.14,0.14,0.14,0.006428432611005806,3.02,0.06,0.01
2746,19889,0.055320000000000036,2647,100,7.4365,0.93,5.35,0.13,0.13,0.13,0.0063845937320869016,3.03,0.06,0.01
2747,19893,0.05513000000000001,2648,100,7.439499999999999,0.93,5.34,0.13,0.13,0.13,0.006365740147549619,3.01,0.06,0.01
2748,19897,0.05493999999999999,2649,100,7.440999999999999,0.93,5.33,0.13,0.13,0.13,0.00635627602082906,2.98,0.06,0.01
2749,19901,0.054750000000000076,2650,100,7.443,0.93,5.34,0.12,0.12,0.12,0.0063461459970512646,2.98,0.06,0.01
2750,19905,0.05456000000000005,2651,100,7.4415,0.93,5.34,0.12,0.12,0.12,0.006336972260143723,2.99,0.06,0.01
2751,19908,0.05441750000000012,2652,100,7.4715,0.93,5.16,0.12,0.12,0.12,0.006323254928076045,3.01,0.06,0.01
2752,19914,0.05413250000000003,2653,100,7.474499999999999,0.93,5.15,0.12,0.12,0.12,0.006318664975364631,3.02,0.06,0.01
2753,19917,0.05398999999999998,2654,100,7.484,0.93,5.13,0.11,0.11,0.11,0.006307158200901871,3.0,0.06,0.01
2754,19922,0.05375250000000009,2655,100,7.469999999999999,0.93,5.16,0.12,0.12,0.12,0.006290409468014663,3.02,0.06,0.01
2755,19925,0.053610000000000047,2656,100,7.272499999999999,0.92,5.13,0.13,0.13,0.13,0.006254736135846873,2.97,0.07,0.01
2756,19932,0.05327749999999998,2657,100,7.269499999999999,0.92,5.13,0.13,0.13,0.13,0.006246057939549446,2.97,0.07,0.01
2757,19939,0.05294500000000002,2658,100,7.4715,0.93,5.14,0.12,0.12,0.12,0.006232805589457956,2.97,0.06,0.01
2758,19958,0.05204249999999999,2659,100,7.245999999999999,0.92,5.31,0.12,0.12,0.12,0.0062205908412200864,3.02,0.07,0.01
2759,19961,0.05190000000000006,2660,100,7.271999999999999,0.92,5.21,0.11,0.11,0.11,0.006199916145272711,3.04,0.07,0.01
2760,19962,0.05185250000000008,2661,100,7.278,0.92,5.19,0.11,0.11,0.11,0.006180770867555871,3.03,0.07,0.01
2761,19965,0.051710000000000034,2662,100,7.284,0.92,5.17,0.11,0.11,0.11,0.006163677335302814,3.01,0.07,0.01
2762,19968,0.0515675000000001,2663,100,7.289999999999999,0.92,5.15,0.11,0.11,0.11,0.006132953117342824,2.97,0.07,0.01
2763,19973,0.05132999999999999,2664,100,7.286999999999999,0.92,5.16,0.11,0.11,0.11,0.006114969088902855,2.97,0.07,0.01
2764,19977,0.051140000000000074,2665,100,7.292999999999999,0.92,5.13,0.11,0.11,0.11,0.006100224686594307,2.94,0.07,0.01
2765,19984,0.050807500000000005,2666,100,7.286999999999999,0.92,5.15,0.11,0.11,0.11,0.006066084535134583,2.96,0.07,0.01
2766,19987,0.05066500000000007,2667,100,7.288499999999999,0.92,5.14,0.11,0.11,0.11,0.005995137970275493,2.93,0.07,0.01
2767,19990,0.05052250000000014,2668,100,7.3065,0.92,5.02,0.11,0.11,0.11,0.0059078089335640885,2.93,0.07,0.01
2768,19995,0.050285000000000024,2669,100,7.312499999999999,0.92,5.0,0.11,0.11,0.11,0.005853624855192138,2.96,0.07,0.01
2769,20001,0.05,2670,100,7.303499999999999,0.92,5.03,0.11,0.11,0.11,0.005851885749400353,2.96,0.07,0.01
2770,20016,0.05,2671,100,7.280999999999999,0.92,5.14,0.11,0.11,0.11,0.005832707760918334,3.02,0.07,0.01
2771,20024,0.05,2672,100,7.269,0.92,5.19,0.11,0.11,0.11,0.005735055049750092,3.06,0.07,0.01
2772,20031,0.05,2673,100,7.265999999999999,0.92,5.2,0.11,0.11,0.11,0.0056410588412563615,3.05,0.07,0.01
2773,20061,0.05,2674,100,7.139999999999999,0.91,5.43,0.1,0.1,0.1,0.005542025118785314,3.33,0.07,0.02
2774,20067,0.05,2675,100,7.1365,0.91,5.43,0.11,0.11,0.11,0.005453633422449566,3.35,0.07,0.02
2775,20071,0.05,2676,100,7.1315,0.91,5.43,0.12,0.12,0.12,0.0053470993947222455,3.34,0.07,0.02
2776,20078,0.05,2677,100,7.120999999999999,0.91,5.47,0.12,0.12,0.12,0.005257857785545359,3.33,0.07,0.02
2777,20094,0.05,2678,100,7.107499999999999,0.91,5.57,0.12,0.12,0.12,0.0051702668148449074,3.33,0.07,0.02
2778,20098,0.05,2679,100,7.111999999999999,0.91,5.54,0.12,0.12,0.12,0.00510322334966525,3.3,0.07,0.02
2779,20101,0.05,2680,100,7.114999999999998,0.91,5.53,0.12,0.12,0.12,0.005053151427844809,3.31,0.07,0.02
2780,20105,0.05,2681,100,7.117999999999999,0.91,5.52,0.12,0.12,0.12,0.005009839849157528,3.28,0.07,0.02
2781,20109,0.05,2682,100,7.314999999999999,0.92,5.53,0.12,0.12,0.12,0.004973054266378552,3.28,0.06,0.02
2782,20113,0.05,2683,100,7.314999999999999,0.92,5.53,0.12,0.12,0.12,0.004926474559546717,3.25,0.06,0.02
2783,20116,0.05,2684,100,7.519499999999999,0.93,5.5,0.12,0.12,0.12,0.004865922760489045,3.22,0.05,0.02
2784,20120,0.05,2685,100,7.519499999999999,0.93,5.5,0.12,0.12,0.12,0.00477888407387363,3.23,0.05,0.02
2785,20124,0.05,2686,100,7.526999999999999,0.93,5.45,0.12,0.12,0.12,0.004690490438931735,3.25,0.05,0.02
2786,20128,0.05,2687,100,7.718,0.94,5.48,0.12,0.12,0.12,0.0046304070245038,3.29,0.04,0.02
2787,20131,0.05,2688,100,7.7219999999999995,0.94,5.44,0.13,0.13,0.13,0.004517555044793904,3.24,0.04,0.02
2788,20133,0.05,2689,100,7.738499999999999,0.94,5.36,0.13,0.13,0.13,0.004402573053787843,3.24,0.04,0.02
2789,20163,0.05,2690,100,7.794,0.94,5.65,0.13,0.13,0.13,0.004357486690418554,3.23,0.03,0.03
2790,20168,0.05,2691,100,7.787999999999999,0.94,5.67,0.13,0.13,0.13,0.0042837135656976525,3.24,0.03,0.03
2791,20173,0.05,2692,100,7.7865,0.94,5.67,0.13,0.13,0.13,0.00421164327187067,3.2,0.03,0.03
2792,20178,0.05,2693,100,7.7865,0.94,5.67,0.13,0.13,0.13,0.0040947801615351265,3.24,0.03,0.03
2793,20181,0.05,2694,100,7.7955,0.94,5.64,0.13,0.13,0.13,0.004020418353557967,3.24,0.03,0.03
2794,20184,0.05,2695,100,7.604499999999999,0.93,5.61,0.13,0.13,0.13,0.003979320635887864,3.26,0.04,0.03
2795,20188,0.05,2696,100,7.607499999999999,0.93,5.6,0.13,0.13,0.13,0.003946003267061035,3.23,0.04,0.03
2796,20192,0.05,2697,100,7.604499999999999,0.93,5.61,0.13,0.13,0.13,0.0038773185843841555,3.24,0.04,0.03
2797,20196,0.05,2698,100,7.6015,0.93,5.62,0.13,0.13,0.13,0.0038215516831305884,3.24,0.04,0.03
2798,20202,0.05,2699,100,7.585999999999999,0.93,5.66,0.14,0.14,0.14,0.0037375975896572463,3.23,0.04,0.03
2799,20205,0.05,2700,100,7.590999999999999,0.93,5.66,0.13,0.13,0.13,0.003599969230092355,3.24,0.04,0.03
2800,20209,0.05,2701,100,7.5969999999999995,0.93,5.64,0.13,0.13,0.13,0.0034269716696044505,3.27,0.04,0.03
2801,20213,0.05,2702,100,7.6095,0.93,5.61,0.12,0.12,0.12,0.0033458856781574575,3.22,0.04,0.03
2802,20215,0.05,2703,100,7.6155,0.93,5.59,0.12,0.12,0.12,0.0032765579610925777,3.2,0.04,0.03
2803,20222,0.05,2704,100,7.616999999999999,0.93,5.6,0.12,0.12,0.12,0.0032154071530389543,3.18,0.04,0.03
2804,20225,0.05,2705,100,7.6259999999999994,0.93,5.57,0.12,0.12,0.12,0.0031831547491314766,3.19,0.04,0.03
2805,20229,0.05,2706,100,7.629,0.93,5.56,0.12,0.12,0.12,0.0031480571506840123,3.18,0.04,0.03
2806,20236,0.05,2707,100,7.613499999999999,0.93,5.6,0.13,0.13,0.13,0.0031050705679743582,3.18,0.04,0.03
2807,20240,0.05,2708,100,7.6194999999999995,0.93,5.58,0.13,0.13,0.13,0.003083250473421536,3.16,0.04,0.03
2808,20245,0.05,2709,100,7.616499999999999,0.93,5.59,0.13,0.13,0.13,0.003051641901308208,3.13,0.04,0.03
2809,20249,0.05,2710,100,7.418499999999999,0.92,5.6,0.12,0.12,0.12,0.002998800755258497,3.15,0.05,0.03
2810,20252,0.05,2711,100,7.618499999999999,0.93,5.6,0.12,0.12,0.12,0.002947151162907329,3.15,0.04,0.03
2811,20261,0.05,2712,100,7.618499999999999,0.93,5.6,0.12,0.12,0.12,0.0029091306699361784,3.2,0.04,0.03
2812,20266,0.05,2713,100,7.414,0.92,5.63,0.12,0.12,0.12,0.0028919187377128884,3.19,0.05,0.03
2813,20269,0.05,2714,100,7.405999999999999,0.92,5.64,0.13,0.13,0.13,0.0028555377171917643,3.2,0.05,0.03
2814,20278,0.05,2715,100,7.394,0.92,5.68,0.13,0.13,0.13,0.0028281773112636193,3.24,0.05,0.03
2815,20279,0.05,2716,100,7.196999999999999,0.91,5.67,0.13,0.13,0.13,0.0028313251547902956,3.22,0.06,0.03
2816,20287,0.05,2717,100,7.194,0.91,5.7,0.13,0.13,0.13,0.0028160797306724028,3.18,0.06,0.03
2817,20304,0.05,2718,100,6.969999999999999,0.9,5.85,0.13,0.13,0.13,0.002821185652931245,3.16,0.07,0.03
2818,20334,0.05,2719,100,6.819,0.89,6.12,0.14,0.14,0.14,0.002838221403137805,3.13,0.07,0.04
2819,20364,0.05,2720,100,6.680499999999999,0.88,6.38,0.14,0.14,0.14,0.002838834813823327,3.12,0.07,0.05
2820,20370,0.05,2721,100,6.678999999999999,0.88,6.39,0.14,0.14,0.14,0.002846452384748831,3.15,0.07,0.05
2821,20374,0.05,2722,100,6.696999999999999,0.88,6.33,0.14,0.14,0.14,0.002863845873302184,3.16,0.07,0.05
2822,20390,0.05,2723,100,6.682499999999999,0.88,6.44,0.13,0.13,0.13,0.0029086228463548326,3.18,0.07,0.05
2823,20394,0.05,2724,100,6.6945,0.88,6.4,0.13,0.13,0.13,0.0029758728814177305,3.18,0.07,0.05
2824,20397,0.05,2725,100,6.697499999999999,0.88,6.39,0.13,0.13,0.13,0.003120821239386166,3.2,0.07,0.05
2825,20398,0.05,2726,100,6.507999999999999,0.87,6.35,0.13,0.13,0.13,0.0031875677266683827,3.16,0.08,0.05
2826,20401,0.05,2727,100,6.507999999999999,0.87,6.35,0.13,0.13,0.13,0.00327420402818649,3.16,0.08,0.05
2827,20406,0.05,2728,100,6.5065,0.87,6.36,0.13,0.13,0.13,0.0033382503209268767,3.17,0.08,0.05
2828,20410,0.05,2729,100,6.5169999999999995,0.87,6.33,0.13,0.13,0.13,0.003441369726112946,3.13,0.08,0.05
2829,20416,0.05,2730,100,6.512499999999999,0.87,6.35,0.13,0.13,0.13,0.0037050717665541247,3.18,0.08,0.05
2830,20421,0.05,2731,100,6.509499999999999,0.87,6.36,0.13,0.13,0.13,0.003798770311622162,3.21,0.08,0.05
2831,20432,0.05,2732,100,6.316999999999999,0.86,6.35,0.13,0.13,0.13,0.003897403593870333,3.21,0.09,0.05
2832,20439,0.05,2733,100,6.307499999999999,0.86,6.37,0.14,0.14,0.14,0.00393655927701792,3.25,0.09,0.05
2833,20440,0.05,2734,100,6.1194999999999995,0.85,6.33,0.14,0.14,0.14,0.003997124610132857,3.22,0.1,0.05
2834,20442,0.05,2735,100,6.129999999999999,0.85,6.29,0.14,0.14,0.14,0.004059575289578807,3.22,0.1,0.05
2835,20472,0.05,2736,100,5.992999999999999,0.84,6.55,0.14,0.14,0.14,0.004221472628350379,3.22,0.1,0.06
2836,20475,0.05,2737,100,5.995999999999999,0.84,6.54,0.14,0.14,0.14,0.0042578608792331165,3.2,0.1,0.06
2837,20481,0.05,2738,100,5.991499999999999,0.84,6.56,0.14,0.14,0.14,0.004291154602575281,3.22,0.1,0.06
2838,20487,0.05,2739,100,5.986999999999999,0.84,6.58,0.14,0.14,0.14,0.0042983557346294105,3.19,0.1,0.06
2839,20494,0.05,2740,100,5.978,0.84,6.62,0.14,0.14,0.14,0.00436092693118018,3.19,0.1,0.06
2840,20498,0.05,2741,100,5.985999999999999,0.84,6.61,0.13,0.13,0.13,0.004446984198564784,3.21,0.1,0.06
2841,20501,0.05,2742,100,5.989,0.84,6.6,0.13,0.13,0.13,0.004497171868259207,3.22,0.1,0.06
2842,20514,0.05,2743,100,6.116999999999999,0.85,6.43,0.13,0.13,0.13,0.00463510505703992,3.23,0.1,0.05
2843,20518,0.05,2744,100,6.116999999999999,0.85,6.43,0.13,0.13,0.13,0.0047545143388003745,3.22,0.1,0.05
2844,20524,0.05,2745,100,6.1155,0.85,6.44,0.13,0.13,0.13,0.004954334779839032,3.2,0.1,0.05
2845,20529,0.05,2746,100,6.1155,0.85,6.44,0.13,0.13,0.13,0.005095569098099135,3.16,0.1,0.05
2846,20537,0.05,2747,100,6.108,0.85,6.48,0.13,0.13,0.13,0.005228084676688072,3.19,0.1,0.05
2847,20544,0.05,2748,100,6.101999999999999,0.85,6.51,0.13,0.13,0.13,0.00534044415439406,3.17,0.1,0.05
2848,20549,0.05,2749,100,6.099,0.85,6.52,0.13,0.13,0.13,0.005403431328941802,3.16,0.1,0.05
2849,20556,0.05,2750,100,6.084999999999999,0.85,6.55,0.14,0.14,0.14,0.005442470559930429,3.21,0.1,0.05
2850,20560,0.05,2751,100,6.084999999999999,0.85,6.55,0.14,0.14,0.14,0.005470228884216399,3.23,0.1,0.05
2851,20563,0.05,2752,100,6.084999999999999,0.85,6.55,0.14,0.14,0.14,0.005520467764234792,3.22,0.1,0.05
2852,20565,0.05,2753,100,6.0954999999999995,0.85,6.51,0.14,0.14,0.14,0.005558509371129486,3.22,0.1,0.05
2853,20568,0.05,2754,100,6.0905,0.85,6.51,0.15,0.15,0.15,0.005593528901268107,3.23,0.1,0.05
2854,20571,0.05,2755,100,6.1015,0.85,6.49,0.14,0.14,0.14,0.0056478074170130625,3.23,0.1,0.05
2855,20574,0.05,2756,100,6.3065,0.86,6.49,0.13,0.13,0.13,0.005693057952878067,3.24,0.09,0.05
2856,20582,0.05,2757,100,6.304999999999999,0.86,6.5,0.13,0.13,0.13,0.005721916693035182,3.19,0.09,0.05
2857,20596,0.05,2758,100,6.294499999999999,0.86,6.57,0.13,0.13,0.13,0.005755962596047338,3.26,0.09,0.05
2858,20601,0.05,2759,100,6.510999999999999,0.87,6.43,0.13,0.13,0.13,0.00578838962554771,3.2,0.08,0.05
2859,20608,0.05,2760,100,6.507999999999999,0.87,6.47,0.13,0.13,0.13,0.005833980272323327,3.24,0.08,0.05
2860,20613,0.05,2761,100,6.495999999999999,0.87,6.51,0.13,0.13,0.13,0.005870572336515846,3.27,0.08,0.05
2861,20619,0.05,2762,100,6.488499999999999,0.87,6.54,0.13,0.13,0.13,0.0059095143295835074,3.3,0.08,0.05
2862,20623,0.05,2763,100,6.485499999999999,0.87,6.55,0.13,0.13,0.13,0.00593370304073623,3.3,0.08,0.05
2863,20628,0.05,2764,100,6.485499999999999,0.87,6.55,0.13,0.13,0.13,0.0059464878642786915,3.29,0.08,0.05
2864,20633,0.05,2765,100,6.482499999999999,0.87,6.56,0.13,0.13,0.13,0.00597266039604737,3.29,0.08,0.05
2865,20637,0.05,2766,100,6.491499999999999,0.87,6.53,0.13,0.13,0.13,0.0060008266477700935,3.24,0.08,0.05
2866,20643,0.05,2767,100,6.482499999999999,0.87,6.56,0.13,0.13,0.13,0.006022518367073001,3.24,0.08,0.05
2867,20647,0.05,2768,100,6.479499999999999,0.87,6.57,0.13,0.13,0.13,0.006039053656736202,3.27,0.08,0.05
2868,20652,0.05,2769,100,6.474499999999999,0.87,6.57,0.14,0.14,0.14,0.006053409540669805,3.24,0.08,0.05
2869,20659,0.05,2770,100,6.4715,0.87,6.58,0.14,0.14,0.14,0.0060477326750311275,3.23,0.08,0.05
2870,20666,0.05,2771,100,6.4849999999999985,0.87,6.5,0.14,0.14,0.14,0.00600354724572966,3.17,0.08,0.05
2871,20669,0.05,2772,100,6.496999999999999,0.87,6.45,0.14,0.14,0.14,0.005974771764882165,3.13,0.08,0.05
2872,20672,0.05,2773,100,6.502499999999999,0.87,6.41,0.15,0.15,0.15,0.005972807324179838,3.1,0.08,0.05
2873,20677,0.05,2774,100,6.638,0.88,6.16,0.15,0.15,0.15,0.005968482945617678,2.85,0.08,0.04
2874,20681,0.05,2775,100,6.647499999999999,0.88,6.14,0.14,0.14,0.14,0.005979016511855105,2.83,0.08,0.04
2875,20685,0.05,2776,100,6.652499999999999,0.88,6.14,0.13,0.13,0.13,0.005986200906490365,2.83,0.08,0.04
2876,20691,0.05,2777,100,6.6555,0.88,6.13,0.13,0.13,0.13,0.005989390332294973,2.82,0.08,0.04
2877,20695,0.05,2778,100,6.674999999999999,0.88,6.01,0.13,0.13,0.13,0.005994137062559714,2.79,0.08,0.04
2878,20702,0.05,2779,100,6.660999999999999,0.88,6.04,0.14,0.14,0.14,0.006003062108483312,2.76,0.08,0.04
2879,20705,0.05,2780,100,6.660999999999999,0.88,6.04,0.14,0.14,0.14,0.006000524098470953,2.76,0.08,0.04
2880,20709,0.05,2781,100,6.660999999999999,0.88,6.04,0.14,0.14,0.14,0.0060003239764581965,2.79,0.08,0.04
2881,20713,0.05,2782,100,6.660999999999999,0.88,6.04,0.14,0.14,0.14,0.006005804678260495,2.77,0.08,0.04
2882,20716,0.05,2783,100,6.664,0.88,6.03,0.14,0.14,0.14,0.006018127715244414,2.79,0.08,0.04
2883,20718,0.05,2784,100,6.666999999999999,0.88,6.02,0.14,0.14,0.14,0.006018443085903448,2.78,0.08,0.04
2884,20721,0.05,2785,100,6.669999999999999,0.88,6.01,0.14,0.14,0.14,0.00604152186563222,2.78,0.08,0.04
2885,20727,0.05,2786,100,6.666999999999999,0.88,6.03,0.14,0.14,0.14,0.006058858552453098,2.78,0.08,0.04
2886,20731,0.05,2787,100,6.661999999999999,0.88,6.03,0.15,0.15,0.15,0.006075082797062573,2.77,0.08,0.04
2887,20734,0.05,2788,100,6.666999999999999,0.88,6.03,0.14,0.14,0.14,0.006079511747744235,2.79,0.08,0.04
2888,20740,0.05,2789,100,6.6549999999999985,0.88,6.07,0.14,0.14,0.14,0.006089482899726359,2.79,0.08,0.04
2889,20745,0.05,2790,100,6.787499999999999,0.89,5.82,0.14,0.14,0.14,0.006094632598115743,2.83,0.08,0.03
2890,20750,0.05,2791,100,6.787499999999999,0.89,5.82,0.14,0.14,0.14,0.0061096882657247185,2.82,0.08,0.03
2891,20753,0.05,2792,100,6.793499999999999,0.89,5.8,0.14,0.14,0.14,0.006109339138580476,2.84,0.08,0.03
2892,20757,0.05,2793,100,6.7965,0.89,5.79,0.14,0.14,0.14,0.006122992205637497,2.82,0.08,0.03
2893,20766,0.05,2794,100,6.776999999999999,0.89,5.85,0.14,0.14,0.14,0.006131343115169856,2.87,0.08,0.03
2894,20772,0.05,2795,100,6.962999999999999,0.9,5.88,0.15,0.15,0.15,0.006150504237788099,2.88,0.07,0.03
2895,20775,0.05,2796,100,6.960999999999999,0.9,5.87,0.16,0.16,0.16,0.006156976872444143,2.87,0.07,0.03
2896,20779,0.05,2797,100,6.960999999999999,0.9,5.87,0.16,0.16,0.16,0.0061616963530834665,2.84,0.07,0.03
2897,20784,0.05,2798,100,6.957999999999999,0.9,5.88,0.16,0.16,0.16,0.006169341542321714,2.82,0.07,0.03
2898,20788,0.05,2799,100,6.9674999999999985,0.9,5.86,0.15,0.15,0.15,0.006171603059735915,2.85,0.07,0.03
2899,20795,0.05,2800,100,6.9505,0.9,5.9,0.16,0.16,0.16,0.006170195244315269,2.88,0.07,0.03
2900,20797,0.05,2801,100,6.9565,0.9,5.88,0.16,0.16,0.16,0.00616637697397238,2.85,0.07,0.03
2901,20804,0.05,2802,100,6.947499999999999,0.9,5.91,0.16,0.16,0.16,0.006167267715828883,2.85,0.07,0.03
2902,20807,0.05,2803,100,6.939499999999999,0.9,5.92,0.17,0.17,0.17,0.006175270367955868,2.86,0.07,0.03
2903,20813,0.05,2804,100,6.938,0.9,5.91,0.17,0.17,0.17,0.006187366893680135,2.85,0.07,0.03
2904,20818,0.05,2805,100,6.927,0.9,5.93,0.18,0.18,0.18,0.006200754006092737,2.84,0.07,0.03
2905,20824,0.05,2806,100,6.920999999999999,0.9,5.95,0.18,0.18,0.18,0.006213534954984041,2.81,0.07,0.03
2906,20832,0.05,2807,100,6.9215,0.9,5.96,0.17,0.17,0.17,0.00621774844278831,2.83,0.07,0.03
2907,20837,0.05,2808,100,6.918499999999999,0.9,5.97,0.17,0.17,0.17,0.006221626184887886,2.81,0.07,0.03
2908,20843,0.05,2809,100,6.9155,0.9,5.98,0.17,0.17,0.17,0.006226858306838522,2.85,0.07,0.03
2909,20848,0.05,2810,100,7.112499999999999,0.91,5.99,0.17,0.17,0.17,0.006232881464110079,2.82,0.06,0.03
2910,20851,0.05,2811,100,7.112499999999999,0.91,5.99,0.17,0.17,0.17,0.006238303510052476,2.82,0.06,0.03
2911,20853,0.05,2812,100,7.1305,0.91,5.92,0.17,0.17,0.17,0.006260138133302137,2.77,0.06,0.03
2912,20856,0.05,2813,100,7.326999999999999,0.92,5.9,0.18,0.18,0.18,0.00628209132941172,2.79,0.05,0.03
2913,20859,0.05,2814,100,7.331999999999999,0.92,5.9,0.17,0.17,0.17,0.006298087628940546,2.8,0.05,0.03
2914,20862,0.05,2815,100,7.348499999999999,0.92,5.84,0.17,0.17,0.17,0.006304133740946456,2.74,0.05,0.03
2915,20866,0.05,2816,100,7.539499999999999,0.93,5.87,0.17,0.17,0.17,0.006318888767150968,2.75,0.04,0.03
2916,20875,0.05,2817,100,7.5365,0.93,5.88,0.17,0.17,0.17,0.006330540401079186,2.76,0.04,0.03
2917,20878,0.05,2818,100,7.7574999999999985,0.94,5.74,0.17,0.17,0.17,0.006328864215451957,2.77,0.03,0.03
2918,20884,0.05,2819,100,7.900999999999999,0.95,5.5,0.16,0.16,0.16,0.006317776347166901,2.78,0.03,0.02
2919,20885,0.05,2820,100,8.048499999999999,0.96,5.21,0.16,0.16,0.16,0.006326329345626489,2.79,0.03,0.01
2920,20889,0.05,2821,100,8.052999999999999,0.96,5.19,0.16,0.16,0.16,0.006321684277660877,2.79,0.03,0.01
2921,20892,0.05,2822,100,8.056,0.96,5.18,0.16,0.16,0.16,0.0062971665459586115,2.78,0.03,0.01
2922,20897,0.05,2823,100,8.074,0.96,5.07,0.16,0.16,0.16,0.006257889567288225,2.77,0.03,0.01
2923,20900,0.05,2824,100,8.077,0.96,5.06,0.16,0.16,0.16,0.006193368907780973,2.76,0.03,0.01
2924,20905,0.05,2825,100,8.071,0.96,5.08,0.16,0.16,0.16,0.006060899833368413,2.77,0.03,0.01
2925,20906,0.05,2826,100,8.071,0.96,5.08,0.16,0.16,0.16,0.0059914533790781125,2.77,0.03,0.01
2926,20911,0.05,2827,100,8.065,0.96,5.1,0.16,0.16,0.16,0.005910914506138267,2.8,0.03,0.01
2927,20916,0.05,2828,100,8.0635,0.96,5.1,0.16,0.16,0.16,0.005856259861336055,2.8,0.03,0.01
2928,20921,0.05,2829,100,8.059,0.96,5.11,0.16,0.16,0.16,0.005761242186025682,2.81,0.03,0.01
2929,20927,0.05,2830,100,8.059,0.96,5.11,0.16,0.16,0.16,0.005502089851454176,2.76,0.03,0.01
2930,20933,0.05,2831,100,8.061,0.96,5.12,0.15,0.15,0.15,0.005419880374951563,2.77,0.03,0.01
2931,20937,0.05,2832,100,8.267,0.97,5.05,0.15,0.15,0.15,0.005324422489214414,2.72,0.02,0.01
2932,20967,0.05,2833,100,8.1365,0.96,5.28,0.14,0.14,0.14,0.0052844769218994125,2.9,0.02,0.02
2933,20973,0.05,2834,100,8.3215,0.97,5.33,0.14,0.14,0.14,0.005227313975964531,2.9,0.01,0.02
2934,20977,0.05,2835,100,8.3155,0.97,5.35,0.14,0.14,0.14,0.0051674441079821885,2.9,0.01,0.02
2935,20981,0.05,2836,100,8.452499999999999,0.98,5.09,0.14,0.14,0.14,0.005006904738805737,2.92,0.01,0.01
2936,20986,0.05,2837,100,8.4465,0.98,5.11,0.14,0.14,0.14,0.00498000340009063,2.91,0.01,0.01
2937,20989,0.05,2838,100,8.454,0.98,5.08,0.14,0.14,0.14,0.004961817186331545,2.88,0.01,0.01
2938,20992,0.05,2839,100,8.4615,0.98,5.05,0.14,0.14,0.14,0.004962146810882583,2.9,0.01,0.01
2939,20999,0.05,2840,100,8.459999999999999,0.98,5.05,0.14,0.14,0.14,0.004905985079068417,2.94,0.01,0.01
2940,21003,0.05,2841,100,8.459999999999999,0.98,5.05,0.14,0.14,0.14,0.004882060815990628,2.94,0.01,0.01
2941,21008,0.05,2842,100,8.454,0.98,5.07,0.14,0.14,0.14,0.004920027321614982,2.96,0.01,0.01
2942,21013,0.05,2843,100,8.474,0.98,4.99,0.13,0.13,0.13,0.004835861775073378,2.88,0.01,0.01
2943,21017,0.05,2844,100,8.474,0.98,4.99,0.13,0.13,0.13,0.004762941252420811,2.86,0.01,0.01
2944,21022,0.05,2845,100,8.4755,0.98,4.98,0.13,0.13,0.13,0.004616563774315486,2.85,0.01,0.01
2945,21028,0.05,2846,100,8.474,0.98,4.99,0.13,0.13,0.13,0.0045251680944541775,2.9,0.01,0.01
2946,21032,0.05,2847,100,8.4815,0.98,4.95,0.13,0.13,0.13,0.004472256830097952,2.84,0.01,0.01
2947,21043,0.05,2848,100,8.474,0.98,4.99,0.13,0.13,0.13,0.004432516142087676,2.84,0.01,0.01
2948,21049,0.05,2849,100,8.470999999999998,0.98,5.0,0.13,0.13,0.13,0.0044662316422735635,2.88,0.01,0.01
2949,21057,0.05,2850,100,8.475999999999999,0.98,5.01,0.12,0.12,0.12,0.004503684954151554,2.88,0.01,0.01
2950,21060,0.05,2851,100,8.479,0.98,5.0,0.12,0.12,0.12,0.00455649191309578,2.87,0.01,0.01
2951,21064,0.05,2852,100,8.475999999999999,0.98,5.01,0.12,0.12,0.12,0.004596524211710361,2.86,0.01,0.01
2952,21078,0.05,2853,100,8.452,0.98,5.13,0.12,0.12,0.12,0.004611280493370965,2.9,0.01,0.01
2953,21080,0.05,2854,100,8.459999999999999,0.98,5.12,0.11,0.11,0.11,0.004601072726083075,2.89,0.01,0.01
2954,21091,0.05,2855,100,8.443499999999998,0.98,5.2,0.11,0.11,0.11,0.00458864954354174,2.96,0.01,0.01
2955,21102,0.05,2856,100,8.4195,0.98,5.28,0.11,0.11,0.11,0.004580248317966748,2.97,0.01,0.01
2956,21105,0.05,2857,100,8.433,0.98,5.23,0.11,0.11,0.11,0.00460145976731465,2.98,0.01,0.01
2957,21109,0.05,2858,100,8.450999999999999,0.98,5.13,0.11,0.11,0.11,0.004599022462625899,2.89,0.01,0.01
2958,21113,0.05,2859,100,8.454,0.98,5.12,0.11,0.11,0.11,0.004590178164897398,2.89,0.01,0.01
2959,21119,0.05,2860,100,8.448,0.98,5.11,0.11,0.11,0.11,0.004582746849816647,2.86,0.01,0.01
2960,21127,0.05,2861,100,8.4355,0.98,5.14,0.12,0.12,0.12,0.004578987624975742,2.9,0.01,0.01
2961,21141,0.05,2862,100,8.424999999999999,0.98,5.22,0.12,0.12,0.12,0.004583724477386568,2.98,0.01,0.01
2962,21144,0.05,2863,100,8.427999999999999,0.98,5.21,0.12,0.12,0.12,0.004590512718442672,3.0,0.01,0.01
2963,21158,0.05,2864,100,8.413,0.98,5.3,0.12,0.12,0.12,0.004632882422903397,3.0,0.01,0.01
2964,21161,0.05,2865,100,8.419,0.98,5.28,0.12,0.12,0.12,0.004633827077050227,2.97,0.01,0.01
2965,21162,0.05,2866,100,8.228,0.97,5.25,0.12,0.12,0.12,0.004632815879595,2.97,0.02,0.01
2966,21173,0.05,2867,100,8.2235,0.97,5.3,0.12,0.12,0.12,0.00463109678113445,3.07,0.02,0.01
2967,21178,0.05,2868,100,8.2205,0.97,5.31,0.12,0.12,0.12,0.004630049856981107,3.07,0.02,0.01
2968,21182,0.05,2869,100,8.228499999999999,0.97,5.3,0.11,0.11,0.11,0.004624210672297825,3.07,0.02,0.01
2969,21186,0.05,2870,100,8.237499999999999,0.97,5.27,0.11,0.11,0.11,0.004630267703035359,3.1,0.02,0.01
2970,21190,0.05,2871,100,8.2465,0.97,5.24,0.11,0.11,0.11,0.004633937339741915,3.13,0.02,0.01
2971,21197,0.05,2872,100,8.235999999999999,0.97,5.28,0.11,0.11,0.11,0.004638173745745527,3.11,0.02,0.01
2972,21202,0.05,2873,100,8.235,0.97,5.3,0.1,0.1,0.1,0.00463483613336991,3.14,0.02,0.01
2973,21217,0.05,2874,100,8.218499999999999,0.97,5.4,0.1,0.1,0.1,0.00465324572283065,3.12,0.02,0.01
2974,21223,0.05,2875,100,8.2075,0.97,5.42,0.11,0.11,0.11,0.004657635876360084,3.16,0.02,0.01
2975,21228,0.05,2876,100,8.2045,0.97,5.43,0.11,0.11,0.11,0.004663025926482598,3.14,0.02,0.01
2976,21230,0.05,2877,100,8.014999999999999,0.96,5.39,0.11,0.11,0.11,0.00469603259534952,3.13,0.03,0.01
2977,21238,0.05,2878,100,8.001,0.96,5.43,0.12,0.12,0.12,0.004706407559389759,3.13,0.03,0.01
2978,21241,0.05,2879,100,8.017999999999999,0.96,5.39,0.11,0.11,0.11,0.004719428656708693,3.13,0.03,0.01
2979,21244,0.05,2880,100,8.017999999999999,0.96,5.39,0.11,0.11,0.11,0.004725793007071063,3.12,0.03,0.01
2980,21249,0.05,2881,100,8.014999999999999,0.96,5.4,0.11,0.11,0.11,0.00472564447637082,3.13,0.03,0.01
2981,21253,0.05,2882,100,8.014999999999999,0.96,5.4,0.11,0.11,0.11,0.004736060295495138,3.13,0.03,0.01
2982,21258,0.05,2883,100,8.004,0.96,5.42,0.12,0.12,0.12,0.004754081665468956,3.11,0.03,0.01
2983,21259,0.05,2884,100,8.007,0.96,5.41,0.12,0.12,0.12,0.004778179448494311,3.1,0.03,0.01
2984,21263,0.05,2885,100,7.999,0.96,5.42,0.13,0.13,0.13,0.004786264170318775,3.09,0.03,0.01
2985,21270,0.05,2886,100,7.997499999999999,0.96,5.43,0.13,0.13,0.13,0.004786897206515451,3.1,0.03,0.01
2986,21282,0.05,2887,100,7.984,0.96,5.51,0.13,0.13,0.13,0.004784955163012325,3.19,0.03,0.01
2987,21285,0.05,2888,100,7.984,0.96,5.51,0.13,0.13,0.13,0.0047892256115169615,3.18,0.03,0.01
2988,21300,0.05,2889,100,7.973499999999999,0.96,5.6,0.13,0.13,0.13,0.004793771400263289,3.32,0.03,0.01
2989,21310,0.05,2890,100,7.957999999999999,0.96,5.65,0.14,0.14,0.14,0.004796986899718398,3.36,0.03,0.01
2990,21312,0.05,2891,100,7.967,0.96,5.62,0.14,0.14,0.14,0.0048032310259600525,3.36,0.03,0.01
2991,21314,0.05,2892,100,7.969999999999999,0.96,5.61,0.14,0.14,0.14,0.0048317146599985705,3.35,0.03,0.01
2992,21317,0.05,2893,100,7.973,0.96,5.6,0.14,0.14,0.14,0.004841385913888059,3.33,0.03,0.01
2993,21323,0.05,2894,100,7.981999999999999,0.96,5.57,0.14,0.14,0.14,0.0048404855445953136,3.27,0.03,0.01
2994,21327,0.05,2895,100,7.992999999999999,0.96,5.55,0.13,0.13,0.13,0.004839294576659865,3.25,0.03,0.01
2995,21333,0.05,2896,100,7.989,0.96,5.58,0.12,0.12,0.12,0.004846043943923654,3.29,0.03,0.01
2996,21344,0.05,2897,100,7.976999999999999,0.96,5.65,0.12,0.12,0.12,0.004855367418610162,3.39,0.03,0.01
2997,21347,0.05,2898,100,7.983,0.96,5.63,0.12,0.12,0.12,0.004854592081546144,3.41,0.03,0.01
2998,21352,0.05,2899,100,7.979999999999999,0.96,5.64,0.12,0.12,0.12,0.004860195037247906,3.38,0.03,0.01
2999,21357,0.05,2900,100,7.990999999999999,0.96,5.62,0.11,0.11,0.11,0.0048684071048671375,3.33,0.03,0.01
3000,21362,0.05,2901,100,7.981999999999999,0.96,5.65,0.11,0.11,0.11,0.0048800471631154415,3.33,0.03,0.01
