row_type,algorithm,split,split_strategy,split_seed,scenario_id,fault_type,severity,initial_functional_failure_rate,functional_recovery_rate,configuration_recovery_rate,actual_configuration_changes,unnecessary_actions,invalid_actions,diagnostic_actions,rollbacks,healthy_network_impacts,new_policy_damage_events,unique_newly_damaged_policies,continuously_healthy_policies,final_damaged_policies,post_recovery_damage_events,steps,python_simulation_seconds,termination_status,failure_reason
episode,rule_based,train,stratified,2026,access_vlan:SW1:eth1:20,single_access,low,1.0,1.0,1.0,1.0,0.0,0.0,2.0,0.0,0.0,0.0,0.0,3.0,0.0,0.0,4.0,0.00047319099999754144,functional_completion,none
episode,rule_based,train,stratified,2026,access_vlan:SW1:eth2:10,single_access,low,1.0,1.0,1.0,1.0,0.0,0.0,2.0,0.0,0.0,0.0,0.0,3.0,0.0,0.0,4.0,0.00042317800000546413,functional_completion,none
episode,rule_based,train,stratified,2026,access_vlan:SW2:eth2:10,single_access,low,1.0,1.0,1.0,1.0,0.0,0.0,2.0,0.0,0.0,0.0,0.0,3.0,0.0,0.0,4.0,0.00038611700000501514,functional_completion,none
episode,rule_based,train,stratified,2026,trunk_remove:SW1:eth3:10,single_trunk,low,1.0,1.0,1.0,1.0,0.0,0.0,2.0,0.0,0.0,0.0,0.0,5.0,0.0,0.0,4.0,0.00037127000001646593,functional_completion,none
episode,rule_based,train,stratified,2026,trunk_remove:SW2:eth3:10,single_trunk,low,1.0,1.0,1.0,1.0,0.0,0.0,2.0,0.0,0.0,0.0,0.0,5.0,0.0,0.0,4.0,0.0003758669999740505,functional_completion,none
episode,rule_based,train,stratified,2026,trunk_remove:SW2:eth3:20,single_trunk,low,1.0,1.0,1.0,1.0,0.0,0.0,2.0,0.0,0.0,0.0,0.0,5.0,0.0,0.0,4.0,0.0003701789999865923,functional_completion,none
episode,rule_based,train,stratified,2026,access_vlan:SW1:eth1:20+access_vlan:SW1:eth2:10,multi_access,medium,1.0,1.0,1.0,2.0,0.0,0.0,2.0,0.0,1.0,1.0,1.0,1.0,0.0,0.0,5.0,0.0005803800000023784,functional_completion,none
episode,rule_based,train,stratified,2026,access_vlan:SW1:eth1:20+access_vlan:SW2:eth1:20,multi_access,medium,1.0,0.0,0.0,0.0,0.0,0.0,2.0,0.0,0.0,0.0,0.0,2.0,4.0,0.0,3.0,0.00015883800000437986,incorrect_completion,functional_and_configuration_failure
episode,rule_based,train,stratified,2026,access_vlan:SW1:eth1:20+access_vlan:SW2:eth2:10,multi_access,medium,1.0,1.0,1.0,2.0,0.0,0.0,2.0,0.0,1.0,1.0,1.0,1.0,0.0,0.0,5.0,0.0002831019999973705,functional_completion,none
episode,rule_based,train,stratified,2026,access_vlan:SW1:eth1:20+trunk_remove:SW1:eth3:10,access_trunk_combined,medium,1.0,1.0,1.0,2.0,0.0,0.0,2.0,0.0,0.0,0.0,0.0,3.0,0.0,0.0,5.0,0.0003271649999874171,functional_completion,none
episode,rule_based,train,stratified,2026,access_vlan:SW1:eth1:20+trunk_remove:SW1:eth3:20,access_trunk_combined,medium,1.0,1.0,1.0,2.0,0.0,0.0,2.0,0.0,0.0,0.0,0.0,3.0,0.0,0.0,5.0,0.0002706869999826722,functional_completion,none
episode,rule_based,train,stratified,2026,access_vlan:SW1:eth1:20+trunk_remove:SW2:eth3:10,access_trunk_combined,medium,1.0,1.0,1.0,2.0,0.0,0.0,2.0,0.0,0.0,0.0,0.0,3.0,0.0,0.0,5.0,0.0002677550000100837,functional_completion,none
episode,rule_based,train,stratified,2026,access_vlan:SW1:eth1:20+trunk_remove:SW2:eth3:20,access_trunk_combined,medium,1.0,1.0,1.0,2.0,0.0,0.0,2.0,0.0,0.0,0.0,0.0,3.0,0.0,0.0,5.0,0.0006555300000172792,functional_completion,none
episode,rule_based,train,stratified,2026,access_vlan:SW1:eth2:10+access_vlan:SW2:eth1:20,multi_access,medium,1.0,1.0,1.0,2.0,0.0,0.0,2.0,0.0,1.0,1.0,1.0,1.0,0.0,0.0,5.0,0.0002905780000048708,functional_completion,none
episode,rule_based,train,stratified,2026,access_vlan:SW1:eth2:10+trunk_remove:SW1:eth3:10,access_trunk_combined,medium,1.0,1.0,1.0,2.0,0.0,0.0,2.0,0.0,0.0,0.0,0.0,3.0,0.0,0.0,5.0,0.00026697100000205864,functional_completion,none
episode,rule_based,train,stratified,2026,access_vlan:SW1:eth2:10+trunk_remove:SW1:eth3:20,access_trunk_combined,medium,1.0,1.0,1.0,2.0,0.0,0.0,2.0,0.0,0.0,0.0,0.0,3.0,0.0,0.0,5.0,0.00028357200000073135,functional_completion,none
episode,rule_based,train,stratified,2026,access_vlan:SW1:eth2:10+trunk_remove:SW2:eth3:10,access_trunk_combined,medium,1.0,1.0,1.0,2.0,0.0,0.0,2.0,0.0,0.0,0.0,0.0,3.0,0.0,0.0,5.0,0.00028252100000258906,functional_completion,none
episode,rule_based,train,stratified,2026,access_vlan:SW1:eth2:10+trunk_remove:SW2:eth3:20,access_trunk_combined,medium,1.0,1.0,1.0,2.0,0.0,0.0,2.0,0.0,0.0,0.0,0.0,3.0,0.0,0.0,5.0,0.0002852730000029169,functional_completion,none
episode,rule_based,train,stratified,2026,access_vlan:SW2:eth1:20+access_vlan:SW2:eth2:10,multi_access,medium,1.0,1.0,1.0,2.0,0.0,0.0,2.0,0.0,1.0,1.0,1.0,1.0,0.0,0.0,5.0,0.0003309690000037335,functional_completion,none
episode,rule_based,train,stratified,2026,access_vlan:SW2:eth1:20+trunk_remove:SW1:eth3:10,access_trunk_combined,medium,1.0,1.0,1.0,2.0,0.0,0.0,2.0,0.0,0.0,0.0,0.0,3.0,0.0,0.0,5.0,0.00028810100002374384,functional_completion,none
episode,rule_based,train,stratified,2026,access_vlan:SW2:eth1:20+trunk_remove:SW1:eth3:20,access_trunk_combined,medium,1.0,1.0,1.0,2.0,0.0,0.0,2.0,0.0,0.0,0.0,0.0,3.0,0.0,0.0,5.0,0.0002934279999919909,functional_completion,none
episode,rule_based,train,stratified,2026,access_vlan:SW2:eth1:20+trunk_remove:SW2:eth3:10,access_trunk_combined,medium,1.0,1.0,1.0,2.0,0.0,0.0,2.0,0.0,0.0,0.0,0.0,3.0,0.0,0.0,5.0,0.00029752899999380134,functional_completion,none
episode,rule_based,train,stratified,2026,access_vlan:SW2:eth1:20+trunk_remove:SW2:eth3:20,access_trunk_combined,medium,1.0,1.0,1.0,2.0,0.0,0.0,2.0,0.0,0.0,0.0,0.0,3.0,0.0,0.0,5.0,0.0002967720000128793,functional_completion,none
episode,rule_based,train,stratified,2026,access_vlan:SW2:eth2:10+trunk_remove:SW1:eth3:10,access_trunk_combined,medium,1.0,1.0,1.0,2.0,0.0,0.0,2.0,0.0,0.0,0.0,0.0,3.0,0.0,0.0,5.0,0.00029918100000259074,functional_completion,none
episode,rule_based,train,stratified,2026,access_vlan:SW2:eth2:10+trunk_remove:SW1:eth3:20,access_trunk_combined,medium,1.0,1.0,1.0,2.0,0.0,0.0,2.0,0.0,0.0,0.0,0.0,3.0,0.0,0.0,5.0,0.0002950610000027609,functional_completion,none
episode,rule_based,train,stratified,2026,access_vlan:SW2:eth2:10+trunk_remove:SW2:eth3:10,access_trunk_combined,medium,1.0,1.0,1.0,2.0,0.0,0.0,2.0,0.0,0.0,0.0,0.0,3.0,0.0,0.0,5.0,0.0003053270000066277,functional_completion,none
episode,rule_based,train,stratified,2026,access_vlan:SW2:eth2:10+trunk_remove:SW2:eth3:20,access_trunk_combined,medium,1.0,1.0,1.0,2.0,0.0,0.0,2.0,0.0,0.0,0.0,0.0,3.0,0.0,0.0,5.0,0.0002879189999873688,functional_completion,none
episode,rule_based,train,stratified,2026,trunk_remove:SW1:eth3:10+trunk_remove:SW2:eth3:10,multi_trunk,medium,1.0,1.0,1.0,2.0,0.0,0.0,2.0,0.0,0.0,0.0,0.0,5.0,0.0,0.0,5.0,0.0002798969999844303,functional_completion,none
episode,rule_based,train,stratified,2026,trunk_remove:SW1:eth3:10+trunk_remove:SW2:eth3:20,multi_trunk,medium,1.0,1.0,1.0,2.0,0.0,0.0,2.0,0.0,0.0,0.0,0.0,4.0,0.0,0.0,5.0,0.0003278000000079828,functional_completion,none
episode,rule_based,train,stratified,2026,trunk_remove:SW1:eth3:20+trunk_remove:SW2:eth3:10,multi_trunk,medium,1.0,1.0,1.0,2.0,0.0,0.0,2.0,0.0,0.0,0.0,0.0,4.0,0.0,0.0,5.0,0.000278600000001461,functional_completion,none
episode,rule_based,train,stratified,2026,trunk_remove:SW1:eth3:20+trunk_remove:SW2:eth3:20,multi_trunk,medium,1.0,1.0,1.0,2.0,0.0,0.0,2.0,0.0,0.0,0.0,0.0,5.0,0.0,0.0,5.0,0.0002784269999835942,functional_completion,none
episode,rule_based,train,stratified,2026,trunk_remove:SW2:eth3:10+trunk_remove:SW2:eth3:20,multi_trunk,medium,1.0,1.0,1.0,2.0,0.0,0.0,2.0,0.0,0.0,0.0,0.0,4.0,0.0,0.0,5.0,0.00028649300000438416,functional_completion,none
episode,rule_based,train,stratified,2026,access_vlan:SW1:eth1:20+access_vlan:SW1:eth2:10+access_vlan:SW2:eth1:20,multi_access,medium,1.0,1.0,0.0,1.0,0.0,0.0,2.0,0.0,0.0,0.0,0.0,3.0,0.0,0.0,4.0,0.00023380400000405643,functional_completion,configuration_mismatch_only
episode,rule_based,train,stratified,2026,access_vlan:SW1:eth1:20+access_vlan:SW1:eth2:10+access_vlan:SW2:eth2:10,multi_access,medium,1.0,1.0,0.0,1.0,0.0,0.0,2.0,0.0,0.0,0.0,0.0,3.0,0.0,0.0,4.0,0.00020478799999068542,functional_completion,configuration_mismatch_only
episode,rule_based,train,stratified,2026,access_vlan:SW1:eth1:20+access_vlan:SW1:eth2:10+trunk_remove:SW1:eth3:10,access_trunk_combined,medium,1.0,1.0,1.0,3.0,0.0,0.0,2.0,0.0,1.0,1.0,1.0,2.0,0.0,0.0,6.0,0.00033108499999912056,functional_completion,none
episode,rule_based,train,stratified,2026,access_vlan:SW1:eth1:20+access_vlan:SW1:eth2:10+trunk_remove:SW1:eth3:20,access_trunk_combined,medium,1.0,1.0,1.0,3.0,0.0,0.0,2.0,0.0,1.0,1.0,1.0,2.0,0.0,0.0,6.0,0.000336443999998437,functional_completion,none
episode,rule_based,train,stratified,2026,access_vlan:SW1:eth1:20+access_vlan:SW1:eth2:10+trunk_remove:SW2:eth3:20,access_trunk_combined,medium,1.0,1.0,1.0,3.0,0.0,0.0,2.0,0.0,1.0,1.0,1.0,2.0,0.0,0.0,6.0,0.00032344800001737894,functional_completion,none
episode,rule_based,train,stratified,2026,access_vlan:SW1:eth1:20+access_vlan:SW2:eth1:20+trunk_remove:SW1:eth3:10,access_trunk_combined,medium,1.0,0.0,0.0,0.0,0.0,0.0,2.0,0.0,0.0,0.0,0.0,2.0,4.0,0.0,3.0,0.00014447600000266902,incorrect_completion,functional_and_configuration_failure
episode,rule_based,train,stratified,2026,access_vlan:SW1:eth1:20+access_vlan:SW2:eth1:20+trunk_remove:SW1:eth3:20,access_trunk_combined,medium,1.0,0.0,0.0,1.0,0.0,0.0,2.0,0.0,1.0,2.0,2.0,0.0,4.0,0.0,4.0,0.00023676999998656356,incorrect_completion,functional_and_configuration_failure
episode,rule_based,train,stratified,2026,access_vlan:SW1:eth1:20+access_vlan:SW2:eth1:20+trunk_remove:SW2:eth3:10,access_trunk_combined,medium,1.0,0.0,0.0,0.0,0.0,0.0,2.0,0.0,0.0,0.0,0.0,2.0,4.0,0.0,3.0,0.00016080500000725806,incorrect_completion,functional_and_configuration_failure
episode,rule_based,train,stratified,2026,access_vlan:SW1:eth1:20+access_vlan:SW2:eth2:10+trunk_remove:SW1:eth3:10,access_trunk_combined,medium,1.0,1.0,1.0,3.0,0.0,0.0,2.0,0.0,0.0,0.0,0.0,2.0,0.0,0.0,6.0,0.00032633699998996235,functional_completion,none
episode,rule_based,train,stratified,2026,access_vlan:SW1:eth1:20+access_vlan:SW2:eth2:10+trunk_remove:SW1:eth3:20,access_trunk_combined,medium,1.0,1.0,1.0,3.0,0.0,0.0,2.0,0.0,1.0,1.0,1.0,1.0,0.0,0.0,6.0,0.0003158780000092065,functional_completion,none
episode,rule_based,train,stratified,2026,access_vlan:SW1:eth1:20+access_vlan:SW2:eth2:10+trunk_remove:SW2:eth3:10,access_trunk_combined,medium,1.0,1.0,1.0,3.0,0.0,0.0,2.0,0.0,0.0,0.0,0.0,2.0,0.0,0.0,6.0,0.0003155880000065281,functional_completion,none
episode,rule_based,train,stratified,2026,access_vlan:SW1:eth1:20+trunk_remove:SW1:eth3:10+trunk_remove:SW1:eth3:20,access_trunk_combined,medium,1.0,1.0,1.0,3.0,0.0,0.0,2.0,0.0,0.0,0.0,0.0,3.0,0.0,0.0,6.0,0.00033473499999558953,functional_completion,none
episode,rule_based,train,stratified,2026,access_vlan:SW1:eth1:20+trunk_remove:SW1:eth3:10+trunk_remove:SW2:eth3:10,access_trunk_combined,medium,1.0,1.0,1.0,3.0,0.0,0.0,2.0,0.0,0.0,0.0,0.0,3.0,0.0,0.0,6.0,0.00032794700001659294,functional_completion,none
episode,rule_based,train,stratified,2026,access_vlan:SW1:eth1:20+trunk_remove:SW1:eth3:10+trunk_remove:SW2:eth3:20,access_trunk_combined,medium,1.0,1.0,1.0,3.0,0.0,0.0,2.0,0.0,0.0,0.0,0.0,3.0,0.0,0.0,6.0,0.00031936400000631693,functional_completion,none
episode,rule_based,train,stratified,2026,access_vlan:SW1:eth1:20+trunk_remove:SW1:eth3:20+trunk_remove:SW2:eth3:20,access_trunk_combined,medium,1.0,1.0,1.0,3.0,0.0,0.0,2.0,0.0,0.0,0.0,0.0,3.0,0.0,0.0,6.0,0.00031486599999652753,functional_completion,none
episode,rule_based,train,stratified,2026,access_vlan:SW1:eth1:20+trunk_remove:SW2:eth3:10+trunk_remove:SW2:eth3:20,access_trunk_combined,medium,1.0,1.0,1.0,3.0,0.0,0.0,2.0,0.0,0.0,0.0,0.0,3.0,0.0,0.0,6.0,0.00031656499999144216,functional_completion,none
episode,rule_based,train,stratified,2026,access_vlan:SW1:eth2:10+access_vlan:SW2:eth1:20+access_vlan:SW2:eth2:10,multi_access,medium,1.0,1.0,0.0,1.0,0.0,0.0,2.0,0.0,0.0,0.0,0.0,3.0,0.0,0.0,4.0,0.00021732300001531257,functional_completion,configuration_mismatch_only
episode,rule_based,train,stratified,2026,access_vlan:SW1:eth2:10+access_vlan:SW2:eth1:20+trunk_remove:SW1:eth3:10,access_trunk_combined,medium,1.0,1.0,1.0,3.0,0.0,0.0,2.0,0.0,0.0,0.0,0.0,2.0,0.0,0.0,6.0,0.00032806300001197997,functional_completion,none
episode,rule_based,train,stratified,2026,access_vlan:SW1:eth2:10+access_vlan:SW2:eth1:20+trunk_remove:SW2:eth3:10,access_trunk_combined,medium,1.0,1.0,1.0,3.0,0.0,0.0,2.0,0.0,0.0,0.0,0.0,2.0,0.0,0.0,6.0,0.00032569999999054744,functional_completion,none
episode,rule_based,train,stratified,2026,access_vlan:SW1:eth2:10+access_vlan:SW2:eth2:10+trunk_remove:SW1:eth3:10,access_trunk_combined,medium,1.0,0.0,0.0,1.0,0.0,0.0,2.0,0.0,1.0,2.0,2.0,0.0,4.0,0.0,4.0,0.00020541899999670932,incorrect_completion,functional_and_configuration_failure
episode,rule_based,train,stratified,2026,access_vlan:SW1:eth2:10+access_vlan:SW2:eth2:10+trunk_remove:SW1:eth3:20,access_trunk_combined,medium,1.0,0.0,0.0,0.0,0.0,0.0,2.0,0.0,0.0,0.0,0.0,2.0,4.0,0.0,3.0,0.00014758599999709077,incorrect_completion,functional_and_configuration_failure
episode,rule_based,train,stratified,2026,access_vlan:SW1:eth2:10+access_vlan:SW2:eth2:10+trunk_remove:SW2:eth3:10,access_trunk_combined,medium,1.0,0.0,0.0,1.0,0.0,0.0,2.0,0.0,1.0,2.0,2.0,0.0,4.0,0.0,4.0,0.00020252100000561768,incorrect_completion,functional_and_configuration_failure
episode,rule_based,train,stratified,2026,access_vlan:SW1:eth2:10+trunk_remove:SW1:eth3:10+trunk_remove:SW1:eth3:20,access_trunk_combined,medium,1.0,1.0,1.0,3.0,0.0,0.0,2.0,0.0,0.0,0.0,0.0,3.0,0.0,0.0,6.0,0.000323646999987659,functional_completion,none
episode,rule_based,train,stratified,2026,access_vlan:SW1:eth2:10+trunk_remove:SW1:eth3:10+trunk_remove:SW2:eth3:10,access_trunk_combined,medium,1.0,1.0,1.0,3.0,0.0,0.0,2.0,0.0,0.0,0.0,0.0,3.0,0.0,0.0,6.0,0.0003174549999869214,functional_completion,none
episode,rule_based,train,stratified,2026,access_vlan:SW1:eth2:10+trunk_remove:SW1:eth3:10+trunk_remove:SW2:eth3:20,access_trunk_combined,medium,1.0,1.0,1.0,3.0,0.0,0.0,2.0,0.0,0.0,0.0,0.0,3.0,0.0,0.0,6.0,0.0003186900000002879,functional_completion,none
episode,rule_based,train,stratified,2026,access_vlan:SW1:eth2:10+trunk_remove:SW1:eth3:20+trunk_remove:SW2:eth3:10,access_trunk_combined,medium,1.0,1.0,1.0,3.0,0.0,0.0,2.0,0.0,0.0,0.0,0.0,3.0,0.0,0.0,6.0,0.0007866130000024896,functional_completion,none
episode,rule_based,train,stratified,2026,access_vlan:SW1:eth2:10+trunk_remove:SW1:eth3:20+trunk_remove:SW2:eth3:20,access_trunk_combined,medium,1.0,1.0,1.0,3.0,0.0,0.0,2.0,0.0,0.0,0.0,0.0,3.0,0.0,0.0,6.0,0.0003504820000159725,functional_completion,none
episode,rule_based,train,stratified,2026,access_vlan:SW1:eth2:10+trunk_remove:SW2:eth3:10+trunk_remove:SW2:eth3:20,access_trunk_combined,medium,1.0,1.0,1.0,3.0,0.0,0.0,2.0,0.0,0.0,0.0,0.0,3.0,0.0,0.0,6.0,0.0003360950000228513,functional_completion,none
episode,rule_based,train,stratified,2026,access_vlan:SW2:eth1:20+access_vlan:SW2:eth2:10+trunk_remove:SW1:eth3:20,access_trunk_combined,medium,1.0,1.0,1.0,3.0,0.0,0.0,2.0,0.0,1.0,1.0,1.0,2.0,0.0,0.0,6.0,0.00033766499998932886,functional_completion,none
episode,rule_based,train,stratified,2026,access_vlan:SW2:eth1:20+access_vlan:SW2:eth2:10+trunk_remove:SW2:eth3:10,access_trunk_combined,medium,1.0,1.0,1.0,3.0,0.0,0.0,2.0,0.0,1.0,1.0,1.0,2.0,0.0,0.0,6.0,0.00038095599998655416,functional_completion,none
episode,rule_based,train,stratified,2026,access_vlan:SW2:eth1:20+access_vlan:SW2:eth2:10+trunk_remove:SW2:eth3:20,access_trunk_combined,medium,1.0,1.0,1.0,3.0,0.0,0.0,2.0,0.0,1.0,1.0,1.0,2.0,0.0,0.0,6.0,0.0005131179999864344,functional_completion,none
episode,rule_based,train,stratified,2026,access_vlan:SW2:eth1:20+trunk_remove:SW1:eth3:10+trunk_remove:SW1:eth3:20,access_trunk_combined,medium,1.0,1.0,1.0,3.0,0.0,0.0,2.0,0.0,0.0,0.0,0.0,3.0,0.0,0.0,6.0,0.00033537400000227535,functional_completion,none
episode,rule_based,train,stratified,2026,access_vlan:SW2:eth1:20+trunk_remove:SW1:eth3:20+trunk_remove:SW2:eth3:10,access_trunk_combined,medium,1.0,1.0,1.0,3.0,0.0,0.0,2.0,0.0,0.0,0.0,0.0,3.0,0.0,0.0,6.0,0.0003251950000162651,functional_completion,none
episode,rule_based,train,stratified,2026,access_vlan:SW2:eth2:10+trunk_remove:SW1:eth3:10+trunk_remove:SW1:eth3:20,access_trunk_combined,medium,1.0,1.0,1.0,3.0,0.0,0.0,2.0,0.0,0.0,0.0,0.0,3.0,0.0,0.0,6.0,0.00032046199999058445,functional_completion,none
episode,rule_based,train,stratified,2026,access_vlan:SW2:eth2:10+trunk_remove:SW1:eth3:10+trunk_remove:SW2:eth3:10,access_trunk_combined,medium,1.0,1.0,1.0,3.0,0.0,0.0,2.0,0.0,0.0,0.0,0.0,3.0,0.0,0.0,6.0,0.00033055000000103973,functional_completion,none
episode,rule_based,train,stratified,2026,access_vlan:SW2:eth2:10+trunk_remove:SW1:eth3:10+trunk_remove:SW2:eth3:20,access_trunk_combined,medium,1.0,1.0,1.0,3.0,0.0,0.0,2.0,0.0,0.0,0.0,0.0,3.0,0.0,0.0,6.0,0.0003315219999819874,functional_completion,none
episode,rule_based,train,stratified,2026,access_vlan:SW2:eth2:10+trunk_remove:SW1:eth3:20+trunk_remove:SW2:eth3:20,access_trunk_combined,medium,1.0,1.0,1.0,3.0,0.0,0.0,2.0,0.0,0.0,0.0,0.0,3.0,0.0,0.0,6.0,0.0003211920000012469,functional_completion,none
episode,rule_based,train,stratified,2026,access_vlan:SW2:eth2:10+trunk_remove:SW2:eth3:10+trunk_remove:SW2:eth3:20,access_trunk_combined,medium,1.0,1.0,1.0,3.0,0.0,0.0,2.0,0.0,0.0,0.0,0.0,3.0,0.0,0.0,6.0,0.00032682800002703516,functional_completion,none
episode,rule_based,train,stratified,2026,trunk_remove:SW1:eth3:10+trunk_remove:SW1:eth3:20+trunk_remove:SW2:eth3:10,multi_trunk,medium,1.0,1.0,1.0,3.0,0.0,0.0,2.0,0.0,0.0,0.0,0.0,4.0,0.0,0.0,6.0,0.00031476600000246435,functional_completion,none
episode,rule_based,train,stratified,2026,trunk_remove:SW1:eth3:10+trunk_remove:SW1:eth3:20+trunk_remove:SW2:eth3:20,multi_trunk,medium,1.0,1.0,1.0,3.0,0.0,0.0,2.0,0.0,0.0,0.0,0.0,4.0,0.0,0.0,6.0,0.0003172730000073898,functional_completion,none
episode,rule_based,train,stratified,2026,trunk_remove:SW1:eth3:20+trunk_remove:SW2:eth3:10+trunk_remove:SW2:eth3:20,multi_trunk,medium,1.0,1.0,1.0,3.0,0.0,0.0,2.0,0.0,0.0,0.0,0.0,4.0,0.0,0.0,6.0,0.00031075900000132606,functional_completion,none
episode,rule_based,train,stratified,2026,access_vlan:SW1:eth1:20+access_vlan:SW1:eth2:10+access_vlan:SW2:eth1:20+access_vlan:SW2:eth2:10,multi_access,high,0.0,1.0,0.0,0.0,0.0,0.0,2.0,0.0,0.0,0.0,0.0,6.0,0.0,0.0,3.0,0.00014501600000471626,functional_completion,configuration_mismatch_only
episode,rule_based,train,stratified,2026,access_vlan:SW1:eth1:20+access_vlan:SW1:eth2:10+access_vlan:SW2:eth1:20+trunk_remove:SW1:eth3:10,access_trunk_combined,high,1.0,1.0,0.0,2.0,0.0,0.0,2.0,0.0,0.0,0.0,0.0,3.0,0.0,0.0,5.0,0.0002700830000037513,functional_completion,configuration_mismatch_only
episode,rule_based,train,stratified,2026,access_vlan:SW1:eth1:20+access_vlan:SW1:eth2:10+access_vlan:SW2:eth1:20+trunk_remove:SW1:eth3:20,access_trunk_combined,high,1.0,1.0,0.0,2.0,0.0,0.0,2.0,0.0,0.0,0.0,0.0,3.0,0.0,0.0,5.0,0.0002625879999982317,functional_completion,configuration_mismatch_only
episode,rule_based,train,stratified,2026,access_vlan:SW1:eth1:20+access_vlan:SW1:eth2:10+access_vlan:SW2:eth1:20+trunk_remove:SW2:eth3:10,access_trunk_combined,high,1.0,1.0,0.0,2.0,0.0,0.0,2.0,0.0,0.0,0.0,0.0,3.0,0.0,0.0,5.0,0.0002932259999965936,functional_completion,configuration_mismatch_only
episode,rule_based,train,stratified,2026,access_vlan:SW1:eth1:20+access_vlan:SW1:eth2:10+access_vlan:SW2:eth1:20+trunk_remove:SW2:eth3:20,access_trunk_combined,high,1.0,1.0,0.0,2.0,0.0,0.0,2.0,0.0,0.0,0.0,0.0,3.0,0.0,0.0,5.0,0.0002647770000123728,functional_completion,configuration_mismatch_only
episode,rule_based,train,stratified,2026,access_vlan:SW1:eth1:20+access_vlan:SW1:eth2:10+access_vlan:SW2:eth2:10+trunk_remove:SW1:eth3:10,access_trunk_combined,high,1.0,1.0,0.0,2.0,0.0,0.0,2.0,0.0,0.0,0.0,0.0,3.0,0.0,0.0,5.0,0.0002655750000144508,functional_completion,configuration_mismatch_only
episode,rule_based,train,stratified,2026,access_vlan:SW1:eth1:20+access_vlan:SW1:eth2:10+access_vlan:SW2:eth2:10+trunk_remove:SW1:eth3:20,access_trunk_combined,high,1.0,1.0,0.0,2.0,0.0,0.0,2.0,0.0,0.0,0.0,0.0,3.0,0.0,0.0,5.0,0.000264183000012963,functional_completion,configuration_mismatch_only
episode,rule_based,train,stratified,2026,access_vlan:SW1:eth1:20+access_vlan:SW1:eth2:10+access_vlan:SW2:eth2:10+trunk_remove:SW2:eth3:10,access_trunk_combined,high,1.0,1.0,0.0,2.0,0.0,0.0,2.0,0.0,0.0,0.0,0.0,3.0,0.0,0.0,5.0,0.0002564450000193119,functional_completion,configuration_mismatch_only
episode,rule_based,train,stratified,2026,access_vlan:SW1:eth1:20+access_vlan:SW1:eth2:10+access_vlan:SW2:eth2:10+trunk_remove:SW2:eth3:20,access_trunk_combined,high,1.0,1.0,0.0,2.0,0.0,0.0,2.0,0.0,0.0,0.0,0.0,3.0,0.0,0.0,5.0,0.0002621780000140461,functional_completion,configuration_mismatch_only
episode,rule_based,train,stratified,2026,access_vlan:SW1:eth1:20+access_vlan:SW1:eth2:10+trunk_remove:SW1:eth3:10+trunk_remove:SW2:eth3:20,access_trunk_combined,high,1.0,1.0,1.0,4.0,0.0,0.0,2.0,0.0,1.0,1.0,1.0,3.0,0.0,0.0,7.0,0.00040198199999963435,functional_completion,none
episode,rule_based,train,stratified,2026,access_vlan:SW1:eth1:20+access_vlan:SW1:eth2:10+trunk_remove:SW1:eth3:20+trunk_remove:SW2:eth3:20,access_trunk_combined,high,1.0,1.0,1.0,4.0,0.0,0.0,2.0,0.0,1.0,1.0,1.0,2.0,0.0,0.0,7.0,0.0003759120000097482,functional_completion,none
episode,rule_based,train,stratified,2026,access_vlan:SW1:eth1:20+access_vlan:SW1:eth2:10+trunk_remove:SW2:eth3:10+trunk_remove:SW2:eth3:20,access_trunk_combined,high,1.0,1.0,1.0,4.0,0.0,0.0,2.0,0.0,1.0,1.0,1.0,3.0,0.0,0.0,7.0,0.00037512000000106127,functional_completion,none
episode,rule_based,train,stratified,2026,access_vlan:SW1:eth1:20+access_vlan:SW2:eth1:20+access_vlan:SW2:eth2:10+trunk_remove:SW1:eth3:10,access_trunk_combined,high,1.0,1.0,0.0,2.0,0.0,0.0,2.0,0.0,0.0,0.0,0.0,3.0,0.0,0.0,5.0,0.00026296400000092035,functional_completion,configuration_mismatch_only
episode,rule_based,train,stratified,2026,access_vlan:SW1:eth1:20+access_vlan:SW2:eth1:20+access_vlan:SW2:eth2:10+trunk_remove:SW1:eth3:20,access_trunk_combined,high,1.0,1.0,0.0,2.0,0.0,0.0,2.0,0.0,0.0,0.0,0.0,3.0,0.0,0.0,5.0,0.00026757699998825046,functional_completion,configuration_mismatch_only
episode,rule_based,train,stratified,2026,access_vlan:SW1:eth1:20+access_vlan:SW2:eth1:20+access_vlan:SW2:eth2:10+trunk_remove:SW2:eth3:10,access_trunk_combined,high,1.0,1.0,0.0,2.0,0.0,0.0,2.0,0.0,0.0,0.0,0.0,3.0,0.0,0.0,5.0,0.0002656169999966096,functional_completion,configuration_mismatch_only
episode,rule_based,train,stratified,2026,access_vlan:SW1:eth1:20+access_vlan:SW2:eth1:20+access_vlan:SW2:eth2:10+trunk_remove:SW2:eth3:20,access_trunk_combined,high,1.0,1.0,0.0,2.0,0.0,0.0,2.0,0.0,0.0,0.0,0.0,3.0,0.0,0.0,5.0,0.00026806399998235975,functional_completion,configuration_mismatch_only
episode,rule_based,train,stratified,2026,access_vlan:SW1:eth1:20+access_vlan:SW2:eth1:20+trunk_remove:SW1:eth3:10+trunk_remove:SW1:eth3:20,access_trunk_combined,high,1.0,0.0,0.0,1.0,0.0,0.0,2.0,0.0,1.0,2.0,2.0,0.0,4.0,0.0,4.0,0.0002091039999925215,incorrect_completion,functional_and_configuration_failure
episode,rule_based,train,stratified,2026,access_vlan:SW1:eth1:20+access_vlan:SW2:eth1:20+trunk_remove:SW1:eth3:20+trunk_remove:SW2:eth3:10,access_trunk_combined,high,1.0,0.0,0.0,1.0,0.0,0.0,2.0,0.0,1.0,2.0,2.0,0.0,4.0,0.0,4.0,0.00019887700000253972,incorrect_completion,functional_and_configuration_failure
episode,rule_based,train,stratified,2026,access_vlan:SW1:eth1:20+access_vlan:SW2:eth1:20+trunk_remove:SW1:eth3:20+trunk_remove:SW2:eth3:20,access_trunk_combined,high,1.0,0.0,0.0,2.0,0.0,0.0,2.0,0.0,1.0,2.0,2.0,0.0,4.0,0.0,5.0,0.0002580610000109118,incorrect_completion,functional_and_configuration_failure
episode,rule_based,train,stratified,2026,access_vlan:SW1:eth1:20+access_vlan:SW2:eth1:20+trunk_remove:SW2:eth3:10+trunk_remove:SW2:eth3:20,access_trunk_combined,high,1.0,0.0,0.0,1.0,0.0,0.0,2.0,0.0,1.0,2.0,2.0,0.0,4.0,0.0,4.0,0.00023814599998672747,incorrect_completion,functional_and_configuration_failure
episode,rule_based,train,stratified,2026,access_vlan:SW1:eth1:20+access_vlan:SW2:eth2:10+trunk_remove:SW1:eth3:10+trunk_remove:SW1:eth3:20,access_trunk_combined,high,1.0,1.0,1.0,4.0,0.0,0.0,2.0,0.0,0.0,0.0,0.0,2.0,0.0,0.0,7.0,0.0004169030000014118,functional_completion,none
episode,rule_based,train,stratified,2026,access_vlan:SW1:eth1:20+access_vlan:SW2:eth2:10+trunk_remove:SW1:eth3:10+trunk_remove:SW2:eth3:10,access_trunk_combined,high,1.0,1.0,1.0,4.0,0.0,0.0,2.0,0.0,0.0,0.0,0.0,2.0,0.0,0.0,7.0,0.00037243500000272434,functional_completion,none
episode,rule_based,train,stratified,2026,access_vlan:SW1:eth1:20+access_vlan:SW2:eth2:10+trunk_remove:SW1:eth3:10+trunk_remove:SW2:eth3:20,access_trunk_combined,high,1.0,1.0,1.0,4.0,0.0,0.0,2.0,0.0,0.0,0.0,0.0,2.0,0.0,0.0,7.0,0.0003837809999822639,functional_completion,none
episode,rule_based,train,stratified,2026,access_vlan:SW1:eth1:20+access_vlan:SW2:eth2:10+trunk_remove:SW1:eth3:20+trunk_remove:SW2:eth3:10,access_trunk_combined,high,1.0,1.0,1.0,4.0,0.0,0.0,2.0,0.0,0.0,0.0,0.0,2.0,0.0,0.0,7.0,0.0008847100000082264,functional_completion,none
episode,rule_based,train,stratified,2026,access_vlan:SW1:eth1:20+access_vlan:SW2:eth2:10+trunk_remove:SW1:eth3:20+trunk_remove:SW2:eth3:20,access_trunk_combined,high,1.0,1.0,1.0,4.0,0.0,0.0,2.0,0.0,1.0,1.0,1.0,1.0,0.0,0.0,7.0,0.0004260489999978745,functional_completion,none
episode,rule_based,train,stratified,2026,access_vlan:SW1:eth1:20+trunk_remove:SW1:eth3:10+trunk_remove:SW1:eth3:20+trunk_remove:SW2:eth3:10,access_trunk_combined,high,1.0,1.0,1.0,4.0,0.0,0.0,2.0,0.0,0.0,0.0,0.0,3.0,0.0,0.0,7.0,0.00048496800002340024,functional_completion,none
episode,rule_based,train,stratified,2026,access_vlan:SW1:eth1:20+trunk_remove:SW1:eth3:10+trunk_remove:SW1:eth3:20+trunk_remove:SW2:eth3:20,access_trunk_combined,high,1.0,1.0,1.0,4.0,0.0,0.0,2.0,0.0,0.0,0.0,0.0,3.0,0.0,0.0,7.0,0.0004557980000186035,functional_completion,none
episode,rule_based,train,stratified,2026,access_vlan:SW1:eth1:20+trunk_remove:SW1:eth3:10+trunk_remove:SW2:eth3:10+trunk_remove:SW2:eth3:20,access_trunk_combined,high,1.0,1.0,1.0,4.0,0.0,0.0,2.0,0.0,0.0,0.0,0.0,3.0,0.0,0.0,7.0,0.00038952900001731905,functional_completion,none
episode,rule_based,train,stratified,2026,access_vlan:SW1:eth1:20+trunk_remove:SW1:eth3:20+trunk_remove:SW2:eth3:10+trunk_remove:SW2:eth3:20,access_trunk_combined,high,1.0,1.0,1.0,4.0,0.0,0.0,2.0,0.0,0.0,0.0,0.0,3.0,0.0,0.0,7.0,0.0003692239999963931,functional_completion,none
episode,rule_based,train,stratified,2026,access_vlan:SW1:eth2:10+access_vlan:SW2:eth1:20+access_vlan:SW2:eth2:10+trunk_remove:SW1:eth3:10,access_trunk_combined,high,1.0,1.0,0.0,2.0,0.0,0.0,2.0,0.0,0.0,0.0,0.0,3.0,0.0,0.0,5.0,0.0002667530000053375,functional_completion,configuration_mismatch_only
episode,rule_based,train,stratified,2026,access_vlan:SW1:eth2:10+access_vlan:SW2:eth1:20+access_vlan:SW2:eth2:10+trunk_remove:SW2:eth3:10,access_trunk_combined,high,1.0,1.0,0.0,2.0,0.0,0.0,2.0,0.0,0.0,0.0,0.0,3.0,0.0,0.0,5.0,0.000289076000001387,functional_completion,configuration_mismatch_only
episode,rule_based,train,stratified,2026,access_vlan:SW1:eth2:10+access_vlan:SW2:eth1:20+access_vlan:SW2:eth2:10+trunk_remove:SW2:eth3:20,access_trunk_combined,high,1.0,1.0,0.0,2.0,0.0,0.0,2.0,0.0,0.0,0.0,0.0,3.0,0.0,0.0,5.0,0.00026957800000104726,functional_completion,configuration_mismatch_only
episode,rule_based,train,stratified,2026,access_vlan:SW1:eth2:10+access_vlan:SW2:eth1:20+trunk_remove:SW1:eth3:10+trunk_remove:SW1:eth3:20,access_trunk_combined,high,1.0,1.0,1.0,4.0,0.0,0.0,2.0,0.0,0.0,0.0,0.0,2.0,0.0,0.0,7.0,0.0003806169999904796,functional_completion,none
episode,rule_based,train,stratified,2026,access_vlan:SW1:eth2:10+access_vlan:SW2:eth1:20+trunk_remove:SW1:eth3:10+trunk_remove:SW2:eth3:10,access_trunk_combined,high,1.0,1.0,1.0,4.0,0.0,0.0,2.0,0.0,0.0,0.0,0.0,2.0,0.0,0.0,7.0,0.00038277100000527753,functional_completion,none
episode,rule_based,train,stratified,2026,access_vlan:SW1:eth2:10+access_vlan:SW2:eth1:20+trunk_remove:SW1:eth3:10+trunk_remove:SW2:eth3:20,access_trunk_combined,high,1.0,1.0,1.0,4.0,0.0,0.0,2.0,0.0,0.0,0.0,0.0,2.0,0.0,0.0,7.0,0.0003909899999996469,functional_completion,none
episode,rule_based,train,stratified,2026,access_vlan:SW1:eth2:10+access_vlan:SW2:eth1:20+trunk_remove:SW1:eth3:20+trunk_remove:SW2:eth3:10,access_trunk_combined,high,1.0,1.0,1.0,4.0,0.0,0.0,2.0,0.0,0.0,0.0,0.0,2.0,0.0,0.0,7.0,0.00038544599999568163,functional_completion,none
episode,rule_based,train,stratified,2026,access_vlan:SW1:eth2:10+access_vlan:SW2:eth2:10+trunk_remove:SW1:eth3:10+trunk_remove:SW1:eth3:20,access_trunk_combined,high,1.0,0.0,0.0,1.0,0.0,0.0,2.0,0.0,1.0,2.0,2.0,0.0,4.0,0.0,4.0,0.00020451500000717715,incorrect_completion,functional_and_configuration_failure
episode,rule_based,train,stratified,2026,access_vlan:SW1:eth2:10+access_vlan:SW2:eth2:10+trunk_remove:SW1:eth3:10+trunk_remove:SW2:eth3:10,access_trunk_combined,high,1.0,0.0,0.0,2.0,0.0,0.0,2.0,0.0,1.0,2.0,2.0,0.0,4.0,0.0,5.0,0.000263613000015539,incorrect_completion,functional_and_configuration_failure
episode,rule_based,train,stratified,2026,access_vlan:SW1:eth2:10+access_vlan:SW2:eth2:10+trunk_remove:SW1:eth3:20+trunk_remove:SW2:eth3:10,access_trunk_combined,high,1.0,0.0,0.0,1.0,0.0,0.0,2.0,0.0,1.0,2.0,2.0,0.0,4.0,0.0,4.0,0.00020395900000380607,incorrect_completion,functional_and_configuration_failure
episode,rule_based,train,stratified,2026,access_vlan:SW1:eth2:10+access_vlan:SW2:eth2:10+trunk_remove:SW1:eth3:20+trunk_remove:SW2:eth3:20,access_trunk_combined,high,1.0,0.0,0.0,0.0,0.0,0.0,2.0,0.0,0.0,0.0,0.0,2.0,4.0,0.0,3.0,0.00014680999998972766,incorrect_completion,functional_and_configuration_failure
episode,rule_based,train,stratified,2026,access_vlan:SW1:eth2:10+access_vlan:SW2:eth2:10+trunk_remove:SW2:eth3:10+trunk_remove:SW2:eth3:20,access_trunk_combined,high,1.0,0.0,0.0,1.0,0.0,0.0,2.0,0.0,1.0,2.0,2.0,0.0,4.0,0.0,4.0,0.00024287700000513723,incorrect_completion,functional_and_configuration_failure
episode,rule_based,train,stratified,2026,access_vlan:SW1:eth2:10+trunk_remove:SW1:eth3:10+trunk_remove:SW1:eth3:20+trunk_remove:SW2:eth3:10,access_trunk_combined,high,1.0,1.0,1.0,4.0,0.0,0.0,2.0,0.0,0.0,0.0,0.0,3.0,0.0,0.0,7.0,0.00039226699999517223,functional_completion,none
episode,rule_based,train,stratified,2026,access_vlan:SW1:eth2:10+trunk_remove:SW1:eth3:10+trunk_remove:SW1:eth3:20+trunk_remove:SW2:eth3:20,access_trunk_combined,high,1.0,1.0,1.0,4.0,0.0,0.0,2.0,0.0,0.0,0.0,0.0,3.0,0.0,0.0,7.0,0.0003717980000033094,functional_completion,none
episode,rule_based,train,stratified,2026,access_vlan:SW1:eth2:10+trunk_remove:SW1:eth3:10+trunk_remove:SW2:eth3:10+trunk_remove:SW2:eth3:20,access_trunk_combined,high,1.0,1.0,1.0,4.0,0.0,0.0,2.0,0.0,0.0,0.0,0.0,3.0,0.0,0.0,7.0,0.00038927800000010393,functional_completion,none
episode,rule_based,train,stratified,2026,access_vlan:SW1:eth2:10+trunk_remove:SW1:eth3:20+trunk_remove:SW2:eth3:10+trunk_remove:SW2:eth3:20,access_trunk_combined,high,1.0,1.0,1.0,4.0,0.0,0.0,2.0,0.0,0.0,0.0,0.0,3.0,0.0,0.0,7.0,0.0003675689999909082,functional_completion,none
episode,rule_based,train,stratified,2026,access_vlan:SW2:eth1:20+access_vlan:SW2:eth2:10+trunk_remove:SW1:eth3:10+trunk_remove:SW1:eth3:20,access_trunk_combined,high,1.0,1.0,1.0,4.0,0.0,0.0,2.0,0.0,1.0,1.0,1.0,3.0,0.0,0.0,7.0,0.00038122699999121323,functional_completion,none
episode,rule_based,train,stratified,2026,access_vlan:SW2:eth1:20+access_vlan:SW2:eth2:10+trunk_remove:SW1:eth3:10+trunk_remove:SW2:eth3:10,access_trunk_combined,high,1.0,1.0,1.0,4.0,0.0,0.0,2.0,0.0,1.0,1.0,1.0,2.0,0.0,0.0,7.0,0.00038710399999786205,functional_completion,none
episode,rule_based,train,stratified,2026,access_vlan:SW2:eth1:20+access_vlan:SW2:eth2:10+trunk_remove:SW1:eth3:10+trunk_remove:SW2:eth3:20,access_trunk_combined,high,1.0,1.0,1.0,4.0,0.0,0.0,2.0,0.0,1.0,1.0,1.0,3.0,0.0,0.0,7.0,0.0003888720000020385,functional_completion,none
episode,rule_based,train,stratified,2026,access_vlan:SW2:eth1:20+access_vlan:SW2:eth2:10+trunk_remove:SW1:eth3:20+trunk_remove:SW2:eth3:10,access_trunk_combined,high,1.0,1.0,1.0,4.0,0.0,0.0,2.0,0.0,1.0,1.0,1.0,3.0,0.0,0.0,7.0,0.0003889189999881637,functional_completion,none
episode,rule_based,train,stratified,2026,access_vlan:SW2:eth1:20+access_vlan:SW2:eth2:10+trunk_remove:SW1:eth3:20+trunk_remove:SW2:eth3:20,access_trunk_combined,high,1.0,1.0,1.0,4.0,0.0,0.0,2.0,0.0,1.0,1.0,1.0,2.0,0.0,0.0,7.0,0.0003853700000036042,functional_completion,none
episode,rule_based,train,stratified,2026,access_vlan:SW2:eth1:20+access_vlan:SW2:eth2:10+trunk_remove:SW2:eth3:10+trunk_remove:SW2:eth3:20,access_trunk_combined,high,1.0,1.0,1.0,4.0,0.0,0.0,2.0,0.0,1.0,1.0,1.0,3.0,0.0,0.0,7.0,0.00037528799998653994,functional_completion,none
episode,rule_based,train,stratified,2026,access_vlan:SW2:eth1:20+trunk_remove:SW1:eth3:10+trunk_remove:SW1:eth3:20+trunk_remove:SW2:eth3:10,access_trunk_combined,high,1.0,1.0,1.0,4.0,0.0,0.0,2.0,0.0,0.0,0.0,0.0,3.0,0.0,0.0,7.0,0.000382618999992701,functional_completion,none
episode,rule_based,train,stratified,2026,access_vlan:SW2:eth1:20+trunk_remove:SW1:eth3:10+trunk_remove:SW1:eth3:20+trunk_remove:SW2:eth3:20,access_trunk_combined,high,1.0,1.0,1.0,4.0,0.0,0.0,2.0,0.0,0.0,0.0,0.0,3.0,0.0,0.0,7.0,0.00036864599999830716,functional_completion,none
episode,rule_based,train,stratified,2026,access_vlan:SW2:eth1:20+trunk_remove:SW1:eth3:10+trunk_remove:SW2:eth3:10+trunk_remove:SW2:eth3:20,access_trunk_combined,high,1.0,1.0,1.0,4.0,0.0,0.0,2.0,0.0,0.0,0.0,0.0,3.0,0.0,0.0,7.0,0.0003786769999862827,functional_completion,none
episode,rule_based,train,stratified,2026,access_vlan:SW2:eth2:10+trunk_remove:SW1:eth3:10+trunk_remove:SW2:eth3:10+trunk_remove:SW2:eth3:20,access_trunk_combined,high,1.0,1.0,1.0,4.0,0.0,0.0,2.0,0.0,0.0,0.0,0.0,3.0,0.0,0.0,7.0,0.0003696050000030482,functional_completion,none
episode,rule_based,train,stratified,2026,trunk_remove:SW1:eth3:10+trunk_remove:SW1:eth3:20+trunk_remove:SW2:eth3:10+trunk_remove:SW2:eth3:20,multi_trunk,high,1.0,1.0,1.0,4.0,0.0,0.0,2.0,0.0,0.0,0.0,0.0,4.0,0.0,0.0,7.0,0.00036066399999867826,functional_completion,none
episode,rule_based,train,stratified,2026,access_vlan:SW1:eth1:20+access_vlan:SW1:eth2:10+access_vlan:SW2:eth1:20+access_vlan:SW2:eth2:10+trunk_remove:SW1:eth3:10,access_trunk_combined,high,1.0,1.0,0.0,1.0,0.0,0.0,2.0,0.0,0.0,0.0,0.0,5.0,0.0,0.0,4.0,0.00020061800000803487,functional_completion,configuration_mismatch_only
episode,rule_based,train,stratified,2026,access_vlan:SW1:eth1:20+access_vlan:SW1:eth2:10+access_vlan:SW2:eth1:20+access_vlan:SW2:eth2:10+trunk_remove:SW2:eth3:10,access_trunk_combined,high,1.0,1.0,0.0,1.0,0.0,0.0,2.0,0.0,0.0,0.0,0.0,5.0,0.0,0.0,4.0,0.00022322600000279635,functional_completion,configuration_mismatch_only
episode,rule_based,train,stratified,2026,access_vlan:SW1:eth1:20+access_vlan:SW1:eth2:10+access_vlan:SW2:eth1:20+access_vlan:SW2:eth2:10+trunk_remove:SW2:eth3:20,access_trunk_combined,high,1.0,1.0,0.0,1.0,0.0,0.0,2.0,0.0,0.0,0.0,0.0,5.0,0.0,0.0,4.0,0.0002152570000077958,functional_completion,configuration_mismatch_only
episode,rule_based,train,stratified,2026,access_vlan:SW1:eth1:20+access_vlan:SW1:eth2:10+access_vlan:SW2:eth1:20+trunk_remove:SW1:eth3:10+trunk_remove:SW1:eth3:20,access_trunk_combined,high,1.0,1.0,0.0,3.0,0.0,0.0,2.0,0.0,0.0,0.0,0.0,3.0,0.0,0.0,6.0,0.00035200200002805104,functional_completion,configuration_mismatch_only
episode,rule_based,train,stratified,2026,access_vlan:SW1:eth1:20+access_vlan:SW1:eth2:10+access_vlan:SW2:eth1:20+trunk_remove:SW1:eth3:10+trunk_remove:SW2:eth3:10,access_trunk_combined,high,1.0,1.0,0.0,3.0,0.0,0.0,2.0,0.0,0.0,0.0,0.0,3.0,0.0,0.0,6.0,0.0003658459999940078,functional_completion,configuration_mismatch_only
episode,rule_based,train,stratified,2026,access_vlan:SW1:eth1:20+access_vlan:SW1:eth2:10+access_vlan:SW2:eth1:20+trunk_remove:SW1:eth3:10+trunk_remove:SW2:eth3:20,access_trunk_combined,high,1.0,1.0,0.0,3.0,0.0,0.0,2.0,0.0,0.0,0.0,0.0,3.0,0.0,0.0,6.0,0.00038734800000383984,functional_completion,configuration_mismatch_only
episode,rule_based,train,stratified,2026,access_vlan:SW1:eth1:20+access_vlan:SW1:eth2:10+access_vlan:SW2:eth1:20+trunk_remove:SW1:eth3:20+trunk_remove:SW2:eth3:20,access_trunk_combined,high,1.0,1.0,0.0,3.0,0.0,0.0,2.0,0.0,0.0,0.0,0.0,3.0,0.0,0.0,6.0,0.0004033390000017789,functional_completion,configuration_mismatch_only
episode,rule_based,train,stratified,2026,access_vlan:SW1:eth1:20+access_vlan:SW1:eth2:10+access_vlan:SW2:eth1:20+trunk_remove:SW2:eth3:10+trunk_remove:SW2:eth3:20,access_trunk_combined,high,1.0,1.0,0.0,3.0,0.0,0.0,2.0,0.0,0.0,0.0,0.0,3.0,0.0,0.0,6.0,0.0003962039999976241,functional_completion,configuration_mismatch_only
episode,rule_based,train,stratified,2026,access_vlan:SW1:eth1:20+access_vlan:SW1:eth2:10+access_vlan:SW2:eth2:10+trunk_remove:SW1:eth3:10+trunk_remove:SW1:eth3:20,access_trunk_combined,high,1.0,1.0,0.0,3.0,0.0,0.0,2.0,0.0,0.0,0.0,0.0,3.0,0.0,0.0,6.0,0.00037387400001875903,functional_completion,configuration_mismatch_only
episode,rule_based,train,stratified,2026,access_vlan:SW1:eth1:20+access_vlan:SW1:eth2:10+access_vlan:SW2:eth2:10+trunk_remove:SW1:eth3:10+trunk_remove:SW2:eth3:10,access_trunk_combined,high,1.0,1.0,0.0,3.0,0.0,0.0,2.0,0.0,0.0,0.0,0.0,3.0,0.0,0.0,6.0,0.00035788200000297365,functional_completion,configuration_mismatch_only
episode,rule_based,train,stratified,2026,access_vlan:SW1:eth1:20+access_vlan:SW1:eth2:10+access_vlan:SW2:eth2:10+trunk_remove:SW1:eth3:10+trunk_remove:SW2:eth3:20,access_trunk_combined,high,1.0,1.0,0.0,3.0,0.0,0.0,2.0,0.0,0.0,0.0,0.0,3.0,0.0,0.0,6.0,0.00032261100000141596,functional_completion,configuration_mismatch_only
episode,rule_based,train,stratified,2026,access_vlan:SW1:eth1:20+access_vlan:SW1:eth2:10+access_vlan:SW2:eth2:10+trunk_remove:SW1:eth3:20+trunk_remove:SW2:eth3:10,access_trunk_combined,high,1.0,1.0,0.0,3.0,0.0,0.0,2.0,0.0,0.0,0.0,0.0,3.0,0.0,0.0,6.0,0.00033663599998590144,functional_completion,configuration_mismatch_only
episode,rule_based,train,stratified,2026,access_vlan:SW1:eth1:20+access_vlan:SW1:eth2:10+access_vlan:SW2:eth2:10+trunk_remove:SW1:eth3:20+trunk_remove:SW2:eth3:20,access_trunk_combined,high,1.0,1.0,0.0,3.0,0.0,0.0,2.0,0.0,0.0,0.0,0.0,3.0,0.0,0.0,6.0,0.0003211080000085076,functional_completion,configuration_mismatch_only
episode,rule_based,train,stratified,2026,access_vlan:SW1:eth1:20+access_vlan:SW1:eth2:10+trunk_remove:SW1:eth3:10+trunk_remove:SW1:eth3:20+trunk_remove:SW2:eth3:10,access_trunk_combined,high,1.0,1.0,1.0,5.0,0.0,0.0,2.0,0.0,1.0,1.0,1.0,3.0,0.0,0.0,8.0,0.0004318530000091414,functional_completion,none
episode,rule_based,train,stratified,2026,access_vlan:SW1:eth1:20+access_vlan:SW1:eth2:10+trunk_remove:SW1:eth3:10+trunk_remove:SW1:eth3:20+trunk_remove:SW2:eth3:20,access_trunk_combined,high,1.0,1.0,1.0,5.0,0.0,0.0,2.0,0.0,1.0,1.0,1.0,3.0,0.0,0.0,8.0,0.0004310059999852456,functional_completion,none
episode,rule_based,train,stratified,2026,access_vlan:SW1:eth1:20+access_vlan:SW1:eth2:10+trunk_remove:SW1:eth3:10+trunk_remove:SW2:eth3:10+trunk_remove:SW2:eth3:20,access_trunk_combined,high,1.0,1.0,1.0,5.0,0.0,0.0,2.0,0.0,1.0,1.0,1.0,3.0,0.0,0.0,8.0,0.0004251119999878483,functional_completion,none
episode,rule_based,train,stratified,2026,access_vlan:SW1:eth1:20+access_vlan:SW1:eth2:10+trunk_remove:SW1:eth3:20+trunk_remove:SW2:eth3:10+trunk_remove:SW2:eth3:20,access_trunk_combined,high,1.0,1.0,1.0,5.0,0.0,0.0,2.0,0.0,1.0,1.0,1.0,3.0,0.0,0.0,8.0,0.0004311250000057498,functional_completion,none
episode,rule_based,train,stratified,2026,access_vlan:SW1:eth1:20+access_vlan:SW2:eth1:20+access_vlan:SW2:eth2:10+trunk_remove:SW1:eth3:10+trunk_remove:SW1:eth3:20,access_trunk_combined,high,1.0,1.0,0.0,3.0,0.0,0.0,2.0,0.0,0.0,0.0,0.0,3.0,0.0,0.0,6.0,0.0003263549999985571,functional_completion,configuration_mismatch_only
episode,rule_based,train,stratified,2026,access_vlan:SW1:eth1:20+access_vlan:SW2:eth1:20+access_vlan:SW2:eth2:10+trunk_remove:SW1:eth3:10+trunk_remove:SW2:eth3:10,access_trunk_combined,high,1.0,1.0,0.0,3.0,0.0,0.0,2.0,0.0,0.0,0.0,0.0,3.0,0.0,0.0,6.0,0.00033270200000856676,functional_completion,configuration_mismatch_only
episode,rule_based,train,stratified,2026,access_vlan:SW1:eth1:20+access_vlan:SW2:eth1:20+access_vlan:SW2:eth2:10+trunk_remove:SW1:eth3:10+trunk_remove:SW2:eth3:20,access_trunk_combined,high,1.0,1.0,0.0,3.0,0.0,0.0,2.0,0.0,0.0,0.0,0.0,3.0,0.0,0.0,6.0,0.00032099000000584965,functional_completion,configuration_mismatch_only
episode,rule_based,train,stratified,2026,access_vlan:SW1:eth1:20+access_vlan:SW2:eth1:20+access_vlan:SW2:eth2:10+trunk_remove:SW1:eth3:20+trunk_remove:SW2:eth3:10,access_trunk_combined,high,1.0,1.0,0.0,3.0,0.0,0.0,2.0,0.0,0.0,0.0,0.0,3.0,0.0,0.0,6.0,0.00031275300000288553,functional_completion,configuration_mismatch_only
episode,rule_based,train,stratified,2026,access_vlan:SW1:eth1:20+access_vlan:SW2:eth1:20+access_vlan:SW2:eth2:10+trunk_remove:SW1:eth3:20+trunk_remove:SW2:eth3:20,access_trunk_combined,high,1.0,1.0,0.0,3.0,0.0,0.0,2.0,0.0,0.0,0.0,0.0,3.0,0.0,0.0,6.0,0.0003077789999963443,functional_completion,configuration_mismatch_only
episode,rule_based,train,stratified,2026,access_vlan:SW1:eth1:20+access_vlan:SW2:eth1:20+access_vlan:SW2:eth2:10+trunk_remove:SW2:eth3:10+trunk_remove:SW2:eth3:20,access_trunk_combined,high,1.0,1.0,0.0,3.0,0.0,0.0,2.0,0.0,0.0,0.0,0.0,3.0,0.0,0.0,6.0,0.00032024699999055883,functional_completion,configuration_mismatch_only
episode,rule_based,train,stratified,2026,access_vlan:SW1:eth1:20+access_vlan:SW2:eth1:20+trunk_remove:SW1:eth3:10+trunk_remove:SW1:eth3:20+trunk_remove:SW2:eth3:10,access_trunk_combined,high,1.0,0.0,0.0,1.0,0.0,0.0,2.0,0.0,1.0,2.0,2.0,0.0,4.0,0.0,4.0,0.0002056900000013684,incorrect_completion,functional_and_configuration_failure
episode,rule_based,train,stratified,2026,access_vlan:SW1:eth1:20+access_vlan:SW2:eth1:20+trunk_remove:SW1:eth3:10+trunk_remove:SW1:eth3:20+trunk_remove:SW2:eth3:20,access_trunk_combined,high,1.0,0.0,0.0,2.0,0.0,0.0,2.0,0.0,1.0,2.0,2.0,0.0,4.0,0.0,5.0,0.0002506360000040786,incorrect_completion,functional_and_configuration_failure
episode,rule_based,train,stratified,2026,access_vlan:SW1:eth1:20+access_vlan:SW2:eth1:20+trunk_remove:SW1:eth3:10+trunk_remove:SW2:eth3:10+trunk_remove:SW2:eth3:20,access_trunk_combined,high,1.0,0.0,0.0,1.0,0.0,0.0,2.0,0.0,1.0,2.0,2.0,0.0,4.0,0.0,4.0,0.00020704299998897113,incorrect_completion,functional_and_configuration_failure
episode,rule_based,train,stratified,2026,access_vlan:SW1:eth1:20+access_vlan:SW2:eth1:20+trunk_remove:SW1:eth3:20+trunk_remove:SW2:eth3:10+trunk_remove:SW2:eth3:20,access_trunk_combined,high,1.0,0.0,0.0,2.0,0.0,0.0,2.0,0.0,1.0,2.0,2.0,0.0,4.0,0.0,5.0,0.00026243799999292605,incorrect_completion,functional_and_configuration_failure
episode,rule_based,train,stratified,2026,access_vlan:SW1:eth1:20+access_vlan:SW2:eth2:10+trunk_remove:SW1:eth3:10+trunk_remove:SW1:eth3:20+trunk_remove:SW2:eth3:10,access_trunk_combined,high,1.0,1.0,1.0,5.0,0.0,0.0,2.0,0.0,0.0,0.0,0.0,2.0,0.0,0.0,8.0,0.000433157000003348,functional_completion,none
episode,rule_based,train,stratified,2026,access_vlan:SW1:eth1:20+access_vlan:SW2:eth2:10+trunk_remove:SW1:eth3:10+trunk_remove:SW2:eth3:10+trunk_remove:SW2:eth3:20,access_trunk_combined,high,1.0,1.0,1.0,5.0,0.0,0.0,2.0,0.0,0.0,0.0,0.0,2.0,0.0,0.0,8.0,0.0004274959999861494,functional_completion,none
episode,rule_based,train,stratified,2026,access_vlan:SW1:eth1:20+access_vlan:SW2:eth2:10+trunk_remove:SW1:eth3:20+trunk_remove:SW2:eth3:10+trunk_remove:SW2:eth3:20,access_trunk_combined,high,1.0,1.0,1.0,5.0,0.0,0.0,2.0,0.0,0.0,0.0,0.0,2.0,0.0,0.0,8.0,0.0004255989999819576,functional_completion,none
episode,rule_based,train,stratified,2026,access_vlan:SW1:eth1:20+trunk_remove:SW1:eth3:10+trunk_remove:SW1:eth3:20+trunk_remove:SW2:eth3:10+trunk_remove:SW2:eth3:20,access_trunk_combined,high,1.0,1.0,1.0,5.0,0.0,0.0,2.0,0.0,0.0,0.0,0.0,3.0,0.0,0.0,8.0,0.00043756299999131443,functional_completion,none
episode,rule_based,train,stratified,2026,access_vlan:SW1:eth2:10+access_vlan:SW2:eth1:20+access_vlan:SW2:eth2:10+trunk_remove:SW1:eth3:10+trunk_remove:SW2:eth3:10,access_trunk_combined,high,1.0,1.0,0.0,3.0,0.0,0.0,2.0,0.0,0.0,0.0,0.0,3.0,0.0,0.0,6.0,0.00032180100001255596,functional_completion,configuration_mismatch_only
episode,rule_based,train,stratified,2026,access_vlan:SW1:eth2:10+access_vlan:SW2:eth1:20+access_vlan:SW2:eth2:10+trunk_remove:SW1:eth3:20+trunk_remove:SW2:eth3:10,access_trunk_combined,high,1.0,1.0,0.0,3.0,0.0,0.0,2.0,0.0,0.0,0.0,0.0,3.0,0.0,0.0,6.0,0.0003406929999982822,functional_completion,configuration_mismatch_only
episode,rule_based,train,stratified,2026,access_vlan:SW1:eth2:10+access_vlan:SW2:eth1:20+access_vlan:SW2:eth2:10+trunk_remove:SW1:eth3:20+trunk_remove:SW2:eth3:20,access_trunk_combined,high,1.0,1.0,0.0,3.0,0.0,0.0,2.0,0.0,0.0,0.0,0.0,3.0,0.0,0.0,6.0,0.0003160809999940284,functional_completion,configuration_mismatch_only
episode,rule_based,train,stratified,2026,access_vlan:SW1:eth2:10+access_vlan:SW2:eth1:20+access_vlan:SW2:eth2:10+trunk_remove:SW2:eth3:10+trunk_remove:SW2:eth3:20,access_trunk_combined,high,1.0,1.0,0.0,3.0,0.0,0.0,2.0,0.0,0.0,0.0,0.0,3.0,0.0,0.0,6.0,0.00032074599999987186,functional_completion,configuration_mismatch_only
episode,rule_based,train,stratified,2026,access_vlan:SW1:eth2:10+access_vlan:SW2:eth1:20+trunk_remove:SW1:eth3:10+trunk_remove:SW1:eth3:20+trunk_remove:SW2:eth3:10,access_trunk_combined,high,1.0,1.0,1.0,5.0,0.0,0.0,2.0,0.0,0.0,0.0,0.0,2.0,0.0,0.0,8.0,0.0005270309999900746,functional_completion,none
episode,rule_based,train,stratified,2026,access_vlan:SW1:eth2:10+access_vlan:SW2:eth1:20+trunk_remove:SW1:eth3:10+trunk_remove:SW2:eth3:10+trunk_remove:SW2:eth3:20,access_trunk_combined,high,1.0,1.0,1.0,5.0,0.0,0.0,2.0,0.0,0.0,0.0,0.0,2.0,0.0,0.0,8.0,0.00044837499999061947,functional_completion,none
episode,rule_based,train,stratified,2026,access_vlan:SW1:eth2:10+access_vlan:SW2:eth1:20+trunk_remove:SW1:eth3:20+trunk_remove:SW2:eth3:10+trunk_remove:SW2:eth3:20,access_trunk_combined,high,1.0,1.0,1.0,5.0,0.0,0.0,2.0,0.0,0.0,0.0,0.0,2.0,0.0,0.0,8.0,0.00043258100001253297,functional_completion,none
episode,rule_based,train,stratified,2026,access_vlan:SW1:eth2:10+access_vlan:SW2:eth2:10+trunk_remove:SW1:eth3:10+trunk_remove:SW1:eth3:20+trunk_remove:SW2:eth3:10,access_trunk_combined,high,1.0,0.0,0.0,2.0,0.0,0.0,2.0,0.0,1.0,2.0,2.0,0.0,4.0,0.0,5.0,0.00030809099999373757,incorrect_completion,functional_and_configuration_failure
episode,rule_based,train,stratified,2026,access_vlan:SW1:eth2:10+access_vlan:SW2:eth2:10+trunk_remove:SW1:eth3:10+trunk_remove:SW1:eth3:20+trunk_remove:SW2:eth3:20,access_trunk_combined,high,1.0,0.0,0.0,1.0,0.0,0.0,2.0,0.0,1.0,2.0,2.0,0.0,4.0,0.0,4.0,0.00023169799999323004,incorrect_completion,functional_and_configuration_failure
episode,rule_based,train,stratified,2026,access_vlan:SW1:eth2:10+access_vlan:SW2:eth2:10+trunk_remove:SW1:eth3:10+trunk_remove:SW2:eth3:10+trunk_remove:SW2:eth3:20,access_trunk_combined,high,1.0,0.0,0.0,2.0,0.0,0.0,2.0,0.0,1.0,2.0,2.0,0.0,4.0,0.0,5.0,0.0003175239999961832,incorrect_completion,functional_and_configuration_failure
episode,rule_based,train,stratified,2026,access_vlan:SW1:eth2:10+access_vlan:SW2:eth2:10+trunk_remove:SW1:eth3:20+trunk_remove:SW2:eth3:10+trunk_remove:SW2:eth3:20,access_trunk_combined,high,1.0,0.0,0.0,1.0,0.0,0.0,2.0,0.0,1.0,2.0,2.0,0.0,4.0,0.0,4.0,0.00027551600001629595,incorrect_completion,functional_and_configuration_failure
episode,rule_based,train,stratified,2026,access_vlan:SW1:eth2:10+trunk_remove:SW1:eth3:10+trunk_remove:SW1:eth3:20+trunk_remove:SW2:eth3:10+trunk_remove:SW2:eth3:20,access_trunk_combined,high,1.0,1.0,1.0,5.0,0.0,0.0,2.0,0.0,0.0,0.0,0.0,3.0,0.0,0.0,8.0,0.0005859780000037063,functional_completion,none
episode,rule_based,train,stratified,2026,access_vlan:SW2:eth1:20+access_vlan:SW2:eth2:10+trunk_remove:SW1:eth3:10+trunk_remove:SW1:eth3:20+trunk_remove:SW2:eth3:20,access_trunk_combined,high,1.0,1.0,1.0,5.0,0.0,0.0,2.0,0.0,1.0,1.0,1.0,3.0,0.0,0.0,8.0,0.0005076820000056159,functional_completion,none
episode,rule_based,train,stratified,2026,access_vlan:SW2:eth1:20+access_vlan:SW2:eth2:10+trunk_remove:SW1:eth3:10+trunk_remove:SW2:eth3:10+trunk_remove:SW2:eth3:20,access_trunk_combined,high,1.0,1.0,1.0,5.0,0.0,0.0,2.0,0.0,1.0,1.0,1.0,3.0,0.0,0.0,8.0,0.0005323340000131793,functional_completion,none
episode,rule_based,train,stratified,2026,access_vlan:SW2:eth1:20+access_vlan:SW2:eth2:10+trunk_remove:SW1:eth3:20+trunk_remove:SW2:eth3:10+trunk_remove:SW2:eth3:20,access_trunk_combined,high,1.0,1.0,1.0,5.0,0.0,0.0,2.0,0.0,1.0,1.0,1.0,3.0,0.0,0.0,8.0,0.0004607580000026701,functional_completion,none
episode,rule_based,train,stratified,2026,access_vlan:SW2:eth2:10+trunk_remove:SW1:eth3:10+trunk_remove:SW1:eth3:20+trunk_remove:SW2:eth3:10+trunk_remove:SW2:eth3:20,access_trunk_combined,high,1.0,1.0,1.0,5.0,0.0,0.0,2.0,0.0,0.0,0.0,0.0,3.0,0.0,0.0,8.0,0.0004239419999976235,functional_completion,none
episode,rule_based,train,stratified,2026,access_vlan:SW1:eth1:20+access_vlan:SW1:eth2:10+access_vlan:SW2:eth1:20+access_vlan:SW2:eth2:10+trunk_remove:SW1:eth3:20+trunk_remove:SW2:eth3:10,access_trunk_combined,high,1.0,1.0,0.0,2.0,0.0,0.0,2.0,0.0,0.0,0.0,0.0,4.0,0.0,0.0,5.0,0.00026120499998683044,functional_completion,configuration_mismatch_only
episode,rule_based,train,stratified,2026,access_vlan:SW1:eth1:20+access_vlan:SW1:eth2:10+access_vlan:SW2:eth1:20+access_vlan:SW2:eth2:10+trunk_remove:SW1:eth3:20+trunk_remove:SW2:eth3:20,access_trunk_combined,high,1.0,1.0,0.0,2.0,0.0,0.0,2.0,0.0,0.0,0.0,0.0,5.0,0.0,0.0,5.0,0.0002583339999944201,functional_completion,configuration_mismatch_only
episode,rule_based,train,stratified,2026,access_vlan:SW1:eth1:20+access_vlan:SW1:eth2:10+access_vlan:SW2:eth1:20+access_vlan:SW2:eth2:10+trunk_remove:SW2:eth3:10+trunk_remove:SW2:eth3:20,access_trunk_combined,high,1.0,1.0,0.0,2.0,0.0,0.0,2.0,0.0,0.0,0.0,0.0,4.0,0.0,0.0,5.0,0.0002623110000001816,functional_completion,configuration_mismatch_only
episode,rule_based,train,stratified,2026,access_vlan:SW1:eth1:20+access_vlan:SW1:eth2:10+access_vlan:SW2:eth1:20+trunk_remove:SW1:eth3:10+trunk_remove:SW1:eth3:20+trunk_remove:SW2:eth3:20,access_trunk_combined,high,1.0,1.0,0.0,4.0,0.0,0.0,2.0,0.0,0.0,0.0,0.0,3.0,0.0,0.0,7.0,0.00037644700000782905,functional_completion,configuration_mismatch_only
episode,rule_based,train,stratified,2026,access_vlan:SW1:eth1:20+access_vlan:SW1:eth2:10+access_vlan:SW2:eth1:20+trunk_remove:SW1:eth3:20+trunk_remove:SW2:eth3:10+trunk_remove:SW2:eth3:20,access_trunk_combined,high,1.0,1.0,0.0,4.0,0.0,0.0,2.0,0.0,0.0,0.0,0.0,3.0,0.0,0.0,7.0,0.0003895579999948495,functional_completion,configuration_mismatch_only
episode,rule_based,train,stratified,2026,access_vlan:SW1:eth1:20+access_vlan:SW1:eth2:10+access_vlan:SW2:eth2:10+trunk_remove:SW1:eth3:10+trunk_remove:SW1:eth3:20+trunk_remove:SW2:eth3:10,access_trunk_combined,high,1.0,1.0,0.0,4.0,0.0,0.0,2.0,0.0,0.0,0.0,0.0,3.0,0.0,0.0,7.0,0.000373899999999594,functional_completion,configuration_mismatch_only
episode,rule_based,train,stratified,2026,access_vlan:SW1:eth1:20+access_vlan:SW1:eth2:10+access_vlan:SW2:eth2:10+trunk_remove:SW1:eth3:10+trunk_remove:SW1:eth3:20+trunk_remove:SW2:eth3:20,access_trunk_combined,high,1.0,1.0,0.0,4.0,0.0,0.0,2.0,0.0,0.0,0.0,0.0,3.0,0.0,0.0,7.0,0.000388291000007257,functional_completion,configuration_mismatch_only
episode,rule_based,train,stratified,2026,access_vlan:SW1:eth1:20+access_vlan:SW1:eth2:10+access_vlan:SW2:eth2:10+trunk_remove:SW1:eth3:10+trunk_remove:SW2:eth3:10+trunk_remove:SW2:eth3:20,access_trunk_combined,high,1.0,1.0,0.0,4.0,0.0,0.0,2.0,0.0,0.0,0.0,0.0,3.0,0.0,0.0,7.0,0.00038871900000003734,functional_completion,configuration_mismatch_only
episode,rule_based,train,stratified,2026,access_vlan:SW1:eth1:20+access_vlan:SW1:eth2:10+trunk_remove:SW1:eth3:10+trunk_remove:SW1:eth3:20+trunk_remove:SW2:eth3:10+trunk_remove:SW2:eth3:20,access_trunk_combined,high,1.0,1.0,1.0,6.0,0.0,0.0,2.0,0.0,1.0,1.0,1.0,3.0,0.0,0.0,9.0,0.0004982929999926,functional_completion,none
episode,rule_based,train,stratified,2026,access_vlan:SW1:eth1:20+access_vlan:SW2:eth1:20+access_vlan:SW2:eth2:10+trunk_remove:SW1:eth3:10+trunk_remove:SW1:eth3:20+trunk_remove:SW2:eth3:10,access_trunk_combined,high,1.0,1.0,0.0,4.0,0.0,0.0,2.0,0.0,0.0,0.0,0.0,3.0,0.0,0.0,7.0,0.0003788930000041546,functional_completion,configuration_mismatch_only
episode,rule_based,train,stratified,2026,access_vlan:SW1:eth1:20+access_vlan:SW2:eth1:20+access_vlan:SW2:eth2:10+trunk_remove:SW1:eth3:10+trunk_remove:SW1:eth3:20+trunk_remove:SW2:eth3:20,access_trunk_combined,high,1.0,1.0,0.0,4.0,0.0,0.0,2.0,0.0,0.0,0.0,0.0,3.0,0.0,0.0,7.0,0.0003722840000079941,functional_completion,configuration_mismatch_only
episode,rule_based,train,stratified,2026,access_vlan:SW1:eth1:20+access_vlan:SW2:eth1:20+access_vlan:SW2:eth2:10+trunk_remove:SW1:eth3:10+trunk_remove:SW2:eth3:10+trunk_remove:SW2:eth3:20,access_trunk_combined,high,1.0,1.0,0.0,4.0,0.0,0.0,2.0,0.0,0.0,0.0,0.0,3.0,0.0,0.0,7.0,0.0003743559999804802,functional_completion,configuration_mismatch_only
episode,rule_based,train,stratified,2026,access_vlan:SW1:eth1:20+access_vlan:SW2:eth1:20+access_vlan:SW2:eth2:10+trunk_remove:SW1:eth3:20+trunk_remove:SW2:eth3:10+trunk_remove:SW2:eth3:20,access_trunk_combined,high,1.0,1.0,0.0,4.0,0.0,0.0,2.0,0.0,0.0,0.0,0.0,3.0,0.0,0.0,7.0,0.000430835999992496,functional_completion,configuration_mismatch_only
episode,rule_based,train,stratified,2026,access_vlan:SW1:eth1:20+access_vlan:SW2:eth1:20+trunk_remove:SW1:eth3:10+trunk_remove:SW1:eth3:20+trunk_remove:SW2:eth3:10+trunk_remove:SW2:eth3:20,access_trunk_combined,high,1.0,0.0,0.0,2.0,0.0,0.0,2.0,0.0,1.0,2.0,2.0,0.0,4.0,0.0,5.0,0.00025828799999771945,incorrect_completion,functional_and_configuration_failure
episode,rule_based,train,stratified,2026,access_vlan:SW1:eth2:10+access_vlan:SW2:eth1:20+access_vlan:SW2:eth2:10+trunk_remove:SW1:eth3:10+trunk_remove:SW1:eth3:20+trunk_remove:SW2:eth3:10,access_trunk_combined,high,1.0,1.0,0.0,4.0,0.0,0.0,2.0,0.0,0.0,0.0,0.0,3.0,0.0,0.0,7.0,0.000367598999986285,functional_completion,configuration_mismatch_only
episode,rule_based,train,stratified,2026,access_vlan:SW1:eth2:10+access_vlan:SW2:eth1:20+access_vlan:SW2:eth2:10+trunk_remove:SW1:eth3:10+trunk_remove:SW1:eth3:20+trunk_remove:SW2:eth3:20,access_trunk_combined,high,1.0,1.0,0.0,4.0,0.0,0.0,2.0,0.0,0.0,0.0,0.0,3.0,0.0,0.0,7.0,0.0003728150000199548,functional_completion,configuration_mismatch_only
episode,rule_based,train,stratified,2026,access_vlan:SW1:eth2:10+access_vlan:SW2:eth1:20+access_vlan:SW2:eth2:10+trunk_remove:SW1:eth3:10+trunk_remove:SW2:eth3:10+trunk_remove:SW2:eth3:20,access_trunk_combined,high,1.0,1.0,0.0,4.0,0.0,0.0,2.0,0.0,0.0,0.0,0.0,3.0,0.0,0.0,7.0,0.00036519900001508177,functional_completion,configuration_mismatch_only
episode,rule_based,train,stratified,2026,access_vlan:SW1:eth2:10+access_vlan:SW2:eth1:20+access_vlan:SW2:eth2:10+trunk_remove:SW1:eth3:20+trunk_remove:SW2:eth3:10+trunk_remove:SW2:eth3:20,access_trunk_combined,high,1.0,1.0,0.0,4.0,0.0,0.0,2.0,0.0,0.0,0.0,0.0,3.0,0.0,0.0,7.0,0.0003668920000166054,functional_completion,configuration_mismatch_only
episode,rule_based,train,stratified,2026,access_vlan:SW1:eth2:10+access_vlan:SW2:eth1:20+trunk_remove:SW1:eth3:10+trunk_remove:SW1:eth3:20+trunk_remove:SW2:eth3:10+trunk_remove:SW2:eth3:20,access_trunk_combined,high,1.0,1.0,1.0,6.0,0.0,0.0,2.0,0.0,0.0,0.0,0.0,2.0,0.0,0.0,9.0,0.0004754580000110309,functional_completion,none
episode,rule_based,train,stratified,2026,access_vlan:SW1:eth2:10+access_vlan:SW2:eth2:10+trunk_remove:SW1:eth3:10+trunk_remove:SW1:eth3:20+trunk_remove:SW2:eth3:10+trunk_remove:SW2:eth3:20,access_trunk_combined,high,1.0,0.0,0.0,2.0,0.0,0.0,2.0,0.0,1.0,2.0,2.0,0.0,4.0,0.0,5.0,0.0002540090000024975,incorrect_completion,functional_and_configuration_failure
episode,rule_based,train,stratified,2026,access_vlan:SW2:eth1:20+access_vlan:SW2:eth2:10+trunk_remove:SW1:eth3:10+trunk_remove:SW1:eth3:20+trunk_remove:SW2:eth3:10+trunk_remove:SW2:eth3:20,access_trunk_combined,high,1.0,1.0,1.0,6.0,0.0,0.0,2.0,0.0,1.0,1.0,1.0,3.0,0.0,0.0,9.0,0.0004959299999995892,functional_completion,none
episode,rule_based,train,stratified,2026,access_vlan:SW1:eth1:20+access_vlan:SW1:eth2:10+access_vlan:SW2:eth1:20+access_vlan:SW2:eth2:10+trunk_remove:SW1:eth3:10+trunk_remove:SW1:eth3:20+trunk_remove:SW2:eth3:10,access_trunk_combined,high,1.0,1.0,0.0,3.0,0.0,0.0,2.0,0.0,0.0,0.0,0.0,4.0,0.0,0.0,6.0,0.00031349900001487185,functional_completion,configuration_mismatch_only
episode,rule_based,train,stratified,2026,access_vlan:SW1:eth1:20+access_vlan:SW1:eth2:10+access_vlan:SW2:eth1:20+access_vlan:SW2:eth2:10+trunk_remove:SW1:eth3:10+trunk_remove:SW2:eth3:10+trunk_remove:SW2:eth3:20,access_trunk_combined,high,1.0,1.0,0.0,3.0,0.0,0.0,2.0,0.0,0.0,0.0,0.0,4.0,0.0,0.0,6.0,0.0003107620000264433,functional_completion,configuration_mismatch_only
episode,rule_based,train,stratified,2026,access_vlan:SW1:eth1:20+access_vlan:SW1:eth2:10+access_vlan:SW2:eth1:20+trunk_remove:SW1:eth3:10+trunk_remove:SW1:eth3:20+trunk_remove:SW2:eth3:10+trunk_remove:SW2:eth3:20,access_trunk_combined,high,1.0,1.0,0.0,5.0,0.0,0.0,2.0,0.0,0.0,0.0,0.0,3.0,0.0,0.0,8.0,0.0004255160000070646,functional_completion,configuration_mismatch_only
episode,rule_based,train,stratified,2026,access_vlan:SW1:eth1:20+access_vlan:SW1:eth2:10+access_vlan:SW2:eth2:10+trunk_remove:SW1:eth3:10+trunk_remove:SW1:eth3:20+trunk_remove:SW2:eth3:10+trunk_remove:SW2:eth3:20,access_trunk_combined,high,1.0,1.0,0.0,5.0,0.0,0.0,2.0,0.0,0.0,0.0,0.0,3.0,0.0,0.0,8.0,0.0004885849999993752,functional_completion,configuration_mismatch_only
episode,rule_based,train,stratified,2026,access_vlan:SW1:eth1:20+access_vlan:SW2:eth1:20+access_vlan:SW2:eth2:10+trunk_remove:SW1:eth3:10+trunk_remove:SW1:eth3:20+trunk_remove:SW2:eth3:10+trunk_remove:SW2:eth3:20,access_trunk_combined,high,1.0,1.0,0.0,5.0,0.0,0.0,2.0,0.0,0.0,0.0,0.0,3.0,0.0,0.0,8.0,0.0005246329999977206,functional_completion,configuration_mismatch_only
episode,rule_based,train,stratified,2026,access_vlan:SW1:eth2:10+access_vlan:SW2:eth1:20+access_vlan:SW2:eth2:10+trunk_remove:SW1:eth3:10+trunk_remove:SW1:eth3:20+trunk_remove:SW2:eth3:10+trunk_remove:SW2:eth3:20,access_trunk_combined,high,1.0,1.0,0.0,5.0,0.0,0.0,2.0,0.0,0.0,0.0,0.0,3.0,0.0,0.0,8.0,0.000480147999979863,functional_completion,configuration_mismatch_only
episode,rule_based,train,stratified,2026,access_vlan:SW1:eth1:20+access_vlan:SW1:eth2:10+access_vlan:SW2:eth1:20+access_vlan:SW2:eth2:10+trunk_remove:SW1:eth3:10+trunk_remove:SW1:eth3:20+trunk_remove:SW2:eth3:10+trunk_remove:SW2:eth3:20,access_trunk_combined,high,1.0,1.0,0.0,4.0,0.0,0.0,2.0,0.0,0.0,0.0,0.0,4.0,0.0,0.0,7.0,0.0005404920000273705,functional_completion,configuration_mismatch_only
episode,rule_based,eval,stratified,2026,access_vlan:SW2:eth1:20,single_access,low,1.0,1.0,1.0,1.0,0.0,0.0,2.0,0.0,0.0,0.0,0.0,3.0,0.0,0.0,4.0,0.0002443129999960547,functional_completion,none
episode,rule_based,eval,stratified,2026,trunk_remove:SW1:eth3:20,single_trunk,low,1.0,1.0,1.0,1.0,0.0,0.0,2.0,0.0,0.0,0.0,0.0,5.0,0.0,0.0,4.0,0.00024229199999581397,functional_completion,none
episode,rule_based,eval,stratified,2026,access_vlan:SW1:eth2:10+access_vlan:SW2:eth2:10,multi_access,medium,1.0,0.0,0.0,0.0,0.0,0.0,2.0,0.0,0.0,0.0,0.0,2.0,4.0,0.0,3.0,0.0001522000000022672,incorrect_completion,functional_and_configuration_failure
episode,rule_based,eval,stratified,2026,trunk_remove:SW1:eth3:10+trunk_remove:SW1:eth3:20,multi_trunk,medium,1.0,1.0,1.0,2.0,0.0,0.0,2.0,0.0,0.0,0.0,0.0,4.0,0.0,0.0,5.0,0.0002605839999887394,functional_completion,none
episode,rule_based,eval,stratified,2026,access_vlan:SW1:eth1:20+access_vlan:SW1:eth2:10+trunk_remove:SW2:eth3:10,access_trunk_combined,medium,1.0,1.0,1.0,3.0,0.0,0.0,2.0,0.0,1.0,1.0,1.0,2.0,0.0,0.0,6.0,0.00032784599997626174,functional_completion,none
episode,rule_based,eval,stratified,2026,access_vlan:SW1:eth1:20+access_vlan:SW2:eth1:20+access_vlan:SW2:eth2:10,multi_access,medium,1.0,1.0,0.0,1.0,0.0,0.0,2.0,0.0,0.0,0.0,0.0,3.0,0.0,0.0,4.0,0.00020846300000698648,functional_completion,configuration_mismatch_only
episode,rule_based,eval,stratified,2026,access_vlan:SW1:eth1:20+access_vlan:SW2:eth1:20+trunk_remove:SW2:eth3:20,access_trunk_combined,medium,1.0,0.0,0.0,1.0,0.0,0.0,2.0,0.0,1.0,2.0,2.0,0.0,4.0,0.0,4.0,0.00020594400001527902,incorrect_completion,functional_and_configuration_failure
episode,rule_based,eval,stratified,2026,access_vlan:SW1:eth1:20+access_vlan:SW2:eth2:10+trunk_remove:SW2:eth3:20,access_trunk_combined,medium,1.0,1.0,1.0,3.0,0.0,0.0,2.0,0.0,1.0,1.0,1.0,1.0,0.0,0.0,6.0,0.00032738499999140913,functional_completion,none
episode,rule_based,eval,stratified,2026,access_vlan:SW1:eth1:20+trunk_remove:SW1:eth3:20+trunk_remove:SW2:eth3:10,access_trunk_combined,medium,1.0,1.0,1.0,3.0,0.0,0.0,2.0,0.0,0.0,0.0,0.0,3.0,0.0,0.0,6.0,0.00031350099999372105,functional_completion,none
episode,rule_based,eval,stratified,2026,access_vlan:SW1:eth2:10+access_vlan:SW2:eth1:20+trunk_remove:SW1:eth3:20,access_trunk_combined,medium,1.0,1.0,1.0,3.0,0.0,0.0,2.0,0.0,1.0,1.0,1.0,1.0,0.0,0.0,6.0,0.0003202660000169999,functional_completion,none
episode,rule_based,eval,stratified,2026,access_vlan:SW1:eth2:10+access_vlan:SW2:eth1:20+trunk_remove:SW2:eth3:20,access_trunk_combined,medium,1.0,1.0,1.0,3.0,0.0,0.0,2.0,0.0,1.0,1.0,1.0,1.0,0.0,0.0,6.0,0.0003251149999812242,functional_completion,none
episode,rule_based,eval,stratified,2026,access_vlan:SW1:eth2:10+access_vlan:SW2:eth2:10+trunk_remove:SW2:eth3:20,access_trunk_combined,medium,1.0,0.0,0.0,0.0,0.0,0.0,2.0,0.0,0.0,0.0,0.0,2.0,4.0,0.0,3.0,0.0001494930000092154,incorrect_completion,functional_and_configuration_failure
episode,rule_based,eval,stratified,2026,access_vlan:SW2:eth1:20+access_vlan:SW2:eth2:10+trunk_remove:SW1:eth3:10,access_trunk_combined,medium,1.0,1.0,1.0,3.0,0.0,0.0,2.0,0.0,1.0,1.0,1.0,2.0,0.0,0.0,6.0,0.00031859999998573585,functional_completion,none
episode,rule_based,eval,stratified,2026,access_vlan:SW2:eth1:20+trunk_remove:SW1:eth3:10+trunk_remove:SW2:eth3:10,access_trunk_combined,medium,1.0,1.0,1.0,3.0,0.0,0.0,2.0,0.0,0.0,0.0,0.0,3.0,0.0,0.0,6.0,0.00031948200000897486,functional_completion,none
episode,rule_based,eval,stratified,2026,access_vlan:SW2:eth1:20+trunk_remove:SW1:eth3:10+trunk_remove:SW2:eth3:20,access_trunk_combined,medium,1.0,1.0,1.0,3.0,0.0,0.0,2.0,0.0,0.0,0.0,0.0,3.0,0.0,0.0,6.0,0.0003117629999849214,functional_completion,none
episode,rule_based,eval,stratified,2026,access_vlan:SW2:eth1:20+trunk_remove:SW1:eth3:20+trunk_remove:SW2:eth3:20,access_trunk_combined,medium,1.0,1.0,1.0,3.0,0.0,0.0,2.0,0.0,0.0,0.0,0.0,3.0,0.0,0.0,6.0,0.00031458600000178194,functional_completion,none
episode,rule_based,eval,stratified,2026,access_vlan:SW2:eth1:20+trunk_remove:SW2:eth3:10+trunk_remove:SW2:eth3:20,access_trunk_combined,medium,1.0,1.0,1.0,3.0,0.0,0.0,2.0,0.0,0.0,0.0,0.0,3.0,0.0,0.0,6.0,0.0003419600000142964,functional_completion,none
episode,rule_based,eval,stratified,2026,access_vlan:SW2:eth2:10+trunk_remove:SW1:eth3:20+trunk_remove:SW2:eth3:10,access_trunk_combined,medium,1.0,1.0,1.0,3.0,0.0,0.0,2.0,0.0,0.0,0.0,0.0,3.0,0.0,0.0,6.0,0.00031572399998935907,functional_completion,none
episode,rule_based,eval,stratified,2026,trunk_remove:SW1:eth3:10+trunk_remove:SW2:eth3:10+trunk_remove:SW2:eth3:20,multi_trunk,medium,1.0,1.0,1.0,3.0,0.0,0.0,2.0,0.0,0.0,0.0,0.0,4.0,0.0,0.0,6.0,0.0003128870000068673,functional_completion,none
episode,rule_based,eval,stratified,2026,access_vlan:SW1:eth1:20+access_vlan:SW1:eth2:10+trunk_remove:SW1:eth3:10+trunk_remove:SW1:eth3:20,access_trunk_combined,high,1.0,1.0,1.0,4.0,0.0,0.0,2.0,0.0,1.0,1.0,1.0,3.0,0.0,0.0,7.0,0.00037123600000654733,functional_completion,none
episode,rule_based,eval,stratified,2026,access_vlan:SW1:eth1:20+access_vlan:SW1:eth2:10+trunk_remove:SW1:eth3:10+trunk_remove:SW2:eth3:10,access_trunk_combined,high,1.0,1.0,1.0,4.0,0.0,0.0,2.0,0.0,1.0,1.0,1.0,2.0,0.0,0.0,7.0,0.00038052499999707834,functional_completion,none
episode,rule_based,eval,stratified,2026,access_vlan:SW1:eth1:20+access_vlan:SW1:eth2:10+trunk_remove:SW1:eth3:20+trunk_remove:SW2:eth3:10,access_trunk_combined,high,1.0,1.0,1.0,4.0,0.0,0.0,2.0,0.0,1.0,1.0,1.0,3.0,0.0,0.0,7.0,0.0003763860000276509,functional_completion,none
episode,rule_based,eval,stratified,2026,access_vlan:SW1:eth1:20+access_vlan:SW2:eth1:20+trunk_remove:SW1:eth3:10+trunk_remove:SW2:eth3:10,access_trunk_combined,high,1.0,0.0,0.0,0.0,0.0,0.0,2.0,0.0,0.0,0.0,0.0,2.0,4.0,0.0,3.0,0.00014629199998239528,incorrect_completion,functional_and_configuration_failure
episode,rule_based,eval,stratified,2026,access_vlan:SW1:eth1:20+access_vlan:SW2:eth1:20+trunk_remove:SW1:eth3:10+trunk_remove:SW2:eth3:20,access_trunk_combined,high,1.0,0.0,0.0,1.0,0.0,0.0,2.0,0.0,1.0,2.0,2.0,0.0,4.0,0.0,4.0,0.00020480199998473836,incorrect_completion,functional_and_configuration_failure
episode,rule_based,eval,stratified,2026,access_vlan:SW1:eth1:20+access_vlan:SW2:eth2:10+trunk_remove:SW2:eth3:10+trunk_remove:SW2:eth3:20,access_trunk_combined,high,1.0,1.0,1.0,4.0,0.0,0.0,2.0,0.0,0.0,0.0,0.0,2.0,0.0,0.0,7.0,0.0003765400000190766,functional_completion,none
episode,rule_based,eval,stratified,2026,access_vlan:SW1:eth2:10+access_vlan:SW2:eth1:20+access_vlan:SW2:eth2:10+trunk_remove:SW1:eth3:20,access_trunk_combined,high,1.0,1.0,0.0,2.0,0.0,0.0,2.0,0.0,0.0,0.0,0.0,3.0,0.0,0.0,5.0,0.00026455899998723,functional_completion,configuration_mismatch_only
episode,rule_based,eval,stratified,2026,access_vlan:SW1:eth2:10+access_vlan:SW2:eth1:20+trunk_remove:SW1:eth3:20+trunk_remove:SW2:eth3:20,access_trunk_combined,high,1.0,1.0,1.0,4.0,0.0,0.0,2.0,0.0,1.0,1.0,1.0,1.0,0.0,0.0,7.0,0.00036779500001671295,functional_completion,none
episode,rule_based,eval,stratified,2026,access_vlan:SW1:eth2:10+access_vlan:SW2:eth1:20+trunk_remove:SW2:eth3:10+trunk_remove:SW2:eth3:20,access_trunk_combined,high,1.0,1.0,1.0,4.0,0.0,0.0,2.0,0.0,0.0,0.0,0.0,2.0,0.0,0.0,7.0,0.00036835200000950863,functional_completion,none
episode,rule_based,eval,stratified,2026,access_vlan:SW1:eth2:10+access_vlan:SW2:eth2:10+trunk_remove:SW1:eth3:10+trunk_remove:SW2:eth3:20,access_trunk_combined,high,1.0,0.0,0.0,1.0,0.0,0.0,2.0,0.0,1.0,2.0,2.0,0.0,4.0,0.0,4.0,0.00019979100000000471,incorrect_completion,functional_and_configuration_failure
episode,rule_based,eval,stratified,2026,access_vlan:SW2:eth1:20+trunk_remove:SW1:eth3:20+trunk_remove:SW2:eth3:10+trunk_remove:SW2:eth3:20,access_trunk_combined,high,1.0,1.0,1.0,4.0,0.0,0.0,2.0,0.0,0.0,0.0,0.0,3.0,0.0,0.0,7.0,0.00039402900000595764,functional_completion,none
episode,rule_based,eval,stratified,2026,access_vlan:SW2:eth2:10+trunk_remove:SW1:eth3:10+trunk_remove:SW1:eth3:20+trunk_remove:SW2:eth3:10,access_trunk_combined,high,1.0,1.0,1.0,4.0,0.0,0.0,2.0,0.0,0.0,0.0,0.0,3.0,0.0,0.0,7.0,0.0003674950000061017,functional_completion,none
episode,rule_based,eval,stratified,2026,access_vlan:SW2:eth2:10+trunk_remove:SW1:eth3:10+trunk_remove:SW1:eth3:20+trunk_remove:SW2:eth3:20,access_trunk_combined,high,1.0,1.0,1.0,4.0,0.0,0.0,2.0,0.0,0.0,0.0,0.0,3.0,0.0,0.0,7.0,0.00037268899998821325,functional_completion,none
episode,rule_based,eval,stratified,2026,access_vlan:SW2:eth2:10+trunk_remove:SW1:eth3:20+trunk_remove:SW2:eth3:10+trunk_remove:SW2:eth3:20,access_trunk_combined,high,1.0,1.0,1.0,4.0,0.0,0.0,2.0,0.0,0.0,0.0,0.0,3.0,0.0,0.0,7.0,0.0003862439999977596,functional_completion,none
episode,rule_based,eval,stratified,2026,access_vlan:SW1:eth1:20+access_vlan:SW1:eth2:10+access_vlan:SW2:eth1:20+access_vlan:SW2:eth2:10+trunk_remove:SW1:eth3:20,access_trunk_combined,high,1.0,1.0,0.0,1.0,0.0,0.0,2.0,0.0,0.0,0.0,0.0,5.0,0.0,0.0,4.0,0.0002042200000005323,functional_completion,configuration_mismatch_only
episode,rule_based,eval,stratified,2026,access_vlan:SW1:eth1:20+access_vlan:SW1:eth2:10+access_vlan:SW2:eth1:20+trunk_remove:SW1:eth3:20+trunk_remove:SW2:eth3:10,access_trunk_combined,high,1.0,1.0,0.0,3.0,0.0,0.0,2.0,0.0,0.0,0.0,0.0,3.0,0.0,0.0,6.0,0.00031602200002112113,functional_completion,configuration_mismatch_only
episode,rule_based,eval,stratified,2026,access_vlan:SW1:eth1:20+access_vlan:SW1:eth2:10+access_vlan:SW2:eth2:10+trunk_remove:SW2:eth3:10+trunk_remove:SW2:eth3:20,access_trunk_combined,high,1.0,1.0,0.0,3.0,0.0,0.0,2.0,0.0,0.0,0.0,0.0,3.0,0.0,0.0,6.0,0.00032594399999652524,functional_completion,configuration_mismatch_only
episode,rule_based,eval,stratified,2026,access_vlan:SW1:eth1:20+access_vlan:SW2:eth2:10+trunk_remove:SW1:eth3:10+trunk_remove:SW1:eth3:20+trunk_remove:SW2:eth3:20,access_trunk_combined,high,1.0,1.0,1.0,5.0,0.0,0.0,2.0,0.0,0.0,0.0,0.0,2.0,0.0,0.0,8.0,0.0005173739999975169,functional_completion,none
episode,rule_based,eval,stratified,2026,access_vlan:SW1:eth2:10+access_vlan:SW2:eth1:20+access_vlan:SW2:eth2:10+trunk_remove:SW1:eth3:10+trunk_remove:SW1:eth3:20,access_trunk_combined,high,1.0,1.0,0.0,3.0,0.0,0.0,2.0,0.0,0.0,0.0,0.0,3.0,0.0,0.0,6.0,0.0004019980000009582,functional_completion,configuration_mismatch_only
episode,rule_based,eval,stratified,2026,access_vlan:SW1:eth2:10+access_vlan:SW2:eth1:20+access_vlan:SW2:eth2:10+trunk_remove:SW1:eth3:10+trunk_remove:SW2:eth3:20,access_trunk_combined,high,1.0,1.0,0.0,3.0,0.0,0.0,2.0,0.0,0.0,0.0,0.0,3.0,0.0,0.0,6.0,0.00039501300000210904,functional_completion,configuration_mismatch_only
episode,rule_based,eval,stratified,2026,access_vlan:SW1:eth2:10+access_vlan:SW2:eth1:20+trunk_remove:SW1:eth3:10+trunk_remove:SW1:eth3:20+trunk_remove:SW2:eth3:20,access_trunk_combined,high,1.0,1.0,1.0,5.0,0.0,0.0,2.0,0.0,0.0,0.0,0.0,2.0,0.0,0.0,8.0,0.0004425399999945512,functional_completion,none
episode,rule_based,eval,stratified,2026,access_vlan:SW2:eth1:20+access_vlan:SW2:eth2:10+trunk_remove:SW1:eth3:10+trunk_remove:SW1:eth3:20+trunk_remove:SW2:eth3:10,access_trunk_combined,high,1.0,1.0,1.0,5.0,0.0,0.0,2.0,0.0,1.0,1.0,1.0,3.0,0.0,0.0,8.0,0.00042539700001498204,functional_completion,none
episode,rule_based,eval,stratified,2026,access_vlan:SW2:eth1:20+trunk_remove:SW1:eth3:10+trunk_remove:SW1:eth3:20+trunk_remove:SW2:eth3:10+trunk_remove:SW2:eth3:20,access_trunk_combined,high,1.0,1.0,1.0,5.0,0.0,0.0,2.0,0.0,0.0,0.0,0.0,3.0,0.0,0.0,8.0,0.00045772100000363025,functional_completion,none
episode,rule_based,eval,stratified,2026,access_vlan:SW1:eth1:20+access_vlan:SW1:eth2:10+access_vlan:SW2:eth1:20+access_vlan:SW2:eth2:10+trunk_remove:SW1:eth3:10+trunk_remove:SW1:eth3:20,access_trunk_combined,high,1.0,1.0,0.0,2.0,0.0,0.0,2.0,0.0,0.0,0.0,0.0,4.0,0.0,0.0,5.0,0.00030421700000715646,functional_completion,configuration_mismatch_only
episode,rule_based,eval,stratified,2026,access_vlan:SW1:eth1:20+access_vlan:SW1:eth2:10+access_vlan:SW2:eth1:20+access_vlan:SW2:eth2:10+trunk_remove:SW1:eth3:10+trunk_remove:SW2:eth3:10,access_trunk_combined,high,1.0,1.0,0.0,2.0,0.0,0.0,2.0,0.0,0.0,0.0,0.0,5.0,0.0,0.0,5.0,0.0002650880000203415,functional_completion,configuration_mismatch_only
episode,rule_based,eval,stratified,2026,access_vlan:SW1:eth1:20+access_vlan:SW1:eth2:10+access_vlan:SW2:eth1:20+access_vlan:SW2:eth2:10+trunk_remove:SW1:eth3:10+trunk_remove:SW2:eth3:20,access_trunk_combined,high,1.0,1.0,0.0,2.0,0.0,0.0,2.0,0.0,0.0,0.0,0.0,4.0,0.0,0.0,5.0,0.00025987399999394256,functional_completion,configuration_mismatch_only
episode,rule_based,eval,stratified,2026,access_vlan:SW1:eth1:20+access_vlan:SW1:eth2:10+access_vlan:SW2:eth1:20+trunk_remove:SW1:eth3:10+trunk_remove:SW1:eth3:20+trunk_remove:SW2:eth3:10,access_trunk_combined,high,1.0,1.0,0.0,4.0,0.0,0.0,2.0,0.0,0.0,0.0,0.0,3.0,0.0,0.0,7.0,0.0003798129999950106,functional_completion,configuration_mismatch_only
episode,rule_based,eval,stratified,2026,access_vlan:SW1:eth1:20+access_vlan:SW1:eth2:10+access_vlan:SW2:eth1:20+trunk_remove:SW1:eth3:10+trunk_remove:SW2:eth3:10+trunk_remove:SW2:eth3:20,access_trunk_combined,high,1.0,1.0,0.0,4.0,0.0,0.0,2.0,0.0,0.0,0.0,0.0,3.0,0.0,0.0,7.0,0.0003810460000011062,functional_completion,configuration_mismatch_only
episode,rule_based,eval,stratified,2026,access_vlan:SW1:eth1:20+access_vlan:SW1:eth2:10+access_vlan:SW2:eth2:10+trunk_remove:SW1:eth3:20+trunk_remove:SW2:eth3:10+trunk_remove:SW2:eth3:20,access_trunk_combined,high,1.0,1.0,0.0,4.0,0.0,0.0,2.0,0.0,0.0,0.0,0.0,3.0,0.0,0.0,7.0,0.0003703389999998308,functional_completion,configuration_mismatch_only
episode,rule_based,eval,stratified,2026,access_vlan:SW1:eth1:20+access_vlan:SW2:eth2:10+trunk_remove:SW1:eth3:10+trunk_remove:SW1:eth3:20+trunk_remove:SW2:eth3:10+trunk_remove:SW2:eth3:20,access_trunk_combined,high,1.0,1.0,1.0,6.0,0.0,0.0,2.0,0.0,0.0,0.0,0.0,2.0,0.0,0.0,9.0,0.00047238500002322326,functional_completion,none
episode,rule_based,eval,stratified,2026,access_vlan:SW1:eth1:20+access_vlan:SW1:eth2:10+access_vlan:SW2:eth1:20+access_vlan:SW2:eth2:10+trunk_remove:SW1:eth3:10+trunk_remove:SW1:eth3:20+trunk_remove:SW2:eth3:20,access_trunk_combined,high,1.0,1.0,0.0,3.0,0.0,0.0,2.0,0.0,0.0,0.0,0.0,4.0,0.0,0.0,6.0,0.00031620699999734825,functional_completion,configuration_mismatch_only
episode,rule_based,eval,stratified,2026,access_vlan:SW1:eth1:20+access_vlan:SW1:eth2:10+access_vlan:SW2:eth1:20+access_vlan:SW2:eth2:10+trunk_remove:SW1:eth3:20+trunk_remove:SW2:eth3:10+trunk_remove:SW2:eth3:20,access_trunk_combined,high,1.0,1.0,0.0,3.0,0.0,0.0,2.0,0.0,0.0,0.0,0.0,4.0,0.0,0.0,6.0,0.00030851299999312687,functional_completion,configuration_mismatch_only
episode,configuration_diff,train,stratified,2026,access_vlan:SW1:eth1:20,single_access,low,1.0,1.0,1.0,1.0,0.0,0.0,0.0,0.0,0.0,0.0,0.0,3.0,0.0,0.0,2.0,0.00013428100001533494,functional_completion,none
episode,configuration_diff,train,stratified,2026,access_vlan:SW1:eth2:10,single_access,low,1.0,1.0,1.0,1.0,0.0,0.0,0.0,0.0,0.0,0.0,0.0,3.0,0.0,0.0,2.0,0.0001177069999869218,functional_completion,none
episode,configuration_diff,train,stratified,2026,access_vlan:SW2:eth2:10,single_access,low,1.0,1.0,1.0,1.0,0.0,0.0,0.0,0.0,0.0,0.0,0.0,3.0,0.0,0.0,2.0,0.00012020700000903162,functional_completion,none
episode,configuration_diff,train,stratified,2026,trunk_remove:SW1:eth3:10,single_trunk,low,1.0,1.0,1.0,1.0,0.0,0.0,0.0,0.0,0.0,0.0,0.0,5.0,0.0,0.0,2.0,0.0001154579999820271,functional_completion,none
episode,configuration_diff,train,stratified,2026,trunk_remove:SW2:eth3:10,single_trunk,low,1.0,1.0,1.0,1.0,0.0,0.0,0.0,0.0,0.0,0.0,0.0,5.0,0.0,0.0,2.0,0.0001142619999825456,functional_completion,none
episode,configuration_diff,train,stratified,2026,trunk_remove:SW2:eth3:20,single_trunk,low,1.0,1.0,1.0,1.0,0.0,0.0,0.0,0.0,0.0,0.0,0.0,5.0,0.0,0.0,2.0,0.00011381400000232134,functional_completion,none
episode,configuration_diff,train,stratified,2026,access_vlan:SW1:eth1:20+access_vlan:SW1:eth2:10,multi_access,medium,1.0,1.0,1.0,2.0,0.0,0.0,0.0,0.0,1.0,1.0,1.0,1.0,0.0,0.0,3.0,0.0001746730000036223,functional_completion,none
episode,configuration_diff,train,stratified,2026,access_vlan:SW1:eth1:20+access_vlan:SW2:eth1:20,multi_access,medium,1.0,1.0,1.0,2.0,0.0,0.0,0.0,0.0,1.0,1.0,1.0,1.0,0.0,0.0,3.0,0.00018416500000739688,functional_completion,none
episode,configuration_diff,train,stratified,2026,access_vlan:SW1:eth1:20+access_vlan:SW2:eth2:10,multi_access,medium,1.0,1.0,1.0,2.0,0.0,0.0,0.0,0.0,1.0,1.0,1.0,1.0,0.0,0.0,3.0,0.00016906499999436164,functional_completion,none
episode,configuration_diff,train,stratified,2026,access_vlan:SW1:eth1:20+trunk_remove:SW1:eth3:10,access_trunk_combined,medium,1.0,1.0,1.0,2.0,0.0,0.0,0.0,0.0,0.0,0.0,0.0,3.0,0.0,0.0,3.0,0.00016358599998511636,functional_completion,none
episode,configuration_diff,train,stratified,2026,access_vlan:SW1:eth1:20+trunk_remove:SW1:eth3:20,access_trunk_combined,medium,1.0,1.0,1.0,2.0,0.0,0.0,0.0,0.0,0.0,0.0,0.0,3.0,0.0,0.0,3.0,0.00017139100000918006,functional_completion,none
episode,configuration_diff,train,stratified,2026,access_vlan:SW1:eth1:20+trunk_remove:SW2:eth3:10,access_trunk_combined,medium,1.0,1.0,1.0,2.0,0.0,0.0,0.0,0.0,0.0,0.0,0.0,3.0,0.0,0.0,3.0,0.00016463900001895126,functional_completion,none
episode,configuration_diff,train,stratified,2026,access_vlan:SW1:eth1:20+trunk_remove:SW2:eth3:20,access_trunk_combined,medium,1.0,1.0,1.0,2.0,0.0,0.0,0.0,0.0,0.0,0.0,0.0,3.0,0.0,0.0,3.0,0.00017297499999813226,functional_completion,none
episode,configuration_diff,train,stratified,2026,access_vlan:SW1:eth2:10+access_vlan:SW2:eth1:20,multi_access,medium,1.0,1.0,1.0,2.0,0.0,0.0,0.0,0.0,1.0,1.0,1.0,1.0,0.0,0.0,3.0,0.00017286299998886534,functional_completion,none
episode,configuration_diff,train,stratified,2026,access_vlan:SW1:eth2:10+trunk_remove:SW1:eth3:10,access_trunk_combined,medium,1.0,1.0,1.0,2.0,0.0,0.0,0.0,0.0,0.0,0.0,0.0,3.0,0.0,0.0,3.0,0.00017149799998605886,functional_completion,none
episode,configuration_diff,train,stratified,2026,access_vlan:SW1:eth2:10+trunk_remove:SW1:eth3:20,access_trunk_combined,medium,1.0,1.0,1.0,2.0,0.0,0.0,0.0,0.0,0.0,0.0,0.0,3.0,0.0,0.0,3.0,0.0001719290000039564,functional_completion,none
episode,configuration_diff,train,stratified,2026,access_vlan:SW1:eth2:10+trunk_remove:SW2:eth3:10,access_trunk_combined,medium,1.0,1.0,1.0,2.0,0.0,0.0,0.0,0.0,0.0,0.0,0.0,3.0,0.0,0.0,3.0,0.00016595900001448172,functional_completion,none
episode,configuration_diff,train,stratified,2026,access_vlan:SW1:eth2:10+trunk_remove:SW2:eth3:20,access_trunk_combined,medium,1.0,1.0,1.0,2.0,0.0,0.0,0.0,0.0,0.0,0.0,0.0,3.0,0.0,0.0,3.0,0.00016371300000628253,functional_completion,none
episode,configuration_diff,train,stratified,2026,access_vlan:SW2:eth1:20+access_vlan:SW2:eth2:10,multi_access,medium,1.0,1.0,1.0,2.0,0.0,0.0,0.0,0.0,1.0,1.0,1.0,1.0,0.0,0.0,3.0,0.00017216200001257675,functional_completion,none
episode,configuration_diff,train,stratified,2026,access_vlan:SW2:eth1:20+trunk_remove:SW1:eth3:10,access_trunk_combined,medium,1.0,1.0,1.0,2.0,0.0,0.0,0.0,0.0,0.0,0.0,0.0,3.0,0.0,0.0,3.0,0.00016566399997941517,functional_completion,none
episode,configuration_diff,train,stratified,2026,access_vlan:SW2:eth1:20+trunk_remove:SW1:eth3:20,access_trunk_combined,medium,1.0,1.0,1.0,2.0,0.0,0.0,0.0,0.0,1.0,1.0,1.0,2.0,0.0,0.0,3.0,0.00016931199999703495,functional_completion,none
episode,configuration_diff,train,stratified,2026,access_vlan:SW2:eth1:20+trunk_remove:SW2:eth3:10,access_trunk_combined,medium,1.0,1.0,1.0,2.0,0.0,0.0,0.0,0.0,0.0,0.0,0.0,3.0,0.0,0.0,3.0,0.00016580399997678796,functional_completion,none
episode,configuration_diff,train,stratified,2026,access_vlan:SW2:eth1:20+trunk_remove:SW2:eth3:20,access_trunk_combined,medium,1.0,1.0,1.0,2.0,0.0,0.0,0.0,0.0,0.0,0.0,0.0,3.0,0.0,0.0,3.0,0.00022463599998445716,functional_completion,none
episode,configuration_diff,train,stratified,2026,access_vlan:SW2:eth2:10+trunk_remove:SW1:eth3:10,access_trunk_combined,medium,1.0,1.0,1.0,2.0,0.0,0.0,0.0,0.0,1.0,1.0,1.0,2.0,0.0,0.0,3.0,0.00017211899998414992,functional_completion,none
episode,configuration_diff,train,stratified,2026,access_vlan:SW2:eth2:10+trunk_remove:SW1:eth3:20,access_trunk_combined,medium,1.0,1.0,1.0,2.0,0.0,0.0,0.0,0.0,0.0,0.0,0.0,3.0,0.0,0.0,3.0,0.00016864500000224325,functional_completion,none
episode,configuration_diff,train,stratified,2026,access_vlan:SW2:eth2:10+trunk_remove:SW2:eth3:10,access_trunk_combined,medium,1.0,1.0,1.0,2.0,0.0,0.0,0.0,0.0,0.0,0.0,0.0,3.0,0.0,0.0,3.0,0.00016863999999827683,functional_completion,none
episode,configuration_diff,train,stratified,2026,access_vlan:SW2:eth2:10+trunk_remove:SW2:eth3:20,access_trunk_combined,medium,1.0,1.0,1.0,2.0,0.0,0.0,0.0,0.0,0.0,0.0,0.0,3.0,0.0,0.0,3.0,0.00016783700002065416,functional_completion,none
episode,configuration_diff,train,stratified,2026,trunk_remove:SW1:eth3:10+trunk_remove:SW2:eth3:10,multi_trunk,medium,1.0,1.0,1.0,2.0,0.0,0.0,0.0,0.0,0.0,0.0,0.0,5.0,0.0,0.0,3.0,0.00017680999999925007,functional_completion,none
episode,configuration_diff,train,stratified,2026,trunk_remove:SW1:eth3:10+trunk_remove:SW2:eth3:20,multi_trunk,medium,1.0,1.0,1.0,2.0,0.0,0.0,0.0,0.0,0.0,0.0,0.0,4.0,0.0,0.0,3.0,0.00016647600000396778,functional_completion,none
episode,configuration_diff,train,stratified,2026,trunk_remove:SW1:eth3:20+trunk_remove:SW2:eth3:10,multi_trunk,medium,1.0,1.0,1.0,2.0,0.0,0.0,0.0,0.0,0.0,0.0,0.0,4.0,0.0,0.0,3.0,0.0001718599999946946,functional_completion,none
episode,configuration_diff,train,stratified,2026,trunk_remove:SW1:eth3:20+trunk_remove:SW2:eth3:20,multi_trunk,medium,1.0,1.0,1.0,2.0,0.0,0.0,0.0,0.0,0.0,0.0,0.0,5.0,0.0,0.0,3.0,0.00017002999999249369,functional_completion,none
episode,configuration_diff,train,stratified,2026,trunk_remove:SW2:eth3:10+trunk_remove:SW2:eth3:20,multi_trunk,medium,1.0,1.0,1.0,2.0,0.0,0.0,0.0,0.0,0.0,0.0,0.0,4.0,0.0,0.0,3.0,0.00016693000000600478,functional_completion,none
episode,configuration_diff,train,stratified,2026,access_vlan:SW1:eth1:20+access_vlan:SW1:eth2:10+access_vlan:SW2:eth1:20,multi_access,medium,1.0,1.0,1.0,3.0,0.0,0.0,0.0,0.0,2.0,3.0,3.0,0.0,0.0,0.0,4.0,0.0002204630000051111,functional_completion,none
episode,configuration_diff,train,stratified,2026,access_vlan:SW1:eth1:20+access_vlan:SW1:eth2:10+access_vlan:SW2:eth2:10,multi_access,medium,1.0,1.0,1.0,3.0,0.0,0.0,0.0,0.0,2.0,3.0,3.0,0.0,0.0,0.0,4.0,0.00023118100000374397,functional_completion,none
episode,configuration_diff,train,stratified,2026,access_vlan:SW1:eth1:20+access_vlan:SW1:eth2:10+trunk_remove:SW1:eth3:10,access_trunk_combined,medium,1.0,1.0,1.0,3.0,0.0,0.0,0.0,0.0,1.0,1.0,1.0,2.0,0.0,0.0,4.0,0.0002731460000120478,functional_completion,none
episode,configuration_diff,train,stratified,2026,access_vlan:SW1:eth1:20+access_vlan:SW1:eth2:10+trunk_remove:SW1:eth3:20,access_trunk_combined,medium,1.0,1.0,1.0,3.0,0.0,0.0,0.0,0.0,1.0,1.0,1.0,2.0,0.0,0.0,4.0,0.00028466699998830336,functional_completion,none
episode,configuration_diff,train,stratified,2026,access_vlan:SW1:eth1:20+access_vlan:SW1:eth2:10+trunk_remove:SW2:eth3:20,access_trunk_combined,medium,1.0,1.0,1.0,3.0,0.0,0.0,0.0,0.0,1.0,1.0,1.0,2.0,0.0,0.0,4.0,0.00028318400001126065,functional_completion,none
episode,configuration_diff,train,stratified,2026,access_vlan:SW1:eth1:20+access_vlan:SW2:eth1:20+trunk_remove:SW1:eth3:10,access_trunk_combined,medium,1.0,1.0,1.0,3.0,0.0,0.0,0.0,0.0,1.0,1.0,1.0,1.0,0.0,0.0,4.0,0.0002686330000187809,functional_completion,none
episode,configuration_diff,train,stratified,2026,access_vlan:SW1:eth1:20+access_vlan:SW2:eth1:20+trunk_remove:SW1:eth3:20,access_trunk_combined,medium,1.0,1.0,1.0,3.0,0.0,0.0,0.0,0.0,1.0,1.0,1.0,1.0,0.0,0.0,4.0,0.0002610459999914383,functional_completion,none
episode,configuration_diff,train,stratified,2026,access_vlan:SW1:eth1:20+access_vlan:SW2:eth1:20+trunk_remove:SW2:eth3:10,access_trunk_combined,medium,1.0,1.0,1.0,3.0,0.0,0.0,0.0,0.0,1.0,1.0,1.0,1.0,0.0,0.0,4.0,0.00024213499997927102,functional_completion,none
episode,configuration_diff,train,stratified,2026,access_vlan:SW1:eth1:20+access_vlan:SW2:eth2:10+trunk_remove:SW1:eth3:10,access_trunk_combined,medium,1.0,1.0,1.0,3.0,0.0,0.0,0.0,0.0,1.0,1.0,1.0,1.0,0.0,0.0,4.0,0.00023156900002163638,functional_completion,none
episode,configuration_diff,train,stratified,2026,access_vlan:SW1:eth1:20+access_vlan:SW2:eth2:10+trunk_remove:SW1:eth3:20,access_trunk_combined,medium,1.0,1.0,1.0,3.0,0.0,0.0,0.0,0.0,1.0,1.0,1.0,1.0,0.0,0.0,4.0,0.00022645499998930063,functional_completion,none
episode,configuration_diff,train,stratified,2026,access_vlan:SW1:eth1:20+access_vlan:SW2:eth2:10+trunk_remove:SW2:eth3:10,access_trunk_combined,medium,1.0,1.0,1.0,3.0,0.0,0.0,0.0,0.0,0.0,0.0,0.0,2.0,0.0,0.0,4.0,0.00022248999999874286,functional_completion,none
episode,configuration_diff,train,stratified,2026,access_vlan:SW1:eth1:20+trunk_remove:SW1:eth3:10+trunk_remove:SW1:eth3:20,access_trunk_combined,medium,1.0,1.0,1.0,3.0,0.0,0.0,0.0,0.0,0.0,0.0,0.0,3.0,0.0,0.0,4.0,0.00025326299999051116,functional_completion,none
episode,configuration_diff,train,stratified,2026,access_vlan:SW1:eth1:20+trunk_remove:SW1:eth3:10+trunk_remove:SW2:eth3:10,access_trunk_combined,medium,1.0,1.0,1.0,3.0,0.0,0.0,0.0,0.0,0.0,0.0,0.0,3.0,0.0,0.0,4.0,0.00022585100001037972,functional_completion,none
episode,configuration_diff,train,stratified,2026,access_vlan:SW1:eth1:20+trunk_remove:SW1:eth3:10+trunk_remove:SW2:eth3:20,access_trunk_combined,medium,1.0,1.0,1.0,3.0,0.0,0.0,0.0,0.0,0.0,0.0,0.0,3.0,0.0,0.0,4.0,0.00022391999999626933,functional_completion,none
episode,configuration_diff,train,stratified,2026,access_vlan:SW1:eth1:20+trunk_remove:SW1:eth3:20+trunk_remove:SW2:eth3:20,access_trunk_combined,medium,1.0,1.0,1.0,3.0,0.0,0.0,0.0,0.0,0.0,0.0,0.0,3.0,0.0,0.0,4.0,0.00023543399998970926,functional_completion,none
episode,configuration_diff,train,stratified,2026,access_vlan:SW1:eth1:20+trunk_remove:SW2:eth3:10+trunk_remove:SW2:eth3:20,access_trunk_combined,medium,1.0,1.0,1.0,3.0,0.0,0.0,0.0,0.0,0.0,0.0,0.0,3.0,0.0,0.0,4.0,0.00022154699999532568,functional_completion,none
episode,configuration_diff,train,stratified,2026,access_vlan:SW1:eth2:10+access_vlan:SW2:eth1:20+access_vlan:SW2:eth2:10,multi_access,medium,1.0,1.0,1.0,3.0,0.0,0.0,0.0,0.0,2.0,3.0,3.0,0.0,0.0,0.0,4.0,0.00022435299999301606,functional_completion,none
episode,configuration_diff,train,stratified,2026,access_vlan:SW1:eth2:10+access_vlan:SW2:eth1:20+trunk_remove:SW1:eth3:10,access_trunk_combined,medium,1.0,1.0,1.0,3.0,0.0,0.0,0.0,0.0,1.0,1.0,1.0,1.0,0.0,0.0,4.0,0.00022368500000879976,functional_completion,none
episode,configuration_diff,train,stratified,2026,access_vlan:SW1:eth2:10+access_vlan:SW2:eth1:20+trunk_remove:SW2:eth3:10,access_trunk_combined,medium,1.0,1.0,1.0,3.0,0.0,0.0,0.0,0.0,1.0,1.0,1.0,1.0,0.0,0.0,4.0,0.00022012299999119023,functional_completion,none
episode,configuration_diff,train,stratified,2026,access_vlan:SW1:eth2:10+access_vlan:SW2:eth2:10+trunk_remove:SW1:eth3:10,access_trunk_combined,medium,1.0,1.0,1.0,3.0,0.0,0.0,0.0,0.0,1.0,1.0,1.0,1.0,0.0,0.0,4.0,0.00022667999999725907,functional_completion,none
episode,configuration_diff,train,stratified,2026,access_vlan:SW1:eth2:10+access_vlan:SW2:eth2:10+trunk_remove:SW1:eth3:20,access_trunk_combined,medium,1.0,1.0,1.0,3.0,0.0,0.0,0.0,0.0,1.0,1.0,1.0,1.0,0.0,0.0,4.0,0.00022339000000215492,functional_completion,none
episode,configuration_diff,train,stratified,2026,access_vlan:SW1:eth2:10+access_vlan:SW2:eth2:10+trunk_remove:SW2:eth3:10,access_trunk_combined,medium,1.0,1.0,1.0,3.0,0.0,0.0,0.0,0.0,0.0,0.0,0.0,2.0,0.0,0.0,4.0,0.000224755999994386,functional_completion,none
episode,configuration_diff,train,stratified,2026,access_vlan:SW1:eth2:10+trunk_remove:SW1:eth3:10+trunk_remove:SW1:eth3:20,access_trunk_combined,medium,1.0,1.0,1.0,3.0,0.0,0.0,0.0,0.0,0.0,0.0,0.0,3.0,0.0,0.0,4.0,0.00022555199998919306,functional_completion,none
episode,configuration_diff,train,stratified,2026,access_vlan:SW1:eth2:10+trunk_remove:SW1:eth3:10+trunk_remove:SW2:eth3:10,access_trunk_combined,medium,1.0,1.0,1.0,3.0,0.0,0.0,0.0,0.0,0.0,0.0,0.0,3.0,0.0,0.0,4.0,0.00021785500001669789,functional_completion,none
episode,configuration_diff,train,stratified,2026,access_vlan:SW1:eth2:10+trunk_remove:SW1:eth3:10+trunk_remove:SW2:eth3:20,access_trunk_combined,medium,1.0,1.0,1.0,3.0,0.0,0.0,0.0,0.0,0.0,0.0,0.0,3.0,0.0,0.0,4.0,0.00022276199999282653,functional_completion,none
episode,configuration_diff,train,stratified,2026,access_vlan:SW1:eth2:10+trunk_remove:SW1:eth3:20+trunk_remove:SW2:eth3:10,access_trunk_combined,medium,1.0,1.0,1.0,3.0,0.0,0.0,0.0,0.0,0.0,0.0,0.0,3.0,0.0,0.0,4.0,0.00022901799999885952,functional_completion,none
episode,configuration_diff,train,stratified,2026,access_vlan:SW1:eth2:10+trunk_remove:SW1:eth3:20+trunk_remove:SW2:eth3:20,access_trunk_combined,medium,1.0,1.0,1.0,3.0,0.0,0.0,0.0,0.0,0.0,0.0,0.0,3.0,0.0,0.0,4.0,0.00024518300000409,functional_completion,none
episode,configuration_diff,train,stratified,2026,access_vlan:SW1:eth2:10+trunk_remove:SW2:eth3:10+trunk_remove:SW2:eth3:20,access_trunk_combined,medium,1.0,1.0,1.0,3.0,0.0,0.0,0.0,0.0,0.0,0.0,0.0,3.0,0.0,0.0,4.0,0.0002285199999789711,functional_completion,none
episode,configuration_diff,train,stratified,2026,access_vlan:SW2:eth1:20+access_vlan:SW2:eth2:10+trunk_remove:SW1:eth3:20,access_trunk_combined,medium,1.0,1.0,1.0,3.0,0.0,0.0,0.0,0.0,2.0,2.0,2.0,1.0,0.0,0.0,4.0,0.00022458999998775653,functional_completion,none
episode,configuration_diff,train,stratified,2026,access_vlan:SW2:eth1:20+access_vlan:SW2:eth2:10+trunk_remove:SW2:eth3:10,access_trunk_combined,medium,1.0,1.0,1.0,3.0,0.0,0.0,0.0,0.0,1.0,1.0,1.0,2.0,0.0,0.0,4.0,0.00022611500000380147,functional_completion,none
episode,configuration_diff,train,stratified,2026,access_vlan:SW2:eth1:20+access_vlan:SW2:eth2:10+trunk_remove:SW2:eth3:20,access_trunk_combined,medium,1.0,1.0,1.0,3.0,0.0,0.0,0.0,0.0,1.0,1.0,1.0,2.0,0.0,0.0,4.0,0.00022719800000459145,functional_completion,none
episode,configuration_diff,train,stratified,2026,access_vlan:SW2:eth1:20+trunk_remove:SW1:eth3:10+trunk_remove:SW1:eth3:20,access_trunk_combined,medium,1.0,1.0,1.0,3.0,0.0,0.0,0.0,0.0,1.0,1.0,1.0,2.0,0.0,0.0,4.0,0.00021967899999708607,functional_completion,none
episode,configuration_diff,train,stratified,2026,access_vlan:SW2:eth1:20+trunk_remove:SW1:eth3:20+trunk_remove:SW2:eth3:10,access_trunk_combined,medium,1.0,1.0,1.0,3.0,0.0,0.0,0.0,0.0,1.0,1.0,1.0,2.0,0.0,0.0,4.0,0.0002215899999953308,functional_completion,none
episode,configuration_diff,train,stratified,2026,access_vlan:SW2:eth2:10+trunk_remove:SW1:eth3:10+trunk_remove:SW1:eth3:20,access_trunk_combined,medium,1.0,1.0,1.0,3.0,0.0,0.0,0.0,0.0,1.0,1.0,1.0,2.0,0.0,0.0,4.0,0.00022698700001910765,functional_completion,none
episode,configuration_diff,train,stratified,2026,access_vlan:SW2:eth2:10+trunk_remove:SW1:eth3:10+trunk_remove:SW2:eth3:10,access_trunk_combined,medium,1.0,1.0,1.0,3.0,0.0,0.0,0.0,0.0,0.0,0.0,0.0,3.0,0.0,0.0,4.0,0.0002278129999808698,functional_completion,none
episode,configuration_diff,train,stratified,2026,access_vlan:SW2:eth2:10+trunk_remove:SW1:eth3:10+trunk_remove:SW2:eth3:20,access_trunk_combined,medium,1.0,1.0,1.0,3.0,0.0,0.0,0.0,0.0,1.0,1.0,1.0,2.0,0.0,0.0,4.0,0.00023029900000892667,functional_completion,none
episode,configuration_diff,train,stratified,2026,access_vlan:SW2:eth2:10+trunk_remove:SW1:eth3:20+trunk_remove:SW2:eth3:20,access_trunk_combined,medium,1.0,1.0,1.0,3.0,0.0,0.0,0.0,0.0,0.0,0.0,0.0,3.0,0.0,0.0,4.0,0.00022337899997637578,functional_completion,none
episode,configuration_diff,train,stratified,2026,access_vlan:SW2:eth2:10+trunk_remove:SW2:eth3:10+trunk_remove:SW2:eth3:20,access_trunk_combined,medium,1.0,1.0,1.0,3.0,0.0,0.0,0.0,0.0,0.0,0.0,0.0,3.0,0.0,0.0,4.0,0.00022448299998245602,functional_completion,none
episode,configuration_diff,train,stratified,2026,trunk_remove:SW1:eth3:10+trunk_remove:SW1:eth3:20+trunk_remove:SW2:eth3:10,multi_trunk,medium,1.0,1.0,1.0,3.0,0.0,0.0,0.0,0.0,0.0,0.0,0.0,4.0,0.0,0.0,4.0,0.00022405600000752202,functional_completion,none
episode,configuration_diff,train,stratified,2026,trunk_remove:SW1:eth3:10+trunk_remove:SW1:eth3:20+trunk_remove:SW2:eth3:20,multi_trunk,medium,1.0,1.0,1.0,3.0,0.0,0.0,0.0,0.0,0.0,0.0,0.0,4.0,0.0,0.0,4.0,0.0002274599999907423,functional_completion,none
episode,configuration_diff,train,stratified,2026,trunk_remove:SW1:eth3:20+trunk_remove:SW2:eth3:10+trunk_remove:SW2:eth3:20,multi_trunk,medium,1.0,1.0,1.0,3.0,0.0,0.0,0.0,0.0,0.0,0.0,0.0,4.0,0.0,0.0,4.0,0.00022476699999174343,functional_completion,none
episode,configuration_diff,train,stratified,2026,access_vlan:SW1:eth1:20+access_vlan:SW1:eth2:10+access_vlan:SW2:eth1:20+access_vlan:SW2:eth2:10,multi_access,high,0.0,1.0,1.0,4.0,0.0,0.0,0.0,0.0,3.0,6.0,6.0,0.0,0.0,1.0,5.0,0.00029521499999418666,functional_completion,none
episode,configuration_diff,train,stratified,2026,access_vlan:SW1:eth1:20+access_vlan:SW1:eth2:10+access_vlan:SW2:eth1:20+trunk_remove:SW1:eth3:10,access_trunk_combined,high,1.0,1.0,1.0,4.0,0.0,0.0,0.0,0.0,2.0,3.0,3.0,0.0,0.0,0.0,5.0,0.00028279800000063915,functional_completion,none
episode,configuration_diff,train,stratified,2026,access_vlan:SW1:eth1:20+access_vlan:SW1:eth2:10+access_vlan:SW2:eth1:20+trunk_remove:SW1:eth3:20,access_trunk_combined,high,1.0,1.0,1.0,4.0,0.0,0.0,0.0,0.0,2.0,2.0,2.0,1.0,0.0,0.0,5.0,0.0002874639999959072,functional_completion,none
episode,configuration_diff,train,stratified,2026,access_vlan:SW1:eth1:20+access_vlan:SW1:eth2:10+access_vlan:SW2:eth1:20+trunk_remove:SW2:eth3:10,access_trunk_combined,high,1.0,1.0,1.0,4.0,0.0,0.0,0.0,0.0,2.0,3.0,3.0,0.0,0.0,0.0,5.0,0.00028860500000860156,functional_completion,none
episode,configuration_diff,train,stratified,2026,access_vlan:SW1:eth1:20+access_vlan:SW1:eth2:10+access_vlan:SW2:eth1:20+trunk_remove:SW2:eth3:20,access_trunk_combined,high,1.0,1.0,1.0,4.0,0.0,0.0,0.0,0.0,1.0,1.0,1.0,2.0,0.0,0.0,5.0,0.0002846019999935834,functional_completion,none
episode,configuration_diff,train,stratified,2026,access_vlan:SW1:eth1:20+access_vlan:SW1:eth2:10+access_vlan:SW2:eth2:10+trunk_remove:SW1:eth3:10,access_trunk_combined,high,1.0,1.0,1.0,4.0,0.0,0.0,0.0,0.0,2.0,2.0,2.0,1.0,0.0,0.0,5.0,0.00028061300000103984,functional_completion,none
episode,configuration_diff,train,stratified,2026,access_vlan:SW1:eth1:20+access_vlan:SW1:eth2:10+access_vlan:SW2:eth2:10+trunk_remove:SW1:eth3:20,access_trunk_combined,high,1.0,1.0,1.0,4.0,0.0,0.0,0.0,0.0,2.0,3.0,3.0,0.0,0.0,0.0,5.0,0.00028575599998248435,functional_completion,none
episode,configuration_diff,train,stratified,2026,access_vlan:SW1:eth1:20+access_vlan:SW1:eth2:10+access_vlan:SW2:eth2:10+trunk_remove:SW2:eth3:10,access_trunk_combined,high,1.0,1.0,1.0,4.0,0.0,0.0,0.0,0.0,1.0,1.0,1.0,2.0,0.0,0.0,5.0,0.00027769999999804895,functional_completion,none
episode,configuration_diff,train,stratified,2026,access_vlan:SW1:eth1:20+access_vlan:SW1:eth2:10+access_vlan:SW2:eth2:10+trunk_remove:SW2:eth3:20,access_trunk_combined,high,1.0,1.0,1.0,4.0,0.0,0.0,0.0,0.0,2.0,3.0,3.0,0.0,0.0,0.0,5.0,0.00031533399999261746,functional_completion,none
episode,configuration_diff,train,stratified,2026,access_vlan:SW1:eth1:20+access_vlan:SW1:eth2:10+trunk_remove:SW1:eth3:10+trunk_remove:SW2:eth3:20,access_trunk_combined,high,1.0,1.0,1.0,4.0,0.0,0.0,0.0,0.0,1.0,1.0,1.0,3.0,0.0,0.0,5.0,0.00040082399999619156,functional_completion,none
episode,configuration_diff,train,stratified,2026,access_vlan:SW1:eth1:20+access_vlan:SW1:eth2:10+trunk_remove:SW1:eth3:20+trunk_remove:SW2:eth3:20,access_trunk_combined,high,1.0,1.0,1.0,4.0,0.0,0.0,0.0,0.0,1.0,1.0,1.0,2.0,0.0,0.0,5.0,0.00038992500000745167,functional_completion,none
episode,configuration_diff,train,stratified,2026,access_vlan:SW1:eth1:20+access_vlan:SW1:eth2:10+trunk_remove:SW2:eth3:10+trunk_remove:SW2:eth3:20,access_trunk_combined,high,1.0,1.0,1.0,4.0,0.0,0.0,0.0,0.0,1.0,1.0,1.0,3.0,0.0,0.0,5.0,0.00033530199999631805,functional_completion,none
episode,configuration_diff,train,stratified,2026,access_vlan:SW1:eth1:20+access_vlan:SW2:eth1:20+access_vlan:SW2:eth2:10+trunk_remove:SW1:eth3:10,access_trunk_combined,high,1.0,1.0,1.0,4.0,0.0,0.0,0.0,0.0,3.0,3.0,3.0,0.0,0.0,0.0,5.0,0.0002963849999844115,functional_completion,none
episode,configuration_diff,train,stratified,2026,access_vlan:SW1:eth1:20+access_vlan:SW2:eth1:20+access_vlan:SW2:eth2:10+trunk_remove:SW1:eth3:20,access_trunk_combined,high,1.0,1.0,1.0,4.0,0.0,0.0,0.0,0.0,3.0,3.0,3.0,0.0,0.0,0.0,5.0,0.00029035500000418324,functional_completion,none
episode,configuration_diff,train,stratified,2026,access_vlan:SW1:eth1:20+access_vlan:SW2:eth1:20+access_vlan:SW2:eth2:10+trunk_remove:SW2:eth3:10,access_trunk_combined,high,1.0,1.0,1.0,4.0,0.0,0.0,0.0,0.0,2.0,2.0,2.0,1.0,0.0,0.0,5.0,0.00028002700000229197,functional_completion,none
episode,configuration_diff,train,stratified,2026,access_vlan:SW1:eth1:20+access_vlan:SW2:eth1:20+access_vlan:SW2:eth2:10+trunk_remove:SW2:eth3:20,access_trunk_combined,high,1.0,1.0,1.0,4.0,0.0,0.0,0.0,0.0,2.0,2.0,2.0,1.0,0.0,0.0,5.0,0.00027586999999584805,functional_completion,none
episode,configuration_diff,train,stratified,2026,access_vlan:SW1:eth1:20+access_vlan:SW2:eth1:20+trunk_remove:SW1:eth3:10+trunk_remove:SW1:eth3:20,access_trunk_combined,high,1.0,1.0,1.0,4.0,0.0,0.0,0.0,0.0,1.0,1.0,1.0,1.0,0.0,0.0,5.0,0.000281894000011107,functional_completion,none
episode,configuration_diff,train,stratified,2026,access_vlan:SW1:eth1:20+access_vlan:SW2:eth1:20+trunk_remove:SW1:eth3:20+trunk_remove:SW2:eth3:10,access_trunk_combined,high,1.0,1.0,1.0,4.0,0.0,0.0,0.0,0.0,1.0,1.0,1.0,1.0,0.0,0.0,5.0,0.00029021699998565964,functional_completion,none
episode,configuration_diff,train,stratified,2026,access_vlan:SW1:eth1:20+access_vlan:SW2:eth1:20+trunk_remove:SW1:eth3:20+trunk_remove:SW2:eth3:20,access_trunk_combined,high,1.0,1.0,1.0,4.0,0.0,0.0,0.0,0.0,0.0,0.0,0.0,2.0,0.0,0.0,5.0,0.0002878109999926437,functional_completion,none
episode,configuration_diff,train,stratified,2026,access_vlan:SW1:eth1:20+access_vlan:SW2:eth1:20+trunk_remove:SW2:eth3:10+trunk_remove:SW2:eth3:20,access_trunk_combined,high,1.0,1.0,1.0,4.0,0.0,0.0,0.0,0.0,0.0,0.0,0.0,2.0,0.0,0.0,5.0,0.0002840090000120199,functional_completion,none
episode,configuration_diff,train,stratified,2026,access_vlan:SW1:eth1:20+access_vlan:SW2:eth2:10+trunk_remove:SW1:eth3:10+trunk_remove:SW1:eth3:20,access_trunk_combined,high,1.0,1.0,1.0,4.0,0.0,0.0,0.0,0.0,1.0,1.0,1.0,1.0,0.0,0.0,5.0,0.0002796580000108406,functional_completion,none
episode,configuration_diff,train,stratified,2026,access_vlan:SW1:eth1:20+access_vlan:SW2:eth2:10+trunk_remove:SW1:eth3:10+trunk_remove:SW2:eth3:10,access_trunk_combined,high,1.0,1.0,1.0,4.0,0.0,0.0,0.0,0.0,0.0,0.0,0.0,2.0,0.0,0.0,5.0,0.0002764879999972436,functional_completion,none
episode,configuration_diff,train,stratified,2026,access_vlan:SW1:eth1:20+access_vlan:SW2:eth2:10+trunk_remove:SW1:eth3:10+trunk_remove:SW2:eth3:20,access_trunk_combined,high,1.0,1.0,1.0,4.0,0.0,0.0,0.0,0.0,1.0,1.0,1.0,1.0,0.0,0.0,5.0,0.00028159699999719123,functional_completion,none
episode,configuration_diff,train,stratified,2026,access_vlan:SW1:eth1:20+access_vlan:SW2:eth2:10+trunk_remove:SW1:eth3:20+trunk_remove:SW2:eth3:10,access_trunk_combined,high,1.0,1.0,1.0,4.0,0.0,0.0,0.0,0.0,0.0,0.0,0.0,2.0,0.0,0.0,5.0,0.0002895069999908628,functional_completion,none
episode,configuration_diff,train,stratified,2026,access_vlan:SW1:eth1:20+access_vlan:SW2:eth2:10+trunk_remove:SW1:eth3:20+trunk_remove:SW2:eth3:20,access_trunk_combined,high,1.0,1.0,1.0,4.0,0.0,0.0,0.0,0.0,1.0,1.0,1.0,1.0,0.0,0.0,5.0,0.00029912299999068637,functional_completion,none
episode,configuration_diff,train,stratified,2026,access_vlan:SW1:eth1:20+trunk_remove:SW1:eth3:10+trunk_remove:SW1:eth3:20+trunk_remove:SW2:eth3:10,access_trunk_combined,high,1.0,1.0,1.0,4.0,0.0,0.0,0.0,0.0,0.0,0.0,0.0,3.0,0.0,0.0,5.0,0.00027603800000974843,functional_completion,none
episode,configuration_diff,train,stratified,2026,access_vlan:SW1:eth1:20+trunk_remove:SW1:eth3:10+trunk_remove:SW1:eth3:20+trunk_remove:SW2:eth3:20,access_trunk_combined,high,1.0,1.0,1.0,4.0,0.0,0.0,0.0,0.0,0.0,0.0,0.0,3.0,0.0,0.0,5.0,0.0002784589999862419,functional_completion,none
episode,configuration_diff,train,stratified,2026,access_vlan:SW1:eth1:20+trunk_remove:SW1:eth3:10+trunk_remove:SW2:eth3:10+trunk_remove:SW2:eth3:20,access_trunk_combined,high,1.0,1.0,1.0,4.0,0.0,0.0,0.0,0.0,0.0,0.0,0.0,3.0,0.0,0.0,5.0,0.0002897460000212959,functional_completion,none
episode,configuration_diff,train,stratified,2026,access_vlan:SW1:eth1:20+trunk_remove:SW1:eth3:20+trunk_remove:SW2:eth3:10+trunk_remove:SW2:eth3:20,access_trunk_combined,high,1.0,1.0,1.0,4.0,0.0,0.0,0.0,0.0,0.0,0.0,0.0,3.0,0.0,0.0,5.0,0.00027561900000705464,functional_completion,none
episode,configuration_diff,train,stratified,2026,access_vlan:SW1:eth2:10+access_vlan:SW2:eth1:20+access_vlan:SW2:eth2:10+trunk_remove:SW1:eth3:10,access_trunk_combined,high,1.0,1.0,1.0,4.0,0.0,0.0,0.0,0.0,3.0,3.0,3.0,0.0,0.0,0.0,5.0,0.00027847500001598746,functional_completion,none
episode,configuration_diff,train,stratified,2026,access_vlan:SW1:eth2:10+access_vlan:SW2:eth1:20+access_vlan:SW2:eth2:10+trunk_remove:SW2:eth3:10,access_trunk_combined,high,1.0,1.0,1.0,4.0,0.0,0.0,0.0,0.0,2.0,2.0,2.0,1.0,0.0,0.0,5.0,0.00027481800000828116,functional_completion,none
episode,configuration_diff,train,stratified,2026,access_vlan:SW1:eth2:10+access_vlan:SW2:eth1:20+access_vlan:SW2:eth2:10+trunk_remove:SW2:eth3:20,access_trunk_combined,high,1.0,1.0,1.0,4.0,0.0,0.0,0.0,0.0,2.0,2.0,2.0,1.0,0.0,0.0,5.0,0.00027751600001124643,functional_completion,none
episode,configuration_diff,train,stratified,2026,access_vlan:SW1:eth2:10+access_vlan:SW2:eth1:20+trunk_remove:SW1:eth3:10+trunk_remove:SW1:eth3:20,access_trunk_combined,high,1.0,1.0,1.0,4.0,0.0,0.0,0.0,0.0,1.0,1.0,1.0,1.0,0.0,0.0,5.0,0.00027601700000445817,functional_completion,none
episode,configuration_diff,train,stratified,2026,access_vlan:SW1:eth2:10+access_vlan:SW2:eth1:20+trunk_remove:SW1:eth3:10+trunk_remove:SW2:eth3:10,access_trunk_combined,high,1.0,1.0,1.0,4.0,0.0,0.0,0.0,0.0,1.0,1.0,1.0,1.0,0.0,0.0,5.0,0.00028174299998795505,functional_completion,none
episode,configuration_diff,train,stratified,2026,access_vlan:SW1:eth2:10+access_vlan:SW2:eth1:20+trunk_remove:SW1:eth3:10+trunk_remove:SW2:eth3:20,access_trunk_combined,high,1.0,1.0,1.0,4.0,0.0,0.0,0.0,0.0,0.0,0.0,0.0,2.0,0.0,0.0,5.0,0.00028796099999794933,functional_completion,none
episode,configuration_diff,train,stratified,2026,access_vlan:SW1:eth2:10+access_vlan:SW2:eth1:20+trunk_remove:SW1:eth3:20+trunk_remove:SW2:eth3:10,access_trunk_combined,high,1.0,1.0,1.0,4.0,0.0,0.0,0.0,0.0,1.0,1.0,1.0,1.0,0.0,0.0,5.0,0.0002797950000115179,functional_completion,none
episode,configuration_diff,train,stratified,2026,access_vlan:SW1:eth2:10+access_vlan:SW2:eth2:10+trunk_remove:SW1:eth3:10+trunk_remove:SW1:eth3:20,access_trunk_combined,high,1.0,1.0,1.0,4.0,0.0,0.0,0.0,0.0,1.0,1.0,1.0,1.0,0.0,0.0,5.0,0.0002796859999989465,functional_completion,none
episode,configuration_diff,train,stratified,2026,access_vlan:SW1:eth2:10+access_vlan:SW2:eth2:10+trunk_remove:SW1:eth3:10+trunk_remove:SW2:eth3:10,access_trunk_combined,high,1.0,1.0,1.0,4.0,0.0,0.0,0.0,0.0,0.0,0.0,0.0,2.0,0.0,0.0,5.0,0.00028061200001161524,functional_completion,none
episode,configuration_diff,train,stratified,2026,access_vlan:SW1:eth2:10+access_vlan:SW2:eth2:10+trunk_remove:SW1:eth3:20+trunk_remove:SW2:eth3:10,access_trunk_combined,high,1.0,1.0,1.0,4.0,0.0,0.0,0.0,0.0,0.0,0.0,0.0,2.0,0.0,0.0,5.0,0.0002834480000046824,functional_completion,none
episode,configuration_diff,train,stratified,2026,access_vlan:SW1:eth2:10+access_vlan:SW2:eth2:10+trunk_remove:SW1:eth3:20+trunk_remove:SW2:eth3:20,access_trunk_combined,high,1.0,1.0,1.0,4.0,0.0,0.0,0.0,0.0,1.0,1.0,1.0,1.0,0.0,0.0,5.0,0.00027438800000822994,functional_completion,none
episode,configuration_diff,train,stratified,2026,access_vlan:SW1:eth2:10+access_vlan:SW2:eth2:10+trunk_remove:SW2:eth3:10+trunk_remove:SW2:eth3:20,access_trunk_combined,high,1.0,1.0,1.0,4.0,0.0,0.0,0.0,0.0,0.0,0.0,0.0,2.0,0.0,0.0,5.0,0.00027713400001516675,functional_completion,none
episode,configuration_diff,train,stratified,2026,access_vlan:SW1:eth2:10+trunk_remove:SW1:eth3:10+trunk_remove:SW1:eth3:20+trunk_remove:SW2:eth3:10,access_trunk_combined,high,1.0,1.0,1.0,4.0,0.0,0.0,0.0,0.0,0.0,0.0,0.0,3.0,0.0,0.0,5.0,0.00027312899999287765,functional_completion,none
episode,configuration_diff,train,stratified,2026,access_vlan:SW1:eth2:10+trunk_remove:SW1:eth3:10+trunk_remove:SW1:eth3:20+trunk_remove:SW2:eth3:20,access_trunk_combined,high,1.0,1.0,1.0,4.0,0.0,0.0,0.0,0.0,0.0,0.0,0.0,3.0,0.0,0.0,5.0,0.0002808039999990797,functional_completion,none
episode,configuration_diff,train,stratified,2026,access_vlan:SW1:eth2:10+trunk_remove:SW1:eth3:10+trunk_remove:SW2:eth3:10+trunk_remove:SW2:eth3:20,access_trunk_combined,high,1.0,1.0,1.0,4.0,0.0,0.0,0.0,0.0,0.0,0.0,0.0,3.0,0.0,0.0,5.0,0.0002762330000223301,functional_completion,none
episode,configuration_diff,train,stratified,2026,access_vlan:SW1:eth2:10+trunk_remove:SW1:eth3:20+trunk_remove:SW2:eth3:10+trunk_remove:SW2:eth3:20,access_trunk_combined,high,1.0,1.0,1.0,4.0,0.0,0.0,0.0,0.0,0.0,0.0,0.0,3.0,0.0,0.0,5.0,0.00028427899999883266,functional_completion,none
episode,configuration_diff,train,stratified,2026,access_vlan:SW2:eth1:20+access_vlan:SW2:eth2:10+trunk_remove:SW1:eth3:10+trunk_remove:SW1:eth3:20,access_trunk_combined,high,1.0,1.0,1.0,4.0,0.0,0.0,0.0,0.0,3.0,3.0,3.0,1.0,0.0,0.0,5.0,0.0002810560000057194,functional_completion,none
episode,configuration_diff,train,stratified,2026,access_vlan:SW2:eth1:20+access_vlan:SW2:eth2:10+trunk_remove:SW1:eth3:10+trunk_remove:SW2:eth3:10,access_trunk_combined,high,1.0,1.0,1.0,4.0,0.0,0.0,0.0,0.0,1.0,1.0,1.0,2.0,0.0,0.0,5.0,0.00028121599999053615,functional_completion,none
episode,configuration_diff,train,stratified,2026,access_vlan:SW2:eth1:20+access_vlan:SW2:eth2:10+trunk_remove:SW1:eth3:10+trunk_remove:SW2:eth3:20,access_trunk_combined,high,1.0,1.0,1.0,4.0,0.0,0.0,0.0,0.0,2.0,2.0,2.0,2.0,0.0,0.0,5.0,0.00028438600000413317,functional_completion,none
episode,configuration_diff,train,stratified,2026,access_vlan:SW2:eth1:20+access_vlan:SW2:eth2:10+trunk_remove:SW1:eth3:20+trunk_remove:SW2:eth3:10,access_trunk_combined,high,1.0,1.0,1.0,4.0,0.0,0.0,0.0,0.0,2.0,2.0,2.0,2.0,0.0,0.0,5.0,0.0003213159999972959,functional_completion,none
episode,configuration_diff,train,stratified,2026,access_vlan:SW2:eth1:20+access_vlan:SW2:eth2:10+trunk_remove:SW1:eth3:20+trunk_remove:SW2:eth3:20,access_trunk_combined,high,1.0,1.0,1.0,4.0,0.0,0.0,0.0,0.0,1.0,1.0,1.0,2.0,0.0,0.0,5.0,0.0003105639999887444,functional_completion,none
episode,configuration_diff,train,stratified,2026,access_vlan:SW2:eth1:20+access_vlan:SW2:eth2:10+trunk_remove:SW2:eth3:10+trunk_remove:SW2:eth3:20,access_trunk_combined,high,1.0,1.0,1.0,4.0,0.0,0.0,0.0,0.0,1.0,1.0,1.0,3.0,0.0,0.0,5.0,0.0009047580000185462,functional_completion,none
episode,configuration_diff,train,stratified,2026,access_vlan:SW2:eth1:20+trunk_remove:SW1:eth3:10+trunk_remove:SW1:eth3:20+trunk_remove:SW2:eth3:10,access_trunk_combined,high,1.0,1.0,1.0,4.0,0.0,0.0,0.0,0.0,1.0,1.0,1.0,2.0,0.0,0.0,5.0,0.0003777370000079827,functional_completion,none
episode,configuration_diff,train,stratified,2026,access_vlan:SW2:eth1:20+trunk_remove:SW1:eth3:10+trunk_remove:SW1:eth3:20+trunk_remove:SW2:eth3:20,access_trunk_combined,high,1.0,1.0,1.0,4.0,0.0,0.0,0.0,0.0,0.0,0.0,0.0,3.0,0.0,0.0,5.0,0.00029967700001520825,functional_completion,none
episode,configuration_diff,train,stratified,2026,access_vlan:SW2:eth1:20+trunk_remove:SW1:eth3:10+trunk_remove:SW2:eth3:10+trunk_remove:SW2:eth3:20,access_trunk_combined,high,1.0,1.0,1.0,4.0,0.0,0.0,0.0,0.0,0.0,0.0,0.0,3.0,0.0,0.0,5.0,0.0002930880000064917,functional_completion,none
episode,configuration_diff,train,stratified,2026,access_vlan:SW2:eth2:10+trunk_remove:SW1:eth3:10+trunk_remove:SW2:eth3:10+trunk_remove:SW2:eth3:20,access_trunk_combined,high,1.0,1.0,1.0,4.0,0.0,0.0,0.0,0.0,0.0,0.0,0.0,3.0,0.0,0.0,5.0,0.00028146200000378485,functional_completion,none
episode,configuration_diff,train,stratified,2026,trunk_remove:SW1:eth3:10+trunk_remove:SW1:eth3:20+trunk_remove:SW2:eth3:10+trunk_remove:SW2:eth3:20,multi_trunk,high,1.0,1.0,1.0,4.0,0.0,0.0,0.0,0.0,0.0,0.0,0.0,4.0,0.0,0.0,5.0,0.0002799989999857644,functional_completion,none
episode,configuration_diff,train,stratified,2026,access_vlan:SW1:eth1:20+access_vlan:SW1:eth2:10+access_vlan:SW2:eth1:20+access_vlan:SW2:eth2:10+trunk_remove:SW1:eth3:10,access_trunk_combined,high,1.0,1.0,1.0,5.0,0.0,0.0,0.0,0.0,4.0,5.0,5.0,0.0,0.0,0.0,6.0,0.0003770609999946828,functional_completion,none
episode,configuration_diff,train,stratified,2026,access_vlan:SW1:eth1:20+access_vlan:SW1:eth2:10+access_vlan:SW2:eth1:20+access_vlan:SW2:eth2:10+trunk_remove:SW2:eth3:10,access_trunk_combined,high,1.0,1.0,1.0,5.0,0.0,0.0,0.0,0.0,3.0,4.0,4.0,1.0,0.0,0.0,6.0,0.0003502940000146282,functional_completion,none
episode,configuration_diff,train,stratified,2026,access_vlan:SW1:eth1:20+access_vlan:SW1:eth2:10+access_vlan:SW2:eth1:20+access_vlan:SW2:eth2:10+trunk_remove:SW2:eth3:20,access_trunk_combined,high,1.0,1.0,1.0,5.0,0.0,0.0,0.0,0.0,3.0,4.0,4.0,1.0,0.0,0.0,6.0,0.00036432599998192927,functional_completion,none
episode,configuration_diff,train,stratified,2026,access_vlan:SW1:eth1:20+access_vlan:SW1:eth2:10+access_vlan:SW2:eth1:20+trunk_remove:SW1:eth3:10+trunk_remove:SW1:eth3:20,access_trunk_combined,high,1.0,1.0,1.0,5.0,0.0,0.0,0.0,0.0,2.0,2.0,2.0,1.0,0.0,0.0,6.0,0.0003300710000075924,functional_completion,none
episode,configuration_diff,train,stratified,2026,access_vlan:SW1:eth1:20+access_vlan:SW1:eth2:10+access_vlan:SW2:eth1:20+trunk_remove:SW1:eth3:10+trunk_remove:SW2:eth3:10,access_trunk_combined,high,1.0,1.0,1.0,5.0,0.0,0.0,0.0,0.0,2.0,3.0,3.0,0.0,0.0,0.0,6.0,0.00032960800001546886,functional_completion,none
episode,configuration_diff,train,stratified,2026,access_vlan:SW1:eth1:20+access_vlan:SW1:eth2:10+access_vlan:SW2:eth1:20+trunk_remove:SW1:eth3:10+trunk_remove:SW2:eth3:20,access_trunk_combined,high,1.0,1.0,1.0,5.0,0.0,0.0,0.0,0.0,1.0,1.0,1.0,2.0,0.0,0.0,6.0,0.00032865399998627254,functional_completion,none
episode,configuration_diff,train,stratified,2026,access_vlan:SW1:eth1:20+access_vlan:SW1:eth2:10+access_vlan:SW2:eth1:20+trunk_remove:SW1:eth3:20+trunk_remove:SW2:eth3:20,access_trunk_combined,high,1.0,1.0,1.0,5.0,0.0,0.0,0.0,0.0,1.0,1.0,1.0,2.0,0.0,0.0,6.0,0.0003243440000062492,functional_completion,none
episode,configuration_diff,train,stratified,2026,access_vlan:SW1:eth1:20+access_vlan:SW1:eth2:10+access_vlan:SW2:eth1:20+trunk_remove:SW2:eth3:10+trunk_remove:SW2:eth3:20,access_trunk_combined,high,1.0,1.0,1.0,5.0,0.0,0.0,0.0,0.0,1.0,1.0,1.0,2.0,0.0,0.0,6.0,0.00033987099999421844,functional_completion,none
episode,configuration_diff,train,stratified,2026,access_vlan:SW1:eth1:20+access_vlan:SW1:eth2:10+access_vlan:SW2:eth2:10+trunk_remove:SW1:eth3:10+trunk_remove:SW1:eth3:20,access_trunk_combined,high,1.0,1.0,1.0,5.0,0.0,0.0,0.0,0.0,2.0,2.0,2.0,1.0,0.0,0.0,6.0,0.0003359529999897859,functional_completion,none
episode,configuration_diff,train,stratified,2026,access_vlan:SW1:eth1:20+access_vlan:SW1:eth2:10+access_vlan:SW2:eth2:10+trunk_remove:SW1:eth3:10+trunk_remove:SW2:eth3:10,access_trunk_combined,high,1.0,1.0,1.0,5.0,0.0,0.0,0.0,0.0,1.0,1.0,1.0,2.0,0.0,0.0,6.0,0.0003422190000037517,functional_completion,none
episode,configuration_diff,train,stratified,2026,access_vlan:SW1:eth1:20+access_vlan:SW1:eth2:10+access_vlan:SW2:eth2:10+trunk_remove:SW1:eth3:10+trunk_remove:SW2:eth3:20,access_trunk_combined,high,1.0,1.0,1.0,5.0,0.0,0.0,0.0,0.0,2.0,2.0,2.0,1.0,0.0,0.0,6.0,0.0003427079999767102,functional_completion,none
episode,configuration_diff,train,stratified,2026,access_vlan:SW1:eth1:20+access_vlan:SW1:eth2:10+access_vlan:SW2:eth2:10+trunk_remove:SW1:eth3:20+trunk_remove:SW2:eth3:10,access_trunk_combined,high,1.0,1.0,1.0,5.0,0.0,0.0,0.0,0.0,1.0,1.0,1.0,2.0,0.0,0.0,6.0,0.00034817200000247794,functional_completion,none
episode,configuration_diff,train,stratified,2026,access_vlan:SW1:eth1:20+access_vlan:SW1:eth2:10+access_vlan:SW2:eth2:10+trunk_remove:SW1:eth3:20+trunk_remove:SW2:eth3:20,access_trunk_combined,high,1.0,1.0,1.0,5.0,0.0,0.0,0.0,0.0,2.0,3.0,3.0,0.0,0.0,0.0,6.0,0.00033537400000227535,functional_completion,none
episode,configuration_diff,train,stratified,2026,access_vlan:SW1:eth1:20+access_vlan:SW1:eth2:10+trunk_remove:SW1:eth3:10+trunk_remove:SW1:eth3:20+trunk_remove:SW2:eth3:10,access_trunk_combined,high,1.0,1.0,1.0,5.0,0.0,0.0,0.0,0.0,1.0,1.0,1.0,3.0,0.0,0.0,6.0,0.0003254460000050585,functional_completion,none
episode,configuration_diff,train,stratified,2026,access_vlan:SW1:eth1:20+access_vlan:SW1:eth2:10+trunk_remove:SW1:eth3:10+trunk_remove:SW1:eth3:20+trunk_remove:SW2:eth3:20,access_trunk_combined,high,1.0,1.0,1.0,5.0,0.0,0.0,0.0,0.0,1.0,1.0,1.0,3.0,0.0,0.0,6.0,0.0003332439999894632,functional_completion,none
episode,configuration_diff,train,stratified,2026,access_vlan:SW1:eth1:20+access_vlan:SW1:eth2:10+trunk_remove:SW1:eth3:10+trunk_remove:SW2:eth3:10+trunk_remove:SW2:eth3:20,access_trunk_combined,high,1.0,1.0,1.0,5.0,0.0,0.0,0.0,0.0,1.0,1.0,1.0,3.0,0.0,0.0,6.0,0.0003372179999985292,functional_completion,none
episode,configuration_diff,train,stratified,2026,access_vlan:SW1:eth1:20+access_vlan:SW1:eth2:10+trunk_remove:SW1:eth3:20+trunk_remove:SW2:eth3:10+trunk_remove:SW2:eth3:20,access_trunk_combined,high,1.0,1.0,1.0,5.0,0.0,0.0,0.0,0.0,1.0,1.0,1.0,3.0,0.0,0.0,6.0,0.00035869100000240906,functional_completion,none
episode,configuration_diff,train,stratified,2026,access_vlan:SW1:eth1:20+access_vlan:SW2:eth1:20+access_vlan:SW2:eth2:10+trunk_remove:SW1:eth3:10+trunk_remove:SW1:eth3:20,access_trunk_combined,high,1.0,1.0,1.0,5.0,0.0,0.0,0.0,0.0,3.0,3.0,3.0,0.0,0.0,0.0,6.0,0.0003310920000103579,functional_completion,none
episode,configuration_diff,train,stratified,2026,access_vlan:SW1:eth1:20+access_vlan:SW2:eth1:20+access_vlan:SW2:eth2:10+trunk_remove:SW1:eth3:10+trunk_remove:SW2:eth3:10,access_trunk_combined,high,1.0,1.0,1.0,5.0,0.0,0.0,0.0,0.0,2.0,2.0,2.0,1.0,0.0,0.0,6.0,0.0003475679999951353,functional_completion,none
episode,configuration_diff,train,stratified,2026,access_vlan:SW1:eth1:20+access_vlan:SW2:eth1:20+access_vlan:SW2:eth2:10+trunk_remove:SW1:eth3:10+trunk_remove:SW2:eth3:20,access_trunk_combined,high,1.0,1.0,1.0,5.0,0.0,0.0,0.0,0.0,2.0,2.0,2.0,1.0,0.0,0.0,6.0,0.00032729399998743247,functional_completion,none
episode,configuration_diff,train,stratified,2026,access_vlan:SW1:eth1:20+access_vlan:SW2:eth1:20+access_vlan:SW2:eth2:10+trunk_remove:SW1:eth3:20+trunk_remove:SW2:eth3:10,access_trunk_combined,high,1.0,1.0,1.0,5.0,0.0,0.0,0.0,0.0,2.0,2.0,2.0,1.0,0.0,0.0,6.0,0.00033516700000291166,functional_completion,none
episode,configuration_diff,train,stratified,2026,access_vlan:SW1:eth1:20+access_vlan:SW2:eth1:20+access_vlan:SW2:eth2:10+trunk_remove:SW1:eth3:20+trunk_remove:SW2:eth3:20,access_trunk_combined,high,1.0,1.0,1.0,5.0,0.0,0.0,0.0,0.0,2.0,2.0,2.0,1.0,0.0,0.0,6.0,0.0003306840000050215,functional_completion,none
episode,configuration_diff,train,stratified,2026,access_vlan:SW1:eth1:20+access_vlan:SW2:eth1:20+access_vlan:SW2:eth2:10+trunk_remove:SW2:eth3:10+trunk_remove:SW2:eth3:20,access_trunk_combined,high,1.0,1.0,1.0,5.0,0.0,0.0,0.0,0.0,1.0,1.0,1.0,2.0,0.0,0.0,6.0,0.00033407800000873067,functional_completion,none
episode,configuration_diff,train,stratified,2026,access_vlan:SW1:eth1:20+access_vlan:SW2:eth1:20+trunk_remove:SW1:eth3:10+trunk_remove:SW1:eth3:20+trunk_remove:SW2:eth3:10,access_trunk_combined,high,1.0,1.0,1.0,5.0,0.0,0.0,0.0,0.0,1.0,1.0,1.0,1.0,0.0,0.0,6.0,0.0003345810000041638,functional_completion,none
episode,configuration_diff,train,stratified,2026,access_vlan:SW1:eth1:20+access_vlan:SW2:eth1:20+trunk_remove:SW1:eth3:10+trunk_remove:SW1:eth3:20+trunk_remove:SW2:eth3:20,access_trunk_combined,high,1.0,1.0,1.0,5.0,0.0,0.0,0.0,0.0,0.0,0.0,0.0,2.0,0.0,0.0,6.0,0.00032697000000325716,functional_completion,none
episode,configuration_diff,train,stratified,2026,access_vlan:SW1:eth1:20+access_vlan:SW2:eth1:20+trunk_remove:SW1:eth3:10+trunk_remove:SW2:eth3:10+trunk_remove:SW2:eth3:20,access_trunk_combined,high,1.0,1.0,1.0,5.0,0.0,0.0,0.0,0.0,0.0,0.0,0.0,2.0,0.0,0.0,6.0,0.0003399950000186891,functional_completion,none
episode,configuration_diff,train,stratified,2026,access_vlan:SW1:eth1:20+access_vlan:SW2:eth1:20+trunk_remove:SW1:eth3:20+trunk_remove:SW2:eth3:10+trunk_remove:SW2:eth3:20,access_trunk_combined,high,1.0,1.0,1.0,5.0,0.0,0.0,0.0,0.0,0.0,0.0,0.0,2.0,0.0,0.0,6.0,0.0003402380000068206,functional_completion,none
episode,configuration_diff,train,stratified,2026,access_vlan:SW1:eth1:20+access_vlan:SW2:eth2:10+trunk_remove:SW1:eth3:10+trunk_remove:SW1:eth3:20+trunk_remove:SW2:eth3:10,access_trunk_combined,high,1.0,1.0,1.0,5.0,0.0,0.0,0.0,0.0,0.0,0.0,0.0,2.0,0.0,0.0,6.0,0.000344632000008005,functional_completion,none
episode,configuration_diff,train,stratified,2026,access_vlan:SW1:eth1:20+access_vlan:SW2:eth2:10+trunk_remove:SW1:eth3:10+trunk_remove:SW2:eth3:10+trunk_remove:SW2:eth3:20,access_trunk_combined,high,1.0,1.0,1.0,5.0,0.0,0.0,0.0,0.0,0.0,0.0,0.0,2.0,0.0,0.0,6.0,0.000338342999981478,functional_completion,none
episode,configuration_diff,train,stratified,2026,access_vlan:SW1:eth1:20+access_vlan:SW2:eth2:10+trunk_remove:SW1:eth3:20+trunk_remove:SW2:eth3:10+trunk_remove:SW2:eth3:20,access_trunk_combined,high,1.0,1.0,1.0,5.0,0.0,0.0,0.0,0.0,0.0,0.0,0.0,2.0,0.0,0.0,6.0,0.000771485999990773,functional_completion,none
episode,configuration_diff,train,stratified,2026,access_vlan:SW1:eth1:20+trunk_remove:SW1:eth3:10+trunk_remove:SW1:eth3:20+trunk_remove:SW2:eth3:10+trunk_remove:SW2:eth3:20,access_trunk_combined,high,1.0,1.0,1.0,5.0,0.0,0.0,0.0,0.0,0.0,0.0,0.0,3.0,0.0,0.0,6.0,0.0003885710000020026,functional_completion,none
episode,configuration_diff,train,stratified,2026,access_vlan:SW1:eth2:10+access_vlan:SW2:eth1:20+access_vlan:SW2:eth2:10+trunk_remove:SW1:eth3:10+trunk_remove:SW2:eth3:10,access_trunk_combined,high,1.0,1.0,1.0,5.0,0.0,0.0,0.0,0.0,2.0,2.0,2.0,1.0,0.0,0.0,6.0,0.00038000800000759227,functional_completion,none
episode,configuration_diff,train,stratified,2026,access_vlan:SW1:eth2:10+access_vlan:SW2:eth1:20+access_vlan:SW2:eth2:10+trunk_remove:SW1:eth3:20+trunk_remove:SW2:eth3:10,access_trunk_combined,high,1.0,1.0,1.0,5.0,0.0,0.0,0.0,0.0,2.0,2.0,2.0,1.0,0.0,0.0,6.0,0.0003634900000122343,functional_completion,none
episode,configuration_diff,train,stratified,2026,access_vlan:SW1:eth2:10+access_vlan:SW2:eth1:20+access_vlan:SW2:eth2:10+trunk_remove:SW1:eth3:20+trunk_remove:SW2:eth3:20,access_trunk_combined,high,1.0,1.0,1.0,5.0,0.0,0.0,0.0,0.0,2.0,2.0,2.0,1.0,0.0,0.0,6.0,0.00035369100001503284,functional_completion,none
episode,configuration_diff,train,stratified,2026,access_vlan:SW1:eth2:10+access_vlan:SW2:eth1:20+access_vlan:SW2:eth2:10+trunk_remove:SW2:eth3:10+trunk_remove:SW2:eth3:20,access_trunk_combined,high,1.0,1.0,1.0,5.0,0.0,0.0,0.0,0.0,1.0,1.0,1.0,2.0,0.0,0.0,6.0,0.0003485449999800494,functional_completion,none
episode,configuration_diff,train,stratified,2026,access_vlan:SW1:eth2:10+access_vlan:SW2:eth1:20+trunk_remove:SW1:eth3:10+trunk_remove:SW1:eth3:20+trunk_remove:SW2:eth3:10,access_trunk_combined,high,1.0,1.0,1.0,5.0,0.0,0.0,0.0,0.0,1.0,1.0,1.0,1.0,0.0,0.0,6.0,0.0003437160000032691,functional_completion,none
episode,configuration_diff,train,stratified,2026,access_vlan:SW1:eth2:10+access_vlan:SW2:eth1:20+trunk_remove:SW1:eth3:10+trunk_remove:SW2:eth3:10+trunk_remove:SW2:eth3:20,access_trunk_combined,high,1.0,1.0,1.0,5.0,0.0,0.0,0.0,0.0,0.0,0.0,0.0,2.0,0.0,0.0,6.0,0.00034286299998598224,functional_completion,none
episode,configuration_diff,train,stratified,2026,access_vlan:SW1:eth2:10+access_vlan:SW2:eth1:20+trunk_remove:SW1:eth3:20+trunk_remove:SW2:eth3:10+trunk_remove:SW2:eth3:20,access_trunk_combined,high,1.0,1.0,1.0,5.0,0.0,0.0,0.0,0.0,0.0,0.0,0.0,2.0,0.0,0.0,6.0,0.00032945899999958783,functional_completion,none
episode,configuration_diff,train,stratified,2026,access_vlan:SW1:eth2:10+access_vlan:SW2:eth2:10+trunk_remove:SW1:eth3:10+trunk_remove:SW1:eth3:20+trunk_remove:SW2:eth3:10,access_trunk_combined,high,1.0,1.0,1.0,5.0,0.0,0.0,0.0,0.0,0.0,0.0,0.0,2.0,0.0,0.0,6.0,0.00033274000000460546,functional_completion,none
episode,configuration_diff,train,stratified,2026,access_vlan:SW1:eth2:10+access_vlan:SW2:eth2:10+trunk_remove:SW1:eth3:10+trunk_remove:SW1:eth3:20+trunk_remove:SW2:eth3:20,access_trunk_combined,high,1.0,1.0,1.0,5.0,0.0,0.0,0.0,0.0,1.0,1.0,1.0,1.0,0.0,0.0,6.0,0.000330960000013647,functional_completion,none
episode,configuration_diff,train,stratified,2026,access_vlan:SW1:eth2:10+access_vlan:SW2:eth2:10+trunk_remove:SW1:eth3:10+trunk_remove:SW2:eth3:10+trunk_remove:SW2:eth3:20,access_trunk_combined,high,1.0,1.0,1.0,5.0,0.0,0.0,0.0,0.0,0.0,0.0,0.0,2.0,0.0,0.0,6.0,0.0003341659999875901,functional_completion,none
episode,configuration_diff,train,stratified,2026,access_vlan:SW1:eth2:10+access_vlan:SW2:eth2:10+trunk_remove:SW1:eth3:20+trunk_remove:SW2:eth3:10+trunk_remove:SW2:eth3:20,access_trunk_combined,high,1.0,1.0,1.0,5.0,0.0,0.0,0.0,0.0,0.0,0.0,0.0,2.0,0.0,0.0,6.0,0.0003472120000083123,functional_completion,none
episode,configuration_diff,train,stratified,2026,access_vlan:SW1:eth2:10+trunk_remove:SW1:eth3:10+trunk_remove:SW1:eth3:20+trunk_remove:SW2:eth3:10+trunk_remove:SW2:eth3:20,access_trunk_combined,high,1.0,1.0,1.0,5.0,0.0,0.0,0.0,0.0,0.0,0.0,0.0,3.0,0.0,0.0,6.0,0.00033962399999154513,functional_completion,none
episode,configuration_diff,train,stratified,2026,access_vlan:SW2:eth1:20+access_vlan:SW2:eth2:10+trunk_remove:SW1:eth3:10+trunk_remove:SW1:eth3:20+trunk_remove:SW2:eth3:20,access_trunk_combined,high,1.0,1.0,1.0,5.0,0.0,0.0,0.0,0.0,2.0,2.0,2.0,2.0,0.0,0.0,6.0,0.0003389849999848593,functional_completion,none
episode,configuration_diff,train,stratified,2026,access_vlan:SW2:eth1:20+access_vlan:SW2:eth2:10+trunk_remove:SW1:eth3:10+trunk_remove:SW2:eth3:10+trunk_remove:SW2:eth3:20,access_trunk_combined,high,1.0,1.0,1.0,5.0,0.0,0.0,0.0,0.0,1.0,1.0,1.0,3.0,0.0,0.0,6.0,0.000334901000002219,functional_completion,none
episode,configuration_diff,train,stratified,2026,access_vlan:SW2:eth1:20+access_vlan:SW2:eth2:10+trunk_remove:SW1:eth3:20+trunk_remove:SW2:eth3:10+trunk_remove:SW2:eth3:20,access_trunk_combined,high,1.0,1.0,1.0,5.0,0.0,0.0,0.0,0.0,1.0,1.0,1.0,3.0,0.0,0.0,6.0,0.00033048800000301526,functional_completion,none
episode,configuration_diff,train,stratified,2026,access_vlan:SW2:eth2:10+trunk_remove:SW1:eth3:10+trunk_remove:SW1:eth3:20+trunk_remove:SW2:eth3:10+trunk_remove:SW2:eth3:20,access_trunk_combined,high,1.0,1.0,1.0,5.0,0.0,0.0,0.0,0.0,0.0,0.0,0.0,3.0,0.0,0.0,6.0,0.0003339499999981399,functional_completion,none
episode,configuration_diff,train,stratified,2026,access_vlan:SW1:eth1:20+access_vlan:SW1:eth2:10+access_vlan:SW2:eth1:20+access_vlan:SW2:eth2:10+trunk_remove:SW1:eth3:20+trunk_remove:SW2:eth3:10,access_trunk_combined,high,1.0,1.0,1.0,6.0,0.0,0.0,0.0,0.0,3.0,3.0,3.0,1.0,0.0,0.0,7.0,0.00038256300001648924,functional_completion,none
episode,configuration_diff,train,stratified,2026,access_vlan:SW1:eth1:20+access_vlan:SW1:eth2:10+access_vlan:SW2:eth1:20+access_vlan:SW2:eth2:10+trunk_remove:SW1:eth3:20+trunk_remove:SW2:eth3:20,access_trunk_combined,high,1.0,1.0,1.0,6.0,0.0,0.0,0.0,0.0,3.0,4.0,4.0,1.0,0.0,0.0,7.0,0.0003812790000097266,functional_completion,none
episode,configuration_diff,train,stratified,2026,access_vlan:SW1:eth1:20+access_vlan:SW1:eth2:10+access_vlan:SW2:eth1:20+access_vlan:SW2:eth2:10+trunk_remove:SW2:eth3:10+trunk_remove:SW2:eth3:20,access_trunk_combined,high,1.0,1.0,1.0,6.0,0.0,0.0,0.0,0.0,2.0,2.0,2.0,2.0,0.0,0.0,7.0,0.0003949299999987943,functional_completion,none
episode,configuration_diff,train,stratified,2026,access_vlan:SW1:eth1:20+access_vlan:SW1:eth2:10+access_vlan:SW2:eth1:20+trunk_remove:SW1:eth3:10+trunk_remove:SW1:eth3:20+trunk_remove:SW2:eth3:20,access_trunk_combined,high,1.0,1.0,1.0,6.0,0.0,0.0,0.0,0.0,1.0,1.0,1.0,2.0,0.0,0.0,7.0,0.0003831450000006953,functional_completion,none
episode,configuration_diff,train,stratified,2026,access_vlan:SW1:eth1:20+access_vlan:SW1:eth2:10+access_vlan:SW2:eth1:20+trunk_remove:SW1:eth3:20+trunk_remove:SW2:eth3:10+trunk_remove:SW2:eth3:20,access_trunk_combined,high,1.0,1.0,1.0,6.0,0.0,0.0,0.0,0.0,1.0,1.0,1.0,2.0,0.0,0.0,7.0,0.00038274799999271636,functional_completion,none
episode,configuration_diff,train,stratified,2026,access_vlan:SW1:eth1:20+access_vlan:SW1:eth2:10+access_vlan:SW2:eth2:10+trunk_remove:SW1:eth3:10+trunk_remove:SW1:eth3:20+trunk_remove:SW2:eth3:10,access_trunk_combined,high,1.0,1.0,1.0,6.0,0.0,0.0,0.0,0.0,1.0,1.0,1.0,2.0,0.0,0.0,7.0,0.0004110449999927823,functional_completion,none
episode,configuration_diff,train,stratified,2026,access_vlan:SW1:eth1:20+access_vlan:SW1:eth2:10+access_vlan:SW2:eth2:10+trunk_remove:SW1:eth3:10+trunk_remove:SW1:eth3:20+trunk_remove:SW2:eth3:20,access_trunk_combined,high,1.0,1.0,1.0,6.0,0.0,0.0,0.0,0.0,2.0,2.0,2.0,1.0,0.0,0.0,7.0,0.00038379699998358774,functional_completion,none
episode,configuration_diff,train,stratified,2026,access_vlan:SW1:eth1:20+access_vlan:SW1:eth2:10+access_vlan:SW2:eth2:10+trunk_remove:SW1:eth3:10+trunk_remove:SW2:eth3:10+trunk_remove:SW2:eth3:20,access_trunk_combined,high,1.0,1.0,1.0,6.0,0.0,0.0,0.0,0.0,1.0,1.0,1.0,2.0,0.0,0.0,7.0,0.00038692600000445054,functional_completion,none
episode,configuration_diff,train,stratified,2026,access_vlan:SW1:eth1:20+access_vlan:SW1:eth2:10+trunk_remove:SW1:eth3:10+trunk_remove:SW1:eth3:20+trunk_remove:SW2:eth3:10+trunk_remove:SW2:eth3:20,access_trunk_combined,high,1.0,1.0,1.0,6.0,0.0,0.0,0.0,0.0,1.0,1.0,1.0,3.0,0.0,0.0,7.0,0.00038566699998909826,functional_completion,none
episode,configuration_diff,train,stratified,2026,access_vlan:SW1:eth1:20+access_vlan:SW2:eth1:20+access_vlan:SW2:eth2:10+trunk_remove:SW1:eth3:10+trunk_remove:SW1:eth3:20+trunk_remove:SW2:eth3:10,access_trunk_combined,high,1.0,1.0,1.0,6.0,0.0,0.0,0.0,0.0,2.0,2.0,2.0,1.0,0.0,0.0,7.0,0.00039926799999534524,functional_completion,none
episode,configuration_diff,train,stratified,2026,access_vlan:SW1:eth1:20+access_vlan:SW2:eth1:20+access_vlan:SW2:eth2:10+trunk_remove:SW1:eth3:10+trunk_remove:SW1:eth3:20+trunk_remove:SW2:eth3:20,access_trunk_combined,high,1.0,1.0,1.0,6.0,0.0,0.0,0.0,0.0,2.0,2.0,2.0,1.0,0.0,0.0,7.0,0.0003939730000013242,functional_completion,none
episode,configuration_diff,train,stratified,2026,access_vlan:SW1:eth1:20+access_vlan:SW2:eth1:20+access_vlan:SW2:eth2:10+trunk_remove:SW1:eth3:10+trunk_remove:SW2:eth3:10+trunk_remove:SW2:eth3:20,access_trunk_combined,high,1.0,1.0,1.0,6.0,0.0,0.0,0.0,0.0,1.0,1.0,1.0,2.0,0.0,0.0,7.0,0.0003817729999866515,functional_completion,none
episode,configuration_diff,train,stratified,2026,access_vlan:SW1:eth1:20+access_vlan:SW2:eth1:20+access_vlan:SW2:eth2:10+trunk_remove:SW1:eth3:20+trunk_remove:SW2:eth3:10+trunk_remove:SW2:eth3:20,access_trunk_combined,high,1.0,1.0,1.0,6.0,0.0,0.0,0.0,0.0,1.0,1.0,1.0,2.0,0.0,0.0,7.0,0.0004002780000007533,functional_completion,none
episode,configuration_diff,train,stratified,2026,access_vlan:SW1:eth1:20+access_vlan:SW2:eth1:20+trunk_remove:SW1:eth3:10+trunk_remove:SW1:eth3:20+trunk_remove:SW2:eth3:10+trunk_remove:SW2:eth3:20,access_trunk_combined,high,1.0,1.0,1.0,6.0,0.0,0.0,0.0,0.0,0.0,0.0,0.0,2.0,0.0,0.0,7.0,0.0003972819999944477,functional_completion,none
episode,configuration_diff,train,stratified,2026,access_vlan:SW1:eth2:10+access_vlan:SW2:eth1:20+access_vlan:SW2:eth2:10+trunk_remove:SW1:eth3:10+trunk_remove:SW1:eth3:20+trunk_remove:SW2:eth3:10,access_trunk_combined,high,1.0,1.0,1.0,6.0,0.0,0.0,0.0,0.0,2.0,2.0,2.0,1.0,0.0,0.0,7.0,0.00038672200000178236,functional_completion,none
episode,configuration_diff,train,stratified,2026,access_vlan:SW1:eth2:10+access_vlan:SW2:eth1:20+access_vlan:SW2:eth2:10+trunk_remove:SW1:eth3:10+trunk_remove:SW1:eth3:20+trunk_remove:SW2:eth3:20,access_trunk_combined,high,1.0,1.0,1.0,6.0,0.0,0.0,0.0,0.0,2.0,2.0,2.0,1.0,0.0,0.0,7.0,0.0005032649999918704,functional_completion,none
episode,configuration_diff,train,stratified,2026,access_vlan:SW1:eth2:10+access_vlan:SW2:eth1:20+access_vlan:SW2:eth2:10+trunk_remove:SW1:eth3:10+trunk_remove:SW2:eth3:10+trunk_remove:SW2:eth3:20,access_trunk_combined,high,1.0,1.0,1.0,6.0,0.0,0.0,0.0,0.0,1.0,1.0,1.0,2.0,0.0,0.0,7.0,0.000398558999989973,functional_completion,none
episode,configuration_diff,train,stratified,2026,access_vlan:SW1:eth2:10+access_vlan:SW2:eth1:20+access_vlan:SW2:eth2:10+trunk_remove:SW1:eth3:20+trunk_remove:SW2:eth3:10+trunk_remove:SW2:eth3:20,access_trunk_combined,high,1.0,1.0,1.0,6.0,0.0,0.0,0.0,0.0,1.0,1.0,1.0,2.0,0.0,0.0,7.0,0.000568741000023465,functional_completion,none
episode,configuration_diff,train,stratified,2026,access_vlan:SW1:eth2:10+access_vlan:SW2:eth1:20+trunk_remove:SW1:eth3:10+trunk_remove:SW1:eth3:20+trunk_remove:SW2:eth3:10+trunk_remove:SW2:eth3:20,access_trunk_combined,high,1.0,1.0,1.0,6.0,0.0,0.0,0.0,0.0,0.0,0.0,0.0,2.0,0.0,0.0,7.0,0.0004663839999921038,functional_completion,none
episode,configuration_diff,train,stratified,2026,access_vlan:SW1:eth2:10+access_vlan:SW2:eth2:10+trunk_remove:SW1:eth3:10+trunk_remove:SW1:eth3:20+trunk_remove:SW2:eth3:10+trunk_remove:SW2:eth3:20,access_trunk_combined,high,1.0,1.0,1.0,6.0,0.0,0.0,0.0,0.0,0.0,0.0,0.0,2.0,0.0,0.0,7.0,0.00043471200001476973,functional_completion,none
episode,configuration_diff,train,stratified,2026,access_vlan:SW2:eth1:20+access_vlan:SW2:eth2:10+trunk_remove:SW1:eth3:10+trunk_remove:SW1:eth3:20+trunk_remove:SW2:eth3:10+trunk_remove:SW2:eth3:20,access_trunk_combined,high,1.0,1.0,1.0,6.0,0.0,0.0,0.0,0.0,1.0,1.0,1.0,3.0,0.0,0.0,7.0,0.00048283699999274177,functional_completion,none
episode,configuration_diff,train,stratified,2026,access_vlan:SW1:eth1:20+access_vlan:SW1:eth2:10+access_vlan:SW2:eth1:20+access_vlan:SW2:eth2:10+trunk_remove:SW1:eth3:10+trunk_remove:SW1:eth3:20+trunk_remove:SW2:eth3:10,access_trunk_combined,high,1.0,1.0,1.0,7.0,0.0,0.0,0.0,0.0,3.0,3.0,3.0,1.0,0.0,0.0,8.0,0.00044476100001134,functional_completion,none
episode,configuration_diff,train,stratified,2026,access_vlan:SW1:eth1:20+access_vlan:SW1:eth2:10+access_vlan:SW2:eth1:20+access_vlan:SW2:eth2:10+trunk_remove:SW1:eth3:10+trunk_remove:SW2:eth3:10+trunk_remove:SW2:eth3:20,access_trunk_combined,high,1.0,1.0,1.0,7.0,0.0,0.0,0.0,0.0,2.0,2.0,2.0,2.0,0.0,0.0,8.0,0.00044617700001481353,functional_completion,none
episode,configuration_diff,train,stratified,2026,access_vlan:SW1:eth1:20+access_vlan:SW1:eth2:10+access_vlan:SW2:eth1:20+trunk_remove:SW1:eth3:10+trunk_remove:SW1:eth3:20+trunk_remove:SW2:eth3:10+trunk_remove:SW2:eth3:20,access_trunk_combined,high,1.0,1.0,1.0,7.0,0.0,0.0,0.0,0.0,1.0,1.0,1.0,2.0,0.0,0.0,8.0,0.0004400199999849974,functional_completion,none
episode,configuration_diff,train,stratified,2026,access_vlan:SW1:eth1:20+access_vlan:SW1:eth2:10+access_vlan:SW2:eth2:10+trunk_remove:SW1:eth3:10+trunk_remove:SW1:eth3:20+trunk_remove:SW2:eth3:10+trunk_remove:SW2:eth3:20,access_trunk_combined,high,1.0,1.0,1.0,7.0,0.0,0.0,0.0,0.0,1.0,1.0,1.0,2.0,0.0,0.0,8.0,0.00046010599999135593,functional_completion,none
episode,configuration_diff,train,stratified,2026,access_vlan:SW1:eth1:20+access_vlan:SW2:eth1:20+access_vlan:SW2:eth2:10+trunk_remove:SW1:eth3:10+trunk_remove:SW1:eth3:20+trunk_remove:SW2:eth3:10+trunk_remove:SW2:eth3:20,access_trunk_combined,high,1.0,1.0,1.0,7.0,0.0,0.0,0.0,0.0,1.0,1.0,1.0,2.0,0.0,0.0,8.0,0.00044780099997865364,functional_completion,none
episode,configuration_diff,train,stratified,2026,access_vlan:SW1:eth2:10+access_vlan:SW2:eth1:20+access_vlan:SW2:eth2:10+trunk_remove:SW1:eth3:10+trunk_remove:SW1:eth3:20+trunk_remove:SW2:eth3:10+trunk_remove:SW2:eth3:20,access_trunk_combined,high,1.0,1.0,1.0,7.0,0.0,0.0,0.0,0.0,1.0,1.0,1.0,2.0,0.0,0.0,8.0,0.0004494439999973565,functional_completion,none
episode,configuration_diff,train,stratified,2026,access_vlan:SW1:eth1:20+access_vlan:SW1:eth2:10+access_vlan:SW2:eth1:20+access_vlan:SW2:eth2:10+trunk_remove:SW1:eth3:10+trunk_remove:SW1:eth3:20+trunk_remove:SW2:eth3:10+trunk_remove:SW2:eth3:20,access_trunk_combined,high,1.0,1.0,1.0,8.0,0.0,0.0,0.0,0.0,2.0,2.0,2.0,2.0,0.0,0.0,9.0,0.0005096460000117986,functional_completion,none
episode,configuration_diff,eval,stratified,2026,access_vlan:SW2:eth1:20,single_access,low,1.0,1.0,1.0,1.0,0.0,0.0,0.0,0.0,0.0,0.0,0.0,3.0,0.0,0.0,2.0,0.0001176670000120339,functional_completion,none
episode,configuration_diff,eval,stratified,2026,trunk_remove:SW1:eth3:20,single_trunk,low,1.0,1.0,1.0,1.0,0.0,0.0,0.0,0.0,0.0,0.0,0.0,5.0,0.0,0.0,2.0,0.00011325699998110395,functional_completion,none
episode,configuration_diff,eval,stratified,2026,access_vlan:SW1:eth2:10+access_vlan:SW2:eth2:10,multi_access,medium,1.0,1.0,1.0,2.0,0.0,0.0,0.0,0.0,1.0,1.0,1.0,1.0,0.0,0.0,3.0,0.00017222799999672134,functional_completion,none
episode,configuration_diff,eval,stratified,2026,trunk_remove:SW1:eth3:10+trunk_remove:SW1:eth3:20,multi_trunk,medium,1.0,1.0,1.0,2.0,0.0,0.0,0.0,0.0,0.0,0.0,0.0,4.0,0.0,0.0,3.0,0.00016415499999311578,functional_completion,none
episode,configuration_diff,eval,stratified,2026,access_vlan:SW1:eth1:20+access_vlan:SW1:eth2:10+trunk_remove:SW2:eth3:10,access_trunk_combined,medium,1.0,1.0,1.0,3.0,0.0,0.0,0.0,0.0,1.0,1.0,1.0,2.0,0.0,0.0,4.0,0.00022193600000264269,functional_completion,none
episode,configuration_diff,eval,stratified,2026,access_vlan:SW1:eth1:20+access_vlan:SW2:eth1:20+access_vlan:SW2:eth2:10,multi_access,medium,1.0,1.0,1.0,3.0,0.0,0.0,0.0,0.0,2.0,3.0,3.0,0.0,0.0,0.0,4.0,0.00021970699998519194,functional_completion,none
episode,configuration_diff,eval,stratified,2026,access_vlan:SW1:eth1:20+access_vlan:SW2:eth1:20+trunk_remove:SW2:eth3:20,access_trunk_combined,medium,1.0,1.0,1.0,3.0,0.0,0.0,0.0,0.0,0.0,0.0,0.0,2.0,0.0,0.0,4.0,0.00022667900000783447,functional_completion,none
episode,configuration_diff,eval,stratified,2026,access_vlan:SW1:eth1:20+access_vlan:SW2:eth2:10+trunk_remove:SW2:eth3:20,access_trunk_combined,medium,1.0,1.0,1.0,3.0,0.0,0.0,0.0,0.0,1.0,1.0,1.0,1.0,0.0,0.0,4.0,0.00022128100002305473,functional_completion,none
episode,configuration_diff,eval,stratified,2026,access_vlan:SW1:eth1:20+trunk_remove:SW1:eth3:20+trunk_remove:SW2:eth3:10,access_trunk_combined,medium,1.0,1.0,1.0,3.0,0.0,0.0,0.0,0.0,0.0,0.0,0.0,3.0,0.0,0.0,4.0,0.00021995999998125626,functional_completion,none
episode,configuration_diff,eval,stratified,2026,access_vlan:SW1:eth2:10+access_vlan:SW2:eth1:20+trunk_remove:SW1:eth3:20,access_trunk_combined,medium,1.0,1.0,1.0,3.0,0.0,0.0,0.0,0.0,1.0,1.0,1.0,1.0,0.0,0.0,4.0,0.00022664700000518678,functional_completion,none
episode,configuration_diff,eval,stratified,2026,access_vlan:SW1:eth2:10+access_vlan:SW2:eth1:20+trunk_remove:SW2:eth3:20,access_trunk_combined,medium,1.0,1.0,1.0,3.0,0.0,0.0,0.0,0.0,0.0,0.0,0.0,2.0,0.0,0.0,4.0,0.0002375910000012027,functional_completion,none
episode,configuration_diff,eval,stratified,2026,access_vlan:SW1:eth2:10+access_vlan:SW2:eth2:10+trunk_remove:SW2:eth3:20,access_trunk_combined,medium,1.0,1.0,1.0,3.0,0.0,0.0,0.0,0.0,1.0,1.0,1.0,1.0,0.0,0.0,4.0,0.00023539699998309516,functional_completion,none
episode,configuration_diff,eval,stratified,2026,access_vlan:SW2:eth1:20+access_vlan:SW2:eth2:10+trunk_remove:SW1:eth3:10,access_trunk_combined,medium,1.0,1.0,1.0,3.0,0.0,0.0,0.0,0.0,2.0,2.0,2.0,1.0,0.0,0.0,4.0,0.00022419400002604561,functional_completion,none
episode,configuration_diff,eval,stratified,2026,access_vlan:SW2:eth1:20+trunk_remove:SW1:eth3:10+trunk_remove:SW2:eth3:10,access_trunk_combined,medium,1.0,1.0,1.0,3.0,0.0,0.0,0.0,0.0,0.0,0.0,0.0,3.0,0.0,0.0,4.0,0.0002261619999899267,functional_completion,none
episode,configuration_diff,eval,stratified,2026,access_vlan:SW2:eth1:20+trunk_remove:SW1:eth3:10+trunk_remove:SW2:eth3:20,access_trunk_combined,medium,1.0,1.0,1.0,3.0,0.0,0.0,0.0,0.0,0.0,0.0,0.0,3.0,0.0,0.0,4.0,0.0002286999999796535,functional_completion,none
episode,configuration_diff,eval,stratified,2026,access_vlan:SW2:eth1:20+trunk_remove:SW1:eth3:20+trunk_remove:SW2:eth3:20,access_trunk_combined,medium,1.0,1.0,1.0,3.0,0.0,0.0,0.0,0.0,0.0,0.0,0.0,3.0,0.0,0.0,4.0,0.0002195490000076461,functional_completion,none
episode,configuration_diff,eval,stratified,2026,access_vlan:SW2:eth1:20+trunk_remove:SW2:eth3:10+trunk_remove:SW2:eth3:20,access_trunk_combined,medium,1.0,1.0,1.0,3.0,0.0,0.0,0.0,0.0,0.0,0.0,0.0,3.0,0.0,0.0,4.0,0.00022047699999916404,functional_completion,none
episode,configuration_diff,eval,stratified,2026,access_vlan:SW2:eth2:10+trunk_remove:SW1:eth3:20+trunk_remove:SW2:eth3:10,access_trunk_combined,medium,1.0,1.0,1.0,3.0,0.0,0.0,0.0,0.0,0.0,0.0,0.0,3.0,0.0,0.0,4.0,0.00023071999999046966,functional_completion,none
episode,configuration_diff,eval,stratified,2026,trunk_remove:SW1:eth3:10+trunk_remove:SW2:eth3:10+trunk_remove:SW2:eth3:20,multi_trunk,medium,1.0,1.0,1.0,3.0,0.0,0.0,0.0,0.0,0.0,0.0,0.0,4.0,0.0,0.0,4.0,0.0002204689999985021,functional_completion,none
episode,configuration_diff,eval,stratified,2026,access_vlan:SW1:eth1:20+access_vlan:SW1:eth2:10+trunk_remove:SW1:eth3:10+trunk_remove:SW1:eth3:20,access_trunk_combined,high,1.0,1.0,1.0,4.0,0.0,0.0,0.0,0.0,1.0,1.0,1.0,3.0,0.0,0.0,5.0,0.00027664099999924474,functional_completion,none
episode,configuration_diff,eval,stratified,2026,access_vlan:SW1:eth1:20+access_vlan:SW1:eth2:10+trunk_remove:SW1:eth3:10+trunk_remove:SW2:eth3:10,access_trunk_combined,high,1.0,1.0,1.0,4.0,0.0,0.0,0.0,0.0,1.0,1.0,1.0,2.0,0.0,0.0,5.0,0.0002820400000018708,functional_completion,none
episode,configuration_diff,eval,stratified,2026,access_vlan:SW1:eth1:20+access_vlan:SW1:eth2:10+trunk_remove:SW1:eth3:20+trunk_remove:SW2:eth3:10,access_trunk_combined,high,1.0,1.0,1.0,4.0,0.0,0.0,0.0,0.0,1.0,1.0,1.0,3.0,0.0,0.0,5.0,0.0002815459999965242,functional_completion,none
episode,configuration_diff,eval,stratified,2026,access_vlan:SW1:eth1:20+access_vlan:SW2:eth1:20+trunk_remove:SW1:eth3:10+trunk_remove:SW2:eth3:10,access_trunk_combined,high,1.0,1.0,1.0,4.0,0.0,0.0,0.0,0.0,1.0,1.0,1.0,1.0,0.0,0.0,5.0,0.00027839800000606374,functional_completion,none
episode,configuration_diff,eval,stratified,2026,access_vlan:SW1:eth1:20+access_vlan:SW2:eth1:20+trunk_remove:SW1:eth3:10+trunk_remove:SW2:eth3:20,access_trunk_combined,high,1.0,1.0,1.0,4.0,0.0,0.0,0.0,0.0,0.0,0.0,0.0,2.0,0.0,0.0,5.0,0.00028194899999789413,functional_completion,none
episode,configuration_diff,eval,stratified,2026,access_vlan:SW1:eth1:20+access_vlan:SW2:eth2:10+trunk_remove:SW2:eth3:10+trunk_remove:SW2:eth3:20,access_trunk_combined,high,1.0,1.0,1.0,4.0,0.0,0.0,0.0,0.0,0.0,0.0,0.0,2.0,0.0,0.0,5.0,0.00028509000000553897,functional_completion,none
episode,configuration_diff,eval,stratified,2026,access_vlan:SW1:eth2:10+access_vlan:SW2:eth1:20+access_vlan:SW2:eth2:10+trunk_remove:SW1:eth3:20,access_trunk_combined,high,1.0,1.0,1.0,4.0,0.0,0.0,0.0,0.0,3.0,3.0,3.0,0.0,0.0,0.0,5.0,0.00030608400001597147,functional_completion,none
episode,configuration_diff,eval,stratified,2026,access_vlan:SW1:eth2:10+access_vlan:SW2:eth1:20+trunk_remove:SW1:eth3:20+trunk_remove:SW2:eth3:20,access_trunk_combined,high,1.0,1.0,1.0,4.0,0.0,0.0,0.0,0.0,0.0,0.0,0.0,2.0,0.0,0.0,5.0,0.0002840440000113631,functional_completion,none
episode,configuration_diff,eval,stratified,2026,access_vlan:SW1:eth2:10+access_vlan:SW2:eth1:20+trunk_remove:SW2:eth3:10+trunk_remove:SW2:eth3:20,access_trunk_combined,high,1.0,1.0,1.0,4.0,0.0,0.0,0.0,0.0,0.0,0.0,0.0,2.0,0.0,0.0,5.0,0.00029872000001773813,functional_completion,none
episode,configuration_diff,eval,stratified,2026,access_vlan:SW1:eth2:10+access_vlan:SW2:eth2:10+trunk_remove:SW1:eth3:10+trunk_remove:SW2:eth3:20,access_trunk_combined,high,1.0,1.0,1.0,4.0,0.0,0.0,0.0,0.0,1.0,1.0,1.0,1.0,0.0,0.0,5.0,0.00036712200000010853,functional_completion,none
episode,configuration_diff,eval,stratified,2026,access_vlan:SW2:eth1:20+trunk_remove:SW1:eth3:20+trunk_remove:SW2:eth3:10+trunk_remove:SW2:eth3:20,access_trunk_combined,high,1.0,1.0,1.0,4.0,0.0,0.0,0.0,0.0,0.0,0.0,0.0,3.0,0.0,0.0,5.0,0.0004983830000071521,functional_completion,none
episode,configuration_diff,eval,stratified,2026,access_vlan:SW2:eth2:10+trunk_remove:SW1:eth3:10+trunk_remove:SW1:eth3:20+trunk_remove:SW2:eth3:10,access_trunk_combined,high,1.0,1.0,1.0,4.0,0.0,0.0,0.0,0.0,0.0,0.0,0.0,3.0,0.0,0.0,5.0,0.0003713039999979628,functional_completion,none
episode,configuration_diff,eval,stratified,2026,access_vlan:SW2:eth2:10+trunk_remove:SW1:eth3:10+trunk_remove:SW1:eth3:20+trunk_remove:SW2:eth3:20,access_trunk_combined,high,1.0,1.0,1.0,4.0,0.0,0.0,0.0,0.0,1.0,1.0,1.0,2.0,0.0,0.0,5.0,0.0003430929999979071,functional_completion,none
episode,configuration_diff,eval,stratified,2026,access_vlan:SW2:eth2:10+trunk_remove:SW1:eth3:20+trunk_remove:SW2:eth3:10+trunk_remove:SW2:eth3:20,access_trunk_combined,high,1.0,1.0,1.0,4.0,0.0,0.0,0.0,0.0,0.0,0.0,0.0,3.0,0.0,0.0,5.0,0.0003071859999863591,functional_completion,none
episode,configuration_diff,eval,stratified,2026,access_vlan:SW1:eth1:20+access_vlan:SW1:eth2:10+access_vlan:SW2:eth1:20+access_vlan:SW2:eth2:10+trunk_remove:SW1:eth3:20,access_trunk_combined,high,1.0,1.0,1.0,5.0,0.0,0.0,0.0,0.0,4.0,5.0,5.0,0.0,0.0,0.0,6.0,0.00034744399999908637,functional_completion,none
episode,configuration_diff,eval,stratified,2026,access_vlan:SW1:eth1:20+access_vlan:SW1:eth2:10+access_vlan:SW2:eth1:20+trunk_remove:SW1:eth3:20+trunk_remove:SW2:eth3:10,access_trunk_combined,high,1.0,1.0,1.0,5.0,0.0,0.0,0.0,0.0,2.0,2.0,2.0,1.0,0.0,0.0,6.0,0.0003300479999950312,functional_completion,none
episode,configuration_diff,eval,stratified,2026,access_vlan:SW1:eth1:20+access_vlan:SW1:eth2:10+access_vlan:SW2:eth2:10+trunk_remove:SW2:eth3:10+trunk_remove:SW2:eth3:20,access_trunk_combined,high,1.0,1.0,1.0,5.0,0.0,0.0,0.0,0.0,1.0,1.0,1.0,2.0,0.0,0.0,6.0,0.0003386269999907654,functional_completion,none
episode,configuration_diff,eval,stratified,2026,access_vlan:SW1:eth1:20+access_vlan:SW2:eth2:10+trunk_remove:SW1:eth3:10+trunk_remove:SW1:eth3:20+trunk_remove:SW2:eth3:20,access_trunk_combined,high,1.0,1.0,1.0,5.0,0.0,0.0,0.0,0.0,1.0,1.0,1.0,1.0,0.0,0.0,6.0,0.0003327470000158428,functional_completion,none
episode,configuration_diff,eval,stratified,2026,access_vlan:SW1:eth2:10+access_vlan:SW2:eth1:20+access_vlan:SW2:eth2:10+trunk_remove:SW1:eth3:10+trunk_remove:SW1:eth3:20,access_trunk_combined,high,1.0,1.0,1.0,5.0,0.0,0.0,0.0,0.0,3.0,3.0,3.0,0.0,0.0,0.0,6.0,0.00035341700001367826,functional_completion,none
episode,configuration_diff,eval,stratified,2026,access_vlan:SW1:eth2:10+access_vlan:SW2:eth1:20+access_vlan:SW2:eth2:10+trunk_remove:SW1:eth3:10+trunk_remove:SW2:eth3:20,access_trunk_combined,high,1.0,1.0,1.0,5.0,0.0,0.0,0.0,0.0,2.0,2.0,2.0,1.0,0.0,0.0,6.0,0.00042431500000361666,functional_completion,none
episode,configuration_diff,eval,stratified,2026,access_vlan:SW1:eth2:10+access_vlan:SW2:eth1:20+trunk_remove:SW1:eth3:10+trunk_remove:SW1:eth3:20+trunk_remove:SW2:eth3:20,access_trunk_combined,high,1.0,1.0,1.0,5.0,0.0,0.0,0.0,0.0,0.0,0.0,0.0,2.0,0.0,0.0,6.0,0.00033642100001429753,functional_completion,none
episode,configuration_diff,eval,stratified,2026,access_vlan:SW2:eth1:20+access_vlan:SW2:eth2:10+trunk_remove:SW1:eth3:10+trunk_remove:SW1:eth3:20+trunk_remove:SW2:eth3:10,access_trunk_combined,high,1.0,1.0,1.0,5.0,0.0,0.0,0.0,0.0,2.0,2.0,2.0,2.0,0.0,0.0,6.0,0.0003501239999934569,functional_completion,none
episode,configuration_diff,eval,stratified,2026,access_vlan:SW2:eth1:20+trunk_remove:SW1:eth3:10+trunk_remove:SW1:eth3:20+trunk_remove:SW2:eth3:10+trunk_remove:SW2:eth3:20,access_trunk_combined,high,1.0,1.0,1.0,5.0,0.0,0.0,0.0,0.0,0.0,0.0,0.0,3.0,0.0,0.0,6.0,0.0003303999999957341,functional_completion,none
episode,configuration_diff,eval,stratified,2026,access_vlan:SW1:eth1:20+access_vlan:SW1:eth2:10+access_vlan:SW2:eth1:20+access_vlan:SW2:eth2:10+trunk_remove:SW1:eth3:10+trunk_remove:SW1:eth3:20,access_trunk_combined,high,1.0,1.0,1.0,6.0,0.0,0.0,0.0,0.0,4.0,4.0,4.0,0.0,0.0,0.0,7.0,0.0003895180000199616,functional_completion,none
episode,configuration_diff,eval,stratified,2026,access_vlan:SW1:eth1:20+access_vlan:SW1:eth2:10+access_vlan:SW2:eth1:20+access_vlan:SW2:eth2:10+trunk_remove:SW1:eth3:10+trunk_remove:SW2:eth3:10,access_trunk_combined,high,1.0,1.0,1.0,6.0,0.0,0.0,0.0,0.0,3.0,4.0,4.0,1.0,0.0,0.0,7.0,0.0004017210000029081,functional_completion,none
episode,configuration_diff,eval,stratified,2026,access_vlan:SW1:eth1:20+access_vlan:SW1:eth2:10+access_vlan:SW2:eth1:20+access_vlan:SW2:eth2:10+trunk_remove:SW1:eth3:10+trunk_remove:SW2:eth3:20,access_trunk_combined,high,1.0,1.0,1.0,6.0,0.0,0.0,0.0,0.0,3.0,3.0,3.0,1.0,0.0,0.0,7.0,0.000390014999993582,functional_completion,none
episode,configuration_diff,eval,stratified,2026,access_vlan:SW1:eth1:20+access_vlan:SW1:eth2:10+access_vlan:SW2:eth1:20+trunk_remove:SW1:eth3:10+trunk_remove:SW1:eth3:20+trunk_remove:SW2:eth3:10,access_trunk_combined,high,1.0,1.0,1.0,6.0,0.0,0.0,0.0,0.0,2.0,2.0,2.0,1.0,0.0,0.0,7.0,0.0003804810000076486,functional_completion,none
episode,configuration_diff,eval,stratified,2026,access_vlan:SW1:eth1:20+access_vlan:SW1:eth2:10+access_vlan:SW2:eth1:20+trunk_remove:SW1:eth3:10+trunk_remove:SW2:eth3:10+trunk_remove:SW2:eth3:20,access_trunk_combined,high,1.0,1.0,1.0,6.0,0.0,0.0,0.0,0.0,1.0,1.0,1.0,2.0,0.0,0.0,7.0,0.0003790739999942616,functional_completion,none
episode,configuration_diff,eval,stratified,2026,access_vlan:SW1:eth1:20+access_vlan:SW1:eth2:10+access_vlan:SW2:eth2:10+trunk_remove:SW1:eth3:20+trunk_remove:SW2:eth3:10+trunk_remove:SW2:eth3:20,access_trunk_combined,high,1.0,1.0,1.0,6.0,0.0,0.0,0.0,0.0,1.0,1.0,1.0,2.0,0.0,0.0,7.0,0.00040609199999153134,functional_completion,none
episode,configuration_diff,eval,stratified,2026,access_vlan:SW1:eth1:20+access_vlan:SW2:eth2:10+trunk_remove:SW1:eth3:10+trunk_remove:SW1:eth3:20+trunk_remove:SW2:eth3:10+trunk_remove:SW2:eth3:20,access_trunk_combined,high,1.0,1.0,1.0,6.0,0.0,0.0,0.0,0.0,0.0,0.0,0.0,2.0,0.0,0.0,7.0,0.00044495000000210894,functional_completion,none
episode,configuration_diff,eval,stratified,2026,access_vlan:SW1:eth1:20+access_vlan:SW1:eth2:10+access_vlan:SW2:eth1:20+access_vlan:SW2:eth2:10+trunk_remove:SW1:eth3:10+trunk_remove:SW1:eth3:20+trunk_remove:SW2:eth3:20,access_trunk_combined,high,1.0,1.0,1.0,7.0,0.0,0.0,0.0,0.0,3.0,3.0,3.0,1.0,0.0,0.0,8.0,0.0004390370000066923,functional_completion,none
episode,configuration_diff,eval,stratified,2026,access_vlan:SW1:eth1:20+access_vlan:SW1:eth2:10+access_vlan:SW2:eth1:20+access_vlan:SW2:eth2:10+trunk_remove:SW1:eth3:20+trunk_remove:SW2:eth3:10+trunk_remove:SW2:eth3:20,access_trunk_combined,high,1.0,1.0,1.0,7.0,0.0,0.0,0.0,0.0,2.0,2.0,2.0,2.0,0.0,0.0,8.0,0.00044705900000963084,functional_completion,none
fault_type_mean,configuration_diff,eval,stratified,2026,__aggregate__,access_trunk_combined,all,1.0,1.0,1.0,4.355555555555555,0.0,0.0,0.0,0.0,1.0888888888888888,1.1333333333333333,1.1333333333333333,1.8,0.0,0.0,5.355555555555555,0.0003160529555575269,functional_completion:45,none
fault_type_mean,configuration_diff,eval,stratified,2026,__aggregate__,multi_access,all,1.0,1.0,1.0,2.5,0.0,0.0,0.0,0.0,1.5,2.0,2.0,0.5,0.0,0.0,3.5,0.00019596749999095664,functional_completion:2,none
fault_type_mean,configuration_diff,eval,stratified,2026,__aggregate__,multi_trunk,all,1.0,1.0,1.0,2.5,0.0,0.0,0.0,0.0,0.0,0.0,0.0,4.0,0.0,0.0,3.5,0.00019231199999580895,functional_completion:2,none
fault_type_mean,configuration_diff,eval,stratified,2026,__aggregate__,single_access,all,1.0,1.0,1.0,1.0,0.0,0.0,0.0,0.0,0.0,0.0,0.0,3.0,0.0,0.0,2.0,0.0001176670000120339,functional_completion:1,none
fault_type_mean,configuration_diff,eval,stratified,2026,__aggregate__,single_trunk,all,1.0,1.0,1.0,1.0,0.0,0.0,0.0,0.0,0.0,0.0,0.0,5.0,0.0,0.0,2.0,0.00011325699998110395,functional_completion:1,none
fault_type_mean,configuration_diff,train,stratified,2026,__aggregate__,access_trunk_combined,all,1.0,1.0,1.0,4.2444444444444445,0.0,0.0,0.0,0.0,0.95,1.0055555555555555,1.0055555555555555,1.8944444444444444,0.0,0.0,5.2444444444444445,0.0003093720444441475,functional_completion:180,none
fault_type_mean,configuration_diff,train,stratified,2026,__aggregate__,multi_access,all,0.8888888888888888,1.0,1.0,2.5555555555555554,0.0,0.0,0.0,0.0,1.5555555555555556,2.2222222222222223,2.2222222222222223,0.5555555555555556,0.0,0.1111111111111111,3.5555555555555554,0.00020490444444476452,functional_completion:9,none
fault_type_mean,configuration_diff,train,stratified,2026,__aggregate__,multi_trunk,all,1.0,1.0,1.0,2.5555555555555554,0.0,0.0,0.0,0.0,0.0,0.0,0.0,4.222222222222222,0.0,0.0,3.5555555555555554,0.00020093199999690923,functional_completion:9,none
fault_type_mean,configuration_diff,train,stratified,2026,__aggregate__,single_access,all,1.0,1.0,1.0,1.0,0.0,0.0,0.0,0.0,0.0,0.0,0.0,3.0,0.0,0.0,2.0,0.00012406500000376278,functional_completion:3,none
fault_type_mean,configuration_diff,train,stratified,2026,__aggregate__,single_trunk,all,1.0,1.0,1.0,1.0,0.0,0.0,0.0,0.0,0.0,0.0,0.0,5.0,0.0,0.0,2.0,0.00011451133332229801,functional_completion:3,none
fault_type_mean,rule_based,eval,stratified,2026,__aggregate__,access_trunk_combined,all,1.0,0.8888888888888888,0.5777777777777777,3.1333333333333333,0.0,0.0,2.0,0.0,0.28888888888888886,0.35555555555555557,0.35555555555555557,2.577777777777778,0.4444444444444444,0.0,6.133333333333334,0.00033360246666802595,functional_completion:40;incorrect_completion:5,configuration_mismatch_only:14;functional_and_configuration_failure:5
fault_type_mean,rule_based,eval,stratified,2026,__aggregate__,multi_access,all,1.0,0.5,0.0,0.5,0.0,0.0,2.0,0.0,0.0,0.0,0.0,2.5,2.0,0.0,3.5,0.00018033150000462683,functional_completion:1;incorrect_completion:1,configuration_mismatch_only:1;functional_and_configuration_failure:1
fault_type_mean,rule_based,eval,stratified,2026,__aggregate__,multi_trunk,all,1.0,1.0,1.0,2.5,0.0,0.0,2.0,0.0,0.0,0.0,0.0,4.0,0.0,0.0,5.5,0.00028673549999780334,functional_completion:2,none
fault_type_mean,rule_based,eval,stratified,2026,__aggregate__,single_access,all,1.0,1.0,1.0,1.0,0.0,0.0,2.0,0.0,0.0,0.0,0.0,3.0,0.0,0.0,4.0,0.0002443129999960547,functional_completion:1,none
fault_type_mean,rule_based,eval,stratified,2026,__aggregate__,single_trunk,all,1.0,1.0,1.0,1.0,0.0,0.0,2.0,0.0,0.0,0.0,0.0,5.0,0.0,0.0,4.0,0.00024229199999581397,functional_completion:1,none
fault_type_mean,rule_based,train,stratified,2026,__aggregate__,access_trunk_combined,all,1.0,0.8611111111111112,0.5222222222222223,3.0388888888888888,0.0,0.0,2.0,0.0,0.2611111111111111,0.37777777777777777,0.37777777777777777,2.522222222222222,0.5555555555555556,0.0,6.038888888888889,0.0003453329500010859,functional_completion:155;incorrect_completion:25,configuration_mismatch_only:61;functional_and_configuration_failure:25
fault_type_mean,rule_based,train,stratified,2026,__aggregate__,multi_access,all,0.8888888888888888,0.8888888888888888,0.4444444444444444,1.2222222222222223,0.0,0.0,2.0,0.0,0.4444444444444444,0.4444444444444444,0.4444444444444444,2.3333333333333335,0.4444444444444444,0.0,4.222222222222222,0.0002716442222252782,functional_completion:8;incorrect_completion:1,configuration_mismatch_only:4;functional_and_configuration_failure:1
fault_type_mean,rule_based,train,stratified,2026,__aggregate__,multi_trunk,all,1.0,1.0,1.0,2.5555555555555554,0.0,0.0,2.0,0.0,0.0,0.0,0.0,4.222222222222222,0.0,0.0,5.555555555555555,0.00030607544444352343,functional_completion:9,none
fault_type_mean,rule_based,train,stratified,2026,__aggregate__,single_access,all,1.0,1.0,1.0,1.0,0.0,0.0,2.0,0.0,0.0,0.0,0.0,3.0,0.0,0.0,4.0,0.0004274953333360069,functional_completion:3,none
fault_type_mean,rule_based,train,stratified,2026,__aggregate__,single_trunk,all,1.0,1.0,1.0,1.0,0.0,0.0,2.0,0.0,0.0,0.0,0.0,5.0,0.0,0.0,4.0,0.00037243866665903624,functional_completion:3,none
severity_mean,configuration_diff,eval,stratified,2026,__aggregate__,all,high,1.0,1.0,1.0,4.90625,0.0,0.0,0.0,0.0,1.34375,1.40625,1.40625,1.65625,0.0,0.0,5.90625,0.0003525965625028604,functional_completion:32,none
severity_mean,configuration_diff,eval,stratified,2026,__aggregate__,all,low,1.0,1.0,1.0,1.0,0.0,0.0,0.0,0.0,0.0,0.0,0.0,4.0,0.0,0.0,2.0,0.00011546199999656892,functional_completion:2,none
severity_mean,configuration_diff,eval,stratified,2026,__aggregate__,all,medium,1.0,1.0,1.0,2.8823529411764706,0.0,0.0,0.0,0.0,0.5294117647058824,0.5882352941176471,0.5882352941176471,2.176470588235294,0.0,0.0,3.8823529411764706,0.00021857952941004173,functional_completion:17,none
severity_mean,configuration_diff,train,stratified,2026,__aggregate__,all,high,0.9923664122137404,1.0,1.0,4.847328244274809,0.0,0.0,0.0,0.0,1.1603053435114503,1.2595419847328244,1.2595419847328244,1.717557251908397,0.0,0.007633587786259542,5.847328244274809,0.00034596059542013445,functional_completion:131,none
severity_mean,configuration_diff,train,stratified,2026,__aggregate__,all,low,1.0,1.0,1.0,1.0,0.0,0.0,0.0,0.0,0.0,0.0,0.0,4.0,0.0,0.0,2.0,0.0001192881666630304,functional_completion:6,none
severity_mean,configuration_diff,train,stratified,2026,__aggregate__,all,medium,1.0,1.0,1.0,2.611940298507463,0.0,0.0,0.0,0.0,0.4925373134328358,0.5373134328358209,0.5373134328358209,2.373134328358209,0.0,0.0,3.611940298507463,0.00020923370149080595,functional_completion:67,none
severity_mean,rule_based,eval,stratified,2026,__aggregate__,all,high,1.0,0.90625,0.46875,3.34375,0.0,0.0,2.0,0.0,0.21875,0.28125,0.28125,2.78125,0.375,0.0,6.34375,0.0003475139375028746,functional_completion:29;incorrect_completion:3,configuration_mismatch_only:14;functional_and_configuration_failure:3
severity_mean,rule_based,eval,stratified,2026,__aggregate__,all,low,1.0,1.0,1.0,1.0,0.0,0.0,2.0,0.0,0.0,0.0,0.0,4.0,0.0,0.0,4.0,0.00024330249999593434,functional_completion:2,none
severity_mean,rule_based,eval,stratified,2026,__aggregate__,all,medium,1.0,0.8235294117647058,0.7647058823529411,2.3529411764705883,0.0,0.0,2.0,0.0,0.35294117647058826,0.4117647058823529,0.4117647058823529,2.3529411764705883,0.7058823529411765,0.0,5.352941176470588,0.0002838705294102377,functional_completion:14;incorrect_completion:3,configuration_mismatch_only:1;functional_and_configuration_failure:3
severity_mean,rule_based,train,stratified,2026,__aggregate__,all,high,0.9923664122137404,0.8549618320610687,0.3816793893129771,3.2748091603053435,0.0,0.0,2.0,0.0,0.2824427480916031,0.4198473282442748,0.4198473282442748,2.5572519083969465,0.5801526717557252,0.0,6.2748091603053435,0.00035414792366524327,functional_completion:112;incorrect_completion:19,configuration_mismatch_only:62;functional_and_configuration_failure:19
severity_mean,rule_based,train,stratified,2026,__aggregate__,all,low,1.0,1.0,1.0,1.0,0.0,0.0,2.0,0.0,0.0,0.0,0.0,4.0,0.0,0.0,4.0,0.00039996699999752156,functional_completion:6,none
severity_mean,rule_based,train,stratified,2026,__aggregate__,all,medium,1.0,0.8955223880597015,0.8507462686567164,2.2686567164179103,0.0,0.0,2.0,0.0,0.208955223880597,0.2537313432835821,0.2537313432835821,2.656716417910448,0.417910447761194,0.0,5.268656716417911,0.00031292582089653437,functional_completion:60;incorrect_completion:7,configuration_mismatch_only:3;functional_and_configuration_failure:7
overall_mean,configuration_diff,all,stratified,2026,__aggregate__,all,all,0.996078431372549,1.0,1.0,4.015686274509804,0.0,0.0,0.0,0.0,0.9294117647058824,1.003921568627451,1.003921568627451,1.9843137254901961,0.0,0.00392156862745098,5.015686274509804,0.0002952356509802164,functional_completion:255,none
overall_mean,rule_based,all,stratified,2026,__aggregate__,all,all,0.996078431372549,0.8745098039215686,0.5607843137254902,2.8862745098039215,0.0,0.0,2.0,0.0,0.25098039215686274,0.34509803921568627,0.34509803921568627,2.6431372549019607,0.5019607843137255,0.0,5.886274509803922,0.00033800807843238314,functional_completion:223;incorrect_completion:32,configuration_mismatch_only:80;functional_and_configuration_failure:32
