episode,seed,scenario_id,start_global_step,global_step,epsilon,episode_return,episode_steps,completed,budget_cut,terminated,truncated,recovery_success,termination_reason,mean_loss,optimizer_updates,actual_configuration_changes,diagnoses,invalid_actions,new_policy_damage_events,unique_newly_damaged_policies,service_damage_actions,post_recovery_damage_events,final_damaged_policies,shield_interventions,unsafe_top_q_attempts,prevented_unsafe_exploration_mass,shield_relaxations,mean_admissible_actions,empty_progress_action_count,empty_combined_mask_count,minimum_required_damage,realized_damage_minus_minimum,viability_violation_count
0,2033,access_vlan:SW1:eth2:10+access_vlan:SW2:eth1:20+trunk_remove:SW1:eth3:10+trunk_remove:SW1:eth3:20,0,4,0.9998575,-10.950000000000001,4,True,False,True,False,False,incorrect_declare_done,,0,2,0,0,0,0,0,0,3,0,0,1.181705909090909,0,7.5,0,0,0,0,0
1,2034,access_vlan:SW1:eth1:20+access_vlan:SW1:eth2:10+access_vlan:SW2:eth2:10,4,7,0.999715,9.5,3,True,False,True,False,True,recovery_success,,0,1,1,0,0,0,0,0,0,3,3,2.135841136363636,0,3.0,0,0,0,0,0
2,2035,access_vlan:SW2:eth2:10+trunk_remove:SW2:eth3:20,7,10,0.9995725,-10.65,3,True,False,True,False,False,incorrect_declare_done,,0,2,0,0,0,0,0,0,3,1,1,1.4085576136363636,0,5.666666666666667,0,0,0,0,0
3,2036,access_vlan:SW1:eth1:20+trunk_remove:SW1:eth3:10+trunk_remove:SW2:eth3:10+trunk_remove:SW2:eth3:20,10,12,0.9994775,-10.200000000000001,2,True,False,True,False,False,incorrect_declare_done,,0,0,1,0,0,0,0,0,3,0,0,0.799601,0,6.0,0,0,0,0,0
4,2037,access_vlan:SW1:eth1:20+access_vlan:SW1:eth2:10+trunk_remove:SW1:eth3:20+trunk_remove:SW2:eth3:10+trunk_remove:SW2:eth3:20,12,29,0.99867,-15.049999999999999,17,True,False,True,False,False,incorrect_declare_done,,0,13,2,0,1,1,1,0,1,3,3,5.367233681818182,1,7.470588235294118,0,0,1,0,0
5,2038,access_vlan:SW1:eth1:20+access_vlan:SW1:eth2:10+trunk_remove:SW1:eth3:10+trunk_remove:SW1:eth3:20+trunk_remove:SW2:eth3:20,29,30,0.9986225,-10.05,1,True,False,True,False,False,incorrect_declare_done,,0,0,0,0,0,0,0,0,2,1,1,0.09986225,0,9.0,0,0,1,-1,0
6,2039,access_vlan:SW1:eth1:20+access_vlan:SW1:eth2:10+access_vlan:SW2:eth2:10+trunk_remove:SW1:eth3:10+trunk_remove:SW2:eth3:10+trunk_remove:SW2:eth3:20,30,37,0.99829,8.45,7,True,False,True,False,True,recovery_success,,0,4,2,0,0,0,0,0,0,1,1,3.1676408863636363,0,5.714285714285714,0,0,0,0,0
7,2040,access_vlan:SW1:eth2:10+access_vlan:SW2:eth1:20+access_vlan:SW2:eth2:10,37,38,0.9982425,-10.05,1,True,False,True,False,False,incorrect_declare_done,,0,0,0,0,0,0,0,0,3,0,0,0.49912125000000007,0,5.0,0,0,0,0,0
8,2041,access_vlan:SW1:eth2:10+access_vlan:SW2:eth1:20+trunk_remove:SW1:eth3:10+trunk_remove:SW1:eth3:20,38,43,0.998005,-11.25,5,True,False,True,False,False,incorrect_declare_done,,0,4,0,0,0,0,0,0,3,0,0,0.725865,0,9.2,0,0,0,0,0
9,2042,access_vlan:SW1:eth1:20+access_vlan:SW2:eth1:20+trunk_remove:SW1:eth3:10+trunk_remove:SW1:eth3:20+trunk_remove:SW2:eth3:10+trunk_remove:SW2:eth3:20,43,54,0.9974825,-12.600000000000001,11,True,False,True,False,False,incorrect_declare_done,,0,7,3,0,0,0,0,0,1,4,4,4.988353863636364,0,5.909090909090909,0,0,0,0,0
10,2043,access_vlan:SW1:eth1:20+access_vlan:SW2:eth2:10+trunk_remove:SW1:eth3:10+trunk_remove:SW1:eth3:20,54,57,0.99734,-10.65,3,True,False,True,False,False,incorrect_declare_done,,0,2,0,0,0,0,0,0,3,0,0,0.7253597727272727,0,8.0,0,0,0,0,0
11,2044,access_vlan:SW1:eth1:20+access_vlan:SW1:eth2:10+access_vlan:SW2:eth2:10+trunk_remove:SW1:eth3:10+trunk_remove:SW2:eth3:10+trunk_remove:SW2:eth3:20,57,58,0.9972925,-10.05,1,True,False,True,False,False,incorrect_declare_done,,0,0,0,0,0,0,0,0,3,0,0,0.29918775000000003,0,7.0,0,0,0,0,0
12,2045,access_vlan:SW1:eth1:20+access_vlan:SW2:eth1:20+access_vlan:SW2:eth2:10+trunk_remove:SW1:eth3:10+trunk_remove:SW1:eth3:20+trunk_remove:SW2:eth3:10+trunk_remove:SW2:eth3:20,58,68,0.9968175,7.549999999999999,10,True,False,True,False,True,recovery_success,,0,7,2,0,0,0,0,0,0,5,5,4.740246227272727,0,5.7,0,0,0,0,0
13,2046,access_vlan:SW1:eth1:20+trunk_remove:SW1:eth3:10+trunk_remove:SW1:eth3:20+trunk_remove:SW2:eth3:20,68,71,0.996675,-10.5,3,True,False,True,False,False,incorrect_declare_done,,0,1,1,0,0,0,0,0,2,0,0,1.2051207727272726,0,6.333333333333333,0,0,0,0,0
14,2047,access_vlan:SW2:eth1:20+access_vlan:SW2:eth2:10+trunk_remove:SW1:eth3:20,71,85,0.99601,6.15,14,True,False,True,False,True,recovery_success,,0,9,4,0,1,1,1,0,0,6,6,6.167637977272728,1,6.071428571428571,0,0,1,0,0
15,2048,access_vlan:SW1:eth1:20+trunk_remove:SW1:eth3:10+trunk_remove:SW1:eth3:20+trunk_remove:SW2:eth3:10,85,91,0.995725,8.6,6,True,False,True,False,True,recovery_success,,0,4,1,0,0,0,0,0,0,2,2,3.476317954545454,0,4.5,0,0,0,0,0
16,2049,access_vlan:SW1:eth1:20+access_vlan:SW1:eth2:10+trunk_remove:SW1:eth3:10+trunk_remove:SW1:eth3:20+trunk_remove:SW2:eth3:10,91,95,0.995535,-11.450000000000001,4,True,False,True,False,False,incorrect_declare_done,,0,3,0,0,1,1,1,0,2,2,2,1.36667275,1,7.0,0,0,1,0,0
17,2050,access_vlan:SW1:eth1:20+access_vlan:SW1:eth2:10+access_vlan:SW2:eth2:10+trunk_remove:SW1:eth3:10+trunk_remove:SW2:eth3:20,95,96,0.9954875,-10.05,1,True,False,True,False,False,incorrect_declare_done,,0,0,0,0,0,0,0,0,3,1,1,0.39819499999999997,0,6.0,0,0,0,0,0
18,2051,trunk_remove:SW2:eth3:10+trunk_remove:SW2:eth3:20,96,98,0.9953925,-10.350000000000001,2,True,False,True,False,False,incorrect_declare_done,,0,1,0,0,0,0,0,0,1,1,1,1.0316075909090907,0,5.0,0,0,0,0,0
19,2052,access_vlan:SW1:eth1:20+access_vlan:SW2:eth1:20+access_vlan:SW2:eth2:10+trunk_remove:SW1:eth3:20+trunk_remove:SW2:eth3:20,98,109,0.99487,-12.9,11,True,False,True,False,False,incorrect_declare_done,,0,6,1,0,0,0,0,0,3,7,7,3.3109711590909097,0,7.545454545454546,0,0,0,0,0
20,2053,access_vlan:SW1:eth1:20+access_vlan:SW1:eth2:10+access_vlan:SW2:eth1:20,109,113,0.99468,-10.8,4,True,False,True,False,False,incorrect_declare_done,,0,2,1,0,0,0,0,0,3,3,3,1.853857840909091,0,5.75,0,0,0,0,0
21,2054,access_vlan:SW2:eth1:20+access_vlan:SW2:eth2:10+trunk_remove:SW1:eth3:20+trunk_remove:SW2:eth3:20,113,119,0.994395,-12.05,6,True,False,True,False,False,incorrect_declare_done,,0,5,0,0,1,1,1,0,3,5,5,2.350621363636364,1,6.5,0,0,1,0,0
22,2055,access_vlan:SW2:eth1:20+trunk_remove:SW1:eth3:10+trunk_remove:SW1:eth3:20,119,120,0.9943475,-10.05,1,True,False,True,False,False,incorrect_declare_done,,0,0,0,0,0,0,0,0,3,0,0,0.397739,0,6.0,0,0,0,0,0
23,2056,access_vlan:SW1:eth2:10+trunk_remove:SW1:eth3:10+trunk_remove:SW1:eth3:20+trunk_remove:SW2:eth3:10,120,131,0.993825,7.549999999999999,11,True,False,True,False,True,recovery_success,,0,5,4,0,0,0,0,0,0,1,1,6.289400977272727,0,4.545454545454546,0,0,0,0,0
24,2057,access_vlan:SW1:eth1:20+access_vlan:SW1:eth2:10+access_vlan:SW2:eth2:10+trunk_remove:SW2:eth3:10,131,136,0.9935875,-11.100000000000001,5,True,False,True,False,False,incorrect_declare_done,,0,3,1,0,0,0,0,0,2,5,5,2.0234894090909092,0,6.4,0,0,0,0,0
25,2058,trunk_remove:SW1:eth3:10+trunk_remove:SW2:eth3:10,136,140,0.9933975,9.2,4,True,False,True,False,True,recovery_success,,0,2,1,0,0,0,0,0,0,2,2,2.763627409090909,0,3.25,0,0,0,0,0
26,2059,access_vlan:SW1:eth1:20+access_vlan:SW2:eth1:20+access_vlan:SW2:eth2:10+trunk_remove:SW1:eth3:10+trunk_remove:SW1:eth3:20+trunk_remove:SW2:eth3:20,140,150,0.9929225,-12.450000000000001,10,True,False,True,False,False,incorrect_declare_done,,0,7,2,0,0,0,0,0,1,3,3,3.818975454545454,0,6.7,0,0,0,0,0
27,2060,access_vlan:SW1:eth2:10+access_vlan:SW2:eth1:20+access_vlan:SW2:eth2:10+trunk_remove:SW2:eth3:10+trunk_remove:SW2:eth3:20,150,156,0.9926375,-11.25,6,True,False,True,False,False,incorrect_declare_done,,0,3,2,0,0,0,0,0,3,4,4,2.021608409090909,0,7.166666666666667,0,0,0,0,0
28,2061,access_vlan:SW2:eth1:20+access_vlan:SW2:eth2:10+trunk_remove:SW1:eth3:10+trunk_remove:SW2:eth3:10+trunk_remove:SW2:eth3:20,156,163,0.992305,-12.200000000000001,7,True,False,True,False,False,incorrect_declare_done,,0,5,1,0,1,1,1,0,3,2,2,2.084110818181818,1,7.571428571428571,0,0,1,0,0
29,2062,access_vlan:SW1:eth2:10+trunk_remove:SW1:eth3:20,163,165,0.99221,-10.200000000000001,2,True,False,True,False,False,incorrect_declare_done,,0,0,1,0,0,0,0,0,3,0,0,0.99223375,0,5.0,0,0,0,0,0
30,2063,access_vlan:SW1:eth2:10+trunk_remove:SW1:eth3:10+trunk_remove:SW2:eth3:20,165,168,0.9920675,-10.5,3,True,False,True,False,False,incorrect_declare_done,,0,1,1,0,0,0,0,0,3,1,1,0.9380056818181818,0,7.333333333333333,0,0,0,0,0
31,2064,access_vlan:SW1:eth1:20+access_vlan:SW2:eth1:20+trunk_remove:SW1:eth3:10+trunk_remove:SW1:eth3:20+trunk_remove:SW2:eth3:10+trunk_remove:SW2:eth3:20,168,176,0.9916875,7.999999999999999,8,True,False,True,False,True,recovery_success,,0,6,1,0,0,0,0,0,0,3,3,2.1638070454545453,0,7.875,0,0,0,0,0
32,2065,access_vlan:SW2:eth1:20+trunk_remove:SW1:eth3:10+trunk_remove:SW2:eth3:10+trunk_remove:SW2:eth3:20,176,178,0.9915925,-10.200000000000001,2,True,False,True,False,False,incorrect_declare_done,,0,0,1,0,0,0,0,0,3,0,0,0.793293,0,6.0,0,0,0,0,0
33,2066,access_vlan:SW1:eth1:20+access_vlan:SW2:eth2:10+trunk_remove:SW1:eth3:20+trunk_remove:SW2:eth3:10,178,183,0.991355,-11.25,5,True,False,True,False,False,incorrect_declare_done,,0,4,0,0,0,0,0,0,1,0,0,2.0729713636363636,0,6.2,0,0,0,0,0
34,2067,access_vlan:SW1:eth1:20+trunk_remove:SW1:eth3:20+trunk_remove:SW2:eth3:10+trunk_remove:SW2:eth3:20,183,194,0.9908325,-13.05,11,True,False,True,False,False,incorrect_declare_done,,0,7,0,0,0,0,0,0,2,0,0,3.9912552045454546,0,6.909090909090909,0,0,0,0,0
35,2068,access_vlan:SW1:eth1:20+access_vlan:SW2:eth1:20+trunk_remove:SW2:eth3:10+trunk_remove:SW2:eth3:20,194,197,0.99069,-10.65,3,True,False,True,False,False,incorrect_declare_done,,0,2,0,0,0,0,0,0,3,0,0,0.4593294090909091,0,9.0,0,0,0,0,0
36,2069,access_vlan:SW1:eth1:20,197,207,0.990215,7.549999999999999,10,True,False,True,False,True,recovery_success,,0,6,2,0,0,0,0,0,0,0,0,5.537296704545455,0,4.8,0,0,0,0,0
37,2070,access_vlan:SW1:eth1:20+access_vlan:SW2:eth1:20+trunk_remove:SW2:eth3:10,207,210,0.9900725,-11.15,3,True,False,True,False,False,incorrect_declare_done,,0,2,0,0,1,1,1,0,3,2,2,0.9180948636363636,1,7.333333333333333,0,0,1,0,0
38,2071,trunk_remove:SW2:eth3:10+trunk_remove:SW2:eth3:20,210,220,0.9895975,7.699999999999999,10,True,False,True,False,True,recovery_success,,0,5,3,0,0,0,0,0,0,0,0,5.290862363636363,0,5.0,0,0,0,0,0
39,2072,access_vlan:SW1:eth1:20+access_vlan:SW1:eth2:10+access_vlan:SW2:eth2:10+trunk_remove:SW2:eth3:20,220,236,0.9888375,6.5,16,True,False,True,False,True,recovery_success,,0,7,7,0,0,0,0,0,0,16,16,10.026470227272727,0,4.0,0,0,0,0,0
40,2073,trunk_remove:SW1:eth3:10+trunk_remove:SW2:eth3:20,236,247,0.988315,7.25,11,True,False,True,False,True,recovery_success,,0,8,2,0,0,0,0,0,0,1,1,5.337945999999999,0,5.545454545454546,0,0,0,0,0
41,2074,access_vlan:SW1:eth2:10+access_vlan:SW2:eth2:10+trunk_remove:SW1:eth3:10+trunk_remove:SW1:eth3:20+trunk_remove:SW2:eth3:10+trunk_remove:SW2:eth3:20,247,253,0.98803,-11.4,6,True,False,True,False,False,incorrect_declare_done,,0,4,1,0,0,0,0,0,3,1,1,0.7185845454545454,0,9.5,0,0,0,0,0
42,2075,access_vlan:SW2:eth2:10+trunk_remove:SW1:eth3:20,253,255,0.987935,-10.350000000000001,2,True,False,True,False,False,incorrect_declare_done,,0,1,0,0,0,0,0,0,3,0,0,0.9430526136363637,0,5.5,0,0,0,0,0
43,2076,access_vlan:SW1:eth1:20+trunk_remove:SW1:eth3:20+trunk_remove:SW2:eth3:20,255,256,0.9878875,-10.05,1,True,False,True,False,False,incorrect_declare_done,,0,0,0,0,0,0,0,0,3,0,0,0.29636625,0,7.0,0,0,0,0,0
44,2077,access_vlan:SW1:eth1:20+access_vlan:SW2:eth2:10+trunk_remove:SW1:eth3:10+trunk_remove:SW2:eth3:20,256,270,0.9872225,6.2,14,True,False,True,False,True,recovery_success,,0,11,1,0,0,0,0,0,0,8,8,4.488217045454546,0,7.357142857142857,0,0,0,0,0
45,2078,access_vlan:SW1:eth1:20+trunk_remove:SW1:eth3:10,270,277,0.98689,8.45,7,True,False,True,False,True,recovery_success,,0,3,2,0,0,0,0,0,0,2,2,4.172371363636364,0,4.142857142857143,0,0,0,0,0
46,2079,access_vlan:SW1:eth1:20+access_vlan:SW1:eth2:10+access_vlan:SW2:eth1:20+access_vlan:SW2:eth2:10+trunk_remove:SW1:eth3:10+trunk_remove:SW1:eth3:20+trunk_remove:SW2:eth3:10,277,285,0.98651,-12.0,8,True,False,True,False,False,incorrect_declare_done,,0,5,1,0,0,0,0,0,1,1,1,4.072208136363637,0,5.25,0,0,0,0,0
47,2080,access_vlan:SW1:eth1:20+access_vlan:SW1:eth2:10+trunk_remove:SW1:eth3:10+trunk_remove:SW1:eth3:20+trunk_remove:SW2:eth3:10,285,287,0.986415,-10.350000000000001,2,True,False,True,False,False,incorrect_declare_done,,0,1,0,0,0,0,0,0,2,1,1,0.27799443181818184,0,9.0,0,0,1,-1,0
48,2081,access_vlan:SW2:eth2:10+trunk_remove:SW1:eth3:10+trunk_remove:SW1:eth3:20,287,301,0.98575,6.6499999999999995,14,True,False,True,False,True,recovery_success,,0,7,4,0,0,0,0,0,0,7,7,7.063398409090909,0,5.285714285714286,0,0,0,0,0
49,2082,access_vlan:SW1:eth1:20+trunk_remove:SW1:eth3:10+trunk_remove:SW2:eth3:10+trunk_remove:SW2:eth3:20,301,307,0.985465,-11.4,6,True,False,True,False,False,incorrect_declare_done,,0,3,1,0,0,0,0,0,3,0,0,1.7382264545454542,0,7.666666666666667,0,0,0,0,0
50,2083,access_vlan:SW1:eth1:20+access_vlan:SW2:eth1:20+trunk_remove:SW2:eth3:10+trunk_remove:SW2:eth3:20,307,313,0.9851800000000001,-11.25,6,True,False,True,False,False,incorrect_declare_done,,0,2,2,0,0,0,0,0,3,4,4,2.1586708409090907,0,6.833333333333333,0,0,0,0,0
51,2084,access_vlan:SW1:eth2:10+access_vlan:SW2:eth1:20+access_vlan:SW2:eth2:10+trunk_remove:SW1:eth3:10+trunk_remove:SW2:eth3:10+trunk_remove:SW2:eth3:20,313,317,0.98499,-10.950000000000001,4,True,False,True,False,False,incorrect_declare_done,,0,3,0,0,0,0,0,0,2,2,2,1.3701174772727271,0,7.0,0,0,0,0,0
52,2085,access_vlan:SW1:eth2:10+trunk_remove:SW1:eth3:10+trunk_remove:SW2:eth3:20,317,318,0.9849425,-10.05,1,True,False,True,False,False,incorrect_declare_done,,0,0,0,0,0,0,0,0,3,1,1,0.393977,0,6.0,0,0,0,0,0
53,2086,access_vlan:SW1:eth1:20+trunk_remove:SW1:eth3:10+trunk_remove:SW1:eth3:20+trunk_remove:SW2:eth3:10,318,325,0.98461,-11.700000000000001,7,True,False,True,False,False,incorrect_declare_done,,0,4,1,0,0,0,0,0,2,0,0,2.7035975454545453,0,6.428571428571429,0,0,0,0,0
54,2087,access_vlan:SW1:eth1:20+access_vlan:SW1:eth2:10+access_vlan:SW2:eth1:20+trunk_remove:SW1:eth3:20,325,332,0.9842775,-11.700000000000001,7,True,False,True,False,False,incorrect_declare_done,,0,5,1,0,0,0,0,0,1,7,7,3.2574799999999997,0,5.714285714285714,0,0,0,0,0
55,2088,access_vlan:SW1:eth1:20+access_vlan:SW1:eth2:10+access_vlan:SW2:eth1:20+access_vlan:SW2:eth2:10+trunk_remove:SW2:eth3:20,332,335,0.984135,-10.65,3,True,False,True,False,False,incorrect_declare_done,,0,1,0,0,0,0,0,0,1,3,3,1.717845818181818,0,4.333333333333333,0,0,0,0,0
56,2089,access_vlan:SW1:eth1:20+access_vlan:SW1:eth2:10+access_vlan:SW2:eth1:20+trunk_remove:SW1:eth3:20+trunk_remove:SW2:eth3:10+trunk_remove:SW2:eth3:20,335,344,0.9837075,-12.0,9,True,False,True,False,False,incorrect_declare_done,,0,5,3,0,0,0,0,0,1,7,7,4.23067375,0,5.666666666666667,0,0,0,0,0
57,2090,access_vlan:SW1:eth1:20+access_vlan:SW1:eth2:10+access_vlan:SW2:eth1:20+access_vlan:SW2:eth2:10+trunk_remove:SW1:eth3:20+trunk_remove:SW2:eth3:20,344,345,0.98366,-10.05,1,True,False,True,False,False,incorrect_declare_done,,0,0,0,0,0,0,0,0,1,1,1,0.5901959999999999,0,4.0,0,0,0,0,0
58,2091,access_vlan:SW1:eth1:20+access_vlan:SW2:eth2:10+trunk_remove:SW1:eth3:20,345,347,0.983565,-10.350000000000001,2,True,False,True,False,False,incorrect_declare_done,,0,1,0,0,0,0,0,0,4,1,1,0.1967225,0,9.5,0,0,0,0,0
59,2092,access_vlan:SW2:eth2:10+trunk_remove:SW2:eth3:10,347,349,0.98347,-10.350000000000001,2,True,False,True,False,False,incorrect_declare_done,,0,1,0,0,0,0,0,0,3,1,1,0.661626090909091,0,7.0,0,0,0,0,0
60,2093,access_vlan:SW1:eth2:10+access_vlan:SW2:eth1:20+access_vlan:SW2:eth2:10+trunk_remove:SW1:eth3:20+trunk_remove:SW2:eth3:20,349,361,0.9829,7.25,12,True,False,True,False,True,recovery_success,,0,6,4,0,0,0,0,0,0,12,12,7.060755795454545,0,4.333333333333333,0,0,0,0,0
61,2094,access_vlan:SW2:eth1:20+access_vlan:SW2:eth2:10+trunk_remove:SW1:eth3:20+trunk_remove:SW2:eth3:20,361,364,0.9827575,-10.65,3,True,False,True,False,False,incorrect_declare_done,,0,2,0,0,0,0,0,0,2,2,2,0.357375,0,9.333333333333334,0,0,1,-1,0
62,2095,access_vlan:SW1:eth1:20+access_vlan:SW1:eth2:10+trunk_remove:SW1:eth3:10+trunk_remove:SW1:eth3:20+trunk_remove:SW2:eth3:10+trunk_remove:SW2:eth3:20,364,366,0.9826625,-10.850000000000001,2,True,False,True,False,False,incorrect_declare_done,,0,1,0,0,1,1,1,0,3,0,0,0.3573318181818182,1,8.5,0,0,1,0,0
63,2096,access_vlan:SW1:eth1:20+access_vlan:SW1:eth2:10+trunk_remove:SW1:eth3:20+trunk_remove:SW2:eth3:20,366,375,0.982235,-12.8,9,True,False,True,False,False,incorrect_declare_done,,0,7,1,0,1,1,1,0,2,0,0,2.7685745454545456,1,7.444444444444445,0,0,1,0,0
64,2097,access_vlan:SW1:eth1:20+access_vlan:SW1:eth2:10+access_vlan:SW2:eth1:20+trunk_remove:SW1:eth3:20,375,376,0.9821875,-10.05,1,True,False,True,False,False,incorrect_declare_done,,0,0,0,0,0,0,0,0,3,1,1,0.392875,0,6.0,0,0,0,0,0
65,2098,access_vlan:SW1:eth1:20+trunk_remove:SW1:eth3:20+trunk_remove:SW2:eth3:10+trunk_remove:SW2:eth3:20,376,383,0.981855,-11.55,7,True,False,True,False,False,incorrect_declare_done,,0,3,2,0,0,0,0,0,1,3,3,3.115523022727273,0,5.714285714285714,0,0,0,0,0
66,2099,access_vlan:SW1:eth1:20+access_vlan:SW2:eth1:20+access_vlan:SW2:eth2:10+trunk_remove:SW1:eth3:10,383,392,0.9814275,7.85,9,True,False,True,False,True,recovery_success,,0,5,2,0,0,0,0,0,0,3,3,4.774139886363637,0,5.0,0,0,0,0,0
67,2100,access_vlan:SW2:eth1:20+trunk_remove:SW1:eth3:10+trunk_remove:SW1:eth3:20+trunk_remove:SW2:eth3:10,392,393,0.98138,-10.05,1,True,False,True,False,False,incorrect_declare_done,,0,0,0,0,0,0,0,0,3,0,0,0.392552,0,6.0,0,0,0,0,0
68,2101,access_vlan:SW1:eth1:20+access_vlan:SW2:eth2:10+trunk_remove:SW1:eth3:10,393,400,0.9810475,-11.700000000000001,7,True,False,True,False,False,incorrect_declare_done,,0,5,1,0,0,0,0,0,3,5,5,2.3370144545454545,0,7.142857142857143,0,0,0,0,0
69,2102,access_vlan:SW1:eth1:20+access_vlan:SW2:eth1:20+trunk_remove:SW1:eth3:10+trunk_remove:SW1:eth3:20+trunk_remove:SW2:eth3:10,400,410,0.9805725,-12.600000000000001,10,True,False,True,False,False,incorrect_declare_done,,0,6,1,0,0,0,0,0,1,8,8,4.555968863636364,0,5.8,0,0,0,0,0
70,2103,access_vlan:SW1:eth1:20+trunk_remove:SW1:eth3:10+trunk_remove:SW2:eth3:20,410,413,0.98043,-10.65,3,True,False,True,False,False,incorrect_declare_done,,0,2,0,0,0,0,0,0,2,0,0,1.1052629545454544,0,6.666666666666667,0,0,0,0,0
71,2104,access_vlan:SW1:eth2:10+access_vlan:SW2:eth1:20+trunk_remove:SW1:eth3:20+trunk_remove:SW2:eth3:10+trunk_remove:SW2:eth3:20,413,425,0.97986,-13.2,12,True,False,True,False,False,incorrect_declare_done,,0,8,1,0,0,0,0,0,1,1,1,4.009239318181818,0,7.083333333333333,0,0,0,0,0
72,2105,access_vlan:SW1:eth1:20+access_vlan:SW1:eth2:10+access_vlan:SW2:eth1:20+trunk_remove:SW1:eth3:10,425,426,0.9798125,-10.05,1,True,False,True,False,False,incorrect_declare_done,,0,0,0,0,0,0,0,0,3,0,0,0.48990624999999993,0,5.0,0,0,0,0,0
73,2106,access_vlan:SW1:eth1:20+access_vlan:SW1:eth2:10+access_vlan:SW2:eth2:10+trunk_remove:SW1:eth3:10,426,433,0.97948,-11.700000000000001,7,True,False,True,False,False,incorrect_declare_done,,0,4,1,0,0,0,0,0,1,5,5,3.188168090909091,0,5.714285714285714,0,0,0,0,0
74,2107,access_vlan:SW2:eth2:10,433,434,0.9794325,-10.05,1,True,False,True,False,False,incorrect_declare_done,,0,0,0,0,0,0,0,0,3,0,0,0.48971625,0,5.0,0,0,0,0,0
75,2108,access_vlan:SW2:eth1:20+access_vlan:SW2:eth2:10+trunk_remove:SW1:eth3:10+trunk_remove:SW2:eth3:20,434,445,0.97891,-13.1,11,True,False,True,False,False,incorrect_declare_done,,0,7,3,0,1,1,1,0,1,2,2,3.9342415454545456,1,6.909090909090909,0,0,1,0,0
76,2109,access_vlan:SW1:eth1:20+access_vlan:SW1:eth2:10+access_vlan:SW2:eth1:20+access_vlan:SW2:eth2:10+trunk_remove:SW1:eth3:10+trunk_remove:SW2:eth3:10+trunk_remove:SW2:eth3:20,445,450,0.9786725000000001,-11.25,5,True,False,True,False,False,incorrect_declare_done,,0,3,0,0,0,0,0,0,1,3,3,2.1176745,0,6.0,0,0,0,0,0
77,2110,access_vlan:SW1:eth2:10+trunk_remove:SW1:eth3:20,450,452,0.9785775,-10.200000000000001,2,True,False,True,False,False,incorrect_declare_done,,0,0,1,0,0,0,0,0,3,0,0,0.9786012499999999,0,5.0,0,0,0,0,0
78,2111,access_vlan:SW1:eth1:20+access_vlan:SW1:eth2:10+access_vlan:SW2:eth1:20+access_vlan:SW2:eth2:10+trunk_remove:SW2:eth3:10,452,458,0.9782925,9.049999999999999,6,True,False,True,False,True,recovery_success,,0,1,4,0,0,0,0,0,0,5,5,4.376125227272727,0,2.6666666666666665,0,0,0,0,0
79,2112,access_vlan:SW1:eth1:20+trunk_remove:SW1:eth3:20,458,468,0.9778175,7.3999999999999995,10,True,False,True,False,True,recovery_success,,0,6,1,0,0,0,0,0,0,1,1,4.6766108636363635,0,5.5,0,0,0,0,0
80,2113,access_vlan:SW1:eth1:20+trunk_remove:SW1:eth3:10+trunk_remove:SW1:eth3:20+trunk_remove:SW2:eth3:10+trunk_remove:SW2:eth3:20,468,475,0.977485,-11.4,7,True,False,True,False,False,incorrect_declare_done,,0,3,3,0,0,0,0,0,1,0,0,3.3149591818181823,0,5.571428571428571,0,0,0,0,0
81,2114,access_vlan:SW1:eth2:10+access_vlan:SW2:eth2:10+trunk_remove:SW1:eth3:20+trunk_remove:SW2:eth3:10+trunk_remove:SW2:eth3:20,475,484,0.9770575,-12.15,9,True,False,True,False,False,incorrect_declare_done,,0,6,2,0,0,0,0,0,3,1,1,1.25253875,0,9.333333333333334,0,0,0,0,0
82,2115,access_vlan:SW1:eth1:20+access_vlan:SW2:eth2:10,484,486,0.9769625,-10.350000000000001,2,True,False,True,False,False,incorrect_declare_done,,0,1,0,0,0,0,0,0,4,1,1,0.5684335454545455,0,7.5,0,0,0,0,0
83,2116,access_vlan:SW1:eth2:10+trunk_remove:SW1:eth3:10+trunk_remove:SW2:eth3:10+trunk_remove:SW2:eth3:20,486,513,0.97568,-17.4,27,True,False,True,False,False,incorrect_declare_done,,0,19,3,0,0,0,0,0,2,10,10,8.813186772727274,0,7.296296296296297,0,0,0,0,0
84,2117,access_vlan:SW1:eth2:10+access_vlan:SW2:eth1:20+access_vlan:SW2:eth2:10+trunk_remove:SW1:eth3:20+trunk_remove:SW2:eth3:10,513,524,0.9751575,-12.600000000000001,11,True,False,True,False,False,incorrect_declare_done,,0,7,3,0,0,0,0,0,1,9,9,4.4158515454545455,0,6.363636363636363,0,0,0,0,0
85,2118,access_vlan:SW1:eth2:10+access_vlan:SW2:eth2:10+trunk_remove:SW1:eth3:20+trunk_remove:SW2:eth3:10+trunk_remove:SW2:eth3:20,524,528,0.9749675,-10.8,4,True,False,True,False,False,incorrect_declare_done,,0,2,1,0,0,0,0,0,3,4,4,1.3384435000000001,0,7.0,0,0,0,0,0
86,2119,access_vlan:SW1:eth1:20+trunk_remove:SW2:eth3:20,528,536,0.9745875,-12.0,8,True,False,True,False,False,incorrect_declare_done,,0,6,1,0,0,0,0,0,3,0,0,2.8710989090909087,0,6.875,0,0,0,0,0
87,2120,trunk_remove:SW1:eth3:20+trunk_remove:SW2:eth3:10,536,538,0.9744925,-10.350000000000001,2,True,False,True,False,False,incorrect_declare_done,,0,1,0,0,0,0,0,0,1,0,0,1.009947590909091,0,5.0,0,0,0,0,0
88,2121,access_vlan:SW1:eth2:10+trunk_remove:SW1:eth3:10+trunk_remove:SW2:eth3:20,538,539,0.974445,-10.05,1,True,False,True,False,False,incorrect_declare_done,,0,0,0,0,0,0,0,0,3,1,1,0.389778,0,6.0,0,0,0,0,0
89,2122,access_vlan:SW1:eth1:20+access_vlan:SW1:eth2:10+trunk_remove:SW1:eth3:10+trunk_remove:SW1:eth3:20+trunk_remove:SW2:eth3:20,539,566,0.9731625,-17.9,27,True,False,True,False,False,incorrect_declare_done,,0,20,3,0,1,1,1,0,2,22,22,8.427089977272727,1,7.407407407407407,0,0,1,0,0
90,2123,access_vlan:SW1:eth2:10+access_vlan:SW2:eth2:10+trunk_remove:SW1:eth3:10+trunk_remove:SW1:eth3:20+trunk_remove:SW2:eth3:20,566,569,0.97302,-10.65,3,True,False,True,False,False,incorrect_declare_done,,0,2,0,0,0,0,0,0,3,3,3,0.8934403636363636,0,7.333333333333333,0,0,0,0,0
91,2124,access_vlan:SW1:eth1:20+access_vlan:SW1:eth2:10+access_vlan:SW2:eth1:20+access_vlan:SW2:eth2:10,569,570,0.9729725,9.95,1,True,False,True,False,True,recovery_success,,0,0,0,0,0,0,0,0,0,1,1,0.778378,0,2.0,0,0,0,0,0
92,2125,access_vlan:SW2:eth1:20+access_vlan:SW2:eth2:10+trunk_remove:SW1:eth3:10+trunk_remove:SW1:eth3:20,570,575,0.972735,-11.75,5,True,False,True,False,False,incorrect_declare_done,,0,4,0,0,1,1,1,0,3,4,4,1.6095888636363636,1,7.2,0,0,1,0,0
93,2126,access_vlan:SW1:eth2:10+trunk_remove:SW1:eth3:10+trunk_remove:SW1:eth3:20,575,577,0.97264,-10.350000000000001,2,True,False,True,False,False,incorrect_declare_done,,0,1,0,0,0,0,0,0,2,1,1,0.8311840909090908,0,6.0,0,0,0,0,0
94,2127,access_vlan:SW2:eth1:20+trunk_remove:SW1:eth3:10+trunk_remove:SW1:eth3:20,577,581,0.97245,-10.950000000000001,4,True,False,True,False,False,incorrect_declare_done,,0,2,0,0,0,0,0,0,2,0,0,1.4852982727272728,0,6.5,0,0,0,0,0
95,2128,access_vlan:SW1:eth1:20+access_vlan:SW2:eth2:10+trunk_remove:SW1:eth3:10+trunk_remove:SW2:eth3:20,581,592,0.9719275,-12.9,11,True,False,True,False,False,incorrect_declare_done,,0,7,1,0,0,0,0,0,2,7,7,1.6790688636363635,0,9.181818181818182,0,0,0,0,0
96,2129,trunk_remove:SW2:eth3:10,592,603,0.971405,-12.75,11,True,False,True,False,False,incorrect_declare_done,,0,8,2,0,0,0,0,0,1,0,0,5.882866636363636,0,4.909090909090909,0,0,0,0,0
97,2130,access_vlan:SW1:eth1:20+access_vlan:SW1:eth2:10+access_vlan:SW2:eth1:20+trunk_remove:SW1:eth3:10+trunk_remove:SW2:eth3:10,603,608,0.9711675,-11.25,5,True,False,True,False,False,incorrect_declare_done,,0,3,0,0,0,0,0,0,3,2,2,2.295715681818182,0,5.6,0,0,0,0,0
98,2131,access_vlan:SW1:eth1:20+trunk_remove:SW2:eth3:10+trunk_remove:SW2:eth3:20,608,617,0.97074,-12.3,9,True,False,True,False,False,incorrect_declare_done,,0,6,1,0,0,0,0,0,2,0,0,3.336472863636364,0,6.666666666666667,0,0,0,0,0
99,2132,access_vlan:SW1:eth2:10+access_vlan:SW2:eth1:20+access_vlan:SW2:eth2:10+trunk_remove:SW1:eth3:10,617,625,0.97036,-11.850000000000001,8,True,False,True,False,False,incorrect_declare_done,,0,5,2,0,0,0,0,0,3,6,6,2.682196318181818,0,7.125,0,0,0,0,0
100,2133,access_vlan:SW1:eth2:10+access_vlan:SW2:eth2:10+trunk_remove:SW1:eth3:20+trunk_remove:SW2:eth3:10,625,630,0.9701225,-11.25,5,True,False,True,False,False,incorrect_declare_done,,0,4,0,0,0,0,0,0,3,5,5,1.5964280681818181,0,7.2,0,0,0,0,0
101,2134,access_vlan:SW1:eth1:20+trunk_remove:SW1:eth3:10+trunk_remove:SW1:eth3:20+trunk_remove:SW2:eth3:10+trunk_remove:SW2:eth3:20,630,633,0.96998,-10.65,3,True,False,True,False,False,incorrect_declare_done,,0,1,0,0,0,0,0,0,3,0,0,0.8465694545454545,0,7.333333333333333,0,0,0,0,0
102,2135,access_vlan:SW1:eth1:20+access_vlan:SW2:eth2:10+trunk_remove:SW1:eth3:20+trunk_remove:SW2:eth3:20,633,634,0.9699325,-10.05,1,True,False,True,False,False,incorrect_declare_done,,0,0,0,0,0,0,0,0,4,1,1,0.1939865,0,8.0,0,0,0,0,0
103,2136,access_vlan:SW1:eth1:20+access_vlan:SW1:eth2:10+trunk_remove:SW1:eth3:10+trunk_remove:SW2:eth3:20,634,644,0.9694575,-12.95,10,True,False,True,False,False,incorrect_declare_done,,0,6,2,0,1,1,1,0,1,7,7,3.8962372272727275,1,6.5,0,0,1,0,0
104,2137,access_vlan:SW1:eth2:10+access_vlan:SW2:eth2:10+trunk_remove:SW1:eth3:20+trunk_remove:SW2:eth3:10,644,655,0.968935,-12.9,11,True,False,True,False,False,incorrect_declare_done,,0,9,1,0,0,0,0,0,1,2,2,3.3565782727272726,0,7.454545454545454,0,0,0,0,0
105,2138,access_vlan:SW1:eth1:20+trunk_remove:SW1:eth3:20+trunk_remove:SW2:eth3:10+trunk_remove:SW2:eth3:20,655,658,0.9687925000000001,-10.65,3,True,False,True,False,False,incorrect_declare_done,,0,2,0,0,0,0,0,0,2,0,0,0.9952555681818182,0,7.0,0,0,0,0,0
106,2139,access_vlan:SW1:eth2:10+access_vlan:SW2:eth1:20+access_vlan:SW2:eth2:10+trunk_remove:SW2:eth3:10,658,666,0.9684125,-11.850000000000001,8,True,False,True,False,False,incorrect_declare_done,,0,4,2,0,0,0,0,0,2,8,8,3.0994442272727274,0,6.375,0,0,0,0,0
107,2140,access_vlan:SW2:eth2:10+trunk_remove:SW1:eth3:10+trunk_remove:SW2:eth3:20,666,672,0.9681275,-11.100000000000001,6,True,False,True,False,False,incorrect_declare_done,,0,2,3,0,0,0,0,0,1,5,5,2.5174147727272724,0,5.833333333333333,0,0,0,0,0
108,2141,access_vlan:SW1:eth1:20+trunk_remove:SW1:eth3:10+trunk_remove:SW1:eth3:20+trunk_remove:SW2:eth3:20,672,688,0.9673675,-14.1,16,True,False,True,False,False,incorrect_declare_done,,0,9,3,0,0,0,0,0,1,2,2,7.943939,0,5.3125,0,0,0,0,0
109,2142,access_vlan:SW1:eth2:10+access_vlan:SW2:eth2:10+trunk_remove:SW1:eth3:10,688,690,0.9672725,-10.350000000000001,2,True,False,True,False,False,incorrect_declare_done,,0,1,0,0,0,0,0,0,4,1,1,0.096732,0,10.0,0,0,0,0,0
110,2143,access_vlan:SW1:eth2:10+access_vlan:SW2:eth1:20+trunk_remove:SW1:eth3:10+trunk_remove:SW2:eth3:10,690,694,0.9670825,-10.950000000000001,4,True,False,True,False,False,incorrect_declare_done,,0,2,0,0,0,0,0,0,4,0,0,0.5627041818181818,0,9.0,0,0,0,0,0
111,2144,access_vlan:SW1:eth2:10+trunk_remove:SW1:eth3:20+trunk_remove:SW2:eth3:10+trunk_remove:SW2:eth3:20,694,696,0.9669875,-10.350000000000001,2,True,False,True,False,False,incorrect_declare_done,,0,1,0,0,0,0,0,0,3,2,2,0.7384458181818181,0,6.5,0,0,0,0,0
112,2145,access_vlan:SW1:eth1:20+access_vlan:SW1:eth2:10+access_vlan:SW2:eth1:20,696,701,0.96675,-10.950000000000001,5,True,False,True,False,False,incorrect_declare_done,,0,2,2,0,0,0,0,0,3,5,5,2.285276477272727,0,5.6,0,0,0,0,0
113,2146,access_vlan:SW1:eth1:20+access_vlan:SW1:eth2:10+access_vlan:SW2:eth2:10+trunk_remove:SW1:eth3:20,701,703,0.966655,-10.350000000000001,2,True,False,True,False,False,incorrect_declare_done,,0,1,0,0,0,0,0,0,3,2,2,0.9227398863636365,0,5.5,0,0,0,0,0
114,2147,access_vlan:SW1:eth1:20+access_vlan:SW1:eth2:10+access_vlan:SW2:eth2:10+trunk_remove:SW1:eth3:10,703,707,0.966465,-10.8,4,True,False,True,False,False,incorrect_declare_done,,0,2,1,0,0,0,0,0,2,3,3,1.5640283636363637,0,6.25,0,0,0,0,0
115,2148,access_vlan:SW1:eth1:20+access_vlan:SW1:eth2:10+trunk_remove:SW1:eth3:20+trunk_remove:SW2:eth3:20,707,716,0.9660375,-12.8,9,True,False,True,False,False,incorrect_declare_done,,0,5,1,0,1,1,1,0,1,7,7,3.513342954545455,1,6.444444444444445,0,0,1,0,0
116,2149,access_vlan:SW2:eth1:20+trunk_remove:SW1:eth3:10+trunk_remove:SW1:eth3:20,716,718,0.9659425,-10.350000000000001,2,True,False,True,False,False,incorrect_declare_done,,0,1,0,0,0,0,0,0,2,0,0,0.8254607727272727,0,6.0,0,0,0,0,0
117,2150,access_vlan:SW1:eth2:10+trunk_remove:SW1:eth3:20+trunk_remove:SW2:eth3:20,718,719,0.965895,-10.05,1,True,False,True,False,False,incorrect_declare_done,,0,0,0,0,0,0,0,0,3,0,0,0.4829475,0,5.0,0,0,0,0,0
118,2151,access_vlan:SW1:eth1:20+access_vlan:SW1:eth2:10+access_vlan:SW2:eth1:20+trunk_remove:SW1:eth3:10+trunk_remove:SW1:eth3:20,719,722,0.9657525,-10.5,3,True,False,True,False,False,incorrect_declare_done,,0,1,1,0,0,0,0,0,3,0,0,1.0887217272727272,0,6.666666666666667,0,0,0,0,0
119,2152,access_vlan:SW1:eth1:20+access_vlan:SW1:eth2:10+trunk_remove:SW1:eth3:20+trunk_remove:SW2:eth3:10+trunk_remove:SW2:eth3:20,722,733,0.96523,-13.25,11,True,False,True,False,False,incorrect_declare_done,,0,7,2,0,1,1,1,0,1,2,2,4.923709363636363,1,5.818181818181818,0,0,1,0,0
120,2153,trunk_remove:SW1:eth3:10+trunk_remove:SW2:eth3:10,733,734,0.9651825,-10.05,1,True,False,True,False,False,incorrect_declare_done,,0,0,0,0,0,0,0,0,1,0,0,0.5791095,0,4.0,0,0,0,0,0
121,2154,access_vlan:SW2:eth2:10+trunk_remove:SW1:eth3:20+trunk_remove:SW2:eth3:20,734,736,0.9650875,-10.350000000000001,2,True,False,True,False,False,incorrect_declare_done,,0,1,0,0,0,0,0,0,3,0,0,0.9212436363636363,0,5.5,0,0,0,0,0
122,2155,access_vlan:SW1:eth2:10+access_vlan:SW2:eth2:10+trunk_remove:SW1:eth3:20,736,737,0.96504,-10.05,1,True,False,True,False,False,incorrect_declare_done,,0,0,0,0,0,0,0,0,4,0,0,0.193008,0,8.0,0,0,1,-1,0
123,2156,access_vlan:SW1:eth1:20+access_vlan:SW1:eth2:10+trunk_remove:SW1:eth3:20+trunk_remove:SW2:eth3:10+trunk_remove:SW2:eth3:20,737,741,0.96485,-11.450000000000001,4,True,False,True,False,False,incorrect_declare_done,,0,3,0,0,1,1,1,0,3,0,0,0.7982299318181818,1,8.5,0,0,1,0,0
124,2157,access_vlan:SW1:eth2:10+access_vlan:SW2:eth2:10+trunk_remove:SW1:eth3:10+trunk_remove:SW1:eth3:20+trunk_remove:SW2:eth3:20,741,746,0.9646125,-11.25,5,True,False,True,False,False,incorrect_declare_done,,0,4,0,0,0,0,0,0,1,2,2,1.938138431818182,0,6.4,0,0,0,0,0
125,2158,access_vlan:SW1:eth2:10+trunk_remove:SW1:eth3:10+trunk_remove:SW1:eth3:20,746,753,0.96428,-11.55,7,True,False,True,False,False,incorrect_declare_done,,0,3,2,0,0,0,0,0,1,4,4,3.314035590909091,0,5.428571428571429,0,0,0,0,0
126,2159,access_vlan:SW2:eth2:10,753,763,0.963805,7.25,10,True,False,True,False,True,recovery_success,,0,9,0,0,0,0,0,0,0,5,5,5.389653750000001,0,4.8,0,0,0,0,0
127,2160,access_vlan:SW1:eth2:10+access_vlan:SW2:eth1:20+access_vlan:SW2:eth2:10+trunk_remove:SW2:eth3:10,763,767,0.963615,-10.950000000000001,4,True,False,True,False,False,incorrect_declare_done,,0,3,0,0,0,0,0,0,1,4,4,1.7871809545454544,0,5.75,0,0,0,0,0
128,2161,access_vlan:SW2:eth2:10+trunk_remove:SW2:eth3:20,767,779,0.963045,7.1,12,True,False,True,False,True,recovery_success,,0,5,3,0,0,0,0,0,0,6,6,6.21755284090909,0,4.833333333333333,0,0,0,0,0
129,2162,access_vlan:SW1:eth2:10+access_vlan:SW2:eth2:10+trunk_remove:SW1:eth3:10+trunk_remove:SW2:eth3:10,779,786,0.9627125,-11.850000000000001,7,True,False,True,False,False,incorrect_declare_done,,0,5,0,0,0,0,0,0,3,5,5,2.100722727272727,0,7.428571428571429,0,0,0,0,0
130,2163,access_vlan:SW1:eth1:20+trunk_remove:SW1:eth3:20,786,788,0.9626175,-10.350000000000001,2,True,False,True,False,False,incorrect_declare_done,,0,1,0,0,0,0,0,0,3,0,0,0.7351087272727272,0,6.5,0,0,0,0,0
131,2164,access_vlan:SW1:eth1:20+access_vlan:SW2:eth1:20+trunk_remove:SW2:eth3:10,788,792,0.9624275,-11.3,4,True,False,True,False,False,incorrect_declare_done,,0,2,1,0,1,1,1,0,3,3,3,1.417464909090909,1,6.75,0,0,1,0,0
132,2165,access_vlan:SW1:eth1:20+access_vlan:SW1:eth2:10+access_vlan:SW2:eth2:10+trunk_remove:SW1:eth3:10+trunk_remove:SW2:eth3:20,792,800,0.9620474999999999,-11.850000000000001,8,True,False,True,False,False,incorrect_declare_done,,0,3,2,0,0,0,0,0,3,7,7,2.6942226818181814,0,7.0,0,0,0,0,0
133,2166,access_vlan:SW1:eth1:20+access_vlan:SW2:eth1:20+trunk_remove:SW1:eth3:10+trunk_remove:SW1:eth3:20+trunk_remove:SW2:eth3:20,800,806,0.9617625,-11.4,6,True,False,True,False,False,incorrect_declare_done,,0,4,1,0,0,0,0,0,3,2,2,0.9618229545454546,0,9.0,0,0,0,0,0
134,2167,access_vlan:SW1:eth1:20+access_vlan:SW1:eth2:10+access_vlan:SW2:eth1:20+access_vlan:SW2:eth2:10+trunk_remove:SW1:eth3:10,806,813,0.96143,8.6,7,True,False,True,False,True,recovery_success,,0,2,3,0,0,0,0,0,0,3,3,4.405695954545455,0,3.5714285714285716,0,0,0,0,0
135,2168,access_vlan:SW1:eth2:10+access_vlan:SW2:eth1:20+access_vlan:SW2:eth2:10,813,814,0.9613825,-10.05,1,True,False,True,False,False,incorrect_declare_done,,0,0,0,0,0,0,0,0,3,0,0,0.48069125,0,5.0,0,0,0,0,0
136,2169,access_vlan:SW2:eth1:20+access_vlan:SW2:eth2:10+trunk_remove:SW1:eth3:20,814,815,0.961335,-10.05,1,True,False,True,False,False,incorrect_declare_done,,0,0,0,0,0,0,0,0,3,0,0,0.09613350000000001,0,9.0,0,0,1,-1,0
137,2170,access_vlan:SW1:eth2:10+access_vlan:SW2:eth1:20+access_vlan:SW2:eth2:10+trunk_remove:SW1:eth3:20+trunk_remove:SW2:eth3:10,815,817,0.96124,-10.200000000000001,2,True,False,True,False,False,incorrect_declare_done,,0,0,1,0,0,0,0,0,3,1,1,0.769011,0,6.0,0,0,0,0,0
138,2171,access_vlan:SW1:eth1:20+access_vlan:SW1:eth2:10+trunk_remove:SW1:eth3:10,817,824,0.9609075,8.1,7,True,False,True,False,True,recovery_success,,0,3,3,0,1,1,1,0,0,6,6,4.2896322045454545,1,3.857142857142857,0,0,1,0,0
139,2172,access_vlan:SW1:eth1:20+access_vlan:SW2:eth1:20+trunk_remove:SW1:eth3:10+trunk_remove:SW1:eth3:20+trunk_remove:SW2:eth3:20,824,829,0.96067,-11.25,5,True,False,True,False,False,incorrect_declare_done,,0,3,0,0,0,0,0,0,3,1,1,0.4366768181818182,0,9.8,0,0,0,0,0
140,2173,access_vlan:SW1:eth2:10+access_vlan:SW2:eth1:20+access_vlan:SW2:eth2:10+trunk_remove:SW2:eth3:10,829,859,0.959245,-8.399999999999999,30,True,False,False,True,False,step_limit,,0,19,4,0,0,0,0,0,3,13,13,9.547147181818183,0,7.333333333333333,0,0,0,0,0
141,2174,access_vlan:SW2:eth1:20+access_vlan:SW2:eth2:10+trunk_remove:SW1:eth3:10+trunk_remove:SW2:eth3:10,859,869,0.95877,7.199999999999999,10,True,False,True,False,True,recovery_success,,0,6,3,0,1,1,1,0,0,3,3,5.317735227272727,1,4.8,0,0,1,0,0
142,2175,access_vlan:SW1:eth1:20+access_vlan:SW1:eth2:10+access_vlan:SW2:eth1:20+trunk_remove:SW1:eth3:10+trunk_remove:SW2:eth3:20,869,895,0.957535,-16.65,26,True,False,True,False,False,incorrect_declare_done,,0,14,6,0,0,0,0,0,1,16,16,11.35744240909091,0,5.961538461538462,0,0,0,0,0
143,2176,access_vlan:SW1:eth2:10+access_vlan:SW2:eth2:10+trunk_remove:SW1:eth3:10,895,905,0.95706,-12.600000000000001,10,True,False,True,False,False,incorrect_declare_done,,0,8,1,0,0,0,0,0,3,9,9,1.1399480681818184,0,9.6,0,0,0,0,0
144,2177,access_vlan:SW1:eth1:20+access_vlan:SW1:eth2:10+access_vlan:SW2:eth1:20+trunk_remove:SW1:eth3:10+trunk_remove:SW2:eth3:20,905,908,0.9569175,-10.65,3,True,False,True,False,False,incorrect_declare_done,,0,2,0,0,0,0,0,0,2,0,0,1.165759090909091,0,6.333333333333333,0,0,0,0,0
145,2178,access_vlan:SW1:eth1:20+access_vlan:SW2:eth1:20+trunk_remove:SW1:eth3:10+trunk_remove:SW1:eth3:20+trunk_remove:SW2:eth3:10+trunk_remove:SW2:eth3:20,908,914,0.9566325,-11.4,6,True,False,True,False,False,incorrect_declare_done,,0,4,1,0,0,0,0,0,3,3,3,1.3916122727272726,0,8.166666666666666,0,0,0,0,0
146,2179,access_vlan:SW1:eth1:20+access_vlan:SW1:eth2:10+trunk_remove:SW1:eth3:10+trunk_remove:SW1:eth3:20+trunk_remove:SW2:eth3:10,914,916,0.9565375,-10.350000000000001,2,True,False,True,False,False,incorrect_declare_done,,0,1,0,0,0,0,0,0,2,0,0,0.26957440909090913,0,9.0,0,0,1,-1,0
147,2180,access_vlan:SW1:eth1:20+access_vlan:SW1:eth2:10+access_vlan:SW2:eth1:20+trunk_remove:SW1:eth3:10+trunk_remove:SW1:eth3:20,916,930,0.9558725,6.65,14,True,False,True,False,True,recovery_success,,0,9,4,0,0,0,0,0,0,10,10,6.292956,0,5.785714285714286,0,0,0,0,0
148,2181,trunk_remove:SW1:eth3:10+trunk_remove:SW1:eth3:20+trunk_remove:SW2:eth3:10,930,933,0.95573,-10.350000000000001,3,True,False,True,False,False,incorrect_declare_done,,0,0,2,0,0,0,0,0,2,0,0,1.1469329999999998,0,6.0,0,0,0,0,0
149,2182,access_vlan:SW2:eth1:20+trunk_remove:SW2:eth3:10,933,936,0.9555875,-10.5,3,True,False,True,False,False,incorrect_declare_done,,0,1,1,0,0,0,0,0,1,0,0,1.69407375,0,4.333333333333333,0,0,0,0,0
150,2183,access_vlan:SW2:eth2:10+trunk_remove:SW1:eth3:10,936,941,0.95535,-11.100000000000001,5,True,False,True,False,False,incorrect_declare_done,,0,3,1,0,0,0,0,0,1,1,1,2.553634409090909,0,5.0,0,0,0,0,0
151,2184,access_vlan:SW1:eth2:10+access_vlan:SW2:eth1:20+access_vlan:SW2:eth2:10+trunk_remove:SW1:eth3:10+trunk_remove:SW1:eth3:20+trunk_remove:SW2:eth3:20,941,943,0.955255,-10.350000000000001,2,True,False,True,False,False,incorrect_declare_done,,0,1,0,0,0,0,0,0,3,1,1,0.6426450909090908,0,7.0,0,0,0,0,0
152,2185,access_vlan:SW1:eth1:20+access_vlan:SW2:eth2:10+trunk_remove:SW1:eth3:20+trunk_remove:SW2:eth3:10+trunk_remove:SW2:eth3:20,943,953,0.95478,7.85,10,True,False,True,False,True,recovery_success,,0,5,4,0,0,0,0,0,0,3,3,4.861592045454545,0,5.3,0,0,0,0,0
153,2186,access_vlan:SW2:eth1:20+trunk_remove:SW1:eth3:10+trunk_remove:SW1:eth3:20+trunk_remove:SW2:eth3:20,953,956,0.9546375,-10.65,3,True,False,True,False,False,incorrect_declare_done,,0,2,0,0,0,0,0,0,3,1,1,0.9807188409090909,0,7.0,0,0,0,0,0
154,2187,access_vlan:SW1:eth2:10+access_vlan:SW2:eth2:10+trunk_remove:SW1:eth3:10+trunk_remove:SW2:eth3:10+trunk_remove:SW2:eth3:20,956,961,0.9544,-11.100000000000001,5,True,False,True,False,False,incorrect_declare_done,,0,3,1,0,0,0,0,0,1,0,0,1.2147384090909092,0,7.8,0,0,0,0,0
155,2188,access_vlan:SW2:eth1:20+access_vlan:SW2:eth2:10+trunk_remove:SW2:eth3:10,961,962,0.9543525,-10.05,1,True,False,True,False,False,incorrect_declare_done,,0,0,0,0,0,0,0,0,3,0,0,0.09543525,0,9.0,0,0,1,-1,0
156,2189,access_vlan:SW1:eth2:10+trunk_remove:SW1:eth3:20+trunk_remove:SW2:eth3:10,962,966,0.9541625,-10.950000000000001,4,True,False,True,False,False,incorrect_declare_done,,0,2,0,0,0,0,0,0,3,3,3,1.3359320000000001,0,7.0,0,0,0,0,0
157,2190,access_vlan:SW1:eth1:20+trunk_remove:SW1:eth3:20+trunk_remove:SW2:eth3:10+trunk_remove:SW2:eth3:20,966,972,0.9538775,-11.55,6,True,False,True,False,False,incorrect_declare_done,,0,5,0,0,0,0,0,0,3,0,0,1.8472933636363638,0,7.333333333333333,0,0,0,0,0
158,2191,access_vlan:SW1:eth1:20+access_vlan:SW1:eth2:10+access_vlan:SW2:eth1:20+access_vlan:SW2:eth2:10,972,977,0.95364,9.35,5,True,False,True,False,True,recovery_success,,0,0,4,0,0,0,0,0,0,5,5,3.81494,0,2.0,0,0,0,0,0
159,2192,access_vlan:SW1:eth1:20+access_vlan:SW2:eth1:20+trunk_remove:SW1:eth3:20,977,978,0.9535925,-10.05,1,True,False,True,False,False,incorrect_declare_done,,0,0,0,0,0,0,0,0,4,0,0,0.09535924999999999,0,9.0,0,0,0,0,0
160,2193,access_vlan:SW1:eth2:10+access_vlan:SW2:eth2:10+trunk_remove:SW1:eth3:10+trunk_remove:SW2:eth3:10+trunk_remove:SW2:eth3:20,978,992,0.9529275,-13.65,14,True,False,True,False,False,incorrect_declare_done,,0,8,2,0,0,0,0,0,1,5,5,6.239083863636363,0,5.785714285714286,0,0,0,0,0
161,2194,access_vlan:SW2:eth1:20+trunk_remove:SW2:eth3:20,992,996,0.9527375,-10.8,4,True,False,True,False,False,incorrect_declare_done,,0,1,1,0,0,0,0,0,3,4,4,1.4032304545454546,0,6.5,0,0,0,0,0
162,2195,access_vlan:SW1:eth1:20+access_vlan:SW1:eth2:10+access_vlan:SW2:eth2:10+trunk_remove:SW1:eth3:20,996,999,0.952595,-10.65,3,True,False,True,False,False,incorrect_declare_done,,0,2,0,0,0,0,0,0,3,3,3,1.3423620454545455,0,5.666666666666667,0,0,0,0,0
163,2196,access_vlan:SW1:eth1:20+access_vlan:SW2:eth1:20+trunk_remove:SW1:eth3:20,999,1000,0.9525475,-10.05,1,True,False,True,False,False,incorrect_declare_done,1.530441403388977,1,0,0,0,0,0,0,0,4,0,0,0.09525475,0,9.0,0,0,0,0,0
164,2197,access_vlan:SW1:eth2:10+access_vlan:SW2:eth1:20+trunk_remove:SW2:eth3:10,1000,1008,0.9521675,-12.15,8,True,False,True,False,False,incorrect_declare_done,1.6278241574764252,8,7,0,0,0,0,0,0,3,0,0,1.8353127272727272,0,8.25,0,0,0,0,0
165,2198,access_vlan:SW1:eth1:20+access_vlan:SW2:eth1:20+access_vlan:SW2:eth2:10+trunk_remove:SW2:eth3:10+trunk_remove:SW2:eth3:20,1008,1021,0.95155,6.8,13,True,False,True,False,True,recovery_success,1.3008836186849153,13,8,3,0,0,0,0,0,0,4,4,6.126103136363636,0,5.461538461538462,0,0,0,0,0
166,2199,access_vlan:SW1:eth1:20+access_vlan:SW1:eth2:10+trunk_remove:SW1:eth3:20+trunk_remove:SW2:eth3:20,1021,1030,0.9511225,-12.65,9,True,False,True,False,False,incorrect_declare_done,1.0759689741664462,9,6,2,0,1,1,1,0,3,0,0,2.0754397727272726,1,8.222222222222221,0,0,1,0,0
167,2200,access_vlan:SW1:eth1:20+access_vlan:SW1:eth2:10+access_vlan:SW2:eth1:20+trunk_remove:SW1:eth3:20+trunk_remove:SW2:eth3:20,1030,1031,0.951075,-10.05,1,True,False,True,False,False,incorrect_declare_done,0.872984766960144,1,0,0,0,0,0,0,0,3,0,0,0.28532250000000003,0,7.0,0,0,0,0,0
168,2201,access_vlan:SW1:eth2:10+access_vlan:SW2:eth1:20+access_vlan:SW2:eth2:10+trunk_remove:SW1:eth3:10,1031,1037,0.95079,8.6,6,True,False,True,False,True,recovery_success,0.5436413958668709,6,4,1,0,0,0,0,0,0,3,3,3.1465700909090906,0,4.833333333333333,0,0,0,0,0
169,2202,access_vlan:SW1:eth1:20+trunk_remove:SW1:eth3:10+trunk_remove:SW1:eth3:20,1037,1042,0.9505525,-11.100000000000001,5,True,False,True,False,False,incorrect_declare_done,0.6675345599651337,5,3,1,0,0,0,0,0,1,4,4,2.2296754545454545,0,5.6,0,0,0,0,0
170,2203,access_vlan:SW1:eth1:20+access_vlan:SW2:eth1:20+access_vlan:SW2:eth2:10+trunk_remove:SW1:eth3:20,1042,1043,0.950505,-10.05,1,True,False,True,False,False,incorrect_declare_done,0.47105562686920166,1,0,0,0,0,0,0,0,3,0,0,0.38020200000000004,0,6.0,0,0,0,0,0
171,2204,access_vlan:SW1:eth1:20+trunk_remove:SW1:eth3:20+trunk_remove:SW2:eth3:20,1043,1045,0.95041,-10.350000000000001,2,True,False,True,False,False,incorrect_declare_done,0.8092963099479675,2,1,0,0,0,0,0,0,3,2,2,0.6307408863636363,0,7.0,0,0,0,0,0
172,2205,access_vlan:SW1:eth1:20+access_vlan:SW1:eth2:10+trunk_remove:SW1:eth3:10,1045,1054,0.9499825,-12.95,9,True,False,True,False,False,incorrect_declare_done,0.5294711556699541,9,8,0,0,1,1,1,0,1,0,0,3.8092389772727273,1,6.0,0,0,1,0,0
173,2206,access_vlan:SW2:eth1:20+access_vlan:SW2:eth2:10+trunk_remove:SW1:eth3:10+trunk_remove:SW2:eth3:10+trunk_remove:SW2:eth3:20,1054,1065,0.94946,-12.95,11,True,False,True,False,False,incorrect_declare_done,0.3867518072101203,11,6,4,0,1,1,1,0,1,1,1,3.5654717045454545,1,7.0,0,0,1,0,0
174,2207,access_vlan:SW1:eth1:20+trunk_remove:SW1:eth3:10,1065,1066,0.9494125,-10.05,1,True,False,True,False,False,incorrect_declare_done,0.9153164625167847,1,0,0,0,0,0,0,0,3,0,0,0.47470625,0,5.0,0,0,0,0,0
175,2208,access_vlan:SW2:eth2:10+trunk_remove:SW1:eth3:10,1066,1071,0.949175,-11.25,5,True,False,True,False,False,incorrect_declare_done,0.5493471205234528,5,4,0,0,0,0,0,0,3,2,2,1.501576,0,7.4,0,0,0,0,0
176,2209,access_vlan:SW1:eth1:20+access_vlan:SW2:eth1:20+access_vlan:SW2:eth2:10+trunk_remove:SW1:eth3:10+trunk_remove:SW1:eth3:20+trunk_remove:SW2:eth3:10,1071,1079,0.948795,-12.0,8,True,False,True,False,False,incorrect_declare_done,0.5252146106213331,8,5,1,0,0,0,0,0,3,1,1,2.6571234545454545,0,7.0,0,0,0,0,0
177,2210,access_vlan:SW1:eth2:10+access_vlan:SW2:eth2:10+trunk_remove:SW1:eth3:20+trunk_remove:SW2:eth3:10,1079,1086,0.9484625,8.45,7,True,False,True,False,True,recovery_success,0.5440399519034794,7,4,2,0,0,0,0,0,0,1,1,3.207830431818182,0,5.428571428571429,0,0,0,0,0
178,2211,access_vlan:SW1:eth1:20+trunk_remove:SW1:eth3:10+trunk_remove:SW2:eth3:10+trunk_remove:SW2:eth3:20,1086,1089,0.94832,-10.65,3,True,False,True,False,False,incorrect_declare_done,0.7688338756561279,3,2,0,0,0,0,0,0,3,0,0,0.9828596363636364,0,7.0,0,0,0,0,0
179,2212,access_vlan:SW1:eth1:20+access_vlan:SW2:eth2:10+trunk_remove:SW1:eth3:10+trunk_remove:SW1:eth3:20,1089,1090,0.9482725,-10.05,1,True,False,True,False,False,incorrect_declare_done,0.01601397804915905,1,0,0,0,0,0,0,0,4,0,0,0.0,0,10.0,0,0,0,0,0
180,2213,trunk_remove:SW1:eth3:20+trunk_remove:SW2:eth3:20,1090,1096,0.9479875,-11.25,6,True,False,True,False,False,incorrect_declare_done,0.42620345888038474,6,3,2,0,0,0,0,0,1,1,1,3.1546145454545456,0,4.833333333333333,0,0,0,0,0
181,2214,access_vlan:SW1:eth2:10+access_vlan:SW2:eth1:20+trunk_remove:SW1:eth3:10+trunk_remove:SW2:eth3:10,1096,1103,0.947655,-11.700000000000001,7,True,False,True,False,False,incorrect_declare_done,0.5687950700521469,7,5,1,0,0,0,0,0,3,0,0,1.5853635454545456,0,8.142857142857142,0,0,0,0,0
182,2215,access_vlan:SW1:eth2:10+access_vlan:SW2:eth1:20+trunk_remove:SW1:eth3:10,1103,1117,0.94699,6.050000000000001,14,True,False,True,False,True,recovery_success,0.5298029223590025,14,11,0,0,0,0,0,0,0,3,3,5.356096045454546,0,6.5,0,0,0,0,0
183,2216,access_vlan:SW1:eth1:20+access_vlan:SW1:eth2:10+access_vlan:SW2:eth1:20+trunk_remove:SW1:eth3:20,1117,1119,0.946895,-10.350000000000001,2,True,False,True,False,False,incorrect_declare_done,0.832558736205101,2,1,0,0,0,0,0,0,1,2,2,0.9813465454545456,0,5.0,0,0,0,0,0
184,2217,trunk_remove:SW2:eth3:10,1119,1120,0.9468475,-10.05,1,True,False,True,False,False,incorrect_declare_done,0.5924426913261414,1,0,0,0,0,0,0,0,1,0,0,0.5681084999999999,0,4.0,0,0,0,0,0
185,2218,access_vlan:SW1:eth2:10+access_vlan:SW2:eth1:20+trunk_remove:SW1:eth3:10+trunk_remove:SW1:eth3:20+trunk_remove:SW2:eth3:10,1120,1128,0.9464675,-11.850000000000001,8,True,False,True,False,False,incorrect_declare_done,0.4276252626441419,8,5,2,0,0,0,0,0,3,0,0,1.8931552272727272,0,8.125,0,0,0,0,0
186,2219,trunk_remove:SW1:eth3:20+trunk_remove:SW2:eth3:10+trunk_remove:SW2:eth3:20,1128,1134,0.9461825,-11.100000000000001,6,True,False,True,False,False,incorrect_declare_done,0.2822944231641789,6,2,3,0,0,0,0,0,1,1,1,2.9077001818181816,0,5.166666666666667,0,0,0,0,0
187,2220,access_vlan:SW1:eth1:20+access_vlan:SW1:eth2:10+trunk_remove:SW1:eth3:10+trunk_remove:SW1:eth3:20+trunk_remove:SW2:eth3:10+trunk_remove:SW2:eth3:20,1134,1141,0.94585,7.6499999999999995,7,True,False,True,False,True,recovery_success,0.47866971019123283,7,6,0,0,1,1,1,0,0,0,0,3.009833636363636,1,5.857142857142857,0,0,1,0,0
188,2221,access_vlan:SW1:eth2:10+access_vlan:SW2:eth2:10+trunk_remove:SW1:eth3:10,1141,1150,0.9454225,-12.3,9,True,False,True,False,False,incorrect_declare_done,0.7518679896990458,9,5,1,0,0,0,0,0,1,1,1,4.306733204545454,0,5.333333333333333,0,0,0,0,0
189,2222,access_vlan:SW1:eth2:10+trunk_remove:SW2:eth3:10,1150,1153,0.94528,-10.65,3,True,False,True,False,False,incorrect_declare_done,0.8447336355845133,3,2,0,0,0,0,0,0,1,0,0,1.4953293181818181,0,5.0,0,0,0,0,0
190,2223,access_vlan:SW1:eth1:20+trunk_remove:SW1:eth3:10+trunk_remove:SW1:eth3:20,1153,1163,0.944805,8.149999999999999,10,True,False,True,False,True,recovery_success,0.4267662838101387,10,3,6,0,0,0,0,0,0,4,4,5.395034727272727,0,4.6,0,0,0,0,0
191,2224,access_vlan:SW1:eth1:20+trunk_remove:SW1:eth3:10+trunk_remove:SW1:eth3:20+trunk_remove:SW2:eth3:10+trunk_remove:SW2:eth3:20,1163,1176,0.9441875,6.8,13,True,False,True,False,True,recovery_success,0.44688477653723496,13,8,3,0,0,0,0,0,0,2,2,4.516019409090909,0,6.846153846153846,0,0,0,0,0
192,2225,access_vlan:SW1:eth1:20+access_vlan:SW1:eth2:10+trunk_remove:SW1:eth3:10+trunk_remove:SW2:eth3:10+trunk_remove:SW2:eth3:20,1176,1182,0.9439025,-11.9,6,True,False,True,False,False,incorrect_declare_done,0.6768691688776016,6,4,1,0,1,1,1,0,3,0,0,1.2100258181818182,1,8.5,0,0,1,0,0
193,2226,access_vlan:SW1:eth2:10+access_vlan:SW2:eth1:20+trunk_remove:SW1:eth3:10+trunk_remove:SW1:eth3:20,1182,1184,0.9438075,-10.350000000000001,2,True,False,True,False,False,incorrect_declare_done,0.5181167349219322,2,1,0,0,0,0,0,0,3,1,1,0.42900340909090906,0,8.0,0,0,0,0,0
194,2227,access_vlan:SW1:eth1:20+access_vlan:SW2:eth1:20+access_vlan:SW2:eth2:10+trunk_remove:SW1:eth3:10+trunk_remove:SW2:eth3:10+trunk_remove:SW2:eth3:20,1184,1185,0.94376,-10.05,1,True,False,True,False,False,incorrect_declare_done,0.25848662853240967,1,0,0,0,0,0,0,0,3,1,1,0.377504,0,6.0,0,0,0,0,0
195,2228,access_vlan:SW1:eth1:20+access_vlan:SW2:eth2:10+trunk_remove:SW1:eth3:20,1185,1191,0.9434750000000001,-11.4,6,True,False,True,False,False,incorrect_declare_done,0.5440209905306498,6,4,1,0,0,0,0,0,3,0,0,0.7033738636363636,0,9.5,0,0,0,0,0
196,2229,access_vlan:SW1:eth2:10+trunk_remove:SW1:eth3:10+trunk_remove:SW2:eth3:10+trunk_remove:SW2:eth3:20,1191,1196,0.9432375,-11.100000000000001,5,True,False,True,False,False,incorrect_declare_done,0.5131903659552336,5,2,1,0,0,0,0,0,2,0,0,1.9123818863636364,0,6.4,0,0,0,0,0
197,2230,access_vlan:SW1:eth2:10+trunk_remove:SW1:eth3:20+trunk_remove:SW2:eth3:20,1196,1215,0.942335,6.199999999999999,19,True,False,True,False,True,recovery_success,0.432547922589277,19,5,11,0,0,0,0,0,0,14,14,10.927372954545454,0,4.2631578947368425,0,0,0,0,0
198,2231,access_vlan:SW1:eth1:20+access_vlan:SW2:eth1:20+access_vlan:SW2:eth2:10+trunk_remove:SW1:eth3:10+trunk_remove:SW1:eth3:20,1215,1225,0.94186,7.549999999999999,10,True,False,True,False,True,recovery_success,0.4136808827519417,10,7,2,0,0,0,0,0,0,1,1,5.001355681818181,0,5.1,0,0,0,0,0
199,2232,access_vlan:SW2:eth2:10+trunk_remove:SW1:eth3:10+trunk_remove:SW1:eth3:20+trunk_remove:SW2:eth3:10+trunk_remove:SW2:eth3:20,1225,1229,0.94167,-10.65,4,True,False,True,False,False,incorrect_declare_done,0.807292252779007,4,1,2,0,0,0,0,0,2,0,0,1.2756203181818182,0,6.75,0,0,0,0,0
200,2233,access_vlan:SW1:eth1:20+access_vlan:SW1:eth2:10+trunk_remove:SW2:eth3:20,1229,1247,0.940815,-15.349999999999998,18,True,False,True,False,False,incorrect_declare_done,0.4575815118021435,18,12,2,0,1,1,1,0,2,3,3,5.9209838409090905,1,7.055555555555555,0,0,1,0,0
201,2234,access_vlan:SW1:eth1:20+access_vlan:SW2:eth1:20+access_vlan:SW2:eth2:10+trunk_remove:SW1:eth3:10+trunk_remove:SW1:eth3:20+trunk_remove:SW2:eth3:20,1247,1252,0.9405775000000001,-11.100000000000001,5,True,False,True,False,False,incorrect_declare_done,0.5414675891399383,5,3,1,0,0,0,0,0,3,1,1,1.6504466136363636,0,7.0,0,0,0,0,0
202,2235,access_vlan:SW1:eth1:20+access_vlan:SW2:eth1:20+trunk_remove:SW1:eth3:10+trunk_remove:SW2:eth3:10+trunk_remove:SW2:eth3:20,1252,1262,0.9401025000000001,7.85,10,True,False,True,False,True,recovery_success,0.2708510156720877,10,5,4,0,0,0,0,0,0,2,2,4.803819204545455,0,5.2,0,0,0,0,0
203,2236,trunk_remove:SW2:eth3:10,1262,1265,0.93996,-10.65,3,True,False,True,False,False,incorrect_declare_done,0.37267473340034485,3,1,0,0,0,0,0,0,1,0,0,1.6407403636363636,0,4.333333333333333,0,0,0,0,0
204,2237,access_vlan:SW1:eth1:20+access_vlan:SW1:eth2:10+access_vlan:SW2:eth1:20+trunk_remove:SW1:eth3:10,1265,1267,0.939865,-10.350000000000001,2,True,False,True,False,False,incorrect_declare_done,0.43124084174633026,2,1,0,0,0,0,0,0,1,0,0,1.0680521590909091,0,4.5,0,0,0,0,0
205,2238,access_vlan:SW1:eth2:10+access_vlan:SW2:eth2:10+trunk_remove:SW1:eth3:20+trunk_remove:SW2:eth3:10+trunk_remove:SW2:eth3:20,1267,1271,0.939675,-10.950000000000001,4,True,False,True,False,False,incorrect_declare_done,0.34286675695329905,4,3,0,0,0,0,0,0,3,0,0,1.2045672045454547,0,7.25,0,0,0,0,0
206,2239,access_vlan:SW1:eth1:20+trunk_remove:SW1:eth3:20,1271,1275,0.939485,9.2,4,True,False,True,False,True,recovery_success,0.2395303975790739,4,2,1,0,0,0,0,0,0,0,0,2.1182368636363638,0,4.5,0,0,0,0,0
207,2240,access_vlan:SW1:eth2:10+access_vlan:SW2:eth2:10+trunk_remove:SW1:eth3:10+trunk_remove:SW2:eth3:10,1275,1277,0.9393900000000001,-10.350000000000001,2,True,False,True,False,False,incorrect_declare_done,0.17351460922509432,2,1,0,0,0,0,0,0,4,0,0,0.08539909090909091,0,10.0,0,0,0,0,0
208,2241,access_vlan:SW1:eth1:20+access_vlan:SW2:eth1:20+access_vlan:SW2:eth2:10+trunk_remove:SW2:eth3:20,1277,1279,0.939295,-10.350000000000001,2,True,False,True,False,False,incorrect_declare_done,0.5315344035625458,2,1,0,0,0,0,0,0,3,0,0,0.7172988181818182,0,6.5,0,0,0,0,0
209,2242,trunk_remove:SW1:eth3:10+trunk_remove:SW2:eth3:10,1279,1284,0.9390575,-11.25,5,True,False,True,False,False,incorrect_declare_done,0.45180540680885317,5,3,0,0,0,0,0,0,1,0,0,2.663783181818182,0,4.6,0,0,0,0,0
210,2243,access_vlan:SW1:eth2:10+access_vlan:SW2:eth1:20+trunk_remove:SW1:eth3:20+trunk_remove:SW2:eth3:10+trunk_remove:SW2:eth3:20,1284,1287,0.938915,-10.5,3,True,False,True,False,False,incorrect_declare_done,0.17774655607839426,3,1,1,0,0,0,0,0,3,1,1,0.4267795454545455,0,8.666666666666666,0,0,0,0,0
211,2244,access_vlan:SW1:eth1:20+access_vlan:SW1:eth2:10+access_vlan:SW2:eth1:20+access_vlan:SW2:eth2:10,1287,1288,0.9388675,9.95,1,True,False,True,False,True,recovery_success,0.06512311100959778,1,0,0,0,0,0,0,0,0,0,0,0.7510939999999999,0,2.0,0,0,0,0,0
212,2245,access_vlan:SW2:eth2:10+trunk_remove:SW1:eth3:10+trunk_remove:SW2:eth3:10,1288,1300,0.9382975,-13.05,12,True,False,True,False,False,incorrect_declare_done,0.39591545006260276,12,9,2,0,0,0,0,0,1,2,2,4.462306454545455,0,6.583333333333333,0,0,0,0,0
213,2246,access_vlan:SW1:eth2:10+access_vlan:SW2:eth2:10+trunk_remove:SW2:eth3:10+trunk_remove:SW2:eth3:20,1300,1305,0.93806,-11.25,5,True,False,True,False,False,incorrect_declare_done,0.38791641891002654,5,4,0,0,0,0,0,0,3,0,0,1.3731056818181817,0,7.6,0,0,0,0,0
214,2247,access_vlan:SW1:eth2:10+access_vlan:SW2:eth1:20+access_vlan:SW2:eth2:10+trunk_remove:SW1:eth3:10+trunk_remove:SW1:eth3:20+trunk_remove:SW2:eth3:20,1305,1314,0.9376325,-12.0,9,True,False,True,False,False,incorrect_declare_done,0.32503124988741344,9,5,3,0,0,0,0,0,2,0,0,3.256817318181818,0,6.555555555555555,0,0,0,0,0
215,2248,access_vlan:SW1:eth1:20+access_vlan:SW1:eth2:10+access_vlan:SW2:eth1:20+access_vlan:SW2:eth2:10+trunk_remove:SW1:eth3:20+trunk_remove:SW2:eth3:20,1314,1319,0.937395,9.049999999999999,5,True,False,True,False,True,recovery_success,0.24947393964976072,5,2,2,0,0,0,0,0,0,0,0,3.374930318181818,0,3.0,0,0,0,0,0
216,2249,access_vlan:SW1:eth2:10+access_vlan:SW2:eth2:10+trunk_remove:SW1:eth3:10,1319,1325,0.93711,8.75,6,True,False,True,False,True,recovery_success,0.27537726735075313,6,3,2,0,0,0,0,0,0,0,0,3.4165092954545453,0,4.166666666666667,0,0,0,0,0
217,2250,access_vlan:SW2:eth1:20+access_vlan:SW2:eth2:10+trunk_remove:SW2:eth3:10+trunk_remove:SW2:eth3:20,1325,1329,0.93692,-11.3,4,True,False,True,False,False,incorrect_declare_done,0.37482449505478144,4,2,1,0,1,1,1,0,3,0,0,1.2947420454545455,1,7.0,0,0,1,0,0
218,2251,access_vlan:SW1:eth1:20+access_vlan:SW2:eth1:20+trunk_remove:SW1:eth3:20+trunk_remove:SW2:eth3:10,1329,1344,0.9362075,-13.8,15,True,False,True,False,False,incorrect_declare_done,0.3001308729251226,15,9,3,0,0,0,0,0,3,3,3,4.009976113636363,0,7.8,0,0,0,0,0
219,2252,access_vlan:SW2:eth1:20+access_vlan:SW2:eth2:10+trunk_remove:SW1:eth3:10+trunk_remove:SW1:eth3:20,1344,1354,0.9357325,-12.95,10,True,False,True,False,False,incorrect_declare_done,0.39779977072030304,10,5,2,0,1,1,1,0,3,3,3,3.335352227272727,1,7.0,0,0,1,0,0
220,2253,access_vlan:SW2:eth1:20+trunk_remove:SW1:eth3:20+trunk_remove:SW2:eth3:10,1354,1363,0.935305,-12.15,9,True,False,True,False,False,incorrect_declare_done,0.31566339503559804,9,5,2,0,0,0,0,0,1,4,4,4.456308772727273,0,5.111111111111111,0,0,0,0,0
221,2254,access_vlan:SW1:eth1:20+access_vlan:SW2:eth1:20+access_vlan:SW2:eth2:10+trunk_remove:SW1:eth3:20,1363,1365,0.93521,-10.350000000000001,2,True,False,True,False,False,incorrect_declare_done,0.19485069811344147,2,1,0,0,0,0,0,0,1,2,2,0.9692366363636363,0,5.0,0,0,0,0,0
222,2255,access_vlan:SW1:eth1:20+access_vlan:SW2:eth2:10+trunk_remove:SW1:eth3:20+trunk_remove:SW2:eth3:10+trunk_remove:SW2:eth3:20,1365,1375,0.934735,-12.450000000000001,10,True,False,True,False,False,incorrect_declare_done,0.24392258683219553,10,6,2,0,0,0,0,0,2,4,4,2.209701818181818,0,8.3,0,0,0,0,0
223,2256,access_vlan:SW2:eth1:20+trunk_remove:SW1:eth3:10+trunk_remove:SW1:eth3:20,1375,1382,0.9344025,-11.700000000000001,7,True,False,True,False,False,incorrect_declare_done,0.5767355305807931,7,4,1,0,0,0,0,0,2,0,0,2.4977761363636364,0,6.714285714285714,0,0,0,0,0
224,2257,access_vlan:SW2:eth1:20+access_vlan:SW2:eth2:10+trunk_remove:SW1:eth3:10+trunk_remove:SW1:eth3:20+trunk_remove:SW2:eth3:10+trunk_remove:SW2:eth3:20,1382,1396,0.9337375,6.300000000000001,14,True,False,True,False,True,recovery_success,0.2439409262234611,14,8,5,0,1,1,1,0,0,6,6,5.264119090909091,1,6.5,0,0,1,0,0
225,2258,access_vlan:SW1:eth1:20+access_vlan:SW2:eth1:20+access_vlan:SW2:eth2:10+trunk_remove:SW1:eth3:10,1396,1399,0.933595,9.35,3,True,False,True,False,True,recovery_success,0.3788289229075114,3,2,0,0,0,0,0,0,0,1,1,1.8248315909090909,0,3.6666666666666665,0,0,0,0,0
226,2259,access_vlan:SW1:eth2:10+access_vlan:SW2:eth1:20+access_vlan:SW2:eth2:10+trunk_remove:SW1:eth3:20+trunk_remove:SW2:eth3:10,1399,1409,0.93312,-12.3,10,True,False,True,False,False,incorrect_declare_done,0.35171806421130897,10,6,3,0,0,0,0,0,2,2,2,3.5466799090909094,0,6.7,0,0,0,0,0
227,2260,access_vlan:SW1:eth1:20+access_vlan:SW1:eth2:10+trunk_remove:SW1:eth3:10+trunk_remove:SW2:eth3:10+trunk_remove:SW2:eth3:20,1409,1412,0.9329775,-11.15,3,True,False,True,False,False,incorrect_declare_done,0.5615634719530741,3,2,0,0,1,1,1,0,3,0,0,0.6870374772727272,1,8.0,0,0,1,0,0
228,2261,access_vlan:SW2:eth1:20+trunk_remove:SW2:eth3:10,1412,1416,0.9327875,-10.65,4,True,False,True,False,False,incorrect_declare_done,0.045336744748055935,4,1,2,0,0,0,0,0,1,0,0,1.9929157954545458,0,4.75,0,0,0,0,0
229,2262,access_vlan:SW2:eth1:20+access_vlan:SW2:eth2:10+trunk_remove:SW1:eth3:10+trunk_remove:SW1:eth3:20+trunk_remove:SW2:eth3:20,1416,1422,0.9325025,-11.75,6,True,False,True,False,False,incorrect_declare_done,0.2261493500942985,6,2,2,0,1,1,1,0,3,0,0,1.543014159090909,1,7.666666666666667,0,0,1,0,0
230,2263,access_vlan:SW1:eth1:20+access_vlan:SW2:eth1:20+trunk_remove:SW1:eth3:10+trunk_remove:SW1:eth3:20+trunk_remove:SW2:eth3:10+trunk_remove:SW2:eth3:20,1422,1424,0.9324075000000001,-10.350000000000001,2,True,False,True,False,False,incorrect_declare_done,0.259535476565361,2,1,0,0,0,0,0,0,3,0,0,0.33905727272727276,0,8.5,0,0,0,0,0
231,2264,access_vlan:SW1:eth1:20+access_vlan:SW2:eth1:20+trunk_remove:SW1:eth3:20+trunk_remove:SW2:eth3:10,1424,1429,0.9321699999999999,-11.100000000000001,5,True,False,True,False,False,incorrect_declare_done,0.3354645878076553,5,3,1,0,0,0,0,0,1,0,0,1.9577055454545453,0,6.2,0,0,0,0,0
232,2265,access_vlan:SW1:eth1:20+access_vlan:SW2:eth1:20+trunk_remove:SW1:eth3:20+trunk_remove:SW2:eth3:10,1429,1432,0.9320275,-10.65,3,True,False,True,False,False,incorrect_declare_done,0.40962837139765423,3,2,0,0,0,0,0,0,3,0,0,0.6015952045454546,0,8.333333333333334,0,0,0,0,0
233,2266,access_vlan:SW2:eth1:20+access_vlan:SW2:eth2:10+trunk_remove:SW2:eth3:10,1432,1439,0.9316949999999999,-12.200000000000001,7,True,False,True,False,False,incorrect_declare_done,0.4242191830916064,7,5,1,0,1,1,1,0,1,0,0,2.295653909090909,1,7.0,0,0,1,0,0
234,2267,access_vlan:SW1:eth2:10+access_vlan:SW2:eth1:20+access_vlan:SW2:eth2:10+trunk_remove:SW1:eth3:20+trunk_remove:SW2:eth3:10+trunk_remove:SW2:eth3:20,1439,1440,0.9316475,-10.05,1,True,False,True,False,False,incorrect_declare_done,0.3198379576206207,1,0,0,0,0,0,0,0,3,0,0,0.37265899999999996,0,6.0,0,0,0,0,0
235,2268,access_vlan:SW1:eth1:20+access_vlan:SW1:eth2:10+access_vlan:SW2:eth1:20+access_vlan:SW2:eth2:10,1440,1441,0.9316,9.95,1,True,False,True,False,True,recovery_success,0.7938199043273926,1,0,0,0,0,0,0,0,0,0,0,0.7452799999999999,0,2.0,0,0,0,0,0
236,2269,access_vlan:SW1:eth2:10+trunk_remove:SW1:eth3:20+trunk_remove:SW2:eth3:10,1441,1442,0.9315525,-10.05,1,True,False,True,False,False,incorrect_declare_done,0.2703796327114105,1,0,0,0,0,0,0,0,3,0,0,0.372621,0,6.0,0,0,0,0,0
237,2270,access_vlan:SW2:eth2:10+trunk_remove:SW1:eth3:10+trunk_remove:SW1:eth3:20+trunk_remove:SW2:eth3:10+trunk_remove:SW2:eth3:20,1442,1449,0.9312199999999999,8.299999999999999,7,True,False,True,False,True,recovery_success,0.23280508523540838,7,5,1,0,0,0,0,0,0,2,2,3.6660601363636363,0,4.714285714285714,0,0,0,0,0
238,2271,access_vlan:SW1:eth1:20+access_vlan:SW2:eth2:10+trunk_remove:SW2:eth3:10,1449,1450,0.9311725,-10.05,1,True,False,True,False,False,incorrect_declare_done,0.20008760690689087,1,0,0,0,0,0,0,0,4,1,1,0.1862345,0,8.0,0,0,0,0,0
239,2272,access_vlan:SW1:eth2:10+trunk_remove:SW1:eth3:20,1450,1453,0.93103,-10.65,3,True,False,True,False,False,incorrect_declare_done,0.23236127197742462,3,2,0,0,0,0,0,0,1,3,3,1.4812531818181818,0,5.0,0,0,0,0,0
240,2273,access_vlan:SW1:eth2:10+trunk_remove:SW2:eth3:10+trunk_remove:SW2:eth3:20,1453,1463,0.930555,-12.600000000000001,10,True,False,True,False,False,incorrect_declare_done,0.36322395876049995,10,8,1,0,0,0,0,0,1,4,4,4.010682090909091,0,6.2,0,0,0,0,0
241,2274,access_vlan:SW1:eth1:20+access_vlan:SW1:eth2:10+access_vlan:SW2:eth2:10+trunk_remove:SW1:eth3:10+trunk_remove:SW2:eth3:10+trunk_remove:SW2:eth3:20,1463,1471,0.930175,-11.850000000000001,8,True,False,True,False,False,incorrect_declare_done,0.23991738259792328,8,4,2,0,0,0,0,0,1,0,0,2.985482931818182,0,6.5,0,0,0,0,0
242,2275,access_vlan:SW1:eth1:20+access_vlan:SW1:eth2:10+access_vlan:SW2:eth2:10,1471,1475,0.9299850000000001,9.35,4,True,False,True,False,True,recovery_success,0.33759224601089954,4,1,2,0,0,0,0,0,0,1,1,2.7478707954545456,0,2.75,0,0,0,0,0
243,2276,access_vlan:SW1:eth1:20+access_vlan:SW1:eth2:10+access_vlan:SW2:eth2:10+trunk_remove:SW1:eth3:10+trunk_remove:SW1:eth3:20+trunk_remove:SW2:eth3:20,1475,1476,0.9299375,-10.05,1,True,False,True,False,False,incorrect_declare_done,0.6474416255950928,1,0,0,0,0,0,0,0,3,0,0,0.371975,0,6.0,0,0,0,0,0
244,2277,access_vlan:SW1:eth1:20+access_vlan:SW2:eth1:20+trunk_remove:SW2:eth3:10+trunk_remove:SW2:eth3:20,1476,1492,0.9291775,-13.65,16,True,False,True,False,False,incorrect_declare_done,0.20160634091007523,16,7,6,0,0,0,0,0,1,5,5,6.514881045454546,0,6.125,0,0,0,0,0
245,2278,access_vlan:SW1:eth2:10+access_vlan:SW2:eth1:20+trunk_remove:SW1:eth3:10+trunk_remove:SW2:eth3:10,1492,1500,0.9287974999999999,-12.0,8,True,False,True,False,False,incorrect_declare_done,0.46044350415468216,8,6,1,0,0,0,0,0,3,6,6,2.2125566818181817,0,7.625,0,0,0,0,0
246,2279,access_vlan:SW2:eth1:20+trunk_remove:SW1:eth3:10+trunk_remove:SW2:eth3:10+trunk_remove:SW2:eth3:20,1500,1519,0.927895,-14.85,19,True,False,True,False,False,incorrect_declare_done,0.5444132988586238,19,12,4,0,0,0,0,0,2,5,5,6.278816818181818,0,7.052631578947368,0,0,0,0,0
247,2280,access_vlan:SW1:eth1:20+access_vlan:SW2:eth1:20+trunk_remove:SW1:eth3:10+trunk_remove:SW1:eth3:20+trunk_remove:SW2:eth3:20,1519,1526,0.9275625,-11.700000000000001,7,True,False,True,False,False,incorrect_declare_done,0.49054860536541256,7,5,1,0,0,0,0,0,2,3,3,1.7709652272727274,0,7.857142857142857,0,0,0,0,0
248,2281,access_vlan:SW1:eth1:20+access_vlan:SW1:eth2:10+access_vlan:SW2:eth1:20+access_vlan:SW2:eth2:10+trunk_remove:SW2:eth3:10,1526,1528,0.9274675,-10.200000000000001,2,True,False,True,False,False,incorrect_declare_done,0.3482225053012371,2,0,1,0,0,0,0,0,1,1,1,1.1129894999999999,0,4.0,0,0,0,0,0
249,2282,access_vlan:SW1:eth2:10+access_vlan:SW2:eth1:20+access_vlan:SW2:eth2:10+trunk_remove:SW2:eth3:20,1528,1534,0.9271825,-11.4,6,True,False,True,False,False,incorrect_declare_done,0.5545711362113556,6,4,1,0,0,0,0,0,1,0,0,2.9083377272727273,0,5.166666666666667,0,0,0,0,0
250,2283,access_vlan:SW1:eth1:20,1534,1539,0.926945,9.2,5,True,False,True,False,True,recovery_success,0.36218268871307374,5,1,3,0,0,0,0,0,0,0,0,3.497438863636364,0,2.6,0,0,0,0,0
251,2284,access_vlan:SW1:eth1:20+trunk_remove:SW1:eth3:10+trunk_remove:SW1:eth3:20,1539,1558,0.9260425,4.7,19,True,False,True,False,True,recovery_success,0.4211212482891585,19,13,1,0,0,0,0,0,0,4,4,8.371460363636364,0,5.7368421052631575,0,0,0,0,0
252,2285,access_vlan:SW2:eth2:10+trunk_remove:SW1:eth3:10,1558,1561,0.9259,-10.5,3,True,False,True,False,False,incorrect_declare_done,0.3790859902898471,3,1,1,0,0,0,0,0,3,1,1,1.0774679090909092,0,6.333333333333333,0,0,0,0,0
253,2286,access_vlan:SW1:eth1:20+access_vlan:SW2:eth1:20+trunk_remove:SW1:eth3:10+trunk_remove:SW2:eth3:10+trunk_remove:SW2:eth3:20,1561,1563,0.925805,-10.350000000000001,2,True,False,True,False,False,incorrect_declare_done,0.3546447828412056,2,1,0,0,0,0,0,0,3,0,0,0.5134057045454545,0,7.5,0,0,0,0,0
254,2287,access_vlan:SW1:eth1:20+access_vlan:SW2:eth2:10+trunk_remove:SW1:eth3:10+trunk_remove:SW2:eth3:10+trunk_remove:SW2:eth3:20,1563,1569,0.92552,-11.25,6,True,False,True,False,False,incorrect_declare_done,0.20750353982051215,6,3,2,0,0,0,0,0,3,4,4,1.3463318181818182,0,8.166666666666666,0,0,0,0,0
255,2288,access_vlan:SW2:eth1:20+trunk_remove:SW1:eth3:10+trunk_remove:SW1:eth3:20+trunk_remove:SW2:eth3:20,1569,1570,0.9254725,-10.05,1,True,False,True,False,False,incorrect_declare_done,0.16865530610084534,1,0,0,0,0,0,0,0,3,0,0,0.27764175,0,7.0,0,0,0,0,0
256,2289,access_vlan:SW1:eth1:20+access_vlan:SW1:eth2:10+trunk_remove:SW1:eth3:10+trunk_remove:SW1:eth3:20+trunk_remove:SW2:eth3:20,1570,1571,0.9254249999999999,-10.05,1,True,False,True,False,False,incorrect_declare_done,0.5307972431182861,1,0,0,0,0,0,0,0,2,0,0,0.0925425,0,9.0,0,0,1,-1,0
257,2290,access_vlan:SW1:eth1:20+trunk_remove:SW1:eth3:10+trunk_remove:SW2:eth3:10,1571,1574,0.9252825,-10.65,3,True,False,True,False,False,incorrect_declare_done,0.43207557996114093,3,2,0,0,0,0,0,0,1,0,0,1.5562346590909093,0,4.666666666666667,0,0,0,0,0
258,2291,access_vlan:SW1:eth2:10+access_vlan:SW2:eth2:10+trunk_remove:SW2:eth3:10+trunk_remove:SW2:eth3:20,1574,1582,0.9249025,-11.55,8,True,False,True,False,False,incorrect_declare_done,0.3430727431550622,8,3,4,0,0,0,0,0,1,2,2,3.540366681818182,0,5.625,0,0,0,0,0
259,2292,access_vlan:SW1:eth2:10+access_vlan:SW2:eth1:20+access_vlan:SW2:eth2:10+trunk_remove:SW1:eth3:10,1582,1593,0.92438,-12.600000000000001,11,True,False,True,False,False,incorrect_declare_done,0.46380284564061597,11,6,3,0,0,0,0,0,1,1,1,5.076852454545455,0,5.454545454545454,0,0,0,0,0
260,2293,access_vlan:SW1:eth1:20+access_vlan:SW2:eth1:20+trunk_remove:SW1:eth3:10+trunk_remove:SW1:eth3:20,1593,1597,0.9241900000000001,-10.8,4,True,False,True,False,False,incorrect_declare_done,0.16705272067338228,4,2,1,0,0,0,0,0,3,0,0,0.9410387954545454,0,7.75,0,0,0,0,0
261,2294,access_vlan:SW1:eth1:20+access_vlan:SW2:eth1:20+access_vlan:SW2:eth2:10+trunk_remove:SW1:eth3:10+trunk_remove:SW1:eth3:20,1597,1603,0.923905,-11.100000000000001,6,True,False,True,False,False,incorrect_declare_done,0.3137387881676356,6,2,3,0,0,0,0,0,3,3,3,2.049657,0,6.833333333333333,0,0,0,0,0
262,2295,access_vlan:SW1:eth2:10+access_vlan:SW2:eth1:20,1603,1614,0.9233825,-12.600000000000001,11,True,False,True,False,False,incorrect_declare_done,0.3183511038395492,11,7,3,0,0,0,0,0,3,2,2,1.7968693636363635,0,9.0,0,0,0,0,0
263,2296,access_vlan:SW1:eth1:20+access_vlan:SW1:eth2:10+access_vlan:SW2:eth1:20+access_vlan:SW2:eth2:10+trunk_remove:SW1:eth3:20+trunk_remove:SW2:eth3:20,1614,1618,0.9231925,9.2,4,True,False,True,False,True,recovery_success,0.18163937563076615,4,2,1,0,0,0,0,0,0,0,0,2.5683298636363636,0,3.25,0,0,0,0,0
264,2297,access_vlan:SW2:eth2:10+trunk_remove:SW1:eth3:10+trunk_remove:SW1:eth3:20,1618,1630,0.9226225,-12.9,12,True,False,True,False,False,incorrect_declare_done,0.4031251339862744,12,7,3,0,0,0,0,0,2,3,3,4.2620795000000005,0,6.666666666666667,0,0,0,0,0
265,2298,access_vlan:SW1:eth2:10+access_vlan:SW2:eth1:20+access_vlan:SW2:eth2:10+trunk_remove:SW2:eth3:10,1630,1632,0.9225275,-10.350000000000001,2,True,False,True,False,False,incorrect_declare_done,0.44453439116477966,2,1,0,0,0,0,0,0,3,0,0,0.6206284090909091,0,7.0,0,0,0,0,0
266,2299,access_vlan:SW1:eth1:20+trunk_remove:SW2:eth3:10+trunk_remove:SW2:eth3:20,1632,1636,0.9223375,-10.950000000000001,4,True,False,True,False,False,incorrect_declare_done,0.24500399269163609,4,3,0,0,0,0,0,0,3,0,0,1.2075194999999999,0,7.25,0,0,0,0,0
267,2300,access_vlan:SW1:eth2:10,1636,1644,0.9219575,8.149999999999999,8,True,False,True,False,True,recovery_success,0.394419826567173,8,4,2,0,0,0,0,0,0,2,2,4.359054886363636,0,4.375,0,0,0,0,0
268,2301,access_vlan:SW1:eth2:10+access_vlan:SW2:eth1:20+access_vlan:SW2:eth2:10+trunk_remove:SW1:eth3:10+trunk_remove:SW1:eth3:20+trunk_remove:SW2:eth3:10+trunk_remove:SW2:eth3:20,1644,1645,0.92191,-10.05,1,True,False,True,False,False,incorrect_declare_done,0.1533280611038208,1,0,0,0,0,0,0,0,3,0,0,0.276573,0,7.0,0,0,0,0,0
269,2302,access_vlan:SW1:eth1:20+access_vlan:SW1:eth2:10+access_vlan:SW2:eth2:10+trunk_remove:SW1:eth3:10+trunk_remove:SW2:eth3:10,1645,1647,0.921815,-10.200000000000001,2,True,False,True,False,False,incorrect_declare_done,0.34189479798078537,2,0,1,0,0,0,0,0,3,0,0,0.55310325,0,7.0,0,0,0,0,0
270,2303,access_vlan:SW1:eth2:10+access_vlan:SW2:eth1:20+trunk_remove:SW1:eth3:10+trunk_remove:SW2:eth3:10+trunk_remove:SW2:eth3:20,1647,1650,0.9216725,-10.65,3,True,False,True,False,False,incorrect_declare_done,0.3453059283395608,3,2,0,0,0,0,0,0,3,0,0,0.3351536363636364,0,9.333333333333334,0,0,0,0,0
271,2304,access_vlan:SW1:eth1:20+access_vlan:SW1:eth2:10+access_vlan:SW2:eth2:10,1650,1656,0.9213875,-11.4,6,True,False,True,False,False,incorrect_declare_done,0.25245264048377675,6,4,1,0,0,0,0,0,1,0,0,2.722615909090909,0,5.5,0,0,0,0,0
272,2305,access_vlan:SW1:eth1:20+access_vlan:SW2:eth1:20+access_vlan:SW2:eth2:10+trunk_remove:SW1:eth3:10+trunk_remove:SW1:eth3:20+trunk_remove:SW2:eth3:20,1656,1659,0.921245,-10.5,3,True,False,True,False,False,incorrect_declare_done,0.14953057219584784,3,1,1,0,0,0,0,0,3,0,0,0.9464156363636365,0,7.0,0,0,0,0,0
273,2306,access_vlan:SW1:eth1:20+access_vlan:SW1:eth2:10+access_vlan:SW2:eth1:20+trunk_remove:SW1:eth3:10+trunk_remove:SW1:eth3:20,1659,1662,0.9211025,-10.65,3,True,False,True,False,False,incorrect_declare_done,0.3328613080084324,3,2,0,0,0,0,0,0,3,0,0,0.9546524090909091,0,7.0,0,0,0,0,0
274,2307,access_vlan:SW1:eth1:20+access_vlan:SW2:eth2:10+trunk_remove:SW1:eth3:20+trunk_remove:SW2:eth3:20,1662,1674,0.9205325,-13.05,12,True,False,True,False,False,incorrect_declare_done,0.21617464752246937,12,5,2,0,0,0,0,0,3,1,1,3.448737590909091,0,7.5,0,0,0,0,0
275,2308,access_vlan:SW1:eth2:10+trunk_remove:SW1:eth3:20+trunk_remove:SW2:eth3:20,1674,1677,0.92039,-10.5,3,True,False,True,False,False,incorrect_declare_done,0.5187993943691254,3,1,1,0,0,0,0,0,3,2,2,1.3388203409090909,0,5.333333333333333,0,0,0,0,0
276,2309,access_vlan:SW1:eth1:20+access_vlan:SW1:eth2:10+access_vlan:SW2:eth2:10+trunk_remove:SW1:eth3:10,1677,1679,0.920295,-10.350000000000001,2,True,False,True,False,False,incorrect_declare_done,0.4178934544324875,2,1,0,0,0,0,0,0,3,0,0,0.6191265454545455,0,7.0,0,0,0,0,0
277,2310,access_vlan:SW1:eth2:10+access_vlan:SW2:eth2:10+trunk_remove:SW1:eth3:20+trunk_remove:SW2:eth3:10+trunk_remove:SW2:eth3:20,1679,1681,0.9202,-10.200000000000001,2,True,False,True,False,False,incorrect_declare_done,0.6485058963298798,2,0,1,0,0,0,0,0,4,0,0,0.18404475,0,9.0,0,0,0,0,0
278,2311,access_vlan:SW1:eth1:20+access_vlan:SW2:eth1:20+access_vlan:SW2:eth2:10+trunk_remove:SW1:eth3:20+trunk_remove:SW2:eth3:10+trunk_remove:SW2:eth3:20,1681,1704,0.9191075,-16.05,23,True,False,True,False,False,incorrect_declare_done,0.3346116610843202,23,15,4,0,0,0,0,0,2,10,10,6.9637716590909085,0,7.3478260869565215,0,0,0,0,0
279,2312,access_vlan:SW1:eth2:10+access_vlan:SW2:eth1:20+access_vlan:SW2:eth2:10,1704,1708,0.9189175,-10.8,4,True,False,True,False,False,incorrect_declare_done,0.23332878574728966,4,2,1,0,0,0,0,0,1,0,0,1.87974,0,5.25,0,0,0,0,0
280,2313,access_vlan:SW1:eth1:20+access_vlan:SW2:eth1:20+trunk_remove:SW1:eth3:10+trunk_remove:SW1:eth3:20+trunk_remove:SW2:eth3:10,1708,1721,0.9183,-13.5,13,True,False,True,False,False,incorrect_declare_done,0.3037879146062411,13,10,1,0,0,0,0,0,3,2,2,3.5991554090909097,0,7.615384615384615,0,0,0,0,0
281,2314,access_vlan:SW1:eth1:20+access_vlan:SW2:eth2:10+trunk_remove:SW1:eth3:10+trunk_remove:SW2:eth3:10+trunk_remove:SW2:eth3:20,1721,1734,0.9176825,7.1,13,True,False,True,False,True,recovery_success,0.3213643461752396,13,7,5,0,0,0,0,0,0,1,1,5.924531818181818,0,5.384615384615385,0,0,0,0,0
282,2315,access_vlan:SW1:eth1:20+access_vlan:SW1:eth2:10+access_vlan:SW2:eth2:10+trunk_remove:SW1:eth3:20+trunk_remove:SW2:eth3:10,1734,1740,0.9173975,-11.55,6,True,False,True,False,False,incorrect_declare_done,0.40440683749814826,6,5,0,0,0,0,0,0,3,0,0,1.9518137727272726,0,7.0,0,0,0,0,0
283,2316,access_vlan:SW1:eth2:10+trunk_remove:SW2:eth3:20,1740,1742,0.9173025,-10.350000000000001,2,True,False,True,False,False,incorrect_declare_done,0.24276700615882874,2,1,0,0,0,0,0,0,3,0,0,0.8756306818181819,0,5.5,0,0,0,0,0
284,2317,access_vlan:SW2:eth1:20+trunk_remove:SW1:eth3:20+trunk_remove:SW2:eth3:10,1742,1744,0.9172075,-10.350000000000001,2,True,False,True,False,False,incorrect_declare_done,0.42990146577358246,2,1,0,0,0,0,0,0,3,0,0,0.7004319999999999,0,6.5,0,0,0,0,0
285,2318,access_vlan:SW1:eth1:20+access_vlan:SW1:eth2:10+access_vlan:SW2:eth1:20+trunk_remove:SW1:eth3:10+trunk_remove:SW1:eth3:20+trunk_remove:SW2:eth3:10+trunk_remove:SW2:eth3:20,1744,1754,0.9167325,-12.600000000000001,10,True,False,True,False,False,incorrect_declare_done,0.3240047745406628,10,7,1,0,0,0,0,0,1,2,2,3.4676372045454547,0,6.7,0,0,0,0,0
286,2319,access_vlan:SW1:eth2:10+access_vlan:SW2:eth1:20+trunk_remove:SW1:eth3:10+trunk_remove:SW2:eth3:20,1754,1770,0.9159725,-13.95,16,True,False,True,False,False,incorrect_declare_done,0.34525879193097353,16,10,4,0,0,0,0,0,1,2,2,6.164013409090909,0,6.3125,0,0,0,0,0
287,2320,access_vlan:SW1:eth1:20+access_vlan:SW1:eth2:10+access_vlan:SW2:eth2:10+trunk_remove:SW1:eth3:10+trunk_remove:SW1:eth3:20+trunk_remove:SW2:eth3:20,1770,1771,0.915925,-10.05,1,True,False,True,False,False,incorrect_declare_done,0.8359301090240479,1,0,0,0,0,0,0,0,3,0,0,0.36637,0,6.0,0,0,0,0,0
288,2321,access_vlan:SW1:eth1:20+access_vlan:SW1:eth2:10+trunk_remove:SW1:eth3:20+trunk_remove:SW2:eth3:10+trunk_remove:SW2:eth3:20,1771,1779,0.915545,-12.5,8,True,False,True,False,False,incorrect_declare_done,0.44190970435738564,8,5,1,0,1,1,1,0,3,1,1,1.5150189545454547,1,8.5,0,0,1,0,0
289,2322,access_vlan:SW2:eth1:20+trunk_remove:SW2:eth3:20,1779,1783,0.915355,-10.8,4,True,False,True,False,False,incorrect_declare_done,0.22838777350261807,4,2,1,0,0,0,0,0,2,0,0,1.4813230909090909,0,6.25,0,0,0,0,0
290,2323,access_vlan:SW1:eth1:20+access_vlan:SW1:eth2:10+access_vlan:SW2:eth2:10+trunk_remove:SW1:eth3:10+trunk_remove:SW2:eth3:10+trunk_remove:SW2:eth3:20,1783,1797,0.91469,6.5,14,True,False,True,False,True,recovery_success,0.32549724727869034,14,8,3,0,0,0,0,0,0,6,6,7.011945431818182,0,4.928571428571429,0,0,0,0,0
291,2324,access_vlan:SW2:eth1:20+trunk_remove:SW1:eth3:10+trunk_remove:SW1:eth3:20+trunk_remove:SW2:eth3:20,1797,1804,0.9143575,-11.700000000000001,7,True,False,True,False,False,incorrect_declare_done,0.2351757852094514,7,4,1,0,0,0,0,0,1,1,1,2.6021288863636363,0,6.428571428571429,0,0,0,0,0
292,2325,access_vlan:SW1:eth1:20+access_vlan:SW1:eth2:10+access_vlan:SW2:eth1:20+access_vlan:SW2:eth2:10+trunk_remove:SW1:eth3:10+trunk_remove:SW1:eth3:20+trunk_remove:SW2:eth3:10,1804,1810,0.9140725,8.45,6,True,False,True,False,True,recovery_success,0.4427108292778333,6,4,0,0,0,0,0,0,0,3,3,2.725883863636364,0,5.333333333333333,0,0,0,0,0
293,2326,access_vlan:SW2:eth2:10+trunk_remove:SW1:eth3:10+trunk_remove:SW1:eth3:20+trunk_remove:SW2:eth3:10+trunk_remove:SW2:eth3:20,1810,1819,0.913645,-12.450000000000001,9,True,False,True,False,False,incorrect_declare_done,0.37313867794970673,9,6,0,0,0,0,0,0,2,0,0,2.6833009090909092,0,7.333333333333333,0,0,0,0,0
294,2327,access_vlan:SW1:eth1:20+trunk_remove:SW2:eth3:10,1819,1824,0.9134075,9.049999999999999,5,True,False,True,False,True,recovery_success,0.29105990529060366,5,2,2,0,0,0,0,0,0,0,0,2.8235164772727277,0,4.0,0,0,0,0,0
295,2328,access_vlan:SW1:eth1:20+trunk_remove:SW1:eth3:10+trunk_remove:SW1:eth3:20,1824,1831,0.913075,8.299999999999999,7,True,False,True,False,True,recovery_success,0.3099321826760258,7,5,1,0,0,0,0,0,0,0,0,3.5199269545454546,0,4.857142857142857,0,0,0,0,0
296,2329,access_vlan:SW2:eth1:20+access_vlan:SW2:eth2:10+trunk_remove:SW1:eth3:10+trunk_remove:SW1:eth3:20,1831,1842,0.9125525,-13.1,11,True,False,True,False,False,incorrect_declare_done,0.3112335337156599,11,6,3,0,1,1,1,0,2,5,5,3.302522727272728,1,7.090909090909091,0,0,1,0,0
297,2330,access_vlan:SW1:eth1:20+access_vlan:SW2:eth2:10+trunk_remove:SW2:eth3:10,1842,1850,0.9121725,-11.850000000000001,8,True,False,True,False,False,incorrect_declare_done,0.22045935434289277,8,5,2,0,0,0,0,0,3,0,0,1.509496,0,8.625,0,0,0,0,0
298,2331,access_vlan:SW1:eth2:10+access_vlan:SW2:eth2:10+trunk_remove:SW1:eth3:10+trunk_remove:SW1:eth3:20,1850,1851,0.912125,-10.05,1,True,False,True,False,False,incorrect_declare_done,0.5153874158859253,1,0,0,0,0,0,0,0,4,0,0,0.0912125,0,9.0,0,0,0,0,0
299,2332,access_vlan:SW1:eth1:20+access_vlan:SW2:eth1:20+access_vlan:SW2:eth2:10+trunk_remove:SW1:eth3:10+trunk_remove:SW1:eth3:20+trunk_remove:SW2:eth3:10+trunk_remove:SW2:eth3:20,1851,1857,0.91184,-11.25,6,True,False,True,False,False,incorrect_declare_done,0.4862944148480892,6,3,2,0,0,0,0,0,3,0,0,1.649811318181818,0,7.333333333333333,0,0,0,0,0
300,2333,access_vlan:SW1:eth2:10+access_vlan:SW2:eth2:10+trunk_remove:SW1:eth3:20,1857,1861,0.91165,-11.450000000000001,4,True,False,True,False,False,incorrect_declare_done,0.2909965440630913,4,2,0,0,1,1,1,0,3,0,0,1.5913455454545455,1,6.0,0,0,1,0,0
301,2334,access_vlan:SW1:eth2:10+trunk_remove:SW1:eth3:10+trunk_remove:SW1:eth3:20+trunk_remove:SW2:eth3:10,1861,1862,0.9116025,-10.05,1,True,False,True,False,False,incorrect_declare_done,0.4363801181316376,1,0,0,0,0,0,0,0,3,0,0,0.27348075,0,7.0,0,0,0,0,0
302,2335,access_vlan:SW1:eth1:20+access_vlan:SW1:eth2:10+access_vlan:SW2:eth1:20+trunk_remove:SW1:eth3:20,1862,1873,0.91108,7.549999999999999,11,True,False,True,False,True,recovery_success,0.312781077216972,11,5,4,0,0,0,0,0,0,0,0,6.080662227272727,0,4.2727272727272725,0,0,0,0,0
303,2336,access_vlan:SW1:eth2:10+access_vlan:SW2:eth2:10+trunk_remove:SW1:eth3:10+trunk_remove:SW2:eth3:10+trunk_remove:SW2:eth3:20,1873,1881,0.9107000000000001,-12.15,8,True,False,True,False,False,incorrect_declare_done,0.2812693174928427,8,6,0,0,0,0,0,0,3,5,5,1.3248013636363636,0,8.875,0,0,0,0,0
304,2337,access_vlan:SW1:eth1:20+access_vlan:SW1:eth2:10+access_vlan:SW2:eth1:20+access_vlan:SW2:eth2:10+trunk_remove:SW1:eth3:10+trunk_remove:SW1:eth3:20+trunk_remove:SW2:eth3:10+trunk_remove:SW2:eth3:20,1881,1885,0.91051,-10.8,4,True,False,True,False,False,incorrect_declare_done,0.29685518704354763,4,1,1,0,0,0,0,0,2,0,0,1.423818818181818,0,6.25,0,0,0,0,0
305,2338,access_vlan:SW1:eth1:20+access_vlan:SW1:eth2:10+trunk_remove:SW2:eth3:10+trunk_remove:SW2:eth3:20,1885,1891,0.9102250000000001,-12.05,6,True,False,True,False,False,incorrect_declare_done,0.3243136803309123,6,4,0,0,1,1,1,0,3,0,0,1.3572121363636365,1,8.0,0,0,1,0,0
306,2339,access_vlan:SW1:eth1:20+access_vlan:SW1:eth2:10+trunk_remove:SW2:eth3:10+trunk_remove:SW2:eth3:20,1891,1907,0.909465,5.4,16,True,False,True,False,True,recovery_success,0.2546182385412976,16,11,3,0,1,1,1,0,0,9,9,6.881151181818182,1,5.75,0,0,1,0,0
307,2340,access_vlan:SW1:eth1:20+access_vlan:SW2:eth1:20,1907,1915,0.909085,-12.5,8,True,False,True,False,False,incorrect_declare_done,0.31580804102122784,8,5,1,0,1,1,1,0,3,1,1,3.2402157727272725,1,6.0,0,0,1,0,0
308,2341,access_vlan:SW2:eth1:20+trunk_remove:SW1:eth3:10+trunk_remove:SW1:eth3:20+trunk_remove:SW2:eth3:20,1915,1927,0.908515,7.4,12,True,False,True,False,True,recovery_success,0.2901499953198557,12,6,5,0,0,0,0,0,0,2,2,6.716381022727273,0,4.166666666666667,0,0,0,0,0
309,2342,access_vlan:SW1:eth2:10+access_vlan:SW2:eth1:20+access_vlan:SW2:eth2:10+trunk_remove:SW1:eth3:10+trunk_remove:SW2:eth3:10+trunk_remove:SW2:eth3:20,1927,1934,0.9081825,-11.55,7,True,False,True,False,False,incorrect_declare_done,0.30782319818224224,7,4,2,0,0,0,0,0,3,0,0,2.1964798863636363,0,7.0,0,0,0,0,0
310,2343,access_vlan:SW1:eth2:10+access_vlan:SW2:eth1:20+access_vlan:SW2:eth2:10+trunk_remove:SW1:eth3:10+trunk_remove:SW1:eth3:20+trunk_remove:SW2:eth3:10,1934,1935,0.908135,-10.05,1,True,False,True,False,False,incorrect_declare_done,0.4255557954311371,1,0,0,0,0,0,0,0,3,0,0,0.2724405,0,7.0,0,0,0,0,0
311,2344,access_vlan:SW1:eth1:20+access_vlan:SW1:eth2:10+access_vlan:SW2:eth1:20+trunk_remove:SW1:eth3:20+trunk_remove:SW2:eth3:10+trunk_remove:SW2:eth3:20,1935,1945,0.90766,7.3999999999999995,10,True,False,True,False,True,recovery_success,0.21823702603578568,10,8,1,0,0,0,0,0,0,4,4,3.821134659090909,0,6.3,0,0,0,0,0
312,2345,access_vlan:SW2:eth1:20+trunk_remove:SW1:eth3:10,1945,1951,0.907375,-11.25,6,True,False,True,False,False,incorrect_declare_done,0.45307646443446475,6,2,2,0,0,0,0,0,1,1,1,3.1349546590909094,0,4.5,0,0,0,0,0
313,2346,access_vlan:SW1:eth1:20+access_vlan:SW2:eth1:20+trunk_remove:SW1:eth3:20,1951,1954,0.9072325,-10.65,3,True,False,True,False,False,incorrect_declare_done,0.41839030385017395,3,2,0,0,0,0,0,0,3,1,1,0.5855911590909091,0,8.333333333333334,0,0,0,0,0
314,2347,access_vlan:SW1:eth2:10+access_vlan:SW2:eth1:20+trunk_remove:SW1:eth3:10+trunk_remove:SW1:eth3:20+trunk_remove:SW2:eth3:10,1954,1958,0.9070425,-10.950000000000001,4,True,False,True,False,False,incorrect_declare_done,0.24909912422299385,4,3,0,0,0,0,0,0,3,0,0,0.7421515909090909,0,8.5,0,0,0,0,0
315,2348,access_vlan:SW1:eth1:20+access_vlan:SW1:eth2:10+access_vlan:SW2:eth1:20+access_vlan:SW2:eth2:10+trunk_remove:SW2:eth3:10,1958,1964,0.9067575,-11.4,6,True,False,True,False,False,incorrect_declare_done,0.2347638551145792,6,2,1,0,0,0,0,0,1,0,0,3.1658199545454546,0,4.333333333333333,0,0,0,0,0
316,2349,access_vlan:SW1:eth1:20+access_vlan:SW1:eth2:10+access_vlan:SW2:eth2:10+trunk_remove:SW1:eth3:20+trunk_remove:SW2:eth3:20,1964,1967,0.906615,-10.350000000000001,3,True,False,True,False,False,incorrect_declare_done,0.17752701044082642,3,0,2,0,0,0,0,0,3,0,0,1.3599937500000001,0,5.0,0,0,0,0,0
317,2350,access_vlan:SW1:eth1:20+access_vlan:SW2:eth1:20,1967,1970,0.9064725,-10.5,3,True,False,True,False,False,incorrect_declare_done,0.26201382279396057,3,1,1,0,0,0,0,0,4,0,0,0.5274306818181818,0,8.333333333333334,0,0,1,-1,0
318,2351,access_vlan:SW1:eth2:10+trunk_remove:SW1:eth3:10+trunk_remove:SW1:eth3:20,1970,1976,0.9061875,-11.4,6,True,False,True,False,False,incorrect_declare_done,0.30767422386755544,6,4,1,0,0,0,0,0,1,3,3,2.587064318181818,0,5.666666666666667,0,0,0,0,0
319,2352,trunk_remove:SW1:eth3:10+trunk_remove:SW1:eth3:20+trunk_remove:SW2:eth3:10+trunk_remove:SW2:eth3:20,1976,1982,0.9059025,-11.25,6,True,False,True,False,False,incorrect_declare_done,0.2820745383699735,6,2,2,0,0,0,0,0,2,0,0,2.009724181818182,0,6.833333333333333,0,0,0,0,0
320,2353,access_vlan:SW1:eth1:20+access_vlan:SW2:eth1:20+trunk_remove:SW1:eth3:20+trunk_remove:SW2:eth3:10,1982,1986,0.9057125,-10.8,4,True,False,True,False,False,incorrect_declare_done,0.29888796992599964,4,2,1,0,0,0,0,0,2,0,0,1.3257127727272728,0,6.75,0,0,0,0,0
321,2354,access_vlan:SW1:eth1:20+access_vlan:SW2:eth1:20+trunk_remove:SW1:eth3:10,1986,1993,0.90538,-11.9,7,True,False,True,False,False,incorrect_declare_done,0.2620641684957913,7,3,3,0,1,1,1,0,3,0,0,1.5311095909090908,1,8.0,0,0,1,0,0
322,2355,access_vlan:SW1:eth1:20+access_vlan:SW1:eth2:10+access_vlan:SW2:eth1:20+trunk_remove:SW1:eth3:20,1993,1997,0.90519,-10.950000000000001,4,True,False,True,False,False,incorrect_declare_done,0.24303800333291292,4,2,0,0,0,0,0,0,3,0,0,1.349664818181818,0,6.75,0,0,0,0,0
323,2356,trunk_remove:SW2:eth3:10+trunk_remove:SW2:eth3:20,1997,2010,0.9045725,-12.9,13,True,False,True,False,False,incorrect_declare_done,0.6080981968687131,13,4,5,0,0,0,0,0,1,0,0,5.922543863636364,0,5.230769230769231,0,0,0,0,0
324,2357,access_vlan:SW1:eth1:20+access_vlan:SW2:eth1:20+access_vlan:SW2:eth2:10+trunk_remove:SW2:eth3:20,2010,2015,0.904335,-11.100000000000001,5,True,False,True,False,False,incorrect_declare_done,0.5319743037223816,5,2,1,0,0,0,0,0,1,1,1,2.3679328181818184,0,5.0,0,0,0,0,0
325,2358,access_vlan:SW2:eth1:20+access_vlan:SW2:eth2:10+trunk_remove:SW1:eth3:10+trunk_remove:SW2:eth3:20,2015,2024,0.9039075,7.35,9,True,False,True,False,True,recovery_success,0.4554821087254418,9,6,2,0,1,1,1,0,0,3,3,3.632581136363637,1,6.0,0,0,1,0,0
326,2359,access_vlan:SW1:eth1:20+access_vlan:SW1:eth2:10+trunk_remove:SW1:eth3:20+trunk_remove:SW2:eth3:10+trunk_remove:SW2:eth3:20,2024,2027,0.903765,-11.15,3,True,False,True,False,False,incorrect_declare_done,0.5205740332603455,3,2,0,0,1,1,1,0,3,3,3,0.8298516818181818,1,7.333333333333333,0,0,1,0,0
327,2360,access_vlan:SW1:eth1:20+access_vlan:SW1:eth2:10+access_vlan:SW2:eth1:20+access_vlan:SW2:eth2:10+trunk_remove:SW1:eth3:10,2027,2031,0.903575,-10.8,4,True,False,True,False,False,incorrect_declare_done,0.6645260751247406,4,2,1,0,0,0,0,0,1,1,1,2.070176590909091,0,4.5,0,0,0,0,0
328,2361,access_vlan:SW2:eth2:10+trunk_remove:SW1:eth3:10+trunk_remove:SW2:eth3:20,2031,2036,0.9033375,-11.25,5,True,False,True,False,False,incorrect_declare_done,0.673551219701767,5,4,0,0,0,0,0,0,3,0,0,1.5112125909090908,0,7.2,0,0,0,0,0
329,2362,access_vlan:SW1:eth1:20+trunk_remove:SW2:eth3:20,2036,2044,0.9029575,-12.15,8,True,False,True,False,False,incorrect_declare_done,0.7080987356603146,8,7,0,0,0,0,0,0,2,2,2,2.4958857727272727,0,7.125,0,0,0,0,0
330,2363,access_vlan:SW2:eth2:10+trunk_remove:SW1:eth3:10+trunk_remove:SW1:eth3:20+trunk_remove:SW2:eth3:10+trunk_remove:SW2:eth3:20,2044,2051,0.902625,-11.700000000000001,7,True,False,True,False,False,incorrect_declare_done,0.7553432881832123,7,3,1,0,0,0,0,0,2,3,3,2.207663931818182,0,6.857142857142857,0,0,0,0,0
331,2364,access_vlan:SW1:eth2:10+access_vlan:SW2:eth1:20+trunk_remove:SW1:eth3:20+trunk_remove:SW2:eth3:10,2051,2053,0.90253,-10.350000000000001,2,True,False,True,False,False,incorrect_declare_done,0.46845975518226624,2,1,0,0,0,0,0,0,3,0,0,0.41024090909090916,0,8.0,0,0,0,0,0
332,2365,access_vlan:SW1:eth2:10+trunk_remove:SW1:eth3:10,2053,2070,0.9017225,5.75,17,True,False,True,False,True,recovery_success,0.4217337834484437,17,11,4,0,0,0,0,0,0,12,12,6.330888772727273,0,6.352941176470588,0,0,0,0,0
333,2366,access_vlan:SW1:eth1:20+access_vlan:SW1:eth2:10+access_vlan:SW2:eth1:20+trunk_remove:SW1:eth3:10+trunk_remove:SW2:eth3:20,2070,2074,0.9015325,-10.8,4,True,False,True,False,False,incorrect_declare_done,0.37405336648225784,4,2,1,0,0,0,0,0,1,1,1,1.9179359090909092,0,5.0,0,0,0,0,0
334,2367,access_vlan:SW1:eth2:10+trunk_remove:SW1:eth3:10+trunk_remove:SW1:eth3:20+trunk_remove:SW2:eth3:10+trunk_remove:SW2:eth3:20,2074,2079,0.901295,-11.25,5,True,False,True,False,False,incorrect_declare_done,0.44148723483085633,5,3,0,0,0,0,0,0,3,0,0,1.335703,0,7.6,0,0,0,0,0
335,2368,access_vlan:SW2:eth2:10+trunk_remove:SW2:eth3:10,2079,2084,0.9010575,-10.950000000000001,5,True,False,True,False,False,incorrect_declare_done,0.6615936875343322,5,2,2,0,0,0,0,0,1,2,2,2.277437409090909,0,5.2,0,0,0,0,0
336,2369,access_vlan:SW2:eth2:10+trunk_remove:SW1:eth3:10+trunk_remove:SW1:eth3:20+trunk_remove:SW2:eth3:10+trunk_remove:SW2:eth3:20,2084,2087,0.900915,-10.5,3,True,False,True,False,False,incorrect_declare_done,0.515021413564682,3,1,1,0,0,0,0,0,3,0,0,0.8681972045454546,0,7.0,0,0,0,0,0
337,2370,access_vlan:SW1:eth2:10+access_vlan:SW2:eth1:20+access_vlan:SW2:eth2:10+trunk_remove:SW1:eth3:20+trunk_remove:SW2:eth3:20,2087,2110,0.8998225,-15.75,23,True,False,True,False,False,incorrect_declare_done,0.4532547470020211,23,10,6,0,0,0,0,0,1,0,0,11.41782375,0,4.869565217391305,0,0,0,0,0
338,2371,access_vlan:SW2:eth1:20+access_vlan:SW2:eth2:10+trunk_remove:SW2:eth3:20,2110,2119,0.8993950000000001,-12.95,9,True,False,True,False,False,incorrect_declare_done,0.48073246081670123,9,7,0,0,1,1,1,0,3,5,5,1.7254268181818182,1,8.555555555555555,0,0,1,0,0
339,2372,access_vlan:SW1:eth1:20+access_vlan:SW2:eth1:20+access_vlan:SW2:eth2:10+trunk_remove:SW2:eth3:10+trunk_remove:SW2:eth3:20,2119,2135,0.898635,-13.95,16,True,False,True,False,False,incorrect_declare_done,0.5053164083510637,16,9,4,0,0,0,0,0,2,3,3,5.3776458181818185,0,6.8125,0,0,0,0,0
340,2373,access_vlan:SW2:eth1:20+trunk_remove:SW2:eth3:20,2135,2138,0.8984925,-10.350000000000001,3,True,False,True,False,False,incorrect_declare_done,0.48114436864852905,3,0,2,0,0,0,0,0,3,3,3,1.078248,0,6.0,0,0,0,0,0
341,2374,access_vlan:SW1:eth2:10+access_vlan:SW2:eth1:20+trunk_remove:SW1:eth3:10+trunk_remove:SW2:eth3:10+trunk_remove:SW2:eth3:20,2138,2147,0.898065,8.0,9,True,False,True,False,True,recovery_success,0.42866788970099556,9,5,3,0,0,0,0,0,0,2,2,4.082700909090909,0,5.333333333333333,0,0,0,0,0
342,2375,access_vlan:SW1:eth2:10+access_vlan:SW2:eth1:20+access_vlan:SW2:eth2:10+trunk_remove:SW1:eth3:10+trunk_remove:SW1:eth3:20+trunk_remove:SW2:eth3:10,2147,2154,0.8977325,-11.700000000000001,7,True,False,True,False,False,incorrect_declare_done,0.3780663013458252,7,4,1,0,0,0,0,0,3,1,1,2.0895805681818183,0,7.142857142857143,0,0,0,0,0
343,2376,access_vlan:SW1:eth1:20+trunk_remove:SW2:eth3:20,2154,2155,0.897685,-10.05,1,True,False,True,False,False,incorrect_declare_done,0.3022300601005554,1,0,0,0,0,0,0,0,3,1,1,0.359074,0,6.0,0,0,0,0,0
344,2377,access_vlan:SW1:eth1:20+access_vlan:SW2:eth1:20+access_vlan:SW2:eth2:10+trunk_remove:SW1:eth3:10+trunk_remove:SW2:eth3:20,2155,2177,0.89664,-16.2,22,True,False,True,False,False,incorrect_declare_done,0.34577548978003586,22,18,1,0,0,0,0,0,1,8,8,7.617142272727273,0,6.7272727272727275,0,0,0,0,0
345,2378,access_vlan:SW1:eth1:20+access_vlan:SW1:eth2:10+access_vlan:SW2:eth1:20+access_vlan:SW2:eth2:10+trunk_remove:SW1:eth3:10+trunk_remove:SW1:eth3:20+trunk_remove:SW2:eth3:10+trunk_remove:SW2:eth3:20,2177,2182,0.8964025,-10.950000000000001,5,True,False,True,False,False,incorrect_declare_done,0.2590059608221054,5,2,2,0,0,0,0,0,1,0,0,2.396057909090909,0,5.0,0,0,0,0,0
346,2379,access_vlan:SW1:eth1:20+access_vlan:SW1:eth2:10+access_vlan:SW2:eth1:20+trunk_remove:SW2:eth3:10,2182,2187,0.896165,8.75,5,True,False,True,False,True,recovery_success,0.35496221780776976,5,4,0,0,0,0,0,0,0,0,0,2.566523863636364,0,4.6,0,0,0,0,0
347,2380,access_vlan:SW1:eth2:10+access_vlan:SW2:eth1:20+access_vlan:SW2:eth2:10+trunk_remove:SW2:eth3:10+trunk_remove:SW2:eth3:20,2187,2189,0.89607,-10.350000000000001,2,True,False,True,False,False,incorrect_declare_done,0.3119764029979706,2,1,0,0,0,0,0,0,2,0,0,0.7657515454545455,0,6.0,0,0,0,0,0
348,2381,access_vlan:SW1:eth1:20+access_vlan:SW2:eth1:20+trunk_remove:SW1:eth3:10+trunk_remove:SW1:eth3:20+trunk_remove:SW2:eth3:20,2189,2191,0.895975,-10.350000000000001,2,True,False,True,False,False,incorrect_declare_done,0.35355792194604874,2,1,0,0,0,0,0,0,3,1,1,0.3258090909090909,0,8.5,0,0,0,0,0
349,2382,access_vlan:SW1:eth1:20+access_vlan:SW1:eth2:10+access_vlan:SW2:eth2:10+trunk_remove:SW1:eth3:20+trunk_remove:SW2:eth3:20,2191,2193,0.89588,-10.200000000000001,2,True,False,True,False,False,incorrect_declare_done,0.27319061756134033,2,0,1,0,0,0,0,0,3,0,0,0.89590375,0,5.0,0,0,0,0,0
350,2383,access_vlan:SW1:eth1:20+access_vlan:SW1:eth2:10+trunk_remove:SW1:eth3:10+trunk_remove:SW1:eth3:20+trunk_remove:SW2:eth3:20,2193,2206,0.8952625,-13.55,13,True,False,True,False,False,incorrect_declare_done,0.3504847987340047,13,7,4,0,1,1,1,0,1,2,2,4.583109863636364,1,6.461538461538462,0,0,1,0,0
351,2384,access_vlan:SW1:eth1:20+access_vlan:SW2:eth1:20,2206,2211,0.895025,8.549999999999999,5,True,False,True,False,True,recovery_success,0.3127974599599838,5,2,2,0,1,1,1,0,0,0,0,2.310949,1,5.0,0,0,1,0,0
352,2385,access_vlan:SW1:eth2:10+trunk_remove:SW1:eth3:20+trunk_remove:SW2:eth3:10+trunk_remove:SW2:eth3:20,2211,2213,0.89493,-10.350000000000001,2,True,False,True,False,False,incorrect_declare_done,0.3502182066440582,2,1,0,0,0,0,0,0,3,1,1,0.6834200909090908,0,6.5,0,0,0,0,0
353,2386,access_vlan:SW1:eth1:20,2213,2218,0.8946925,-11.25,5,True,False,True,False,False,incorrect_declare_done,0.40047102570533755,5,3,0,0,0,0,0,0,1,0,0,2.4809844318181815,0,4.8,0,0,0,0,0
354,2387,access_vlan:SW1:eth2:10+trunk_remove:SW1:eth3:10+trunk_remove:SW1:eth3:20,2218,2222,0.8945025,-10.950000000000001,4,True,False,True,False,False,incorrect_declare_done,0.29790572077035904,4,2,0,0,0,0,0,0,2,2,2,1.4475782272727273,0,6.25,0,0,0,0,0
355,2388,access_vlan:SW1:eth2:10+access_vlan:SW2:eth1:20+trunk_remove:SW2:eth3:10,2222,2223,0.894455,-10.05,1,True,False,True,False,False,incorrect_declare_done,0.22058290243148804,1,0,0,0,0,0,0,0,4,0,0,0.178891,0,8.0,0,0,0,0,0
356,2389,access_vlan:SW1:eth1:20+access_vlan:SW2:eth1:20+trunk_remove:SW1:eth3:10+trunk_remove:SW1:eth3:20+trunk_remove:SW2:eth3:20,2223,2228,0.8942175,-11.25,5,True,False,True,False,False,incorrect_declare_done,0.3295443385839462,5,3,0,0,0,0,0,0,2,0,0,1.4633772727272727,0,7.2,0,0,0,0,0
357,2390,access_vlan:SW1:eth1:20+access_vlan:SW2:eth2:10+trunk_remove:SW1:eth3:20,2228,2229,0.89417,-10.05,1,True,False,True,False,False,incorrect_declare_done,0.18495041131973267,1,0,0,0,0,0,0,0,4,0,0,0.178834,0,8.0,0,0,0,0,0
358,2391,access_vlan:SW1:eth1:20,2229,2241,0.8936,7.85,12,True,False,True,False,True,recovery_success,0.3134306451926629,12,3,8,0,0,0,0,0,0,0,0,6.541187613636364,0,4.083333333333333,0,0,0,0,0
359,2392,access_vlan:SW1:eth1:20+access_vlan:SW1:eth2:10+access_vlan:SW2:eth2:10+trunk_remove:SW1:eth3:10+trunk_remove:SW2:eth3:10+trunk_remove:SW2:eth3:20,2241,2243,0.893505,-10.350000000000001,2,True,False,True,False,False,incorrect_declare_done,0.28708746284246445,2,1,0,0,0,0,0,0,2,1,1,0.6742043863636364,0,6.5,0,0,0,0,0
360,2393,access_vlan:SW1:eth1:20+access_vlan:SW2:eth2:10+trunk_remove:SW2:eth3:10,2243,2247,0.893315,-10.8,4,True,False,True,False,False,incorrect_declare_done,0.23639202117919922,4,2,1,0,0,0,0,0,1,1,1,1.3319205454545453,0,6.5,0,0,0,0,0
361,2394,access_vlan:SW1:eth1:20+access_vlan:SW1:eth2:10+access_vlan:SW2:eth2:10+trunk_remove:SW1:eth3:10+trunk_remove:SW1:eth3:20+trunk_remove:SW2:eth3:10,2247,2248,0.8932675,-10.05,1,True,False,True,False,False,incorrect_declare_done,0.23341214656829834,1,0,0,0,0,0,0,0,3,0,0,0.26798025000000003,0,7.0,0,0,0,0,0
362,2395,access_vlan:SW1:eth1:20+access_vlan:SW1:eth2:10+access_vlan:SW2:eth1:20+access_vlan:SW2:eth2:10+trunk_remove:SW2:eth3:10,2248,2253,0.89303,8.899999999999999,5,True,False,True,False,True,recovery_success,0.23936465233564377,5,2,1,0,0,0,0,0,0,0,0,2.825502,0,3.8,0,0,0,0,0
363,2396,access_vlan:SW1:eth1:20+access_vlan:SW2:eth1:20+access_vlan:SW2:eth2:10+trunk_remove:SW1:eth3:20+trunk_remove:SW2:eth3:20,2253,2271,0.8921749999999999,5.45,18,True,False,True,False,True,recovery_success,0.2530563937293159,18,11,4,0,0,0,0,0,0,4,4,8.219230204545454,0,5.333333333333333,0,0,0,0,0
364,2397,access_vlan:SW1:eth1:20+access_vlan:SW2:eth2:10+trunk_remove:SW1:eth3:20+trunk_remove:SW2:eth3:10+trunk_remove:SW2:eth3:20,2271,2273,0.89208,-10.350000000000001,2,True,False,True,False,False,incorrect_declare_done,0.2523917704820633,2,1,0,0,0,0,0,0,4,0,0,0.0,0,10.5,0,0,0,0,0
365,2398,access_vlan:SW1:eth1:20+access_vlan:SW1:eth2:10+access_vlan:SW2:eth1:20+trunk_remove:SW1:eth3:10+trunk_remove:SW2:eth3:10,2273,2274,0.8920325,-10.05,1,True,False,True,False,False,incorrect_declare_done,0.42194753885269165,1,0,0,0,0,0,0,0,3,0,0,0.44601625,0,5.0,0,0,0,0,0
366,2399,access_vlan:SW1:eth1:20+access_vlan:SW2:eth1:20+access_vlan:SW2:eth2:10+trunk_remove:SW1:eth3:10+trunk_remove:SW2:eth3:10+trunk_remove:SW2:eth3:20,2274,2281,0.8917,-11.850000000000001,7,True,False,True,False,False,incorrect_declare_done,0.27625239321163725,7,5,0,0,0,0,0,0,3,1,1,2.2539404545454547,0,6.857142857142857,0,0,0,0,0
367,2400,access_vlan:SW2:eth2:10+trunk_remove:SW1:eth3:10+trunk_remove:SW1:eth3:20+trunk_remove:SW2:eth3:10+trunk_remove:SW2:eth3:20,2281,2289,0.89132,8.149999999999999,8,True,False,True,False,True,recovery_success,0.30237271450459957,8,5,2,0,0,0,0,0,0,0,0,3.914292795454545,0,4.875,0,0,0,0,0
368,2401,access_vlan:SW1:eth2:10+trunk_remove:SW1:eth3:10+trunk_remove:SW1:eth3:20,2289,2293,0.89113,-10.950000000000001,4,True,False,True,False,False,incorrect_declare_done,0.2956223674118519,4,2,0,0,0,0,0,0,2,1,1,1.4907349090909092,0,6.25,0,0,0,0,0
369,2402,access_vlan:SW1:eth2:10+trunk_remove:SW2:eth3:10+trunk_remove:SW2:eth3:20,2293,2301,0.89075,-12.15,8,True,False,True,False,False,incorrect_declare_done,0.23319765459746122,8,6,0,0,0,0,0,0,3,3,3,2.381193,0,7.25,0,0,0,0,0
370,2403,access_vlan:SW1:eth1:20+access_vlan:SW2:eth1:20+trunk_remove:SW1:eth3:10+trunk_remove:SW1:eth3:20+trunk_remove:SW2:eth3:10+trunk_remove:SW2:eth3:20,2301,2309,0.89037,-11.850000000000001,8,True,False,True,False,False,incorrect_declare_done,0.28575509414076805,8,4,2,0,0,0,0,0,2,4,4,2.266707272727273,0,7.375,0,0,0,0,0
371,2404,access_vlan:SW1:eth2:10+access_vlan:SW2:eth1:20+access_vlan:SW2:eth2:10+trunk_remove:SW1:eth3:20+trunk_remove:SW2:eth3:20,2309,2316,0.8900375,-11.700000000000001,7,True,False,True,False,False,incorrect_declare_done,0.2656592960868563,7,4,1,0,0,0,0,0,1,0,0,3.4392907954545455,0,4.857142857142857,0,0,0,0,0
372,2405,access_vlan:SW1:eth1:20+access_vlan:SW1:eth2:10+access_vlan:SW2:eth2:10+trunk_remove:SW2:eth3:20,2316,2318,0.8899425,-10.350000000000001,2,True,False,True,False,False,incorrect_declare_done,0.2742922753095627,2,1,0,0,0,0,0,0,1,0,0,1.0113220454545453,0,4.5,0,0,0,0,0
373,2406,access_vlan:SW1:eth1:20+access_vlan:SW1:eth2:10+access_vlan:SW2:eth1:20+trunk_remove:SW1:eth3:10+trunk_remove:SW2:eth3:10,2318,2327,0.8895150000000001,7.999999999999999,9,True,False,True,False,True,recovery_success,0.2531584095623758,9,4,3,0,0,0,0,0,0,0,0,4.974182045454545,0,4.111111111111111,0,0,0,0,0
374,2407,trunk_remove:SW1:eth3:20+trunk_remove:SW2:eth3:20,2327,2332,0.8892774999999999,9.049999999999999,5,True,False,True,False,True,recovery_success,0.19748998433351517,5,2,2,0,0,0,0,0,0,0,0,3.201707318181818,0,3.0,0,0,0,0,0
375,2408,access_vlan:SW1:eth1:20+access_vlan:SW2:eth1:20+access_vlan:SW2:eth2:10+trunk_remove:SW1:eth3:10+trunk_remove:SW1:eth3:20+trunk_remove:SW2:eth3:10+trunk_remove:SW2:eth3:20,2332,2338,0.8889925,-11.4,6,True,False,True,False,False,incorrect_declare_done,0.17444471021493277,6,4,1,0,0,0,0,0,1,1,1,2.610701045454545,0,5.5,0,0,0,0,0
376,2409,access_vlan:SW1:eth2:10+trunk_remove:SW1:eth3:10+trunk_remove:SW2:eth3:20,2338,2341,0.88885,-10.65,3,True,False,True,False,False,incorrect_declare_done,0.1443923239906629,3,2,0,0,0,0,0,0,3,1,1,1.0020316363636363,0,6.666666666666667,0,0,0,0,0
377,2410,access_vlan:SW1:eth1:20+access_vlan:SW1:eth2:10+trunk_remove:SW1:eth3:10+trunk_remove:SW2:eth3:10+trunk_remove:SW2:eth3:20,2341,2344,0.8887075,-10.5,3,True,False,True,False,False,incorrect_declare_done,0.15518171340227127,3,1,1,0,0,0,0,0,2,0,0,0.08888025000000001,0,10.333333333333334,0,0,1,-1,0
378,2411,access_vlan:SW1:eth1:20+access_vlan:SW2:eth1:20+access_vlan:SW2:eth2:10+trunk_remove:SW2:eth3:20,2344,2352,0.8883275,8.6,8,True,False,True,False,True,recovery_success,0.279778434894979,8,2,5,0,0,0,0,0,0,2,2,4.910815136363636,0,3.25,0,0,0,0,0
379,2412,access_vlan:SW1:eth1:20+access_vlan:SW1:eth2:10+access_vlan:SW2:eth1:20+trunk_remove:SW1:eth3:10+trunk_remove:SW1:eth3:20+trunk_remove:SW2:eth3:20,2352,2355,0.888185,-10.65,3,True,False,True,False,False,incorrect_declare_done,0.18935894717772803,3,2,0,0,0,0,0,0,3,1,1,0.8317055909090909,0,7.333333333333333,0,0,0,0,0
380,2413,access_vlan:SW1:eth1:20+trunk_remove:SW1:eth3:10+trunk_remove:SW1:eth3:20+trunk_remove:SW2:eth3:10,2355,2357,0.88809,-10.350000000000001,2,True,False,True,False,False,incorrect_declare_done,0.2752121835947037,2,1,0,0,0,0,0,0,3,0,0,0.5974613636363636,0,7.0,0,0,0,0,0
381,2414,access_vlan:SW1:eth1:20+access_vlan:SW2:eth2:10+trunk_remove:SW1:eth3:10+trunk_remove:SW1:eth3:20+trunk_remove:SW2:eth3:10,2357,2359,0.887995,-10.350000000000001,2,True,False,True,False,False,incorrect_declare_done,0.32095351815223694,2,1,0,0,0,0,0,0,4,0,0,0.16145363636363635,0,9.5,0,0,0,0,0
382,2415,access_vlan:SW1:eth1:20+access_vlan:SW1:eth2:10+access_vlan:SW2:eth2:10+trunk_remove:SW1:eth3:20+trunk_remove:SW2:eth3:10,2359,2367,0.887615,-12.0,8,True,False,True,False,False,incorrect_declare_done,0.2510105036199093,8,6,1,0,0,0,0,0,3,5,5,2.3728096818181816,0,7.25,0,0,0,0,0
383,2416,access_vlan:SW2:eth2:10+trunk_remove:SW1:eth3:10,2367,2368,0.8875675000000001,-10.05,1,True,False,True,False,False,incorrect_declare_done,0.15564528107643127,1,0,0,0,0,0,0,0,3,1,1,0.35502700000000004,0,6.0,0,0,0,0,0
384,2417,access_vlan:SW1:eth1:20+access_vlan:SW2:eth2:10+trunk_remove:SW1:eth3:20,2368,2383,0.886855,-13.65,15,True,False,True,False,False,incorrect_declare_done,0.1631156193713347,15,9,4,0,0,0,0,0,1,3,3,4.87116190909091,0,6.866666666666666,0,0,0,0,0
385,2418,access_vlan:SW1:eth1:20+access_vlan:SW2:eth1:20+access_vlan:SW2:eth2:10+trunk_remove:SW1:eth3:10+trunk_remove:SW1:eth3:20+trunk_remove:SW2:eth3:10,2383,2386,0.8867125,-10.65,3,True,False,True,False,False,incorrect_declare_done,0.23223415513833365,3,2,0,0,0,0,0,0,3,1,1,0.9996220909090909,0,6.666666666666667,0,0,0,0,0
386,2419,access_vlan:SW2:eth1:20+access_vlan:SW2:eth2:10+trunk_remove:SW1:eth3:20,2386,2389,0.88657,-11.15,3,True,False,True,False,False,incorrect_declare_done,0.20854432880878448,3,2,0,0,1,1,1,0,3,1,1,0.9752624090909092,1,6.666666666666667,0,0,1,0,0
387,2420,trunk_remove:SW1:eth3:10+trunk_remove:SW1:eth3:20+trunk_remove:SW2:eth3:20,2389,2393,0.88638,-10.950000000000001,4,True,False,True,False,False,incorrect_declare_done,0.10930413007736206,4,3,0,0,0,0,0,0,2,0,0,1.3216208181818183,0,6.75,0,0,0,0,0
388,2421,access_vlan:SW2:eth1:20+trunk_remove:SW1:eth3:20,2393,2396,0.8862375,-10.65,3,True,False,True,False,False,incorrect_declare_done,0.20233861605326334,3,1,0,0,0,0,0,0,3,2,2,1.0313134545454545,0,6.333333333333333,0,0,0,0,0
389,2422,access_vlan:SW1:eth1:20+trunk_remove:SW2:eth3:20,2396,2404,0.8858575,8.6,8,True,False,True,False,True,recovery_success,0.2062675398774445,8,2,5,0,0,0,0,0,0,1,1,5.106614636363636,0,3.0,0,0,0,0,0
390,2423,trunk_remove:SW1:eth3:10+trunk_remove:SW2:eth3:20,2404,2406,0.8857625,-10.350000000000001,2,True,False,True,False,False,incorrect_declare_done,0.20033173635601997,2,1,0,0,0,0,0,0,1,0,0,0.9179910454545455,0,5.0,0,0,0,0,0
391,2424,access_vlan:SW1:eth2:10+trunk_remove:SW2:eth3:10+trunk_remove:SW2:eth3:20,2406,2407,0.885715,-10.05,1,True,False,True,False,False,incorrect_declare_done,0.1148151233792305,1,0,0,0,0,0,0,0,3,1,1,0.354286,0,6.0,0,0,0,0,0
392,2425,access_vlan:SW1:eth2:10+trunk_remove:SW1:eth3:10+trunk_remove:SW1:eth3:20+trunk_remove:SW2:eth3:10+trunk_remove:SW2:eth3:20,2407,2410,0.8855725,-10.5,3,True,False,True,False,False,incorrect_declare_done,0.11623424043258031,3,1,1,0,0,0,0,0,2,0,0,1.07078775,0,6.333333333333333,0,0,0,0,0
393,2426,access_vlan:SW2:eth1:20+access_vlan:SW2:eth2:10+trunk_remove:SW2:eth3:10,2410,2411,0.885525,-10.05,1,True,False,True,False,False,incorrect_declare_done,0.1704738736152649,1,0,0,0,0,0,0,0,3,1,1,0.0885525,0,9.0,0,0,1,-1,0
394,2427,access_vlan:SW2:eth2:10+trunk_remove:SW2:eth3:20,2411,2412,0.8854775,-10.05,1,True,False,True,False,False,incorrect_declare_done,0.12633351981639862,1,0,0,0,0,0,0,0,3,0,0,0.44273875,0,5.0,0,0,0,0,0
395,2428,access_vlan:SW2:eth2:10+trunk_remove:SW1:eth3:20,2412,2414,0.8853825,-10.350000000000001,2,True,False,True,False,False,incorrect_declare_done,0.24123944342136383,2,1,0,0,0,0,0,0,3,0,0,0.8451615909090909,0,5.5,0,0,0,0,0
396,2429,access_vlan:SW1:eth2:10+access_vlan:SW2:eth1:20+access_vlan:SW2:eth2:10,2414,2418,0.8851925,-10.950000000000001,4,True,False,True,False,False,incorrect_declare_done,0.14277572371065617,4,2,0,0,0,0,0,0,3,0,0,1.6900511363636364,0,5.5,0,0,0,0,0
397,2430,access_vlan:SW1:eth2:10+access_vlan:SW2:eth1:20+trunk_remove:SW2:eth3:10,2418,2424,0.8849075,-11.55,6,True,False,True,False,False,incorrect_declare_done,0.12218842282891273,6,4,0,0,0,0,0,0,4,0,0,0.8206671818181819,0,9.166666666666666,0,0,0,0,0
398,2431,access_vlan:SW1:eth2:10+trunk_remove:SW1:eth3:10+trunk_remove:SW1:eth3:20+trunk_remove:SW2:eth3:20,2424,2431,0.884575,8.45,7,True,False,True,False,True,recovery_success,0.17211683467030525,7,4,2,0,0,0,0,0,0,0,0,3.812212409090909,0,4.142857142857143,0,0,0,0,0
399,2432,access_vlan:SW1:eth2:10+access_vlan:SW2:eth1:20+access_vlan:SW2:eth2:10+trunk_remove:SW1:eth3:20+trunk_remove:SW2:eth3:10,2431,2435,0.884385,-10.950000000000001,4,True,False,True,False,False,incorrect_declare_done,0.21732712164521217,4,2,0,0,0,0,0,0,3,3,3,1.2382435,0,7.0,0,0,0,0,0
400,2433,access_vlan:SW1:eth1:20+access_vlan:SW2:eth1:20+access_vlan:SW2:eth2:10+trunk_remove:SW2:eth3:10+trunk_remove:SW2:eth3:20,2435,2440,0.8841475,-11.25,5,True,False,True,False,False,incorrect_declare_done,0.17677507624030114,5,4,0,0,0,0,0,0,3,1,1,1.6398713636363638,0,6.8,0,0,0,0,0
401,2434,trunk_remove:SW2:eth3:10,2440,2441,0.8841,-10.05,1,True,False,True,False,False,incorrect_declare_done,0.05994643270969391,1,0,0,0,0,0,0,0,1,0,0,0.5304599999999999,0,4.0,0,0,0,0,0
402,2435,access_vlan:SW2:eth2:10+trunk_remove:SW2:eth3:10+trunk_remove:SW2:eth3:20,2441,2442,0.8840525,-10.05,1,True,False,True,False,False,incorrect_declare_done,0.0967969298362732,1,0,0,0,0,0,0,0,3,0,0,0.353621,0,6.0,0,0,0,0,0
403,2436,access_vlan:SW1:eth2:10+access_vlan:SW2:eth2:10+trunk_remove:SW2:eth3:10,2442,2445,0.88391,-10.65,3,True,False,True,False,False,incorrect_declare_done,0.10294163972139359,3,2,0,0,0,0,0,0,1,2,2,1.0526875454545455,0,6.333333333333333,0,0,0,0,0
404,2437,access_vlan:SW1:eth1:20+access_vlan:SW2:eth1:20+access_vlan:SW2:eth2:10+trunk_remove:SW1:eth3:10+trunk_remove:SW2:eth3:20,2445,2452,0.8835775,8.299999999999999,7,True,False,True,False,True,recovery_success,0.12329285112874848,7,5,1,0,0,0,0,0,0,3,3,3.4062231818181816,0,4.857142857142857,0,0,0,0,0
405,2438,access_vlan:SW1:eth1:20+access_vlan:SW1:eth2:10+access_vlan:SW2:eth2:10+trunk_remove:SW2:eth3:20,2452,2460,0.8831975,8.6,8,True,False,True,False,True,recovery_success,0.1225583404302597,8,2,5,0,0,0,0,0,0,1,1,4.8583786363636365,0,3.375,0,0,0,0,0
406,2439,access_vlan:SW1:eth1:20+access_vlan:SW2:eth1:20+access_vlan:SW2:eth2:10+trunk_remove:SW1:eth3:10+trunk_remove:SW1:eth3:20+trunk_remove:SW2:eth3:10+trunk_remove:SW2:eth3:20,2460,2465,0.88296,-11.100000000000001,5,True,False,True,False,False,incorrect_declare_done,0.13471856340765953,5,3,1,0,0,0,0,0,1,2,2,1.8704347727272728,0,6.2,0,0,0,0,0
407,2440,access_vlan:SW1:eth1:20+access_vlan:SW1:eth2:10+access_vlan:SW2:eth2:10+trunk_remove:SW1:eth3:10+trunk_remove:SW1:eth3:20+trunk_remove:SW2:eth3:10,2465,2471,0.882675,-11.25,6,True,False,True,False,False,incorrect_declare_done,0.12268232926726341,6,3,2,0,0,0,0,0,3,3,3,1.7334802954545456,0,7.166666666666667,0,0,0,0,0
408,2441,access_vlan:SW1:eth2:10+access_vlan:SW2:eth1:20+access_vlan:SW2:eth2:10+trunk_remove:SW1:eth3:10,2471,2476,0.8824375,9.049999999999999,5,True,False,True,False,True,recovery_success,0.09626805633306504,5,2,2,0,0,0,0,0,0,1,1,2.759880090909091,0,4.0,0,0,0,0,0
409,2442,access_vlan:SW1:eth2:10+trunk_remove:SW1:eth3:10+trunk_remove:SW1:eth3:20+trunk_remove:SW2:eth3:10,2476,2484,0.8820575,-11.55,8,True,False,True,False,False,incorrect_declare_done,0.11036340286955237,8,3,4,0,0,0,0,0,3,0,0,2.29377225,0,7.25,0,0,0,0,0
410,2443,access_vlan:SW2:eth1:20+trunk_remove:SW1:eth3:10+trunk_remove:SW1:eth3:20+trunk_remove:SW2:eth3:20,2484,2487,0.881915,-10.350000000000001,3,True,False,True,False,False,incorrect_declare_done,0.19685842841863632,3,0,2,0,0,0,0,0,3,0,0,0.79376625,0,7.0,0,0,0,0,0
411,2444,access_vlan:SW1:eth1:20+access_vlan:SW2:eth1:20+trunk_remove:SW1:eth3:10+trunk_remove:SW1:eth3:20,2487,2499,0.881345,-12.9,12,True,False,True,False,False,incorrect_declare_done,0.15231487527489662,12,6,3,0,0,0,0,0,3,4,4,3.462232613636364,0,7.25,0,0,0,0,0
412,2445,access_vlan:SW1:eth1:20+access_vlan:SW1:eth2:10+access_vlan:SW2:eth1:20+access_vlan:SW2:eth2:10+trunk_remove:SW2:eth3:10+trunk_remove:SW2:eth3:20,2499,2503,0.881155,-10.950000000000001,4,True,False,True,False,False,incorrect_declare_done,0.8830693662166595,4,3,0,0,0,0,0,0,1,0,0,1.8746003636363637,0,5.0,0,0,0,0,0
413,2446,trunk_remove:SW1:eth3:20+trunk_remove:SW2:eth3:10,2503,2511,0.880775,-12.15,8,True,False,True,False,False,incorrect_declare_done,0.8408853560686111,8,7,0,0,0,0,0,0,1,0,0,3.1553061818181822,0,6.0,0,0,0,0,0
414,2447,access_vlan:SW1:eth2:10,2511,2517,0.88049,8.75,6,True,False,True,False,True,recovery_success,0.7600702146689097,6,2,2,0,0,0,0,0,0,1,1,3.1621244318181816,0,4.166666666666667,0,0,0,0,0
415,2448,access_vlan:SW1:eth1:20+access_vlan:SW1:eth2:10+access_vlan:SW2:eth1:20+access_vlan:SW2:eth2:10+trunk_remove:SW1:eth3:10,2517,2522,0.8802525,9.2,5,True,False,True,False,True,recovery_success,0.8958994030952454,5,1,3,0,0,0,0,0,0,0,0,3.2172388636363634,0,2.8,0,0,0,0,0
416,2449,access_vlan:SW1:eth1:20+trunk_remove:SW2:eth3:10+trunk_remove:SW2:eth3:20,2522,2523,0.880205,-10.05,1,True,False,True,False,False,incorrect_declare_done,0.8690175414085388,1,0,0,0,0,0,0,0,3,1,1,0.352082,0,6.0,0,0,0,0,0
417,2450,access_vlan:SW1:eth1:20+access_vlan:SW2:eth2:10+trunk_remove:SW1:eth3:10+trunk_remove:SW2:eth3:10+trunk_remove:SW2:eth3:20,2523,2527,0.880015,-10.8,4,True,False,True,False,False,incorrect_declare_done,0.6689382046461105,4,2,1,0,0,0,0,0,3,1,1,0.8000611363636363,0,8.25,0,0,0,0,0
418,2451,access_vlan:SW1:eth2:10+access_vlan:SW2:eth1:20+access_vlan:SW2:eth2:10+trunk_remove:SW1:eth3:10,2527,2537,0.87954,-12.450000000000001,10,True,False,True,False,False,incorrect_declare_done,0.6696446061134338,10,5,2,0,0,0,0,0,3,6,6,3.071169727272727,0,7.1,0,0,0,0,0
419,2452,access_vlan:SW1:eth1:20+access_vlan:SW2:eth2:10+trunk_remove:SW1:eth3:10+trunk_remove:SW1:eth3:20,2537,2539,0.879445,-10.350000000000001,2,True,False,True,False,False,incorrect_declare_done,0.5763780176639557,2,1,0,0,0,0,0,0,3,1,1,0.39974772727272734,0,8.0,0,0,0,0,0
420,2453,trunk_remove:SW1:eth3:10+trunk_remove:SW2:eth3:20,2539,2540,0.8793975,-10.05,1,True,False,True,False,False,incorrect_declare_done,0.8022587299346924,1,0,0,0,0,0,0,0,2,0,0,0.35175900000000004,0,6.0,0,0,0,0,0
421,2454,access_vlan:SW1:eth2:10+trunk_remove:SW1:eth3:20,2540,2543,0.879255,-10.65,3,True,False,True,False,False,incorrect_declare_done,0.7352273066838583,3,1,0,0,0,0,0,0,3,0,0,1.2789854545454546,0,5.333333333333333,0,0,0,0,0
422,2455,access_vlan:SW1:eth2:10+access_vlan:SW2:eth1:20+trunk_remove:SW2:eth3:10,2543,2555,0.8786849999999999,7.55,12,True,False,True,False,True,recovery_success,0.6665224532286326,12,5,6,0,0,0,0,0,0,1,1,6.487761954545453,0,4.166666666666667,0,0,0,0,0
423,2456,access_vlan:SW1:eth1:20+access_vlan:SW2:eth1:20+access_vlan:SW2:eth2:10+trunk_remove:SW2:eth3:10,2555,2557,0.87859,-10.350000000000001,2,True,False,True,False,False,incorrect_declare_done,0.652357280254364,2,1,0,0,0,0,0,0,1,0,0,0.9984214772727272,0,4.5,0,0,0,0,0
424,2457,access_vlan:SW1:eth1:20+access_vlan:SW1:eth2:10+trunk_remove:SW1:eth3:10+trunk_remove:SW1:eth3:20+trunk_remove:SW2:eth3:20,2557,2571,0.877925,6.15,14,True,False,True,False,True,recovery_success,0.5639336790357318,14,8,4,0,1,1,1,0,0,9,9,5.596237431818182,1,5.928571428571429,0,0,1,0,0
425,2458,access_vlan:SW1:eth1:20+access_vlan:SW2:eth2:10+trunk_remove:SW1:eth3:10,2571,2574,0.8777825,-10.65,3,True,False,True,False,False,incorrect_declare_done,0.534575566649437,3,2,0,0,0,0,0,0,4,0,0,0.1755755,0,10.0,0,0,0,0,0
426,2459,access_vlan:SW1:eth1:20+access_vlan:SW1:eth2:10+access_vlan:SW2:eth1:20+trunk_remove:SW1:eth3:10,2574,2578,0.8775925,9.2,4,True,False,True,False,True,recovery_success,0.4554712027311325,4,2,1,0,0,0,0,0,0,0,0,2.4334952272727275,0,3.25,0,0,0,0,0
427,2460,access_vlan:SW1:eth2:10+trunk_remove:SW2:eth3:20,2578,2583,0.877355,-10.8,5,True,False,True,False,False,incorrect_declare_done,0.5359678089618682,5,1,3,0,0,0,0,0,1,0,0,2.3132643181818184,0,4.8,0,0,0,0,0
428,2461,access_vlan:SW2:eth1:20+trunk_remove:SW2:eth3:10,2583,2590,0.8770225,8.45,7,True,False,True,False,True,recovery_success,0.5544101212705884,7,4,2,0,0,0,0,0,0,5,5,3.787660795454545,0,4.142857142857143,0,0,0,0,0
429,2462,access_vlan:SW1:eth1:20+trunk_remove:SW1:eth3:10+trunk_remove:SW1:eth3:20+trunk_remove:SW2:eth3:10+trunk_remove:SW2:eth3:20,2590,2609,0.87612,5.3,19,True,False,True,False,True,recovery_success,0.5807589465066006,19,10,5,0,0,0,0,0,0,5,5,9.027798863636363,0,5.0,0,0,0,0,0
430,2463,access_vlan:SW1:eth2:10+access_vlan:SW2:eth1:20+access_vlan:SW2:eth2:10+trunk_remove:SW1:eth3:10+trunk_remove:SW1:eth3:20+trunk_remove:SW2:eth3:20,2609,2610,0.8760725,-10.05,1,True,False,True,False,False,incorrect_declare_done,0.6117439270019531,1,0,0,0,0,0,0,0,3,1,1,0.350429,0,6.0,0,0,0,0,0
431,2464,access_vlan:SW1:eth2:10+access_vlan:SW2:eth1:20+trunk_remove:SW1:eth3:20+trunk_remove:SW2:eth3:10+trunk_remove:SW2:eth3:20,2610,2612,0.8759775,-10.350000000000001,2,True,False,True,False,False,incorrect_declare_done,0.40956656634807587,2,1,0,0,0,0,0,0,3,1,1,0.3185372727272727,0,8.5,0,0,0,0,0
432,2465,access_vlan:SW1:eth2:10+access_vlan:SW2:eth1:20+access_vlan:SW2:eth2:10+trunk_remove:SW1:eth3:10+trunk_remove:SW1:eth3:20+trunk_remove:SW2:eth3:10,2612,2626,0.8753125,-13.35,14,True,False,True,False,False,incorrect_declare_done,0.5283555622611728,14,9,4,0,0,0,0,0,3,2,2,3.7094569318181825,0,7.571428571428571,0,0,0,0,0
433,2466,access_vlan:SW1:eth1:20+access_vlan:SW2:eth1:20+trunk_remove:SW1:eth3:10+trunk_remove:SW1:eth3:20+trunk_remove:SW2:eth3:20,2626,2630,0.8751225,-10.8,4,True,False,True,False,False,incorrect_declare_done,0.5988439247012138,4,2,1,0,0,0,0,0,3,2,2,0.9547309090909091,0,7.75,0,0,0,0,0
434,2467,access_vlan:SW1:eth1:20+trunk_remove:SW1:eth3:10+trunk_remove:SW2:eth3:20,2630,2636,0.8748374999999999,-11.25,6,True,False,True,False,False,incorrect_declare_done,0.5337107479572296,6,2,2,0,0,0,0,0,3,6,6,2.0362652727272725,0,6.333333333333333,0,0,0,0,0
435,2468,access_vlan:SW1:eth2:10+trunk_remove:SW1:eth3:10+trunk_remove:SW2:eth3:10,2636,2638,0.8747425,-10.350000000000001,2,True,False,True,False,False,incorrect_declare_done,0.6880659461021423,2,1,0,0,0,0,0,0,3,0,0,0.5010031363636364,0,7.5,0,0,0,0,0
436,2469,access_vlan:SW2:eth1:20+access_vlan:SW2:eth2:10+trunk_remove:SW1:eth3:10+trunk_remove:SW1:eth3:20,2638,2642,0.8745525000000001,-11.450000000000001,4,True,False,True,False,False,incorrect_declare_done,0.5360452085733414,4,3,0,0,1,1,1,0,3,2,2,1.0495476363636362,1,7.5,0,0,1,0,0
437,2470,access_vlan:SW2:eth2:10+trunk_remove:SW1:eth3:10+trunk_remove:SW1:eth3:20,2642,2651,0.874125,8.0,9,True,False,True,False,True,recovery_success,0.470831294854482,9,5,3,0,0,0,0,0,0,5,5,4.721087681818182,0,4.333333333333333,0,0,0,0,0
438,2471,access_vlan:SW1:eth2:10+access_vlan:SW2:eth1:20+access_vlan:SW2:eth2:10+trunk_remove:SW1:eth3:10+trunk_remove:SW2:eth3:10+trunk_remove:SW2:eth3:20,2651,2653,0.87403,-10.350000000000001,2,True,False,True,False,False,incorrect_declare_done,0.5752710402011871,2,1,0,0,0,0,0,0,3,1,1,0.580052340909091,0,7.0,0,0,0,0,0
439,2472,access_vlan:SW1:eth1:20+access_vlan:SW2:eth2:10+trunk_remove:SW1:eth3:20,2653,2661,0.87365,8.149999999999999,8,True,False,True,False,True,recovery_success,0.47782956436276436,8,4,2,0,0,0,0,0,0,2,2,3.8287860454545455,0,4.875,0,0,0,0,0
440,2473,access_vlan:SW1:eth1:20+trunk_remove:SW2:eth3:10,2661,2664,0.8735075,9.35,3,True,False,True,False,True,recovery_success,0.47551129758358,3,2,0,0,0,0,0,0,0,2,2,1.5485596590909092,0,4.333333333333333,0,0,0,0,0
441,2474,access_vlan:SW2:eth2:10+trunk_remove:SW1:eth3:20+trunk_remove:SW2:eth3:20,2664,2673,0.8730800000000001,7.699999999999999,9,True,False,True,False,True,recovery_success,0.4628228346506755,9,6,1,0,0,0,0,0,0,1,1,4.128105568181818,0,5.111111111111111,0,0,0,0,0
442,2475,trunk_remove:SW1:eth3:10+trunk_remove:SW1:eth3:20+trunk_remove:SW2:eth3:10+trunk_remove:SW2:eth3:20,2673,2679,0.872795,-11.55,6,True,False,True,False,False,incorrect_declare_done,0.5404316882292429,6,4,0,0,0,0,0,0,2,0,0,1.9362857272727272,0,6.833333333333333,0,0,0,0,0
443,2476,access_vlan:SW1:eth1:20+access_vlan:SW2:eth2:10,2679,2682,0.8726525,-10.5,3,True,False,True,False,False,incorrect_declare_done,0.7325095335642496,3,1,1,0,0,0,0,0,4,2,2,0.8568430909090909,0,7.0,0,0,0,0,0
444,2477,access_vlan:SW1:eth2:10+access_vlan:SW2:eth1:20+trunk_remove:SW1:eth3:20+trunk_remove:SW2:eth3:10+trunk_remove:SW2:eth3:20,2682,2686,0.8724625,-10.8,4,True,False,True,False,False,incorrect_declare_done,0.5721622407436371,4,2,1,0,0,0,0,0,4,0,0,0.15862954545454547,0,10.25,0,0,0,0,0
445,2478,access_vlan:SW2:eth1:20+access_vlan:SW2:eth2:10+trunk_remove:SW2:eth3:10,2686,2687,0.8724149999999999,-10.05,1,True,False,True,False,False,incorrect_declare_done,0.549288809299469,1,0,0,0,0,0,0,0,3,1,1,0.0872415,0,9.0,0,0,1,-1,0
446,2479,access_vlan:SW1:eth1:20+access_vlan:SW1:eth2:10+access_vlan:SW2:eth2:10+trunk_remove:SW1:eth3:10+trunk_remove:SW2:eth3:10,2687,2694,0.8720825,-11.850000000000001,7,True,False,True,False,False,incorrect_declare_done,0.5863338964326041,7,6,0,0,0,0,0,0,3,2,2,2.0060954772727273,0,7.285714285714286,0,0,0,0,0
447,2480,trunk_remove:SW1:eth3:10+trunk_remove:SW1:eth3:20+trunk_remove:SW2:eth3:10+trunk_remove:SW2:eth3:20,2694,2695,0.872035,-10.05,1,True,False,True,False,False,incorrect_declare_done,0.40533775091171265,1,0,0,0,0,0,0,0,2,0,0,0.348814,0,6.0,0,0,0,0,0
448,2481,access_vlan:SW2:eth2:10+trunk_remove:SW1:eth3:10+trunk_remove:SW2:eth3:20,2695,2699,0.871845,-10.950000000000001,4,True,False,True,False,False,incorrect_declare_done,0.4573434591293335,4,2,0,0,0,0,0,0,3,1,1,1.3316556363636365,0,6.5,0,0,0,0,0
449,2482,access_vlan:SW1:eth2:10+access_vlan:SW2:eth1:20+trunk_remove:SW1:eth3:10+trunk_remove:SW1:eth3:20,2699,2703,0.8716550000000001,-10.950000000000001,4,True,False,True,False,False,incorrect_declare_done,0.43926526606082916,4,3,0,0,0,0,0,0,1,1,1,1.3471679545454545,0,6.5,0,0,0,0,0
450,2483,access_vlan:SW1:eth2:10+access_vlan:SW2:eth2:10+trunk_remove:SW1:eth3:10+trunk_remove:SW1:eth3:20,2703,2706,0.8715125,-10.5,3,True,False,True,False,False,incorrect_declare_done,0.3642370402812958,3,1,1,0,0,0,0,0,3,3,3,0.8794664318181818,0,7.0,0,0,0,0,0
451,2484,access_vlan:SW1:eth1:20+trunk_remove:SW2:eth3:10,2706,2711,0.871275,8.75,5,True,False,True,False,True,recovery_success,0.5944358229637146,5,4,0,0,0,0,0,0,0,1,1,2.6536918181818185,0,4.2,0,0,0,0,0
452,2485,access_vlan:SW1:eth1:20+access_vlan:SW1:eth2:10+access_vlan:SW2:eth1:20+access_vlan:SW2:eth2:10+trunk_remove:SW2:eth3:20,2711,2713,0.8711800000000001,9.649999999999999,2,True,False,True,False,True,recovery_success,0.6307255029678345,2,1,0,0,0,0,0,0,0,1,1,1.2355201363636366,0,3.0,0,0,0,0,0
453,2486,access_vlan:SW1:eth1:20+access_vlan:SW1:eth2:10+access_vlan:SW2:eth2:10+trunk_remove:SW1:eth3:10+trunk_remove:SW2:eth3:10+trunk_remove:SW2:eth3:20,2713,2715,0.871085,-10.350000000000001,2,True,False,True,False,False,incorrect_declare_done,0.4228866994380951,2,1,0,0,0,0,0,0,3,0,0,0.4989083863636363,0,7.5,0,0,0,0,0
454,2487,access_vlan:SW2:eth1:20+access_vlan:SW2:eth2:10+trunk_remove:SW1:eth3:10+trunk_remove:SW1:eth3:20+trunk_remove:SW2:eth3:10+trunk_remove:SW2:eth3:20,2715,2717,0.87099,-10.850000000000001,2,True,False,True,False,False,incorrect_declare_done,0.46864287555217743,2,1,0,0,1,1,1,0,3,0,0,0.3167236363636364,1,8.5,0,0,1,0,0
455,2488,trunk_remove:SW1:eth3:10+trunk_remove:SW1:eth3:20+trunk_remove:SW2:eth3:10+trunk_remove:SW2:eth3:20,2717,2720,0.8708475,-10.5,3,True,False,True,False,False,incorrect_declare_done,0.4818921387195587,3,1,1,0,0,0,0,0,2,0,0,0.9817379090909091,0,6.666666666666667,0,0,0,0,0
456,2489,access_vlan:SW2:eth1:20+trunk_remove:SW1:eth3:10+trunk_remove:SW1:eth3:20+trunk_remove:SW2:eth3:20,2720,2731,0.870325,7.85,11,True,False,True,False,True,recovery_success,0.48714190450581635,11,4,6,0,0,0,0,0,0,5,5,5.610819522727272,0,4.363636363636363,0,0,0,0,0
457,2490,access_vlan:SW1:eth1:20+access_vlan:SW1:eth2:10+access_vlan:SW2:eth1:20+trunk_remove:SW1:eth3:10+trunk_remove:SW1:eth3:20+trunk_remove:SW2:eth3:20,2731,2739,0.869945,-12.0,8,True,False,True,False,False,incorrect_declare_done,0.4360016919672489,8,5,1,0,0,0,0,0,3,2,2,2.238528931818182,0,7.375,0,0,0,0,0
458,2491,access_vlan:SW1:eth1:20+access_vlan:SW2:eth1:20+trunk_remove:SW1:eth3:10+trunk_remove:SW1:eth3:20,2739,2740,0.8698975,-10.05,1,True,False,True,False,False,incorrect_declare_done,0.3741069436073303,1,0,0,0,0,0,0,0,4,0,0,0.08698975,0,9.0,0,0,0,0,0
459,2492,access_vlan:SW1:eth2:10+access_vlan:SW2:eth2:10+trunk_remove:SW1:eth3:20,2740,2748,0.8695174999999999,7.6499999999999995,8,True,False,True,False,True,recovery_success,0.388860858976841,8,5,2,0,1,1,1,0,0,3,3,3.7316052272727274,1,5.0,0,0,1,0,0
460,2493,access_vlan:SW1:eth2:10+access_vlan:SW2:eth1:20,2748,2765,0.86871,-14.55,17,True,False,True,False,False,incorrect_declare_done,0.4661076331839842,17,14,2,0,0,0,0,0,3,4,4,4.930081181818181,0,7.294117647058823,0,0,0,0,0
461,2494,access_vlan:SW1:eth1:20+access_vlan:SW1:eth2:10+access_vlan:SW2:eth1:20+trunk_remove:SW1:eth3:20+trunk_remove:SW2:eth3:20,2765,2776,0.8681875,7.4,11,True,False,True,False,True,recovery_success,0.44893585822798987,11,7,3,0,0,0,0,0,0,2,2,4.523452159090909,0,5.7272727272727275,0,0,0,0,0
462,2495,access_vlan:SW1:eth1:20+trunk_remove:SW1:eth3:20+trunk_remove:SW2:eth3:10+trunk_remove:SW2:eth3:20,2776,2784,0.8678075000000001,7.999999999999999,8,True,False,True,False,True,recovery_success,0.445289870724082,8,6,1,0,0,0,0,0,0,3,3,3.7321254090909095,0,5.0,0,0,0,0,0
463,2496,access_vlan:SW1:eth1:20+access_vlan:SW1:eth2:10+access_vlan:SW2:eth1:20+access_vlan:SW2:eth2:10+trunk_remove:SW1:eth3:10+trunk_remove:SW1:eth3:20+trunk_remove:SW2:eth3:10,2784,2791,0.867475,-11.850000000000001,7,True,False,True,False,False,incorrect_declare_done,0.36602674637522015,7,4,0,0,0,0,0,0,2,0,0,2.3031352727272725,0,6.571428571428571,0,0,0,0,0
464,2497,access_vlan:SW1:eth2:10+access_vlan:SW2:eth1:20+access_vlan:SW2:eth2:10+trunk_remove:SW2:eth3:10,2791,2799,0.867095,8.299999999999999,8,True,False,True,False,True,recovery_success,0.4497205689549446,8,3,3,0,0,0,0,0,0,2,2,4.288929409090909,0,4.125,0,0,0,0,0
465,2498,access_vlan:SW1:eth1:20+access_vlan:SW1:eth2:10+access_vlan:SW2:eth1:20+trunk_remove:SW1:eth3:10+trunk_remove:SW2:eth3:20,2799,2806,0.8667625,-11.55,7,True,False,True,False,False,incorrect_declare_done,0.4608360230922699,7,4,2,0,0,0,0,0,2,5,5,2.159365136363636,0,7.0,0,0,0,0,0
466,2499,trunk_remove:SW1:eth3:10,2806,2808,0.8666675,9.649999999999999,2,True,False,True,False,True,recovery_success,0.368429571390152,2,1,0,0,0,0,0,0,0,1,1,1.229120590909091,0,3.0,0,0,0,0,0
467,2500,access_vlan:SW1:eth1:20,2808,2814,0.8663825,-11.4,6,True,False,True,False,False,incorrect_declare_done,0.4997919052839279,6,3,1,0,0,0,0,0,1,1,1,2.953954545454546,0,4.666666666666667,0,0,0,0,0
468,2501,trunk_remove:SW1:eth3:20+trunk_remove:SW2:eth3:10+trunk_remove:SW2:eth3:20,2814,2826,0.8658125,7.25,12,True,False,True,False,True,recovery_success,0.404669148226579,12,5,4,0,0,0,0,0,0,2,2,6.251334,0,4.333333333333333,0,0,0,0,0
469,2502,access_vlan:SW1:eth1:20+access_vlan:SW2:eth1:20+trunk_remove:SW2:eth3:10,2826,2836,0.8653375,7.6499999999999995,10,True,False,True,False,True,recovery_success,0.45354423820972445,10,3,6,0,1,1,1,0,0,8,8,5.759579818181819,1,3.6,0,0,1,0,0
470,2503,access_vlan:SW1:eth1:20+access_vlan:SW1:eth2:10+access_vlan:SW2:eth2:10+trunk_remove:SW1:eth3:20+trunk_remove:SW2:eth3:20,2836,2839,0.865195,-10.5,3,True,False,True,False,False,incorrect_declare_done,0.4442489246527354,3,1,1,0,0,0,0,0,3,0,0,1.2585367045454547,0,5.333333333333333,0,0,0,0,0
471,2504,access_vlan:SW1:eth2:10+trunk_remove:SW1:eth3:20+trunk_remove:SW2:eth3:10,2839,2842,0.8650525,-10.65,3,True,False,True,False,False,incorrect_declare_done,0.5031340718269348,3,2,0,0,0,0,0,0,3,1,1,0.8965642272727272,0,7.0,0,0,0,0,0
472,2505,access_vlan:SW1:eth1:20+access_vlan:SW2:eth2:10+trunk_remove:SW1:eth3:10+trunk_remove:SW2:eth3:20,2842,2844,0.8649575,-10.350000000000001,2,True,False,True,False,False,incorrect_declare_done,0.391787052154541,2,1,0,0,0,0,0,0,3,0,0,0.3931625,0,8.0,0,0,0,0,0
473,2506,access_vlan:SW1:eth1:20+access_vlan:SW1:eth2:10+access_vlan:SW2:eth2:10+trunk_remove:SW1:eth3:10+trunk_remove:SW1:eth3:20,2844,2850,0.8646725,-11.55,6,True,False,True,False,False,incorrect_declare_done,0.5232658286889394,6,4,0,0,0,0,0,0,1,0,0,2.232712181818182,0,6.166666666666667,0,0,0,0,0
474,2507,access_vlan:SW1:eth2:10+access_vlan:SW2:eth1:20+access_vlan:SW2:eth2:10+trunk_remove:SW1:eth3:10+trunk_remove:SW2:eth3:10+trunk_remove:SW2:eth3:20,2850,2859,0.864245,-12.450000000000001,9,True,False,True,False,False,incorrect_declare_done,0.42686042520735,9,6,0,0,0,0,0,0,2,6,6,2.7740168181818183,0,7.0,0,0,0,0,0
475,2508,access_vlan:SW1:eth1:20+access_vlan:SW1:eth2:10+trunk_remove:SW1:eth3:10+trunk_remove:SW1:eth3:20+trunk_remove:SW2:eth3:10,2859,2873,0.86358,5.8500000000000005,14,True,False,True,False,True,recovery_success,0.4016121508819716,14,8,2,0,1,1,1,0,0,2,2,6.604462249999999,1,4.928571428571429,0,0,1,0,0
476,2509,access_vlan:SW1:eth1:20+access_vlan:SW2:eth1:20+access_vlan:SW2:eth2:10+trunk_remove:SW1:eth3:10+trunk_remove:SW1:eth3:20+trunk_remove:SW2:eth3:20,2873,2889,0.86282,5.9,16,True,False,True,False,True,recovery_success,0.4573465548455715,16,9,3,0,0,0,0,0,0,7,7,5.9005030909090905,0,6.125,0,0,0,0,0
477,2510,access_vlan:SW1:eth2:10+trunk_remove:SW1:eth3:10+trunk_remove:SW1:eth3:20,2889,2897,0.86244,8.149999999999999,8,True,False,True,False,True,recovery_success,0.4250619616359472,8,5,2,0,0,0,0,0,0,6,6,3.481638772727273,0,5.375,0,0,0,0,0
478,2511,access_vlan:SW1:eth2:10+access_vlan:SW2:eth1:20+access_vlan:SW2:eth2:10+trunk_remove:SW1:eth3:20+trunk_remove:SW2:eth3:20,2897,2899,0.862345,-10.200000000000001,2,True,False,True,False,False,incorrect_declare_done,0.3403606712818146,2,0,1,0,0,0,0,0,3,0,0,0.86236875,0,5.0,0,0,0,0,0
479,2512,access_vlan:SW2:eth1:20+trunk_remove:SW1:eth3:10+trunk_remove:SW1:eth3:20+trunk_remove:SW2:eth3:10,2899,2903,0.862155,-10.950000000000001,4,True,False,True,False,False,incorrect_declare_done,0.4410047084093094,4,2,0,0,0,0,0,0,3,3,3,1.2071215,0,7.0,0,0,0,0,0
480,2513,access_vlan:SW1:eth1:20+access_vlan:SW2:eth1:20+trunk_remove:SW1:eth3:10+trunk_remove:SW1:eth3:20+trunk_remove:SW2:eth3:10+trunk_remove:SW2:eth3:20,2903,2904,0.8621075,-10.05,1,True,False,True,False,False,incorrect_declare_done,0.33904096484184265,1,0,0,0,0,0,0,0,4,0,0,0.0,0,10.0,0,0,0,0,0
481,2514,access_vlan:SW1:eth2:10+access_vlan:SW2:eth1:20+trunk_remove:SW1:eth3:10+trunk_remove:SW2:eth3:10+trunk_remove:SW2:eth3:20,2904,2928,0.8609675,3.3500000000000014,24,True,False,True,False,True,recovery_success,0.3772091331581275,24,17,2,0,0,0,0,0,0,12,12,7.36115,0,7.041666666666667,0,0,0,0,0
482,2515,access_vlan:SW1:eth1:20+access_vlan:SW1:eth2:10+access_vlan:SW2:eth1:20+access_vlan:SW2:eth2:10+trunk_remove:SW1:eth3:20+trunk_remove:SW2:eth3:20,2928,2934,0.8606825,8.6,6,True,False,True,False,True,recovery_success,0.4054066091775894,6,3,1,0,0,0,0,0,0,2,2,3.380557227272727,0,3.6666666666666665,0,0,0,0,0
483,2516,access_vlan:SW1:eth1:20+trunk_remove:SW1:eth3:10+trunk_remove:SW1:eth3:20+trunk_remove:SW2:eth3:10,2934,2944,0.8602075,-12.450000000000001,10,True,False,True,False,False,incorrect_declare_done,0.37884789109230044,10,5,2,0,0,0,0,0,2,0,0,3.3947715,0,6.6,0,0,0,0,0
484,2517,access_vlan:SW1:eth2:10+trunk_remove:SW1:eth3:20+trunk_remove:SW2:eth3:10,2944,2960,0.8594475,-14.1,16,True,False,True,False,False,incorrect_declare_done,0.3781818374991417,16,8,3,0,0,0,0,0,1,4,4,6.753138772727275,0,5.5625,0,0,0,0,0
485,2518,access_vlan:SW1:eth2:10+access_vlan:SW2:eth1:20+trunk_remove:SW1:eth3:10,2960,2981,0.85845,-15.149999999999999,21,True,False,True,False,False,incorrect_declare_done,0.3559750545592535,21,13,6,0,0,0,0,0,4,7,7,3.6078563636363636,0,8.761904761904763,0,0,0,0,0
486,2519,access_vlan:SW2:eth1:20+trunk_remove:SW2:eth3:10,2981,2982,0.8584025,-10.05,1,True,False,True,False,False,incorrect_declare_done,0.3588809072971344,1,0,0,0,0,0,0,0,3,0,0,0.42920125000000003,0,5.0,0,0,0,0,0
487,2520,access_vlan:SW1:eth2:10+access_vlan:SW2:eth1:20+access_vlan:SW2:eth2:10+trunk_remove:SW1:eth3:20+trunk_remove:SW2:eth3:10+trunk_remove:SW2:eth3:20,2982,2983,0.858355,-10.05,1,True,False,True,False,False,incorrect_declare_done,0.3223530650138855,1,0,0,0,0,0,0,0,3,1,1,0.343342,0,6.0,0,0,0,0,0
488,2521,access_vlan:SW1:eth1:20+trunk_remove:SW2:eth3:10,2983,2987,0.8581650000000001,-10.65,4,True,False,True,False,False,incorrect_declare_done,0.39654986932873726,4,1,2,0,0,0,0,0,1,0,0,1.833495,0,4.75,0,0,0,0,0
489,2522,access_vlan:SW1:eth1:20+access_vlan:SW1:eth2:10+access_vlan:SW2:eth1:20+access_vlan:SW2:eth2:10+trunk_remove:SW2:eth3:10+trunk_remove:SW2:eth3:20,2987,2992,0.8579275,8.75,5,True,False,True,False,True,recovery_success,0.4102905929088593,5,4,0,0,0,0,0,0,0,1,1,2.2152054090909092,0,5.2,0,0,0,0,0
490,2523,access_vlan:SW2:eth1:20+access_vlan:SW2:eth2:10+trunk_remove:SW1:eth3:10+trunk_remove:SW2:eth3:10,2992,2996,0.8577375,-11.450000000000001,4,True,False,True,False,False,incorrect_declare_done,0.316515177488327,4,3,0,0,1,1,1,0,3,2,2,0.7018111363636363,1,8.5,0,0,1,0,0
491,2524,access_vlan:SW2:eth2:10+trunk_remove:SW1:eth3:10+trunk_remove:SW2:eth3:10,2996,2997,0.8576900000000001,-10.05,1,True,False,True,False,False,incorrect_declare_done,0.19819360971450806,1,0,0,0,0,0,0,0,3,0,0,0.25730700000000006,0,7.0,0,0,0,0,0
492,2525,access_vlan:SW2:eth1:20+access_vlan:SW2:eth2:10+trunk_remove:SW1:eth3:20+trunk_remove:SW2:eth3:10,2997,3007,0.8572150000000001,-13.25,10,True,False,True,False,False,incorrect_declare_done,1.1222314268350602,10,7,0,0,1,1,1,0,2,4,4,3.2114275909090906,1,6.8,0,0,1,0,0
493,2526,access_vlan:SW1:eth1:20+access_vlan:SW1:eth2:10+access_vlan:SW2:eth1:20+access_vlan:SW2:eth2:10+trunk_remove:SW1:eth3:10+trunk_remove:SW1:eth3:20+trunk_remove:SW2:eth3:10,3007,3009,0.85712,-10.350000000000001,2,True,False,True,False,False,incorrect_declare_done,1.5741351246833801,2,1,0,0,0,0,0,0,2,0,0,0.654547,0,6.5,0,0,0,0,0
494,2527,access_vlan:SW1:eth2:10+access_vlan:SW2:eth1:20+access_vlan:SW2:eth2:10+trunk_remove:SW1:eth3:10+trunk_remove:SW2:eth3:10+trunk_remove:SW2:eth3:20,3009,3019,0.856645,7.699999999999999,10,True,False,True,False,True,recovery_success,1.1829863786697388,10,6,3,0,0,0,0,0,0,7,7,3.995848113636364,0,5.8,0,0,0,0,0
495,2528,access_vlan:SW1:eth2:10+access_vlan:SW2:eth2:10+trunk_remove:SW1:eth3:20,3019,3023,0.856455,-11.450000000000001,4,True,False,True,False,False,incorrect_declare_done,1.0368177592754364,4,3,0,0,1,1,1,0,3,0,0,1.1835367727272728,1,7.0,0,0,1,0,0
496,2529,access_vlan:SW1:eth1:20+access_vlan:SW2:eth2:10+trunk_remove:SW1:eth3:20+trunk_remove:SW2:eth3:10+trunk_remove:SW2:eth3:20,3023,3025,0.85636,-10.350000000000001,2,True,False,True,False,False,incorrect_declare_done,0.8642520010471344,2,1,0,0,0,0,0,0,4,0,0,0.0,0,10.5,0,0,0,0,0
497,2530,access_vlan:SW1:eth1:20+access_vlan:SW2:eth1:20+trunk_remove:SW1:eth3:10+trunk_remove:SW1:eth3:20+trunk_remove:SW2:eth3:20,3025,3029,0.85617,-10.950000000000001,4,True,False,True,False,False,incorrect_declare_done,1.0542651116847992,4,3,0,0,0,0,0,0,2,1,1,1.011889090909091,0,7.5,0,0,0,0,0
498,2531,access_vlan:SW1:eth1:20+access_vlan:SW1:eth2:10+access_vlan:SW2:eth1:20+trunk_remove:SW1:eth3:10,3029,3033,0.85598,9.2,4,True,False,True,False,True,recovery_success,1.0093527138233185,4,2,1,0,0,0,0,0,0,3,3,2.217919659090909,0,3.75,0,0,0,0,0
499,2532,access_vlan:SW1:eth1:20+access_vlan:SW1:eth2:10+access_vlan:SW2:eth1:20+access_vlan:SW2:eth2:10+trunk_remove:SW1:eth3:20+trunk_remove:SW2:eth3:20,3033,3044,0.8554575,-12.75,11,True,False,True,False,False,incorrect_declare_done,0.8750426877628673,11,4,2,0,0,0,0,0,1,0,0,5.367554318181818,0,4.545454545454546,0,0,0,0,0
500,2533,access_vlan:SW1:eth2:10+access_vlan:SW2:eth2:10+trunk_remove:SW1:eth3:10+trunk_remove:SW1:eth3:20,3044,3055,0.854935,-12.600000000000001,11,True,False,True,False,False,incorrect_declare_done,0.8515410314906727,11,6,3,0,0,0,0,0,1,0,0,4.672224181818182,0,5.454545454545454,0,0,0,0,0
501,2534,access_vlan:SW1:eth1:20+trunk_remove:SW1:eth3:10+trunk_remove:SW2:eth3:20,3055,3072,0.8541275,-14.1,17,True,False,True,False,False,incorrect_declare_done,0.8703113548895892,17,7,5,0,0,0,0,0,2,1,1,5.31342340909091,0,6.9411764705882355,0,0,0,0,0
502,2535,access_vlan:SW2:eth1:20+trunk_remove:SW1:eth3:10+trunk_remove:SW2:eth3:10+trunk_remove:SW2:eth3:20,3072,3080,0.8537475,8.299999999999999,8,True,False,True,False,True,recovery_success,0.6819437146186829,8,4,3,0,0,0,0,0,0,4,4,3.9899631363636363,0,4.5,0,0,0,0,0
503,2536,trunk_remove:SW1:eth3:20+trunk_remove:SW2:eth3:10,3080,3083,0.8536050000000001,-10.65,3,True,False,True,False,False,incorrect_declare_done,0.850020170211792,3,2,0,0,0,0,0,0,1,0,0,1.3503161363636365,0,5.0,0,0,0,0,0
504,2537,access_vlan:SW1:eth2:10+access_vlan:SW2:eth1:20+access_vlan:SW2:eth2:10+trunk_remove:SW1:eth3:10+trunk_remove:SW2:eth3:10+trunk_remove:SW2:eth3:20,3083,3107,0.852465,3.500000000000001,24,True,False,True,False,True,recovery_success,0.732109489540259,24,17,3,0,0,0,0,0,0,2,2,8.498475545454545,0,6.375,0,0,0,0,0
505,2538,access_vlan:SW1:eth1:20+access_vlan:SW1:eth2:10+access_vlan:SW2:eth1:20+trunk_remove:SW1:eth3:10+trunk_remove:SW1:eth3:20,3107,3111,0.852275,-10.8,4,True,False,True,False,False,incorrect_declare_done,0.6700465679168701,4,2,1,0,0,0,0,0,3,1,1,1.3017686363636363,0,6.5,0,0,0,0,0
506,2539,access_vlan:SW1:eth2:10+trunk_remove:SW1:eth3:20+trunk_remove:SW2:eth3:10,3111,3113,0.85218,-10.200000000000001,2,True,False,True,False,False,incorrect_declare_done,0.9498293101787567,2,0,1,0,0,0,0,0,3,0,0,0.681763,0,6.0,0,0,0,0,0
507,2540,access_vlan:SW1:eth1:20+access_vlan:SW2:eth1:20+access_vlan:SW2:eth2:10+trunk_remove:SW1:eth3:10+trunk_remove:SW2:eth3:20,3113,3116,0.8520375,-10.65,3,True,False,True,False,False,incorrect_declare_done,0.7977036237716675,3,2,0,0,0,0,0,0,2,0,0,1.0379918636363636,0,6.333333333333333,0,0,0,0,0
508,2541,access_vlan:SW1:eth1:20+access_vlan:SW2:eth1:20+trunk_remove:SW1:eth3:20+trunk_remove:SW2:eth3:20,3116,3121,0.8518,-11.100000000000001,5,True,False,True,False,False,incorrect_declare_done,0.8655500888824463,5,3,1,0,0,0,0,0,1,1,1,1.1615972727272728,0,7.6,0,0,0,0,0
509,2542,trunk_remove:SW1:eth3:10+trunk_remove:SW1:eth3:20+trunk_remove:SW2:eth3:20,3121,3124,0.8516575,-10.65,3,True,False,True,False,False,incorrect_declare_done,0.8876835703849792,3,2,0,0,0,0,0,0,1,0,0,1.1923757727272726,0,5.666666666666667,0,0,0,0,0
510,2543,access_vlan:SW1:eth1:20+access_vlan:SW2:eth1:20+trunk_remove:SW2:eth3:10,3124,3129,0.8514200000000001,-11.75,5,True,False,True,False,False,incorrect_declare_done,0.7025187492370606,5,3,0,0,1,1,1,0,3,1,1,1.873308818181818,1,6.0,0,0,1,0,0
511,2544,access_vlan:SW1:eth1:20+access_vlan:SW1:eth2:10+access_vlan:SW2:eth1:20+access_vlan:SW2:eth2:10+trunk_remove:SW1:eth3:20+trunk_remove:SW2:eth3:20,3129,3133,0.85123,9.2,4,True,False,True,False,True,recovery_success,0.6288865357637405,4,2,1,0,0,0,0,0,0,2,2,2.3681432727272727,0,3.25,0,0,0,0,0
512,2545,access_vlan:SW1:eth1:20+access_vlan:SW2:eth1:20+trunk_remove:SW1:eth3:20+trunk_remove:SW2:eth3:10,3133,3141,0.85085,8.299999999999999,8,True,False,True,False,True,recovery_success,0.6926290988922119,8,4,3,0,0,0,0,0,0,6,6,4.185259840909091,0,4.125,0,0,0,0,0
513,2546,access_vlan:SW2:eth1:20+trunk_remove:SW1:eth3:20,3141,3152,0.8503275,-12.9,11,True,False,True,False,False,incorrect_declare_done,0.7213808406483043,11,9,1,0,0,0,0,0,1,5,5,3.9279454999999994,0,6.2727272727272725,0,0,0,0,0
514,2547,access_vlan:SW1:eth2:10+access_vlan:SW2:eth1:20+access_vlan:SW2:eth2:10+trunk_remove:SW2:eth3:10,3152,3161,0.8499,8.149999999999999,9,True,False,True,False,True,recovery_success,0.7363817460007138,9,4,4,0,0,0,0,0,0,5,5,4.234902272727273,0,4.777777777777778,0,0,0,0,0
515,2548,access_vlan:SW1:eth1:20+access_vlan:SW2:eth1:20+trunk_remove:SW1:eth3:20,3161,3164,0.8497574999999999,-10.5,3,True,False,True,False,False,incorrect_declare_done,0.54925137758255,3,1,1,0,0,0,0,0,3,3,3,0.556219159090909,0,8.0,0,0,0,0,0
516,2549,access_vlan:SW1:eth1:20+access_vlan:SW2:eth1:20+trunk_remove:SW1:eth3:20+trunk_remove:SW2:eth3:10+trunk_remove:SW2:eth3:20,3164,3177,0.84914,-13.35,13,True,False,True,False,False,incorrect_declare_done,0.6630261975985307,13,10,2,0,0,0,0,0,3,0,0,0.9264770454545455,0,9.923076923076923,0,0,0,0,0
517,2550,access_vlan:SW1:eth1:20+access_vlan:SW1:eth2:10+access_vlan:SW2:eth1:20+trunk_remove:SW1:eth3:10,3177,3181,0.84895,-10.950000000000001,4,True,False,True,False,False,incorrect_declare_done,0.675122082233429,4,2,0,0,0,0,0,0,3,2,2,1.6208609090909092,0,5.5,0,0,0,0,0
518,2551,access_vlan:SW2:eth2:10+trunk_remove:SW2:eth3:10+trunk_remove:SW2:eth3:20,3181,3193,0.84838,-13.2,12,True,False,True,False,False,incorrect_declare_done,0.6148041064540545,12,8,1,0,0,0,0,0,1,5,5,3.8882387272727272,0,6.75,0,0,0,0,0
519,2552,access_vlan:SW1:eth2:10+access_vlan:SW2:eth1:20+access_vlan:SW2:eth2:10+trunk_remove:SW1:eth3:10+trunk_remove:SW1:eth3:20+trunk_remove:SW2:eth3:10,3193,3194,0.8483325,-10.05,1,True,False,True,False,False,incorrect_declare_done,0.6688756346702576,1,0,0,0,0,0,0,0,3,0,0,0.25449975,0,7.0,0,0,0,0,0
520,2553,access_vlan:SW2:eth1:20+access_vlan:SW2:eth2:10+trunk_remove:SW2:eth3:10,3194,3203,0.847905,7.799999999999999,9,True,False,True,False,True,recovery_success,0.6067673630184598,9,3,5,0,1,1,1,0,0,8,8,5.1731739545454545,1,3.4444444444444446,0,0,1,0,0
521,2554,access_vlan:SW2:eth2:10+trunk_remove:SW1:eth3:10,3203,3209,0.84762,8.899999999999999,6,True,False,True,False,True,recovery_success,0.5993089179197947,6,2,3,0,0,0,0,0,0,5,5,3.2983906363636364,0,3.6666666666666665,0,0,0,0,0
522,2555,access_vlan:SW1:eth1:20+access_vlan:SW1:eth2:10+trunk_remove:SW1:eth3:10,3209,3218,0.8471925,-12.95,9,True,False,True,False,False,incorrect_declare_done,0.63744874464141,9,7,0,0,1,1,1,0,2,4,4,2.164544977272727,1,7.777777777777778,0,0,1,0,0
523,2556,access_vlan:SW1:eth2:10+access_vlan:SW2:eth2:10+trunk_remove:SW2:eth3:10,3218,3228,0.8467175,7.85,10,True,False,True,False,True,recovery_success,0.6777255773544312,10,5,4,0,0,0,0,0,0,7,7,4.934999045454545,0,4.5,0,0,0,0,0
524,2557,access_vlan:SW1:eth2:10+access_vlan:SW2:eth2:10+trunk_remove:SW1:eth3:20,3228,3232,0.8465275,-11.3,4,True,False,True,False,False,incorrect_declare_done,0.5831710174679756,4,2,1,0,1,1,1,0,3,1,1,0.9389303636363636,1,7.75,0,0,1,0,0
525,2558,access_vlan:SW1:eth1:20+access_vlan:SW2:eth2:10+trunk_remove:SW2:eth3:10,3232,3235,0.8463849999999999,-10.5,3,True,False,True,False,False,incorrect_declare_done,0.7335913379987081,3,1,1,0,0,0,0,0,3,2,2,0.9387585,0,6.666666666666667,0,0,0,0,0
526,2559,access_vlan:SW1:eth1:20+access_vlan:SW1:eth2:10+access_vlan:SW2:eth1:20+access_vlan:SW2:eth2:10+trunk_remove:SW1:eth3:10+trunk_remove:SW1:eth3:20+trunk_remove:SW2:eth3:10+trunk_remove:SW2:eth3:20,3235,3245,0.8459099999999999,7.699999999999999,10,True,False,True,False,True,recovery_success,0.6521863609552383,10,6,3,0,0,0,0,0,0,2,2,4.06123940909091,0,5.6,0,0,0,0,0
527,2560,access_vlan:SW1:eth1:20+access_vlan:SW1:eth2:10+access_vlan:SW2:eth2:10+trunk_remove:SW1:eth3:20+trunk_remove:SW2:eth3:10,3245,3251,0.8456250000000001,8.75,6,True,False,True,False,True,recovery_success,0.5375093420346578,6,3,2,0,0,0,0,0,0,2,2,2.983085090909091,0,4.333333333333333,0,0,0,0,0
528,2561,access_vlan:SW1:eth2:10+trunk_remove:SW1:eth3:10+trunk_remove:SW1:eth3:20+trunk_remove:SW2:eth3:10+trunk_remove:SW2:eth3:20,3251,3267,0.844865,6.35,16,True,False,True,False,True,recovery_success,0.7056382019072771,16,8,6,0,0,0,0,0,0,7,7,6.0928396136363645,0,6.0,0,0,0,0,0
529,2562,access_vlan:SW1:eth1:20+access_vlan:SW1:eth2:10+trunk_remove:SW1:eth3:10+trunk_remove:SW1:eth3:20+trunk_remove:SW2:eth3:10,3267,3273,0.84458,-12.05,6,True,False,True,False,False,incorrect_declare_done,0.6327780783176422,6,4,0,0,1,1,1,0,3,0,0,1.3131085681818182,1,8.0,0,0,1,0,0
530,2563,access_vlan:SW1:eth1:20+trunk_remove:SW1:eth3:20+trunk_remove:SW2:eth3:20,3273,3275,0.8444849999999999,-10.350000000000001,2,True,False,True,False,False,incorrect_declare_done,0.6119370758533478,2,1,0,0,0,0,0,0,3,1,1,0.5604452045454544,0,7.0,0,0,0,0,0
531,2564,access_vlan:SW1:eth2:10+access_vlan:SW2:eth1:20+access_vlan:SW2:eth2:10+trunk_remove:SW1:eth3:10+trunk_remove:SW2:eth3:10,3275,3282,0.8441525,-11.700000000000001,7,True,False,True,False,False,incorrect_declare_done,0.5797410224165235,7,5,1,0,0,0,0,0,1,1,1,2.2718627954545454,0,6.571428571428571,0,0,0,0,0
532,2565,access_vlan:SW1:eth1:20+access_vlan:SW1:eth2:10+trunk_remove:SW1:eth3:10,3282,3297,0.84344,-14.75,15,True,False,True,False,False,incorrect_declare_done,0.5876497487227123,15,13,0,0,1,1,1,0,1,5,5,4.763300954545454,1,6.8,0,0,1,0,0
533,2566,access_vlan:SW1:eth1:20+access_vlan:SW2:eth1:20+access_vlan:SW2:eth2:10+trunk_remove:SW1:eth3:20+trunk_remove:SW2:eth3:10,3297,3302,0.8432025,-10.950000000000001,5,True,False,True,False,False,incorrect_declare_done,0.6027923107147217,5,2,2,0,0,0,0,0,1,3,3,2.0545456818181815,0,5.4,0,0,0,0,0
534,2567,access_vlan:SW1:eth2:10+access_vlan:SW2:eth1:20+trunk_remove:SW1:eth3:10+trunk_remove:SW2:eth3:20,3302,3325,0.84211,3.95,23,True,False,True,False,True,recovery_success,0.561756907597832,23,14,4,0,0,0,0,0,0,11,11,6.816734545454546,0,7.0,0,0,0,0,0
535,2568,access_vlan:SW1:eth1:20+access_vlan:SW2:eth1:20+trunk_remove:SW1:eth3:20+trunk_remove:SW2:eth3:10+trunk_remove:SW2:eth3:20,3325,3327,0.842015,-10.200000000000001,2,True,False,True,False,False,incorrect_declare_done,0.427523210644722,2,0,1,0,0,0,0,0,4,0,0,0.0,0,10.0,0,0,0,0,0
536,2569,access_vlan:SW2:eth1:20+access_vlan:SW2:eth2:10+trunk_remove:SW1:eth3:10+trunk_remove:SW1:eth3:20+trunk_remove:SW2:eth3:10+trunk_remove:SW2:eth3:20,3327,3335,0.841635,-12.65,8,True,False,True,False,False,incorrect_declare_done,0.5037962906062603,8,5,0,0,1,1,1,0,3,3,3,2.066150909090909,1,7.5,0,0,1,0,0
537,2570,access_vlan:SW1:eth2:10+access_vlan:SW2:eth1:20+access_vlan:SW2:eth2:10+trunk_remove:SW1:eth3:10+trunk_remove:SW2:eth3:10+trunk_remove:SW2:eth3:20,3335,3337,0.84154,-10.350000000000001,2,True,False,True,False,False,incorrect_declare_done,0.4352763295173645,2,1,0,0,0,0,0,0,3,0,0,0.48198715909090906,0,7.5,0,0,0,0,0
538,2571,access_vlan:SW1:eth2:10+access_vlan:SW2:eth2:10+trunk_remove:SW1:eth3:20+trunk_remove:SW2:eth3:10+trunk_remove:SW2:eth3:20,3337,3341,0.84135,-10.950000000000001,4,True,False,True,False,False,incorrect_declare_done,0.7350926697254181,4,3,0,0,0,0,0,0,2,0,0,1.0785281136363636,0,7.25,0,0,0,0,0
539,2572,access_vlan:SW1:eth1:20+access_vlan:SW2:eth2:10+trunk_remove:SW1:eth3:20+trunk_remove:SW2:eth3:20,3341,3342,0.8413025000000001,-10.05,1,True,False,True,False,False,incorrect_declare_done,0.6497364640235901,1,0,0,0,0,0,0,0,4,0,0,0.1682605,0,8.0,0,0,0,0,0
540,2573,access_vlan:SW1:eth1:20+access_vlan:SW1:eth2:10+access_vlan:SW2:eth1:20+trunk_remove:SW2:eth3:10,3342,3350,0.8409225,8.299999999999999,8,True,False,True,False,True,recovery_success,0.5752704106271267,8,4,3,0,0,0,0,0,0,6,6,3.975954431818182,0,4.375,0,0,0,0,0
541,2574,access_vlan:SW2:eth2:10,3350,3352,0.8408275000000001,-10.200000000000001,2,True,False,True,False,False,incorrect_declare_done,0.5650831460952759,2,0,1,0,0,0,0,0,3,0,0,0.84085125,0,5.0,0,0,0,0,0
542,2575,access_vlan:SW1:eth2:10+trunk_remove:SW1:eth3:20+trunk_remove:SW2:eth3:20,3352,3365,0.84021,7.1,13,True,False,True,False,True,recovery_success,0.5880011388888726,13,5,5,0,0,0,0,0,0,5,5,7.182131136363638,0,3.6923076923076925,0,0,0,0,0
543,2576,access_vlan:SW2:eth1:20+trunk_remove:SW1:eth3:20+trunk_remove:SW2:eth3:10,3365,3370,0.8399725,-11.25,5,True,False,True,False,False,incorrect_declare_done,0.5812668204307556,5,4,0,0,0,0,0,0,1,3,3,1.8633956818181816,0,6.0,0,0,0,0,0
544,2577,access_vlan:SW2:eth1:20+access_vlan:SW2:eth2:10+trunk_remove:SW2:eth3:10,3370,3376,0.8396875,-11.9,6,True,False,True,False,False,incorrect_declare_done,0.592510774731636,6,4,1,0,1,1,1,0,1,5,5,2.1452465909090908,1,6.166666666666667,0,0,1,0,0
545,2578,access_vlan:SW1:eth1:20+access_vlan:SW2:eth1:20+access_vlan:SW2:eth2:10+trunk_remove:SW2:eth3:20,3376,3380,0.8394975,-10.65,4,True,False,True,False,False,incorrect_declare_done,0.6116850674152374,4,1,2,0,0,0,0,0,3,1,1,1.2517232727272727,0,6.75,0,0,0,0,0
546,2579,access_vlan:SW1:eth1:20+trunk_remove:SW1:eth3:20+trunk_remove:SW2:eth3:10+trunk_remove:SW2:eth3:20,3380,3386,0.8392125,-11.4,6,True,False,True,False,False,incorrect_declare_done,0.5473160048325857,6,4,1,0,0,0,0,0,3,0,0,1.5718350681818185,0,7.333333333333333,0,0,0,0,0
547,2580,access_vlan:SW2:eth1:20+access_vlan:SW2:eth2:10+trunk_remove:SW1:eth3:20+trunk_remove:SW2:eth3:10+trunk_remove:SW2:eth3:20,3386,3396,0.8387375,7.05,10,True,False,True,False,True,recovery_success,0.6722840040922164,10,7,2,0,1,1,1,0,0,7,7,4.125792863636363,1,5.5,0,0,1,0,0
548,2581,access_vlan:SW2:eth1:20+trunk_remove:SW1:eth3:20+trunk_remove:SW2:eth3:10,3396,3397,0.8386899999999999,-10.05,1,True,False,True,False,False,incorrect_declare_done,0.7497982382774353,1,0,0,0,0,0,0,0,3,1,1,0.335476,0,6.0,0,0,0,0,0
549,2582,access_vlan:SW1:eth1:20+access_vlan:SW1:eth2:10+trunk_remove:SW1:eth3:20+trunk_remove:SW2:eth3:10+trunk_remove:SW2:eth3:20,3397,3403,0.8384050000000001,-12.05,6,True,False,True,False,False,incorrect_declare_done,0.5659782240788142,6,5,0,0,1,1,1,0,2,0,0,1.7608772045454546,1,7.0,0,0,1,0,0
550,2583,access_vlan:SW1:eth2:10+access_vlan:SW2:eth1:20+access_vlan:SW2:eth2:10+trunk_remove:SW1:eth3:20+trunk_remove:SW2:eth3:10+trunk_remove:SW2:eth3:20,3403,3410,0.8380725,-11.25,7,True,False,True,False,False,incorrect_declare_done,0.6217333418982369,7,2,4,0,0,0,0,0,2,3,3,2.392702090909091,0,6.428571428571429,0,0,0,0,0
551,2584,access_vlan:SW1:eth1:20+access_vlan:SW2:eth2:10+trunk_remove:SW1:eth3:10+trunk_remove:SW2:eth3:10+trunk_remove:SW2:eth3:20,3410,3422,0.8375025,-13.05,12,True,False,True,False,False,incorrect_declare_done,0.519750565290451,12,7,2,0,0,0,0,0,3,3,3,3.1224465909090915,0,7.5,0,0,0,0,0
552,2585,access_vlan:SW1:eth1:20+access_vlan:SW2:eth1:20+access_vlan:SW2:eth2:10+trunk_remove:SW1:eth3:20+trunk_remove:SW2:eth3:20,3422,3428,0.8372175,8.75,6,True,False,True,False,True,recovery_success,0.5600807716449102,6,3,2,0,0,0,0,0,0,5,5,3.1437187727272726,0,4.0,0,0,0,0,0
553,2586,access_vlan:SW1:eth2:10+access_vlan:SW2:eth1:20+access_vlan:SW2:eth2:10,3428,3429,0.83717,-10.05,1,True,False,True,False,False,incorrect_declare_done,0.43966540694236755,1,0,0,0,0,0,0,0,3,1,1,0.41858500000000004,0,5.0,0,0,0,0,0
554,2587,access_vlan:SW1:eth1:20+access_vlan:SW1:eth2:10+trunk_remove:SW1:eth3:20,3429,3444,0.8364575000000001,-14.3,15,True,False,True,False,False,incorrect_declare_done,0.6013458251953125,15,9,3,0,1,1,1,0,3,4,4,3.7350731590909088,1,7.666666666666667,0,0,1,0,0
555,2588,access_vlan:SW1:eth1:20+access_vlan:SW2:eth1:20+trunk_remove:SW1:eth3:10,3444,3450,0.8361725,8.25,6,True,False,True,False,True,recovery_success,0.5158082495133082,6,3,2,0,1,1,1,0,0,5,5,3.0561629090909093,1,4.166666666666667,0,0,1,0,0
556,2589,access_vlan:SW1:eth2:10+access_vlan:SW2:eth1:20+trunk_remove:SW1:eth3:10+trunk_remove:SW1:eth3:20+trunk_remove:SW2:eth3:10+trunk_remove:SW2:eth3:20,3450,3454,0.8359825000000001,-10.8,4,True,False,True,False,False,incorrect_declare_done,0.44991035014390945,4,2,1,0,0,0,0,0,3,2,2,0.6080045454545455,0,8.75,0,0,0,0,0
557,2590,access_vlan:SW1:eth2:10+trunk_remove:SW1:eth3:20,3454,3458,0.8357924999999999,-10.950000000000001,4,True,False,True,False,False,incorrect_declare_done,0.6181549429893494,4,2,0,0,0,0,0,0,3,0,0,1.5957420454545455,0,5.5,0,0,0,0,0
558,2591,access_vlan:SW1:eth1:20+access_vlan:SW2:eth1:20+access_vlan:SW2:eth2:10+trunk_remove:SW1:eth3:10+trunk_remove:SW1:eth3:20+trunk_remove:SW2:eth3:10+trunk_remove:SW2:eth3:20,3458,3465,0.83546,-11.850000000000001,7,True,False,True,False,False,incorrect_declare_done,0.4917702504566738,7,6,0,0,0,0,0,0,1,2,2,2.301652818181818,0,6.571428571428571,0,0,0,0,0
559,2592,access_vlan:SW1:eth2:10+access_vlan:SW2:eth1:20+access_vlan:SW2:eth2:10+trunk_remove:SW1:eth3:10+trunk_remove:SW1:eth3:20+trunk_remove:SW2:eth3:10+trunk_remove:SW2:eth3:20,3465,3472,0.8351275,8.299999999999999,7,True,False,True,False,True,recovery_success,0.5036550887993404,7,5,1,0,0,0,0,0,0,5,5,2.832203295454545,0,5.571428571428571,0,0,0,0,0
560,2593,access_vlan:SW1:eth1:20+access_vlan:SW1:eth2:10+trunk_remove:SW1:eth3:10+trunk_remove:SW2:eth3:20,3472,3480,0.8347475,-12.350000000000001,8,True,False,True,False,False,incorrect_declare_done,0.4984174706041813,8,5,2,0,1,1,1,0,3,1,1,2.444027590909091,1,6.875,0,0,1,0,0
561,2594,access_vlan:SW1:eth1:20+trunk_remove:SW1:eth3:10+trunk_remove:SW1:eth3:20+trunk_remove:SW2:eth3:20,3480,3489,0.83432,7.85,9,True,False,True,False,True,recovery_success,0.48200786113739014,9,5,2,0,0,0,0,0,0,2,2,3.3833734772727277,0,5.888888888888889,0,0,0,0,0
562,2595,access_vlan:SW1:eth1:20+access_vlan:SW2:eth1:20+trunk_remove:SW1:eth3:10+trunk_remove:SW1:eth3:20,3489,3494,0.8340825000000001,-11.25,5,True,False,True,False,False,incorrect_declare_done,0.45652899146080017,5,3,0,0,0,0,0,0,4,2,2,0.166845,0,10.2,0,0,0,0,0
563,2596,access_vlan:SW1:eth2:10+access_vlan:SW2:eth1:20+trunk_remove:SW1:eth3:10+trunk_remove:SW1:eth3:20+trunk_remove:SW2:eth3:10,3494,3495,0.8340350000000001,-10.05,1,True,False,True,False,False,incorrect_declare_done,0.287937194108963,1,0,0,0,0,0,0,0,4,0,0,0.0,0,10.0,0,0,0,0,0
564,2597,access_vlan:SW1:eth2:10+trunk_remove:SW2:eth3:20,3495,3501,0.83375,-11.25,6,True,False,True,False,False,incorrect_declare_done,0.7548320293426514,6,3,2,0,0,0,0,0,1,1,1,2.4636869318181818,0,5.5,0,0,0,0,0
565,2598,access_vlan:SW1:eth1:20+access_vlan:SW2:eth1:20,3501,3502,0.8337025,-10.05,1,True,False,True,False,False,incorrect_declare_done,1.7734318971633911,1,0,0,0,0,0,0,0,4,0,0,0.1667405,0,8.0,0,0,1,-1,0
566,2599,access_vlan:SW1:eth2:10+access_vlan:SW2:eth1:20+access_vlan:SW2:eth2:10+trunk_remove:SW1:eth3:10+trunk_remove:SW1:eth3:20+trunk_remove:SW2:eth3:20,3502,3503,0.833655,-10.05,1,True,False,True,False,False,incorrect_declare_done,1.4196909666061401,1,0,0,0,0,0,0,0,3,0,0,0.33346200000000004,0,6.0,0,0,0,0,0
567,2600,access_vlan:SW2:eth1:20+access_vlan:SW2:eth2:10+trunk_remove:SW1:eth3:20,3503,3504,0.8336075000000001,-10.05,1,True,False,True,False,False,incorrect_declare_done,1.6000243425369263,1,0,0,0,0,0,0,0,3,1,1,0.08336075000000001,0,9.0,0,0,1,-1,0
568,2601,access_vlan:SW1:eth2:10+access_vlan:SW2:eth1:20+trunk_remove:SW1:eth3:10+trunk_remove:SW1:eth3:20+trunk_remove:SW2:eth3:10+trunk_remove:SW2:eth3:20,3504,3523,0.832705,5.449999999999999,19,True,False,True,False,True,recovery_success,1.0216090585056103,19,12,6,0,0,0,0,0,0,10,10,7.118377499999999,0,5.947368421052632,0,0,0,0,0
569,2602,access_vlan:SW2:eth2:10+trunk_remove:SW1:eth3:10,3523,3524,0.8326575,-10.05,1,True,False,True,False,False,incorrect_declare_done,0.641815185546875,1,0,0,0,0,0,0,0,3,0,0,0.333063,0,6.0,0,0,0,0,0
570,2603,access_vlan:SW1:eth2:10+access_vlan:SW2:eth1:20+access_vlan:SW2:eth2:10+trunk_remove:SW2:eth3:20,3524,3525,0.8326100000000001,-10.05,1,True,False,True,False,False,incorrect_declare_done,0.8897878527641296,1,0,0,0,0,0,0,0,3,1,1,0.41630500000000004,0,5.0,0,0,0,0,0
571,2604,access_vlan:SW1:eth1:20+access_vlan:SW2:eth1:20+trunk_remove:SW1:eth3:10+trunk_remove:SW1:eth3:20,3525,3548,0.8315175,-14.7,23,True,False,True,False,False,incorrect_declare_done,0.6687188239201255,23,8,13,0,0,0,0,0,1,20,20,10.445452613636366,0,4.956521739130435,0,0,0,0,0
572,2605,access_vlan:SW2:eth1:20+trunk_remove:SW1:eth3:20,3548,3555,0.8311850000000001,-11.700000000000001,7,True,False,True,False,False,incorrect_declare_done,0.5456891485622951,7,4,1,0,0,0,0,0,1,6,6,3.128802318181818,0,5.0,0,0,0,0,0
573,2606,access_vlan:SW1:eth1:20+access_vlan:SW2:eth2:10+trunk_remove:SW1:eth3:20+trunk_remove:SW2:eth3:10,3555,3556,0.8311375000000001,-10.05,1,True,False,True,False,False,incorrect_declare_done,0.3827761709690094,1,0,0,0,0,0,0,0,4,0,0,0.0,0,10.0,0,0,0,0,0
574,2607,access_vlan:SW1:eth1:20+access_vlan:SW1:eth2:10+access_vlan:SW2:eth1:20+access_vlan:SW2:eth2:10+trunk_remove:SW1:eth3:20+trunk_remove:SW2:eth3:20,3556,3559,0.830995,9.35,3,True,False,True,False,True,recovery_success,0.5728992621103922,3,2,0,0,0,0,0,0,0,3,3,1.631854909090909,0,3.6666666666666665,0,0,0,0,0
575,2608,access_vlan:SW1:eth1:20+access_vlan:SW1:eth2:10+access_vlan:SW2:eth1:20+access_vlan:SW2:eth2:10+trunk_remove:SW1:eth3:10+trunk_remove:SW2:eth3:10+trunk_remove:SW2:eth3:20,3559,3560,0.8309475,-10.05,1,True,False,True,False,False,incorrect_declare_done,0.5883640050888062,1,0,0,0,0,0,0,0,2,0,0,0.332379,0,6.0,0,0,0,0,0
576,2609,access_vlan:SW1:eth1:20+access_vlan:SW1:eth2:10+trunk_remove:SW2:eth3:20,3560,3566,0.8306625000000001,-11.9,6,True,False,True,False,False,incorrect_declare_done,0.5677864452203115,6,4,1,0,1,1,1,0,1,3,3,1.60105525,1,7.166666666666667,0,0,1,0,0
577,2610,access_vlan:SW1:eth1:20+access_vlan:SW1:eth2:10+access_vlan:SW2:eth2:10+trunk_remove:SW2:eth3:20,3566,3572,0.8303775,-11.55,6,True,False,True,False,False,incorrect_declare_done,0.456487496693929,6,3,0,0,0,0,0,0,1,6,6,2.5292202272727273,0,5.166666666666667,0,0,0,0,0
578,2611,access_vlan:SW1:eth1:20+access_vlan:SW2:eth1:20+access_vlan:SW2:eth2:10+trunk_remove:SW2:eth3:20,3572,3576,0.8301875000000001,-10.8,4,True,False,True,False,False,incorrect_declare_done,0.44590798020362854,4,2,1,0,0,0,0,0,3,1,1,1.237842909090909,0,6.75,0,0,0,0,0
579,2612,access_vlan:SW1:eth1:20+access_vlan:SW1:eth2:10+access_vlan:SW2:eth2:10+trunk_remove:SW1:eth3:10+trunk_remove:SW1:eth3:20,3576,3579,0.830045,-10.65,3,True,False,True,False,False,incorrect_declare_done,0.5280714432398478,3,1,0,0,0,0,0,0,3,3,3,0.9659258181818182,0,6.333333333333333,0,0,0,0,0
580,2613,access_vlan:SW1:eth1:20+access_vlan:SW2:eth2:10+trunk_remove:SW1:eth3:10+trunk_remove:SW2:eth3:10+trunk_remove:SW2:eth3:20,3579,3591,0.829475,-13.35,12,True,False,True,False,False,incorrect_declare_done,0.4729147454102834,12,10,0,0,0,0,0,0,2,10,10,3.1679025,0,7.416666666666667,0,0,0,0,0
581,2614,access_vlan:SW1:eth2:10+access_vlan:SW2:eth1:20+trunk_remove:SW1:eth3:10+trunk_remove:SW1:eth3:20,3591,3595,0.829285,-10.950000000000001,4,True,False,True,False,False,incorrect_declare_done,0.38656628131866455,4,3,0,0,0,0,0,0,2,2,2,1.055518409090909,0,7.25,0,0,0,0,0
582,2615,access_vlan:SW2:eth1:20+trunk_remove:SW1:eth3:10,3595,3596,0.8292375000000001,-10.05,1,True,False,True,False,False,incorrect_declare_done,0.5183647871017456,1,0,0,0,0,0,0,0,3,0,0,0.41461875,0,5.0,0,0,0,0,0
583,2616,access_vlan:SW1:eth1:20+access_vlan:SW2:eth2:10+trunk_remove:SW1:eth3:10,3596,3604,0.8288575,-12.15,8,True,False,True,False,False,incorrect_declare_done,0.41668958589434624,8,5,0,0,0,0,0,0,1,2,2,2.0649040454545453,0,7.375,0,0,0,0,0
584,2617,access_vlan:SW1:eth1:20+trunk_remove:SW1:eth3:10+trunk_remove:SW2:eth3:20,3604,3609,0.82862,-11.100000000000001,5,True,False,True,False,False,incorrect_declare_done,0.38490203619003294,5,3,1,0,0,0,0,0,2,4,4,1.642359,0,6.4,0,0,0,0,0
585,2618,access_vlan:SW1:eth1:20+access_vlan:SW2:eth2:10+trunk_remove:SW1:eth3:10+trunk_remove:SW2:eth3:20,3609,3611,0.828525,-10.350000000000001,2,True,False,True,False,False,incorrect_declare_done,0.40732282400131226,2,1,0,0,0,0,0,0,4,1,1,0.15064090909090908,0,9.5,0,0,0,0,0
586,2619,access_vlan:SW1:eth1:20+access_vlan:SW1:eth2:10+trunk_remove:SW1:eth3:10+trunk_remove:SW1:eth3:20+trunk_remove:SW2:eth3:20,3611,3613,0.82843,-10.350000000000001,2,True,False,True,False,False,incorrect_declare_done,0.5231465399265289,2,1,0,0,0,0,0,0,2,1,1,0.08284775,0,10.0,0,0,1,-1,0
587,2620,access_vlan:SW1:eth1:20+access_vlan:SW1:eth2:10+access_vlan:SW2:eth1:20+trunk_remove:SW2:eth3:20,3613,3620,0.8280975,-11.4,7,True,False,True,False,False,incorrect_declare_done,0.44700523785182406,7,3,3,0,0,0,0,0,1,5,5,2.846064727272727,0,5.428571428571429,0,0,0,0,0
588,2621,access_vlan:SW1:eth1:20+access_vlan:SW2:eth1:20+trunk_remove:SW1:eth3:10+trunk_remove:SW1:eth3:20,3620,3628,0.8277175,-12.0,8,True,False,True,False,False,incorrect_declare_done,0.44986455142498016,8,6,1,0,0,0,0,0,1,2,2,2.5663504545454545,0,6.625,0,0,0,0,0
589,2622,access_vlan:SW1:eth1:20+access_vlan:SW2:eth1:20+access_vlan:SW2:eth2:10+trunk_remove:SW1:eth3:10+trunk_remove:SW2:eth3:10,3628,3630,0.8276225,-10.350000000000001,2,True,False,True,False,False,incorrect_declare_done,0.42139650881290436,2,1,0,0,0,0,0,0,3,2,2,0.7900270454545455,0,5.5,0,0,0,0,0
590,2623,access_vlan:SW1:eth1:20+access_vlan:SW2:eth1:20+access_vlan:SW2:eth2:10+trunk_remove:SW1:eth3:10+trunk_remove:SW2:eth3:10,3630,3637,0.8272900000000001,-11.55,7,True,False,True,False,False,incorrect_declare_done,0.5209365997995649,7,4,2,0,0,0,0,0,1,6,6,2.8583880681818186,0,5.428571428571429,0,0,0,0,0
591,2624,access_vlan:SW1:eth2:10+access_vlan:SW2:eth1:20+access_vlan:SW2:eth2:10+trunk_remove:SW1:eth3:10+trunk_remove:SW1:eth3:20+trunk_remove:SW2:eth3:20,3637,3643,0.827005,-11.4,6,True,False,True,False,False,incorrect_declare_done,0.5544283290704092,6,4,1,0,0,0,0,0,3,4,4,1.684346318181818,0,7.166666666666667,0,0,0,0,0
592,2625,access_vlan:SW1:eth2:10+access_vlan:SW2:eth1:20+trunk_remove:SW1:eth3:10+trunk_remove:SW1:eth3:20+trunk_remove:SW2:eth3:10,3643,3654,0.8264825,-12.9,11,True,False,True,False,False,incorrect_declare_done,0.44043912399898877,11,9,1,0,0,0,0,0,1,3,3,3.1564247727272727,0,7.090909090909091,0,0,0,0,0
593,2626,trunk_remove:SW1:eth3:10+trunk_remove:SW1:eth3:20+trunk_remove:SW2:eth3:20,3654,3656,0.8263875,-10.350000000000001,2,True,False,True,False,False,incorrect_declare_done,0.40469883382320404,2,1,0,0,0,0,0,0,1,1,1,0.8564569545454546,0,5.0,0,0,0,0,0
594,2627,access_vlan:SW1:eth1:20,3656,3669,0.82577,7.1,13,True,False,True,False,True,recovery_success,0.44847601652145386,13,7,5,0,0,0,0,0,0,13,13,6.645797954545454,0,4.153846153846154,0,0,0,0,0
595,2628,access_vlan:SW2:eth1:20+access_vlan:SW2:eth2:10+trunk_remove:SW2:eth3:10,3669,3672,0.8256275,-11.15,3,True,False,True,False,False,incorrect_declare_done,0.38634059826533,3,2,0,0,1,1,1,0,1,2,2,1.05833975,1,6.0,0,0,1,0,0
596,2629,access_vlan:SW1:eth1:20+access_vlan:SW2:eth1:20+access_vlan:SW2:eth2:10+trunk_remove:SW2:eth3:20,3672,3681,0.8252,8.15,9,True,False,True,False,True,recovery_success,0.4134564962651994,9,4,4,0,0,0,0,0,0,8,8,4.23185540909091,0,4.666666666666667,0,0,0,0,0
597,2630,access_vlan:SW1:eth1:20+access_vlan:SW1:eth2:10+trunk_remove:SW2:eth3:20,3681,3686,0.8249625,-11.450000000000001,5,True,False,True,False,False,incorrect_declare_done,0.43556734919548035,5,2,2,0,1,1,1,0,1,4,4,2.1075916136363637,1,5.2,0,0,1,0,0
598,2631,access_vlan:SW1:eth1:20+access_vlan:SW1:eth2:10+access_vlan:SW2:eth1:20+trunk_remove:SW1:eth3:10+trunk_remove:SW1:eth3:20,3686,3687,0.8249150000000001,-10.05,1,True,False,True,False,False,incorrect_declare_done,0.5445705056190491,1,0,0,0,0,0,0,0,3,0,0,0.32996600000000004,0,6.0,0,0,0,0,0
599,2632,trunk_remove:SW1:eth3:10+trunk_remove:SW2:eth3:20,3687,3690,0.8247725,9.35,3,True,False,True,False,True,recovery_success,0.43693220615386963,3,2,0,0,0,0,0,0,0,2,2,1.5296463181818183,0,4.0,0,0,0,0,0
600,2633,access_vlan:SW1:eth1:20+access_vlan:SW1:eth2:10+trunk_remove:SW1:eth3:10+trunk_remove:SW1:eth3:20+trunk_remove:SW2:eth3:20,3690,3710,0.8238225,-16.099999999999998,20,True,False,True,False,False,incorrect_declare_done,0.43854941725730895,20,14,1,0,1,1,1,0,1,16,16,7.207865727272727,1,6.1,0,0,1,0,0
601,2634,access_vlan:SW2:eth1:20+trunk_remove:SW2:eth3:10,3710,3714,0.8236325,-10.8,4,True,False,True,False,False,incorrect_declare_done,0.3562714159488678,4,2,1,0,0,0,0,0,1,3,3,1.9094918181818181,0,4.5,0,0,0,0,0
602,2635,access_vlan:SW1:eth1:20+access_vlan:SW2:eth1:20+access_vlan:SW2:eth2:10+trunk_remove:SW1:eth3:20+trunk_remove:SW2:eth3:10+trunk_remove:SW2:eth3:20,3714,3726,0.8230625,-13.05,12,True,False,True,False,False,incorrect_declare_done,0.4273994565010071,12,7,2,0,0,0,0,0,1,7,7,3.8095775,0,6.583333333333333,0,0,0,0,0
603,2636,access_vlan:SW2:eth1:20+access_vlan:SW2:eth2:10+trunk_remove:SW1:eth3:20+trunk_remove:SW2:eth3:10,3726,3727,0.823015,-10.05,1,True,False,True,False,False,incorrect_declare_done,0.37550660967826843,1,0,0,0,0,0,0,0,2,1,1,0.164603,0,8.0,0,0,1,-1,0
604,2637,access_vlan:SW1:eth1:20+access_vlan:SW2:eth2:10+trunk_remove:SW1:eth3:20+trunk_remove:SW2:eth3:20,3727,3741,0.82235,6.5,14,True,False,True,False,True,recovery_success,0.41958221580301014,14,10,3,0,0,0,0,0,0,7,7,5.174627136363636,0,6.0,0,0,0,0,0
605,2638,access_vlan:SW1:eth2:10+trunk_remove:SW1:eth3:10,3741,3744,0.8222075,9.35,3,True,False,True,False,True,recovery_success,0.3458738426367442,3,2,0,0,0,0,0,0,0,2,2,1.524889409090909,0,4.0,0,0,0,0,0
606,2639,access_vlan:SW1:eth1:20+access_vlan:SW1:eth2:10+access_vlan:SW2:eth1:20+access_vlan:SW2:eth2:10+trunk_remove:SW2:eth3:20,3744,3746,0.8221125,-10.200000000000001,2,True,False,True,False,False,incorrect_declare_done,0.4727201461791992,2,0,1,0,0,0,0,0,1,2,2,0.9865634999999999,0,4.0,0,0,0,0,0
607,2640,access_vlan:SW1:eth1:20+access_vlan:SW1:eth2:10+access_vlan:SW2:eth2:10+trunk_remove:SW2:eth3:10,3746,3747,0.822065,-10.05,1,True,False,True,False,False,incorrect_declare_done,0.38587895035743713,1,0,0,0,0,0,0,0,3,1,1,0.328826,0,6.0,0,0,0,0,0
608,2641,access_vlan:SW1:eth2:10+access_vlan:SW2:eth1:20+access_vlan:SW2:eth2:10+trunk_remove:SW2:eth3:20,3747,3772,0.8208775,4.249999999999999,25,True,False,True,False,True,recovery_success,0.3742749708890915,25,9,10,0,0,0,0,0,0,25,25,11.910859204545458,0,4.6,0,0,0,0,0
609,2642,access_vlan:SW2:eth1:20+access_vlan:SW2:eth2:10+trunk_remove:SW1:eth3:20+trunk_remove:SW2:eth3:20,3772,3778,0.8205925000000001,-11.4,6,True,False,True,False,False,incorrect_declare_done,0.3884010861317317,6,3,1,0,0,0,0,0,2,2,2,0.7460795454545455,0,9.166666666666666,0,0,1,-1,0
610,2643,access_vlan:SW2:eth1:20+trunk_remove:SW1:eth3:20+trunk_remove:SW2:eth3:10,3778,3779,0.820545,-10.05,1,True,False,True,False,False,incorrect_declare_done,0.6153209805488586,1,0,0,0,0,0,0,0,3,0,0,0.328218,0,6.0,0,0,0,0,0
611,2644,access_vlan:SW1:eth1:20+access_vlan:SW1:eth2:10+access_vlan:SW2:eth1:20+trunk_remove:SW1:eth3:10,3779,3790,0.8200225,8.149999999999999,11,True,False,True,False,True,recovery_success,0.4161931411786513,11,2,8,0,0,0,0,0,0,11,11,6.524598977272727,0,3.0,0,0,0,0,0
612,2645,access_vlan:SW2:eth2:10+trunk_remove:SW1:eth3:10+trunk_remove:SW2:eth3:10,3790,3791,0.819975,-10.05,1,True,False,True,False,False,incorrect_declare_done,0.29320546984672546,1,0,0,0,0,0,0,0,3,0,0,0.2459925,0,7.0,0,0,0,0,0
613,2646,access_vlan:SW1:eth1:20+access_vlan:SW1:eth2:10+access_vlan:SW2:eth2:10+trunk_remove:SW1:eth3:10+trunk_remove:SW1:eth3:20+trunk_remove:SW2:eth3:10+trunk_remove:SW2:eth3:20,3791,3796,0.8197375,-11.100000000000001,5,True,False,True,False,False,incorrect_declare_done,0.3552172243595123,5,3,1,0,0,0,0,0,3,4,4,1.438427340909091,0,7.0,0,0,0,0,0
614,2647,access_vlan:SW1:eth1:20+access_vlan:SW2:eth2:10+trunk_remove:SW1:eth3:10,3796,3805,0.81931,-12.3,9,True,False,True,False,False,incorrect_declare_done,0.37486417094866437,9,6,1,0,0,0,0,0,1,2,2,1.817688590909091,0,8.11111111111111,0,0,0,0,0
615,2648,access_vlan:SW1:eth1:20+access_vlan:SW1:eth2:10+trunk_remove:SW1:eth3:10+trunk_remove:SW2:eth3:20,3805,3810,0.8190725,-11.75,5,True,False,True,False,False,incorrect_declare_done,0.364104288816452,5,4,0,0,1,1,1,0,3,2,2,1.4298084090909091,1,7.0,0,0,1,0,0
616,2649,access_vlan:SW1:eth1:20+access_vlan:SW1:eth2:10+access_vlan:SW2:eth1:20+trunk_remove:SW1:eth3:20+trunk_remove:SW2:eth3:20,3810,3822,0.8185025,7.25,12,True,False,True,False,True,recovery_success,0.3702616182466348,12,5,4,0,0,0,0,0,0,11,11,5.902279545454545,0,4.333333333333333,0,0,0,0,0
617,2650,access_vlan:SW1:eth1:20+trunk_remove:SW1:eth3:20,3822,3832,0.8180275,8.0,10,True,False,True,False,True,recovery_success,0.3940130412578583,10,3,5,0,0,0,0,0,0,9,9,5.682892454545454,0,3.3,0,0,0,0,0
618,2651,access_vlan:SW1:eth2:10+access_vlan:SW2:eth1:20+access_vlan:SW2:eth2:10,3832,3834,0.8179325000000001,9.649999999999999,2,True,False,True,False,True,recovery_success,0.32982438802719116,2,1,0,0,0,0,0,0,0,1,1,1.0782075000000002,0,3.5,0,0,0,0,0
619,2652,access_vlan:SW1:eth1:20+access_vlan:SW2:eth1:20+access_vlan:SW2:eth2:10+trunk_remove:SW1:eth3:10+trunk_remove:SW1:eth3:20,3834,3842,0.8175525,-12.0,8,True,False,True,False,False,incorrect_declare_done,0.42312908358871937,8,5,1,0,0,0,0,0,3,6,6,2.3639484090909093,0,6.875,0,0,0,0,0
620,2653,access_vlan:SW1:eth2:10+access_vlan:SW2:eth1:20+trunk_remove:SW1:eth3:10+trunk_remove:SW1:eth3:20+trunk_remove:SW2:eth3:10,3842,3848,0.8172675,-11.55,6,True,False,True,False,False,incorrect_declare_done,0.3601878484090169,6,4,0,0,0,0,0,0,3,1,1,1.3374677272727273,0,7.833333333333333,0,0,0,0,0
621,2654,access_vlan:SW1:eth1:20+access_vlan:SW2:eth1:20+access_vlan:SW2:eth2:10+trunk_remove:SW1:eth3:20+trunk_remove:SW2:eth3:20,3848,3853,0.81703,-10.950000000000001,5,True,False,True,False,False,incorrect_declare_done,0.47397853136062623,5,2,2,0,0,0,0,0,1,5,5,1.8273407045454548,0,5.8,0,0,0,0,0
622,2655,access_vlan:SW1:eth1:20+access_vlan:SW1:eth2:10+access_vlan:SW2:eth1:20+trunk_remove:SW1:eth3:10+trunk_remove:SW2:eth3:10,3853,3861,0.81665,8.149999999999999,8,True,False,True,False,True,recovery_success,0.41140130534768105,8,4,2,0,0,0,0,0,0,5,5,3.824082613636364,0,4.375,0,0,0,0,0
623,2656,access_vlan:SW1:eth1:20+access_vlan:SW1:eth2:10+trunk_remove:SW1:eth3:10+trunk_remove:SW2:eth3:20,3861,3872,0.8161275,7.05,11,True,False,True,False,True,recovery_success,0.37257683412595227,11,6,4,0,1,1,1,0,0,5,5,4.022232772727273,1,6.0,0,0,1,0,0
624,2657,access_vlan:SW1:eth1:20+access_vlan:SW2:eth2:10+trunk_remove:SW1:eth3:10,3872,3874,0.8160325,-10.350000000000001,2,True,False,True,False,False,incorrect_declare_done,0.37301182746887207,2,1,0,0,0,0,0,0,3,1,1,0.5341398636363637,0,7.0,0,0,0,0,0
625,2658,access_vlan:SW1:eth1:20+trunk_remove:SW1:eth3:10,3874,3877,0.81589,-10.5,3,True,False,True,False,False,incorrect_declare_done,0.37602782249450684,3,1,1,0,0,0,0,0,1,1,1,1.3351639772727273,0,4.666666666666667,0,0,0,0,0
626,2659,access_vlan:SW2:eth1:20+trunk_remove:SW1:eth3:20+trunk_remove:SW2:eth3:10,3877,3883,0.815605,-11.4,6,True,False,True,False,False,incorrect_declare_done,0.3418249636888504,6,3,1,0,0,0,0,0,3,0,0,1.4386551818181816,0,7.666666666666667,0,0,0,0,0
627,2660,access_vlan:SW1:eth1:20+access_vlan:SW1:eth2:10+access_vlan:SW2:eth1:20+trunk_remove:SW2:eth3:10,3883,3891,0.815225,-11.850000000000001,8,True,False,True,False,False,incorrect_declare_done,0.3612867444753647,8,5,2,0,0,0,0,0,1,7,7,3.3727320454545455,0,5.125,0,0,0,0,0
628,2661,trunk_remove:SW1:eth3:10+trunk_remove:SW2:eth3:20,3891,3894,0.8150825,-10.65,3,True,False,True,False,False,incorrect_declare_done,0.32169962922732037,3,2,0,0,0,0,0,0,1,3,3,1.2893805454545455,0,5.0,0,0,0,0,0
629,2662,access_vlan:SW2:eth1:20+access_vlan:SW2:eth2:10+trunk_remove:SW1:eth3:10+trunk_remove:SW2:eth3:10,3894,3897,0.81494,-11.15,3,True,False,True,False,False,incorrect_declare_done,0.29068026940027875,3,2,0,0,1,1,1,0,3,1,1,0.44452136363636363,1,8.666666666666666,0,0,1,0,0
630,2663,access_vlan:SW1:eth1:20+access_vlan:SW2:eth1:20+access_vlan:SW2:eth2:10+trunk_remove:SW1:eth3:20,3897,3905,0.81456,-11.850000000000001,8,True,False,True,False,False,incorrect_declare_done,0.2726785708218813,8,5,2,0,0,0,0,0,1,8,8,3.4662570454545456,0,5.0,0,0,0,0,0
631,2664,access_vlan:SW1:eth1:20+access_vlan:SW1:eth2:10+access_vlan:SW2:eth2:10+trunk_remove:SW1:eth3:10+trunk_remove:SW1:eth3:20+trunk_remove:SW2:eth3:10,3905,3907,0.814465,-10.350000000000001,2,True,False,True,False,False,incorrect_declare_done,0.3157787472009659,2,1,0,0,0,0,0,0,3,1,1,0.5405228409090909,0,7.0,0,0,0,0,0
632,2665,access_vlan:SW1:eth2:10+access_vlan:SW2:eth1:20+trunk_remove:SW1:eth3:10+trunk_remove:SW1:eth3:20+trunk_remove:SW2:eth3:10+trunk_remove:SW2:eth3:20,3907,3909,0.81437,-10.350000000000001,2,True,False,True,False,False,incorrect_declare_done,0.49640220403671265,2,1,0,0,0,0,0,0,4,0,0,0.0,0,10.5,0,0,0,0,0
633,2666,access_vlan:SW1:eth1:20+access_vlan:SW2:eth1:20+trunk_remove:SW1:eth3:20+trunk_remove:SW2:eth3:20,3909,3919,0.813895,-12.450000000000001,10,True,False,True,False,False,incorrect_declare_done,0.3230611518025398,10,6,2,0,0,0,0,0,1,6,6,3.5522672727272724,0,6.1,0,0,0,0,0
634,2667,access_vlan:SW1:eth2:10+access_vlan:SW2:eth2:10+trunk_remove:SW1:eth3:10+trunk_remove:SW1:eth3:20,3919,3921,0.8138,-10.200000000000001,2,True,False,True,False,False,incorrect_declare_done,0.3929142951965332,2,0,1,0,0,0,0,0,4,2,2,0.16276475,0,9.0,0,0,0,0,0
635,2668,access_vlan:SW1:eth2:10+access_vlan:SW2:eth1:20+access_vlan:SW2:eth2:10+trunk_remove:SW1:eth3:10+trunk_remove:SW2:eth3:10+trunk_remove:SW2:eth3:20,3921,3924,0.8136575,-10.65,3,True,False,True,False,False,incorrect_declare_done,0.23418106883764267,3,2,0,0,0,0,0,0,2,1,1,0.8358896136363636,0,7.0,0,0,0,0,0
636,2669,trunk_remove:SW2:eth3:20,3924,3928,0.8134675,9.35,4,True,False,True,False,True,recovery_success,0.27542413771152496,4,1,2,0,0,0,0,0,0,4,4,2.4849755454545455,0,2.5,0,0,0,0,0
637,2670,trunk_remove:SW1:eth3:10+trunk_remove:SW2:eth3:10,3928,3929,0.81342,-10.05,1,True,False,True,False,False,incorrect_declare_done,0.41156744956970215,1,0,0,0,0,0,0,0,1,1,1,0.48805200000000004,0,4.0,0,0,0,0,0
638,2671,access_vlan:SW1:eth2:10+access_vlan:SW2:eth2:10+trunk_remove:SW1:eth3:10,3929,3938,0.8129925,7.699999999999999,9,True,False,True,False,True,recovery_success,0.3120652735233307,9,7,1,0,0,0,0,0,0,7,7,3.186030204545455,0,6.111111111111111,0,0,0,0,0
639,2672,access_vlan:SW1:eth2:10+access_vlan:SW2:eth1:20+trunk_remove:SW1:eth3:10+trunk_remove:SW1:eth3:20+trunk_remove:SW2:eth3:10+trunk_remove:SW2:eth3:20,3938,3950,0.8124225,7.1,12,True,False,True,False,True,recovery_success,0.3035193743805091,12,7,3,0,0,0,0,0,0,7,7,4.580153636363637,0,5.75,0,0,0,0,0
640,2673,access_vlan:SW1:eth1:20+access_vlan:SW1:eth2:10+access_vlan:SW2:eth1:20+access_vlan:SW2:eth2:10+trunk_remove:SW1:eth3:20+trunk_remove:SW2:eth3:20,3950,3954,0.8122325,9.2,4,True,False,True,False,True,recovery_success,0.19174880534410477,4,2,1,0,0,0,0,0,0,4,4,2.2596593181818183,0,3.25,0,0,0,0,0
641,2674,access_vlan:SW2:eth1:20+trunk_remove:SW1:eth3:10+trunk_remove:SW1:eth3:20,3954,3958,0.8120425,-10.8,4,True,False,True,False,False,incorrect_declare_done,0.3766062930226326,4,2,1,0,0,0,0,0,1,2,2,1.4617887727272727,0,5.75,0,0,0,0,0
642,2675,access_vlan:SW1:eth1:20+access_vlan:SW1:eth2:10+access_vlan:SW2:eth1:20+access_vlan:SW2:eth2:10+trunk_remove:SW1:eth3:10+trunk_remove:SW1:eth3:20+trunk_remove:SW2:eth3:10,3958,3966,0.8116625,8.149999999999999,8,True,False,True,False,True,recovery_success,0.3431683238595724,8,4,2,0,0,0,0,0,0,5,5,3.2619576363636362,0,5.25,0,0,0,0,0
643,2676,trunk_remove:SW1:eth3:20+trunk_remove:SW2:eth3:10+trunk_remove:SW2:eth3:20,3966,3970,0.8114725,-10.8,4,True,False,True,False,False,incorrect_declare_done,0.3794795274734497,4,2,1,0,0,0,0,0,1,3,3,1.726366681818182,0,5.0,0,0,0,0,0
644,2677,access_vlan:SW1:eth1:20+access_vlan:SW2:eth2:10+trunk_remove:SW1:eth3:10+trunk_remove:SW1:eth3:20,3970,3982,0.8109025,7.1,12,True,False,True,False,True,recovery_success,0.3016438254465659,12,7,3,0,0,0,0,0,0,8,8,4.350284318181818,0,5.916666666666667,0,0,0,0,0
645,2678,access_vlan:SW1:eth1:20+access_vlan:SW2:eth1:20+access_vlan:SW2:eth2:10+trunk_remove:SW1:eth3:10+trunk_remove:SW1:eth3:20+trunk_remove:SW2:eth3:10,3982,3983,0.810855,-10.05,1,True,False,True,False,False,incorrect_declare_done,0.30174002051353455,1,0,0,0,0,0,0,0,3,0,0,0.324342,0,6.0,0,0,0,0,0
646,2679,access_vlan:SW1:eth2:10+trunk_remove:SW1:eth3:20+trunk_remove:SW2:eth3:20,3983,3996,0.8102374999999999,7.1,13,True,False,True,False,True,recovery_success,0.3009901207226973,13,6,5,0,0,0,0,0,0,10,10,6.631206590909091,0,4.0,0,0,0,0,0
647,2680,access_vlan:SW1:eth1:20+access_vlan:SW2:eth2:10+trunk_remove:SW1:eth3:10+trunk_remove:SW1:eth3:20,3996,4001,0.81,8.75,5,True,False,True,False,True,recovery_success,0.5673539996147156,5,4,0,0,0,0,0,0,0,4,4,1.693735681818182,0,6.2,0,0,0,0,0
648,2681,access_vlan:SW1:eth1:20+trunk_remove:SW2:eth3:10,4001,4004,0.8098575,-10.65,3,True,False,True,False,False,incorrect_declare_done,1.4473101298014324,3,1,0,0,0,0,0,0,3,1,1,1.1780436363636364,0,5.333333333333333,0,0,0,0,0
649,2682,access_vlan:SW1:eth1:20+access_vlan:SW1:eth2:10+access_vlan:SW2:eth2:10+trunk_remove:SW1:eth3:10+trunk_remove:SW2:eth3:10+trunk_remove:SW2:eth3:20,4004,4019,0.809145,-13.5,15,True,False,True,False,False,incorrect_declare_done,0.6444607973098755,15,8,5,0,0,0,0,0,1,14,14,5.908940045454547,0,5.6,0,0,0,0,0
650,2683,access_vlan:SW1:eth1:20+trunk_remove:SW2:eth3:20,4019,4026,0.8088124999999999,-11.55,7,True,False,True,False,False,incorrect_declare_done,0.45382635082517353,7,4,2,0,0,0,0,0,1,6,6,3.1181460454545453,0,4.857142857142857,0,0,0,0,0
651,2684,access_vlan:SW1:eth2:10+trunk_remove:SW1:eth3:10+trunk_remove:SW2:eth3:20,4026,4032,0.8085275000000001,8.45,6,True,False,True,False,True,recovery_success,0.37367655088504154,6,5,0,0,0,0,0,0,0,5,5,2.7493432727272724,0,4.666666666666667,0,0,0,0,0
652,2685,access_vlan:SW1:eth1:20+access_vlan:SW1:eth2:10+access_vlan:SW2:eth2:10,4032,4039,0.808195,8.299999999999999,7,True,False,True,False,True,recovery_success,0.37537052375929697,7,4,1,0,0,0,0,0,0,7,7,3.086316931818182,0,4.857142857142857,0,0,0,0,0
653,2686,access_vlan:SW1:eth1:20+access_vlan:SW2:eth1:20,4039,4044,0.8079575,-11.600000000000001,5,True,False,True,False,False,incorrect_declare_done,0.31658017039299013,5,3,1,0,1,1,1,0,3,2,2,1.7776956363636365,1,6.0,0,0,1,0,0
654,2687,access_vlan:SW1:eth2:10+trunk_remove:SW1:eth3:10+trunk_remove:SW2:eth3:10,4044,4046,0.8078624999999999,-10.350000000000001,2,True,False,True,False,False,incorrect_declare_done,0.24329612404108047,2,1,0,0,0,0,0,0,3,1,1,0.5361411818181818,0,7.0,0,0,0,0,0
655,2688,access_vlan:SW1:eth1:20+access_vlan:SW1:eth2:10+access_vlan:SW2:eth1:20+trunk_remove:SW2:eth3:10,4046,4051,0.807625,-10.8,5,True,False,True,False,False,incorrect_declare_done,0.3192450761795044,5,1,3,0,0,0,0,0,1,5,5,2.4598615909090906,0,4.2,0,0,0,0,0
656,2689,access_vlan:SW1:eth1:20+trunk_remove:SW1:eth3:20+trunk_remove:SW2:eth3:20,4051,4070,0.8067225,-14.399999999999999,19,True,False,True,False,False,incorrect_declare_done,0.3156999075099042,19,7,7,0,0,0,0,0,1,18,18,8.24019734090909,0,5.052631578947368,0,0,0,0,0
657,2690,access_vlan:SW1:eth2:10+access_vlan:SW2:eth2:10+trunk_remove:SW1:eth3:10+trunk_remove:SW2:eth3:10,4070,4071,0.806675,-10.05,1,True,False,True,False,False,incorrect_declare_done,0.3395732045173645,1,0,0,0,0,0,0,0,4,0,0,0.0,0,10.0,0,0,0,0,0
658,2691,access_vlan:SW1:eth2:10+access_vlan:SW2:eth1:20+access_vlan:SW2:eth2:10+trunk_remove:SW2:eth3:10+trunk_remove:SW2:eth3:20,4071,4080,0.8062475,-12.15,9,True,False,True,False,False,incorrect_declare_done,0.272190241350068,9,5,2,0,0,0,0,0,1,5,5,2.888467590909091,0,6.555555555555555,0,0,0,0,0
659,2692,access_vlan:SW1:eth1:20+trunk_remove:SW1:eth3:10+trunk_remove:SW1:eth3:20+trunk_remove:SW2:eth3:10,4080,4081,0.8062,-10.05,1,True,False,True,False,False,incorrect_declare_done,0.200977623462677,1,0,0,0,0,0,0,0,3,0,0,0.32248,0,6.0,0,0,0,0,0
660,2693,access_vlan:SW1:eth2:10+access_vlan:SW2:eth1:20+access_vlan:SW2:eth2:10+trunk_remove:SW1:eth3:10+trunk_remove:SW1:eth3:20+trunk_remove:SW2:eth3:20,4081,4087,0.8059149999999999,-11.4,6,True,False,True,False,False,incorrect_declare_done,0.2351196507612864,6,4,1,0,0,0,0,0,1,4,4,2.3008189545454547,0,5.666666666666667,0,0,0,0,0
661,2694,access_vlan:SW1:eth1:20,4087,4089,0.80582,-10.200000000000001,2,True,False,True,False,False,incorrect_declare_done,0.2576453164219856,2,0,1,0,0,0,0,0,3,2,2,0.80584375,0,5.0,0,0,0,0,0
662,2695,access_vlan:SW1:eth2:10+access_vlan:SW2:eth2:10+trunk_remove:SW2:eth3:10+trunk_remove:SW2:eth3:20,4089,4102,0.8052025,7.25,13,True,False,True,False,True,recovery_success,0.24777648884516495,13,5,6,0,0,0,0,0,0,11,11,5.9383011136363635,0,4.6923076923076925,0,0,0,0,0
663,2696,access_vlan:SW1:eth2:10+access_vlan:SW2:eth1:20+trunk_remove:SW1:eth3:10+trunk_remove:SW1:eth3:20+trunk_remove:SW2:eth3:10,4102,4111,0.804775,-12.3,9,True,False,True,False,False,incorrect_declare_done,0.2706884377532535,9,6,1,0,0,0,0,0,1,3,3,2.195164772727273,0,7.444444444444445,0,0,0,0,0
664,2697,access_vlan:SW1:eth2:10+access_vlan:SW2:eth2:10+trunk_remove:SW2:eth3:10,4111,4114,0.8046325,-10.5,3,True,False,True,False,False,incorrect_declare_done,0.2842523107926051,3,1,1,0,0,0,0,0,3,0,0,0.8119784318181817,0,7.0,0,0,0,0,0
665,2698,access_vlan:SW1:eth2:10+trunk_remove:SW2:eth3:20,4114,4119,0.804395,-11.100000000000001,5,True,False,True,False,False,incorrect_declare_done,0.203056138753891,5,3,1,0,0,0,0,0,1,5,5,2.3037668181818183,0,4.6,0,0,0,0,0
666,2699,access_vlan:SW2:eth1:20+access_vlan:SW2:eth2:10,4119,4123,0.8042050000000001,-11.15,4,True,False,True,False,False,incorrect_declare_done,0.2587769888341427,4,1,2,0,1,1,1,0,3,1,1,0.8773404545454546,1,7.5,0,0,1,0,0
667,2700,access_vlan:SW1:eth2:10+access_vlan:SW2:eth2:10+trunk_remove:SW1:eth3:10+trunk_remove:SW2:eth3:10,4123,4125,0.80411,-10.350000000000001,2,True,False,True,False,False,incorrect_declare_done,0.15139659494161606,2,1,0,0,0,0,0,0,4,0,0,0.07310090909090909,0,10.0,0,0,0,0,0
668,2701,access_vlan:SW1:eth1:20+access_vlan:SW2:eth1:20+access_vlan:SW2:eth2:10+trunk_remove:SW1:eth3:10+trunk_remove:SW1:eth3:20+trunk_remove:SW2:eth3:10,4125,4130,0.8038725,8.75,5,True,False,True,False,True,recovery_success,0.3064845144748688,5,4,0,0,0,0,0,0,0,4,4,2.075645227272727,0,5.2,0,0,0,0,0
669,2702,access_vlan:SW1:eth1:20+access_vlan:SW2:eth1:20+trunk_remove:SW1:eth3:10+trunk_remove:SW2:eth3:10+trunk_remove:SW2:eth3:20,4130,4134,0.8036825000000001,-10.950000000000001,4,True,False,True,False,False,incorrect_declare_done,0.3224783018231392,4,3,0,0,0,0,0,0,4,0,0,0.2995815909090909,0,9.75,0,0,0,0,0
670,2703,trunk_remove:SW1:eth3:10+trunk_remove:SW1:eth3:20+trunk_remove:SW2:eth3:20,4134,4145,0.80316,-12.75,11,True,False,True,False,False,incorrect_declare_done,0.29540604623881256,11,7,2,0,0,0,0,0,1,10,10,3.7539494545454546,0,6.2727272727272725,0,0,0,0,0
671,2704,access_vlan:SW1:eth1:20+access_vlan:SW2:eth2:10+trunk_remove:SW1:eth3:20+trunk_remove:SW2:eth3:20,4145,4158,0.8025424999999999,-13.35,13,True,False,True,False,False,incorrect_declare_done,0.25782445531625015,13,8,2,0,0,0,0,0,1,10,10,3.896991227272727,0,6.769230769230769,0,0,0,0,0
672,2705,access_vlan:SW2:eth2:10+trunk_remove:SW1:eth3:20,4158,4165,0.80221,8.75,7,True,False,True,False,True,recovery_success,0.19539688208273479,7,2,4,0,0,0,0,0,0,5,5,3.7928462499999998,0,3.4285714285714284,0,0,0,0,0
673,2706,trunk_remove:SW1:eth3:10+trunk_remove:SW1:eth3:20+trunk_remove:SW2:eth3:20,4165,4167,0.802115,-10.350000000000001,2,True,False,True,False,False,incorrect_declare_done,0.20100302249193192,2,1,0,0,0,0,0,0,1,1,1,0.8313018181818181,0,5.0,0,0,0,0,0
674,2707,access_vlan:SW1:eth2:10+trunk_remove:SW1:eth3:10+trunk_remove:SW1:eth3:20,4167,4173,0.80183,-11.100000000000001,6,True,False,True,False,False,incorrect_declare_done,0.20632136116425195,6,2,3,0,0,0,0,0,1,5,5,2.3912204545454547,0,5.333333333333333,0,0,0,0,0
675,2708,access_vlan:SW2:eth2:10+trunk_remove:SW2:eth3:10+trunk_remove:SW2:eth3:20,4173,4178,0.8015925,-11.25,5,True,False,True,False,False,incorrect_declare_done,0.308930441737175,5,4,0,0,0,0,0,0,1,1,1,1.7053854999999998,0,6.2,0,0,0,0,0
676,2709,access_vlan:SW1:eth1:20+access_vlan:SW1:eth2:10+access_vlan:SW2:eth1:20+trunk_remove:SW1:eth3:10+trunk_remove:SW2:eth3:20,4178,4186,0.8012125,7.85,8,True,False,True,False,True,recovery_success,0.2046623844653368,8,6,0,0,0,0,0,0,0,8,8,3.015989818181818,0,5.75,0,0,0,0,0
677,2710,access_vlan:SW1:eth2:10+trunk_remove:SW1:eth3:10+trunk_remove:SW2:eth3:20,4186,4191,0.800975,-11.100000000000001,5,True,False,True,False,False,incorrect_declare_done,0.17700281441211702,5,3,1,0,0,0,0,0,3,3,3,1.4856241818181817,0,6.8,0,0,0,0,0
678,2711,access_vlan:SW1:eth2:10+access_vlan:SW2:eth1:20+trunk_remove:SW2:eth3:10,4191,4202,0.8004525,-13.05,11,True,False,True,False,False,incorrect_declare_done,0.24035175957463004,11,8,0,0,0,0,0,0,2,4,4,2.7805650454545456,0,7.454545454545454,0,0,0,0,0
679,2712,access_vlan:SW1:eth1:20+access_vlan:SW2:eth2:10+trunk_remove:SW1:eth3:10,4202,4209,0.8001199999999999,-11.55,7,True,False,True,False,False,incorrect_declare_done,0.230451477425439,7,4,2,0,0,0,0,0,3,1,1,0.8875103181818181,0,9.142857142857142,0,0,0,0,0
680,2713,access_vlan:SW2:eth2:10+trunk_remove:SW1:eth3:20+trunk_remove:SW2:eth3:20,4209,4214,0.7998825,8.899999999999999,5,True,False,True,False,True,recovery_success,0.24734902679920195,5,3,1,0,0,0,0,0,0,4,4,2.5816980681818182,0,3.8,0,0,0,0,0
681,2714,access_vlan:SW1:eth2:10+access_vlan:SW2:eth1:20,4214,4217,0.79974,-10.65,3,True,False,True,False,False,incorrect_declare_done,0.20181061824162802,3,2,0,0,0,0,0,0,4,3,3,0.7561644545454546,0,7.333333333333333,0,0,0,0,0
682,2715,access_vlan:SW1:eth1:20+access_vlan:SW2:eth2:10+trunk_remove:SW1:eth3:20,4217,4223,0.799455,-11.55,6,True,False,True,False,False,incorrect_declare_done,0.2576726774374644,6,4,0,0,0,0,0,0,3,6,6,1.686360772727273,0,7.0,0,0,0,0,0
683,2716,access_vlan:SW1:eth2:10+access_vlan:SW2:eth2:10+trunk_remove:SW1:eth3:10,4223,4231,0.799075,-11.700000000000001,8,True,False,True,False,False,incorrect_declare_done,0.2525217942893505,8,4,3,0,0,0,0,0,1,7,7,2.7754156136363632,0,6.0,0,0,0,0,0
684,2717,access_vlan:SW1:eth2:10+trunk_remove:SW1:eth3:20+trunk_remove:SW2:eth3:20,4231,4232,0.7990275,-10.05,1,True,False,True,False,False,incorrect_declare_done,0.2765650749206543,1,0,0,0,0,0,0,0,3,0,0,0.39951375,0,5.0,0,0,0,0,0
685,2718,access_vlan:SW1:eth2:10+access_vlan:SW2:eth2:10+trunk_remove:SW1:eth3:20+trunk_remove:SW2:eth3:10,4232,4233,0.79898,-10.05,1,True,False,True,False,False,incorrect_declare_done,0.20349594950675964,1,0,0,0,0,0,0,0,4,0,0,0.079898,0,9.0,0,0,0,0,0
686,2719,access_vlan:SW2:eth2:10+trunk_remove:SW1:eth3:20,4233,4234,0.7989325,-10.05,1,True,False,True,False,False,incorrect_declare_done,0.20442181825637817,1,0,0,0,0,0,0,0,3,1,1,0.39946625,0,5.0,0,0,0,0,0
687,2720,access_vlan:SW1:eth1:20+access_vlan:SW1:eth2:10+access_vlan:SW2:eth1:20+trunk_remove:SW1:eth3:20+trunk_remove:SW2:eth3:10+trunk_remove:SW2:eth3:20,4234,4249,0.79822,-13.5,15,True,False,True,False,False,incorrect_declare_done,0.2326769123474757,15,8,5,0,0,0,0,0,3,12,12,4.014563227272727,0,7.266666666666667,0,0,0,0,0
688,2721,access_vlan:SW1:eth2:10+trunk_remove:SW1:eth3:10+trunk_remove:SW2:eth3:20,4249,4254,0.7979825,-11.25,5,True,False,True,False,False,incorrect_declare_done,0.1665130376815796,5,3,0,0,0,0,0,0,3,0,0,1.3349694545454547,0,7.2,0,0,0,0,0
689,2722,access_vlan:SW1:eth2:10+trunk_remove:SW1:eth3:10+trunk_remove:SW1:eth3:20+trunk_remove:SW2:eth3:10,4254,4263,0.797555,-12.3,9,True,False,True,False,False,incorrect_declare_done,0.2060289995537864,9,6,1,0,0,0,0,0,2,6,6,2.632559363636364,0,6.888888888888889,0,0,0,0,0
690,2723,access_vlan:SW1:eth1:20+trunk_remove:SW2:eth3:10+trunk_remove:SW2:eth3:20,4263,4271,0.797175,-12.15,8,True,False,True,False,False,incorrect_declare_done,0.2079921429976821,8,6,0,0,0,0,0,0,1,5,5,3.0733034545454547,0,5.625,0,0,0,0,0
691,2724,access_vlan:SW1:eth2:10+access_vlan:SW2:eth2:10+trunk_remove:SW1:eth3:20+trunk_remove:SW2:eth3:10,4271,4285,0.79651,6.2,14,True,False,True,False,True,recovery_success,0.1881460494228772,14,11,1,0,0,0,0,0,0,10,10,4.649984636363636,0,6.285714285714286,0,0,0,0,0
692,2725,access_vlan:SW1:eth1:20+access_vlan:SW2:eth1:20+access_vlan:SW2:eth2:10+trunk_remove:SW1:eth3:10+trunk_remove:SW1:eth3:20+trunk_remove:SW2:eth3:10,4285,4288,0.7963675,-10.65,3,True,False,True,False,False,incorrect_declare_done,0.21641064683596292,3,2,0,0,0,0,0,0,2,2,2,0.9701756818181819,0,6.333333333333333,0,0,0,0,0
693,2726,access_vlan:SW1:eth1:20+access_vlan:SW1:eth2:10+access_vlan:SW2:eth1:20+trunk_remove:SW1:eth3:10+trunk_remove:SW1:eth3:20,4288,4302,0.7957025,6.949999999999999,14,True,False,True,False,True,recovery_success,0.20430320873856544,14,6,6,0,0,0,0,0,0,10,10,5.672817545454546,0,5.357142857142857,0,0,0,0,0
694,2727,access_vlan:SW1:eth1:20+access_vlan:SW2:eth1:20+access_vlan:SW2:eth2:10+trunk_remove:SW1:eth3:10+trunk_remove:SW2:eth3:10+trunk_remove:SW2:eth3:20,4302,4308,0.7954175,-11.100000000000001,6,True,False,True,False,False,incorrect_declare_done,0.2399452750881513,6,1,3,0,0,0,0,0,3,1,1,1.8080339090909088,0,6.333333333333333,0,0,0,0,0
695,2728,access_vlan:SW1:eth1:20+access_vlan:SW1:eth2:10+access_vlan:SW2:eth1:20+access_vlan:SW2:eth2:10+trunk_remove:SW1:eth3:10+trunk_remove:SW1:eth3:20+trunk_remove:SW2:eth3:10+trunk_remove:SW2:eth3:20,4308,4326,0.7945625000000001,5.9,18,True,False,True,False,True,recovery_success,0.16641525303324065,18,9,7,0,0,0,0,0,0,17,17,8.122830727272726,0,4.722222222222222,0,0,0,0,0
696,2729,access_vlan:SW1:eth1:20+trunk_remove:SW1:eth3:20,4326,4330,0.7943725,-10.8,4,True,False,True,False,False,incorrect_declare_done,0.17805834859609604,4,2,1,0,0,0,0,0,3,0,0,1.0400016818181819,0,7.25,0,0,0,0,0
697,2730,access_vlan:SW1:eth2:10+access_vlan:SW2:eth1:20+access_vlan:SW2:eth2:10+trunk_remove:SW2:eth3:10,4330,4336,0.7940875000000001,8.6,6,True,False,True,False,True,recovery_success,0.17464280873537064,6,4,1,0,0,0,0,0,0,6,6,2.295909409090909,0,5.5,0,0,0,0,0
698,2731,access_vlan:SW2:eth2:10+trunk_remove:SW1:eth3:10+trunk_remove:SW2:eth3:10+trunk_remove:SW2:eth3:20,4336,4347,0.7935650000000001,-12.600000000000001,11,True,False,True,False,False,incorrect_declare_done,0.22075669738379392,11,6,3,0,0,0,0,0,1,6,6,3.7740124545454545,0,6.181818181818182,0,0,0,0,0
699,2732,access_vlan:SW1:eth1:20+access_vlan:SW2:eth1:20+trunk_remove:SW1:eth3:20+trunk_remove:SW2:eth3:20,4347,4353,0.79328,-11.55,6,True,False,True,False,False,incorrect_declare_done,0.21371307720740637,6,4,0,0,0,0,0,0,3,0,0,0.36059909090909087,0,9.833333333333334,0,0,0,0,0
700,2733,access_vlan:SW2:eth2:10+trunk_remove:SW1:eth3:10,4353,4355,0.793185,-10.200000000000001,2,True,False,True,False,False,incorrect_declare_done,0.25768622756004333,2,0,1,0,0,0,0,0,3,2,2,0.634567,0,6.0,0,0,0,0,0
701,2734,access_vlan:SW1:eth1:20+access_vlan:SW2:eth2:10+trunk_remove:SW1:eth3:20,4355,4359,0.792995,-10.8,4,True,False,True,False,False,incorrect_declare_done,0.1909135989844799,4,2,1,0,0,0,0,0,1,4,4,1.1823525454545454,0,6.5,0,0,0,0,0
702,2735,access_vlan:SW1:eth1:20+access_vlan:SW1:eth2:10+access_vlan:SW2:eth1:20+access_vlan:SW2:eth2:10+trunk_remove:SW1:eth3:10+trunk_remove:SW1:eth3:20+trunk_remove:SW2:eth3:10,4359,4381,0.79195,4.25,22,True,False,True,False,True,recovery_success,0.1831911246884953,22,11,4,0,0,0,0,0,0,20,20,7.362071409090909,0,6.2727272727272725,0,0,0,0,0
703,2736,access_vlan:SW1:eth1:20+access_vlan:SW2:eth1:20+access_vlan:SW2:eth2:10+trunk_remove:SW1:eth3:10+trunk_remove:SW2:eth3:10,4381,4391,0.791475,-12.600000000000001,10,True,False,True,False,False,incorrect_declare_done,0.2156974717974663,10,7,1,0,0,0,0,0,3,10,10,3.6345807954545455,0,5.9,0,0,0,0,0
704,2737,access_vlan:SW1:eth1:20+access_vlan:SW1:eth2:10+trunk_remove:SW1:eth3:20+trunk_remove:SW2:eth3:20,4391,4399,0.791095,-12.5,8,True,False,True,False,False,incorrect_declare_done,0.1883878456428647,8,6,1,0,1,1,1,0,3,7,7,1.9421111363636363,1,7.5,0,0,1,0,0
705,2738,access_vlan:SW1:eth2:10+access_vlan:SW2:eth1:20+access_vlan:SW2:eth2:10+trunk_remove:SW1:eth3:10,4399,4400,0.7910475,-10.05,1,True,False,True,False,False,incorrect_declare_done,0.19603092968463898,1,0,0,0,0,0,0,0,3,0,0,0.316419,0,6.0,0,0,0,0,0
706,2739,access_vlan:SW1:eth1:20+access_vlan:SW1:eth2:10+trunk_remove:SW1:eth3:10+trunk_remove:SW1:eth3:20+trunk_remove:SW2:eth3:10+trunk_remove:SW2:eth3:20,4400,4410,0.7905725,-12.95,10,True,False,True,False,False,incorrect_declare_done,0.13937104493379593,10,7,2,0,1,1,1,0,2,4,4,2.0846122727272727,1,7.9,0,0,1,0,0
707,2740,access_vlan:SW1:eth1:20+access_vlan:SW1:eth2:10+trunk_remove:SW1:eth3:10+trunk_remove:SW2:eth3:20,4410,4422,0.7900025,-13.4,12,True,False,True,False,False,incorrect_declare_done,0.1691295225173235,12,8,3,0,1,1,1,0,1,11,11,4.554609363636364,1,5.583333333333333,0,0,1,0,0
708,2741,access_vlan:SW1:eth2:10+access_vlan:SW2:eth2:10+trunk_remove:SW1:eth3:10+trunk_remove:SW2:eth3:10,4422,4433,0.78948,7.549999999999999,11,True,False,True,False,True,recovery_success,0.1937941996888681,11,5,4,0,0,0,0,0,0,9,9,5.096969545454546,0,4.454545454545454,0,0,0,0,0
709,2742,access_vlan:SW1:eth1:20+access_vlan:SW1:eth2:10+trunk_remove:SW2:eth3:10+trunk_remove:SW2:eth3:20,4433,4437,0.78929,-11.450000000000001,4,True,False,True,False,False,incorrect_declare_done,0.22479713149368763,4,3,0,0,1,1,1,0,1,1,1,1.3060051363636362,1,6.25,0,0,1,0,0
710,2743,access_vlan:SW1:eth1:20+access_vlan:SW1:eth2:10+access_vlan:SW2:eth1:20+access_vlan:SW2:eth2:10+trunk_remove:SW2:eth3:10+trunk_remove:SW2:eth3:20,4437,4443,0.789005,8.6,6,True,False,True,False,True,recovery_success,0.14437361682454744,6,4,1,0,0,0,0,0,0,6,6,2.754716090909091,0,4.5,0,0,0,0,0
711,2744,access_vlan:SW1:eth1:20+access_vlan:SW2:eth2:10+trunk_remove:SW1:eth3:20,4443,4457,0.78834,-13.65,14,True,False,True,False,False,incorrect_declare_done,0.18067618672336852,14,10,2,0,0,0,0,0,1,9,9,5.032794,0,5.928571428571429,0,0,0,0,0
712,2745,trunk_remove:SW2:eth3:10,4457,4461,0.78815,9.35,4,True,False,True,False,True,recovery_success,0.19008790329098701,4,1,2,0,0,0,0,0,0,4,4,2.407642090909091,0,2.5,0,0,0,0,0
713,2746,access_vlan:SW1:eth1:20+access_vlan:SW2:eth1:20+access_vlan:SW2:eth2:10+trunk_remove:SW1:eth3:20,4461,4466,0.7879125,-10.950000000000001,5,True,False,True,False,False,incorrect_declare_done,0.1496207371354103,5,1,2,0,0,0,0,0,3,5,5,1.5473619090909092,0,6.2,0,0,0,0,0
714,2747,access_vlan:SW1:eth1:20+access_vlan:SW2:eth1:20+trunk_remove:SW1:eth3:20+trunk_remove:SW2:eth3:10,4466,4467,0.787865,-10.05,1,True,False,True,False,False,incorrect_declare_done,0.14632152020931244,1,0,0,0,0,0,0,0,4,0,0,0.07878650000000001,0,9.0,0,0,0,0,0
715,2748,trunk_remove:SW1:eth3:10+trunk_remove:SW1:eth3:20+trunk_remove:SW2:eth3:10+trunk_remove:SW2:eth3:20,4467,4475,0.787485,-12.15,8,True,False,True,False,False,incorrect_declare_done,0.2002431619912386,8,6,0,0,0,0,0,0,2,6,6,2.3199970000000003,0,6.875,0,0,0,0,0
716,2749,access_vlan:SW1:eth2:10+access_vlan:SW2:eth1:20+access_vlan:SW2:eth2:10,4475,4484,0.7870575,8.6,9,True,False,True,False,True,recovery_success,0.17217842903402117,9,1,7,0,0,0,0,0,0,7,7,5.295922840909092,0,2.6666666666666665,0,0,0,0,0
717,2750,access_vlan:SW1:eth2:10+access_vlan:SW2:eth1:20+access_vlan:SW2:eth2:10+trunk_remove:SW1:eth3:10+trunk_remove:SW2:eth3:10+trunk_remove:SW2:eth3:20,4484,4496,0.7864875,-13.05,12,True,False,True,False,False,incorrect_declare_done,0.15362954698503017,12,7,2,0,0,0,0,0,1,11,11,4.74181390909091,0,5.416666666666667,0,0,0,0,0
718,2751,access_vlan:SW1:eth2:10+access_vlan:SW2:eth2:10+trunk_remove:SW1:eth3:10,4496,4500,0.7862975,-10.8,4,True,False,True,False,False,incorrect_declare_done,0.1515093557536602,4,2,1,0,0,0,0,0,3,2,2,0.8649976363636364,0,7.75,0,0,0,0,0
719,2752,access_vlan:SW1:eth1:20+access_vlan:SW1:eth2:10+access_vlan:SW2:eth2:10+trunk_remove:SW1:eth3:10+trunk_remove:SW2:eth3:20,4500,4501,0.78625,-10.05,1,True,False,True,False,False,incorrect_declare_done,1.0676605701446533,1,0,0,0,0,0,0,0,3,1,1,0.3145,0,6.0,0,0,0,0,0
720,2753,access_vlan:SW1:eth1:20+access_vlan:SW1:eth2:10+access_vlan:SW2:eth2:10+trunk_remove:SW1:eth3:10,4501,4503,0.786155,-10.350000000000001,2,True,False,True,False,False,incorrect_declare_done,0.728462427854538,2,1,0,0,0,0,0,0,3,2,2,0.6003555454545455,0,6.5,0,0,0,0,0
721,2754,access_vlan:SW1:eth1:20+access_vlan:SW2:eth1:20+trunk_remove:SW1:eth3:20+trunk_remove:SW2:eth3:10,4503,4505,0.78606,-10.350000000000001,2,True,False,True,False,False,incorrect_declare_done,0.7102108597755432,2,1,0,0,0,0,0,0,3,0,0,0.43591075,0,7.5,0,0,0,0,0
722,2755,access_vlan:SW1:eth1:20+access_vlan:SW1:eth2:10+access_vlan:SW2:eth1:20+access_vlan:SW2:eth2:10,4505,4509,0.7858700000000001,9.5,4,True,False,True,False,True,recovery_success,0.42427322268486023,4,0,3,0,0,0,0,0,0,4,4,2.515012,0,2.0,0,0,0,0,0
723,2756,access_vlan:SW1:eth1:20+access_vlan:SW2:eth1:20+trunk_remove:SW1:eth3:20+trunk_remove:SW2:eth3:10,4509,4514,0.7856325,-11.100000000000001,5,True,False,True,False,False,incorrect_declare_done,0.39169502854347227,5,3,1,0,0,0,0,0,1,2,2,1.371383840909091,0,6.8,0,0,0,0,0
724,2757,access_vlan:SW1:eth1:20+access_vlan:SW2:eth2:10+trunk_remove:SW1:eth3:10+trunk_remove:SW2:eth3:20,4514,4515,0.785585,-10.05,1,True,False,True,False,False,incorrect_declare_done,0.3722064197063446,1,0,0,0,0,0,0,0,4,0,0,0.0,0,10.0,0,0,0,0,0
725,2758,access_vlan:SW2:eth2:10+trunk_remove:SW1:eth3:10+trunk_remove:SW2:eth3:10,4515,4525,0.78511,-12.15,10,True,False,True,False,False,incorrect_declare_done,0.272089296579361,10,5,4,0,0,0,0,0,1,8,8,3.5909087499999996,0,5.9,0,0,0,0,0
726,2759,access_vlan:SW2:eth1:20+trunk_remove:SW2:eth3:20,4525,4526,0.7850625,-10.05,1,True,False,True,False,False,incorrect_declare_done,0.30764448642730713,1,0,0,0,0,0,0,0,3,0,0,0.314025,0,6.0,0,0,0,0,0
727,2760,access_vlan:SW1:eth1:20+access_vlan:SW2:eth2:10+trunk_remove:SW1:eth3:10+trunk_remove:SW1:eth3:20+trunk_remove:SW2:eth3:10,4526,4534,0.7846825000000001,-12.0,8,True,False,True,False,False,incorrect_declare_done,0.2244141511619091,8,6,1,0,0,0,0,0,1,4,4,2.0689675000000003,0,7.25,0,0,0,0,0
728,2761,access_vlan:SW1:eth2:10+trunk_remove:SW1:eth3:20+trunk_remove:SW2:eth3:10,4534,4538,0.7844925,-10.950000000000001,4,True,False,True,False,False,incorrect_declare_done,0.19350644946098328,4,3,0,0,0,0,0,0,1,3,3,1.5976424090909092,0,5.25,0,0,0,0,0
729,2762,access_vlan:SW1:eth1:20+access_vlan:SW1:eth2:10+access_vlan:SW2:eth1:20+access_vlan:SW2:eth2:10+trunk_remove:SW2:eth3:20,4538,4540,0.7843975,-10.200000000000001,2,True,False,True,False,False,incorrect_declare_done,0.12189952284097672,2,0,1,0,0,0,0,0,1,2,2,0.9413055000000001,0,4.0,0,0,0,0,0
730,2763,access_vlan:SW1:eth1:20+access_vlan:SW2:eth1:20+access_vlan:SW2:eth2:10+trunk_remove:SW1:eth3:20+trunk_remove:SW2:eth3:10,4540,4545,0.78416,-11.100000000000001,5,True,False,True,False,False,incorrect_declare_done,0.16852907836437225,5,3,1,0,0,0,0,0,1,5,5,1.6968175909090908,0,6.0,0,0,0,0,0
731,2764,access_vlan:SW1:eth2:10+access_vlan:SW2:eth1:20+trunk_remove:SW1:eth3:10+trunk_remove:SW2:eth3:10+trunk_remove:SW2:eth3:20,4545,4547,0.784065,-10.350000000000001,2,True,False,True,False,False,incorrect_declare_done,0.1923813372850418,2,1,0,0,0,0,0,0,4,1,1,0.14255727272727273,0,9.5,0,0,0,0,0
732,2765,access_vlan:SW1:eth2:10+access_vlan:SW2:eth1:20+access_vlan:SW2:eth2:10+trunk_remove:SW2:eth3:10,4547,4557,0.78359,7.699999999999999,10,True,False,True,False,True,recovery_success,0.1664100967347622,10,5,3,0,0,0,0,0,0,10,10,4.161107454545455,0,5.1,0,0,0,0,0
733,2766,access_vlan:SW1:eth1:20+access_vlan:SW1:eth2:10+access_vlan:SW2:eth1:20+trunk_remove:SW1:eth3:10+trunk_remove:SW1:eth3:20+trunk_remove:SW2:eth3:20,4557,4572,0.7828775,6.35,15,True,False,True,False,True,recovery_success,0.19581568191448848,15,7,4,0,0,0,0,0,0,15,15,6.094290863636363,0,5.2,0,0,0,0,0
734,2767,access_vlan:SW2:eth2:10+trunk_remove:SW2:eth3:10,4572,4576,0.7826875,9.2,4,True,False,True,False,True,recovery_success,0.16461161524057388,4,2,1,0,0,0,0,0,0,1,1,1.949751090909091,0,4.0,0,0,0,0,0
735,2768,access_vlan:SW2:eth2:10+trunk_remove:SW1:eth3:10+trunk_remove:SW2:eth3:10,4576,4588,0.7821175,-13.35,12,True,False,True,False,False,incorrect_declare_done,0.16438291470209757,12,10,0,0,0,0,0,0,1,5,5,4.075271090909091,0,6.166666666666667,0,0,0,0,0
736,2769,access_vlan:SW1:eth1:20+access_vlan:SW1:eth2:10+access_vlan:SW2:eth2:10+trunk_remove:SW2:eth3:20,4588,4591,0.781975,-10.65,3,True,False,True,False,False,incorrect_declare_done,0.15003898739814758,3,1,0,0,0,0,0,0,3,3,3,1.137487272727273,0,5.333333333333333,0,0,0,0,0
737,2770,access_vlan:SW1:eth1:20+access_vlan:SW2:eth2:10+trunk_remove:SW1:eth3:20+trunk_remove:SW2:eth3:10+trunk_remove:SW2:eth3:20,4591,4594,0.7818325,-10.65,3,True,False,True,False,False,incorrect_declare_done,0.13462981581687927,3,2,0,0,0,0,0,0,2,1,1,0.7107784090909091,0,7.333333333333333,0,0,0,0,0
738,2771,access_vlan:SW1:eth2:10+access_vlan:SW2:eth1:20+trunk_remove:SW1:eth3:20+trunk_remove:SW2:eth3:10,4594,4599,0.781595,-11.25,5,True,False,True,False,False,incorrect_declare_done,0.14504730254411696,5,4,0,0,0,0,0,0,3,0,0,1.1369734090909092,0,7.6,0,0,0,0,0
739,2772,access_vlan:SW1:eth1:20+access_vlan:SW2:eth1:20+trunk_remove:SW1:eth3:10+trunk_remove:SW1:eth3:20+trunk_remove:SW2:eth3:10+trunk_remove:SW2:eth3:20,4599,4609,0.78112,-12.600000000000001,10,True,False,True,False,False,incorrect_declare_done,0.1254403792321682,10,8,1,0,0,0,0,0,1,6,6,2.4858568181818184,0,7.4,0,0,0,0,0
740,2773,access_vlan:SW1:eth2:10+access_vlan:SW2:eth1:20+trunk_remove:SW1:eth3:10,4609,4614,0.7808825,-11.100000000000001,5,True,False,True,False,False,incorrect_declare_done,0.11637795716524124,5,3,1,0,0,0,0,0,1,5,5,1.5760915454545457,0,6.4,0,0,0,0,0
741,2774,access_vlan:SW2:eth2:10+trunk_remove:SW2:eth3:20,4614,4619,0.780645,8.75,5,True,False,True,False,True,recovery_success,0.13881040513515472,5,4,0,0,0,0,0,0,0,3,3,2.3066972727272725,0,4.4,0,0,0,0,0
742,2775,access_vlan:SW1:eth1:20+access_vlan:SW1:eth2:10+access_vlan:SW2:eth2:10+trunk_remove:SW2:eth3:20,4619,4632,0.7800275,7.25,13,True,False,True,False,True,recovery_success,0.13650106638669968,13,5,6,0,0,0,0,0,0,10,10,6.135802272727274,0,4.153846153846154,0,0,0,0,0
743,2776,access_vlan:SW1:eth1:20+access_vlan:SW1:eth2:10+access_vlan:SW2:eth1:20+access_vlan:SW2:eth2:10+trunk_remove:SW1:eth3:10+trunk_remove:SW1:eth3:20+trunk_remove:SW2:eth3:10,4632,4633,0.77998,-10.05,1,True,False,True,False,False,incorrect_declare_done,0.16806437075138092,1,0,0,0,0,0,0,0,2,1,1,0.311992,0,6.0,0,0,0,0,0
744,2777,access_vlan:SW1:eth2:10+access_vlan:SW2:eth2:10+trunk_remove:SW1:eth3:10+trunk_remove:SW1:eth3:20+trunk_remove:SW2:eth3:20,4633,4636,0.7798375,-10.65,3,True,False,True,False,False,incorrect_declare_done,0.13313964505990347,3,2,0,0,0,0,0,0,4,0,0,0.21978620454545456,0,9.666666666666666,0,0,0,0,0
745,2778,access_vlan:SW1:eth1:20+access_vlan:SW1:eth2:10+access_vlan:SW2:eth2:10+trunk_remove:SW2:eth3:20,4636,4641,0.7796,9.049999999999999,5,True,False,True,False,True,recovery_success,0.13547183871269225,5,2,2,0,0,0,0,0,0,4,4,2.55168375,0,3.6,0,0,0,0,0
746,2779,access_vlan:SW1:eth1:20+access_vlan:SW1:eth2:10+access_vlan:SW2:eth1:20+trunk_remove:SW1:eth3:20+trunk_remove:SW2:eth3:10+trunk_remove:SW2:eth3:20,4641,4642,0.7795525,-10.05,1,True,False,True,False,False,incorrect_declare_done,0.08450619876384735,1,0,0,0,0,0,0,0,3,1,1,0.23386575,0,7.0,0,0,0,0,0
747,2780,access_vlan:SW1:eth1:20+trunk_remove:SW1:eth3:10+trunk_remove:SW1:eth3:20+trunk_remove:SW2:eth3:20,4642,4645,0.77941,-10.65,3,True,False,True,False,False,incorrect_declare_done,0.15338506797949472,3,2,0,0,0,0,0,0,3,0,0,0.8007124090909091,0,7.0,0,0,0,0,0
748,2781,access_vlan:SW1:eth2:10+access_vlan:SW2:eth1:20+trunk_remove:SW1:eth3:20+trunk_remove:SW2:eth3:10+trunk_remove:SW2:eth3:20,4645,4656,0.7788875,-12.6,11,True,False,True,False,False,incorrect_declare_done,0.1476929418065331,11,7,3,0,0,0,0,0,2,1,1,2.478895909090909,0,7.7272727272727275,0,0,0,0,0
749,2782,access_vlan:SW1:eth1:20+access_vlan:SW2:eth2:10,4656,4667,0.778365,7.85,11,True,False,True,False,True,recovery_success,0.12325742908499458,11,4,6,0,0,0,0,0,0,8,8,5.478232363636363,0,3.909090909090909,0,0,0,0,0
750,2783,access_vlan:SW1:eth2:10+access_vlan:SW2:eth1:20+access_vlan:SW2:eth2:10+trunk_remove:SW2:eth3:20,4667,4668,0.7783175,-10.05,1,True,False,True,False,False,incorrect_declare_done,0.0928637832403183,1,0,0,0,0,0,0,0,3,1,1,0.38915875,0,5.0,0,0,0,0,0
751,2784,access_vlan:SW1:eth1:20+access_vlan:SW2:eth2:10+trunk_remove:SW1:eth3:10+trunk_remove:SW2:eth3:10,4668,4695,0.777035,-16.95,27,True,False,True,False,False,incorrect_declare_done,0.10583552635378307,27,15,6,0,0,0,0,0,1,25,25,10.830106045454544,0,5.296296296296297,0,0,0,0,0
752,2785,access_vlan:SW1:eth2:10+access_vlan:SW2:eth2:10+trunk_remove:SW1:eth3:10+trunk_remove:SW1:eth3:20+trunk_remove:SW2:eth3:10+trunk_remove:SW2:eth3:20,4695,4699,0.776845,-10.8,4,True,False,True,False,False,incorrect_declare_done,0.12335376255214214,4,2,1,0,0,0,0,0,3,0,0,0.42373795454545454,0,9.0,0,0,0,0,0
753,2786,access_vlan:SW1:eth1:20+access_vlan:SW1:eth2:10+access_vlan:SW2:eth2:10+trunk_remove:SW1:eth3:10+trunk_remove:SW1:eth3:20+trunk_remove:SW2:eth3:10,4699,4702,0.7767025,-10.65,3,True,False,True,False,False,incorrect_declare_done,0.10953967273235321,3,1,0,0,0,0,0,0,3,3,3,0.6778909090909091,0,7.333333333333333,0,0,0,0,0
754,2787,access_vlan:SW1:eth1:20+access_vlan:SW1:eth2:10+access_vlan:SW2:eth2:10+trunk_remove:SW1:eth3:10+trunk_remove:SW1:eth3:20,4702,4710,0.7763225,-12.0,8,True,False,True,False,False,incorrect_declare_done,0.08106426754966378,8,5,1,0,0,0,0,0,1,7,7,3.1341451818181816,0,5.375,0,0,0,0,0
755,2788,access_vlan:SW1:eth2:10+access_vlan:SW2:eth1:20+access_vlan:SW2:eth2:10+trunk_remove:SW1:eth3:20+trunk_remove:SW2:eth3:20,4710,4714,0.7761325,9.049999999999999,4,True,False,True,False,True,recovery_success,0.08593251463025808,4,3,0,0,0,0,0,0,0,4,4,1.9404888636363637,0,4.0,0,0,0,0,0
756,2789,access_vlan:SW1:eth1:20+access_vlan:SW1:eth2:10+access_vlan:SW2:eth2:10+trunk_remove:SW1:eth3:10+trunk_remove:SW1:eth3:20+trunk_remove:SW2:eth3:10+trunk_remove:SW2:eth3:20,4714,4730,0.7753725,-14.399999999999999,16,True,False,True,False,False,incorrect_declare_done,0.1031499826349318,16,11,1,0,0,0,0,0,1,16,16,4.8092371363636355,0,6.5625,0,0,0,0,0
757,2790,access_vlan:SW1:eth2:10+access_vlan:SW2:eth2:10+trunk_remove:SW1:eth3:10,4730,4736,0.7750875,-11.4,6,True,False,True,False,False,incorrect_declare_done,0.12464411556720734,6,4,1,0,0,0,0,0,3,0,0,1.3459913636363636,0,7.666666666666667,0,0,0,0,0
758,2791,access_vlan:SW1:eth2:10+access_vlan:SW2:eth1:20+access_vlan:SW2:eth2:10+trunk_remove:SW1:eth3:10+trunk_remove:SW1:eth3:20+trunk_remove:SW2:eth3:10,4736,4742,0.7748025000000001,-11.4,6,True,False,True,False,False,incorrect_declare_done,0.09818287814656894,6,4,1,0,0,0,0,0,2,5,5,1.5005088181818182,0,7.333333333333333,0,0,0,0,0
759,2792,access_vlan:SW1:eth2:10+access_vlan:SW2:eth2:10+trunk_remove:SW1:eth3:10+trunk_remove:SW2:eth3:10,4742,4744,0.7747075,-10.350000000000001,2,True,False,True,False,False,incorrect_declare_done,0.10573463886976242,2,1,0,0,0,0,0,0,4,0,0,0.0,0,10.5,0,0,0,0,0
760,2793,access_vlan:SW1:eth1:20+access_vlan:SW2:eth2:10+trunk_remove:SW2:eth3:10,4744,4748,0.7745175,-10.8,4,True,False,True,False,False,incorrect_declare_done,0.10080454684793949,4,2,1,0,0,0,0,0,4,1,1,0.15493200000000001,0,10.25,0,0,0,0,0
761,2794,access_vlan:SW1:eth1:20+access_vlan:SW2:eth1:20+trunk_remove:SW2:eth3:10+trunk_remove:SW2:eth3:20,4748,4757,0.77409,-12.15,9,True,False,True,False,False,incorrect_declare_done,0.09156652871105406,9,5,2,0,0,0,0,0,1,5,5,3.456002454545455,0,5.444444444444445,0,0,0,0,0
762,2795,access_vlan:SW1:eth2:10+access_vlan:SW2:eth1:20+access_vlan:SW2:eth2:10+trunk_remove:SW1:eth3:10+trunk_remove:SW2:eth3:10+trunk_remove:SW2:eth3:20,4757,4763,0.773805,-11.55,6,True,False,True,False,False,incorrect_declare_done,0.1204853964348634,6,5,0,0,0,0,0,0,1,6,6,1.920678659090909,0,6.333333333333333,0,0,0,0,0
763,2796,access_vlan:SW1:eth1:20+access_vlan:SW1:eth2:10+trunk_remove:SW2:eth3:20,4763,4772,0.7733775,-12.200000000000001,9,True,False,True,False,False,incorrect_declare_done,0.11352374156316121,9,3,5,0,1,1,1,0,2,2,2,2.8199291590909095,1,6.444444444444445,0,0,1,0,0
764,2797,access_vlan:SW1:eth2:10+access_vlan:SW2:eth1:20+trunk_remove:SW1:eth3:10+trunk_remove:SW1:eth3:20+trunk_remove:SW2:eth3:10,4772,4779,0.773045,-11.850000000000001,7,True,False,True,False,False,incorrect_declare_done,0.14091043014611518,7,5,0,0,0,0,0,0,1,6,6,1.6165352272727274,0,7.571428571428571,0,0,0,0,0
765,2798,access_vlan:SW1:eth1:20+access_vlan:SW2:eth1:20,4779,4787,0.7726649999999999,-12.65,8,True,False,True,False,False,incorrect_declare_done,0.15858413744717836,8,5,0,0,1,1,1,0,1,4,4,3.2458079090909093,1,5.125,0,0,1,0,0
766,2799,access_vlan:SW1:eth1:20+access_vlan:SW2:eth2:10+trunk_remove:SW1:eth3:10+trunk_remove:SW1:eth3:20+trunk_remove:SW2:eth3:10,4787,4789,0.77257,-10.350000000000001,2,True,False,True,False,False,incorrect_declare_done,0.14523474872112274,2,1,0,0,0,0,0,0,3,1,1,0.28093454545454544,0,8.5,0,0,0,0,0
767,2800,access_vlan:SW1:eth1:20+access_vlan:SW1:eth2:10+access_vlan:SW2:eth2:10+trunk_remove:SW1:eth3:10+trunk_remove:SW2:eth3:10,4789,4801,0.772,-12.75,12,True,False,True,False,False,incorrect_declare_done,0.17741059884428978,12,7,4,0,0,0,0,0,3,12,12,3.1311553863636368,0,7.166666666666667,0,0,0,0,0
768,2801,access_vlan:SW1:eth1:20+access_vlan:SW1:eth2:10+access_vlan:SW2:eth1:20+access_vlan:SW2:eth2:10+trunk_remove:SW2:eth3:10+trunk_remove:SW2:eth3:20,4801,4822,0.7710025,5.45,21,True,False,True,False,True,recovery_success,0.13346699022111438,21,7,10,0,0,0,0,0,0,19,19,8.078964772727273,0,5.285714285714286,0,0,0,0,0
769,2802,access_vlan:SW1:eth2:10+access_vlan:SW2:eth2:10+trunk_remove:SW1:eth3:20+trunk_remove:SW2:eth3:10,4822,4829,0.77067,-11.850000000000001,7,True,False,True,False,False,incorrect_declare_done,0.1308811940252781,7,6,0,0,0,0,0,0,2,5,5,1.6887166363636363,0,7.428571428571429,0,0,0,0,0
770,2803,trunk_remove:SW1:eth3:10+trunk_remove:SW1:eth3:20+trunk_remove:SW2:eth3:20,4829,4837,0.77029,-11.55,8,True,False,True,False,False,incorrect_declare_done,0.10875418037176132,8,2,4,0,0,0,0,0,1,7,7,3.487996045454546,0,4.625,0,0,0,0,0
771,2804,access_vlan:SW2:eth1:20+access_vlan:SW2:eth2:10+trunk_remove:SW1:eth3:20+trunk_remove:SW2:eth3:20,4837,4838,0.7702424999999999,-10.05,1,True,False,True,False,False,incorrect_declare_done,0.1692064106464386,1,0,0,0,0,0,0,0,3,0,0,0.0,0,10.0,0,0,1,-1,0
772,2805,access_vlan:SW1:eth1:20+access_vlan:SW1:eth2:10+access_vlan:SW2:eth1:20+access_vlan:SW2:eth2:10+trunk_remove:SW2:eth3:20,4838,4839,0.770195,-10.05,1,True,False,True,False,False,incorrect_declare_done,0.1464226394891739,1,0,0,0,0,0,0,0,1,1,1,0.46211699999999994,0,4.0,0,0,0,0,0
773,2806,access_vlan:SW1:eth1:20+access_vlan:SW2:eth2:10+trunk_remove:SW1:eth3:10+trunk_remove:SW2:eth3:20,4839,4855,0.769435,-13.95,16,True,False,True,False,False,incorrect_declare_done,0.13923052977770567,16,7,4,0,0,0,0,0,1,15,15,4.968378409090909,0,6.5,0,0,0,0,0
774,2807,access_vlan:SW2:eth2:10+trunk_remove:SW1:eth3:10+trunk_remove:SW2:eth3:20,4855,4866,0.7689125,-12.600000000000001,11,True,False,True,False,False,incorrect_declare_done,0.09445495158433914,11,6,3,0,0,0,0,0,2,1,1,3.132534727272728,0,6.818181818181818,0,0,0,0,0
775,2808,access_vlan:SW2:eth2:10+trunk_remove:SW2:eth3:10+trunk_remove:SW2:eth3:20,4866,4868,0.7688174999999999,-10.350000000000001,2,True,False,True,False,False,incorrect_declare_done,0.09309069812297821,2,1,0,0,0,0,0,0,3,0,0,0.587116,0,6.5,0,0,0,0,0
776,2809,access_vlan:SW1:eth2:10+access_vlan:SW2:eth2:10+trunk_remove:SW1:eth3:20+trunk_remove:SW2:eth3:10,4868,4873,0.76858,8.75,5,True,False,True,False,True,recovery_success,0.08685321882367134,5,4,0,0,0,0,0,0,0,2,2,1.8936588181818181,0,5.4,0,0,0,0,0
777,2810,access_vlan:SW1:eth2:10+trunk_remove:SW1:eth3:10+trunk_remove:SW2:eth3:10,4873,4885,0.76801,-12.9,12,True,False,True,False,False,incorrect_declare_done,0.08576643497993548,12,7,3,0,0,0,0,0,2,2,2,3.3733904318181818,0,6.916666666666667,0,0,0,0,0
778,2811,trunk_remove:SW1:eth3:10+trunk_remove:SW1:eth3:20+trunk_remove:SW2:eth3:10,4885,4896,0.7674875,-12.3,11,True,False,True,False,False,incorrect_declare_done,0.13984796540303665,11,4,5,0,0,0,0,0,1,7,7,4.662081772727273,0,4.818181818181818,0,0,0,0,0
779,2812,access_vlan:SW1:eth1:20+trunk_remove:SW1:eth3:10,4896,4897,0.76744,-10.05,1,True,False,True,False,False,incorrect_declare_done,0.16390839219093323,1,0,0,0,0,0,0,0,3,0,0,0.38372,0,5.0,0,0,0,0,0
780,2813,access_vlan:SW1:eth1:20+access_vlan:SW1:eth2:10+trunk_remove:SW1:eth3:10+trunk_remove:SW1:eth3:20+trunk_remove:SW2:eth3:20,4897,4914,0.7666325,5.4,17,True,False,True,False,True,recovery_success,0.12101920036708608,17,10,5,0,1,1,1,0,0,16,16,6.77022175,1,5.235294117647059,0,0,1,0,0
781,2814,access_vlan:SW2:eth2:10+trunk_remove:SW1:eth3:10+trunk_remove:SW1:eth3:20+trunk_remove:SW2:eth3:10+trunk_remove:SW2:eth3:20,4914,4924,0.7661575,-12.450000000000001,10,True,False,True,False,False,incorrect_declare_done,0.095828228443861,10,7,2,0,0,0,0,0,1,4,4,3.2256025454545454,0,6.3,0,0,0,0,0
782,2815,access_vlan:SW1:eth1:20+access_vlan:SW2:eth2:10+trunk_remove:SW1:eth3:10+trunk_remove:SW2:eth3:20,4924,4928,0.7659675,-10.950000000000001,4,True,False,True,False,False,incorrect_declare_done,0.08937718160450459,4,3,0,0,0,0,0,0,3,0,0,0.48745113636363635,0,9.0,0,0,0,0,0
783,2816,access_vlan:SW1:eth1:20+access_vlan:SW1:eth2:10+access_vlan:SW2:eth2:10+trunk_remove:SW1:eth3:10+trunk_remove:SW2:eth3:20,4928,4939,0.765445,7.3999999999999995,11,True,False,True,False,True,recovery_success,0.09648305516351353,11,6,3,0,0,0,0,0,0,11,11,3.9534754090909088,0,5.7272727272727275,0,0,0,0,0
784,2817,access_vlan:SW1:eth1:20+access_vlan:SW1:eth2:10+trunk_remove:SW1:eth3:10+trunk_remove:SW2:eth3:10+trunk_remove:SW2:eth3:20,4939,4961,0.7644,4.949999999999998,22,True,False,True,False,True,recovery_success,0.08601868846877055,22,9,12,0,1,1,1,0,0,16,16,10.714284068181817,1,3.9545454545454546,0,0,1,0,0
785,2818,access_vlan:SW1:eth1:20+access_vlan:SW1:eth2:10+access_vlan:SW2:eth2:10+trunk_remove:SW1:eth3:20+trunk_remove:SW2:eth3:20,4961,4963,0.764305,-10.350000000000001,2,True,False,True,False,False,incorrect_declare_done,0.09100647643208504,2,1,0,0,0,0,0,0,3,2,2,0.7295876136363637,0,5.5,0,0,0,0,0
786,2819,access_vlan:SW1:eth2:10+access_vlan:SW2:eth1:20+trunk_remove:SW1:eth3:10+trunk_remove:SW1:eth3:20,4963,4968,0.7640675,-11.25,5,True,False,True,False,False,incorrect_declare_done,0.11541780531406402,5,4,0,0,0,0,0,0,3,0,0,1.0419965909090911,0,7.8,0,0,0,0,0
787,2820,access_vlan:SW1:eth1:20+access_vlan:SW2:eth1:20+trunk_remove:SW1:eth3:20+trunk_remove:SW2:eth3:20,4968,4978,0.7635925,-12.3,10,True,False,True,False,False,incorrect_declare_done,0.08572814874351024,10,6,3,0,0,0,0,0,1,0,0,2.9160661363636367,0,6.7,0,0,0,0,0
788,2821,access_vlan:SW1:eth1:20+access_vlan:SW1:eth2:10+access_vlan:SW2:eth2:10+trunk_remove:SW1:eth3:20+trunk_remove:SW2:eth3:10,4978,4994,0.7628325,-13.65,16,True,False,True,False,False,incorrect_declare_done,0.07938236161135137,16,7,6,0,0,0,0,0,2,16,16,4.5236183636363645,0,6.8125,0,0,0,0,0
789,2822,access_vlan:SW1:eth1:20+access_vlan:SW2:eth1:20+access_vlan:SW2:eth2:10+trunk_remove:SW2:eth3:10+trunk_remove:SW2:eth3:20,4994,4998,0.7626425,-10.950000000000001,4,True,False,True,False,False,incorrect_declare_done,0.11027871258556843,4,2,0,0,0,0,0,0,3,4,4,0.9984685454545454,0,7.25,0,0,0,0,0
790,2823,access_vlan:SW1:eth1:20+access_vlan:SW1:eth2:10+access_vlan:SW2:eth1:20+trunk_remove:SW1:eth3:10+trunk_remove:SW1:eth3:20+trunk_remove:SW2:eth3:10+trunk_remove:SW2:eth3:20,4998,5005,0.76231,-11.700000000000001,7,True,False,True,False,False,incorrect_declare_done,0.2289981927190508,7,5,1,0,0,0,0,0,3,6,6,1.6843048636363636,0,7.428571428571429,0,0,0,0,0
791,2824,access_vlan:SW2:eth1:20+trunk_remove:SW2:eth3:10,5005,5009,0.76212,-10.950000000000001,4,True,False,True,False,False,incorrect_declare_done,0.19469822198152542,4,2,0,0,0,0,0,0,1,3,3,1.766890340909091,0,4.5,0,0,0,0,0
792,2825,access_vlan:SW1:eth1:20+trunk_remove:SW1:eth3:10+trunk_remove:SW1:eth3:20+trunk_remove:SW2:eth3:10,5009,5019,0.761645,7.699999999999999,10,True,False,True,False,True,recovery_success,0.17739322930574417,10,6,3,0,0,0,0,0,0,8,8,4.460184681818181,0,4.5,0,0,0,0,0
793,2826,access_vlan:SW1:eth1:20+access_vlan:SW1:eth2:10+access_vlan:SW2:eth1:20+trunk_remove:SW1:eth3:10,5019,5020,0.7615975,-10.05,1,True,False,True,False,False,incorrect_declare_done,0.16423626244068146,1,0,0,0,0,0,0,0,3,0,0,0.38079875,0,5.0,0,0,0,0,0
794,2827,access_vlan:SW1:eth1:20+access_vlan:SW2:eth1:20+trunk_remove:SW1:eth3:10+trunk_remove:SW1:eth3:20,5020,5028,0.7612175,-12.15,8,True,False,True,False,False,incorrect_declare_done,0.12382118962705135,8,7,0,0,0,0,0,0,3,3,3,0.7682184090909092,0,9.5,0,0,0,0,0
795,2828,access_vlan:SW1:eth1:20+access_vlan:SW1:eth2:10+access_vlan:SW2:eth1:20+access_vlan:SW2:eth2:10+trunk_remove:SW1:eth3:20+trunk_remove:SW2:eth3:20,5028,5032,0.7610275,9.2,4,True,False,True,False,True,recovery_success,0.1222323551774025,4,2,1,0,0,0,0,0,0,4,4,1.951166181818182,0,3.75,0,0,0,0,0
796,2829,access_vlan:SW1:eth1:20+trunk_remove:SW1:eth3:10,5032,5042,0.7605525,8.299999999999999,10,True,False,True,False,True,recovery_success,0.08870488591492176,10,2,7,0,0,0,0,0,0,9,9,5.70561840909091,0,2.7,0,0,0,0,0
797,2830,access_vlan:SW1:eth1:20+access_vlan:SW2:eth1:20+trunk_remove:SW1:eth3:10+trunk_remove:SW2:eth3:10+trunk_remove:SW2:eth3:20,5042,5046,0.7603625,-10.8,4,True,False,True,False,False,incorrect_declare_done,0.06875467672944069,4,2,1,0,0,0,0,0,3,0,0,0.7742326136363636,0,7.75,0,0,0,0,0
798,2831,trunk_remove:SW2:eth3:20,5046,5048,0.7602675,-10.200000000000001,2,True,False,True,False,False,incorrect_declare_done,0.0784214474260807,2,0,1,0,0,0,0,0,1,0,0,0.9123495,0,4.0,0,0,0,0,0
799,2832,trunk_remove:SW1:eth3:20+trunk_remove:SW2:eth3:10+trunk_remove:SW2:eth3:20,5048,5056,0.7598875,-11.700000000000001,8,True,False,True,False,False,incorrect_declare_done,0.08064127620309591,8,4,3,0,0,0,0,0,1,4,4,3.0677557272727274,0,5.375,0,0,0,0,0
800,2833,access_vlan:SW1:eth1:20+access_vlan:SW1:eth2:10+access_vlan:SW2:eth1:20+trunk_remove:SW1:eth3:10+trunk_remove:SW2:eth3:10,5056,5058,0.7597925,-10.350000000000001,2,True,False,True,False,False,incorrect_declare_done,0.06953283026814461,2,1,0,0,0,0,0,0,3,2,2,0.7252802272727272,0,5.5,0,0,0,0,0
801,2834,access_vlan:SW1:eth2:10+access_vlan:SW2:eth2:10+trunk_remove:SW1:eth3:10+trunk_remove:SW1:eth3:20+trunk_remove:SW2:eth3:10,5058,5065,0.75946,-11.850000000000001,7,True,False,True,False,False,incorrect_declare_done,0.06375763299209732,7,6,0,0,0,0,0,0,1,4,4,2.2096447727272728,0,6.285714285714286,0,0,0,0,0
802,2835,trunk_remove:SW1:eth3:10+trunk_remove:SW2:eth3:10,5065,5074,0.7590325,-11.850000000000001,9,True,False,True,False,False,incorrect_declare_done,0.06298161546389262,9,3,4,0,0,0,0,0,1,5,5,3.851344227272728,0,4.666666666666667,0,0,0,0,0
803,2836,access_vlan:SW1:eth2:10+access_vlan:SW2:eth1:20+trunk_remove:SW1:eth3:20+trunk_remove:SW2:eth3:10+trunk_remove:SW2:eth3:20,5074,5077,0.75889,-10.65,3,True,False,True,False,False,incorrect_declare_done,0.054669069747130074,3,2,0,0,0,0,0,0,2,0,0,0.6209272727272728,0,7.666666666666667,0,0,0,0,0
804,2837,access_vlan:SW2:eth1:20+access_vlan:SW2:eth2:10+trunk_remove:SW1:eth3:10+trunk_remove:SW1:eth3:20+trunk_remove:SW2:eth3:20,5077,5081,0.7587,-11.450000000000001,4,True,False,True,False,False,incorrect_declare_done,0.06314327754080296,4,3,0,0,1,1,1,0,2,2,2,1.0415672045454547,1,7.0,0,0,1,0,0
805,2838,trunk_remove:SW1:eth3:20+trunk_remove:SW2:eth3:10+trunk_remove:SW2:eth3:20,5081,5082,0.7586525,-10.05,1,True,False,True,False,False,incorrect_declare_done,0.07892666757106781,1,0,0,0,0,0,0,0,2,0,0,0.303461,0,6.0,0,0,0,0,0
806,2839,access_vlan:SW2:eth2:10+trunk_remove:SW1:eth3:10+trunk_remove:SW2:eth3:20,5082,5086,0.7584625,-10.950000000000001,4,True,False,True,False,False,incorrect_declare_done,0.058477251790463924,4,3,0,0,0,0,0,0,1,2,2,1.4067206363636364,0,5.75,0,0,0,0,0
807,2840,access_vlan:SW1:eth2:10+access_vlan:SW2:eth2:10+trunk_remove:SW2:eth3:10,5086,5088,0.7583675,-10.200000000000001,2,True,False,True,False,False,incorrect_declare_done,0.051543306559324265,2,0,1,0,0,0,0,0,4,0,0,0.15167825,0,9.0,0,0,0,0,0
808,2841,access_vlan:SW1:eth1:20+access_vlan:SW2:eth1:20+access_vlan:SW2:eth2:10+trunk_remove:SW2:eth3:10,5088,5089,0.75832,-10.05,1,True,False,True,False,False,incorrect_declare_done,0.04378354921936989,1,0,0,0,0,0,0,0,3,1,1,0.37916,0,5.0,0,0,0,0,0
809,2842,trunk_remove:SW2:eth3:10+trunk_remove:SW2:eth3:20,5089,5103,0.757655,6.5,14,True,False,True,False,True,recovery_success,0.06469731392072779,14,9,3,0,0,0,0,0,0,10,10,6.022280590909092,0,4.714285714285714,0,0,0,0,0
810,2843,access_vlan:SW1:eth1:20+access_vlan:SW2:eth1:20+trunk_remove:SW1:eth3:10+trunk_remove:SW1:eth3:20+trunk_remove:SW2:eth3:20,5103,5111,0.757275,-11.850000000000001,8,True,False,True,False,False,incorrect_declare_done,0.05096896644681692,8,5,2,0,0,0,0,0,1,4,4,2.3410179545454546,0,6.625,0,0,0,0,0
811,2844,access_vlan:SW1:eth1:20+access_vlan:SW1:eth2:10+access_vlan:SW2:eth1:20+trunk_remove:SW1:eth3:20,5111,5116,0.7570375,-11.100000000000001,5,True,False,True,False,False,incorrect_declare_done,0.06223177090287209,5,3,1,0,0,0,0,0,3,5,5,1.266492590909091,0,7.2,0,0,0,0,0
812,2845,access_vlan:SW1:eth1:20+access_vlan:SW1:eth2:10+access_vlan:SW2:eth1:20+trunk_remove:SW1:eth3:10+trunk_remove:SW2:eth3:10,5116,5124,0.7566575,-11.55,8,True,False,True,False,False,incorrect_declare_done,0.05063299648463726,8,3,4,0,0,0,0,0,3,4,4,2.7864950000000004,0,5.875,0,0,0,0,0
813,2846,access_vlan:SW1:eth1:20+access_vlan:SW1:eth2:10+access_vlan:SW2:eth1:20+access_vlan:SW2:eth2:10,5124,5131,0.756325,9.049999999999999,7,True,False,True,False,True,recovery_success,0.04781129903026989,7,0,6,0,0,0,0,0,0,1,1,4.236218,0,2.0,0,0,0,0,0
814,2847,access_vlan:SW1:eth1:20+access_vlan:SW2:eth1:20+access_vlan:SW2:eth2:10+trunk_remove:SW1:eth3:10,5131,5144,0.7557075,6.949999999999999,13,True,False,True,False,True,recovery_success,0.056914527828876786,13,5,4,0,0,0,0,0,0,12,12,5.738393977272727,0,4.384615384615385,0,0,0,0,0
815,2848,access_vlan:SW1:eth2:10+trunk_remove:SW1:eth3:10+trunk_remove:SW1:eth3:20,5144,5148,0.7555175,-10.950000000000001,4,True,False,True,False,False,incorrect_declare_done,0.05107028968632221,4,3,0,0,0,0,0,0,1,1,1,1.1951871818181818,0,6.5,0,0,0,0,0
816,2849,access_vlan:SW1:eth2:10+trunk_remove:SW1:eth3:10+trunk_remove:SW2:eth3:10,5148,5152,0.7553275,-10.8,4,True,False,True,False,False,incorrect_declare_done,0.050322940573096275,4,2,1,0,0,0,0,0,1,2,2,1.3459577500000002,0,5.75,0,0,0,0,0
817,2850,access_vlan:SW1:eth1:20+trunk_remove:SW1:eth3:20+trunk_remove:SW2:eth3:10+trunk_remove:SW2:eth3:20,5152,5162,0.7548525,-12.450000000000001,10,True,False,True,False,False,incorrect_declare_done,0.04906333200633526,10,7,2,0,0,0,0,0,2,0,0,2.5603171818181822,0,7.2,0,0,0,0,0
818,2851,access_vlan:SW1:eth2:10+trunk_remove:SW2:eth3:10+trunk_remove:SW2:eth3:20,5162,5166,0.7546625,-10.950000000000001,4,True,False,True,False,False,incorrect_declare_done,0.05615612864494324,4,3,0,0,0,0,0,0,1,1,1,1.3996690454545455,0,5.75,0,0,0,0,0
819,2852,access_vlan:SW1:eth1:20+access_vlan:SW1:eth2:10+access_vlan:SW2:eth1:20,5166,5172,0.7543775,-11.4,6,True,False,True,False,False,incorrect_declare_done,0.06646197258184354,6,3,1,0,0,0,0,0,1,5,5,2.5035352272727276,0,4.833333333333333,0,0,0,0,0
820,2853,access_vlan:SW1:eth2:10+access_vlan:SW2:eth1:20+trunk_remove:SW1:eth3:20+trunk_remove:SW2:eth3:10,5172,5177,0.75414,-11.25,5,True,False,True,False,False,incorrect_declare_done,0.04799452126026153,5,4,0,0,0,0,0,0,1,4,4,1.5769763636363636,0,6.2,0,0,0,0,0
821,2854,access_vlan:SW1:eth1:20+access_vlan:SW2:eth1:20+access_vlan:SW2:eth2:10+trunk_remove:SW1:eth3:10+trunk_remove:SW1:eth3:20,5177,5183,0.753855,-11.100000000000001,6,True,False,True,False,False,incorrect_declare_done,0.04421907228728136,6,2,3,0,0,0,0,0,3,6,6,1.6724551818181819,0,6.833333333333333,0,0,0,0,0
822,2855,access_vlan:SW1:eth2:10+access_vlan:SW2:eth2:10+trunk_remove:SW2:eth3:10,5183,5187,0.753665,-10.950000000000001,4,True,False,True,False,False,incorrect_declare_done,0.06162253115326166,4,2,0,0,0,0,0,0,3,0,0,1.0346512045454546,0,7.0,0,0,0,0,0
823,2856,access_vlan:SW1:eth1:20+access_vlan:SW2:eth1:20+trunk_remove:SW1:eth3:10+trunk_remove:SW2:eth3:10+trunk_remove:SW2:eth3:20,5187,5198,0.7531425,7.3999999999999995,11,True,False,True,False,True,recovery_success,0.05798903209241954,11,7,3,0,0,0,0,0,0,2,2,4.047409477272727,0,5.545454545454546,0,0,0,0,0
824,2857,access_vlan:SW1:eth1:20+access_vlan:SW2:eth1:20+trunk_remove:SW1:eth3:10,5198,5201,0.753,-11.15,3,True,False,True,False,False,incorrect_declare_done,0.04123249277472496,3,2,0,0,1,1,1,0,3,0,0,0.9036449090909091,1,6.333333333333333,0,0,1,0,0
825,2858,access_vlan:SW1:eth2:10+trunk_remove:SW1:eth3:10+trunk_remove:SW2:eth3:20,5201,5217,0.75224,6.35,16,True,False,True,False,True,recovery_success,0.04872275539673865,16,6,6,0,0,0,0,0,0,11,11,7.279209181818181,0,4.3125,0,0,0,0,0
826,2859,access_vlan:SW1:eth1:20+access_vlan:SW1:eth2:10+access_vlan:SW2:eth1:20+access_vlan:SW2:eth2:10+trunk_remove:SW1:eth3:10+trunk_remove:SW1:eth3:20+trunk_remove:SW2:eth3:10+trunk_remove:SW2:eth3:20,5217,5240,0.7511475,4.85,23,True,False,True,False,True,recovery_success,0.045274344232419265,23,8,10,0,0,0,0,0,0,23,23,9.757466363636365,0,4.739130434782608,0,0,0,0,0
827,2860,access_vlan:SW1:eth1:20+access_vlan:SW1:eth2:10+access_vlan:SW2:eth1:20+trunk_remove:SW1:eth3:10+trunk_remove:SW2:eth3:20,5240,5243,0.751005,-10.5,3,True,False,True,False,False,incorrect_declare_done,0.05592642351984978,3,1,1,0,0,0,0,0,2,3,3,0.9831934090909091,0,6.0,0,0,0,0,0
828,2861,access_vlan:SW1:eth1:20+access_vlan:SW1:eth2:10+trunk_remove:SW1:eth3:10+trunk_remove:SW1:eth3:20+trunk_remove:SW2:eth3:10+trunk_remove:SW2:eth3:20,5243,5248,0.7507675,-11.75,5,True,False,True,False,False,incorrect_declare_done,0.043113882467150685,5,4,0,0,1,1,1,0,2,1,1,1.1603893181818181,1,7.4,0,0,1,0,0
829,2862,access_vlan:SW1:eth1:20+access_vlan:SW1:eth2:10+access_vlan:SW2:eth2:10+trunk_remove:SW1:eth3:10+trunk_remove:SW1:eth3:20+trunk_remove:SW2:eth3:20,5248,5249,0.75072,-10.05,1,True,False,True,False,False,incorrect_declare_done,0.09974361956119537,1,0,0,0,0,0,0,0,3,1,1,0.300288,0,6.0,0,0,0,0,0
830,2863,access_vlan:SW1:eth2:10+access_vlan:SW2:eth1:20+access_vlan:SW2:eth2:10+trunk_remove:SW1:eth3:10+trunk_remove:SW1:eth3:20+trunk_remove:SW2:eth3:10+trunk_remove:SW2:eth3:20,5249,5257,0.75034,-12.0,8,True,False,True,False,False,incorrect_declare_done,0.04708113335072994,8,5,1,0,0,0,0,0,3,8,8,1.8148540909090907,0,7.5,0,0,0,0,0
831,2864,access_vlan:SW1:eth2:10+trunk_remove:SW1:eth3:10+trunk_remove:SW1:eth3:20+trunk_remove:SW2:eth3:10,5257,5260,0.7501975,-10.65,3,True,False,True,False,False,incorrect_declare_done,0.04310106486082077,3,2,0,0,0,0,0,0,1,1,1,0.9070984318181818,0,6.333333333333333,0,0,0,0,0
832,2865,access_vlan:SW1:eth1:20+access_vlan:SW2:eth1:20+trunk_remove:SW1:eth3:10+trunk_remove:SW1:eth3:20+trunk_remove:SW2:eth3:10,5260,5270,0.7497225000000001,-12.3,10,True,False,True,False,False,incorrect_declare_done,0.042686516977846624,10,6,3,0,0,0,0,0,1,4,4,3.210848636363637,0,6.2,0,0,0,0,0
833,2866,access_vlan:SW1:eth1:20+trunk_remove:SW1:eth3:10+trunk_remove:SW2:eth3:10+trunk_remove:SW2:eth3:20,5270,5279,0.749295,-12.3,9,True,False,True,False,False,incorrect_declare_done,0.059235408902168274,9,6,1,0,0,0,0,0,1,2,2,2.6844050000000004,0,6.555555555555555,0,0,0,0,0
834,2867,access_vlan:SW1:eth1:20+access_vlan:SW1:eth2:10+access_vlan:SW2:eth1:20+access_vlan:SW2:eth2:10+trunk_remove:SW1:eth3:10+trunk_remove:SW2:eth3:10+trunk_remove:SW2:eth3:20,5279,5283,0.749105,-10.8,4,True,False,True,False,False,incorrect_declare_done,0.05083710141479969,4,1,1,0,0,0,0,0,2,4,4,1.1714383636363637,0,6.25,0,0,0,0,0
835,2868,access_vlan:SW2:eth2:10,5283,5287,0.748915,-10.65,4,True,False,True,False,False,incorrect_declare_done,0.04742260556668043,4,1,2,0,0,0,0,0,3,0,0,1.463930909090909,0,5.25,0,0,0,0,0
836,2869,access_vlan:SW1:eth1:20+access_vlan:SW2:eth2:10+trunk_remove:SW1:eth3:10+trunk_remove:SW2:eth3:10,5287,5295,0.748535,-12.0,8,True,False,True,False,False,incorrect_declare_done,0.05547391530126333,8,6,1,0,0,0,0,0,1,5,5,2.8041366818181817,0,5.75,0,0,0,0,0
837,2870,access_vlan:SW1:eth1:20+access_vlan:SW1:eth2:10+access_vlan:SW2:eth2:10+trunk_remove:SW1:eth3:10+trunk_remove:SW1:eth3:20,5295,5311,0.7477750000000001,6.050000000000001,16,True,False,True,False,True,recovery_success,0.04990507138427347,16,9,4,0,0,0,0,0,0,16,16,5.114151818181819,0,6.1875,0,0,0,0,0
838,2871,access_vlan:SW1:eth1:20+access_vlan:SW2:eth2:10+trunk_remove:SW2:eth3:10,5311,5317,0.74749,8.75,6,True,False,True,False,True,recovery_success,0.06735230113069217,6,3,2,0,0,0,0,0,0,5,5,2.664106409090909,0,4.333333333333333,0,0,0,0,0
839,2872,access_vlan:SW1:eth1:20+access_vlan:SW1:eth2:10+access_vlan:SW2:eth1:20+access_vlan:SW2:eth2:10+trunk_remove:SW2:eth3:10,5317,5326,0.7470625,8.0,9,True,False,True,False,True,recovery_success,0.04949721611208386,9,3,3,0,0,0,0,0,0,8,8,4.157355681818182,0,4.111111111111111,0,0,0,0,0
840,2873,access_vlan:SW2:eth1:20+access_vlan:SW2:eth2:10+trunk_remove:SW1:eth3:10+trunk_remove:SW2:eth3:10+trunk_remove:SW2:eth3:20,5326,5335,0.7466349999999999,7.199999999999999,9,True,False,True,False,True,recovery_success,0.06786514653099908,9,7,1,0,1,1,1,0,0,3,3,3.129635590909091,1,5.777777777777778,0,0,1,0,0
841,2874,access_vlan:SW1:eth1:20+access_vlan:SW2:eth1:20+trunk_remove:SW1:eth3:10,5335,5345,0.74616,7.049999999999999,10,True,False,True,False,True,recovery_success,0.057140246406197547,10,7,2,0,1,1,1,0,0,9,9,3.677439772727273,1,5.5,0,0,1,0,0
842,2875,access_vlan:SW1:eth1:20+access_vlan:SW1:eth2:10+access_vlan:SW2:eth1:20+trunk_remove:SW1:eth3:20+trunk_remove:SW2:eth3:20,5345,5352,0.7458275,-11.25,7,True,False,True,False,False,incorrect_declare_done,0.055418048586164205,7,2,4,0,0,0,0,0,1,6,6,2.115759272727273,0,6.142857142857143,0,0,0,0,0
843,2876,access_vlan:SW1:eth2:10+access_vlan:SW2:eth2:10+trunk_remove:SW1:eth3:10+trunk_remove:SW1:eth3:20,5352,5357,0.74559,-11.25,5,True,False,True,False,False,incorrect_declare_done,0.06669411063194275,5,4,0,0,0,0,0,0,3,0,0,0.8202111818181818,0,8.4,0,0,0,0,0
844,2877,access_vlan:SW1:eth2:10+access_vlan:SW2:eth1:20+trunk_remove:SW1:eth3:10+trunk_remove:SW2:eth3:10+trunk_remove:SW2:eth3:20,5357,5360,0.7454475,-10.65,3,True,False,True,False,False,incorrect_declare_done,0.07676514610648155,3,2,0,0,0,0,0,0,2,0,0,0.6777011363636364,0,7.333333333333333,0,0,0,0,0
845,2878,access_vlan:SW2:eth1:20+access_vlan:SW2:eth2:10+trunk_remove:SW2:eth3:10+trunk_remove:SW2:eth3:20,5360,5361,0.7454000000000001,-10.05,1,True,False,True,False,False,incorrect_declare_done,0.046266183257102966,1,0,0,0,0,0,0,0,2,0,0,0.14908000000000002,0,8.0,0,0,1,-1,0
846,2879,access_vlan:SW2:eth1:20+trunk_remove:SW1:eth3:20,5361,5362,0.7453525000000001,-10.05,1,True,False,True,False,False,incorrect_declare_done,0.035597000271081924,1,0,0,0,0,0,0,0,3,0,0,0.29814100000000004,0,6.0,0,0,0,0,0
847,2880,access_vlan:SW1:eth1:20+access_vlan:SW1:eth2:10+trunk_remove:SW1:eth3:10+trunk_remove:SW1:eth3:20+trunk_remove:SW2:eth3:10,5362,5381,0.7444500000000001,4.5,19,True,False,True,False,True,recovery_success,0.05038062218380602,19,14,3,0,1,1,1,0,0,15,15,6.1683177727272716,1,6.157894736842105,0,0,1,0,0
848,2881,access_vlan:SW1:eth2:10+access_vlan:SW2:eth1:20+access_vlan:SW2:eth2:10+trunk_remove:SW1:eth3:10+trunk_remove:SW1:eth3:20+trunk_remove:SW2:eth3:20,5381,5393,0.74388,-12.75,12,True,False,True,False,False,incorrect_declare_done,0.05475582415238023,12,5,4,0,0,0,0,0,1,12,12,3.5853443636363638,0,6.333333333333333,0,0,0,0,0
849,2882,access_vlan:SW1:eth1:20+access_vlan:SW1:eth2:10+trunk_remove:SW2:eth3:20,5393,5406,0.7432625,-13.55,13,True,False,True,False,False,incorrect_declare_done,0.04606828824258768,13,6,4,0,1,1,1,0,3,0,0,3.190395840909091,1,7.230769230769231,0,0,1,0,0
850,2883,access_vlan:SW2:eth1:20+access_vlan:SW2:eth2:10+trunk_remove:SW2:eth3:20,5406,5415,0.742835,-12.8,9,True,False,True,False,False,incorrect_declare_done,0.04052257248096996,9,6,1,0,1,1,1,0,3,0,0,2.303340363636364,1,7.111111111111111,0,0,1,0,0
851,2884,access_vlan:SW1:eth1:20+trunk_remove:SW2:eth3:20,5415,5417,0.74274,-10.200000000000001,2,True,False,True,False,False,incorrect_declare_done,0.03782302886247635,2,0,1,0,0,0,0,0,3,0,0,0.594211,0,6.0,0,0,0,0,0
852,2885,access_vlan:SW1:eth1:20+trunk_remove:SW1:eth3:20,5417,5432,0.7420275000000001,6.65,15,True,False,True,False,True,recovery_success,0.03818779091040293,15,6,6,0,0,0,0,0,0,9,9,6.127439318181819,0,4.866666666666666,0,0,0,0,0
853,2886,access_vlan:SW1:eth1:20+access_vlan:SW1:eth2:10+access_vlan:SW2:eth2:10+trunk_remove:SW1:eth3:10,5432,5436,0.7418375,-10.950000000000001,4,True,False,True,False,False,incorrect_declare_done,0.04414836969226599,4,3,0,0,0,0,0,0,1,4,4,1.3758845,0,5.75,0,0,0,0,0
854,2887,trunk_remove:SW1:eth3:10,5436,5440,0.7416475,-10.65,4,True,False,True,False,False,incorrect_declare_done,0.03932299464941025,4,1,2,0,0,0,0,0,1,2,2,1.7396715,0,4.25,0,0,0,0,0
855,2888,access_vlan:SW1:eth1:20+access_vlan:SW1:eth2:10+access_vlan:SW2:eth2:10+trunk_remove:SW1:eth3:20+trunk_remove:SW2:eth3:10,5440,5449,0.74122,-12.3,9,True,False,True,False,False,incorrect_declare_done,0.04464432017670737,9,7,1,0,0,0,0,0,1,9,9,2.9925252272727274,0,6.0,0,0,0,0,0
856,2889,access_vlan:SW1:eth2:10+access_vlan:SW2:eth2:10+trunk_remove:SW1:eth3:10,5449,5462,0.7406025,-13.5,13,True,False,True,False,False,incorrect_declare_done,0.049301835063558355,13,11,1,0,0,0,0,0,2,1,1,3.3743436136363636,0,7.076923076923077,0,0,0,0,0
857,2890,access_vlan:SW2:eth1:20+access_vlan:SW2:eth2:10+trunk_remove:SW1:eth3:10+trunk_remove:SW1:eth3:20,5462,5465,0.74046,-11.15,3,True,False,True,False,False,incorrect_declare_done,0.04579138631621996,3,2,0,0,1,1,1,0,2,0,0,0.8212780454545454,1,6.666666666666667,0,0,1,0,0
858,2891,trunk_remove:SW1:eth3:10+trunk_remove:SW2:eth3:20,5465,5469,0.74027,-10.950000000000001,4,True,False,True,False,False,incorrect_declare_done,0.07480151299387217,4,2,0,0,0,0,0,0,1,3,3,1.6421968181818183,0,4.75,0,0,0,0,0
859,2892,access_vlan:SW1:eth2:10+access_vlan:SW2:eth1:20+access_vlan:SW2:eth2:10+trunk_remove:SW2:eth3:20,5469,5472,0.7401275,9.35,3,True,False,True,False,True,recovery_success,0.03441520780324936,3,2,0,0,0,0,0,0,0,3,3,1.4466905681818183,0,3.6666666666666665,0,0,0,0,0
860,2893,access_vlan:SW2:eth2:10+trunk_remove:SW1:eth3:10+trunk_remove:SW2:eth3:10+trunk_remove:SW2:eth3:20,5472,5476,0.7399375,-10.8,4,True,False,True,False,False,incorrect_declare_done,0.04243534058332443,4,2,1,0,0,0,0,0,1,0,0,1.1167171590909093,0,6.5,0,0,0,0,0
861,2894,access_vlan:SW1:eth1:20+access_vlan:SW1:eth2:10,5476,5487,0.739415,-13.25,11,True,False,True,False,False,incorrect_declare_done,0.03796722130341963,11,8,2,0,1,1,1,0,1,4,4,3.6307881818181817,1,6.0,0,0,1,0,0
862,2895,access_vlan:SW1:eth2:10+access_vlan:SW2:eth1:20+access_vlan:SW2:eth2:10+trunk_remove:SW1:eth3:10+trunk_remove:SW2:eth3:10,5487,5500,0.7387975,7.699999999999999,13,True,False,True,False,True,recovery_success,0.04139176254662184,13,3,9,0,0,0,0,0,0,13,13,6.490087840909092,0,3.4615384615384617,0,0,0,0,0
863,2896,access_vlan:SW1:eth1:20+access_vlan:SW1:eth2:10+access_vlan:SW2:eth1:20+access_vlan:SW2:eth2:10+trunk_remove:SW2:eth3:20,5500,5507,0.738465,-11.25,7,True,False,True,False,False,incorrect_declare_done,0.057719744209732325,7,1,4,0,0,0,0,0,1,7,7,2.9812806818181823,0,4.428571428571429,0,0,0,0,0
864,2897,access_vlan:SW1:eth1:20+access_vlan:SW2:eth1:20+trunk_remove:SW1:eth3:20+trunk_remove:SW2:eth3:10+trunk_remove:SW2:eth3:20,5507,5531,0.737325,-16.05,24,True,False,True,False,False,incorrect_declare_done,0.07477798918262124,24,14,6,0,0,0,0,0,2,23,23,6.238078863636364,0,7.083333333333333,0,0,0,0,0
865,2898,access_vlan:SW2:eth1:20+access_vlan:SW2:eth2:10+trunk_remove:SW2:eth3:10+trunk_remove:SW2:eth3:20,5531,5548,0.7365175,-14.899999999999999,17,True,False,True,False,False,incorrect_declare_done,0.06076515520758489,17,10,3,0,1,1,1,0,1,12,12,6.390561272727273,1,5.294117647058823,0,0,1,0,0
866,2899,access_vlan:SW1:eth2:10+access_vlan:SW2:eth1:20+access_vlan:SW2:eth2:10+trunk_remove:SW1:eth3:10+trunk_remove:SW1:eth3:20+trunk_remove:SW2:eth3:10,5548,5549,0.73647,-10.05,1,True,False,True,False,False,incorrect_declare_done,0.20169012248516083,1,0,0,0,0,0,0,0,3,1,1,0.220941,0,7.0,0,0,0,0,0
867,2900,access_vlan:SW1:eth1:20+access_vlan:SW2:eth1:20+trunk_remove:SW1:eth3:10+trunk_remove:SW1:eth3:20+trunk_remove:SW2:eth3:10,5549,5565,0.7357100000000001,-13.65,16,True,False,True,False,False,incorrect_declare_done,0.038073798757977784,16,8,6,0,0,0,0,0,1,4,4,5.560236795454546,0,5.75,0,0,0,0,0
868,2901,access_vlan:SW1:eth1:20+access_vlan:SW1:eth2:10+access_vlan:SW2:eth2:10+trunk_remove:SW1:eth3:10+trunk_remove:SW1:eth3:20,5565,5573,0.73533,-11.25,8,True,False,True,False,False,incorrect_declare_done,0.028891194378957152,8,1,6,0,0,0,0,0,3,8,8,2.2466205454545456,0,6.5,0,0,0,0,0
869,2902,access_vlan:SW1:eth1:20+access_vlan:SW1:eth2:10+trunk_remove:SW2:eth3:20,5573,5581,0.73495,-12.200000000000001,8,True,False,True,False,False,incorrect_declare_done,0.03294799290597439,8,4,3,0,1,1,1,0,3,5,5,1.356566409090909,1,8.125,0,0,1,0,0
870,2903,access_vlan:SW1:eth1:20+access_vlan:SW2:eth1:20+access_vlan:SW2:eth2:10+trunk_remove:SW1:eth3:20+trunk_remove:SW2:eth3:10+trunk_remove:SW2:eth3:20,5581,5596,0.7342375,-13.65,15,True,False,True,False,False,incorrect_declare_done,0.0685825136800607,15,7,4,0,0,0,0,0,2,15,15,3.9800117954545455,0,6.933333333333334,0,0,0,0,0
871,2904,access_vlan:SW1:eth1:20+access_vlan:SW1:eth2:10+access_vlan:SW2:eth2:10+trunk_remove:SW1:eth3:10+trunk_remove:SW2:eth3:10+trunk_remove:SW2:eth3:20,5596,5605,0.7338100000000001,-12.0,9,True,False,True,False,False,incorrect_declare_done,0.0504138825668229,9,3,3,0,0,0,0,0,3,9,9,2.242005272727273,0,7.111111111111111,0,0,0,0,0
872,2905,access_vlan:SW1:eth1:20+access_vlan:SW2:eth1:20+trunk_remove:SW1:eth3:20+trunk_remove:SW2:eth3:10+trunk_remove:SW2:eth3:20,5605,5616,0.7332875000000001,-12.75,11,True,False,True,False,False,incorrect_declare_done,0.033030816946517334,11,6,2,0,0,0,0,0,2,7,7,2.2003202272727274,0,7.818181818181818,0,0,0,0,0
873,2906,access_vlan:SW1:eth2:10+access_vlan:SW2:eth2:10+trunk_remove:SW1:eth3:20,5616,5618,0.7331925,-10.850000000000001,2,True,False,True,False,False,incorrect_declare_done,0.024945716373622417,2,1,0,0,1,1,1,0,3,1,1,0.5465711818181819,1,6.5,0,0,1,0,0
874,2907,access_vlan:SW1:eth2:10+access_vlan:SW2:eth1:20+access_vlan:SW2:eth2:10+trunk_remove:SW1:eth3:20+trunk_remove:SW2:eth3:10,5618,5619,0.733145,-10.05,1,True,False,True,False,False,incorrect_declare_done,0.0498465932905674,1,0,0,0,0,0,0,0,3,1,1,0.293258,0,6.0,0,0,0,0,0
875,2908,access_vlan:SW2:eth1:20+access_vlan:SW2:eth2:10+trunk_remove:SW1:eth3:20+trunk_remove:SW2:eth3:10+trunk_remove:SW2:eth3:20,5619,5634,0.7324325,-14.149999999999999,15,True,False,True,False,False,incorrect_declare_done,0.04443948629001777,15,8,4,0,1,1,1,0,1,5,5,5.202293386363637,1,5.733333333333333,0,0,1,0,0
876,2909,access_vlan:SW2:eth2:10+trunk_remove:SW1:eth3:20,5634,5635,0.7323850000000001,-10.05,1,True,False,True,False,False,incorrect_declare_done,0.03134430572390556,1,0,0,0,0,0,0,0,3,0,0,0.36619250000000003,0,5.0,0,0,0,0,0
877,2910,access_vlan:SW1:eth1:20+access_vlan:SW2:eth1:20+access_vlan:SW2:eth2:10+trunk_remove:SW1:eth3:20+trunk_remove:SW2:eth3:20,5635,5638,0.7322425,-10.65,3,True,False,True,False,False,incorrect_declare_done,0.034311591337124504,3,1,0,0,0,0,0,0,3,3,3,0.6390894545454546,0,7.333333333333333,0,0,0,0,0
878,2911,access_vlan:SW2:eth2:10+trunk_remove:SW2:eth3:20,5638,5639,0.732195,-10.05,1,True,False,True,False,False,incorrect_declare_done,0.0279256422072649,1,0,0,0,0,0,0,0,3,0,0,0.3660975,0,5.0,0,0,0,0,0
879,2912,access_vlan:SW1:eth1:20+access_vlan:SW2:eth1:20+access_vlan:SW2:eth2:10+trunk_remove:SW1:eth3:10+trunk_remove:SW1:eth3:20+trunk_remove:SW2:eth3:10+trunk_remove:SW2:eth3:20,5639,5644,0.7319575,-11.100000000000001,5,True,False,True,False,False,incorrect_declare_done,0.030076233297586442,5,2,1,0,0,0,0,0,3,5,5,1.17127925,0,7.2,0,0,0,0,0
880,2913,access_vlan:SW2:eth1:20+trunk_remove:SW1:eth3:10+trunk_remove:SW1:eth3:20+trunk_remove:SW2:eth3:20,5644,5658,0.7312925,-13.2,14,True,False,True,False,False,incorrect_declare_done,0.0428524086517947,14,7,5,0,0,0,0,0,1,1,1,4.209883454545455,0,6.428571428571429,0,0,0,0,0
881,2914,access_vlan:SW1:eth1:20+access_vlan:SW2:eth2:10+trunk_remove:SW1:eth3:10+trunk_remove:SW1:eth3:20,5658,5672,0.7306275,-13.05,14,True,False,True,False,False,incorrect_declare_done,0.030469420232943127,14,6,6,0,0,0,0,0,2,2,2,3.721035,0,6.928571428571429,0,0,0,0,0
882,2915,access_vlan:SW1:eth1:20+access_vlan:SW2:eth1:20+access_vlan:SW2:eth2:10+trunk_remove:SW1:eth3:20+trunk_remove:SW2:eth3:20,5672,5674,0.7305325,-10.350000000000001,2,True,False,True,False,False,incorrect_declare_done,0.024020349606871605,2,1,0,0,0,0,0,0,3,2,2,0.4848221818181819,0,7.0,0,0,0,0,0
883,2916,access_vlan:SW1:eth2:10+access_vlan:SW2:eth1:20+access_vlan:SW2:eth2:10+trunk_remove:SW1:eth3:10+trunk_remove:SW2:eth3:10,5674,5681,0.7302,8.299999999999999,7,True,False,True,False,True,recovery_success,0.036365355498024395,7,5,1,0,0,0,0,0,0,7,7,2.9411757272727277,0,4.571428571428571,0,0,0,0,0
884,2917,access_vlan:SW1:eth2:10+access_vlan:SW2:eth2:10+trunk_remove:SW2:eth3:10,5681,5690,0.7297725,7.999999999999999,9,True,False,True,False,True,recovery_success,0.03538404777646065,9,5,3,0,0,0,0,0,0,2,2,3.3244547954545456,0,5.333333333333333,0,0,0,0,0
885,2918,access_vlan:SW1:eth1:20+access_vlan:SW1:eth2:10+access_vlan:SW2:eth1:20+access_vlan:SW2:eth2:10+trunk_remove:SW1:eth3:10+trunk_remove:SW2:eth3:10+trunk_remove:SW2:eth3:20,5690,5692,0.7296775,-10.350000000000001,2,True,False,True,False,False,incorrect_declare_done,0.026484261266887188,2,1,0,0,0,0,0,0,2,2,2,0.5572272727272727,0,6.5,0,0,0,0,0
886,2919,access_vlan:SW2:eth1:20+access_vlan:SW2:eth2:10+trunk_remove:SW2:eth3:10,5692,5697,0.7294400000000001,-11.75,5,True,False,True,False,False,incorrect_declare_done,0.03896929919719696,5,4,0,0,1,1,1,0,1,4,4,1.4656511818181819,1,6.4,0,0,1,0,0
887,2920,access_vlan:SW1:eth1:20+access_vlan:SW1:eth2:10+access_vlan:SW2:eth1:20+access_vlan:SW2:eth2:10+trunk_remove:SW1:eth3:20+trunk_remove:SW2:eth3:20,5697,5698,0.7293925,-10.05,1,True,False,True,False,False,incorrect_declare_done,0.020518124103546143,1,0,0,0,0,0,0,0,1,1,1,0.4376355,0,4.0,0,0,0,0,0
888,2921,access_vlan:SW1:eth1:20+access_vlan:SW2:eth2:10+trunk_remove:SW1:eth3:20+trunk_remove:SW2:eth3:10,5698,5702,0.7292025,-10.950000000000001,4,True,False,True,False,False,incorrect_declare_done,0.03019772982224822,4,3,0,0,0,0,0,0,2,0,0,0.6629329545454545,0,8.25,0,0,0,0,0
889,2922,access_vlan:SW1:eth2:10+access_vlan:SW2:eth1:20+access_vlan:SW2:eth2:10+trunk_remove:SW1:eth3:20+trunk_remove:SW2:eth3:10+trunk_remove:SW2:eth3:20,5702,5704,0.7291075,-10.200000000000001,2,True,False,True,False,False,incorrect_declare_done,0.026482466608285904,2,0,1,0,0,0,0,0,3,2,2,0.583305,0,6.0,0,0,0,0,0
890,2923,access_vlan:SW1:eth1:20+access_vlan:SW1:eth2:10+trunk_remove:SW1:eth3:10+trunk_remove:SW1:eth3:20+trunk_remove:SW2:eth3:10+trunk_remove:SW2:eth3:20,5704,5728,0.7279675000000001,4.199999999999998,24,True,False,True,False,True,recovery_success,0.033684421718741454,24,10,11,0,1,1,1,0,0,7,7,9.867067500000001,1,4.75,0,0,1,0,0
891,2924,trunk_remove:SW1:eth3:10+trunk_remove:SW1:eth3:20+trunk_remove:SW2:eth3:10+trunk_remove:SW2:eth3:20,5728,5734,0.7276825,8.6,6,True,False,True,False,True,recovery_success,0.02588893162707488,6,4,1,0,0,0,0,0,0,2,2,2.143636409090909,0,5.5,0,0,0,0,0
892,2925,access_vlan:SW2:eth1:20+access_vlan:SW2:eth2:10+trunk_remove:SW1:eth3:10+trunk_remove:SW1:eth3:20+trunk_remove:SW2:eth3:10+trunk_remove:SW2:eth3:20,5734,5742,0.7273025,-12.350000000000001,8,True,False,True,False,False,incorrect_declare_done,0.023723860969766974,8,5,2,0,1,1,1,0,1,7,7,2.6451984090909093,1,5.875,0,0,1,0,0
893,2926,access_vlan:SW1:eth1:20+access_vlan:SW1:eth2:10+trunk_remove:SW1:eth3:10+trunk_remove:SW1:eth3:20+trunk_remove:SW2:eth3:10+trunk_remove:SW2:eth3:20,5742,5745,0.72716,-10.5,3,True,False,True,False,False,incorrect_declare_done,0.02232319364945094,3,1,1,0,0,0,0,0,2,0,0,0.06610545454545455,0,10.0,0,0,1,-1,0
894,2927,access_vlan:SW1:eth2:10,5745,5750,0.7269225,9.2,5,True,False,True,False,True,recovery_success,0.02532365508377552,5,1,3,0,0,0,0,0,0,3,3,2.5114696590909094,0,3.2,0,0,0,0,0
895,2928,access_vlan:SW1:eth1:20+access_vlan:SW1:eth2:10+access_vlan:SW2:eth1:20+trunk_remove:SW1:eth3:10+trunk_remove:SW1:eth3:20+trunk_remove:SW2:eth3:10+trunk_remove:SW2:eth3:20,5750,5753,0.72678,-10.5,3,True,False,True,False,False,incorrect_declare_done,0.035966504365205765,3,1,1,0,0,0,0,0,3,3,3,0.6145009090909092,0,7.666666666666667,0,0,0,0,0
896,2929,access_vlan:SW1:eth1:20+access_vlan:SW2:eth1:20+access_vlan:SW2:eth2:10+trunk_remove:SW1:eth3:20+trunk_remove:SW2:eth3:10,5753,5758,0.7265425000000001,8.899999999999999,5,True,False,True,False,True,recovery_success,0.03154033422470093,5,3,1,0,0,0,0,0,0,5,5,1.9024181363636363,0,5.0,0,0,0,0,0
897,2930,access_vlan:SW2:eth1:20+access_vlan:SW2:eth2:10+trunk_remove:SW1:eth3:10+trunk_remove:SW2:eth3:10,5758,5765,0.72621,-12.05,7,True,False,True,False,False,incorrect_declare_done,0.05136675174747195,7,3,2,0,1,1,1,0,3,6,6,2.0469372727272725,1,6.428571428571429,0,0,1,0,0
898,2931,access_vlan:SW1:eth1:20+trunk_remove:SW1:eth3:10+trunk_remove:SW1:eth3:20+trunk_remove:SW2:eth3:20,5765,5775,0.725735,-12.3,10,True,False,True,False,False,incorrect_declare_done,0.023777553997933864,10,5,3,0,0,0,0,0,2,0,0,2.6596051136363634,0,6.9,0,0,0,0,0
899,2932,access_vlan:SW1:eth1:20+access_vlan:SW2:eth2:10+trunk_remove:SW1:eth3:10+trunk_remove:SW2:eth3:20,5775,5778,0.7255925000000001,-10.5,3,True,False,True,False,False,incorrect_declare_done,0.029179899642864864,3,1,1,0,0,0,0,0,4,1,1,0.1319259090909091,0,9.666666666666666,0,0,0,0,0
900,2933,access_vlan:SW1:eth2:10+access_vlan:SW2:eth1:20+access_vlan:SW2:eth2:10+trunk_remove:SW1:eth3:20+trunk_remove:SW2:eth3:20,5778,5779,0.725545,-10.05,1,True,False,True,False,False,incorrect_declare_done,0.013732541352510452,1,0,0,0,0,0,0,0,3,1,1,0.3627725,0,5.0,0,0,0,0,0
901,2934,access_vlan:SW1:eth2:10+access_vlan:SW2:eth2:10+trunk_remove:SW1:eth3:20,5779,5788,0.7251175000000001,-12.65,9,True,False,True,False,False,incorrect_declare_done,0.03926266502175066,9,6,2,0,1,1,1,0,3,4,4,2.6637806363636365,1,6.333333333333333,0,0,1,0,0
902,2935,access_vlan:SW1:eth1:20+access_vlan:SW2:eth1:20+access_vlan:SW2:eth2:10+trunk_remove:SW1:eth3:20+trunk_remove:SW2:eth3:20,5788,5795,0.724785,-11.700000000000001,7,True,False,True,False,False,incorrect_declare_done,0.027345456182956696,7,4,1,0,0,0,0,0,2,7,7,1.6409441818181818,0,7.142857142857143,0,0,0,0,0
903,2936,access_vlan:SW1:eth1:20+access_vlan:SW1:eth2:10+access_vlan:SW2:eth1:20+trunk_remove:SW2:eth3:20,5795,5810,0.7240725,-13.8,15,True,False,True,False,False,incorrect_declare_done,0.02592668483654658,15,10,3,0,0,0,0,0,3,15,15,3.8459915909090916,0,7.066666666666666,0,0,0,0,0
904,2937,access_vlan:SW2:eth2:10+trunk_remove:SW1:eth3:10+trunk_remove:SW2:eth3:20,5810,5816,0.7237875,-11.4,6,True,False,True,False,False,incorrect_declare_done,0.02143956410388152,6,4,1,0,0,0,0,0,2,2,2,1.6715718181818184,0,6.666666666666667,0,0,0,0,0
905,2938,access_vlan:SW1:eth1:20+access_vlan:SW2:eth1:20+access_vlan:SW2:eth2:10+trunk_remove:SW1:eth3:10+trunk_remove:SW1:eth3:20,5816,5826,0.7233125,7.549999999999999,10,True,False,True,False,True,recovery_success,0.02209418062120676,10,6,2,0,0,0,0,0,0,9,9,3.906878954545454,0,5.0,0,0,0,0,0
906,2939,access_vlan:SW2:eth2:10+trunk_remove:SW1:eth3:10+trunk_remove:SW2:eth3:10+trunk_remove:SW2:eth3:20,5826,5830,0.7231225,-10.8,4,True,False,True,False,False,incorrect_declare_done,0.025752629153430462,4,2,1,0,0,0,0,0,3,0,0,0.8283881590909091,0,7.5,0,0,0,0,0
907,2940,access_vlan:SW1:eth1:20+access_vlan:SW2:eth2:10+trunk_remove:SW1:eth3:10+trunk_remove:SW2:eth3:20,5830,5841,0.7226,6.949999999999999,11,True,False,True,False,True,recovery_success,0.022900826805694538,11,10,0,0,0,0,0,0,0,3,3,3.3509877272727273,0,6.2727272727272725,0,0,0,0,0
908,2941,access_vlan:SW1:eth1:20+access_vlan:SW2:eth2:10+trunk_remove:SW1:eth3:20+trunk_remove:SW2:eth3:10,5841,5851,0.722125,-12.15,10,True,False,True,False,False,incorrect_declare_done,0.03374614706262946,10,5,4,0,0,0,0,0,1,8,8,3.4145325,0,5.7,0,0,0,0,0
909,2942,access_vlan:SW1:eth1:20+access_vlan:SW1:eth2:10,5851,5865,0.72146,6.300000000000001,14,True,False,True,False,True,recovery_success,0.022465505371136323,14,7,5,0,1,1,1,0,0,4,4,4.527020227272727,1,5.928571428571429,0,0,1,0,0
910,2943,access_vlan:SW1:eth1:20+access_vlan:SW1:eth2:10+access_vlan:SW2:eth2:10+trunk_remove:SW1:eth3:20,5865,5873,0.7210799999999999,8.6,8,True,False,True,False,True,recovery_success,0.020042953547090292,8,2,5,0,0,0,0,0,0,4,4,3.8356442045454546,0,3.625,0,0,0,0,0
911,2944,trunk_remove:SW1:eth3:10+trunk_remove:SW1:eth3:20+trunk_remove:SW2:eth3:10+trunk_remove:SW2:eth3:20,5873,5876,0.7209375,-10.350000000000001,3,True,False,True,False,False,incorrect_declare_done,0.03087722820540269,3,0,2,0,0,0,0,0,2,0,0,0.8651819999999999,0,6.0,0,0,0,0,0
912,2945,access_vlan:SW1:eth1:20+access_vlan:SW1:eth2:10+access_vlan:SW2:eth2:10+trunk_remove:SW1:eth3:20+trunk_remove:SW2:eth3:20,5876,5885,0.72051,-12.3,9,True,False,True,False,False,incorrect_declare_done,0.024695208710100915,9,6,1,0,0,0,0,0,3,6,6,3.013849318181818,0,5.777777777777778,0,0,0,0,0
913,2946,access_vlan:SW1:eth2:10+access_vlan:SW2:eth2:10+trunk_remove:SW1:eth3:10+trunk_remove:SW1:eth3:20+trunk_remove:SW2:eth3:20,5885,5909,0.7193700000000001,4.249999999999999,24,True,False,True,False,True,recovery_success,0.03256310130624721,24,11,8,0,0,0,0,0,0,13,13,9.757164431818184,0,4.75,0,0,0,0,0
914,2947,access_vlan:SW1:eth1:20+trunk_remove:SW1:eth3:10+trunk_remove:SW1:eth3:20,5909,5911,0.7192750000000001,-10.350000000000001,2,True,False,True,False,False,incorrect_declare_done,0.08746453747153282,2,1,0,0,0,0,0,0,3,0,0,0.5492835454545455,0,6.5,0,0,0,0,0
915,2948,access_vlan:SW2:eth1:20+access_vlan:SW2:eth2:10+trunk_remove:SW2:eth3:10+trunk_remove:SW2:eth3:20,5911,5918,0.7189425,7.6499999999999995,7,True,False,True,False,True,recovery_success,0.03491874571357455,7,6,0,0,1,1,1,0,0,6,6,2.300958,1,5.857142857142857,0,0,1,0,0
916,2949,access_vlan:SW1:eth2:10+trunk_remove:SW1:eth3:20,5918,5922,0.7187525,9.2,4,True,False,True,False,True,recovery_success,0.032874411437660456,4,2,1,0,0,0,0,0,0,2,2,1.862375681818182,0,3.75,0,0,0,0,0
917,2950,access_vlan:SW2:eth1:20+access_vlan:SW2:eth2:10+trunk_remove:SW1:eth3:20+trunk_remove:SW2:eth3:20,5922,5931,0.7183250000000001,7.35,9,True,False,True,False,True,recovery_success,0.03345919524629911,9,6,2,0,1,1,1,0,0,3,3,2.939124772727273,1,5.888888888888889,0,0,1,0,0
918,2951,access_vlan:SW1:eth2:10+trunk_remove:SW1:eth3:10+trunk_remove:SW2:eth3:20,5931,5944,0.7177074999999999,7.1,13,True,False,True,False,True,recovery_success,0.030319771227928307,13,7,5,0,0,0,0,0,0,8,8,5.443409636363636,0,4.538461538461538,0,0,0,0,0
919,2952,access_vlan:SW1:eth2:10+access_vlan:SW2:eth1:20+access_vlan:SW2:eth2:10+trunk_remove:SW1:eth3:20+trunk_remove:SW2:eth3:20,5944,5952,0.7173275,8.45,8,True,False,True,False,True,recovery_success,0.02813092479482293,8,3,4,0,0,0,0,0,0,8,8,3.7504675000000005,0,3.75,0,0,0,0,0
920,2953,access_vlan:SW1:eth1:20+access_vlan:SW1:eth2:10+access_vlan:SW2:eth1:20+access_vlan:SW2:eth2:10+trunk_remove:SW2:eth3:10+trunk_remove:SW2:eth3:20,5952,5959,0.716995,8.45,7,True,False,True,False,True,recovery_success,0.044086448049971035,7,3,2,0,0,0,0,0,0,5,5,3.090155409090909,0,4.142857142857143,0,0,0,0,0
921,2954,access_vlan:SW2:eth1:20+access_vlan:SW2:eth2:10+trunk_remove:SW1:eth3:10+trunk_remove:SW1:eth3:20,5959,5970,0.7164725000000001,-13.1,11,True,False,True,False,False,incorrect_declare_done,0.03691250322894617,11,6,3,0,1,1,1,0,1,8,8,3.7397408636363636,1,5.636363636363637,0,0,1,0,0
922,2955,access_vlan:SW1:eth2:10+access_vlan:SW2:eth1:20+access_vlan:SW2:eth2:10+trunk_remove:SW1:eth3:10+trunk_remove:SW1:eth3:20+trunk_remove:SW2:eth3:10,5970,5981,0.7159500000000001,-12.600000000000001,11,True,False,True,False,False,incorrect_declare_done,0.06807747440920635,11,6,3,0,0,0,0,0,1,10,10,3.8607699999999996,0,5.545454545454546,0,0,0,0,0
923,2956,access_vlan:SW1:eth1:20+access_vlan:SW1:eth2:10+access_vlan:SW2:eth1:20+access_vlan:SW2:eth2:10+trunk_remove:SW1:eth3:10+trunk_remove:SW2:eth3:10+trunk_remove:SW2:eth3:20,5981,5983,0.715855,-10.350000000000001,2,True,False,True,False,False,incorrect_declare_done,0.05063244421035051,2,1,0,0,0,0,0,0,2,2,2,0.5466719090909091,0,6.5,0,0,0,0,0
924,2957,access_vlan:SW1:eth2:10+access_vlan:SW2:eth1:20+trunk_remove:SW1:eth3:10,5983,5989,0.71557,-11.55,6,True,False,True,False,False,incorrect_declare_done,0.026410096945861977,6,4,0,0,0,0,0,0,1,5,5,1.7045994545454548,0,6.5,0,0,0,0,0
925,2958,access_vlan:SW1:eth1:20+trunk_remove:SW2:eth3:10,5989,5995,0.715285,8.899999999999999,6,True,False,True,False,True,recovery_success,0.02795893605798483,6,2,3,0,0,0,0,0,0,3,3,2.894082613636364,0,3.5,0,0,0,0,0
926,2959,access_vlan:SW1:eth2:10+access_vlan:SW2:eth1:20+access_vlan:SW2:eth2:10+trunk_remove:SW2:eth3:10+trunk_remove:SW2:eth3:20,5995,6000,0.7150475000000001,-11.100000000000001,5,True,False,True,False,False,incorrect_declare_done,0.024468240886926652,5,3,1,0,0,0,0,0,1,5,5,1.586285,0,6.0,0,0,0,0,0
927,2960,access_vlan:SW1:eth1:20+access_vlan:SW2:eth1:20+trunk_remove:SW1:eth3:20+trunk_remove:SW2:eth3:10,6000,6008,0.7146675,7.999999999999999,8,True,False,True,False,True,recovery_success,0.03335527237504721,8,6,1,0,0,0,0,0,0,3,3,2.410761590909091,0,6.25,0,0,0,0,0
928,2961,access_vlan:SW1:eth1:20+access_vlan:SW2:eth1:20+access_vlan:SW2:eth2:10+trunk_remove:SW1:eth3:10+trunk_remove:SW1:eth3:20+trunk_remove:SW2:eth3:10,6008,6019,0.714145,7.25,11,True,False,True,False,True,recovery_success,0.04664766331287948,11,6,2,0,0,0,0,0,0,11,11,3.3379677727272723,0,6.2727272727272725,0,0,0,0,0
929,2962,access_vlan:SW1:eth2:10+access_vlan:SW2:eth1:20+trunk_remove:SW1:eth3:10+trunk_remove:SW2:eth3:20,6019,6023,0.713955,-10.8,4,True,False,True,False,False,incorrect_declare_done,0.04614247940480709,4,2,1,0,0,0,0,0,3,1,1,0.8438297727272728,0,7.5,0,0,0,0,0
930,2963,trunk_remove:SW2:eth3:20,6023,6026,0.7138125,-10.5,3,True,False,True,False,False,incorrect_declare_done,0.04515865941842397,3,1,1,0,0,0,0,0,1,1,1,1.2460127727272727,0,4.333333333333333,0,0,0,0,0
931,2964,access_vlan:SW1:eth1:20+access_vlan:SW1:eth2:10+trunk_remove:SW1:eth3:10+trunk_remove:SW2:eth3:20,6026,6034,0.7134325,-12.5,8,True,False,True,False,False,incorrect_declare_done,0.031033156672492623,8,4,1,0,1,1,1,0,2,3,3,2.101808772727273,1,6.75,0,0,1,0,0
932,2965,access_vlan:SW1:eth1:20+access_vlan:SW1:eth2:10+access_vlan:SW2:eth1:20+access_vlan:SW2:eth2:10+trunk_remove:SW1:eth3:10,6034,6042,0.7130525000000001,8.75,8,True,False,True,False,True,recovery_success,0.021734837675467134,8,1,6,0,0,0,0,0,0,8,8,4.512693272727272,0,2.25,0,0,0,0,0
933,2966,access_vlan:SW1:eth2:10+access_vlan:SW2:eth1:20+access_vlan:SW2:eth2:10+trunk_remove:SW2:eth3:10,6042,6048,0.7127675,-11.100000000000001,6,True,False,True,False,False,incorrect_declare_done,0.02343878864000241,6,2,3,0,0,0,0,0,1,6,6,2.488603818181818,0,4.5,0,0,0,0,0
934,2967,access_vlan:SW1:eth2:10+access_vlan:SW2:eth1:20+access_vlan:SW2:eth2:10+trunk_remove:SW1:eth3:10+trunk_remove:SW1:eth3:20+trunk_remove:SW2:eth3:20,6048,6051,0.7126250000000001,-10.65,3,True,False,True,False,False,incorrect_declare_done,0.03294952648381392,3,2,0,0,0,0,0,0,3,3,3,0.8033780000000001,0,6.666666666666667,0,0,0,0,0
935,2968,access_vlan:SW1:eth2:10+access_vlan:SW2:eth2:10+trunk_remove:SW1:eth3:10+trunk_remove:SW1:eth3:20+trunk_remove:SW2:eth3:10,6051,6055,0.7124349999999999,-10.950000000000001,4,True,False,True,False,False,incorrect_declare_done,0.023069139569997787,4,3,0,0,0,0,0,0,2,1,1,0.8420204545454546,0,7.5,0,0,0,0,0
936,2969,access_vlan:SW2:eth1:20+access_vlan:SW2:eth2:10+trunk_remove:SW2:eth3:10,6055,6056,0.7123875,-10.05,1,True,False,True,False,False,incorrect_declare_done,0.019557032734155655,1,0,0,0,0,0,0,0,3,0,0,0.07123874999999999,0,9.0,0,0,1,-1,0
937,2970,access_vlan:SW2:eth2:10+trunk_remove:SW1:eth3:10+trunk_remove:SW2:eth3:20,6056,6066,0.7119125,7.549999999999999,10,True,False,True,False,True,recovery_success,0.03366126697510481,10,7,2,0,0,0,0,0,0,4,4,3.5863380454545455,0,5.4,0,0,0,0,0
938,2971,access_vlan:SW1:eth2:10+trunk_remove:SW1:eth3:10+trunk_remove:SW2:eth3:10+trunk_remove:SW2:eth3:20,6066,6085,0.7110099999999999,5.1499999999999995,19,True,False,True,False,True,recovery_success,0.022660613501150357,19,12,4,0,0,0,0,0,0,2,2,5.969066318181818,0,6.105263157894737,0,0,0,0,0
939,2972,access_vlan:SW1:eth2:10+access_vlan:SW2:eth1:20+access_vlan:SW2:eth2:10,6085,6087,0.710915,9.649999999999999,2,True,False,True,False,True,recovery_success,0.03658241592347622,2,1,0,0,0,0,0,0,0,1,1,0.9371389772727272,0,3.5,0,0,0,0,0
940,2973,access_vlan:SW2:eth1:20+access_vlan:SW2:eth2:10+trunk_remove:SW1:eth3:10+trunk_remove:SW2:eth3:10+trunk_remove:SW2:eth3:20,6087,6093,0.7106300000000001,-11.9,6,True,False,True,False,False,incorrect_declare_done,0.02920178199807803,6,4,1,0,1,1,1,0,2,0,0,1.4925497045454548,1,7.0,0,0,1,0,0
941,2974,access_vlan:SW1:eth2:10+access_vlan:SW2:eth2:10+trunk_remove:SW1:eth3:10,6093,6099,0.710345,-11.4,6,True,False,True,False,False,incorrect_declare_done,0.024766767552743357,6,3,1,0,0,0,0,0,3,0,0,1.240029931818182,0,7.5,0,0,0,0,0
942,2975,access_vlan:SW2:eth1:20+trunk_remove:SW2:eth3:10,6099,6105,0.7100599999999999,8.899999999999999,6,True,False,True,False,True,recovery_success,0.0462188133969903,6,2,3,0,0,0,0,0,0,5,5,3.0020555681818184,0,3.1666666666666665,0,0,0,0,0
943,2976,access_vlan:SW1:eth1:20+access_vlan:SW2:eth1:20+access_vlan:SW2:eth2:10+trunk_remove:SW1:eth3:20,6105,6116,0.7095374999999999,-12.450000000000001,11,True,False,True,False,False,incorrect_declare_done,0.02832847952165387,11,6,4,0,0,0,0,0,3,10,10,2.9165507272727274,0,6.7272727272727275,0,0,0,0,0
944,2977,access_vlan:SW2:eth1:20+trunk_remove:SW1:eth3:10,6116,6117,0.70949,-10.05,1,True,False,True,False,False,incorrect_declare_done,0.021778898313641548,1,0,0,0,0,0,0,0,3,1,1,0.354745,0,5.0,0,0,0,0,0
945,2978,access_vlan:SW1:eth1:20+access_vlan:SW1:eth2:10+trunk_remove:SW2:eth3:10+trunk_remove:SW2:eth3:20,6117,6124,0.7091575000000001,-12.350000000000001,7,True,False,True,False,False,incorrect_declare_done,0.015300468275589603,7,6,0,0,1,1,1,0,2,0,0,1.237980090909091,1,8.142857142857142,0,0,1,0,0
946,2979,access_vlan:SW1:eth1:20+access_vlan:SW1:eth2:10+trunk_remove:SW1:eth3:20+trunk_remove:SW2:eth3:10+trunk_remove:SW2:eth3:20,6124,6130,0.7088725,-11.9,6,True,False,True,False,False,incorrect_declare_done,0.018130477362622816,6,3,1,0,1,1,1,0,3,0,0,0.6509278181818182,1,9.166666666666666,0,0,1,0,0
947,2980,access_vlan:SW1:eth1:20+access_vlan:SW2:eth2:10+trunk_remove:SW1:eth3:10+trunk_remove:SW2:eth3:10+trunk_remove:SW2:eth3:20,6130,6136,0.7085874999999999,-11.25,6,True,False,True,False,False,incorrect_declare_done,0.0374756803115209,6,3,2,0,0,0,0,0,2,0,0,0.5797706818181818,0,9.0,0,0,0,0,0
948,2981,access_vlan:SW1:eth1:20+trunk_remove:SW1:eth3:10+trunk_remove:SW1:eth3:20+trunk_remove:SW2:eth3:20,6136,6144,0.7082075000000001,-12.15,8,True,False,True,False,False,incorrect_declare_done,0.02747806627303362,8,7,0,0,0,0,0,0,2,0,0,2.0800431363636362,0,6.875,0,0,0,0,0
949,2982,access_vlan:SW1:eth1:20+access_vlan:SW2:eth1:20+access_vlan:SW2:eth2:10+trunk_remove:SW2:eth3:10+trunk_remove:SW2:eth3:20,6144,6149,0.70797,-11.25,5,True,False,True,False,False,incorrect_declare_done,0.017202831991016864,5,3,0,0,0,0,0,0,3,5,5,1.184403090909091,0,7.2,0,0,0,0,0
950,2983,access_vlan:SW1:eth2:10+trunk_remove:SW1:eth3:10+trunk_remove:SW1:eth3:20+trunk_remove:SW2:eth3:20,6149,6152,0.7078275,-10.65,3,True,False,True,False,False,incorrect_declare_done,0.022300741945703823,3,2,0,0,0,0,0,0,2,0,0,0.8623221818181819,0,6.333333333333333,0,0,0,0,0
951,2984,access_vlan:SW1:eth1:20+access_vlan:SW1:eth2:10+access_vlan:SW2:eth2:10+trunk_remove:SW1:eth3:10+trunk_remove:SW2:eth3:20,6152,6153,0.7077800000000001,-10.05,1,True,False,True,False,False,incorrect_declare_done,0.020092317834496498,1,0,0,0,0,0,0,0,3,1,1,0.28311200000000003,0,6.0,0,0,0,0,0
952,2985,access_vlan:SW1:eth1:20+trunk_remove:SW1:eth3:10+trunk_remove:SW2:eth3:10+trunk_remove:SW2:eth3:20,6153,6162,0.7073525,-11.850000000000001,9,True,False,True,False,False,incorrect_declare_done,0.01912100271632274,9,4,4,0,0,0,0,0,1,3,3,3.267494272727273,0,5.222222222222222,0,0,0,0,0
953,2986,access_vlan:SW1:eth1:20+access_vlan:SW1:eth2:10+trunk_remove:SW1:eth3:10+trunk_remove:SW2:eth3:20,6162,6169,0.70702,-11.9,7,True,False,True,False,False,incorrect_declare_done,0.01640903909823724,7,3,3,0,1,1,1,0,1,2,2,2.0185411363636363,1,6.285714285714286,0,0,1,0,0
954,2987,access_vlan:SW1:eth2:10+trunk_remove:SW1:eth3:20+trunk_remove:SW2:eth3:10,6169,6183,0.7063550000000001,-13.350000000000001,14,True,False,True,False,False,incorrect_declare_done,0.018629790882446935,14,6,4,0,0,0,0,0,1,2,2,4.445361363636364,0,5.928571428571429,0,0,0,0,0
955,2988,access_vlan:SW1:eth2:10+trunk_remove:SW1:eth3:10+trunk_remove:SW2:eth3:10+trunk_remove:SW2:eth3:20,6183,6188,0.7061175,8.75,5,True,False,True,False,True,recovery_success,0.016346655786037445,5,4,0,0,0,0,0,0,0,2,2,1.816829977272727,0,5.2,0,0,0,0,0
956,2989,access_vlan:SW1:eth2:10+access_vlan:SW2:eth2:10+trunk_remove:SW1:eth3:20+trunk_remove:SW2:eth3:10+trunk_remove:SW2:eth3:20,6188,6196,0.7057374999999999,-12.15,8,True,False,True,False,False,incorrect_declare_done,0.018141442211344838,8,7,0,0,0,0,0,0,2,0,0,1.6106526818181819,0,7.75,0,0,0,0,0
957,2990,access_vlan:SW1:eth1:20+trunk_remove:SW1:eth3:20,6196,6198,0.7056425,-10.350000000000001,2,True,False,True,False,False,incorrect_declare_done,0.013901193626224995,2,1,0,0,0,0,0,0,3,0,0,0.5388732727272727,0,6.5,0,0,0,0,0
958,2991,access_vlan:SW1:eth1:20+access_vlan:SW2:eth1:20+access_vlan:SW2:eth2:10+trunk_remove:SW1:eth3:20,6198,6199,0.705595,-10.05,1,True,False,True,False,False,incorrect_declare_done,0.011946374550461769,1,0,0,0,0,0,0,0,3,1,1,0.282238,0,6.0,0,0,0,0,0
959,2992,access_vlan:SW1:eth1:20+access_vlan:SW1:eth2:10+access_vlan:SW2:eth1:20+access_vlan:SW2:eth2:10,6199,6201,0.7055,9.799999999999999,2,True,False,True,False,True,recovery_success,0.01785530149936676,2,0,1,0,0,0,0,0,0,2,2,1.128838,0,2.0,0,0,0,0,0
960,2993,access_vlan:SW1:eth2:10+access_vlan:SW2:eth2:10+trunk_remove:SW2:eth3:10+trunk_remove:SW2:eth3:20,6201,6217,0.7047399999999999,-14.1,16,True,False,True,False,False,incorrect_declare_done,0.0167438211501576,16,9,3,0,0,0,0,0,2,0,0,4.236921613636364,0,6.8125,0,0,0,0,0
961,2994,access_vlan:SW1:eth2:10+trunk_remove:SW1:eth3:10+trunk_remove:SW1:eth3:20+trunk_remove:SW2:eth3:10+trunk_remove:SW2:eth3:20,6217,6225,0.7043600000000001,-12.0,8,True,False,True,False,False,incorrect_declare_done,0.01695003465283662,8,6,1,0,0,0,0,0,2,0,0,2.0687282045454545,0,6.875,0,0,0,0,0
962,2995,access_vlan:SW1:eth2:10+access_vlan:SW2:eth2:10+trunk_remove:SW1:eth3:20+trunk_remove:SW2:eth3:10+trunk_remove:SW2:eth3:20,6225,6228,0.7042174999999999,-10.5,3,True,False,True,False,False,incorrect_declare_done,0.01324063011755546,3,1,1,0,0,0,0,0,3,1,1,0.710650568181818,0,7.0,0,0,0,0,0
963,2996,access_vlan:SW1:eth1:20+access_vlan:SW1:eth2:10+access_vlan:SW2:eth1:20+access_vlan:SW2:eth2:10+trunk_remove:SW2:eth3:10+trunk_remove:SW2:eth3:20,6228,6235,0.7038850000000001,8.45,7,True,False,True,False,True,recovery_success,0.01660926773079804,7,3,2,0,0,0,0,0,0,7,7,3.0336632272727275,0,4.142857142857143,0,0,0,0,0
964,2997,access_vlan:SW1:eth1:20+access_vlan:SW2:eth1:20+access_vlan:SW2:eth2:10+trunk_remove:SW1:eth3:20+trunk_remove:SW2:eth3:10,6235,6249,0.70322,-13.2,14,True,False,True,False,False,incorrect_declare_done,0.016594585962593555,14,7,5,0,0,0,0,0,1,10,10,4.9500125,0,5.428571428571429,0,0,0,0,0
965,2998,access_vlan:SW1:eth2:10+trunk_remove:SW1:eth3:10+trunk_remove:SW1:eth3:20+trunk_remove:SW2:eth3:20,6249,6252,0.7030775,-10.5,3,True,False,True,False,False,incorrect_declare_done,0.014608564165731272,3,1,1,0,0,0,0,0,2,1,1,0.9204519545454546,0,6.0,0,0,0,0,0
966,2999,access_vlan:SW1:eth2:10+access_vlan:SW2:eth1:20,6252,6269,0.70227,5.45,17,True,False,True,False,True,recovery_success,0.02171295415610075,17,13,2,0,0,0,0,0,0,4,4,3.691778181818182,0,7.529411764705882,0,0,0,0,0
967,3000,access_vlan:SW2:eth1:20+access_vlan:SW2:eth2:10+trunk_remove:SW1:eth3:10+trunk_remove:SW2:eth3:10,6269,6270,0.7022225,-10.05,1,True,False,True,False,False,incorrect_declare_done,0.014214781112968922,1,0,0,0,0,0,0,0,3,0,0,0.0,0,10.0,0,0,1,-1,0
968,3001,access_vlan:SW1:eth2:10+access_vlan:SW2:eth2:10+trunk_remove:SW1:eth3:10+trunk_remove:SW1:eth3:20+trunk_remove:SW2:eth3:10+trunk_remove:SW2:eth3:20,6270,6279,0.701795,-12.0,9,True,False,True,False,False,incorrect_declare_done,0.021898468335469563,9,4,3,0,0,0,0,0,2,2,2,2.3611402272727275,0,6.777777777777778,0,0,0,0,0
969,3002,access_vlan:SW1:eth1:20+access_vlan:SW2:eth1:20+access_vlan:SW2:eth2:10+trunk_remove:SW1:eth3:10+trunk_remove:SW1:eth3:20+trunk_remove:SW2:eth3:10+trunk_remove:SW2:eth3:20,6279,6301,0.70075,-15.3,22,True,False,True,False,False,incorrect_declare_done,0.016756234859878368,22,14,7,0,0,0,0,0,2,22,22,5.1188703863636364,0,7.318181818181818,0,0,0,0,0
970,3003,access_vlan:SW1:eth2:10+access_vlan:SW2:eth1:20+access_vlan:SW2:eth2:10+trunk_remove:SW1:eth3:10+trunk_remove:SW1:eth3:20+trunk_remove:SW2:eth3:10,6301,6306,0.7005125000000001,-11.100000000000001,5,True,False,True,False,False,incorrect_declare_done,0.042982856184244154,5,3,1,0,0,0,0,0,1,4,4,1.6750439318181818,0,5.6,0,0,0,0,0
971,3004,access_vlan:SW1:eth2:10,6306,6309,0.7003699999999999,-10.5,3,True,False,True,False,False,incorrect_declare_done,0.022256998345255852,3,1,1,0,0,0,0,0,3,0,0,0.9869540909090908,0,5.666666666666667,0,0,0,0,0
972,3005,access_vlan:SW1:eth1:20+trunk_remove:SW1:eth3:10+trunk_remove:SW1:eth3:20+trunk_remove:SW2:eth3:20,6309,6321,0.6998,-13.2,12,True,False,True,False,False,incorrect_declare_done,0.03934109443798661,12,10,1,0,0,0,0,0,1,2,2,3.5192699318181817,0,6.333333333333333,0,0,0,0,0
973,3006,access_vlan:SW1:eth2:10+trunk_remove:SW1:eth3:20+trunk_remove:SW2:eth3:10,6321,6328,0.6994675,-11.850000000000001,7,True,False,True,False,False,incorrect_declare_done,0.04468996051166739,7,5,0,0,0,0,0,0,2,0,0,1.9334814545454546,0,6.571428571428571,0,0,0,0,0
974,3007,access_vlan:SW2:eth1:20+access_vlan:SW2:eth2:10+trunk_remove:SW1:eth3:20,6328,6331,0.699325,-11.15,3,True,False,True,False,False,incorrect_declare_done,0.052931333581606545,3,2,0,0,1,1,1,0,3,0,0,0.451392,1,8.333333333333334,0,0,1,0,0
975,3008,access_vlan:SW1:eth2:10+trunk_remove:SW1:eth3:20,6331,6339,0.6989449999999999,-11.850000000000001,8,True,False,True,False,False,incorrect_declare_done,0.02111864381004125,8,4,2,0,0,0,0,0,1,3,3,3.0824482954545456,0,4.875,0,0,0,0,0
976,3009,access_vlan:SW1:eth1:20+access_vlan:SW2:eth2:10+trunk_remove:SW1:eth3:10,6339,6341,0.69885,-10.200000000000001,2,True,False,True,False,False,incorrect_declare_done,0.07090099155902863,2,0,1,0,0,0,0,0,4,0,0,0.2795495,0,8.0,0,0,0,0,0
977,3010,access_vlan:SW1:eth1:20+access_vlan:SW2:eth1:20+trunk_remove:SW2:eth3:10,6341,6345,0.6986600000000001,-11.3,4,True,False,True,False,False,incorrect_declare_done,0.01723703765310347,4,2,1,0,1,1,1,0,1,1,1,1.3466145909090907,1,5.5,0,0,1,0,0
978,3011,access_vlan:SW1:eth1:20+access_vlan:SW2:eth1:20+access_vlan:SW2:eth2:10+trunk_remove:SW1:eth3:20+trunk_remove:SW2:eth3:10+trunk_remove:SW2:eth3:20,6345,6350,0.6984225,-10.950000000000001,5,True,False,True,False,False,incorrect_declare_done,0.02362584639340639,5,2,2,0,0,0,0,0,3,5,5,1.16206875,0,7.2,0,0,0,0,0
979,3012,access_vlan:SW1:eth1:20+access_vlan:SW1:eth2:10+access_vlan:SW2:eth1:20+access_vlan:SW2:eth2:10+trunk_remove:SW1:eth3:20+trunk_remove:SW2:eth3:10,6350,6354,0.6982325,9.2,4,True,False,True,False,True,recovery_success,0.024248494300991297,4,2,1,0,0,0,0,0,0,4,4,1.8663413636363637,0,3.5,0,0,0,0,0
980,3013,access_vlan:SW2:eth1:20+access_vlan:SW2:eth2:10+trunk_remove:SW1:eth3:10+trunk_remove:SW2:eth3:20,6354,6363,0.697805,-12.5,9,True,False,True,False,False,incorrect_declare_done,0.04127107591678699,9,5,3,0,1,1,1,0,1,8,8,2.3603315454545455,1,6.777777777777778,0,0,1,0,0
981,3014,access_vlan:SW1:eth1:20+trunk_remove:SW1:eth3:20+trunk_remove:SW2:eth3:20,6363,6382,0.6969025,5.9,19,True,False,True,False,True,recovery_success,0.032066904890694116,19,9,9,0,0,0,0,0,0,6,6,6.547775431818182,0,5.526315789473684,0,0,0,0,0
982,3015,access_vlan:SW1:eth1:20+access_vlan:SW1:eth2:10+trunk_remove:SW2:eth3:20,6382,6398,0.6961425,-14.75,16,True,False,True,False,False,incorrect_declare_done,0.026700427755713463,16,12,2,0,1,1,1,0,1,2,2,4.56496390909091,1,6.4375,0,0,1,0,0
983,3016,access_vlan:SW1:eth2:10+access_vlan:SW2:eth1:20,6398,6403,0.695905,-11.100000000000001,5,True,False,True,False,False,incorrect_declare_done,0.027278205379843712,5,3,1,0,0,0,0,0,3,0,0,0.7213125454545455,0,8.6,0,0,0,0,0
984,3017,access_vlan:SW2:eth1:20+access_vlan:SW2:eth2:10+trunk_remove:SW1:eth3:20,6403,6408,0.6956675,-11.450000000000001,5,True,False,True,False,False,incorrect_declare_done,0.019607852399349212,5,2,2,0,1,1,1,0,3,3,3,1.524318704545455,1,6.0,0,0,1,0,0
985,3018,access_vlan:SW2:eth2:10+trunk_remove:SW1:eth3:10,6408,6414,0.6953825,8.899999999999999,6,True,False,True,False,True,recovery_success,0.019431407718608778,6,2,3,0,0,0,0,0,0,2,2,2.4152010909090906,0,4.333333333333333,0,0,0,0,0
986,3019,access_vlan:SW1:eth2:10+access_vlan:SW2:eth1:20+access_vlan:SW2:eth2:10+trunk_remove:SW1:eth3:10+trunk_remove:SW1:eth3:20+trunk_remove:SW2:eth3:10,6414,6425,0.69486,-13.05,11,True,False,True,False,False,incorrect_declare_done,0.021386137994175606,11,7,0,0,0,0,0,0,2,11,11,2.799349363636364,0,6.909090909090909,0,0,0,0,0
987,3020,trunk_remove:SW2:eth3:10,6425,6431,0.6945749999999999,9.049999999999999,6,True,False,True,False,True,recovery_success,0.021591829756895702,6,1,4,0,0,0,0,0,0,3,3,2.9555594999999997,0,3.0,0,0,0,0,0
988,3021,access_vlan:SW1:eth1:20+access_vlan:SW2:eth1:20+access_vlan:SW2:eth2:10+trunk_remove:SW1:eth3:10+trunk_remove:SW1:eth3:20+trunk_remove:SW2:eth3:10,6431,6440,0.6941475,-12.3,9,True,False,True,False,False,incorrect_declare_done,0.029873839993443754,9,6,1,0,0,0,0,0,1,9,9,2.5500112272727273,0,6.444444444444445,0,0,0,0,0
989,3022,access_vlan:SW1:eth1:20+access_vlan:SW1:eth2:10+access_vlan:SW2:eth1:20+trunk_remove:SW2:eth3:10+trunk_remove:SW2:eth3:20,6440,6456,0.6933875,-13.8,16,True,False,True,False,False,incorrect_declare_done,0.0334388124756515,16,9,5,0,0,0,0,0,1,16,16,4.313686590909091,0,6.6875,0,0,0,0,0
990,3023,access_vlan:SW1:eth1:20+access_vlan:SW1:eth2:10+access_vlan:SW2:eth2:10+trunk_remove:SW1:eth3:10+trunk_remove:SW1:eth3:20+trunk_remove:SW2:eth3:10,6456,6462,0.6931025,-11.25,6,True,False,True,False,False,incorrect_declare_done,0.02296282195796569,6,3,2,0,0,0,0,0,3,6,6,1.4683610909090912,0,7.0,0,0,0,0,0
991,3024,access_vlan:SW2:eth2:10+trunk_remove:SW1:eth3:10+trunk_remove:SW2:eth3:20,6462,6478,0.6923425,-14.1,16,True,False,True,False,False,incorrect_declare_done,0.02270399680128321,16,10,3,0,0,0,0,0,1,6,6,5.339849636363636,0,5.625,0,0,0,0,0
992,3025,access_vlan:SW1:eth1:20+access_vlan:SW1:eth2:10+trunk_remove:SW1:eth3:20+trunk_remove:SW2:eth3:20,6478,6487,0.6919150000000001,-12.200000000000001,9,True,False,True,False,False,incorrect_declare_done,0.015217744848794408,9,3,5,0,1,1,1,0,2,0,0,2.202014090909091,1,7.0,0,0,1,0,0
993,3026,access_vlan:SW2:eth2:10+trunk_remove:SW1:eth3:10,6487,6490,0.6917725,-10.65,3,True,False,True,False,False,incorrect_declare_done,0.013283804369469484,3,2,0,0,0,0,0,0,3,0,0,0.7169788181818182,0,7.0,0,0,0,0,0
994,3027,access_vlan:SW2:eth1:20+access_vlan:SW2:eth2:10,6490,6498,0.6913925,8.1,8,True,False,True,False,True,recovery_success,0.015114295994862914,8,2,5,0,1,1,1,0,0,5,5,3.3947304545454546,1,4.125,0,0,1,0,0
995,3028,access_vlan:SW1:eth2:10+trunk_remove:SW2:eth3:10+trunk_remove:SW2:eth3:20,6498,6501,0.69125,-10.5,3,True,False,True,False,False,incorrect_declare_done,0.015749819887181122,3,1,1,0,0,0,0,0,3,0,0,0.8044206363636364,0,6.333333333333333,0,0,0,0,0
996,3029,access_vlan:SW1:eth1:20+access_vlan:SW2:eth1:20+trunk_remove:SW1:eth3:10+trunk_remove:SW1:eth3:20+trunk_remove:SW2:eth3:10+trunk_remove:SW2:eth3:20,6501,6509,0.69087,-12.0,8,True,False,True,False,False,incorrect_declare_done,0.03294938895851374,8,6,1,0,0,0,0,0,2,0,0,1.4447838636363635,0,7.875,0,0,0,0,0
997,3030,access_vlan:SW1:eth1:20+trunk_remove:SW1:eth3:10+trunk_remove:SW1:eth3:20,6509,6517,0.69049,-11.850000000000001,8,True,False,True,False,False,incorrect_declare_done,0.04485328518785536,8,5,2,0,0,0,0,0,1,1,1,2.4737442272727272,0,6.0,0,0,0,0,0
998,3031,access_vlan:SW1:eth1:20+access_vlan:SW1:eth2:10,6517,6526,0.6900625,-12.8,9,True,False,True,False,False,incorrect_declare_done,0.03816386374334494,9,6,1,0,1,1,1,0,3,0,0,1.6313634090909095,1,7.888888888888889,0,0,1,0,0
999,3032,access_vlan:SW1:eth2:10+access_vlan:SW2:eth1:20+access_vlan:SW2:eth2:10+trunk_remove:SW1:eth3:20+trunk_remove:SW2:eth3:20,6526,6527,0.690015,-10.05,1,True,False,True,False,False,incorrect_declare_done,0.019833175465464592,1,0,0,0,0,0,0,0,3,1,1,0.3450075,0,5.0,0,0,0,0,0
1000,3033,access_vlan:SW1:eth1:20+access_vlan:SW2:eth2:10,6527,6532,0.6897774999999999,-11.100000000000001,5,True,False,True,False,False,incorrect_declare_done,0.03685651011765003,5,3,1,0,0,0,0,0,1,0,0,1.5929342727272728,0,5.8,0,0,0,0,0
1001,3034,access_vlan:SW1:eth1:20+access_vlan:SW2:eth1:20+access_vlan:SW2:eth2:10+trunk_remove:SW1:eth3:20,6532,6538,0.6894925000000001,-11.25,6,True,False,True,False,False,incorrect_declare_done,0.04598475433886051,6,2,2,0,0,0,0,0,3,6,6,1.3416224545454545,0,7.333333333333333,0,0,0,0,0
1002,3035,access_vlan:SW1:eth1:20+access_vlan:SW2:eth1:20+trunk_remove:SW2:eth3:10+trunk_remove:SW2:eth3:20,6538,6549,0.68897,-12.75,11,True,False,True,False,False,incorrect_declare_done,0.03449436243284832,11,6,2,0,0,0,0,0,1,2,2,3.326748590909091,0,6.090909090909091,0,0,0,0,0
1003,3036,access_vlan:SW1:eth2:10+access_vlan:SW2:eth1:20+access_vlan:SW2:eth2:10+trunk_remove:SW2:eth3:10,6549,6550,0.6889225,-10.05,1,True,False,True,False,False,incorrect_declare_done,0.048759523779153824,1,0,0,0,0,0,0,0,3,1,1,0.275569,0,6.0,0,0,0,0,0
1004,3037,access_vlan:SW2:eth2:10+trunk_remove:SW2:eth3:10,6550,6559,0.688495,8.149999999999999,9,True,False,True,False,True,recovery_success,0.03870639484375715,9,3,4,0,0,0,0,0,0,6,6,4.056788136363636,0,3.6666666666666665,0,0,0,0,0
1005,3038,access_vlan:SW1:eth2:10+trunk_remove:SW1:eth3:10+trunk_remove:SW2:eth3:10+trunk_remove:SW2:eth3:20,6559,6560,0.6884475,-10.05,1,True,False,True,False,False,incorrect_declare_done,0.025034671649336815,1,0,0,0,0,0,0,0,3,0,0,0.20653424999999997,0,7.0,0,0,0,0,0
1006,3039,access_vlan:SW1:eth1:20+access_vlan:SW2:eth1:20+access_vlan:SW2:eth2:10+trunk_remove:SW1:eth3:10+trunk_remove:SW1:eth3:20+trunk_remove:SW2:eth3:10+trunk_remove:SW2:eth3:20,6560,6569,0.68802,-12.0,9,True,False,True,False,False,incorrect_declare_done,0.03318137271950642,9,5,3,0,0,0,0,0,3,9,9,2.2085163636363636,0,7.0,0,0,0,0,0
1007,3040,access_vlan:SW1:eth2:10+trunk_remove:SW1:eth3:10+trunk_remove:SW2:eth3:10+trunk_remove:SW2:eth3:20,6569,6576,0.6876875,-11.4,7,True,False,True,False,False,incorrect_declare_done,0.031079618526356562,7,3,3,0,0,0,0,0,1,2,2,2.351061068181818,0,5.428571428571429,0,0,0,0,0
1008,3041,access_vlan:SW1:eth1:20+trunk_remove:SW1:eth3:10+trunk_remove:SW1:eth3:20,6576,6580,0.6874975,-10.8,4,True,False,True,False,False,incorrect_declare_done,0.03152369800955057,4,2,1,0,0,0,0,0,1,2,2,1.462625090909091,0,5.0,0,0,0,0,0
1009,3042,access_vlan:SW2:eth1:20+access_vlan:SW2:eth2:10+trunk_remove:SW1:eth3:20,6580,6589,0.6870700000000001,-12.350000000000001,9,True,False,True,False,False,incorrect_declare_done,0.03791508678760794,9,4,4,0,1,1,1,0,2,4,4,1.511789340909091,1,8.11111111111111,0,0,1,0,0
1010,3043,access_vlan:SW1:eth1:20+access_vlan:SW2:eth2:10+trunk_remove:SW1:eth3:10+trunk_remove:SW2:eth3:10+trunk_remove:SW2:eth3:20,6589,6590,0.6870225,-10.05,1,True,False,True,False,False,incorrect_declare_done,0.02636309340596199,1,0,0,0,0,0,0,0,4,0,0,0.0,0,10.0,0,0,0,0,0
1011,3044,access_vlan:SW1:eth1:20+access_vlan:SW1:eth2:10+access_vlan:SW2:eth2:10+trunk_remove:SW1:eth3:20+trunk_remove:SW2:eth3:10,6590,6592,0.6869275,-10.350000000000001,2,True,False,True,False,False,incorrect_declare_done,0.028007141314446926,2,1,0,0,0,0,0,0,3,2,2,0.5245818181818181,0,6.5,0,0,0,0,0
1012,3045,access_vlan:SW1:eth1:20+access_vlan:SW1:eth2:10+access_vlan:SW2:eth1:20+trunk_remove:SW1:eth3:20,6592,6601,0.6865,7.85,9,True,False,True,False,True,recovery_success,0.02325406711962488,9,4,2,0,0,0,0,0,0,9,9,3.2585171363636363,0,5.0,0,0,0,0,0
1013,3046,access_vlan:SW2:eth2:10+trunk_remove:SW2:eth3:10,6601,6611,0.686025,-12.3,10,True,False,True,False,False,incorrect_declare_done,0.01993872309103608,10,5,3,0,0,0,0,0,1,7,7,3.7680694090909093,0,4.9,0,0,0,0,0
1014,3047,access_vlan:SW1:eth1:20+access_vlan:SW1:eth2:10+access_vlan:SW2:eth2:10,6611,6612,0.6859775,-10.05,1,True,False,True,False,False,incorrect_declare_done,0.011189618147909641,1,0,0,0,0,0,0,0,3,0,0,0.34298875,0,5.0,0,0,0,0,0
1015,3048,access_vlan:SW1:eth1:20+trunk_remove:SW2:eth3:10,6612,6619,0.6856450000000001,8.75,7,True,False,True,False,True,recovery_success,0.023490354684846743,7,2,4,0,0,0,0,0,0,2,2,2.77424875,0,4.428571428571429,0,0,0,0,0
1016,3049,access_vlan:SW2:eth1:20+access_vlan:SW2:eth2:10+trunk_remove:SW1:eth3:20+trunk_remove:SW2:eth3:20,6619,6642,0.6845525,-16.1,23,True,False,True,False,False,incorrect_declare_done,0.0244067231922046,23,13,7,0,1,1,1,0,1,16,16,4.7946397727272725,1,7.608695652173913,0,0,1,0,0
1017,3050,access_vlan:SW1:eth1:20+access_vlan:SW1:eth2:10+trunk_remove:SW1:eth3:20,6642,6654,0.6839824999999999,-13.7,12,True,False,True,False,False,incorrect_declare_done,0.024616944215570886,12,9,1,0,1,1,1,0,2,10,10,2.9297470909090912,1,7.0,0,0,1,0,0
1018,3051,access_vlan:SW1:eth1:20+access_vlan:SW1:eth2:10+access_vlan:SW2:eth1:20+trunk_remove:SW1:eth3:10+trunk_remove:SW1:eth3:20+trunk_remove:SW2:eth3:20,6654,6662,0.6836025,-11.55,8,True,False,True,False,False,incorrect_declare_done,0.015545548987574875,8,3,4,0,0,0,0,0,1,8,8,2.125821045454545,0,6.375,0,0,0,0,0
1019,3052,access_vlan:SW2:eth1:20+access_vlan:SW2:eth2:10+trunk_remove:SW1:eth3:20+trunk_remove:SW2:eth3:10+trunk_remove:SW2:eth3:20,6662,6663,0.683555,-10.05,1,True,False,True,False,False,incorrect_declare_done,0.021931728348135948,1,0,0,0,0,0,0,0,2,0,0,0.0683555,0,9.0,0,0,1,-1,0
1020,3053,access_vlan:SW1:eth1:20+access_vlan:SW1:eth2:10+access_vlan:SW2:eth1:20+trunk_remove:SW1:eth3:10+trunk_remove:SW1:eth3:20+trunk_remove:SW2:eth3:10+trunk_remove:SW2:eth3:20,6663,6676,0.6829375,7.1,13,True,False,True,False,True,recovery_success,0.01651269605813118,13,6,5,0,0,0,0,0,0,13,13,4.987065659090908,0,4.769230769230769,0,0,0,0,0
1021,3054,access_vlan:SW1:eth2:10,6676,6680,0.6827475000000001,-10.8,4,True,False,True,False,False,incorrect_declare_done,0.013165032025426626,4,2,1,0,0,0,0,0,3,0,0,1.3035673863636363,0,5.5,0,0,0,0,0
1022,3055,access_vlan:SW1:eth1:20+access_vlan:SW1:eth2:10+access_vlan:SW2:eth1:20+trunk_remove:SW2:eth3:10+trunk_remove:SW2:eth3:20,6680,6694,0.6820825,-13.35,14,True,False,True,False,False,incorrect_declare_done,0.020920568744518926,14,9,4,0,0,0,0,0,1,14,14,4.118995909090909,0,6.214285714285714,0,0,0,0,0
1023,3056,access_vlan:SW1:eth2:10+access_vlan:SW2:eth2:10+trunk_remove:SW1:eth3:10+trunk_remove:SW1:eth3:20+trunk_remove:SW2:eth3:10+trunk_remove:SW2:eth3:20,6694,6702,0.6817025,-11.850000000000001,8,True,False,True,False,False,incorrect_declare_done,0.02081541926600039,8,4,2,0,0,0,0,0,3,7,7,1.6116336363636363,0,7.625,0,0,0,0,0
1024,3057,access_vlan:SW1:eth1:20+trunk_remove:SW1:eth3:20+trunk_remove:SW2:eth3:10+trunk_remove:SW2:eth3:20,6702,6703,0.681655,-10.05,1,True,False,True,False,False,incorrect_declare_done,0.026900876313447952,1,0,0,0,0,0,0,0,3,0,0,0.2044965,0,7.0,0,0,0,0,0
1025,3058,access_vlan:SW1:eth1:20+access_vlan:SW2:eth2:10+trunk_remove:SW1:eth3:10,6703,6720,0.6808475,-13.799999999999999,17,True,False,True,False,False,incorrect_declare_done,0.018262284643509808,17,8,7,0,0,0,0,0,1,4,4,5.1520458181818185,0,6.0588235294117645,0,0,0,0,0
1026,3059,access_vlan:SW1:eth1:20+access_vlan:SW1:eth2:10,6720,6729,0.68042,-12.350000000000001,9,True,False,True,False,False,incorrect_declare_done,0.017001634360187583,9,3,4,0,1,1,1,0,3,2,2,2.660501590909091,1,6.111111111111111,0,0,1,0,0
1027,3060,access_vlan:SW2:eth2:10+trunk_remove:SW2:eth3:10,6729,6737,0.68004,-12.0,8,True,False,True,False,False,incorrect_declare_done,0.0200702358270064,8,6,1,0,0,0,0,0,2,0,0,1.9045835454545454,0,7.0,0,0,0,0,0
1028,3061,access_vlan:SW1:eth1:20+access_vlan:SW2:eth1:20+access_vlan:SW2:eth2:10+trunk_remove:SW1:eth3:10+trunk_remove:SW2:eth3:20,6737,6762,0.6788525000000001,-15.6,25,True,False,True,False,False,incorrect_declare_done,0.02462661571800709,25,10,11,0,0,0,0,0,2,25,25,6.7572295,0,6.6,0,0,0,0,0
1029,3062,access_vlan:SW1:eth1:20+access_vlan:SW2:eth1:20+access_vlan:SW2:eth2:10+trunk_remove:SW2:eth3:20,6762,6770,0.6784725,7.999999999999999,8,True,False,True,False,True,recovery_success,0.01617430103942752,8,6,1,0,0,0,0,0,0,7,7,3.1093406363636364,0,4.625,0,0,0,0,0
1030,3063,access_vlan:SW1:eth2:10+access_vlan:SW2:eth1:20+access_vlan:SW2:eth2:10+trunk_remove:SW2:eth3:20,6770,6781,0.67795,8.149999999999999,11,True,False,True,False,True,recovery_success,0.012662880545990034,11,2,8,0,0,0,0,0,0,10,10,4.993697272727273,0,3.4545454545454546,0,0,0,0,0
1031,3064,access_vlan:SW2:eth1:20+trunk_remove:SW1:eth3:20,6781,6787,0.677665,-11.55,6,True,False,True,False,False,incorrect_declare_done,0.013956856758644184,6,4,0,0,0,0,0,0,2,0,0,1.6266809999999998,0,6.5,0,0,0,0,0
1032,3065,access_vlan:SW2:eth1:20+trunk_remove:SW2:eth3:10,6787,6798,0.6771425,7.549999999999999,11,True,False,True,False,True,recovery_success,0.013957410288805311,11,5,4,0,0,0,0,0,0,8,8,4.2796135227272725,0,4.636363636363637,0,0,0,0,0
1033,3066,access_vlan:SW1:eth2:10+access_vlan:SW2:eth1:20+trunk_remove:SW1:eth3:10+trunk_remove:SW2:eth3:10,6798,6817,0.67624,-14.25,19,True,False,True,False,False,incorrect_declare_done,0.012142361190758254,19,6,8,0,0,0,0,0,1,10,10,7.086285590909092,0,4.894736842105263,0,0,0,0,0
1034,3067,access_vlan:SW1:eth1:20+access_vlan:SW1:eth2:10+trunk_remove:SW1:eth3:10,6817,6831,0.675575,-13.85,14,True,False,True,False,False,incorrect_declare_done,0.012168287731973189,14,8,4,0,1,1,1,0,1,4,4,4.184039704545454,1,6.071428571428571,0,0,1,0,0
1035,3068,access_vlan:SW1:eth2:10+access_vlan:SW2:eth2:10+trunk_remove:SW1:eth3:10+trunk_remove:SW2:eth3:10+trunk_remove:SW2:eth3:20,6831,6839,0.675195,-12.0,8,True,False,True,False,False,incorrect_declare_done,0.014097318286076188,8,5,1,0,0,0,0,0,1,1,1,1.4119138636363635,0,7.875,0,0,0,0,0
1036,3069,access_vlan:SW1:eth1:20+access_vlan:SW1:eth2:10,6839,6851,0.674625,6.6,12,True,False,True,False,True,recovery_success,0.016597891148800652,12,8,3,0,1,1,1,0,0,4,4,2.6377404545454546,1,7.333333333333333,0,0,1,0,0
1037,3070,access_vlan:SW1:eth1:20+access_vlan:SW1:eth2:10+access_vlan:SW2:eth1:20+access_vlan:SW2:eth2:10+trunk_remove:SW1:eth3:20+trunk_remove:SW2:eth3:20,6851,6868,0.6738175,-13.35,17,True,False,True,False,False,incorrect_declare_done,0.013539699289728613,17,5,10,0,0,0,0,0,1,13,13,6.362019409090908,0,4.823529411764706,0,0,0,0,0
1038,3071,access_vlan:SW1:eth1:20+trunk_remove:SW1:eth3:10+trunk_remove:SW1:eth3:20+trunk_remove:SW2:eth3:10+trunk_remove:SW2:eth3:20,6868,6877,0.67339,-12.0,9,True,False,True,False,False,incorrect_declare_done,0.017571079441242747,9,5,3,0,0,0,0,0,1,1,1,2.3451803181818183,0,6.666666666666667,0,0,0,0,0
1039,3072,access_vlan:SW1:eth1:20+access_vlan:SW2:eth1:20+trunk_remove:SW1:eth3:10+trunk_remove:SW1:eth3:20+trunk_remove:SW2:eth3:10+trunk_remove:SW2:eth3:20,6877,6883,0.6731050000000001,-11.100000000000001,6,True,False,True,False,False,incorrect_declare_done,0.016616515660037596,6,2,3,0,0,0,0,0,3,0,0,1.1628086363636365,0,7.666666666666667,0,0,0,0,0
1040,3073,access_vlan:SW1:eth1:20+access_vlan:SW2:eth1:20+trunk_remove:SW1:eth3:10+trunk_remove:SW1:eth3:20,6883,6887,0.672915,-10.950000000000001,4,True,False,True,False,False,incorrect_declare_done,0.016334651270881295,4,3,0,0,0,0,0,0,1,3,3,1.0461516590909092,0,6.5,0,0,0,0,0
1041,3074,access_vlan:SW1:eth1:20+access_vlan:SW2:eth1:20+access_vlan:SW2:eth2:10+trunk_remove:SW1:eth3:10+trunk_remove:SW1:eth3:20+trunk_remove:SW2:eth3:10,6887,6889,0.67282,-10.350000000000001,2,True,False,True,False,False,incorrect_declare_done,0.020282343961298466,2,1,0,0,0,0,0,0,3,2,2,0.5138088181818181,0,6.5,0,0,0,0,0
1042,3075,access_vlan:SW1:eth1:20+access_vlan:SW2:eth1:20+access_vlan:SW2:eth2:10+trunk_remove:SW2:eth3:10+trunk_remove:SW2:eth3:20,6889,6896,0.6724875,-11.55,7,True,False,True,False,False,incorrect_declare_done,0.04193266188459737,7,4,2,0,0,0,0,0,1,5,5,2.4703615,0,5.142857142857143,0,0,0,0,0
1043,3076,access_vlan:SW2:eth1:20+access_vlan:SW2:eth2:10+trunk_remove:SW1:eth3:10+trunk_remove:SW1:eth3:20+trunk_remove:SW2:eth3:20,6896,6897,0.67244,-10.05,1,True,False,True,False,False,incorrect_declare_done,0.014567866921424866,1,0,0,0,0,0,0,0,2,0,0,0.067244,0,9.0,0,0,1,-1,0
1044,3077,access_vlan:SW2:eth2:10+trunk_remove:SW2:eth3:20,6897,6898,0.6723925,-10.05,1,True,False,True,False,False,incorrect_declare_done,0.01850416511297226,1,0,0,0,0,0,0,0,3,0,0,0.33619625,0,5.0,0,0,0,0,0
1045,3078,access_vlan:SW1:eth1:20+access_vlan:SW1:eth2:10+trunk_remove:SW1:eth3:20,6898,6908,0.6719175,7.6499999999999995,10,True,False,True,False,True,recovery_success,0.01890319650992751,10,3,6,0,1,1,1,0,0,5,5,3.684112886363637,1,4.7,0,0,1,0,0
1046,3079,access_vlan:SW2:eth1:20+access_vlan:SW2:eth2:10+trunk_remove:SW1:eth3:20,6908,6927,0.671015,5.3999999999999995,19,True,False,True,False,True,recovery_success,0.029392186405235214,19,7,9,0,1,1,1,0,0,15,15,7.086187000000002,1,4.842105263157895,0,0,1,0,0
1047,3080,access_vlan:SW1:eth2:10+access_vlan:SW2:eth1:20,6927,6928,0.6709675,-10.05,1,True,False,True,False,False,incorrect_declare_done,0.018412582576274872,1,0,0,0,0,0,0,0,4,0,0,0.26838700000000004,0,6.0,0,0,0,0,0
1048,3081,access_vlan:SW2:eth1:20+access_vlan:SW2:eth2:10+trunk_remove:SW1:eth3:10+trunk_remove:SW1:eth3:20+trunk_remove:SW2:eth3:10+trunk_remove:SW2:eth3:20,6928,6940,0.6703975,-13.4,12,True,False,True,False,False,incorrect_declare_done,0.03301056233855585,12,8,3,0,1,1,1,0,3,1,1,1.9508259090909092,1,8.25,0,0,1,0,0
1049,3082,access_vlan:SW1:eth2:10+trunk_remove:SW1:eth3:20+trunk_remove:SW2:eth3:10,6940,6944,0.6702075000000001,-10.8,4,True,False,True,False,False,incorrect_declare_done,0.021897560684010386,4,2,1,0,0,0,0,0,2,1,1,1.0602509090909091,0,6.5,0,0,0,0,0
1050,3083,access_vlan:SW1:eth2:10+access_vlan:SW2:eth1:20+trunk_remove:SW2:eth3:10,6944,6956,0.6696375,-12.75,12,True,False,True,False,False,incorrect_declare_done,0.02153076254762709,12,7,4,0,0,0,0,0,1,11,11,2.947252227272727,0,6.833333333333333,0,0,0,0,0
1051,3084,access_vlan:SW1:eth2:10+trunk_remove:SW1:eth3:10+trunk_remove:SW1:eth3:20,6956,6958,0.6695425,-10.200000000000001,2,True,False,True,False,False,incorrect_declare_done,0.010286061093211174,2,0,1,0,0,0,0,0,3,0,0,0.535653,0,6.0,0,0,0,0,0
1052,3085,access_vlan:SW2:eth2:10+trunk_remove:SW1:eth3:10+trunk_remove:SW2:eth3:10+trunk_remove:SW2:eth3:20,6958,6962,0.6693525,-10.8,4,True,False,True,False,False,incorrect_declare_done,0.0380655808839947,4,2,1,0,0,0,0,0,3,0,0,0.8885018409090908,0,7.0,0,0,0,0,0
1053,3086,access_vlan:SW2:eth2:10+trunk_remove:SW2:eth3:10,6962,6965,0.6692100000000001,9.35,3,True,False,True,False,True,recovery_success,0.01689417753368616,3,2,0,0,0,0,0,0,0,2,2,1.241148590909091,0,4.0,0,0,0,0,0
1054,3087,access_vlan:SW1:eth2:10+trunk_remove:SW1:eth3:10+trunk_remove:SW1:eth3:20+trunk_remove:SW2:eth3:10+trunk_remove:SW2:eth3:20,6965,6982,0.6684025,6.5,17,True,False,True,False,True,recovery_success,0.028303349445409635,17,7,9,0,0,0,0,0,0,8,8,6.462108295454547,0,4.705882352941177,0,0,0,0,0
1055,3088,access_vlan:SW1:eth1:20+access_vlan:SW2:eth1:20+access_vlan:SW2:eth2:10+trunk_remove:SW1:eth3:20+trunk_remove:SW2:eth3:10+trunk_remove:SW2:eth3:20,6982,6990,0.6680225,-11.55,8,True,False,True,False,False,incorrect_declare_done,0.024264999432489276,8,2,4,0,0,0,0,0,3,8,8,1.9012901363636368,0,7.0,0,0,0,0,0
1056,3089,access_vlan:SW1:eth2:10+access_vlan:SW2:eth1:20+trunk_remove:SW1:eth3:10,6990,7000,0.6675475,-12.450000000000001,10,True,False,True,False,False,incorrect_declare_done,0.029861642513424158,10,7,2,0,0,0,0,0,3,1,1,1.8332904545454545,0,7.9,0,0,0,0,0
1057,3090,access_vlan:SW1:eth1:20+access_vlan:SW1:eth2:10+access_vlan:SW2:eth2:10+trunk_remove:SW1:eth3:10+trunk_remove:SW2:eth3:10+trunk_remove:SW2:eth3:20,7000,7009,0.66712,8.149999999999999,9,True,False,True,False,True,recovery_success,0.028567115258839395,9,4,4,0,0,0,0,0,0,7,7,3.3120773409090907,0,4.777777777777778,0,0,0,0,0
1058,3091,access_vlan:SW1:eth1:20+access_vlan:SW1:eth2:10+access_vlan:SW2:eth1:20+access_vlan:SW2:eth2:10+trunk_remove:SW1:eth3:10+trunk_remove:SW1:eth3:20+trunk_remove:SW2:eth3:10+trunk_remove:SW2:eth3:20,7009,7010,0.6670725,-10.05,1,True,False,True,False,False,incorrect_declare_done,0.033358871936798096,1,0,0,0,0,0,0,0,2,1,1,0.266829,0,6.0,0,0,0,0,0
1059,3092,access_vlan:SW2:eth1:20+access_vlan:SW2:eth2:10+trunk_remove:SW1:eth3:20+trunk_remove:SW2:eth3:20,7010,7014,0.6668825,-11.450000000000001,4,True,False,True,False,False,incorrect_declare_done,0.0381173943169415,4,3,0,0,1,1,1,0,1,3,3,1.0913356818181819,1,6.25,0,0,1,0,0
1060,3093,access_vlan:SW2:eth1:20+access_vlan:SW2:eth2:10+trunk_remove:SW1:eth3:10+trunk_remove:SW1:eth3:20+trunk_remove:SW2:eth3:20,7014,7032,0.6660275,4.950000000000001,18,True,False,True,False,True,recovery_success,0.0375942034750349,18,11,4,0,1,1,1,0,0,16,16,5.4580769090909085,1,5.944444444444445,0,0,1,0,0
1061,3094,access_vlan:SW2:eth1:20+access_vlan:SW2:eth2:10+trunk_remove:SW2:eth3:10+trunk_remove:SW2:eth3:20,7032,7041,0.6656,7.6499999999999995,9,True,False,True,False,True,recovery_success,0.01955851602057616,9,4,4,0,1,1,1,0,0,4,4,3.5224219090909097,1,4.444444444444445,0,0,1,0,0
1062,3095,access_vlan:SW2:eth1:20+access_vlan:SW2:eth2:10+trunk_remove:SW1:eth3:20+trunk_remove:SW2:eth3:20,7041,7045,0.6654100000000001,-10.65,4,True,False,True,False,False,incorrect_declare_done,0.010765502927824855,4,1,2,0,0,0,0,0,3,0,0,0.06049181818181819,0,10.0,0,0,1,-1,0
1063,3096,access_vlan:SW1:eth1:20+access_vlan:SW2:eth1:20+access_vlan:SW2:eth2:10+trunk_remove:SW1:eth3:20+trunk_remove:SW2:eth3:10+trunk_remove:SW2:eth3:20,7045,7051,0.665125,-11.55,6,True,False,True,False,False,incorrect_declare_done,0.018886313618471224,6,5,0,0,0,0,0,0,1,6,6,1.5904887500000002,0,6.5,0,0,0,0,0
1064,3097,access_vlan:SW1:eth1:20+trunk_remove:SW1:eth3:10+trunk_remove:SW1:eth3:20+trunk_remove:SW2:eth3:10,7051,7058,0.6647925,-11.700000000000001,7,True,False,True,False,False,incorrect_declare_done,0.01852775538074119,7,5,1,0,0,0,0,0,2,0,0,1.5958362272727271,0,7.142857142857143,0,0,0,0,0
1065,3098,access_vlan:SW1:eth2:10+access_vlan:SW2:eth2:10+trunk_remove:SW1:eth3:10+trunk_remove:SW1:eth3:20+trunk_remove:SW2:eth3:10+trunk_remove:SW2:eth3:20,7058,7065,0.66446,-11.4,7,True,False,True,False,False,incorrect_declare_done,0.013755929124142443,7,3,3,0,0,0,0,0,2,2,2,1.6312193181818184,0,7.0,0,0,0,0,0
1066,3099,access_vlan:SW1:eth1:20+access_vlan:SW1:eth2:10+access_vlan:SW2:eth2:10+trunk_remove:SW1:eth3:20+trunk_remove:SW2:eth3:20,7065,7066,0.6644125000000001,-10.05,1,True,False,True,False,False,incorrect_declare_done,0.014633012004196644,1,0,0,0,0,0,0,0,3,1,1,0.33220625000000004,0,5.0,0,0,0,0,0
1067,3100,access_vlan:SW2:eth2:10,7066,7086,0.6634625000000001,-14.55,20,True,False,True,False,False,incorrect_declare_done,0.013462637877091765,20,8,8,0,0,0,0,0,1,10,10,6.638958295454545,0,5.45,0,0,0,0,0
1068,3101,access_vlan:SW1:eth2:10+trunk_remove:SW1:eth3:10+trunk_remove:SW1:eth3:20+trunk_remove:SW2:eth3:20,7086,7090,0.6632725,-10.8,4,True,False,True,False,False,incorrect_declare_done,0.015247137751430273,4,2,1,0,0,0,0,0,2,0,0,1.0492810000000001,0,6.5,0,0,0,0,0
1069,3102,access_vlan:SW1:eth2:10+access_vlan:SW2:eth2:10+trunk_remove:SW2:eth3:10+trunk_remove:SW2:eth3:20,7090,7093,0.66313,-10.65,3,True,False,True,False,False,incorrect_declare_done,0.028417014827330906,3,2,0,0,0,0,0,0,3,0,0,0.608905,0,7.333333333333333,0,0,0,0,0
1070,3103,access_vlan:SW2:eth1:20+trunk_remove:SW1:eth3:10,7093,7111,0.6622750000000001,5.6000000000000005,18,True,False,True,False,True,recovery_success,0.02926133531663153,18,8,5,0,0,0,0,0,0,12,12,6.897780795454546,0,4.611111111111111,0,0,0,0,0
1071,3104,access_vlan:SW1:eth1:20+access_vlan:SW1:eth2:10+access_vlan:SW2:eth2:10+trunk_remove:SW1:eth3:10+trunk_remove:SW1:eth3:20,7111,7117,0.6619900000000001,-11.100000000000001,6,True,False,True,False,False,incorrect_declare_done,0.019200722531725962,6,2,3,0,0,0,0,0,3,6,6,1.5168387272727275,0,6.5,0,0,0,0,0
1072,3105,access_vlan:SW1:eth1:20+trunk_remove:SW2:eth3:10+trunk_remove:SW2:eth3:20,7117,7126,0.6615625,-12.3,9,True,False,True,False,False,incorrect_declare_done,0.019901951257553365,9,6,1,0,0,0,0,0,2,1,1,2.1296295000000005,0,7.0,0,0,0,0,0
1073,3106,access_vlan:SW1:eth2:10+access_vlan:SW2:eth2:10+trunk_remove:SW1:eth3:10,7126,7135,0.661135,-12.450000000000001,9,True,False,True,False,False,incorrect_declare_done,0.015936931491725974,9,8,0,0,0,0,0,0,3,0,0,1.4487837727272725,0,8.222222222222221,0,0,0,0,0
1074,3107,access_vlan:SW1:eth1:20+access_vlan:SW1:eth2:10+access_vlan:SW2:eth1:20+access_vlan:SW2:eth2:10+trunk_remove:SW1:eth3:10+trunk_remove:SW1:eth3:20+trunk_remove:SW2:eth3:10,7135,7165,0.65971,-6.9,30,True,False,False,True,False,step_limit,0.027558220628028113,30,12,14,0,0,0,0,0,1,29,29,11.010640909090911,0,4.866666666666666,0,0,0,0,0
1075,3108,access_vlan:SW1:eth2:10+trunk_remove:SW1:eth3:20+trunk_remove:SW2:eth3:20,7165,7173,0.65933,-11.700000000000001,8,True,False,True,False,False,incorrect_declare_done,0.02080112579278648,8,3,3,0,0,0,0,0,1,5,5,2.81780875,0,5.0,0,0,0,0,0
1076,3109,access_vlan:SW1:eth2:10+access_vlan:SW2:eth1:20+trunk_remove:SW1:eth3:10+trunk_remove:SW2:eth3:20,7173,7189,0.6585700000000001,-13.95,16,True,False,True,False,False,incorrect_declare_done,0.027918253326788545,16,10,4,0,0,0,0,0,1,15,15,4.312660909090909,0,6.4375,0,0,0,0,0
1077,3110,access_vlan:SW1:eth2:10+access_vlan:SW2:eth1:20+access_vlan:SW2:eth2:10,7189,7194,0.6583325,8.899999999999999,5,True,False,True,False,True,recovery_success,0.04585135206580162,5,3,1,0,0,0,0,0,0,3,3,1.91538875,0,4.4,0,0,0,0,0
1078,3111,access_vlan:SW1:eth1:20+access_vlan:SW2:eth1:20+access_vlan:SW2:eth2:10+trunk_remove:SW1:eth3:10+trunk_remove:SW1:eth3:20+trunk_remove:SW2:eth3:20,7194,7205,0.65781,-12.9,11,True,False,True,False,False,incorrect_declare_done,0.01679796196350997,11,7,1,0,0,0,0,0,2,11,11,2.7099657272727273,0,6.818181818181818,0,0,0,0,0
1079,3112,access_vlan:SW1:eth1:20+access_vlan:SW2:eth1:20+access_vlan:SW2:eth2:10+trunk_remove:SW1:eth3:20,7205,7235,0.656385,-7.199999999999999,30,True,False,False,True,False,step_limit,0.012076277285814285,30,12,12,0,0,0,0,0,1,29,29,10.895277954545454,0,4.9,0,0,0,0,0
1080,3113,access_vlan:SW1:eth2:10+trunk_remove:SW1:eth3:10+trunk_remove:SW2:eth3:10+trunk_remove:SW2:eth3:20,7235,7244,0.6559575,-12.15,9,True,False,True,False,False,incorrect_declare_done,0.010737829996893803,9,5,2,0,0,0,0,0,1,1,1,2.582719431818182,0,6.111111111111111,0,0,0,0,0
1081,3114,access_vlan:SW1:eth1:20+access_vlan:SW1:eth2:10+access_vlan:SW2:eth2:10+trunk_remove:SW1:eth3:10,7244,7246,0.6558625,-10.200000000000001,2,True,False,True,False,False,incorrect_declare_done,0.00805056537501514,2,0,1,0,0,0,0,0,3,2,2,0.524709,0,6.0,0,0,0,0,0
1082,3115,access_vlan:SW1:eth2:10+trunk_remove:SW1:eth3:20,7246,7253,0.6555300000000001,8.149999999999999,7,True,False,True,False,True,recovery_success,0.011869404464960098,7,6,0,0,0,0,0,0,0,4,4,2.652443636363637,0,4.571428571428571,0,0,0,0,0
1083,3116,access_vlan:SW1:eth2:10+access_vlan:SW2:eth1:20+access_vlan:SW2:eth2:10+trunk_remove:SW1:eth3:10+trunk_remove:SW2:eth3:10+trunk_remove:SW2:eth3:20,7253,7259,0.6552450000000001,-11.55,6,True,False,True,False,False,incorrect_declare_done,0.008511368107671538,6,5,0,0,0,0,0,0,1,6,6,1.805180659090909,0,5.833333333333333,0,0,0,0,0
1084,3117,access_vlan:SW1:eth1:20+access_vlan:SW2:eth2:10,7259,7266,0.6549125,-11.850000000000001,7,True,False,True,False,False,incorrect_declare_done,0.02960242543901716,7,6,0,0,0,0,0,0,2,0,0,1.1552408181818183,0,8.142857142857142,0,0,0,0,0
1085,3118,access_vlan:SW1:eth1:20+access_vlan:SW2:eth2:10+trunk_remove:SW1:eth3:10,7266,7281,0.6542,5.9,15,True,False,True,False,True,recovery_success,0.011143381986767054,15,11,1,0,0,0,0,0,0,4,4,2.8437955909090915,0,7.6,0,0,0,0,0
1086,3119,access_vlan:SW1:eth1:20+access_vlan:SW2:eth1:20+trunk_remove:SW2:eth3:10+trunk_remove:SW2:eth3:20,7281,7282,0.6541525,-10.05,1,True,False,True,False,False,incorrect_declare_done,0.007488610222935677,1,0,0,0,0,0,0,0,4,0,0,0.06541525000000001,0,9.0,0,0,0,0,0
1087,3120,access_vlan:SW1:eth2:10+access_vlan:SW2:eth1:20+trunk_remove:SW1:eth3:10+trunk_remove:SW1:eth3:20+trunk_remove:SW2:eth3:10+trunk_remove:SW2:eth3:20,7282,7312,0.6527275,-7.5,30,True,False,False,True,False,step_limit,0.024617813931157192,30,15,10,0,0,0,0,0,1,3,3,7.6027629545454545,0,6.7,0,0,0,0,0
1088,3121,access_vlan:SW1:eth2:10+trunk_remove:SW1:eth3:20+trunk_remove:SW2:eth3:10+trunk_remove:SW2:eth3:20,7312,7320,0.6523475000000001,-11.850000000000001,8,True,False,True,False,False,incorrect_declare_done,0.021786927070934325,8,5,2,0,0,0,0,0,1,2,2,2.455759272727273,0,5.75,0,0,0,0,0
1089,3122,access_vlan:SW1:eth1:20+access_vlan:SW2:eth1:20+trunk_remove:SW1:eth3:10+trunk_remove:SW1:eth3:20+trunk_remove:SW2:eth3:10+trunk_remove:SW2:eth3:20,7320,7321,0.6523000000000001,-10.05,1,True,False,True,False,False,incorrect_declare_done,0.010071840137243271,1,0,0,0,0,0,0,0,4,0,0,0.0,0,10.0,0,0,0,0,0
1090,3123,access_vlan:SW1:eth1:20+access_vlan:SW1:eth2:10+access_vlan:SW2:eth1:20+trunk_remove:SW2:eth3:10,7321,7322,0.6522525,-10.05,1,True,False,True,False,False,incorrect_declare_done,0.00614439370110631,1,0,0,0,0,0,0,0,3,1,1,0.32612625,0,5.0,0,0,0,0,0
1091,3124,access_vlan:SW1:eth2:10+access_vlan:SW2:eth2:10+trunk_remove:SW1:eth3:20+trunk_remove:SW2:eth3:20,7322,7334,0.6516825,6.9,12,True,False,True,False,True,recovery_success,0.02777316498880585,12,6,5,0,1,1,1,0,0,5,5,4.278927818181819,1,4.916666666666667,0,0,1,0,0
1092,3125,access_vlan:SW1:eth1:20+access_vlan:SW2:eth2:10+trunk_remove:SW1:eth3:20,7334,7353,0.65078,5.3,19,True,False,True,False,True,recovery_success,0.0671062066562866,19,11,5,0,0,0,0,0,0,7,7,5.871912227272727,0,5.7368421052631575,0,0,0,0,0
1093,3126,access_vlan:SW1:eth1:20+access_vlan:SW2:eth2:10+trunk_remove:SW1:eth3:20+trunk_remove:SW2:eth3:10+trunk_remove:SW2:eth3:20,7353,7361,0.6504000000000001,-11.700000000000001,8,True,False,True,False,False,incorrect_declare_done,0.07208472862839699,8,4,3,0,0,0,0,0,2,0,0,1.7150579545454545,0,7.25,0,0,0,0,0
1094,3127,access_vlan:SW1:eth1:20+access_vlan:SW1:eth2:10+access_vlan:SW2:eth1:20+trunk_remove:SW1:eth3:10+trunk_remove:SW1:eth3:20,7361,7369,0.65002,-12.15,8,True,False,True,False,False,incorrect_declare_done,0.055102348793298006,8,7,0,0,0,0,0,0,1,8,8,2.0923653181818183,0,6.5,0,0,0,0,0
1095,3128,access_vlan:SW1:eth2:10+trunk_remove:SW1:eth3:10+trunk_remove:SW2:eth3:10+trunk_remove:SW2:eth3:20,7369,7375,0.649735,-11.25,6,True,False,True,False,False,incorrect_declare_done,0.031252672895789146,6,2,2,0,0,0,0,0,2,0,0,1.4119301363636363,0,6.666666666666667,0,0,0,0,0
1096,3129,access_vlan:SW1:eth1:20+access_vlan:SW1:eth2:10+access_vlan:SW2:eth2:10+trunk_remove:SW1:eth3:10+trunk_remove:SW2:eth3:20,7375,7389,0.64907,-13.65,14,True,False,True,False,False,incorrect_declare_done,0.01848570250773004,14,9,2,0,0,0,0,0,1,14,14,3.8015825000000003,0,6.357142857142857,0,0,0,0,0
1097,3130,access_vlan:SW1:eth1:20+access_vlan:SW1:eth2:10+trunk_remove:SW1:eth3:10+trunk_remove:SW1:eth3:20+trunk_remove:SW2:eth3:10,7389,7391,0.6489750000000001,-10.350000000000001,2,True,False,True,False,False,incorrect_declare_done,0.007989195641130209,2,1,0,0,0,0,0,0,2,1,1,0.18289770454545456,0,9.0,0,0,1,-1,0
1098,3131,trunk_remove:SW1:eth3:10+trunk_remove:SW1:eth3:20+trunk_remove:SW2:eth3:10+trunk_remove:SW2:eth3:20,7391,7399,0.648595,-12.0,8,True,False,True,False,False,incorrect_declare_done,0.011351082124747336,8,4,1,0,0,0,0,0,2,0,0,1.9580889090909093,0,6.625,0,0,0,0,0
1099,3132,access_vlan:SW1:eth1:20+access_vlan:SW1:eth2:10+access_vlan:SW2:eth1:20+trunk_remove:SW1:eth3:20,7399,7409,0.64812,7.699999999999999,10,True,False,True,False,True,recovery_success,0.010599293652921915,10,6,3,0,0,0,0,0,0,10,10,3.2296917272727272,0,5.4,0,0,0,0,0
1100,3133,access_vlan:SW1:eth1:20,7409,7421,0.6475500000000001,-12.15,12,True,False,True,False,False,incorrect_declare_done,0.02170783405502637,12,3,8,0,0,0,0,0,1,4,4,4.1223315909090905,0,5.0,0,0,0,0,0
1101,3134,access_vlan:SW1:eth1:20+access_vlan:SW2:eth1:20+access_vlan:SW2:eth2:10+trunk_remove:SW2:eth3:10+trunk_remove:SW2:eth3:20,7421,7422,0.6475025000000001,-10.05,1,True,False,True,False,False,incorrect_declare_done,0.009738839231431484,1,0,0,0,0,0,0,0,3,1,1,0.25900100000000004,0,6.0,0,0,0,0,0
1102,3135,access_vlan:SW1:eth2:10,7422,7424,0.6474075,-10.200000000000001,2,True,False,True,False,False,incorrect_declare_done,0.02087009558454156,2,0,1,0,0,0,0,0,3,0,0,0.64743125,0,5.0,0,0,0,0,0
1103,3136,access_vlan:SW1:eth1:20+access_vlan:SW2:eth1:20+trunk_remove:SW1:eth3:10+trunk_remove:SW1:eth3:20+trunk_remove:SW2:eth3:10+trunk_remove:SW2:eth3:20,7424,7432,0.6470275000000001,-11.850000000000001,8,True,False,True,False,False,incorrect_declare_done,0.024677498324308544,8,5,2,0,0,0,0,0,1,6,6,2.1179029545454546,0,6.375,0,0,0,0,0
1104,3137,access_vlan:SW1:eth2:10+access_vlan:SW2:eth1:20+access_vlan:SW2:eth2:10+trunk_remove:SW1:eth3:10+trunk_remove:SW1:eth3:20+trunk_remove:SW2:eth3:10+trunk_remove:SW2:eth3:20,7432,7444,0.6464575,-12.75,12,True,False,True,False,False,incorrect_declare_done,0.01874302242261668,12,5,4,0,0,0,0,0,3,12,12,2.6045026363636365,0,7.25,0,0,0,0,0
1105,3138,access_vlan:SW2:eth1:20+access_vlan:SW2:eth2:10+trunk_remove:SW1:eth3:20+trunk_remove:SW2:eth3:20,7444,7454,0.6459825,-12.95,10,True,False,True,False,False,incorrect_declare_done,0.02311667250469327,10,7,2,0,1,1,1,0,1,1,1,2.232081136363637,1,7.1,0,0,1,0,0
1106,3139,access_vlan:SW1:eth1:20+access_vlan:SW2:eth1:20+trunk_remove:SW1:eth3:10+trunk_remove:SW1:eth3:20+trunk_remove:SW2:eth3:20,7454,7455,0.645935,-10.05,1,True,False,True,False,False,incorrect_declare_done,0.012073232792317867,1,0,0,0,0,0,0,0,4,0,0,0.0,0,10.0,0,0,0,0,0
1107,3140,access_vlan:SW2:eth1:20+trunk_remove:SW1:eth3:10+trunk_remove:SW1:eth3:20+trunk_remove:SW2:eth3:20,7455,7458,0.6457925,-10.65,3,True,False,True,False,False,incorrect_declare_done,0.05374783929437399,3,1,0,0,0,0,0,0,3,0,0,0.5636421818181818,0,7.333333333333333,0,0,0,0,0
1108,3141,access_vlan:SW2:eth1:20+access_vlan:SW2:eth2:10+trunk_remove:SW1:eth3:20+trunk_remove:SW2:eth3:20,7458,7463,0.6455550000000001,-11.600000000000001,5,True,False,True,False,False,incorrect_declare_done,0.02448405362665653,5,3,1,0,1,1,1,0,1,2,2,1.291226590909091,1,6.4,0,0,1,0,0
1109,3142,access_vlan:SW1:eth2:10+access_vlan:SW2:eth1:20+access_vlan:SW2:eth2:10+trunk_remove:SW1:eth3:10+trunk_remove:SW1:eth3:20+trunk_remove:SW2:eth3:10+trunk_remove:SW2:eth3:20,7463,7471,0.645175,-11.850000000000001,8,True,False,True,False,False,incorrect_declare_done,0.03532618738245219,8,4,2,0,0,0,0,0,2,8,8,1.953626340909091,0,6.75,0,0,0,0,0
1110,3143,access_vlan:SW1:eth1:20+trunk_remove:SW1:eth3:20,7471,7501,0.64375,-6.900000000000002,30,True,False,False,True,False,step_limit,0.02648332267999649,30,16,14,0,0,0,0,0,0,15,15,10.74234190909091,0,4.866666666666666,0,0,0,0,0
1111,3144,access_vlan:SW1:eth1:20+access_vlan:SW1:eth2:10+access_vlan:SW2:eth2:10+trunk_remove:SW1:eth3:10,7501,7513,0.6431800000000001,-12.450000000000001,12,True,False,True,False,False,incorrect_declare_done,0.05543417568939427,12,5,6,0,0,0,0,0,2,12,12,2.831116454545455,0,6.916666666666667,0,0,0,0,0
1112,3145,access_vlan:SW1:eth1:20+access_vlan:SW1:eth2:10+access_vlan:SW2:eth2:10+trunk_remove:SW1:eth3:10+trunk_remove:SW1:eth3:20+trunk_remove:SW2:eth3:10+trunk_remove:SW2:eth3:20,7513,7522,0.6427525000000001,-12.15,9,True,False,True,False,False,incorrect_declare_done,0.06109878120736943,9,5,2,0,0,0,0,0,1,9,9,2.5892106590909094,0,6.0,0,0,0,0,0
1113,3146,access_vlan:SW1:eth1:20+access_vlan:SW1:eth2:10+access_vlan:SW2:eth1:20+access_vlan:SW2:eth2:10+trunk_remove:SW1:eth3:10,7522,7525,0.64261,-10.5,3,True,False,True,False,False,incorrect_declare_done,0.0656368959074219,3,1,1,0,0,0,0,0,1,3,3,1.1217320454545456,0,4.333333333333333,0,0,0,0,0
1114,3147,access_vlan:SW1:eth2:10+access_vlan:SW2:eth2:10+trunk_remove:SW1:eth3:20+trunk_remove:SW2:eth3:10,7525,7527,0.642515,-10.350000000000001,2,True,False,True,False,False,incorrect_declare_done,0.048631615936756134,2,1,0,0,0,0,0,0,3,0,0,0.3563085227272727,0,7.5,0,0,0,0,0
1115,3148,access_vlan:SW1:eth1:20+access_vlan:SW2:eth1:20+access_vlan:SW2:eth2:10+trunk_remove:SW1:eth3:10+trunk_remove:SW2:eth3:10+trunk_remove:SW2:eth3:20,7527,7536,0.6420875,-12.3,9,True,False,True,False,False,incorrect_declare_done,0.03770868614729908,9,7,1,0,0,0,0,0,2,9,9,2.0669554090909092,0,7.0,0,0,0,0,0
1116,3149,access_vlan:SW1:eth1:20+access_vlan:SW1:eth2:10+access_vlan:SW2:eth1:20+access_vlan:SW2:eth2:10+trunk_remove:SW1:eth3:10+trunk_remove:SW2:eth3:10+trunk_remove:SW2:eth3:20,7536,7547,0.6415649999999999,7.699999999999999,11,True,False,True,False,True,recovery_success,0.04419878429987214,11,5,5,0,0,0,0,0,0,11,11,4.224015772727273,0,4.363636363636363,0,0,0,0,0
1117,3150,access_vlan:SW1:eth2:10+trunk_remove:SW1:eth3:10+trunk_remove:SW2:eth3:10,7547,7564,0.6407575000000001,-14.25,17,True,False,True,False,False,incorrect_declare_done,0.031201200833653703,17,10,4,0,0,0,0,0,2,1,1,3.8060011590909086,0,7.117647058823529,0,0,0,0,0
1118,3151,access_vlan:SW1:eth2:10+access_vlan:SW2:eth1:20+trunk_remove:SW1:eth3:10+trunk_remove:SW2:eth3:20,7564,7574,0.6402825000000001,-12.3,10,True,False,True,False,False,incorrect_declare_done,0.02117604836821556,10,6,3,0,0,0,0,0,1,0,0,2.387025681818182,0,6.8,0,0,0,0,0
1119,3152,access_vlan:SW1:eth1:20+access_vlan:SW1:eth2:10+access_vlan:SW2:eth1:20+trunk_remove:SW2:eth3:10,7574,7586,0.6397125,-13.05,12,True,False,True,False,False,incorrect_declare_done,0.024533832678571343,12,7,2,0,0,0,0,0,1,12,12,4.014309545454545,0,5.166666666666667,0,0,0,0,0
1120,3153,access_vlan:SW1:eth1:20+trunk_remove:SW1:eth3:10+trunk_remove:SW2:eth3:10+trunk_remove:SW2:eth3:20,7586,7609,0.63862,-16.05,23,True,False,True,False,False,incorrect_declare_done,0.019029143630810406,23,15,4,0,0,0,0,0,2,0,0,5.426941454545455,0,6.913043478260869,0,0,0,0,0
1121,3154,access_vlan:SW1:eth2:10+trunk_remove:SW1:eth3:20+trunk_remove:SW2:eth3:10,7609,7614,0.6383825000000001,-11.100000000000001,5,True,False,True,False,False,incorrect_declare_done,0.012698909267783165,5,3,1,0,0,0,0,0,3,0,0,1.091225590909091,0,7.0,0,0,0,0,0
1122,3155,access_vlan:SW2:eth1:20+access_vlan:SW2:eth2:10+trunk_remove:SW1:eth3:10+trunk_remove:SW2:eth3:20,7614,7616,0.6382875000000001,-10.850000000000001,2,True,False,True,False,False,incorrect_declare_done,0.017615951597690582,2,1,0,0,1,1,1,0,3,0,0,0.4177976818181819,1,7.0,0,0,1,0,0
1123,3156,access_vlan:SW2:eth1:20+trunk_remove:SW1:eth3:20,7616,7619,0.638145,-10.65,3,True,False,True,False,False,incorrect_declare_done,0.01231809767584006,3,2,0,0,0,0,0,0,1,1,1,0.8354407727272726,0,6.0,0,0,0,0,0
1124,3157,access_vlan:SW1:eth1:20+access_vlan:SW2:eth1:20+trunk_remove:SW2:eth3:10+trunk_remove:SW2:eth3:20,7619,7625,0.6378600000000001,-11.25,6,True,False,True,False,False,incorrect_declare_done,0.014863955943534771,6,3,2,0,0,0,0,0,3,0,0,0.9917011136363636,0,8.0,0,0,0,0,0
1125,3158,access_vlan:SW1:eth1:20+access_vlan:SW1:eth2:10+trunk_remove:SW1:eth3:10+trunk_remove:SW1:eth3:20+trunk_remove:SW2:eth3:20,7625,7648,0.6367674999999999,-16.25,23,True,False,True,False,False,incorrect_declare_done,0.01847207934960075,23,14,6,0,1,1,1,0,3,20,20,4.582578295454546,1,7.521739130434782,0,0,1,0,0
1126,3159,access_vlan:SW1:eth2:10+access_vlan:SW2:eth1:20,7648,7652,0.6365775,-10.8,4,True,False,True,False,False,incorrect_declare_done,0.03056728607043624,4,2,1,0,0,0,0,0,4,1,1,0.8334293636363637,0,7.25,0,0,0,0,0
1127,3160,access_vlan:SW1:eth1:20+access_vlan:SW2:eth2:10+trunk_remove:SW1:eth3:20+trunk_remove:SW2:eth3:20,7652,7654,0.6364825000000001,-10.350000000000001,2,True,False,True,False,False,incorrect_declare_done,0.016070508398115635,2,1,0,0,0,0,0,0,4,1,1,0.24303009090909092,0,8.5,0,0,0,0,0
1128,3161,access_vlan:SW1:eth1:20+access_vlan:SW2:eth1:20+access_vlan:SW2:eth2:10+trunk_remove:SW1:eth3:10,7654,7656,0.6363875000000001,-10.200000000000001,2,True,False,True,False,False,incorrect_declare_done,0.028508499264717102,2,0,1,0,0,0,0,0,3,2,2,0.6364112500000001,0,5.0,0,0,0,0,0
1129,3162,access_vlan:SW1:eth1:20+access_vlan:SW1:eth2:10+access_vlan:SW2:eth1:20+access_vlan:SW2:eth2:10+trunk_remove:SW2:eth3:10+trunk_remove:SW2:eth3:20,7656,7659,0.636245,-10.350000000000001,3,True,False,True,False,False,incorrect_declare_done,0.018722263475259144,3,0,2,0,0,0,0,0,2,3,3,0.763551,0,6.0,0,0,0,0,0
1130,3163,access_vlan:SW1:eth1:20+access_vlan:SW1:eth2:10+access_vlan:SW2:eth2:10+trunk_remove:SW1:eth3:10+trunk_remove:SW1:eth3:20+trunk_remove:SW2:eth3:10+trunk_remove:SW2:eth3:20,7659,7660,0.6361975,-10.05,1,True,False,True,False,False,incorrect_declare_done,0.02595553919672966,1,0,0,0,0,0,0,0,3,1,1,0.19085924999999998,0,7.0,0,0,0,0,0
1131,3164,access_vlan:SW1:eth1:20+access_vlan:SW2:eth2:10+trunk_remove:SW1:eth3:10+trunk_remove:SW2:eth3:10,7660,7666,0.6359125000000001,-11.55,6,True,False,True,False,False,incorrect_declare_done,0.023852705334623654,6,5,0,0,0,0,0,0,1,2,2,1.457020681818182,0,6.666666666666667,0,0,0,0,0
1132,3165,access_vlan:SW1:eth1:20+access_vlan:SW2:eth2:10+trunk_remove:SW1:eth3:20,7666,7673,0.63558,-10.950000000000001,7,True,False,True,False,False,incorrect_declare_done,0.020908436871000698,7,0,6,0,0,0,0,0,4,0,0,0.8900115,0,8.0,0,0,0,0,0
1133,3166,access_vlan:SW1:eth2:10+access_vlan:SW2:eth1:20+access_vlan:SW2:eth2:10+trunk_remove:SW1:eth3:20+trunk_remove:SW2:eth3:10,7673,7676,0.6354375000000001,-10.65,3,True,False,True,False,False,incorrect_declare_done,0.020653987303376198,3,2,0,0,0,0,0,0,3,3,3,0.6585952727272728,0,7.0,0,0,0,0,0
1134,3167,access_vlan:SW1:eth2:10+access_vlan:SW2:eth2:10+trunk_remove:SW1:eth3:10+trunk_remove:SW2:eth3:10,7676,7681,0.6352,-11.25,5,True,False,True,False,False,incorrect_declare_done,0.01269053779542446,5,4,0,0,0,0,0,0,2,0,0,0.9240265909090909,0,7.6,0,0,0,0,0
1135,3168,access_vlan:SW1:eth1:20+access_vlan:SW1:eth2:10+access_vlan:SW2:eth1:20+trunk_remove:SW1:eth3:20+trunk_remove:SW2:eth3:20,7681,7691,0.634725,-12.3,10,True,False,True,False,False,incorrect_declare_done,0.01437953682616353,10,6,3,0,0,0,0,0,1,10,10,2.4992757500000002,0,6.6,0,0,0,0,0
1136,3169,access_vlan:SW1:eth1:20+access_vlan:SW1:eth2:10+access_vlan:SW2:eth2:10+trunk_remove:SW1:eth3:10+trunk_remove:SW1:eth3:20,7691,7713,0.63368,-14.850000000000001,22,True,False,True,False,False,incorrect_declare_done,0.022806067739359358,22,9,10,0,0,0,0,0,3,22,22,5.096561,0,6.818181818181818,0,0,0,0,0
1137,3170,access_vlan:SW1:eth1:20+access_vlan:SW2:eth2:10+trunk_remove:SW1:eth3:20+trunk_remove:SW2:eth3:10,7713,7718,0.6334425,-11.25,5,True,False,True,False,False,incorrect_declare_done,0.019021169282495975,5,4,0,0,0,0,0,0,3,0,0,0.9214875,0,7.6,0,0,0,0,0
1138,3171,access_vlan:SW2:eth1:20+trunk_remove:SW2:eth3:20,7718,7748,0.6320175,-7.200000000000001,30,True,False,False,True,False,step_limit,0.01649250991952916,30,14,12,0,0,0,0,0,0,14,14,9.281903909090909,0,5.6,0,0,0,0,0
1139,3172,trunk_remove:SW1:eth3:20+trunk_remove:SW2:eth3:10,7748,7759,0.6314949999999999,-12.75,11,True,False,True,False,False,incorrect_declare_done,0.014998206953433428,11,6,2,0,0,0,0,0,2,0,0,2.5728897272727274,0,6.818181818181818,0,0,0,0,0
1140,3173,access_vlan:SW2:eth1:20+access_vlan:SW2:eth2:10+trunk_remove:SW1:eth3:10+trunk_remove:SW2:eth3:10,7759,7765,0.63121,-12.05,6,True,False,True,False,False,incorrect_declare_done,0.02158335146183769,6,4,0,0,1,1,1,0,3,3,3,0.9756186363636365,1,8.0,0,0,1,0,0
1141,3174,access_vlan:SW1:eth1:20+access_vlan:SW2:eth1:20+trunk_remove:SW1:eth3:20,7765,7781,0.63045,-13.5,16,True,False,True,False,False,incorrect_declare_done,0.01906952151330188,16,7,7,0,0,0,0,0,3,10,10,2.3222321590909094,0,8.1875,0,0,0,0,0
1142,3175,access_vlan:SW2:eth2:10+trunk_remove:SW1:eth3:20,7781,7789,0.63007,-11.850000000000001,8,True,False,True,False,False,incorrect_declare_done,0.030263003485742956,8,3,2,0,0,0,0,0,1,3,3,2.893351931818182,0,4.625,0,0,0,0,0
1143,3176,access_vlan:SW1:eth1:20+access_vlan:SW2:eth2:10,7789,7798,0.6296425000000001,-12.15,9,True,False,True,False,False,incorrect_declare_done,0.06218636760281192,9,6,2,0,0,0,0,0,3,5,5,1.6833385454545455,0,7.666666666666667,0,0,0,0,0
1144,3177,access_vlan:SW1:eth1:20+access_vlan:SW1:eth2:10+access_vlan:SW2:eth1:20+access_vlan:SW2:eth2:10+trunk_remove:SW1:eth3:20+trunk_remove:SW2:eth3:10,7798,7799,0.629595,-10.05,1,True,False,True,False,False,incorrect_declare_done,0.013180157169699669,1,0,0,0,0,0,0,0,2,1,1,0.251838,0,6.0,0,0,0,0,0
1145,3178,access_vlan:SW1:eth1:20+access_vlan:SW2:eth1:20+access_vlan:SW2:eth2:10+trunk_remove:SW1:eth3:10+trunk_remove:SW2:eth3:10+trunk_remove:SW2:eth3:20,7799,7807,0.6292150000000001,-11.55,8,True,False,True,False,False,incorrect_declare_done,0.043932885164394975,8,3,4,0,0,0,0,0,3,8,8,1.8538199090909089,0,6.875,0,0,0,0,0
1146,3179,access_vlan:SW1:eth2:10+access_vlan:SW2:eth1:20+trunk_remove:SW1:eth3:10+trunk_remove:SW2:eth3:20,7807,7820,0.6285974999999999,-13.35,13,True,False,True,False,False,incorrect_declare_done,0.036148115777625486,13,10,2,0,0,0,0,0,2,0,0,2.0578543181818185,0,8.153846153846153,0,0,0,0,0
1147,3180,access_vlan:SW1:eth1:20+trunk_remove:SW1:eth3:10+trunk_remove:SW1:eth3:20+trunk_remove:SW2:eth3:20,7820,7833,0.62798,-12.600000000000001,13,True,False,True,False,False,incorrect_declare_done,0.0756882788756719,13,4,7,0,0,0,0,0,1,1,1,3.415178181818182,0,6.076923076923077,0,0,0,0,0
1148,3181,access_vlan:SW1:eth1:20+access_vlan:SW1:eth2:10+access_vlan:SW2:eth1:20+trunk_remove:SW1:eth3:10+trunk_remove:SW2:eth3:20,7833,7835,0.627885,-10.350000000000001,2,True,False,True,False,False,incorrect_declare_done,0.025071263313293457,2,1,0,0,0,0,0,0,3,2,2,0.47949481818181816,0,6.5,0,0,0,0,0
1149,3182,access_vlan:SW1:eth1:20+access_vlan:SW1:eth2:10+access_vlan:SW2:eth1:20+trunk_remove:SW1:eth3:20+trunk_remove:SW2:eth3:20,7835,7837,0.6277900000000001,-10.350000000000001,2,True,False,True,False,False,incorrect_declare_done,0.05165122263133526,2,1,0,0,0,0,0,0,3,2,2,0.41663852272727275,0,7.0,0,0,0,0,0
1150,3183,access_vlan:SW1:eth1:20+access_vlan:SW2:eth2:10+trunk_remove:SW1:eth3:20+trunk_remove:SW2:eth3:10+trunk_remove:SW2:eth3:20,7837,7839,0.627695,-10.350000000000001,2,True,False,True,False,False,incorrect_declare_done,0.1447574943304062,2,1,0,0,0,0,0,0,3,0,0,0.2853159090909091,0,8.0,0,0,0,0,0
1151,3184,access_vlan:SW1:eth2:10+trunk_remove:SW1:eth3:10+trunk_remove:SW1:eth3:20,7839,7847,0.6273150000000001,-11.700000000000001,8,True,False,True,False,False,incorrect_declare_done,0.04865736095234752,8,4,3,0,0,0,0,0,3,0,0,1.7341533181818183,0,7.125,0,0,0,0,0
1152,3185,access_vlan:SW1:eth1:20+access_vlan:SW1:eth2:10+access_vlan:SW2:eth1:20,7847,7850,0.6271725,9.5,3,True,False,True,False,True,recovery_success,0.041448493798573814,3,1,1,0,0,0,0,0,0,3,3,1.1403848863636366,0,4.0,0,0,0,0,0
1153,3186,access_vlan:SW1:eth2:10+trunk_remove:SW1:eth3:10+trunk_remove:SW1:eth3:20,7850,7851,0.6271249999999999,-10.05,1,True,False,True,False,False,incorrect_declare_done,0.10294225811958313,1,0,0,0,0,0,0,0,3,0,0,0.25084999999999996,0,6.0,0,0,0,0,0
1154,3187,access_vlan:SW1:eth2:10+access_vlan:SW2:eth1:20+trunk_remove:SW1:eth3:10+trunk_remove:SW2:eth3:10,7851,7863,0.626555,-13.2,12,True,False,True,False,False,incorrect_declare_done,0.04021381439330677,12,10,1,0,0,0,0,0,2,0,0,2.5755568636363635,0,7.166666666666667,0,0,0,0,0
1155,3188,access_vlan:SW1:eth2:10+access_vlan:SW2:eth1:20+access_vlan:SW2:eth2:10+trunk_remove:SW1:eth3:20+trunk_remove:SW2:eth3:10,7863,7870,0.6262225,-11.55,7,True,False,True,False,False,incorrect_declare_done,0.02271733047174556,7,3,2,0,0,0,0,0,1,7,7,1.924592681818182,0,6.0,0,0,0,0,0
1156,3189,access_vlan:SW1:eth2:10+trunk_remove:SW1:eth3:10+trunk_remove:SW2:eth3:10,7870,7872,0.6261275,-10.350000000000001,2,True,False,True,False,False,incorrect_declare_done,0.07037818059325218,2,1,0,0,0,0,0,0,3,0,0,0.3586145454545454,0,7.5,0,0,0,0,0
1157,3190,access_vlan:SW1:eth1:20+access_vlan:SW1:eth2:10+access_vlan:SW2:eth2:10+trunk_remove:SW1:eth3:10+trunk_remove:SW1:eth3:20,7872,7885,0.62551,7.699999999999999,13,True,False,True,False,True,recovery_success,0.08362688095523761,13,3,9,0,0,0,0,0,0,13,13,5.563529772727273,0,3.3846153846153846,0,0,0,0,0
1158,3191,access_vlan:SW1:eth1:20+access_vlan:SW1:eth2:10+trunk_remove:SW1:eth3:10,7885,7888,0.6253675000000001,-11.15,3,True,False,True,False,False,incorrect_declare_done,0.08228910714387894,3,2,0,0,1,1,1,0,3,0,0,0.5173719318181819,1,7.666666666666667,0,0,1,0,0
1159,3192,access_vlan:SW1:eth1:20+access_vlan:SW2:eth2:10+trunk_remove:SW1:eth3:10+trunk_remove:SW2:eth3:20,7888,7890,0.6252725,-10.350000000000001,2,True,False,True,False,False,incorrect_declare_done,0.16077027842402458,2,1,0,0,0,0,0,0,4,0,0,0.0,0,10.5,0,0,0,0,0
1160,3193,access_vlan:SW1:eth1:20+access_vlan:SW2:eth2:10+trunk_remove:SW1:eth3:10,7890,7894,0.6250825,9.049999999999999,4,True,False,True,False,True,recovery_success,0.05161163676530123,4,3,0,0,0,0,0,0,0,2,2,1.3184577272727271,0,5.0,0,0,0,0,0
1161,3194,trunk_remove:SW2:eth3:10,7894,7899,0.6248450000000001,9.2,5,True,False,True,False,True,recovery_success,0.03823444321751594,5,1,3,0,0,0,0,0,0,5,5,2.420201454545455,0,2.4,0,0,0,0,0
1162,3195,access_vlan:SW1:eth1:20+access_vlan:SW1:eth2:10+access_vlan:SW2:eth1:20+access_vlan:SW2:eth2:10,7899,7903,0.624655,9.5,4,True,False,True,False,True,recovery_success,0.06362043973058462,4,0,3,0,0,0,0,0,0,4,4,1.9991240000000001,0,2.0,0,0,0,0,0
1163,3196,access_vlan:SW2:eth1:20+trunk_remove:SW1:eth3:10+trunk_remove:SW1:eth3:20+trunk_remove:SW2:eth3:20,7903,7904,0.6246075,-10.05,1,True,False,True,False,False,incorrect_declare_done,0.016173526644706726,1,0,0,0,0,0,0,0,3,0,0,0.18738225,0,7.0,0,0,0,0,0
1164,3197,access_vlan:SW1:eth1:20+access_vlan:SW1:eth2:10+access_vlan:SW2:eth2:10+trunk_remove:SW1:eth3:10+trunk_remove:SW2:eth3:10,7904,7919,0.6238950000000001,-13.5,15,True,False,True,False,False,incorrect_declare_done,0.037982721750934915,15,8,5,0,0,0,0,0,1,15,15,3.1947245909090913,0,7.2,0,0,0,0,0
1165,3198,access_vlan:SW1:eth1:20+access_vlan:SW2:eth1:20+trunk_remove:SW1:eth3:10+trunk_remove:SW1:eth3:20+trunk_remove:SW2:eth3:10+trunk_remove:SW2:eth3:20,7919,7931,0.623325,-12.9,12,True,False,True,False,False,incorrect_declare_done,0.021843493489238124,12,8,3,0,0,0,0,0,1,0,0,2.94756,0,6.583333333333333,0,0,0,0,0
1166,3199,access_vlan:SW2:eth1:20+trunk_remove:SW1:eth3:10+trunk_remove:SW1:eth3:20+trunk_remove:SW2:eth3:20,7931,7932,0.6232774999999999,-10.05,1,True,False,True,False,False,incorrect_declare_done,0.008948396891355515,1,0,0,0,0,0,0,0,3,0,0,0.18698325,0,7.0,0,0,0,0,0
1167,3200,access_vlan:SW2:eth1:20+trunk_remove:SW1:eth3:10,7932,7940,0.6228975,-11.700000000000001,8,True,False,True,False,False,incorrect_declare_done,0.010253592277877033,8,4,3,0,0,0,0,0,1,5,5,2.747135,0,4.875,0,0,0,0,0
1168,3201,access_vlan:SW1:eth1:20+access_vlan:SW1:eth2:10+access_vlan:SW2:eth1:20+trunk_remove:SW1:eth3:10+trunk_remove:SW1:eth3:20,7940,7949,0.6224700000000001,-11.850000000000001,9,True,False,True,False,False,incorrect_declare_done,0.013042974699702527,9,4,4,0,0,0,0,0,1,9,9,2.3094714545454544,0,6.333333333333333,0,0,0,0,0
1169,3202,access_vlan:SW1:eth2:10+trunk_remove:SW1:eth3:20,7949,7951,0.622375,-10.350000000000001,2,True,False,True,False,False,incorrect_declare_done,0.016117794904857874,2,1,0,0,0,0,0,0,3,2,2,0.5941089772727273,0,5.5,0,0,0,0,0
1170,3203,access_vlan:SW2:eth1:20+access_vlan:SW2:eth2:10+trunk_remove:SW1:eth3:10+trunk_remove:SW1:eth3:20,7951,7953,0.6222799999999999,-10.850000000000001,2,True,False,True,False,False,incorrect_declare_done,0.011285069165751338,2,1,0,0,1,1,1,0,3,0,0,0.40732004545454537,1,7.0,0,0,1,0,0
1171,3204,access_vlan:SW1:eth1:20+access_vlan:SW2:eth2:10+trunk_remove:SW1:eth3:20+trunk_remove:SW2:eth3:10+trunk_remove:SW2:eth3:20,7953,7960,0.6219475,-11.4,7,True,False,True,False,False,incorrect_declare_done,0.00991019034492118,7,3,3,0,0,0,0,0,4,0,0,0.7916990909090909,0,8.857142857142858,0,0,0,0,0
1172,3205,access_vlan:SW1:eth1:20+access_vlan:SW2:eth1:20+trunk_remove:SW1:eth3:10+trunk_remove:SW1:eth3:20+trunk_remove:SW2:eth3:10,7960,7965,0.62171,-11.25,5,True,False,True,False,False,incorrect_declare_done,0.008862991072237491,5,4,0,0,0,0,0,0,3,4,4,1.0231311363636362,0,7.2,0,0,0,0,0
1173,3206,access_vlan:SW1:eth1:20+access_vlan:SW2:eth1:20+trunk_remove:SW1:eth3:10,7965,7977,0.62114,7.05,12,True,False,True,False,True,recovery_success,0.010418829352905353,12,5,6,0,1,1,1,0,0,12,12,4.417257272727273,1,4.416666666666667,0,0,1,0,0
1174,3207,access_vlan:SW2:eth1:20+access_vlan:SW2:eth2:10+trunk_remove:SW1:eth3:10+trunk_remove:SW2:eth3:10+trunk_remove:SW2:eth3:20,7977,7989,0.6205700000000001,-13.85,12,True,False,True,False,False,incorrect_declare_done,0.010222696388761202,12,9,0,0,1,1,1,0,2,11,11,2.6017935681818187,1,7.083333333333333,0,0,1,0,0
1175,3208,access_vlan:SW1:eth1:20+access_vlan:SW2:eth1:20+trunk_remove:SW1:eth3:10,7989,7990,0.6205225,-10.05,1,True,False,True,False,False,incorrect_declare_done,0.007460332475602627,1,0,0,0,0,0,0,0,4,0,0,0.12410449999999999,0,8.0,0,0,1,-1,0
1176,3209,access_vlan:SW2:eth1:20+access_vlan:SW2:eth2:10+trunk_remove:SW1:eth3:10+trunk_remove:SW1:eth3:20+trunk_remove:SW2:eth3:20,7990,7991,0.620475,-10.05,1,True,False,True,False,False,incorrect_declare_done,0.011052990332245827,1,0,0,0,0,0,0,0,2,0,0,0.0620475,0,9.0,0,0,1,-1,0
1177,3210,access_vlan:SW1:eth1:20+access_vlan:SW2:eth1:20+trunk_remove:SW1:eth3:10+trunk_remove:SW1:eth3:20+trunk_remove:SW2:eth3:20,7991,8011,0.619525,5.45,20,True,False,True,False,True,recovery_success,0.019249578705057502,20,10,8,0,0,0,0,0,0,19,19,5.3533925,0,6.2,0,0,0,0,0
1178,3211,access_vlan:SW1:eth1:20+access_vlan:SW2:eth1:20+trunk_remove:SW1:eth3:10,8011,8014,0.6193825,-11.15,3,True,False,True,False,False,incorrect_declare_done,0.023042285193999607,3,2,0,0,1,1,1,0,3,0,0,0.5743641363636363,1,7.333333333333333,0,0,1,0,0
1179,3212,access_vlan:SW1:eth2:10+trunk_remove:SW2:eth3:20,8014,8020,0.6190975000000001,-10.950000000000001,6,True,False,True,False,False,incorrect_declare_done,0.030095331370830536,6,1,4,0,0,0,0,0,3,1,1,1.7169231818181818,0,5.833333333333333,0,0,0,0,0
1180,3213,access_vlan:SW1:eth1:20+access_vlan:SW1:eth2:10+trunk_remove:SW1:eth3:20+trunk_remove:SW2:eth3:10+trunk_remove:SW2:eth3:20,8020,8032,0.6185275,-13.25,12,True,False,True,False,False,incorrect_declare_done,0.02111045674731334,12,5,4,0,1,1,1,0,3,0,0,2.030741590909091,1,7.916666666666667,0,0,1,0,0
1181,3214,access_vlan:SW1:eth1:20+access_vlan:SW1:eth2:10+access_vlan:SW2:eth2:10+trunk_remove:SW1:eth3:20,8032,8039,0.618195,-11.55,7,True,False,True,False,False,incorrect_declare_done,0.018193517811596394,7,3,2,0,0,0,0,0,3,5,5,1.9955502272727272,0,5.857142857142857,0,0,0,0,0
1182,3215,access_vlan:SW1:eth1:20+access_vlan:SW2:eth1:20+access_vlan:SW2:eth2:10+trunk_remove:SW1:eth3:10,8039,8048,0.6177675,-11.850000000000001,9,True,False,True,False,False,incorrect_declare_done,0.021891444300611813,9,4,4,0,0,0,0,0,3,9,9,2.6122943181818186,0,5.666666666666667,0,0,0,0,0
1183,3216,access_vlan:SW2:eth2:10+trunk_remove:SW1:eth3:10+trunk_remove:SW2:eth3:10,8048,8049,0.61772,-10.05,1,True,False,True,False,False,incorrect_declare_done,0.03082101419568062,1,0,0,0,0,0,0,0,3,0,0,0.185316,0,7.0,0,0,0,0,0
1184,3217,access_vlan:SW1:eth1:20+access_vlan:SW2:eth2:10+trunk_remove:SW1:eth3:10+trunk_remove:SW2:eth3:10,8049,8058,0.6172925,-12.450000000000001,9,True,False,True,False,False,incorrect_declare_done,0.015762514227794275,9,5,0,0,0,0,0,0,1,6,6,2.64941790909091,0,5.666666666666667,0,0,0,0,0
1185,3218,access_vlan:SW1:eth2:10+access_vlan:SW2:eth1:20+trunk_remove:SW1:eth3:10+trunk_remove:SW1:eth3:20+trunk_remove:SW2:eth3:10+trunk_remove:SW2:eth3:20,8058,8085,0.61601,3.9499999999999984,27,True,False,True,False,True,recovery_success,0.011632748689778425,27,11,12,0,0,0,0,0,0,11,11,8.126185909090909,0,5.592592592592593,0,0,0,0,0
1186,3219,access_vlan:SW2:eth2:10+trunk_remove:SW1:eth3:10+trunk_remove:SW1:eth3:20+trunk_remove:SW2:eth3:10+trunk_remove:SW2:eth3:20,8085,8108,0.6149175,-14.4,23,True,False,True,False,False,incorrect_declare_done,0.007893009131531353,23,7,15,0,0,0,0,0,1,4,4,6.187603704545455,0,6.130434782608695,0,0,0,0,0
1187,3220,access_vlan:SW1:eth2:10+access_vlan:SW2:eth1:20+trunk_remove:SW1:eth3:10+trunk_remove:SW2:eth3:10+trunk_remove:SW2:eth3:20,8108,8114,0.6146325,-11.25,6,True,False,True,False,False,incorrect_declare_done,0.00830403994768858,6,3,2,0,0,0,0,0,3,0,0,1.005930681818182,0,7.833333333333333,0,0,0,0,0
1188,3221,access_vlan:SW2:eth1:20+trunk_remove:SW1:eth3:10+trunk_remove:SW1:eth3:20+trunk_remove:SW2:eth3:10,8114,8127,0.614015,-12.600000000000001,13,True,False,True,False,False,incorrect_declare_done,0.0221390427233508,13,5,7,0,0,0,0,0,3,0,0,2.367870590909091,0,7.6923076923076925,0,0,0,0,0
1189,3222,access_vlan:SW1:eth2:10+access_vlan:SW2:eth2:10+trunk_remove:SW1:eth3:20+trunk_remove:SW2:eth3:20,8127,8140,0.6133975,-13.1,13,True,False,True,False,False,incorrect_declare_done,0.02608277705999521,13,4,7,0,1,1,1,0,1,5,5,4.0277780454545455,1,5.384615384615385,0,0,1,0,0
1190,3223,access_vlan:SW1:eth1:20+trunk_remove:SW1:eth3:10+trunk_remove:SW1:eth3:20,8140,8146,0.6131125,-11.100000000000001,6,True,False,True,False,False,incorrect_declare_done,0.038979186521222196,6,1,3,0,0,0,0,0,3,0,0,1.3156597727272725,0,6.666666666666667,0,0,0,0,0
1191,3224,access_vlan:SW1:eth1:20+access_vlan:SW2:eth1:20+access_vlan:SW2:eth2:10+trunk_remove:SW2:eth3:20,8146,8157,0.61259,-12.3,11,True,False,True,False,False,incorrect_declare_done,0.014816404785960913,11,3,5,0,0,0,0,0,1,7,7,3.888576636363637,0,4.545454545454546,0,0,0,0,0
1192,3225,access_vlan:SW2:eth1:20+trunk_remove:SW1:eth3:20,8157,8158,0.6125425,-10.05,1,True,False,True,False,False,incorrect_declare_done,0.010033439844846725,1,0,0,0,0,0,0,0,3,0,0,0.24501699999999998,0,6.0,0,0,0,0,0
1193,3226,trunk_remove:SW2:eth3:10+trunk_remove:SW2:eth3:20,8158,8159,0.612495,-10.05,1,True,False,True,False,False,incorrect_declare_done,0.00798069965094328,1,0,0,0,0,0,0,0,2,0,0,0.244998,0,6.0,0,0,0,0,0
1194,3227,access_vlan:SW2:eth2:10+trunk_remove:SW1:eth3:10+trunk_remove:SW2:eth3:10,8159,8163,0.612305,-10.950000000000001,4,True,False,True,False,False,incorrect_declare_done,0.022752600023522973,4,2,0,0,0,0,0,0,3,0,0,0.8517551590909092,0,7.0,0,0,0,0,0
1195,3228,access_vlan:SW1:eth1:20+access_vlan:SW2:eth1:20+access_vlan:SW2:eth2:10+trunk_remove:SW2:eth3:10+trunk_remove:SW2:eth3:20,8163,8173,0.61183,7.85,10,True,False,True,False,True,recovery_success,0.03150547854602337,10,5,4,0,0,0,0,0,0,9,9,2.9376381363636366,0,5.6,0,0,0,0,0
1196,3229,access_vlan:SW1:eth1:20+access_vlan:SW1:eth2:10+trunk_remove:SW1:eth3:10,8173,8182,0.6114025000000001,-12.350000000000001,9,True,False,True,False,False,incorrect_declare_done,0.02651814862878786,9,3,4,0,1,1,1,0,3,6,6,2.2849912045454546,1,6.333333333333333,0,0,1,0,0
1197,3230,access_vlan:SW1:eth2:10+access_vlan:SW2:eth2:10+trunk_remove:SW1:eth3:10,8182,8189,0.61107,8.299999999999999,7,True,False,True,False,True,recovery_success,0.011223551950284414,7,5,1,0,0,0,0,0,0,5,5,2.1168852727272727,0,5.428571428571429,0,0,0,0,0
1198,3231,access_vlan:SW1:eth2:10+access_vlan:SW2:eth1:20+access_vlan:SW2:eth2:10+trunk_remove:SW1:eth3:10+trunk_remove:SW1:eth3:20+trunk_remove:SW2:eth3:10+trunk_remove:SW2:eth3:20,8189,8208,0.6101675,-14.25,19,True,False,True,False,False,incorrect_declare_done,0.011812055336409494,19,9,8,0,0,0,0,0,1,19,19,4.823308409090909,0,6.315789473684211,0,0,0,0,0
1199,3232,access_vlan:SW1:eth1:20+access_vlan:SW2:eth1:20+access_vlan:SW2:eth2:10+trunk_remove:SW1:eth3:10+trunk_remove:SW2:eth3:20,8208,8222,0.6095025000000001,-12.450000000000001,14,True,False,True,False,False,incorrect_declare_done,0.03469943524604397,14,2,10,0,0,0,0,0,3,14,14,3.093493818181818,0,6.714285714285714,0,0,0,0,0
1200,3233,access_vlan:SW1:eth2:10+access_vlan:SW2:eth1:20+access_vlan:SW2:eth2:10+trunk_remove:SW1:eth3:10+trunk_remove:SW1:eth3:20+trunk_remove:SW2:eth3:10,8222,8240,0.6086475,-13.95,18,True,False,True,False,False,incorrect_declare_done,0.018747053290199902,18,7,8,0,0,0,0,0,1,18,18,5.054736954545456,0,5.888888888888889,0,0,0,0,0
1201,3234,access_vlan:SW1:eth1:20+access_vlan:SW2:eth2:10+trunk_remove:SW1:eth3:10+trunk_remove:SW2:eth3:10+trunk_remove:SW2:eth3:20,8240,8255,0.607935,-12.9,15,True,False,True,False,False,incorrect_declare_done,0.008803283578405778,15,4,9,0,0,0,0,0,1,6,6,4.6998299999999995,0,5.266666666666667,0,0,0,0,0
1202,3235,access_vlan:SW2:eth2:10+trunk_remove:SW1:eth3:10+trunk_remove:SW2:eth3:10,8255,8273,0.6070800000000001,-14.1,18,True,False,True,False,False,incorrect_declare_done,0.008791477949772444,18,8,7,0,0,0,0,0,2,0,0,3.8601632727272728,0,7.0,0,0,0,0,0
1203,3236,access_vlan:SW1:eth1:20+access_vlan:SW2:eth2:10+trunk_remove:SW1:eth3:10+trunk_remove:SW2:eth3:10+trunk_remove:SW2:eth3:20,8273,8277,0.60689,-10.65,4,True,False,True,False,False,incorrect_declare_done,0.009033731184899807,4,1,2,0,0,0,0,0,3,3,3,0.8276420454545454,0,7.0,0,0,0,0,0
1204,3237,access_vlan:SW1:eth1:20+access_vlan:SW2:eth1:20+trunk_remove:SW1:eth3:20+trunk_remove:SW2:eth3:10,8277,8284,0.6065575000000001,-11.4,7,True,False,True,False,False,incorrect_declare_done,0.007435663004538843,7,3,3,0,0,0,0,0,2,5,5,1.389831931818182,0,7.142857142857143,0,0,0,0,0
1205,3238,access_vlan:SW2:eth1:20+access_vlan:SW2:eth2:10+trunk_remove:SW1:eth3:10+trunk_remove:SW1:eth3:20,8284,8288,0.6063675,-11.3,4,True,False,True,False,False,incorrect_declare_done,0.011219106148928404,4,2,1,0,1,1,1,0,3,0,0,0.518220409090909,1,8.25,0,0,1,0,0
1206,3239,access_vlan:SW2:eth1:20+access_vlan:SW2:eth2:10+trunk_remove:SW1:eth3:10+trunk_remove:SW2:eth3:20,8288,8293,0.6061300000000001,-11.600000000000001,5,True,False,True,False,False,incorrect_declare_done,0.009852980636060238,5,3,1,0,1,1,1,0,3,2,2,0.6833662272727273,1,8.2,0,0,1,0,0
1207,3240,trunk_remove:SW1:eth3:10+trunk_remove:SW1:eth3:20+trunk_remove:SW2:eth3:10,8293,8301,0.60575,8.149999999999999,8,True,False,True,False,True,recovery_success,0.029276836314238608,8,4,2,0,0,0,0,0,0,4,4,2.6879845,0,4.75,0,0,0,0,0
1208,3241,access_vlan:SW1:eth2:10+access_vlan:SW2:eth2:10+trunk_remove:SW1:eth3:20,8301,8304,0.6056075000000001,-11.0,3,True,False,True,False,False,incorrect_declare_done,0.009241121976325909,3,1,1,0,1,1,1,0,3,1,1,0.7818291363636365,1,6.0,0,0,1,0,0
1209,3242,access_vlan:SW2:eth1:20+access_vlan:SW2:eth2:10+trunk_remove:SW2:eth3:10,8304,8309,0.60537,-11.450000000000001,5,True,False,True,False,False,incorrect_declare_done,0.007366848737001419,5,2,2,0,1,1,1,0,3,4,4,1.1063246363636363,1,6.8,0,0,1,0,0
1210,3243,access_vlan:SW1:eth1:20+access_vlan:SW2:eth1:20+access_vlan:SW2:eth2:10+trunk_remove:SW1:eth3:10+trunk_remove:SW1:eth3:20+trunk_remove:SW2:eth3:10,8309,8311,0.605275,-10.350000000000001,2,True,False,True,False,False,incorrect_declare_done,0.011968368664383888,2,1,0,0,0,0,0,0,3,2,2,0.407204,0,7.0,0,0,0,0,0
1211,3244,access_vlan:SW1:eth1:20+access_vlan:SW1:eth2:10,8311,8317,0.60499,-11.75,6,True,False,True,False,False,incorrect_declare_done,0.012121068003276983,6,3,2,0,1,1,1,0,3,3,3,1.3751672727272728,1,6.666666666666667,0,0,1,0,0
1212,3245,access_vlan:SW1:eth1:20+access_vlan:SW2:eth2:10+trunk_remove:SW1:eth3:10+trunk_remove:SW2:eth3:10+trunk_remove:SW2:eth3:20,8317,8327,0.604515,-12.15,10,True,False,True,False,False,incorrect_declare_done,0.010486444737762213,10,4,4,0,0,0,0,0,1,1,1,2.748538181818182,0,5.9,0,0,0,0,0
1213,3246,access_vlan:SW1:eth1:20+trunk_remove:SW1:eth3:10+trunk_remove:SW2:eth3:20,8327,8328,0.6044675,-10.05,1,True,False,True,False,False,incorrect_declare_done,0.055267322808504105,1,0,0,0,0,0,0,0,3,0,0,0.24178700000000003,0,6.0,0,0,0,0,0
1214,3247,access_vlan:SW1:eth1:20+access_vlan:SW2:eth1:20+access_vlan:SW2:eth2:10+trunk_remove:SW2:eth3:20,8328,8335,0.604135,-11.4,7,True,False,True,False,False,incorrect_declare_done,0.01701442731012191,7,2,3,0,0,0,0,0,1,4,4,2.2412493636363635,0,5.0,0,0,0,0,0
1215,3248,access_vlan:SW1:eth1:20+access_vlan:SW2:eth2:10,8335,8341,0.60385,-11.4,6,True,False,True,False,False,incorrect_declare_done,0.017092842298249405,6,4,1,0,0,0,0,0,1,2,2,1.4165557727272728,0,6.5,0,0,0,0,0
1216,3249,access_vlan:SW1:eth1:20+trunk_remove:SW1:eth3:20+trunk_remove:SW2:eth3:20,8341,8355,0.6031850000000001,-13.05,14,True,False,True,False,False,incorrect_declare_done,0.020124036386342987,14,5,6,0,0,0,0,0,2,0,0,2.9734897727272727,0,6.928571428571429,0,0,0,0,0
1217,3250,access_vlan:SW1:eth2:10+access_vlan:SW2:eth2:10+trunk_remove:SW1:eth3:10+trunk_remove:SW1:eth3:20+trunk_remove:SW2:eth3:10,8355,8356,0.6031375,-10.05,1,True,False,True,False,False,incorrect_declare_done,0.020970210433006287,1,0,0,0,0,0,0,0,4,0,0,0.0,0,10.0,0,0,0,0,0
1218,3251,access_vlan:SW1:eth2:10+access_vlan:SW2:eth1:20+access_vlan:SW2:eth2:10+trunk_remove:SW1:eth3:10,8356,8364,0.6027575000000001,-11.700000000000001,8,True,False,True,False,False,incorrect_declare_done,0.03982967522460967,8,3,3,0,0,0,0,0,3,8,8,1.6005187272727275,0,7.125,0,0,0,0,0
1219,3252,access_vlan:SW2:eth1:20+access_vlan:SW2:eth2:10+trunk_remove:SW1:eth3:20,8364,8372,0.6023775,-12.200000000000001,8,True,False,True,False,False,incorrect_declare_done,0.02120174712035805,8,4,3,0,1,1,1,0,1,2,2,2.3607544090909087,1,5.5,0,0,1,0,0
1220,3253,access_vlan:SW1:eth1:20+access_vlan:SW1:eth2:10+access_vlan:SW2:eth2:10+trunk_remove:SW1:eth3:10+trunk_remove:SW1:eth3:20,8372,8387,0.601665,-13.2,15,True,False,True,False,False,incorrect_declare_done,0.01418712583060066,15,6,7,0,0,0,0,0,2,15,15,3.480699681818182,0,6.6,0,0,0,0,0
1221,3254,access_vlan:SW1:eth2:10+trunk_remove:SW1:eth3:10,8387,8400,0.6010475,7.549999999999999,13,True,False,True,False,True,recovery_success,0.02489203580010396,13,4,8,0,0,0,0,0,0,9,9,5.269511318181819,0,3.5384615384615383,0,0,0,0,0
1222,3255,access_vlan:SW1:eth1:20+access_vlan:SW2:eth1:20,8400,8402,0.6009525,-10.850000000000001,2,True,False,True,False,False,incorrect_declare_done,0.00815690541639924,2,1,0,0,1,1,1,0,3,1,1,0.4479922727272727,1,6.5,0,0,1,0,0
1223,3256,access_vlan:SW1:eth1:20+trunk_remove:SW2:eth3:10+trunk_remove:SW2:eth3:20,8402,8406,0.6007625000000001,-10.65,4,True,False,True,False,False,incorrect_declare_done,0.009599485318176448,4,1,2,0,0,0,0,0,3,0,0,0.8957910909090909,0,6.75,0,0,0,0,0
1224,3257,access_vlan:SW1:eth2:10+access_vlan:SW2:eth1:20+access_vlan:SW2:eth2:10+trunk_remove:SW1:eth3:10,8406,8411,0.600525,-11.100000000000001,5,True,False,True,False,False,incorrect_declare_done,0.00994155677035451,5,2,1,0,0,0,0,0,3,5,5,1.1357195454545455,0,6.6,0,0,0,0,0
1225,3258,access_vlan:SW2:eth1:20+access_vlan:SW2:eth2:10+trunk_remove:SW1:eth3:20+trunk_remove:SW2:eth3:10,8411,8414,0.6003825,-11.15,3,True,False,True,False,False,incorrect_declare_done,0.011923315313955149,3,2,0,0,1,1,1,0,3,0,0,0.3930009545454546,1,8.333333333333334,0,0,1,0,0
1226,3259,access_vlan:SW2:eth2:10+trunk_remove:SW2:eth3:20,8414,8418,0.6001925,9.2,4,True,False,True,False,True,recovery_success,0.011070566601119936,4,2,1,0,0,0,0,0,0,3,3,1.664340681818182,0,3.25,0,0,0,0,0
1227,3260,access_vlan:SW2:eth2:10+trunk_remove:SW2:eth3:10+trunk_remove:SW2:eth3:20,8418,8423,0.599955,-10.950000000000001,5,True,False,True,False,False,incorrect_declare_done,0.00898765930905938,5,2,2,0,0,0,0,0,3,0,0,1.1019195000000002,0,6.6,0,0,0,0,0
1228,3261,access_vlan:SW1:eth2:10+trunk_remove:SW1:eth3:20+trunk_remove:SW2:eth3:10,8423,8435,0.5993850000000001,-12.9,12,True,False,True,False,False,incorrect_declare_done,0.008318191122574111,12,8,3,0,0,0,0,0,2,0,0,2.5730249545454544,0,6.916666666666667,0,0,0,0,0
1229,3262,access_vlan:SW2:eth1:20+access_vlan:SW2:eth2:10+trunk_remove:SW2:eth3:10+trunk_remove:SW2:eth3:20,8435,8443,0.599005,-12.200000000000001,8,True,False,True,False,False,incorrect_declare_done,0.008284616458695382,8,4,3,0,1,1,1,0,1,1,1,1.6449529545454546,1,7.125,0,0,1,0,0
1230,3263,access_vlan:SW1:eth1:20+access_vlan:SW2:eth2:10+trunk_remove:SW2:eth3:10,8443,8459,0.598245,-13.5,16,True,False,True,False,False,incorrect_declare_done,0.00722205059719272,16,7,7,0,0,0,0,0,1,4,4,4.418450363636364,0,5.875,0,0,0,0,0
1231,3264,access_vlan:SW2:eth1:20+access_vlan:SW2:eth2:10+trunk_remove:SW1:eth3:10+trunk_remove:SW1:eth3:20,8459,8460,0.5981975,-10.05,1,True,False,True,False,False,incorrect_declare_done,0.006571135018020868,1,0,0,0,0,0,0,0,2,0,0,0.11963950000000001,0,8.0,0,0,1,-1,0
1232,3265,access_vlan:SW1:eth1:20+access_vlan:SW2:eth1:20+trunk_remove:SW1:eth3:10+trunk_remove:SW2:eth3:10+trunk_remove:SW2:eth3:20,8460,8468,0.5978175,-11.55,8,True,False,True,False,False,incorrect_declare_done,0.0056258678960148245,8,3,4,0,0,0,0,0,2,0,0,1.7449836363636366,0,6.875,0,0,0,0,0
1233,3266,access_vlan:SW2:eth1:20+access_vlan:SW2:eth2:10+trunk_remove:SW1:eth3:20+trunk_remove:SW2:eth3:10+trunk_remove:SW2:eth3:20,8468,8479,0.597295,-13.1,11,True,False,True,False,False,incorrect_declare_done,0.010921626775102182,11,7,3,0,1,1,1,0,3,0,0,1.6892556363636364,1,8.090909090909092,0,0,1,0,0
1234,3267,access_vlan:SW1:eth1:20+access_vlan:SW2:eth2:10+trunk_remove:SW1:eth3:10,8479,8509,0.59587,-7.949999999999998,30,True,False,False,True,False,step_limit,0.013249844421322148,30,21,7,0,0,0,0,0,1,0,0,6.160430227272728,0,7.133333333333334,0,0,0,0,0
1235,3268,access_vlan:SW1:eth1:20+access_vlan:SW2:eth1:20+access_vlan:SW2:eth2:10+trunk_remove:SW1:eth3:20+trunk_remove:SW2:eth3:10+trunk_remove:SW2:eth3:20,8509,8515,0.595585,-11.4,6,True,False,True,False,False,incorrect_declare_done,0.015706532479574282,6,3,1,0,0,0,0,0,2,6,6,1.2780354545454544,0,6.833333333333333,0,0,0,0,0
1236,3269,access_vlan:SW1:eth1:20+access_vlan:SW2:eth2:10+trunk_remove:SW1:eth3:10+trunk_remove:SW2:eth3:20,8515,8545,0.59416,-7.9499999999999975,30,True,False,False,True,False,step_limit,0.009584547641376654,30,17,7,0,0,0,0,0,2,0,0,4.865471818181819,0,7.866666666666666,0,0,0,0,0
1237,3270,access_vlan:SW1:eth2:10+access_vlan:SW2:eth2:10+trunk_remove:SW1:eth3:10+trunk_remove:SW2:eth3:10+trunk_remove:SW2:eth3:20,8545,8571,0.592925,3.3500000000000005,26,True,False,True,False,True,recovery_success,0.011312212759199051,26,17,6,0,0,0,0,0,0,13,13,7.660621590909091,0,5.5,0,0,0,0,0
1238,3271,access_vlan:SW1:eth1:20+access_vlan:SW2:eth1:20+access_vlan:SW2:eth2:10+trunk_remove:SW1:eth3:10+trunk_remove:SW1:eth3:20+trunk_remove:SW2:eth3:10+trunk_remove:SW2:eth3:20,8571,8582,0.5924025,-12.600000000000001,11,True,False,True,False,False,incorrect_declare_done,0.024278610775416546,11,7,3,0,0,0,0,0,2,11,11,2.257357454545455,0,7.0,0,0,0,0,0
1239,3272,access_vlan:SW1:eth1:20+access_vlan:SW1:eth2:10+access_vlan:SW2:eth2:10+trunk_remove:SW1:eth3:10,8582,8584,0.5923075,-10.200000000000001,2,True,False,True,False,False,incorrect_declare_done,0.009263382060453296,2,0,1,0,0,0,0,0,3,2,2,0.473865,0,6.0,0,0,0,0,0
1240,3273,access_vlan:SW1:eth1:20+access_vlan:SW1:eth2:10+trunk_remove:SW1:eth3:20,8584,8600,0.5915475,6.15,16,True,False,True,False,True,recovery_success,0.02082740410696715,16,6,8,0,1,1,1,0,0,15,15,5.869992590909091,1,4.125,0,0,1,0,0
1241,3274,access_vlan:SW1:eth1:20+access_vlan:SW1:eth2:10+access_vlan:SW2:eth2:10+trunk_remove:SW1:eth3:10+trunk_remove:SW1:eth3:20+trunk_remove:SW2:eth3:10,8600,8603,0.591405,-10.65,3,True,False,True,False,False,incorrect_declare_done,0.01645769861837228,3,2,0,0,0,0,0,0,1,3,3,0.7151038636363637,0,6.333333333333333,0,0,0,0,0
1242,3275,access_vlan:SW2:eth1:20+trunk_remove:SW1:eth3:10+trunk_remove:SW2:eth3:10+trunk_remove:SW2:eth3:20,8603,8617,0.59074,-13.05,14,True,False,True,False,False,incorrect_declare_done,0.012785537833614009,14,6,6,0,0,0,0,0,1,3,3,3.556862227272728,0,6.142857142857143,0,0,0,0,0
1243,3276,access_vlan:SW1:eth2:10+access_vlan:SW2:eth2:10+trunk_remove:SW1:eth3:20+trunk_remove:SW2:eth3:20,8617,8626,0.5903125,-12.5,9,True,False,True,False,False,incorrect_declare_done,0.030861520415378943,9,4,3,0,1,1,1,0,3,5,5,2.4263973636363634,1,5.888888888888889,0,0,1,0,0
1244,3277,access_vlan:SW1:eth1:20+access_vlan:SW2:eth1:20+trunk_remove:SW1:eth3:10+trunk_remove:SW1:eth3:20+trunk_remove:SW2:eth3:20,8626,8635,0.589885,-11.700000000000001,9,True,False,True,False,False,incorrect_declare_done,0.015136443595919345,9,3,5,0,0,0,0,0,1,1,1,2.199158863636364,0,6.333333333333333,0,0,0,0,0
1245,3278,access_vlan:SW1:eth1:20+access_vlan:SW2:eth1:20+access_vlan:SW2:eth2:10+trunk_remove:SW2:eth3:20,8635,8638,0.5897425000000001,-10.65,3,True,False,True,False,False,incorrect_declare_done,0.010837454038361708,3,2,0,0,0,0,0,0,1,3,3,0.7720775,0,6.0,0,0,0,0,0
1246,3279,access_vlan:SW1:eth1:20+access_vlan:SW2:eth1:20+trunk_remove:SW1:eth3:10+trunk_remove:SW2:eth3:10+trunk_remove:SW2:eth3:20,8638,8652,0.5890775,-13.65,14,True,False,True,False,False,incorrect_declare_done,0.035776775263782055,14,10,2,0,0,0,0,0,1,1,1,3.1662192727272727,0,6.714285714285714,0,0,0,0,0
1247,3280,access_vlan:SW2:eth1:20+access_vlan:SW2:eth2:10+trunk_remove:SW1:eth3:20+trunk_remove:SW2:eth3:20,8652,8660,0.5886975000000001,-12.05,8,True,False,True,False,False,incorrect_declare_done,0.022134557308163494,8,3,4,0,1,1,1,0,3,5,5,1.0705318181818182,1,8.125,0,0,1,0,0
1248,3281,access_vlan:SW1:eth1:20+access_vlan:SW1:eth2:10+trunk_remove:SW2:eth3:10+trunk_remove:SW2:eth3:20,8660,8667,0.588365,-11.75,7,True,False,True,False,False,incorrect_declare_done,0.03169055189937353,7,2,4,0,1,1,1,0,3,0,0,1.1449059545454545,1,7.714285714285714,0,0,1,0,0
1249,3282,trunk_remove:SW1:eth3:10+trunk_remove:SW2:eth3:20,8667,8687,0.587415,-14.1,20,True,False,True,False,False,incorrect_declare_done,0.03779405765235424,20,6,11,0,0,0,0,0,1,10,10,6.64806359090909,0,4.75,0,0,0,0,0
1250,3283,access_vlan:SW1:eth2:10+trunk_remove:SW1:eth3:20,8687,8697,0.58694,8.299999999999999,10,True,False,True,False,True,recovery_success,0.015817954391241073,10,2,7,0,0,0,0,0,0,7,7,4.216667386363636,0,3.0,0,0,0,0,0
1251,3284,access_vlan:SW1:eth1:20+access_vlan:SW2:eth1:20+access_vlan:SW2:eth2:10+trunk_remove:SW1:eth3:10+trunk_remove:SW2:eth3:10,8697,8700,0.5867975000000001,-10.5,3,True,False,True,False,False,incorrect_declare_done,0.013897096738219261,3,1,1,0,0,0,0,0,1,3,3,1.0403096590909091,0,4.333333333333333,0,0,0,0,0
1252,3285,access_vlan:SW1:eth1:20+access_vlan:SW2:eth1:20+access_vlan:SW2:eth2:10+trunk_remove:SW1:eth3:20+trunk_remove:SW2:eth3:10,8700,8702,0.5867025,-10.200000000000001,2,True,False,True,False,False,incorrect_declare_done,0.014108822215348482,2,0,1,0,0,0,0,0,3,2,2,0.469381,0,6.0,0,0,0,0,0
1253,3286,access_vlan:SW2:eth1:20+trunk_remove:SW1:eth3:10+trunk_remove:SW1:eth3:20+trunk_remove:SW2:eth3:10,8702,8711,0.5862750000000001,-11.850000000000001,9,True,False,True,False,False,incorrect_declare_done,0.012197378350214826,9,4,4,0,0,0,0,0,1,4,4,2.516392863636364,0,5.555555555555555,0,0,0,0,0
1254,3287,trunk_remove:SW1:eth3:20+trunk_remove:SW2:eth3:10,8711,8716,0.5860375,-11.100000000000001,5,True,False,True,False,False,incorrect_declare_done,0.01422412171959877,5,3,1,0,0,0,0,0,2,0,0,1.1083284545454546,0,6.6,0,0,0,0,0
1255,3288,access_vlan:SW1:eth1:20+access_vlan:SW1:eth2:10+access_vlan:SW2:eth1:20+trunk_remove:SW1:eth3:10+trunk_remove:SW1:eth3:20+trunk_remove:SW2:eth3:20,8716,8738,0.5849925,-14.85,22,True,False,True,False,False,incorrect_declare_done,0.019161514027721503,22,8,10,0,0,0,0,0,3,22,22,3.6887056363636366,0,7.818181818181818,0,0,0,0,0
1256,3289,access_vlan:SW1:eth1:20+access_vlan:SW2:eth1:20+trunk_remove:SW1:eth3:20+trunk_remove:SW2:eth3:10+trunk_remove:SW2:eth3:20,8738,8741,0.5848500000000001,-10.65,3,True,False,True,False,False,incorrect_declare_done,0.07500849353770415,3,2,0,0,0,0,0,0,2,2,2,0.4785309090909091,0,7.666666666666667,0,0,0,0,0
1257,3290,trunk_remove:SW1:eth3:20+trunk_remove:SW2:eth3:10+trunk_remove:SW2:eth3:20,8741,8744,0.5847075,-10.5,3,True,False,True,False,False,incorrect_declare_done,0.03969917446374893,3,1,1,0,0,0,0,0,2,0,0,0.6591800909090909,0,6.666666666666667,0,0,0,0,0
1258,3291,access_vlan:SW1:eth2:10+access_vlan:SW2:eth2:10+trunk_remove:SW1:eth3:10+trunk_remove:SW2:eth3:10+trunk_remove:SW2:eth3:20,8744,8766,0.5836625,4.55,22,True,False,True,False,True,recovery_success,0.03535135949707844,22,12,6,0,0,0,0,0,0,5,5,5.203080454545455,0,6.5,0,0,0,0,0
1259,3292,access_vlan:SW1:eth2:10+trunk_remove:SW1:eth3:10+trunk_remove:SW2:eth3:10+trunk_remove:SW2:eth3:20,8766,8774,0.5832825,-11.25,8,True,False,True,False,False,incorrect_declare_done,0.0218917514430359,8,1,6,0,0,0,0,0,3,0,0,1.35255,0,7.375,0,0,0,0,0
1260,3293,access_vlan:SW1:eth1:20+access_vlan:SW1:eth2:10+access_vlan:SW2:eth2:10+trunk_remove:SW1:eth3:10+trunk_remove:SW2:eth3:20,8774,8802,0.5819525000000001,-16.35,28,True,False,True,False,False,incorrect_declare_done,0.031147418676742485,28,14,12,0,0,0,0,0,1,28,28,7.403429,0,5.964285714285714,0,0,0,0,0
1261,3294,access_vlan:SW1:eth1:20+access_vlan:SW2:eth1:20+access_vlan:SW2:eth2:10+trunk_remove:SW1:eth3:10+trunk_remove:SW1:eth3:20,8802,8804,0.5818575,-10.350000000000001,2,True,False,True,False,False,incorrect_declare_done,0.02798388060182333,2,1,0,0,0,0,0,0,3,2,2,0.44434654545454544,0,6.5,0,0,0,0,0
1262,3295,access_vlan:SW1:eth1:20+access_vlan:SW2:eth2:10+trunk_remove:SW1:eth3:10+trunk_remove:SW1:eth3:20+trunk_remove:SW2:eth3:10,8804,8805,0.58181,-10.05,1,True,False,True,False,False,incorrect_declare_done,0.01579568162560463,1,0,0,0,0,0,0,0,4,0,0,0.0,0,10.0,0,0,0,0,0
1263,3296,access_vlan:SW1:eth1:20+access_vlan:SW2:eth2:10+trunk_remove:SW1:eth3:10,8805,8819,0.581145,-13.35,14,True,False,True,False,False,incorrect_declare_done,0.017123207982097353,14,9,4,0,0,0,0,0,2,0,0,2.600575227272727,0,7.428571428571429,0,0,0,0,0
1264,3297,access_vlan:SW2:eth2:10+trunk_remove:SW1:eth3:10,8819,8826,0.5808125000000001,-11.55,7,True,False,True,False,False,incorrect_declare_done,0.01264700133885656,7,4,2,0,0,0,0,0,3,0,0,1.3414701363636365,0,7.285714285714286,0,0,0,0,0
1265,3298,access_vlan:SW1:eth1:20+access_vlan:SW1:eth2:10+access_vlan:SW2:eth2:10+trunk_remove:SW1:eth3:10+trunk_remove:SW1:eth3:20+trunk_remove:SW2:eth3:10+trunk_remove:SW2:eth3:20,8826,8828,0.5807175,-10.350000000000001,2,True,False,True,False,False,incorrect_declare_done,0.00939156673848629,2,1,0,0,0,0,0,0,3,2,2,0.332607,0,7.5,0,0,0,0,0
1266,3299,access_vlan:SW1:eth1:20+trunk_remove:SW2:eth3:10+trunk_remove:SW2:eth3:20,8828,8836,0.5803375000000001,-11.55,8,True,False,True,False,False,incorrect_declare_done,0.009744368842802942,8,3,4,0,0,0,0,0,2,0,0,1.667647090909091,0,6.75,0,0,0,0,0
1267,3300,access_vlan:SW1:eth2:10+access_vlan:SW2:eth2:10+trunk_remove:SW1:eth3:20+trunk_remove:SW2:eth3:10+trunk_remove:SW2:eth3:20,8836,8854,0.5794825,-14.25,18,True,False,True,False,False,incorrect_declare_done,0.012752384076722793,18,9,6,0,0,0,0,0,2,0,0,3.853574681818182,0,6.888888888888889,0,0,0,0,0
1268,3301,access_vlan:SW2:eth2:10+trunk_remove:SW2:eth3:20,8854,8873,0.5785800000000001,-13.65,19,True,False,True,False,False,incorrect_declare_done,0.018499252508933608,19,5,12,0,0,0,0,0,1,5,5,6.368948636363637,0,4.526315789473684,0,0,0,0,0
1269,3302,access_vlan:SW1:eth1:20+access_vlan:SW2:eth2:10+trunk_remove:SW1:eth3:20,8873,8891,0.577725,-13.65,18,True,False,True,False,False,incorrect_declare_done,0.01631066979219516,18,5,10,0,0,0,0,0,1,15,15,5.234248272727273,0,5.333333333333333,0,0,0,0,0
1270,3303,access_vlan:SW1:eth1:20+access_vlan:SW1:eth2:10+trunk_remove:SW1:eth3:10+trunk_remove:SW2:eth3:10+trunk_remove:SW2:eth3:20,8891,8892,0.5776775000000001,-10.05,1,True,False,True,False,False,incorrect_declare_done,0.021346770226955414,1,0,0,0,0,0,0,0,2,0,0,0.05776775000000001,0,9.0,0,0,1,-1,0
1271,3304,access_vlan:SW1:eth1:20+trunk_remove:SW1:eth3:10+trunk_remove:SW1:eth3:20+trunk_remove:SW2:eth3:10+trunk_remove:SW2:eth3:20,8892,8915,0.576585,-15.0,23,True,False,True,False,False,incorrect_declare_done,0.012087757537222427,23,9,11,0,0,0,0,0,1,11,11,6.43159556818182,0,5.608695652173913,0,0,0,0,0
1272,3305,access_vlan:SW1:eth1:20+access_vlan:SW1:eth2:10+trunk_remove:SW1:eth3:20+trunk_remove:SW2:eth3:20,8915,8920,0.5763475,-11.600000000000001,5,True,False,True,False,False,incorrect_declare_done,0.006476789992302656,5,3,1,0,1,1,1,0,3,0,0,0.7335979545454545,1,8.0,0,0,1,0,0
1273,3306,access_vlan:SW1:eth2:10+trunk_remove:SW1:eth3:20,8920,8927,0.576015,-11.4,7,True,False,True,False,False,incorrect_declare_done,0.025798739133668796,7,3,3,0,0,0,0,0,1,2,2,2.1998676136363637,0,4.857142857142857,0,0,0,0,0
1274,3307,access_vlan:SW2:eth1:20+access_vlan:SW2:eth2:10+trunk_remove:SW1:eth3:20+trunk_remove:SW2:eth3:20,8927,8941,0.57535,6.6,14,True,False,True,False,True,recovery_success,0.02031895930745772,14,5,7,0,1,1,1,0,0,8,8,4.081529318181818,1,5.285714285714286,0,0,1,0,0
1275,3308,access_vlan:SW1:eth2:10+access_vlan:SW2:eth2:10+trunk_remove:SW2:eth3:10+trunk_remove:SW2:eth3:20,8941,8944,0.5752075000000001,-10.5,3,True,False,True,False,False,incorrect_declare_done,0.010564264375716448,3,1,1,0,0,0,0,0,3,0,0,0.37651370454545463,0,8.0,0,0,0,0,0
1276,3309,access_vlan:SW2:eth2:10+trunk_remove:SW1:eth3:20,8944,8945,0.5751600000000001,-10.05,1,True,False,True,False,False,incorrect_declare_done,0.008843759074807167,1,0,0,0,0,0,0,0,3,0,0,0.28758000000000006,0,5.0,0,0,0,0,0
1277,3310,access_vlan:SW1:eth1:20+access_vlan:SW1:eth2:10+access_vlan:SW2:eth2:10+trunk_remove:SW1:eth3:10+trunk_remove:SW1:eth3:20+trunk_remove:SW2:eth3:10,8945,8970,0.5739725,4.249999999999999,25,True,False,True,False,True,recovery_success,0.008588702380657197,25,11,10,0,0,0,0,0,0,25,25,5.968877159090909,0,6.4,0,0,0,0,0
1278,3311,access_vlan:SW1:eth1:20+access_vlan:SW1:eth2:10+access_vlan:SW2:eth1:20+trunk_remove:SW1:eth3:10,8970,8973,0.5738300000000001,9.35,3,True,False,True,False,True,recovery_success,0.0062263766303658485,3,2,0,0,0,0,0,0,0,2,2,1.017313181818182,0,4.333333333333333,0,0,0,0,0
1279,3312,access_vlan:SW1:eth1:20+access_vlan:SW2:eth1:20,8973,8975,0.5737350000000001,-10.850000000000001,2,True,False,True,False,False,incorrect_declare_done,0.009711073245853186,2,1,0,0,1,1,1,0,3,0,0,0.4277028636363637,1,6.5,0,0,1,0,0
1280,3313,access_vlan:SW1:eth1:20+access_vlan:SW1:eth2:10+access_vlan:SW2:eth1:20+access_vlan:SW2:eth2:10+trunk_remove:SW2:eth3:10+trunk_remove:SW2:eth3:20,8975,8976,0.5736875,-10.05,1,True,False,True,False,False,incorrect_declare_done,0.007694964297115803,1,0,0,0,0,0,0,0,2,1,1,0.229475,0,6.0,0,0,0,0,0
1281,3314,access_vlan:SW1:eth1:20+access_vlan:SW1:eth2:10+access_vlan:SW2:eth1:20+access_vlan:SW2:eth2:10+trunk_remove:SW2:eth3:10,8976,8982,0.5734025,8.75,6,True,False,True,False,True,recovery_success,0.007668765339379509,6,3,2,0,0,0,0,0,0,6,6,2.252332909090909,0,3.6666666666666665,0,0,0,0,0
1282,3315,access_vlan:SW1:eth2:10+trunk_remove:SW1:eth3:20+trunk_remove:SW2:eth3:10+trunk_remove:SW2:eth3:20,8982,9000,0.5725475,-13.95,18,True,False,True,False,False,incorrect_declare_done,0.00848100264556706,18,9,8,0,0,0,0,0,2,0,0,3.6668076818181823,0,7.055555555555555,0,0,0,0,0
1283,3316,access_vlan:SW1:eth1:20+access_vlan:SW1:eth2:10+access_vlan:SW2:eth2:10+trunk_remove:SW1:eth3:10+trunk_remove:SW2:eth3:20,9000,9005,0.5723100000000001,-11.25,5,True,False,True,False,False,incorrect_declare_done,0.03391957012936473,5,4,0,0,0,0,0,0,3,5,5,0.9574852272727273,0,7.2,0,0,0,0,0
1284,3317,access_vlan:SW1:eth2:10+access_vlan:SW2:eth2:10+trunk_remove:SW1:eth3:20+trunk_remove:SW2:eth3:10,9005,9026,0.5713125000000001,-15.75,21,True,False,True,False,False,incorrect_declare_done,0.009888963618626198,21,15,2,0,0,0,0,0,2,19,19,4.272612977272727,0,7.0,0,0,0,0,0
1285,3318,access_vlan:SW1:eth1:20+access_vlan:SW2:eth2:10+trunk_remove:SW2:eth3:10,9026,9032,0.5710275,-11.25,6,True,False,True,False,False,incorrect_declare_done,0.009753403486683965,6,3,2,0,0,0,0,0,3,0,0,0.9449593636363636,0,7.833333333333333,0,0,0,0,0
1286,3319,access_vlan:SW2:eth2:10+trunk_remove:SW2:eth3:10,9032,9062,0.5696025,-6.899999999999999,30,True,False,False,True,False,step_limit,0.016321311440939703,30,15,14,0,0,0,0,0,1,4,4,6.552209727272727,0,6.766666666666667,0,0,0,0,0
1287,3320,access_vlan:SW1:eth1:20+access_vlan:SW2:eth2:10+trunk_remove:SW1:eth3:10,9062,9085,0.5685100000000001,-15.45,23,True,False,True,False,False,incorrect_declare_done,0.01511572398569273,23,13,8,0,0,0,0,0,1,20,20,4.923911,0,6.826086956521739,0,0,0,0,0
1288,3321,access_vlan:SW1:eth2:10+access_vlan:SW2:eth2:10+trunk_remove:SW1:eth3:10+trunk_remove:SW2:eth3:10+trunk_remove:SW2:eth3:20,9085,9100,0.5677975,-13.5,15,True,False,True,False,False,incorrect_declare_done,0.009279477006445328,15,7,5,0,0,0,0,0,1,3,3,3.3566611363636363,0,6.6,0,0,0,0,0
1289,3322,access_vlan:SW1:eth1:20+access_vlan:SW1:eth2:10+trunk_remove:SW2:eth3:10+trunk_remove:SW2:eth3:20,9100,9119,0.5668949999999999,-15.05,19,True,False,True,False,False,incorrect_declare_done,0.012880879772925064,19,11,6,0,1,1,1,0,2,0,0,3.775147272727273,1,7.105263157894737,0,0,1,0,0
1290,3323,access_vlan:SW1:eth1:20+access_vlan:SW2:eth1:20+trunk_remove:SW1:eth3:10+trunk_remove:SW1:eth3:20,9119,9138,0.5659925000000001,-14.25,19,True,False,True,False,False,incorrect_declare_done,0.013272842490359357,19,9,8,0,0,0,0,0,2,0,0,3.357052477272727,0,7.473684210526316,0,0,0,0,0
1291,3324,access_vlan:SW1:eth2:10+access_vlan:SW2:eth1:20+access_vlan:SW2:eth2:10+trunk_remove:SW1:eth3:10+trunk_remove:SW1:eth3:20+trunk_remove:SW2:eth3:20,9138,9140,0.5658974999999999,-10.350000000000001,2,True,False,True,False,False,incorrect_declare_done,0.005161563167348504,2,1,0,0,0,0,0,0,3,2,2,0.4321589090909091,0,6.5,0,0,0,0,0
1292,3325,access_vlan:SW1:eth1:20+access_vlan:SW2:eth1:20+access_vlan:SW2:eth2:10+trunk_remove:SW2:eth3:20,9140,9142,0.5658025,-10.200000000000001,2,True,False,True,False,False,incorrect_declare_done,0.008132976945489645,2,0,1,0,0,0,0,0,3,2,2,0.452661,0,6.0,0,0,0,0,0
1293,3326,access_vlan:SW1:eth1:20+access_vlan:SW1:eth2:10+access_vlan:SW2:eth2:10+trunk_remove:SW1:eth3:10,9142,9143,0.565755,-10.05,1,True,False,True,False,False,incorrect_declare_done,0.00521401222795248,1,0,0,0,0,0,0,0,3,1,1,0.226302,0,6.0,0,0,0,0,0
1294,3327,access_vlan:SW1:eth2:10+access_vlan:SW2:eth1:20+trunk_remove:SW1:eth3:10,9143,9150,0.5654224999999999,-11.55,7,True,False,True,False,False,incorrect_declare_done,0.00944274993214224,7,4,2,0,0,0,0,0,3,0,0,0.9871403636363637,0,8.142857142857142,0,0,0,0,0
1295,3328,access_vlan:SW1:eth2:10+trunk_remove:SW1:eth3:20,9150,9152,0.5653275,-10.200000000000001,2,True,False,True,False,False,incorrect_declare_done,0.010250723920762539,2,0,1,0,0,0,0,0,3,1,1,0.56535125,0,5.0,0,0,0,0,0
1296,3329,access_vlan:SW1:eth1:20+access_vlan:SW1:eth2:10+access_vlan:SW2:eth1:20,9152,9154,0.5652325,-10.200000000000001,2,True,False,True,False,False,incorrect_declare_done,0.017172618303447962,2,0,1,0,0,0,0,0,3,0,0,0.56525625,0,5.0,0,0,0,0,0
1297,3330,access_vlan:SW1:eth1:20+access_vlan:SW1:eth2:10+access_vlan:SW2:eth1:20+trunk_remove:SW2:eth3:10+trunk_remove:SW2:eth3:20,9154,9161,0.5649,-11.700000000000001,7,True,False,True,False,False,incorrect_declare_done,0.006139616348913738,7,5,1,0,0,0,0,0,2,7,7,1.4588378636363637,0,6.857142857142857,0,0,0,0,0
1298,3331,access_vlan:SW1:eth1:20+access_vlan:SW1:eth2:10+access_vlan:SW2:eth1:20+access_vlan:SW2:eth2:10+trunk_remove:SW1:eth3:10,9161,9162,0.5648525,-10.05,1,True,False,True,False,False,incorrect_declare_done,0.13349077105522156,1,0,0,0,0,0,0,0,1,1,1,0.3389115,0,4.0,0,0,0,0,0
1299,3332,access_vlan:SW1:eth1:20+access_vlan:SW1:eth2:10+trunk_remove:SW1:eth3:10+trunk_remove:SW1:eth3:20+trunk_remove:SW2:eth3:10,9162,9164,0.5647575,-10.850000000000001,2,True,False,True,False,False,incorrect_declare_done,0.004675830714404583,2,1,0,0,1,1,1,0,3,0,0,0.26184686363636367,1,8.0,0,0,1,0,0
1300,3333,access_vlan:SW2:eth1:20+access_vlan:SW2:eth2:10+trunk_remove:SW1:eth3:10+trunk_remove:SW2:eth3:10,9164,9178,0.5640925000000001,6.9,14,True,False,True,False,True,recovery_success,0.015375362509595496,14,4,9,0,1,1,1,0,0,13,13,4.976507045454547,1,4.0,0,0,1,0,0
1301,3334,access_vlan:SW1:eth1:20+access_vlan:SW1:eth2:10+trunk_remove:SW1:eth3:10+trunk_remove:SW2:eth3:20,9178,9198,0.5631425000000001,-15.8,20,True,False,True,False,False,incorrect_declare_done,0.011289294890593738,20,15,3,0,1,1,1,0,2,0,0,3.955297181818182,1,7.1,0,0,1,0,0
1302,3335,access_vlan:SW1:eth1:20+access_vlan:SW1:eth2:10+access_vlan:SW2:eth1:20+access_vlan:SW2:eth2:10+trunk_remove:SW1:eth3:10+trunk_remove:SW2:eth3:10+trunk_remove:SW2:eth3:20,9198,9206,0.5627625,8.45,8,True,False,True,False,True,recovery_success,0.007834921998437494,8,3,4,0,0,0,0,0,0,8,8,3.0908541363636366,0,3.375,0,0,0,0,0
1303,3336,access_vlan:SW1:eth1:20+access_vlan:SW2:eth1:20+access_vlan:SW2:eth2:10+trunk_remove:SW1:eth3:10+trunk_remove:SW1:eth3:20+trunk_remove:SW2:eth3:20,9206,9218,0.5621925000000001,-13.2,12,True,False,True,False,False,incorrect_declare_done,0.011485264481355747,12,9,1,0,0,0,0,0,1,12,12,2.776340863636364,0,6.416666666666667,0,0,0,0,0
1304,3337,access_vlan:SW1:eth1:20+access_vlan:SW1:eth2:10+access_vlan:SW2:eth1:20+trunk_remove:SW2:eth3:10+trunk_remove:SW2:eth3:20,9218,9224,0.5619075,-11.100000000000001,6,True,False,True,False,False,incorrect_declare_done,0.01765961665660143,6,2,3,0,0,0,0,0,1,6,6,1.726902,0,5.166666666666667,0,0,0,0,0
1305,3338,access_vlan:SW1:eth1:20+access_vlan:SW2:eth1:20+access_vlan:SW2:eth2:10+trunk_remove:SW1:eth3:10+trunk_remove:SW1:eth3:20+trunk_remove:SW2:eth3:10+trunk_remove:SW2:eth3:20,9224,9236,0.5613375,-12.3,12,True,False,True,False,False,incorrect_declare_done,0.01495024534718444,12,4,7,0,0,0,0,0,2,12,12,2.4812324318181824,0,6.833333333333333,0,0,0,0,0
1306,3339,access_vlan:SW2:eth2:10+trunk_remove:SW1:eth3:20,9236,9250,0.5606725,7.1,14,True,False,True,False,True,recovery_success,0.05820306270782437,14,6,7,0,0,0,0,0,0,10,10,4.971965681818182,0,4.0,0,0,0,0,0
1307,3340,access_vlan:SW2:eth1:20+access_vlan:SW2:eth2:10+trunk_remove:SW2:eth3:10,9250,9256,0.5603875,-12.05,6,True,False,True,False,False,incorrect_declare_done,0.03646578205128511,6,5,0,0,1,1,1,0,2,1,1,1.02416,1,7.5,0,0,1,0,0
1308,3341,access_vlan:SW2:eth1:20+access_vlan:SW2:eth2:10+trunk_remove:SW2:eth3:20,9256,9259,0.5602450000000001,-11.15,3,True,False,True,False,False,incorrect_declare_done,0.054142873734235764,3,2,0,0,1,1,1,0,3,1,1,0.6163049090909092,1,6.666666666666667,0,0,1,0,0
1309,3342,access_vlan:SW1:eth1:20+access_vlan:SW2:eth1:20+trunk_remove:SW1:eth3:20+trunk_remove:SW2:eth3:20,9259,9266,0.5599125,-11.55,7,True,False,True,False,False,incorrect_declare_done,0.024272169452160597,7,4,2,0,0,0,0,0,2,6,6,1.3236929545454545,0,7.142857142857143,0,0,0,0,0
1310,3343,access_vlan:SW1:eth1:20+access_vlan:SW1:eth2:10+access_vlan:SW2:eth1:20+trunk_remove:SW2:eth3:20,9266,9281,0.5591999999999999,6.949999999999999,15,True,False,True,False,True,recovery_success,0.037982289741436644,15,6,8,0,0,0,0,0,0,15,15,3.875689636363636,0,5.8,0,0,0,0,0
1311,3344,access_vlan:SW1:eth1:20+access_vlan:SW1:eth2:10+access_vlan:SW2:eth1:20+access_vlan:SW2:eth2:10+trunk_remove:SW2:eth3:10+trunk_remove:SW2:eth3:20,9281,9284,0.5590575,-10.65,3,True,False,True,False,False,incorrect_declare_done,0.022270999227960903,3,1,0,0,0,0,0,0,2,3,3,0.650594909090909,0,6.333333333333333,0,0,0,0,0
1312,3345,access_vlan:SW1:eth1:20+access_vlan:SW1:eth2:10+access_vlan:SW2:eth1:20+trunk_remove:SW1:eth3:10+trunk_remove:SW1:eth3:20+trunk_remove:SW2:eth3:20,9284,9294,0.5585825,-12.3,10,True,False,True,False,False,incorrect_declare_done,0.018351352121680976,10,5,3,0,0,0,0,0,3,10,10,1.6916539090909093,0,7.6,0,0,0,0,0
1313,3346,access_vlan:SW1:eth1:20+access_vlan:SW1:eth2:10+access_vlan:SW2:eth1:20+access_vlan:SW2:eth2:10+trunk_remove:SW2:eth3:10,9294,9299,0.5583450000000001,9.2,5,True,False,True,False,True,recovery_success,0.012017765454947949,5,1,3,0,0,0,0,0,0,5,5,1.9189718181818183,0,3.2,0,0,0,0,0
1314,3347,access_vlan:SW1:eth1:20+access_vlan:SW1:eth2:10+access_vlan:SW2:eth2:10+trunk_remove:SW1:eth3:20+trunk_remove:SW2:eth3:20,9299,9306,0.5580125,-11.25,7,True,False,True,False,False,incorrect_declare_done,0.011128790343978576,7,2,4,0,0,0,0,0,1,6,6,2.156510113636364,0,4.857142857142857,0,0,0,0,0
1315,3348,access_vlan:SW1:eth2:10+trunk_remove:SW1:eth3:20,9306,9307,0.557965,-10.05,1,True,False,True,False,False,incorrect_declare_done,0.01595759578049183,1,0,0,0,0,0,0,0,3,0,0,0.2789825,0,5.0,0,0,0,0,0
1316,3349,access_vlan:SW2:eth2:10+trunk_remove:SW1:eth3:20+trunk_remove:SW2:eth3:20,9307,9312,0.5577274999999999,-11.100000000000001,5,True,False,True,False,False,incorrect_declare_done,0.014837604761123658,5,2,1,0,0,0,0,0,3,4,4,1.343849431818182,0,5.4,0,0,0,0,0
1317,3350,access_vlan:SW2:eth1:20+access_vlan:SW2:eth2:10,9312,9320,0.5573475000000001,7.799999999999999,8,True,False,True,False,True,recovery_success,0.008348916744580492,8,3,3,0,1,1,1,0,0,6,6,2.483273863636364,1,4.75,0,0,1,0,0
1318,3351,access_vlan:SW1:eth1:20+access_vlan:SW1:eth2:10+trunk_remove:SW1:eth3:20+trunk_remove:SW2:eth3:10+trunk_remove:SW2:eth3:20,9320,9329,0.5569200000000001,-12.350000000000001,9,True,False,True,False,False,incorrect_declare_done,0.007442598127656513,9,4,4,0,1,1,1,0,2,5,5,1.5293807045454544,1,7.444444444444445,0,0,1,0,0
1319,3352,access_vlan:SW1:eth1:20+access_vlan:SW1:eth2:10+access_vlan:SW2:eth1:20+trunk_remove:SW1:eth3:10+trunk_remove:SW2:eth3:20,9329,9336,0.5565875,8.299999999999999,7,True,False,True,False,True,recovery_success,0.020630279555916786,7,5,1,0,0,0,0,0,0,7,7,2.1964889999999997,0,4.714285714285714,0,0,0,0,0
1320,3353,access_vlan:SW2:eth1:20+access_vlan:SW2:eth2:10,9336,9347,0.556065,-12.8,11,True,False,True,False,False,incorrect_declare_done,0.011685170063918287,11,4,5,0,1,1,1,0,3,4,4,2.1238438636363637,1,7.090909090909091,0,0,1,0,0
1321,3354,access_vlan:SW1:eth2:10+access_vlan:SW2:eth1:20,9347,9355,0.555685,-12.0,8,True,False,True,False,False,incorrect_declare_done,0.01726926863193512,8,6,1,0,0,0,0,0,3,0,0,1.232963590909091,0,7.875,0,0,0,0,0
1322,3355,access_vlan:SW1:eth2:10+access_vlan:SW2:eth2:10+trunk_remove:SW1:eth3:20+trunk_remove:SW2:eth3:10,9355,9379,0.5545450000000001,3.8000000000000007,24,True,False,True,False,True,recovery_success,0.020555886963848025,24,16,5,0,0,0,0,0,0,9,9,6.160351931818184,0,5.875,0,0,0,0,0
1323,3356,access_vlan:SW1:eth1:20+access_vlan:SW2:eth2:10+trunk_remove:SW1:eth3:20,9379,9392,0.5539275,-12.45,13,True,False,True,False,False,incorrect_declare_done,0.022988382565717284,13,3,8,0,0,0,0,0,1,12,12,3.6877395,0,5.3076923076923075,0,0,0,0,0
1324,3357,access_vlan:SW1:eth2:10+trunk_remove:SW2:eth3:20,9392,9393,0.5538799999999999,-10.05,1,True,False,True,False,False,incorrect_declare_done,0.0230356827378273,1,0,0,0,0,0,0,0,3,0,0,0.27693999999999996,0,5.0,0,0,0,0,0
1325,3358,access_vlan:SW1:eth1:20+access_vlan:SW1:eth2:10+trunk_remove:SW2:eth3:10+trunk_remove:SW2:eth3:20,9393,9395,0.553785,-10.850000000000001,2,True,False,True,False,False,incorrect_declare_done,0.024386967532336712,2,1,0,0,1,1,1,0,3,1,1,0.36248695454545454,1,7.0,0,0,1,0,0
1326,3359,access_vlan:SW1:eth2:10+access_vlan:SW2:eth2:10+trunk_remove:SW1:eth3:10+trunk_remove:SW2:eth3:10+trunk_remove:SW2:eth3:20,9395,9412,0.5529775,5.9,17,True,False,True,False,True,recovery_success,0.023035035030368495,17,10,5,0,0,0,0,0,0,4,4,4.3255111363636365,0,5.882352941176471,0,0,0,0,0
1327,3360,access_vlan:SW2:eth1:20+access_vlan:SW2:eth2:10+trunk_remove:SW1:eth3:20,9412,9442,0.5515525,-8.149999999999999,30,True,False,False,True,False,step_limit,0.03393567906071742,30,20,9,0,1,1,1,0,1,27,27,6.229307090909092,1,6.833333333333333,0,0,1,0,0
1328,3361,trunk_remove:SW2:eth3:10,9442,9449,0.55122,8.899999999999999,7,True,False,True,False,True,recovery_success,0.028158298560551236,7,1,5,0,0,0,0,0,0,6,6,3.0374750454545447,0,2.2857142857142856,0,0,0,0,0
1329,3362,access_vlan:SW1:eth2:10+access_vlan:SW2:eth2:10+trunk_remove:SW1:eth3:10+trunk_remove:SW1:eth3:20+trunk_remove:SW2:eth3:20,9449,9452,0.5510775,-10.5,3,True,False,True,False,False,incorrect_declare_done,0.027744635629157226,3,1,1,0,0,0,0,0,3,0,0,0.5561183863636364,0,7.0,0,0,0,0,0
1330,3363,access_vlan:SW1:eth1:20+access_vlan:SW1:eth2:10+access_vlan:SW2:eth1:20+access_vlan:SW2:eth2:10+trunk_remove:SW1:eth3:10,9452,9462,0.5506025,7.85,10,True,False,True,False,True,recovery_success,0.019042905140668153,10,4,4,0,0,0,0,0,0,10,10,3.5150938636363636,0,3.9,0,0,0,0,0
1331,3364,access_vlan:SW1:eth1:20+access_vlan:SW1:eth2:10+access_vlan:SW2:eth1:20+trunk_remove:SW1:eth3:10+trunk_remove:SW2:eth3:20,9462,9463,0.550555,-10.05,1,True,False,True,False,False,incorrect_declare_done,0.012593140825629234,1,0,0,0,0,0,0,0,3,1,1,0.220222,0,6.0,0,0,0,0,0
1332,3365,access_vlan:SW1:eth2:10+access_vlan:SW2:eth2:10+trunk_remove:SW1:eth3:10+trunk_remove:SW1:eth3:20+trunk_remove:SW2:eth3:20,9463,9471,0.5501750000000001,-11.850000000000001,8,True,False,True,False,False,incorrect_declare_done,0.013315053307451308,8,5,2,0,0,0,0,0,3,0,0,1.5059007499999997,0,7.125,0,0,0,0,0
1333,3366,access_vlan:SW1:eth1:20+access_vlan:SW1:eth2:10+access_vlan:SW2:eth2:10+trunk_remove:SW1:eth3:20+trunk_remove:SW2:eth3:10,9471,9490,0.5492725,-14.55,19,True,False,True,False,False,incorrect_declare_done,0.01983927361863224,19,10,6,0,0,0,0,0,1,19,19,4.9168957727272735,0,5.7894736842105265,0,0,0,0,0
1334,3367,trunk_remove:SW1:eth3:10+trunk_remove:SW1:eth3:20+trunk_remove:SW2:eth3:10+trunk_remove:SW2:eth3:20,9490,9495,0.5490349999999999,-10.65,5,True,False,True,False,False,incorrect_declare_done,0.02769996374845505,5,0,4,0,0,0,0,0,2,0,0,1.09826,0,6.0,0,0,0,0,0
1335,3368,access_vlan:SW1:eth2:10+access_vlan:SW2:eth2:10+trunk_remove:SW1:eth3:10+trunk_remove:SW1:eth3:20+trunk_remove:SW2:eth3:20,9495,9496,0.5489875,-10.05,1,True,False,True,False,False,incorrect_declare_done,0.010798648931086063,1,0,0,0,0,0,0,0,4,0,0,0.054898749999999996,0,9.0,0,0,0,0,0
1336,3369,access_vlan:SW1:eth1:20+trunk_remove:SW1:eth3:20+trunk_remove:SW2:eth3:20,9496,9498,0.5488925,-10.350000000000001,2,True,False,True,False,False,incorrect_declare_done,0.027511675842106342,2,1,0,0,0,0,0,0,3,0,0,0.36427927272727273,0,7.0,0,0,0,0,0
1337,3370,access_vlan:SW1:eth1:20+access_vlan:SW2:eth1:20+trunk_remove:SW1:eth3:20,9498,9505,0.5485599999999999,-11.55,7,True,False,True,False,False,incorrect_declare_done,0.03295666298695973,7,3,2,0,0,0,0,0,3,0,0,1.1022995,0,7.714285714285714,0,0,0,0,0
1338,3371,access_vlan:SW1:eth1:20+access_vlan:SW1:eth2:10+access_vlan:SW2:eth1:20+access_vlan:SW2:eth2:10+trunk_remove:SW1:eth3:10,9505,9507,0.548465,9.649999999999999,2,True,False,True,False,True,recovery_success,0.030851420015096664,2,1,0,0,0,0,0,0,0,2,2,0.7778515909090908,0,3.0,0,0,0,0,0
1339,3372,access_vlan:SW2:eth1:20+access_vlan:SW2:eth2:10+trunk_remove:SW1:eth3:10+trunk_remove:SW2:eth3:10,9507,9519,0.547895,-12.8,12,True,False,True,False,False,incorrect_declare_done,0.026510429258147877,12,3,7,0,1,1,1,0,1,4,4,3.6873936363636366,1,4.75,0,0,1,0,0
1340,3373,access_vlan:SW2:eth1:20+access_vlan:SW2:eth2:10+trunk_remove:SW2:eth3:20,9519,9542,0.5468025000000001,-15.350000000000001,23,True,False,True,False,False,incorrect_declare_done,0.017199276278362326,23,10,12,0,1,1,1,0,1,2,2,5.487581136363636,1,6.086956521739131,0,0,1,0,0
1341,3374,access_vlan:SW1:eth2:10+access_vlan:SW2:eth1:20+trunk_remove:SW1:eth3:10+trunk_remove:SW1:eth3:20+trunk_remove:SW2:eth3:10,9542,9555,0.546185,-12.75,13,True,False,True,False,False,incorrect_declare_done,0.02691191628288764,13,5,6,0,0,0,0,0,2,11,11,2.483803409090909,0,7.076923076923077,0,0,0,0,0
1342,3375,access_vlan:SW2:eth2:10+trunk_remove:SW2:eth3:10+trunk_remove:SW2:eth3:20,9555,9557,0.54609,-10.350000000000001,2,True,False,True,False,False,incorrect_declare_done,0.017809712328016758,2,1,0,0,0,0,0,0,3,0,0,0.36738863636363633,0,7.0,0,0,0,0,0
1343,3376,access_vlan:SW1:eth1:20+access_vlan:SW1:eth2:10+trunk_remove:SW1:eth3:10+trunk_remove:SW2:eth3:10+trunk_remove:SW2:eth3:20,9557,9579,0.545045,-15.8,22,True,False,True,False,False,incorrect_declare_done,0.0340976793826981,22,12,7,0,1,1,1,0,2,0,0,4.270024931818182,1,7.045454545454546,0,0,1,0,0
1344,3377,access_vlan:SW1:eth1:20+access_vlan:SW2:eth2:10,9579,9600,0.5440475,-15.0,21,True,False,True,False,False,incorrect_declare_done,0.019739830999502113,21,11,7,0,0,0,0,0,2,0,0,3.2766925454545457,0,7.761904761904762,0,0,0,0,0
1345,3378,access_vlan:SW1:eth1:20+trunk_remove:SW1:eth3:10+trunk_remove:SW1:eth3:20,9600,9623,0.5429550000000001,-15.0,23,True,False,True,False,False,incorrect_declare_done,0.012302253051134556,23,11,11,0,0,0,0,0,1,2,2,5.157738863636364,0,6.434782608695652,0,0,0,0,0
1346,3379,access_vlan:SW2:eth1:20+access_vlan:SW2:eth2:10+trunk_remove:SW1:eth3:10+trunk_remove:SW2:eth3:10,9623,9635,0.542385,-13.1,12,True,False,True,False,False,incorrect_declare_done,0.009618690547843775,12,5,5,0,1,1,1,0,3,10,10,2.071788181818182,1,7.416666666666667,0,0,1,0,0
1347,3380,access_vlan:SW1:eth1:20+access_vlan:SW1:eth2:10+access_vlan:SW2:eth1:20+trunk_remove:SW1:eth3:20+trunk_remove:SW2:eth3:20,9635,9638,0.5422425,-10.5,3,True,False,True,False,False,incorrect_declare_done,0.009764356072992086,3,1,1,0,0,0,0,0,3,3,3,0.5570767045454545,0,7.0,0,0,0,0,0
1348,3381,access_vlan:SW1:eth1:20+access_vlan:SW2:eth1:20+access_vlan:SW2:eth2:10+trunk_remove:SW2:eth3:20,9638,9649,0.54172,-12.15,11,True,False,True,False,False,incorrect_declare_done,0.013486670838160948,11,3,6,0,0,0,0,0,3,11,11,2.1383023636363636,0,6.7272727272727275,0,0,0,0,0
1349,3382,access_vlan:SW1:eth2:10+access_vlan:SW2:eth2:10+trunk_remove:SW1:eth3:20+trunk_remove:SW2:eth3:20,9649,9650,0.5416725,-10.05,1,True,False,True,False,False,incorrect_declare_done,0.008987474255263805,1,0,0,0,0,0,0,0,4,0,0,0.1083345,0,8.0,0,0,1,-1,0
1350,3383,access_vlan:SW1:eth1:20+access_vlan:SW1:eth2:10+trunk_remove:SW2:eth3:10+trunk_remove:SW2:eth3:20,9650,9667,0.540865,-14.149999999999999,17,True,False,True,False,False,incorrect_declare_done,0.011478529859553365,17,7,8,0,1,1,1,0,3,14,14,2.8634820454545453,1,7.529411764705882,0,0,1,0,0
1351,3384,access_vlan:SW1:eth1:20+access_vlan:SW1:eth2:10+access_vlan:SW2:eth1:20+access_vlan:SW2:eth2:10+trunk_remove:SW1:eth3:10,9667,9680,0.5402475,-12.0,13,True,False,True,False,False,incorrect_declare_done,0.013746030628681183,13,1,11,0,0,0,0,0,1,13,13,4.127741590909091,0,4.230769230769231,0,0,0,0,0
1352,3385,access_vlan:SW1:eth1:20+access_vlan:SW2:eth1:20+access_vlan:SW2:eth2:10+trunk_remove:SW1:eth3:10+trunk_remove:SW2:eth3:10+trunk_remove:SW2:eth3:20,9680,9710,0.5388225,-16.35,30,True,False,True,False,False,incorrect_declare_done,0.018264292102927963,30,10,16,0,0,0,0,0,1,30,30,6.150377727272727,0,6.8,0,0,0,0,0
1353,3386,access_vlan:SW1:eth1:20+access_vlan:SW2:eth1:20+trunk_remove:SW1:eth3:10+trunk_remove:SW1:eth3:20,9710,9720,0.5383475,-12.450000000000001,10,True,False,True,False,False,incorrect_declare_done,0.014900038111954927,10,6,2,0,0,0,0,0,3,0,0,1.6205795454545457,0,7.6,0,0,0,0,0
1354,3387,access_vlan:SW1:eth1:20+access_vlan:SW1:eth2:10+access_vlan:SW2:eth2:10+trunk_remove:SW1:eth3:20+trunk_remove:SW2:eth3:20,9720,9731,0.537825,-12.3,11,True,False,True,False,False,incorrect_declare_done,0.012027816000309858,11,4,5,0,0,0,0,0,3,10,10,2.8370805681818183,0,5.454545454545454,0,0,0,0,0
1355,3388,access_vlan:SW1:eth1:20+access_vlan:SW1:eth2:10+access_vlan:SW2:eth2:10+trunk_remove:SW1:eth3:10+trunk_remove:SW1:eth3:20+trunk_remove:SW2:eth3:10+trunk_remove:SW2:eth3:20,9731,9733,0.53773,-10.350000000000001,2,True,False,True,False,False,incorrect_declare_done,0.01285115024074912,2,1,0,0,0,0,0,0,3,2,2,0.30798688636363636,0,7.5,0,0,0,0,0
1356,3389,access_vlan:SW2:eth1:20+access_vlan:SW2:eth2:10+trunk_remove:SW1:eth3:20+trunk_remove:SW2:eth3:10,9733,9746,0.5371125,-13.25,13,True,False,True,False,False,incorrect_declare_done,0.020606237821854077,13,6,6,0,1,1,1,0,2,0,0,2.598977181818182,1,6.846153846153846,0,0,1,0,0
1357,3390,access_vlan:SW2:eth1:20+access_vlan:SW2:eth2:10+trunk_remove:SW1:eth3:20+trunk_remove:SW2:eth3:20,9746,9758,0.5365425,-12.95,12,True,False,True,False,False,incorrect_declare_done,0.013203989365138113,12,5,6,0,1,1,1,0,3,0,0,1.3173911363636366,1,8.666666666666666,0,0,1,0,0
1358,3391,access_vlan:SW1:eth1:20+access_vlan:SW1:eth2:10+access_vlan:SW2:eth1:20+access_vlan:SW2:eth2:10+trunk_remove:SW1:eth3:10+trunk_remove:SW1:eth3:20+trunk_remove:SW2:eth3:10+trunk_remove:SW2:eth3:20,9758,9767,0.536115,-11.850000000000001,9,True,False,True,False,False,incorrect_declare_done,0.011479658436857991,9,3,4,0,0,0,0,0,1,9,9,1.920902090909091,0,6.555555555555555,0,0,0,0,0
1359,3392,access_vlan:SW1:eth2:10+access_vlan:SW2:eth1:20+trunk_remove:SW1:eth3:10+trunk_remove:SW1:eth3:20+trunk_remove:SW2:eth3:10,9767,9774,0.5357825,-11.25,7,True,False,True,False,False,incorrect_declare_done,0.00885547132098249,7,2,4,0,0,0,0,0,3,0,0,0.9256584090909091,0,8.142857142857142,0,0,0,0,0
1360,3393,access_vlan:SW2:eth1:20+trunk_remove:SW2:eth3:20,9774,9777,0.53564,-10.350000000000001,3,True,False,True,False,False,incorrect_declare_done,0.014757389357934395,3,0,2,0,0,0,0,0,3,0,0,0.642825,0,6.0,0,0,0,0,0
1361,3394,access_vlan:SW1:eth1:20+access_vlan:SW2:eth1:20+trunk_remove:SW1:eth3:20+trunk_remove:SW2:eth3:20,9777,9781,0.53545,-10.8,4,True,False,True,False,False,incorrect_declare_done,0.00968279701191932,4,2,1,0,0,0,0,0,3,0,0,0.5355018181818182,0,8.0,0,0,0,0,0
1362,3395,access_vlan:SW1:eth2:10+trunk_remove:SW1:eth3:10+trunk_remove:SW1:eth3:20+trunk_remove:SW2:eth3:10+trunk_remove:SW2:eth3:20,9781,9784,0.5353075,-10.5,3,True,False,True,False,False,incorrect_declare_done,0.010843884975959858,3,1,1,0,0,0,0,0,3,0,0,0.46722020454545454,0,7.333333333333333,0,0,0,0,0
1363,3396,access_vlan:SW1:eth1:20+access_vlan:SW1:eth2:10+access_vlan:SW2:eth1:20+access_vlan:SW2:eth2:10+trunk_remove:SW1:eth3:10+trunk_remove:SW1:eth3:20+trunk_remove:SW2:eth3:10,9784,9787,0.535165,-10.65,3,True,False,True,False,False,incorrect_declare_done,0.013675596409787735,3,2,0,0,0,0,0,0,2,3,3,0.6033321818181818,0,6.666666666666667,0,0,0,0,0
1364,3397,access_vlan:SW1:eth2:10+trunk_remove:SW1:eth3:10,9787,9817,0.53374,3.5,30,True,False,True,False,True,recovery_success,0.01809602331680556,30,11,15,0,0,0,0,0,0,5,5,7.063162909090909,0,6.133333333333334,0,0,0,0,0
1365,3398,access_vlan:SW1:eth1:20+trunk_remove:SW1:eth3:10+trunk_remove:SW2:eth3:10+trunk_remove:SW2:eth3:20,9817,9818,0.5336925,-10.05,1,True,False,True,False,False,incorrect_declare_done,0.044728949666023254,1,0,0,0,0,0,0,0,3,0,0,0.213477,0,6.0,0,0,0,0,0
1366,3399,access_vlan:SW1:eth1:20+access_vlan:SW1:eth2:10+access_vlan:SW2:eth2:10+trunk_remove:SW1:eth3:10+trunk_remove:SW2:eth3:10,9818,9838,0.5327425,-14.1,20,True,False,True,False,False,incorrect_declare_done,0.025563534861430526,20,7,11,0,0,0,0,0,2,20,20,3.5528337272727275,0,7.3,0,0,0,0,0
1367,3400,access_vlan:SW2:eth1:20+access_vlan:SW2:eth2:10+trunk_remove:SW1:eth3:20+trunk_remove:SW2:eth3:20,9838,9868,0.5313175,-6.500000000000002,30,True,False,False,True,False,step_limit,0.027782981966932616,30,9,20,0,1,1,1,0,0,28,28,6.817692500000001,1,6.233333333333333,0,0,1,0,0
1368,3401,trunk_remove:SW1:eth3:10+trunk_remove:SW1:eth3:20+trunk_remove:SW2:eth3:10,9868,9869,0.53127,-10.05,1,True,False,True,False,False,incorrect_declare_done,0.016708042472600937,1,0,0,0,0,0,0,0,2,0,0,0.212508,0,6.0,0,0,0,0,0
1369,3402,access_vlan:SW1:eth1:20+access_vlan:SW1:eth2:10+trunk_remove:SW1:eth3:10+trunk_remove:SW1:eth3:20+trunk_remove:SW2:eth3:10,9869,9879,0.530795,-12.95,10,True,False,True,False,False,incorrect_declare_done,0.019586153887212278,10,7,2,0,1,1,1,0,2,0,0,1.7474186136363636,1,7.2,0,0,1,0,0
1370,3403,access_vlan:SW1:eth1:20+access_vlan:SW1:eth2:10+trunk_remove:SW1:eth3:20+trunk_remove:SW2:eth3:20,9879,9891,0.530225,-12.8,12,True,False,True,False,False,incorrect_declare_done,0.028628329940450687,12,3,7,0,1,1,1,0,3,0,0,1.012528409090909,1,9.166666666666666,0,0,1,0,0
1371,3404,access_vlan:SW1:eth2:10+access_vlan:SW2:eth2:10+trunk_remove:SW1:eth3:10+trunk_remove:SW2:eth3:10,9891,9893,0.53013,-10.350000000000001,2,True,False,True,False,False,incorrect_declare_done,0.010008731856942177,2,1,0,0,0,0,0,0,3,1,1,0.19277454545454545,0,8.5,0,0,0,0,0
1372,3405,access_vlan:SW1:eth2:10+access_vlan:SW2:eth1:20+trunk_remove:SW1:eth3:20+trunk_remove:SW2:eth3:10,9893,9898,0.5298925,-10.8,5,True,False,True,False,False,incorrect_declare_done,0.02910666912794113,5,1,3,0,0,0,0,0,3,0,0,0.7226454545454546,0,7.6,0,0,0,0,0
1373,3406,access_vlan:SW1:eth2:10+access_vlan:SW2:eth1:20+trunk_remove:SW1:eth3:10+trunk_remove:SW1:eth3:20+trunk_remove:SW2:eth3:10,9898,9914,0.5291325,-13.35,16,True,False,True,False,False,incorrect_declare_done,0.017434122069971636,16,7,8,0,0,0,0,0,2,0,0,2.984309090909091,0,7.0625,0,0,0,0,0
1374,3407,access_vlan:SW1:eth2:10+access_vlan:SW2:eth2:10+trunk_remove:SW1:eth3:10+trunk_remove:SW1:eth3:20,9914,9915,0.529085,-10.05,1,True,False,True,False,False,incorrect_declare_done,0.010543807409703732,1,0,0,0,0,0,0,0,4,0,0,0.052908500000000004,0,9.0,0,0,0,0,0
1375,3408,access_vlan:SW2:eth2:10+trunk_remove:SW1:eth3:10+trunk_remove:SW2:eth3:20,9915,9923,0.528705,-11.100000000000001,8,True,False,True,False,False,incorrect_declare_done,0.04421619093045592,8,0,7,0,0,0,0,0,3,0,0,1.6923879999999998,0,6.0,0,0,0,0,0
1376,3409,access_vlan:SW2:eth2:10+trunk_remove:SW1:eth3:10,9923,9931,0.528325,-12.0,8,True,False,True,False,False,incorrect_declare_done,0.03730161557905376,8,5,1,0,0,0,0,0,2,0,0,1.527832681818182,0,6.875,0,0,0,0,0
1377,3410,access_vlan:SW1:eth2:10+trunk_remove:SW1:eth3:10,9931,9940,0.5278975,-11.700000000000001,9,True,False,True,False,False,incorrect_declare_done,0.023320012415448826,9,3,5,0,0,0,0,0,3,0,0,1.7187141363636365,0,6.888888888888889,0,0,0,0,0
1378,3411,access_vlan:SW1:eth1:20+trunk_remove:SW1:eth3:20+trunk_remove:SW2:eth3:20,9940,9942,0.5278025,-10.350000000000001,2,True,False,True,False,False,incorrect_declare_done,0.011363123543560505,2,1,0,0,0,0,0,0,1,0,0,0.4942293181818182,0,5.5,0,0,0,0,0
1379,3412,access_vlan:SW1:eth1:20+access_vlan:SW1:eth2:10+access_vlan:SW2:eth2:10,9942,9943,0.527755,-10.05,1,True,False,True,False,False,incorrect_declare_done,0.009713428094983101,1,0,0,0,0,0,0,0,3,0,0,0.2638775,0,5.0,0,0,0,0,0
1380,3413,access_vlan:SW1:eth1:20,9943,9958,0.5270425000000001,-12.600000000000001,15,True,False,True,False,False,incorrect_declare_done,0.018525576156874498,15,2,11,0,0,0,0,0,3,1,1,3.6676922727272734,0,5.8,0,0,0,0,0
1381,3414,access_vlan:SW1:eth1:20+access_vlan:SW1:eth2:10+access_vlan:SW2:eth1:20+trunk_remove:SW1:eth3:10+trunk_remove:SW1:eth3:20,9958,9960,0.5269475,-10.200000000000001,2,True,False,True,False,False,incorrect_declare_done,0.013394059846177697,2,0,1,0,0,0,0,0,3,2,2,0.421577,0,6.0,0,0,0,0,0
1382,3415,access_vlan:SW1:eth1:20+trunk_remove:SW1:eth3:10+trunk_remove:SW2:eth3:20,9960,9990,0.5255225,-6.450000000000001,30,True,False,False,True,False,step_limit,0.01897159549407661,30,13,17,0,0,0,0,0,2,0,0,5.683056454545455,0,6.9,0,0,0,0,0
1383,3416,access_vlan:SW1:eth1:20+access_vlan:SW1:eth2:10+access_vlan:SW2:eth1:20+access_vlan:SW2:eth2:10+trunk_remove:SW2:eth3:20,9990,9995,0.525285,9.2,5,True,False,True,False,True,recovery_success,0.005923398118466139,5,1,3,0,0,0,0,0,0,5,5,2.034632727272727,0,2.4,0,0,0,0,0
1384,3417,access_vlan:SW1:eth1:20+access_vlan:SW1:eth2:10+trunk_remove:SW1:eth3:20+trunk_remove:SW2:eth3:10+trunk_remove:SW2:eth3:20,9995,9999,0.5250950000000001,-11.3,4,True,False,True,False,False,incorrect_declare_done,0.00610860507003963,4,2,1,0,1,1,1,0,2,2,2,0.5346832045454546,1,7.75,0,0,1,0,0
1385,3418,access_vlan:SW1:eth2:10+access_vlan:SW2:eth2:10+trunk_remove:SW1:eth3:10+trunk_remove:SW1:eth3:20+trunk_remove:SW2:eth3:10+trunk_remove:SW2:eth3:20,9999,10001,0.525,-10.350000000000001,2,True,False,True,False,False,incorrect_declare_done,0.007993850857019424,2,1,0,0,0,0,0,0,3,0,0,0.19090909090909092,0,8.5,0,0,0,0,0
1386,3419,access_vlan:SW1:eth1:20+access_vlan:SW1:eth2:10+access_vlan:SW2:eth1:20+access_vlan:SW2:eth2:10+trunk_remove:SW1:eth3:10,10001,10002,0.5249525,-10.05,1,True,False,True,False,False,incorrect_declare_done,0.009215758182108402,1,0,0,0,0,0,0,0,1,1,1,0.31497150000000007,0,4.0,0,0,0,0,0
1387,3420,trunk_remove:SW1:eth3:10+trunk_remove:SW1:eth3:20+trunk_remove:SW2:eth3:10,10002,10020,0.5240975,-14.1,18,True,False,True,False,False,incorrect_declare_done,0.008097601873386238,18,8,7,0,0,0,0,0,2,0,0,3.4712722727272727,0,6.888888888888889,0,0,0,0,0
1388,3421,access_vlan:SW1:eth2:10+access_vlan:SW2:eth2:10+trunk_remove:SW2:eth3:10+trunk_remove:SW2:eth3:20,10020,10029,0.5236700000000001,7.85,9,True,False,True,False,True,recovery_success,0.009949324135151174,9,6,2,0,0,0,0,0,0,7,7,2.290426590909091,0,5.555555555555555,0,0,0,0,0
1389,3422,access_vlan:SW1:eth2:10+access_vlan:SW2:eth1:20+access_vlan:SW2:eth2:10+trunk_remove:SW1:eth3:20+trunk_remove:SW2:eth3:20,10029,10039,0.5231950000000001,-12.3,10,True,False,True,False,False,incorrect_declare_done,0.011125387297943235,10,5,3,0,0,0,0,0,1,10,10,2.7597440909090913,0,5.0,0,0,0,0,0
1390,3423,access_vlan:SW1:eth2:10+trunk_remove:SW1:eth3:20,10039,10040,0.5231475000000001,-10.05,1,True,False,True,False,False,incorrect_declare_done,0.010797785595059395,1,0,0,0,0,0,0,0,3,1,1,0.26157375000000005,0,5.0,0,0,0,0,0
1391,3424,access_vlan:SW1:eth2:10+access_vlan:SW2:eth2:10+trunk_remove:SW1:eth3:10+trunk_remove:SW1:eth3:20+trunk_remove:SW2:eth3:20,10040,10070,0.5217225000000001,-6.600000000000001,30,True,False,False,True,False,step_limit,0.016142681986093522,30,13,16,0,0,0,0,0,3,29,29,4.991837954545456,0,7.466666666666667,0,0,0,0,0
1392,3425,access_vlan:SW1:eth1:20+access_vlan:SW2:eth2:10+trunk_remove:SW1:eth3:10+trunk_remove:SW1:eth3:20,10070,10072,0.5216274999999999,-10.350000000000001,2,True,False,True,False,False,incorrect_declare_done,0.06133473105728626,2,1,0,0,0,0,0,0,3,1,1,0.23710340909090907,0,8.0,0,0,0,0,0
1393,3426,access_vlan:SW1:eth2:10+trunk_remove:SW2:eth3:20,10072,10088,0.5208675,-12.75,16,True,False,True,False,False,incorrect_declare_done,0.03836597880581394,16,2,12,0,0,0,0,0,3,0,0,3.8381043181818186,0,5.875,0,0,0,0,0
1394,3427,access_vlan:SW2:eth1:20+trunk_remove:SW1:eth3:10+trunk_remove:SW1:eth3:20+trunk_remove:SW2:eth3:10,10088,10093,0.5206299999999999,-11.100000000000001,5,True,False,True,False,False,incorrect_declare_done,0.03275808990001679,5,3,1,0,0,0,0,0,3,0,0,0.8237000454545454,0,7.4,0,0,0,0,0
1395,3428,access_vlan:SW2:eth2:10+trunk_remove:SW1:eth3:10+trunk_remove:SW1:eth3:20+trunk_remove:SW2:eth3:10+trunk_remove:SW2:eth3:20,10093,10095,0.520535,-10.200000000000001,2,True,False,True,False,False,incorrect_declare_done,0.009249504655599594,2,0,1,0,0,0,0,0,3,0,0,0.31233524999999995,0,7.0,0,0,0,0,0
1396,3429,access_vlan:SW1:eth1:20+access_vlan:SW1:eth2:10+access_vlan:SW2:eth1:20+trunk_remove:SW1:eth3:20+trunk_remove:SW2:eth3:20,10095,10100,0.5202975000000001,-10.8,5,True,False,True,False,False,incorrect_declare_done,0.02850600127130747,5,1,3,0,0,0,0,0,1,5,5,0.9555979090909091,0,6.4,0,0,0,0,0
1397,3430,access_vlan:SW2:eth1:20+access_vlan:SW2:eth2:10+trunk_remove:SW1:eth3:10+trunk_remove:SW1:eth3:20,10100,10101,0.5202500000000001,-10.05,1,True,False,True,False,False,incorrect_declare_done,0.008287488482892513,1,0,0,0,0,0,0,0,2,0,0,0.10405000000000002,0,8.0,0,0,1,-1,0
1398,3431,access_vlan:SW2:eth1:20+access_vlan:SW2:eth2:10,10101,10117,0.51949,-13.7,16,True,False,True,False,False,incorrect_declare_done,0.02618477144278586,16,6,9,0,1,1,1,0,3,4,4,2.5041113636363637,1,7.5,0,0,1,0,0
1399,3432,access_vlan:SW1:eth1:20+access_vlan:SW1:eth2:10+access_vlan:SW2:eth1:20+access_vlan:SW2:eth2:10+trunk_remove:SW1:eth3:10+trunk_remove:SW1:eth3:20+trunk_remove:SW2:eth3:10,10117,10127,0.519015,7.85,10,True,False,True,False,True,recovery_success,0.014340490289032459,10,5,4,0,0,0,0,0,0,10,10,3.1340022272727275,0,4.3,0,0,0,0,0
1400,3433,access_vlan:SW1:eth1:20+trunk_remove:SW1:eth3:10+trunk_remove:SW1:eth3:20+trunk_remove:SW2:eth3:10,10127,10141,0.5183500000000001,-12.75,14,True,False,True,False,False,incorrect_declare_done,0.011455020867288113,14,4,8,0,0,0,0,0,3,0,0,2.6121415454545454,0,7.0,0,0,0,0,0
1401,3434,access_vlan:SW1:eth1:20+access_vlan:SW1:eth2:10+access_vlan:SW2:eth2:10+trunk_remove:SW1:eth3:10+trunk_remove:SW2:eth3:20,10141,10146,0.5181125,-10.950000000000001,5,True,False,True,False,False,incorrect_declare_done,0.008527834806591273,5,2,2,0,0,0,0,0,3,5,5,0.8668362272727274,0,7.2,0,0,0,0,0
1402,3435,access_vlan:SW1:eth1:20+access_vlan:SW2:eth1:20+trunk_remove:SW1:eth3:10+trunk_remove:SW1:eth3:20,10146,10156,0.5176375,-12.15,10,True,False,True,False,False,incorrect_declare_done,0.006828624755144119,10,5,4,0,0,0,0,0,3,0,0,0.4283003636363636,0,10.0,0,0,0,0,0
1403,3436,access_vlan:SW1:eth1:20+access_vlan:SW1:eth2:10,10156,10169,0.51702,-13.4,13,True,False,True,False,False,incorrect_declare_done,0.005932924874986594,13,6,5,0,1,1,1,0,1,2,2,2.8212275,1,6.153846153846154,0,0,1,0,0
1404,3437,access_vlan:SW2:eth1:20+access_vlan:SW2:eth2:10+trunk_remove:SW1:eth3:10+trunk_remove:SW2:eth3:10+trunk_remove:SW2:eth3:20,10169,10199,0.515595,-7.55,30,True,False,False,True,False,step_limit,0.008176535096329948,30,17,13,0,1,1,1,0,1,15,15,7.04371065909091,1,5.966666666666667,0,0,1,0,0
1405,3438,access_vlan:SW1:eth1:20+access_vlan:SW1:eth2:10+access_vlan:SW2:eth1:20+trunk_remove:SW1:eth3:10,10199,10214,0.5148824999999999,-12.6,15,True,False,True,False,False,incorrect_declare_done,0.008167109126225114,15,3,11,0,0,0,0,0,1,15,15,4.285684431818183,0,4.866666666666666,0,0,0,0,0
1406,3439,access_vlan:SW2:eth1:20+access_vlan:SW2:eth2:10+trunk_remove:SW1:eth3:20+trunk_remove:SW2:eth3:10,10214,10244,0.5134575,-6.949999999999998,30,True,False,False,True,False,step_limit,0.013498113583773374,30,11,17,0,1,1,1,0,2,0,0,5.113042909090909,1,7.3,0,0,1,0,0
1407,3440,access_vlan:SW1:eth1:20+access_vlan:SW1:eth2:10+trunk_remove:SW1:eth3:20,10244,10263,0.5125550000000001,-14.3,19,True,False,True,False,False,incorrect_declare_done,0.0126352097937151,19,7,11,0,1,1,1,0,2,18,18,3.7354491818181823,1,6.7368421052631575,0,0,1,0,0
1408,3441,access_vlan:SW1:eth1:20+access_vlan:SW1:eth2:10+access_vlan:SW2:eth1:20+access_vlan:SW2:eth2:10+trunk_remove:SW1:eth3:20+trunk_remove:SW2:eth3:20,10263,10266,0.5124125,-10.65,3,True,False,True,False,False,incorrect_declare_done,0.011793337607135376,3,1,0,0,0,0,0,0,1,3,3,0.8944756363636366,0,4.333333333333333,0,0,0,0,0
1409,3442,access_vlan:SW1:eth1:20+access_vlan:SW2:eth1:20+access_vlan:SW2:eth2:10+trunk_remove:SW1:eth3:10,10266,10272,0.5121275000000001,8.6,6,True,False,True,False,True,recovery_success,0.01721435071279605,6,4,1,0,0,0,0,0,0,4,4,1.6298398863636365,0,5.0,0,0,0,0,0
1410,3443,trunk_remove:SW1:eth3:10+trunk_remove:SW2:eth3:20,10272,10282,0.5116525000000001,-12.0,10,True,False,True,False,False,incorrect_declare_done,0.00709528005681932,10,4,5,0,0,0,0,0,1,4,4,2.9036810909090907,0,4.7,0,0,0,0,0
1411,3444,access_vlan:SW1:eth1:20+access_vlan:SW1:eth2:10+trunk_remove:SW1:eth3:10+trunk_remove:SW2:eth3:10+trunk_remove:SW2:eth3:20,10282,10302,0.5107025000000001,-14.75,20,True,False,True,False,False,incorrect_declare_done,0.00811094039818272,20,9,10,0,1,1,1,0,2,19,19,3.675377090909091,1,7.0,0,0,1,0,0
1412,3445,access_vlan:SW1:eth1:20+access_vlan:SW1:eth2:10+trunk_remove:SW1:eth3:20,10302,10305,0.51056,-10.5,3,True,False,True,False,False,incorrect_declare_done,0.009745319529126087,3,1,1,0,0,0,0,0,3,0,0,0.05106550000000001,0,10.333333333333334,0,0,1,-1,0
1413,3446,trunk_remove:SW1:eth3:20+trunk_remove:SW2:eth3:10,10305,10316,0.5100374999999999,-12.3,11,True,False,True,False,False,incorrect_declare_done,0.007973316083238884,11,4,5,0,0,0,0,0,2,0,0,2.0782264545454545,0,6.818181818181818,0,0,0,0,0
1414,3447,access_vlan:SW1:eth1:20+access_vlan:SW1:eth2:10+trunk_remove:SW2:eth3:10+trunk_remove:SW2:eth3:20,10316,10337,0.5090399999999999,-15.95,21,True,False,True,False,False,incorrect_declare_done,0.023611737038230614,21,14,4,0,1,1,1,0,2,0,0,3.3900725454545455,1,7.476190476190476,0,0,1,0,0
1415,3448,access_vlan:SW1:eth1:20+access_vlan:SW1:eth2:10+access_vlan:SW2:eth2:10+trunk_remove:SW1:eth3:20,10337,10343,0.5087550000000001,-11.25,6,True,False,True,False,False,incorrect_declare_done,0.008556690532714128,6,3,2,0,0,0,0,0,1,6,6,1.6653855681818182,0,4.833333333333333,0,0,0,0,0
1416,3449,access_vlan:SW1:eth1:20+access_vlan:SW2:eth2:10+trunk_remove:SW1:eth3:20+trunk_remove:SW2:eth3:10,10343,10365,0.5077100000000001,-14.400000000000002,22,True,False,True,False,False,incorrect_declare_done,0.02351105348630385,22,8,13,0,0,0,0,0,2,0,0,4.111825454545455,0,6.909090909090909,0,0,0,0,0
1417,3450,access_vlan:SW1:eth1:20+access_vlan:SW1:eth2:10+access_vlan:SW2:eth1:20+access_vlan:SW2:eth2:10,10365,10366,0.5076625,9.95,1,True,False,True,False,True,recovery_success,0.024267638102173805,1,0,0,0,0,0,0,0,0,1,1,0.40613,0,2.0,0,0,0,0,0
1418,3451,access_vlan:SW1:eth1:20+access_vlan:SW2:eth2:10+trunk_remove:SW1:eth3:10+trunk_remove:SW2:eth3:10,10366,10379,0.507045,6.65,13,True,False,True,False,True,recovery_success,0.03889654132609184,13,10,2,0,0,0,0,0,0,1,1,2.2687134545454546,0,7.153846153846154,0,0,0,0,0
1419,3452,access_vlan:SW1:eth1:20+access_vlan:SW1:eth2:10+access_vlan:SW2:eth2:10+trunk_remove:SW1:eth3:10+trunk_remove:SW1:eth3:20+trunk_remove:SW2:eth3:20,10379,10382,0.5069025,-10.350000000000001,3,True,False,True,False,False,incorrect_declare_done,0.015418515230218569,3,0,2,0,0,0,0,0,3,3,3,0.6083400000000001,0,6.0,0,0,0,0,0
1420,3453,access_vlan:SW1:eth1:20+access_vlan:SW2:eth1:20+trunk_remove:SW2:eth3:10,10382,10387,0.506665,8.399999999999999,5,True,False,True,False,True,recovery_success,0.11265084259212017,5,3,1,0,1,1,1,0,0,4,4,1.4372839545454545,1,4.6,0,0,1,0,0
1421,3454,trunk_remove:SW2:eth3:10+trunk_remove:SW2:eth3:20,10387,10389,0.5065700000000001,-10.350000000000001,2,True,False,True,False,False,incorrect_declare_done,0.03316569700837135,2,1,0,0,0,0,0,0,1,1,1,0.5250097272727274,0,5.0,0,0,0,0,0
1422,3455,access_vlan:SW2:eth2:10+trunk_remove:SW1:eth3:10+trunk_remove:SW2:eth3:20,10389,10392,0.5064275,-10.5,3,True,False,True,False,False,incorrect_declare_done,0.05644932265082995,3,1,1,0,0,0,0,0,3,0,0,0.5709371818181819,0,6.666666666666667,0,0,0,0,0
1423,3456,access_vlan:SW1:eth1:20+access_vlan:SW1:eth2:10+access_vlan:SW2:eth2:10+trunk_remove:SW1:eth3:10+trunk_remove:SW2:eth3:20,10392,10399,0.506095,8.299999999999999,7,True,False,True,False,True,recovery_success,0.03669724999261754,7,4,1,0,0,0,0,0,0,6,6,1.969637727272727,0,4.714285714285714,0,0,0,0,0
1424,3457,access_vlan:SW1:eth1:20+access_vlan:SW1:eth2:10+access_vlan:SW2:eth1:20+access_vlan:SW2:eth2:10+trunk_remove:SW1:eth3:20+trunk_remove:SW2:eth3:10,10399,10402,0.5059525,-10.5,3,True,False,True,False,False,incorrect_declare_done,0.0543877345820268,3,1,1,0,0,0,0,0,2,3,3,0.5704017272727272,0,6.666666666666667,0,0,0,0,0
1425,3458,access_vlan:SW1:eth1:20+access_vlan:SW1:eth2:10+trunk_remove:SW1:eth3:10+trunk_remove:SW2:eth3:10+trunk_remove:SW2:eth3:20,10402,10405,0.5058100000000001,-11.0,3,True,False,True,False,False,incorrect_declare_done,0.025476733222603798,3,1,1,0,1,1,1,0,3,0,0,0.5104393636363638,1,7.0,0,0,1,0,0
1426,3459,access_vlan:SW2:eth2:10+trunk_remove:SW2:eth3:20,10405,10425,0.5048600000000001,6.2,20,True,False,True,False,True,recovery_success,0.048361275950446724,20,4,13,0,0,0,0,0,0,8,8,6.177860568181819,0,4.05,0,0,0,0,0
1427,3460,access_vlan:SW1:eth1:20+access_vlan:SW2:eth1:20+trunk_remove:SW1:eth3:10+trunk_remove:SW1:eth3:20+trunk_remove:SW2:eth3:10,10425,10449,0.5037200000000001,-15.450000000000001,24,True,False,True,False,False,incorrect_declare_done,0.04443264321889728,24,13,10,0,0,0,0,0,1,6,6,4.280312181818181,0,6.958333333333333,0,0,0,0,0
1428,3461,access_vlan:SW1:eth1:20+trunk_remove:SW1:eth3:10+trunk_remove:SW1:eth3:20,10449,10450,0.5036725000000001,-10.05,1,True,False,True,False,False,incorrect_declare_done,0.061728157103061676,1,0,0,0,0,0,0,0,3,0,0,0.20146900000000004,0,6.0,0,0,0,0,0
1429,3462,access_vlan:SW1:eth1:20+access_vlan:SW1:eth2:10+access_vlan:SW2:eth1:20+access_vlan:SW2:eth2:10+trunk_remove:SW1:eth3:10+trunk_remove:SW2:eth3:10+trunk_remove:SW2:eth3:20,10450,10470,0.5027225000000001,6.3500000000000005,20,True,False,True,False,True,recovery_success,0.016626892052590846,20,4,14,0,0,0,0,0,0,20,20,5.918722499999999,0,4.5,0,0,0,0,0
1430,3463,access_vlan:SW1:eth1:20+access_vlan:SW1:eth2:10+access_vlan:SW2:eth2:10+trunk_remove:SW1:eth3:20+trunk_remove:SW2:eth3:20,10470,10472,0.5026275,-10.350000000000001,2,True,False,True,False,False,incorrect_declare_done,0.009838058147579432,2,1,0,0,0,0,0,0,3,2,2,0.47980454545454543,0,5.5,0,0,0,0,0
1431,3464,access_vlan:SW2:eth2:10+trunk_remove:SW1:eth3:10,10472,10474,0.5025325,-10.200000000000001,2,True,False,True,False,False,incorrect_declare_done,0.00950672896578908,2,0,1,0,0,0,0,0,3,0,0,0.40204500000000004,0,6.0,0,0,0,0,0
1432,3465,access_vlan:SW1:eth2:10+trunk_remove:SW1:eth3:10+trunk_remove:SW2:eth3:10,10474,10481,0.5022,8.6,7,True,False,True,False,True,recovery_success,0.021174828987568617,7,3,3,0,0,0,0,0,0,4,4,1.85398175,0,5.0,0,0,0,0,0
1433,3466,access_vlan:SW1:eth2:10+access_vlan:SW2:eth2:10+trunk_remove:SW1:eth3:10+trunk_remove:SW1:eth3:20,10481,10482,0.5021525,-10.05,1,True,False,True,False,False,incorrect_declare_done,0.007830976508557796,1,0,0,0,0,0,0,0,4,0,0,0.05021525,0,9.0,0,0,0,0,0
1434,3467,access_vlan:SW1:eth1:20+access_vlan:SW2:eth1:20+trunk_remove:SW1:eth3:10+trunk_remove:SW1:eth3:20+trunk_remove:SW2:eth3:10,10482,10495,0.501535,-12.600000000000001,13,True,False,True,False,False,incorrect_declare_done,0.02973089123574587,13,4,7,0,0,0,0,0,3,3,3,1.0445144772727273,0,8.615384615384615,0,0,0,0,0
1435,3468,access_vlan:SW2:eth1:20+trunk_remove:SW2:eth3:10,10495,10525,0.50011,-8.099999999999998,30,True,False,False,True,False,step_limit,0.019827199292679627,30,18,6,0,0,0,0,0,1,14,14,7.670966818181817,0,5.266666666666667,0,0,0,0,0
1436,3469,access_vlan:SW1:eth1:20+access_vlan:SW2:eth2:10,10525,10526,0.5000625000000001,-10.05,1,True,False,True,False,False,incorrect_declare_done,0.030659571290016174,1,0,0,0,0,0,0,0,4,0,0,0.20002500000000004,0,6.0,0,0,0,0,0
1437,3470,access_vlan:SW2:eth2:10+trunk_remove:SW1:eth3:20+trunk_remove:SW2:eth3:20,10526,10539,0.49944500000000003,7.1,13,True,False,True,False,True,recovery_success,0.021256008328726657,13,7,5,0,0,0,0,0,0,5,5,3.4979653409090914,0,5.0,0,0,0,0,0
1438,3471,access_vlan:SW1:eth1:20+access_vlan:SW2:eth1:20+trunk_remove:SW1:eth3:10,10539,10544,0.4992075,-11.450000000000001,5,True,False,True,False,False,incorrect_declare_done,0.018391331285238267,5,2,2,0,1,1,1,0,1,3,3,1.1074815454545455,1,5.8,0,0,1,0,0
1439,3472,access_vlan:SW1:eth2:10+trunk_remove:SW1:eth3:20+trunk_remove:SW2:eth3:20,10544,10551,0.49887500000000007,-11.4,7,True,False,True,False,False,incorrect_declare_done,0.01768798248044082,7,3,3,0,0,0,0,0,3,0,0,1.6331589772727273,0,5.714285714285714,0,0,0,0,0
1440,3473,access_vlan:SW2:eth1:20+access_vlan:SW2:eth2:10+trunk_remove:SW2:eth3:10+trunk_remove:SW2:eth3:20,10551,10556,0.49863749999999996,-11.3,5,True,False,True,False,False,incorrect_declare_done,0.013246419746428728,5,1,3,0,1,1,1,0,3,4,4,1.0065086818181819,1,6.4,0,0,1,0,0
1441,3474,access_vlan:SW1:eth1:20+access_vlan:SW2:eth1:20+trunk_remove:SW1:eth3:10+trunk_remove:SW1:eth3:20+trunk_remove:SW2:eth3:10,10556,10565,0.49821000000000004,-12.0,9,True,False,True,False,False,incorrect_declare_done,0.01947254283974568,9,4,3,0,0,0,0,0,3,0,0,1.6809387727272729,0,6.777777777777778,0,0,0,0,0
1442,3475,access_vlan:SW1:eth1:20+access_vlan:SW1:eth2:10+trunk_remove:SW1:eth3:20,10565,10595,0.49678500000000003,-7.1000000000000005,30,True,False,False,True,False,step_limit,0.012817356750989954,30,10,16,0,1,1,1,0,3,23,23,6.036549659090909,1,6.4,0,0,1,0,0
1443,3476,access_vlan:SW1:eth2:10+access_vlan:SW2:eth2:10+trunk_remove:SW1:eth3:10+trunk_remove:SW1:eth3:20,10595,10596,0.49673749999999994,-10.05,1,True,False,True,False,False,incorrect_declare_done,0.008921200409531593,1,0,0,0,0,0,0,0,4,0,0,0.049673749999999996,0,9.0,0,0,0,0,0
1444,3477,access_vlan:SW2:eth1:20+trunk_remove:SW2:eth3:20,10596,10612,0.49597750000000007,6.2,16,True,False,True,False,True,recovery_success,0.01944904020638205,16,7,5,0,0,0,0,0,0,9,9,4.665206909090909,0,4.5,0,0,0,0,0
1445,3478,access_vlan:SW1:eth1:20+access_vlan:SW2:eth1:20+access_vlan:SW2:eth2:10+trunk_remove:SW2:eth3:10,10612,10619,0.495645,-11.25,7,True,False,True,False,False,incorrect_declare_done,0.02883492862539632,7,2,4,0,0,0,0,0,3,7,7,1.6676618181818184,0,5.428571428571429,0,0,0,0,0
1446,3479,trunk_remove:SW2:eth3:10+trunk_remove:SW2:eth3:20,10619,10646,0.49436250000000004,-15.750000000000002,27,True,False,True,False,False,incorrect_declare_done,0.024530885309946758,27,9,14,0,0,0,0,0,2,0,0,4.895843636363637,0,6.925925925925926,0,0,0,0,0
1447,3480,access_vlan:SW2:eth1:20+access_vlan:SW2:eth2:10+trunk_remove:SW1:eth3:10+trunk_remove:SW1:eth3:20,10646,10661,0.49365000000000003,-13.4,15,True,False,True,False,False,incorrect_declare_done,0.03851094720885158,15,4,9,0,1,1,1,0,3,14,14,2.0747541363636364,1,7.866666666666666,0,0,1,0,0
1448,3481,access_vlan:SW1:eth1:20+access_vlan:SW1:eth2:10+access_vlan:SW2:eth1:20+trunk_remove:SW1:eth3:20,10661,10663,0.49355499999999997,-10.200000000000001,2,True,False,True,False,False,incorrect_declare_done,0.05756198428571224,2,0,1,0,0,0,0,0,3,2,2,0.394863,0,6.0,0,0,0,0,0
1449,3482,access_vlan:SW1:eth1:20+access_vlan:SW1:eth2:10+access_vlan:SW2:eth2:10+trunk_remove:SW1:eth3:10+trunk_remove:SW2:eth3:10+trunk_remove:SW2:eth3:20,10663,10671,0.49317500000000003,-11.700000000000001,8,True,False,True,False,False,incorrect_declare_done,0.04054651252226904,8,4,3,0,0,0,0,0,1,8,8,1.8521752045454543,0,5.75,0,0,0,0,0
1450,3483,access_vlan:SW1:eth1:20+access_vlan:SW2:eth1:20+access_vlan:SW2:eth2:10+trunk_remove:SW2:eth3:10,10671,10675,0.4929850000000001,-10.5,4,True,False,True,False,False,incorrect_declare_done,0.042949531227350235,4,0,3,0,0,0,0,0,3,4,4,0.9861125000000002,0,5.0,0,0,0,0,0
1451,3484,access_vlan:SW2:eth1:20+access_vlan:SW2:eth2:10+trunk_remove:SW1:eth3:10+trunk_remove:SW1:eth3:20,10675,10681,0.4927,-11.75,6,True,False,True,False,False,incorrect_declare_done,0.030985983399053414,6,3,2,0,1,1,1,0,3,2,2,0.8332853636363637,1,7.5,0,0,1,0,0
1452,3485,access_vlan:SW1:eth1:20+access_vlan:SW1:eth2:10+trunk_remove:SW1:eth3:10,10681,10682,0.49265250000000005,-10.05,1,True,False,True,False,False,incorrect_declare_done,0.03564722463488579,1,0,0,0,0,0,0,0,3,0,0,0.049265250000000003,0,9.0,0,0,1,-1,0
1453,3486,access_vlan:SW1:eth2:10+trunk_remove:SW1:eth3:20+trunk_remove:SW2:eth3:20,10682,10698,0.49189249999999995,-13.5,16,True,False,True,False,False,incorrect_declare_done,0.02816755330422893,16,5,7,0,0,0,0,0,3,4,4,3.602382045454546,0,5.9375,0,0,0,0,0
1454,3487,access_vlan:SW1:eth2:10+access_vlan:SW2:eth1:20+trunk_remove:SW1:eth3:10+trunk_remove:SW1:eth3:20,10698,10700,0.4917975,-10.350000000000001,2,True,False,True,False,False,incorrect_declare_done,0.029010917991399765,2,1,0,0,0,0,0,0,3,0,0,0.2235443181818182,0,8.0,0,0,0,0,0
1455,3488,access_vlan:SW1:eth2:10+access_vlan:SW2:eth2:10+trunk_remove:SW1:eth3:10,10700,10713,0.49118000000000006,-12.450000000000001,13,True,False,True,False,False,incorrect_declare_done,0.02895132240910943,13,4,8,0,0,0,0,0,3,9,9,1.7556307500000001,0,7.769230769230769,0,0,0,0,0
1456,3489,access_vlan:SW1:eth1:20+access_vlan:SW1:eth2:10+trunk_remove:SW1:eth3:20+trunk_remove:SW2:eth3:20,10713,10724,0.49065749999999997,-12.350000000000001,11,True,False,True,False,False,incorrect_declare_done,0.02155512160706249,11,2,8,0,1,1,1,0,3,0,0,1.115303409090909,1,8.181818181818182,0,0,1,0,0
1457,3490,access_vlan:SW1:eth2:10+access_vlan:SW2:eth2:10+trunk_remove:SW1:eth3:10,10724,10735,0.4901350000000001,7.4,11,True,False,True,False,True,recovery_success,0.02261082480915568,11,7,3,0,0,0,0,0,0,2,2,2.322196,0,6.181818181818182,0,0,0,0,0
1458,3491,access_vlan:SW2:eth2:10+trunk_remove:SW1:eth3:10,10735,10756,0.4891375000000001,-14.400000000000002,21,True,False,True,False,False,incorrect_declare_done,0.015146440626787288,21,9,11,0,0,0,0,0,2,0,0,3.5518021363636363,0,7.142857142857143,0,0,0,0,0
1459,3492,access_vlan:SW2:eth1:20+trunk_remove:SW1:eth3:20+trunk_remove:SW2:eth3:10,10756,10766,0.4886625,7.85,10,True,False,True,False,True,recovery_success,0.012382618756964803,10,5,4,0,0,0,0,0,0,2,2,2.5864041818181818,0,5.0,0,0,0,0,0
1460,3493,access_vlan:SW1:eth2:10+trunk_remove:SW1:eth3:20,10766,10776,0.4881875000000001,-11.55,10,True,False,True,False,False,incorrect_declare_done,0.009974350919947028,10,1,8,0,0,0,0,0,3,0,0,2.3754287500000006,0,5.3,0,0,0,0,0
1461,3494,access_vlan:SW1:eth1:20+access_vlan:SW2:eth1:20+trunk_remove:SW1:eth3:20,10776,10796,0.4872375000000001,-14.25,20,True,False,True,False,False,incorrect_declare_done,0.016311572003178298,20,9,10,0,0,0,0,0,2,0,0,3.112046431818182,0,7.4,0,0,0,0,0
1462,3495,access_vlan:SW1:eth2:10+access_vlan:SW2:eth1:20+access_vlan:SW2:eth2:10+trunk_remove:SW1:eth3:10,10796,10812,0.4864775,7.1,16,True,False,True,False,True,recovery_success,0.015130401006899774,16,4,11,0,0,0,0,0,0,16,16,4.593439818181818,0,4.4375,0,0,0,0,0
1463,3496,access_vlan:SW1:eth1:20+trunk_remove:SW1:eth3:10+trunk_remove:SW1:eth3:20+trunk_remove:SW2:eth3:20,10812,10830,0.48562250000000007,-13.8,18,True,False,True,False,False,incorrect_declare_done,0.01914472052723997,18,8,9,0,0,0,0,0,1,8,8,4.4312333181818175,0,5.388888888888889,0,0,0,0,0
1464,3497,access_vlan:SW1:eth1:20+access_vlan:SW1:eth2:10+access_vlan:SW2:eth1:20+access_vlan:SW2:eth2:10+trunk_remove:SW1:eth3:10+trunk_remove:SW1:eth3:20+trunk_remove:SW2:eth3:10+trunk_remove:SW2:eth3:20,10830,10851,0.4846250000000001,-13.65,21,True,False,True,False,False,incorrect_declare_done,0.030673659140510217,21,3,16,0,0,0,0,0,1,21,21,4.233400500000001,0,6.0,0,0,0,0,0
1465,3498,access_vlan:SW1:eth2:10+access_vlan:SW2:eth1:20+trunk_remove:SW1:eth3:10+trunk_remove:SW2:eth3:10,10851,10854,0.48448250000000004,-10.350000000000001,3,True,False,True,False,False,incorrect_declare_done,0.041804795463879905,3,0,2,0,0,0,0,0,4,0,0,0.29071800000000003,0,8.0,0,0,0,0,0
1466,3499,access_vlan:SW1:eth1:20+access_vlan:SW1:eth2:10+access_vlan:SW2:eth1:20+access_vlan:SW2:eth2:10+trunk_remove:SW1:eth3:10+trunk_remove:SW1:eth3:20+trunk_remove:SW2:eth3:10,10854,10860,0.48419749999999995,-11.100000000000001,6,True,False,True,False,False,incorrect_declare_done,0.01681690864885847,6,2,3,0,0,0,0,0,2,6,6,1.091919909090909,0,6.666666666666667,0,0,0,0,0
1467,3500,access_vlan:SW1:eth1:20+access_vlan:SW1:eth2:10+access_vlan:SW2:eth2:10+trunk_remove:SW1:eth3:10+trunk_remove:SW1:eth3:20+trunk_remove:SW2:eth3:10+trunk_remove:SW2:eth3:20,10860,10866,0.48391249999999997,-11.25,6,True,False,True,False,False,incorrect_declare_done,0.02601374142492811,6,3,2,0,0,0,0,0,2,6,6,1.1132729545454545,0,6.666666666666667,0,0,0,0,0
1468,3501,access_vlan:SW1:eth2:10+trunk_remove:SW2:eth3:10+trunk_remove:SW2:eth3:20,10866,10869,0.48377000000000003,-10.65,3,True,False,True,False,False,incorrect_declare_done,0.012112319624672333,3,2,0,0,0,0,0,0,3,0,0,0.545396,0,6.666666666666667,0,0,0,0,0
1469,3502,access_vlan:SW1:eth1:20+access_vlan:SW1:eth2:10+access_vlan:SW2:eth1:20+trunk_remove:SW2:eth3:20,10869,10871,0.4836750000000001,-10.200000000000001,2,True,False,True,False,False,incorrect_declare_done,0.017522655427455902,2,0,1,0,0,0,0,0,3,2,2,0.38695900000000005,0,6.0,0,0,0,0,0
1470,3503,access_vlan:SW2:eth2:10+trunk_remove:SW1:eth3:10+trunk_remove:SW1:eth3:20+trunk_remove:SW2:eth3:10+trunk_remove:SW2:eth3:20,10871,10896,0.48248750000000007,-15.3,25,True,False,True,False,False,incorrect_declare_done,0.014227895811200143,25,11,13,0,0,0,0,0,1,0,0,5.558921795454546,0,5.88,0,0,0,0,0
1471,3504,access_vlan:SW1:eth1:20+access_vlan:SW1:eth2:10+access_vlan:SW2:eth1:20+trunk_remove:SW1:eth3:20+trunk_remove:SW2:eth3:20,10896,10897,0.4824400000000001,-10.05,1,True,False,True,False,False,incorrect_declare_done,0.014637254178524017,1,0,0,0,0,0,0,0,3,1,1,0.14473200000000003,0,7.0,0,0,0,0,0
1472,3505,access_vlan:SW1:eth1:20+trunk_remove:SW1:eth3:10,10897,10906,0.48201250000000007,8.45,9,True,False,True,False,True,recovery_success,0.008401449769735336,9,2,6,0,0,0,0,0,0,3,3,2.6739068181818184,0,4.0,0,0,0,0,0
1473,3506,access_vlan:SW1:eth1:20+access_vlan:SW2:eth1:20+access_vlan:SW2:eth2:10+trunk_remove:SW1:eth3:10+trunk_remove:SW2:eth3:10,10906,10921,0.48129999999999995,-13.05,15,True,False,True,False,False,incorrect_declare_done,0.007328070731212695,15,5,8,0,0,0,0,0,1,15,15,3.9625197727272736,0,4.933333333333334,0,0,0,0,0
1474,3507,access_vlan:SW2:eth2:10,10921,10951,0.47987500000000005,-16.8,30,True,False,True,False,False,incorrect_declare_done,0.01029821156213681,30,11,13,0,0,0,0,0,3,4,4,6.596890113636364,0,5.933333333333334,0,0,0,0,0
1475,3508,access_vlan:SW1:eth2:10+trunk_remove:SW1:eth3:20+trunk_remove:SW2:eth3:20,10951,10966,0.47916250000000005,6.799999999999999,15,True,False,True,False,True,recovery_success,0.009733986233671506,15,6,7,0,0,0,0,0,0,4,4,3.8792784090909094,0,4.933333333333334,0,0,0,0,0
1476,3509,access_vlan:SW1:eth1:20+access_vlan:SW1:eth2:10+access_vlan:SW2:eth1:20+trunk_remove:SW1:eth3:20+trunk_remove:SW2:eth3:10+trunk_remove:SW2:eth3:20,10966,10994,0.4778325000000001,-16.35,28,True,False,True,False,False,incorrect_declare_done,0.010572395919423019,28,12,12,0,0,0,0,0,2,28,28,4.710558590909091,0,7.107142857142857,0,0,0,0,0
1477,3510,access_vlan:SW1:eth1:20+access_vlan:SW1:eth2:10+trunk_remove:SW1:eth3:10+trunk_remove:SW2:eth3:10+trunk_remove:SW2:eth3:20,10994,11005,0.47731,-13.1,11,True,False,True,False,False,incorrect_declare_done,0.013767109718173742,11,7,3,0,1,1,1,0,3,7,7,1.3500210000000001,1,8.090909090909092,0,0,1,0,0
1478,3511,access_vlan:SW1:eth1:20+trunk_remove:SW1:eth3:10+trunk_remove:SW1:eth3:20+trunk_remove:SW2:eth3:10,11005,11027,0.47626500000000005,-15.149999999999999,22,True,False,True,False,False,incorrect_declare_done,0.025362626776437868,22,10,8,0,0,0,0,0,1,3,3,4.524157954545456,0,6.2272727272727275,0,0,0,0,0
1479,3512,access_vlan:SW1:eth1:20+access_vlan:SW1:eth2:10+trunk_remove:SW1:eth3:10+trunk_remove:SW1:eth3:20+trunk_remove:SW2:eth3:10,11027,11055,0.4749350000000001,3.1499999999999986,28,True,False,True,False,True,recovery_success,0.023612026424546326,28,11,12,0,1,1,1,0,0,16,16,6.963151295454545,1,5.214285714285714,0,0,1,0,0
1480,3513,access_vlan:SW2:eth2:10+trunk_remove:SW1:eth3:20+trunk_remove:SW2:eth3:20,11055,11068,0.47431750000000006,-12.9,13,True,False,True,False,False,incorrect_declare_done,0.014425422423160993,13,5,5,0,0,0,0,0,1,2,2,3.365337272727273,0,4.846153846153846,0,0,0,0,0
1481,3514,access_vlan:SW1:eth1:20+access_vlan:SW1:eth2:10+access_vlan:SW2:eth2:10+trunk_remove:SW1:eth3:10+trunk_remove:SW1:eth3:20,11068,11071,0.474175,-10.350000000000001,3,True,False,True,False,False,incorrect_declare_done,0.015200620827575525,3,0,2,0,0,0,0,0,3,3,3,0.569067,0,6.0,0,0,0,0,0
1482,3515,access_vlan:SW2:eth1:20+trunk_remove:SW1:eth3:20+trunk_remove:SW2:eth3:10,11071,11089,0.4733200000000001,-13.799999999999999,18,True,False,True,False,False,incorrect_declare_done,0.030365559375948377,18,8,9,0,0,0,0,0,2,0,0,2.687303045454546,0,7.5,0,0,0,0,0
1483,3516,access_vlan:SW1:eth2:10+access_vlan:SW2:eth1:20+access_vlan:SW2:eth2:10+trunk_remove:SW2:eth3:20,11089,11092,0.47317750000000003,-10.5,3,True,False,True,False,False,incorrect_declare_done,0.07988811284303665,3,1,1,0,0,0,0,0,3,1,1,0.6668192045454546,0,5.666666666666667,0,0,0,0,0
1484,3517,access_vlan:SW1:eth1:20+access_vlan:SW1:eth2:10+access_vlan:SW2:eth1:20+trunk_remove:SW1:eth3:10+trunk_remove:SW1:eth3:20+trunk_remove:SW2:eth3:10+trunk_remove:SW2:eth3:20,11092,11093,0.47313000000000005,-10.05,1,True,False,True,False,False,incorrect_declare_done,0.08233338594436646,1,0,0,0,0,0,0,0,3,1,1,0.141939,0,7.0,0,0,0,0,0
1485,3518,access_vlan:SW1:eth1:20+access_vlan:SW2:eth2:10+trunk_remove:SW1:eth3:20,11093,11109,0.47237000000000007,-13.35,16,True,False,True,False,False,incorrect_declare_done,0.04280917445430532,16,6,8,0,0,0,0,0,3,0,0,1.8477860909090909,0,8.0625,0,0,0,0,0
1486,3519,access_vlan:SW1:eth2:10+access_vlan:SW2:eth1:20+access_vlan:SW2:eth2:10+trunk_remove:SW1:eth3:10+trunk_remove:SW1:eth3:20+trunk_remove:SW2:eth3:10+trunk_remove:SW2:eth3:20,11109,11123,0.47170500000000004,6.949999999999999,14,True,False,True,False,True,recovery_success,0.05569956504872867,14,7,6,0,0,0,0,0,0,14,14,3.445449704545455,0,5.214285714285714,0,0,0,0,0
1487,3520,access_vlan:SW1:eth2:10+trunk_remove:SW1:eth3:20,11123,11138,0.47099250000000004,-13.5,15,True,False,True,False,False,incorrect_declare_done,0.03818715276817481,15,7,5,0,0,0,0,0,1,4,4,3.449131931818182,0,5.6,0,0,0,0,0
1488,3521,access_vlan:SW1:eth1:20+access_vlan:SW2:eth1:20+access_vlan:SW2:eth2:10+trunk_remove:SW1:eth3:10,11138,11145,0.47065999999999997,8.45,7,True,False,True,False,True,recovery_success,0.01608909074483173,7,3,2,0,0,0,0,0,0,7,7,2.2469363636363635,0,3.4285714285714284,0,0,0,0,0
1489,3522,access_vlan:SW2:eth2:10+trunk_remove:SW1:eth3:20+trunk_remove:SW2:eth3:20,11145,11157,0.47009,-12.3,12,True,False,True,False,False,incorrect_declare_done,0.0270876952757438,12,3,7,0,0,0,0,0,3,3,3,2.6297202272727276,0,5.75,0,0,0,0,0
1490,3523,access_vlan:SW1:eth1:20+trunk_remove:SW1:eth3:10+trunk_remove:SW2:eth3:10,11157,11163,0.46980500000000003,-11.100000000000001,6,True,False,True,False,False,incorrect_declare_done,0.04959819900492827,6,2,3,0,0,0,0,0,1,5,5,1.6447342045454547,0,4.5,0,0,0,0,0
1491,3524,access_vlan:SW1:eth1:20+access_vlan:SW1:eth2:10+access_vlan:SW2:eth1:20+access_vlan:SW2:eth2:10+trunk_remove:SW1:eth3:20+trunk_remove:SW2:eth3:20,11163,11181,0.46895,-13.95,18,True,False,True,False,False,incorrect_declare_done,0.03709521268804868,18,7,8,0,0,0,0,0,1,18,18,4.633823590909092,0,4.944444444444445,0,0,0,0,0
1492,3525,access_vlan:SW1:eth1:20+access_vlan:SW1:eth2:10+access_vlan:SW2:eth1:20+trunk_remove:SW1:eth3:20+trunk_remove:SW2:eth3:10+trunk_remove:SW2:eth3:20,11181,11185,0.46875999999999995,-10.65,4,True,False,True,False,False,incorrect_declare_done,0.01655477867461741,4,1,2,0,0,0,0,0,3,4,4,0.6222608863636364,0,7.0,0,0,0,0,0
1493,3526,access_vlan:SW1:eth1:20+access_vlan:SW2:eth1:20+trunk_remove:SW1:eth3:10+trunk_remove:SW2:eth3:10+trunk_remove:SW2:eth3:20,11185,11202,0.4679525,-13.649999999999999,17,True,False,True,False,False,incorrect_declare_done,0.012667262433644603,17,6,8,0,0,0,0,0,1,16,16,3.367506704545455,0,6.294117647058823,0,0,0,0,0
1494,3527,access_vlan:SW2:eth1:20+access_vlan:SW2:eth2:10+trunk_remove:SW1:eth3:10+trunk_remove:SW1:eth3:20+trunk_remove:SW2:eth3:20,11202,11232,0.4665275,-7.699999999999999,30,True,False,False,True,False,step_limit,0.014732853509485722,30,17,12,0,1,1,1,0,2,0,0,4.7609155,1,7.233333333333333,0,0,1,0,0
1495,3528,access_vlan:SW1:eth2:10+trunk_remove:SW1:eth3:10+trunk_remove:SW2:eth3:10+trunk_remove:SW2:eth3:20,11232,11234,0.4664325,-10.200000000000001,2,True,False,True,False,False,incorrect_declare_done,0.02601430704817176,2,0,1,0,0,0,0,0,3,0,0,0.27987375000000003,0,7.0,0,0,0,0,0
1496,3529,access_vlan:SW1:eth2:10+access_vlan:SW2:eth2:10+trunk_remove:SW1:eth3:20+trunk_remove:SW2:eth3:10,11234,11245,0.46591000000000005,-12.0,11,True,False,True,False,False,incorrect_declare_done,0.031693275848572906,11,3,7,0,0,0,0,0,2,0,0,2.0383035,0,6.545454545454546,0,0,0,0,0
1497,3530,access_vlan:SW1:eth2:10+access_vlan:SW2:eth2:10+trunk_remove:SW1:eth3:10+trunk_remove:SW2:eth3:10+trunk_remove:SW2:eth3:20,11245,11252,0.4655775,-11.850000000000001,7,True,False,True,False,False,incorrect_declare_done,0.024948665340031897,7,6,0,0,0,0,0,0,3,0,0,0.88905,0,7.857142857142857,0,0,0,0,0
1498,3531,access_vlan:SW1:eth2:10+access_vlan:SW2:eth1:20+access_vlan:SW2:eth2:10+trunk_remove:SW1:eth3:20+trunk_remove:SW2:eth3:10,11252,11253,0.46553,-10.05,1,True,False,True,False,False,incorrect_declare_done,0.007098322734236717,1,0,0,0,0,0,0,0,3,1,1,0.186212,0,6.0,0,0,0,0,0
1499,3532,access_vlan:SW1:eth2:10+trunk_remove:SW1:eth3:10+trunk_remove:SW1:eth3:20+trunk_remove:SW2:eth3:10,11253,11271,0.46467500000000006,-13.5,18,True,False,True,False,False,incorrect_declare_done,0.022537531279441383,18,6,11,0,0,0,0,0,2,0,0,2.6888422954545463,0,7.388888888888889,0,0,0,0,0
1500,3533,access_vlan:SW1:eth2:10+access_vlan:SW2:eth2:10+trunk_remove:SW1:eth3:10+trunk_remove:SW2:eth3:10+trunk_remove:SW2:eth3:20,11271,11296,0.46348750000000005,-16.35,25,True,False,True,False,False,incorrect_declare_done,0.019870998430997135,25,17,6,0,0,0,0,0,1,3,3,3.9645804545454553,0,7.2,0,0,0,0,0
1501,3534,access_vlan:SW1:eth2:10,11296,11313,0.46268,6.800000000000001,17,True,False,True,False,True,recovery_success,0.029008556486052627,17,5,11,0,0,0,0,0,0,13,13,5.030066363636364,0,3.9411764705882355,0,0,0,0,0
1502,3535,access_vlan:SW1:eth1:20+access_vlan:SW1:eth2:10+access_vlan:SW2:eth1:20+access_vlan:SW2:eth2:10+trunk_remove:SW1:eth3:10+trunk_remove:SW1:eth3:20+trunk_remove:SW2:eth3:10+trunk_remove:SW2:eth3:20,11313,11318,0.4624425000000001,-11.100000000000001,5,True,False,True,False,False,incorrect_declare_done,0.018794492073357105,5,3,1,0,0,0,0,0,1,5,5,1.0848356363636364,0,5.6,0,0,0,0,0
1503,3536,access_vlan:SW1:eth1:20+access_vlan:SW2:eth2:10+trunk_remove:SW2:eth3:10,11318,11322,0.46225249999999996,-10.8,4,True,False,True,False,False,incorrect_declare_done,0.028709697537124157,4,2,1,0,0,0,0,0,4,0,0,0.3446426363636364,0,8.75,0,0,0,0,0
1504,3537,access_vlan:SW1:eth1:20+access_vlan:SW1:eth2:10+trunk_remove:SW1:eth3:20+trunk_remove:SW2:eth3:20,11322,11352,0.46082750000000006,-7.549999999999998,30,True,False,False,True,False,step_limit,0.03344064941629767,30,17,13,0,1,1,1,0,2,0,0,2.473503181818182,1,8.8,0,0,1,0,0
1505,3538,access_vlan:SW1:eth1:20+access_vlan:SW1:eth2:10+trunk_remove:SW1:eth3:10+trunk_remove:SW1:eth3:20+trunk_remove:SW2:eth3:20,11352,11368,0.46006749999999996,-14.3,16,True,False,True,False,False,incorrect_declare_done,0.01544370930059813,16,10,5,0,1,1,1,0,2,0,0,2.561461477272727,1,7.0625,0,0,1,0,0
1506,3539,access_vlan:SW1:eth2:10+access_vlan:SW2:eth2:10+trunk_remove:SW1:eth3:20+trunk_remove:SW2:eth3:10+trunk_remove:SW2:eth3:20,11368,11369,0.46002,-10.05,1,True,False,True,False,False,incorrect_declare_done,0.011931470595300198,1,0,0,0,0,0,0,0,4,0,0,0.046002,0,9.0,0,0,0,0,0
1507,3540,access_vlan:SW1:eth2:10+access_vlan:SW2:eth2:10+trunk_remove:SW1:eth3:10+trunk_remove:SW2:eth3:10+trunk_remove:SW2:eth3:20,11369,11379,0.4595450000000001,-12.3,10,True,False,True,False,False,incorrect_declare_done,0.02624099776148796,10,5,3,0,0,0,0,0,3,0,0,1.2956254545454546,0,7.8,0,0,0,0,0
1508,3541,access_vlan:SW2:eth1:20+trunk_remove:SW1:eth3:10+trunk_remove:SW1:eth3:20,11379,11384,0.4593075,-11.100000000000001,5,True,False,True,False,False,incorrect_declare_done,0.021987118013203143,5,3,1,0,0,0,0,0,2,0,0,0.8102180909090909,0,7.0,0,0,0,0,0
1509,3542,access_vlan:SW1:eth2:10+access_vlan:SW2:eth1:20+access_vlan:SW2:eth2:10+trunk_remove:SW1:eth3:10,11384,11388,0.45911749999999996,9.2,4,True,False,True,False,True,recovery_success,0.01230427052360028,4,2,1,0,0,0,0,0,0,3,3,1.0352265,0,4.5,0,0,0,0,0
1510,3543,access_vlan:SW1:eth2:10+access_vlan:SW2:eth1:20+trunk_remove:SW1:eth3:10+trunk_remove:SW1:eth3:20,11388,11405,0.45831,-13.95,17,True,False,True,False,False,incorrect_declare_done,0.013493680176051223,17,9,6,0,0,0,0,0,2,0,0,1.1253615909090908,0,9.235294117647058,0,0,0,0,0
1511,3544,access_vlan:SW1:eth2:10+access_vlan:SW2:eth2:10+trunk_remove:SW1:eth3:10+trunk_remove:SW1:eth3:20+trunk_remove:SW2:eth3:10+trunk_remove:SW2:eth3:20,11405,11413,0.45793000000000006,-11.55,8,True,False,True,False,False,incorrect_declare_done,0.010449925961438566,8,3,4,0,0,0,0,0,2,0,0,1.2908797727272727,0,7.0,0,0,0,0,0
1512,3545,access_vlan:SW1:eth2:10+trunk_remove:SW1:eth3:10+trunk_remove:SW1:eth3:20+trunk_remove:SW2:eth3:10,11413,11427,0.45726500000000003,-13.2,14,True,False,True,False,False,incorrect_declare_done,0.015292216558009386,14,7,5,0,0,0,0,0,2,0,0,2.2295720681818185,0,7.071428571428571,0,0,0,0,0
1513,3546,access_vlan:SW2:eth1:20+access_vlan:SW2:eth2:10+trunk_remove:SW1:eth3:10+trunk_remove:SW1:eth3:20+trunk_remove:SW2:eth3:20,11427,11429,0.45716999999999997,-10.850000000000001,2,True,False,True,False,False,incorrect_declare_done,0.015238082967698574,2,1,0,0,1,1,1,0,3,0,0,0.21196538636363635,1,8.0,0,0,1,0,0
1514,3547,access_vlan:SW1:eth1:20+access_vlan:SW2:eth1:20+access_vlan:SW2:eth2:10+trunk_remove:SW1:eth3:10+trunk_remove:SW2:eth3:10,11429,11433,0.45698000000000005,-10.8,4,True,False,True,False,False,incorrect_declare_done,0.024625126621685922,4,2,1,0,0,0,0,0,3,3,3,0.8517805681818182,0,5.75,0,0,0,0,0
1515,3548,access_vlan:SW2:eth2:10,11433,11437,0.45679000000000003,-10.950000000000001,4,True,False,True,False,False,incorrect_declare_done,0.03319526475388557,4,2,0,0,0,0,0,0,3,0,0,0.8721918181818182,0,5.5,0,0,0,0,0
1516,3549,access_vlan:SW1:eth1:20+access_vlan:SW2:eth1:20+trunk_remove:SW1:eth3:10,11437,11460,0.4556975000000001,-15.350000000000001,23,True,False,True,False,False,incorrect_declare_done,0.025935368247978065,23,8,12,0,1,1,1,0,3,6,6,4.113662590909091,1,6.6521739130434785,0,0,1,0,0
1517,3550,access_vlan:SW1:eth1:20+access_vlan:SW2:eth2:10+trunk_remove:SW1:eth3:10+trunk_remove:SW1:eth3:20+trunk_remove:SW2:eth3:10,11460,11481,0.4547000000000001,-14.1,21,True,False,True,False,False,incorrect_declare_done,0.011785330539125772,21,5,13,0,0,0,0,0,3,20,20,3.6827838636363635,0,6.714285714285714,0,0,0,0,0
1518,3551,access_vlan:SW1:eth1:20+access_vlan:SW2:eth1:20+access_vlan:SW2:eth2:10+trunk_remove:SW1:eth3:10+trunk_remove:SW1:eth3:20+trunk_remove:SW2:eth3:10,11481,11487,0.454415,-11.25,6,True,False,True,False,False,incorrect_declare_done,0.015475464596723517,6,3,2,0,0,0,0,0,3,6,6,0.8842725909090908,0,7.333333333333333,0,0,0,0,0
1519,3552,access_vlan:SW1:eth1:20+access_vlan:SW1:eth2:10+trunk_remove:SW1:eth3:10+trunk_remove:SW1:eth3:20+trunk_remove:SW2:eth3:10,11487,11492,0.4541775,-11.450000000000001,5,True,False,True,False,False,incorrect_declare_done,0.03346558036282658,5,2,2,0,1,1,1,0,3,0,0,0.5863869318181818,1,7.8,0,0,1,0,0
1520,3553,access_vlan:SW2:eth2:10+trunk_remove:SW1:eth3:10+trunk_remove:SW1:eth3:20,11492,11504,0.45360749999999994,-12.45,12,True,False,True,False,False,incorrect_declare_done,0.007749593389841418,12,5,6,0,0,0,0,0,2,0,0,2.161967227272728,0,6.583333333333333,0,0,0,0,0
1521,3554,access_vlan:SW1:eth1:20+trunk_remove:SW1:eth3:10+trunk_remove:SW1:eth3:20+trunk_remove:SW2:eth3:20,11504,11534,0.45218250000000004,-7.499999999999998,30,True,False,False,True,False,step_limit,0.00958094804858168,30,18,10,0,0,0,0,0,1,3,3,5.4993162954545465,0,6.5,0,0,0,0,0
1522,3555,access_vlan:SW1:eth2:10+access_vlan:SW2:eth2:10+trunk_remove:SW1:eth3:10,11534,11564,0.4507574999999999,-7.649999999999999,30,True,False,False,True,False,step_limit,0.011829090863466262,30,16,9,0,0,0,0,0,2,0,0,4.768649750000001,0,7.066666666666666,0,0,0,0,0
1523,3556,access_vlan:SW1:eth1:20+access_vlan:SW1:eth2:10+access_vlan:SW2:eth1:20+trunk_remove:SW1:eth3:20+trunk_remove:SW2:eth3:10+trunk_remove:SW2:eth3:20,11564,11591,0.44947499999999996,4.249999999999998,27,True,False,True,False,True,recovery_success,0.028916434005454735,27,11,14,0,0,0,0,0,0,27,27,5.927761704545455,0,5.555555555555555,0,0,0,0,0
1524,3557,access_vlan:SW1:eth1:20+access_vlan:SW1:eth2:10+access_vlan:SW2:eth1:20+trunk_remove:SW1:eth3:20+trunk_remove:SW2:eth3:10+trunk_remove:SW2:eth3:20,11591,11600,0.44904750000000004,-11.700000000000001,9,True,False,True,False,False,incorrect_declare_done,0.035472782380465,9,3,5,0,0,0,0,0,3,9,9,1.3436099545454545,0,7.111111111111111,0,0,0,0,0
1525,3558,access_vlan:SW1:eth2:10+access_vlan:SW2:eth1:20+access_vlan:SW2:eth2:10+trunk_remove:SW1:eth3:10+trunk_remove:SW1:eth3:20+trunk_remove:SW2:eth3:10+trunk_remove:SW2:eth3:20,11600,11605,0.44880999999999993,-10.950000000000001,5,True,False,True,False,False,incorrect_declare_done,0.012857050821185111,5,2,2,0,0,0,0,0,2,5,5,0.869241590909091,0,6.6,0,0,0,0,0
1526,3559,access_vlan:SW2:eth1:20+access_vlan:SW2:eth2:10,11605,11614,0.4483825,-12.5,9,True,False,True,False,False,incorrect_declare_done,0.025461465534236696,9,5,3,0,1,1,1,0,1,1,1,1.4679259090909091,1,6.888888888888889,0,0,1,0,0
1527,3560,access_vlan:SW1:eth1:20+access_vlan:SW1:eth2:10+access_vlan:SW2:eth1:20+trunk_remove:SW1:eth3:10+trunk_remove:SW2:eth3:10,11614,11644,0.4469575000000001,-6.75,30,True,False,False,True,False,step_limit,0.014380814755956333,30,13,15,0,0,0,0,0,1,30,30,6.59217875,0,5.566666666666666,0,0,0,0,0
1528,3561,access_vlan:SW1:eth1:20+access_vlan:SW2:eth2:10+trunk_remove:SW1:eth3:10,11644,11652,0.44657749999999996,-12.0,8,True,False,True,False,False,incorrect_declare_done,0.018805327592417598,8,6,1,0,0,0,0,0,2,0,0,0.9908863181818182,0,7.75,0,0,0,0,0
1529,3562,access_vlan:SW1:eth1:20+access_vlan:SW1:eth2:10+access_vlan:SW2:eth1:20+trunk_remove:SW1:eth3:20+trunk_remove:SW2:eth3:20,11652,11659,0.446245,-11.25,7,True,False,True,False,False,incorrect_declare_done,0.015195445357156652,7,2,4,0,0,0,0,0,3,7,7,1.1078435454545454,0,7.0,0,0,0,0,0
1530,3563,access_vlan:SW1:eth1:20+trunk_remove:SW2:eth3:20,11659,11683,0.4451050000000001,-15.6,24,True,False,True,False,False,incorrect_declare_done,0.008673943938144172,24,11,9,0,0,0,0,0,1,2,2,3.864563090909092,0,7.0,0,0,0,0,0
1531,3564,access_vlan:SW1:eth1:20+access_vlan:SW1:eth2:10+access_vlan:SW2:eth1:20+access_vlan:SW2:eth2:10+trunk_remove:SW1:eth3:10+trunk_remove:SW1:eth3:20+trunk_remove:SW2:eth3:10+trunk_remove:SW2:eth3:20,11683,11686,0.4449624999999999,-10.5,3,True,False,True,False,False,incorrect_declare_done,0.007243107383449872,3,1,1,0,0,0,0,0,2,3,3,0.5016493636363637,0,6.666666666666667,0,0,0,0,0
1532,3565,access_vlan:SW1:eth1:20+access_vlan:SW1:eth2:10+trunk_remove:SW1:eth3:10+trunk_remove:SW1:eth3:20+trunk_remove:SW2:eth3:10,11686,11694,0.4445825,-12.05,8,True,False,True,False,False,incorrect_declare_done,0.006337732193060219,8,3,4,0,1,1,1,0,3,0,0,1.0148351363636363,1,7.75,0,0,1,0,0
1533,3566,access_vlan:SW1:eth2:10+access_vlan:SW2:eth1:20+access_vlan:SW2:eth2:10+trunk_remove:SW1:eth3:10+trunk_remove:SW2:eth3:10+trunk_remove:SW2:eth3:20,11694,11715,0.443585,-14.25,21,True,False,True,False,False,incorrect_declare_done,0.008308876904525928,21,7,12,0,0,0,0,0,2,21,21,3.4152065227272725,0,6.904761904761905,0,0,0,0,0
1534,3567,access_vlan:SW1:eth2:10+access_vlan:SW2:eth1:20+access_vlan:SW2:eth2:10+trunk_remove:SW1:eth3:10+trunk_remove:SW1:eth3:20+trunk_remove:SW2:eth3:10+trunk_remove:SW2:eth3:20,11715,11716,0.44353750000000003,-10.05,1,True,False,True,False,False,incorrect_declare_done,0.011003999970853329,1,0,0,0,0,0,0,0,3,1,1,0.13306125,0,7.0,0,0,0,0,0
1535,3568,access_vlan:SW2:eth2:10+trunk_remove:SW1:eth3:20+trunk_remove:SW2:eth3:20,11716,11721,0.4433,-10.8,5,True,False,True,False,False,incorrect_declare_done,0.00720027731731534,5,1,3,0,0,0,0,0,1,5,5,1.1689375000000002,0,4.8,0,0,0,0,0
1536,3569,access_vlan:SW1:eth1:20+access_vlan:SW1:eth2:10+trunk_remove:SW1:eth3:10+trunk_remove:SW2:eth3:20,11721,11730,0.4428725,-12.350000000000001,9,True,False,True,False,False,incorrect_declare_done,0.014156582661800914,9,3,4,0,1,1,1,0,3,1,1,1.0391052272727272,1,7.777777777777778,0,0,1,0,0
1537,3570,access_vlan:SW1:eth2:10+access_vlan:SW2:eth1:20+access_vlan:SW2:eth2:10+trunk_remove:SW1:eth3:20+trunk_remove:SW2:eth3:10,11730,11732,0.44277750000000005,-10.200000000000001,2,True,False,True,False,False,incorrect_declare_done,0.007220129948109388,2,0,1,0,0,0,0,0,3,2,2,0.35424100000000003,0,6.0,0,0,0,0,0
1538,3571,access_vlan:SW2:eth2:10+trunk_remove:SW1:eth3:10+trunk_remove:SW2:eth3:10,11732,11747,0.44206499999999993,-13.2,15,True,False,True,False,False,incorrect_declare_done,0.009032310203959544,15,6,7,0,0,0,0,0,1,1,1,2.4247976363636363,0,6.933333333333334,0,0,0,0,0
1539,3572,access_vlan:SW1:eth2:10+trunk_remove:SW1:eth3:10+trunk_remove:SW2:eth3:20,11747,11750,0.4419225,-10.65,3,True,False,True,False,False,incorrect_declare_done,0.006627549106876056,3,2,0,0,0,0,0,0,3,0,0,0.4580476818181818,0,7.0,0,0,0,0,0
1540,3573,access_vlan:SW1:eth1:20+access_vlan:SW1:eth2:10+access_vlan:SW2:eth2:10+trunk_remove:SW1:eth3:10+trunk_remove:SW1:eth3:20,11750,11761,0.4414,-12.0,11,True,False,True,False,False,incorrect_declare_done,0.006403443572873419,11,3,7,0,0,0,0,0,1,11,11,2.513191909090909,0,5.090909090909091,0,0,0,0,0
1541,3574,access_vlan:SW1:eth1:20+trunk_remove:SW1:eth3:10+trunk_remove:SW1:eth3:20+trunk_remove:SW2:eth3:10+trunk_remove:SW2:eth3:20,11761,11791,0.439975,-6.750000000000003,30,True,False,False,True,False,step_limit,0.013800289186959466,30,13,15,0,0,0,0,0,2,0,0,4.791186113636364,0,6.966666666666667,0,0,0,0,0
1542,3575,access_vlan:SW2:eth1:20+trunk_remove:SW1:eth3:10+trunk_remove:SW1:eth3:20,11791,11801,0.4395,-11.850000000000001,10,True,False,True,False,False,incorrect_declare_done,0.017748753260821103,10,3,6,0,0,0,0,0,3,0,0,1.2951991818181818,0,7.7,0,0,0,0,0
1543,3576,access_vlan:SW1:eth1:20+access_vlan:SW1:eth2:10+access_vlan:SW2:eth1:20,11801,11807,0.439215,-10.8,6,True,False,True,False,False,incorrect_declare_done,0.017359112855046988,6,0,5,0,0,0,0,0,3,5,5,1.31800125,0,5.0,0,0,0,0,0
1544,3577,access_vlan:SW1:eth1:20+access_vlan:SW1:eth2:10+access_vlan:SW2:eth2:10+trunk_remove:SW1:eth3:10+trunk_remove:SW1:eth3:20+trunk_remove:SW2:eth3:10+trunk_remove:SW2:eth3:20,11807,11812,0.4389775,-10.950000000000001,5,True,False,True,False,False,incorrect_declare_done,0.012387338746339082,5,2,2,0,0,0,0,0,3,5,5,0.6506325227272727,0,7.6,0,0,0,0,0
1545,3578,access_vlan:SW1:eth1:20+access_vlan:SW1:eth2:10+trunk_remove:SW2:eth3:10+trunk_remove:SW2:eth3:20,11812,11815,0.438835,-10.350000000000001,3,True,False,True,False,False,incorrect_declare_done,0.028420779543618362,3,0,2,0,0,0,0,0,2,0,0,0.2633295,0,8.0,0,0,1,-1,0
1546,3579,trunk_remove:SW1:eth3:10+trunk_remove:SW1:eth3:20+trunk_remove:SW2:eth3:20,11815,11816,0.4387875,-10.05,1,True,False,True,False,False,incorrect_declare_done,0.007802095264196396,1,0,0,0,0,0,0,0,2,0,0,0.175515,0,6.0,0,0,0,0,0
1547,3580,access_vlan:SW1:eth2:10+access_vlan:SW2:eth2:10+trunk_remove:SW1:eth3:10+trunk_remove:SW1:eth3:20+trunk_remove:SW2:eth3:10+trunk_remove:SW2:eth3:20,11816,11846,0.4373625,-6.749999999999999,30,True,False,False,True,False,step_limit,0.04113042036381861,30,13,15,0,0,0,0,0,1,29,29,5.215801136363638,0,6.6,0,0,0,0,0
1548,3581,access_vlan:SW1:eth2:10+access_vlan:SW2:eth2:10+trunk_remove:SW2:eth3:10,11846,11848,0.43726750000000003,-10.200000000000001,2,True,False,True,False,False,incorrect_declare_done,0.023033679462969303,2,0,1,0,0,0,0,0,4,0,0,0.08745825,0,9.0,0,0,0,0,0
1549,3582,access_vlan:SW1:eth1:20+access_vlan:SW2:eth2:10+trunk_remove:SW1:eth3:10+trunk_remove:SW1:eth3:20,11848,11850,0.43717249999999996,-10.200000000000001,2,True,False,True,False,False,incorrect_declare_done,0.06360471621155739,2,0,1,0,0,0,0,0,4,0,0,0.0,0,10.0,0,0,0,0,0
1550,3583,access_vlan:SW1:eth1:20+access_vlan:SW1:eth2:10+trunk_remove:SW1:eth3:20+trunk_remove:SW2:eth3:20,11850,11877,0.43589,-16.25,27,True,False,True,False,False,incorrect_declare_done,0.019902038853615522,27,11,14,0,1,1,1,0,1,14,14,5.51460659090909,1,5.703703703703703,0,0,1,0,0
1551,3584,access_vlan:SW1:eth1:20+access_vlan:SW2:eth1:20+trunk_remove:SW2:eth3:10+trunk_remove:SW2:eth3:20,11877,11893,0.43513,-13.5,16,True,False,True,False,False,incorrect_declare_done,0.013576534722233191,16,7,7,0,0,0,0,0,1,1,1,3.3289494772727277,0,5.6875,0,0,0,0,0
1552,3585,access_vlan:SW1:eth2:10+access_vlan:SW2:eth2:10+trunk_remove:SW1:eth3:10,11893,11895,0.43503500000000006,-10.350000000000001,2,True,False,True,False,False,incorrect_declare_done,0.008494084002450109,2,1,0,0,0,0,0,0,4,0,0,0.08305688636363637,0,9.5,0,0,0,0,0
1553,3586,access_vlan:SW1:eth1:20+access_vlan:SW2:eth1:20+trunk_remove:SW1:eth3:10+trunk_remove:SW2:eth3:10+trunk_remove:SW2:eth3:20,11895,11904,0.43460750000000004,-12.0,9,True,False,True,False,False,incorrect_declare_done,0.00938540624661578,9,4,3,0,0,0,0,0,2,0,0,1.3122016136363637,0,7.111111111111111,0,0,0,0,0
1554,3587,access_vlan:SW1:eth1:20+access_vlan:SW2:eth1:20+access_vlan:SW2:eth2:10+trunk_remove:SW1:eth3:10+trunk_remove:SW1:eth3:20,11904,11912,0.4342275,-11.4,8,True,False,True,False,False,incorrect_declare_done,0.00860040623228997,8,1,5,0,0,0,0,0,3,8,8,1.2794991363636363,0,6.5,0,0,0,0,0
1555,3588,access_vlan:SW1:eth2:10+access_vlan:SW2:eth1:20+access_vlan:SW2:eth2:10+trunk_remove:SW1:eth3:10+trunk_remove:SW1:eth3:20+trunk_remove:SW2:eth3:10,11912,11914,0.43413250000000003,-10.200000000000001,2,True,False,True,False,False,incorrect_declare_done,0.010830546962097287,2,0,1,0,0,0,0,0,3,2,2,0.26049375,0,7.0,0,0,0,0,0
1556,3589,access_vlan:SW2:eth2:10+trunk_remove:SW1:eth3:10+trunk_remove:SW2:eth3:20,11914,11944,0.4327075,-7.35,30,True,False,False,True,False,step_limit,0.010714277376731236,30,19,11,0,0,0,0,0,1,2,2,5.018446954545456,0,6.733333333333333,0,0,0,0,0
1557,3590,access_vlan:SW1:eth1:20+access_vlan:SW2:eth1:20+access_vlan:SW2:eth2:10+trunk_remove:SW1:eth3:10+trunk_remove:SW1:eth3:20+trunk_remove:SW2:eth3:10,11944,11953,0.43228,-11.850000000000001,9,True,False,True,False,False,incorrect_declare_done,0.014826109943290552,9,3,4,0,0,0,0,0,2,9,9,1.5018469090909092,0,6.555555555555555,0,0,0,0,0
1558,3591,access_vlan:SW1:eth2:10+access_vlan:SW2:eth2:10+trunk_remove:SW1:eth3:20,11953,11954,0.4322325,-10.05,1,True,False,True,False,False,incorrect_declare_done,0.005965772550553083,1,0,0,0,0,0,0,0,4,1,1,0.08644650000000001,0,8.0,0,0,1,-1,0
1559,3592,access_vlan:SW1:eth2:10+access_vlan:SW2:eth1:20,11954,11968,0.4315675,-13.65,14,True,False,True,False,False,incorrect_declare_done,0.009608713411060827,14,11,2,0,0,0,0,0,1,4,4,2.6460124090909094,0,6.142857142857143,0,0,0,0,0
1560,3593,access_vlan:SW1:eth1:20+access_vlan:SW2:eth2:10,11968,11974,0.4312825,-11.4,6,True,False,True,False,False,incorrect_declare_done,0.008990756546457609,6,3,1,0,0,0,0,0,3,1,1,0.9333915454545454,0,6.833333333333333,0,0,0,0,0
1561,3594,access_vlan:SW1:eth1:20+access_vlan:SW2:eth2:10+trunk_remove:SW1:eth3:20+trunk_remove:SW2:eth3:10+trunk_remove:SW2:eth3:20,11974,12004,0.4298575000000001,-6.6,30,True,False,False,True,False,step_limit,0.00650083019087712,30,12,16,0,0,0,0,0,2,0,0,3.9525820454545464,0,7.6,0,0,0,0,0
1562,3595,access_vlan:SW1:eth2:10+access_vlan:SW2:eth2:10+trunk_remove:SW1:eth3:20,12004,12027,0.42876500000000006,-15.350000000000001,23,True,False,True,False,False,incorrect_declare_done,0.008177790547842565,23,8,12,0,1,1,1,0,1,6,6,5.002819045454546,1,5.391304347826087,0,0,1,0,0
1563,3596,access_vlan:SW1:eth2:10+trunk_remove:SW2:eth3:10+trunk_remove:SW2:eth3:20,12027,12041,0.42810000000000004,-12.75,14,True,False,True,False,False,incorrect_declare_done,0.00914338809837188,14,4,8,0,0,0,0,0,1,0,0,2.975254272727273,0,5.5,0,0,0,0,0
1564,3597,access_vlan:SW1:eth1:20+access_vlan:SW1:eth2:10+trunk_remove:SW2:eth3:10+trunk_remove:SW2:eth3:20,12041,12051,0.42762500000000003,-12.5,10,True,False,True,False,False,incorrect_declare_done,0.008796095242723822,10,4,5,0,1,1,1,0,3,0,0,1.0033852272727273,1,8.1,0,0,1,0,0
1565,3598,access_vlan:SW1:eth1:20+trunk_remove:SW2:eth3:10+trunk_remove:SW2:eth3:20,12051,12056,0.42738750000000003,-10.8,5,True,False,True,False,False,incorrect_declare_done,0.006833444070070982,5,1,3,0,0,0,0,0,2,0,0,0.8782770454545454,0,6.0,0,0,0,0,0
1566,3599,access_vlan:SW2:eth2:10,12056,12060,0.4271975,-10.5,4,True,False,True,False,False,incorrect_declare_done,0.007175768609158695,4,0,3,0,0,0,0,0,3,0,0,0.8545375000000002,0,5.0,0,0,0,0,0
1567,3600,access_vlan:SW1:eth2:10+access_vlan:SW2:eth2:10+trunk_remove:SW1:eth3:20,12060,12062,0.42710250000000005,-10.350000000000001,2,True,False,True,False,False,incorrect_declare_done,0.008075557765550911,2,1,0,0,0,0,0,0,4,0,0,0.16308500000000004,0,8.5,0,0,1,-1,0
1568,3601,access_vlan:SW2:eth1:20+trunk_remove:SW1:eth3:20,12062,12092,0.42567750000000004,-7.05,30,True,False,False,True,False,step_limit,0.008763643462831776,30,17,13,0,0,0,0,0,2,0,0,4.5270624999999995,0,7.066666666666666,0,0,0,0,0
1569,3602,access_vlan:SW1:eth2:10+access_vlan:SW2:eth1:20+access_vlan:SW2:eth2:10+trunk_remove:SW2:eth3:20,12092,12095,0.425535,-10.5,3,True,False,True,False,False,incorrect_declare_done,0.0057840921605626745,3,1,1,0,0,0,0,0,3,3,3,0.5996865909090908,0,5.666666666666667,0,0,0,0,0
1570,3603,access_vlan:SW1:eth1:20+access_vlan:SW1:eth2:10+access_vlan:SW2:eth1:20+access_vlan:SW2:eth2:10+trunk_remove:SW1:eth3:20+trunk_remove:SW2:eth3:20,12095,12096,0.4254875,-10.05,1,True,False,True,False,False,incorrect_declare_done,0.00923751387745142,1,0,0,0,0,0,0,0,1,1,1,0.25529250000000003,0,4.0,0,0,0,0,0
1571,3604,access_vlan:SW1:eth1:20+trunk_remove:SW1:eth3:10+trunk_remove:SW1:eth3:20+trunk_remove:SW2:eth3:10+trunk_remove:SW2:eth3:20,12096,12126,0.4240625000000001,-6.6000000000000005,30,True,False,False,True,False,step_limit,0.015862244522819917,30,11,16,0,0,0,0,0,2,0,0,4.320652568181819,0,7.2,0,0,0,0,0
1572,3605,access_vlan:SW1:eth2:10+access_vlan:SW2:eth1:20+trunk_remove:SW1:eth3:20+trunk_remove:SW2:eth3:10,12126,12156,0.4226375,-5.850000000000001,30,True,False,False,True,False,step_limit,0.013778899679891765,30,9,21,0,0,0,0,0,1,20,20,4.114987954545455,0,7.333333333333333,0,0,0,0,0
1573,3606,access_vlan:SW1:eth1:20+access_vlan:SW2:eth1:20+trunk_remove:SW1:eth3:10+trunk_remove:SW2:eth3:10+trunk_remove:SW2:eth3:20,12156,12159,0.42249500000000006,-10.350000000000001,3,True,False,True,False,False,incorrect_declare_done,0.005975740651289622,3,0,2,0,0,0,0,0,4,0,0,0.12676275000000004,0,9.0,0,0,0,0,0
1574,3607,access_vlan:SW2:eth1:20+access_vlan:SW2:eth2:10+trunk_remove:SW1:eth3:20+trunk_remove:SW2:eth3:10+trunk_remove:SW2:eth3:20,12159,12183,0.42135500000000004,5.249999999999999,24,True,False,True,False,True,recovery_success,0.009624425360622505,24,5,18,0,1,1,1,0,0,12,12,6.3308154318181815,1,4.083333333333333,0,0,1,0,0
1575,3608,trunk_remove:SW1:eth3:10+trunk_remove:SW2:eth3:20,12183,12189,0.42106999999999994,8.899999999999999,6,True,False,True,False,True,recovery_success,0.009348015844201049,6,2,3,0,0,0,0,0,0,5,5,1.8148780000000002,0,3.0,0,0,0,0,0
1576,3609,access_vlan:SW1:eth1:20+trunk_remove:SW1:eth3:10+trunk_remove:SW2:eth3:20,12189,12201,0.4205,7.549999999999999,12,True,False,True,False,True,recovery_success,0.014301747743350765,12,5,6,0,0,0,0,0,0,8,8,3.4193767272727276,0,3.5,0,0,0,0,0
1577,3610,access_vlan:SW2:eth1:20+access_vlan:SW2:eth2:10+trunk_remove:SW1:eth3:20+trunk_remove:SW2:eth3:10+trunk_remove:SW2:eth3:20,12201,12223,0.419455,-15.2,22,True,False,True,False,False,incorrect_declare_done,0.008569820106706837,22,10,11,0,1,1,1,0,2,0,0,2.943185477272727,1,7.454545454545454,0,0,1,0,0
1578,3611,access_vlan:SW1:eth2:10+access_vlan:SW2:eth2:10+trunk_remove:SW1:eth3:10+trunk_remove:SW1:eth3:20+trunk_remove:SW2:eth3:10+trunk_remove:SW2:eth3:20,12223,12235,0.41888499999999995,7.1,12,True,False,True,False,True,recovery_success,0.006231101093968998,12,8,3,0,0,0,0,0,0,4,4,2.476283181818182,0,5.5,0,0,0,0,0
1579,3612,access_vlan:SW1:eth1:20+access_vlan:SW1:eth2:10+trunk_remove:SW1:eth3:20,12235,12256,0.41788749999999997,5.7,21,True,False,True,False,True,recovery_success,0.014030728600032273,21,4,15,0,1,1,1,0,0,20,20,5.289468522727272,1,4.333333333333333,0,0,1,0,0
1580,3613,access_vlan:SW2:eth2:10+trunk_remove:SW1:eth3:20,12256,12286,0.41646250000000007,-6.000000000000002,30,True,False,False,True,False,step_limit,0.01871135987651845,30,7,20,0,0,0,0,0,1,11,11,6.124114545454546,0,5.6,0,0,0,0,0
1581,3614,access_vlan:SW1:eth1:20+access_vlan:SW1:eth2:10+access_vlan:SW2:eth1:20+trunk_remove:SW1:eth3:10+trunk_remove:SW2:eth3:20,12286,12290,0.41627249999999993,-10.65,4,True,False,True,False,False,incorrect_declare_done,0.0133135145297274,4,1,2,0,0,0,0,0,3,4,4,0.6510128181818182,0,6.25,0,0,0,0,0
1582,3615,access_vlan:SW1:eth1:20+access_vlan:SW1:eth2:10+access_vlan:SW2:eth2:10+trunk_remove:SW1:eth3:10+trunk_remove:SW1:eth3:20,12290,12294,0.4160825,-10.950000000000001,4,True,False,True,False,False,incorrect_declare_done,0.009595356066711247,4,2,0,0,0,0,0,0,3,4,4,0.635582,0,6.5,0,0,0,0,0
1583,3616,access_vlan:SW2:eth1:20+access_vlan:SW2:eth2:10+trunk_remove:SW1:eth3:10+trunk_remove:SW2:eth3:20,12294,12295,0.41603500000000004,-10.05,1,True,False,True,False,False,incorrect_declare_done,0.006489783525466919,1,0,0,0,0,0,0,0,2,0,0,0.083207,0,8.0,0,0,1,-1,0
1584,3617,access_vlan:SW2:eth1:20+trunk_remove:SW1:eth3:20,12295,12312,0.41522749999999997,-13.5,17,True,False,True,False,False,incorrect_declare_done,0.00792186359381851,17,7,9,0,0,0,0,0,3,0,0,2.4107135,0,7.0,0,0,0,0,0
1585,3618,access_vlan:SW1:eth1:20+access_vlan:SW1:eth2:10+access_vlan:SW2:eth2:10+trunk_remove:SW1:eth3:10+trunk_remove:SW2:eth3:10+trunk_remove:SW2:eth3:20,12312,12330,0.4143724999999999,-13.95,18,True,False,True,False,False,incorrect_declare_done,0.007809702979607714,18,8,8,0,0,0,0,0,1,18,18,2.963314886363637,0,6.555555555555555,0,0,0,0,0
1586,3619,access_vlan:SW1:eth2:10+trunk_remove:SW1:eth3:10+trunk_remove:SW1:eth3:20,12330,12345,0.41366,-13.35,15,True,False,True,False,False,incorrect_declare_done,0.00545712805663546,15,7,6,0,0,0,0,0,2,0,0,2.167838590909091,0,7.0,0,0,0,0,0
1587,3620,access_vlan:SW1:eth1:20+access_vlan:SW1:eth2:10+access_vlan:SW2:eth2:10+trunk_remove:SW1:eth3:10+trunk_remove:SW2:eth3:10,12345,12349,0.4134700000000001,-10.65,4,True,False,True,False,False,incorrect_declare_done,0.004393435723613948,4,1,2,0,0,0,0,0,1,4,4,0.6353257727272729,0,6.25,0,0,0,0,0
1588,3621,access_vlan:SW1:eth1:20+access_vlan:SW2:eth1:20+trunk_remove:SW1:eth3:20+trunk_remove:SW2:eth3:20,12349,12379,0.412045,-5.700000000000001,30,True,False,False,True,False,step_limit,0.004908640139425794,30,7,22,0,0,0,0,0,1,0,0,5.28921159090909,0,6.266666666666667,0,0,0,0,0
1589,3622,access_vlan:SW1:eth1:20+access_vlan:SW2:eth2:10+trunk_remove:SW1:eth3:20+trunk_remove:SW2:eth3:10+trunk_remove:SW2:eth3:20,12379,12398,0.41114249999999997,-14.1,19,True,False,True,False,False,incorrect_declare_done,0.005582734317469753,19,8,9,0,0,0,0,0,1,13,13,2.8425209090909096,0,6.947368421052632,0,0,0,0,0
1590,3623,access_vlan:SW1:eth1:20+access_vlan:SW1:eth2:10+access_vlan:SW2:eth1:20+trunk_remove:SW1:eth3:10+trunk_remove:SW1:eth3:20,12398,12417,0.41024000000000005,-13.35,19,True,False,True,False,False,incorrect_declare_done,0.004911442201486544,19,4,14,0,0,0,0,0,3,19,19,2.1803255,0,7.894736842105263,0,0,0,0,0
1591,3624,access_vlan:SW2:eth1:20+trunk_remove:SW1:eth3:10+trunk_remove:SW1:eth3:20+trunk_remove:SW2:eth3:20,12417,12430,0.4096225000000001,-12.600000000000001,13,True,False,True,False,False,incorrect_declare_done,0.013587034898451887,13,5,7,0,0,0,0,0,2,0,0,1.6246564772727272,0,7.538461538461538,0,0,0,0,0
1592,3625,access_vlan:SW1:eth1:20,12430,12431,0.409575,-10.05,1,True,False,True,False,False,incorrect_declare_done,0.005151115823537111,1,0,0,0,0,0,0,0,3,0,0,0.20478750000000004,0,5.0,0,0,0,0,0
1593,3626,access_vlan:SW1:eth2:10+access_vlan:SW2:eth1:20+access_vlan:SW2:eth2:10+trunk_remove:SW2:eth3:10,12431,12456,0.4083875,6.050000000000001,25,True,False,True,False,True,recovery_success,0.025277446303516627,25,2,22,0,0,0,0,0,0,25,25,5.3300785,0,4.88,0,0,0,0,0
1594,3627,access_vlan:SW1:eth1:20+trunk_remove:SW1:eth3:10+trunk_remove:SW1:eth3:20+trunk_remove:SW2:eth3:10+trunk_remove:SW2:eth3:20,12456,12486,0.4069625,-7.349999999999997,30,True,False,False,True,False,step_limit,0.01621567007775108,30,15,11,0,0,0,0,0,1,5,5,5.205683636363638,0,6.2,0,0,0,0,0
1595,3628,access_vlan:SW1:eth1:20+access_vlan:SW2:eth1:20+trunk_remove:SW1:eth3:10+trunk_remove:SW1:eth3:20+trunk_remove:SW2:eth3:20,12486,12493,0.40662999999999994,-11.100000000000001,7,True,False,True,False,False,incorrect_declare_done,0.008384311837809426,7,1,5,0,0,0,0,0,3,0,0,0.14786545454545452,0,9.571428571428571,0,0,0,0,0
1596,3629,access_vlan:SW1:eth2:10+trunk_remove:SW1:eth3:20+trunk_remove:SW2:eth3:20,12493,12495,0.406535,-10.200000000000001,2,True,False,True,False,False,incorrect_declare_done,0.004985470324754715,2,0,1,0,0,0,0,0,3,0,0,0.40655874999999997,0,5.0,0,0,0,0,0
1597,3630,access_vlan:SW2:eth1:20+access_vlan:SW2:eth2:10+trunk_remove:SW1:eth3:10+trunk_remove:SW2:eth3:10,12495,12500,0.4062975,-11.600000000000001,5,True,False,True,False,False,incorrect_declare_done,0.004480592766776681,5,3,1,0,1,1,1,0,1,2,2,0.8866184090909093,1,6.0,0,0,1,0,0
1598,3631,access_vlan:SW1:eth1:20+access_vlan:SW2:eth1:20+access_vlan:SW2:eth2:10+trunk_remove:SW1:eth3:10+trunk_remove:SW2:eth3:10,12500,12505,0.4060600000000001,-10.8,5,True,False,True,False,False,incorrect_declare_done,0.006151218619197607,5,1,3,0,0,0,0,0,1,5,5,1.2369136363636364,0,4.2,0,0,0,0,0
1599,3632,access_vlan:SW1:eth1:20+access_vlan:SW2:eth2:10+trunk_remove:SW1:eth3:10,12505,12511,0.4057750000000001,-10.8,6,True,False,True,False,False,incorrect_declare_done,0.006161047921826442,6,0,5,0,0,0,0,0,4,1,1,0.48707250000000013,0,8.0,0,0,0,0,0
1600,3633,access_vlan:SW1:eth1:20+access_vlan:SW1:eth2:10+access_vlan:SW2:eth2:10+trunk_remove:SW2:eth3:20,12511,12520,0.40534749999999997,-12.000000000000002,9,True,False,True,False,False,incorrect_declare_done,0.005636624629712767,9,4,3,0,0,0,0,0,3,5,5,1.6958927272727276,0,5.777777777777778,0,0,0,0,0
1601,3634,access_vlan:SW1:eth2:10+access_vlan:SW2:eth1:20+access_vlan:SW2:eth2:10+trunk_remove:SW1:eth3:10+trunk_remove:SW1:eth3:20+trunk_remove:SW2:eth3:20,12520,12550,0.4039225000000001,-5.850000000000001,30,True,False,False,True,False,step_limit,0.006962497330581148,30,6,21,0,0,0,0,0,2,30,30,5.112795454545456,0,6.266666666666667,0,0,0,0,0
1602,3635,access_vlan:SW1:eth1:20+access_vlan:SW1:eth2:10+access_vlan:SW2:eth2:10,12550,12552,0.4038275,-10.200000000000001,2,True,False,True,False,False,incorrect_declare_done,0.0072732197586447,2,0,1,0,0,0,0,0,3,1,1,0.4038512500000001,0,5.0,0,0,0,0,0
1603,3636,access_vlan:SW2:eth1:20+access_vlan:SW2:eth2:10+trunk_remove:SW1:eth3:10+trunk_remove:SW2:eth3:10,12552,12566,0.4031625000000001,-12.95,14,True,False,True,False,False,incorrect_declare_done,0.016191041130306467,14,3,10,0,1,1,1,0,3,0,0,1.4670990909090909,1,8.071428571428571,0,0,1,0,0
1604,3637,access_vlan:SW1:eth1:20+access_vlan:SW2:eth2:10+trunk_remove:SW1:eth3:10,12566,12570,0.40297250000000007,-10.8,4,True,False,True,False,False,incorrect_declare_done,0.02523296163417399,4,2,1,0,0,0,0,0,4,0,0,0.15390800000000004,0,9.75,0,0,0,0,0
1605,3638,access_vlan:SW1:eth1:20+access_vlan:SW2:eth1:20+trunk_remove:SW1:eth3:20,12570,12574,0.40278250000000004,-10.8,4,True,False,True,False,False,incorrect_declare_done,0.009456475032493472,4,2,1,0,0,0,0,0,3,2,2,0.3332425,0,8.5,0,0,0,0,0
1606,3639,access_vlan:SW1:eth1:20+access_vlan:SW1:eth2:10+access_vlan:SW2:eth1:20+trunk_remove:SW1:eth3:10+trunk_remove:SW1:eth3:20+trunk_remove:SW2:eth3:10+trunk_remove:SW2:eth3:20,12574,12583,0.402355,-11.55,9,True,False,True,False,False,incorrect_declare_done,0.03005287568602297,9,2,6,0,0,0,0,0,2,9,9,1.3283691363636365,0,6.888888888888889,0,0,0,0,0
1607,3640,access_vlan:SW2:eth1:20+access_vlan:SW2:eth2:10+trunk_remove:SW1:eth3:10+trunk_remove:SW1:eth3:20,12583,12585,0.40226000000000006,-10.200000000000001,2,True,False,True,False,False,incorrect_declare_done,0.02487454004585743,2,0,1,0,0,0,0,0,2,0,0,0.16091350000000001,0,8.0,0,0,1,-1,0
1608,3641,access_vlan:SW2:eth2:10+trunk_remove:SW2:eth3:10+trunk_remove:SW2:eth3:20,12585,12602,0.4014525,-13.2,17,True,False,True,False,False,incorrect_declare_done,0.022651750430026475,17,4,11,0,0,0,0,0,3,0,0,2.4256727272727274,0,6.882352941176471,0,0,0,0,0
1609,3642,access_vlan:SW1:eth2:10+trunk_remove:SW1:eth3:10+trunk_remove:SW1:eth3:20,12602,12617,0.40074,-13.05,15,True,False,True,False,False,incorrect_declare_done,0.01090696236739556,15,6,8,0,0,0,0,0,1,2,2,2.347850181818182,0,6.666666666666667,0,0,0,0,0
1610,3643,access_vlan:SW1:eth2:10+access_vlan:SW2:eth1:20+access_vlan:SW2:eth2:10+trunk_remove:SW1:eth3:20+trunk_remove:SW2:eth3:10+trunk_remove:SW2:eth3:20,12617,12627,0.4002650000000001,-11.850000000000001,10,True,False,True,False,False,incorrect_declare_done,0.0066588728222996,10,3,6,0,0,0,0,0,2,10,10,1.616520181818182,0,6.5,0,0,0,0,0
1611,3644,access_vlan:SW1:eth1:20+access_vlan:SW1:eth2:10+access_vlan:SW2:eth1:20+trunk_remove:SW1:eth3:10+trunk_remove:SW1:eth3:20+trunk_remove:SW2:eth3:10+trunk_remove:SW2:eth3:20,12627,12646,0.39936250000000006,-13.65,19,True,False,True,False,False,incorrect_declare_done,0.007094340141568529,19,5,12,0,0,0,0,0,1,19,19,3.074135795454546,0,6.473684210526316,0,0,0,0,0
1612,3645,access_vlan:SW2:eth1:20+access_vlan:SW2:eth2:10+trunk_remove:SW1:eth3:20+trunk_remove:SW2:eth3:10+trunk_remove:SW2:eth3:20,12646,12651,0.39912500000000006,-11.75,5,True,False,True,False,False,incorrect_declare_done,0.01217727605253458,5,4,0,0,1,1,1,0,3,0,0,0.5479908181818183,1,7.8,0,0,1,0,0
1613,3646,access_vlan:SW1:eth1:20+trunk_remove:SW1:eth3:20+trunk_remove:SW2:eth3:10+trunk_remove:SW2:eth3:20,12651,12672,0.3981275000000001,-13.95,21,True,False,True,False,False,incorrect_declare_done,0.005531614369136237,21,4,14,0,0,0,0,0,3,0,0,2.815447090909091,0,7.0,0,0,0,0,0
1614,3647,access_vlan:SW1:eth2:10+access_vlan:SW2:eth1:20+trunk_remove:SW1:eth3:20+trunk_remove:SW2:eth3:10,12672,12679,0.397795,-11.4,7,True,False,True,False,False,incorrect_declare_done,0.005860680182065282,7,3,3,0,0,0,0,0,3,4,4,0.7234622727272727,0,8.0,0,0,0,0,0
1615,3648,access_vlan:SW1:eth1:20+access_vlan:SW2:eth1:20+trunk_remove:SW1:eth3:20+trunk_remove:SW2:eth3:10+trunk_remove:SW2:eth3:20,12679,12693,0.39713,-13.05,14,True,False,True,False,False,incorrect_declare_done,0.01144159773165094,14,6,6,0,0,0,0,0,3,0,0,1.481274090909091,0,8.0,0,0,0,0,0
1616,3649,access_vlan:SW1:eth2:10+access_vlan:SW2:eth2:10+trunk_remove:SW1:eth3:10,12693,12706,0.39651250000000005,-12.450000000000001,13,True,False,True,False,False,incorrect_declare_done,0.014362160474635087,13,4,8,0,0,0,0,0,3,0,0,1.388501931818182,0,7.6923076923076925,0,0,0,0,0
1617,3650,access_vlan:SW1:eth1:20+access_vlan:SW2:eth1:20+access_vlan:SW2:eth2:10+trunk_remove:SW2:eth3:10,12706,12709,0.3963700000000001,9.35,3,True,False,True,False,True,recovery_success,0.01050054281949997,3,2,0,0,0,0,0,0,0,1,1,0.7027250000000002,0,4.333333333333333,0,0,0,0,0
1618,3651,access_vlan:SW1:eth2:10+access_vlan:SW2:eth1:20+trunk_remove:SW1:eth3:10+trunk_remove:SW1:eth3:20,12709,12730,0.3953725,-14.25,21,True,False,True,False,False,incorrect_declare_done,0.01955731387161428,21,6,12,0,0,0,0,0,3,0,0,1.6549045454545455,0,8.714285714285714,0,0,0,0,0
1619,3652,access_vlan:SW1:eth1:20+access_vlan:SW1:eth2:10+trunk_remove:SW2:eth3:20,12730,12732,0.39527750000000006,-10.200000000000001,2,True,False,True,False,False,incorrect_declare_done,0.006584144663065672,2,0,1,0,0,0,0,0,3,0,0,0.07906025000000001,0,9.0,0,0,1,-1,0
1620,3653,access_vlan:SW1:eth2:10+access_vlan:SW2:eth1:20+trunk_remove:SW1:eth3:20+trunk_remove:SW2:eth3:10+trunk_remove:SW2:eth3:20,12732,12740,0.3948975,-11.4,8,True,False,True,False,False,incorrect_declare_done,0.006411645037587732,8,2,5,0,0,0,0,0,3,0,0,0.5026615909090909,0,8.625,0,0,0,0,0
1621,3654,access_vlan:SW1:eth1:20+access_vlan:SW1:eth2:10+trunk_remove:SW2:eth3:20,12740,12745,0.39466,8.399999999999999,5,True,False,True,False,True,recovery_success,0.005943328328430653,5,3,1,0,1,1,1,0,0,2,2,1.1159945454545455,1,4.6,0,0,1,0,0
1622,3655,access_vlan:SW1:eth1:20+access_vlan:SW2:eth1:20+access_vlan:SW2:eth2:10+trunk_remove:SW1:eth3:10+trunk_remove:SW1:eth3:20+trunk_remove:SW2:eth3:10+trunk_remove:SW2:eth3:20,12745,12749,0.3944700000000001,-10.65,4,True,False,True,False,False,incorrect_declare_done,0.00477725820383057,4,1,2,0,0,0,0,0,3,4,4,0.5487664772727274,0,7.0,0,0,0,0,0
1623,3656,access_vlan:SW2:eth2:10+trunk_remove:SW1:eth3:10,12749,12755,0.394185,-11.100000000000001,6,True,False,True,False,False,incorrect_declare_done,0.0053296216841166215,6,2,3,0,0,0,0,0,1,2,2,1.2474060454545455,0,5.0,0,0,0,0,0
1624,3657,access_vlan:SW1:eth2:10+access_vlan:SW2:eth2:10+trunk_remove:SW1:eth3:20+trunk_remove:SW2:eth3:10+trunk_remove:SW2:eth3:20,12755,12785,0.39276,-5.7,30,True,False,False,True,False,step_limit,0.007009916046323876,30,7,22,0,0,0,0,0,2,0,0,4.474934886363637,0,6.8,0,0,0,0,0
1625,3658,access_vlan:SW1:eth1:20+trunk_remove:SW2:eth3:20,12785,12793,0.39238000000000006,8.6,8,True,False,True,False,True,recovery_success,0.014482727507129312,8,2,5,0,0,0,0,0,0,3,3,2.0268339545454546,0,3.75,0,0,0,0,0
1626,3659,access_vlan:SW1:eth1:20+access_vlan:SW2:eth1:20+trunk_remove:SW1:eth3:20+trunk_remove:SW2:eth3:20,12793,12821,0.39105,4.3999999999999995,28,True,False,True,False,True,recovery_success,0.015463766018261335,28,9,17,0,0,0,0,0,0,13,13,2.454664318181818,0,8.357142857142858,0,0,0,0,0
1627,3660,access_vlan:SW1:eth1:20+access_vlan:SW1:eth2:10+trunk_remove:SW1:eth3:10+trunk_remove:SW1:eth3:20+trunk_remove:SW2:eth3:10+trunk_remove:SW2:eth3:20,12821,12831,0.3905750000000001,-12.5,10,True,False,True,False,False,incorrect_declare_done,0.023651296505704522,10,3,5,0,1,1,1,0,3,0,0,1.385374772727273,1,7.0,0,0,1,0,0
1628,3661,access_vlan:SW1:eth2:10+access_vlan:SW2:eth1:20+access_vlan:SW2:eth2:10+trunk_remove:SW1:eth3:20+trunk_remove:SW2:eth3:10+trunk_remove:SW2:eth3:20,12831,12842,0.3900525,-12.15,11,True,False,True,False,False,incorrect_declare_done,0.021368115886368534,11,4,6,0,0,0,0,0,2,11,11,1.5398455454545454,0,7.0,0,0,0,0,0
1629,3662,access_vlan:SW2:eth2:10+trunk_remove:SW1:eth3:10+trunk_remove:SW1:eth3:20+trunk_remove:SW2:eth3:10+trunk_remove:SW2:eth3:20,12842,12872,0.3886275000000001,-6.6,30,True,False,False,True,False,step_limit,0.05464834791297714,30,13,16,0,0,0,0,0,2,0,0,3.8325737727272733,0,7.366666666666666,0,0,0,0,0
1630,3663,access_vlan:SW1:eth1:20+access_vlan:SW1:eth2:10+access_vlan:SW2:eth2:10+trunk_remove:SW2:eth3:10,12872,12887,0.387915,-13.05,15,True,False,True,False,False,incorrect_declare_done,0.06487349520126978,15,5,8,0,0,0,0,0,2,15,15,2.237694954545455,0,6.733333333333333,0,0,0,0,0
1631,3664,access_vlan:SW1:eth2:10,12887,12917,0.38649,-6.6,30,True,False,False,True,False,step_limit,0.024894243571907282,30,11,16,0,0,0,0,0,1,3,3,6.423708977272729,0,4.9,0,0,0,0,0
1632,3665,access_vlan:SW1:eth2:10+access_vlan:SW2:eth1:20+trunk_remove:SW1:eth3:10+trunk_remove:SW2:eth3:10,12917,12933,0.38573000000000013,-13.35,16,True,False,True,False,False,incorrect_declare_done,0.019526777643477544,16,7,8,0,0,0,0,0,2,2,2,2.049468181818182,0,7.25,0,0,0,0,0
1633,3666,access_vlan:SW1:eth1:20+access_vlan:SW1:eth2:10+access_vlan:SW2:eth1:20+trunk_remove:SW1:eth3:20,12933,12942,0.3853025,8.45,9,True,False,True,False,True,recovery_success,0.018139054119173024,9,2,6,0,0,0,0,0,0,8,8,2.0955642727272727,0,4.222222222222222,0,0,0,0,0
1634,3667,access_vlan:SW1:eth2:10+access_vlan:SW2:eth2:10+trunk_remove:SW1:eth3:20,12942,12972,0.3838775000000001,-7.250000000000001,30,True,False,False,True,False,step_limit,0.016783079334224262,30,10,15,0,1,1,1,0,1,3,3,5.0608652727272725,1,6.066666666666666,0,0,1,0,0
1635,3668,access_vlan:SW1:eth2:10+access_vlan:SW2:eth1:20+trunk_remove:SW2:eth3:10,12972,12993,0.3828800000000001,-14.1,21,True,False,True,False,False,incorrect_declare_done,0.013277614056797964,21,6,13,0,0,0,0,0,1,3,3,3.351866681818182,0,6.380952380952381,0,0,0,0,0
1636,3669,access_vlan:SW1:eth1:20+trunk_remove:SW2:eth3:10,12993,13005,0.38231000000000004,-12.3,12,True,False,True,False,False,incorrect_declare_done,0.03557087364606559,12,3,7,0,0,0,0,0,3,2,2,2.1215530681818184,0,5.833333333333333,0,0,0,0,0
1637,3670,access_vlan:SW1:eth1:20+access_vlan:SW2:eth1:20+access_vlan:SW2:eth2:10+trunk_remove:SW2:eth3:20,13005,13010,0.38207250000000004,-10.8,5,True,False,True,False,False,incorrect_declare_done,0.03354413881897926,5,1,3,0,0,0,0,0,3,5,5,0.7365461818181819,0,6.4,0,0,0,0,0
1638,3671,access_vlan:SW1:eth1:20+access_vlan:SW2:eth1:20+access_vlan:SW2:eth2:10+trunk_remove:SW1:eth3:20,13010,13024,0.3814075,-12.3,14,True,False,True,False,False,incorrect_declare_done,0.021153004640447243,14,2,11,0,0,0,0,0,3,14,14,1.7490995454545457,0,7.142857142857143,0,0,0,0,0
1639,3672,access_vlan:SW2:eth1:20+trunk_remove:SW1:eth3:20+trunk_remove:SW2:eth3:10,13024,13030,0.38112250000000003,-11.100000000000001,6,True,False,True,False,False,incorrect_declare_done,0.02117878555630644,6,2,3,0,0,0,0,0,3,0,0,0.6723860454545456,0,7.666666666666667,0,0,0,0,0
1640,3673,access_vlan:SW1:eth1:20+access_vlan:SW1:eth2:10+access_vlan:SW2:eth1:20+access_vlan:SW2:eth2:10+trunk_remove:SW1:eth3:10,13030,13037,0.38078999999999996,-10.950000000000001,7,True,False,True,False,False,incorrect_declare_done,0.029236483121556894,7,0,6,0,0,0,0,0,1,7,7,1.5999165000000004,0,4.0,0,0,0,0,0
1641,3674,access_vlan:SW1:eth1:20+trunk_remove:SW2:eth3:20,13037,13042,0.38055249999999996,-10.8,5,True,False,True,False,False,incorrect_declare_done,0.02616466972976923,5,1,3,0,0,0,0,0,1,1,1,0.8512437727272727,0,5.6,0,0,0,0,0
1642,3675,access_vlan:SW1:eth1:20+access_vlan:SW2:eth1:20+access_vlan:SW2:eth2:10+trunk_remove:SW1:eth3:20+trunk_remove:SW2:eth3:20,13042,13072,0.37912750000000006,-6.300000000000002,30,True,False,False,True,False,step_limit,0.013928060093894601,30,11,18,0,0,0,0,0,1,30,30,5.119479454545455,0,6.033333333333333,0,0,0,0,0
1643,3676,access_vlan:SW2:eth2:10+trunk_remove:SW1:eth3:10,13072,13077,0.37888999999999995,-10.950000000000001,5,True,False,True,False,False,incorrect_declare_done,0.027173323091119528,5,2,2,0,0,0,0,0,1,3,3,0.992226590909091,0,5.0,0,0,0,0,0
1644,3677,access_vlan:SW2:eth1:20+trunk_remove:SW1:eth3:10+trunk_remove:SW1:eth3:20+trunk_remove:SW2:eth3:10,13077,13082,0.37865250000000006,-10.8,5,True,False,True,False,False,incorrect_declare_done,0.02002467615529895,5,1,3,0,0,0,0,0,3,0,0,0.5646901818181818,0,7.6,0,0,0,0,0
1645,3678,access_vlan:SW1:eth1:20+access_vlan:SW1:eth2:10+access_vlan:SW2:eth1:20+access_vlan:SW2:eth2:10+trunk_remove:SW1:eth3:10+trunk_remove:SW1:eth3:20+trunk_remove:SW2:eth3:10+trunk_remove:SW2:eth3:20,13082,13088,0.3783675000000001,-10.950000000000001,6,True,False,True,False,False,incorrect_declare_done,0.008207787061110139,6,1,4,0,0,0,0,0,2,6,6,0.8670853636363638,0,6.5,0,0,0,0,0
1646,3679,access_vlan:SW1:eth1:20+access_vlan:SW2:eth1:20+access_vlan:SW2:eth2:10+trunk_remove:SW1:eth3:10+trunk_remove:SW2:eth3:10+trunk_remove:SW2:eth3:20,13088,13089,0.3783200000000001,-10.05,1,True,False,True,False,False,incorrect_declare_done,0.005346023477613926,1,0,0,0,0,0,0,0,3,1,1,0.15132800000000005,0,6.0,0,0,0,0,0
1647,3680,access_vlan:SW1:eth1:20+access_vlan:SW2:eth1:20+trunk_remove:SW1:eth3:10+trunk_remove:SW2:eth3:10+trunk_remove:SW2:eth3:20,13089,13116,0.3770375,4.999999999999998,27,True,False,True,False,True,recovery_success,0.006483778616206514,27,6,19,0,0,0,0,0,0,9,9,5.195092363636364,0,5.2592592592592595,0,0,0,0,0
1648,3681,access_vlan:SW1:eth1:20+access_vlan:SW2:eth2:10,13116,13146,0.3756125,-6.15,30,True,False,False,True,False,step_limit,0.0035748183183992904,30,9,19,0,0,0,0,0,1,28,28,5.554654181818183,0,5.566666666666666,0,0,0,0,0
1649,3682,access_vlan:SW1:eth1:20+access_vlan:SW1:eth2:10+access_vlan:SW2:eth2:10+trunk_remove:SW1:eth3:10,13146,13176,0.3741875000000001,-5.850000000000002,30,True,False,False,True,False,step_limit,0.003977763730411728,30,7,21,0,0,0,0,0,1,30,30,4.913218954545455,0,6.133333333333334,0,0,0,0,0
1650,3683,access_vlan:SW1:eth2:10+access_vlan:SW2:eth1:20+access_vlan:SW2:eth2:10+trunk_remove:SW1:eth3:20+trunk_remove:SW2:eth3:10+trunk_remove:SW2:eth3:20,13176,13177,0.37414000000000003,-10.05,1,True,False,True,False,False,incorrect_declare_done,0.003934919834136963,1,0,0,0,0,0,0,0,3,1,1,0.149656,0,6.0,0,0,0,0,0
1651,3684,access_vlan:SW1:eth2:10+access_vlan:SW2:eth2:10+trunk_remove:SW1:eth3:10,13177,13189,0.37357000000000007,7.549999999999999,12,True,False,True,False,True,recovery_success,0.0036311251654600105,12,4,6,0,0,0,0,0,0,11,11,2.483980840909091,0,4.833333333333333,0,0,0,0,0
1652,3685,access_vlan:SW1:eth1:20+access_vlan:SW1:eth2:10+access_vlan:SW2:eth1:20,13189,13198,0.37314249999999993,-11.700000000000001,9,True,False,True,False,False,incorrect_declare_done,0.004434691121180852,9,3,5,0,0,0,0,0,1,9,9,1.6630136363636365,0,5.333333333333333,0,0,0,0,0
1653,3686,access_vlan:SW1:eth2:10+access_vlan:SW2:eth2:10+trunk_remove:SW1:eth3:10+trunk_remove:SW2:eth3:10,13198,13199,0.37309499999999995,-10.05,1,True,False,True,False,False,incorrect_declare_done,0.002067569177597761,1,0,0,0,0,0,0,0,4,0,0,0.0,0,10.0,0,0,0,0,0
1654,3687,access_vlan:SW1:eth2:10+trunk_remove:SW1:eth3:20+trunk_remove:SW2:eth3:10,13199,13204,0.37285750000000006,-10.950000000000001,5,True,False,True,False,False,incorrect_declare_done,0.003609135374426842,5,1,2,0,0,0,0,0,3,0,0,0.6984443636363636,0,6.4,0,0,0,0,0
1655,3688,access_vlan:SW1:eth1:20+access_vlan:SW1:eth2:10+access_vlan:SW2:eth2:10+trunk_remove:SW1:eth3:10+trunk_remove:SW2:eth3:10,13204,13232,0.3715275,-15.750000000000002,28,True,False,True,False,False,incorrect_declare_done,0.00496083588638742,28,9,16,0,0,0,0,0,1,28,28,4.0557750909090915,0,6.642857142857143,0,0,0,0,0
1656,3689,trunk_remove:SW1:eth3:10+trunk_remove:SW2:eth3:20,13232,13246,0.3708625,7.1,14,True,False,True,False,True,recovery_success,0.004888291553860264,14,6,7,0,0,0,0,0,0,4,4,2.4763751818181823,0,5.714285714285714,0,0,0,0,0
1657,3690,access_vlan:SW1:eth1:20+access_vlan:SW1:eth2:10+access_vlan:SW2:eth2:10,13246,13251,0.3706250000000001,-10.950000000000001,5,True,False,True,False,False,incorrect_declare_done,0.0049553369404748086,5,1,2,0,0,0,0,0,3,3,3,0.909949090909091,0,5.2,0,0,0,0,0
1658,3691,access_vlan:SW1:eth2:10+access_vlan:SW2:eth2:10+trunk_remove:SW1:eth3:10+trunk_remove:SW2:eth3:10+trunk_remove:SW2:eth3:20,13251,13259,0.37024499999999994,-11.700000000000001,8,True,False,True,False,False,incorrect_declare_done,0.007638904877239838,8,3,3,0,0,0,0,0,3,0,0,0.6733454545454546,0,8.25,0,0,0,0,0
1659,3692,access_vlan:SW2:eth1:20+access_vlan:SW2:eth2:10+trunk_remove:SW2:eth3:10+trunk_remove:SW2:eth3:20,13259,13266,0.3699125,-11.9,7,True,False,True,False,False,incorrect_declare_done,0.005223882185029132,7,3,3,0,1,1,1,0,3,1,1,0.46425168181818177,1,8.571428571428571,0,0,1,0,0
1660,3693,access_vlan:SW1:eth2:10+access_vlan:SW2:eth2:10+trunk_remove:SW1:eth3:10+trunk_remove:SW1:eth3:20+trunk_remove:SW2:eth3:10,13266,13289,0.36882000000000004,-14.25,23,True,False,True,False,False,incorrect_declare_done,0.008855784200536817,23,5,16,0,0,0,0,0,3,0,0,2.685609090909091,0,7.478260869565218,0,0,0,0,0
1661,3694,trunk_remove:SW1:eth3:10+trunk_remove:SW1:eth3:20+trunk_remove:SW2:eth3:20,13289,13308,0.3679175,-14.399999999999999,19,True,False,True,False,False,incorrect_declare_done,0.011979422973174798,19,9,7,0,0,0,0,0,1,1,1,3.227608090909091,0,5.894736842105263,0,0,0,0,0
1662,3695,access_vlan:SW1:eth2:10+access_vlan:SW2:eth1:20+access_vlan:SW2:eth2:10+trunk_remove:SW1:eth3:10+trunk_remove:SW2:eth3:10+trunk_remove:SW2:eth3:20,13308,13310,0.36782250000000005,-10.200000000000001,2,True,False,True,False,False,incorrect_declare_done,0.00322505587246269,2,0,1,0,0,0,0,0,3,2,2,0.22070775000000004,0,7.0,0,0,0,0,0
1663,3696,access_vlan:SW1:eth2:10+access_vlan:SW2:eth1:20+trunk_remove:SW1:eth3:10,13310,13324,0.3671575,-12.75,14,True,False,True,False,False,incorrect_declare_done,0.00983111106324941,14,4,8,0,0,0,0,0,3,0,0,1.3561865,0,7.928571428571429,0,0,0,0,0
1664,3697,access_vlan:SW2:eth1:20+access_vlan:SW2:eth2:10+trunk_remove:SW1:eth3:10+trunk_remove:SW1:eth3:20+trunk_remove:SW2:eth3:20,13324,13326,0.36706250000000007,-10.850000000000001,2,True,False,True,False,False,incorrect_declare_done,0.021023177774623036,2,1,0,0,1,1,1,0,3,0,0,0.17018827272727277,1,8.0,0,0,1,0,0
1665,3698,access_vlan:SW2:eth1:20+access_vlan:SW2:eth2:10+trunk_remove:SW1:eth3:20+trunk_remove:SW2:eth3:10+trunk_remove:SW2:eth3:20,13326,13340,0.36639750000000004,-13.1,14,True,False,True,False,False,incorrect_declare_done,0.007827408911128129,14,4,9,0,1,1,1,0,3,0,0,1.770109681818182,1,7.142857142857143,0,0,1,0,0
1666,3699,access_vlan:SW1:eth2:10+access_vlan:SW2:eth2:10+trunk_remove:SW2:eth3:10,13340,13370,0.36497250000000003,-6.600000000000002,30,True,False,False,True,False,step_limit,0.009538814596210917,30,14,16,0,0,0,0,0,2,0,0,3.8591009090909094,0,7.1,0,0,0,0,0
1667,3700,trunk_remove:SW1:eth3:10+trunk_remove:SW2:eth3:20,13370,13379,0.364545,8.149999999999999,9,True,False,True,False,True,recovery_success,0.014437668801595768,9,4,4,0,0,0,0,0,0,2,2,1.472084772727273,0,6.0,0,0,0,0,0
1668,3701,access_vlan:SW1:eth2:10+trunk_remove:SW1:eth3:10+trunk_remove:SW1:eth3:20+trunk_remove:SW2:eth3:10+trunk_remove:SW2:eth3:20,13379,13409,0.36312,-6.299999999999999,30,True,False,False,True,False,step_limit,0.012966325467762848,30,11,18,0,0,0,0,0,1,3,3,4.526770568181818,0,6.366666666666666,0,0,0,0,0
1669,3702,access_vlan:SW2:eth1:20+access_vlan:SW2:eth2:10+trunk_remove:SW2:eth3:20,13409,13419,0.362645,-11.85,10,True,False,True,False,False,incorrect_declare_done,0.007434142450802028,10,3,6,0,0,0,0,0,2,0,0,0.6300415681818182,0,9.0,0,0,1,-1,0
1670,3703,access_vlan:SW1:eth1:20+access_vlan:SW1:eth2:10+access_vlan:SW2:eth1:20+access_vlan:SW2:eth2:10+trunk_remove:SW2:eth3:10,13419,13446,0.36136250000000003,-15.0,27,True,False,True,False,False,incorrect_declare_done,0.009778306181370109,27,6,19,0,0,0,0,0,1,27,27,5.429842500000002,0,4.814814814814815,0,0,0,0,0
1671,3704,access_vlan:SW1:eth2:10+access_vlan:SW2:eth1:20+access_vlan:SW2:eth2:10+trunk_remove:SW2:eth3:10+trunk_remove:SW2:eth3:20,13446,13476,0.3599375,-6.149999999999999,30,True,False,False,True,False,step_limit,0.011297064460813999,30,10,19,0,0,0,0,0,3,30,30,3.842560090909091,0,7.033333333333333,0,0,0,0,0
1672,3705,trunk_remove:SW1:eth3:10+trunk_remove:SW1:eth3:20+trunk_remove:SW2:eth3:20,13476,13498,0.35889250000000006,-13.799999999999999,22,True,False,True,False,False,incorrect_declare_done,0.015296109803867612,22,4,17,0,0,0,0,0,1,5,5,4.600225272727272,0,4.545454545454546,0,0,0,0,0
1673,3706,access_vlan:SW2:eth2:10+trunk_remove:SW1:eth3:10+trunk_remove:SW1:eth3:20,13498,13528,0.35746750000000005,-16.05,30,True,False,True,False,False,incorrect_declare_done,0.03686199132353067,30,9,18,0,0,0,0,0,2,0,0,3.8548857272727273,0,7.033333333333333,0,0,0,0,0
1674,3707,access_vlan:SW1:eth2:10+access_vlan:SW2:eth1:20+access_vlan:SW2:eth2:10+trunk_remove:SW1:eth3:10+trunk_remove:SW1:eth3:20+trunk_remove:SW2:eth3:10+trunk_remove:SW2:eth3:20,13528,13536,0.3570875000000001,-11.25,8,True,False,True,False,False,incorrect_declare_done,0.018653897801414132,8,1,6,0,0,0,0,0,2,8,8,0.9125952500000003,0,6.875,0,0,0,0,0
1675,3708,access_vlan:SW1:eth1:20+access_vlan:SW1:eth2:10+access_vlan:SW2:eth2:10+trunk_remove:SW1:eth3:10+trunk_remove:SW2:eth3:10+trunk_remove:SW2:eth3:20,13536,13544,0.35670749999999996,7.999999999999999,8,True,False,True,False,True,recovery_success,0.02507066901307553,8,5,1,0,0,0,0,0,0,8,8,1.3819300454545453,0,5.5,0,0,0,0,0
1676,3709,access_vlan:SW1:eth1:20+access_vlan:SW1:eth2:10+trunk_remove:SW1:eth3:10+trunk_remove:SW1:eth3:20+trunk_remove:SW2:eth3:10+trunk_remove:SW2:eth3:20,13544,13546,0.3566125,-10.200000000000001,2,True,False,True,False,False,incorrect_declare_done,0.021386273205280304,2,0,1,0,0,0,0,0,2,0,0,0.0,0,10.0,0,0,1,-1,0
1677,3710,access_vlan:SW1:eth1:20+access_vlan:SW1:eth2:10+trunk_remove:SW1:eth3:20+trunk_remove:SW2:eth3:20,13546,13550,0.3564225000000001,-11.15,4,True,False,True,False,False,incorrect_declare_done,0.016715116566047072,4,1,2,0,1,1,1,0,3,0,0,0.38887636363636374,1,7.75,0,0,1,0,0
1678,3711,trunk_remove:SW2:eth3:20,13550,13556,0.3561375000000001,-10.8,6,True,False,True,False,False,incorrect_declare_done,0.022963549786557753,6,0,5,0,0,0,0,0,1,6,6,1.2825225000000002,0,4.0,0,0,0,0,0
1679,3712,access_vlan:SW1:eth1:20+access_vlan:SW1:eth2:10+access_vlan:SW2:eth1:20+trunk_remove:SW2:eth3:20,13556,13563,0.35580500000000004,8.75,7,True,False,True,False,True,recovery_success,0.02667690653886114,7,2,4,0,0,0,0,0,0,3,3,1.676081181818182,0,3.4285714285714284,0,0,0,0,0
1680,3713,access_vlan:SW1:eth2:10+access_vlan:SW2:eth1:20+trunk_remove:SW1:eth3:20+trunk_remove:SW2:eth3:10+trunk_remove:SW2:eth3:20,13563,13582,0.3549025,6.5,19,True,False,True,False,True,recovery_success,0.028079639826166004,19,5,13,0,0,0,0,0,0,16,16,4.101194090909091,0,4.157894736842105,0,0,0,0,0
1681,3714,access_vlan:SW1:eth1:20+trunk_remove:SW1:eth3:10+trunk_remove:SW1:eth3:20+trunk_remove:SW2:eth3:20,13582,13612,0.3534775,-6.000000000000001,30,True,False,False,True,False,step_limit,0.022439383901655674,30,10,20,0,0,0,0,0,2,0,0,3.808756045454546,0,7.033333333333333,0,0,0,0,0
1682,3715,access_vlan:SW1:eth1:20+access_vlan:SW1:eth2:10+access_vlan:SW2:eth1:20+trunk_remove:SW2:eth3:20,13612,13635,0.35238500000000006,-14.700000000000001,23,True,False,True,False,False,incorrect_declare_done,0.01235883500750946,23,9,13,0,0,0,0,0,3,23,23,2.4961670454545457,0,7.565217391304348,0,0,0,0,0
1683,3716,access_vlan:SW1:eth1:20+trunk_remove:SW1:eth3:20,13635,13637,0.3522900000000001,-10.200000000000001,2,True,False,True,False,False,incorrect_declare_done,0.036664596758782864,2,0,1,0,0,0,0,0,3,0,0,0.2818510000000001,0,6.0,0,0,0,0,0
1684,3717,access_vlan:SW1:eth1:20+trunk_remove:SW2:eth3:20,13637,13640,0.35214750000000006,-10.5,3,True,False,True,False,False,incorrect_declare_done,0.011696533455202976,3,1,1,0,0,0,0,0,3,0,0,0.33299040909090916,0,7.333333333333333,0,0,0,0,0
1685,3718,access_vlan:SW1:eth1:20+access_vlan:SW1:eth2:10+access_vlan:SW2:eth1:20+access_vlan:SW2:eth2:10,13640,13644,0.35195750000000003,9.5,4,True,False,True,False,True,recovery_success,0.04169674636796117,4,0,3,0,0,0,0,0,0,0,0,1.126492,0,2.0,0,0,0,0,0
1686,3719,access_vlan:SW1:eth1:20+access_vlan:SW2:eth1:20+trunk_remove:SW1:eth3:20+trunk_remove:SW2:eth3:20,13644,13646,0.35186249999999997,-10.350000000000001,2,True,False,True,False,False,incorrect_declare_done,0.010871091391891241,2,1,0,0,0,0,0,0,3,1,1,0.12794999999999998,0,8.5,0,0,0,0,0
1687,3720,access_vlan:SW2:eth2:10+trunk_remove:SW1:eth3:10,13646,13676,0.35043750000000007,-5.700000000000002,30,True,False,False,True,False,step_limit,0.021884094970300794,30,8,22,0,0,0,0,0,2,0,0,3.9263443181818185,0,6.8,0,0,0,0,0
1688,3721,access_vlan:SW1:eth1:20+trunk_remove:SW2:eth3:10,13676,13677,0.3503900000000001,-10.05,1,True,False,True,False,False,incorrect_declare_done,0.00790427066385746,1,0,0,0,0,0,0,0,3,0,0,0.17519500000000005,0,5.0,0,0,0,0,0
1689,3722,access_vlan:SW1:eth1:20+access_vlan:SW1:eth2:10+access_vlan:SW2:eth1:20,13677,13678,0.3503425000000001,-10.05,1,True,False,True,False,False,incorrect_declare_done,0.013900978490710258,1,0,0,0,0,0,0,0,3,1,1,0.17517125000000006,0,5.0,0,0,0,0,0
1690,3723,access_vlan:SW1:eth1:20+access_vlan:SW1:eth2:10+access_vlan:SW2:eth2:10,13678,13701,0.34924999999999995,5.9,23,True,False,True,False,True,recovery_success,0.015748074561681435,23,4,17,0,0,0,0,0,0,20,20,4.721034886363637,0,4.478260869565218,0,0,0,0,0
1691,3724,access_vlan:SW1:eth1:20+access_vlan:SW2:eth2:10+trunk_remove:SW1:eth3:10,13701,13731,0.34782500000000005,-7.35,30,True,False,False,True,False,step_limit,0.017079072492197155,30,17,11,0,0,0,0,0,1,1,1,4.123658227272728,0,6.633333333333334,0,0,0,0,0
1692,3725,access_vlan:SW1:eth1:20+access_vlan:SW2:eth2:10+trunk_remove:SW1:eth3:20+trunk_remove:SW2:eth3:10+trunk_remove:SW2:eth3:20,13731,13750,0.3469225,-13.350000000000001,19,True,False,True,False,False,incorrect_declare_done,0.013709710322712598,19,4,14,0,0,0,0,0,3,0,0,1.768215,0,7.947368421052632,0,0,0,0,0
1693,3726,access_vlan:SW1:eth1:20+access_vlan:SW2:eth2:10,13750,13780,0.3454975000000001,-6.600000000000001,30,True,False,False,True,False,step_limit,0.011970820130469899,30,11,16,0,0,0,0,0,0,3,3,5.1727786363636366,0,5.5,0,0,0,0,0
1694,3727,access_vlan:SW1:eth2:10+trunk_remove:SW2:eth3:10,13780,13799,0.3445950000000001,6.35,19,True,False,True,False,True,recovery_success,0.0130034955953689,19,6,12,0,0,0,0,0,0,2,2,3.0169105000000007,0,5.684210526315789,0,0,0,0,0
1695,3728,access_vlan:SW2:eth2:10+trunk_remove:SW1:eth3:10+trunk_remove:SW2:eth3:10,13799,13801,0.34450000000000003,-10.350000000000001,2,True,False,True,False,False,incorrect_declare_done,0.01210316363722086,2,1,0,0,0,0,0,0,3,0,0,0.1973187954545455,0,7.5,0,0,0,0,0
1696,3729,access_vlan:SW1:eth1:20+access_vlan:SW1:eth2:10+access_vlan:SW2:eth1:20+access_vlan:SW2:eth2:10+trunk_remove:SW1:eth3:10,13801,13806,0.3442625,9.2,5,True,False,True,False,True,recovery_success,0.037061086669564244,5,1,3,0,0,0,0,0,0,1,1,1.3335819545454546,0,2.4,0,0,0,0,0
1697,3730,access_vlan:SW1:eth1:20+access_vlan:SW2:eth1:20+trunk_remove:SW1:eth3:10,13806,13835,0.342885,-17.000000000000004,29,True,False,True,False,False,incorrect_declare_done,0.028000650734737002,29,9,13,0,1,1,1,0,1,27,27,5.195952863636364,1,5.206896551724138,0,0,1,0,0
1698,3731,access_vlan:SW1:eth1:20+access_vlan:SW2:eth1:20+access_vlan:SW2:eth2:10+trunk_remove:SW2:eth3:10+trunk_remove:SW2:eth3:20,13835,13839,0.3426950000000001,-10.8,4,True,False,True,False,False,incorrect_declare_done,0.030621730722486973,4,2,1,0,0,0,0,0,2,4,4,0.5421856818181819,0,6.5,0,0,0,0,0
1699,3732,access_vlan:SW2:eth1:20+access_vlan:SW2:eth2:10+trunk_remove:SW2:eth3:10+trunk_remove:SW2:eth3:20,13839,13841,0.3426000000000001,-10.200000000000001,2,True,False,True,False,False,incorrect_declare_done,0.02600323222577572,2,0,1,0,0,0,0,0,2,0,0,0.13704950000000005,0,8.0,0,0,1,-1,0
1700,3733,access_vlan:SW1:eth1:20+access_vlan:SW1:eth2:10+trunk_remove:SW1:eth3:10+trunk_remove:SW2:eth3:20,13841,13871,0.341175,-6.5,30,True,False,False,True,False,step_limit,0.03569064090649287,30,10,20,0,1,1,1,0,1,5,5,3.9580008181818185,1,6.566666666666666,0,0,1,0,0
1701,3734,access_vlan:SW1:eth2:10+access_vlan:SW2:eth1:20+access_vlan:SW2:eth2:10+trunk_remove:SW2:eth3:10,13871,13875,0.3409850000000001,9.2,4,True,False,True,False,True,recovery_success,0.01342314062640071,4,2,1,0,0,0,0,0,0,2,2,0.9115162272727273,0,3.5,0,0,0,0,0
1702,3735,trunk_remove:SW1:eth3:20+trunk_remove:SW2:eth3:10,13875,13879,0.34079500000000007,-10.65,4,True,False,True,False,False,incorrect_declare_done,0.019872620701789856,4,1,2,0,0,0,0,0,2,0,0,0.5205991818181819,0,6.5,0,0,0,0,0
1703,3736,access_vlan:SW1:eth1:20+access_vlan:SW2:eth2:10+trunk_remove:SW1:eth3:10+trunk_remove:SW1:eth3:20,13879,13909,0.33937000000000006,-6.6,30,True,False,False,True,False,step_limit,0.019679733932328723,30,12,16,0,0,0,0,0,3,0,0,2.936596818181819,0,7.8,0,0,0,0,0
1704,3737,access_vlan:SW1:eth1:20+access_vlan:SW2:eth1:20+trunk_remove:SW1:eth3:10+trunk_remove:SW1:eth3:20+trunk_remove:SW2:eth3:10,13909,13928,0.33846750000000003,-13.95,19,True,False,True,False,False,incorrect_declare_done,0.006735645148805098,19,7,10,0,0,0,0,0,3,0,0,1.666280431818182,0,8.105263157894736,0,0,0,0,0
1705,3738,access_vlan:SW2:eth1:20+access_vlan:SW2:eth2:10+trunk_remove:SW1:eth3:20+trunk_remove:SW2:eth3:10+trunk_remove:SW2:eth3:20,13928,13930,0.33837249999999996,-10.200000000000001,2,True,False,True,False,False,incorrect_declare_done,0.013515559490770102,2,0,1,0,0,0,0,0,2,0,0,0.06767925,0,9.0,0,0,1,-1,0
1706,3739,access_vlan:SW1:eth1:20+access_vlan:SW1:eth2:10+access_vlan:SW2:eth1:20+trunk_remove:SW1:eth3:10+trunk_remove:SW1:eth3:20,13930,13948,0.3375175,-13.05,18,True,False,True,False,False,incorrect_declare_done,0.00932384938156853,18,3,14,0,0,0,0,0,3,18,18,2.273344545454546,0,6.722222222222222,0,0,0,0,0
1707,3740,access_vlan:SW2:eth2:10+trunk_remove:SW2:eth3:10+trunk_remove:SW2:eth3:20,13948,13958,0.3370425,-11.700000000000001,10,True,False,True,False,False,incorrect_declare_done,0.007155171548947692,10,2,7,0,0,0,0,0,2,0,0,1.3674350454545456,0,6.3,0,0,0,0,0
1708,3741,trunk_remove:SW2:eth3:20,13958,13980,0.33599750000000006,5.75,22,True,False,True,False,True,recovery_success,0.009282839897258038,22,5,14,0,0,0,0,0,0,5,5,4.422957,0,4.409090909090909,0,0,0,0,0
1709,3742,access_vlan:SW1:eth2:10+trunk_remove:SW1:eth3:10+trunk_remove:SW1:eth3:20+trunk_remove:SW2:eth3:10,13980,14010,0.33457250000000005,-5.250000000000001,30,True,False,False,True,False,step_limit,0.009230704636623462,30,5,25,0,0,0,0,0,2,0,0,3.6996630454545456,0,6.766666666666667,0,0,0,0,0
1710,3743,access_vlan:SW1:eth1:20+access_vlan:SW2:eth2:10+trunk_remove:SW1:eth3:10+trunk_remove:SW1:eth3:20,14010,14040,0.33314750000000004,-5.850000000000001,30,True,False,False,True,False,step_limit,0.00948593254821996,30,8,21,0,0,0,0,0,2,24,24,3.24560840909091,0,7.3,0,0,0,0,0
1711,3744,access_vlan:SW1:eth2:10+access_vlan:SW2:eth1:20+trunk_remove:SW1:eth3:10+trunk_remove:SW1:eth3:20+trunk_remove:SW2:eth3:10,14040,14070,0.33172250000000003,-6.300000000000001,30,True,False,False,True,False,step_limit,0.007447163551114499,30,12,18,0,0,0,0,0,2,0,0,2.265060681818182,0,8.233333333333333,0,0,0,0,0
1712,3745,access_vlan:SW1:eth1:20+access_vlan:SW2:eth1:20+access_vlan:SW2:eth2:10+trunk_remove:SW1:eth3:20+trunk_remove:SW2:eth3:10,14070,14091,0.33072500000000005,-14.55,21,True,False,True,False,False,incorrect_declare_done,0.010865375920686694,21,6,10,0,0,0,0,0,3,21,21,2.462967681818182,0,7.0476190476190474,0,0,0,0,0
1713,3746,access_vlan:SW1:eth1:20+access_vlan:SW1:eth2:10+access_vlan:SW2:eth2:10+trunk_remove:SW2:eth3:20,14091,14105,0.33006,-12.0,14,True,False,True,False,False,incorrect_declare_done,0.020398431989763464,14,0,13,0,0,0,0,0,3,14,14,2.31258125,0,5.0,0,0,0,0,0
1714,3747,access_vlan:SW1:eth1:20+access_vlan:SW1:eth2:10+access_vlan:SW2:eth1:20+trunk_remove:SW2:eth3:20,14105,14109,0.32987,9.2,4,True,False,True,False,True,recovery_success,0.046535191824659705,4,2,1,0,0,0,0,0,0,2,2,0.8818088636363637,0,3.5,0,0,0,0,0
1715,3748,access_vlan:SW1:eth1:20+access_vlan:SW2:eth2:10+trunk_remove:SW2:eth3:10,14109,14111,0.32977500000000004,-10.350000000000001,2,True,False,True,False,False,incorrect_declare_done,0.05314378533512354,2,1,0,0,0,0,0,0,4,0,0,0.06596450000000001,0,9.5,0,0,0,0,0
1716,3749,access_vlan:SW1:eth1:20+access_vlan:SW1:eth2:10+access_vlan:SW2:eth1:20+access_vlan:SW2:eth2:10+trunk_remove:SW1:eth3:10,14111,14125,0.32911,7.85,14,True,False,True,False,True,recovery_success,0.048548623919487,14,1,12,0,0,0,0,0,0,9,9,3.7014015,0,2.142857142857143,0,0,0,0,0
1717,3750,access_vlan:SW1:eth1:20+access_vlan:SW2:eth1:20+trunk_remove:SW1:eth3:20+trunk_remove:SW2:eth3:20,14125,14151,0.327875,-15.9,26,True,False,True,False,False,incorrect_declare_done,0.056518536455069594,26,13,11,0,0,0,0,0,2,0,0,2.388561363636364,0,7.884615384615385,0,0,0,0,0
1718,3751,access_vlan:SW1:eth2:10+access_vlan:SW2:eth2:10+trunk_remove:SW1:eth3:10+trunk_remove:SW1:eth3:20+trunk_remove:SW2:eth3:10+trunk_remove:SW2:eth3:20,14151,14181,0.32645,-6.150000000000001,30,True,False,False,True,False,step_limit,0.03215642469003797,30,9,19,0,0,0,0,0,3,0,0,3.1822563636363634,0,7.4,0,0,0,0,0
1719,3752,access_vlan:SW1:eth1:20+trunk_remove:SW1:eth3:20+trunk_remove:SW2:eth3:20,14181,14211,0.325025,-5.850000000000001,30,True,False,False,True,False,step_limit,0.019134363136254252,30,6,21,0,0,0,0,0,1,7,7,5.166340999999999,0,5.066666666666666,0,0,0,0,0
1720,3753,access_vlan:SW1:eth2:10+access_vlan:SW2:eth2:10+trunk_remove:SW1:eth3:10+trunk_remove:SW1:eth3:20,14211,14218,0.32469250000000005,8.45,7,True,False,True,False,True,recovery_success,0.014490447672350066,7,4,2,0,0,0,0,0,0,6,6,1.2135561590909092,0,5.0,0,0,0,0,0
1721,3754,access_vlan:SW1:eth2:10+access_vlan:SW2:eth1:20+trunk_remove:SW1:eth3:10+trunk_remove:SW1:eth3:20+trunk_remove:SW2:eth3:10,14218,14247,0.323315,-16.2,29,True,False,True,False,False,incorrect_declare_done,0.009551688723651499,29,11,15,0,0,0,0,0,2,0,0,2.9149304545454546,0,7.551724137931035,0,0,0,0,0
1722,3755,access_vlan:SW2:eth1:20+trunk_remove:SW1:eth3:10+trunk_remove:SW1:eth3:20+trunk_remove:SW2:eth3:10,14247,14267,0.322365,-13.35,20,True,False,True,False,False,incorrect_declare_done,0.008763837278820574,20,3,16,0,0,0,0,0,2,0,0,2.388893363636364,0,6.9,0,0,0,0,0
1723,3756,access_vlan:SW1:eth1:20+access_vlan:SW2:eth1:20+access_vlan:SW2:eth2:10+trunk_remove:SW1:eth3:10,14267,14269,0.32226999999999995,-10.200000000000001,2,True,False,True,False,False,incorrect_declare_done,0.011896139476448298,2,0,1,0,0,0,0,0,3,2,2,0.32229375,0,5.0,0,0,0,0,0
1724,3757,access_vlan:SW1:eth2:10+access_vlan:SW2:eth1:20+access_vlan:SW2:eth2:10+trunk_remove:SW1:eth3:10,14269,14270,0.32222249999999997,-10.05,1,True,False,True,False,False,incorrect_declare_done,0.005786391906440258,1,0,0,0,0,0,0,0,3,1,1,0.12888899999999998,0,6.0,0,0,0,0,0
1725,3758,trunk_remove:SW1:eth3:10+trunk_remove:SW1:eth3:20+trunk_remove:SW2:eth3:10,14270,14282,0.3216525000000001,-12.15,12,True,False,True,False,False,incorrect_declare_done,0.007584336989869674,12,3,8,0,0,0,0,0,1,0,0,1.591889772727273,0,6.416666666666667,0,0,0,0,0
1726,3759,access_vlan:SW1:eth1:20+access_vlan:SW1:eth2:10+access_vlan:SW2:eth1:20+access_vlan:SW2:eth2:10+trunk_remove:SW1:eth3:10,14282,14289,0.32132000000000005,8.899999999999999,7,True,False,True,False,True,recovery_success,0.009918701236269303,7,1,5,0,0,0,0,0,0,4,4,1.7709350454545456,0,2.2857142857142856,0,0,0,0,0
1727,3760,access_vlan:SW1:eth1:20+access_vlan:SW1:eth2:10+trunk_remove:SW1:eth3:10+trunk_remove:SW2:eth3:20,14289,14306,0.3205125,-13.7,17,True,False,True,False,False,incorrect_declare_done,0.006845873814788373,17,5,11,0,1,1,1,0,3,0,0,0.8924236363636364,1,9.058823529411764,0,0,1,0,0
1728,3761,access_vlan:SW1:eth1:20+access_vlan:SW1:eth2:10+trunk_remove:SW1:eth3:10+trunk_remove:SW2:eth3:20,14306,14336,0.3190875000000001,-6.200000000000003,30,True,False,False,True,False,step_limit,0.0049123651115223765,30,7,22,0,1,1,1,0,2,0,0,3.1383259090909092,1,7.266666666666667,0,0,1,0,0
1729,3762,access_vlan:SW1:eth1:20+access_vlan:SW1:eth2:10,14336,14352,0.3183275,6.6,16,True,False,True,False,True,recovery_success,0.003975950719905086,16,4,11,0,1,1,1,0,0,12,12,2.2591486363636366,1,5.9375,0,0,1,0,0
1730,3763,access_vlan:SW1:eth1:20+access_vlan:SW1:eth2:10+access_vlan:SW2:eth1:20+trunk_remove:SW1:eth3:10+trunk_remove:SW2:eth3:10,14352,14358,0.3180425,8.75,6,True,False,True,False,True,recovery_success,0.005146078416146338,6,3,2,0,0,0,0,0,0,6,6,1.0122967045454545,0,5.0,0,0,0,0,0
1731,3764,access_vlan:SW1:eth2:10+access_vlan:SW2:eth2:10+trunk_remove:SW2:eth3:10+trunk_remove:SW2:eth3:20,14358,14369,0.31752,-11.700000000000001,11,True,False,True,False,False,incorrect_declare_done,0.005174215925349431,11,1,9,0,0,0,0,0,3,0,0,1.4760438181818185,0,6.2727272727272725,0,0,0,0,0
1732,3765,access_vlan:SW1:eth1:20+trunk_remove:SW1:eth3:10+trunk_remove:SW2:eth3:20,14369,14399,0.316095,-6.300000000000001,30,True,False,False,True,False,step_limit,0.006048541873072585,30,11,18,0,0,0,0,0,3,0,0,2.839807681818182,0,7.633333333333334,0,0,0,0,0
1733,3766,access_vlan:SW2:eth2:10,14399,14400,0.31604750000000004,-10.05,1,True,False,True,False,False,incorrect_declare_done,0.008859815075993538,1,0,0,0,0,0,0,0,3,0,0,0.15802375000000002,0,5.0,0,0,0,0,0
1734,3767,access_vlan:SW1:eth1:20+trunk_remove:SW1:eth3:10+trunk_remove:SW1:eth3:20+trunk_remove:SW2:eth3:20,14400,14430,0.3146225,-5.400000000000002,30,True,False,False,True,False,step_limit,0.0063495189417153595,30,5,24,0,0,0,0,0,2,0,0,3.1900347727272726,0,7.266666666666667,0,0,0,0,0
1735,3768,access_vlan:SW1:eth1:20+access_vlan:SW1:eth2:10+access_vlan:SW2:eth2:10+trunk_remove:SW2:eth3:10,14430,14439,0.314195,8.45,9,True,False,True,False,True,recovery_success,0.006524795821557443,9,2,6,0,0,0,0,0,0,6,6,2.126280454545455,0,2.6666666666666665,0,0,0,0,0
1736,3769,trunk_remove:SW1:eth3:10+trunk_remove:SW1:eth3:20+trunk_remove:SW2:eth3:10,14439,14455,0.313435,6.35,16,True,False,True,False,True,recovery_success,0.007411777303786948,16,7,6,0,0,0,0,0,0,8,8,2.9205758181818187,0,4.5625,0,0,0,0,0
1737,3770,access_vlan:SW1:eth1:20+access_vlan:SW2:eth1:20+trunk_remove:SW2:eth3:10+trunk_remove:SW2:eth3:20,14455,14460,0.3131975,-10.8,5,True,False,True,False,False,incorrect_declare_done,0.00758468322455883,5,1,3,0,0,0,0,0,4,0,0,0.12532650000000004,0,9.4,0,0,0,0,0
1738,3771,trunk_remove:SW1:eth3:20+trunk_remove:SW2:eth3:20,14460,14484,0.3120575000000001,-14.700000000000001,24,True,False,True,False,False,incorrect_declare_done,0.006393528795645882,24,6,15,0,0,0,0,0,1,6,6,4.279981090909091,0,4.541666666666667,0,0,0,0,0
1739,3772,access_vlan:SW2:eth2:10+trunk_remove:SW1:eth3:20+trunk_remove:SW2:eth3:20,14484,14491,0.31172500000000003,-11.55,7,True,False,True,False,False,incorrect_declare_done,0.018236106394657066,7,3,2,0,0,0,0,0,1,2,2,1.2616522727272725,0,4.571428571428571,0,0,0,0,0
1740,3773,access_vlan:SW1:eth1:20+access_vlan:SW1:eth2:10+access_vlan:SW2:eth2:10+trunk_remove:SW1:eth3:20,14491,14502,0.31120250000000005,-12.450000000000001,11,True,False,True,False,False,incorrect_declare_done,0.012557636480778456,11,5,4,0,0,0,0,0,3,8,8,1.5713671590909095,0,5.909090909090909,0,0,0,0,0
1741,3774,access_vlan:SW1:eth1:20+access_vlan:SW1:eth2:10+access_vlan:SW2:eth1:20+access_vlan:SW2:eth2:10+trunk_remove:SW1:eth3:10+trunk_remove:SW1:eth3:20+trunk_remove:SW2:eth3:10,14502,14506,0.3110125,9.049999999999999,4,True,False,True,False,True,recovery_success,0.01021893136203289,4,3,0,0,0,0,0,0,0,3,3,0.6900040454545456,0,4.75,0,0,0,0,0
1742,3775,access_vlan:SW1:eth2:10+access_vlan:SW2:eth1:20+access_vlan:SW2:eth2:10+trunk_remove:SW2:eth3:20,14506,14511,0.310775,9.049999999999999,5,True,False,True,False,True,recovery_success,0.02500757882371545,5,2,2,0,0,0,0,0,0,3,3,0.9466929545454545,0,4.2,0,0,0,0,0
1743,3776,access_vlan:SW1:eth1:20+access_vlan:SW2:eth1:20+access_vlan:SW2:eth2:10+trunk_remove:SW2:eth3:10,14511,14526,0.31006250000000013,-12.45,15,True,False,True,False,False,incorrect_declare_done,0.04192386027425528,15,2,12,0,0,0,0,0,3,15,15,2.130453522727273,0,5.933333333333334,0,0,0,0,0
1744,3777,access_vlan:SW2:eth1:20+access_vlan:SW2:eth2:10+trunk_remove:SW2:eth3:10,14526,14551,0.308875,-15.65,25,True,False,True,False,False,incorrect_declare_done,0.02499519357457757,25,8,14,0,1,1,1,0,3,23,23,3.3529446136363643,1,6.16,0,0,1,0,0
1745,3778,access_vlan:SW1:eth1:20+trunk_remove:SW1:eth3:10+trunk_remove:SW1:eth3:20+trunk_remove:SW2:eth3:10+trunk_remove:SW2:eth3:20,14551,14578,0.30759250000000005,-14.1,27,True,False,True,False,False,incorrect_declare_done,0.010853463870093779,27,1,25,0,0,0,0,0,2,0,0,3.6394156363636365,0,6.111111111111111,0,0,0,0,0
1746,3779,access_vlan:SW1:eth1:20+access_vlan:SW2:eth1:20+trunk_remove:SW1:eth3:20,14578,14608,0.3061674999999999,-7.049999999999999,30,True,False,False,True,False,step_limit,0.006558445282280445,30,14,13,0,0,0,0,0,2,0,0,3.2386222272727276,0,7.1,0,0,0,0,0
1747,3780,trunk_remove:SW1:eth3:10+trunk_remove:SW1:eth3:20+trunk_remove:SW2:eth3:10+trunk_remove:SW2:eth3:20,14608,14611,0.306025,-10.350000000000001,3,True,False,True,False,False,incorrect_declare_done,0.006115795113146305,3,0,2,0,0,0,0,0,2,0,0,0.3672869999999999,0,6.0,0,0,0,0,0
1748,3781,access_vlan:SW2:eth2:10+trunk_remove:SW1:eth3:20+trunk_remove:SW2:eth3:20,14611,14621,0.3055500000000001,-11.55,10,True,False,True,False,False,incorrect_declare_done,0.0072082397527992725,10,1,8,0,0,0,0,0,1,4,4,1.5704846590909096,0,4.9,0,0,0,0,0
1749,3782,access_vlan:SW1:eth1:20+access_vlan:SW2:eth2:10+trunk_remove:SW1:eth3:10+trunk_remove:SW1:eth3:20+trunk_remove:SW2:eth3:10,14621,14625,0.3053600000000001,-10.8,4,True,False,True,False,False,incorrect_declare_done,0.004712598223704845,4,2,1,0,0,0,0,0,3,0,0,0.22209727272727275,0,8.75,0,0,0,0,0
1750,3783,access_vlan:SW1:eth2:10+trunk_remove:SW1:eth3:10,14625,14629,0.30516999999999994,-10.65,4,True,False,True,False,False,incorrect_declare_done,0.010893794358707964,4,1,2,0,0,0,0,0,3,0,0,0.46619009090909097,0,6.5,0,0,0,0,0
1751,3784,access_vlan:SW1:eth2:10+trunk_remove:SW2:eth3:10,14629,14656,0.3038875,5.75,27,True,False,True,False,True,recovery_success,0.007670138746982923,27,2,24,0,0,0,0,0,0,22,22,6.2331686363636365,0,2.5925925925925926,0,0,0,0,0
1752,3785,access_vlan:SW2:eth1:20+trunk_remove:SW1:eth3:10+trunk_remove:SW2:eth3:10+trunk_remove:SW2:eth3:20,14656,14674,0.30303250000000004,-13.2,18,True,False,True,False,False,incorrect_declare_done,0.018524241918284032,18,4,13,0,0,0,0,0,2,0,0,2.074482590909091,0,6.722222222222222,0,0,0,0,0
1753,3786,access_vlan:SW1:eth1:20+trunk_remove:SW1:eth3:10+trunk_remove:SW1:eth3:20,14674,14704,0.30160750000000003,-6.449999999999999,30,True,False,False,True,False,step_limit,0.015242330372954409,30,12,17,0,0,0,0,0,2,0,0,2.841655136363636,0,7.533333333333333,0,0,0,0,0
1754,3787,access_vlan:SW1:eth1:20+access_vlan:SW1:eth2:10+access_vlan:SW2:eth2:10+trunk_remove:SW1:eth3:10+trunk_remove:SW1:eth3:20+trunk_remove:SW2:eth3:10+trunk_remove:SW2:eth3:20,14704,14733,0.30023,-15.900000000000002,29,True,False,True,False,False,incorrect_declare_done,0.02421661569126721,29,9,17,0,0,0,0,0,1,29,29,3.290261863636364,0,6.827586206896552,0,0,0,0,0
1755,3788,access_vlan:SW1:eth1:20+access_vlan:SW1:eth2:10+access_vlan:SW2:eth1:20+trunk_remove:SW1:eth3:10+trunk_remove:SW1:eth3:20,14733,14749,0.29947,-13.2,16,True,False,True,False,False,incorrect_declare_done,0.012434583433787338,16,6,9,0,0,0,0,0,3,16,16,1.7771856363636367,0,6.8125,0,0,0,0,0
1756,3789,access_vlan:SW1:eth2:10+trunk_remove:SW2:eth3:10,14749,14754,0.2992325,8.75,5,True,False,True,False,True,recovery_success,0.009164253901690244,5,4,0,0,0,0,0,0,0,1,1,0.8816201363636362,0,4.4,0,0,0,0,0
1757,3790,access_vlan:SW1:eth1:20+access_vlan:SW2:eth1:20+trunk_remove:SW1:eth3:20+trunk_remove:SW2:eth3:10+trunk_remove:SW2:eth3:20,14754,14766,0.29866250000000005,-12.3,12,True,False,True,False,False,incorrect_declare_done,0.014998119634886583,12,3,7,0,0,0,0,0,3,10,10,1.0596413636363635,0,7.666666666666667,0,0,0,0,0
1758,3791,access_vlan:SW1:eth1:20+access_vlan:SW2:eth1:20+access_vlan:SW2:eth2:10+trunk_remove:SW1:eth3:20+trunk_remove:SW2:eth3:10,14766,14796,0.29723750000000004,-6.450000000000001,30,True,False,False,True,False,step_limit,0.009072993928566576,30,10,17,0,0,0,0,0,3,30,30,2.8714870454545456,0,7.266666666666667,0,0,0,0,0
1759,3792,access_vlan:SW1:eth1:20+access_vlan:SW2:eth1:20+trunk_remove:SW1:eth3:10+trunk_remove:SW1:eth3:20+trunk_remove:SW2:eth3:10+trunk_remove:SW2:eth3:20,14796,14813,0.29642999999999997,-13.35,17,True,False,True,False,False,incorrect_declare_done,0.01464014416834449,17,6,10,0,0,0,0,0,3,0,0,0.9707563636363638,0,8.647058823529411,0,0,0,0,0
1760,3793,access_vlan:SW1:eth2:10+access_vlan:SW2:eth1:20+trunk_remove:SW1:eth3:10+trunk_remove:SW1:eth3:20,14813,14836,0.29533750000000003,-14.25,23,True,False,True,False,False,incorrect_declare_done,0.02575867290041693,23,6,16,0,0,0,0,0,2,0,0,0.8595479545454545,0,9.565217391304348,0,0,0,0,0
1761,3794,access_vlan:SW1:eth1:20+access_vlan:SW2:eth1:20+access_vlan:SW2:eth2:10+trunk_remove:SW2:eth3:10,14836,14849,0.2947200000000001,-12.0,13,True,False,True,False,False,incorrect_declare_done,0.014065833493637351,13,1,11,0,0,0,0,0,3,13,13,1.7566336363636368,0,5.923076923076923,0,0,0,0,0
1762,3795,access_vlan:SW1:eth1:20+access_vlan:SW2:eth1:20+trunk_remove:SW1:eth3:20,14849,14856,0.2943875,-11.100000000000001,7,True,False,True,False,False,incorrect_declare_done,0.024389716663530896,7,1,5,0,0,0,0,0,4,0,0,0.19010702272727273,0,9.857142857142858,0,0,0,0,0
1763,3796,access_vlan:SW1:eth2:10+access_vlan:SW2:eth2:10+trunk_remove:SW1:eth3:20+trunk_remove:SW2:eth3:20,14856,14869,0.2937700000000001,-12.95,13,True,False,True,False,False,incorrect_declare_done,0.012980025297460647,13,4,8,0,1,1,1,0,3,7,7,1.4486698181818185,1,6.769230769230769,0,0,1,0,0
1764,3797,access_vlan:SW1:eth1:20+access_vlan:SW1:eth2:10+access_vlan:SW2:eth1:20+access_vlan:SW2:eth2:10+trunk_remove:SW2:eth3:20,14869,14884,0.2930575000000001,7.4,15,True,False,True,False,True,recovery_success,0.010808126473178466,15,3,11,0,0,0,0,0,0,14,14,3.3764371363636365,0,2.533333333333333,0,0,0,0,0
1765,3798,access_vlan:SW2:eth1:20+trunk_remove:SW1:eth3:10+trunk_remove:SW1:eth3:20+trunk_remove:SW2:eth3:10,14884,14914,0.29163249999999996,-6.299999999999999,30,True,False,False,True,False,step_limit,0.009325267824654778,30,11,18,0,0,0,0,0,2,0,0,3.236895818181819,0,6.9,0,0,0,0,0
1766,3799,access_vlan:SW1:eth1:20+access_vlan:SW2:eth1:20+trunk_remove:SW1:eth3:10+trunk_remove:SW2:eth3:10+trunk_remove:SW2:eth3:20,14914,14934,0.29068249999999995,-13.5,20,True,False,True,False,False,incorrect_declare_done,0.007936239533592016,20,4,15,0,0,0,0,0,3,0,0,1.810090272727273,0,7.4,0,0,0,0,0
1767,3800,access_vlan:SW1:eth1:20+access_vlan:SW2:eth1:20+access_vlan:SW2:eth2:10+trunk_remove:SW1:eth3:10+trunk_remove:SW1:eth3:20,14934,14944,0.29020750000000006,8.15,10,True,False,True,False,True,recovery_success,0.0053800888359546665,10,3,6,0,0,0,0,0,0,10,10,2.0697249090909096,0,3.1,0,0,0,0,0
1768,3801,access_vlan:SW2:eth2:10+trunk_remove:SW1:eth3:20,14944,14951,0.289875,-11.25,7,True,False,True,False,False,incorrect_declare_done,0.009903487749397755,7,2,4,0,0,0,0,0,1,1,1,1.1468420454545456,0,4.714285714285714,0,0,0,0,0
1769,3802,access_vlan:SW1:eth1:20+access_vlan:SW2:eth2:10+trunk_remove:SW1:eth3:10,14951,14968,0.28906750000000003,-13.35,17,True,False,True,False,False,incorrect_declare_done,0.006730434388908393,17,5,10,0,0,0,0,0,3,13,13,1.425813681818182,0,7.764705882352941,0,0,0,0,0
1770,3803,access_vlan:SW1:eth1:20+trunk_remove:SW1:eth3:20+trunk_remove:SW2:eth3:20,14968,14990,0.28802250000000007,-13.799999999999999,22,True,False,True,False,False,incorrect_declare_done,0.004547373359938237,22,3,17,0,0,0,0,0,1,0,0,2.7243530909090916,0,5.863636363636363,0,0,0,0,0
1771,3804,trunk_remove:SW2:eth3:10+trunk_remove:SW2:eth3:20,14990,14991,0.287975,-10.05,1,True,False,True,False,False,incorrect_declare_done,0.010246758349239826,1,0,0,0,0,0,0,0,2,0,0,0.11518999999999999,0,6.0,0,0,0,0,0
1772,3805,access_vlan:SW1:eth2:10+trunk_remove:SW2:eth3:20,14991,14995,0.28778499999999996,-10.65,4,True,False,True,False,False,incorrect_declare_done,0.005097596789710224,4,1,2,0,0,0,0,0,3,0,0,0.5626313636363637,0,5.25,0,0,0,0,0
1773,3806,access_vlan:SW1:eth1:20+access_vlan:SW2:eth1:20+trunk_remove:SW1:eth3:20+trunk_remove:SW2:eth3:20,14995,15025,0.28636000000000006,-15.300000000000002,30,True,False,True,False,False,incorrect_declare_done,0.011845615513933202,30,6,23,0,0,0,0,0,2,0,0,2.6857668181818184,0,7.433333333333334,0,0,0,0,0
1774,3807,access_vlan:SW1:eth1:20+access_vlan:SW2:eth1:20+access_vlan:SW2:eth2:10+trunk_remove:SW1:eth3:20,15025,15031,0.2860750000000001,8.899999999999999,6,True,False,True,False,True,recovery_success,0.013533989666029811,6,2,3,0,0,0,0,0,0,5,5,1.2331722727272731,0,3.0,0,0,0,0,0
1775,3808,access_vlan:SW1:eth1:20+access_vlan:SW2:eth1:20+access_vlan:SW2:eth2:10+trunk_remove:SW1:eth3:10+trunk_remove:SW1:eth3:20,15031,15037,0.28579,8.75,6,True,False,True,False,True,recovery_success,0.01658224097142617,6,3,2,0,0,0,0,0,0,6,6,1.1019619090909092,0,3.8333333333333335,0,0,0,0,0
1776,3809,access_vlan:SW1:eth1:20+access_vlan:SW1:eth2:10+access_vlan:SW2:eth2:10+trunk_remove:SW1:eth3:10+trunk_remove:SW1:eth3:20+trunk_remove:SW2:eth3:10+trunk_remove:SW2:eth3:20,15037,15048,0.2852675000000001,7.699999999999999,11,True,False,True,False,True,recovery_success,0.012956733138046482,11,5,5,0,0,0,0,0,0,11,11,1.8580398863636367,0,4.363636363636363,0,0,0,0,0
1777,3810,trunk_remove:SW2:eth3:10,15048,15060,0.28469750000000005,-11.850000000000001,12,True,False,True,False,False,incorrect_declare_done,0.009907474198068181,12,1,10,0,0,0,0,0,1,2,2,2.0051083636363636,0,4.25,0,0,0,0,0
1778,3811,access_vlan:SW1:eth1:20+access_vlan:SW1:eth2:10+access_vlan:SW2:eth2:10+trunk_remove:SW1:eth3:20+trunk_remove:SW2:eth3:10,15060,15090,0.28327250000000004,-6.9,30,True,False,False,True,False,step_limit,0.00715769634116441,30,15,14,0,0,0,0,0,3,30,30,2.6694615909090906,0,7.533333333333333,0,0,0,0,0
1779,3812,access_vlan:SW1:eth1:20+access_vlan:SW2:eth1:20+access_vlan:SW2:eth2:10+trunk_remove:SW1:eth3:20+trunk_remove:SW2:eth3:10+trunk_remove:SW2:eth3:20,15090,15120,0.28184750000000003,-6.3,30,True,False,False,True,False,step_limit,0.009590287871348361,30,11,18,0,0,0,0,0,3,30,30,2.4658935454545463,0,7.566666666666666,0,0,0,0,0
1780,3813,access_vlan:SW1:eth2:10+trunk_remove:SW1:eth3:10+trunk_remove:SW1:eth3:20+trunk_remove:SW2:eth3:10,15120,15150,0.28042250000000013,-6.749999999999999,30,True,False,False,True,False,step_limit,0.008916217119743426,30,14,15,0,0,0,0,0,3,0,0,2.511815909090909,0,7.7,0,0,0,0,0
1781,3814,access_vlan:SW1:eth1:20+trunk_remove:SW1:eth3:20+trunk_remove:SW2:eth3:20,15150,15180,0.2789975,-5.25,30,True,False,False,True,False,step_limit,0.010493140450368326,30,5,25,0,0,0,0,0,2,0,0,2.6007705681818183,0,7.333333333333333,0,0,0,0,0
1782,3815,access_vlan:SW1:eth2:10+access_vlan:SW2:eth2:10+trunk_remove:SW2:eth3:10,15180,15210,0.2775725000000001,-6.150000000000002,30,True,False,False,True,False,step_limit,0.014745354016001026,30,9,19,0,0,0,0,0,2,0,0,3.0909997954545454,0,6.866666666666666,0,0,0,0,0
1783,3816,access_vlan:SW1:eth2:10+trunk_remove:SW1:eth3:10+trunk_remove:SW2:eth3:10+trunk_remove:SW2:eth3:20,15210,15240,0.2761475,-6.3,30,True,False,False,True,False,step_limit,0.013666459592059255,30,12,18,0,0,0,0,0,2,0,0,3.0274927272727274,0,6.966666666666667,0,0,0,0,0
1784,3817,access_vlan:SW1:eth1:20+access_vlan:SW1:eth2:10+access_vlan:SW2:eth1:20+trunk_remove:SW2:eth3:20,15240,15243,0.27600500000000006,9.35,3,True,False,True,False,True,recovery_success,0.013046126812696457,3,2,0,0,0,0,0,0,0,3,3,0.5119320454545455,0,4.0,0,0,0,0,0
1785,3818,access_vlan:SW2:eth2:10+trunk_remove:SW1:eth3:10,15243,15258,0.27529250000000005,-13.2,15,True,False,True,False,False,incorrect_declare_done,0.009921541235720118,15,7,7,0,0,0,0,0,2,2,2,1.5585738181818185,0,6.733333333333333,0,0,0,0,0
1786,3819,access_vlan:SW1:eth2:10+access_vlan:SW2:eth2:10+trunk_remove:SW1:eth3:10+trunk_remove:SW1:eth3:20+trunk_remove:SW2:eth3:10+trunk_remove:SW2:eth3:20,15258,15288,0.27386750000000004,-6.1499999999999995,30,True,False,False,True,False,step_limit,0.01176987470438083,30,9,19,0,0,0,0,0,2,0,0,3.0450784090909093,0,6.9,0,0,0,0,0
1787,3820,access_vlan:SW1:eth1:20+access_vlan:SW2:eth1:20+trunk_remove:SW1:eth3:10+trunk_remove:SW1:eth3:20+trunk_remove:SW2:eth3:10,15288,15307,0.272965,-14.1,19,True,False,True,False,False,incorrect_declare_done,0.0069121453102285926,19,9,9,0,0,0,0,0,2,17,17,1.5928429090909093,0,7.578947368421052,0,0,0,0,0
1788,3821,trunk_remove:SW1:eth3:10+trunk_remove:SW1:eth3:20+trunk_remove:SW2:eth3:20,15307,15313,0.27268000000000003,-11.100000000000001,6,True,False,True,False,False,incorrect_declare_done,0.005860282767874499,6,1,3,0,0,0,0,0,2,0,0,0.615037181818182,0,6.666666666666667,0,0,0,0,0
1789,3822,access_vlan:SW1:eth2:10+access_vlan:SW2:eth2:10+trunk_remove:SW1:eth3:20,15313,15328,0.27196750000000003,-13.399999999999999,15,True,False,True,False,False,incorrect_declare_done,0.014963281558205683,15,5,9,0,1,1,1,0,3,4,4,1.8367501363636365,1,6.0,0,0,1,0,0
1790,3823,access_vlan:SW1:eth2:10+trunk_remove:SW1:eth3:20+trunk_remove:SW2:eth3:10+trunk_remove:SW2:eth3:20,15328,15341,0.27135,-12.3,13,True,False,True,False,False,incorrect_declare_done,0.02019992771630104,13,2,9,0,0,0,0,0,3,0,0,1.0964798181818185,0,7.538461538461538,0,0,0,0,0
1791,3824,access_vlan:SW1:eth1:20+access_vlan:SW2:eth1:20+access_vlan:SW2:eth2:10+trunk_remove:SW2:eth3:10,15341,15345,0.27116000000000007,9.2,4,True,False,True,False,True,recovery_success,0.049900641897693276,4,2,1,0,0,0,0,0,0,3,3,0.7027042045454546,0,3.75,0,0,0,0,0
1792,3825,access_vlan:SW1:eth2:10+access_vlan:SW2:eth1:20+trunk_remove:SW1:eth3:10+trunk_remove:SW2:eth3:20,15345,15352,0.2708275000000001,-11.700000000000001,7,True,False,True,False,False,incorrect_declare_done,0.025972964375146797,7,5,1,0,0,0,0,0,3,0,0,0.34478886363636374,0,8.857142857142858,0,0,0,0,0
1793,3826,access_vlan:SW1:eth1:20+access_vlan:SW2:eth2:10+trunk_remove:SW1:eth3:10+trunk_remove:SW2:eth3:10+trunk_remove:SW2:eth3:20,15352,15360,0.27044750000000006,-11.700000000000001,8,True,False,True,False,False,incorrect_declare_done,0.012763820239342749,8,3,3,0,0,0,0,0,3,0,0,0.6149859090909091,0,7.75,0,0,0,0,0
1794,3827,trunk_remove:SW1:eth3:20+trunk_remove:SW2:eth3:10,15360,15368,0.2700675,-11.25,8,True,False,True,False,False,incorrect_declare_done,0.00960432959254831,8,1,6,0,0,0,0,0,1,1,1,1.2479212272727276,0,4.5,0,0,0,0,0
1795,3828,access_vlan:SW1:eth1:20+access_vlan:SW1:eth2:10+trunk_remove:SW1:eth3:20+trunk_remove:SW2:eth3:20,15368,15398,0.2686425,-6.0500000000000025,30,True,False,False,True,False,step_limit,0.030275144971286257,30,7,23,0,1,1,1,0,2,29,29,2.7664275000000003,1,7.2,0,0,1,0,0
1796,3829,access_vlan:SW2:eth1:20+access_vlan:SW2:eth2:10+trunk_remove:SW1:eth3:20+trunk_remove:SW2:eth3:10,15398,15424,0.2674075,-16.25,26,True,False,True,False,False,incorrect_declare_done,0.017634831458473436,26,11,12,0,1,1,1,0,1,3,3,3.0005776363636367,1,6.230769230769231,0,0,1,0,0
1797,3830,access_vlan:SW1:eth1:20+access_vlan:SW1:eth2:10+access_vlan:SW2:eth2:10+trunk_remove:SW1:eth3:10+trunk_remove:SW2:eth3:10,15424,15425,0.26736000000000004,-10.05,1,True,False,True,False,False,incorrect_declare_done,0.008793876506388187,1,0,0,0,0,0,0,0,3,1,1,0.08020800000000002,0,7.0,0,0,0,0,0
1798,3831,access_vlan:SW1:eth1:20+access_vlan:SW1:eth2:10+trunk_remove:SW1:eth3:20,15425,15449,0.26622,-15.350000000000001,24,True,False,True,False,False,incorrect_declare_done,0.026586740859784186,24,8,14,0,1,1,1,0,2,0,0,1.6020992045454547,1,8.208333333333334,0,0,1,0,0
1799,3832,access_vlan:SW1:eth2:10+trunk_remove:SW2:eth3:10,15449,15454,0.2659825000000001,-10.65,5,True,False,True,False,False,incorrect_declare_done,0.03909451365470886,5,0,4,0,0,0,0,0,3,0,0,0.5321550000000002,0,6.0,0,0,0,0,0
1800,3833,access_vlan:SW1:eth1:20+trunk_remove:SW1:eth3:10+trunk_remove:SW1:eth3:20+trunk_remove:SW2:eth3:10,15454,15478,0.2648425,-15.599999999999998,24,True,False,True,False,False,incorrect_declare_done,0.021547880858027686,24,13,9,0,0,0,0,0,3,0,0,1.9253321818181819,0,7.625,0,0,0,0,0
1801,3834,access_vlan:SW1:eth2:10+access_vlan:SW2:eth1:20+trunk_remove:SW1:eth3:20+trunk_remove:SW2:eth3:10,15478,15508,0.2634175000000001,-7.199999999999999,30,True,False,False,True,False,step_limit,0.014685752584288518,30,17,12,0,0,0,0,0,1,6,6,2.494664090909091,0,7.466666666666667,0,0,0,0,0
1802,3835,access_vlan:SW2:eth2:10+trunk_remove:SW1:eth3:10+trunk_remove:SW2:eth3:10+trunk_remove:SW2:eth3:20,15508,15526,0.26256250000000003,-13.65,18,True,False,True,False,False,incorrect_declare_done,0.01964536555007928,18,6,10,0,0,0,0,0,1,3,3,1.9668807727272726,0,6.388888888888889,0,0,0,0,0
1803,3836,access_vlan:SW2:eth1:20+access_vlan:SW2:eth2:10+trunk_remove:SW2:eth3:10,15526,15556,0.2611375,-6.949999999999998,30,True,False,False,True,False,step_limit,0.016840296083440384,30,12,17,0,1,1,1,0,2,0,0,3.096925590909091,1,6.633333333333334,0,0,1,0,0
1804,3837,access_vlan:SW1:eth1:20+access_vlan:SW1:eth2:10+access_vlan:SW2:eth1:20+access_vlan:SW2:eth2:10+trunk_remove:SW1:eth3:10+trunk_remove:SW1:eth3:20+trunk_remove:SW2:eth3:10,15556,15560,0.2609475,9.049999999999999,4,True,False,True,False,True,recovery_success,0.01079648407176137,4,3,0,0,0,0,0,0,0,4,4,0.6264173636363637,0,4.25,0,0,0,0,0
1805,3838,access_vlan:SW1:eth1:20+access_vlan:SW2:eth1:20+access_vlan:SW2:eth2:10+trunk_remove:SW1:eth3:10+trunk_remove:SW1:eth3:20+trunk_remove:SW2:eth3:10+trunk_remove:SW2:eth3:20,15560,15590,0.2595225000000001,-6.15,30,True,False,False,True,False,step_limit,0.01843991541924576,30,10,19,0,0,0,0,0,1,30,30,3.838371818181819,0,5.566666666666666,0,0,0,0,0
1806,3839,access_vlan:SW1:eth1:20+access_vlan:SW2:eth2:10+trunk_remove:SW1:eth3:10+trunk_remove:SW1:eth3:20,15590,15620,0.2580975,-6.300000000000001,30,True,False,False,True,False,step_limit,0.0142427688697353,30,11,18,0,0,0,0,0,1,2,2,2.5869297727272733,0,7.3,0,0,0,0,0
1807,3840,access_vlan:SW1:eth1:20+access_vlan:SW1:eth2:10+trunk_remove:SW1:eth3:10+trunk_remove:SW1:eth3:20+trunk_remove:SW2:eth3:10+trunk_remove:SW2:eth3:20,15620,15643,0.25700500000000004,-15.049999999999999,23,True,False,True,False,False,incorrect_declare_done,0.014141154070587261,23,7,14,0,1,1,1,0,2,0,0,1.708696363636364,1,7.739130434782608,0,0,1,0,0
1808,3841,access_vlan:SW1:eth1:20+access_vlan:SW2:eth2:10+trunk_remove:SW1:eth3:20+trunk_remove:SW2:eth3:20,15643,15673,0.25558000000000003,-6.3,30,True,False,False,True,False,step_limit,0.025668185530230404,30,11,18,0,0,0,0,0,3,0,0,2.18480240909091,0,7.766666666666667,0,0,0,0,0
1809,3842,access_vlan:SW1:eth2:10+trunk_remove:SW2:eth3:10,15673,15697,0.25444,5.9,24,True,False,True,False,True,recovery_success,0.007818762698055556,24,4,19,0,0,0,0,0,0,13,13,3.9023320909090913,0,3.8333333333333335,0,0,0,0,0
1810,3843,access_vlan:SW1:eth1:20+trunk_remove:SW1:eth3:10+trunk_remove:SW1:eth3:20+trunk_remove:SW2:eth3:10+trunk_remove:SW2:eth3:20,15697,15709,0.25387000000000004,-11.850000000000001,12,True,False,True,False,False,incorrect_declare_done,0.01709432698165377,12,1,10,0,0,0,0,0,3,0,0,0.9079487727272728,0,7.083333333333333,0,0,0,0,0
1811,3844,access_vlan:SW1:eth1:20+access_vlan:SW1:eth2:10+access_vlan:SW2:eth1:20+trunk_remove:SW1:eth3:10+trunk_remove:SW2:eth3:20,15709,15714,0.25363250000000004,8.899999999999999,5,True,False,True,False,True,recovery_success,0.009267981629818678,5,3,1,0,0,0,0,0,0,4,4,0.7703476363636366,0,4.2,0,0,0,0,0
1812,3845,access_vlan:SW1:eth2:10+trunk_remove:SW1:eth3:20,15714,15730,0.25287250000000006,-12.75,16,True,False,True,False,False,incorrect_declare_done,0.008766020779148676,16,3,12,0,0,0,0,0,3,0,0,1.8877570454545456,0,5.75,0,0,0,0,0
1813,3846,access_vlan:SW1:eth2:10+trunk_remove:SW1:eth3:20,15730,15735,0.25263500000000005,-10.950000000000001,5,True,False,True,False,False,incorrect_declare_done,0.009199247509241105,5,2,2,0,0,0,0,0,3,1,1,0.6088560227272729,0,5.4,0,0,0,0,0
1814,3847,trunk_remove:SW1:eth3:10+trunk_remove:SW1:eth3:20+trunk_remove:SW2:eth3:10+trunk_remove:SW2:eth3:20,15735,15765,0.25121000000000004,-5.55,30,True,False,False,True,False,step_limit,0.007892744902831813,30,6,23,0,0,0,0,0,2,0,0,2.784716000000001,0,6.866666666666666,0,0,0,0,0
1815,3848,access_vlan:SW1:eth2:10+access_vlan:SW2:eth1:20+access_vlan:SW2:eth2:10+trunk_remove:SW1:eth3:20+trunk_remove:SW2:eth3:10+trunk_remove:SW2:eth3:20,15765,15786,0.25021250000000006,-13.649999999999999,21,True,False,True,False,False,incorrect_declare_done,0.00730744678349722,21,4,16,0,0,0,0,0,1,21,21,2.994502727272728,0,4.714285714285714,0,0,0,0,0
1816,3849,access_vlan:SW1:eth2:10+trunk_remove:SW2:eth3:20,15786,15809,0.24912,-14.7,23,True,False,True,False,False,incorrect_declare_done,0.009762188642407242,23,8,13,0,0,0,0,0,3,3,3,2.6212700000000004,0,5.956521739130435,0,0,0,0,0
1817,3850,access_vlan:SW1:eth1:20+access_vlan:SW2:eth1:20+access_vlan:SW2:eth2:10+trunk_remove:SW2:eth3:10+trunk_remove:SW2:eth3:20,15809,15816,0.24878750000000005,-11.100000000000001,7,True,False,True,False,False,incorrect_declare_done,0.0133553414738604,7,1,5,0,0,0,0,0,3,7,7,0.6019942727272729,0,6.857142857142857,0,0,0,0,0
1818,3851,access_vlan:SW1:eth1:20,15816,15820,0.24859750000000003,-10.65,4,True,False,True,False,False,incorrect_declare_done,0.00808788975700736,4,1,2,0,0,0,0,0,3,0,0,0.48603761363636366,0,5.25,0,0,0,0,0
1819,3852,access_vlan:SW2:eth2:10+trunk_remove:SW1:eth3:10+trunk_remove:SW2:eth3:10+trunk_remove:SW2:eth3:20,15820,15840,0.24764750000000002,6.200000000000001,20,True,False,True,False,True,recovery_success,0.008785784197971224,20,5,13,0,0,0,0,0,0,8,8,2.561387181818182,0,5.25,0,0,0,0,0
1820,3853,access_vlan:SW1:eth1:20+access_vlan:SW1:eth2:10+access_vlan:SW2:eth2:10+trunk_remove:SW1:eth3:10,15840,15847,0.24731500000000006,-11.100000000000001,7,True,False,True,False,False,incorrect_declare_done,0.007875809512500252,7,1,5,0,0,0,0,0,3,7,7,0.6388954545454546,0,6.857142857142857,0,0,0,0,0
1821,3854,access_vlan:SW1:eth1:20+access_vlan:SW2:eth1:20+access_vlan:SW2:eth2:10+trunk_remove:SW1:eth3:10+trunk_remove:SW2:eth3:20,15847,15877,0.24589000000000005,-4.950000000000001,30,True,False,False,True,False,step_limit,0.009913755433323483,30,3,27,0,0,0,0,0,3,30,30,2.349755,0,7.466666666666667,0,0,0,0,0
1822,3855,access_vlan:SW1:eth1:20+trunk_remove:SW1:eth3:10,15877,15886,0.24546250000000003,-11.700000000000001,9,True,False,True,False,False,incorrect_declare_done,0.009651934133014746,9,2,5,0,0,0,0,0,3,4,4,1.0272892045454545,0,5.777777777777778,0,0,0,0,0
1823,3856,access_vlan:SW2:eth1:20+trunk_remove:SW1:eth3:10,15886,15900,0.2447975,-12.3,14,True,False,True,False,False,incorrect_declare_done,0.008285372817356671,14,2,11,0,0,0,0,0,1,3,3,1.838103636363637,0,5.071428571428571,0,0,0,0,0
1824,3857,access_vlan:SW1:eth1:20,15900,15907,0.24446500000000004,8.899999999999999,7,True,False,True,False,True,recovery_success,0.00793460024786847,7,1,5,0,0,0,0,0,0,7,7,1.3230588636363636,0,2.4285714285714284,0,0,0,0,0
1825,3858,access_vlan:SW1:eth1:20+access_vlan:SW1:eth2:10+access_vlan:SW2:eth1:20+access_vlan:SW2:eth2:10+trunk_remove:SW1:eth3:10+trunk_remove:SW1:eth3:20+trunk_remove:SW2:eth3:10,15907,15914,0.24413250000000009,8.299999999999999,7,True,False,True,False,True,recovery_success,0.010318086382799916,7,4,1,0,0,0,0,0,0,7,7,1.0747331363636365,0,4.0,0,0,0,0,0
1826,3859,access_vlan:SW1:eth1:20+access_vlan:SW1:eth2:10+access_vlan:SW2:eth2:10+trunk_remove:SW1:eth3:10+trunk_remove:SW1:eth3:20+trunk_remove:SW2:eth3:20,15914,15923,0.24370500000000006,-11.7,9,True,False,True,False,False,incorrect_declare_done,0.008708381714920202,9,3,5,0,0,0,0,0,1,9,9,1.1617951363636365,0,5.111111111111111,0,0,0,0,0
1827,3860,trunk_remove:SW1:eth3:20+trunk_remove:SW2:eth3:10,15923,15953,0.24228000000000005,-5.700000000000001,30,True,False,False,True,False,step_limit,0.006089784352419277,30,7,22,0,0,0,0,0,1,5,5,3.254841181818182,0,6.066666666666666,0,0,0,0,0
1828,3861,access_vlan:SW1:eth1:20+access_vlan:SW1:eth2:10+trunk_remove:SW1:eth3:10+trunk_remove:SW1:eth3:20+trunk_remove:SW2:eth3:20,15953,15966,0.2416625,-13.25,13,True,False,True,False,False,incorrect_declare_done,0.004826403670729353,13,6,6,0,1,1,1,0,3,9,9,0.7520947045454546,1,8.23076923076923,0,0,1,0,0
1829,3862,access_vlan:SW1:eth2:10+access_vlan:SW2:eth1:20+access_vlan:SW2:eth2:10+trunk_remove:SW1:eth3:10+trunk_remove:SW2:eth3:10+trunk_remove:SW2:eth3:20,15966,15996,0.2402375000000001,-5.100000000000001,30,True,False,False,True,False,step_limit,0.009011567616835237,30,3,26,0,0,0,0,0,1,30,30,2.6160256818181824,0,6.9,0,0,0,0,0
1830,3863,access_vlan:SW1:eth2:10+trunk_remove:SW1:eth3:10+trunk_remove:SW2:eth3:10+trunk_remove:SW2:eth3:20,15996,16004,0.23985750000000006,-11.25,8,True,False,True,False,False,incorrect_declare_done,0.012145473127020523,8,1,6,0,0,0,0,0,3,0,0,0.5498829545454545,0,7.5,0,0,0,0,0
1831,3864,access_vlan:SW1:eth1:20+access_vlan:SW2:eth2:10+trunk_remove:SW1:eth3:10+trunk_remove:SW1:eth3:20+trunk_remove:SW2:eth3:10,16004,16029,0.23867000000000005,-14.700000000000001,25,True,False,True,False,False,incorrect_declare_done,0.005959251271560788,25,7,17,0,0,0,0,0,2,0,0,2.0652740909090914,0,7.16,0,0,0,0,0
1832,3865,access_vlan:SW1:eth2:10+trunk_remove:SW1:eth3:10+trunk_remove:SW1:eth3:20,16029,16045,0.23791000000000007,-13.35,16,True,False,True,False,False,incorrect_declare_done,0.004322665539802983,16,7,8,0,0,0,0,0,2,0,0,1.2866010454545456,0,7.25,0,0,0,0,0
1833,3866,access_vlan:SW1:eth1:20+access_vlan:SW1:eth2:10+access_vlan:SW2:eth1:20+trunk_remove:SW1:eth3:20+trunk_remove:SW2:eth3:10+trunk_remove:SW2:eth3:20,16045,16050,0.23767250000000006,-10.8,5,True,False,True,False,False,incorrect_declare_done,0.004262250615283847,5,1,3,0,0,0,0,0,3,5,5,0.34368600000000005,0,7.4,0,0,0,0,0
1834,3867,access_vlan:SW1:eth2:10+access_vlan:SW2:eth1:20+trunk_remove:SW1:eth3:10+trunk_remove:SW2:eth3:10,16050,16080,0.23624749999999994,-5.85,30,True,False,False,True,False,step_limit,0.00423815012909472,30,9,21,0,0,0,0,0,3,0,0,1.6408897727272727,0,8.166666666666666,0,0,0,0,0
1835,3868,trunk_remove:SW2:eth3:10,16080,16083,0.236105,9.5,3,True,False,True,False,True,recovery_success,0.00476146776539584,3,1,1,0,0,0,0,0,0,2,2,0.5281125,0,2.6666666666666665,0,0,0,0,0
1836,3869,access_vlan:SW1:eth1:20+access_vlan:SW1:eth2:10+trunk_remove:SW2:eth3:10+trunk_remove:SW2:eth3:20,16083,16113,0.23468,-5.900000000000001,30,True,False,False,True,False,step_limit,0.005306770970734457,30,6,24,0,1,1,1,0,2,23,23,2.1477203181818183,1,7.466666666666667,0,0,1,0,0
1837,3870,access_vlan:SW1:eth1:20+access_vlan:SW1:eth2:10+trunk_remove:SW2:eth3:20,16113,16136,0.23358750000000006,-14.900000000000002,23,True,False,True,False,False,incorrect_declare_done,0.004870719367476261,23,7,15,0,1,1,1,0,3,16,16,2.242676090909091,1,6.260869565217392,0,0,1,0,0
1838,3871,access_vlan:SW1:eth2:10+access_vlan:SW2:eth2:10+trunk_remove:SW1:eth3:10+trunk_remove:SW1:eth3:20,16136,16166,0.23216250000000005,-16.049999999999997,30,True,False,True,False,False,incorrect_declare_done,0.004501471171776453,30,10,18,0,0,0,0,0,2,0,0,2.4363151363636373,0,7.133333333333334,0,0,0,0,0
1839,3872,access_vlan:SW1:eth2:10+access_vlan:SW2:eth1:20+trunk_remove:SW1:eth3:10+trunk_remove:SW2:eth3:10,16166,16169,0.23202,-10.350000000000001,3,True,False,True,False,False,incorrect_declare_done,0.0050279787586381035,3,0,2,0,0,0,0,0,4,0,0,0.13924050000000002,0,8.0,0,0,0,0,0
1840,3873,access_vlan:SW2:eth2:10+trunk_remove:SW1:eth3:10+trunk_remove:SW2:eth3:20,16169,16193,0.23088000000000009,-14.1,24,True,False,True,False,False,incorrect_declare_done,0.004114727654571955,24,3,19,0,0,0,0,0,3,0,0,2.112409681818181,0,6.416666666666667,0,0,0,0,0
1841,3874,access_vlan:SW1:eth1:20+access_vlan:SW2:eth1:20+trunk_remove:SW1:eth3:10,16193,16214,0.2298825000000001,-14.45,21,True,False,True,False,False,incorrect_declare_done,0.004330217888179634,21,6,14,0,1,1,1,0,3,4,4,2.1190558181818187,1,6.142857142857143,0,0,1,0,0
1842,3875,access_vlan:SW1:eth1:20+access_vlan:SW2:eth1:20+access_vlan:SW2:eth2:10+trunk_remove:SW1:eth3:10+trunk_remove:SW2:eth3:10+trunk_remove:SW2:eth3:20,16214,16241,0.22860000000000003,-15.000000000000002,27,True,False,True,False,False,incorrect_declare_done,0.005337493968437667,27,6,19,0,0,0,0,0,3,27,27,2.109187045454546,0,7.074074074074074,0,0,0,0,0
1843,3876,trunk_remove:SW1:eth3:20+trunk_remove:SW2:eth3:20,16241,16247,0.22831500000000005,-10.950000000000001,6,True,False,True,False,False,incorrect_declare_done,0.006462899036705494,6,1,4,0,0,0,0,0,1,0,0,0.7974518181818181,0,4.333333333333333,0,0,0,0,0
1844,3877,access_vlan:SW2:eth1:20+access_vlan:SW2:eth2:10+trunk_remove:SW1:eth3:20+trunk_remove:SW2:eth3:20,16247,16277,0.22689000000000004,-5.450000000000001,30,True,False,False,True,False,step_limit,0.005533316607276599,30,3,27,0,1,1,1,0,2,0,0,1.6940909090909093,1,7.833333333333333,0,0,1,0,0
1845,3878,access_vlan:SW1:eth1:20+access_vlan:SW1:eth2:10+access_vlan:SW2:eth1:20+trunk_remove:SW1:eth3:20+trunk_remove:SW2:eth3:20,16277,16287,0.22641500000000003,8.149999999999999,10,True,False,True,False,True,recovery_success,0.005228013545274734,10,3,6,0,0,0,0,0,0,10,10,1.3246070681818183,0,4.5,0,0,0,0,0
1846,3879,access_vlan:SW1:eth1:20+access_vlan:SW2:eth1:20+access_vlan:SW2:eth2:10+trunk_remove:SW1:eth3:10+trunk_remove:SW1:eth3:20,16287,16293,0.22613000000000005,8.75,6,True,False,True,False,True,recovery_success,0.007488977629691362,6,3,2,0,0,0,0,0,0,6,6,0.8925742727272727,0,3.6666666666666665,0,0,0,0,0
1847,3880,access_vlan:SW2:eth1:20+access_vlan:SW2:eth2:10+trunk_remove:SW2:eth3:20,16293,16323,0.22470500000000004,-5.750000000000001,30,True,False,False,True,False,step_limit,0.006253455327047656,30,5,25,0,1,1,1,0,0,26,26,3.9766891590909097,1,4.5,0,0,1,0,0
1848,3881,access_vlan:SW1:eth1:20+access_vlan:SW1:eth2:10+access_vlan:SW2:eth1:20+access_vlan:SW2:eth2:10+trunk_remove:SW1:eth3:10+trunk_remove:SW1:eth3:20+trunk_remove:SW2:eth3:10,16323,16353,0.22328000000000003,-5.850000000000001,30,True,False,False,True,False,step_limit,0.004987085598986596,30,7,21,0,0,0,0,0,1,30,30,3.836050727272728,0,4.7,0,0,0,0,0
1849,3882,access_vlan:SW1:eth1:20+access_vlan:SW1:eth2:10+access_vlan:SW2:eth2:10+trunk_remove:SW2:eth3:10,16353,16359,0.22299500000000005,-10.950000000000001,6,True,False,True,False,False,incorrect_declare_done,0.0037491171776006618,6,1,4,0,0,0,0,0,1,6,6,0.7991248181818185,0,4.333333333333333,0,0,0,0,0
1850,3883,access_vlan:SW1:eth1:20+access_vlan:SW1:eth2:10+access_vlan:SW2:eth1:20+trunk_remove:SW1:eth3:10+trunk_remove:SW2:eth3:20,16359,16381,0.2219500000000001,-14.25,22,True,False,True,False,False,incorrect_declare_done,0.004199553619731556,22,6,14,0,0,0,0,0,3,22,22,1.500793863636364,0,7.545454545454546,0,0,0,0,0
1851,3884,access_vlan:SW1:eth1:20+trunk_remove:SW1:eth3:20,16381,16411,0.22052500000000008,-5.100000000000001,30,True,False,False,True,False,step_limit,0.005979275637461493,30,4,26,0,0,0,0,0,1,8,8,3.5470875909090918,0,5.1,0,0,0,0,0
1852,3885,access_vlan:SW2:eth2:10+trunk_remove:SW1:eth3:10+trunk_remove:SW2:eth3:10+trunk_remove:SW2:eth3:20,16411,16432,0.2195275,-13.799999999999999,21,True,False,True,False,False,incorrect_declare_done,0.009127806339945112,21,5,15,0,0,0,0,0,3,0,0,1.4219630454545455,0,7.380952380952381,0,0,0,0,0
1853,3886,access_vlan:SW2:eth1:20+access_vlan:SW2:eth2:10+trunk_remove:SW1:eth3:20,16432,16451,0.21862500000000007,-13.85,19,True,False,True,False,False,incorrect_declare_done,0.005926538920520167,19,4,14,0,1,1,1,0,1,3,3,2.3115198181818184,1,4.842105263157895,0,0,1,0,0
1854,3887,trunk_remove:SW2:eth3:20,16451,16481,0.21720000000000006,-4.950000000000001,30,True,False,False,True,False,step_limit,0.004186715713391701,30,3,27,0,0,0,0,0,1,17,17,3.744016363636364,0,4.5,0,0,0,0,0
1855,3888,access_vlan:SW1:eth1:20+access_vlan:SW1:eth2:10+trunk_remove:SW1:eth3:10+trunk_remove:SW2:eth3:20,16481,16490,0.21677250000000003,-12.350000000000001,9,True,False,True,False,False,incorrect_declare_done,0.00610119787355264,9,3,4,0,1,1,1,0,3,4,4,0.4614451363636364,1,8.222222222222221,0,0,1,0,0
1856,3889,access_vlan:SW1:eth2:10+trunk_remove:SW1:eth3:10+trunk_remove:SW1:eth3:20+trunk_remove:SW2:eth3:10+trunk_remove:SW2:eth3:20,16490,16507,0.21596499999999996,-12.6,17,True,False,True,False,False,incorrect_declare_done,0.00502643095986808,17,1,15,0,0,0,0,0,3,0,0,1.323613863636364,0,7.0,0,0,0,0,0
1857,3890,access_vlan:SW1:eth2:10+access_vlan:SW2:eth1:20,16507,16527,0.21501499999999996,-14.1,20,True,False,True,False,False,incorrect_declare_done,0.006671702407766133,20,6,11,0,0,0,0,0,3,0,0,0.9717693636363638,0,8.4,0,0,0,0,0
1858,3891,access_vlan:SW1:eth1:20+access_vlan:SW2:eth1:20+trunk_remove:SW1:eth3:10+trunk_remove:SW2:eth3:10+trunk_remove:SW2:eth3:20,16527,16557,0.21359000000000006,-5.400000000000001,30,True,False,False,True,False,step_limit,0.01957670394331217,30,6,24,0,0,0,0,0,2,0,0,2.0950067500000005,0,7.233333333333333,0,0,0,0,0
1859,3892,access_vlan:SW2:eth1:20+access_vlan:SW2:eth2:10+trunk_remove:SW1:eth3:10+trunk_remove:SW2:eth3:10,16557,16563,0.21330500000000008,-11.9,6,True,False,True,False,False,incorrect_declare_done,0.018758151525010664,6,4,1,0,1,1,1,0,2,0,0,0.38798704545454565,1,7.5,0,0,1,0,0
1860,3893,access_vlan:SW1:eth2:10+trunk_remove:SW1:eth3:10,16563,16587,0.21216500000000005,-14.399999999999999,24,True,False,True,False,False,incorrect_declare_done,0.029482630391915638,24,6,17,0,0,0,0,0,2,0,0,1.7714945909090911,0,7.083333333333333,0,0,0,0,0
1861,3894,access_vlan:SW1:eth1:20+trunk_remove:SW1:eth3:20+trunk_remove:SW2:eth3:20,16587,16617,0.21074000000000004,-5.8500000000000005,30,True,False,False,True,False,step_limit,0.013459131602818768,30,8,21,0,0,0,0,0,0,12,12,3.715236613636364,0,4.533333333333333,0,0,0,0,0
1862,3895,access_vlan:SW1:eth1:20+access_vlan:SW1:eth2:10+access_vlan:SW2:eth2:10+trunk_remove:SW1:eth3:20,16617,16620,0.2105975000000001,9.35,3,True,False,True,False,True,recovery_success,0.00742559228092432,3,2,0,0,0,0,0,0,0,3,3,0.41170011363636383,0,3.6666666666666665,0,0,0,0,0
1863,3896,access_vlan:SW2:eth1:20+trunk_remove:SW1:eth3:10+trunk_remove:SW2:eth3:10+trunk_remove:SW2:eth3:20,16620,16625,0.21036,-10.8,5,True,False,True,False,False,incorrect_declare_done,0.003770841704681516,5,1,3,0,0,0,0,0,3,0,0,0.4056093636363637,0,6.4,0,0,0,0,0
1864,3897,access_vlan:SW1:eth1:20+access_vlan:SW2:eth1:20+access_vlan:SW2:eth2:10+trunk_remove:SW2:eth3:10+trunk_remove:SW2:eth3:20,16625,16655,0.2089350000000001,-5.700000000000001,30,True,False,False,True,False,step_limit,0.005631172152546545,30,7,22,0,0,0,0,0,2,30,30,2.2297713181818186,0,6.9,0,0,0,0,0
1865,3898,access_vlan:SW2:eth1:20+access_vlan:SW2:eth2:10+trunk_remove:SW1:eth3:10+trunk_remove:SW1:eth3:20,16655,16671,0.208175,-13.1,16,True,False,True,False,False,incorrect_declare_done,0.004971039539668709,16,2,13,0,1,1,1,0,3,8,8,0.9172861818181819,1,7.625,0,0,1,0,0
1866,3899,access_vlan:SW1:eth1:20+trunk_remove:SW2:eth3:10+trunk_remove:SW2:eth3:20,16671,16701,0.2067500000000001,-6.1499999999999995,30,True,False,False,True,False,step_limit,0.0052276871322343745,30,11,19,0,0,0,0,0,1,0,0,2.5790720909090914,0,6.4,0,0,0,0,0
1867,3900,access_vlan:SW1:eth1:20+access_vlan:SW1:eth2:10+access_vlan:SW2:eth1:20+trunk_remove:SW1:eth3:20,16701,16724,0.20565750000000005,-13.95,23,True,False,True,False,False,incorrect_declare_done,0.0059168170530187044,23,3,18,0,0,0,0,0,1,23,23,2.5033561363636374,0,5.086956521739131,0,0,0,0,0
1868,3901,access_vlan:SW1:eth1:20+trunk_remove:SW1:eth3:10+trunk_remove:SW1:eth3:20,16724,16754,0.20423250000000004,-5.85,30,True,False,False,True,False,step_limit,0.004077508545015008,30,8,21,0,0,0,0,0,1,0,0,1.9037652272727275,0,7.533333333333333,0,0,0,0,0
1869,3902,access_vlan:SW1:eth2:10+access_vlan:SW2:eth1:20+access_vlan:SW2:eth2:10+trunk_remove:SW1:eth3:10+trunk_remove:SW2:eth3:10+trunk_remove:SW2:eth3:20,16754,16762,0.2038525000000001,-11.25,8,True,False,True,False,False,incorrect_declare_done,0.0038970527530182153,8,1,6,0,0,0,0,0,3,8,8,0.5805155000000002,0,7.0,0,0,0,0,0
1870,3903,access_vlan:SW1:eth1:20+access_vlan:SW2:eth1:20+access_vlan:SW2:eth2:10+trunk_remove:SW1:eth3:10+trunk_remove:SW2:eth3:20,16762,16792,0.20242749999999998,-5.250000000000001,30,True,False,False,True,False,step_limit,0.0044603105401620265,30,4,25,0,0,0,0,0,3,30,30,1.7433563181818184,0,7.833333333333333,0,0,0,0,0
1871,3904,access_vlan:SW1:eth1:20+access_vlan:SW2:eth1:20+access_vlan:SW2:eth2:10+trunk_remove:SW1:eth3:10+trunk_remove:SW2:eth3:20,16792,16822,0.20100250000000008,-5.550000000000002,30,True,False,False,True,False,step_limit,0.007038749746667842,30,7,23,0,0,0,0,0,1,30,30,2.5221614999999997,0,6.333333333333333,0,0,0,0,0
1872,3905,access_vlan:SW1:eth1:20+access_vlan:SW2:eth1:20+trunk_remove:SW1:eth3:20+trunk_remove:SW2:eth3:10,16822,16852,0.19957749999999996,-5.700000000000001,30,True,False,False,True,False,step_limit,0.006713812099769711,30,7,22,0,0,0,0,0,1,24,24,2.258812159090909,0,6.8,0,0,0,0,0
1873,3906,access_vlan:SW1:eth1:20,16852,16861,0.19915000000000005,8.6,9,True,False,True,False,True,recovery_success,0.005690007263587581,9,1,7,0,0,0,0,0,0,2,2,1.023776931818182,0,4.333333333333333,0,0,0,0,0
1874,3907,access_vlan:SW2:eth2:10+trunk_remove:SW1:eth3:10,16861,16891,0.19772500000000004,-5.399999999999999,30,True,False,False,True,False,step_limit,0.006981553389535596,30,5,24,0,0,0,0,0,1,1,1,3.0221575000000005,0,5.133333333333334,0,0,0,0,0
1875,3908,access_vlan:SW2:eth2:10+trunk_remove:SW1:eth3:10+trunk_remove:SW2:eth3:10,16891,16921,0.19630000000000003,-5.249999999999999,30,True,False,False,True,False,step_limit,0.010712233581580221,30,5,25,0,0,0,0,0,3,0,0,2.0035572272727276,0,7.2,0,0,0,0,0
1876,3909,access_vlan:SW1:eth1:20+access_vlan:SW2:eth2:10+trunk_remove:SW2:eth3:10,16921,16945,0.1951600000000001,-14.850000000000001,24,True,False,True,False,False,incorrect_declare_done,0.009401564399013296,24,9,14,0,0,0,0,0,2,0,0,1.4263207272727274,0,7.625,0,0,0,0,0
1877,3910,access_vlan:SW1:eth2:10+trunk_remove:SW1:eth3:10+trunk_remove:SW1:eth3:20+trunk_remove:SW2:eth3:10,16945,16948,0.19501749999999995,-10.350000000000001,3,True,False,True,False,False,incorrect_declare_done,0.008813387636716167,3,0,2,0,0,0,0,0,3,0,0,0.1755585,0,7.0,0,0,0,0,0
1878,3911,trunk_remove:SW1:eth3:10+trunk_remove:SW1:eth3:20+trunk_remove:SW2:eth3:10,16948,16949,0.19496999999999998,-10.05,1,True,False,True,False,False,incorrect_declare_done,0.00851115770637989,1,0,0,0,0,0,0,0,2,0,0,0.07798799999999999,0,6.0,0,0,0,0,0
1879,3912,access_vlan:SW2:eth1:20+trunk_remove:SW1:eth3:10,16949,16952,0.19482750000000004,-10.350000000000001,3,True,False,True,False,False,incorrect_declare_done,0.043824177235364914,3,0,2,0,0,0,0,0,3,0,0,0.29231250000000003,0,5.0,0,0,0,0,0
1880,3913,access_vlan:SW1:eth1:20+trunk_remove:SW1:eth3:10+trunk_remove:SW2:eth3:10,16952,16982,0.19340250000000003,-14.55,30,True,False,True,False,False,incorrect_declare_done,0.01576966216477255,30,1,28,0,0,0,0,0,1,1,1,3.493072500000001,0,4.266666666666667,0,0,0,0,0
1881,3914,access_vlan:SW1:eth2:10+access_vlan:SW2:eth2:10+trunk_remove:SW1:eth3:10,16982,17012,0.19197750000000002,-6.449999999999999,30,True,False,False,True,False,step_limit,0.010071876070772609,30,12,17,0,0,0,0,0,2,0,0,1.5654957727272731,0,7.9,0,0,0,0,0
1882,3915,access_vlan:SW1:eth1:20+access_vlan:SW2:eth1:20+access_vlan:SW2:eth2:10+trunk_remove:SW1:eth3:10,17012,17042,0.1905525,-5.700000000000002,30,True,False,False,True,False,step_limit,0.00846438699712356,30,8,22,0,0,0,0,0,1,30,30,2.972405340909091,0,5.266666666666667,0,0,0,0,0
1883,3916,access_vlan:SW2:eth2:10+trunk_remove:SW2:eth3:10,17042,17044,0.19045750000000006,-10.200000000000001,2,True,False,True,False,False,incorrect_declare_done,0.0055039566941559315,2,0,1,0,0,0,0,0,3,0,0,0.15238500000000005,0,6.0,0,0,0,0,0
1884,3917,access_vlan:SW1:eth1:20+access_vlan:SW2:eth2:10+trunk_remove:SW1:eth3:10+trunk_remove:SW2:eth3:20,17044,17058,0.18979250000000003,-13.2,14,True,False,True,False,False,incorrect_declare_done,0.005702077327961368,14,8,5,0,0,0,0,0,3,9,9,0.6737038636363637,0,8.142857142857142,0,0,0,0,0
1885,3918,access_vlan:SW2:eth1:20+trunk_remove:SW1:eth3:10+trunk_remove:SW2:eth3:10+trunk_remove:SW2:eth3:20,17058,17080,0.18874750000000007,-14.1,22,True,False,True,False,False,incorrect_declare_done,0.004847755570980636,22,6,15,0,0,0,0,0,2,0,0,1.3658139090909092,0,7.363636363636363,0,0,0,0,0
1886,3919,access_vlan:SW2:eth1:20+trunk_remove:SW1:eth3:10+trunk_remove:SW1:eth3:20+trunk_remove:SW2:eth3:20,17080,17110,0.18732249999999995,-5.100000000000001,30,True,False,False,True,False,step_limit,0.005254066778191676,30,4,26,0,0,0,0,0,2,0,0,2.055206590909091,0,6.966666666666667,0,0,0,0,0
1887,3920,access_vlan:SW1:eth2:10+access_vlan:SW2:eth1:20+access_vlan:SW2:eth2:10+trunk_remove:SW1:eth3:20+trunk_remove:SW2:eth3:10,17110,17140,0.18589750000000005,-6.6,30,True,False,False,True,False,step_limit,0.004334078007377684,30,14,16,0,0,0,0,0,3,30,30,1.7541625000000003,0,7.533333333333333,0,0,0,0,0
1888,3921,access_vlan:SW1:eth2:10+trunk_remove:SW1:eth3:20+trunk_remove:SW2:eth3:10+trunk_remove:SW2:eth3:20,17140,17142,0.1858025000000001,-10.350000000000001,2,True,False,True,False,False,incorrect_declare_done,0.0024171171244233847,2,1,0,0,0,0,0,0,3,0,0,0.12501340909090913,0,7.0,0,0,0,0,0
1889,3922,access_vlan:SW1:eth1:20+access_vlan:SW1:eth2:10+access_vlan:SW2:eth2:10+trunk_remove:SW1:eth3:10,17142,17155,0.18518500000000004,7.85,13,True,False,True,False,True,recovery_success,0.0038556133737214482,13,2,10,0,0,0,0,0,0,13,13,1.8275256363636367,0,2.6153846153846154,0,0,0,0,0
1890,3923,access_vlan:SW1:eth1:20+access_vlan:SW1:eth2:10+access_vlan:SW2:eth1:20+access_vlan:SW2:eth2:10+trunk_remove:SW1:eth3:20+trunk_remove:SW2:eth3:10,17155,17160,0.18494750000000004,9.049999999999999,5,True,False,True,False,True,recovery_success,0.004640108067542314,5,2,2,0,0,0,0,0,0,5,5,0.5786386363636364,0,4.0,0,0,0,0,0
1891,3924,access_vlan:SW1:eth1:20+access_vlan:SW1:eth2:10+access_vlan:SW2:eth2:10+trunk_remove:SW2:eth3:10,17160,17184,0.1838075,-13.649999999999999,24,True,False,True,False,False,incorrect_declare_done,0.0045882819637578605,24,1,22,0,0,0,0,0,1,24,24,2.7718809090909096,0,4.083333333333333,0,0,0,0,0
1892,3925,access_vlan:SW1:eth1:20+access_vlan:SW2:eth1:20+trunk_remove:SW1:eth3:10+trunk_remove:SW1:eth3:20+trunk_remove:SW2:eth3:10,17184,17195,0.18328500000000003,-12.15,11,True,False,True,False,False,incorrect_declare_done,0.007397371831096031,11,4,6,0,0,0,0,0,3,10,10,0.5856187272727273,0,7.7272727272727275,0,0,0,0,0
1893,3926,access_vlan:SW1:eth1:20+access_vlan:SW1:eth2:10+access_vlan:SW2:eth2:10,17195,17210,0.18257250000000003,-12.75,15,True,False,True,False,False,incorrect_declare_done,0.011391843824336926,15,4,10,0,0,0,0,0,3,14,14,1.2554085227272729,0,5.933333333333334,0,0,0,0,0
1894,3927,access_vlan:SW1:eth1:20+access_vlan:SW1:eth2:10+access_vlan:SW2:eth1:20+access_vlan:SW2:eth2:10,17210,17223,0.1819550000000001,8.149999999999999,13,True,False,True,False,True,recovery_success,0.012863330793781923,13,0,12,0,0,0,0,0,0,9,9,1.8952959999999999,0,2.0,0,0,0,0,0
1895,3928,access_vlan:SW2:eth1:20+access_vlan:SW2:eth2:10+trunk_remove:SW1:eth3:20+trunk_remove:SW2:eth3:10,17223,17253,0.18052999999999997,-6.800000000000002,30,True,False,False,True,False,step_limit,0.015479982527904213,30,12,18,0,1,1,1,0,2,0,0,1.798029454545455,1,7.333333333333333,0,0,1,0,0
1896,3929,access_vlan:SW1:eth1:20+access_vlan:SW2:eth1:20+access_vlan:SW2:eth2:10+trunk_remove:SW1:eth3:10+trunk_remove:SW1:eth3:20,17253,17283,0.17910500000000007,-5.550000000000001,30,True,False,False,True,False,step_limit,0.011272107615756493,30,6,23,0,0,0,0,0,1,30,30,3.1768448181818187,0,4.5,0,0,0,0,0
1897,3930,access_vlan:SW1:eth1:20+access_vlan:SW1:eth2:10+access_vlan:SW2:eth2:10+trunk_remove:SW2:eth3:20,17283,17288,0.17886750000000007,-11.100000000000001,5,True,False,True,False,False,incorrect_declare_done,0.026751164719462393,5,2,1,0,0,0,0,0,3,4,4,0.414871931818182,0,5.8,0,0,0,0,0
1898,3931,access_vlan:SW1:eth1:20+access_vlan:SW2:eth1:20+access_vlan:SW2:eth2:10+trunk_remove:SW1:eth3:10+trunk_remove:SW1:eth3:20+trunk_remove:SW2:eth3:10,17288,17318,0.17744250000000006,-6.750000000000001,30,True,False,False,True,False,step_limit,0.015062156195441882,30,9,15,0,0,0,0,0,3,30,30,1.5709962727272733,0,7.666666666666667,0,0,0,0,0
1899,3932,access_vlan:SW1:eth1:20+access_vlan:SW1:eth2:10+access_vlan:SW2:eth1:20+access_vlan:SW2:eth2:10+trunk_remove:SW1:eth3:20+trunk_remove:SW2:eth3:20,17318,17332,0.17677750000000003,-12.600000000000001,14,True,False,True,False,False,incorrect_declare_done,0.008400691839467202,14,3,9,0,0,0,0,0,1,14,14,1.3716368181818184,0,4.857142857142857,0,0,0,0,0
1900,3933,access_vlan:SW1:eth2:10+access_vlan:SW2:eth1:20+trunk_remove:SW1:eth3:10+trunk_remove:SW2:eth3:10,17332,17354,0.17573249999999996,-14.25,22,True,False,True,False,False,incorrect_declare_done,0.004532917635515332,22,5,14,0,0,0,0,0,3,0,0,0.6110923636363638,0,9.227272727272727,0,0,0,0,0
1901,3934,trunk_remove:SW2:eth3:10,17354,17360,0.1754475000000001,-10.950000000000001,6,True,False,True,False,False,incorrect_declare_done,0.003248558263294399,6,1,4,0,0,0,0,0,1,1,1,0.5841632727272729,0,4.833333333333333,0,0,0,0,0
1902,3935,access_vlan:SW2:eth2:10+trunk_remove:SW2:eth3:10,17360,17390,0.17402250000000008,-6.600000000000001,30,True,False,False,True,False,step_limit,0.003641179599799216,30,11,16,0,0,0,0,0,1,12,12,2.4031390909090917,0,5.933333333333334,0,0,0,0,0
1903,3936,access_vlan:SW1:eth1:20+access_vlan:SW2:eth1:20+access_vlan:SW2:eth2:10+trunk_remove:SW1:eth3:10,17390,17393,0.17388000000000003,-10.5,3,True,False,True,False,False,incorrect_declare_done,0.003818700167660912,3,1,1,0,0,0,0,0,1,3,3,0.3083195454545455,0,4.333333333333333,0,0,0,0,0
1904,3937,access_vlan:SW1:eth1:20+access_vlan:SW2:eth1:20+trunk_remove:SW1:eth3:20,17393,17423,0.17245500000000002,-5.850000000000003,30,True,False,False,True,False,step_limit,0.0052620216505602,30,9,21,0,0,0,0,0,2,27,27,1.7316877954545453,0,7.3,0,0,0,0,0
1905,3938,access_vlan:SW1:eth1:20+access_vlan:SW1:eth2:10+access_vlan:SW2:eth2:10+trunk_remove:SW1:eth3:10+trunk_remove:SW2:eth3:10+trunk_remove:SW2:eth3:20,17423,17435,0.17188499999999995,7.7,12,True,False,True,False,True,recovery_success,0.005060824943939224,12,4,7,0,0,0,0,0,0,12,12,1.2094990681818185,0,4.5,0,0,0,0,0
1906,3939,access_vlan:SW1:eth2:10+trunk_remove:SW2:eth3:10,17435,17465,0.17046000000000006,-5.850000000000001,30,True,False,False,True,False,step_limit,0.017142384421701233,30,8,21,0,0,0,0,0,3,0,0,1.4595387272727276,0,7.833333333333333,0,0,0,0,0
1907,3940,access_vlan:SW1:eth1:20+access_vlan:SW2:eth1:20+access_vlan:SW2:eth2:10+trunk_remove:SW1:eth3:20+trunk_remove:SW2:eth3:10,17465,17495,0.16903500000000005,-5.4,30,True,False,False,True,False,step_limit,0.015312864693502586,30,6,24,0,0,0,0,0,3,30,30,1.4258254545454547,0,7.9,0,0,0,0,0
1908,3941,access_vlan:SW1:eth1:20+access_vlan:SW1:eth2:10+access_vlan:SW2:eth1:20+trunk_remove:SW1:eth3:10,17495,17525,0.16761000000000004,-6.150000000000001,30,True,False,False,True,False,step_limit,0.007972774414035181,30,9,19,0,0,0,0,0,3,28,28,2.3180137500000004,0,5.9,0,0,0,0,0
1909,3942,access_vlan:SW1:eth1:20+trunk_remove:SW1:eth3:20,17525,17555,0.16618500000000003,-5.999999999999999,30,True,False,False,True,False,step_limit,0.024436154581295947,30,7,20,0,0,0,0,0,2,0,0,1.4835414545454548,0,7.7,0,0,0,0,0
1910,3943,access_vlan:SW1:eth2:10+access_vlan:SW2:eth1:20+trunk_remove:SW1:eth3:10+trunk_remove:SW2:eth3:20,17555,17569,0.1655200000000001,-12.9,14,True,False,True,False,False,incorrect_declare_done,0.018580815023077384,14,6,7,0,0,0,0,0,3,0,0,0.40663909090909106,0,9.0,0,0,0,0,0
1911,3944,access_vlan:SW2:eth1:20+access_vlan:SW2:eth2:10+trunk_remove:SW1:eth3:10+trunk_remove:SW1:eth3:20,17569,17580,0.16499750000000002,-12.65,11,True,False,True,False,False,incorrect_declare_done,0.007256154161454601,11,4,6,0,1,1,1,0,3,10,10,0.5737901818181819,1,7.454545454545454,0,0,1,0,0
1912,3945,access_vlan:SW1:eth2:10+access_vlan:SW2:eth1:20+access_vlan:SW2:eth2:10+trunk_remove:SW2:eth3:10,17580,17583,0.16485500000000008,-10.350000000000001,3,True,False,True,False,False,incorrect_declare_done,0.005889239876220624,3,0,2,0,0,0,0,0,3,3,3,0.19788300000000006,0,6.0,0,0,0,0,0
1913,3946,access_vlan:SW1:eth2:10+access_vlan:SW2:eth1:20+trunk_remove:SW1:eth3:10+trunk_remove:SW1:eth3:20+trunk_remove:SW2:eth3:10,17583,17601,0.16400000000000003,-13.35,18,True,False,True,False,False,incorrect_declare_done,0.007733902298948831,18,4,12,0,0,0,0,0,3,0,0,0.7920818181818184,0,8.0,0,0,0,0,0
1914,3947,access_vlan:SW1:eth2:10+trunk_remove:SW1:eth3:10,17601,17631,0.16257500000000014,-4.800000000000001,30,True,False,False,True,False,step_limit,0.01618140391074121,30,2,28,0,0,0,0,0,1,6,6,2.8023689090909096,0,4.666666666666667,0,0,0,0,0
1915,3948,access_vlan:SW1:eth1:20+access_vlan:SW1:eth2:10+access_vlan:SW2:eth2:10+trunk_remove:SW1:eth3:10+trunk_remove:SW1:eth3:20+trunk_remove:SW2:eth3:10+trunk_remove:SW2:eth3:20,17631,17655,0.161435,-13.95,24,True,False,True,False,False,incorrect_declare_done,0.01415187562815845,24,2,20,0,0,0,0,0,3,24,24,1.3723080909090914,0,7.0,0,0,0,0,0
1916,3949,access_vlan:SW1:eth2:10+access_vlan:SW2:eth1:20+trunk_remove:SW1:eth3:10+trunk_remove:SW2:eth3:10+trunk_remove:SW2:eth3:20,17655,17685,0.1600100000000001,-6.3,30,True,False,False,True,False,step_limit,0.014177417196333409,30,11,18,0,0,0,0,0,3,26,26,1.2119945454545458,0,8.133333333333333,0,0,0,0,0
1917,3950,access_vlan:SW1:eth1:20+access_vlan:SW1:eth2:10+access_vlan:SW2:eth1:20+trunk_remove:SW1:eth3:20,17685,17687,0.15991500000000003,-10.200000000000001,2,True,False,True,False,False,incorrect_declare_done,0.005758619401603937,2,0,1,0,0,0,0,0,3,2,2,0.127951,0,6.0,0,0,0,0,0
1918,3951,access_vlan:SW1:eth2:10+trunk_remove:SW1:eth3:10+trunk_remove:SW1:eth3:20,17687,17693,0.15962999999999994,-10.950000000000001,6,True,False,True,False,False,incorrect_declare_done,0.012587307021021843,6,1,4,0,0,0,0,0,3,0,0,0.36016772727272744,0,6.666666666666667,0,0,0,0,0
1919,3952,access_vlan:SW1:eth1:20+access_vlan:SW2:eth1:20+trunk_remove:SW1:eth3:10+trunk_remove:SW1:eth3:20+trunk_remove:SW2:eth3:20,17693,17714,0.15863249999999995,-14.4,21,True,False,True,False,False,incorrect_declare_done,0.013324066431128554,21,8,11,0,0,0,0,0,3,0,0,0.9253968181818185,0,7.904761904761905,0,0,0,0,0
1920,3953,access_vlan:SW1:eth1:20+access_vlan:SW1:eth2:10+access_vlan:SW2:eth1:20+trunk_remove:SW2:eth3:10,17714,17744,0.15720750000000006,-4.950000000000001,30,True,False,False,True,False,step_limit,0.011131945384355883,30,3,27,0,0,0,0,0,3,30,30,2.1603390909090914,0,5.966666666666667,0,0,0,0,0
1921,3954,access_vlan:SW1:eth2:10+trunk_remove:SW2:eth3:10,17744,17774,0.15578250000000005,-5.700000000000001,30,True,False,False,True,False,step_limit,0.009265154274180532,30,8,22,0,0,0,0,0,2,0,0,1.5472205909090913,0,7.333333333333333,0,0,0,0,0
1922,3955,access_vlan:SW1:eth1:20+access_vlan:SW1:eth2:10+access_vlan:SW2:eth2:10+trunk_remove:SW2:eth3:20,17774,17784,0.15530750000000004,-11.4,10,True,False,True,False,False,incorrect_declare_done,0.007488824496977031,10,0,9,0,0,0,0,0,3,10,10,0.7776062500000003,0,5.0,0,0,0,0,0
1923,3956,access_vlan:SW1:eth1:20+access_vlan:SW1:eth2:10+access_vlan:SW2:eth2:10+trunk_remove:SW1:eth3:10+trunk_remove:SW2:eth3:10,17784,17801,0.15450000000000008,-12.75,17,True,False,True,False,False,incorrect_declare_done,0.012374634936671047,17,2,14,0,0,0,0,0,3,17,17,0.7223143636363639,0,7.9411764705882355,0,0,0,0,0
1924,3957,access_vlan:SW1:eth1:20+access_vlan:SW1:eth2:10+trunk_remove:SW1:eth3:10+trunk_remove:SW2:eth3:10+trunk_remove:SW2:eth3:20,17801,17814,0.15388250000000003,-12.5,13,True,False,True,False,False,incorrect_declare_done,0.015993926745767776,13,1,11,0,1,1,1,0,3,0,0,0.40338809090909106,1,8.23076923076923,0,0,1,0,0
1925,3958,access_vlan:SW1:eth1:20+access_vlan:SW2:eth1:20+access_vlan:SW2:eth2:10+trunk_remove:SW1:eth3:20+trunk_remove:SW2:eth3:10,17814,17844,0.15245750000000002,-5.550000000000002,30,True,False,False,True,False,step_limit,0.019565832746836046,30,7,23,0,0,0,0,0,2,30,30,1.5674979090909096,0,7.166666666666667,0,0,0,0,0
1926,3959,access_vlan:SW1:eth2:10+access_vlan:SW2:eth1:20+access_vlan:SW2:eth2:10+trunk_remove:SW2:eth3:20,17844,17850,0.15217250000000004,-10.8,6,True,False,True,False,False,incorrect_declare_done,0.0281831375323236,6,0,5,0,0,0,0,0,3,6,6,0.4568737500000002,0,5.0,0,0,0,0,0
1927,3960,access_vlan:SW1:eth2:10+access_vlan:SW2:eth1:20+trunk_remove:SW1:eth3:10+trunk_remove:SW1:eth3:20+trunk_remove:SW2:eth3:10,17850,17880,0.15074750000000003,-5.700000000000001,30,True,False,False,True,False,step_limit,0.019111327982197206,30,7,22,0,0,0,0,0,2,0,0,1.3895295454545458,0,7.533333333333333,0,0,0,0,0
1928,3961,access_vlan:SW1:eth2:10+trunk_remove:SW1:eth3:10+trunk_remove:SW1:eth3:20+trunk_remove:SW2:eth3:10,17880,17910,0.14932250000000002,-5.4,30,True,False,False,True,False,step_limit,0.021970605415602525,30,6,24,0,0,0,0,0,2,0,0,1.3537859090909097,0,7.666666666666667,0,0,0,0,0
1929,3962,access_vlan:SW1:eth2:10+access_vlan:SW2:eth1:20+access_vlan:SW2:eth2:10+trunk_remove:SW1:eth3:10+trunk_remove:SW2:eth3:10+trunk_remove:SW2:eth3:20,17910,17914,0.1491325000000001,-10.8,4,True,False,True,False,False,incorrect_declare_done,0.010260659735649824,4,2,1,0,0,0,0,0,3,4,4,0.19395818181818192,0,7.25,0,0,0,0,0
1930,3963,access_vlan:SW2:eth1:20+access_vlan:SW2:eth2:10+trunk_remove:SW2:eth3:10+trunk_remove:SW2:eth3:20,17914,17944,0.1477075,-6.0500000000000025,30,True,False,False,True,False,step_limit,0.009890493215061724,30,7,23,0,1,1,1,0,2,0,0,1.6338322272727277,1,6.933333333333334,0,0,1,0,0
1931,3964,access_vlan:SW1:eth1:20+access_vlan:SW2:eth2:10+trunk_remove:SW1:eth3:20+trunk_remove:SW2:eth3:10,17944,17974,0.1462825000000001,-5.8500000000000005,30,True,False,False,True,False,step_limit,0.009745210028874378,30,7,21,0,0,0,0,0,2,0,0,1.562637272727273,0,7.066666666666666,0,0,0,0,0
1932,3965,access_vlan:SW1:eth2:10+trunk_remove:SW2:eth3:10,17974,18001,0.14500000000000002,-15.45,27,True,False,True,False,False,incorrect_declare_done,0.004106682294082863,27,10,16,0,0,0,0,0,2,0,0,1.2097426363636365,0,7.592592592592593,0,0,0,0,0
1933,3966,access_vlan:SW1:eth1:20+access_vlan:SW2:eth2:10+trunk_remove:SW1:eth3:20+trunk_remove:SW2:eth3:10,18001,18031,0.14357500000000012,-5.850000000000001,30,True,False,False,True,False,step_limit,0.008154428121633828,30,9,21,0,0,0,0,0,2,0,0,1.376741363636364,0,7.466666666666667,0,0,0,0,0
1934,3967,access_vlan:SW1:eth2:10+access_vlan:SW2:eth2:10+trunk_remove:SW1:eth3:10+trunk_remove:SW1:eth3:20+trunk_remove:SW2:eth3:20,18031,18061,0.14215,-5.850000000000001,30,True,False,False,True,False,step_limit,0.018386330114056666,30,9,21,0,0,0,0,0,1,29,29,2.025657750000001,0,5.766666666666667,0,0,0,0,0
1935,3968,access_vlan:SW2:eth1:20+access_vlan:SW2:eth2:10+trunk_remove:SW1:eth3:20+trunk_remove:SW2:eth3:20,18061,18091,0.1407250000000001,-6.5,30,True,False,False,True,False,step_limit,0.021541281486861408,30,10,20,0,1,1,1,0,2,1,1,1.3240325000000006,1,7.533333333333333,0,0,1,0,0
1936,3969,access_vlan:SW1:eth2:10+access_vlan:SW2:eth1:20+access_vlan:SW2:eth2:10+trunk_remove:SW1:eth3:10+trunk_remove:SW2:eth3:10,18091,18121,0.13929999999999998,-5.55,30,True,False,False,True,False,step_limit,0.02999179788554708,30,7,23,0,0,0,0,0,3,30,30,1.2154659090909092,0,7.466666666666667,0,0,0,0,0
1937,3970,access_vlan:SW2:eth1:20+access_vlan:SW2:eth2:10,18121,18151,0.13787500000000008,-5.600000000000003,30,True,False,False,True,False,step_limit,0.016921021486632527,30,4,26,0,1,1,1,0,1,24,24,2.0390209090909095,1,5.566666666666666,0,0,1,0,0
1938,3971,access_vlan:SW2:eth1:20+access_vlan:SW2:eth2:10+trunk_remove:SW2:eth3:10+trunk_remove:SW2:eth3:20,18151,18157,0.13759,-11.450000000000001,6,True,False,True,False,False,incorrect_declare_done,0.0054503713035956025,6,1,4,0,1,1,1,0,3,2,2,0.23530840909090917,1,7.333333333333333,0,0,1,0,0
1939,3972,access_vlan:SW1:eth1:20+access_vlan:SW2:eth1:20+access_vlan:SW2:eth2:10+trunk_remove:SW1:eth3:10,18157,18162,0.1373525,9.049999999999999,5,True,False,True,False,True,recovery_success,0.008427732903510333,5,2,2,0,0,0,0,0,0,5,5,0.3685789772727273,0,5.0,0,0,0,0,0
1940,3973,access_vlan:SW1:eth2:10+access_vlan:SW2:eth2:10+trunk_remove:SW1:eth3:10+trunk_remove:SW2:eth3:10+trunk_remove:SW2:eth3:20,18162,18163,0.137305,-10.05,1,True,False,True,False,False,incorrect_declare_done,0.005704985931515694,1,0,0,0,0,0,0,0,4,0,0,0.0,0,10.0,0,0,0,0,0
1941,3974,access_vlan:SW1:eth2:10+access_vlan:SW2:eth1:20,18163,18193,0.1358800000000001,-5.7,30,True,False,False,True,False,step_limit,0.011431977121780316,30,8,22,0,0,0,0,0,2,1,1,1.4322393636363644,0,7.133333333333334,0,0,0,0,0
1942,3975,access_vlan:SW1:eth2:10+access_vlan:SW2:eth1:20+access_vlan:SW2:eth2:10+trunk_remove:SW2:eth3:20,18193,18223,0.134455,-4.800000000000001,30,True,False,False,True,False,step_limit,0.010830931454741706,30,2,28,0,0,0,0,0,1,30,30,2.16175590909091,0,4.8,0,0,0,0,0
1943,3976,access_vlan:SW1:eth1:20+access_vlan:SW1:eth2:10+trunk_remove:SW1:eth3:10,18223,18245,0.13341000000000003,-13.8,22,True,False,True,False,False,incorrect_declare_done,0.008421970541927625,22,4,17,0,0,0,0,0,2,0,0,0.2835884545454546,0,9.818181818181818,0,0,1,-1,0
1944,3977,access_vlan:SW1:eth2:10+access_vlan:SW2:eth2:10+trunk_remove:SW1:eth3:10+trunk_remove:SW1:eth3:20+trunk_remove:SW2:eth3:10,18245,18275,0.13198500000000013,-5.550000000000002,30,True,False,False,True,False,step_limit,0.007096750514271359,30,7,23,0,0,0,0,0,1,1,1,1.7594613636363647,0,6.1,0,0,0,0,0
1945,3978,access_vlan:SW2:eth2:10+trunk_remove:SW1:eth3:10+trunk_remove:SW2:eth3:10,18275,18282,0.13165250000000006,-11.100000000000001,7,True,False,True,False,False,incorrect_declare_done,0.004149649042769202,7,1,5,0,0,0,0,0,3,0,0,0.2552069318181819,0,7.857142857142857,0,0,0,0,0
1946,3979,access_vlan:SW1:eth2:10+access_vlan:SW2:eth1:20+trunk_remove:SW1:eth3:10+trunk_remove:SW1:eth3:20,18282,18312,0.13022750000000005,-5.55,30,True,False,False,True,False,step_limit,0.005091313156299293,30,7,23,0,0,0,0,0,2,6,6,0.963063181818182,0,8.266666666666667,0,0,0,0,0
1947,3980,access_vlan:SW1:eth1:20+access_vlan:SW1:eth2:10+access_vlan:SW2:eth1:20+access_vlan:SW2:eth2:10+trunk_remove:SW1:eth3:10+trunk_remove:SW2:eth3:10+trunk_remove:SW2:eth3:20,18312,18342,0.12880250000000004,-5.550000000000001,30,True,False,False,True,False,step_limit,0.00838151368467758,30,7,23,0,0,0,0,0,2,30,30,1.4362836363636369,0,6.833333333333333,0,0,0,0,0
1948,3981,access_vlan:SW2:eth1:20+access_vlan:SW2:eth2:10+trunk_remove:SW1:eth3:20+trunk_remove:SW2:eth3:10+trunk_remove:SW2:eth3:20,18342,18372,0.12737750000000003,-5.750000000000003,30,True,False,False,True,False,step_limit,0.0064901945918488,30,4,25,0,1,1,1,0,2,0,0,1.4097977727272732,1,6.933333333333334,0,0,1,0,0
1949,3982,access_vlan:SW2:eth2:10+trunk_remove:SW1:eth3:10+trunk_remove:SW2:eth3:10,18372,18383,0.12685500000000005,-11.850000000000001,11,True,False,True,False,False,incorrect_declare_done,0.0068818191066384315,11,2,8,0,0,0,0,0,3,0,0,0.4020938863636366,0,7.454545454545454,0,0,0,0,0
1950,3983,access_vlan:SW2:eth2:10+trunk_remove:SW2:eth3:20,18383,18389,0.12657000000000007,-11.100000000000001,6,True,False,True,False,False,incorrect_declare_done,0.013302075676620007,6,2,3,0,0,0,0,0,3,4,4,0.3570405681818183,0,5.666666666666667,0,0,0,0,0
1951,3984,trunk_remove:SW2:eth3:10,18389,18405,0.12580999999999998,-12.75,16,True,False,True,False,False,incorrect_declare_done,0.008581868401961401,16,2,12,0,0,0,0,0,1,3,3,1.1148715909090912,0,4.875,0,0,0,0,0
1952,3985,access_vlan:SW1:eth1:20+access_vlan:SW2:eth1:20+trunk_remove:SW2:eth3:10+trunk_remove:SW2:eth3:20,18405,18409,0.12562000000000006,-10.5,4,True,False,True,False,False,incorrect_declare_done,0.0115008499706164,4,0,3,0,0,0,0,0,4,0,0,0.050276500000000016,0,9.0,0,0,0,0,0
1953,3986,access_vlan:SW1:eth1:20+access_vlan:SW1:eth2:10+access_vlan:SW2:eth1:20+trunk_remove:SW1:eth3:20+trunk_remove:SW2:eth3:20,18409,18439,0.12419499999999994,-5.250000000000001,30,True,False,False,True,False,step_limit,0.010623896253916125,30,5,25,0,0,0,0,0,2,30,30,1.3577617500000003,0,6.966666666666667,0,0,0,0,0
1954,3987,access_vlan:SW1:eth1:20+trunk_remove:SW1:eth3:20+trunk_remove:SW2:eth3:10+trunk_remove:SW2:eth3:20,18439,18463,0.12305500000000003,-13.8,24,True,False,True,False,False,incorrect_declare_done,0.021540511622636888,24,2,21,0,0,0,0,0,3,0,0,0.9919194772727276,0,7.291666666666667,0,0,0,0,0
1955,3988,access_vlan:SW1:eth2:10+access_vlan:SW2:eth1:20+access_vlan:SW2:eth2:10+trunk_remove:SW2:eth3:10+trunk_remove:SW2:eth3:20,18463,18493,0.12163000000000002,-5.999999999999999,30,True,False,False,True,False,step_limit,0.00829416480458652,30,10,20,0,0,0,0,0,2,30,30,1.4011229545454549,0,6.6,0,0,0,0,0
1956,3989,access_vlan:SW1:eth1:20+access_vlan:SW2:eth1:20+trunk_remove:SW1:eth3:20,18493,18519,0.12039500000000014,5.149999999999999,26,True,False,True,False,True,recovery_success,0.0032789615439609266,26,7,18,0,0,0,0,0,0,25,25,1.7920321136363646,0,4.6923076923076925,0,0,0,0,0
1957,3990,access_vlan:SW1:eth2:10+trunk_remove:SW1:eth3:20+trunk_remove:SW2:eth3:20,18519,18529,0.11992000000000003,-11.700000000000001,10,True,False,True,False,False,incorrect_declare_done,0.0036124441074207427,10,2,7,0,0,0,0,0,1,1,1,0.6279384090909091,0,4.9,0,0,0,0,0
1958,3991,access_vlan:SW1:eth1:20+access_vlan:SW1:eth2:10+access_vlan:SW2:eth1:20+trunk_remove:SW1:eth3:10+trunk_remove:SW1:eth3:20,18529,18559,0.11849500000000013,-4.950000000000001,30,True,False,False,True,False,step_limit,0.003037522892312457,30,3,27,0,0,0,0,0,3,30,30,1.1686212727272733,0,7.166666666666667,0,0,0,0,0
1959,3992,access_vlan:SW1:eth1:20+access_vlan:SW1:eth2:10+access_vlan:SW2:eth1:20+access_vlan:SW2:eth2:10+trunk_remove:SW1:eth3:10+trunk_remove:SW2:eth3:10+trunk_remove:SW2:eth3:20,18559,18589,0.11707000000000001,-4.95,30,True,False,False,True,False,step_limit,0.005109584952394167,30,3,27,0,0,0,0,0,1,30,30,1.4702285454545458,0,6.3,0,0,0,0,0
1960,3993,access_vlan:SW1:eth2:10+access_vlan:SW2:eth2:10+trunk_remove:SW1:eth3:20+trunk_remove:SW2:eth3:10+trunk_remove:SW2:eth3:20,18589,18592,0.11692750000000007,-10.5,3,True,False,True,False,False,incorrect_declare_done,0.012157317716628313,3,1,1,0,0,0,0,0,3,0,0,0.11802156818181825,0,7.0,0,0,0,0,0
1961,3994,access_vlan:SW1:eth1:20+access_vlan:SW1:eth2:10+access_vlan:SW2:eth1:20+access_vlan:SW2:eth2:10+trunk_remove:SW1:eth3:20+trunk_remove:SW2:eth3:10,18592,18622,0.11550249999999995,-5.700000000000001,30,True,False,False,True,False,step_limit,0.008209618801871935,30,8,22,0,0,0,0,0,2,30,30,1.2930160909090915,0,6.8,0,0,0,0,0
1962,3995,access_vlan:SW2:eth1:20+access_vlan:SW2:eth2:10+trunk_remove:SW1:eth3:10+trunk_remove:SW1:eth3:20+trunk_remove:SW2:eth3:10+trunk_remove:SW2:eth3:20,18622,18633,0.11498000000000008,-12.5,11,True,False,True,False,False,incorrect_declare_done,0.004281577633016489,11,3,7,0,1,1,1,0,3,0,0,0.2931686363636365,1,8.363636363636363,0,0,1,0,0
1963,3996,access_vlan:SW1:eth2:10+access_vlan:SW2:eth1:20+trunk_remove:SW1:eth3:10+trunk_remove:SW2:eth3:20,18633,18663,0.11355499999999996,-5.100000000000001,30,True,False,False,True,False,step_limit,0.014195062138605863,30,4,26,0,0,0,0,0,2,0,0,0.8805795454545459,0,7.833333333333333,0,0,0,0,0
1964,3997,access_vlan:SW2:eth1:20+access_vlan:SW2:eth2:10+trunk_remove:SW2:eth3:10,18663,18693,0.11213000000000006,-5.3000000000000025,30,True,False,False,True,False,step_limit,0.006398152296120922,30,2,28,0,1,1,1,0,3,1,1,1.3298505000000003,1,6.433333333333334,0,0,1,0,0
1965,3998,access_vlan:SW1:eth1:20+access_vlan:SW1:eth2:10+trunk_remove:SW1:eth3:10,18693,18723,0.11070500000000005,-5.750000000000001,30,True,False,False,True,False,step_limit,0.004030367285789301,30,5,25,0,1,1,1,0,1,0,0,1.6123745909090916,1,5.6,0,0,1,0,0
1966,3999,access_vlan:SW1:eth2:10+trunk_remove:SW1:eth3:20+trunk_remove:SW2:eth3:10,18723,18753,0.10928000000000004,-5.250000000000002,30,True,False,False,True,False,step_limit,0.005770026911826183,30,5,25,0,0,0,0,0,1,2,2,1.452931863636364,0,5.833333333333333,0,0,0,0,0
1967,4000,access_vlan:SW1:eth1:20+access_vlan:SW1:eth2:10+access_vlan:SW2:eth2:10+trunk_remove:SW1:eth3:20+trunk_remove:SW2:eth3:10,18753,18779,0.10804500000000006,-14.55,26,True,False,True,False,False,incorrect_declare_done,0.003991111441372106,26,5,20,0,0,0,0,0,2,26,26,1.0449940454545459,0,6.884615384615385,0,0,0,0,0
1968,4001,access_vlan:SW1:eth2:10+access_vlan:SW2:eth2:10+trunk_remove:SW1:eth3:10+trunk_remove:SW1:eth3:20,18779,18784,0.10780750000000006,-10.65,5,True,False,True,False,False,incorrect_declare_done,0.0026663195807486773,5,0,4,0,0,0,0,0,4,0,0,0.05395125000000003,0,9.0,0,0,0,0,0
1969,4002,access_vlan:SW1:eth2:10+access_vlan:SW2:eth2:10+trunk_remove:SW1:eth3:10+trunk_remove:SW1:eth3:20,18784,18814,0.10638250000000005,-4.800000000000001,30,True,False,False,True,False,step_limit,0.004369982665715118,30,2,28,0,0,0,0,0,4,0,0,0.3017894318181819,0,9.666666666666666,0,0,0,0,0
1970,4003,access_vlan:SW1:eth1:20+access_vlan:SW2:eth2:10+trunk_remove:SW2:eth3:10,18814,18843,0.10500500000000001,-15.150000000000002,29,True,False,True,False,False,incorrect_declare_done,0.004290706253257291,29,6,22,0,0,0,0,0,2,0,0,1.2120804090909094,0,6.620689655172414,0,0,0,0,0
1971,4004,access_vlan:SW1:eth2:10+access_vlan:SW2:eth1:20+access_vlan:SW2:eth2:10+trunk_remove:SW1:eth3:10+trunk_remove:SW2:eth3:10+trunk_remove:SW2:eth3:20,18843,18873,0.10358,-5.8500000000000005,30,True,False,False,True,False,step_limit,0.0033537806438592574,30,9,21,0,0,0,0,0,2,30,30,1.1733833863636367,0,6.733333333333333,0,0,0,0,0
1972,4005,access_vlan:SW1:eth1:20+trunk_remove:SW1:eth3:10+trunk_remove:SW1:eth3:20+trunk_remove:SW2:eth3:20,18873,18903,0.102155,-4.8,30,True,False,False,True,False,step_limit,0.002549760940019041,30,2,28,0,0,0,0,0,3,0,0,1.0206820227272733,0,7.033333333333333,0,0,0,0,0
1973,4006,access_vlan:SW1:eth1:20+access_vlan:SW1:eth2:10+access_vlan:SW2:eth1:20+trunk_remove:SW2:eth3:20,18903,18923,0.10120499999999999,-13.35,20,True,False,True,False,False,incorrect_declare_done,0.0027527762344107033,20,3,16,0,0,0,0,0,2,20,20,0.8408211363636368,0,6.3,0,0,0,0,0
1974,4007,access_vlan:SW1:eth2:10+access_vlan:SW2:eth2:10+trunk_remove:SW1:eth3:20,18923,18935,0.10063500000000003,-12.3,12,True,False,True,False,False,incorrect_declare_done,0.002348559287687143,12,3,7,0,0,0,0,0,4,0,0,0.22381486363636371,0,8.833333333333334,0,0,1,-1,0
1975,4008,access_vlan:SW1:eth1:20+access_vlan:SW1:eth2:10+trunk_remove:SW1:eth3:10,18935,18965,0.09921000000000002,-5.150000000000002,30,True,False,False,True,False,step_limit,0.0019494539980466168,30,1,29,0,1,1,1,0,3,0,0,1.0774245000000005,1,6.8,0,0,1,0,0
1976,4009,access_vlan:SW1:eth1:20+access_vlan:SW1:eth2:10+access_vlan:SW2:eth1:20+access_vlan:SW2:eth2:10,18965,18966,0.09916250000000004,9.95,1,True,False,True,False,True,recovery_success,0.002595259342342615,1,0,0,0,0,0,0,0,0,1,1,0.07933000000000004,0,2.0,0,0,0,0,0
1977,4010,access_vlan:SW1:eth1:20+access_vlan:SW2:eth1:20+access_vlan:SW2:eth2:10+trunk_remove:SW1:eth3:10+trunk_remove:SW2:eth3:10+trunk_remove:SW2:eth3:20,18966,18970,0.09897250000000002,-10.5,4,True,False,True,False,False,incorrect_declare_done,0.002011199132539332,4,0,3,0,0,0,0,0,3,4,4,0.15847000000000003,0,6.0,0,0,0,0,0
1978,4011,access_vlan:SW1:eth2:10+trunk_remove:SW1:eth3:20+trunk_remove:SW2:eth3:20,18970,18995,0.09778500000000001,-13.95,25,True,False,True,False,False,incorrect_declare_done,0.0024660038063302634,25,2,22,0,0,0,0,0,1,0,0,1.3994421590909096,0,4.68,0,0,0,0,0
1979,4012,access_vlan:SW1:eth1:20+access_vlan:SW1:eth2:10+access_vlan:SW2:eth1:20+access_vlan:SW2:eth2:10+trunk_remove:SW1:eth3:10+trunk_remove:SW2:eth3:10+trunk_remove:SW2:eth3:20,18995,19025,0.09636,-5.250000000000001,30,True,False,False,True,False,step_limit,0.002926089013150583,30,4,25,0,0,0,0,0,2,30,30,1.0800122727272732,0,6.8,0,0,0,0,0
1980,4013,access_vlan:SW1:eth1:20+trunk_remove:SW2:eth3:10,19025,19055,0.0949350000000001,-4.800000000000001,30,True,False,False,True,False,step_limit,0.003230301251945396,30,2,28,0,0,0,0,0,1,10,10,1.6518297727272733,0,4.6,0,0,0,0,0
1981,4014,access_vlan:SW1:eth1:20+access_vlan:SW1:eth2:10+access_vlan:SW2:eth2:10+trunk_remove:SW2:eth3:10,19055,19057,0.09484000000000004,-10.200000000000001,2,True,False,True,False,False,incorrect_declare_done,0.00365967839024961,2,0,1,0,0,0,0,0,3,2,2,0.07589100000000001,0,6.0,0,0,0,0,0
1982,4015,access_vlan:SW1:eth1:20+trunk_remove:SW1:eth3:10+trunk_remove:SW2:eth3:10,19057,19087,0.09341500000000003,-4.950000000000001,30,True,False,False,True,False,step_limit,0.004693835810758174,30,2,27,0,0,0,0,0,1,5,5,1.7621144318181827,0,4.1,0,0,0,0,0
1983,4016,access_vlan:SW1:eth2:10+access_vlan:SW2:eth1:20+access_vlan:SW2:eth2:10+trunk_remove:SW2:eth3:10,19087,19117,0.09199000000000002,-5.1000000000000005,30,True,False,False,True,False,step_limit,0.0048542484679880244,30,4,26,0,0,0,0,0,3,30,30,0.925774772727273,0,7.1,0,0,0,0,0
1984,4017,access_vlan:SW1:eth1:20+access_vlan:SW2:eth1:20+access_vlan:SW2:eth2:10+trunk_remove:SW1:eth3:20,19117,19122,0.09175250000000013,-10.8,5,True,False,True,False,False,incorrect_declare_done,0.005380028812214732,5,1,3,0,0,0,0,0,3,5,5,0.17033881818181837,0,6.8,0,0,0,0,0
1985,4018,access_vlan:SW1:eth1:20+access_vlan:SW1:eth2:10+access_vlan:SW2:eth2:10+trunk_remove:SW1:eth3:10+trunk_remove:SW1:eth3:20+trunk_remove:SW2:eth3:10+trunk_remove:SW2:eth3:20,19122,19133,0.09123000000000003,-11.850000000000001,11,True,False,True,False,False,incorrect_declare_done,0.007919512540948663,11,2,8,0,0,0,0,0,3,11,11,0.32347788636363645,0,7.2727272727272725,0,0,0,0,0
1986,4019,access_vlan:SW1:eth2:10+access_vlan:SW2:eth1:20+trunk_remove:SW1:eth3:10+trunk_remove:SW2:eth3:10,19133,19163,0.08980500000000013,-5.25,30,True,False,False,True,False,step_limit,0.005770709024121364,30,5,25,0,0,0,0,0,3,0,0,0.2980999090909094,0,9.5,0,0,0,0,0
1987,4020,access_vlan:SW2:eth1:20+trunk_remove:SW1:eth3:10+trunk_remove:SW2:eth3:10+trunk_remove:SW2:eth3:20,19163,19193,0.08838000000000001,-15.3,30,True,False,True,False,False,incorrect_declare_done,0.006987740580613414,30,6,23,0,0,0,0,0,2,0,0,0.9637713636363638,0,6.833333333333333,0,0,0,0,0
1988,4021,access_vlan:SW2:eth1:20+access_vlan:SW2:eth2:10+trunk_remove:SW2:eth3:10,19193,19223,0.08695500000000012,-6.200000000000002,30,True,False,False,True,False,step_limit,0.0046462087775580585,30,8,22,0,1,1,1,0,3,24,24,0.7295427954545458,1,7.766666666666667,0,0,1,0,0
1989,4022,access_vlan:SW2:eth2:10+trunk_remove:SW1:eth3:10+trunk_remove:SW1:eth3:20,19223,19235,0.08638500000000005,-12.0,12,True,False,True,False,False,incorrect_declare_done,0.012321911713418862,12,2,9,0,0,0,0,0,2,0,0,0.43795913636363637,0,6.166666666666667,0,0,0,0,0
1990,4023,access_vlan:SW1:eth2:10+access_vlan:SW2:eth1:20+trunk_remove:SW1:eth3:20+trunk_remove:SW2:eth3:10+trunk_remove:SW2:eth3:20,19235,19247,0.08581499999999997,-12.0,12,True,False,True,False,False,incorrect_declare_done,0.006273182264218728,12,2,9,0,0,0,0,0,3,0,0,0.21880090909090924,0,8.333333333333334,0,0,0,0,0
1991,4024,access_vlan:SW1:eth1:20+access_vlan:SW1:eth2:10+access_vlan:SW2:eth1:20+trunk_remove:SW1:eth3:20+trunk_remove:SW2:eth3:10+trunk_remove:SW2:eth3:20,19247,19277,0.08439000000000008,-4.950000000000001,30,True,False,False,True,False,step_limit,0.003891789944221576,30,3,27,0,0,0,0,0,3,30,30,0.7124454545454549,0,7.766666666666667,0,0,0,0,0
1992,4025,access_vlan:SW1:eth2:10+access_vlan:SW2:eth1:20+trunk_remove:SW1:eth3:10+trunk_remove:SW2:eth3:20,19277,19281,0.08420000000000005,-10.5,4,True,False,True,False,False,incorrect_declare_done,0.0034701519180089235,4,0,3,0,0,0,0,0,4,0,0,0.0,0,10.0,0,0,0,0,0
1993,4026,access_vlan:SW1:eth1:20+access_vlan:SW1:eth2:10+access_vlan:SW2:eth1:20,19281,19311,0.08277500000000004,-5.100000000000001,30,True,False,False,True,False,step_limit,0.0050533289516655104,30,3,26,0,0,0,0,0,3,30,30,1.153429545454546,0,5.866666666666666,0,0,0,0,0
1994,4027,access_vlan:SW1:eth1:20+access_vlan:SW2:eth1:20+access_vlan:SW2:eth2:10+trunk_remove:SW1:eth3:10+trunk_remove:SW2:eth3:20,19311,19341,0.08135000000000003,-5.550000000000001,30,True,False,False,True,False,step_limit,0.007762201029496888,30,7,23,0,0,0,0,0,1,30,30,1.0018410000000004,0,6.3,0,0,0,0,0
1995,4028,access_vlan:SW1:eth2:10+access_vlan:SW2:eth2:10+trunk_remove:SW2:eth3:10+trunk_remove:SW2:eth3:20,19341,19371,0.07992500000000002,-5.250000000000002,30,True,False,False,True,False,step_limit,0.006181244101996223,30,5,25,0,0,0,0,0,3,28,28,0.7052232500000003,0,7.733333333333333,0,0,0,0,0
1996,4029,access_vlan:SW1:eth1:20,19371,19373,0.07983000000000007,-10.200000000000001,2,True,False,True,False,False,incorrect_declare_done,0.002547911077272147,2,0,1,0,0,0,0,0,3,0,0,0.07985375000000006,0,5.0,0,0,0,0,0
1997,4030,access_vlan:SW1:eth2:10+access_vlan:SW2:eth2:10+trunk_remove:SW1:eth3:10+trunk_remove:SW2:eth3:10,19373,19403,0.07840500000000006,-5.550000000000001,30,True,False,False,True,False,step_limit,0.004183783358894288,30,6,23,0,0,0,0,0,3,0,0,0.7689022727272733,0,7.4,0,0,0,0,0
1998,4031,access_vlan:SW1:eth2:10+trunk_remove:SW2:eth3:10,19403,19433,0.07698000000000005,-5.1000000000000005,30,True,False,False,True,False,step_limit,0.005014022785083701,30,4,26,0,0,0,0,0,1,7,7,1.2211268181818187,0,5.133333333333334,0,0,0,0,0
1999,4032,access_vlan:SW1:eth1:20+access_vlan:SW1:eth2:10+access_vlan:SW2:eth1:20+access_vlan:SW2:eth2:10+trunk_remove:SW1:eth3:10+trunk_remove:SW1:eth3:20+trunk_remove:SW2:eth3:10+trunk_remove:SW2:eth3:20,19433,19463,0.07555500000000004,-4.8,30,True,False,False,True,False,step_limit,0.00410549696534872,30,2,28,0,0,0,0,0,2,30,30,0.901170454545455,0,6.166666666666667,0,0,0,0,0
2000,4033,access_vlan:SW1:eth1:20+trunk_remove:SW1:eth3:10,19463,19493,0.07413000000000003,-4.65,30,True,False,False,True,False,step_limit,0.0068343084402537595,30,1,29,0,0,0,0,0,3,2,2,1.0271178409090913,0,5.933333333333334,0,0,0,0,0
2001,4034,trunk_remove:SW1:eth3:10+trunk_remove:SW1:eth3:20+trunk_remove:SW2:eth3:20,19493,19518,0.07294250000000002,-15.0,25,True,False,True,False,False,incorrect_declare_done,0.028036796133965255,25,9,15,0,0,0,0,0,1,7,7,0.7706636818181822,0,6.36,0,0,0,0,0
2002,4035,access_vlan:SW1:eth1:20+access_vlan:SW1:eth2:10+access_vlan:SW2:eth1:20,19518,19548,0.07151750000000001,-6.749999999999998,30,True,False,False,True,False,step_limit,0.025732130681475004,30,9,15,0,0,0,0,0,1,29,29,1.1089230681818187,0,5.233333333333333,0,0,0,0,0
2003,4036,access_vlan:SW1:eth1:20+access_vlan:SW2:eth1:20+access_vlan:SW2:eth2:10+trunk_remove:SW1:eth3:10+trunk_remove:SW1:eth3:20+trunk_remove:SW2:eth3:10+trunk_remove:SW2:eth3:20,19548,19578,0.0700925,-5.400000000000002,30,True,False,False,True,False,step_limit,0.0205151976707081,30,6,24,0,0,0,0,0,3,30,30,0.6236292272727277,0,7.466666666666667,0,0,0,0,0
2004,4037,access_vlan:SW2:eth1:20+trunk_remove:SW1:eth3:10+trunk_remove:SW1:eth3:20,19578,19599,0.06909500000000002,-13.35,21,True,False,True,False,False,incorrect_declare_done,0.018927171249829587,21,2,18,0,0,0,0,0,3,0,0,0.43152745454545477,0,7.666666666666667,0,0,0,0,0
2005,4038,access_vlan:SW1:eth1:20+access_vlan:SW1:eth2:10+access_vlan:SW2:eth2:10,19599,19629,0.06767000000000001,-5.700000000000001,30,True,False,False,True,False,step_limit,0.023784154963990053,30,8,22,0,0,0,0,0,3,28,28,0.935303295454546,0,5.966666666666667,0,0,0,0,0
2006,4039,access_vlan:SW2:eth1:20+access_vlan:SW2:eth2:10+trunk_remove:SW1:eth3:20+trunk_remove:SW2:eth3:10+trunk_remove:SW2:eth3:20,19629,19635,0.06738500000000003,-11.9,6,True,False,True,False,False,incorrect_declare_done,0.0231239995919168,6,4,1,0,1,1,1,0,3,0,0,0.11718406818181819,1,7.666666666666667,0,0,1,0,0
2007,4040,access_vlan:SW1:eth1:20+access_vlan:SW2:eth1:20+access_vlan:SW2:eth2:10+trunk_remove:SW1:eth3:20+trunk_remove:SW2:eth3:20,19635,19665,0.06596000000000013,-6.150000000000003,30,True,False,False,True,False,step_limit,0.01992294817852477,30,11,19,0,0,0,0,0,3,30,30,0.5653710227272731,0,7.866666666666666,0,0,0,0,0
2008,4041,access_vlan:SW1:eth1:20+access_vlan:SW2:eth2:10+trunk_remove:SW1:eth3:10+trunk_remove:SW2:eth3:10,19665,19695,0.06453500000000001,-5.4,30,True,False,False,True,False,step_limit,0.014916276186704635,30,6,24,0,0,0,0,0,2,0,0,0.6053743181818185,0,7.566666666666666,0,0,0,0,0
2009,4042,access_vlan:SW1:eth1:20+access_vlan:SW1:eth2:10+access_vlan:SW2:eth1:20+trunk_remove:SW1:eth3:20+trunk_remove:SW2:eth3:10+trunk_remove:SW2:eth3:20,19695,19718,0.06344250000000007,-13.95,23,True,False,True,False,False,incorrect_declare_done,0.014784594187917917,23,4,18,0,0,0,0,0,3,23,23,0.41051870454545486,0,7.869565217391305,0,0,0,0,0
2010,4043,access_vlan:SW1:eth1:20+access_vlan:SW2:eth1:20+access_vlan:SW2:eth2:10+trunk_remove:SW1:eth3:10+trunk_remove:SW2:eth3:10+trunk_remove:SW2:eth3:20,19718,19748,0.06201750000000006,-6.299999999999999,30,True,False,False,True,False,step_limit,0.04055992290377617,30,12,18,0,0,0,0,0,3,30,30,0.5793064090909095,0,7.533333333333333,0,0,0,0,0
2011,4044,access_vlan:SW2:eth1:20+access_vlan:SW2:eth2:10+trunk_remove:SW1:eth3:10+trunk_remove:SW1:eth3:20+trunk_remove:SW2:eth3:10+trunk_remove:SW2:eth3:20,19748,19778,0.06059250000000005,-6.0500000000000025,30,True,False,False,True,False,step_limit,0.02210108901684483,30,7,23,0,1,1,1,0,3,0,0,0.5292104545454549,1,7.766666666666667,0,0,1,0,0
2012,4045,access_vlan:SW1:eth2:10+access_vlan:SW2:eth1:20+trunk_remove:SW1:eth3:10+trunk_remove:SW2:eth3:20,19778,19808,0.05916750000000004,-5.100000000000001,30,True,False,False,True,False,step_limit,0.011998589942231774,30,4,26,0,0,0,0,0,2,25,25,0.5641777272727276,0,7.4,0,0,0,0,0
2013,4046,access_vlan:SW2:eth2:10+trunk_remove:SW2:eth3:10,19808,19838,0.05774250000000003,-5.250000000000001,30,True,False,False,True,False,step_limit,0.010426622605882585,30,5,25,0,0,0,0,0,3,0,0,0.5380995000000002,0,7.466666666666667,0,0,0,0,0
2014,4047,access_vlan:SW2:eth1:20+trunk_remove:SW1:eth3:10,19838,19868,0.05631750000000013,-6.6,30,True,False,False,True,False,step_limit,0.008008769084699451,30,9,16,0,0,0,0,0,1,17,17,0.9921193181818192,0,4.6,0,0,0,0,0
2015,4048,access_vlan:SW1:eth1:20+access_vlan:SW2:eth1:20+access_vlan:SW2:eth2:10+trunk_remove:SW1:eth3:10+trunk_remove:SW1:eth3:20+trunk_remove:SW2:eth3:20,19868,19898,0.05489250000000001,-4.8,30,True,False,False,True,False,step_limit,0.011795210046693682,30,2,28,0,0,0,0,0,3,30,30,0.4562903181818185,0,7.966666666666667,0,0,0,0,0
2016,4049,access_vlan:SW1:eth1:20+access_vlan:SW1:eth2:10+trunk_remove:SW2:eth3:10+trunk_remove:SW2:eth3:20,19898,19928,0.05346750000000011,-4.5,30,True,False,False,True,False,step_limit,0.012479793311407169,30,0,30,0,0,0,0,0,2,0,0,0.3249375000000004,0,8.0,0,0,1,-1,0
2017,4050,access_vlan:SW2:eth2:10,19928,19958,0.05204249999999999,-5.6999999999999975,30,True,False,False,True,False,step_limit,0.014520408756410082,30,8,22,0,0,0,0,0,3,9,9,0.7648287500000004,0,5.366666666666666,0,0,0,0,0
2018,4051,access_vlan:SW1:eth1:20+access_vlan:SW2:eth1:20+access_vlan:SW2:eth2:10+trunk_remove:SW1:eth3:20,19958,19988,0.05061750000000009,-5.550000000000001,30,True,False,False,True,False,step_limit,0.007670953051031878,30,7,23,0,0,0,0,0,3,30,30,0.46409390909090953,0,7.566666666666666,0,0,0,0,0
2019,4052,access_vlan:SW1:eth1:20+access_vlan:SW2:eth2:10+trunk_remove:SW1:eth3:20+trunk_remove:SW2:eth3:10+trunk_remove:SW2:eth3:20,19988,20008,0.05,-13.35,20,True,False,True,False,False,incorrect_declare_done,0.010424392146524042,20,3,16,0,0,0,0,0,3,0,0,0.2869854545454546,0,7.65,0,0,0,0,0
2020,4053,access_vlan:SW1:eth2:10+access_vlan:SW2:eth1:20+trunk_remove:SW2:eth3:10,20008,20038,0.05,-5.849999999999999,30,True,False,False,True,False,step_limit,0.021501604622850817,30,9,21,0,0,0,0,0,2,0,0,0.3218181818181819,0,8.133333333333333,0,0,0,0,0
2021,4054,access_vlan:SW1:eth2:10+trunk_remove:SW1:eth3:20,20038,20068,0.05,-5.400000000000001,30,True,False,False,True,False,step_limit,0.01969293216243386,30,6,24,0,0,0,0,0,1,24,24,0.8204545454545451,0,4.966666666666667,0,0,0,0,0
2022,4055,access_vlan:SW1:eth1:20+access_vlan:SW1:eth2:10+trunk_remove:SW1:eth3:20+trunk_remove:SW2:eth3:20,20068,20098,0.05,-6.6499999999999995,30,True,False,False,True,False,step_limit,0.022552226111292838,30,11,19,0,1,1,1,0,3,0,0,0.20000000000000004,1,9.0,0,0,1,0,0
2023,4056,access_vlan:SW1:eth1:20+access_vlan:SW1:eth2:10,20098,20128,0.05,-6.5,30,True,False,False,True,False,step_limit,0.020458408181245127,30,10,20,0,1,1,1,0,3,27,27,0.4136363636363634,1,7.933333333333334,0,0,1,0,0
2024,4057,access_vlan:SW2:eth1:20+access_vlan:SW2:eth2:10+trunk_remove:SW2:eth3:10+trunk_remove:SW2:eth3:20,20128,20149,0.05,-14.600000000000001,21,True,False,True,False,False,incorrect_declare_done,0.016571835659089543,21,7,13,0,1,1,1,0,3,0,0,0.3145454545454545,1,7.666666666666667,0,0,1,0,0
2025,4058,access_vlan:SW1:eth1:20+access_vlan:SW2:eth2:10+trunk_remove:SW1:eth3:20+trunk_remove:SW2:eth3:20,20149,20179,0.05,-4.950000000000001,30,True,False,False,True,False,step_limit,0.012757660293330749,30,3,27,0,0,0,0,0,2,0,0,0.5599999999999998,0,6.733333333333333,0,0,0,0,0
2026,4059,access_vlan:SW1:eth1:20+trunk_remove:SW1:eth3:10+trunk_remove:SW2:eth3:20,20179,20209,0.05,-5.1,30,True,False,False,True,False,step_limit,0.023127420153468848,30,4,26,0,0,0,0,0,3,0,0,0.45181818181818156,0,7.566666666666666,0,0,0,0,0
2027,4060,access_vlan:SW1:eth2:10+access_vlan:SW2:eth2:10+trunk_remove:SW2:eth3:10,20209,20239,0.05,-6.150000000000001,30,True,False,False,True,False,step_limit,0.01918128781641523,30,11,19,0,0,0,0,0,3,0,0,0.4186363636363635,0,7.9,0,0,0,0,0
2028,4061,access_vlan:SW2:eth2:10+trunk_remove:SW1:eth3:20,20239,20269,0.05,-6.8999999999999995,30,True,False,False,True,False,step_limit,0.012091614274928967,30,12,14,0,0,0,0,0,3,22,22,0.6840909090909087,0,5.966666666666667,0,0,0,0,0
2029,4062,access_vlan:SW1:eth1:20+access_vlan:SW1:eth2:10+access_vlan:SW2:eth1:20+access_vlan:SW2:eth2:10+trunk_remove:SW2:eth3:10,20269,20299,0.05,5.449999999999999,30,True,False,True,False,True,recovery_success,0.018733100267127156,30,1,28,0,0,0,0,0,0,23,23,1.2163636363636368,0,2.066666666666667,0,0,0,0,0
2030,4063,access_vlan:SW1:eth1:20+access_vlan:SW2:eth1:20+trunk_remove:SW1:eth3:20,20299,20329,0.05,-6.449999999999998,30,True,False,False,True,False,step_limit,0.01665808600373566,30,11,17,0,0,0,0,0,3,0,0,0.21500000000000005,0,9.333333333333334,0,0,0,0,0
2031,4064,access_vlan:SW1:eth2:10+access_vlan:SW2:eth2:10+trunk_remove:SW2:eth3:10+trunk_remove:SW2:eth3:20,20329,20332,0.05,-10.5,3,True,False,True,False,False,incorrect_declare_done,0.010594743148734173,3,1,1,0,0,0,0,0,3,0,0,0.05045454545454546,0,7.0,0,0,0,0,0
2032,4065,access_vlan:SW1:eth1:20+access_vlan:SW2:eth1:20+access_vlan:SW2:eth2:10+trunk_remove:SW2:eth3:10,20332,20362,0.05,-4.800000000000001,30,True,False,False,True,False,step_limit,0.01082234523879985,30,2,28,0,0,0,0,0,0,26,26,1.1931818181818183,0,2.2333333333333334,0,0,0,0,0
2033,4066,access_vlan:SW1:eth1:20+access_vlan:SW1:eth2:10+access_vlan:SW2:eth1:20+access_vlan:SW2:eth2:10+trunk_remove:SW2:eth3:20,20362,20368,0.05,9.049999999999999,6,True,False,True,False,True,recovery_success,0.006781299094048639,6,1,4,0,0,0,0,0,0,1,1,0.23454545454545456,0,2.3333333333333335,0,0,0,0,0
2034,4067,access_vlan:SW2:eth1:20+access_vlan:SW2:eth2:10+trunk_remove:SW1:eth3:20+trunk_remove:SW2:eth3:10+trunk_remove:SW2:eth3:20,20368,20398,0.05,-5.450000000000001,30,True,False,False,True,False,step_limit,0.007511371940684815,30,3,27,0,1,1,1,0,3,0,0,0.5095454545454546,1,7.233333333333333,0,0,1,0,0
2035,4068,access_vlan:SW2:eth2:10+trunk_remove:SW1:eth3:10+trunk_remove:SW2:eth3:20,20398,20428,0.05,-5.999999999999998,30,True,False,False,True,False,step_limit,0.009519454146114489,30,10,20,0,0,0,0,0,3,0,0,0.4836363636363632,0,7.233333333333333,0,0,0,0,0
2036,4069,access_vlan:SW1:eth1:20+access_vlan:SW2:eth1:20+access_vlan:SW2:eth2:10+trunk_remove:SW1:eth3:10+trunk_remove:SW2:eth3:10+trunk_remove:SW2:eth3:20,20428,20458,0.05,-5.249999999999998,30,True,False,False,True,False,step_limit,0.010028697069113452,30,5,25,0,0,0,0,0,3,30,30,0.4199999999999998,0,7.9,0,0,0,0,0
2037,4070,access_vlan:SW1:eth2:10+access_vlan:SW2:eth2:10+trunk_remove:SW1:eth3:10+trunk_remove:SW1:eth3:20+trunk_remove:SW2:eth3:20,20458,20488,0.05,-4.65,30,True,False,False,True,False,step_limit,0.02104481899489959,30,1,29,0,0,0,0,0,3,0,0,0.6463636363636361,0,6.2,0,0,0,0,0
2038,4071,access_vlan:SW2:eth2:10+trunk_remove:SW1:eth3:20+trunk_remove:SW2:eth3:20,20488,20489,0.05,-10.05,1,True,False,True,False,False,incorrect_declare_done,0.015281842090189457,1,0,0,0,0,0,0,0,3,0,0,0.025,0,5.0,0,0,0,0,0
2039,4072,access_vlan:SW1:eth2:10+trunk_remove:SW1:eth3:10+trunk_remove:SW1:eth3:20,20489,20519,0.05,-5.25,30,True,False,False,True,False,step_limit,0.011129984504077584,30,4,25,0,0,0,0,0,2,0,0,0.5727272727272729,0,6.7,0,0,0,0,0
2040,4073,access_vlan:SW2:eth1:20+access_vlan:SW2:eth2:10+trunk_remove:SW1:eth3:10+trunk_remove:SW2:eth3:20,20519,20549,0.05,-5.900000000000003,30,True,False,False,True,False,step_limit,0.021508903553088505,30,6,24,0,1,1,1,0,2,1,1,0.5463636363636362,1,6.966666666666667,0,0,1,0,0
2041,4074,access_vlan:SW1:eth2:10+trunk_remove:SW1:eth3:10,20549,20579,0.05,-5.400000000000002,30,True,False,False,True,False,step_limit,0.010332731157541275,30,6,24,0,0,0,0,0,2,0,0,0.538181818181818,0,7.033333333333333,0,0,0,0,0
2042,4075,access_vlan:SW1:eth1:20+access_vlan:SW1:eth2:10+trunk_remove:SW1:eth3:20,20579,20609,0.05,-6.500000000000004,30,True,False,False,True,False,step_limit,0.018159793278512856,30,10,20,0,1,1,1,0,3,1,1,0.3959090909090907,1,8.066666666666666,0,0,1,0,0
2043,4076,access_vlan:SW1:eth2:10+trunk_remove:SW1:eth3:10+trunk_remove:SW1:eth3:20+trunk_remove:SW2:eth3:10+trunk_remove:SW2:eth3:20,20609,20639,0.05,-5.850000000000001,30,True,False,False,True,False,step_limit,0.010429303945663075,30,9,21,0,0,0,0,0,3,0,0,0.4731818181818182,0,7.366666666666666,0,0,0,0,0
2044,4077,access_vlan:SW1:eth2:10+access_vlan:SW2:eth1:20+access_vlan:SW2:eth2:10+trunk_remove:SW1:eth3:10,20639,20669,0.05,5.299999999999999,30,True,False,True,False,True,recovery_success,0.007007145361664395,30,2,27,0,0,0,0,0,0,24,24,1.1972727272727275,0,2.2,0,0,0,0,0
2045,4078,access_vlan:SW1:eth2:10+trunk_remove:SW1:eth3:10+trunk_remove:SW1:eth3:20+trunk_remove:SW2:eth3:20,20669,20699,0.05,-4.800000000000001,30,True,False,False,True,False,step_limit,0.005253007534580926,30,2,28,0,0,0,0,0,2,0,0,0.4972727272727271,0,7.333333333333333,0,0,0,0,0
2046,4079,access_vlan:SW2:eth2:10+trunk_remove:SW1:eth3:10+trunk_remove:SW1:eth3:20+trunk_remove:SW2:eth3:10+trunk_remove:SW2:eth3:20,20699,20729,0.05,-5.250000000000002,30,True,False,False,True,False,step_limit,0.0052185369306243954,30,5,25,0,0,0,0,0,2,0,0,0.49863636363636377,0,7.133333333333334,0,0,0,0,0
2047,4080,access_vlan:SW1:eth1:20+access_vlan:SW2:eth1:20+trunk_remove:SW1:eth3:20+trunk_remove:SW2:eth3:20,20729,20759,0.05,-5.850000000000002,30,True,False,False,True,False,step_limit,0.0048588734624596935,30,9,21,0,0,0,0,0,2,0,0,0.5090909090909091,0,7.233333333333333,0,0,0,0,0
2048,4081,access_vlan:SW1:eth2:10+trunk_remove:SW1:eth3:10+trunk_remove:SW2:eth3:20,20759,20789,0.05,-5.400000000000002,30,True,False,False,True,False,step_limit,0.007941244503793616,30,6,24,0,0,0,0,0,3,0,0,0.41999999999999976,0,7.9,0,0,0,0,0
2049,4082,access_vlan:SW1:eth1:20+access_vlan:SW1:eth2:10+access_vlan:SW2:eth2:10+trunk_remove:SW1:eth3:10+trunk_remove:SW1:eth3:20+trunk_remove:SW2:eth3:10,20789,20819,0.05,-5.100000000000001,30,True,False,False,True,False,step_limit,0.005937245643387238,30,4,26,0,0,0,0,0,0,30,30,1.1422727272727273,0,2.6,0,0,0,0,0
2050,4083,access_vlan:SW1:eth1:20+access_vlan:SW2:eth1:20+trunk_remove:SW2:eth3:10,20819,20849,0.05,-5.850000000000003,30,True,False,False,True,False,step_limit,0.006341239934166272,30,5,21,0,0,0,0,0,4,19,19,0.2754545454545455,0,8.9,0,0,1,-1,0
2051,4084,access_vlan:SW1:eth2:10+access_vlan:SW2:eth2:10+trunk_remove:SW1:eth3:10+trunk_remove:SW1:eth3:20+trunk_remove:SW2:eth3:20,20849,20879,0.05,-4.800000000000001,30,True,False,False,True,False,step_limit,0.006240943741674224,30,2,28,0,0,0,0,0,3,0,0,0.4095454545454543,0,7.966666666666667,0,0,0,0,0
2052,4085,access_vlan:SW2:eth1:20+access_vlan:SW2:eth2:10+trunk_remove:SW1:eth3:10+trunk_remove:SW1:eth3:20+trunk_remove:SW2:eth3:20,20879,20897,0.05,-13.399999999999999,18,True,False,True,False,False,incorrect_declare_done,0.012698794314120378,18,2,15,0,1,1,1,0,3,0,0,0.24136363636363642,1,8.0,0,0,1,0,0
2053,4086,access_vlan:SW1:eth1:20+access_vlan:SW1:eth2:10+trunk_remove:SW1:eth3:10+trunk_remove:SW2:eth3:20,20897,20927,0.05,-6.350000000000001,30,True,False,False,True,False,step_limit,0.013723865415280064,30,8,21,0,1,1,1,0,3,0,0,0.40545454545454523,1,8.0,0,0,1,0,0
2054,4087,access_vlan:SW1:eth2:10+access_vlan:SW2:eth1:20+access_vlan:SW2:eth2:10+trunk_remove:SW1:eth3:20+trunk_remove:SW2:eth3:20,20927,20937,0.05,8.15,10,True,False,True,False,True,recovery_success,0.009817306324839592,10,3,6,0,0,0,0,0,0,6,6,0.37045454545454537,0,2.8,0,0,0,0,0
2055,4088,access_vlan:SW1:eth2:10+access_vlan:SW2:eth1:20+access_vlan:SW2:eth2:10,20937,20967,0.05,-4.65,30,True,False,False,True,False,step_limit,0.005254341661930085,30,1,29,0,0,0,0,0,0,22,22,1.2113636363636366,0,2.1,0,0,0,0,0
2056,4089,access_vlan:SW1:eth2:10+access_vlan:SW2:eth1:20+trunk_remove:SW1:eth3:20+trunk_remove:SW2:eth3:10+trunk_remove:SW2:eth3:20,20967,20995,0.05,-15.150000000000002,28,True,False,True,False,False,incorrect_declare_done,0.0062629508902318776,28,7,20,0,0,0,0,0,2,0,0,0.42272727272727284,0,7.535714285714286,0,0,0,0,0
2057,4090,access_vlan:SW1:eth1:20+trunk_remove:SW1:eth3:20,20995,21025,0.05,-6.600000000000002,30,True,False,False,True,False,step_limit,0.01114657261253645,30,11,16,0,0,0,0,0,2,0,0,0.598181818181818,0,6.533333333333333,0,0,0,0,0
2058,4091,access_vlan:SW1:eth1:20+access_vlan:SW1:eth2:10+trunk_remove:SW1:eth3:10+trunk_remove:SW1:eth3:20+trunk_remove:SW2:eth3:20,21025,21055,0.05,-5.250000000000002,30,True,False,False,True,False,step_limit,0.007539038018633922,30,5,25,0,0,0,0,0,2,0,0,0.24727272727272734,0,9.066666666666666,0,0,1,-1,0
2059,4092,access_vlan:SW1:eth1:20+access_vlan:SW2:eth1:20+access_vlan:SW2:eth2:10+trunk_remove:SW1:eth3:10+trunk_remove:SW2:eth3:20,21055,21060,0.05,8.899999999999999,5,True,False,True,False,True,recovery_success,0.004951838031411171,5,3,1,0,0,0,0,0,0,5,5,0.14272727272727276,0,4.6,0,0,0,0,0
2060,4093,access_vlan:SW1:eth2:10+trunk_remove:SW1:eth3:10,21060,21090,0.05,-5.100000000000001,30,True,False,False,True,False,step_limit,0.005891549711426099,30,4,26,0,0,0,0,0,1,5,5,0.802727272727273,0,5.033333333333333,0,0,0,0,0
2061,4094,access_vlan:SW1:eth1:20+access_vlan:SW1:eth2:10+access_vlan:SW2:eth2:10+trunk_remove:SW1:eth3:20,21090,21094,0.05,9.2,4,True,False,True,False,True,recovery_success,0.006811891100369394,4,2,1,0,0,0,0,0,0,0,0,0.12954545454545457,0,3.75,0,0,0,0,0
2062,4095,access_vlan:SW1:eth1:20+access_vlan:SW1:eth2:10+access_vlan:SW2:eth1:20+access_vlan:SW2:eth2:10+trunk_remove:SW1:eth3:20+trunk_remove:SW2:eth3:20,21094,21113,0.05,6.95,19,True,False,True,False,True,recovery_success,0.009360557716143759,19,2,16,0,0,0,0,0,0,17,17,0.7390909090909089,0,2.4210526315789473,0,0,0,0,0
2063,4096,access_vlan:SW1:eth2:10+access_vlan:SW2:eth1:20+trunk_remove:SW1:eth3:10+trunk_remove:SW1:eth3:20,21113,21143,0.05,-5.25,30,True,False,False,True,False,step_limit,0.00831151552653561,30,5,25,0,0,0,0,0,2,0,0,0.15000000000000002,0,9.866666666666667,0,0,0,0,0
2064,4097,access_vlan:SW1:eth2:10+access_vlan:SW2:eth1:20+access_vlan:SW2:eth2:10+trunk_remove:SW1:eth3:20+trunk_remove:SW2:eth3:10+trunk_remove:SW2:eth3:20,21143,21165,0.05,-13.5,22,True,False,True,False,False,incorrect_declare_done,0.006190569298765199,22,2,19,0,0,0,0,0,3,22,22,0.31909090909090904,0,7.7272727272727275,0,0,0,0,0
2065,4098,trunk_remove:SW1:eth3:10+trunk_remove:SW1:eth3:20+trunk_remove:SW2:eth3:20,21165,21195,0.05,-4.8,30,True,False,False,True,False,step_limit,0.004480183489310245,30,1,28,0,0,0,0,0,2,0,0,0.5490909090909092,0,6.933333333333334,0,0,0,0,0
2066,4099,access_vlan:SW1:eth1:20+trunk_remove:SW1:eth3:10+trunk_remove:SW2:eth3:20,21195,21225,0.05,-5.1,30,True,False,False,True,False,step_limit,0.004738133544257532,30,4,26,0,0,0,0,0,3,0,0,0.4454545454545452,0,7.633333333333334,0,0,0,0,0
2067,4100,access_vlan:SW1:eth1:20+access_vlan:SW1:eth2:10+access_vlan:SW2:eth1:20+trunk_remove:SW1:eth3:10+trunk_remove:SW1:eth3:20+trunk_remove:SW2:eth3:20,21225,21255,0.05,-4.95,30,True,False,False,True,False,step_limit,0.004654357496959468,30,2,27,0,0,0,0,0,3,27,27,0.41181818181818164,0,7.933333333333334,0,0,0,0,0
2068,4101,access_vlan:SW1:eth1:20+trunk_remove:SW1:eth3:10+trunk_remove:SW2:eth3:20,21255,21285,0.05,-4.8,30,True,False,False,True,False,step_limit,0.004356170003302395,30,2,28,0,0,0,0,0,3,0,0,0.5472727272727274,0,6.966666666666667,0,0,0,0,0
2069,4102,access_vlan:SW2:eth2:10+trunk_remove:SW1:eth3:10+trunk_remove:SW1:eth3:20,21285,21315,0.05,-5.1,30,True,False,False,True,False,step_limit,0.00664973605889827,30,4,26,0,0,0,0,0,3,0,0,0.5045454545454542,0,7.0,0,0,0,0,0
2070,4103,access_vlan:SW1:eth2:10+trunk_remove:SW2:eth3:20,21315,21336,0.05,-13.5,21,True,False,True,False,False,incorrect_declare_done,0.008460101471947772,21,2,17,0,0,0,0,0,3,0,0,0.5181818181818183,0,5.142857142857143,0,0,0,0,0
2071,4104,access_vlan:SW1:eth2:10+access_vlan:SW2:eth2:10+trunk_remove:SW1:eth3:10,21336,21349,0.05,-12.3,13,True,False,True,False,False,incorrect_declare_done,0.004946859231075415,13,3,9,0,0,0,0,0,3,2,2,0.10454545454545455,0,8.538461538461538,0,0,0,0,0
2072,4105,access_vlan:SW1:eth1:20+trunk_remove:SW2:eth3:10+trunk_remove:SW2:eth3:20,21349,21359,0.05,-11.850000000000001,10,True,False,True,False,False,incorrect_declare_done,0.004572569672018289,10,2,6,0,0,0,0,0,3,0,0,0.17000000000000004,0,7.2,0,0,0,0,0
2073,4106,access_vlan:SW1:eth1:20+access_vlan:SW2:eth1:20+trunk_remove:SW2:eth3:10,21359,21389,0.05,-6.200000000000002,30,True,False,False,True,False,step_limit,0.005909887507247428,30,7,22,0,1,1,1,0,3,25,25,0.41636363636363627,1,7.866666666666666,0,0,1,0,0
2074,4107,access_vlan:SW1:eth1:20+access_vlan:SW1:eth2:10+access_vlan:SW2:eth1:20+access_vlan:SW2:eth2:10+trunk_remove:SW1:eth3:10+trunk_remove:SW1:eth3:20+trunk_remove:SW2:eth3:10,21389,21415,0.05,-14.25,26,True,False,True,False,False,incorrect_declare_done,0.007177965706572509,26,2,22,0,0,0,0,0,1,25,25,0.7563636363636368,0,4.576923076923077,0,0,0,0,0
2075,4108,access_vlan:SW1:eth1:20+access_vlan:SW2:eth2:10+trunk_remove:SW1:eth3:10+trunk_remove:SW1:eth3:20+trunk_remove:SW2:eth3:10,21415,21445,0.05,-4.800000000000001,30,True,False,False,True,False,step_limit,0.009390906663611531,30,2,28,0,0,0,0,0,3,1,1,0.518181818181818,0,7.133333333333334,0,0,0,0,0
2076,4109,access_vlan:SW1:eth1:20+access_vlan:SW2:eth1:20,21445,21475,0.05,-6.200000000000001,30,True,False,False,True,False,step_limit,0.007508687791414559,30,8,22,0,1,1,1,0,1,6,6,0.7209090909090907,1,5.5,0,0,1,0,0
2077,4110,access_vlan:SW1:eth2:10+access_vlan:SW2:eth1:20+trunk_remove:SW1:eth3:20+trunk_remove:SW2:eth3:10,21475,21505,0.05,-4.800000000000001,30,True,False,False,True,False,step_limit,0.007475433428771794,30,2,28,0,0,0,0,0,3,0,0,0.16363636363636366,0,9.633333333333333,0,0,0,0,0
2078,4111,access_vlan:SW2:eth1:20+trunk_remove:SW1:eth3:20,21505,21535,0.05,-5.100000000000001,30,True,False,False,True,False,step_limit,0.004774381449290862,30,4,26,0,0,0,0,0,3,0,0,0.47181818181818186,0,7.5,0,0,0,0,0
2079,4112,access_vlan:SW1:eth1:20+access_vlan:SW2:eth1:20+trunk_remove:SW1:eth3:10+trunk_remove:SW1:eth3:20+trunk_remove:SW2:eth3:10,21535,21565,0.05,-4.800000000000001,30,True,False,False,True,False,step_limit,0.002736613674399753,30,2,28,0,0,0,0,0,3,0,0,0.46454545454545426,0,7.533333333333333,0,0,0,0,0
2080,4113,access_vlan:SW1:eth2:10+access_vlan:SW2:eth1:20+access_vlan:SW2:eth2:10+trunk_remove:SW1:eth3:10+trunk_remove:SW2:eth3:10+trunk_remove:SW2:eth3:20,21565,21595,0.05,-5.1,30,True,False,False,True,False,step_limit,0.007033807419550915,30,4,26,0,0,0,0,0,1,29,29,0.9104545454545458,0,4.3,0,0,0,0,0
2081,4114,access_vlan:SW2:eth1:20+access_vlan:SW2:eth2:10+trunk_remove:SW1:eth3:20+trunk_remove:SW2:eth3:20,21595,21625,0.05,-6.050000000000002,30,True,False,False,True,False,step_limit,0.010250558622647076,30,6,23,0,1,1,1,0,3,0,0,0.4090909090909089,1,7.966666666666667,0,0,1,0,0
2082,4115,access_vlan:SW1:eth1:20+access_vlan:SW2:eth2:10+trunk_remove:SW1:eth3:10,21625,21655,0.05,-5.1000000000000005,30,True,False,False,True,False,step_limit,0.011706975273167093,30,4,26,0,0,0,0,0,3,0,0,0.20090909090909095,0,9.5,0,0,0,0,0
2083,4116,access_vlan:SW1:eth1:20+access_vlan:SW1:eth2:10+access_vlan:SW2:eth2:10+trunk_remove:SW2:eth3:10,21655,21663,0.05,8.6,8,True,False,True,False,True,recovery_success,0.007247426168760285,8,2,5,0,0,0,0,0,0,4,4,0.29727272727272724,0,2.75,0,0,0,0,0
2084,4117,access_vlan:SW1:eth2:10+access_vlan:SW2:eth1:20+trunk_remove:SW1:eth3:10+trunk_remove:SW2:eth3:10,21663,21693,0.05,-4.949999999999999,30,True,False,False,True,False,step_limit,0.00549184218980372,30,3,27,0,0,0,0,0,3,2,2,0.2263636363636364,0,8.833333333333334,0,0,0,0,0
2085,4118,access_vlan:SW1:eth2:10+trunk_remove:SW1:eth3:10,21693,21714,0.05,-13.5,21,True,False,True,False,False,incorrect_declare_done,0.004712194498140542,21,3,17,0,0,0,0,0,3,0,0,0.3472727272727273,0,7.190476190476191,0,0,0,0,0
2086,4119,access_vlan:SW1:eth1:20+access_vlan:SW1:eth2:10+access_vlan:SW2:eth1:20+access_vlan:SW2:eth2:10+trunk_remove:SW2:eth3:10,21714,21744,0.05,-4.95,30,True,False,False,True,False,step_limit,0.005668686741652588,30,3,27,0,0,0,0,0,1,25,25,0.8727272727272726,0,4.333333333333333,0,0,0,0,0
2087,4120,access_vlan:SW2:eth1:20+access_vlan:SW2:eth2:10+trunk_remove:SW1:eth3:20+trunk_remove:SW2:eth3:10,21744,21774,0.05,-5.600000000000002,30,True,False,False,True,False,step_limit,0.005457865470089018,30,4,26,0,1,1,1,0,2,24,24,0.5236363636363635,1,7.0,0,0,1,0,0
2088,4121,access_vlan:SW1:eth1:20+access_vlan:SW2:eth2:10+trunk_remove:SW2:eth3:10,21774,21804,0.05,-6.000000000000002,30,True,False,False,True,False,step_limit,0.005045846244320274,30,9,20,0,0,0,0,0,3,5,5,0.4236363636363634,0,7.866666666666666,0,0,0,0,0
2089,4122,access_vlan:SW1:eth1:20+access_vlan:SW1:eth2:10+trunk_remove:SW1:eth3:10,21804,21822,0.05,-13.55,18,True,False,True,False,False,incorrect_declare_done,0.00648443625929455,18,3,14,0,1,1,1,0,3,0,0,0.18681818181818186,1,8.666666666666666,0,0,1,0,0
2090,4123,access_vlan:SW1:eth2:10+access_vlan:SW2:eth1:20+trunk_remove:SW2:eth3:10,21822,21825,0.05,-10.350000000000001,3,True,False,True,False,False,incorrect_declare_done,0.002677084024374684,3,0,2,0,0,0,0,0,4,1,1,0.03,0,8.0,0,0,0,0,0
2091,4124,access_vlan:SW1:eth2:10+trunk_remove:SW1:eth3:20+trunk_remove:SW2:eth3:20,21825,21855,0.05,-4.800000000000001,30,True,False,False,True,False,step_limit,0.0052359180059283975,30,2,28,0,0,0,0,0,1,3,3,0.7704545454545455,0,5.166666666666667,0,0,0,0,0
2092,4125,access_vlan:SW1:eth2:10+access_vlan:SW2:eth2:10+trunk_remove:SW1:eth3:20,21855,21885,0.05,-5.900000000000001,30,True,False,False,True,False,step_limit,0.008512751447657745,30,5,24,0,1,1,1,0,3,26,26,0.5236363636363637,1,7.133333333333334,0,0,1,0,0
2093,4126,access_vlan:SW1:eth1:20+access_vlan:SW1:eth2:10+trunk_remove:SW1:eth3:10+trunk_remove:SW1:eth3:20+trunk_remove:SW2:eth3:10,21885,21915,0.05,-5.450000000000002,30,True,False,False,True,False,step_limit,0.014989714634915193,30,3,27,0,1,1,1,0,3,1,1,0.37727272727272737,1,7.933333333333334,0,0,1,0,0
2094,4127,access_vlan:SW1:eth1:20+access_vlan:SW1:eth2:10+trunk_remove:SW1:eth3:10,21915,21945,0.05,-4.800000000000001,30,True,False,False,True,False,step_limit,0.005686773530518015,30,2,28,0,0,0,0,0,2,0,0,0.23727272727272733,0,9.2,0,0,1,-1,0
2095,4128,access_vlan:SW1:eth2:10+access_vlan:SW2:eth2:10+trunk_remove:SW1:eth3:10+trunk_remove:SW1:eth3:20+trunk_remove:SW2:eth3:10+trunk_remove:SW2:eth3:20,21945,21954,0.05,-11.4,9,True,False,True,False,False,incorrect_declare_done,0.005144052414430512,9,1,7,0,0,0,0,0,3,0,0,0.14545454545454548,0,7.333333333333333,0,0,0,0,0
2096,4129,access_vlan:SW1:eth2:10+access_vlan:SW2:eth2:10+trunk_remove:SW1:eth3:20+trunk_remove:SW2:eth3:10+trunk_remove:SW2:eth3:20,21954,21984,0.05,-5.400000000000001,30,True,False,False,True,False,step_limit,0.002670762685981269,30,5,24,0,0,0,0,0,3,0,0,0.4186363636363634,0,7.9,0,0,0,0,0
2097,4130,access_vlan:SW1:eth2:10+access_vlan:SW2:eth1:20+access_vlan:SW2:eth2:10+trunk_remove:SW1:eth3:20+trunk_remove:SW2:eth3:10,21984,22014,0.05,-4.950000000000001,30,True,False,False,True,False,step_limit,0.025129118375480174,30,3,27,0,0,0,0,0,0,20,20,0.9836363636363638,0,3.7666666666666666,0,0,0,0,0
2098,4131,access_vlan:SW2:eth1:20+access_vlan:SW2:eth2:10+trunk_remove:SW1:eth3:10+trunk_remove:SW1:eth3:20+trunk_remove:SW2:eth3:20,22014,22044,0.05,-5.600000000000002,30,True,False,False,True,False,step_limit,0.017623177636414765,30,3,26,0,1,1,1,0,3,0,0,0.4186363636363634,1,7.9,0,0,1,0,0
2099,4132,access_vlan:SW1:eth1:20+access_vlan:SW1:eth2:10+trunk_remove:SW2:eth3:10+trunk_remove:SW2:eth3:20,22044,22074,0.05,-4.65,30,True,False,False,True,False,step_limit,0.008665156147132317,30,1,29,0,0,0,0,0,2,0,0,0.1472727272727273,0,9.866666666666667,0,0,1,-1,0
2100,4133,access_vlan:SW1:eth1:20+access_vlan:SW1:eth2:10+access_vlan:SW2:eth2:10+trunk_remove:SW2:eth3:10,22074,22098,0.05,6.200000000000001,24,True,False,True,False,True,recovery_success,0.011757127135448778,24,2,21,0,0,0,0,0,0,4,4,0.9518181818181816,0,2.25,0,0,0,0,0
2101,4134,access_vlan:SW1:eth1:20+trunk_remove:SW1:eth3:20,22098,22128,0.05,-5.400000000000001,30,True,False,False,True,False,step_limit,0.01658492183778435,30,5,24,0,0,0,0,0,2,0,0,0.5236363636363633,0,7.0,0,0,0,0,0
2102,4135,access_vlan:SW2:eth2:10+trunk_remove:SW1:eth3:10+trunk_remove:SW1:eth3:20,22128,22158,0.05,-4.950000000000001,30,True,False,False,True,False,step_limit,0.009129427668328086,30,3,27,0,0,0,0,0,2,0,0,0.5590909090909092,0,6.8,0,0,0,0,0
2103,4136,access_vlan:SW1:eth1:20+access_vlan:SW1:eth2:10+access_vlan:SW2:eth1:20+access_vlan:SW2:eth2:10+trunk_remove:SW1:eth3:10,22158,22188,0.05,-4.65,30,True,False,False,True,False,step_limit,0.006847106890442471,30,1,29,0,0,0,0,0,0,11,11,1.2163636363636368,0,2.066666666666667,0,0,0,0,0
2104,4137,access_vlan:SW1:eth1:20+access_vlan:SW2:eth2:10+trunk_remove:SW1:eth3:10+trunk_remove:SW1:eth3:20,22188,22218,0.05,-4.8,30,True,False,False,True,False,step_limit,0.009099416946992279,30,2,28,0,0,0,0,0,4,0,0,0.0,0,10.966666666666667,0,0,0,0,0
2105,4138,access_vlan:SW1:eth2:10+access_vlan:SW2:eth1:20+access_vlan:SW2:eth2:10+trunk_remove:SW1:eth3:10+trunk_remove:SW1:eth3:20+trunk_remove:SW2:eth3:20,22218,22248,0.05,-5.100000000000001,30,True,False,False,True,False,step_limit,0.014344658392171064,30,4,26,0,0,0,0,0,0,13,13,1.1472727272727274,0,2.566666666666667,0,0,0,0,0
2106,4139,access_vlan:SW1:eth2:10+access_vlan:SW2:eth1:20+trunk_remove:SW1:eth3:10+trunk_remove:SW2:eth3:10,22248,22278,0.05,-5.100000000000001,30,True,False,False,True,False,step_limit,0.009156079310923815,30,4,26,0,0,0,0,0,2,0,0,0.5054545454545455,0,7.266666666666667,0,0,0,0,0
2107,4140,access_vlan:SW1:eth1:20+access_vlan:SW2:eth1:20+trunk_remove:SW1:eth3:10,22278,22308,0.05,-5.900000000000003,30,True,False,False,True,False,step_limit,0.003928513739568492,30,6,24,0,1,1,1,0,3,22,22,0.47363636363636374,1,7.5,0,0,1,0,0
2108,4141,access_vlan:SW1:eth1:20+trunk_remove:SW1:eth3:10,22308,22338,0.05,-4.800000000000001,30,True,False,False,True,False,step_limit,0.00718487558575968,30,2,28,0,0,0,0,0,3,6,6,0.6863636363636361,0,5.933333333333334,0,0,0,0,0
2109,4142,access_vlan:SW1:eth1:20+access_vlan:SW1:eth2:10+access_vlan:SW2:eth2:10+trunk_remove:SW2:eth3:10,22338,22368,0.05,5.299999999999999,30,True,False,True,False,True,recovery_success,0.004913576506078243,30,2,27,0,0,0,0,0,0,10,10,1.1881818181818184,0,2.2666666666666666,0,0,0,0,0
2110,4143,access_vlan:SW2:eth1:20+trunk_remove:SW1:eth3:10+trunk_remove:SW2:eth3:10+trunk_remove:SW2:eth3:20,22368,22398,0.05,-5.250000000000001,30,True,False,False,True,False,step_limit,0.005349706567358226,30,5,25,0,0,0,0,0,3,0,0,0.41999999999999976,0,7.9,0,0,0,0,0
2111,4144,access_vlan:SW1:eth2:10+access_vlan:SW2:eth2:10+trunk_remove:SW2:eth3:10+trunk_remove:SW2:eth3:20,22398,22428,0.05,-5.100000000000001,30,True,False,False,True,False,step_limit,0.0029745921647797028,30,4,26,0,0,0,0,0,2,0,0,0.4595454545454544,0,7.6,0,0,0,0,0
2112,4145,access_vlan:SW2:eth2:10+trunk_remove:SW2:eth3:10+trunk_remove:SW2:eth3:20,22428,22458,0.05,-4.65,30,True,False,False,True,False,step_limit,0.003300701784125219,30,1,29,0,0,0,0,0,3,0,0,0.5045454545454542,0,7.0,0,0,0,0,0
2113,4146,access_vlan:SW1:eth2:10+trunk_remove:SW1:eth3:10+trunk_remove:SW2:eth3:20,22458,22488,0.05,-4.950000000000001,30,True,False,False,True,False,step_limit,0.005535406386479735,30,3,27,0,0,0,0,0,2,0,0,0.5363636363636365,0,6.966666666666667,0,0,0,0,0
2114,4147,access_vlan:SW1:eth2:10+access_vlan:SW2:eth1:20+access_vlan:SW2:eth2:10+trunk_remove:SW2:eth3:10,22488,22498,0.05,8.299999999999999,10,True,False,True,False,True,recovery_success,0.006631135172210634,10,2,7,0,0,0,0,0,0,1,1,0.37909090909090903,0,2.6,0,0,0,0,0
2115,4148,trunk_remove:SW1:eth3:10+trunk_remove:SW1:eth3:20+trunk_remove:SW2:eth3:20,22498,22528,0.05,-5.100000000000001,30,True,False,False,True,False,step_limit,0.009848251783599457,30,4,26,0,0,0,0,0,2,0,0,0.5472727272727274,0,6.966666666666667,0,0,0,0,0
2116,4149,access_vlan:SW2:eth1:20+access_vlan:SW2:eth2:10+trunk_remove:SW1:eth3:10+trunk_remove:SW1:eth3:20+trunk_remove:SW2:eth3:10+trunk_remove:SW2:eth3:20,22528,22558,0.05,-5.150000000000001,30,True,False,False,True,False,step_limit,0.01013575701508671,30,1,29,0,1,1,1,0,3,0,0,0.47272727272727283,1,7.4,0,0,1,0,0
2117,4150,access_vlan:SW1:eth2:10+access_vlan:SW2:eth1:20+trunk_remove:SW1:eth3:10+trunk_remove:SW2:eth3:10,22558,22588,0.05,-4.95,30,True,False,False,True,False,step_limit,0.01184734891479214,30,3,27,0,0,0,0,0,2,0,0,0.3981818181818181,0,7.866666666666666,0,0,0,0,0
2118,4151,trunk_remove:SW1:eth3:10,22588,22618,0.05,-4.5,30,True,False,False,True,False,step_limit,0.008408410334959626,30,0,30,0,0,0,0,0,1,0,0,0.9000000000000006,0,4.0,0,0,0,0,0
2119,4152,access_vlan:SW1:eth1:20+trunk_remove:SW2:eth3:20,22618,22648,0.05,-4.65,30,True,False,False,True,False,step_limit,0.009056016732938588,30,1,29,0,0,0,0,0,3,4,4,0.5745454545454546,0,6.466666666666667,0,0,0,0,0
2120,4153,access_vlan:SW1:eth1:20+access_vlan:SW2:eth1:20+trunk_remove:SW1:eth3:10+trunk_remove:SW1:eth3:20,22648,22678,0.05,-5.250000000000002,30,True,False,False,True,False,step_limit,0.007413842917109529,30,4,25,0,0,0,0,0,3,0,0,0.275909090909091,0,8.766666666666667,0,0,0,0,0
2121,4154,access_vlan:SW1:eth1:20+access_vlan:SW2:eth1:20+access_vlan:SW2:eth2:10+trunk_remove:SW1:eth3:10+trunk_remove:SW1:eth3:20+trunk_remove:SW2:eth3:10+trunk_remove:SW2:eth3:20,22678,22708,0.05,-5.099999999999999,30,True,False,False,True,False,step_limit,0.006448791843528549,30,4,26,0,0,0,0,0,3,30,30,0.4431818181818183,0,7.166666666666667,0,0,0,0,0
2122,4155,access_vlan:SW1:eth1:20+access_vlan:SW1:eth2:10+access_vlan:SW2:eth1:20+trunk_remove:SW1:eth3:10+trunk_remove:SW2:eth3:10,22708,22734,0.05,5.750000000000001,26,True,False,True,False,True,recovery_success,0.007397373511384313,26,3,22,0,0,0,0,0,0,8,8,1.0204545454545453,0,2.3461538461538463,0,0,0,0,0
2123,4156,access_vlan:SW1:eth1:20+access_vlan:SW2:eth2:10+trunk_remove:SW1:eth3:10+trunk_remove:SW2:eth3:10+trunk_remove:SW2:eth3:20,22734,22764,0.05,-4.5,30,True,False,False,True,False,step_limit,0.009218302733885745,30,0,30,0,0,0,0,0,4,0,0,0.0,0,10.0,0,0,0,0,0
2124,4157,access_vlan:SW1:eth1:20+access_vlan:SW2:eth2:10+trunk_remove:SW1:eth3:20+trunk_remove:SW2:eth3:10+trunk_remove:SW2:eth3:20,22764,22794,0.05,-5.400000000000001,30,True,False,False,True,False,step_limit,0.011960484894613425,30,6,24,0,0,0,0,0,2,0,0,0.45454545454545464,0,7.566666666666666,0,0,0,0,0
2125,4158,access_vlan:SW1:eth2:10+access_vlan:SW2:eth1:20+trunk_remove:SW2:eth3:10,22794,22824,0.05,-4.949999999999999,30,True,False,False,True,False,step_limit,0.006191337927399824,30,3,27,0,0,0,0,0,3,0,0,0.6554545454545453,0,6.166666666666667,0,0,0,0,0
2126,4159,access_vlan:SW1:eth1:20+access_vlan:SW2:eth2:10+trunk_remove:SW1:eth3:10,22824,22854,0.05,-5.700000000000001,30,True,False,False,True,False,step_limit,0.008302541410860917,30,8,22,0,0,0,0,0,3,0,0,0.2954545454545454,0,8.566666666666666,0,0,0,0,0
2127,4160,access_vlan:SW1:eth1:20+access_vlan:SW2:eth2:10+trunk_remove:SW1:eth3:20+trunk_remove:SW2:eth3:10+trunk_remove:SW2:eth3:20,22854,22884,0.05,-4.65,30,True,False,False,True,False,step_limit,0.010787141850839059,30,1,29,0,0,0,0,0,3,0,0,0.2545454545454546,0,8.6,0,0,0,0,0
2128,4161,access_vlan:SW2:eth1:20+trunk_remove:SW1:eth3:10+trunk_remove:SW1:eth3:20,22884,22914,0.05,-4.950000000000001,30,True,False,False,True,False,step_limit,0.017447602966179452,30,3,27,0,0,0,0,0,3,0,0,0.46818181818181787,0,7.466666666666667,0,0,0,0,0
2129,4162,access_vlan:SW2:eth1:20+access_vlan:SW2:eth2:10,22914,22944,0.05,-5.300000000000002,30,True,False,False,True,False,step_limit,0.010927057297279438,30,2,28,0,1,1,1,0,0,7,7,1.0909090909090908,1,2.9,0,0,1,0,0
2130,4163,access_vlan:SW1:eth2:10+access_vlan:SW2:eth1:20+access_vlan:SW2:eth2:10+trunk_remove:SW2:eth3:10,22944,22960,0.05,7.4,16,True,False,True,False,True,recovery_success,0.01012746011838317,16,2,13,0,0,0,0,0,0,1,1,0.6245454545454544,0,2.375,0,0,0,0,0
2131,4164,access_vlan:SW1:eth1:20+access_vlan:SW1:eth2:10+access_vlan:SW2:eth1:20+access_vlan:SW2:eth2:10+trunk_remove:SW1:eth3:10,22960,22981,0.05,6.800000000000001,21,True,False,True,False,True,recovery_success,0.007399709961776223,21,1,19,0,0,0,0,0,0,0,0,0.848181818181818,0,2.0952380952380953,0,0,0,0,0
2132,4165,access_vlan:SW1:eth1:20+access_vlan:SW1:eth2:10+access_vlan:SW2:eth1:20+trunk_remove:SW1:eth3:10+trunk_remove:SW2:eth3:10,22981,23011,0.05,-4.95,30,True,False,False,True,False,step_limit,0.009459275534997385,30,3,27,0,0,0,0,0,0,11,11,1.1750000000000003,0,2.3666666666666667,0,0,0,0,0
2133,4166,trunk_remove:SW1:eth3:10,23011,23015,0.05,9.35,4,True,False,True,False,True,recovery_success,0.01034560170955956,4,1,2,0,0,0,0,0,0,2,2,0.14181818181818184,0,3.0,0,0,0,0,0
2134,4167,access_vlan:SW1:eth1:20+access_vlan:SW2:eth1:20+access_vlan:SW2:eth2:10+trunk_remove:SW1:eth3:10+trunk_remove:SW1:eth3:20+trunk_remove:SW2:eth3:20,23015,23041,0.05,5.6,26,True,False,True,False,True,recovery_success,0.011846035772647995,26,4,21,0,0,0,0,0,0,8,8,0.9877272727272725,0,2.6153846153846154,0,0,0,0,0
2135,4168,access_vlan:SW2:eth1:20+trunk_remove:SW1:eth3:10,23041,23071,0.05,-4.800000000000001,30,True,False,False,True,False,step_limit,0.009383289981633425,30,2,28,0,0,0,0,0,3,0,0,0.6863636363636361,0,5.933333333333334,0,0,0,0,0
2136,4169,access_vlan:SW1:eth2:10+access_vlan:SW2:eth1:20+access_vlan:SW2:eth2:10,23071,23101,0.05,-4.65,30,True,False,False,True,False,step_limit,0.007900003685305516,30,1,29,0,0,0,0,0,0,10,10,1.2113636363636366,0,2.1,0,0,0,0,0
2137,4170,trunk_remove:SW1:eth3:10+trunk_remove:SW1:eth3:20+trunk_remove:SW2:eth3:20,23101,23131,0.05,-5.550000000000001,30,True,False,False,True,False,step_limit,0.006338758487254381,30,5,23,0,0,0,0,0,2,0,0,0.5490909090909092,0,6.933333333333334,0,0,0,0,0
2138,4171,access_vlan:SW1:eth2:10+access_vlan:SW2:eth2:10+trunk_remove:SW2:eth3:10,23131,23161,0.05,-5.250000000000001,30,True,False,False,True,False,step_limit,0.011086608725599944,30,5,25,0,0,0,0,0,3,0,0,0.3550000000000001,0,8.066666666666666,0,0,0,0,0
2139,4172,access_vlan:SW1:eth2:10+trunk_remove:SW1:eth3:20,23161,23191,0.05,-5.550000000000002,30,True,False,False,True,False,step_limit,0.009545612350727121,30,7,23,0,0,0,0,0,3,3,3,0.6840909090909087,0,5.966666666666667,0,0,0,0,0
2140,4173,access_vlan:SW1:eth1:20+access_vlan:SW2:eth1:20+trunk_remove:SW1:eth3:20+trunk_remove:SW2:eth3:10,23191,23221,0.05,-5.550000000000001,30,True,False,False,True,False,step_limit,0.011320921444954972,30,7,23,0,0,0,0,0,3,2,2,0.22772727272727278,0,9.3,0,0,0,0,0
2141,4174,access_vlan:SW1:eth1:20+access_vlan:SW2:eth2:10+trunk_remove:SW1:eth3:20+trunk_remove:SW2:eth3:10+trunk_remove:SW2:eth3:20,23221,23251,0.05,-4.800000000000001,30,True,False,False,True,False,step_limit,0.00721214129589498,30,2,28,0,0,0,0,0,3,0,0,0.16363636363636366,0,9.766666666666667,0,0,0,0,0
2142,4175,access_vlan:SW2:eth2:10+trunk_remove:SW1:eth3:10+trunk_remove:SW2:eth3:10,23251,23281,0.05,-4.800000000000001,30,True,False,False,True,False,step_limit,0.005672365900439521,30,2,28,0,0,0,0,0,3,0,0,0.4227272727272725,0,7.666666666666667,0,0,0,0,0
2143,4176,access_vlan:SW1:eth1:20+access_vlan:SW2:eth2:10+trunk_remove:SW1:eth3:20+trunk_remove:SW2:eth3:10+trunk_remove:SW2:eth3:20,23281,23300,0.05,-12.75,19,True,False,True,False,False,incorrect_declare_done,0.004568850486784389,19,0,18,0,0,0,0,0,4,0,0,0.0,0,10.0,0,0,0,0,0
2144,4177,access_vlan:SW2:eth2:10+trunk_remove:SW2:eth3:10+trunk_remove:SW2:eth3:20,23300,23330,0.05,-5.250000000000002,30,True,False,False,True,False,step_limit,0.01143601544511815,30,5,25,0,0,0,0,0,2,0,0,0.5527272727272724,0,6.766666666666667,0,0,0,0,0
2145,4178,access_vlan:SW1:eth2:10+access_vlan:SW2:eth1:20+access_vlan:SW2:eth2:10+trunk_remove:SW1:eth3:10+trunk_remove:SW1:eth3:20+trunk_remove:SW2:eth3:20,23330,23346,0.05,7.1,16,True,False,True,False,True,recovery_success,0.011310577421681955,16,4,11,0,0,0,0,0,0,2,2,0.5927272727272727,0,2.8125,0,0,0,0,0
2146,4179,access_vlan:SW2:eth1:20+trunk_remove:SW1:eth3:20,23346,23376,0.05,-5.250000000000002,30,True,False,False,True,False,step_limit,0.00978492444070677,30,5,25,0,0,0,0,0,3,0,0,0.45181818181818156,0,7.666666666666667,0,0,0,0,0
2147,4180,access_vlan:SW1:eth2:10+trunk_remove:SW2:eth3:10,23376,23406,0.05,-5.250000000000002,30,True,False,False,True,False,step_limit,0.010674628576574226,30,4,25,0,0,0,0,0,3,2,2,0.5181818181818181,0,7.0,0,0,0,0,0
2148,4181,access_vlan:SW1:eth2:10+access_vlan:SW2:eth2:10+trunk_remove:SW1:eth3:20+trunk_remove:SW2:eth3:20,23406,23436,0.05,-5.150000000000001,30,True,False,False,True,False,step_limit,0.009589911648072302,30,1,29,0,1,1,1,0,3,27,27,0.697272727272727,1,5.7,0,0,1,0,0
2149,4182,access_vlan:SW1:eth1:20+access_vlan:SW2:eth1:20+access_vlan:SW2:eth2:10+trunk_remove:SW2:eth3:10,23436,23443,0.05,8.75,7,True,False,True,False,True,recovery_success,0.013409650585215007,7,2,4,0,0,0,0,0,0,0,0,0.26136363636363635,0,2.7142857142857144,0,0,0,0,0
2150,4183,access_vlan:SW1:eth1:20+access_vlan:SW1:eth2:10+trunk_remove:SW1:eth3:20+trunk_remove:SW2:eth3:20,23443,23473,0.05,-6.350000000000002,30,True,False,False,True,False,step_limit,0.006831607901646445,30,6,21,0,1,1,1,0,3,4,4,0.1272727272727273,1,9.966666666666667,0,0,1,0,0
2151,4184,access_vlan:SW1:eth2:10+access_vlan:SW2:eth2:10+trunk_remove:SW2:eth3:10+trunk_remove:SW2:eth3:20,23473,23503,0.05,-14.850000000000001,30,True,False,True,False,False,incorrect_declare_done,0.006257820990867913,30,3,26,0,0,0,0,0,3,22,22,0.38090909090909075,0,7.966666666666667,0,0,0,0,0
2152,4185,access_vlan:SW1:eth2:10+trunk_remove:SW1:eth3:20+trunk_remove:SW2:eth3:10,23503,23533,0.05,-4.800000000000001,30,True,False,False,True,False,step_limit,0.011906257132068276,30,1,28,0,0,0,0,0,3,4,4,0.572727272727273,0,6.5,0,0,0,0,0
2153,4186,access_vlan:SW1:eth1:20+trunk_remove:SW1:eth3:10+trunk_remove:SW1:eth3:20+trunk_remove:SW2:eth3:20,23533,23563,0.05,-5.400000000000002,30,True,False,False,True,False,step_limit,0.011478884937241673,30,5,24,0,0,0,0,0,3,0,0,0.4513636363636361,0,7.666666666666667,0,0,0,0,0
2154,4187,trunk_remove:SW1:eth3:20+trunk_remove:SW2:eth3:20,23563,23593,0.05,-4.65,30,True,False,False,True,False,step_limit,0.013407788169570268,30,1,29,0,0,0,0,0,1,16,16,0.8836363636363638,0,4.2,0,0,0,0,0
2155,4188,access_vlan:SW1:eth1:20,23593,23623,0.05,-5.400000000000002,30,True,False,False,True,False,step_limit,0.01500076256537189,30,5,24,0,0,0,0,0,3,2,2,0.6863636363636361,0,5.933333333333334,0,0,0,0,0
2156,4189,access_vlan:SW1:eth1:20+access_vlan:SW2:eth1:20+trunk_remove:SW1:eth3:10+trunk_remove:SW1:eth3:20+trunk_remove:SW2:eth3:10+trunk_remove:SW2:eth3:20,23623,23653,0.05,-5.550000000000001,30,True,False,False,True,False,step_limit,0.013529843976721167,30,5,23,0,0,0,0,0,3,0,0,0.07272727272727274,0,10.366666666666667,0,0,0,0,0
2157,4190,access_vlan:SW1:eth2:10+access_vlan:SW2:eth1:20+trunk_remove:SW1:eth3:20+trunk_remove:SW2:eth3:10+trunk_remove:SW2:eth3:20,23653,23683,0.05,-5.8500000000000005,30,True,False,False,True,False,step_limit,0.0107969416383033,30,5,21,0,0,0,0,0,3,0,0,0.1863636363636364,0,9.033333333333333,0,0,0,0,0
2158,4191,access_vlan:SW1:eth1:20+access_vlan:SW1:eth2:10+trunk_remove:SW1:eth3:20+trunk_remove:SW2:eth3:20,23683,23713,0.05,-5.700000000000003,30,True,False,False,True,False,step_limit,0.010111159008617202,30,5,22,0,0,0,0,0,2,5,5,0.22272727272727277,0,9.233333333333333,0,0,1,-1,0
2159,4192,access_vlan:SW1:eth1:20+access_vlan:SW2:eth1:20+access_vlan:SW2:eth2:10+trunk_remove:SW1:eth3:20+trunk_remove:SW2:eth3:10,23713,23743,0.05,-4.95,30,True,False,False,True,False,step_limit,0.008661364189659555,30,3,27,0,0,0,0,0,0,13,13,1.1745454545454548,0,2.3666666666666667,0,0,0,0,0
2160,4193,access_vlan:SW1:eth1:20+access_vlan:SW1:eth2:10+access_vlan:SW2:eth2:10+trunk_remove:SW1:eth3:10+trunk_remove:SW2:eth3:10,23743,23758,0.05,7.4,15,True,False,True,False,True,recovery_success,0.01670928409633537,15,3,11,0,0,0,0,0,0,0,0,0.5559090909090908,0,2.8,0,0,0,0,0
2161,4194,access_vlan:SW1:eth1:20+access_vlan:SW1:eth2:10+trunk_remove:SW1:eth3:10,23758,23785,0.05,5.099999999999999,27,True,False,True,False,True,recovery_success,0.016895612537929858,27,3,23,0,1,1,1,0,0,11,11,1.0368181818181816,1,2.5185185185185186,0,0,1,0,0
2162,4195,access_vlan:SW1:eth2:10+access_vlan:SW2:eth1:20+access_vlan:SW2:eth2:10+trunk_remove:SW1:eth3:10+trunk_remove:SW2:eth3:10+trunk_remove:SW2:eth3:20,23785,23815,0.05,-5.100000000000001,30,True,False,False,True,False,step_limit,0.012705187344302734,30,4,26,0,0,0,0,0,0,12,12,1.1422727272727273,0,2.6,0,0,0,0,0
2163,4196,access_vlan:SW1:eth1:20+access_vlan:SW1:eth2:10+access_vlan:SW2:eth1:20+trunk_remove:SW1:eth3:10+trunk_remove:SW1:eth3:20+trunk_remove:SW2:eth3:20,23815,23845,0.05,-5.100000000000001,30,True,False,False,True,False,step_limit,0.008454145638582607,30,4,26,0,0,0,0,0,0,15,15,1.1422727272727273,0,2.6,0,0,0,0,0
2164,4197,access_vlan:SW1:eth1:20+trunk_remove:SW1:eth3:10+trunk_remove:SW1:eth3:20,23845,23868,0.05,-13.649999999999999,23,True,False,True,False,False,incorrect_declare_done,0.00660973848046168,23,1,20,0,0,0,0,0,3,0,0,0.4581818181818183,0,6.043478260869565,0,0,0,0,0
2165,4198,access_vlan:SW1:eth2:10+access_vlan:SW2:eth1:20+access_vlan:SW2:eth2:10+trunk_remove:SW1:eth3:10+trunk_remove:SW2:eth3:10+trunk_remove:SW2:eth3:20,23868,23891,0.05,6.050000000000001,23,True,False,True,False,True,recovery_success,0.007042600393659719,23,4,18,0,0,0,0,0,0,8,8,0.8649999999999998,0,2.6956521739130435,0,0,0,0,0
2166,4199,access_vlan:SW2:eth2:10+trunk_remove:SW1:eth3:20+trunk_remove:SW2:eth3:20,23891,23921,0.05,-6.6000000000000005,30,True,False,False,True,False,step_limit,0.006772085325792432,30,10,16,0,0,0,0,0,3,9,9,0.715909090909091,0,5.5,0,0,0,0,0
2167,4200,access_vlan:SW2:eth1:20+access_vlan:SW2:eth2:10+trunk_remove:SW1:eth3:20+trunk_remove:SW2:eth3:10,23921,23951,0.05,-4.949999999999999,30,True,False,False,True,False,step_limit,0.004724433164422711,30,3,27,0,0,0,0,0,2,3,3,0.2772727272727272,0,8.3,0,0,1,-1,0
2168,4201,access_vlan:SW1:eth2:10+access_vlan:SW2:eth1:20+access_vlan:SW2:eth2:10+trunk_remove:SW1:eth3:20+trunk_remove:SW2:eth3:10+trunk_remove:SW2:eth3:20,23951,23981,0.05,-5.100000000000001,30,True,False,False,True,False,step_limit,0.005928814255942901,30,4,26,0,0,0,0,0,0,13,13,1.1563636363636365,0,2.5,0,0,0,0,0
2169,4202,access_vlan:SW1:eth2:10+access_vlan:SW2:eth2:10+trunk_remove:SW1:eth3:10+trunk_remove:SW2:eth3:10,23981,23996,0.05,-12.75,15,True,False,True,False,False,incorrect_declare_done,0.0049606549398352705,15,3,10,0,0,0,0,0,3,3,3,0.25909090909090915,0,7.066666666666666,0,0,0,0,0
2170,4203,access_vlan:SW1:eth1:20+access_vlan:SW1:eth2:10+access_vlan:SW2:eth2:10+trunk_remove:SW1:eth3:10+trunk_remove:SW1:eth3:20,23996,24026,0.05,-4.950000000000001,30,True,False,False,True,False,step_limit,0.007172358020519217,30,3,27,0,0,0,0,0,0,17,17,1.1654545454545457,0,2.433333333333333,0,0,0,0,0
2171,4204,access_vlan:SW2:eth1:20+access_vlan:SW2:eth2:10+trunk_remove:SW1:eth3:10+trunk_remove:SW2:eth3:10,24026,24056,0.05,-5.600000000000002,30,True,False,False,True,False,step_limit,0.009820973795528213,30,4,26,0,1,1,1,0,0,18,18,1.1181818181818182,1,2.7666666666666666,0,0,1,0,0
2172,4205,access_vlan:SW1:eth1:20+access_vlan:SW2:eth1:20+access_vlan:SW2:eth2:10+trunk_remove:SW2:eth3:10+trunk_remove:SW2:eth3:20,24056,24086,0.05,-5.250000000000002,30,True,False,False,True,False,step_limit,0.008281177872171004,30,5,25,0,0,0,0,0,0,17,17,1.1154545454545455,0,2.8,0,0,0,0,0
2173,4206,access_vlan:SW2:eth2:10+trunk_remove:SW1:eth3:10+trunk_remove:SW2:eth3:20,24086,24116,0.05,-5.85,30,True,False,False,True,False,step_limit,0.005816856709619363,30,9,21,0,0,0,0,0,2,0,0,0.5063636363636362,0,7.266666666666667,0,0,0,0,0
2174,4207,access_vlan:SW2:eth1:20+access_vlan:SW2:eth2:10+trunk_remove:SW2:eth3:20,24116,24146,0.05,-5.450000000000002,30,True,False,False,True,False,step_limit,0.006195992697030306,30,3,27,0,1,1,1,0,0,17,17,1.0913636363636363,1,2.966666666666667,0,0,1,0,0
2175,4208,access_vlan:SW1:eth2:10+access_vlan:SW2:eth1:20+access_vlan:SW2:eth2:10+trunk_remove:SW1:eth3:10+trunk_remove:SW1:eth3:20+trunk_remove:SW2:eth3:10,24146,24155,0.05,8.149999999999999,9,True,False,True,False,True,recovery_success,0.006960229689462317,9,4,4,0,0,0,0,0,0,0,0,0.2786363636363636,0,4.111111111111111,0,0,0,0,0
2176,4209,access_vlan:SW2:eth1:20+trunk_remove:SW1:eth3:10,24155,24170,0.05,-12.75,15,True,False,True,False,False,incorrect_declare_done,0.004661402339115739,15,4,10,0,0,0,0,0,3,4,4,0.34318181818181814,0,5.933333333333334,0,0,0,0,0
2177,4210,access_vlan:SW1:eth2:10+access_vlan:SW2:eth1:20+access_vlan:SW2:eth2:10+trunk_remove:SW1:eth3:10+trunk_remove:SW2:eth3:10+trunk_remove:SW2:eth3:20,24170,24200,0.05,-5.400000000000002,30,True,False,False,True,False,step_limit,0.006371743814088404,30,6,24,0,0,0,0,0,0,18,18,1.096818181818182,0,2.933333333333333,0,0,0,0,0
2178,4211,access_vlan:SW1:eth2:10+access_vlan:SW2:eth1:20+trunk_remove:SW1:eth3:10+trunk_remove:SW1:eth3:20+trunk_remove:SW2:eth3:10+trunk_remove:SW2:eth3:20,24200,24230,0.05,-5.400000000000002,30,True,False,False,True,False,step_limit,0.006732877957013746,30,6,24,0,0,0,0,0,0,18,18,1.0818181818181818,0,3.033333333333333,0,0,0,0,0
2179,4212,access_vlan:SW1:eth1:20+access_vlan:SW2:eth1:20+access_vlan:SW2:eth2:10+trunk_remove:SW1:eth3:20+trunk_remove:SW2:eth3:10,24230,24238,0.05,8.45,8,True,False,True,False,True,recovery_success,0.005874115682672709,8,3,4,0,0,0,0,0,0,2,2,0.27454545454545454,0,3.375,0,0,0,0,0
2180,4213,access_vlan:SW2:eth1:20+trunk_remove:SW1:eth3:20,24238,24262,0.05,-14.4,24,True,False,True,False,False,incorrect_declare_done,0.011457910664224377,24,6,17,0,0,0,0,0,2,4,4,0.47454545454545444,0,6.625,0,0,0,0,0
2181,4214,access_vlan:SW1:eth2:10+access_vlan:SW2:eth1:20+access_vlan:SW2:eth2:10+trunk_remove:SW1:eth3:20+trunk_remove:SW2:eth3:10,24262,24292,0.05,-4.950000000000001,30,True,False,False,True,False,step_limit,0.015459842855731647,30,3,27,0,0,0,0,0,0,23,23,1.1654545454545457,0,2.433333333333333,0,0,0,0,0
2182,4215,access_vlan:SW1:eth1:20+access_vlan:SW2:eth1:20+access_vlan:SW2:eth2:10+trunk_remove:SW1:eth3:20,24292,24322,0.05,-4.800000000000001,30,True,False,False,True,False,step_limit,0.013589243567548693,30,2,28,0,0,0,0,0,0,20,20,1.1881818181818184,0,2.2666666666666666,0,0,0,0,0
2183,4216,access_vlan:SW1:eth1:20+access_vlan:SW1:eth2:10+access_vlan:SW2:eth1:20+access_vlan:SW2:eth2:10,24322,24328,0.05,9.2,6,True,False,True,False,True,recovery_success,0.009309789321074883,6,0,5,0,0,0,0,0,0,1,1,0.24000000000000002,0,2.0,0,0,0,0,0
2184,4217,access_vlan:SW2:eth2:10,24328,24358,0.05,-5.1,30,True,False,False,True,False,step_limit,0.004712882653499643,30,3,26,0,0,0,0,0,3,30,30,0.6840909090909087,0,5.966666666666667,0,0,0,0,0
2185,4218,access_vlan:SW1:eth2:10+trunk_remove:SW1:eth3:10+trunk_remove:SW1:eth3:20+trunk_remove:SW2:eth3:10+trunk_remove:SW2:eth3:20,24358,24386,0.05,-14.850000000000001,28,True,False,True,False,False,incorrect_declare_done,0.003910197215321075,28,3,22,0,0,0,0,0,2,0,0,0.4854545454545455,0,6.785714285714286,0,0,0,0,0
2186,4219,access_vlan:SW1:eth2:10+access_vlan:SW2:eth1:20+trunk_remove:SW1:eth3:10+trunk_remove:SW2:eth3:10+trunk_remove:SW2:eth3:20,24386,24416,0.05,-7.350000000000001,30,True,False,False,True,False,step_limit,0.004522797123839458,30,13,11,0,0,0,0,0,2,6,6,0.468181818181818,0,7.533333333333333,0,0,0,0,0
2187,4220,access_vlan:SW1:eth2:10+access_vlan:SW2:eth2:10+trunk_remove:SW2:eth3:10+trunk_remove:SW2:eth3:20,24416,24446,0.05,-6.000000000000001,30,True,False,False,True,False,step_limit,0.00560054633145531,30,8,20,0,0,0,0,0,2,4,4,0.4963636363636361,0,7.3,0,0,0,0,0
2188,4221,trunk_remove:SW1:eth3:10+trunk_remove:SW2:eth3:20,24446,24476,0.05,-5.100000000000001,30,True,False,False,True,False,step_limit,0.005028157743314902,30,4,26,0,0,0,0,0,2,0,0,0.5472727272727274,0,6.966666666666667,0,0,0,0,0
2189,4222,access_vlan:SW2:eth2:10+trunk_remove:SW2:eth3:10+trunk_remove:SW2:eth3:20,24476,24506,0.05,-4.800000000000001,30,True,False,False,True,False,step_limit,0.005988425978769859,30,2,28,0,0,0,0,0,3,0,0,0.4563636363636361,0,7.633333333333334,0,0,0,0,0
2190,4223,access_vlan:SW1:eth2:10+access_vlan:SW2:eth1:20+trunk_remove:SW1:eth3:20+trunk_remove:SW2:eth3:10,24506,24517,0.05,-12.3,11,True,False,True,False,False,incorrect_declare_done,0.005000608592209491,11,3,5,0,0,0,0,0,4,0,0,0.09090909090909093,0,9.0,0,0,0,0,0
2191,4224,access_vlan:SW1:eth1:20+trunk_remove:SW1:eth3:10,24517,24547,0.05,-6.1499999999999995,30,True,False,False,True,False,step_limit,0.005807344902617236,30,6,19,0,0,0,0,0,3,23,23,0.6863636363636361,0,5.933333333333334,0,0,0,0,0
2192,4225,access_vlan:SW1:eth2:10+access_vlan:SW2:eth1:20+trunk_remove:SW1:eth3:10+trunk_remove:SW2:eth3:20,24547,24577,0.05,-5.100000000000001,30,True,False,False,True,False,step_limit,0.0060653410153463485,30,4,26,0,0,0,0,0,0,22,22,1.1181818181818182,0,2.7666666666666666,0,0,0,0,0
2193,4226,access_vlan:SW1:eth2:10+trunk_remove:SW2:eth3:10,24577,24607,0.05,-6.599999999999998,30,True,False,False,True,False,step_limit,0.005128772316190104,30,9,16,0,0,0,0,0,2,2,2,0.5018181818181816,0,7.3,0,0,0,0,0
2194,4227,access_vlan:SW2:eth2:10+trunk_remove:SW2:eth3:20,24607,24637,0.05,-7.499999999999998,30,True,False,False,True,False,step_limit,0.0061795276356861,30,15,10,0,0,0,0,0,3,24,24,0.6840909090909087,0,5.966666666666667,0,0,0,0,0
2195,4228,access_vlan:SW1:eth1:20+trunk_remove:SW1:eth3:20,24637,24667,0.05,-5.849999999999999,30,True,False,False,True,False,step_limit,0.008596135194723804,30,8,21,0,0,0,0,0,1,3,3,0.716363636363636,0,5.666666666666667,0,0,0,0,0
2196,4229,access_vlan:SW1:eth1:20+access_vlan:SW2:eth2:10,24667,24697,0.05,-5.700000000000002,30,True,False,False,True,False,step_limit,0.004998797923326493,30,8,22,0,0,0,0,0,4,0,0,0.11636363636363638,0,10.066666666666666,0,0,0,0,0
2197,4230,trunk_remove:SW1:eth3:20+trunk_remove:SW2:eth3:20,24697,24703,0.05,-11.100000000000001,6,True,False,True,False,False,incorrect_declare_done,0.004152848424079518,6,2,3,0,0,0,0,0,1,3,3,0.16909090909090913,0,4.666666666666667,0,0,0,0,0
2198,4231,access_vlan:SW1:eth2:10+access_vlan:SW2:eth2:10+trunk_remove:SW1:eth3:10+trunk_remove:SW1:eth3:20,24703,24714,0.05,7.85,11,True,False,True,False,True,recovery_success,0.006226299267092889,11,4,6,0,0,0,0,0,0,7,7,0.3413636363636363,0,4.090909090909091,0,0,0,0,0
2199,4232,access_vlan:SW1:eth1:20+access_vlan:SW1:eth2:10+access_vlan:SW2:eth1:20+access_vlan:SW2:eth2:10+trunk_remove:SW1:eth3:20+trunk_remove:SW2:eth3:10,24714,24744,0.05,-4.800000000000001,30,True,False,False,True,False,step_limit,0.004583721056890985,30,2,28,0,0,0,0,0,0,28,28,1.1972727272727275,0,2.2,0,0,0,0,0
2200,4233,access_vlan:SW1:eth2:10+trunk_remove:SW1:eth3:10+trunk_remove:SW2:eth3:10,24744,24774,0.05,-16.05,30,True,False,True,False,False,incorrect_declare_done,0.00607791841806223,30,10,18,0,0,0,0,0,2,2,2,0.511818181818182,0,7.2,0,0,0,0,0
2201,4234,access_vlan:SW1:eth2:10+access_vlan:SW2:eth1:20+access_vlan:SW2:eth2:10+trunk_remove:SW1:eth3:20+trunk_remove:SW2:eth3:10+trunk_remove:SW2:eth3:20,24774,24787,0.05,7.55,13,True,False,True,False,True,recovery_success,0.007169531649336792,13,4,8,0,0,0,0,0,0,9,9,0.4609090909090908,0,3.1538461538461537,0,0,0,0,0
2202,4235,access_vlan:SW1:eth2:10+access_vlan:SW2:eth1:20+access_vlan:SW2:eth2:10+trunk_remove:SW1:eth3:10,24787,24809,0.05,6.5,22,True,False,True,False,True,recovery_success,0.006443996321071278,22,2,19,0,0,0,0,0,0,14,14,0.8609090909090907,0,2.3636363636363638,0,0,0,0,0
2203,4236,access_vlan:SW1:eth1:20+access_vlan:SW1:eth2:10+access_vlan:SW2:eth2:10+trunk_remove:SW1:eth3:10+trunk_remove:SW1:eth3:20+trunk_remove:SW2:eth3:20,24809,24839,0.05,-5.100000000000001,30,True,False,False,True,False,step_limit,0.005301220769373079,30,4,26,0,0,0,0,0,0,22,22,1.1427272727272728,0,2.6,0,0,0,0,0
2204,4237,access_vlan:SW1:eth2:10+trunk_remove:SW1:eth3:10+trunk_remove:SW2:eth3:10+trunk_remove:SW2:eth3:20,24839,24869,0.05,-7.349999999999998,30,True,False,False,True,False,step_limit,0.004673157147287081,30,13,11,0,0,0,0,0,3,0,0,0.4277272727272726,0,7.7,0,0,0,0,0
2205,4238,access_vlan:SW1:eth1:20+access_vlan:SW2:eth1:20+trunk_remove:SW1:eth3:20+trunk_remove:SW2:eth3:10,24869,24889,0.05,-14.25,20,True,False,True,False,False,incorrect_declare_done,0.005500255594961345,20,8,10,0,0,0,0,0,3,0,0,0.18681818181818186,0,8.9,0,0,0,0,0
2206,4239,access_vlan:SW1:eth1:20+access_vlan:SW2:eth1:20+access_vlan:SW2:eth2:10+trunk_remove:SW1:eth3:20,24889,24919,0.05,-4.800000000000001,30,True,False,False,True,False,step_limit,0.0038005950084577006,30,2,28,0,0,0,0,0,0,16,16,1.1881818181818184,0,2.2666666666666666,0,0,0,0,0
2207,4240,access_vlan:SW1:eth1:20+access_vlan:SW1:eth2:10+access_vlan:SW2:eth2:10+trunk_remove:SW1:eth3:10+trunk_remove:SW2:eth3:10+trunk_remove:SW2:eth3:20,24919,24946,0.05,5.449999999999999,27,True,False,True,False,True,recovery_success,0.005708703909207274,27,4,22,0,0,0,0,0,0,13,13,1.0195454545454543,0,2.6666666666666665,0,0,0,0,0
2208,4241,access_vlan:SW1:eth2:10+trunk_remove:SW1:eth3:10,24946,24976,0.05,-5.849999999999998,30,True,False,False,True,False,step_limit,0.005785812181420625,30,7,21,0,0,0,0,0,3,1,1,0.5690909090909093,0,6.366666666666666,0,0,0,0,0
2209,4242,access_vlan:SW1:eth2:10+trunk_remove:SW1:eth3:10+trunk_remove:SW1:eth3:20+trunk_remove:SW2:eth3:10+trunk_remove:SW2:eth3:20,24976,25006,0.05,-5.100000000000001,30,True,False,False,True,False,step_limit,0.005164810107089579,30,3,26,0,0,0,0,0,3,0,0,0.41181818181818164,0,7.933333333333334,0,0,0,0,0
2210,4243,access_vlan:SW2:eth1:20+access_vlan:SW2:eth2:10+trunk_remove:SW1:eth3:10+trunk_remove:SW1:eth3:20,25006,25036,0.05,-5.450000000000002,30,True,False,False,True,False,step_limit,0.0061214219002674024,30,3,27,0,1,1,1,0,3,3,3,0.5418181818181816,1,7.0,0,0,1,0,0
2211,4244,access_vlan:SW1:eth1:20+access_vlan:SW2:eth1:20+access_vlan:SW2:eth2:10+trunk_remove:SW1:eth3:20,25036,25066,0.05,-4.800000000000001,30,True,False,False,True,False,step_limit,0.0037441680130238333,30,2,28,0,0,0,0,0,0,16,16,1.1063636363636364,0,2.8666666666666667,0,0,0,0,0
2212,4245,access_vlan:SW1:eth2:10+access_vlan:SW2:eth1:20+access_vlan:SW2:eth2:10+trunk_remove:SW2:eth3:20,25066,25096,0.05,-4.800000000000001,30,True,False,False,True,False,step_limit,0.00335004551258559,30,2,28,0,0,0,0,0,0,14,14,1.156818181818182,0,2.5,0,0,0,0,0
2213,4246,access_vlan:SW1:eth1:20+access_vlan:SW2:eth2:10+trunk_remove:SW2:eth3:10,25096,25097,0.05,-10.05,1,True,False,True,False,False,incorrect_declare_done,0.003915244713425636,1,0,0,0,0,0,0,0,4,0,0,0.01,0,8.0,0,0,0,0,0
2214,4247,access_vlan:SW1:eth1:20+access_vlan:SW2:eth1:20+trunk_remove:SW1:eth3:10+trunk_remove:SW1:eth3:20+trunk_remove:SW2:eth3:20,25097,25127,0.05,-5.55,30,True,False,False,True,False,step_limit,0.0038021583808586002,30,7,23,0,0,0,0,0,3,26,26,0.4681818181818179,0,7.533333333333333,0,0,0,0,0
2215,4248,access_vlan:SW1:eth2:10+access_vlan:SW2:eth1:20+access_vlan:SW2:eth2:10,25127,25157,0.05,-4.65,30,True,False,False,True,False,step_limit,0.0051716584479436275,30,1,29,0,0,0,0,0,0,21,21,1.2113636363636366,0,2.1,0,0,0,0,0
2216,4249,access_vlan:SW1:eth1:20+access_vlan:SW1:eth2:10+access_vlan:SW2:eth2:10+trunk_remove:SW1:eth3:10+trunk_remove:SW2:eth3:10+trunk_remove:SW2:eth3:20,25157,25174,0.05,6.65,17,True,False,True,False,True,recovery_success,0.008114706135957557,17,6,10,0,0,0,0,0,0,6,6,0.5422727272727272,0,3.9411764705882355,0,0,0,0,0
2217,4250,access_vlan:SW1:eth2:10+trunk_remove:SW2:eth3:10,25174,25204,0.05,-5.399999999999998,30,True,False,False,True,False,step_limit,0.00715816121470804,30,3,24,0,0,0,0,0,3,1,1,0.4499999999999999,0,7.6,0,0,0,0,0
2218,4251,access_vlan:SW1:eth1:20+access_vlan:SW2:eth2:10+trunk_remove:SW1:eth3:20+trunk_remove:SW2:eth3:10+trunk_remove:SW2:eth3:20,25204,25234,0.05,-5.1000000000000005,30,True,False,False,True,False,step_limit,0.006401446993307521,30,4,26,0,0,0,0,0,4,0,0,0.0,0,10.633333333333333,0,0,0,0,0
2219,4252,access_vlan:SW1:eth2:10+access_vlan:SW2:eth2:10+trunk_remove:SW1:eth3:20+trunk_remove:SW2:eth3:10,25234,25255,0.05,-13.65,21,True,False,True,False,False,incorrect_declare_done,0.0032872523935068222,21,4,16,0,0,0,0,0,3,8,8,0.31409090909090903,0,7.666666666666667,0,0,0,0,0
2220,4253,access_vlan:SW1:eth1:20+access_vlan:SW1:eth2:10+access_vlan:SW2:eth2:10+trunk_remove:SW1:eth3:10+trunk_remove:SW1:eth3:20,25255,25280,0.05,5.9,25,True,False,True,False,True,recovery_success,0.0038465259689837695,25,3,21,0,0,0,0,0,0,13,13,0.9336363636363635,0,2.76,0,0,0,0,0
2221,4254,access_vlan:SW1:eth1:20+access_vlan:SW1:eth2:10+trunk_remove:SW1:eth3:10+trunk_remove:SW2:eth3:20,25280,25300,0.05,-13.05,20,True,False,True,False,False,incorrect_declare_done,0.00318461530841887,20,1,18,0,0,0,0,0,2,0,0,0.14545454545454545,0,9.0,0,0,1,-1,0
2222,4255,access_vlan:SW1:eth2:10+access_vlan:SW2:eth1:20+access_vlan:SW2:eth2:10+trunk_remove:SW1:eth3:10+trunk_remove:SW2:eth3:10+trunk_remove:SW2:eth3:20,25300,25330,0.05,-6.000000000000002,30,True,False,False,True,False,step_limit,0.0029759908366637925,30,9,20,0,0,0,0,0,1,8,8,0.8059090909090905,0,5.066666666666666,0,0,0,0,0
2223,4256,access_vlan:SW1:eth2:10+trunk_remove:SW2:eth3:10,25330,25360,0.05,-4.65,30,True,False,False,True,False,step_limit,0.0026758226527211566,30,1,29,0,0,0,0,0,3,1,1,0.5618181818181819,0,6.7,0,0,0,0,0
2224,4257,access_vlan:SW2:eth1:20+trunk_remove:SW1:eth3:10+trunk_remove:SW2:eth3:10+trunk_remove:SW2:eth3:20,25360,25362,0.05,-10.200000000000001,2,True,False,True,False,False,incorrect_declare_done,0.0027260608039796352,2,0,1,0,0,0,0,0,3,0,0,0.04,0,6.0,0,0,0,0,0
2225,4258,access_vlan:SW1:eth1:20+access_vlan:SW2:eth2:10+trunk_remove:SW1:eth3:20+trunk_remove:SW2:eth3:20,25362,25392,0.05,-4.8,30,True,False,False,True,False,step_limit,0.0025271586375311015,30,2,28,0,0,0,0,0,4,0,0,0.2945454545454546,0,8.2,0,0,0,0,0
2226,4259,access_vlan:SW1:eth1:20+access_vlan:SW2:eth1:20+access_vlan:SW2:eth2:10+trunk_remove:SW1:eth3:20+trunk_remove:SW2:eth3:20,25392,25397,0.05,-10.950000000000001,5,True,False,True,False,False,incorrect_declare_done,0.0024754970334470274,5,2,2,0,0,0,0,0,1,0,0,0.12863636363636366,0,5.2,0,0,0,0,0
2227,4260,access_vlan:SW1:eth1:20+access_vlan:SW2:eth2:10,25397,25427,0.05,-4.95,30,True,False,False,True,False,step_limit,0.0026135328497427206,30,3,27,0,0,0,0,0,4,0,0,0.1763636363636364,0,9.666666666666666,0,0,0,0,0
2228,4261,access_vlan:SW1:eth1:20+access_vlan:SW2:eth1:20+trunk_remove:SW1:eth3:10+trunk_remove:SW2:eth3:10+trunk_remove:SW2:eth3:20,25427,25457,0.05,-4.950000000000001,30,True,False,False,True,False,step_limit,0.0023006720390791693,30,3,27,0,0,0,0,0,3,0,0,0.26818181818181824,0,8.733333333333333,0,0,0,0,0
2229,4262,access_vlan:SW1:eth1:20+access_vlan:SW1:eth2:10+access_vlan:SW2:eth1:20+access_vlan:SW2:eth2:10+trunk_remove:SW1:eth3:20+trunk_remove:SW2:eth3:20,25457,25463,0.05,-10.8,6,True,False,True,False,False,incorrect_declare_done,0.0030473069249031446,6,0,5,0,0,0,0,0,1,0,0,0.18000000000000002,0,4.0,0,0,0,0,0
2230,4263,access_vlan:SW1:eth2:10+access_vlan:SW2:eth1:20+trunk_remove:SW1:eth3:20+trunk_remove:SW2:eth3:10+trunk_remove:SW2:eth3:20,25463,25493,0.05,-4.65,30,True,False,False,True,False,step_limit,0.0033024597563780845,30,1,29,0,0,0,0,0,3,11,11,0.20000000000000004,0,8.9,0,0,0,0,0
2231,4264,access_vlan:SW2:eth1:20+access_vlan:SW2:eth2:10+trunk_remove:SW1:eth3:20,25493,25523,0.05,-5.300000000000002,30,True,False,False,True,False,step_limit,0.003937350178603083,30,2,28,0,1,1,1,0,1,3,3,0.8918181818181822,1,4.4,0,0,1,0,0
2232,4265,access_vlan:SW1:eth1:20+access_vlan:SW2:eth1:20+access_vlan:SW2:eth2:10+trunk_remove:SW1:eth3:10,25523,25547,0.05,5.9,24,True,False,True,False,True,recovery_success,0.002899309513547147,24,4,19,0,0,0,0,0,0,11,11,0.834090909090909,0,3.3333333333333335,0,0,0,0,0
2233,4266,access_vlan:SW2:eth1:20+access_vlan:SW2:eth2:10+trunk_remove:SW1:eth3:20,25547,25577,0.05,-6.050000000000002,30,True,False,False,True,False,step_limit,0.0074111033696681265,30,7,23,0,1,1,1,0,1,3,3,0.38772727272727275,1,7.766666666666667,0,0,1,0,0
2234,4267,access_vlan:SW1:eth1:20+access_vlan:SW2:eth1:20+access_vlan:SW2:eth2:10+trunk_remove:SW1:eth3:10+trunk_remove:SW2:eth3:10,25577,25607,0.05,-4.950000000000001,30,True,False,False,True,False,step_limit,0.003755973653945451,30,3,27,0,0,0,0,0,0,21,21,1.1204545454545454,0,2.7666666666666666,0,0,0,0,0
2235,4268,access_vlan:SW1:eth1:20+access_vlan:SW1:eth2:10+access_vlan:SW2:eth2:10+trunk_remove:SW1:eth3:20+trunk_remove:SW2:eth3:20,25607,25637,0.05,-4.800000000000001,30,True,False,False,True,False,step_limit,0.010051875930124273,30,2,28,0,0,0,0,0,3,0,0,0.6840909090909087,0,5.966666666666667,0,0,0,0,0
2236,4269,access_vlan:SW1:eth1:20+access_vlan:SW1:eth2:10+access_vlan:SW2:eth1:20+trunk_remove:SW2:eth3:10+trunk_remove:SW2:eth3:20,25637,25667,0.05,-4.950000000000001,30,True,False,False,True,False,step_limit,0.01029401501485457,30,3,27,0,0,0,0,0,0,17,17,1.079090909090909,0,3.066666666666667,0,0,0,0,0
2237,4270,access_vlan:SW2:eth2:10+trunk_remove:SW1:eth3:10+trunk_remove:SW2:eth3:20,25667,25697,0.05,-4.800000000000001,30,True,False,False,True,False,step_limit,0.00888423352347066,30,2,28,0,0,0,0,0,3,2,2,0.447272727272727,0,7.6,0,0,0,0,0
2238,4271,access_vlan:SW2:eth1:20+trunk_remove:SW1:eth3:20+trunk_remove:SW2:eth3:10,25697,25727,0.05,-4.65,30,True,False,False,True,False,step_limit,0.011615971149876714,30,1,29,0,0,0,0,0,3,0,0,0.5236363636363635,0,6.8,0,0,0,0,0
2239,4272,access_vlan:SW1:eth1:20+access_vlan:SW1:eth2:10+access_vlan:SW2:eth2:10+trunk_remove:SW1:eth3:20+trunk_remove:SW2:eth3:20,25727,25757,0.05,-5.250000000000002,30,True,False,False,True,False,step_limit,0.01655517323718717,30,5,25,0,0,0,0,0,3,10,10,0.6840909090909087,0,5.966666666666667,0,0,0,0,0
2240,4273,access_vlan:SW1:eth1:20+access_vlan:SW1:eth2:10+access_vlan:SW2:eth1:20+trunk_remove:SW2:eth3:10+trunk_remove:SW2:eth3:20,25757,25787,0.05,-5.100000000000001,30,True,False,False,True,False,step_limit,0.010085508363166204,30,4,26,0,0,0,0,0,1,1,1,0.9063636363636368,0,4.333333333333333,0,0,0,0,0
2241,4274,access_vlan:SW1:eth1:20+trunk_remove:SW1:eth3:20,25787,25817,0.05,-14.4,30,True,False,True,False,False,incorrect_declare_done,0.008618199654544393,30,0,29,0,0,0,0,0,3,0,0,0.6000000000000002,0,6.0,0,0,0,0,0
2242,4275,access_vlan:SW1:eth1:20+access_vlan:SW1:eth2:10+access_vlan:SW2:eth2:10+trunk_remove:SW1:eth3:10+trunk_remove:SW2:eth3:20,25817,25846,0.05,5.299999999999999,29,True,False,True,False,True,recovery_success,0.0063504636616863565,29,3,25,0,0,0,0,0,0,19,19,1.0563636363636364,0,2.9655172413793105,0,0,0,0,0
2243,4276,access_vlan:SW1:eth1:20+access_vlan:SW1:eth2:10+access_vlan:SW2:eth1:20+access_vlan:SW2:eth2:10+trunk_remove:SW1:eth3:20+trunk_remove:SW2:eth3:10,25846,25876,0.05,-4.800000000000001,30,True,False,False,True,False,step_limit,0.005897137526577959,30,2,28,0,0,0,0,0,0,21,21,1.1427272727272728,0,2.6,0,0,0,0,0
2244,4277,access_vlan:SW1:eth1:20+trunk_remove:SW2:eth3:20,25876,25906,0.05,-4.5,30,True,False,False,True,False,step_limit,0.0029804455970103543,30,0,30,0,0,0,0,0,3,0,0,0.6000000000000002,0,6.0,0,0,0,0,0
2245,4278,access_vlan:SW1:eth1:20+access_vlan:SW2:eth1:20+access_vlan:SW2:eth2:10+trunk_remove:SW1:eth3:20+trunk_remove:SW2:eth3:10+trunk_remove:SW2:eth3:20,25906,25936,0.05,-5.1000000000000005,30,True,False,False,True,False,step_limit,0.0038916481231960156,30,4,26,0,0,0,0,0,0,16,16,1.024090909090909,0,3.466666666666667,0,0,0,0,0
2246,4279,access_vlan:SW1:eth1:20+access_vlan:SW1:eth2:10+access_vlan:SW2:eth2:10+trunk_remove:SW1:eth3:10+trunk_remove:SW2:eth3:10+trunk_remove:SW2:eth3:20,25936,25966,0.05,-4.950000000000001,30,True,False,False,True,False,step_limit,0.0035800531661758822,30,3,27,0,0,0,0,0,3,1,1,0.5377272727272728,0,7.033333333333333,0,0,0,0,0
2247,4280,access_vlan:SW1:eth1:20+access_vlan:SW2:eth1:20+access_vlan:SW2:eth2:10+trunk_remove:SW1:eth3:20+trunk_remove:SW2:eth3:10+trunk_remove:SW2:eth3:20,25966,25996,0.05,-4.950000000000001,30,True,False,False,True,False,step_limit,0.0025659422370760392,30,3,27,0,0,0,0,0,1,0,0,0.9013636363636368,0,4.366666666666666,0,0,0,0,0
2248,4281,access_vlan:SW1:eth1:20+access_vlan:SW1:eth2:10+access_vlan:SW2:eth2:10+trunk_remove:SW1:eth3:10+trunk_remove:SW2:eth3:10,25996,26026,0.05,-4.950000000000001,30,True,False,False,True,False,step_limit,0.004144654799407969,30,3,27,0,0,0,0,0,0,17,17,1.1104545454545456,0,2.8333333333333335,0,0,0,0,0
2249,4282,access_vlan:SW1:eth1:20+access_vlan:SW2:eth1:20+trunk_remove:SW1:eth3:10+trunk_remove:SW1:eth3:20+trunk_remove:SW2:eth3:10,26026,26056,0.05,-6.000000000000003,30,True,False,False,True,False,step_limit,0.0029553313661987582,30,7,20,0,0,0,0,0,3,0,0,0.11545454545454548,0,10.033333333333333,0,0,0,0,0
2250,4283,access_vlan:SW1:eth1:20+access_vlan:SW2:eth1:20+access_vlan:SW2:eth2:10+trunk_remove:SW1:eth3:20+trunk_remove:SW2:eth3:10,26056,26086,0.05,-4.950000000000001,30,True,False,False,True,False,step_limit,0.003248912802276512,30,3,27,0,0,0,0,0,0,19,19,1.1336363636363638,0,2.6666666666666665,0,0,0,0,0
2251,4284,trunk_remove:SW1:eth3:20+trunk_remove:SW2:eth3:20,26086,26116,0.05,-5.250000000000002,30,True,False,False,True,False,step_limit,0.0035140240797773004,30,5,25,0,0,0,0,0,1,12,12,0.8236363636363633,0,4.933333333333334,0,0,0,0,0
2252,4285,access_vlan:SW2:eth1:20+access_vlan:SW2:eth2:10+trunk_remove:SW2:eth3:10+trunk_remove:SW2:eth3:20,26116,26138,0.05,-14.3,22,True,False,True,False,False,incorrect_declare_done,0.003264277601953257,22,4,17,0,1,1,1,0,1,0,0,0.3836363636363636,1,7.090909090909091,0,0,1,0,0
2253,4286,access_vlan:SW1:eth1:20+access_vlan:SW1:eth2:10+access_vlan:SW2:eth2:10+trunk_remove:SW1:eth3:20+trunk_remove:SW2:eth3:10,26138,26168,0.05,-4.95,30,True,False,False,True,False,step_limit,0.0032045129938827206,30,3,27,0,0,0,0,0,0,21,21,1.1790909090909092,0,2.3333333333333335,0,0,0,0,0
2254,4287,access_vlan:SW1:eth2:10+access_vlan:SW2:eth2:10+trunk_remove:SW2:eth3:10,26168,26198,0.05,-5.5500000000000025,30,True,False,False,True,False,step_limit,0.0037851057772058994,30,6,23,0,0,0,0,0,3,12,12,0.3504545454545455,0,8.4,0,0,0,0,0
2255,4288,access_vlan:SW1:eth2:10+access_vlan:SW2:eth1:20+access_vlan:SW2:eth2:10+trunk_remove:SW1:eth3:10+trunk_remove:SW2:eth3:10,26198,26228,0.05,-4.950000000000001,30,True,False,False,True,False,step_limit,0.0032601371504521618,30,3,27,0,0,0,0,0,0,20,20,1.105909090909091,0,2.8666666666666667,0,0,0,0,0
2256,4289,trunk_remove:SW1:eth3:20+trunk_remove:SW2:eth3:20,26228,26253,0.05,-13.649999999999999,25,True,False,True,False,False,incorrect_declare_done,0.002605592105537653,25,0,24,0,0,0,0,0,1,2,2,0.7500000000000004,0,4.0,0,0,0,0,0
2257,4290,access_vlan:SW1:eth2:10+trunk_remove:SW1:eth3:10+trunk_remove:SW2:eth3:10,26253,26261,0.05,-11.4,8,True,False,True,False,False,incorrect_declare_done,0.0023936154902912676,8,2,5,0,0,0,0,0,3,0,0,0.11772727272727276,0,7.5,0,0,0,0,0
2258,4291,access_vlan:SW2:eth1:20+access_vlan:SW2:eth2:10+trunk_remove:SW2:eth3:10+trunk_remove:SW2:eth3:20,26261,26291,0.05,-5.45,30,True,False,False,True,False,step_limit,0.002672929342952557,30,3,27,0,1,1,1,0,3,0,0,0.32545454545454555,1,8.0,0,0,1,0,0
2259,4292,access_vlan:SW2:eth1:20+access_vlan:SW2:eth2:10+trunk_remove:SW1:eth3:10+trunk_remove:SW1:eth3:20,26291,26321,0.05,-5.3,30,True,False,False,True,False,step_limit,0.0029902569483965637,30,2,28,0,1,1,1,0,3,1,1,0.32181818181818184,1,8.0,0,0,1,0,0
2260,4293,access_vlan:SW1:eth1:20+access_vlan:SW1:eth2:10+trunk_remove:SW1:eth3:20,26321,26351,0.05,-5.45,30,True,False,False,True,False,step_limit,0.002643628903509428,30,3,27,0,1,1,1,0,3,0,0,0.14,1,9.733333333333333,0,0,1,0,0
2261,4294,access_vlan:SW1:eth1:20+access_vlan:SW2:eth1:20+access_vlan:SW2:eth2:10+trunk_remove:SW1:eth3:10+trunk_remove:SW1:eth3:20,26351,26360,0.05,8.299999999999999,9,True,False,True,False,True,recovery_success,0.0035843256110739377,9,3,5,0,0,0,0,0,0,3,3,0.31090909090909086,0,3.3333333333333335,0,0,0,0,0
2262,4295,access_vlan:SW1:eth1:20+access_vlan:SW1:eth2:10+access_vlan:SW2:eth1:20+access_vlan:SW2:eth2:10+trunk_remove:SW1:eth3:10+trunk_remove:SW2:eth3:10+trunk_remove:SW2:eth3:20,26360,26390,0.05,-4.950000000000001,30,True,False,False,True,False,step_limit,0.003946560287537674,30,3,27,0,0,0,0,0,0,19,19,1.1018181818181818,0,2.9,0,0,0,0,0
2263,4296,access_vlan:SW1:eth1:20+access_vlan:SW1:eth2:10+access_vlan:SW2:eth1:20+access_vlan:SW2:eth2:10+trunk_remove:SW1:eth3:20+trunk_remove:SW2:eth3:20,26390,26420,0.05,-5.100000000000001,30,True,False,False,True,False,step_limit,0.0021990542435863366,30,3,26,0,0,0,0,0,0,22,22,1.1236363636363638,0,2.7333333333333334,0,0,0,0,0
2264,4297,trunk_remove:SW2:eth3:20,26420,26450,0.05,-4.5,30,True,False,False,True,False,step_limit,0.0023216051942047972,30,0,30,0,0,0,0,0,1,3,3,0.9000000000000006,0,4.0,0,0,0,0,0
2265,4298,access_vlan:SW2:eth1:20+access_vlan:SW2:eth2:10+trunk_remove:SW1:eth3:10+trunk_remove:SW1:eth3:20+trunk_remove:SW2:eth3:20,26450,26480,0.05,-5.300000000000002,30,True,False,False,True,False,step_limit,0.006028366271251192,30,2,28,0,1,1,1,0,3,0,0,0.27681818181818185,1,8.4,0,0,1,0,0
2266,4299,access_vlan:SW1:eth2:10+access_vlan:SW2:eth1:20,26480,26510,0.05,-5.100000000000001,30,True,False,False,True,False,step_limit,0.0038203723224190375,30,4,26,0,0,0,0,0,3,2,2,0.5772727272727273,0,6.666666666666667,0,0,0,0,0
2267,4300,access_vlan:SW1:eth1:20+access_vlan:SW1:eth2:10+trunk_remove:SW1:eth3:20+trunk_remove:SW2:eth3:10+trunk_remove:SW2:eth3:20,26510,26526,0.05,-13.1,16,True,False,True,False,False,incorrect_declare_done,0.0039653405037825,16,2,13,0,1,1,1,0,3,2,2,0.14136363636363639,1,8.4375,0,0,1,0,0
2268,4301,access_vlan:SW1:eth1:20+access_vlan:SW1:eth2:10+access_vlan:SW2:eth2:10,26526,26556,0.05,-4.800000000000001,30,True,False,False,True,False,step_limit,0.0028860830585472285,30,2,28,0,0,0,0,0,3,23,23,0.6840909090909087,0,5.966666666666667,0,0,0,0,0
2269,4302,access_vlan:SW1:eth1:20+access_vlan:SW2:eth2:10+trunk_remove:SW1:eth3:20+trunk_remove:SW2:eth3:20,26556,26586,0.05,-15.000000000000004,30,True,False,True,False,False,incorrect_declare_done,0.002623689628671855,30,3,25,0,0,0,0,0,1,24,24,0.7481818181818184,0,5.3,0,0,0,0,0
2270,4303,access_vlan:SW1:eth2:10+trunk_remove:SW1:eth3:20+trunk_remove:SW2:eth3:10,26586,26616,0.05,-4.65,30,True,False,False,True,False,step_limit,0.0026011386847433946,30,1,29,0,0,0,0,0,3,0,0,0.5672727272727273,0,6.6,0,0,0,0,0
2271,4304,access_vlan:SW1:eth1:20+access_vlan:SW2:eth2:10+trunk_remove:SW1:eth3:10+trunk_remove:SW2:eth3:10,26616,26646,0.05,-4.5,30,True,False,False,True,False,step_limit,0.0029552586396069578,30,0,30,0,0,0,0,0,4,0,0,0.3000000000000001,0,8.0,0,0,0,0,0
2272,4305,access_vlan:SW1:eth2:10+access_vlan:SW2:eth2:10+trunk_remove:SW1:eth3:10+trunk_remove:SW1:eth3:20+trunk_remove:SW2:eth3:20,26646,26676,0.05,-5.250000000000001,30,True,False,False,True,False,step_limit,0.0038092520204372703,30,4,25,0,0,0,0,0,3,23,23,0.44136363636363607,0,7.733333333333333,0,0,0,0,0
2273,4306,access_vlan:SW1:eth1:20+access_vlan:SW1:eth2:10+trunk_remove:SW1:eth3:10+trunk_remove:SW1:eth3:20+trunk_remove:SW2:eth3:10,26676,26683,0.05,-10.950000000000001,7,True,False,True,False,False,incorrect_declare_done,0.003402782720513642,7,0,6,0,0,0,0,0,2,0,0,0.035,0,9.0,0,0,1,-1,0
2274,4307,trunk_remove:SW1:eth3:10+trunk_remove:SW2:eth3:10,26683,26713,0.05,-4.65,30,True,False,False,True,False,step_limit,0.0028532302647363396,30,1,29,0,0,0,0,0,1,0,0,0.8209090909090905,0,4.966666666666667,0,0,0,0,0
2275,4308,trunk_remove:SW1:eth3:10+trunk_remove:SW1:eth3:20+trunk_remove:SW2:eth3:20,26713,26743,0.05,-4.95,30,True,False,False,True,False,step_limit,0.002396824088646099,30,3,27,0,0,0,0,0,2,0,0,0.5472727272727274,0,6.966666666666667,0,0,0,0,0
2276,4309,access_vlan:SW1:eth1:20+access_vlan:SW1:eth2:10+access_vlan:SW2:eth1:20+access_vlan:SW2:eth2:10+trunk_remove:SW1:eth3:10,26743,26768,0.05,6.200000000000001,25,True,False,True,False,True,recovery_success,0.0027152983332052825,25,1,23,0,0,0,0,0,0,11,11,0.87,0,3.12,0,0,0,0,0
2277,4310,access_vlan:SW1:eth1:20+access_vlan:SW1:eth2:10+access_vlan:SW2:eth1:20+access_vlan:SW2:eth2:10+trunk_remove:SW1:eth3:10,26768,26798,0.05,-4.65,30,True,False,False,True,False,step_limit,0.0022251250687986613,30,1,29,0,0,0,0,0,0,24,24,1.2054545454545458,0,2.1333333333333333,0,0,0,0,0
2278,4311,access_vlan:SW1:eth1:20+access_vlan:SW2:eth2:10+trunk_remove:SW1:eth3:20+trunk_remove:SW2:eth3:10+trunk_remove:SW2:eth3:20,26798,26828,0.05,-4.800000000000001,30,True,False,False,True,False,step_limit,0.004008298417708526,30,2,28,0,0,0,0,0,3,0,0,0.5227272727272726,0,7.066666666666666,0,0,0,0,0
2279,4312,access_vlan:SW1:eth1:20+access_vlan:SW2:eth1:20+access_vlan:SW2:eth2:10+trunk_remove:SW2:eth3:10,26828,26858,0.05,-4.65,30,True,False,False,True,False,step_limit,0.004244104551617056,30,1,29,0,0,0,0,0,1,20,20,0.8590909090909095,0,4.466666666666667,0,0,0,0,0
2280,4313,access_vlan:SW2:eth1:20+trunk_remove:SW2:eth3:20,26858,26864,0.05,-10.8,6,True,False,True,False,False,incorrect_declare_done,0.004477139426550518,6,0,5,0,0,0,0,0,3,0,0,0.12000000000000001,0,6.0,0,0,0,0,0
2281,4314,access_vlan:SW1:eth2:10+access_vlan:SW2:eth2:10+trunk_remove:SW1:eth3:10+trunk_remove:SW1:eth3:20,26864,26894,0.05,-5.250000000000001,30,True,False,False,True,False,step_limit,0.0055931287507216135,30,5,25,0,0,0,0,0,3,5,5,0.5686363636363635,0,6.8,0,0,0,0,0
2282,4315,access_vlan:SW1:eth1:20+access_vlan:SW2:eth1:20+access_vlan:SW2:eth2:10+trunk_remove:SW2:eth3:10+trunk_remove:SW2:eth3:20,26894,26898,0.05,-10.65,4,True,False,True,False,False,incorrect_declare_done,0.0057396899501327425,4,1,2,0,0,0,0,0,2,0,0,0.0881818181818182,0,6.0,0,0,0,0,0
2283,4316,access_vlan:SW1:eth2:10+access_vlan:SW2:eth1:20+trunk_remove:SW1:eth3:20+trunk_remove:SW2:eth3:10+trunk_remove:SW2:eth3:20,26898,26928,0.05,-4.800000000000001,30,True,False,False,True,False,step_limit,0.013716675624406587,30,2,28,0,0,0,0,0,3,0,0,0.1681818181818182,0,9.166666666666666,0,0,0,0,0
2284,4317,trunk_remove:SW1:eth3:10+trunk_remove:SW2:eth3:20,26928,26954,0.05,-14.1,26,True,False,True,False,False,incorrect_declare_done,0.0044457437470555305,26,2,23,0,0,0,0,0,2,0,0,0.47454545454545466,0,6.961538461538462,0,0,0,0,0
2285,4318,access_vlan:SW1:eth1:20+access_vlan:SW1:eth2:10+access_vlan:SW2:eth2:10+trunk_remove:SW1:eth3:10,26954,26971,0.05,6.949999999999999,17,True,False,True,False,True,recovery_success,0.003094681675600655,17,4,12,0,0,0,0,0,0,5,5,0.5518181818181819,0,3.823529411764706,0,0,0,0,0
2286,4319,access_vlan:SW1:eth2:10+access_vlan:SW2:eth2:10+trunk_remove:SW1:eth3:20+trunk_remove:SW2:eth3:20,26971,27001,0.05,-5.600000000000001,30,True,False,False,True,False,step_limit,0.007651672294984261,30,3,26,0,1,1,1,0,3,15,15,0.6736363636363634,1,6.033333333333333,0,0,1,0,0
2287,4320,access_vlan:SW1:eth2:10+trunk_remove:SW1:eth3:20,27001,27031,0.05,-5.849999999999999,30,True,False,False,True,False,step_limit,0.003304670846167331,30,5,21,0,0,0,0,0,3,15,15,0.7204545454545456,0,5.433333333333334,0,0,0,0,0
2288,4321,access_vlan:SW1:eth1:20+trunk_remove:SW2:eth3:10+trunk_remove:SW2:eth3:20,27031,27061,0.05,-6.300000000000001,30,True,False,False,True,False,step_limit,0.007921985005183766,30,11,18,0,0,0,0,0,3,0,0,0.42454545454545434,0,7.866666666666666,0,0,0,0,0
2289,4322,access_vlan:SW2:eth1:20+access_vlan:SW2:eth2:10+trunk_remove:SW1:eth3:10+trunk_remove:SW1:eth3:20+trunk_remove:SW2:eth3:10+trunk_remove:SW2:eth3:20,27061,27077,0.05,-12.95,16,True,False,True,False,False,incorrect_declare_done,0.01584488408116158,16,1,14,0,1,1,1,0,3,0,0,0.27272727272727276,1,7.1875,0,0,1,0,0
2290,4323,access_vlan:SW1:eth1:20+access_vlan:SW1:eth2:10+access_vlan:SW2:eth1:20+trunk_remove:SW2:eth3:10,27077,27094,0.05,-12.6,17,True,False,True,False,False,incorrect_declare_done,0.023828207145390266,17,1,15,0,0,0,0,0,1,0,0,0.5340909090909091,0,4.0588235294117645,0,0,0,0,0
2291,4324,access_vlan:SW1:eth2:10+access_vlan:SW2:eth2:10+trunk_remove:SW1:eth3:20+trunk_remove:SW2:eth3:20,27094,27124,0.05,-5.900000000000002,30,True,False,False,True,False,step_limit,0.007991173793561757,30,6,24,0,1,1,1,0,3,30,30,0.6645454545454544,1,6.1,0,0,1,0,0
2292,4325,access_vlan:SW1:eth1:20+access_vlan:SW2:eth2:10+trunk_remove:SW1:eth3:10+trunk_remove:SW2:eth3:20,27124,27154,0.05,-4.950000000000001,30,True,False,False,True,False,step_limit,0.004591763256272922,30,3,27,0,0,0,0,0,3,0,0,0.21818181818181823,0,9.366666666666667,0,0,0,0,0
2293,4326,access_vlan:SW1:eth1:20+access_vlan:SW2:eth1:20+access_vlan:SW2:eth2:10+trunk_remove:SW1:eth3:10+trunk_remove:SW1:eth3:20,27154,27167,0.05,-12.3,13,True,False,True,False,False,incorrect_declare_done,0.005092595677034786,13,3,9,0,0,0,0,0,1,3,3,0.3700000000000001,0,4.6923076923076925,0,0,0,0,0
2294,4327,access_vlan:SW1:eth2:10+access_vlan:SW2:eth1:20+access_vlan:SW2:eth2:10+trunk_remove:SW1:eth3:20+trunk_remove:SW2:eth3:10,27167,27197,0.05,-4.950000000000001,30,True,False,False,True,False,step_limit,0.005189670082957795,30,3,27,0,0,0,0,0,0,18,18,1.0927272727272728,0,2.966666666666667,0,0,0,0,0
2295,4328,access_vlan:SW1:eth1:20+access_vlan:SW2:eth1:20+access_vlan:SW2:eth2:10+trunk_remove:SW1:eth3:10+trunk_remove:SW2:eth3:10,27197,27204,0.05,8.6,7,True,False,True,False,True,recovery_success,0.0036580083625657217,7,3,3,0,0,0,0,0,0,1,1,0.22045454545454551,0,4.0,0,0,0,0,0
2296,4329,access_vlan:SW1:eth1:20+trunk_remove:SW2:eth3:20,27204,27234,0.05,-4.800000000000001,30,True,False,False,True,False,step_limit,0.003079552414904659,30,2,28,0,0,0,0,0,3,0,0,0.41545454545454524,0,7.933333333333334,0,0,0,0,0
2297,4330,access_vlan:SW1:eth1:20+access_vlan:SW2:eth1:20+trunk_remove:SW1:eth3:20+trunk_remove:SW2:eth3:10,27234,27264,0.05,-5.1,30,True,False,False,True,False,step_limit,0.00956470354576595,30,4,26,0,0,0,0,0,3,0,0,0.4918181818181819,0,7.333333333333333,0,0,0,0,0
2298,4331,access_vlan:SW1:eth1:20+access_vlan:SW1:eth2:10+trunk_remove:SW1:eth3:20,27264,27294,0.05,-5.749999999999999,30,True,False,False,True,False,step_limit,0.0022215347290815163,30,5,25,0,1,1,1,0,3,0,0,0.27681818181818185,1,8.7,0,0,1,0,0
2299,4332,access_vlan:SW1:eth1:20+access_vlan:SW1:eth2:10+trunk_remove:SW1:eth3:20+trunk_remove:SW2:eth3:20,27294,27324,0.05,-6.200000000000002,30,True,False,False,True,False,step_limit,0.008475165453273804,30,7,22,0,1,1,1,0,2,0,0,0.36363636363636354,1,8.166666666666666,0,0,1,0,0
2300,4333,access_vlan:SW1:eth1:20+access_vlan:SW1:eth2:10+access_vlan:SW2:eth1:20+trunk_remove:SW1:eth3:20,27324,27354,0.05,-4.800000000000001,30,True,False,False,True,False,step_limit,0.0050115511131783325,30,2,28,0,0,0,0,0,0,21,21,1.1972727272727275,0,2.2,0,0,0,0,0
2301,4334,access_vlan:SW1:eth1:20+access_vlan:SW1:eth2:10+access_vlan:SW2:eth1:20+access_vlan:SW2:eth2:10+trunk_remove:SW1:eth3:10+trunk_remove:SW2:eth3:10+trunk_remove:SW2:eth3:20,27354,27357,0.05,-10.350000000000001,3,True,False,True,False,False,incorrect_declare_done,0.00764343705183516,3,0,2,0,0,0,0,0,2,0,0,0.06,0,6.0,0,0,0,0,0
2302,4335,access_vlan:SW2:eth2:10+trunk_remove:SW1:eth3:20,27357,27387,0.05,-5.700000000000003,30,True,False,False,True,False,step_limit,0.0037245818025742968,30,5,22,0,0,0,0,0,3,20,20,0.6863636363636361,0,5.933333333333334,0,0,0,0,0
2303,4336,access_vlan:SW1:eth1:20+access_vlan:SW2:eth1:20+trunk_remove:SW1:eth3:10+trunk_remove:SW1:eth3:20+trunk_remove:SW2:eth3:10,27387,27401,0.05,-12.45,14,True,False,True,False,False,incorrect_declare_done,0.0016977976941104447,14,3,10,0,0,0,0,0,2,0,0,0.2095454545454546,0,7.642857142857143,0,0,0,0,0
2304,4337,access_vlan:SW1:eth2:10+trunk_remove:SW1:eth3:20+trunk_remove:SW2:eth3:20,27401,27431,0.05,-4.5,30,True,False,False,True,False,step_limit,0.0013025546349429836,30,0,30,0,0,0,0,0,3,11,11,0.7500000000000003,0,5.0,0,0,0,0,0
2305,4338,access_vlan:SW1:eth2:10+access_vlan:SW2:eth1:20+access_vlan:SW2:eth2:10+trunk_remove:SW1:eth3:10+trunk_remove:SW2:eth3:10,27431,27461,0.05,-4.95,30,True,False,False,True,False,step_limit,0.0013926962487554799,30,3,27,0,0,0,0,0,0,22,22,1.178636363636364,0,2.3333333333333335,0,0,0,0,0
2306,4339,access_vlan:SW2:eth1:20+trunk_remove:SW1:eth3:10+trunk_remove:SW1:eth3:20+trunk_remove:SW2:eth3:20,27461,27491,0.05,-5.700000000000001,30,True,False,False,True,False,step_limit,0.0014664220119205613,30,8,22,0,0,0,0,0,2,0,0,0.43772727272727263,0,7.766666666666667,0,0,0,0,0
2307,4340,access_vlan:SW1:eth2:10+access_vlan:SW2:eth2:10+trunk_remove:SW1:eth3:10+trunk_remove:SW1:eth3:20,27491,27521,0.05,-5.850000000000001,30,True,False,False,True,False,step_limit,0.0037321954771565896,30,8,21,0,0,0,0,0,3,0,0,0.3913636363636362,0,8.1,0,0,0,0,0
2308,4341,access_vlan:SW1:eth1:20+access_vlan:SW2:eth2:10+trunk_remove:SW1:eth3:10+trunk_remove:SW2:eth3:10+trunk_remove:SW2:eth3:20,27521,27551,0.05,-4.95,30,True,False,False,True,False,step_limit,0.00342668165685609,30,3,27,0,0,0,0,0,4,0,0,0.0,0,10.966666666666667,0,0,0,0,0
2309,4342,access_vlan:SW1:eth1:20+access_vlan:SW2:eth2:10+trunk_remove:SW1:eth3:20+trunk_remove:SW2:eth3:10,27551,27581,0.05,-4.65,30,True,False,False,True,False,step_limit,0.003952241506582747,30,1,29,0,0,0,0,0,4,0,0,0.0,0,10.833333333333334,0,0,0,0,0
2310,4343,access_vlan:SW1:eth1:20+access_vlan:SW2:eth1:20+trunk_remove:SW1:eth3:10,27581,27611,0.05,-5.150000000000002,30,True,False,False,True,False,step_limit,0.0031409861772165944,30,1,29,0,1,1,1,0,3,23,23,0.5072727272727273,1,6.8,0,0,1,0,0
2311,4344,access_vlan:SW1:eth2:10+access_vlan:SW2:eth1:20+access_vlan:SW2:eth2:10+trunk_remove:SW1:eth3:10+trunk_remove:SW1:eth3:20+trunk_remove:SW2:eth3:20,27611,27641,0.05,-5.1000000000000005,30,True,False,False,True,False,step_limit,0.0030059561249800026,30,4,26,0,0,0,0,0,0,15,15,0.8972727272727277,0,4.4,0,0,0,0,0
2312,4345,access_vlan:SW1:eth1:20+access_vlan:SW2:eth2:10,27641,27671,0.05,-5.1,30,True,False,False,True,False,step_limit,0.002142753634446611,30,4,26,0,0,0,0,0,3,0,0,0.12909090909090912,0,10.033333333333333,0,0,0,0,0
2313,4346,access_vlan:SW2:eth1:20+trunk_remove:SW1:eth3:20+trunk_remove:SW2:eth3:10,27671,27701,0.05,-4.800000000000001,30,True,False,False,True,False,step_limit,0.0024901698246443025,30,2,28,0,0,0,0,0,2,0,0,0.5700000000000001,0,6.8,0,0,0,0,0
2314,4347,access_vlan:SW1:eth2:10+access_vlan:SW2:eth1:20+access_vlan:SW2:eth2:10+trunk_remove:SW1:eth3:20+trunk_remove:SW2:eth3:10,27701,27731,0.05,-4.800000000000001,30,True,False,False,True,False,step_limit,0.0033482625537241497,30,2,28,0,0,0,0,0,2,24,24,0.5563636363636365,0,6.9,0,0,0,0,0
2315,4348,access_vlan:SW1:eth1:20+access_vlan:SW1:eth2:10+access_vlan:SW2:eth2:10+trunk_remove:SW2:eth3:10,27731,27761,0.05,-4.950000000000001,30,True,False,False,True,False,step_limit,0.004002514652286967,30,2,27,0,0,0,0,0,1,21,21,0.9063636363636369,0,4.333333333333333,0,0,0,0,0
2316,4349,access_vlan:SW2:eth2:10+trunk_remove:SW2:eth3:10,27761,27791,0.05,-5.1000000000000005,30,True,False,False,True,False,step_limit,0.006407839001622051,30,4,26,0,0,0,0,0,3,0,0,0.41545454545454524,0,7.933333333333334,0,0,0,0,0
2317,4350,access_vlan:SW1:eth1:20+trunk_remove:SW1:eth3:10+trunk_remove:SW1:eth3:20+trunk_remove:SW2:eth3:10+trunk_remove:SW2:eth3:20,27791,27821,0.05,-5.1000000000000005,30,True,False,False,True,False,step_limit,0.0038516001853471002,30,4,26,0,0,0,0,0,2,0,0,0.49500000000000016,0,7.3,0,0,0,0,0
2318,4351,access_vlan:SW1:eth1:20+access_vlan:SW2:eth1:20+access_vlan:SW2:eth2:10+trunk_remove:SW1:eth3:20+trunk_remove:SW2:eth3:10+trunk_remove:SW2:eth3:20,27821,27851,0.05,-4.8,30,True,False,False,True,False,step_limit,0.002502844401169568,30,2,28,0,0,0,0,0,2,24,24,0.6695454545454543,0,6.066666666666666,0,0,0,0,0
2319,4352,trunk_remove:SW1:eth3:10+trunk_remove:SW1:eth3:20+trunk_remove:SW2:eth3:10+trunk_remove:SW2:eth3:20,27851,27881,0.05,-5.100000000000001,30,True,False,False,True,False,step_limit,0.0022753848616654674,30,3,26,0,0,0,0,0,2,0,0,0.5490909090909092,0,6.933333333333334,0,0,0,0,0
2320,4353,access_vlan:SW1:eth2:10+access_vlan:SW2:eth1:20+access_vlan:SW2:eth2:10+trunk_remove:SW1:eth3:10+trunk_remove:SW1:eth3:20+trunk_remove:SW2:eth3:10+trunk_remove:SW2:eth3:20,27881,27911,0.05,-5.100000000000001,30,True,False,False,True,False,step_limit,0.0026450651659009356,30,4,26,0,0,0,0,0,1,14,14,0.8740909090909095,0,4.566666666666666,0,0,0,0,0
2321,4354,access_vlan:SW2:eth2:10+trunk_remove:SW2:eth3:10+trunk_remove:SW2:eth3:20,27911,27941,0.05,-5.250000000000001,30,True,False,False,True,False,step_limit,0.0016612813342362642,30,5,25,0,0,0,0,0,1,0,0,0.5200000000000001,0,7.166666666666667,0,0,0,0,0
2322,4355,access_vlan:SW1:eth1:20+access_vlan:SW1:eth2:10+access_vlan:SW2:eth1:20+trunk_remove:SW1:eth3:10+trunk_remove:SW2:eth3:20,27941,27971,0.05,-4.800000000000001,30,True,False,False,True,False,step_limit,0.0021133111188343418,30,2,28,0,0,0,0,0,1,12,12,0.933636363636364,0,4.133333333333334,0,0,0,0,0
2323,4356,access_vlan:SW1:eth1:20+access_vlan:SW2:eth1:20+trunk_remove:SW1:eth3:10+trunk_remove:SW2:eth3:10+trunk_remove:SW2:eth3:20,27971,28001,0.05,-5.099999999999999,30,True,False,False,True,False,step_limit,0.0024107900816792,30,4,26,0,0,0,0,0,3,8,8,0.4599999999999999,0,7.266666666666667,0,0,0,0,0
2324,4357,access_vlan:SW1:eth2:10+access_vlan:SW2:eth1:20,28001,28022,0.05,-14.549999999999999,21,True,False,True,False,False,incorrect_declare_done,0.003790362743616459,21,9,10,0,0,0,0,0,2,0,0,0.32909090909090916,0,7.523809523809524,0,0,0,0,0
2325,4358,access_vlan:SW2:eth1:20+trunk_remove:SW1:eth3:10+trunk_remove:SW1:eth3:20+trunk_remove:SW2:eth3:20,28022,28052,0.05,-5.400000000000002,30,True,False,False,True,False,step_limit,0.002182046075661977,30,6,24,0,0,0,0,0,2,0,0,0.4831818181818183,0,7.433333333333334,0,0,0,0,0
2326,4359,trunk_remove:SW1:eth3:20+trunk_remove:SW2:eth3:20,28052,28082,0.05,-4.5,30,True,False,False,True,False,step_limit,0.002081706572789699,30,0,30,0,0,0,0,0,1,5,5,0.9000000000000006,0,4.0,0,0,0,0,0
2327,4360,access_vlan:SW1:eth2:10+trunk_remove:SW2:eth3:10+trunk_remove:SW2:eth3:20,28082,28112,0.05,-4.95,30,True,False,False,True,False,step_limit,0.002172148268437013,30,3,27,0,0,0,0,0,2,0,0,0.5936363636363639,0,6.166666666666667,0,0,0,0,0
2328,4361,access_vlan:SW1:eth1:20+trunk_remove:SW1:eth3:10,28112,28138,0.05,-14.1,26,True,False,True,False,False,incorrect_declare_done,0.0016604261696696854,26,2,23,0,0,0,0,0,3,12,12,0.6113636363636361,0,5.653846153846154,0,0,0,0,0
2329,4362,access_vlan:SW2:eth1:20+trunk_remove:SW1:eth3:10+trunk_remove:SW1:eth3:20+trunk_remove:SW2:eth3:10,28138,28168,0.05,-4.65,30,True,False,False,True,False,step_limit,0.0012633615435333923,30,1,29,0,0,0,0,0,3,0,0,0.41545454545454524,0,7.933333333333334,0,0,0,0,0
2330,4363,trunk_remove:SW1:eth3:20+trunk_remove:SW2:eth3:20,28168,28174,0.05,-10.8,6,True,False,True,False,False,incorrect_declare_done,0.0013253565120976418,6,0,5,0,0,0,0,0,1,6,6,0.18000000000000002,0,4.0,0,0,0,0,0
2331,4364,access_vlan:SW1:eth2:10+access_vlan:SW2:eth1:20+access_vlan:SW2:eth2:10+trunk_remove:SW1:eth3:10+trunk_remove:SW1:eth3:20+trunk_remove:SW2:eth3:10,28174,28204,0.05,-4.800000000000001,30,True,False,False,True,False,step_limit,0.001862317892179514,30,2,28,0,0,0,0,0,2,25,25,0.615,0,6.466666666666667,0,0,0,0,0
2332,4365,access_vlan:SW1:eth1:20+access_vlan:SW2:eth1:20+trunk_remove:SW1:eth3:10,28204,28234,0.05,-5.450000000000002,30,True,False,False,True,False,step_limit,0.0022912663659856963,30,3,27,0,1,1,1,0,1,14,14,0.8572727272727276,1,4.633333333333334,0,0,1,0,0
2333,4366,access_vlan:SW1:eth2:10+access_vlan:SW2:eth1:20+access_vlan:SW2:eth2:10+trunk_remove:SW1:eth3:20+trunk_remove:SW2:eth3:20,28234,28264,0.05,-4.950000000000001,30,True,False,False,True,False,step_limit,0.0017805659095756709,30,3,27,0,0,0,0,0,0,19,19,1.0795454545454546,0,3.066666666666667,0,0,0,0,0
2334,4367,access_vlan:SW2:eth2:10+trunk_remove:SW2:eth3:20,28264,28294,0.05,-4.950000000000001,30,True,False,False,True,False,step_limit,0.001204785545511792,30,2,27,0,0,0,0,0,3,21,21,0.725,0,5.366666666666666,0,0,0,0,0
2335,4368,access_vlan:SW1:eth2:10+access_vlan:SW2:eth2:10+trunk_remove:SW1:eth3:10+trunk_remove:SW2:eth3:10+trunk_remove:SW2:eth3:20,28294,28324,0.05,-5.250000000000002,30,True,False,False,True,False,step_limit,0.0016171363492806753,30,5,25,0,0,0,0,0,2,0,0,0.5590909090909092,0,6.866666666666666,0,0,0,0,0
2336,4369,access_vlan:SW1:eth1:20+access_vlan:SW1:eth2:10+access_vlan:SW2:eth1:20+trunk_remove:SW1:eth3:20+trunk_remove:SW2:eth3:20,28324,28353,0.05,-14.4,29,True,False,True,False,False,incorrect_declare_done,0.0017822980238445874,29,1,27,0,0,0,0,0,1,21,21,0.9059090909090913,0,4.103448275862069,0,0,0,0,0
2337,4370,access_vlan:SW1:eth1:20+access_vlan:SW1:eth2:10+trunk_remove:SW1:eth3:10,28353,28380,0.05,-14.4,27,True,False,True,False,False,incorrect_declare_done,0.001660356070647982,27,3,23,0,0,0,0,0,2,0,0,0.1372727272727273,0,9.814814814814815,0,0,1,-1,0
2338,4371,access_vlan:SW1:eth1:20+access_vlan:SW1:eth2:10+access_vlan:SW2:eth1:20+access_vlan:SW2:eth2:10+trunk_remove:SW1:eth3:10+trunk_remove:SW1:eth3:20+trunk_remove:SW2:eth3:10,28380,28410,0.05,-4.65,30,True,False,False,True,False,step_limit,0.0015257730517381181,30,1,29,0,0,0,0,0,1,24,24,0.8600000000000003,0,4.533333333333333,0,0,0,0,0
2339,4372,access_vlan:SW1:eth1:20+access_vlan:SW1:eth2:10+access_vlan:SW2:eth2:10+trunk_remove:SW1:eth3:20+trunk_remove:SW2:eth3:20,28410,28440,0.05,-4.8,30,True,False,False,True,False,step_limit,0.0011640896380413323,30,1,28,0,0,0,0,0,3,22,22,0.6909090909090907,0,5.866666666666666,0,0,0,0,0
2340,4373,access_vlan:SW1:eth2:10+access_vlan:SW2:eth1:20+trunk_remove:SW1:eth3:20+trunk_remove:SW2:eth3:10,28440,28470,0.05,-4.800000000000001,30,True,False,False,True,False,step_limit,0.001297538634389639,30,2,28,0,0,0,0,0,4,0,0,0.0,0,10.966666666666667,0,0,0,0,0
2341,4374,access_vlan:SW1:eth1:20+access_vlan:SW1:eth2:10+access_vlan:SW2:eth1:20+trunk_remove:SW1:eth3:10+trunk_remove:SW2:eth3:20,28470,28471,0.05,-10.05,1,True,False,True,False,False,incorrect_declare_done,0.0020458833314478397,1,0,0,0,0,0,0,0,3,0,0,0.02,0,6.0,0,0,0,0,0
2342,4375,access_vlan:SW1:eth1:20+access_vlan:SW1:eth2:10+access_vlan:SW2:eth1:20+trunk_remove:SW1:eth3:10+trunk_remove:SW1:eth3:20+trunk_remove:SW2:eth3:10+trunk_remove:SW2:eth3:20,28471,28501,0.05,-5.250000000000002,30,True,False,False,True,False,step_limit,0.0011596513106875742,30,5,25,0,0,0,0,0,0,22,22,1.0286363636363636,0,3.433333333333333,0,0,0,0,0
2343,4376,access_vlan:SW1:eth1:20+access_vlan:SW2:eth1:20+access_vlan:SW2:eth2:10+trunk_remove:SW1:eth3:20,28501,28531,0.05,-4.5,30,True,False,False,True,False,step_limit,0.001882610759154583,30,0,30,0,0,0,0,0,3,23,23,0.6000000000000002,0,6.0,0,0,0,0,0
2344,4377,access_vlan:SW2:eth2:10+trunk_remove:SW1:eth3:20,28531,28561,0.05,-4.65,30,True,False,False,True,False,step_limit,0.0019227337907068431,30,1,29,0,0,0,0,0,1,5,5,0.8795454545454549,0,4.366666666666666,0,0,0,0,0
2345,4378,access_vlan:SW2:eth2:10+trunk_remove:SW1:eth3:10+trunk_remove:SW1:eth3:20+trunk_remove:SW2:eth3:10+trunk_remove:SW2:eth3:20,28561,28591,0.05,-4.6499999999999995,30,True,False,False,True,False,step_limit,0.0014079493664515515,30,1,29,0,0,0,0,0,3,0,0,0.4459090909090911,0,7.1,0,0,0,0,0
2346,4379,access_vlan:SW1:eth1:20+access_vlan:SW1:eth2:10+access_vlan:SW2:eth2:10+trunk_remove:SW1:eth3:10+trunk_remove:SW2:eth3:20,28591,28621,0.05,-4.800000000000001,30,True,False,False,True,False,step_limit,0.001154842402320355,30,2,28,0,0,0,0,0,1,0,0,0.933636363636364,0,4.133333333333334,0,0,0,0,0
2347,4380,access_vlan:SW1:eth1:20+trunk_remove:SW2:eth3:20,28621,28651,0.05,-5.250000000000001,30,True,False,False,True,False,step_limit,0.004022817887016572,30,4,25,0,0,0,0,0,3,0,0,0.4854545454545452,0,7.4,0,0,0,0,0
2348,4381,access_vlan:SW2:eth1:20+access_vlan:SW2:eth2:10+trunk_remove:SW1:eth3:20+trunk_remove:SW2:eth3:20,28651,28681,0.05,-5.150000000000001,30,True,False,False,True,False,step_limit,0.0017363652645144612,30,1,29,0,1,1,1,0,3,14,14,0.7909090909090906,1,5.166666666666667,0,0,1,0,0
2349,4382,access_vlan:SW2:eth2:10+trunk_remove:SW1:eth3:10+trunk_remove:SW1:eth3:20,28681,28698,0.05,-12.6,17,True,False,True,False,False,incorrect_declare_done,0.003064515199238325,17,1,15,0,0,0,0,0,3,0,0,0.23818181818181824,0,7.882352941176471,0,0,0,0,0
2350,4383,access_vlan:SW1:eth1:20+access_vlan:SW2:eth2:10+trunk_remove:SW1:eth3:20,28698,28728,0.05,-5.3999999999999995,30,True,False,False,True,False,step_limit,0.006191673525609076,30,6,24,0,0,0,0,0,3,0,0,0.11000000000000003,0,10.166666666666666,0,0,0,0,0
2351,4384,access_vlan:SW1:eth2:10+access_vlan:SW2:eth1:20+access_vlan:SW2:eth2:10+trunk_remove:SW1:eth3:10+trunk_remove:SW1:eth3:20+trunk_remove:SW2:eth3:20,28728,28758,0.05,-5.4,30,True,False,False,True,False,step_limit,0.011382304780030002,30,5,24,0,0,0,0,0,2,24,24,0.551818181818182,0,6.933333333333334,0,0,0,0,0
2352,4385,trunk_remove:SW1:eth3:10+trunk_remove:SW1:eth3:20+trunk_remove:SW2:eth3:10,28758,28788,0.05,-5.249999999999999,30,True,False,False,True,False,step_limit,0.005972531876371552,30,4,25,0,0,0,0,0,2,4,4,0.5581818181818183,0,6.766666666666667,0,0,0,0,0
2353,4386,access_vlan:SW1:eth2:10+trunk_remove:SW1:eth3:10+trunk_remove:SW2:eth3:10,28788,28818,0.05,-5.1000000000000005,30,True,False,False,True,False,step_limit,0.002867942755498613,30,4,26,0,0,0,0,0,2,6,6,0.5709090909090907,0,6.766666666666667,0,0,0,0,0
2354,4387,access_vlan:SW1:eth2:10+access_vlan:SW2:eth1:20+trunk_remove:SW1:eth3:10+trunk_remove:SW2:eth3:10+trunk_remove:SW2:eth3:20,28818,28848,0.05,-4.95,30,True,False,False,True,False,step_limit,0.00302635141609547,30,3,27,0,0,0,0,0,3,0,0,0.27272727272727276,0,8.566666666666666,0,0,0,0,0
2355,4388,access_vlan:SW1:eth2:10,28848,28878,0.05,-4.65,30,True,False,False,True,False,step_limit,0.003070246618396292,30,1,29,0,0,0,0,0,0,11,11,0.9090909090909091,0,4.0,0,0,0,0,0
2356,4389,access_vlan:SW2:eth1:20+access_vlan:SW2:eth2:10+trunk_remove:SW1:eth3:20+trunk_remove:SW2:eth3:20,28878,28908,0.05,-5.150000000000001,30,True,False,False,True,False,step_limit,0.003926575308044752,30,1,29,0,1,1,1,0,3,16,16,0.7363636363636361,1,5.5,0,0,1,0,0
2357,4390,access_vlan:SW1:eth1:20+access_vlan:SW2:eth1:20,28908,28938,0.05,-4.65,30,True,False,False,True,False,step_limit,0.005537596892099828,30,1,29,0,0,0,0,0,4,2,2,0.2881818181818182,0,8.433333333333334,0,0,1,-1,0
2358,4391,access_vlan:SW1:eth2:10+access_vlan:SW2:eth1:20+trunk_remove:SW1:eth3:20+trunk_remove:SW2:eth3:10,28938,28968,0.05,-4.5,30,True,False,False,True,False,step_limit,0.004502986449127396,30,0,30,0,0,0,0,0,4,0,0,0.0,0,10.0,0,0,0,0,0
2359,4392,access_vlan:SW1:eth1:20+access_vlan:SW1:eth2:10+access_vlan:SW2:eth1:20+trunk_remove:SW2:eth3:10,28968,28998,0.05,-4.65,30,True,False,False,True,False,step_limit,0.0051442861110748105,30,1,29,0,0,0,0,0,1,22,22,0.9477272727272732,0,4.033333333333333,0,0,0,0,0
2360,4393,access_vlan:SW1:eth1:20+access_vlan:SW2:eth1:20+access_vlan:SW2:eth2:10+trunk_remove:SW1:eth3:10+trunk_remove:SW1:eth3:20+trunk_remove:SW2:eth3:10,28998,28999,0.05,-10.05,1,True,False,True,False,False,incorrect_declare_done,0.0007078365888446569,1,0,0,0,0,0,0,0,3,0,0,0.02,0,6.0,0,0,0,0,0
2361,4394,access_vlan:SW1:eth1:20+access_vlan:SW1:eth2:10+trunk_remove:SW1:eth3:20,28999,29013,0.05,-12.65,14,True,False,True,False,False,incorrect_declare_done,0.005308252667808639,14,1,12,0,1,1,1,0,3,0,0,0.1231818181818182,1,8.357142857142858,0,0,1,0,0
2362,4395,access_vlan:SW1:eth1:20+access_vlan:SW1:eth2:10+access_vlan:SW2:eth1:20+trunk_remove:SW2:eth3:10+trunk_remove:SW2:eth3:20,29013,29043,0.05,-5.100000000000001,30,True,False,False,True,False,step_limit,0.002687806816538796,30,3,26,0,0,0,0,0,3,29,29,0.4218181818181816,0,7.866666666666666,0,0,0,0,0
2363,4396,trunk_remove:SW1:eth3:20+trunk_remove:SW2:eth3:10+trunk_remove:SW2:eth3:20,29043,29073,0.05,-4.5,30,True,False,False,True,False,step_limit,0.0021018078589501482,30,0,30,0,0,0,0,0,2,0,0,0.6000000000000002,0,6.0,0,0,0,0,0
2364,4397,access_vlan:SW2:eth1:20+trunk_remove:SW1:eth3:10+trunk_remove:SW1:eth3:20+trunk_remove:SW2:eth3:10,29073,29086,0.05,-12.15,13,True,False,True,False,False,incorrect_declare_done,0.002200313637821147,13,2,10,0,0,0,0,0,3,0,0,0.18363636363636368,0,7.846153846153846,0,0,0,0,0
2365,4398,access_vlan:SW1:eth2:10+access_vlan:SW2:eth1:20+trunk_remove:SW2:eth3:10,29086,29112,0.05,-13.95,26,True,False,True,False,False,incorrect_declare_done,0.0021082318417029455,26,1,24,0,0,0,0,0,4,0,0,0.01,0,10.884615384615385,0,0,0,0,0
2366,4399,access_vlan:SW1:eth2:10+access_vlan:SW2:eth1:20+access_vlan:SW2:eth2:10+trunk_remove:SW1:eth3:10+trunk_remove:SW1:eth3:20+trunk_remove:SW2:eth3:10,29112,29142,0.05,-5.100000000000001,30,True,False,False,True,False,step_limit,0.0017360284517053514,30,4,26,0,0,0,0,0,1,23,23,0.8104545454545451,0,5.033333333333333,0,0,0,0,0
2367,4400,access_vlan:SW1:eth1:20,29142,29172,0.05,-4.5,30,True,False,False,True,False,step_limit,0.0014045946940314026,30,0,30,0,0,0,0,0,3,2,2,0.7500000000000003,0,5.0,0,0,0,0,0
2368,4401,access_vlan:SW2:eth1:20+access_vlan:SW2:eth2:10+trunk_remove:SW1:eth3:10+trunk_remove:SW1:eth3:20,29172,29202,0.05,-5.450000000000002,30,True,False,False,True,False,step_limit,0.0021290679908512783,30,3,27,0,1,1,1,0,3,0,0,0.35818181818181827,1,7.866666666666666,0,0,1,0,0
2369,4402,access_vlan:SW1:eth1:20+access_vlan:SW1:eth2:10+access_vlan:SW2:eth1:20+trunk_remove:SW1:eth3:20,29202,29232,0.05,-4.800000000000001,30,True,False,False,True,False,step_limit,0.0022623718871424598,30,2,28,0,0,0,0,0,1,21,21,0.8518181818181814,0,4.733333333333333,0,0,0,0,0
2370,4403,access_vlan:SW1:eth1:20+access_vlan:SW1:eth2:10+access_vlan:SW2:eth1:20+trunk_remove:SW2:eth3:10,29232,29262,0.05,-4.800000000000001,30,True,False,False,True,False,step_limit,0.002175398615266507,30,2,28,0,0,0,0,0,0,27,27,1.1931818181818183,0,2.2333333333333334,0,0,0,0,0
2371,4404,trunk_remove:SW1:eth3:10+trunk_remove:SW1:eth3:20+trunk_remove:SW2:eth3:20,29262,29292,0.05,-5.25,30,True,False,False,True,False,step_limit,0.00173824085892799,30,4,25,0,0,0,0,0,2,0,0,0.5563636363636365,0,6.8,0,0,0,0,0
2372,4405,trunk_remove:SW1:eth3:20+trunk_remove:SW2:eth3:10,29292,29322,0.05,-4.800000000000001,30,True,False,False,True,False,step_limit,0.0017618192398610214,30,2,28,0,0,0,0,0,2,0,0,0.5636363636363637,0,6.666666666666667,0,0,0,0,0
2373,4406,access_vlan:SW1:eth1:20+trunk_remove:SW1:eth3:10,29322,29352,0.05,-4.5,30,True,False,False,True,False,step_limit,0.0008046522561926395,30,0,30,0,0,0,0,0,3,5,5,0.7500000000000003,0,5.0,0,0,0,0,0
2374,4407,access_vlan:SW1:eth1:20+access_vlan:SW1:eth2:10+access_vlan:SW2:eth1:20+access_vlan:SW2:eth2:10+trunk_remove:SW1:eth3:10,29352,29382,0.05,-4.65,30,True,False,False,True,False,step_limit,0.0009834453366541615,30,1,29,0,0,0,0,0,1,24,24,0.8509090909090905,0,4.6,0,0,0,0,0
2375,4408,access_vlan:SW2:eth2:10+trunk_remove:SW1:eth3:10+trunk_remove:SW2:eth3:20,29382,29395,0.05,-12.3,13,True,False,True,False,False,incorrect_declare_done,0.0006862401810044852,13,3,9,0,0,0,0,0,3,0,0,0.20272727272727276,0,7.384615384615385,0,0,0,0,0
2376,4409,access_vlan:SW1:eth1:20+access_vlan:SW1:eth2:10+access_vlan:SW2:eth2:10,29395,29410,0.05,7.699999999999999,15,True,False,True,False,True,recovery_success,0.0012260723276995122,15,1,13,0,0,0,0,0,0,12,12,0.5977272727272727,0,2.2,0,0,0,0,0
2377,4410,access_vlan:SW2:eth1:20+trunk_remove:SW1:eth3:10+trunk_remove:SW1:eth3:20+trunk_remove:SW2:eth3:20,29410,29440,0.05,-4.800000000000001,30,True,False,False,True,False,step_limit,0.0014849298944075902,30,2,28,0,0,0,0,0,2,0,0,0.5436363636363638,0,6.966666666666667,0,0,0,0,0
2378,4411,access_vlan:SW1:eth1:20+access_vlan:SW1:eth2:10+access_vlan:SW2:eth1:20,29440,29470,0.05,-4.65,30,True,False,False,True,False,step_limit,0.0012340650340775029,30,1,29,0,0,0,0,0,0,27,27,1.2113636363636366,0,2.1,0,0,0,0,0
2379,4412,access_vlan:SW1:eth1:20+access_vlan:SW2:eth1:20+trunk_remove:SW1:eth3:10+trunk_remove:SW1:eth3:20+trunk_remove:SW2:eth3:20,29470,29500,0.05,-4.65,30,True,False,False,True,False,step_limit,0.0009691066351175929,30,1,29,0,0,0,0,0,3,0,0,0.07272727272727274,0,9.6,0,0,0,0,0
2380,4413,access_vlan:SW1:eth1:20+trunk_remove:SW1:eth3:10+trunk_remove:SW2:eth3:20,29500,29530,0.05,-4.800000000000001,30,True,False,False,True,False,step_limit,0.0022596714455479137,30,1,28,0,0,0,0,0,3,0,0,0.5045454545454547,0,7.0,0,0,0,0,0
2381,4414,access_vlan:SW1:eth2:10+access_vlan:SW2:eth1:20+access_vlan:SW2:eth2:10+trunk_remove:SW1:eth3:10+trunk_remove:SW1:eth3:20+trunk_remove:SW2:eth3:20,29530,29560,0.05,-5.700000000000001,30,True,False,False,True,False,step_limit,0.0020337970946760226,30,7,22,0,0,0,0,0,2,29,29,0.551818181818182,0,6.933333333333334,0,0,0,0,0
2382,4415,access_vlan:SW1:eth1:20+access_vlan:SW2:eth1:20+trunk_remove:SW1:eth3:20+trunk_remove:SW2:eth3:20,29560,29590,0.05,-5.100000000000001,30,True,False,False,True,False,step_limit,0.002252945816144347,30,4,26,0,0,0,0,0,3,0,0,0.41818181818181793,0,7.833333333333333,0,0,0,0,0
2383,4416,access_vlan:SW1:eth1:20+trunk_remove:SW1:eth3:10+trunk_remove:SW1:eth3:20+trunk_remove:SW2:eth3:10+trunk_remove:SW2:eth3:20,29590,29620,0.05,-5.250000000000001,30,True,False,False,True,False,step_limit,0.006308390557145079,30,4,25,0,0,0,0,0,3,0,0,0.5195454545454546,0,7.166666666666667,0,0,0,0,0
2384,4417,access_vlan:SW1:eth1:20+access_vlan:SW1:eth2:10,29620,29650,0.05,-5.300000000000002,30,True,False,False,True,False,step_limit,0.002711571524074922,30,2,28,0,1,1,1,0,3,0,0,0.3636363636363636,1,8.266666666666667,0,0,1,0,0
2385,4418,trunk_remove:SW1:eth3:20+trunk_remove:SW2:eth3:20,29650,29680,0.05,-4.65,30,True,False,False,True,False,step_limit,0.00202071638389801,30,1,29,0,0,0,0,0,1,13,13,0.8318181818181813,0,4.833333333333333,0,0,0,0,0
2386,4419,access_vlan:SW1:eth1:20+access_vlan:SW2:eth2:10,29680,29710,0.05,-5.1000000000000005,30,True,False,False,True,False,step_limit,0.003732990915887058,30,4,26,0,0,0,0,0,4,0,0,0.049090909090909095,0,10.6,0,0,0,0,0
2387,4420,access_vlan:SW1:eth1:20+access_vlan:SW1:eth2:10+access_vlan:SW2:eth1:20+access_vlan:SW2:eth2:10+trunk_remove:SW1:eth3:10+trunk_remove:SW1:eth3:20+trunk_remove:SW2:eth3:10+trunk_remove:SW2:eth3:20,29710,29718,0.05,8.299999999999999,8,True,False,True,False,True,recovery_success,0.005790578317828476,8,4,3,0,0,0,0,0,0,3,3,0.22000000000000003,0,4.875,0,0,0,0,0
2388,4421,access_vlan:SW1:eth1:20+access_vlan:SW2:eth1:20+access_vlan:SW2:eth2:10+trunk_remove:SW2:eth3:20,29718,29730,0.05,-11.850000000000001,12,True,False,True,False,False,incorrect_declare_done,0.004163176704120512,12,1,10,0,0,0,0,0,1,6,6,0.37,0,4.166666666666667,0,0,0,0,0
2389,4422,access_vlan:SW1:eth2:10+access_vlan:SW2:eth2:10+trunk_remove:SW1:eth3:20+trunk_remove:SW2:eth3:10,29730,29750,0.05,-14.4,20,True,False,True,False,False,incorrect_declare_done,0.006886140647111461,20,6,9,0,0,0,0,0,4,0,0,0.08272727272727273,0,9.55,0,0,0,0,0
2390,4423,access_vlan:SW1:eth1:20+access_vlan:SW2:eth1:20+access_vlan:SW2:eth2:10+trunk_remove:SW1:eth3:10+trunk_remove:SW2:eth3:10,29750,29772,0.05,-14.1,22,True,False,True,False,False,incorrect_declare_done,0.004879090120084584,22,3,15,0,0,0,0,0,3,18,18,0.509090909090909,0,5.818181818181818,0,0,0,0,0
2391,4424,access_vlan:SW2:eth1:20+access_vlan:SW2:eth2:10+trunk_remove:SW1:eth3:10+trunk_remove:SW2:eth3:20,29772,29802,0.05,-5.750000000000002,30,True,False,False,True,False,step_limit,0.002239851050156479,30,5,25,0,1,1,1,0,3,2,2,0.48727272727272697,1,7.4,0,0,1,0,0
2392,4425,access_vlan:SW1:eth1:20+access_vlan:SW2:eth1:20+access_vlan:SW2:eth2:10+trunk_remove:SW1:eth3:20+trunk_remove:SW2:eth3:10+trunk_remove:SW2:eth3:20,29802,29832,0.05,-4.800000000000001,30,True,False,False,True,False,step_limit,0.0012325022224104031,30,1,28,0,0,0,0,0,3,30,30,0.4486363636363639,0,7.033333333333333,0,0,0,0,0
2393,4426,trunk_remove:SW1:eth3:10+trunk_remove:SW2:eth3:10,29832,29862,0.05,-4.65,30,True,False,False,True,False,step_limit,0.0026849349048764753,30,1,29,0,0,0,0,0,1,0,0,0.867272727272727,0,4.4,0,0,0,0,0
2394,4427,access_vlan:SW1:eth2:10+access_vlan:SW2:eth1:20+access_vlan:SW2:eth2:10+trunk_remove:SW1:eth3:10+trunk_remove:SW1:eth3:20+trunk_remove:SW2:eth3:10+trunk_remove:SW2:eth3:20,29862,29887,0.05,-14.399999999999999,25,True,False,True,False,False,incorrect_declare_done,0.003872565026395023,25,5,19,0,0,0,0,0,2,24,24,0.45590909090909104,0,6.96,0,0,0,0,0
2395,4428,access_vlan:SW1:eth2:10+access_vlan:SW2:eth1:20+access_vlan:SW2:eth2:10,29887,29917,0.05,-4.5,30,True,False,False,True,False,step_limit,0.003413778725856294,30,0,30,0,0,0,0,0,3,26,26,0.7500000000000003,0,5.0,0,0,0,0,0
2396,4429,access_vlan:SW1:eth2:10+access_vlan:SW2:eth2:10+trunk_remove:SW1:eth3:10+trunk_remove:SW2:eth3:10+trunk_remove:SW2:eth3:20,29917,29947,0.05,-6.000000000000001,30,True,False,False,True,False,step_limit,0.004100862529594451,30,10,20,0,0,0,0,0,2,0,0,0.44545454545454527,0,7.7,0,0,0,0,0
2397,4430,access_vlan:SW1:eth1:20+access_vlan:SW1:eth2:10+trunk_remove:SW1:eth3:10+trunk_remove:SW1:eth3:20+trunk_remove:SW2:eth3:10+trunk_remove:SW2:eth3:20,29947,29977,0.05,-5.450000000000002,30,True,False,False,True,False,step_limit,0.0024529274630670744,30,2,27,0,1,1,1,0,3,0,0,0.4954545454545456,1,7.333333333333333,0,0,1,0,0
2398,4431,access_vlan:SW2:eth1:20+trunk_remove:SW1:eth3:20,29977,30006,0.05,-14.7,29,True,False,True,False,False,incorrect_declare_done,0.002028088091374857,29,3,25,0,0,0,0,0,3,0,0,0.40636363636363615,0,7.896551724137931,0,0,0,0,0
2399,4432,access_vlan:SW1:eth1:20+access_vlan:SW1:eth2:10+access_vlan:SW2:eth2:10+trunk_remove:SW1:eth3:20+trunk_remove:SW2:eth3:20,30006,30014,0.05,-11.100000000000001,8,True,False,True,False,False,incorrect_declare_done,0.002130366541678086,8,0,7,0,0,0,0,0,3,7,7,0.19999999999999998,0,5.0,0,0,0,0,0
2400,4433,trunk_remove:SW1:eth3:10,30014,30044,0.05,-4.65,30,True,False,False,True,False,step_limit,0.002470344613539055,30,1,29,0,0,0,0,0,0,29,29,1.2163636363636368,0,2.066666666666667,0,0,0,0,0
2401,4434,access_vlan:SW1:eth1:20+access_vlan:SW1:eth2:10+access_vlan:SW2:eth2:10+trunk_remove:SW1:eth3:10+trunk_remove:SW1:eth3:20,30044,30074,0.05,-5.250000000000002,30,True,False,False,True,False,step_limit,0.0017000585910864174,30,5,25,0,0,0,0,0,2,27,27,0.5172727272727273,0,7.166666666666667,0,0,0,0,0
2402,4435,access_vlan:SW1:eth1:20+trunk_remove:SW1:eth3:20,30074,30104,0.05,-5.1,30,True,False,False,True,False,step_limit,0.0017251911592514565,30,3,26,0,0,0,0,0,3,0,0,0.43363636363636354,0,7.8,0,0,0,0,0
2403,4436,access_vlan:SW1:eth1:20+access_vlan:SW1:eth2:10+access_vlan:SW2:eth1:20+trunk_remove:SW1:eth3:20+trunk_remove:SW2:eth3:10+trunk_remove:SW2:eth3:20,30104,30134,0.05,-5.100000000000001,30,True,False,False,True,False,step_limit,0.002013288056089853,30,4,26,0,0,0,0,0,3,29,29,0.5059090909090909,0,7.266666666666667,0,0,0,0,0
2404,4437,access_vlan:SW1:eth1:20+access_vlan:SW1:eth2:10+access_vlan:SW2:eth1:20+access_vlan:SW2:eth2:10+trunk_remove:SW1:eth3:20+trunk_remove:SW2:eth3:10,30134,30164,0.05,-6.300000000000004,30,True,False,False,True,False,step_limit,0.0031936689473999044,30,9,18,0,0,0,0,0,1,27,27,0.8154545454545451,0,5.0,0,0,0,0,0
2405,4438,access_vlan:SW2:eth2:10+trunk_remove:SW1:eth3:10+trunk_remove:SW2:eth3:10+trunk_remove:SW2:eth3:20,30164,30194,0.05,-4.65,30,True,False,False,True,False,step_limit,0.0021134134983488667,30,1,29,0,0,0,0,0,3,0,0,0.4322727272727271,0,7.433333333333334,0,0,0,0,0
2406,4439,access_vlan:SW1:eth1:20+access_vlan:SW2:eth1:20+trunk_remove:SW1:eth3:10+trunk_remove:SW1:eth3:20+trunk_remove:SW2:eth3:10+trunk_remove:SW2:eth3:20,30194,30224,0.05,-5.100000000000002,30,True,False,False,True,False,step_limit,0.0019048630240528534,30,3,26,0,0,0,0,0,3,0,0,0.2454545454545455,0,9.1,0,0,0,0,0
2407,4440,trunk_remove:SW1:eth3:10+trunk_remove:SW2:eth3:10,30224,30254,0.05,-4.800000000000001,30,True,False,False,True,False,step_limit,0.0022522514394950123,30,2,28,0,0,0,0,0,1,6,6,0.8209090909090905,0,4.966666666666667,0,0,0,0,0
2408,4441,access_vlan:SW1:eth1:20+trunk_remove:SW1:eth3:10+trunk_remove:SW2:eth3:10+trunk_remove:SW2:eth3:20,30254,30270,0.05,-13.05,16,True,False,True,False,False,incorrect_declare_done,0.003565602659364231,16,5,10,0,0,0,0,0,3,0,0,0.24000000000000005,0,7.625,0,0,0,0,0
2409,4442,access_vlan:SW1:eth1:20+access_vlan:SW2:eth2:10+trunk_remove:SW1:eth3:10+trunk_remove:SW2:eth3:20,30270,30277,0.05,-11.100000000000001,7,True,False,True,False,False,incorrect_declare_done,0.004343996980294053,7,1,5,0,0,0,0,0,4,0,0,0.0,0,10.857142857142858,0,0,0,0,0
2410,4443,access_vlan:SW1:eth2:10+access_vlan:SW2:eth1:20+trunk_remove:SW1:eth3:10+trunk_remove:SW1:eth3:20+trunk_remove:SW2:eth3:10+trunk_remove:SW2:eth3:20,30277,30307,0.05,-4.65,30,True,False,False,True,False,step_limit,0.0024908289798380185,30,1,29,0,0,0,0,0,3,0,0,0.29090909090909095,0,8.4,0,0,0,0,0
2411,4444,access_vlan:SW1:eth1:20+access_vlan:SW2:eth1:20+trunk_remove:SW2:eth3:10+trunk_remove:SW2:eth3:20,30307,30337,0.05,-5.100000000000001,30,True,False,False,True,False,step_limit,0.004455533590711032,30,4,26,0,0,0,0,0,2,1,1,0.4095454545454545,0,7.666666666666667,0,0,0,0,0
2412,4445,access_vlan:SW1:eth1:20+access_vlan:SW1:eth2:10+trunk_remove:SW1:eth3:10+trunk_remove:SW1:eth3:20+trunk_remove:SW2:eth3:10+trunk_remove:SW2:eth3:20,30337,30367,0.05,-5.150000000000001,30,True,False,False,True,False,step_limit,0.0037120747185933095,30,1,29,0,1,1,1,0,3,0,0,0.5272727272727273,1,7.1,0,0,1,0,0
2413,4446,access_vlan:SW1:eth1:20+access_vlan:SW1:eth2:10+trunk_remove:SW1:eth3:10+trunk_remove:SW1:eth3:20+trunk_remove:SW2:eth3:20,30367,30397,0.05,-5.3000000000000025,30,True,False,False,True,False,step_limit,0.0054744757285031176,30,2,28,0,1,1,1,0,3,4,4,0.4309090909090907,1,7.6,0,0,1,0,0
2414,4447,access_vlan:SW1:eth2:10+trunk_remove:SW1:eth3:10+trunk_remove:SW1:eth3:20+trunk_remove:SW2:eth3:10,30397,30427,0.05,-4.95,30,True,False,False,True,False,step_limit,0.0024066539966346077,30,2,27,0,0,0,0,0,2,0,0,0.5604545454545455,0,6.866666666666666,0,0,0,0,0
2415,4448,access_vlan:SW2:eth1:20+trunk_remove:SW2:eth3:10,30427,30457,0.05,-4.65,30,True,False,False,True,False,step_limit,0.0021128181891981513,30,1,29,0,0,0,0,0,1,6,6,0.8659090909090913,0,4.433333333333334,0,0,0,0,0
2416,4449,access_vlan:SW1:eth1:20+access_vlan:SW1:eth2:10+access_vlan:SW2:eth1:20+access_vlan:SW2:eth2:10+trunk_remove:SW1:eth3:20+trunk_remove:SW2:eth3:20,30457,30487,0.05,-4.65,30,True,False,False,True,False,step_limit,0.0027089344609218338,30,1,29,0,0,0,0,0,1,6,6,0.8209090909090905,0,4.966666666666667,0,0,0,0,0
2417,4450,access_vlan:SW1:eth2:10+access_vlan:SW2:eth1:20+trunk_remove:SW1:eth3:10+trunk_remove:SW1:eth3:20,30487,30517,0.05,-4.65,30,True,False,False,True,False,step_limit,0.0018679980848294994,30,1,29,0,0,0,0,0,3,1,1,0.5909090909090907,0,6.533333333333333,0,0,0,0,0
2418,4451,access_vlan:SW1:eth1:20+access_vlan:SW1:eth2:10+access_vlan:SW2:eth1:20+access_vlan:SW2:eth2:10+trunk_remove:SW1:eth3:10+trunk_remove:SW2:eth3:10+trunk_remove:SW2:eth3:20,30517,30547,0.05,-5.8500000000000005,30,True,False,False,True,False,step_limit,0.001570922318690767,30,8,21,0,0,0,0,0,1,29,29,0.590909090909091,0,6.566666666666666,0,0,0,0,0
2419,4452,access_vlan:SW1:eth1:20+access_vlan:SW1:eth2:10+access_vlan:SW2:eth1:20+trunk_remove:SW1:eth3:10,30547,30577,0.05,-14.4,30,True,False,True,False,False,incorrect_declare_done,0.005755547166336328,30,0,29,0,0,0,0,0,3,28,28,0.7500000000000003,0,5.0,0,0,0,0,0
2420,4453,access_vlan:SW1:eth2:10+access_vlan:SW2:eth1:20+trunk_remove:SW1:eth3:10+trunk_remove:SW2:eth3:10+trunk_remove:SW2:eth3:20,30577,30607,0.05,-4.800000000000001,30,True,False,False,True,False,step_limit,0.004742298954321693,30,2,28,0,0,0,0,0,3,11,11,0.30909090909090914,0,8.5,0,0,0,0,0
2421,4454,access_vlan:SW1:eth1:20+access_vlan:SW2:eth1:20+trunk_remove:SW1:eth3:20+trunk_remove:SW2:eth3:20,30607,30634,0.05,-14.4,27,True,False,True,False,False,incorrect_declare_done,0.004206289459640781,27,3,23,0,0,0,0,0,2,0,0,0.23181818181818187,0,8.666666666666666,0,0,0,0,0
2422,4455,access_vlan:SW2:eth2:10+trunk_remove:SW1:eth3:10+trunk_remove:SW1:eth3:20,30634,30664,0.05,-5.7,30,True,False,False,True,False,step_limit,0.00547930778702721,30,8,22,0,0,0,0,0,2,0,0,0.6036363636363635,0,6.333333333333333,0,0,0,0,0
2423,4456,access_vlan:SW2:eth1:20+trunk_remove:SW2:eth3:10,30664,30672,0.05,-11.100000000000001,8,True,False,True,False,False,incorrect_declare_done,0.006186934202560224,8,0,7,0,0,0,0,0,3,0,0,0.19999999999999998,0,5.0,0,0,0,0,0
2424,4457,access_vlan:SW2:eth1:20+access_vlan:SW2:eth2:10+trunk_remove:SW2:eth3:10,30672,30674,0.05,-10.200000000000001,2,True,False,True,False,False,incorrect_declare_done,0.001645192678552121,2,0,1,0,0,0,0,0,3,0,0,0.01,0,9.0,0,0,1,-1,0
2425,4458,access_vlan:SW1:eth1:20+access_vlan:SW1:eth2:10+trunk_remove:SW2:eth3:20,30674,30704,0.05,-4.5,30,True,False,False,True,False,step_limit,0.004305099055636674,30,0,30,0,0,0,0,0,3,0,0,0.15000000000000005,0,9.0,0,0,1,-1,0
2426,4459,access_vlan:SW1:eth2:10+access_vlan:SW2:eth2:10+trunk_remove:SW2:eth3:10+trunk_remove:SW2:eth3:20,30704,30734,0.05,-5.250000000000002,30,True,False,False,True,False,step_limit,0.0026927093878233183,30,4,25,0,0,0,0,0,3,0,0,0.4595454545454544,0,7.6,0,0,0,0,0
2427,4460,access_vlan:SW1:eth2:10+trunk_remove:SW1:eth3:10+trunk_remove:SW2:eth3:20,30734,30764,0.05,-4.950000000000001,30,True,False,False,True,False,step_limit,0.0015979878099945685,30,3,27,0,0,0,0,0,2,0,0,0.550909090909091,0,6.9,0,0,0,0,0
2428,4461,access_vlan:SW1:eth2:10+access_vlan:SW2:eth1:20+access_vlan:SW2:eth2:10+trunk_remove:SW1:eth3:10+trunk_remove:SW2:eth3:10,30764,30794,0.05,-4.65,30,True,False,False,True,False,step_limit,0.0018867774682197098,30,1,29,0,0,0,0,0,3,18,18,0.5072727272727274,0,7.0,0,0,0,0,0
2429,4462,access_vlan:SW1:eth1:20+access_vlan:SW1:eth2:10+trunk_remove:SW1:eth3:10+trunk_remove:SW1:eth3:20+trunk_remove:SW2:eth3:10,30794,30824,0.05,-5.450000000000002,30,True,False,False,True,False,step_limit,0.0014829882653430103,30,3,27,0,1,1,1,0,3,23,23,0.46863636363636374,1,7.533333333333333,0,0,1,0,0
2430,4463,access_vlan:SW1:eth1:20+access_vlan:SW1:eth2:10+access_vlan:SW2:eth2:10+trunk_remove:SW1:eth3:10+trunk_remove:SW1:eth3:20+trunk_remove:SW2:eth3:20,30824,30854,0.05,-4.65,30,True,False,False,True,False,step_limit,0.0013135503511875867,30,1,29,0,0,0,0,0,3,28,28,0.42818181818181794,0,7.8,0,0,0,0,0
2431,4464,access_vlan:SW2:eth2:10+trunk_remove:SW1:eth3:20,30854,30884,0.05,-4.8,30,True,False,False,True,False,step_limit,0.0015189232343497375,30,2,28,0,0,0,0,0,3,1,1,0.7090909090909088,0,5.6,0,0,0,0,0
2432,4465,trunk_remove:SW1:eth3:10+trunk_remove:SW2:eth3:10,30884,30887,0.05,-10.350000000000001,3,True,False,True,False,False,incorrect_declare_done,0.0009055901512814065,3,0,2,0,0,0,0,0,1,0,0,0.09000000000000002,0,4.0,0,0,0,0,0
2433,4466,access_vlan:SW2:eth2:10+trunk_remove:SW1:eth3:10+trunk_remove:SW1:eth3:20+trunk_remove:SW2:eth3:10+trunk_remove:SW2:eth3:20,30887,30917,0.05,-4.5,30,True,False,False,True,False,step_limit,0.0011373373010428623,30,0,30,0,0,0,0,0,3,0,0,0.4500000000000003,0,7.0,0,0,0,0,0
2434,4467,access_vlan:SW1:eth2:10+trunk_remove:SW1:eth3:10+trunk_remove:SW2:eth3:10,30917,30938,0.05,-13.2,21,True,False,True,False,False,incorrect_declare_done,0.0017879371838976762,21,1,19,0,0,0,0,0,1,0,0,0.5504545454545454,0,5.0,0,0,0,0,0
2435,4468,access_vlan:SW1:eth1:20+access_vlan:SW2:eth2:10,30938,30959,0.05,-13.65,21,True,False,True,False,False,incorrect_declare_done,0.0016519966052978166,21,3,16,0,0,0,0,0,3,0,0,0.3054545454545454,0,7.571428571428571,0,0,0,0,0
2436,4469,access_vlan:SW1:eth1:20+access_vlan:SW2:eth1:20+trunk_remove:SW1:eth3:20+trunk_remove:SW2:eth3:20,30959,30961,0.05,-10.350000000000001,2,True,False,True,False,False,incorrect_declare_done,0.0016161085804924369,2,1,0,0,0,0,0,0,3,0,0,0.018181818181818184,0,8.5,0,0,0,0,0
2437,4470,access_vlan:SW1:eth1:20+access_vlan:SW2:eth2:10+trunk_remove:SW1:eth3:20,30961,30991,0.05,-5.1000000000000005,30,True,False,False,True,False,step_limit,0.0027370664038850615,30,3,26,0,0,0,0,0,3,27,27,0.560909090909091,0,6.833333333333333,0,0,0,0,0
2438,4471,trunk_remove:SW1:eth3:20+trunk_remove:SW2:eth3:10+trunk_remove:SW2:eth3:20,30991,31021,0.05,-4.8,30,True,False,False,True,False,step_limit,0.003183850108568246,30,1,28,0,0,0,0,0,2,0,0,0.5781818181818182,0,6.4,0,0,0,0,0
2439,4472,access_vlan:SW1:eth2:10+access_vlan:SW2:eth1:20+access_vlan:SW2:eth2:10+trunk_remove:SW1:eth3:10+trunk_remove:SW1:eth3:20+trunk_remove:SW2:eth3:20,31021,31051,0.05,-5.1000000000000005,30,True,False,False,True,False,step_limit,0.004154802532866597,30,4,26,0,0,0,0,0,3,30,30,0.42454545454545434,0,7.866666666666666,0,0,0,0,0
2440,4473,access_vlan:SW1:eth1:20+access_vlan:SW1:eth2:10+access_vlan:SW2:eth2:10+trunk_remove:SW1:eth3:10+trunk_remove:SW2:eth3:20,31051,31081,0.05,-6.300000000000002,30,True,False,False,True,False,step_limit,0.0034782915104491015,30,11,18,0,0,0,0,0,2,22,22,0.4700000000000001,0,7.533333333333333,0,0,0,0,0
2441,4474,access_vlan:SW1:eth1:20+access_vlan:SW1:eth2:10,31081,31111,0.05,-5.6,30,True,False,False,True,False,step_limit,0.0026847299285388242,30,3,26,0,1,1,1,0,3,3,3,0.6772727272727271,1,5.866666666666666,0,0,1,0,0
2442,4475,access_vlan:SW1:eth1:20+access_vlan:SW2:eth2:10+trunk_remove:SW1:eth3:10+trunk_remove:SW1:eth3:20,31111,31141,0.05,-5.1000000000000005,30,True,False,False,True,False,step_limit,0.002474577499864002,30,4,26,0,0,0,0,0,1,13,13,0.2545454545454546,0,9.066666666666666,0,0,0,0,0
2443,4476,access_vlan:SW1:eth1:20+access_vlan:SW1:eth2:10+trunk_remove:SW1:eth3:10+trunk_remove:SW1:eth3:20+trunk_remove:SW2:eth3:20,31141,31171,0.05,-16.1,30,True,False,True,False,False,incorrect_declare_done,0.0026285185556237894,30,8,21,0,1,1,1,0,3,0,0,0.4754545454545456,1,7.333333333333333,0,0,1,0,0
2444,4477,access_vlan:SW1:eth1:20+access_vlan:SW2:eth2:10+trunk_remove:SW1:eth3:20+trunk_remove:SW2:eth3:20,31171,31201,0.05,-4.65,30,True,False,False,True,False,step_limit,0.002135759331091928,30,1,29,0,0,0,0,0,4,0,0,0.18000000000000002,0,9.2,0,0,0,0,0
2445,4478,access_vlan:SW2:eth2:10+trunk_remove:SW1:eth3:20+trunk_remove:SW2:eth3:20,31201,31231,0.05,-5.700000000000001,30,True,False,False,True,False,step_limit,0.001994575051746021,30,8,22,0,0,0,0,0,3,11,11,0.6840909090909087,0,5.966666666666667,0,0,0,0,0
2446,4479,access_vlan:SW1:eth1:20+access_vlan:SW1:eth2:10+access_vlan:SW2:eth1:20+access_vlan:SW2:eth2:10+trunk_remove:SW1:eth3:10+trunk_remove:SW1:eth3:20+trunk_remove:SW2:eth3:10+trunk_remove:SW2:eth3:20,31231,31239,0.05,8.299999999999999,8,True,False,True,False,True,recovery_success,0.0027552723477128893,8,4,3,0,0,0,0,0,0,5,5,0.2518181818181818,0,4.0,0,0,0,0,0
2447,4480,access_vlan:SW2:eth1:20+access_vlan:SW2:eth2:10+trunk_remove:SW1:eth3:10+trunk_remove:SW2:eth3:10+trunk_remove:SW2:eth3:20,31239,31269,0.05,-6.200000000000004,30,True,False,False,True,False,step_limit,0.0020308836343853423,30,8,22,0,1,1,1,0,3,0,0,0.4009090909090907,1,8.0,0,0,1,0,0
2448,4481,access_vlan:SW1:eth1:20+access_vlan:SW1:eth2:10+access_vlan:SW2:eth2:10+trunk_remove:SW1:eth3:10+trunk_remove:SW2:eth3:10+trunk_remove:SW2:eth3:20,31269,31299,0.05,-5.250000000000002,30,True,False,False,True,False,step_limit,0.001663948354932169,30,5,25,0,0,0,0,0,3,29,29,0.41181818181818164,0,7.933333333333334,0,0,0,0,0
2449,4482,trunk_remove:SW2:eth3:10+trunk_remove:SW2:eth3:20,31299,31329,0.05,-5.399999999999999,30,True,False,False,True,False,step_limit,0.0019210201552292952,30,4,24,0,0,0,0,0,2,0,0,0.5654545454545457,0,6.633333333333334,0,0,0,0,0
2450,4483,access_vlan:SW1:eth2:10+trunk_remove:SW1:eth3:20,31329,31359,0.05,-4.800000000000001,30,True,False,False,True,False,step_limit,0.001823014298376317,30,2,28,0,0,0,0,0,0,30,30,1.0363636363636362,0,3.3333333333333335,0,0,0,0,0
2451,4484,access_vlan:SW1:eth1:20+access_vlan:SW1:eth2:10+trunk_remove:SW2:eth3:20,31359,31389,0.05,-5.450000000000002,30,True,False,False,True,False,step_limit,0.0021218929711418846,30,3,27,0,1,1,1,0,3,14,14,0.2868181818181818,1,8.866666666666667,0,0,1,0,0
2452,4485,access_vlan:SW2:eth1:20+access_vlan:SW2:eth2:10+trunk_remove:SW1:eth3:20+trunk_remove:SW2:eth3:20,31389,31419,0.05,-5.750000000000002,30,True,False,False,True,False,step_limit,0.0017716986360028387,30,4,25,0,1,1,1,0,3,0,0,0.3999999999999998,1,7.966666666666667,0,0,1,0,0
2453,4486,access_vlan:SW1:eth1:20+access_vlan:SW2:eth1:20+access_vlan:SW2:eth2:10+trunk_remove:SW1:eth3:10+trunk_remove:SW1:eth3:20,31419,31449,0.05,-4.949999999999999,30,True,False,False,True,False,step_limit,0.0025893159210681914,30,3,27,0,0,0,0,0,3,29,29,0.4754545454545452,0,7.333333333333333,0,0,0,0,0
2454,4487,access_vlan:SW1:eth2:10+access_vlan:SW2:eth1:20+access_vlan:SW2:eth2:10+trunk_remove:SW1:eth3:10,31449,31479,0.05,-4.65,30,True,False,False,True,False,step_limit,0.0013998864752162868,30,1,29,0,0,0,0,0,1,23,23,0.7772727272727274,0,5.0,0,0,0,0,0
2455,4488,access_vlan:SW1:eth1:20+access_vlan:SW1:eth2:10+access_vlan:SW2:eth2:10+trunk_remove:SW2:eth3:20,31479,31509,0.05,-4.5,30,True,False,False,True,False,step_limit,0.00350642215150098,30,0,30,0,0,0,0,0,3,25,25,0.7500000000000003,0,5.0,0,0,0,0,0
2456,4489,access_vlan:SW1:eth1:20+access_vlan:SW1:eth2:10+access_vlan:SW2:eth1:20+trunk_remove:SW1:eth3:10+trunk_remove:SW2:eth3:10,31509,31539,0.05,-5.3999999999999995,30,True,False,False,True,False,step_limit,0.0050135419781630235,30,4,24,0,0,0,0,0,3,25,25,0.702272727272727,0,5.7,0,0,0,0,0
2457,4490,access_vlan:SW1:eth1:20+trunk_remove:SW1:eth3:10+trunk_remove:SW1:eth3:20+trunk_remove:SW2:eth3:10,31539,31569,0.05,-4.799999999999999,30,True,False,False,True,False,step_limit,0.0044084327761083845,30,2,28,0,0,0,0,0,3,0,0,0.5945454545454547,0,6.1,0,0,0,0,0
2458,4491,access_vlan:SW1:eth1:20+trunk_remove:SW1:eth3:10+trunk_remove:SW1:eth3:20+trunk_remove:SW2:eth3:10,31569,31599,0.05,-4.800000000000001,30,True,False,False,True,False,step_limit,0.003811982204206288,30,2,28,0,0,0,0,0,3,0,0,0.41545454545454524,0,7.933333333333334,0,0,0,0,0
2459,4492,access_vlan:SW2:eth1:20+trunk_remove:SW1:eth3:10+trunk_remove:SW1:eth3:20,31599,31629,0.05,-5.850000000000001,30,True,False,False,True,False,step_limit,0.006202995664595316,30,8,21,0,0,0,0,0,2,0,0,0.5663636363636365,0,6.766666666666667,0,0,0,0,0
2460,4493,access_vlan:SW1:eth2:10+access_vlan:SW2:eth2:10+trunk_remove:SW1:eth3:10+trunk_remove:SW2:eth3:10+trunk_remove:SW2:eth3:20,31629,31633,0.05,-10.950000000000001,4,True,False,True,False,False,incorrect_declare_done,0.005799113539978862,4,3,0,0,0,0,0,0,3,3,3,0.05000000000000001,0,8.0,0,0,0,0,0
2461,4494,access_vlan:SW1:eth1:20+access_vlan:SW1:eth2:10+access_vlan:SW2:eth2:10+trunk_remove:SW1:eth3:10+trunk_remove:SW2:eth3:20,31633,31644,0.05,-11.55,11,True,False,True,False,False,incorrect_declare_done,0.004940710115161809,11,0,10,0,0,0,0,0,3,11,11,0.21999999999999997,0,6.0,0,0,0,0,0
2462,4495,access_vlan:SW1:eth1:20+access_vlan:SW1:eth2:10+access_vlan:SW2:eth1:20+access_vlan:SW2:eth2:10+trunk_remove:SW2:eth3:10+trunk_remove:SW2:eth3:20,31644,31674,0.05,-5.100000000000001,30,True,False,False,True,False,step_limit,0.005475017246014128,30,4,26,0,0,0,0,0,1,29,29,0.7327272727272722,0,5.366666666666666,0,0,0,0,0
2463,4496,access_vlan:SW1:eth1:20+access_vlan:SW2:eth1:20+access_vlan:SW2:eth2:10+trunk_remove:SW1:eth3:10+trunk_remove:SW1:eth3:20+trunk_remove:SW2:eth3:10+trunk_remove:SW2:eth3:20,31674,31704,0.05,-5.250000000000001,30,True,False,False,True,False,step_limit,0.003918346770418187,30,5,25,0,0,0,0,0,3,30,30,0.42636363636363617,0,7.733333333333333,0,0,0,0,0
2464,4497,access_vlan:SW1:eth2:10+access_vlan:SW2:eth2:10+trunk_remove:SW1:eth3:20+trunk_remove:SW2:eth3:20,31704,31734,0.05,-6.800000000000003,30,True,False,False,True,False,step_limit,0.0032273486838676037,30,12,18,0,1,1,1,0,3,6,6,0.5281818181818182,1,7.1,0,0,1,0,0
2465,4498,access_vlan:SW2:eth1:20+trunk_remove:SW2:eth3:10,31734,31764,0.05,-4.65,30,True,False,False,True,False,step_limit,0.003912771411705762,30,1,29,0,0,0,0,0,3,0,0,0.6886363636363634,0,5.9,0,0,0,0,0
2466,4499,access_vlan:SW1:eth1:20+access_vlan:SW1:eth2:10+access_vlan:SW2:eth2:10+trunk_remove:SW1:eth3:10+trunk_remove:SW1:eth3:20+trunk_remove:SW2:eth3:10+trunk_remove:SW2:eth3:20,31764,31794,0.05,-5.400000000000002,30,True,False,False,True,False,step_limit,0.005738441541325301,30,6,24,0,0,0,0,0,3,24,24,0.4399999999999997,0,7.633333333333334,0,0,0,0,0
2467,4500,access_vlan:SW1:eth1:20+access_vlan:SW1:eth2:10+trunk_remove:SW1:eth3:10+trunk_remove:SW2:eth3:20,31794,31824,0.05,-4.5,30,True,False,False,True,False,step_limit,0.005760791769716889,30,0,30,0,0,0,0,0,2,13,13,0.3000000000000001,0,8.0,0,0,1,-1,0
2468,4501,access_vlan:SW1:eth1:20+access_vlan:SW2:eth1:20+trunk_remove:SW1:eth3:10+trunk_remove:SW2:eth3:10+trunk_remove:SW2:eth3:20,31824,31854,0.05,-5.100000000000001,30,True,False,False,True,False,step_limit,0.007193388442586487,30,4,26,0,0,0,0,0,3,0,0,0.4581818181818183,0,7.4,0,0,0,0,0
2469,4502,access_vlan:SW1:eth2:10+access_vlan:SW2:eth1:20+access_vlan:SW2:eth2:10+trunk_remove:SW1:eth3:10+trunk_remove:SW2:eth3:10+trunk_remove:SW2:eth3:20,31854,31884,0.05,-5.5500000000000025,30,True,False,False,True,False,step_limit,0.005351624721273159,30,7,23,0,0,0,0,0,3,30,30,0.4349999999999997,0,7.6,0,0,0,0,0
2470,4503,access_vlan:SW1:eth2:10+access_vlan:SW2:eth1:20+trunk_remove:SW1:eth3:10+trunk_remove:SW1:eth3:20+trunk_remove:SW2:eth3:10,31884,31914,0.05,-4.800000000000001,30,True,False,False,True,False,step_limit,0.0076818715625753,30,2,28,0,0,0,0,0,3,0,0,0.4000000000000001,0,7.833333333333333,0,0,0,0,0
2471,4504,access_vlan:SW1:eth1:20+access_vlan:SW1:eth2:10+access_vlan:SW2:eth2:10+trunk_remove:SW2:eth3:10,31914,31944,0.05,-5.55,30,True,False,False,True,False,step_limit,0.006219443209314098,30,7,23,0,0,0,0,0,3,25,25,0.4799999999999997,0,7.3,0,0,0,0,0
2472,4505,access_vlan:SW1:eth1:20+access_vlan:SW1:eth2:10+access_vlan:SW2:eth1:20+access_vlan:SW2:eth2:10+trunk_remove:SW1:eth3:10+trunk_remove:SW1:eth3:20+trunk_remove:SW2:eth3:10+trunk_remove:SW2:eth3:20,31944,31974,0.05,-5.100000000000001,30,True,False,False,True,False,step_limit,0.0033651881540815035,30,3,26,0,0,0,0,0,1,26,26,0.8427272727272732,0,4.8,0,0,0,0,0
2473,4506,access_vlan:SW1:eth1:20+access_vlan:SW1:eth2:10+access_vlan:SW2:eth2:10+trunk_remove:SW1:eth3:10,31974,32004,0.05,-4.65,30,True,False,False,True,False,step_limit,0.003267541005819415,30,1,29,0,0,0,0,0,1,28,28,0.9309090909090914,0,4.133333333333334,0,0,0,0,0
2474,4507,access_vlan:SW1:eth2:10+access_vlan:SW2:eth1:20+access_vlan:SW2:eth2:10+trunk_remove:SW2:eth3:10+trunk_remove:SW2:eth3:20,32004,32034,0.05,-4.950000000000001,30,True,False,False,True,False,step_limit,0.009232837904710323,30,3,27,0,0,0,0,0,1,30,30,0.8972727272727271,0,4.4,0,0,0,0,0
2475,4508,access_vlan:SW1:eth2:10+access_vlan:SW2:eth1:20+access_vlan:SW2:eth2:10+trunk_remove:SW2:eth3:10,32034,32064,0.05,-5.849999999999999,30,True,False,False,True,False,step_limit,0.005958957213442773,30,5,21,0,0,0,0,0,3,20,20,0.5509090909090911,0,6.8,0,0,0,0,0
2476,4509,access_vlan:SW1:eth1:20+trunk_remove:SW2:eth3:10+trunk_remove:SW2:eth3:20,32064,32071,0.05,-10.950000000000001,7,True,False,True,False,False,incorrect_declare_done,0.0025314902387825505,7,0,6,0,0,0,0,0,3,0,0,0.14,0,6.0,0,0,0,0,0
2477,4510,access_vlan:SW2:eth1:20+access_vlan:SW2:eth2:10+trunk_remove:SW1:eth3:20+trunk_remove:SW2:eth3:10,32071,32101,0.05,-5.300000000000002,30,True,False,False,True,False,step_limit,0.003705223663322007,30,2,28,0,1,1,1,0,3,0,0,0.49454545454545423,1,7.266666666666667,0,0,1,0,0
2478,4511,access_vlan:SW2:eth1:20+trunk_remove:SW2:eth3:20,32101,32131,0.05,-4.5,30,True,False,False,True,False,step_limit,0.0033058773726224898,30,0,30,0,0,0,0,0,3,0,0,0.6000000000000002,0,6.0,0,0,0,0,0
2479,4512,access_vlan:SW2:eth1:20+trunk_remove:SW1:eth3:20+trunk_remove:SW2:eth3:10,32131,32161,0.05,-4.65,30,True,False,False,True,False,step_limit,0.003134987400456642,30,1,29,0,0,0,0,0,2,0,0,0.6272727272727272,0,6.0,0,0,0,0,0
2480,4513,access_vlan:SW1:eth1:20+trunk_remove:SW1:eth3:10,32161,32191,0.05,-4.950000000000001,30,True,False,False,True,False,step_limit,0.0026488753268495203,30,3,27,0,0,0,0,0,3,0,0,0.6954545454545451,0,5.8,0,0,0,0,0
2481,4514,access_vlan:SW1:eth1:20+access_vlan:SW1:eth2:10+access_vlan:SW2:eth1:20+trunk_remove:SW1:eth3:20+trunk_remove:SW2:eth3:10+trunk_remove:SW2:eth3:20,32191,32221,0.05,-4.950000000000001,30,True,False,False,True,False,step_limit,0.002614839107263833,30,3,27,0,0,0,0,0,3,18,18,0.4572727272727272,0,7.366666666666666,0,0,0,0,0
2482,4515,access_vlan:SW2:eth2:10+trunk_remove:SW2:eth3:20,32221,32239,0.05,-12.6,18,True,False,True,False,False,incorrect_declare_done,0.0037153852042845553,18,0,17,0,0,0,0,0,3,0,0,0.4500000000000001,0,5.0,0,0,0,0,0
2483,4516,access_vlan:SW2:eth1:20+trunk_remove:SW1:eth3:10+trunk_remove:SW1:eth3:20+trunk_remove:SW2:eth3:10,32239,32269,0.05,-4.800000000000001,30,True,False,False,True,False,step_limit,0.0025139820044084143,30,2,28,0,0,0,0,0,2,0,0,0.6063636363636364,0,6.133333333333334,0,0,0,0,0
2484,4517,access_vlan:SW1:eth2:10+trunk_remove:SW2:eth3:10+trunk_remove:SW2:eth3:20,32269,32299,0.05,-4.65,30,True,False,False,True,False,step_limit,0.005220280793340256,30,1,29,0,0,0,0,0,3,0,0,0.5427272727272728,0,6.6,0,0,0,0,0
2485,4518,access_vlan:SW1:eth1:20+access_vlan:SW1:eth2:10+access_vlan:SW2:eth1:20+trunk_remove:SW1:eth3:10,32299,32329,0.05,-4.65,30,True,False,False,True,False,step_limit,0.006032925401814282,30,1,29,0,0,0,0,0,3,29,29,0.7204545454545453,0,5.433333333333334,0,0,0,0,0
2486,4519,access_vlan:SW1:eth1:20+access_vlan:SW1:eth2:10+access_vlan:SW2:eth1:20+access_vlan:SW2:eth2:10+trunk_remove:SW1:eth3:10+trunk_remove:SW1:eth3:20+trunk_remove:SW2:eth3:10+trunk_remove:SW2:eth3:20,32329,32359,0.05,-4.65,30,True,False,False,True,False,step_limit,0.002693347706614683,30,1,29,0,0,0,0,0,2,30,30,0.5672727272727273,0,6.6,0,0,0,0,0
2487,4520,access_vlan:SW1:eth2:10+access_vlan:SW2:eth2:10+trunk_remove:SW1:eth3:20+trunk_remove:SW2:eth3:20,32359,32389,0.05,-5.150000000000001,30,True,False,False,True,False,step_limit,0.003480372791333745,30,1,29,0,1,1,1,0,3,0,0,0.8009090909090905,1,5.1,0,0,1,0,0
2488,4521,access_vlan:SW2:eth1:20+trunk_remove:SW1:eth3:20,32389,32419,0.05,-4.5,30,True,False,False,True,False,step_limit,0.002458466257667169,30,0,30,0,0,0,0,0,3,0,0,0.6000000000000002,0,6.0,0,0,0,0,0
2489,4522,access_vlan:SW1:eth1:20+access_vlan:SW1:eth2:10+access_vlan:SW2:eth1:20+trunk_remove:SW1:eth3:10+trunk_remove:SW1:eth3:20+trunk_remove:SW2:eth3:20,32419,32449,0.05,-4.5,30,True,False,False,True,False,step_limit,0.00941690699934649,30,0,30,0,0,0,0,0,3,30,30,0.4500000000000003,0,7.0,0,0,0,0,0
2490,4523,access_vlan:SW1:eth1:20+access_vlan:SW1:eth2:10+access_vlan:SW2:eth1:20,32449,32460,0.05,-11.850000000000001,11,True,False,True,False,False,incorrect_declare_done,0.004543688698587092,11,2,8,0,0,0,0,0,3,6,6,0.2522727272727273,0,5.909090909090909,0,0,0,0,0
2491,4524,access_vlan:SW2:eth1:20+access_vlan:SW2:eth2:10+trunk_remove:SW1:eth3:20+trunk_remove:SW2:eth3:10,32460,32490,0.05,-4.5,30,True,False,False,True,False,step_limit,0.0034926170910087725,30,0,30,0,0,0,0,0,2,0,0,0.3000000000000001,0,8.0,0,0,1,-1,0
2492,4525,access_vlan:SW1:eth2:10+access_vlan:SW2:eth1:20+access_vlan:SW2:eth2:10+trunk_remove:SW1:eth3:10+trunk_remove:SW1:eth3:20+trunk_remove:SW2:eth3:10,32490,32520,0.05,-5.549999999999998,30,True,False,False,True,False,step_limit,0.007540826588713874,30,7,23,0,0,0,0,0,3,29,29,0.44136363636363624,0,7.366666666666666,0,0,0,0,0
2493,4526,access_vlan:SW1:eth1:20+access_vlan:SW1:eth2:10+access_vlan:SW2:eth2:10+trunk_remove:SW1:eth3:10+trunk_remove:SW2:eth3:10+trunk_remove:SW2:eth3:20,32520,32529,0.05,-11.55,9,True,False,True,False,False,incorrect_declare_done,0.0070914917677227,9,2,6,0,0,0,0,0,3,9,9,0.1604545454545455,0,7.0,0,0,0,0,0
2494,4527,access_vlan:SW1:eth1:20+trunk_remove:SW1:eth3:10+trunk_remove:SW2:eth3:20,32529,32533,0.05,-10.950000000000001,4,True,False,True,False,False,incorrect_declare_done,0.011109410843346268,4,3,0,0,0,0,0,0,3,0,0,0.06090909090909092,0,7.5,0,0,0,0,0
2495,4528,access_vlan:SW1:eth1:20+trunk_remove:SW1:eth3:10+trunk_remove:SW2:eth3:20,32533,32563,0.05,-7.199999999999998,30,True,False,False,True,False,step_limit,0.00688227079808712,30,11,12,0,0,0,0,0,3,0,0,0.530909090909091,0,7.066666666666666,0,0,0,0,0
2496,4529,access_vlan:SW1:eth2:10+access_vlan:SW2:eth2:10+trunk_remove:SW2:eth3:10,32563,32593,0.05,-7.499999999999998,30,True,False,False,True,False,step_limit,0.00788415806600824,30,20,10,0,0,0,0,0,3,0,0,0.5322727272727273,0,7.066666666666666,0,0,0,0,0
2497,4530,access_vlan:SW1:eth1:20+access_vlan:SW2:eth2:10+trunk_remove:SW1:eth3:10+trunk_remove:SW2:eth3:10,32593,32623,0.05,-5.25,30,True,False,False,True,False,step_limit,0.004756505669017012,30,5,25,0,0,0,0,0,3,0,0,0.16,0,9.533333333333333,0,0,0,0,0
2498,4531,access_vlan:SW2:eth1:20+trunk_remove:SW1:eth3:10+trunk_remove:SW2:eth3:10+trunk_remove:SW2:eth3:20,32623,32653,0.05,-5.399999999999999,30,True,False,False,True,False,step_limit,0.0028601569395201904,30,6,24,0,0,0,0,0,2,1,1,0.6045454545454545,0,6.166666666666667,0,0,0,0,0
2499,4532,access_vlan:SW1:eth1:20+access_vlan:SW1:eth2:10+trunk_remove:SW1:eth3:10+trunk_remove:SW1:eth3:20+trunk_remove:SW2:eth3:20,32653,32683,0.05,-5.600000000000001,30,True,False,False,True,False,step_limit,0.0034066614287439735,30,4,26,0,1,1,1,0,3,1,1,0.32909090909090905,1,8.466666666666667,0,0,1,0,0
2500,4533,access_vlan:SW1:eth1:20+access_vlan:SW1:eth2:10+access_vlan:SW2:eth2:10+trunk_remove:SW1:eth3:10+trunk_remove:SW2:eth3:10,32683,32691,0.05,-11.4,8,True,False,True,False,False,incorrect_declare_done,0.004109652305487543,8,2,5,0,0,0,0,0,3,8,8,0.11954545454545458,0,7.625,0,0,0,0,0
2501,4534,access_vlan:SW1:eth1:20+access_vlan:SW1:eth2:10+access_vlan:SW2:eth1:20+access_vlan:SW2:eth2:10,32691,32692,0.05,9.95,1,True,False,True,False,True,recovery_success,0.0056845201179385185,1,0,0,0,0,0,0,0,0,1,1,0.04,0,2.0,0,0,0,0,0
2502,4535,access_vlan:SW1:eth2:10+trunk_remove:SW2:eth3:10,32692,32708,0.05,-12.9,16,True,False,True,False,False,incorrect_declare_done,0.0031178263343463186,16,4,11,0,0,0,0,0,3,0,0,0.2672727272727273,0,7.0625,0,0,0,0,0
2503,4536,access_vlan:SW1:eth1:20+access_vlan:SW1:eth2:10+access_vlan:SW2:eth2:10+trunk_remove:SW1:eth3:10,32708,32738,0.05,-5.250000000000001,30,True,False,False,True,False,step_limit,0.004240435610214869,30,3,25,0,0,0,0,0,1,30,30,0.7581818181818184,0,5.2,0,0,0,0,0
2504,4537,trunk_remove:SW1:eth3:10+trunk_remove:SW1:eth3:20+trunk_remove:SW2:eth3:10+trunk_remove:SW2:eth3:20,32738,32768,0.05,-4.5,30,True,False,False,True,False,step_limit,0.004178311644742886,30,0,30,0,0,0,0,0,2,0,0,0.6000000000000002,0,6.0,0,0,0,0,0
2505,4538,access_vlan:SW1:eth2:10+access_vlan:SW2:eth2:10+trunk_remove:SW1:eth3:10+trunk_remove:SW1:eth3:20+trunk_remove:SW2:eth3:20,32768,32798,0.05,-6.149999999999999,30,True,False,False,True,False,step_limit,0.004061957743639748,30,8,19,0,0,0,0,0,2,0,0,0.5822727272727272,0,6.7,0,0,0,0,0
2506,4539,access_vlan:SW1:eth1:20+access_vlan:SW2:eth2:10+trunk_remove:SW1:eth3:10+trunk_remove:SW1:eth3:20+trunk_remove:SW2:eth3:10,32798,32828,0.05,-5.25,30,True,False,False,True,False,step_limit,0.0031442757695913314,30,4,25,0,0,0,0,0,3,0,0,0.45909090909090877,0,7.6,0,0,0,0,0
2507,4540,access_vlan:SW1:eth1:20+access_vlan:SW1:eth2:10+trunk_remove:SW1:eth3:20,32828,32858,0.05,-5.75,30,True,False,False,True,False,step_limit,0.0024000868880345175,30,4,25,0,1,1,1,0,2,21,21,0.637272727272727,1,6.266666666666667,0,0,1,0,0
2508,4541,access_vlan:SW1:eth2:10+trunk_remove:SW1:eth3:20+trunk_remove:SW2:eth3:10,32858,32888,0.05,-5.8500000000000005,30,True,False,False,True,False,step_limit,0.003164943534648046,30,6,21,0,0,0,0,0,2,0,0,0.5827272727272726,0,6.366666666666666,0,0,0,0,0
2509,4542,access_vlan:SW1:eth1:20+access_vlan:SW2:eth1:20+access_vlan:SW2:eth2:10+trunk_remove:SW1:eth3:10,32888,32918,0.05,-5.250000000000001,30,True,False,False,True,False,step_limit,0.001789829817910989,30,4,25,0,0,0,0,0,1,30,30,0.7818181818181814,0,5.233333333333333,0,0,0,0,0
2510,4543,access_vlan:SW1:eth1:20,32918,32948,0.05,-4.65,30,True,False,False,True,False,step_limit,0.002516437905918186,30,1,29,0,0,0,0,0,3,8,8,0.6863636363636361,0,5.933333333333334,0,0,0,0,0
2511,4544,access_vlan:SW1:eth1:20+access_vlan:SW1:eth2:10+access_vlan:SW2:eth2:10+trunk_remove:SW1:eth3:10+trunk_remove:SW1:eth3:20+trunk_remove:SW2:eth3:10+trunk_remove:SW2:eth3:20,32948,32978,0.05,-4.800000000000001,30,True,False,False,True,False,step_limit,0.00218151697384504,30,2,28,0,0,0,0,0,3,18,18,0.44454545454545424,0,7.6,0,0,0,0,0
2512,4545,access_vlan:SW2:eth2:10+trunk_remove:SW1:eth3:10+trunk_remove:SW1:eth3:20,32978,33008,0.05,-5.1000000000000005,30,True,False,False,True,False,step_limit,0.0029122552019543945,30,4,26,0,0,0,0,0,3,0,0,0.42636363636363617,0,7.833333333333333,0,0,0,0,0
2513,4546,access_vlan:SW1:eth2:10+access_vlan:SW2:eth1:20+access_vlan:SW2:eth2:10+trunk_remove:SW1:eth3:10+trunk_remove:SW1:eth3:20+trunk_remove:SW2:eth3:20,33008,33038,0.05,-6.000000000000003,30,True,False,False,True,False,step_limit,0.007035617258710166,30,10,20,0,0,0,0,0,3,30,30,0.5063636363636362,0,7.266666666666667,0,0,0,0,0
2514,4547,access_vlan:SW1:eth1:20+access_vlan:SW1:eth2:10+trunk_remove:SW1:eth3:10,33038,33068,0.05,-5.600000000000002,30,True,False,False,True,False,step_limit,0.0057150047505274415,30,4,26,0,1,1,1,0,3,10,10,0.2827272727272727,1,8.566666666666666,0,0,1,0,0
2515,4548,access_vlan:SW2:eth1:20+trunk_remove:SW2:eth3:20,33068,33098,0.05,-4.800000000000001,30,True,False,False,True,False,step_limit,0.006843594644063463,30,2,28,0,0,0,0,0,0,23,23,1.151818181818182,0,2.533333333333333,0,0,0,0,0
2516,4549,access_vlan:SW1:eth2:10+access_vlan:SW2:eth2:10+trunk_remove:SW1:eth3:20+trunk_remove:SW2:eth3:10,33098,33128,0.05,-5.100000000000001,30,True,False,False,True,False,step_limit,0.00552126819966361,30,4,26,0,0,0,0,0,2,0,0,0.5186363636363638,0,7.166666666666667,0,0,0,0,0
2517,4550,access_vlan:SW1:eth1:20+access_vlan:SW2:eth1:20+trunk_remove:SW1:eth3:10+trunk_remove:SW1:eth3:20+trunk_remove:SW2:eth3:10,33128,33158,0.05,-4.95,30,True,False,False,True,False,step_limit,0.003866190694194908,30,3,27,0,0,0,0,0,3,0,0,0.5004545454545452,0,7.3,0,0,0,0,0
2518,4551,access_vlan:SW2:eth1:20+access_vlan:SW2:eth2:10+trunk_remove:SW1:eth3:10+trunk_remove:SW2:eth3:20,33158,33188,0.05,-4.6499999999999995,30,True,False,False,True,False,step_limit,0.0025700822627792758,30,1,29,0,0,0,0,0,2,4,4,0.2945454545454546,0,8.066666666666666,0,0,1,-1,0
2519,4552,access_vlan:SW1:eth2:10+access_vlan:SW2:eth1:20+trunk_remove:SW1:eth3:10+trunk_remove:SW1:eth3:20+trunk_remove:SW2:eth3:10+trunk_remove:SW2:eth3:20,33188,33218,0.05,-4.65,30,True,False,False,True,False,step_limit,0.0029322008272477736,30,1,29,0,0,0,0,0,4,0,0,0.0,0,10.8,0,0,0,0,0
2520,4553,access_vlan:SW1:eth1:20+access_vlan:SW2:eth2:10,33218,33248,0.05,-4.950000000000001,30,True,False,False,True,False,step_limit,0.0038916495240603885,30,2,27,0,0,0,0,0,4,0,0,0.3163636363636364,0,8.6,0,0,0,0,0
2521,4554,access_vlan:SW1:eth1:20+access_vlan:SW2:eth1:20+access_vlan:SW2:eth2:10+trunk_remove:SW2:eth3:20,33248,33278,0.05,-4.5,30,True,False,False,True,False,step_limit,0.0023451961402315646,30,0,30,0,0,0,0,0,3,12,12,0.6000000000000002,0,6.0,0,0,0,0,0
2522,4555,access_vlan:SW1:eth1:20+access_vlan:SW1:eth2:10+access_vlan:SW2:eth1:20+trunk_remove:SW1:eth3:10+trunk_remove:SW2:eth3:10,33278,33288,0.05,-11.55,10,True,False,True,False,False,incorrect_declare_done,0.00188249820494093,10,1,8,0,0,0,0,0,3,10,10,0.23181818181818187,0,5.8,0,0,0,0,0
2523,4556,access_vlan:SW1:eth1:20+access_vlan:SW1:eth2:10+access_vlan:SW2:eth1:20+trunk_remove:SW1:eth3:10+trunk_remove:SW2:eth3:20,33288,33318,0.05,-4.800000000000001,30,True,False,False,True,False,step_limit,0.002807045712446173,30,2,28,0,0,0,0,0,3,22,22,0.4818181818181815,0,7.366666666666666,0,0,0,0,0
2524,4557,access_vlan:SW2:eth2:10+trunk_remove:SW1:eth3:10,33318,33334,0.05,-12.45,16,True,False,True,False,False,incorrect_declare_done,0.0024937448542914353,16,1,14,0,0,0,0,0,3,0,0,0.30000000000000004,0,6.6875,0,0,0,0,0
2525,4558,access_vlan:SW1:eth1:20+trunk_remove:SW2:eth3:20,33334,33364,0.05,-4.8,30,True,False,False,True,False,step_limit,0.0014581283108176042,30,1,28,0,0,0,0,0,3,0,0,0.5709090909090909,0,6.533333333333333,0,0,0,0,0
2526,4559,access_vlan:SW1:eth2:10+trunk_remove:SW1:eth3:10+trunk_remove:SW1:eth3:20+trunk_remove:SW2:eth3:20,33364,33394,0.05,-4.95,30,True,False,False,True,False,step_limit,0.001234150921421436,30,3,27,0,0,0,0,0,2,0,0,0.5827272727272723,0,6.466666666666667,0,0,0,0,0
2527,4560,access_vlan:SW1:eth1:20+access_vlan:SW2:eth1:20+access_vlan:SW2:eth2:10+trunk_remove:SW2:eth3:10+trunk_remove:SW2:eth3:20,33394,33424,0.05,-4.65,30,True,False,False,True,False,step_limit,0.005280053095581631,30,1,29,0,0,0,0,0,3,30,30,0.5427272727272728,0,6.6,0,0,0,0,0
2528,4561,access_vlan:SW1:eth2:10+access_vlan:SW2:eth1:20,33424,33454,0.05,-4.65,30,True,False,False,True,False,step_limit,0.003913213793809215,30,1,29,0,0,0,0,0,4,0,0,0.4472727272727273,0,7.4,0,0,0,0,0
2529,4562,access_vlan:SW2:eth2:10+trunk_remove:SW1:eth3:10+trunk_remove:SW2:eth3:10+trunk_remove:SW2:eth3:20,33454,33484,0.05,-5.399999999999999,30,True,False,False,True,False,step_limit,0.0027446857866986344,30,6,24,0,0,0,0,0,3,0,0,0.44954545454545464,0,7.166666666666667,0,0,0,0,0
2530,4563,access_vlan:SW1:eth1:20+trunk_remove:SW1:eth3:10+trunk_remove:SW1:eth3:20+trunk_remove:SW2:eth3:10+trunk_remove:SW2:eth3:20,33484,33514,0.05,-4.950000000000001,30,True,False,False,True,False,step_limit,0.005279435846023262,30,3,27,0,0,0,0,0,2,0,0,0.5740909090909092,0,6.766666666666667,0,0,0,0,0
2531,4564,access_vlan:SW1:eth1:20+access_vlan:SW2:eth1:20+access_vlan:SW2:eth2:10+trunk_remove:SW1:eth3:20+trunk_remove:SW2:eth3:10,33514,33523,0.05,-11.4,9,True,False,True,False,False,incorrect_declare_done,0.004584918613545597,9,1,7,0,0,0,0,0,3,9,9,0.12909090909090912,0,7.777777777777778,0,0,0,0,0
2532,4565,access_vlan:SW2:eth1:20+access_vlan:SW2:eth2:10+trunk_remove:SW1:eth3:20+trunk_remove:SW2:eth3:20,33523,33553,0.05,-6.800000000000001,30,True,False,False,True,False,step_limit,0.004748519271379337,30,12,18,0,1,1,1,0,3,0,0,0.3227272727272727,1,8.4,0,0,1,0,0
2533,4566,access_vlan:SW1:eth1:20+access_vlan:SW1:eth2:10+access_vlan:SW2:eth1:20+trunk_remove:SW1:eth3:10+trunk_remove:SW2:eth3:20,33553,33563,0.05,-11.55,10,True,False,True,False,False,incorrect_declare_done,0.004135997244156897,10,1,8,0,0,0,0,0,3,7,7,0.19454545454545458,0,6.3,0,0,0,0,0
2534,4567,access_vlan:SW1:eth1:20+trunk_remove:SW2:eth3:10+trunk_remove:SW2:eth3:20,33563,33593,0.05,-4.950000000000001,30,True,False,False,True,False,step_limit,0.005312856566160917,30,2,27,0,0,0,0,0,3,0,0,0.5063636363636363,0,7.266666666666667,0,0,0,0,0
2535,4568,access_vlan:SW2:eth1:20+access_vlan:SW2:eth2:10,33593,33601,0.05,-11.9,8,True,False,True,False,False,incorrect_declare_done,0.004726506274892017,8,2,5,0,1,1,1,0,3,0,0,0.16363636363636366,1,6.375,0,0,1,0,0
2536,4569,access_vlan:SW1:eth1:20+access_vlan:SW1:eth2:10+access_vlan:SW2:eth2:10+trunk_remove:SW1:eth3:20,33601,33603,0.05,-10.200000000000001,2,True,False,True,False,False,incorrect_declare_done,0.003523588296957314,2,0,1,0,0,0,0,0,3,2,2,0.05,0,5.0,0,0,0,0,0
2537,4570,access_vlan:SW1:eth1:20+trunk_remove:SW1:eth3:10+trunk_remove:SW1:eth3:20+trunk_remove:SW2:eth3:10+trunk_remove:SW2:eth3:20,33603,33633,0.05,-5.250000000000001,30,True,False,False,True,False,step_limit,0.005378760618623346,30,5,25,0,0,0,0,0,1,4,4,0.8786363636363637,0,4.533333333333333,0,0,0,0,0
2538,4571,access_vlan:SW1:eth1:20+access_vlan:SW1:eth2:10+access_vlan:SW2:eth1:20+access_vlan:SW2:eth2:10+trunk_remove:SW1:eth3:10+trunk_remove:SW1:eth3:20+trunk_remove:SW2:eth3:10+trunk_remove:SW2:eth3:20,33633,33641,0.05,8.299999999999999,8,True,False,True,False,True,recovery_success,0.003707368319737725,8,4,3,0,0,0,0,0,0,8,8,0.2245454545454546,0,4.75,0,0,0,0,0
2539,4572,access_vlan:SW1:eth1:20+access_vlan:SW1:eth2:10,33641,33671,0.05,-5.900000000000001,30,True,False,False,True,False,step_limit,0.004119029835176965,30,4,24,0,1,1,1,0,3,2,2,0.41818181818181804,1,7.766666666666667,0,0,1,0,0
2540,4573,access_vlan:SW1:eth1:20+access_vlan:SW2:eth2:10+trunk_remove:SW1:eth3:10+trunk_remove:SW2:eth3:10+trunk_remove:SW2:eth3:20,33671,33701,0.05,-4.8,30,True,False,False,True,False,step_limit,0.002695459651295096,30,2,28,0,0,0,0,0,3,1,1,0.07272727272727274,0,9.6,0,0,0,0,0
2541,4574,access_vlan:SW1:eth1:20+trunk_remove:SW1:eth3:10+trunk_remove:SW1:eth3:20+trunk_remove:SW2:eth3:10,33701,33731,0.05,-4.950000000000001,30,True,False,False,True,False,step_limit,0.00349920557346195,30,2,27,0,0,0,0,0,3,0,0,0.5545454545454547,0,6.833333333333333,0,0,0,0,0
2542,4575,trunk_remove:SW1:eth3:10+trunk_remove:SW1:eth3:20+trunk_remove:SW2:eth3:20,33731,33761,0.05,-4.800000000000001,30,True,False,False,True,False,step_limit,0.002778355616222446,30,2,28,0,0,0,0,0,1,1,1,0.6300000000000002,0,6.2,0,0,0,0,0
2543,4576,access_vlan:SW1:eth2:10+trunk_remove:SW1:eth3:20,33761,33791,0.05,-4.6499999999999995,30,True,False,False,True,False,step_limit,0.0048305153419884546,30,1,29,0,0,0,0,0,3,11,11,0.747727272727273,0,5.033333333333333,0,0,0,0,0
2544,4577,access_vlan:SW1:eth1:20+access_vlan:SW1:eth2:10+access_vlan:SW2:eth1:20+trunk_remove:SW2:eth3:20,33791,33821,0.05,-4.800000000000001,30,True,False,False,True,False,step_limit,0.002179776376578957,30,2,28,0,0,0,0,0,3,19,19,0.5581818181818183,0,6.766666666666667,0,0,0,0,0
2545,4578,access_vlan:SW1:eth2:10+trunk_remove:SW1:eth3:20+trunk_remove:SW2:eth3:10,33821,33851,0.05,-4.65,30,True,False,False,True,False,step_limit,0.0017703316368473073,30,1,29,0,0,0,0,0,3,0,0,0.550909090909091,0,6.9,0,0,0,0,0
2546,4579,access_vlan:SW2:eth1:20+access_vlan:SW2:eth2:10+trunk_remove:SW2:eth3:20,33851,33869,0.05,-12.6,18,True,False,True,False,False,incorrect_declare_done,0.0020396904906697776,18,0,17,0,0,0,0,0,3,0,0,0.09000000000000001,0,9.0,0,0,1,-1,0
2547,4580,access_vlan:SW1:eth1:20+access_vlan:SW1:eth2:10+access_vlan:SW2:eth2:10+trunk_remove:SW2:eth3:20,33869,33899,0.05,-4.65,30,True,False,False,True,False,step_limit,0.002357766605564393,30,1,29,0,0,0,0,0,3,6,6,0.6840909090909087,0,5.966666666666667,0,0,0,0,0
2548,4581,access_vlan:SW1:eth2:10+trunk_remove:SW1:eth3:20+trunk_remove:SW2:eth3:10,33899,33929,0.05,-4.65,30,True,False,False,True,False,step_limit,0.0018683682583893338,30,1,29,0,0,0,0,0,2,0,0,0.610909090909091,0,6.0,0,0,0,0,0
2549,4582,access_vlan:SW1:eth2:10+access_vlan:SW2:eth2:10+trunk_remove:SW1:eth3:10+trunk_remove:SW1:eth3:20+trunk_remove:SW2:eth3:10+trunk_remove:SW2:eth3:20,33929,33959,0.05,-4.949999999999999,30,True,False,False,True,False,step_limit,0.0015953992309126381,30,2,27,0,0,0,0,0,3,0,0,0.5272727272727273,0,7.1,0,0,0,0,0
2550,4583,access_vlan:SW1:eth1:20+access_vlan:SW1:eth2:10+access_vlan:SW2:eth1:20+access_vlan:SW2:eth2:10+trunk_remove:SW1:eth3:10+trunk_remove:SW1:eth3:20+trunk_remove:SW2:eth3:10+trunk_remove:SW2:eth3:20,33959,33989,0.05,-5.1000000000000005,30,True,False,False,True,False,step_limit,0.002276817616075277,30,3,26,0,0,0,0,0,2,30,30,0.56,0,6.733333333333333,0,0,0,0,0
2551,4584,access_vlan:SW1:eth1:20+access_vlan:SW2:eth1:20+access_vlan:SW2:eth2:10+trunk_remove:SW1:eth3:10+trunk_remove:SW1:eth3:20+trunk_remove:SW2:eth3:10,33989,34013,0.05,-13.8,24,True,False,True,False,False,incorrect_declare_done,0.0032382616094158343,24,2,21,0,0,0,0,0,2,24,24,0.5181818181818181,0,6.125,0,0,0,0,0
2552,4585,access_vlan:SW2:eth2:10,34013,34043,0.05,-4.65,30,True,False,False,True,False,step_limit,0.001918299589306116,30,1,29,0,0,0,0,0,3,5,5,0.7386363636363638,0,5.166666666666667,0,0,0,0,0
2553,4586,access_vlan:SW1:eth1:20+access_vlan:SW1:eth2:10+access_vlan:SW2:eth2:10+trunk_remove:SW1:eth3:10,34043,34050,0.05,-10.950000000000001,7,True,False,True,False,False,incorrect_declare_done,0.0019426239720944846,7,0,6,0,0,0,0,0,3,5,5,0.14,0,6.0,0,0,0,0,0
2554,4587,access_vlan:SW1:eth1:20+access_vlan:SW2:eth1:20+trunk_remove:SW1:eth3:10,34050,34060,0.05,7.649999999999999,10,True,False,True,False,True,recovery_success,0.002435423986753449,10,3,6,0,1,1,1,0,0,4,4,0.16090909090909095,1,7.3,0,0,1,0,0
2555,4588,access_vlan:SW2:eth2:10+trunk_remove:SW2:eth3:10+trunk_remove:SW2:eth3:20,34060,34071,0.05,-11.55,11,True,False,True,False,False,incorrect_declare_done,0.002201089524367655,11,0,10,0,0,0,0,0,3,0,0,0.21999999999999997,0,6.0,0,0,0,0,0
2556,4589,access_vlan:SW1:eth2:10+trunk_remove:SW2:eth3:20,34071,34101,0.05,-14.700000000000001,30,True,False,True,False,False,incorrect_declare_done,0.0017314132594037801,30,1,27,0,0,0,0,0,3,8,8,0.7159090909090912,0,5.5,0,0,0,0,0
2557,4590,access_vlan:SW1:eth2:10+trunk_remove:SW2:eth3:20,34101,34102,0.05,-10.05,1,True,False,True,False,False,incorrect_declare_done,0.0017217292916029692,1,0,0,0,0,0,0,0,3,0,0,0.025,0,5.0,0,0,0,0,0
2558,4591,access_vlan:SW1:eth1:20,34102,34132,0.05,-5.249999999999998,30,True,False,False,True,False,step_limit,0.0024717576937594763,30,3,25,0,0,0,0,0,3,7,7,0.7090909090909088,0,5.6,0,0,0,0,0
2559,4592,access_vlan:SW2:eth1:20+trunk_remove:SW1:eth3:10+trunk_remove:SW1:eth3:20+trunk_remove:SW2:eth3:20,34132,34162,0.05,-4.800000000000001,30,True,False,False,True,False,step_limit,0.001726909049709017,30,2,28,0,0,0,0,0,3,0,0,0.516818181818182,0,7.0,0,0,0,0,0
2560,4593,access_vlan:SW1:eth1:20+trunk_remove:SW2:eth3:10+trunk_remove:SW2:eth3:20,34162,34192,0.05,-4.5,30,True,False,False,True,False,step_limit,0.002250464427440117,30,0,30,0,0,0,0,0,3,0,0,0.6000000000000002,0,6.0,0,0,0,0,0
2561,4594,access_vlan:SW1:eth2:10+trunk_remove:SW2:eth3:10,34192,34222,0.05,-4.800000000000001,30,True,False,False,True,False,step_limit,0.002629368472844362,30,1,28,0,0,0,0,0,3,0,0,0.592727272727273,0,6.133333333333334,0,0,0,0,0
2562,4595,access_vlan:SW2:eth1:20+trunk_remove:SW1:eth3:10,34222,34248,0.05,-13.95,26,True,False,True,False,False,incorrect_declare_done,0.001902683470129537,26,1,24,0,0,0,0,0,3,0,0,0.6249999999999999,0,5.423076923076923,0,0,0,0,0
2563,4596,access_vlan:SW1:eth1:20+access_vlan:SW2:eth2:10+trunk_remove:SW1:eth3:10,34248,34278,0.05,-4.800000000000001,30,True,False,False,True,False,step_limit,0.001417791866697371,30,2,28,0,0,0,0,0,4,0,0,0.09999999999999999,0,10.0,0,0,0,0,0
2564,4597,access_vlan:SW1:eth2:10+trunk_remove:SW1:eth3:20+trunk_remove:SW2:eth3:10+trunk_remove:SW2:eth3:20,34278,34308,0.05,-5.550000000000001,30,True,False,False,True,False,step_limit,0.0021271511485489707,30,7,23,0,0,0,0,0,2,0,0,0.551818181818182,0,6.933333333333334,0,0,0,0,0
2565,4598,access_vlan:SW1:eth2:10,34308,34315,0.05,-11.100000000000001,7,True,False,True,False,False,incorrect_declare_done,0.006314222584478557,7,1,5,0,0,0,0,0,3,0,0,0.1613636363636364,0,5.857142857142857,0,0,0,0,0
2566,4599,access_vlan:SW1:eth1:20+access_vlan:SW2:eth2:10+trunk_remove:SW1:eth3:10+trunk_remove:SW2:eth3:10+trunk_remove:SW2:eth3:20,34315,34345,0.05,-4.799999999999999,30,True,False,False,True,False,step_limit,0.003787865060924863,30,2,28,0,0,0,0,0,4,0,0,0.0,0,10.066666666666666,0,0,0,0,0
2567,4600,access_vlan:SW1:eth1:20+access_vlan:SW1:eth2:10+trunk_remove:SW1:eth3:20,34345,34375,0.05,-5.450000000000003,30,True,False,False,True,False,step_limit,0.003938173655963813,30,3,27,0,1,1,1,0,3,4,4,0.27181818181818185,1,8.466666666666667,0,0,1,0,0
2568,4601,access_vlan:SW1:eth2:10,34375,34405,0.05,-5.250000000000001,30,True,False,False,True,False,step_limit,0.002400238319144895,30,5,25,0,0,0,0,0,3,6,6,0.718181818181818,0,5.466666666666667,0,0,0,0,0
2569,4602,access_vlan:SW1:eth1:20+access_vlan:SW1:eth2:10+trunk_remove:SW1:eth3:10+trunk_remove:SW1:eth3:20+trunk_remove:SW2:eth3:20,34405,34422,0.05,-12.45,17,True,False,True,False,False,incorrect_declare_done,0.001705255828496507,17,0,16,0,0,0,0,0,2,0,0,0.085,0,9.0,0,0,1,-1,0
2570,4603,access_vlan:SW1:eth1:20+access_vlan:SW1:eth2:10+access_vlan:SW2:eth1:20+access_vlan:SW2:eth2:10+trunk_remove:SW1:eth3:20+trunk_remove:SW2:eth3:10,34422,34452,0.05,-4.65,30,True,False,False,True,False,step_limit,0.0028443502708493423,30,1,29,0,0,0,0,0,1,22,22,0.9427272727272732,0,4.066666666666666,0,0,0,0,0
2571,4604,access_vlan:SW1:eth1:20+access_vlan:SW1:eth2:10+access_vlan:SW2:eth1:20+trunk_remove:SW1:eth3:10+trunk_remove:SW1:eth3:20+trunk_remove:SW2:eth3:10+trunk_remove:SW2:eth3:20,34452,34482,0.05,-4.65,30,True,False,False,True,False,step_limit,0.002790804347023368,30,1,29,0,0,0,0,0,3,23,23,0.4322727272727271,0,7.433333333333334,0,0,0,0,0
2572,4605,access_vlan:SW1:eth1:20+access_vlan:SW1:eth2:10+access_vlan:SW2:eth2:10+trunk_remove:SW1:eth3:10+trunk_remove:SW2:eth3:20,34482,34512,0.05,-4.800000000000001,30,True,False,False,True,False,step_limit,0.002537725291525324,30,2,28,0,0,0,0,0,3,2,2,0.46636363636363604,0,7.4,0,0,0,0,0
2573,4606,access_vlan:SW1:eth1:20+access_vlan:SW1:eth2:10+access_vlan:SW2:eth1:20+trunk_remove:SW1:eth3:10+trunk_remove:SW1:eth3:20+trunk_remove:SW2:eth3:20,34512,34542,0.05,-5.250000000000001,30,True,False,False,True,False,step_limit,0.0019900286395568402,30,5,25,0,0,0,0,0,3,30,30,0.41954545454545433,0,7.9,0,0,0,0,0
2574,4607,access_vlan:SW1:eth1:20+access_vlan:SW1:eth2:10+trunk_remove:SW2:eth3:20,34542,34572,0.05,-6.199999999999999,30,True,False,False,True,False,step_limit,0.003090063362227132,30,6,22,0,1,1,1,0,3,5,5,0.18272727272727277,1,9.0,0,0,1,0,0
2575,4608,access_vlan:SW1:eth2:10+access_vlan:SW2:eth2:10+trunk_remove:SW1:eth3:10+trunk_remove:SW1:eth3:20+trunk_remove:SW2:eth3:20,34572,34602,0.05,-5.5500000000000025,30,True,False,False,True,False,step_limit,0.0034842273365939037,30,7,23,0,0,0,0,0,2,0,0,0.47318181818181804,0,7.5,0,0,0,0,0
2576,4609,access_vlan:SW1:eth1:20+access_vlan:SW2:eth1:20+access_vlan:SW2:eth2:10+trunk_remove:SW1:eth3:10+trunk_remove:SW1:eth3:20+trunk_remove:SW2:eth3:10,34602,34632,0.05,-5.250000000000002,30,True,False,False,True,False,step_limit,0.004810542952812588,30,4,25,0,0,0,0,0,3,20,20,0.510909090909091,0,7.233333333333333,0,0,0,0,0
2577,4610,access_vlan:SW1:eth2:10+trunk_remove:SW1:eth3:10,34632,34662,0.05,-5.100000000000001,30,True,False,False,True,False,step_limit,0.003302348282886669,30,4,26,0,0,0,0,0,2,0,0,0.6209090909090906,0,6.366666666666666,0,0,0,0,0
2578,4611,access_vlan:SW1:eth1:20+access_vlan:SW1:eth2:10+access_vlan:SW2:eth2:10+trunk_remove:SW2:eth3:10,34662,34691,0.05,-15.6,29,True,False,True,False,False,incorrect_declare_done,0.0034472612535645223,29,7,19,0,0,0,0,0,3,14,14,0.41545454545454535,0,7.827586206896552,0,0,0,0,0
2579,4612,access_vlan:SW1:eth1:20+access_vlan:SW1:eth2:10+access_vlan:SW2:eth2:10+trunk_remove:SW1:eth3:10+trunk_remove:SW2:eth3:20,34691,34721,0.05,-5.4,30,True,False,False,True,False,step_limit,0.002252680685099525,30,6,24,0,0,0,0,0,3,30,30,0.4427272727272725,0,7.733333333333333,0,0,0,0,0
2580,4613,access_vlan:SW1:eth2:10+access_vlan:SW2:eth1:20+trunk_remove:SW1:eth3:20+trunk_remove:SW2:eth3:10+trunk_remove:SW2:eth3:20,34721,34751,0.05,-5.400000000000002,30,True,False,False,True,False,step_limit,0.005601308296900242,30,5,24,0,0,0,0,0,2,0,0,0.5772727272727274,0,6.733333333333333,0,0,0,0,0
2581,4614,access_vlan:SW1:eth2:10+access_vlan:SW2:eth2:10+trunk_remove:SW2:eth3:10+trunk_remove:SW2:eth3:20,34751,34781,0.05,-5.8500000000000005,30,True,False,False,True,False,step_limit,0.0054632863165655484,30,8,21,0,0,0,0,0,3,0,0,0.42318181818181794,0,7.866666666666666,0,0,0,0,0
2582,4615,access_vlan:SW1:eth1:20+access_vlan:SW1:eth2:10+access_vlan:SW2:eth2:10+trunk_remove:SW1:eth3:10+trunk_remove:SW1:eth3:20+trunk_remove:SW2:eth3:10,34781,34811,0.05,-5.5500000000000025,30,True,False,False,True,False,step_limit,0.0022384813734485456,30,6,23,0,0,0,0,0,3,11,11,0.4218181818181816,0,7.766666666666667,0,0,0,0,0
2583,4616,access_vlan:SW2:eth1:20+trunk_remove:SW1:eth3:10+trunk_remove:SW1:eth3:20+trunk_remove:SW2:eth3:10,34811,34827,0.05,-12.600000000000001,16,True,False,True,False,False,incorrect_declare_done,0.003144791549857473,16,2,13,0,0,0,0,0,2,0,0,0.3063636363636364,0,6.75,0,0,0,0,0
2584,4617,access_vlan:SW1:eth2:10+access_vlan:SW2:eth2:10+trunk_remove:SW1:eth3:10,34827,34857,0.05,-5.550000000000002,30,True,False,False,True,False,step_limit,0.0018236696370877326,30,6,23,0,0,0,0,0,2,8,8,0.45045454545454544,0,7.666666666666667,0,0,0,0,0
2585,4618,access_vlan:SW1:eth1:20+trunk_remove:SW2:eth3:10,34857,34887,0.05,-4.800000000000001,30,True,False,False,True,False,step_limit,0.0032537559842846044,30,2,28,0,0,0,0,0,3,20,20,0.6931818181818179,0,5.833333333333333,0,0,0,0,0
2586,4619,access_vlan:SW1:eth2:10+access_vlan:SW2:eth1:20+trunk_remove:SW1:eth3:10+trunk_remove:SW1:eth3:20,34887,34917,0.05,-6.899999999999999,30,True,False,False,True,False,step_limit,0.002785949936757485,30,16,14,0,0,0,0,0,3,0,0,0.44999999999999984,0,7.666666666666667,0,0,0,0,0
2587,4620,access_vlan:SW1:eth1:20+access_vlan:SW1:eth2:10+trunk_remove:SW2:eth3:10+trunk_remove:SW2:eth3:20,34917,34947,0.05,-5.750000000000002,30,True,False,False,True,False,step_limit,0.0013081468583550303,30,5,25,0,1,1,1,0,3,28,28,0.3972727272727271,1,8.033333333333333,0,0,1,0,0
2588,4621,access_vlan:SW1:eth2:10+access_vlan:SW2:eth1:20+access_vlan:SW2:eth2:10+trunk_remove:SW1:eth3:10+trunk_remove:SW1:eth3:20+trunk_remove:SW2:eth3:10,34947,34977,0.05,-5.850000000000001,30,True,False,False,True,False,step_limit,0.0015597140106062095,30,9,21,0,0,0,0,0,3,30,30,0.4445454545454543,0,7.6,0,0,0,0,0
2589,4622,access_vlan:SW1:eth1:20+access_vlan:SW2:eth1:20+access_vlan:SW2:eth2:10+trunk_remove:SW1:eth3:20,34977,35007,0.05,-5.700000000000001,30,True,False,False,True,False,step_limit,0.0022637057447961223,30,7,22,0,0,0,0,0,1,28,28,0.8154545454545451,0,5.0,0,0,0,0,0
2590,4623,access_vlan:SW1:eth1:20+trunk_remove:SW2:eth3:20,35007,35030,0.05,6.3500000000000005,23,True,False,True,False,True,recovery_success,0.0035236032284877224,23,2,20,0,0,0,0,0,0,20,20,0.9018181818181816,0,2.347826086956522,0,0,0,0,0
2591,4624,access_vlan:SW2:eth2:10+trunk_remove:SW1:eth3:20+trunk_remove:SW2:eth3:20,35030,35060,0.05,-4.950000000000001,30,True,False,False,True,False,step_limit,0.003620844322722405,30,3,27,0,0,0,0,0,0,19,19,0.8840909090909088,0,4.5,0,0,0,0,0
2592,4625,access_vlan:SW2:eth2:10+trunk_remove:SW1:eth3:10+trunk_remove:SW2:eth3:20,35060,35090,0.05,-4.950000000000001,30,True,False,False,True,False,step_limit,0.0032395089064569524,30,3,27,0,0,0,0,0,2,0,0,0.5836363636363637,0,6.7,0,0,0,0,0
2593,4626,access_vlan:SW1:eth1:20+access_vlan:SW1:eth2:10+access_vlan:SW2:eth1:20+trunk_remove:SW1:eth3:10+trunk_remove:SW2:eth3:10,35090,35120,0.05,-4.5,30,True,False,False,True,False,step_limit,0.0025452380611871678,30,0,30,0,0,0,0,0,3,30,30,0.7500000000000003,0,5.0,0,0,0,0,0
2594,4627,access_vlan:SW2:eth2:10+trunk_remove:SW2:eth3:10+trunk_remove:SW2:eth3:20,35120,35150,0.05,-5.550000000000002,30,True,False,False,True,False,step_limit,0.004556340295433377,30,7,23,0,0,0,0,0,2,0,0,0.5563636363636365,0,6.9,0,0,0,0,0
2595,4628,access_vlan:SW1:eth2:10+access_vlan:SW2:eth2:10+trunk_remove:SW1:eth3:10+trunk_remove:SW1:eth3:20+trunk_remove:SW2:eth3:10,35150,35180,0.05,-5.1,30,True,False,False,True,False,step_limit,0.004035100787101935,30,4,26,0,0,0,0,0,3,5,5,0.5181818181818183,0,7.166666666666667,0,0,0,0,0
2596,4629,trunk_remove:SW1:eth3:10+trunk_remove:SW1:eth3:20+trunk_remove:SW2:eth3:10+trunk_remove:SW2:eth3:20,35180,35210,0.05,-5.249999999999998,30,True,False,False,True,False,step_limit,0.00316174635081552,30,4,25,0,0,0,0,0,2,0,0,0.5727272727272728,0,6.5,0,0,0,0,0
2597,4630,access_vlan:SW2:eth2:10+trunk_remove:SW1:eth3:20+trunk_remove:SW2:eth3:20,35210,35224,0.05,7.549999999999999,14,True,False,True,False,True,recovery_success,0.0037222173913115902,14,3,10,0,0,0,0,0,0,8,8,0.46590909090909083,0,3.642857142857143,0,0,0,0,0
2598,4631,access_vlan:SW1:eth1:20+access_vlan:SW1:eth2:10+access_vlan:SW2:eth2:10+trunk_remove:SW1:eth3:10+trunk_remove:SW1:eth3:20+trunk_remove:SW2:eth3:10,35224,35254,0.05,-4.95,30,True,False,False,True,False,step_limit,0.004091039051612218,30,2,27,0,0,0,0,0,3,27,27,0.44045454545454565,0,7.233333333333333,0,0,0,0,0
2599,4632,access_vlan:SW2:eth1:20+trunk_remove:SW1:eth3:10+trunk_remove:SW2:eth3:10+trunk_remove:SW2:eth3:20,35254,35284,0.05,-4.949999999999999,30,True,False,False,True,False,step_limit,0.002056411834200844,30,3,27,0,0,0,0,0,2,0,0,0.43999999999999984,0,7.733333333333333,0,0,0,0,0
2600,4633,access_vlan:SW2:eth1:20+access_vlan:SW2:eth2:10+trunk_remove:SW2:eth3:10,35284,35289,0.05,-10.8,5,True,False,True,False,False,incorrect_declare_done,0.002527430723421276,5,1,3,0,0,0,0,0,3,0,0,0.005,0,10.6,0,0,1,-1,0
2601,4634,access_vlan:SW2:eth2:10+trunk_remove:SW2:eth3:10+trunk_remove:SW2:eth3:20,35289,35319,0.05,-6.0,30,True,False,False,True,False,step_limit,0.0017669635902469356,30,10,20,0,0,0,0,0,3,0,0,0.46545454545454534,0,7.566666666666666,0,0,0,0,0
2602,4635,access_vlan:SW1:eth1:20+access_vlan:SW1:eth2:10+access_vlan:SW2:eth1:20+access_vlan:SW2:eth2:10+trunk_remove:SW1:eth3:10+trunk_remove:SW2:eth3:10+trunk_remove:SW2:eth3:20,35319,35323,0.05,9.049999999999999,4,True,False,True,False,True,recovery_success,0.00298039912013337,4,3,0,0,0,0,0,0,0,4,4,0.11090909090909092,0,4.75,0,0,0,0,0
2603,4636,access_vlan:SW1:eth2:10+trunk_remove:SW1:eth3:10+trunk_remove:SW2:eth3:10+trunk_remove:SW2:eth3:20,35323,35353,0.05,-4.65,30,True,False,False,True,False,step_limit,0.0021510964220700164,30,1,29,0,0,0,0,0,3,0,0,0.4213636363636361,0,7.7,0,0,0,0,0
2604,4637,trunk_remove:SW1:eth3:20+trunk_remove:SW2:eth3:10,35353,35383,0.05,-4.95,30,True,False,False,True,False,step_limit,0.0022288358440467467,30,3,27,0,0,0,0,0,2,0,0,0.5727272727272728,0,6.5,0,0,0,0,0
2605,4638,access_vlan:SW1:eth1:20+access_vlan:SW2:eth2:10,35383,35413,0.05,-5.250000000000001,30,True,False,False,True,False,step_limit,0.0019330449829188486,30,5,25,0,0,0,0,0,3,0,0,0.39272727272727254,0,8.1,0,0,0,0,0
2606,4639,trunk_remove:SW2:eth3:20,35413,35424,0.05,-11.55,11,True,False,True,False,False,incorrect_declare_done,0.001729521471795372,11,0,10,0,0,0,0,0,1,0,0,0.33000000000000007,0,4.0,0,0,0,0,0
2607,4640,access_vlan:SW1:eth2:10+access_vlan:SW2:eth1:20+access_vlan:SW2:eth2:10,35424,35454,0.05,-4.65,30,True,False,False,True,False,step_limit,0.0023481416360785563,30,1,29,0,0,0,0,0,0,29,29,1.2113636363636366,0,2.1,0,0,0,0,0
2608,4641,access_vlan:SW2:eth1:20+trunk_remove:SW1:eth3:10+trunk_remove:SW2:eth3:10+trunk_remove:SW2:eth3:20,35454,35484,0.05,-5.1,30,True,False,False,True,False,step_limit,0.0018872794850418966,30,4,26,0,0,0,0,0,3,0,0,0.4218181818181816,0,7.866666666666666,0,0,0,0,0
2609,4642,access_vlan:SW1:eth1:20+access_vlan:SW1:eth2:10+access_vlan:SW2:eth1:20+trunk_remove:SW1:eth3:10,35484,35514,0.05,-5.550000000000001,30,True,False,False,True,False,step_limit,0.003743464092258364,30,5,23,0,0,0,0,0,3,29,29,0.6863636363636361,0,5.933333333333334,0,0,0,0,0
2610,4643,access_vlan:SW1:eth2:10+access_vlan:SW2:eth2:10+trunk_remove:SW1:eth3:10+trunk_remove:SW2:eth3:10,35514,35544,0.05,-7.9499999999999975,30,True,False,False,True,False,step_limit,0.006087155352967481,30,23,7,0,0,0,0,0,3,0,0,0.44999999999999996,0,7.666666666666667,0,0,0,0,0
2611,4644,access_vlan:SW1:eth2:10+access_vlan:SW2:eth1:20+trunk_remove:SW1:eth3:10+trunk_remove:SW1:eth3:20+trunk_remove:SW2:eth3:10,35544,35574,0.05,-6.45,30,True,False,False,True,False,step_limit,0.0059663021781792246,30,12,17,0,0,0,0,0,3,0,0,0.1681818181818182,0,9.7,0,0,0,0,0
2612,4645,access_vlan:SW1:eth2:10+trunk_remove:SW1:eth3:20+trunk_remove:SW2:eth3:20,35574,35604,0.05,-5.7,30,True,False,False,True,False,step_limit,0.0068897719689023995,30,6,22,0,0,0,0,0,3,15,15,0.7022727272727272,0,5.7,0,0,0,0,0
2613,4646,access_vlan:SW1:eth1:20+access_vlan:SW2:eth1:20+trunk_remove:SW2:eth3:10,35604,35634,0.05,-6.35,30,True,False,False,True,False,step_limit,0.00701924481545575,30,7,21,0,1,1,1,0,3,13,13,0.7009090909090906,1,5.833333333333333,0,0,1,0,0
2614,4647,access_vlan:SW1:eth2:10+access_vlan:SW2:eth2:10+trunk_remove:SW1:eth3:20+trunk_remove:SW2:eth3:10+trunk_remove:SW2:eth3:20,35634,35664,0.05,-6.450000000000004,30,True,False,False,True,False,step_limit,0.006134372181259095,30,11,17,0,0,0,0,0,2,2,2,0.395909090909091,0,8.066666666666666,0,0,0,0,0
2615,4648,trunk_remove:SW1:eth3:10,35664,35694,0.05,-5.999999999999999,30,True,False,False,True,False,step_limit,0.005110641937547674,30,10,20,0,0,0,0,0,1,3,3,0.8618181818181814,0,4.466666666666667,0,0,0,0,0
2616,4649,access_vlan:SW1:eth1:20+access_vlan:SW1:eth2:10+access_vlan:SW2:eth2:10+trunk_remove:SW1:eth3:10+trunk_remove:SW2:eth3:10+trunk_remove:SW2:eth3:20,35694,35724,0.05,-6.300000000000002,30,True,False,False,True,False,step_limit,0.003906445418639729,30,7,18,0,0,0,0,0,3,27,27,0.4322727272727275,0,7.433333333333334,0,0,0,0,0
2617,4650,access_vlan:SW1:eth1:20+access_vlan:SW2:eth2:10+trunk_remove:SW1:eth3:10+trunk_remove:SW2:eth3:10+trunk_remove:SW2:eth3:20,35724,35747,0.05,-15.900000000000002,23,True,False,True,False,False,incorrect_declare_done,0.003515683403036193,23,17,5,0,0,0,0,0,4,0,0,0.009090909090909092,0,10.869565217391305,0,0,0,0,0
