episode,seed,scenario_id,start_global_step,global_step,epsilon,episode_return,episode_steps,completed,budget_cut,terminated,truncated,recovery_success,termination_reason,mean_loss,optimizer_updates,actual_configuration_changes,diagnoses,invalid_actions,new_policy_damage_events,unique_newly_damaged_policies,service_damage_actions,post_recovery_damage_events,final_damaged_policies
0,2028,access_vlan:SW1:eth1:20+access_vlan:SW2:eth1:20+trunk_remove:SW1:eth3:20+trunk_remove:SW2:eth3:10,0,13,0.99943,-14.35,13,True,False,True,False,False,incorrect_declare_done,,0,8,2,0,2,2,2,0,3
1,2029,access_vlan:SW1:eth1:20+trunk_remove:SW1:eth3:10+trunk_remove:SW2:eth3:20,13,15,0.999335,-10.350000000000001,2,True,False,True,False,False,incorrect_declare_done,,0,1,0,0,0,0,0,0,3
2,2030,access_vlan:SW1:eth1:20+access_vlan:SW1:eth2:10+access_vlan:SW2:eth1:20+trunk_remove:SW1:eth3:20+trunk_remove:SW2:eth3:10+trunk_remove:SW2:eth3:20,15,19,0.999145,-10.950000000000001,4,True,False,True,False,False,incorrect_declare_done,,0,3,0,0,0,0,0,0,3
3,2031,access_vlan:SW1:eth1:20+access_vlan:SW2:eth1:20,19,20,0.9990975,-10.05,1,True,False,True,False,False,incorrect_declare_done,,0,0,0,0,0,0,0,0,4
4,2032,access_vlan:SW1:eth1:20+access_vlan:SW2:eth2:10+trunk_remove:SW1:eth3:10+trunk_remove:SW2:eth3:20,20,29,0.99867,-13.8,9,True,False,True,False,False,incorrect_declare_done,,0,7,1,0,3,3,3,0,4
5,2033,access_vlan:SW1:eth1:20+access_vlan:SW2:eth1:20+trunk_remove:SW2:eth3:10+trunk_remove:SW2:eth3:20,29,35,0.998385,-12.05,6,True,False,True,False,False,incorrect_declare_done,,0,4,0,0,1,1,1,0,3
6,2034,access_vlan:SW2:eth2:10+trunk_remove:SW1:eth3:10+trunk_remove:SW2:eth3:20,35,41,0.9981,-12.55,6,True,False,True,False,False,incorrect_declare_done,,0,4,0,0,2,1,2,0,3
7,2035,access_vlan:SW1:eth1:20+access_vlan:SW2:eth2:10+trunk_remove:SW1:eth3:20,41,52,0.9975775,-14.25,11,True,False,True,False,False,incorrect_declare_done,,0,6,2,0,3,3,3,0,3
8,2036,access_vlan:SW1:eth2:10+access_vlan:SW2:eth2:10+trunk_remove:SW1:eth3:10+trunk_remove:SW1:eth3:20+trunk_remove:SW2:eth3:20,52,65,0.99696,-16.5,13,True,False,True,False,False,incorrect_declare_done,,0,10,1,0,6,5,4,0,2
9,2037,access_vlan:SW2:eth2:10,65,86,0.9959625,-21.1,21,True,False,True,False,False,incorrect_declare_done,,0,14,3,0,11,6,8,0,4
10,2038,access_vlan:SW1:eth2:10+access_vlan:SW2:eth1:20+access_vlan:SW2:eth2:10,86,109,0.99487,-19.55,23,True,False,True,False,False,incorrect_declare_done,,0,17,4,0,7,3,6,0,4
11,2039,access_vlan:SW1:eth1:20+access_vlan:SW1:eth2:10+access_vlan:SW2:eth2:10+trunk_remove:SW1:eth3:20,109,120,0.9943475,-14.9,11,True,False,True,False,False,incorrect_declare_done,,0,8,1,0,4,3,4,0,4
12,2040,access_vlan:SW1:eth1:20+trunk_remove:SW1:eth3:10+trunk_remove:SW1:eth3:20+trunk_remove:SW2:eth3:10+trunk_remove:SW2:eth3:20,120,122,0.9942525,-10.350000000000001,2,True,False,True,False,False,incorrect_declare_done,,0,1,0,0,0,0,0,0,2
13,2041,access_vlan:SW1:eth1:20+access_vlan:SW2:eth2:10+trunk_remove:SW1:eth3:10+trunk_remove:SW1:eth3:20+trunk_remove:SW2:eth3:10,122,125,0.99411,-10.65,3,True,False,True,False,False,incorrect_declare_done,,0,2,0,0,0,0,0,0,3
14,2042,access_vlan:SW1:eth1:20+access_vlan:SW2:eth1:20+trunk_remove:SW1:eth3:20+trunk_remove:SW2:eth3:20,125,155,0.992685,-16.20000000000001,30,True,False,False,True,False,step_limit,,0,25,2,0,15,4,10,0,4
15,2043,access_vlan:SW1:eth1:20+access_vlan:SW1:eth2:10+access_vlan:SW2:eth1:20+trunk_remove:SW1:eth3:10+trunk_remove:SW2:eth3:20,155,163,0.992305,-12.5,8,True,False,True,False,False,incorrect_declare_done,,0,6,1,0,1,1,1,0,3
16,2044,access_vlan:SW1:eth1:20,163,173,0.99183,-15.75,10,True,False,True,False,False,incorrect_declare_done,,0,9,0,0,6,5,4,0,3
17,2045,access_vlan:SW1:eth1:20+access_vlan:SW1:eth2:10+trunk_remove:SW1:eth3:20+trunk_remove:SW2:eth3:10+trunk_remove:SW2:eth3:20,173,176,0.9916875,-10.350000000000001,3,True,False,True,False,False,incorrect_declare_done,,0,0,2,0,0,0,0,0,2
18,2046,access_vlan:SW1:eth1:20+access_vlan:SW1:eth2:10+access_vlan:SW2:eth1:20+trunk_remove:SW1:eth3:10+trunk_remove:SW2:eth3:10,176,179,0.991545,-11.15,3,True,False,True,False,False,incorrect_declare_done,,0,2,0,0,1,1,1,0,3
19,2047,access_vlan:SW1:eth1:20+access_vlan:SW2:eth2:10+trunk_remove:SW1:eth3:10+trunk_remove:SW1:eth3:20+trunk_remove:SW2:eth3:10,179,181,0.99145,-10.350000000000001,2,True,False,True,False,False,incorrect_declare_done,,0,1,0,0,0,0,0,0,4
20,2048,access_vlan:SW1:eth1:20+access_vlan:SW1:eth2:10+access_vlan:SW2:eth2:10+trunk_remove:SW1:eth3:20+trunk_remove:SW2:eth3:20,181,189,0.99107,-13.65,8,True,False,True,False,False,incorrect_declare_done,,0,6,0,0,3,2,3,0,3
21,2049,access_vlan:SW1:eth2:10+trunk_remove:SW1:eth3:10,189,210,0.9900725,-0.2500000000000018,21,True,False,True,False,True,recovery_success,,0,15,2,0,9,5,7,0,0
22,2050,access_vlan:SW1:eth1:20+access_vlan:SW2:eth2:10+trunk_remove:SW1:eth3:10+trunk_remove:SW2:eth3:10+trunk_remove:SW2:eth3:20,210,215,0.989835,-11.75,5,True,False,True,False,False,incorrect_declare_done,,0,3,0,0,1,1,1,0,3
23,2051,access_vlan:SW1:eth2:10+access_vlan:SW2:eth2:10+trunk_remove:SW1:eth3:10,215,219,0.989645,-10.8,4,True,False,True,False,False,incorrect_declare_done,,0,2,1,0,0,0,0,0,3
24,2052,trunk_remove:SW1:eth3:10,219,224,0.9894075,-12.75,5,True,False,True,False,False,incorrect_declare_done,,0,4,0,0,3,3,2,0,3
25,2053,access_vlan:SW1:eth1:20,224,236,0.9888375,-14.7,12,True,False,True,False,False,incorrect_declare_done,,0,10,1,0,3,2,3,0,3
26,2054,access_vlan:SW1:eth1:20+access_vlan:SW1:eth2:10+access_vlan:SW2:eth1:20+trunk_remove:SW2:eth3:20,236,241,0.9886,-12.100000000000001,5,True,False,True,False,False,incorrect_declare_done,,0,3,1,0,2,2,2,1,1
27,2055,access_vlan:SW2:eth1:20+access_vlan:SW2:eth2:10+trunk_remove:SW1:eth3:20+trunk_remove:SW2:eth3:10,241,244,0.9884575,-11.15,3,True,False,True,False,False,incorrect_declare_done,,0,2,0,0,1,1,1,0,3
28,2056,access_vlan:SW1:eth1:20+access_vlan:SW2:eth1:20+access_vlan:SW2:eth2:10+trunk_remove:SW1:eth3:20+trunk_remove:SW2:eth3:10,244,260,0.9876975,-15.75,16,True,False,True,False,False,incorrect_declare_done,,0,12,2,0,3,1,3,0,3
29,2057,access_vlan:SW1:eth1:20+access_vlan:SW1:eth2:10+access_vlan:SW2:eth2:10,260,262,0.9876025,-10.200000000000001,2,True,False,True,False,False,incorrect_declare_done,,0,0,1,0,0,0,0,0,3
30,2058,access_vlan:SW1:eth1:20+access_vlan:SW1:eth2:10+access_vlan:SW2:eth1:20+trunk_remove:SW1:eth3:20,262,283,0.986605,-19.4,21,True,False,True,False,False,incorrect_declare_done,,0,16,1,0,7,4,7,0,3
31,2059,access_vlan:SW1:eth2:10+access_vlan:SW2:eth2:10+trunk_remove:SW1:eth3:10+trunk_remove:SW2:eth3:10+trunk_remove:SW2:eth3:20,283,286,0.9864625,-10.65,3,True,False,True,False,False,incorrect_declare_done,,0,2,0,0,0,0,0,0,3
32,2060,access_vlan:SW1:eth2:10+trunk_remove:SW1:eth3:20+trunk_remove:SW2:eth3:20,286,299,0.985845,-16.65,13,True,False,True,False,False,incorrect_declare_done,,0,11,0,0,6,3,5,0,4
33,2061,access_vlan:SW1:eth2:10+access_vlan:SW2:eth1:20+trunk_remove:SW1:eth3:10+trunk_remove:SW2:eth3:10,299,311,0.985275,-15.55,12,True,False,True,False,False,incorrect_declare_done,,0,8,2,0,5,3,4,0,3
34,2062,trunk_remove:SW1:eth3:10+trunk_remove:SW1:eth3:20+trunk_remove:SW2:eth3:10+trunk_remove:SW2:eth3:20,311,339,0.983945,-21.850000000000005,28,True,False,True,False,False,incorrect_declare_done,,0,24,2,0,8,3,8,0,3
35,2063,access_vlan:SW2:eth1:20+access_vlan:SW2:eth2:10+trunk_remove:SW1:eth3:10+trunk_remove:SW1:eth3:20+trunk_remove:SW2:eth3:20,339,343,0.983755,-11.3,4,True,False,True,False,False,incorrect_declare_done,,0,2,1,0,1,1,1,0,3
36,2064,access_vlan:SW1:eth1:20+trunk_remove:SW1:eth3:10+trunk_remove:SW1:eth3:20+trunk_remove:SW2:eth3:10+trunk_remove:SW2:eth3:20,343,345,0.98366,-10.350000000000001,2,True,False,True,False,False,incorrect_declare_done,,0,1,0,0,0,0,0,0,2
37,2065,access_vlan:SW2:eth1:20+access_vlan:SW2:eth2:10+trunk_remove:SW1:eth3:10+trunk_remove:SW2:eth3:10,345,350,0.9834225,-11.25,5,True,False,True,False,False,incorrect_declare_done,,0,3,0,0,0,0,0,0,2
38,2066,access_vlan:SW2:eth2:10+trunk_remove:SW1:eth3:10,350,352,0.9833275,-10.200000000000001,2,True,False,True,False,False,incorrect_declare_done,,0,0,1,0,0,0,0,0,3
39,2067,access_vlan:SW2:eth1:20+access_vlan:SW2:eth2:10+trunk_remove:SW1:eth3:10+trunk_remove:SW2:eth3:20,352,363,0.982805,-14.4,11,True,False,True,False,False,incorrect_declare_done,,0,9,1,0,3,2,3,0,4
40,2068,access_vlan:SW1:eth2:10+access_vlan:SW2:eth1:20+access_vlan:SW2:eth2:10+trunk_remove:SW1:eth3:20+trunk_remove:SW2:eth3:10+trunk_remove:SW2:eth3:20,363,364,0.9827575,-10.05,1,True,False,True,False,False,incorrect_declare_done,,0,0,0,0,0,0,0,0,3
41,2069,access_vlan:SW1:eth1:20+access_vlan:SW2:eth2:10+trunk_remove:SW1:eth3:20,364,377,0.98214,-14.700000000000001,13,True,False,True,False,False,incorrect_declare_done,,0,9,3,0,3,3,3,0,3
42,2070,access_vlan:SW1:eth2:10+access_vlan:SW2:eth1:20+trunk_remove:SW1:eth3:10+trunk_remove:SW1:eth3:20,377,383,0.981855,-11.9,6,True,False,True,False,False,incorrect_declare_done,,0,4,1,0,1,1,1,0,2
43,2071,access_vlan:SW1:eth1:20+access_vlan:SW2:eth2:10+trunk_remove:SW1:eth3:20+trunk_remove:SW2:eth3:10,383,413,0.98043,-13.550000000000006,30,True,False,False,True,False,step_limit,,0,26,3,0,10,5,10,0,4
44,2072,access_vlan:SW1:eth1:20+access_vlan:SW2:eth1:20+access_vlan:SW2:eth2:10+trunk_remove:SW1:eth3:20,413,415,0.980335,-10.850000000000001,2,True,False,True,False,False,incorrect_declare_done,,0,1,0,0,1,1,1,0,4
45,2073,access_vlan:SW1:eth1:20+access_vlan:SW1:eth2:10+access_vlan:SW2:eth1:20+access_vlan:SW2:eth2:10+trunk_remove:SW1:eth3:10+trunk_remove:SW2:eth3:10+trunk_remove:SW2:eth3:20,415,419,0.980145,-11.3,4,True,False,True,False,False,incorrect_declare_done,,0,2,1,0,1,1,1,0,3
46,2074,access_vlan:SW1:eth2:10+access_vlan:SW2:eth1:20+access_vlan:SW2:eth2:10+trunk_remove:SW2:eth3:10+trunk_remove:SW2:eth3:20,419,449,0.97872,-18.700000000000006,30,True,False,False,True,False,step_limit,,0,24,2,0,20,6,15,0,4
47,2075,access_vlan:SW1:eth2:10+trunk_remove:SW1:eth3:20+trunk_remove:SW2:eth3:20,449,453,0.97853,-10.8,4,True,False,True,False,False,incorrect_declare_done,,0,2,1,0,0,0,0,0,3
48,2076,access_vlan:SW1:eth1:20+access_vlan:SW2:eth1:20+trunk_remove:SW1:eth3:10+trunk_remove:SW1:eth3:20,453,454,0.9784825,-10.05,1,True,False,True,False,False,incorrect_declare_done,,0,0,0,0,0,0,0,0,4
49,2077,access_vlan:SW1:eth1:20+access_vlan:SW1:eth2:10+trunk_remove:SW1:eth3:10+trunk_remove:SW2:eth3:10+trunk_remove:SW2:eth3:20,454,456,0.9783875,-10.200000000000001,2,True,False,True,False,False,incorrect_declare_done,,0,0,1,0,0,0,0,0,2
50,2078,access_vlan:SW1:eth2:10+access_vlan:SW2:eth1:20+access_vlan:SW2:eth2:10,456,457,0.97834,-10.05,1,True,False,True,False,False,incorrect_declare_done,,0,0,0,0,0,0,0,0,3
51,2079,access_vlan:SW1:eth1:20+access_vlan:SW1:eth2:10+trunk_remove:SW1:eth3:10+trunk_remove:SW1:eth3:20+trunk_remove:SW2:eth3:10,457,469,0.97777,-15.2,12,True,False,True,False,False,incorrect_declare_done,,0,10,1,0,4,2,4,0,4
52,2080,access_vlan:SW1:eth1:20+trunk_remove:SW1:eth3:10+trunk_remove:SW2:eth3:10,469,471,0.977675,-10.850000000000001,2,True,False,True,False,False,incorrect_declare_done,,0,1,0,0,1,1,1,0,3
53,2081,access_vlan:SW1:eth1:20+access_vlan:SW2:eth2:10+trunk_remove:SW1:eth3:10+trunk_remove:SW2:eth3:20,471,478,0.9773425,-12.850000000000001,7,True,False,True,False,False,incorrect_declare_done,,0,6,0,0,2,2,2,0,3
54,2082,access_vlan:SW2:eth1:20+access_vlan:SW2:eth2:10+trunk_remove:SW1:eth3:20,478,500,0.9762975,-22.200000000000003,22,True,False,True,False,False,incorrect_declare_done,,0,18,1,0,12,6,10,0,3
55,2083,trunk_remove:SW1:eth3:10+trunk_remove:SW1:eth3:20+trunk_remove:SW2:eth3:10,500,514,0.9756325,-17.15,14,True,False,True,False,False,incorrect_declare_done,,0,10,2,0,7,4,6,0,3
56,2084,trunk_remove:SW2:eth3:10,514,522,0.9752525,-13.65,8,True,False,True,False,False,incorrect_declare_done,,0,6,0,0,3,2,3,0,3
57,2085,access_vlan:SW1:eth1:20+access_vlan:SW1:eth2:10+trunk_remove:SW1:eth3:10+trunk_remove:SW1:eth3:20+trunk_remove:SW2:eth3:10+trunk_remove:SW2:eth3:20,522,537,0.97454,-16.45,15,True,False,True,False,False,incorrect_declare_done,,0,11,2,0,5,4,4,0,1
58,2086,access_vlan:SW2:eth1:20+access_vlan:SW2:eth2:10+trunk_remove:SW2:eth3:10+trunk_remove:SW2:eth3:20,537,567,0.973115,-15.950000000000006,30,True,False,False,True,False,step_limit,,0,22,7,0,16,6,13,0,4
59,2087,access_vlan:SW2:eth2:10+trunk_remove:SW1:eth3:10+trunk_remove:SW1:eth3:20+trunk_remove:SW2:eth3:10+trunk_remove:SW2:eth3:20,567,578,0.9725925,-15.05,11,True,False,True,False,False,incorrect_declare_done,,0,8,0,0,4,4,4,0,2
60,2088,access_vlan:SW1:eth1:20+access_vlan:SW1:eth2:10+access_vlan:SW2:eth1:20+trunk_remove:SW1:eth3:20+trunk_remove:SW2:eth3:20,578,580,0.9724975,-10.200000000000001,2,True,False,True,False,False,incorrect_declare_done,,0,0,1,0,0,0,0,0,3
61,2089,access_vlan:SW2:eth1:20+access_vlan:SW2:eth2:10+trunk_remove:SW1:eth3:20+trunk_remove:SW2:eth3:20,580,592,0.9719275,-14.7,12,True,False,True,False,False,incorrect_declare_done,,0,9,1,0,3,2,3,0,3
62,2090,access_vlan:SW1:eth1:20+access_vlan:SW1:eth2:10+access_vlan:SW2:eth1:20+trunk_remove:SW1:eth3:10,592,597,0.97169,-11.75,5,True,False,True,False,False,incorrect_declare_done,,0,4,0,0,1,1,1,0,2
63,2091,access_vlan:SW1:eth2:10+trunk_remove:SW1:eth3:10+trunk_remove:SW2:eth3:20,597,606,0.9712625,-13.45,9,True,False,True,False,False,incorrect_declare_done,,0,7,0,0,2,2,2,0,4
64,2092,access_vlan:SW1:eth1:20+access_vlan:SW2:eth1:20+trunk_remove:SW1:eth3:20+trunk_remove:SW2:eth3:10,606,635,0.969885,-22.150000000000006,29,True,False,True,False,False,incorrect_declare_done,,0,23,2,0,8,3,7,0,4
65,2093,access_vlan:SW1:eth1:20+access_vlan:SW1:eth2:10+access_vlan:SW2:eth2:10+trunk_remove:SW1:eth3:10+trunk_remove:SW1:eth3:20+trunk_remove:SW2:eth3:10,635,651,0.969125,-20.900000000000002,16,True,False,True,False,False,incorrect_declare_done,,0,11,1,0,13,6,9,0,3
66,2094,access_vlan:SW2:eth1:20+trunk_remove:SW1:eth3:10+trunk_remove:SW1:eth3:20+trunk_remove:SW2:eth3:20,651,652,0.9690775,-10.05,1,True,False,True,False,False,incorrect_declare_done,,0,0,0,0,0,0,0,0,3
67,2095,access_vlan:SW1:eth1:20+trunk_remove:SW2:eth3:10+trunk_remove:SW2:eth3:20,652,667,0.968365,-16.95,15,True,False,True,False,False,incorrect_declare_done,,0,12,2,0,6,4,6,0,3
68,2096,access_vlan:SW1:eth1:20+access_vlan:SW2:eth1:20+access_vlan:SW2:eth2:10+trunk_remove:SW1:eth3:20+trunk_remove:SW2:eth3:10,667,674,0.9680325,-12.7,7,True,False,True,False,False,incorrect_declare_done,,0,5,1,0,2,2,2,0,4
69,2097,access_vlan:SW1:eth2:10+access_vlan:SW2:eth1:20+access_vlan:SW2:eth2:10+trunk_remove:SW1:eth3:10+trunk_remove:SW1:eth3:20+trunk_remove:SW2:eth3:10+trunk_remove:SW2:eth3:20,674,676,0.9679375,-10.350000000000001,2,True,False,True,False,False,incorrect_declare_done,,0,1,0,0,0,0,0,0,3
70,2098,access_vlan:SW2:eth1:20+access_vlan:SW2:eth2:10+trunk_remove:SW1:eth3:10+trunk_remove:SW1:eth3:20,676,683,0.967605,-13.200000000000001,7,True,False,True,False,False,incorrect_declare_done,,0,5,1,0,3,3,3,0,3
71,2099,access_vlan:SW1:eth1:20+access_vlan:SW1:eth2:10+access_vlan:SW2:eth1:20+trunk_remove:SW1:eth3:10+trunk_remove:SW1:eth3:20,683,692,0.9671775,-12.8,9,True,False,True,False,False,incorrect_declare_done,,0,7,1,0,1,1,1,0,3
72,2100,access_vlan:SW1:eth1:20+access_vlan:SW1:eth2:10+access_vlan:SW2:eth2:10+trunk_remove:SW1:eth3:10+trunk_remove:SW2:eth3:10,692,714,0.9661325,-19.200000000000003,22,True,False,True,False,False,incorrect_declare_done,,0,18,1,0,6,4,5,0,4
73,2101,access_vlan:SW1:eth2:10+access_vlan:SW2:eth2:10+trunk_remove:SW1:eth3:10+trunk_remove:SW1:eth3:20+trunk_remove:SW2:eth3:20,714,729,0.96542,-16.1,15,True,False,True,False,False,incorrect_declare_done,,0,10,1,0,4,2,4,0,3
74,2102,access_vlan:SW1:eth2:10+trunk_remove:SW1:eth3:10+trunk_remove:SW2:eth3:20,729,741,0.96485,-14.7,12,True,False,True,False,False,incorrect_declare_done,,0,9,1,0,3,3,3,0,4
75,2103,access_vlan:SW1:eth1:20+access_vlan:SW2:eth1:20+access_vlan:SW2:eth2:10+trunk_remove:SW1:eth3:10+trunk_remove:SW1:eth3:20+trunk_remove:SW2:eth3:10,741,747,0.964565,-12.05,6,True,False,True,False,False,incorrect_declare_done,,0,4,0,0,1,1,1,0,3
76,2104,access_vlan:SW2:eth2:10+trunk_remove:SW1:eth3:20,747,769,0.96352,-19.55,22,True,False,True,False,False,incorrect_declare_done,,0,16,2,0,7,3,6,0,3
77,2105,access_vlan:SW1:eth2:10+trunk_remove:SW1:eth3:20,769,777,0.96314,-13.65,8,True,False,True,False,False,incorrect_declare_done,,0,6,0,0,3,2,3,0,2
78,2106,access_vlan:SW1:eth1:20+access_vlan:SW2:eth1:20+access_vlan:SW2:eth2:10+trunk_remove:SW1:eth3:10+trunk_remove:SW2:eth3:10+trunk_remove:SW2:eth3:20,777,782,0.9629025,-11.75,5,True,False,True,False,False,incorrect_declare_done,,0,3,0,0,1,1,1,0,2
79,2107,access_vlan:SW1:eth1:20+access_vlan:SW2:eth1:20+access_vlan:SW2:eth2:10+trunk_remove:SW1:eth3:10+trunk_remove:SW1:eth3:20+trunk_remove:SW2:eth3:10,782,794,0.9623325,-14.55,12,True,False,True,False,False,incorrect_declare_done,,0,7,2,0,3,2,3,0,4
80,2108,access_vlan:SW2:eth1:20+trunk_remove:SW1:eth3:10+trunk_remove:SW1:eth3:20+trunk_remove:SW2:eth3:20,794,814,0.9613825,-18.950000000000003,20,True,False,True,False,False,incorrect_declare_done,,0,15,2,0,7,4,7,0,3
81,2109,access_vlan:SW1:eth2:10+access_vlan:SW2:eth1:20+access_vlan:SW2:eth2:10+trunk_remove:SW1:eth3:10+trunk_remove:SW2:eth3:10,814,824,0.9609075,-13.600000000000001,10,True,False,True,False,False,incorrect_declare_done,,0,8,1,0,2,1,2,0,3
82,2110,access_vlan:SW1:eth1:20+access_vlan:SW2:eth1:20+access_vlan:SW2:eth2:10+trunk_remove:SW2:eth3:10+trunk_remove:SW2:eth3:20,824,826,0.9608125,-10.350000000000001,2,True,False,True,False,False,incorrect_declare_done,,0,1,0,0,0,0,0,0,3
83,2111,access_vlan:SW1:eth2:10+access_vlan:SW2:eth2:10+trunk_remove:SW2:eth3:10,826,829,0.96067,-12.15,3,True,False,True,False,False,incorrect_declare_done,,0,2,0,0,3,3,2,0,3
84,2112,access_vlan:SW1:eth1:20+access_vlan:SW2:eth1:20+access_vlan:SW2:eth2:10+trunk_remove:SW1:eth3:10+trunk_remove:SW2:eth3:10+trunk_remove:SW2:eth3:20,829,830,0.9606225,-10.05,1,True,False,True,False,False,incorrect_declare_done,,0,0,0,0,0,0,0,0,3
85,2113,access_vlan:SW1:eth1:20+access_vlan:SW2:eth1:20+access_vlan:SW2:eth2:10+trunk_remove:SW1:eth3:10+trunk_remove:SW2:eth3:10+trunk_remove:SW2:eth3:20,830,831,0.960575,-10.05,1,True,False,True,False,False,incorrect_declare_done,,0,0,0,0,0,0,0,0,3
86,2114,access_vlan:SW2:eth2:10+trunk_remove:SW1:eth3:10+trunk_remove:SW2:eth3:10,831,839,0.960195,-15.15,8,True,False,True,False,False,incorrect_declare_done,,0,6,0,0,6,4,4,0,3
87,2115,access_vlan:SW1:eth2:10+access_vlan:SW2:eth2:10+trunk_remove:SW1:eth3:10+trunk_remove:SW1:eth3:20+trunk_remove:SW2:eth3:10,839,846,0.9598625,-12.200000000000001,7,True,False,True,False,False,incorrect_declare_done,,0,5,1,0,1,1,1,0,3
88,2116,access_vlan:SW1:eth1:20+trunk_remove:SW1:eth3:10+trunk_remove:SW1:eth3:20+trunk_remove:SW2:eth3:20,846,848,0.9597675,-10.350000000000001,2,True,False,True,False,False,incorrect_declare_done,,0,1,0,0,0,0,0,0,3
89,2117,access_vlan:SW1:eth2:10+access_vlan:SW2:eth2:10+trunk_remove:SW2:eth3:10+trunk_remove:SW2:eth3:20,848,861,0.95915,-17.65,13,True,False,True,False,False,incorrect_declare_done,,0,10,0,0,8,6,6,0,3
90,2118,access_vlan:SW1:eth1:20+access_vlan:SW1:eth2:10+access_vlan:SW2:eth1:20+access_vlan:SW2:eth2:10+trunk_remove:SW1:eth3:10+trunk_remove:SW2:eth3:10+trunk_remove:SW2:eth3:20,861,886,0.9579625,-23.450000000000003,25,True,False,True,False,False,incorrect_declare_done,,0,22,2,0,13,4,13,0,3
91,2119,access_vlan:SW1:eth2:10+access_vlan:SW2:eth2:10+trunk_remove:SW1:eth3:20+trunk_remove:SW2:eth3:10+trunk_remove:SW2:eth3:20,886,889,0.95782,-10.65,3,True,False,True,False,False,incorrect_declare_done,,0,2,0,0,0,0,0,0,3
92,2120,access_vlan:SW1:eth1:20+access_vlan:SW2:eth2:10+trunk_remove:SW1:eth3:10+trunk_remove:SW2:eth3:10,889,919,0.956395,-12.400000000000006,30,True,False,False,True,False,step_limit,,0,26,4,0,8,2,8,0,3
93,2121,access_vlan:SW1:eth2:10+access_vlan:SW2:eth1:20+trunk_remove:SW1:eth3:10+trunk_remove:SW1:eth3:20+trunk_remove:SW2:eth3:10+trunk_remove:SW2:eth3:20,919,926,0.9560625,-12.200000000000001,7,True,False,True,False,False,incorrect_declare_done,,0,4,1,0,1,1,1,0,4
94,2122,access_vlan:SW1:eth1:20+access_vlan:SW1:eth2:10+trunk_remove:SW2:eth3:20,926,930,0.9558725,-11.450000000000001,4,True,False,True,False,False,incorrect_declare_done,,0,3,0,0,1,1,1,0,3
95,2123,access_vlan:SW1:eth1:20+access_vlan:SW1:eth2:10+access_vlan:SW2:eth1:20+trunk_remove:SW2:eth3:10+trunk_remove:SW2:eth3:20,930,937,0.9555400000000001,-12.850000000000001,7,True,False,True,False,False,incorrect_declare_done,,0,5,0,0,2,1,2,0,4
96,2124,access_vlan:SW1:eth1:20+access_vlan:SW2:eth1:20+access_vlan:SW2:eth2:10+trunk_remove:SW1:eth3:10+trunk_remove:SW1:eth3:20+trunk_remove:SW2:eth3:10+trunk_remove:SW2:eth3:20,937,942,0.9553024999999999,-11.25,5,True,False,True,False,False,incorrect_declare_done,,0,4,0,0,0,0,0,0,2
97,2125,trunk_remove:SW1:eth3:10+trunk_remove:SW1:eth3:20+trunk_remove:SW2:eth3:10,942,944,0.9552075,-10.850000000000001,2,True,False,True,False,False,incorrect_declare_done,,0,1,0,0,1,1,1,0,3
98,2126,access_vlan:SW1:eth1:20+access_vlan:SW1:eth2:10+access_vlan:SW2:eth1:20+trunk_remove:SW1:eth3:10+trunk_remove:SW2:eth3:10,944,964,0.9542575,-20.1,20,True,False,True,False,False,incorrect_declare_done,,0,16,1,0,9,5,8,0,4
99,2127,access_vlan:SW1:eth2:10+access_vlan:SW2:eth1:20+trunk_remove:SW2:eth3:10,964,974,0.9537825,-13.450000000000001,10,True,False,True,False,False,incorrect_declare_done,,0,5,2,0,2,2,2,0,2
100,2128,access_vlan:SW1:eth2:10+access_vlan:SW2:eth1:20+access_vlan:SW2:eth2:10+trunk_remove:SW2:eth3:20,974,985,0.95326,-14.05,11,True,False,True,False,False,incorrect_declare_done,,0,8,0,0,2,2,2,0,3
101,2129,access_vlan:SW1:eth2:10+access_vlan:SW2:eth1:20+trunk_remove:SW1:eth3:20+trunk_remove:SW2:eth3:10,985,986,0.9532125,-10.05,1,True,False,True,False,False,incorrect_declare_done,,0,0,0,0,0,0,0,0,4
102,2130,trunk_remove:SW2:eth3:10+trunk_remove:SW2:eth3:20,986,987,0.953165,-10.05,1,True,False,True,False,False,incorrect_declare_done,,0,0,0,0,0,0,0,0,2
103,2131,access_vlan:SW1:eth1:20+access_vlan:SW2:eth1:20+trunk_remove:SW1:eth3:10+trunk_remove:SW2:eth3:10+trunk_remove:SW2:eth3:20,987,996,0.9527375,-13.95,9,True,False,True,False,False,incorrect_declare_done,,0,8,0,0,3,3,3,0,4
104,2132,access_vlan:SW1:eth1:20+access_vlan:SW2:eth1:20+access_vlan:SW2:eth2:10+trunk_remove:SW1:eth3:20+trunk_remove:SW2:eth3:20,996,1002,0.9524525,-12.4,6,True,False,True,False,False,incorrect_declare_done,0.6879448145627975,3,3,1,0,2,2,1,0,1
105,2133,access_vlan:SW1:eth1:20+access_vlan:SW1:eth2:10+access_vlan:SW2:eth1:20+access_vlan:SW2:eth2:10+trunk_remove:SW1:eth3:10+trunk_remove:SW1:eth3:20+trunk_remove:SW2:eth3:10,1002,1011,0.952025,-13.65,9,True,False,True,False,False,incorrect_declare_done,0.9048648178577423,9,6,2,0,3,3,2,0,3
106,2134,access_vlan:SW1:eth2:10+access_vlan:SW2:eth1:20+trunk_remove:SW1:eth3:20+trunk_remove:SW2:eth3:10+trunk_remove:SW2:eth3:20,1011,1016,0.9517875,-11.75,5,True,False,True,False,False,incorrect_declare_done,0.9838953852653504,5,3,0,0,1,1,1,0,4
107,2135,access_vlan:SW2:eth2:10+trunk_remove:SW1:eth3:10+trunk_remove:SW1:eth3:20+trunk_remove:SW2:eth3:10+trunk_remove:SW2:eth3:20,1016,1020,0.9515975,-10.8,4,True,False,True,False,False,incorrect_declare_done,1.0424890369176865,4,2,1,0,0,0,0,0,2
108,2136,access_vlan:SW1:eth1:20+trunk_remove:SW1:eth3:20+trunk_remove:SW2:eth3:10+trunk_remove:SW2:eth3:20,1020,1023,0.951455,-10.350000000000001,3,True,False,True,False,False,incorrect_declare_done,0.47818827629089355,3,0,2,0,0,0,0,0,3
109,2137,access_vlan:SW1:eth2:10+access_vlan:SW2:eth1:20+trunk_remove:SW1:eth3:10+trunk_remove:SW1:eth3:20+trunk_remove:SW2:eth3:10,1023,1047,0.950315,-20.400000000000002,24,True,False,True,False,False,incorrect_declare_done,0.2903132066130638,24,15,7,0,9,6,8,0,3
110,2138,access_vlan:SW1:eth1:20+trunk_remove:SW2:eth3:20,1047,1049,0.95022,-10.850000000000001,2,True,False,True,False,False,incorrect_declare_done,0.13190500438213348,2,1,0,0,1,1,1,0,3
111,2139,access_vlan:SW1:eth1:20+access_vlan:SW2:eth1:20+access_vlan:SW2:eth2:10+trunk_remove:SW1:eth3:10+trunk_remove:SW2:eth3:10,1049,1069,0.9492700000000001,-20.300000000000004,20,True,False,True,False,False,incorrect_declare_done,0.09871971188113093,20,16,3,0,10,6,7,0,4
112,2140,access_vlan:SW1:eth2:10+trunk_remove:SW2:eth3:10,1069,1075,0.948985,-13.05,6,True,False,True,False,False,incorrect_declare_done,0.04621446070571741,6,5,0,0,3,3,3,0,1
113,2141,access_vlan:SW1:eth1:20+access_vlan:SW2:eth1:20+access_vlan:SW2:eth2:10+trunk_remove:SW1:eth3:10+trunk_remove:SW1:eth3:20,1075,1099,0.947845,-21.0,24,True,False,True,False,False,incorrect_declare_done,0.061003567495693765,24,17,3,0,9,5,8,0,4
114,2142,access_vlan:SW1:eth2:10+trunk_remove:SW1:eth3:20+trunk_remove:SW2:eth3:20,1099,1101,0.94775,-10.350000000000001,2,True,False,True,False,False,incorrect_declare_done,0.025146176107227802,2,1,0,0,0,0,0,0,3
115,2143,access_vlan:SW1:eth1:20+access_vlan:SW1:eth2:10+access_vlan:SW2:eth1:20+access_vlan:SW2:eth2:10,1101,1109,0.94737,-14.0,8,True,False,True,False,False,incorrect_declare_done,0.10185484820976853,8,4,1,0,4,3,4,1,2
116,2144,access_vlan:SW2:eth2:10+trunk_remove:SW1:eth3:20,1109,1114,0.9471325,-12.100000000000001,5,True,False,True,False,False,incorrect_declare_done,0.03546224720776081,5,3,1,0,2,2,2,0,3
117,2145,access_vlan:SW1:eth2:10,1114,1120,0.9468475,-13.9,6,True,False,True,False,False,incorrect_declare_done,0.07914376879731815,6,4,1,0,5,4,3,0,4
118,2146,access_vlan:SW1:eth1:20+access_vlan:SW1:eth2:10+access_vlan:SW2:eth2:10+trunk_remove:SW1:eth3:10+trunk_remove:SW2:eth3:10+trunk_remove:SW2:eth3:20,1120,1123,0.946705,-11.0,3,True,False,True,False,False,incorrect_declare_done,0.030546562746167183,3,1,1,0,1,1,1,0,4
119,2147,access_vlan:SW1:eth1:20+access_vlan:SW1:eth2:10+trunk_remove:SW1:eth3:10+trunk_remove:SW2:eth3:10+trunk_remove:SW2:eth3:20,1123,1136,0.9460875,-14.05,13,True,False,True,False,False,incorrect_declare_done,0.052564640457813554,13,8,4,0,2,2,2,0,3
120,2148,access_vlan:SW1:eth1:20+access_vlan:SW2:eth1:20+access_vlan:SW2:eth2:10+trunk_remove:SW1:eth3:20+trunk_remove:SW2:eth3:10+trunk_remove:SW2:eth3:20,1136,1151,0.945375,-16.25,15,True,False,True,False,False,incorrect_declare_done,0.027669434870282807,15,14,0,0,4,2,4,0,4
121,2149,access_vlan:SW1:eth1:20+access_vlan:SW1:eth2:10+access_vlan:SW2:eth1:20+trunk_remove:SW1:eth3:10+trunk_remove:SW1:eth3:20,1151,1161,0.9449,-14.600000000000001,10,True,False,True,False,False,incorrect_declare_done,0.08071778696030378,10,8,1,0,4,4,4,0,3
122,2150,access_vlan:SW2:eth1:20+access_vlan:SW2:eth2:10+trunk_remove:SW1:eth3:10+trunk_remove:SW2:eth3:20,1161,1166,0.9446625,-12.25,5,True,False,True,False,False,incorrect_declare_done,0.0269483033567667,5,3,0,0,2,2,2,0,3
123,2151,access_vlan:SW1:eth2:10+access_vlan:SW2:eth1:20+trunk_remove:SW1:eth3:20+trunk_remove:SW2:eth3:10,1166,1170,0.9444725,-10.8,4,True,False,True,False,False,incorrect_declare_done,0.022930186707526445,4,2,1,0,0,0,0,0,2
124,2152,access_vlan:SW1:eth2:10+trunk_remove:SW2:eth3:10+trunk_remove:SW2:eth3:20,1170,1171,0.944425,-10.05,1,True,False,True,False,False,incorrect_declare_done,0.022121258080005646,1,0,0,0,0,0,0,0,3
125,2153,access_vlan:SW1:eth1:20+trunk_remove:SW1:eth3:20,1171,1201,0.9430000000000001,-27.80000000000001,30,True,False,True,False,False,incorrect_declare_done,0.035578179421524206,30,22,3,0,19,6,15,1,1
126,2154,access_vlan:SW1:eth2:10+access_vlan:SW2:eth2:10+trunk_remove:SW1:eth3:10+trunk_remove:SW1:eth3:20+trunk_remove:SW2:eth3:10+trunk_remove:SW2:eth3:20,1201,1203,0.942905,-10.350000000000001,2,True,False,True,False,False,incorrect_declare_done,0.02718924731016159,2,1,0,0,0,0,0,0,3
127,2155,access_vlan:SW1:eth1:20+access_vlan:SW1:eth2:10+trunk_remove:SW1:eth3:10+trunk_remove:SW1:eth3:20+trunk_remove:SW2:eth3:10+trunk_remove:SW2:eth3:20,1203,1206,0.9427625,-10.65,3,True,False,True,False,False,incorrect_declare_done,0.025904539972543716,3,2,0,0,0,0,0,0,2
128,2156,access_vlan:SW1:eth2:10,1206,1211,0.9425250000000001,-12.100000000000001,5,True,False,True,False,False,incorrect_declare_done,0.024426054023206235,5,3,1,0,2,2,2,1,2
129,2157,access_vlan:SW1:eth2:10+access_vlan:SW2:eth2:10+trunk_remove:SW2:eth3:10+trunk_remove:SW2:eth3:20,1211,1216,0.9422875000000001,-11.75,5,True,False,True,False,False,incorrect_declare_done,0.08008884787559509,5,4,0,0,1,1,1,0,4
130,2158,access_vlan:SW1:eth2:10+trunk_remove:SW1:eth3:10+trunk_remove:SW1:eth3:20+trunk_remove:SW2:eth3:10,1216,1226,0.9418125,-13.25,10,True,False,True,False,False,incorrect_declare_done,0.02233933601528406,10,8,0,0,1,1,1,0,4
131,2159,access_vlan:SW2:eth2:10+trunk_remove:SW2:eth3:10,1226,1256,0.9403875,-13.600000000000007,30,True,False,False,True,False,step_limit,0.04306007033834855,30,21,6,0,11,5,9,0,3
132,2160,access_vlan:SW2:eth1:20+trunk_remove:SW1:eth3:20,1256,1263,0.940055,-13.850000000000001,7,True,False,True,False,False,incorrect_declare_done,0.02243072459740298,7,5,0,0,4,3,4,0,4
133,2161,access_vlan:SW1:eth1:20+access_vlan:SW1:eth2:10+access_vlan:SW2:eth1:20+access_vlan:SW2:eth2:10+trunk_remove:SW2:eth3:10+trunk_remove:SW2:eth3:20,1263,1268,0.9398175,-11.450000000000001,5,True,False,True,False,False,incorrect_declare_done,0.023926644772291183,5,1,2,0,1,1,1,0,2
134,2162,access_vlan:SW1:eth1:20+access_vlan:SW2:eth2:10+trunk_remove:SW1:eth3:20+trunk_remove:SW2:eth3:10,1268,1269,0.93977,-10.05,1,True,False,True,False,False,incorrect_declare_done,0.02412148378789425,1,0,0,0,0,0,0,0,4
135,2163,access_vlan:SW1:eth1:20+access_vlan:SW2:eth1:20+access_vlan:SW2:eth2:10+trunk_remove:SW1:eth3:10,1269,1270,0.9397225,-10.05,1,True,False,True,False,False,incorrect_declare_done,0.02098272554576397,1,0,0,0,0,0,0,0,3
136,2164,access_vlan:SW1:eth2:10+access_vlan:SW2:eth1:20+access_vlan:SW2:eth2:10+trunk_remove:SW1:eth3:20+trunk_remove:SW2:eth3:10,1270,1274,0.9395325,-11.450000000000001,4,True,False,True,False,False,incorrect_declare_done,0.0899965432472527,4,3,0,0,1,1,1,0,2
137,2165,access_vlan:SW1:eth1:20+access_vlan:SW2:eth1:20+access_vlan:SW2:eth2:10+trunk_remove:SW1:eth3:10+trunk_remove:SW2:eth3:10+trunk_remove:SW2:eth3:20,1274,1278,0.9393425,-11.450000000000001,4,True,False,True,False,False,incorrect_declare_done,0.01913793385028839,4,3,0,0,1,1,1,0,4
138,2166,access_vlan:SW1:eth2:10+access_vlan:SW2:eth1:20+access_vlan:SW2:eth2:10,1278,1298,0.9383925,-18.950000000000003,20,True,False,True,False,False,incorrect_declare_done,0.03446145104244351,20,13,2,0,7,5,5,0,2
139,2167,access_vlan:SW1:eth1:20+access_vlan:SW2:eth1:20+access_vlan:SW2:eth2:10+trunk_remove:SW2:eth3:10,1298,1328,0.9369675,-12.550000000000008,30,True,False,False,True,False,step_limit,0.037046901509165765,30,23,3,0,8,4,6,0,3
140,2168,access_vlan:SW1:eth1:20+access_vlan:SW1:eth2:10+trunk_remove:SW1:eth3:10+trunk_remove:SW1:eth3:20+trunk_remove:SW2:eth3:10+trunk_remove:SW2:eth3:20,1328,1335,0.936635,-12.4,7,True,False,True,False,False,incorrect_declare_done,0.05819172704858439,7,3,3,0,2,2,2,0,3
141,2169,access_vlan:SW1:eth1:20+trunk_remove:SW1:eth3:10+trunk_remove:SW1:eth3:20+trunk_remove:SW2:eth3:10+trunk_remove:SW2:eth3:20,1335,1336,0.9365875,-10.05,1,True,False,True,False,False,incorrect_declare_done,0.016225086525082588,1,0,0,0,0,0,0,0,3
142,2170,access_vlan:SW1:eth1:20+access_vlan:SW1:eth2:10+access_vlan:SW2:eth1:20+trunk_remove:SW1:eth3:10+trunk_remove:SW1:eth3:20+trunk_remove:SW2:eth3:10+trunk_remove:SW2:eth3:20,1336,1337,0.93654,-10.05,1,True,False,True,False,False,incorrect_declare_done,0.01676793023943901,1,0,0,0,0,0,0,0,3
143,2171,access_vlan:SW1:eth2:10+access_vlan:SW2:eth1:20+access_vlan:SW2:eth2:10+trunk_remove:SW1:eth3:10+trunk_remove:SW2:eth3:10+trunk_remove:SW2:eth3:20,1337,1356,0.9356375,-18.299999999999997,19,True,False,True,False,False,incorrect_declare_done,0.03334125557816342,19,15,1,0,6,3,6,0,3
144,2172,access_vlan:SW1:eth1:20+access_vlan:SW2:eth1:20+access_vlan:SW2:eth2:10+trunk_remove:SW1:eth3:10,1356,1358,0.9355425,-10.850000000000001,2,True,False,True,False,False,incorrect_declare_done,0.01407268550246954,2,1,0,0,1,1,1,0,3
145,2173,access_vlan:SW2:eth2:10+trunk_remove:SW1:eth3:10+trunk_remove:SW1:eth3:20,1358,1365,0.93521,-13.700000000000001,7,True,False,True,False,False,incorrect_declare_done,0.021068953376795565,7,4,1,0,4,4,4,0,4
146,2174,access_vlan:SW1:eth2:10+access_vlan:SW2:eth2:10+trunk_remove:SW1:eth3:20+trunk_remove:SW2:eth3:10,1365,1384,0.9343075,-20.3,19,True,False,True,False,False,incorrect_declare_done,0.04334066470006579,19,15,1,0,10,5,8,0,4
147,2175,access_vlan:SW1:eth2:10+trunk_remove:SW1:eth3:10+trunk_remove:SW1:eth3:20,1384,1388,0.9341175,-11.450000000000001,4,True,False,True,False,False,incorrect_declare_done,0.018327065277844667,4,3,0,0,1,1,1,0,3
148,2176,trunk_remove:SW1:eth3:10+trunk_remove:SW1:eth3:20+trunk_remove:SW2:eth3:10+trunk_remove:SW2:eth3:20,1388,1404,0.9333575,-14.45,16,True,False,True,False,False,incorrect_declare_done,0.02074003260349855,16,11,4,0,1,1,1,0,2
149,2177,access_vlan:SW1:eth2:10+access_vlan:SW2:eth2:10+trunk_remove:SW2:eth3:10,1404,1413,0.93293,-13.8,9,True,False,True,False,False,incorrect_declare_done,0.07096635270863771,9,7,1,0,3,2,3,0,2
150,2178,access_vlan:SW2:eth1:20+access_vlan:SW2:eth2:10+trunk_remove:SW2:eth3:20,1413,1434,0.9319325,-19.3,21,True,False,True,False,False,incorrect_declare_done,0.05067704573628448,21,15,5,0,8,5,6,0,4
151,2179,access_vlan:SW1:eth2:10+trunk_remove:SW1:eth3:10+trunk_remove:SW1:eth3:20+trunk_remove:SW2:eth3:10,1434,1439,0.9316949999999999,-12.25,5,True,False,True,False,False,incorrect_declare_done,0.019599078595638274,5,4,0,0,2,2,2,0,2
152,2180,access_vlan:SW1:eth1:20+access_vlan:SW1:eth2:10,1439,1463,0.930555,-21.700000000000003,24,True,False,True,False,False,incorrect_declare_done,0.045332034157278635,24,13,5,0,11,4,10,0,3
153,2181,trunk_remove:SW2:eth3:10,1463,1474,0.9300325,-16.25,11,True,False,True,False,False,incorrect_declare_done,0.017113309946249832,11,8,2,0,7,4,6,0,3
154,2182,access_vlan:SW1:eth1:20+access_vlan:SW1:eth2:10+access_vlan:SW2:eth1:20+trunk_remove:SW1:eth3:10+trunk_remove:SW1:eth3:20+trunk_remove:SW2:eth3:20,1474,1477,0.92989,-11.15,3,True,False,True,False,False,incorrect_declare_done,0.01624972342203061,3,2,0,0,1,1,1,0,3
155,2183,access_vlan:SW1:eth1:20+access_vlan:SW1:eth2:10+access_vlan:SW2:eth1:20+trunk_remove:SW1:eth3:10,1477,1484,0.9295575,-12.7,7,True,False,True,False,False,incorrect_declare_done,0.018528053936149393,7,5,1,0,2,2,2,0,2
156,2184,access_vlan:SW1:eth1:20+trunk_remove:SW1:eth3:10+trunk_remove:SW2:eth3:10,1484,1485,0.9295100000000001,-10.05,1,True,False,True,False,False,incorrect_declare_done,0.021029526367783546,1,0,0,0,0,0,0,0,3
157,2185,access_vlan:SW1:eth1:20+access_vlan:SW2:eth1:20+trunk_remove:SW1:eth3:10+trunk_remove:SW2:eth3:10+trunk_remove:SW2:eth3:20,1485,1504,0.9286075,-17.299999999999997,19,True,False,True,False,False,incorrect_declare_done,0.019905235716386846,19,16,1,0,4,2,4,0,3
158,2186,access_vlan:SW1:eth1:20+access_vlan:SW2:eth1:20+trunk_remove:SW2:eth3:10,1504,1519,0.927895,-17.25,15,True,False,True,False,False,incorrect_declare_done,0.03253486007452011,15,14,0,0,6,5,5,0,3
159,2187,access_vlan:SW1:eth1:20+trunk_remove:SW1:eth3:10,1519,1521,0.9278,-10.850000000000001,2,True,False,True,False,False,incorrect_declare_done,0.017191114835441113,2,1,0,0,1,1,1,0,3
160,2188,access_vlan:SW2:eth2:10+trunk_remove:SW2:eth3:10,1521,1546,0.9266125000000001,-22.500000000000007,25,True,False,True,False,False,incorrect_declare_done,0.01746257297694683,25,17,5,0,12,6,8,0,1
161,2189,access_vlan:SW2:eth1:20+access_vlan:SW2:eth2:10+trunk_remove:SW1:eth3:10+trunk_remove:SW2:eth3:10+trunk_remove:SW2:eth3:20,1546,1555,0.926185,-13.0,9,True,False,True,False,False,incorrect_declare_done,0.03885994530800316,9,5,3,0,2,2,2,0,4
162,2190,access_vlan:SW2:eth1:20+trunk_remove:SW1:eth3:20+trunk_remove:SW2:eth3:10,1555,1560,0.9259475,-13.100000000000001,5,True,False,True,False,False,incorrect_declare_done,0.01658017486333847,5,3,1,0,4,4,3,0,3
163,2191,access_vlan:SW1:eth1:20+access_vlan:SW1:eth2:10+access_vlan:SW2:eth1:20+trunk_remove:SW1:eth3:10+trunk_remove:SW2:eth3:20,1560,1578,0.9250925,-17.35,18,True,False,True,False,False,incorrect_declare_done,0.02792224132766326,18,15,2,0,5,3,5,0,3
164,2192,access_vlan:SW1:eth1:20+access_vlan:SW1:eth2:10+access_vlan:SW2:eth1:20+trunk_remove:SW1:eth3:10+trunk_remove:SW1:eth3:20+trunk_remove:SW2:eth3:20,1578,1604,0.9238575,-20.450000000000003,26,True,False,True,False,False,incorrect_declare_done,0.025949159207252357,26,21,4,0,7,5,6,0,3
165,2193,access_vlan:SW2:eth1:20+access_vlan:SW2:eth2:10+trunk_remove:SW1:eth3:10+trunk_remove:SW2:eth3:20,1604,1615,0.923335,-15.9,11,True,False,True,False,False,incorrect_declare_done,0.015173426913944158,11,8,1,0,6,4,5,0,4
166,2194,access_vlan:SW1:eth1:20+access_vlan:SW1:eth2:10+trunk_remove:SW1:eth3:10+trunk_remove:SW1:eth3:20+trunk_remove:SW2:eth3:10,1615,1621,0.92305,-12.55,6,True,False,True,False,False,incorrect_declare_done,0.0466621119218568,6,3,0,0,2,2,2,0,3
167,2195,access_vlan:SW1:eth1:20+access_vlan:SW2:eth2:10+trunk_remove:SW1:eth3:20,1621,1633,0.92248,-16.2,12,True,False,True,False,False,incorrect_declare_done,0.032846014092986785,12,9,1,0,6,4,6,0,3
168,2196,access_vlan:SW1:eth2:10+access_vlan:SW2:eth1:20+access_vlan:SW2:eth2:10+trunk_remove:SW1:eth3:20+trunk_remove:SW2:eth3:10+trunk_remove:SW2:eth3:20,1633,1638,0.9222425,-11.600000000000001,5,True,False,True,False,False,incorrect_declare_done,0.019820854440331458,5,3,1,0,1,1,1,0,2
169,2197,access_vlan:SW2:eth1:20+access_vlan:SW2:eth2:10+trunk_remove:SW2:eth3:10+trunk_remove:SW2:eth3:20,1638,1639,0.922195,-10.05,1,True,False,True,False,False,incorrect_declare_done,0.014729145914316177,1,0,0,0,0,0,0,0,2
170,2198,access_vlan:SW1:eth1:20+access_vlan:SW1:eth2:10+access_vlan:SW2:eth2:10+trunk_remove:SW1:eth3:10+trunk_remove:SW1:eth3:20+trunk_remove:SW2:eth3:10+trunk_remove:SW2:eth3:20,1639,1640,0.9221475,-10.05,1,True,False,True,False,False,incorrect_declare_done,0.014184494502842426,1,0,0,0,0,0,0,0,3
171,2199,access_vlan:SW2:eth2:10,1640,1663,0.921055,-23.550000000000004,23,True,False,True,False,False,incorrect_declare_done,0.015457775605761486,23,16,4,0,15,5,13,0,3
172,2200,access_vlan:SW1:eth1:20+access_vlan:SW1:eth2:10,1663,1666,0.9209125,-12.15,3,True,False,True,False,False,incorrect_declare_done,0.015222457392762104,3,2,0,0,3,3,2,0,4
173,2201,access_vlan:SW1:eth1:20+access_vlan:SW1:eth2:10+access_vlan:SW2:eth1:20+access_vlan:SW2:eth2:10+trunk_remove:SW1:eth3:10+trunk_remove:SW1:eth3:20+trunk_remove:SW2:eth3:10+trunk_remove:SW2:eth3:20,1666,1671,0.920675,-12.25,5,True,False,True,False,False,incorrect_declare_done,0.015224781259894371,5,3,0,0,2,1,2,0,2
174,2202,access_vlan:SW1:eth1:20+access_vlan:SW2:eth2:10+trunk_remove:SW1:eth3:20,1671,1694,0.9195825,-19.700000000000003,23,True,False,True,False,False,incorrect_declare_done,0.02294960188800874,23,17,3,0,7,6,6,0,2
175,2203,access_vlan:SW1:eth2:10+access_vlan:SW2:eth1:20+access_vlan:SW2:eth2:10+trunk_remove:SW1:eth3:10+trunk_remove:SW1:eth3:20+trunk_remove:SW2:eth3:10+trunk_remove:SW2:eth3:20,1694,1716,0.9185375,-17.6,22,True,False,True,False,False,incorrect_declare_done,0.02259047126228159,22,13,5,0,4,2,4,0,4
176,2204,access_vlan:SW1:eth1:20+access_vlan:SW1:eth2:10+access_vlan:SW2:eth1:20+access_vlan:SW2:eth2:10+trunk_remove:SW1:eth3:10+trunk_remove:SW1:eth3:20+trunk_remove:SW2:eth3:10+trunk_remove:SW2:eth3:20,1716,1718,0.9184425,-10.350000000000001,2,True,False,True,False,False,incorrect_declare_done,0.09691572468727827,2,1,0,0,0,0,0,0,2
177,2205,access_vlan:SW1:eth2:10+access_vlan:SW2:eth2:10+trunk_remove:SW1:eth3:10+trunk_remove:SW2:eth3:10+trunk_remove:SW2:eth3:20,1718,1735,0.917635,-15.100000000000001,17,True,False,True,False,False,incorrect_declare_done,0.02368533838649883,17,10,5,0,2,1,2,0,3
178,2206,access_vlan:SW1:eth1:20+access_vlan:SW2:eth1:20+access_vlan:SW2:eth2:10+trunk_remove:SW2:eth3:20,1735,1746,0.9171125,-16.1,11,True,False,True,False,False,incorrect_declare_done,0.031192028979686173,11,7,3,0,7,4,4,1,1
179,2207,access_vlan:SW1:eth2:10+access_vlan:SW2:eth1:20+trunk_remove:SW1:eth3:10+trunk_remove:SW2:eth3:20,1746,1750,0.9169225,-11.450000000000001,4,True,False,True,False,False,incorrect_declare_done,0.033557525370270014,4,3,0,0,1,1,1,0,4
180,2208,access_vlan:SW1:eth1:20+trunk_remove:SW2:eth3:10,1750,1757,0.91659,-15.200000000000001,7,True,False,True,False,False,incorrect_declare_done,0.01956460185881172,7,5,1,0,7,5,5,0,3
181,2209,access_vlan:SW2:eth1:20+access_vlan:SW2:eth2:10+trunk_remove:SW1:eth3:10+trunk_remove:SW1:eth3:20,1757,1767,0.916115,-13.45,10,True,False,True,False,False,incorrect_declare_done,0.014399194065481425,10,7,2,0,2,2,2,0,4
182,2210,access_vlan:SW1:eth1:20+access_vlan:SW1:eth2:10+access_vlan:SW2:eth1:20+trunk_remove:SW2:eth3:20,1767,1775,0.915735,-12.350000000000001,8,True,False,True,False,False,incorrect_declare_done,0.02016398124396801,8,4,2,0,1,1,1,0,1
183,2211,access_vlan:SW2:eth1:20+access_vlan:SW2:eth2:10+trunk_remove:SW1:eth3:10+trunk_remove:SW2:eth3:10+trunk_remove:SW2:eth3:20,1775,1777,0.91564,-10.350000000000001,2,True,False,True,False,False,incorrect_declare_done,0.021638994570821524,2,1,0,0,0,0,0,0,2
184,2212,access_vlan:SW1:eth1:20+access_vlan:SW1:eth2:10+access_vlan:SW2:eth2:10+trunk_remove:SW1:eth3:10+trunk_remove:SW2:eth3:10,1777,1792,0.9149275,-14.8,15,True,False,True,False,False,incorrect_declare_done,0.02542529475564758,15,11,3,0,2,1,2,0,2
185,2213,access_vlan:SW1:eth1:20+access_vlan:SW1:eth2:10+trunk_remove:SW1:eth3:10,1792,1803,0.914405,-14.75,11,True,False,True,False,False,incorrect_declare_done,0.018304833211004734,11,7,2,0,4,4,4,0,2
186,2214,access_vlan:SW1:eth1:20+access_vlan:SW1:eth2:10+access_vlan:SW2:eth2:10+trunk_remove:SW1:eth3:10+trunk_remove:SW1:eth3:20+trunk_remove:SW2:eth3:20,1803,1828,0.9132175,-19.3,25,True,False,True,False,False,incorrect_declare_done,0.027679037749767304,25,19,3,0,5,2,5,0,2
187,2215,access_vlan:SW1:eth1:20+access_vlan:SW1:eth2:10+access_vlan:SW2:eth2:10+trunk_remove:SW1:eth3:10+trunk_remove:SW2:eth3:10+trunk_remove:SW2:eth3:20,1828,1834,0.9129325,-12.4,6,True,False,True,False,False,incorrect_declare_done,0.01304129185155034,6,4,1,0,2,2,2,0,4
188,2216,access_vlan:SW1:eth1:20+access_vlan:SW2:eth2:10+trunk_remove:SW1:eth3:10+trunk_remove:SW2:eth3:20,1834,1837,0.91279,-10.65,3,True,False,True,False,False,incorrect_declare_done,0.016052040581901867,3,2,0,0,0,0,0,0,4
189,2217,access_vlan:SW1:eth2:10+access_vlan:SW2:eth1:20+access_vlan:SW2:eth2:10+trunk_remove:SW1:eth3:10+trunk_remove:SW2:eth3:10+trunk_remove:SW2:eth3:20,1837,1851,0.912125,-15.95,14,True,False,True,False,False,incorrect_declare_done,0.03563020498092685,14,11,0,0,4,4,4,0,3
190,2218,access_vlan:SW1:eth1:20+access_vlan:SW2:eth2:10+trunk_remove:SW1:eth3:10+trunk_remove:SW2:eth3:20,1851,1866,0.9114125,-18.8,15,True,False,True,False,False,incorrect_declare_done,0.023850169964134693,15,9,3,0,10,6,7,0,3
191,2219,access_vlan:SW2:eth1:20+access_vlan:SW2:eth2:10+trunk_remove:SW2:eth3:10,1866,1873,0.91108,-14.2,7,True,False,True,False,False,incorrect_declare_done,0.018295386540038244,7,4,1,0,5,3,4,0,4
192,2220,access_vlan:SW1:eth1:20+trunk_remove:SW2:eth3:10,1873,1897,0.90994,-22.650000000000006,24,True,False,True,False,False,incorrect_declare_done,0.022505545988678932,24,21,2,0,12,5,8,1,4
193,2221,access_vlan:SW1:eth1:20+access_vlan:SW1:eth2:10+access_vlan:SW2:eth1:20+access_vlan:SW2:eth2:10+trunk_remove:SW1:eth3:10+trunk_remove:SW1:eth3:20+trunk_remove:SW2:eth3:10,1897,1906,0.9095125,-13.0,9,True,False,True,False,False,incorrect_declare_done,0.013241832972400717,9,5,3,0,2,2,2,0,2
194,2222,trunk_remove:SW2:eth3:20,1906,1912,0.9092275,-12.4,6,True,False,True,False,False,incorrect_declare_done,0.018526004316906135,6,3,1,0,2,2,1,0,3
195,2223,access_vlan:SW1:eth1:20+access_vlan:SW1:eth2:10+access_vlan:SW2:eth2:10+trunk_remove:SW1:eth3:10,1912,1913,0.90918,-10.05,1,True,False,True,False,False,incorrect_declare_done,0.01797298714518547,1,0,0,0,0,0,0,0,3
196,2224,access_vlan:SW1:eth1:20+access_vlan:SW1:eth2:10+access_vlan:SW2:eth1:20+trunk_remove:SW1:eth3:10+trunk_remove:SW1:eth3:20+trunk_remove:SW2:eth3:20,1913,1922,0.9087525,-13.45,9,True,False,True,False,False,incorrect_declare_done,0.015401809890237119,9,7,0,0,2,2,2,0,4
197,2225,access_vlan:SW1:eth1:20+access_vlan:SW1:eth2:10+access_vlan:SW2:eth1:20+access_vlan:SW2:eth2:10+trunk_remove:SW2:eth3:20,1922,1938,0.9079925,-18.1,16,True,False,True,False,False,incorrect_declare_done,0.013441414048429579,16,11,3,0,8,4,5,0,2
198,2226,access_vlan:SW1:eth1:20+trunk_remove:SW2:eth3:10+trunk_remove:SW2:eth3:20,1938,1942,0.9078025000000001,-10.950000000000001,4,True,False,True,False,False,incorrect_declare_done,0.044567523058503866,4,2,0,0,0,0,0,0,2
199,2227,access_vlan:SW1:eth1:20+access_vlan:SW1:eth2:10+trunk_remove:SW1:eth3:10+trunk_remove:SW1:eth3:20+trunk_remove:SW2:eth3:20,1942,1954,0.9072325,-15.25,12,True,False,True,False,False,incorrect_declare_done,0.022458789482091863,12,7,4,0,5,3,5,0,3
200,2228,trunk_remove:SW1:eth3:20+trunk_remove:SW2:eth3:10,1954,1967,0.906615,-14.700000000000001,13,True,False,True,False,False,incorrect_declare_done,0.01546159221862371,13,9,3,0,3,2,3,0,4
201,2229,access_vlan:SW1:eth2:10+access_vlan:SW2:eth2:10+trunk_remove:SW1:eth3:10+trunk_remove:SW2:eth3:10,1967,1971,0.906425,-10.8,4,True,False,True,False,False,incorrect_declare_done,0.014332874212414026,4,2,1,0,0,0,0,0,4
202,2230,access_vlan:SW1:eth1:20+trunk_remove:SW1:eth3:10,1971,1976,0.9061875,-12.100000000000001,5,True,False,True,False,False,incorrect_declare_done,0.01734925899654627,5,3,1,0,2,2,2,0,4
203,2231,access_vlan:SW1:eth1:20+access_vlan:SW1:eth2:10+access_vlan:SW2:eth1:20+access_vlan:SW2:eth2:10,1976,1982,0.9059025,-12.9,6,True,False,True,False,False,incorrect_declare_done,0.03344286512583494,6,4,1,0,3,3,3,1,3
204,2232,access_vlan:SW1:eth1:20+access_vlan:SW2:eth1:20+access_vlan:SW2:eth2:10+trunk_remove:SW1:eth3:10+trunk_remove:SW2:eth3:20,1982,1988,0.9056175,-11.75,6,True,False,True,False,False,incorrect_declare_done,0.013563672546297312,6,3,2,0,1,1,1,0,3
205,2233,access_vlan:SW2:eth2:10+trunk_remove:SW2:eth3:20,1988,2002,0.9049525,-18.65,14,True,False,True,False,False,incorrect_declare_done,0.01317249022291175,14,11,2,0,10,6,7,0,4
206,2234,access_vlan:SW1:eth1:20+trunk_remove:SW1:eth3:10+trunk_remove:SW1:eth3:20+trunk_remove:SW2:eth3:10,2002,2021,0.90405,-17.65,19,True,False,True,False,False,incorrect_declare_done,0.027442893699595804,19,14,2,0,5,2,5,0,3
207,2235,trunk_remove:SW1:eth3:20+trunk_remove:SW2:eth3:10+trunk_remove:SW2:eth3:20,2021,2025,0.90386,-11.450000000000001,4,True,False,True,False,False,incorrect_declare_done,0.012941519962623715,4,3,0,0,1,1,1,0,3
208,2236,access_vlan:SW1:eth1:20,2025,2029,0.90367,-12.450000000000001,4,True,False,True,False,False,incorrect_declare_done,0.03613030049018562,4,3,0,0,3,3,2,0,3
209,2237,access_vlan:SW2:eth1:20+access_vlan:SW2:eth2:10+trunk_remove:SW1:eth3:10+trunk_remove:SW2:eth3:20,2029,2036,0.9033375,-12.850000000000001,7,True,False,True,False,False,incorrect_declare_done,0.013675655903560775,7,6,0,0,2,2,2,0,4
210,2238,access_vlan:SW1:eth2:10+access_vlan:SW2:eth2:10+trunk_remove:SW1:eth3:10+trunk_remove:SW1:eth3:20+trunk_remove:SW2:eth3:10+trunk_remove:SW2:eth3:20,2036,2038,0.9032425,-10.200000000000001,2,True,False,True,False,False,incorrect_declare_done,0.014656150713562965,2,0,1,0,0,0,0,0,4
211,2239,access_vlan:SW1:eth1:20+access_vlan:SW2:eth2:10+trunk_remove:SW1:eth3:10+trunk_remove:SW1:eth3:20+trunk_remove:SW2:eth3:10,2038,2068,0.9018175,-9.4,30,True,False,False,True,False,step_limit,0.015775901669015487,30,24,4,0,2,2,2,0,3
212,2240,access_vlan:SW1:eth1:20+access_vlan:SW2:eth1:20+trunk_remove:SW1:eth3:10+trunk_remove:SW1:eth3:20+trunk_remove:SW2:eth3:20,2068,2098,0.9003925,-15.050000000000006,30,True,False,False,True,False,step_limit,0.017660489631816746,30,24,3,0,13,6,12,0,2
213,2241,access_vlan:SW1:eth1:20+access_vlan:SW2:eth1:20+access_vlan:SW2:eth2:10+trunk_remove:SW1:eth3:20+trunk_remove:SW2:eth3:10,2098,2108,0.8999175,-12.95,10,True,False,True,False,False,incorrect_declare_done,0.02013565516099334,10,6,2,0,1,1,1,0,1
214,2242,access_vlan:SW1:eth1:20+access_vlan:SW2:eth1:20+access_vlan:SW2:eth2:10+trunk_remove:SW2:eth3:10,2108,2129,0.89892,-19.450000000000003,21,True,False,True,False,False,incorrect_declare_done,0.017149731295094603,21,16,4,0,8,5,6,0,2
215,2243,access_vlan:SW1:eth1:20+access_vlan:SW1:eth2:10+access_vlan:SW2:eth1:20+access_vlan:SW2:eth2:10+trunk_remove:SW1:eth3:10+trunk_remove:SW1:eth3:20+trunk_remove:SW2:eth3:10+trunk_remove:SW2:eth3:20,2129,2157,0.89759,-21.550000000000004,28,True,False,True,False,False,incorrect_declare_done,0.013540125152628337,28,21,4,0,8,5,8,0,2
216,2244,access_vlan:SW1:eth1:20+access_vlan:SW1:eth2:10+access_vlan:SW2:eth2:10+trunk_remove:SW1:eth3:10+trunk_remove:SW1:eth3:20,2157,2162,0.8973525,-11.75,5,True,False,True,False,False,incorrect_declare_done,0.020887270197272302,5,4,0,0,1,1,1,0,4
217,2245,access_vlan:SW1:eth2:10+access_vlan:SW2:eth1:20+access_vlan:SW2:eth2:10+trunk_remove:SW2:eth3:20,2162,2177,0.89664,-16.6,15,True,False,True,False,False,incorrect_declare_done,0.012423728530605634,15,12,1,0,5,3,5,0,4
218,2246,access_vlan:SW1:eth1:20+access_vlan:SW1:eth2:10+access_vlan:SW2:eth1:20+access_vlan:SW2:eth2:10+trunk_remove:SW1:eth3:10+trunk_remove:SW1:eth3:20+trunk_remove:SW2:eth3:10+trunk_remove:SW2:eth3:20,2177,2184,0.8963075,-11.55,7,True,False,True,False,False,incorrect_declare_done,0.013589316712958472,7,4,2,0,0,0,0,0,2
219,2247,access_vlan:SW1:eth1:20+access_vlan:SW1:eth2:10+access_vlan:SW2:eth1:20+access_vlan:SW2:eth2:10+trunk_remove:SW1:eth3:10+trunk_remove:SW1:eth3:20+trunk_remove:SW2:eth3:10+trunk_remove:SW2:eth3:20,2184,2192,0.8959275,-12.850000000000001,8,True,False,True,False,False,incorrect_declare_done,0.01208488643169403,8,5,2,0,2,2,2,0,3
220,2248,access_vlan:SW1:eth1:20+access_vlan:SW1:eth2:10+access_vlan:SW2:eth2:10+trunk_remove:SW1:eth3:20+trunk_remove:SW2:eth3:10,2192,2195,0.895785,-11.0,3,True,False,True,False,False,incorrect_declare_done,0.01152461146314939,3,1,1,0,1,1,1,0,3
221,2249,access_vlan:SW1:eth1:20+access_vlan:SW1:eth2:10+access_vlan:SW2:eth2:10+trunk_remove:SW1:eth3:20+trunk_remove:SW2:eth3:20,2195,2202,0.8954525,-12.700000000000001,7,True,False,True,False,False,incorrect_declare_done,0.012103115740631307,7,5,1,0,2,2,2,0,4
222,2250,access_vlan:SW1:eth1:20+access_vlan:SW2:eth1:20+trunk_remove:SW1:eth3:20+trunk_remove:SW2:eth3:10,2202,2208,0.8951675,-12.05,6,True,False,True,False,False,incorrect_declare_done,0.01109864586032927,6,5,0,0,1,1,1,0,3
223,2251,access_vlan:SW1:eth1:20+access_vlan:SW2:eth2:10+trunk_remove:SW1:eth3:20+trunk_remove:SW2:eth3:10+trunk_remove:SW2:eth3:20,2208,2236,0.8938375000000001,-20.900000000000006,28,True,False,True,False,False,incorrect_declare_done,0.013814310992269643,28,19,5,0,7,4,7,0,1
224,2252,trunk_remove:SW2:eth3:10,2236,2260,0.8926975,-22.150000000000006,24,True,False,True,False,False,incorrect_declare_done,0.014282300622047236,24,18,2,0,11,4,9,0,3
225,2253,access_vlan:SW1:eth1:20+access_vlan:SW2:eth1:20+trunk_remove:SW1:eth3:10+trunk_remove:SW1:eth3:20+trunk_remove:SW2:eth3:10+trunk_remove:SW2:eth3:20,2260,2275,0.891985,-14.6,15,True,False,True,False,False,incorrect_declare_done,0.013909443809340397,15,10,1,0,1,1,1,0,3
226,2254,access_vlan:SW1:eth1:20+trunk_remove:SW1:eth3:10+trunk_remove:SW2:eth3:10+trunk_remove:SW2:eth3:20,2275,2296,0.8909875,-22.150000000000002,21,True,False,True,False,False,incorrect_declare_done,0.012694106614660649,21,12,6,0,14,6,8,2,4
227,2255,access_vlan:SW2:eth1:20+access_vlan:SW2:eth2:10+trunk_remove:SW2:eth3:20,2296,2309,0.89037,-17.65,13,True,False,True,False,False,incorrect_declare_done,0.010431398673412891,13,12,0,0,8,6,6,1,3
228,2256,access_vlan:SW1:eth1:20+access_vlan:SW2:eth1:20+access_vlan:SW2:eth2:10+trunk_remove:SW1:eth3:10+trunk_remove:SW2:eth3:10+trunk_remove:SW2:eth3:20,2309,2315,0.890085,-11.75,6,True,False,True,False,False,incorrect_declare_done,0.014016879722476006,6,3,2,0,1,1,1,0,3
229,2257,access_vlan:SW1:eth1:20+access_vlan:SW2:eth1:20+access_vlan:SW2:eth2:10+trunk_remove:SW2:eth3:20,2315,2320,0.8898475,-11.75,5,True,False,True,False,False,incorrect_declare_done,0.011247416120022535,5,4,0,0,1,1,1,0,3
230,2258,access_vlan:SW1:eth1:20+access_vlan:SW1:eth2:10+access_vlan:SW2:eth2:10+trunk_remove:SW1:eth3:10+trunk_remove:SW2:eth3:10,2320,2323,0.889705,-11.15,3,True,False,True,False,False,incorrect_declare_done,0.009833332461615404,3,2,0,0,1,1,1,0,3
231,2259,access_vlan:SW1:eth1:20+access_vlan:SW2:eth1:20+access_vlan:SW2:eth2:10+trunk_remove:SW1:eth3:20,2323,2344,0.8887075,-17.45,21,True,False,True,False,False,incorrect_declare_done,0.015261539435457615,21,16,4,0,4,3,4,0,2
232,2260,access_vlan:SW2:eth1:20+access_vlan:SW2:eth2:10+trunk_remove:SW1:eth3:10+trunk_remove:SW1:eth3:20+trunk_remove:SW2:eth3:10+trunk_remove:SW2:eth3:20,2344,2353,0.88828,-14.65,9,True,False,True,False,False,incorrect_declare_done,0.014981733945508799,9,6,2,0,5,4,4,0,4
233,2261,access_vlan:SW1:eth1:20+access_vlan:SW1:eth2:10+access_vlan:SW2:eth2:10+trunk_remove:SW1:eth3:10+trunk_remove:SW2:eth3:20,2353,2359,0.887995,-12.05,6,True,False,True,False,False,incorrect_declare_done,0.01831567334011197,6,5,0,0,1,1,1,0,4
234,2262,access_vlan:SW1:eth1:20+access_vlan:SW1:eth2:10+access_vlan:SW2:eth1:20+access_vlan:SW2:eth2:10+trunk_remove:SW1:eth3:10+trunk_remove:SW2:eth3:10+trunk_remove:SW2:eth3:20,2359,2375,0.887235,-17.75,16,True,False,True,False,False,incorrect_declare_done,0.013249141542473808,16,8,2,0,7,4,6,0,4
235,2263,access_vlan:SW1:eth2:10+access_vlan:SW2:eth1:20+access_vlan:SW2:eth2:10+trunk_remove:SW1:eth3:20+trunk_remove:SW2:eth3:10+trunk_remove:SW2:eth3:20,2375,2376,0.8871875,-10.05,1,True,False,True,False,False,incorrect_declare_done,0.011219273321330547,1,0,0,0,0,0,0,0,3
236,2264,access_vlan:SW1:eth2:10+trunk_remove:SW2:eth3:10,2376,2394,0.8863325,-18.4,18,True,False,True,False,False,incorrect_declare_done,0.015035566149486436,18,9,5,0,8,5,6,0,3
237,2265,access_vlan:SW2:eth1:20+access_vlan:SW2:eth2:10+trunk_remove:SW1:eth3:10+trunk_remove:SW2:eth3:10,2394,2404,0.8858575,-14.8,10,True,False,True,False,False,incorrect_declare_done,0.010581720434129239,10,6,3,0,5,4,4,0,3
238,2266,access_vlan:SW1:eth1:20+access_vlan:SW1:eth2:10+trunk_remove:SW1:eth3:10+trunk_remove:SW1:eth3:20+trunk_remove:SW2:eth3:20,2404,2422,0.8850025,-17.55,18,True,False,True,False,False,incorrect_declare_done,0.011265932892759642,18,11,4,0,6,3,6,0,4
239,2267,access_vlan:SW1:eth2:10+access_vlan:SW2:eth2:10+trunk_remove:SW1:eth3:10+trunk_remove:SW1:eth3:20+trunk_remove:SW2:eth3:20,2422,2428,0.8847175,-11.75,6,True,False,True,False,False,incorrect_declare_done,0.010787205615391334,6,2,2,0,1,1,1,0,3
240,2268,access_vlan:SW1:eth1:20+access_vlan:SW2:eth2:10+trunk_remove:SW1:eth3:10+trunk_remove:SW1:eth3:20,2428,2453,0.88353,-24.000000000000007,25,True,False,True,False,False,incorrect_declare_done,0.012882776334881782,25,16,5,0,15,6,10,1,3
241,2269,access_vlan:SW1:eth2:10+access_vlan:SW2:eth1:20+trunk_remove:SW1:eth3:10,2453,2467,0.882865,-16.5,14,True,False,True,False,False,incorrect_declare_done,0.011443399025925569,14,8,3,0,6,3,5,0,3
242,2270,access_vlan:SW1:eth1:20+access_vlan:SW1:eth2:10+access_vlan:SW2:eth1:20+access_vlan:SW2:eth2:10+trunk_remove:SW1:eth3:10+trunk_remove:SW2:eth3:10+trunk_remove:SW2:eth3:20,2467,2472,0.8826275,-11.600000000000001,5,True,False,True,False,False,incorrect_declare_done,0.015501003991812468,5,2,1,0,1,1,1,0,2
243,2271,access_vlan:SW1:eth2:10+access_vlan:SW2:eth2:10+trunk_remove:SW1:eth3:10+trunk_remove:SW1:eth3:20+trunk_remove:SW2:eth3:10+trunk_remove:SW2:eth3:20,2472,2483,0.882105,-14.4,11,True,False,True,False,False,incorrect_declare_done,0.013751123608513311,11,8,1,0,3,2,3,0,4
244,2272,access_vlan:SW1:eth1:20+access_vlan:SW1:eth2:10+access_vlan:SW2:eth1:20+trunk_remove:SW2:eth3:10+trunk_remove:SW2:eth3:20,2483,2493,0.88163,-14.100000000000001,10,True,False,True,False,False,incorrect_declare_done,0.011544535122811794,10,7,1,0,3,3,3,0,2
245,2273,access_vlan:SW1:eth1:20+access_vlan:SW2:eth1:20+trunk_remove:SW1:eth3:10+trunk_remove:SW1:eth3:20,2493,2512,0.8807275,-18.35,19,True,False,True,False,False,incorrect_declare_done,0.022748995866430432,19,13,4,0,7,4,6,0,3
246,2274,access_vlan:SW2:eth1:20+access_vlan:SW2:eth2:10+trunk_remove:SW1:eth3:10+trunk_remove:SW1:eth3:20+trunk_remove:SW2:eth3:10+trunk_remove:SW2:eth3:20,2512,2518,0.8804425,-12.05,6,True,False,True,False,False,incorrect_declare_done,0.01611409243196249,6,5,0,0,1,1,1,0,2
247,2275,trunk_remove:SW1:eth3:10,2518,2520,0.8803475000000001,-10.850000000000001,2,True,False,True,False,False,incorrect_declare_done,0.010563844814896584,2,1,0,0,1,1,1,0,2
248,2276,access_vlan:SW1:eth2:10+access_vlan:SW2:eth1:20+access_vlan:SW2:eth2:10+trunk_remove:SW2:eth3:20,2520,2525,0.88011,-11.950000000000001,5,True,False,True,False,False,incorrect_declare_done,0.010104385763406753,5,2,2,0,2,2,1,0,3
249,2277,access_vlan:SW1:eth1:20+access_vlan:SW2:eth2:10+trunk_remove:SW1:eth3:20,2525,2530,0.8798725000000001,-12.450000000000001,5,True,False,True,False,False,incorrect_declare_done,0.010989071056246757,5,2,2,0,3,3,2,0,4
250,2278,trunk_remove:SW2:eth3:10,2530,2560,0.8784475,-12.450000000000006,30,True,False,False,True,False,step_limit,0.012290991703048348,30,22,7,0,9,6,8,1,1
251,2279,access_vlan:SW1:eth2:10+access_vlan:SW2:eth1:20+trunk_remove:SW1:eth3:10+trunk_remove:SW2:eth3:20,2560,2568,0.8780675,-11.850000000000001,8,True,False,True,False,False,incorrect_declare_done,0.03179472964257002,8,5,2,0,0,0,0,0,4
252,2280,access_vlan:SW1:eth1:20+access_vlan:SW1:eth2:10+access_vlan:SW2:eth1:20,2568,2580,0.8774975,-16.35,12,True,False,True,False,False,incorrect_declare_done,0.011801177247737845,12,11,0,0,6,4,6,0,4
253,2281,access_vlan:SW1:eth2:10+access_vlan:SW2:eth1:20+access_vlan:SW2:eth2:10+trunk_remove:SW2:eth3:20,2580,2586,0.8772125,-12.25,6,True,False,True,False,False,incorrect_declare_done,0.010883911202351252,6,3,2,0,2,2,2,0,4
254,2282,access_vlan:SW2:eth1:20+access_vlan:SW2:eth2:10+trunk_remove:SW1:eth3:10+trunk_remove:SW2:eth3:10,2586,2590,0.8770225,-11.8,4,True,False,True,False,False,incorrect_declare_done,0.01004138751886785,4,2,1,0,2,2,2,0,3
255,2283,access_vlan:SW1:eth1:20+access_vlan:SW2:eth1:20+access_vlan:SW2:eth2:10+trunk_remove:SW1:eth3:20+trunk_remove:SW2:eth3:20,2590,2605,0.87631,-15.45,15,True,False,True,False,False,incorrect_declare_done,0.03457777611911297,15,12,2,0,3,2,3,0,2
256,2284,access_vlan:SW1:eth1:20+access_vlan:SW1:eth2:10+access_vlan:SW2:eth1:20+access_vlan:SW2:eth2:10+trunk_remove:SW1:eth3:10+trunk_remove:SW1:eth3:20+trunk_remove:SW2:eth3:10+trunk_remove:SW2:eth3:20,2605,2635,0.874885,-15.250000000000009,30,True,False,False,True,False,step_limit,0.02358115720562637,30,24,5,0,14,5,13,0,4
257,2285,access_vlan:SW1:eth2:10+trunk_remove:SW1:eth3:10+trunk_remove:SW2:eth3:10+trunk_remove:SW2:eth3:20,2635,2647,0.874315,-14.750000000000002,12,True,False,True,False,False,incorrect_declare_done,0.013066925341263413,12,7,4,0,4,4,3,0,1
258,2286,access_vlan:SW1:eth2:10+access_vlan:SW2:eth1:20+access_vlan:SW2:eth2:10+trunk_remove:SW2:eth3:20,2647,2677,0.8728899999999999,-15.500000000000005,30,True,False,False,True,False,step_limit,0.0371477529561768,30,17,10,0,16,6,11,0,3
259,2287,access_vlan:SW1:eth2:10+access_vlan:SW2:eth2:10+trunk_remove:SW1:eth3:10+trunk_remove:SW1:eth3:20+trunk_remove:SW2:eth3:20,2677,2707,0.8714649999999999,-10.000000000000004,30,True,False,False,True,False,step_limit,0.02687795888632536,30,17,10,0,5,4,5,0,3
260,2288,access_vlan:SW1:eth1:20+trunk_remove:SW2:eth3:20,2707,2711,0.871275,-12.3,4,True,False,True,False,False,incorrect_declare_done,0.05418969294987619,4,2,1,0,3,3,2,0,4
261,2289,trunk_remove:SW1:eth3:10+trunk_remove:SW1:eth3:20+trunk_remove:SW2:eth3:10,2711,2720,0.8708475,-13.5,9,True,False,True,False,False,incorrect_declare_done,0.02127135182834334,9,4,3,0,3,2,3,0,3
262,2290,trunk_remove:SW1:eth3:10+trunk_remove:SW2:eth3:20,2720,2727,0.870515,-11.4,7,True,False,True,False,False,incorrect_declare_done,0.016712503906871592,7,2,3,0,0,0,0,0,2
263,2291,access_vlan:SW1:eth1:20+access_vlan:SW1:eth2:10+trunk_remove:SW1:eth3:10,2727,2757,0.86909,-28.300000000000008,30,True,False,True,False,False,incorrect_declare_done,0.029184320848435162,30,24,3,0,20,6,15,0,4
264,2292,access_vlan:SW1:eth2:10+trunk_remove:SW1:eth3:10,2757,2761,0.8689,-11.3,4,True,False,True,False,False,incorrect_declare_done,0.01255600294098258,4,2,1,0,1,1,1,0,3
265,2293,access_vlan:SW2:eth1:20+access_vlan:SW2:eth2:10+trunk_remove:SW1:eth3:10+trunk_remove:SW1:eth3:20+trunk_remove:SW2:eth3:20,2761,2781,0.86795,-16.65,20,True,False,True,False,False,incorrect_declare_done,0.018864420428872108,20,11,4,0,3,3,3,0,3
266,2294,access_vlan:SW2:eth2:10+trunk_remove:SW1:eth3:20,2781,2783,0.867855,-10.850000000000001,2,True,False,True,False,False,incorrect_declare_done,0.010807534214109182,2,1,0,0,1,1,1,0,3
267,2295,access_vlan:SW1:eth1:20+trunk_remove:SW1:eth3:10+trunk_remove:SW1:eth3:20,2783,2793,0.86738,-12.450000000000001,10,True,False,True,False,False,incorrect_declare_done,0.010449739079922438,10,7,2,0,0,0,0,0,2
268,2296,access_vlan:SW1:eth2:10+trunk_remove:SW1:eth3:10+trunk_remove:SW2:eth3:10+trunk_remove:SW2:eth3:20,2793,2798,0.8671425,-11.600000000000001,5,True,False,True,False,False,incorrect_declare_done,0.012333641201257706,5,3,1,0,1,1,1,0,3
269,2297,access_vlan:SW1:eth1:20+access_vlan:SW1:eth2:10+trunk_remove:SW1:eth3:10+trunk_remove:SW1:eth3:20+trunk_remove:SW2:eth3:20,2798,2828,0.8657175,-14.850000000000009,30,True,False,False,True,False,step_limit,0.023552190869425733,30,23,1,0,12,4,12,0,3
270,2298,access_vlan:SW1:eth1:20+access_vlan:SW2:eth1:20+trunk_remove:SW1:eth3:20+trunk_remove:SW2:eth3:20,2828,2829,0.8656699999999999,-10.05,1,True,False,True,False,False,incorrect_declare_done,0.008737885393202305,1,0,0,0,0,0,0,0,4
271,2299,access_vlan:SW1:eth1:20+access_vlan:SW2:eth1:20+access_vlan:SW2:eth2:10+trunk_remove:SW1:eth3:10+trunk_remove:SW1:eth3:20+trunk_remove:SW2:eth3:10+trunk_remove:SW2:eth3:20,2829,2840,0.8651475,-13.3,11,True,False,True,False,False,incorrect_declare_done,0.01589968910610134,11,5,5,0,2,2,2,0,3
272,2300,access_vlan:SW1:eth2:10+access_vlan:SW2:eth1:20+access_vlan:SW2:eth2:10+trunk_remove:SW1:eth3:10+trunk_remove:SW1:eth3:20+trunk_remove:SW2:eth3:10,2840,2847,0.864815,-12.850000000000001,7,True,False,True,False,False,incorrect_declare_done,0.03511571983939835,7,6,0,0,2,2,2,0,4
273,2301,access_vlan:SW1:eth2:10+trunk_remove:SW1:eth3:10+trunk_remove:SW1:eth3:20+trunk_remove:SW2:eth3:10,2847,2862,0.8641025,-16.95,15,True,False,True,False,False,incorrect_declare_done,0.011389272846281528,15,11,2,0,6,6,4,0,2
274,2302,access_vlan:SW1:eth1:20+access_vlan:SW1:eth2:10+trunk_remove:SW1:eth3:20,2862,2865,0.8639600000000001,-10.350000000000001,3,True,False,True,False,False,incorrect_declare_done,0.012893196195363998,3,0,2,0,0,0,0,0,3
275,2303,access_vlan:SW2:eth2:10+trunk_remove:SW1:eth3:10+trunk_remove:SW2:eth3:10+trunk_remove:SW2:eth3:20,2865,2877,0.86339,-15.7,12,True,False,True,False,False,incorrect_declare_done,0.014269907920000454,12,9,1,0,5,3,5,0,3
276,2304,access_vlan:SW2:eth1:20+trunk_remove:SW1:eth3:10+trunk_remove:SW1:eth3:20,2877,2888,0.8628675,-14.600000000000001,11,True,False,True,False,False,incorrect_declare_done,0.011818793432956392,11,7,3,0,4,4,4,0,3
277,2305,access_vlan:SW2:eth1:20+trunk_remove:SW2:eth3:20,2888,2890,0.8627724999999999,-10.350000000000001,2,True,False,True,False,False,incorrect_declare_done,0.008931240998208523,2,1,0,0,0,0,0,0,1
278,2306,access_vlan:SW1:eth1:20+access_vlan:SW2:eth1:20,2890,2894,0.8625825,-11.15,4,True,False,True,False,False,incorrect_declare_done,0.013209346099756658,4,1,2,0,1,1,1,0,3
279,2307,access_vlan:SW1:eth1:20+access_vlan:SW1:eth2:10+access_vlan:SW2:eth2:10+trunk_remove:SW1:eth3:20+trunk_remove:SW2:eth3:20,2894,2905,0.86206,-15.9,11,True,False,True,False,False,incorrect_declare_done,0.02443121424452825,11,8,1,0,6,3,4,0,4
280,2308,trunk_remove:SW1:eth3:10+trunk_remove:SW1:eth3:20+trunk_remove:SW2:eth3:20,2905,2906,0.8620125000000001,-10.05,1,True,False,True,False,False,incorrect_declare_done,0.010293579660356045,1,0,0,0,0,0,0,0,2
281,2309,access_vlan:SW1:eth2:10+access_vlan:SW2:eth1:20+trunk_remove:SW1:eth3:20+trunk_remove:SW2:eth3:10+trunk_remove:SW2:eth3:20,2906,2912,0.8617275,-11.4,6,True,False,True,False,False,incorrect_declare_done,0.010105013381689787,6,3,1,0,0,0,0,0,3
282,2310,access_vlan:SW1:eth1:20+trunk_remove:SW1:eth3:20+trunk_remove:SW2:eth3:20,2912,2913,0.86168,-10.05,1,True,False,True,False,False,incorrect_declare_done,0.01151028461754322,1,0,0,0,0,0,0,0,3
283,2311,access_vlan:SW1:eth1:20+access_vlan:SW2:eth2:10+trunk_remove:SW1:eth3:20+trunk_remove:SW2:eth3:10+trunk_remove:SW2:eth3:20,2913,2926,0.8610625000000001,-14.35,13,True,False,True,False,False,incorrect_declare_done,0.02154877309042674,13,9,2,0,2,2,2,0,4
284,2312,access_vlan:SW1:eth1:20+access_vlan:SW2:eth1:20+trunk_remove:SW1:eth3:10+trunk_remove:SW1:eth3:20+trunk_remove:SW2:eth3:20,2926,2940,0.8603975,-14.649999999999999,14,True,False,True,False,False,incorrect_declare_done,0.012380047202376383,14,11,2,0,2,2,2,0,4
285,2313,access_vlan:SW1:eth2:10+access_vlan:SW2:eth1:20+access_vlan:SW2:eth2:10+trunk_remove:SW1:eth3:10+trunk_remove:SW1:eth3:20+trunk_remove:SW2:eth3:10+trunk_remove:SW2:eth3:20,2940,2962,0.8593525,-19.05,22,True,False,True,False,False,incorrect_declare_done,0.024744390573521905,22,17,2,0,6,3,6,0,3
286,2314,access_vlan:SW2:eth1:20+access_vlan:SW2:eth2:10+trunk_remove:SW1:eth3:10+trunk_remove:SW2:eth3:20,2962,2992,0.8579275,-16.900000000000006,30,True,False,False,True,False,step_limit,0.02279676382119457,30,23,4,0,17,6,15,0,4
287,2315,access_vlan:SW1:eth2:10+trunk_remove:SW1:eth3:10+trunk_remove:SW2:eth3:10+trunk_remove:SW2:eth3:20,2992,2997,0.8576900000000001,-13.25,5,True,False,True,False,False,incorrect_declare_done,0.04085876699537039,5,4,0,0,4,4,3,0,4
288,2316,access_vlan:SW2:eth1:20+access_vlan:SW2:eth2:10+trunk_remove:SW1:eth3:20+trunk_remove:SW2:eth3:20,2997,3026,0.8563125,-20.950000000000003,29,True,False,True,False,False,incorrect_declare_done,0.030891945344749195,29,15,10,0,8,3,8,0,4
289,2317,access_vlan:SW2:eth2:10+trunk_remove:SW2:eth3:20,3026,3033,0.85598,-12.700000000000001,7,True,False,True,False,False,incorrect_declare_done,0.04026507133884089,7,5,1,0,2,2,2,0,3
290,2318,access_vlan:SW1:eth1:20+access_vlan:SW2:eth1:20+trunk_remove:SW1:eth3:20+trunk_remove:SW2:eth3:10,3033,3035,0.855885,-11.350000000000001,2,True,False,True,False,False,incorrect_declare_done,0.013816678896546364,2,1,0,0,2,2,1,0,4
291,2319,access_vlan:SW1:eth1:20+access_vlan:SW1:eth2:10+access_vlan:SW2:eth1:20+trunk_remove:SW1:eth3:10+trunk_remove:SW2:eth3:10,3035,3051,0.855125,-15.6,16,True,False,True,False,False,incorrect_declare_done,0.027711215952876955,16,11,3,0,3,3,3,0,4
292,2320,access_vlan:SW1:eth1:20+access_vlan:SW1:eth2:10+access_vlan:SW2:eth2:10+trunk_remove:SW1:eth3:20,3051,3053,0.85503,-10.350000000000001,2,True,False,True,False,False,incorrect_declare_done,0.018949451856315136,2,1,0,0,0,0,0,0,1
293,2321,access_vlan:SW1:eth1:20+trunk_remove:SW1:eth3:20+trunk_remove:SW2:eth3:10+trunk_remove:SW2:eth3:20,3053,3082,0.8536525,-21.400000000000006,29,True,False,True,False,False,incorrect_declare_done,0.01949573028832674,29,18,7,0,8,5,8,0,3
294,2322,access_vlan:SW2:eth2:10+trunk_remove:SW1:eth3:10+trunk_remove:SW2:eth3:20,3082,3083,0.8536050000000001,-10.05,1,True,False,True,False,False,incorrect_declare_done,0.012158944271504879,1,0,0,0,0,0,0,0,3
295,2323,access_vlan:SW1:eth2:10+access_vlan:SW2:eth1:20+trunk_remove:SW1:eth3:10+trunk_remove:SW1:eth3:20,3083,3113,0.85218,-11.350000000000003,30,True,False,False,True,False,step_limit,0.0201518040150404,30,18,11,0,8,5,8,0,3
296,2324,access_vlan:SW1:eth1:20+access_vlan:SW1:eth2:10+trunk_remove:SW1:eth3:20+trunk_remove:SW2:eth3:20,3113,3123,0.851705,-13.75,10,True,False,True,False,False,incorrect_declare_done,0.02024312801659107,10,8,0,0,2,2,2,0,3
297,2325,access_vlan:SW1:eth1:20+trunk_remove:SW1:eth3:10,3123,3125,0.85161,-10.850000000000001,2,True,False,True,False,False,incorrect_declare_done,0.012833601329475641,2,1,0,0,1,1,1,0,3
298,2326,access_vlan:SW1:eth1:20+access_vlan:SW1:eth2:10+access_vlan:SW2:eth1:20+trunk_remove:SW1:eth3:10+trunk_remove:SW1:eth3:20+trunk_remove:SW2:eth3:20,3125,3137,0.85104,-14.7,12,True,False,True,False,False,incorrect_declare_done,0.013011559223135313,12,7,1,0,3,2,3,0,2
299,2327,access_vlan:SW1:eth2:10+access_vlan:SW2:eth1:20+trunk_remove:SW1:eth3:10+trunk_remove:SW2:eth3:10,3137,3144,0.8507075,-13.55,7,True,False,True,False,False,incorrect_declare_done,0.022963242871420726,7,3,2,0,4,4,3,0,3
300,2328,access_vlan:SW1:eth2:10+access_vlan:SW2:eth1:20+access_vlan:SW2:eth2:10+trunk_remove:SW1:eth3:20+trunk_remove:SW2:eth3:20,3144,3174,0.8492824999999999,-13.35000000000001,30,True,False,False,True,False,step_limit,0.020009288160751263,30,17,11,0,12,6,10,0,3
301,2329,access_vlan:SW1:eth1:20+access_vlan:SW1:eth2:10+trunk_remove:SW1:eth3:10+trunk_remove:SW1:eth3:20+trunk_remove:SW2:eth3:20,3174,3177,0.84914,-10.5,3,True,False,True,False,False,incorrect_declare_done,0.015089359444876512,3,1,1,0,0,0,0,0,2
302,2330,access_vlan:SW1:eth2:10+trunk_remove:SW1:eth3:10+trunk_remove:SW1:eth3:20+trunk_remove:SW2:eth3:10+trunk_remove:SW2:eth3:20,3177,3202,0.8479525,-19.450000000000003,25,True,False,True,False,False,incorrect_declare_done,0.024602472838014363,25,20,2,0,5,3,5,0,2
303,2331,access_vlan:SW1:eth1:20+access_vlan:SW1:eth2:10+access_vlan:SW2:eth1:20+access_vlan:SW2:eth2:10+trunk_remove:SW2:eth3:10+trunk_remove:SW2:eth3:20,3202,3203,0.847905,-10.05,1,True,False,True,False,False,incorrect_declare_done,0.011876757256686687,1,0,0,0,0,0,0,0,2
304,2332,access_vlan:SW1:eth2:10+access_vlan:SW2:eth1:20+trunk_remove:SW1:eth3:10+trunk_remove:SW1:eth3:20+trunk_remove:SW2:eth3:10,3203,3214,0.8473825,-14.25,11,True,False,True,False,False,incorrect_declare_done,0.01280001313848929,11,8,2,0,3,3,2,0,4
305,2333,access_vlan:SW1:eth1:20+access_vlan:SW2:eth1:20+trunk_remove:SW2:eth3:10+trunk_remove:SW2:eth3:20,3214,3218,0.8471925,-10.8,4,True,False,True,False,False,incorrect_declare_done,0.009703405201435089,4,2,1,0,0,0,0,0,3
306,2334,access_vlan:SW1:eth1:20+access_vlan:SW2:eth2:10+trunk_remove:SW1:eth3:20,3218,3221,0.84705,-12.15,3,True,False,True,False,False,incorrect_declare_done,0.011578767715642849,3,1,0,0,3,3,2,0,4
307,2335,access_vlan:SW1:eth2:10+trunk_remove:SW1:eth3:10+trunk_remove:SW2:eth3:10,3221,3243,0.846005,-17.6,22,True,False,True,False,False,incorrect_declare_done,0.014749643562192266,22,14,5,0,4,3,3,0,3
308,2336,access_vlan:SW1:eth1:20+access_vlan:SW2:eth2:10,3243,3271,0.8446750000000001,-24.800000000000004,28,True,False,True,False,False,incorrect_declare_done,0.014719994073467595,28,17,9,0,16,6,10,1,4
309,2337,access_vlan:SW1:eth2:10+trunk_remove:SW1:eth3:10,3271,3276,0.8444375,-10.8,5,True,False,True,False,False,incorrect_declare_done,0.015108412317931651,5,1,3,0,0,0,0,0,3
310,2338,access_vlan:SW1:eth1:20+access_vlan:SW1:eth2:10+access_vlan:SW2:eth1:20+trunk_remove:SW1:eth3:20+trunk_remove:SW2:eth3:10+trunk_remove:SW2:eth3:20,3276,3293,0.84363,-15.8,17,True,False,True,False,False,incorrect_declare_done,0.023041382267632905,17,8,7,0,4,4,4,0,3
311,2339,access_vlan:SW2:eth1:20+access_vlan:SW2:eth2:10+trunk_remove:SW2:eth3:10+trunk_remove:SW2:eth3:20,3293,3295,0.843535,-10.850000000000001,2,True,False,True,False,False,incorrect_declare_done,0.008343315683305264,2,1,0,0,1,1,1,0,3
312,2340,access_vlan:SW1:eth1:20+access_vlan:SW1:eth2:10+access_vlan:SW2:eth1:20+access_vlan:SW2:eth2:10+trunk_remove:SW1:eth3:10+trunk_remove:SW1:eth3:20+trunk_remove:SW2:eth3:10,3295,3325,0.84211,-16.200000000000006,30,True,False,False,True,False,step_limit,0.016390992825229964,30,25,2,0,15,4,15,0,2
313,2341,access_vlan:SW1:eth2:10+access_vlan:SW2:eth1:20+trunk_remove:SW1:eth3:20+trunk_remove:SW2:eth3:10+trunk_remove:SW2:eth3:20,3325,3333,0.84173,-12.350000000000001,8,True,False,True,False,False,incorrect_declare_done,0.03370872791856527,8,5,2,0,1,1,1,0,3
314,2342,access_vlan:SW1:eth1:20+access_vlan:SW2:eth1:20+access_vlan:SW2:eth2:10+trunk_remove:SW1:eth3:10+trunk_remove:SW2:eth3:10+trunk_remove:SW2:eth3:20,3333,3359,0.840495,-24.60000000000001,26,True,False,True,False,False,incorrect_declare_done,0.02423730528411957,26,19,3,0,15,6,13,0,2
315,2343,access_vlan:SW1:eth1:20+access_vlan:SW1:eth2:10+access_vlan:SW2:eth1:20+access_vlan:SW2:eth2:10+trunk_remove:SW1:eth3:10,3359,3360,0.8404475,-10.05,1,True,False,True,False,False,incorrect_declare_done,0.024188153445720673,1,0,0,0,0,0,0,0,1
316,2344,access_vlan:SW1:eth2:10+trunk_remove:SW1:eth3:10+trunk_remove:SW1:eth3:20,3360,3366,0.8401625,-11.75,6,True,False,True,False,False,incorrect_declare_done,0.013376338096956411,6,3,2,0,1,1,1,0,3
317,2345,access_vlan:SW1:eth1:20+access_vlan:SW1:eth2:10+access_vlan:SW2:eth1:20,3366,3382,0.8394025,-19.6,16,True,False,True,False,False,incorrect_declare_done,0.024209674156736583,16,9,3,0,11,5,8,0,1
318,2346,access_vlan:SW1:eth2:10,3382,3401,0.8385,-18.5,19,True,False,True,False,False,incorrect_declare_done,0.02585969747681367,19,12,3,0,7,3,7,0,4
319,2347,access_vlan:SW1:eth1:20+access_vlan:SW2:eth2:10+trunk_remove:SW1:eth3:10+trunk_remove:SW2:eth3:10,3401,3417,0.83774,-15.25,16,True,False,True,False,False,incorrect_declare_done,0.010774640511954203,16,11,2,0,2,2,2,0,3
320,2348,access_vlan:SW1:eth2:10+trunk_remove:SW1:eth3:10+trunk_remove:SW1:eth3:20,3417,3419,0.837645,-10.850000000000001,2,True,False,True,False,False,incorrect_declare_done,0.0076175257563591,2,1,0,0,1,1,1,0,4
321,2349,access_vlan:SW1:eth1:20+access_vlan:SW2:eth1:20+trunk_remove:SW1:eth3:10+trunk_remove:SW2:eth3:10+trunk_remove:SW2:eth3:20,3419,3433,0.8369800000000001,-14.2,14,True,False,True,False,False,incorrect_declare_done,0.016217375273949335,14,7,5,0,2,2,2,0,4
322,2350,trunk_remove:SW2:eth3:20,3433,3463,0.835555,-13.800000000000008,30,True,False,False,True,False,step_limit,0.021976339071989058,30,20,8,0,12,5,11,0,3
323,2351,access_vlan:SW1:eth1:20+access_vlan:SW2:eth2:10+trunk_remove:SW1:eth3:10+trunk_remove:SW2:eth3:10+trunk_remove:SW2:eth3:20,3463,3467,0.835365,-10.950000000000001,4,True,False,True,False,False,incorrect_declare_done,0.010900418739765882,4,3,0,0,0,0,0,0,3
324,2352,trunk_remove:SW1:eth3:20+trunk_remove:SW2:eth3:20,3467,3472,0.8351275,-12.100000000000001,5,True,False,True,False,False,incorrect_declare_done,0.008072317112237215,5,3,1,0,2,2,2,0,3
325,2353,access_vlan:SW1:eth1:20+access_vlan:SW1:eth2:10+access_vlan:SW2:eth1:20+trunk_remove:SW2:eth3:10,3472,3498,0.8338925,-22.950000000000006,26,True,False,True,False,False,incorrect_declare_done,0.008764934152937852,26,18,4,0,12,6,8,0,3
326,2354,access_vlan:SW2:eth1:20+access_vlan:SW2:eth2:10+trunk_remove:SW2:eth3:20,3498,3510,0.8333225,6.25,12,True,False,True,False,True,recovery_success,0.01921042105338226,12,7,4,0,2,2,2,0,0
327,2355,access_vlan:SW1:eth2:10+access_vlan:SW2:eth2:10+trunk_remove:SW1:eth3:10,3510,3526,0.8325625,-18.1,16,True,False,True,False,False,incorrect_declare_done,0.018209163565188646,16,11,3,0,8,4,7,0,4
328,2356,access_vlan:SW1:eth2:10+access_vlan:SW2:eth2:10+trunk_remove:SW1:eth3:20+trunk_remove:SW2:eth3:10+trunk_remove:SW2:eth3:20,3526,3534,0.8321825,-12.65,8,True,False,True,False,False,incorrect_declare_done,0.014668714487925172,8,7,0,0,1,1,1,0,2
329,2357,access_vlan:SW1:eth1:20+access_vlan:SW2:eth1:20+access_vlan:SW2:eth2:10+trunk_remove:SW1:eth3:10+trunk_remove:SW1:eth3:20+trunk_remove:SW2:eth3:20,3534,3541,0.83185,-12.350000000000001,7,True,False,True,False,False,incorrect_declare_done,0.06281640553580863,7,5,0,0,1,1,1,0,3
330,2358,access_vlan:SW1:eth1:20+access_vlan:SW1:eth2:10+access_vlan:SW2:eth2:10+trunk_remove:SW1:eth3:10+trunk_remove:SW2:eth3:10+trunk_remove:SW2:eth3:20,3541,3551,0.831375,-13.450000000000001,10,True,False,True,False,False,incorrect_declare_done,0.02251013135537505,10,7,2,0,2,2,2,0,3
331,2359,access_vlan:SW1:eth1:20+trunk_remove:SW1:eth3:10,3551,3558,0.8310425,-13.2,7,True,False,True,False,False,incorrect_declare_done,0.016383960576994077,7,5,1,0,3,3,3,1,1
332,2360,trunk_remove:SW1:eth3:10+trunk_remove:SW1:eth3:20+trunk_remove:SW2:eth3:10,3558,3566,0.8306625000000001,-12.200000000000001,8,True,False,True,False,False,incorrect_declare_done,0.020676306914538145,8,4,3,0,1,1,1,0,3
333,2361,access_vlan:SW1:eth1:20+trunk_remove:SW1:eth3:10+trunk_remove:SW1:eth3:20+trunk_remove:SW2:eth3:20,3566,3588,0.8296175,-20.200000000000003,22,True,False,True,False,False,incorrect_declare_done,0.017350467006591232,22,16,1,0,8,4,7,0,4
334,2362,access_vlan:SW2:eth1:20+trunk_remove:SW1:eth3:10+trunk_remove:SW2:eth3:10+trunk_remove:SW2:eth3:20,3588,3598,0.8291425,-13.6,10,True,False,True,False,False,incorrect_declare_done,0.016793541423976422,10,8,1,0,2,1,2,0,3
335,2363,access_vlan:SW1:eth1:20+access_vlan:SW1:eth2:10+trunk_remove:SW1:eth3:10+trunk_remove:SW2:eth3:20,3598,3603,0.828905,-13.25,5,True,False,True,False,False,incorrect_declare_done,0.013323206454515457,5,4,0,0,4,4,3,0,4
336,2364,access_vlan:SW1:eth2:10+access_vlan:SW2:eth1:20+trunk_remove:SW1:eth3:10+trunk_remove:SW1:eth3:20+trunk_remove:SW2:eth3:10,3603,3606,0.8287625000000001,-10.65,3,True,False,True,False,False,incorrect_declare_done,0.01026698729644219,3,1,0,0,0,0,0,0,4
337,2365,access_vlan:SW1:eth1:20+access_vlan:SW2:eth1:20+trunk_remove:SW1:eth3:10+trunk_remove:SW1:eth3:20+trunk_remove:SW2:eth3:10,3606,3636,0.8273375000000001,-12.400000000000006,30,True,False,False,True,False,step_limit,0.029150645434856414,30,24,4,0,8,6,6,0,3
338,2366,access_vlan:SW1:eth2:10+access_vlan:SW2:eth1:20+access_vlan:SW2:eth2:10+trunk_remove:SW1:eth3:10+trunk_remove:SW2:eth3:10,3636,3646,0.8268625000000001,-15.600000000000001,10,True,False,True,False,False,incorrect_declare_done,0.016581204161047934,10,8,1,0,6,5,4,0,4
339,2367,access_vlan:SW1:eth1:20+access_vlan:SW2:eth2:10+trunk_remove:SW1:eth3:20,3646,3676,0.8254375,-13.050000000000006,30,True,False,False,True,False,step_limit,0.039031939161941406,30,25,3,0,9,5,9,0,2
340,2368,access_vlan:SW1:eth2:10+access_vlan:SW2:eth1:20+access_vlan:SW2:eth2:10+trunk_remove:SW1:eth3:10+trunk_remove:SW2:eth3:10,3676,3689,0.82482,-17.15,13,True,False,True,False,False,incorrect_declare_done,0.011494484730064869,13,10,0,0,7,5,6,0,2
341,2369,access_vlan:SW1:eth2:10+access_vlan:SW2:eth1:20+trunk_remove:SW1:eth3:10+trunk_remove:SW2:eth3:10+trunk_remove:SW2:eth3:20,3689,3705,0.82406,-15.6,16,True,False,True,False,False,incorrect_declare_done,0.019799950357992202,16,12,3,0,3,3,3,0,3
342,2370,access_vlan:SW1:eth2:10+access_vlan:SW2:eth1:20+trunk_remove:SW1:eth3:20+trunk_remove:SW2:eth3:10+trunk_remove:SW2:eth3:20,3705,3709,0.82387,-10.8,4,True,False,True,False,False,incorrect_declare_done,0.03397615917492658,4,2,1,0,0,0,0,0,2
343,2371,access_vlan:SW1:eth2:10+access_vlan:SW2:eth1:20+access_vlan:SW2:eth2:10+trunk_remove:SW1:eth3:10+trunk_remove:SW1:eth3:20+trunk_remove:SW2:eth3:10+trunk_remove:SW2:eth3:20,3709,3719,0.823395,-13.450000000000001,10,True,False,True,False,False,incorrect_declare_done,0.014621632406488061,10,5,2,0,2,1,2,0,3
344,2372,access_vlan:SW1:eth1:20+access_vlan:SW1:eth2:10+access_vlan:SW2:eth1:20,3719,3737,0.82254,-21.700000000000003,18,True,False,True,False,False,incorrect_declare_done,0.019116195901814435,18,13,3,0,14,6,9,0,4
345,2373,access_vlan:SW1:eth1:20+access_vlan:SW1:eth2:10+access_vlan:SW2:eth1:20+trunk_remove:SW2:eth3:10,3737,3739,0.822445,-10.350000000000001,2,True,False,True,False,False,incorrect_declare_done,0.01625669002532959,2,1,0,0,0,0,0,0,3
346,2374,access_vlan:SW1:eth2:10+access_vlan:SW2:eth2:10+trunk_remove:SW1:eth3:10+trunk_remove:SW1:eth3:20+trunk_remove:SW2:eth3:10+trunk_remove:SW2:eth3:20,3739,3769,0.82102,-13.900000000000007,30,True,False,False,True,False,step_limit,0.03058058366489907,30,23,4,0,11,5,10,0,2
347,2375,access_vlan:SW1:eth2:10+access_vlan:SW2:eth1:20+trunk_remove:SW1:eth3:10+trunk_remove:SW1:eth3:20+trunk_remove:SW2:eth3:10+trunk_remove:SW2:eth3:20,3769,3770,0.8209725,-10.05,1,True,False,True,False,False,incorrect_declare_done,0.004636329133063555,1,0,0,0,0,0,0,0,4
348,2376,access_vlan:SW1:eth1:20+trunk_remove:SW1:eth3:10+trunk_remove:SW1:eth3:20+trunk_remove:SW2:eth3:10,3770,3780,0.8204975,-13.6,10,True,False,True,False,False,incorrect_declare_done,0.025898008607327938,10,6,1,0,2,1,2,0,4
349,2377,access_vlan:SW1:eth1:20+access_vlan:SW1:eth2:10+access_vlan:SW2:eth1:20+access_vlan:SW2:eth2:10+trunk_remove:SW1:eth3:20+trunk_remove:SW2:eth3:10,3780,3801,0.8195,-19.75,21,True,False,True,False,False,incorrect_declare_done,0.03145565711227911,21,15,2,0,8,5,8,0,3
350,2378,access_vlan:SW1:eth1:20+trunk_remove:SW1:eth3:20+trunk_remove:SW2:eth3:10+trunk_remove:SW2:eth3:20,3801,3802,0.8194525,-10.05,1,True,False,True,False,False,incorrect_declare_done,0.015065059997141361,1,0,0,0,0,0,0,0,3
351,2379,access_vlan:SW1:eth2:10+access_vlan:SW2:eth2:10+trunk_remove:SW1:eth3:10+trunk_remove:SW2:eth3:10+trunk_remove:SW2:eth3:20,3802,3803,0.819405,-10.05,1,True,False,True,False,False,incorrect_declare_done,0.016937702894210815,1,0,0,0,0,0,0,0,4
352,2380,access_vlan:SW2:eth1:20+trunk_remove:SW1:eth3:10,3803,3827,0.818265,-21.200000000000003,24,True,False,True,False,False,incorrect_declare_done,0.027125138828220468,24,16,5,0,10,5,8,0,2
353,2381,access_vlan:SW1:eth2:10+access_vlan:SW2:eth2:10+trunk_remove:SW1:eth3:10+trunk_remove:SW1:eth3:20+trunk_remove:SW2:eth3:20,3827,3840,0.8176475,-15.350000000000001,13,True,False,True,False,False,incorrect_declare_done,0.018446049438073084,13,10,2,0,4,3,4,0,4
354,2382,access_vlan:SW1:eth2:10+access_vlan:SW2:eth1:20+access_vlan:SW2:eth2:10+trunk_remove:SW1:eth3:10+trunk_remove:SW1:eth3:20+trunk_remove:SW2:eth3:10+trunk_remove:SW2:eth3:20,3840,3844,0.8174575000000001,-10.8,4,True,False,True,False,False,incorrect_declare_done,0.012918225256726146,4,2,1,0,0,0,0,0,3
355,2383,access_vlan:SW1:eth1:20+access_vlan:SW1:eth2:10+access_vlan:SW2:eth2:10+trunk_remove:SW1:eth3:10,3844,3851,0.817125,-12.350000000000001,7,True,False,True,False,False,incorrect_declare_done,0.010678845790347882,7,6,0,0,1,1,1,0,2
356,2384,access_vlan:SW1:eth2:10+access_vlan:SW2:eth1:20,3851,3868,0.8163175,-19.900000000000002,17,True,False,True,False,False,incorrect_declare_done,0.016289397252394873,17,12,3,0,11,6,8,0,3
357,2385,access_vlan:SW1:eth1:20+access_vlan:SW1:eth2:10+access_vlan:SW2:eth2:10+trunk_remove:SW1:eth3:10+trunk_remove:SW1:eth3:20+trunk_remove:SW2:eth3:10,3868,3885,0.81551,-17.9,17,True,False,True,False,False,incorrect_declare_done,0.018743431469535127,17,12,3,0,7,4,4,1,3
358,2386,access_vlan:SW1:eth1:20+access_vlan:SW2:eth2:10+trunk_remove:SW1:eth3:20,3885,3888,0.8153675,-11.0,3,True,False,True,False,False,incorrect_declare_done,0.11446255445480347,3,1,1,0,1,1,1,0,3
359,2387,access_vlan:SW2:eth2:10+trunk_remove:SW2:eth3:10+trunk_remove:SW2:eth3:20,3888,3904,0.8146075,-16.25,16,True,False,True,False,False,incorrect_declare_done,0.01861775596626103,16,12,2,0,4,2,4,0,3
360,2388,access_vlan:SW2:eth1:20+access_vlan:SW2:eth2:10+trunk_remove:SW1:eth3:10+trunk_remove:SW2:eth3:10,3904,3909,0.81437,-12.100000000000001,5,True,False,True,False,False,incorrect_declare_done,0.01204045582562685,5,3,1,0,2,2,2,0,2
361,2389,access_vlan:SW1:eth2:10+trunk_remove:SW2:eth3:20,3909,3929,0.81342,-19.8,20,True,False,True,False,False,incorrect_declare_done,0.009325647400692106,20,14,3,0,9,4,8,1,3
362,2390,access_vlan:SW2:eth1:20+trunk_remove:SW1:eth3:10+trunk_remove:SW2:eth3:10+trunk_remove:SW2:eth3:20,3929,3935,0.8131349999999999,-11.55,6,True,False,True,False,False,incorrect_declare_done,0.009467629560579857,6,4,0,0,0,0,0,0,3
363,2391,access_vlan:SW1:eth2:10+access_vlan:SW2:eth1:20+trunk_remove:SW2:eth3:10,3935,3947,0.812565,2.6500000000000004,12,True,False,True,False,True,recovery_success,0.011524925008416176,12,10,0,0,8,6,5,2,0
364,2392,access_vlan:SW1:eth1:20+access_vlan:SW1:eth2:10+access_vlan:SW2:eth1:20+trunk_remove:SW1:eth3:10+trunk_remove:SW2:eth3:10,3947,3953,0.81228,-12.4,6,True,False,True,False,False,incorrect_declare_done,0.029301148063192766,6,3,1,0,2,2,2,0,3
365,2393,access_vlan:SW1:eth2:10+trunk_remove:SW2:eth3:10,3953,3954,0.8122325,-10.05,1,True,False,True,False,False,incorrect_declare_done,0.006932596676051617,1,0,0,0,0,0,0,0,3
366,2394,access_vlan:SW2:eth1:20+access_vlan:SW2:eth2:10+trunk_remove:SW1:eth3:10+trunk_remove:SW1:eth3:20+trunk_remove:SW2:eth3:10+trunk_remove:SW2:eth3:20,3954,3963,0.811805,-14.3,9,True,False,True,False,False,incorrect_declare_done,0.012672050235172113,9,7,1,0,4,3,4,0,3
367,2395,access_vlan:SW1:eth1:20+access_vlan:SW1:eth2:10+access_vlan:SW2:eth1:20+access_vlan:SW2:eth2:10+trunk_remove:SW1:eth3:20+trunk_remove:SW2:eth3:10,3963,3987,0.810665,-19.700000000000003,24,True,False,True,False,False,incorrect_declare_done,0.011247202036126206,24,17,5,0,7,2,7,0,3
368,2396,access_vlan:SW2:eth2:10+trunk_remove:SW2:eth3:20,3987,3992,0.8104275,-11.950000000000001,5,True,False,True,False,False,incorrect_declare_done,0.0710555374622345,5,2,2,0,2,2,1,0,4
369,2397,access_vlan:SW1:eth2:10+access_vlan:SW2:eth1:20+access_vlan:SW2:eth2:10+trunk_remove:SW1:eth3:10+trunk_remove:SW1:eth3:20+trunk_remove:SW2:eth3:20,3992,4000,0.8100475,-12.350000000000001,8,True,False,True,False,False,incorrect_declare_done,0.01218947593588382,8,4,2,0,1,1,1,0,3
370,2398,access_vlan:SW1:eth1:20+access_vlan:SW1:eth2:10+access_vlan:SW2:eth1:20+trunk_remove:SW2:eth3:10,4000,4026,0.8088124999999999,-22.950000000000003,26,True,False,True,False,False,incorrect_declare_done,0.033743498811068445,26,21,4,0,12,5,9,2,1
371,2399,access_vlan:SW1:eth2:10+trunk_remove:SW1:eth3:10+trunk_remove:SW2:eth3:10+trunk_remove:SW2:eth3:20,4026,4045,0.80791,2.1500000000000004,19,True,False,True,False,True,recovery_success,0.03550491815334872,19,13,4,0,6,4,4,1,0
372,2400,access_vlan:SW2:eth1:20+access_vlan:SW2:eth2:10+trunk_remove:SW2:eth3:20,4045,4048,0.8077675,-11.15,3,True,False,True,False,False,incorrect_declare_done,0.028568953275680542,3,2,0,0,1,1,1,0,3
373,2401,access_vlan:SW1:eth2:10+access_vlan:SW2:eth1:20+access_vlan:SW2:eth2:10+trunk_remove:SW1:eth3:10+trunk_remove:SW1:eth3:20+trunk_remove:SW2:eth3:20,4048,4061,0.80715,-15.350000000000001,13,True,False,True,False,False,incorrect_declare_done,0.026858459656628277,13,9,2,0,4,3,3,0,3
374,2402,access_vlan:SW1:eth1:20+access_vlan:SW2:eth1:20+trunk_remove:SW1:eth3:20+trunk_remove:SW2:eth3:10+trunk_remove:SW2:eth3:20,4061,4074,0.8065325,-16.2,13,True,False,True,False,False,incorrect_declare_done,0.03443678540106003,13,9,3,0,6,5,5,0,3
375,2403,access_vlan:SW1:eth1:20+access_vlan:SW1:eth2:10+access_vlan:SW2:eth1:20+access_vlan:SW2:eth2:10+trunk_remove:SW1:eth3:10,4074,4081,0.8062,-12.55,7,True,False,True,False,False,incorrect_declare_done,0.03344297515494483,7,4,2,0,2,2,2,0,2
376,2404,access_vlan:SW2:eth1:20+trunk_remove:SW1:eth3:10+trunk_remove:SW1:eth3:20,4081,4088,0.8058675,-12.05,7,True,False,True,False,False,incorrect_declare_done,0.06250350649601646,7,4,2,0,1,1,1,0,2
377,2405,access_vlan:SW2:eth1:20+trunk_remove:SW2:eth3:10,4088,4090,0.8057725,-10.200000000000001,2,True,False,True,False,False,incorrect_declare_done,0.010883001610636711,2,0,1,0,0,0,0,0,3
378,2406,trunk_remove:SW1:eth3:10+trunk_remove:SW2:eth3:10,4090,4114,0.8046325,-19.900000000000006,24,True,False,True,False,False,incorrect_declare_done,0.019254195038229227,24,14,7,0,8,5,7,0,2
379,2407,access_vlan:SW2:eth1:20+access_vlan:SW2:eth2:10,4114,4117,0.80449,-11.65,3,True,False,True,False,False,incorrect_declare_done,0.01921445628007253,3,2,0,0,2,2,2,0,3
380,2408,access_vlan:SW2:eth2:10+trunk_remove:SW1:eth3:20,4117,4135,0.803635,-19.15,18,True,False,True,False,False,incorrect_declare_done,0.0339813559419579,18,14,0,0,8,4,5,0,3
381,2409,access_vlan:SW1:eth2:10+access_vlan:SW2:eth1:20+access_vlan:SW2:eth2:10+trunk_remove:SW1:eth3:10+trunk_remove:SW1:eth3:20+trunk_remove:SW2:eth3:10,4135,4136,0.8035875,-10.05,1,True,False,True,False,False,incorrect_declare_done,0.022849852219223976,1,0,0,0,0,0,0,0,3
382,2410,access_vlan:SW1:eth1:20+access_vlan:SW2:eth1:20+trunk_remove:SW2:eth3:10,4136,4157,0.80259,-21.75,21,True,False,True,False,False,incorrect_declare_done,0.022612969036258403,21,18,2,0,12,6,9,1,3
383,2411,access_vlan:SW1:eth2:10+access_vlan:SW2:eth1:20+trunk_remove:SW1:eth3:10,4157,4168,0.8020674999999999,-13.25,11,True,False,True,False,False,incorrect_declare_done,0.02877786433832212,11,8,2,0,1,1,1,0,3
384,2412,access_vlan:SW1:eth1:20+access_vlan:SW2:eth1:20+access_vlan:SW2:eth2:10+trunk_remove:SW1:eth3:10+trunk_remove:SW2:eth3:10,4168,4171,0.801925,-12.65,3,True,False,True,False,False,incorrect_declare_done,0.011357045111556848,3,2,0,0,4,4,2,0,4
385,2413,access_vlan:SW1:eth1:20+access_vlan:SW1:eth2:10+access_vlan:SW2:eth1:20+trunk_remove:SW2:eth3:10+trunk_remove:SW2:eth3:20,4171,4182,0.8014025,-15.899999999999999,11,True,False,True,False,False,incorrect_declare_done,0.051223048897968096,11,8,1,0,6,4,5,0,3
386,2414,access_vlan:SW1:eth1:20+access_vlan:SW1:eth2:10+access_vlan:SW2:eth1:20+trunk_remove:SW2:eth3:10+trunk_remove:SW2:eth3:20,4182,4212,0.7999775,-11.800000000000004,30,True,False,False,True,False,step_limit,0.0268172571901232,30,21,8,0,8,5,6,0,3
387,2415,access_vlan:SW1:eth1:20+access_vlan:SW1:eth2:10+access_vlan:SW2:eth2:10,4212,4214,0.7998825,-10.200000000000001,2,True,False,True,False,False,incorrect_declare_done,0.1727182287722826,2,0,1,0,0,0,0,0,3
388,2416,access_vlan:SW1:eth1:20+access_vlan:SW1:eth2:10+access_vlan:SW2:eth1:20+trunk_remove:SW1:eth3:20+trunk_remove:SW2:eth3:20,4214,4219,0.7996449999999999,-13.25,5,True,False,True,False,False,incorrect_declare_done,0.022753173112869264,5,3,0,0,4,3,3,0,3
389,2417,access_vlan:SW1:eth1:20+access_vlan:SW1:eth2:10+access_vlan:SW2:eth2:10+trunk_remove:SW1:eth3:10,4219,4227,0.799265,-13.0,8,True,False,True,False,False,incorrect_declare_done,0.013508636504411697,8,6,1,0,2,1,2,0,4
390,2418,access_vlan:SW1:eth2:10+trunk_remove:SW2:eth3:10+trunk_remove:SW2:eth3:20,4227,4229,0.7991699999999999,-10.350000000000001,2,True,False,True,False,False,incorrect_declare_done,0.021192849148064852,2,1,0,0,0,0,0,0,2
391,2419,access_vlan:SW1:eth1:20+trunk_remove:SW1:eth3:10+trunk_remove:SW2:eth3:20,4229,4259,0.797745,-11.750000000000005,30,True,False,False,True,False,step_limit,0.024469775209824244,30,24,5,0,7,4,6,0,2
392,2420,access_vlan:SW1:eth1:20+trunk_remove:SW1:eth3:20+trunk_remove:SW2:eth3:20,4259,4278,0.7968425,-19.5,19,True,False,True,False,False,incorrect_declare_done,0.02593931756717594,19,15,3,0,9,5,6,0,4
393,2421,access_vlan:SW1:eth1:20+access_vlan:SW1:eth2:10+access_vlan:SW2:eth2:10+trunk_remove:SW1:eth3:20+trunk_remove:SW2:eth3:20,4278,4308,0.7954175,-11.950000000000005,30,True,False,False,True,False,step_limit,0.016372472792863847,30,19,7,0,8,4,8,0,3
394,2422,access_vlan:SW1:eth1:20+access_vlan:SW1:eth2:10+access_vlan:SW2:eth1:20+trunk_remove:SW1:eth3:20+trunk_remove:SW2:eth3:20,4308,4338,0.7939925,-19.600000000000005,30,True,False,False,True,False,step_limit,0.0335298844302694,30,22,6,0,23,6,15,4,3
395,2423,access_vlan:SW1:eth1:20+trunk_remove:SW1:eth3:20+trunk_remove:SW2:eth3:20,4338,4359,0.792995,-20.450000000000003,21,True,False,True,False,False,incorrect_declare_done,0.03250645065591449,21,14,4,0,10,6,8,1,3
396,2424,access_vlan:SW1:eth1:20+trunk_remove:SW2:eth3:10,4359,4360,0.7929475,-10.05,1,True,False,True,False,False,incorrect_declare_done,0.015602940693497658,1,0,0,0,0,0,0,0,3
397,2425,access_vlan:SW1:eth1:20+trunk_remove:SW2:eth3:20,4360,4361,0.7929,-10.05,1,True,False,True,False,False,incorrect_declare_done,0.009393159300088882,1,0,0,0,0,0,0,0,3
398,2426,access_vlan:SW2:eth1:20+trunk_remove:SW2:eth3:20,4361,4369,0.79252,-15.65,8,True,False,True,False,False,incorrect_declare_done,0.01742032787296921,8,7,0,0,7,5,3,2,1
399,2427,trunk_remove:SW1:eth3:20+trunk_remove:SW2:eth3:10,4369,4375,0.792235,-11.100000000000001,6,True,False,True,False,False,incorrect_declare_done,0.07599240106840928,6,2,3,0,0,0,0,0,2
400,2428,access_vlan:SW1:eth2:10+trunk_remove:SW1:eth3:20,4375,4405,0.79081,-9.350000000000003,30,True,False,False,True,False,step_limit,0.018034855897227923,30,17,11,0,4,2,4,0,2
401,2429,access_vlan:SW1:eth1:20+access_vlan:SW2:eth2:10+trunk_remove:SW1:eth3:20+trunk_remove:SW2:eth3:10,4405,4414,0.7903825,-13.15,9,True,False,True,False,False,incorrect_declare_done,0.049779115348226495,9,5,2,0,2,2,2,0,2
402,2430,access_vlan:SW1:eth1:20+access_vlan:SW1:eth2:10+access_vlan:SW2:eth1:20+access_vlan:SW2:eth2:10+trunk_remove:SW2:eth3:10,4414,4416,0.7902875,-11.350000000000001,2,True,False,True,False,False,incorrect_declare_done,0.018409620504826307,2,1,0,0,2,2,1,0,3
403,2431,access_vlan:SW1:eth1:20+access_vlan:SW2:eth2:10+trunk_remove:SW1:eth3:10+trunk_remove:SW2:eth3:10+trunk_remove:SW2:eth3:20,4416,4426,0.7898125,-13.45,10,True,False,True,False,False,incorrect_declare_done,0.04550531702116132,10,7,2,0,2,2,2,0,2
404,2432,access_vlan:SW1:eth1:20+access_vlan:SW1:eth2:10+access_vlan:SW2:eth2:10+trunk_remove:SW1:eth3:10+trunk_remove:SW1:eth3:20+trunk_remove:SW2:eth3:10,4426,4431,0.789575,-11.100000000000001,5,True,False,True,False,False,incorrect_declare_done,0.016436490043997765,5,3,1,0,0,0,0,0,2
405,2433,access_vlan:SW1:eth1:20+trunk_remove:SW1:eth3:20,4431,4450,0.7886725,-20.800000000000004,19,True,False,True,False,False,incorrect_declare_done,0.0892592537657995,19,15,1,0,11,6,8,0,3
406,2434,access_vlan:SW1:eth1:20+access_vlan:SW1:eth2:10+access_vlan:SW2:eth2:10+trunk_remove:SW1:eth3:10+trunk_remove:SW1:eth3:20+trunk_remove:SW2:eth3:10,4450,4459,0.7882450000000001,-15.45,9,True,False,True,False,False,incorrect_declare_done,0.04683124191231198,9,6,0,0,6,5,5,0,3
407,2435,access_vlan:SW1:eth1:20+access_vlan:SW2:eth1:20+access_vlan:SW2:eth2:10+trunk_remove:SW1:eth3:20+trunk_remove:SW2:eth3:20,4459,4468,0.7878175000000001,-14.150000000000002,9,True,False,True,False,False,incorrect_declare_done,0.026422174750930734,9,6,2,0,4,3,4,0,4
408,2436,access_vlan:SW2:eth2:10+trunk_remove:SW1:eth3:20,4468,4494,0.7865825,-20.950000000000003,26,True,False,True,False,False,incorrect_declare_done,0.02858387052009885,26,18,4,0,8,4,8,0,3
409,2437,access_vlan:SW1:eth1:20+access_vlan:SW2:eth1:20+trunk_remove:SW1:eth3:10+trunk_remove:SW1:eth3:20+trunk_remove:SW2:eth3:10+trunk_remove:SW2:eth3:20,4494,4497,0.78644,-10.65,3,True,False,True,False,False,incorrect_declare_done,0.02068493328988552,3,2,0,0,0,0,0,0,4
410,2438,trunk_remove:SW1:eth3:20+trunk_remove:SW2:eth3:20,4497,4511,0.785775,-16.85,14,True,False,True,False,False,incorrect_declare_done,0.054240560824317594,14,8,4,0,7,4,5,3,3
411,2439,access_vlan:SW1:eth2:10+access_vlan:SW2:eth1:20+trunk_remove:SW1:eth3:10+trunk_remove:SW2:eth3:10+trunk_remove:SW2:eth3:20,4511,4532,0.7847775,-16.8,21,True,False,True,False,False,incorrect_declare_done,0.028653533109242006,21,14,5,0,3,3,3,0,3
412,2440,trunk_remove:SW1:eth3:10+trunk_remove:SW2:eth3:20,4532,4538,0.7844925,-12.05,6,True,False,True,False,False,incorrect_declare_done,0.0162445701037844,6,5,0,0,1,1,1,0,1
413,2441,access_vlan:SW2:eth2:10+trunk_remove:SW1:eth3:10+trunk_remove:SW2:eth3:10+trunk_remove:SW2:eth3:20,4538,4568,0.7830675,-13.250000000000007,30,True,False,False,True,False,step_limit,0.043914503511041404,30,22,5,0,10,4,10,0,2
414,2442,access_vlan:SW1:eth1:20+trunk_remove:SW1:eth3:10+trunk_remove:SW1:eth3:20+trunk_remove:SW2:eth3:20,4568,4585,0.78226,-15.899999999999999,17,True,False,True,False,False,incorrect_declare_done,0.04477541395189131,17,13,3,0,3,1,3,0,2
415,2443,access_vlan:SW1:eth1:20+access_vlan:SW2:eth2:10+trunk_remove:SW1:eth3:20,4585,4611,0.781025,-23.90000000000001,26,True,False,True,False,False,incorrect_declare_done,0.020942455318828043,26,22,1,0,13,5,7,0,1
416,2444,access_vlan:SW2:eth1:20+access_vlan:SW2:eth2:10+trunk_remove:SW1:eth3:10+trunk_remove:SW2:eth3:10+trunk_remove:SW2:eth3:20,4611,4619,0.780645,-13.15,8,True,False,True,False,False,incorrect_declare_done,0.023127117310650647,8,7,0,0,2,2,2,0,3
417,2445,access_vlan:SW1:eth2:10+access_vlan:SW2:eth1:20+trunk_remove:SW1:eth3:10+trunk_remove:SW1:eth3:20,4619,4621,0.78055,-10.350000000000001,2,True,False,True,False,False,incorrect_declare_done,0.024003888946026564,2,1,0,0,0,0,0,0,4
418,2446,trunk_remove:SW1:eth3:10+trunk_remove:SW2:eth3:10,4621,4627,0.780265,-12.55,6,True,False,True,False,False,incorrect_declare_done,0.07447795771683256,6,5,0,0,2,2,2,0,3
419,2447,access_vlan:SW2:eth2:10+trunk_remove:SW1:eth3:10+trunk_remove:SW2:eth3:20,4627,4642,0.7795525,-15.6,15,True,False,True,False,False,incorrect_declare_done,0.040687261645992595,15,12,1,0,3,1,3,0,3
420,2448,access_vlan:SW1:eth2:10+trunk_remove:SW1:eth3:10+trunk_remove:SW1:eth3:20+trunk_remove:SW2:eth3:10,4642,4651,0.7791250000000001,-12.65,9,True,False,True,False,False,incorrect_declare_done,0.040783301927149296,9,4,2,0,1,1,1,0,2
421,2449,access_vlan:SW1:eth2:10+trunk_remove:SW1:eth3:20+trunk_remove:SW2:eth3:10,4651,4662,0.7786025,-15.4,11,True,False,True,False,False,incorrect_declare_done,0.05284466509791938,11,8,1,0,5,5,2,1,4
422,2450,access_vlan:SW1:eth2:10+access_vlan:SW2:eth2:10+trunk_remove:SW1:eth3:10+trunk_remove:SW1:eth3:20+trunk_remove:SW2:eth3:10,4662,4685,0.77751,-18.049999999999997,23,True,False,True,False,False,incorrect_declare_done,0.046373042014791914,23,15,4,0,4,3,4,0,1
423,2451,access_vlan:SW1:eth2:10,4685,4689,0.77732,-11.950000000000001,4,True,False,True,False,False,incorrect_declare_done,0.09030214068479836,4,3,0,0,2,2,2,0,4
424,2452,access_vlan:SW2:eth1:20+access_vlan:SW2:eth2:10+trunk_remove:SW1:eth3:10+trunk_remove:SW1:eth3:20+trunk_remove:SW2:eth3:20,4689,4691,0.777225,-10.850000000000001,2,True,False,True,False,False,incorrect_declare_done,0.07673979550600052,2,1,0,0,1,1,1,0,3
425,2453,access_vlan:SW2:eth2:10+trunk_remove:SW1:eth3:10+trunk_remove:SW2:eth3:10+trunk_remove:SW2:eth3:20,4691,4721,0.7758,-12.400000000000006,30,True,False,False,True,False,step_limit,0.03529956055184205,30,24,4,0,8,2,8,0,2
426,2454,access_vlan:SW1:eth1:20+access_vlan:SW1:eth2:10+access_vlan:SW2:eth1:20+access_vlan:SW2:eth2:10,4721,4725,0.77561,-12.950000000000001,4,True,False,True,False,False,incorrect_declare_done,0.017983593279495835,4,3,0,0,4,4,3,1,3
427,2455,access_vlan:SW1:eth1:20+access_vlan:SW1:eth2:10+access_vlan:SW2:eth1:20+trunk_remove:SW1:eth3:10,4725,4729,0.77542,-11.950000000000001,4,True,False,True,False,False,incorrect_declare_done,0.03410307317972183,4,3,0,0,2,2,2,0,1
428,2456,access_vlan:SW1:eth1:20+access_vlan:SW1:eth2:10+access_vlan:SW2:eth1:20+access_vlan:SW2:eth2:10+trunk_remove:SW2:eth3:20,4729,4756,0.7741375,0.6999999999999975,27,True,False,True,False,True,recovery_success,0.037738935780470016,27,17,7,0,5,3,4,0,0
429,2457,access_vlan:SW1:eth1:20+access_vlan:SW2:eth1:20+trunk_remove:SW1:eth3:10+trunk_remove:SW1:eth3:20+trunk_remove:SW2:eth3:20,4756,4761,0.7739,-11.25,5,True,False,True,False,False,incorrect_declare_done,0.08690421767532826,5,4,0,0,0,0,0,0,2
430,2458,access_vlan:SW1:eth2:10+access_vlan:SW2:eth1:20+trunk_remove:SW1:eth3:20+trunk_remove:SW2:eth3:10,4761,4775,0.773235,-15.149999999999999,14,True,False,True,False,False,incorrect_declare_done,0.03942476279501404,14,9,2,0,3,2,3,0,3
431,2459,access_vlan:SW1:eth1:20+access_vlan:SW1:eth2:10+access_vlan:SW2:eth1:20+access_vlan:SW2:eth2:10+trunk_remove:SW1:eth3:10+trunk_remove:SW1:eth3:20+trunk_remove:SW2:eth3:10,4775,4779,0.773045,-11.3,4,True,False,True,False,False,incorrect_declare_done,0.02602466754615307,4,2,1,0,1,1,1,0,3
432,2460,access_vlan:SW2:eth1:20+access_vlan:SW2:eth2:10+trunk_remove:SW1:eth3:20+trunk_remove:SW2:eth3:10,4779,4783,0.7728550000000001,-11.3,4,True,False,True,False,False,incorrect_declare_done,0.015566517598927021,4,2,1,0,1,1,1,0,2
433,2461,access_vlan:SW2:eth1:20+access_vlan:SW2:eth2:10+trunk_remove:SW1:eth3:20+trunk_remove:SW2:eth3:20,4783,4789,0.77257,-11.25,6,True,False,True,False,False,incorrect_declare_done,0.02489040590201815,6,2,2,0,0,0,0,0,3
434,2462,trunk_remove:SW2:eth3:10,4789,4794,0.7723325,-12.100000000000001,5,True,False,True,False,False,incorrect_declare_done,0.09887314792722464,5,2,1,0,2,1,2,0,2
435,2463,access_vlan:SW1:eth1:20+access_vlan:SW2:eth1:20+trunk_remove:SW1:eth3:10,4794,4803,0.7719050000000001,-14.8,9,True,False,True,False,False,incorrect_declare_done,0.030638083401653502,9,6,1,0,5,5,4,0,3
436,2464,access_vlan:SW1:eth2:10+trunk_remove:SW1:eth3:10+trunk_remove:SW2:eth3:10,4803,4821,0.77105,-20.35,18,True,False,True,False,False,incorrect_declare_done,0.041819819145732455,18,14,2,0,11,6,7,1,4
437,2465,access_vlan:SW1:eth1:20+access_vlan:SW2:eth2:10+trunk_remove:SW1:eth3:10+trunk_remove:SW2:eth3:20,4821,4826,0.7708125,-11.100000000000001,5,True,False,True,False,False,incorrect_declare_done,0.05408948380500078,5,3,1,0,0,0,0,0,2
438,2466,access_vlan:SW1:eth2:10+trunk_remove:SW1:eth3:10+trunk_remove:SW2:eth3:10,4826,4837,0.77029,-13.450000000000001,11,True,False,True,False,False,incorrect_declare_done,0.03826836733655496,11,6,4,0,2,2,2,0,2
439,2467,access_vlan:SW1:eth1:20+access_vlan:SW1:eth2:10+access_vlan:SW2:eth1:20+access_vlan:SW2:eth2:10+trunk_remove:SW1:eth3:10,4837,4840,0.7701475,-11.65,3,True,False,True,False,False,incorrect_declare_done,0.021056033670902252,3,2,0,0,2,2,1,0,3
440,2468,access_vlan:SW1:eth1:20+access_vlan:SW1:eth2:10+access_vlan:SW2:eth1:20+access_vlan:SW2:eth2:10+trunk_remove:SW2:eth3:10+trunk_remove:SW2:eth3:20,4840,4854,0.7694825000000001,-16.3,14,True,False,True,False,False,incorrect_declare_done,0.022768725641071796,14,10,1,0,5,3,5,0,2
441,2469,access_vlan:SW1:eth1:20+access_vlan:SW1:eth2:10+access_vlan:SW2:eth2:10+trunk_remove:SW1:eth3:10+trunk_remove:SW1:eth3:20+trunk_remove:SW2:eth3:10+trunk_remove:SW2:eth3:20,4854,4875,0.768485,-18.65,21,True,False,True,False,False,incorrect_declare_done,0.060020635614082926,21,11,6,0,7,5,5,2,1
442,2470,access_vlan:SW1:eth1:20+access_vlan:SW2:eth1:20+access_vlan:SW2:eth2:10+trunk_remove:SW1:eth3:20,4875,4905,0.7670600000000001,-16.60000000000001,30,True,False,False,True,False,step_limit,0.04531774260103703,30,21,6,0,17,6,14,0,3
443,2471,access_vlan:SW1:eth1:20+access_vlan:SW2:eth1:20+access_vlan:SW2:eth2:10+trunk_remove:SW1:eth3:20+trunk_remove:SW2:eth3:20,4905,4910,0.7668225,-10.950000000000001,5,True,False,True,False,False,incorrect_declare_done,0.034095408581197265,5,2,2,0,0,0,0,0,3
444,2472,access_vlan:SW1:eth2:10+access_vlan:SW2:eth1:20+trunk_remove:SW1:eth3:10,4910,4940,0.7653975,-12.800000000000004,30,True,False,False,True,False,step_limit,0.038425780242929856,30,20,8,0,10,6,10,0,1
445,2473,access_vlan:SW2:eth2:10+trunk_remove:SW2:eth3:10,4940,4946,0.7651125,-12.4,6,True,False,True,False,False,incorrect_declare_done,0.02156731408710281,6,4,1,0,2,2,2,0,2
446,2474,access_vlan:SW2:eth1:20+trunk_remove:SW1:eth3:20+trunk_remove:SW2:eth3:10,4946,4956,0.7646375000000001,-16.25,10,True,False,True,False,False,incorrect_declare_done,0.056977600790560246,10,9,0,0,7,6,5,0,3
447,2475,access_vlan:SW1:eth1:20+access_vlan:SW2:eth1:20+access_vlan:SW2:eth2:10+trunk_remove:SW1:eth3:20,4956,4957,0.76459,-10.05,1,True,False,True,False,False,incorrect_declare_done,0.016321904957294464,1,0,0,0,0,0,0,0,3
448,2476,access_vlan:SW1:eth1:20+access_vlan:SW1:eth2:10+trunk_remove:SW1:eth3:10+trunk_remove:SW1:eth3:20+trunk_remove:SW2:eth3:10,4957,4970,0.7639724999999999,-16.0,13,True,False,True,False,False,incorrect_declare_done,0.05391973737054146,13,10,1,0,5,2,5,0,4
449,2477,access_vlan:SW1:eth1:20+access_vlan:SW2:eth1:20+access_vlan:SW2:eth2:10+trunk_remove:SW1:eth3:10+trunk_remove:SW2:eth3:20,4970,4977,0.76364,-12.05,7,True,False,True,False,False,incorrect_declare_done,0.08729769861591714,7,4,2,0,1,1,1,0,3
450,2478,access_vlan:SW1:eth1:20+access_vlan:SW1:eth2:10+trunk_remove:SW1:eth3:20+trunk_remove:SW2:eth3:20,4977,5003,0.762405,-24.45000000000001,26,True,False,True,False,False,incorrect_declare_done,0.038616771093354776,26,19,4,0,15,6,11,0,3
451,2479,access_vlan:SW1:eth1:20+trunk_remove:SW1:eth3:10+trunk_remove:SW1:eth3:20+trunk_remove:SW2:eth3:10,5003,5016,0.7617875000000001,-17.15,13,True,False,True,False,False,incorrect_declare_done,0.07697916718629691,13,12,0,0,7,5,4,2,3
452,2480,access_vlan:SW1:eth1:20+access_vlan:SW1:eth2:10+trunk_remove:SW1:eth3:20+trunk_remove:SW2:eth3:10+trunk_remove:SW2:eth3:20,5016,5025,0.76136,-14.3,9,True,False,True,False,False,incorrect_declare_done,0.056886178337865405,9,6,1,0,4,2,4,0,4
453,2481,access_vlan:SW2:eth1:20+trunk_remove:SW2:eth3:20,5025,5040,0.7606475,-19.6,15,True,False,True,False,False,incorrect_declare_done,0.06519013779858748,15,13,1,0,11,6,8,0,1
454,2482,access_vlan:SW1:eth2:10+access_vlan:SW2:eth2:10+trunk_remove:SW1:eth3:20+trunk_remove:SW2:eth3:20,5040,5041,0.7605999999999999,-10.05,1,True,False,True,False,False,incorrect_declare_done,0.0685155838727951,1,0,0,0,0,0,0,0,4
455,2483,access_vlan:SW1:eth2:10+access_vlan:SW2:eth1:20+access_vlan:SW2:eth2:10+trunk_remove:SW1:eth3:20+trunk_remove:SW2:eth3:10+trunk_remove:SW2:eth3:20,5041,5050,0.7601725,-13.45,9,True,False,True,False,False,incorrect_declare_done,0.031802593212988645,9,6,0,0,2,1,2,0,3
456,2484,access_vlan:SW1:eth2:10+access_vlan:SW2:eth1:20+access_vlan:SW2:eth2:10+trunk_remove:SW1:eth3:10+trunk_remove:SW2:eth3:10,5050,5080,0.7587475,-12.800000000000006,30,True,False,False,True,False,step_limit,0.047589109279215336,30,19,8,0,10,5,8,1,4
457,2485,trunk_remove:SW2:eth3:10+trunk_remove:SW2:eth3:20,5080,5110,0.7573225,-21.850000000000012,30,True,False,False,True,False,step_limit,0.053713803303738435,30,25,1,0,26,6,17,3,3
458,2486,access_vlan:SW1:eth1:20+access_vlan:SW2:eth2:10+trunk_remove:SW1:eth3:10+trunk_remove:SW1:eth3:20+trunk_remove:SW2:eth3:10,5110,5140,0.7558975,-15.250000000000005,30,True,False,False,True,False,step_limit,0.06655151459077994,30,24,5,0,14,6,9,3,3
459,2487,access_vlan:SW1:eth1:20+access_vlan:SW2:eth1:20+trunk_remove:SW1:eth3:10+trunk_remove:SW1:eth3:20,5140,5149,0.75547,-12.0,9,True,False,True,False,False,incorrect_declare_done,0.06824749211470287,9,5,3,0,0,0,0,0,1
460,2488,access_vlan:SW1:eth1:20+access_vlan:SW1:eth2:10+access_vlan:SW2:eth1:20+access_vlan:SW2:eth2:10+trunk_remove:SW1:eth3:10+trunk_remove:SW1:eth3:20+trunk_remove:SW2:eth3:10+trunk_remove:SW2:eth3:20,5149,5163,0.754805,-14.35,14,True,False,True,False,False,incorrect_declare_done,0.07399651501327753,14,9,4,0,2,2,2,0,2
461,2489,access_vlan:SW1:eth1:20+access_vlan:SW1:eth2:10+access_vlan:SW2:eth2:10+trunk_remove:SW2:eth3:20,5163,5169,0.75452,-12.25,6,True,False,True,False,False,incorrect_declare_done,0.03612648385266463,6,3,2,0,2,2,1,0,4
462,2490,access_vlan:SW1:eth1:20+access_vlan:SW1:eth2:10+access_vlan:SW2:eth1:20+trunk_remove:SW2:eth3:10,5169,5190,0.7535225,-17.5,21,True,False,True,False,False,incorrect_declare_done,0.04541834399458908,21,11,7,0,5,4,5,0,3
463,2491,access_vlan:SW1:eth2:10+access_vlan:SW2:eth1:20+access_vlan:SW2:eth2:10+trunk_remove:SW1:eth3:10+trunk_remove:SW1:eth3:20+trunk_remove:SW2:eth3:10+trunk_remove:SW2:eth3:20,5190,5202,0.7529525,-14.55,12,True,False,True,False,False,incorrect_declare_done,0.060104350404193006,12,7,2,0,3,2,3,0,3
464,2492,access_vlan:SW1:eth2:10+trunk_remove:SW1:eth3:10+trunk_remove:SW2:eth3:10,5202,5204,0.7528575,-10.350000000000001,2,True,False,True,False,False,incorrect_declare_done,0.037325117737054825,2,1,0,0,0,0,0,0,1
465,2493,access_vlan:SW1:eth1:20+trunk_remove:SW2:eth3:10,5204,5234,0.7514325000000001,-16.10000000000001,30,True,False,False,True,False,step_limit,0.07030922391762336,30,23,6,0,16,5,10,3,2
466,2494,access_vlan:SW1:eth1:20+access_vlan:SW2:eth1:20+access_vlan:SW2:eth2:10+trunk_remove:SW2:eth3:10,5234,5244,0.7509575000000001,-14.1,10,True,False,True,False,False,incorrect_declare_done,0.042986166477203366,10,7,1,0,3,3,3,0,2
467,2495,access_vlan:SW2:eth1:20+access_vlan:SW2:eth2:10+trunk_remove:SW1:eth3:20+trunk_remove:SW2:eth3:10,5244,5270,0.7497225000000001,-26.75000000000001,26,True,False,True,False,False,incorrect_declare_done,0.05102948285639286,26,20,2,0,19,6,15,0,2
468,2496,access_vlan:SW2:eth2:10+trunk_remove:SW1:eth3:10+trunk_remove:SW1:eth3:20,5270,5276,0.7494375,-12.55,6,True,False,True,False,False,incorrect_declare_done,0.03709799982607365,6,5,0,0,2,2,2,0,2
469,2497,access_vlan:SW1:eth1:20+access_vlan:SW1:eth2:10+access_vlan:SW2:eth1:20+access_vlan:SW2:eth2:10+trunk_remove:SW2:eth3:10,5276,5279,0.749295,9.5,3,True,False,True,False,True,recovery_success,0.043521435310443245,3,1,1,0,0,0,0,0,0
470,2498,access_vlan:SW1:eth1:20+access_vlan:SW1:eth2:10+access_vlan:SW2:eth2:10+trunk_remove:SW1:eth3:10+trunk_remove:SW2:eth3:20,5279,5281,0.7492,-10.350000000000001,2,True,False,True,False,False,incorrect_declare_done,0.014887179713696241,2,1,0,0,0,0,0,0,3
471,2499,access_vlan:SW1:eth1:20+access_vlan:SW2:eth2:10+trunk_remove:SW1:eth3:20+trunk_remove:SW2:eth3:10,5281,5296,0.7484875,-16.6,15,True,False,True,False,False,incorrect_declare_done,0.05050241524974505,15,10,1,0,5,2,5,0,3
472,2500,access_vlan:SW1:eth1:20+access_vlan:SW1:eth2:10+access_vlan:SW2:eth1:20+trunk_remove:SW1:eth3:10+trunk_remove:SW2:eth3:10,5296,5317,0.74749,-24.60000000000001,21,True,False,True,False,False,incorrect_declare_done,0.06999801542787325,21,16,3,0,18,6,12,1,3
473,2501,access_vlan:SW1:eth2:10+trunk_remove:SW1:eth3:10+trunk_remove:SW2:eth3:10+trunk_remove:SW2:eth3:20,5317,5322,0.7472525,-11.100000000000001,5,True,False,True,False,False,incorrect_declare_done,0.09276438876986504,5,3,1,0,0,0,0,0,2
474,2502,access_vlan:SW1:eth1:20+access_vlan:SW1:eth2:10+access_vlan:SW2:eth2:10,5322,5323,0.747205,-10.05,1,True,False,True,False,False,incorrect_declare_done,0.03733585774898529,1,0,0,0,0,0,0,0,3
475,2503,access_vlan:SW1:eth2:10+access_vlan:SW2:eth2:10+trunk_remove:SW1:eth3:20+trunk_remove:SW2:eth3:10,5323,5330,0.7468725,-12.350000000000001,7,True,False,True,False,False,incorrect_declare_done,0.04183172234999282,7,5,0,0,1,1,1,0,3
476,2504,access_vlan:SW1:eth1:20+access_vlan:SW1:eth2:10+access_vlan:SW2:eth1:20+access_vlan:SW2:eth2:10+trunk_remove:SW1:eth3:20+trunk_remove:SW2:eth3:10,5330,5354,0.7457325,-22.800000000000004,24,True,False,True,False,False,incorrect_declare_done,0.051156624065091215,24,22,1,0,12,6,9,0,3
477,2505,access_vlan:SW2:eth1:20+access_vlan:SW2:eth2:10+trunk_remove:SW2:eth3:20,5354,5369,0.74502,-17.299999999999997,15,True,False,True,False,False,incorrect_declare_done,0.06751383002847433,15,11,3,0,7,5,6,0,3
478,2506,access_vlan:SW1:eth1:20+access_vlan:SW2:eth2:10+trunk_remove:SW2:eth3:10,5369,5385,0.74426,-0.05000000000000249,16,True,False,True,False,True,recovery_success,0.03568038553930819,16,13,0,0,11,6,8,0,0
479,2507,access_vlan:SW1:eth2:10+access_vlan:SW2:eth1:20+access_vlan:SW2:eth2:10+trunk_remove:SW1:eth3:10+trunk_remove:SW2:eth3:10,5385,5389,0.74407,-10.5,4,True,False,True,False,False,incorrect_declare_done,0.029381765983998775,4,0,3,0,0,0,0,0,3
480,2508,access_vlan:SW1:eth1:20+access_vlan:SW1:eth2:10+access_vlan:SW2:eth1:20+trunk_remove:SW2:eth3:10+trunk_remove:SW2:eth3:20,5389,5400,0.7435475,-14.4,11,True,False,True,False,False,incorrect_declare_done,0.0458752860061147,11,9,1,0,3,2,3,0,2
481,2509,access_vlan:SW2:eth2:10+trunk_remove:SW2:eth3:20,5400,5408,0.7431675,-13.5,8,True,False,True,False,False,incorrect_declare_done,0.07222764333710074,8,6,1,0,3,3,2,0,3
482,2510,access_vlan:SW1:eth2:10+access_vlan:SW2:eth1:20+trunk_remove:SW1:eth3:10+trunk_remove:SW2:eth3:10,5408,5438,0.7417425,-17.200000000000006,30,True,False,False,True,False,step_limit,0.041874392237514255,30,23,2,0,17,6,12,0,1
483,2511,access_vlan:SW2:eth2:10,5438,5442,0.7415525000000001,-11.450000000000001,4,True,False,True,False,False,incorrect_declare_done,0.020772842224687338,4,3,0,0,1,1,1,0,2
484,2512,access_vlan:SW1:eth2:10+access_vlan:SW2:eth2:10+trunk_remove:SW1:eth3:10+trunk_remove:SW1:eth3:20+trunk_remove:SW2:eth3:20,5442,5454,0.7409825,-16.35,12,True,False,True,False,False,incorrect_declare_done,0.08127055518950026,12,10,0,0,6,5,5,1,2
485,2513,access_vlan:SW1:eth1:20,5454,5479,0.739795,-22.10000000000001,25,True,False,True,False,False,incorrect_declare_done,0.05748424679040909,25,20,1,0,10,5,9,1,2
486,2514,access_vlan:SW1:eth1:20+access_vlan:SW2:eth1:20+access_vlan:SW2:eth2:10+trunk_remove:SW1:eth3:10,5479,5480,0.7397475,-10.05,1,True,False,True,False,False,incorrect_declare_done,0.03558046370744705,1,0,0,0,0,0,0,0,3
487,2515,access_vlan:SW1:eth2:10+access_vlan:SW2:eth1:20+trunk_remove:SW1:eth3:10,5480,5510,0.7383225,-17.20000000000001,30,True,False,False,True,False,step_limit,0.08189045879989862,30,26,2,0,17,6,13,0,1
488,2516,access_vlan:SW1:eth2:10,5510,5513,0.7381800000000001,-12.15,3,True,False,True,False,False,incorrect_declare_done,0.12725537767012915,3,1,0,0,3,3,2,0,3
489,2517,access_vlan:SW1:eth1:20+access_vlan:SW1:eth2:10+trunk_remove:SW1:eth3:10+trunk_remove:SW1:eth3:20+trunk_remove:SW2:eth3:10,5513,5514,0.7381325000000001,-10.05,1,True,False,True,False,False,incorrect_declare_done,0.07597793638706207,1,0,0,0,0,0,0,0,2
490,2518,trunk_remove:SW1:eth3:10+trunk_remove:SW1:eth3:20+trunk_remove:SW2:eth3:10+trunk_remove:SW2:eth3:20,5514,5517,0.73799,-11.15,3,True,False,True,False,False,incorrect_declare_done,0.10922303050756454,3,2,0,0,1,1,1,0,3
491,2519,access_vlan:SW1:eth2:10+access_vlan:SW2:eth1:20+trunk_remove:SW1:eth3:20+trunk_remove:SW2:eth3:10+trunk_remove:SW2:eth3:20,5517,5538,0.7369925,-17.8,21,True,False,True,False,False,incorrect_declare_done,0.13001769142491476,21,13,5,0,5,3,5,0,2
492,2520,access_vlan:SW1:eth1:20+access_vlan:SW2:eth1:20+trunk_remove:SW1:eth3:10+trunk_remove:SW1:eth3:20+trunk_remove:SW2:eth3:10,5538,5568,0.7355675,-14.40000000000001,30,True,False,False,True,False,step_limit,0.04817835725843907,30,25,4,0,12,6,11,1,3
493,2521,access_vlan:SW2:eth2:10+trunk_remove:SW1:eth3:10,5568,5584,0.7348075000000001,-17.9,16,True,False,True,False,False,incorrect_declare_done,0.0815456472337246,16,14,1,0,7,5,6,1,2
494,2522,access_vlan:SW1:eth2:10+access_vlan:SW2:eth2:10+trunk_remove:SW2:eth3:10+trunk_remove:SW2:eth3:20,5584,5606,0.7337625000000001,-21.700000000000003,22,True,False,True,False,False,incorrect_declare_done,0.05179612888869914,22,18,1,0,11,4,7,0,3
495,2523,access_vlan:SW1:eth1:20+access_vlan:SW1:eth2:10+trunk_remove:SW1:eth3:10+trunk_remove:SW1:eth3:20+trunk_remove:SW2:eth3:10+trunk_remove:SW2:eth3:20,5606,5621,0.73305,-16.1,15,True,False,True,False,False,incorrect_declare_done,0.03823837998012702,15,11,1,0,4,2,4,0,3
496,2524,access_vlan:SW2:eth1:20+access_vlan:SW2:eth2:10+trunk_remove:SW2:eth3:20,5621,5625,0.7328600000000001,-11.450000000000001,4,True,False,True,False,False,incorrect_declare_done,0.052249847911298275,4,3,0,0,1,1,1,0,3
497,2525,access_vlan:SW2:eth1:20+trunk_remove:SW2:eth3:10,5625,5649,0.73172,-20.0,24,True,False,True,False,False,incorrect_declare_done,0.06588509810778002,24,18,3,0,7,4,7,0,2
498,2526,access_vlan:SW1:eth2:10+trunk_remove:SW1:eth3:20+trunk_remove:SW2:eth3:10+trunk_remove:SW2:eth3:20,5649,5677,0.7303900000000001,-26.15000000000001,28,True,False,True,False,False,incorrect_declare_done,0.054363422827529054,28,27,0,0,16,6,12,1,3
499,2527,access_vlan:SW1:eth2:10+trunk_remove:SW1:eth3:10+trunk_remove:SW1:eth3:20+trunk_remove:SW2:eth3:10+trunk_remove:SW2:eth3:20,5677,5678,0.7303425,-10.05,1,True,False,True,False,False,incorrect_declare_done,0.0370609275996685,1,0,0,0,0,0,0,0,3
500,2528,access_vlan:SW1:eth1:20+access_vlan:SW2:eth2:10+trunk_remove:SW1:eth3:10+trunk_remove:SW2:eth3:10+trunk_remove:SW2:eth3:20,5678,5684,0.7300575,-11.9,6,True,False,True,False,False,incorrect_declare_done,0.039592926390469074,6,4,1,0,1,1,1,0,3
501,2529,access_vlan:SW1:eth1:20+access_vlan:SW2:eth2:10+trunk_remove:SW1:eth3:20+trunk_remove:SW2:eth3:10,5684,5701,0.72925,4.249999999999999,17,True,False,True,False,True,recovery_success,0.0492544308414354,17,11,4,0,3,3,3,2,0
502,2530,access_vlan:SW1:eth1:20+access_vlan:SW1:eth2:10+access_vlan:SW2:eth2:10+trunk_remove:SW2:eth3:20,5701,5725,0.72811,-19.550000000000004,24,True,False,True,False,False,incorrect_declare_done,0.06114379755066087,24,14,6,0,7,4,7,2,3
503,2531,access_vlan:SW1:eth1:20+access_vlan:SW1:eth2:10+access_vlan:SW2:eth2:10+trunk_remove:SW1:eth3:20+trunk_remove:SW2:eth3:20,5725,5742,0.7273025,-17.4,17,True,False,True,False,False,incorrect_declare_done,0.05200261304921964,17,13,3,0,6,4,5,0,3
504,2532,access_vlan:SW1:eth2:10+access_vlan:SW2:eth2:10+trunk_remove:SW1:eth3:10+trunk_remove:SW1:eth3:20+trunk_remove:SW2:eth3:10,5742,5745,0.72716,-10.65,3,True,False,True,False,False,incorrect_declare_done,0.1257541924715042,3,2,0,0,0,0,0,0,2
505,2533,access_vlan:SW2:eth1:20+access_vlan:SW2:eth2:10+trunk_remove:SW1:eth3:10+trunk_remove:SW1:eth3:20+trunk_remove:SW2:eth3:10+trunk_remove:SW2:eth3:20,5745,5775,0.725735,-15.900000000000007,30,True,False,False,True,False,step_limit,0.06816289437313874,30,23,4,0,15,5,10,2,0
506,2534,access_vlan:SW1:eth1:20+access_vlan:SW1:eth2:10+access_vlan:SW2:eth1:20+access_vlan:SW2:eth2:10+trunk_remove:SW2:eth3:10,5775,5788,0.7251175000000001,-16.5,13,True,False,True,False,False,incorrect_declare_done,0.04158641426609112,13,10,1,0,6,5,5,0,4
507,2535,access_vlan:SW1:eth1:20+access_vlan:SW1:eth2:10+access_vlan:SW2:eth1:20+trunk_remove:SW1:eth3:20,5788,5812,0.7239775,-3.800000000000008,24,True,False,True,False,True,recovery_success,0.04538202960975468,24,19,1,0,14,5,14,1,0
508,2536,trunk_remove:SW1:eth3:20+trunk_remove:SW2:eth3:10,5812,5842,0.7225525,-17.85000000000001,30,True,False,False,True,False,step_limit,0.0528201865653197,30,26,1,0,18,6,16,0,3
509,2537,access_vlan:SW1:eth1:20+access_vlan:SW2:eth1:20+access_vlan:SW2:eth2:10+trunk_remove:SW1:eth3:20+trunk_remove:SW2:eth3:20,5842,5856,0.7218875,-17.95,14,True,False,True,False,False,incorrect_declare_done,0.0432183414564601,14,11,0,0,8,4,5,0,3
510,2538,access_vlan:SW1:eth1:20+access_vlan:SW1:eth2:10+trunk_remove:SW1:eth3:20+trunk_remove:SW2:eth3:10+trunk_remove:SW2:eth3:20,5856,5859,0.7217450000000001,-11.15,3,True,False,True,False,False,incorrect_declare_done,0.04104834360380968,3,2,0,0,1,1,1,0,3
511,2539,access_vlan:SW1:eth2:10+access_vlan:SW2:eth2:10+trunk_remove:SW1:eth3:10+trunk_remove:SW1:eth3:20,5859,5866,0.7214125,-12.200000000000001,7,True,False,True,False,False,incorrect_declare_done,0.06771989432828766,7,5,1,0,1,1,1,0,4
512,2540,access_vlan:SW1:eth1:20+trunk_remove:SW1:eth3:10+trunk_remove:SW1:eth3:20+trunk_remove:SW2:eth3:20,5866,5871,0.721175,-11.450000000000001,5,True,False,True,False,False,incorrect_declare_done,0.10421142168343067,5,2,2,0,1,1,1,0,4
513,2541,access_vlan:SW1:eth1:20+access_vlan:SW1:eth2:10+trunk_remove:SW1:eth3:10+trunk_remove:SW1:eth3:20+trunk_remove:SW2:eth3:10,5871,5887,0.720415,-16.9,16,True,False,True,False,False,incorrect_declare_done,0.07852873235242441,16,11,1,0,5,5,5,0,2
514,2542,access_vlan:SW1:eth1:20+access_vlan:SW1:eth2:10+access_vlan:SW2:eth1:20+access_vlan:SW2:eth2:10+trunk_remove:SW1:eth3:10+trunk_remove:SW1:eth3:20+trunk_remove:SW2:eth3:10,5887,5896,0.7199875,-12.65,9,True,False,True,False,False,incorrect_declare_done,0.08256540426777469,9,6,2,0,1,1,1,0,2
515,2543,access_vlan:SW1:eth2:10+access_vlan:SW2:eth1:20+trunk_remove:SW1:eth3:20+trunk_remove:SW2:eth3:10,5896,5897,0.71994,-10.05,1,True,False,True,False,False,incorrect_declare_done,0.0354386568069458,1,0,0,0,0,0,0,0,4
516,2544,access_vlan:SW2:eth1:20+access_vlan:SW2:eth2:10,5897,5913,0.71918,-19.55,16,True,False,True,False,False,incorrect_declare_done,0.05266852304339409,16,15,0,0,10,6,9,0,3
517,2545,access_vlan:SW1:eth2:10+access_vlan:SW2:eth1:20+trunk_remove:SW1:eth3:10+trunk_remove:SW1:eth3:20,5913,5922,0.7187525,-14.45,9,True,False,True,False,False,incorrect_declare_done,0.059944059492813215,9,8,0,0,4,4,4,0,3
518,2546,access_vlan:SW1:eth1:20+access_vlan:SW1:eth2:10+access_vlan:SW2:eth2:10+trunk_remove:SW1:eth3:10+trunk_remove:SW1:eth3:20+trunk_remove:SW2:eth3:10,5922,5946,0.7176125,-17.849999999999998,24,True,False,True,False,False,incorrect_declare_done,0.05994046297079573,24,15,4,0,3,2,3,1,1
519,2547,access_vlan:SW1:eth2:10+access_vlan:SW2:eth2:10+trunk_remove:SW1:eth3:20+trunk_remove:SW2:eth3:10,5946,5963,0.716805,-18.4,17,True,False,True,False,False,incorrect_declare_done,0.04278126474031631,17,12,3,0,8,6,5,2,1
520,2548,access_vlan:SW1:eth1:20+access_vlan:SW1:eth2:10+access_vlan:SW2:eth2:10+trunk_remove:SW1:eth3:10,5963,5971,0.7164250000000001,-12.85,8,True,False,True,False,False,incorrect_declare_done,0.06633654038887471,8,5,2,0,2,2,1,0,3
521,2549,access_vlan:SW1:eth1:20,5971,5977,0.71614,-12.9,6,True,False,True,False,False,incorrect_declare_done,0.054724069933096565,6,4,1,0,3,2,2,0,4
522,2550,access_vlan:SW1:eth2:10+access_vlan:SW2:eth2:10+trunk_remove:SW1:eth3:10+trunk_remove:SW1:eth3:20,5977,5979,0.716045,-10.350000000000001,2,True,False,True,False,False,incorrect_declare_done,0.027131051756441593,2,1,0,0,0,0,0,0,3
523,2551,access_vlan:SW1:eth1:20+access_vlan:SW1:eth2:10+access_vlan:SW2:eth2:10+trunk_remove:SW1:eth3:20+trunk_remove:SW2:eth3:10,5979,5991,0.7154750000000001,-15.9,12,True,False,True,False,False,incorrect_declare_done,0.0377899125063171,12,8,3,0,6,5,5,0,3
524,2552,access_vlan:SW2:eth1:20+access_vlan:SW2:eth2:10+trunk_remove:SW1:eth3:20+trunk_remove:SW2:eth3:10,5991,6018,0.7141925,-27.550000000000004,27,True,False,True,False,False,incorrect_declare_done,0.1619347017948274,27,23,2,0,20,6,12,4,2
525,2553,access_vlan:SW1:eth1:20+access_vlan:SW1:eth2:10+access_vlan:SW2:eth2:10+trunk_remove:SW1:eth3:10+trunk_remove:SW1:eth3:20,6018,6022,0.7140025000000001,-10.950000000000001,4,True,False,True,False,False,incorrect_declare_done,0.10984026454389095,4,3,0,0,0,0,0,0,3
526,2554,access_vlan:SW1:eth2:10+access_vlan:SW2:eth1:20+trunk_remove:SW1:eth3:20+trunk_remove:SW2:eth3:10+trunk_remove:SW2:eth3:20,6022,6052,0.7125775000000001,-16.050000000000008,30,True,False,False,True,False,step_limit,0.08328791198631127,30,23,3,0,15,6,12,1,3
527,2555,trunk_remove:SW2:eth3:10+trunk_remove:SW2:eth3:20,6052,6062,0.7121025000000001,6.699999999999999,10,True,False,True,False,True,recovery_success,0.0857403613626957,10,6,3,0,2,2,2,2,0
528,2556,access_vlan:SW1:eth1:20+trunk_remove:SW1:eth3:10+trunk_remove:SW1:eth3:20+trunk_remove:SW2:eth3:10+trunk_remove:SW2:eth3:20,6062,6067,0.711865,-11.25,5,True,False,True,False,False,incorrect_declare_done,0.04217110015451908,5,3,0,0,0,0,0,0,3
529,2557,access_vlan:SW1:eth1:20+access_vlan:SW1:eth2:10+access_vlan:SW2:eth2:10+trunk_remove:SW1:eth3:20+trunk_remove:SW2:eth3:10,6067,6081,0.7112,-16.0,14,True,False,True,False,False,incorrect_declare_done,0.07821071347487825,14,10,3,0,5,4,4,1,1
530,2558,access_vlan:SW1:eth1:20+access_vlan:SW1:eth2:10+trunk_remove:SW1:eth3:10+trunk_remove:SW1:eth3:20+trunk_remove:SW2:eth3:10+trunk_remove:SW2:eth3:20,6081,6093,0.7106300000000001,-15.85,12,True,False,True,False,False,incorrect_declare_done,0.06849973152081172,12,11,0,0,5,3,3,0,1
531,2559,access_vlan:SW2:eth1:20+access_vlan:SW2:eth2:10+trunk_remove:SW1:eth3:20,6093,6109,0.70987,-19.9,16,True,False,True,False,False,incorrect_declare_done,0.06700222427025437,16,14,1,0,11,6,7,3,3
532,2560,access_vlan:SW1:eth1:20+access_vlan:SW2:eth1:20+trunk_remove:SW1:eth3:10+trunk_remove:SW1:eth3:20+trunk_remove:SW2:eth3:10,6109,6139,0.708445,-18.95000000000001,30,True,False,False,True,False,step_limit,0.06190349254757166,30,21,7,0,22,6,12,4,3
533,2561,access_vlan:SW2:eth1:20+trunk_remove:SW1:eth3:10+trunk_remove:SW1:eth3:20,6139,6145,0.70816,-13.55,6,True,False,True,False,False,incorrect_declare_done,0.07080639526247978,6,5,0,0,4,3,3,0,4
534,2562,access_vlan:SW1:eth1:20+access_vlan:SW1:eth2:10+access_vlan:SW2:eth2:10+trunk_remove:SW1:eth3:10,6145,6150,0.7079225,-12.100000000000001,5,True,False,True,False,False,incorrect_declare_done,0.060873407125473025,5,3,1,0,2,1,2,0,4
535,2563,access_vlan:SW1:eth1:20+trunk_remove:SW1:eth3:10+trunk_remove:SW2:eth3:20,6150,6154,0.7077325000000001,9.049999999999999,4,True,False,True,False,True,recovery_success,0.05791118461638689,4,3,0,0,0,0,0,0,0
536,2564,access_vlan:SW2:eth1:20+access_vlan:SW2:eth2:10+trunk_remove:SW1:eth3:10+trunk_remove:SW1:eth3:20,6154,6157,0.7075899999999999,-11.15,3,True,False,True,False,False,incorrect_declare_done,0.08306893209616344,3,2,0,0,1,1,1,0,3
537,2565,access_vlan:SW1:eth1:20+access_vlan:SW2:eth1:20+trunk_remove:SW1:eth3:20+trunk_remove:SW2:eth3:10+trunk_remove:SW2:eth3:20,6157,6167,0.7071149999999999,-13.8,10,True,False,True,False,False,incorrect_declare_done,0.055842232331633566,10,6,3,0,3,3,1,1,3
538,2566,access_vlan:SW1:eth1:20+access_vlan:SW2:eth1:20+access_vlan:SW2:eth2:10+trunk_remove:SW1:eth3:20+trunk_remove:SW2:eth3:20,6167,6179,0.706545,-16.55,12,True,False,True,False,False,incorrect_declare_done,0.04653555992990732,12,9,2,0,7,6,5,0,3
539,2567,access_vlan:SW1:eth2:10+trunk_remove:SW1:eth3:10+trunk_remove:SW1:eth3:20,6179,6184,0.7063075000000001,-11.600000000000001,5,True,False,True,False,False,incorrect_declare_done,0.08716558888554574,5,2,1,0,1,1,1,0,2
540,2568,access_vlan:SW1:eth1:20+access_vlan:SW1:eth2:10+trunk_remove:SW1:eth3:20,6184,6186,0.7062124999999999,-10.850000000000001,2,True,False,True,False,False,incorrect_declare_done,0.039298596791923046,2,1,0,0,1,1,1,0,3
541,2569,access_vlan:SW2:eth1:20+access_vlan:SW2:eth2:10+trunk_remove:SW2:eth3:10,6186,6202,0.7054525,1.75,16,True,False,True,False,True,recovery_success,0.06537294934969395,16,13,2,0,8,5,5,2,0
542,2570,access_vlan:SW2:eth1:20+access_vlan:SW2:eth2:10,6202,6232,0.7040275,-18.950000000000006,30,True,False,False,True,False,step_limit,0.07020130039503177,30,21,7,0,22,6,13,5,3
543,2571,access_vlan:SW1:eth2:10+access_vlan:SW2:eth1:20+access_vlan:SW2:eth2:10+trunk_remove:SW1:eth3:20+trunk_remove:SW2:eth3:10+trunk_remove:SW2:eth3:20,6232,6244,0.7034575000000001,-15.85,12,True,False,True,False,False,incorrect_declare_done,0.08404659355680148,12,8,0,0,5,3,3,0,1
544,2572,access_vlan:SW1:eth2:10+access_vlan:SW2:eth2:10+trunk_remove:SW1:eth3:10,6244,6255,0.7029350000000001,-15.25,11,True,False,True,False,False,incorrect_declare_done,0.13072197647257286,11,7,2,0,5,5,4,0,3
545,2573,access_vlan:SW1:eth1:20+access_vlan:SW2:eth1:20+access_vlan:SW2:eth2:10+trunk_remove:SW1:eth3:20+trunk_remove:SW2:eth3:10,6255,6272,0.7021275,-0.20000000000000107,17,True,False,True,False,True,recovery_success,0.10647638700902462,17,14,1,0,11,5,7,1,0
546,2574,access_vlan:SW1:eth1:20+access_vlan:SW2:eth2:10+trunk_remove:SW1:eth3:20+trunk_remove:SW2:eth3:20,6272,6282,0.7016525,-13.75,10,True,False,True,False,False,incorrect_declare_done,0.053122650273144244,10,9,0,0,2,1,2,0,2
547,2575,access_vlan:SW1:eth1:20+access_vlan:SW2:eth1:20+access_vlan:SW2:eth2:10+trunk_remove:SW1:eth3:10+trunk_remove:SW1:eth3:20+trunk_remove:SW2:eth3:10,6282,6300,0.7007975,-16.35,18,True,False,True,False,False,incorrect_declare_done,0.05141163741548856,18,13,2,0,3,2,3,0,4
548,2576,access_vlan:SW1:eth1:20+access_vlan:SW2:eth1:20+trunk_remove:SW1:eth3:20+trunk_remove:SW2:eth3:10+trunk_remove:SW2:eth3:20,6300,6305,0.7005600000000001,-11.75,5,True,False,True,False,False,incorrect_declare_done,0.047116149216890335,5,3,0,0,1,1,1,0,3
549,2577,access_vlan:SW1:eth1:20+access_vlan:SW1:eth2:10+access_vlan:SW2:eth1:20+trunk_remove:SW1:eth3:10+trunk_remove:SW2:eth3:10,6305,6329,0.6994199999999999,-23.500000000000007,24,True,False,True,False,False,incorrect_declare_done,0.06899852740267913,24,19,3,0,14,6,10,2,1
550,2578,access_vlan:SW1:eth1:20+access_vlan:SW2:eth1:20+trunk_remove:SW1:eth3:20+trunk_remove:SW2:eth3:10,6329,6330,0.6993725,-10.05,1,True,False,True,False,False,incorrect_declare_done,0.03338347002863884,1,0,0,0,0,0,0,0,4
551,2579,access_vlan:SW1:eth2:10+access_vlan:SW2:eth1:20+trunk_remove:SW1:eth3:10+trunk_remove:SW1:eth3:20,6330,6338,0.6989925,-13.0,8,True,False,True,False,False,incorrect_declare_done,0.06360661424696445,8,6,1,0,2,2,2,0,2
552,2580,access_vlan:SW1:eth1:20+access_vlan:SW1:eth2:10+access_vlan:SW2:eth1:20+trunk_remove:SW1:eth3:10+trunk_remove:SW1:eth3:20,6338,6342,0.6988025,-11.450000000000001,4,True,False,True,False,False,incorrect_declare_done,0.03488473384641111,4,3,0,0,1,1,1,0,3
553,2581,access_vlan:SW2:eth1:20+access_vlan:SW2:eth2:10+trunk_remove:SW1:eth3:10+trunk_remove:SW1:eth3:20,6342,6346,0.6986125000000001,-11.8,4,True,False,True,False,False,incorrect_declare_done,0.1269531361758709,4,2,1,0,2,2,2,0,3
554,2582,access_vlan:SW1:eth1:20+access_vlan:SW1:eth2:10+access_vlan:SW2:eth1:20+access_vlan:SW2:eth2:10+trunk_remove:SW1:eth3:20+trunk_remove:SW2:eth3:10,6346,6353,0.69828,-14.850000000000001,7,True,False,True,False,False,incorrect_declare_done,0.12769942145262445,7,6,0,0,6,4,5,0,3
555,2583,access_vlan:SW2:eth1:20+trunk_remove:SW1:eth3:20+trunk_remove:SW2:eth3:10,6353,6358,0.6980425,-11.25,5,True,False,True,False,False,incorrect_declare_done,0.04114268198609352,5,4,0,0,0,0,0,0,3
556,2584,trunk_remove:SW2:eth3:20,6358,6361,0.6979,-11.65,3,True,False,True,False,False,incorrect_declare_done,0.04914565632740656,3,2,0,0,2,2,1,0,1
557,2585,trunk_remove:SW1:eth3:10+trunk_remove:SW2:eth3:10,6361,6391,0.696475,-17.850000000000012,30,True,False,False,True,False,step_limit,0.05970511678606272,30,27,1,0,18,6,10,3,3
558,2586,access_vlan:SW1:eth2:10+trunk_remove:SW1:eth3:10+trunk_remove:SW2:eth3:20,6391,6421,0.69505,-16.750000000000007,30,True,False,False,True,False,step_limit,0.08124049439405402,30,24,5,0,17,5,11,3,0
559,2587,access_vlan:SW1:eth1:20+access_vlan:SW1:eth2:10+access_vlan:SW2:eth1:20+access_vlan:SW2:eth2:10,6421,6449,0.69372,-3.70000000000001,28,True,False,True,False,True,recovery_success,0.07845174581078547,28,22,3,0,12,6,9,1,0
560,2588,access_vlan:SW1:eth1:20+access_vlan:SW1:eth2:10+access_vlan:SW2:eth1:20+trunk_remove:SW1:eth3:10+trunk_remove:SW1:eth3:20+trunk_remove:SW2:eth3:20,6449,6452,0.6935775,-11.15,3,True,False,True,False,False,incorrect_declare_done,0.10773377679288387,3,2,0,0,1,1,1,0,4
561,2589,access_vlan:SW1:eth1:20+access_vlan:SW1:eth2:10+access_vlan:SW2:eth2:10+trunk_remove:SW2:eth3:10,6452,6463,0.693055,4.95,11,True,False,True,False,True,recovery_success,0.10779876482080329,11,10,0,0,4,4,3,0,0
562,2590,access_vlan:SW1:eth1:20+access_vlan:SW1:eth2:10+trunk_remove:SW1:eth3:10+trunk_remove:SW2:eth3:20,6463,6464,0.6930075,-10.05,1,True,False,True,False,False,incorrect_declare_done,0.025971941649913788,1,0,0,0,0,0,0,0,2
563,2591,access_vlan:SW1:eth1:20+trunk_remove:SW2:eth3:10+trunk_remove:SW2:eth3:20,6464,6486,0.6919625,-20.05,22,True,False,True,False,False,incorrect_declare_done,0.07878238572315736,22,16,2,0,8,5,7,2,3
564,2592,access_vlan:SW2:eth1:20+access_vlan:SW2:eth2:10+trunk_remove:SW2:eth3:10,6486,6501,0.69125,-17.45,15,True,False,True,False,False,incorrect_declare_done,0.10017619182666143,15,10,2,0,7,4,5,0,1
565,2593,access_vlan:SW1:eth2:10+trunk_remove:SW1:eth3:10+trunk_remove:SW1:eth3:20+trunk_remove:SW2:eth3:10,6501,6509,0.69087,-13.65,8,True,False,True,False,False,incorrect_declare_done,0.22327478043735027,8,7,0,0,3,2,3,0,3
566,2594,access_vlan:SW1:eth2:10+trunk_remove:SW1:eth3:10+trunk_remove:SW2:eth3:10+trunk_remove:SW2:eth3:20,6509,6539,0.689445,-17.350000000000005,30,True,False,False,True,False,step_limit,0.16069778266052406,30,26,1,0,17,5,12,3,2
567,2595,access_vlan:SW1:eth2:10+access_vlan:SW2:eth1:20,6539,6569,0.68802,-15.250000000000007,30,True,False,False,True,False,step_limit,0.11730957925319671,30,21,5,0,14,5,9,3,3
568,2596,access_vlan:SW1:eth1:20+access_vlan:SW2:eth2:10+trunk_remove:SW1:eth3:10+trunk_remove:SW2:eth3:10,6569,6571,0.687925,-10.350000000000001,2,True,False,True,False,False,incorrect_declare_done,0.05358394421637058,2,1,0,0,0,0,0,0,4
569,2597,access_vlan:SW1:eth1:20+access_vlan:SW1:eth2:10+access_vlan:SW2:eth1:20+trunk_remove:SW1:eth3:10,6571,6584,0.6873075,-16.5,13,True,False,True,False,False,incorrect_declare_done,0.14563294528768614,13,10,1,0,6,5,4,0,3
570,2598,access_vlan:SW1:eth2:10+trunk_remove:SW1:eth3:10+trunk_remove:SW1:eth3:20+trunk_remove:SW2:eth3:10,6584,6593,0.6868799999999999,-14.15,9,True,False,True,False,False,incorrect_declare_done,0.06961502424544758,9,6,2,0,4,4,3,0,4
571,2599,access_vlan:SW1:eth1:20,6593,6598,0.6866425,7.3999999999999995,5,True,False,True,False,True,recovery_success,0.0865361213684082,5,2,1,0,3,3,1,1,0
572,2600,access_vlan:SW1:eth1:20+access_vlan:SW1:eth2:10,6598,6603,0.6864049999999999,6.749999999999999,5,True,False,True,False,True,recovery_success,0.06666907593607903,5,4,0,0,4,4,3,0,0
573,2601,access_vlan:SW1:eth1:20+access_vlan:SW1:eth2:10+access_vlan:SW2:eth1:20+access_vlan:SW2:eth2:10+trunk_remove:SW1:eth3:10+trunk_remove:SW2:eth3:10+trunk_remove:SW2:eth3:20,6603,6611,0.686025,-12.0,8,True,False,True,False,False,incorrect_declare_done,0.07027795538306236,8,4,1,0,0,0,0,0,2
574,2602,access_vlan:SW1:eth2:10+trunk_remove:SW2:eth3:20,6611,6613,0.6859299999999999,-10.850000000000001,2,True,False,True,False,False,incorrect_declare_done,0.04707172140479088,2,1,0,0,1,1,1,0,3
575,2603,access_vlan:SW1:eth1:20+access_vlan:SW2:eth1:20+access_vlan:SW2:eth2:10+trunk_remove:SW1:eth3:10+trunk_remove:SW2:eth3:10,6613,6621,0.68555,5.85,8,True,False,True,False,True,recovery_success,0.08817099593579769,8,7,0,0,4,4,3,1,0
576,2604,access_vlan:SW1:eth1:20+access_vlan:SW2:eth2:10+trunk_remove:SW1:eth3:20,6621,6638,0.6847425,-16.2,17,True,False,True,False,False,incorrect_declare_done,0.0603844256085508,17,14,1,0,3,1,3,0,3
577,2605,access_vlan:SW2:eth2:10+trunk_remove:SW1:eth3:20,6638,6662,0.6836025,-26.300000000000008,24,True,False,True,False,False,incorrect_declare_done,0.099063525442034,24,19,1,0,19,6,13,3,3
578,2606,access_vlan:SW1:eth1:20+access_vlan:SW2:eth1:20+trunk_remove:SW2:eth3:10,6662,6672,0.6831275,7.05,10,True,False,True,False,True,recovery_success,0.09213329032063484,10,6,2,0,1,1,1,0,0
579,2607,access_vlan:SW2:eth1:20+trunk_remove:SW1:eth3:10+trunk_remove:SW2:eth3:10+trunk_remove:SW2:eth3:20,6672,6673,0.68308,-10.05,1,True,False,True,False,False,incorrect_declare_done,0.1716095507144928,1,0,0,0,0,0,0,0,3
580,2608,access_vlan:SW1:eth2:10+access_vlan:SW2:eth1:20+access_vlan:SW2:eth2:10+trunk_remove:SW1:eth3:10+trunk_remove:SW1:eth3:20+trunk_remove:SW2:eth3:10,6673,6697,0.68194,-20.950000000000003,24,True,False,True,False,False,incorrect_declare_done,0.09818539900394778,24,21,0,0,8,3,7,1,1
581,2609,access_vlan:SW1:eth1:20+access_vlan:SW1:eth2:10+access_vlan:SW2:eth2:10+trunk_remove:SW1:eth3:20,6697,6727,0.680515,-19.400000000000002,30,True,False,False,True,False,step_limit,0.05826245378702879,30,22,4,0,22,6,13,3,0
582,2610,access_vlan:SW1:eth1:20+access_vlan:SW2:eth1:20+access_vlan:SW2:eth2:10+trunk_remove:SW1:eth3:10+trunk_remove:SW1:eth3:20+trunk_remove:SW2:eth3:10,6727,6732,0.6802775,-13.25,5,True,False,True,False,False,incorrect_declare_done,0.09820747151970863,5,4,0,0,4,4,3,0,3
583,2611,access_vlan:SW1:eth1:20+access_vlan:SW2:eth2:10+trunk_remove:SW1:eth3:20+trunk_remove:SW2:eth3:20,6732,6741,0.6798500000000001,-14.95,9,True,False,True,False,False,incorrect_declare_done,0.09971317069398032,9,8,0,0,5,5,4,0,3
584,2612,access_vlan:SW1:eth1:20+trunk_remove:SW1:eth3:10,6741,6766,0.6786625,-2.6500000000000057,25,True,False,True,False,True,recovery_success,0.08555125266313553,25,18,4,0,12,5,8,3,0
585,2613,access_vlan:SW1:eth2:10+access_vlan:SW2:eth1:20+access_vlan:SW2:eth2:10+trunk_remove:SW1:eth3:10,6766,6777,0.67814,-16.55,11,True,False,True,False,False,incorrect_declare_done,0.05380985665727745,11,9,0,0,7,4,6,0,4
586,2614,access_vlan:SW1:eth1:20+access_vlan:SW1:eth2:10+trunk_remove:SW1:eth3:20,6777,6782,0.6779025000000001,8.399999999999999,5,True,False,True,False,True,recovery_success,0.04769580811262131,5,3,1,0,1,1,1,0,0
587,2615,access_vlan:SW1:eth2:10+access_vlan:SW2:eth2:10+trunk_remove:SW1:eth3:10+trunk_remove:SW1:eth3:20+trunk_remove:SW2:eth3:20,6782,6807,0.676715,-20.1,25,True,False,True,False,False,incorrect_declare_done,0.0827386162430048,25,20,1,0,6,2,6,0,3
588,2616,access_vlan:SW2:eth1:20+access_vlan:SW2:eth2:10+trunk_remove:SW1:eth3:10+trunk_remove:SW2:eth3:20,6807,6835,0.675385,-23.050000000000008,28,True,False,True,False,False,incorrect_declare_done,0.10706361176978264,28,21,4,0,11,5,9,5,1
589,2617,access_vlan:SW1:eth1:20+access_vlan:SW1:eth2:10+access_vlan:SW2:eth1:20+trunk_remove:SW1:eth3:10,6835,6851,0.674625,2.6999999999999993,16,True,False,True,False,True,recovery_success,0.11617347778519616,16,10,5,0,7,6,5,1,0
590,2618,access_vlan:SW1:eth1:20+access_vlan:SW1:eth2:10+access_vlan:SW2:eth2:10+trunk_remove:SW1:eth3:10+trunk_remove:SW2:eth3:10,6851,6854,0.6744825,-11.15,3,True,False,True,False,False,incorrect_declare_done,0.053007099156578384,3,2,0,0,1,1,1,0,3
591,2619,access_vlan:SW1:eth2:10+access_vlan:SW2:eth1:20+access_vlan:SW2:eth2:10+trunk_remove:SW2:eth3:20,6854,6867,0.673865,-15.850000000000001,13,True,False,True,False,False,incorrect_declare_done,0.08101359869425113,13,10,2,0,5,4,3,0,3
592,2620,access_vlan:SW1:eth2:10+access_vlan:SW2:eth2:10+trunk_remove:SW2:eth3:10,6867,6873,0.6735800000000001,-11.55,6,True,False,True,False,False,incorrect_declare_done,0.06125836679711938,6,5,0,0,0,0,0,0,2
593,2621,access_vlan:SW1:eth2:10+access_vlan:SW2:eth2:10+trunk_remove:SW1:eth3:10+trunk_remove:SW1:eth3:20+trunk_remove:SW2:eth3:20,6873,6889,0.67282,-18.049999999999997,16,True,False,True,False,False,incorrect_declare_done,0.1329507795162499,16,15,0,0,7,6,6,0,4
594,2622,access_vlan:SW1:eth1:20+trunk_remove:SW1:eth3:10+trunk_remove:SW2:eth3:20,6889,6919,0.671395,-14.050000000000004,30,True,False,False,True,False,step_limit,0.07820144494374594,30,26,3,0,11,5,8,0,3
595,2623,access_vlan:SW1:eth1:20+access_vlan:SW1:eth2:10+trunk_remove:SW1:eth3:10+trunk_remove:SW1:eth3:20+trunk_remove:SW2:eth3:10+trunk_remove:SW2:eth3:20,6919,6924,0.6711575000000001,-11.75,5,True,False,True,False,False,incorrect_declare_done,0.17561965249478817,5,4,0,0,1,1,1,0,2
596,2624,access_vlan:SW1:eth1:20+access_vlan:SW2:eth2:10+trunk_remove:SW1:eth3:10+trunk_remove:SW1:eth3:20+trunk_remove:SW2:eth3:10,6924,6928,0.6709675,-11.450000000000001,4,True,False,True,False,False,incorrect_declare_done,0.05354579258710146,4,3,0,0,1,1,1,0,4
597,2625,access_vlan:SW2:eth2:10+trunk_remove:SW2:eth3:10,6928,6942,0.6703025,-17.8,14,True,False,True,False,False,incorrect_declare_done,0.08359678209360157,14,11,1,0,8,5,5,1,3
598,2626,access_vlan:SW1:eth1:20+access_vlan:SW1:eth2:10+access_vlan:SW2:eth2:10,6942,6956,0.6696375,-18.3,14,True,False,True,False,False,incorrect_declare_done,0.10345555110169309,14,11,1,0,9,5,5,1,3
599,2627,access_vlan:SW2:eth1:20+access_vlan:SW2:eth2:10+trunk_remove:SW1:eth3:20+trunk_remove:SW2:eth3:10+trunk_remove:SW2:eth3:20,6956,6959,0.669495,-11.65,3,True,False,True,False,False,incorrect_declare_done,0.04682899142305056,3,2,0,0,2,2,2,0,4
600,2628,access_vlan:SW1:eth1:20+access_vlan:SW1:eth2:10+trunk_remove:SW1:eth3:10+trunk_remove:SW1:eth3:20+trunk_remove:SW2:eth3:20,6959,6960,0.6694475,-10.05,1,True,False,True,False,False,incorrect_declare_done,0.0774737223982811,1,0,0,0,0,0,0,0,2
601,2629,access_vlan:SW1:eth2:10+trunk_remove:SW1:eth3:10+trunk_remove:SW1:eth3:20,6960,6990,0.6680225,-14.250000000000007,30,True,False,False,True,False,step_limit,0.08011876394351324,30,24,5,0,12,6,11,1,0
602,2630,trunk_remove:SW2:eth3:10,6990,6993,0.66788,-11.65,3,True,False,True,False,False,incorrect_declare_done,0.02791033685207367,3,1,0,0,2,2,1,0,1
603,2631,access_vlan:SW1:eth1:20+access_vlan:SW2:eth1:20+trunk_remove:SW2:eth3:10,6993,6995,0.6677850000000001,-10.350000000000001,2,True,False,True,False,False,incorrect_declare_done,0.06414532847702503,2,1,0,0,0,0,0,0,4
604,2632,access_vlan:SW2:eth2:10+trunk_remove:SW1:eth3:10+trunk_remove:SW2:eth3:10,6995,7000,0.6675475,-11.75,5,True,False,True,False,False,incorrect_declare_done,0.04839004948735237,5,4,0,0,1,1,1,0,3
605,2633,access_vlan:SW2:eth2:10+trunk_remove:SW2:eth3:10,7000,7019,0.666645,-19.150000000000002,19,True,False,True,False,False,incorrect_declare_done,0.2735282806189437,19,16,2,0,8,5,6,2,2
606,2634,access_vlan:SW1:eth1:20+access_vlan:SW1:eth2:10+trunk_remove:SW1:eth3:10+trunk_remove:SW2:eth3:20,7019,7049,0.66522,-17.700000000000006,30,True,False,False,True,False,step_limit,0.1442426716287931,30,23,2,0,18,5,14,0,3
607,2635,access_vlan:SW1:eth1:20+access_vlan:SW1:eth2:10+access_vlan:SW2:eth1:20+access_vlan:SW2:eth2:10+trunk_remove:SW1:eth3:10+trunk_remove:SW1:eth3:20+trunk_remove:SW2:eth3:10+trunk_remove:SW2:eth3:20,7049,7057,0.66484,-13.65,8,True,False,True,False,False,incorrect_declare_done,0.1531428238376975,8,7,0,0,3,3,2,0,3
608,2636,trunk_remove:SW1:eth3:10+trunk_remove:SW1:eth3:20+trunk_remove:SW2:eth3:10+trunk_remove:SW2:eth3:20,7057,7076,0.6639375000000001,-20.300000000000004,19,True,False,True,False,False,incorrect_declare_done,0.06482225185946415,19,16,1,0,10,6,5,3,4
609,2637,access_vlan:SW1:eth1:20+access_vlan:SW1:eth2:10+access_vlan:SW2:eth1:20+access_vlan:SW2:eth2:10+trunk_remove:SW1:eth3:10+trunk_remove:SW1:eth3:20+trunk_remove:SW2:eth3:10,7076,7078,0.6638425,-10.200000000000001,2,True,False,True,False,False,incorrect_declare_done,0.06688226386904716,2,0,1,0,0,0,0,0,2
610,2638,access_vlan:SW2:eth1:20+access_vlan:SW2:eth2:10+trunk_remove:SW1:eth3:20+trunk_remove:SW2:eth3:10+trunk_remove:SW2:eth3:20,7078,7108,0.6624175,-15.950000000000012,30,True,False,False,True,False,step_limit,0.08334854207932949,30,21,7,0,16,6,12,3,0
611,2639,access_vlan:SW2:eth2:10+trunk_remove:SW2:eth3:10+trunk_remove:SW2:eth3:20,7108,7126,0.6615625,2.1500000000000004,18,True,False,True,False,True,recovery_success,0.11011716164648533,18,14,2,0,6,4,5,0,0
612,2640,access_vlan:SW2:eth2:10+trunk_remove:SW1:eth3:10+trunk_remove:SW2:eth3:10,7126,7127,0.6615150000000001,-10.05,1,True,False,True,False,False,incorrect_declare_done,0.051960889250040054,1,0,0,0,0,0,0,0,3
613,2641,access_vlan:SW1:eth1:20+access_vlan:SW2:eth1:20+access_vlan:SW2:eth2:10+trunk_remove:SW1:eth3:10+trunk_remove:SW1:eth3:20+trunk_remove:SW2:eth3:10+trunk_remove:SW2:eth3:20,7127,7142,0.6608025,-15.95,15,True,False,True,False,False,incorrect_declare_done,0.07609214323262374,15,9,2,0,4,2,4,0,3
614,2642,access_vlan:SW1:eth1:20+access_vlan:SW1:eth2:10+access_vlan:SW2:eth1:20+trunk_remove:SW1:eth3:10+trunk_remove:SW2:eth3:20,7142,7172,0.6593775000000001,-14.600000000000007,30,True,False,False,True,False,step_limit,0.10678636155401668,30,22,6,0,13,4,10,7,1
615,2643,access_vlan:SW1:eth1:20+access_vlan:SW2:eth1:20+trunk_remove:SW2:eth3:10,7172,7199,0.6580950000000001,-28.050000000000008,27,True,False,True,False,False,incorrect_declare_done,0.09925058553064312,27,24,2,0,21,6,14,4,3
616,2644,access_vlan:SW1:eth1:20+access_vlan:SW2:eth1:20+access_vlan:SW2:eth2:10+trunk_remove:SW1:eth3:10+trunk_remove:SW1:eth3:20+trunk_remove:SW2:eth3:20,7199,7226,0.6568125,-22.700000000000003,27,True,False,True,False,False,incorrect_declare_done,0.08446915868531775,27,24,1,0,10,4,10,0,3
617,2645,access_vlan:SW1:eth1:20+access_vlan:SW1:eth2:10+access_vlan:SW2:eth2:10+trunk_remove:SW1:eth3:10,7226,7242,0.6560525,-0.9000000000000021,16,True,False,True,False,True,recovery_success,0.1268972244579345,16,14,1,0,13,5,8,2,0
618,2646,access_vlan:SW1:eth2:10+access_vlan:SW2:eth1:20+trunk_remove:SW1:eth3:10+trunk_remove:SW2:eth3:10+trunk_remove:SW2:eth3:20,7242,7256,0.6553875,-16.95,14,True,False,True,False,False,incorrect_declare_done,0.10058585394706045,14,13,0,0,6,3,5,3,3
619,2647,access_vlan:SW1:eth2:10+access_vlan:SW2:eth1:20+trunk_remove:SW1:eth3:10+trunk_remove:SW2:eth3:20,7256,7265,0.65496,-14.3,9,True,False,True,False,False,incorrect_declare_done,0.10929865390062332,9,7,1,0,4,4,2,2,3
620,2648,access_vlan:SW1:eth1:20+access_vlan:SW1:eth2:10+trunk_remove:SW2:eth3:20,7265,7272,0.6546275,-13.850000000000001,7,True,False,True,False,False,incorrect_declare_done,0.11238415858575276,7,6,0,0,4,3,3,0,1
621,2649,access_vlan:SW2:eth1:20+access_vlan:SW2:eth2:10+trunk_remove:SW1:eth3:10+trunk_remove:SW2:eth3:10+trunk_remove:SW2:eth3:20,7272,7274,0.6545325,-10.850000000000001,2,True,False,True,False,False,incorrect_declare_done,0.2405625656247139,2,1,0,0,1,1,1,0,3
622,2650,access_vlan:SW2:eth2:10+trunk_remove:SW1:eth3:10+trunk_remove:SW1:eth3:20+trunk_remove:SW2:eth3:10+trunk_remove:SW2:eth3:20,7274,7287,0.653915,-17.65,13,True,False,True,False,False,incorrect_declare_done,0.0876204023280969,13,10,0,0,8,5,5,2,3
623,2651,access_vlan:SW1:eth1:20+trunk_remove:SW2:eth3:10+trunk_remove:SW2:eth3:20,7287,7310,0.6528225000000001,-22.150000000000006,23,True,False,True,False,False,incorrect_declare_done,0.10380723659435044,23,22,0,0,11,5,7,1,3
624,2652,access_vlan:SW1:eth2:10+access_vlan:SW2:eth2:10+trunk_remove:SW1:eth3:10+trunk_remove:SW2:eth3:10,7310,7327,0.652015,-16.7,17,True,False,True,False,False,incorrect_declare_done,0.14793207123875618,17,15,1,0,4,3,4,0,1
625,2653,access_vlan:SW1:eth1:20+access_vlan:SW1:eth2:10+access_vlan:SW2:eth2:10+trunk_remove:SW1:eth3:10+trunk_remove:SW1:eth3:20+trunk_remove:SW2:eth3:10+trunk_remove:SW2:eth3:20,7327,7336,0.6515875,-13.45,9,True,False,True,False,False,incorrect_declare_done,0.13251052755448553,9,8,0,0,2,2,2,0,1
626,2654,access_vlan:SW1:eth1:20+access_vlan:SW1:eth2:10+access_vlan:SW2:eth1:20+trunk_remove:SW1:eth3:10+trunk_remove:SW2:eth3:20,7336,7347,0.651065,4.8999999999999995,11,True,False,True,False,True,recovery_success,0.08551704951307991,11,6,3,0,5,4,4,0,0
627,2655,access_vlan:SW1:eth1:20+access_vlan:SW1:eth2:10+access_vlan:SW2:eth1:20+access_vlan:SW2:eth2:10+trunk_remove:SW2:eth3:10,7347,7358,0.6505425,3.5999999999999996,11,True,False,True,False,True,recovery_success,0.17846787788651206,11,9,1,0,7,5,4,1,0
628,2656,access_vlan:SW1:eth1:20+access_vlan:SW2:eth1:20,7358,7384,0.6493075,-3.1000000000000068,26,True,False,True,False,True,recovery_success,0.1047621755502545,26,22,3,0,12,5,7,3,0
629,2657,access_vlan:SW1:eth2:10+access_vlan:SW2:eth1:20+access_vlan:SW2:eth2:10+trunk_remove:SW2:eth3:20,7384,7400,0.6485475,-19.750000000000004,16,True,False,True,False,False,incorrect_declare_done,0.08898587466683239,16,13,2,0,11,6,8,3,1
630,2658,access_vlan:SW1:eth2:10+access_vlan:SW2:eth1:20+access_vlan:SW2:eth2:10,7400,7407,0.648215,-14.850000000000001,7,True,False,True,False,False,incorrect_declare_done,0.05004342326096126,7,6,0,0,6,4,4,0,3
631,2659,access_vlan:SW1:eth1:20+trunk_remove:SW1:eth3:10+trunk_remove:SW1:eth3:20+trunk_remove:SW2:eth3:20,7407,7426,0.6473125,1.6500000000000004,19,True,False,True,False,True,recovery_success,0.11406341371567626,19,12,4,0,7,4,4,2,0
632,2660,access_vlan:SW1:eth1:20+access_vlan:SW2:eth1:20+access_vlan:SW2:eth2:10+trunk_remove:SW1:eth3:10,7426,7437,0.64679,-15.05,11,True,False,True,False,False,incorrect_declare_done,0.11571927554905415,11,10,0,0,4,3,4,0,2
633,2661,access_vlan:SW1:eth1:20+access_vlan:SW1:eth2:10+access_vlan:SW2:eth1:20+access_vlan:SW2:eth2:10+trunk_remove:SW2:eth3:10,7437,7467,0.645365,-15.950000000000006,30,True,False,False,True,False,step_limit,0.09866596776992083,30,21,7,0,16,6,8,2,0
634,2662,access_vlan:SW1:eth1:20+access_vlan:SW2:eth2:10+trunk_remove:SW1:eth3:10+trunk_remove:SW1:eth3:20,7467,7473,0.6450800000000001,-12.05,6,True,False,True,False,False,incorrect_declare_done,0.06571714735279481,6,5,0,0,1,1,1,1,1
635,2663,access_vlan:SW1:eth2:10+trunk_remove:SW1:eth3:10+trunk_remove:SW2:eth3:20,7473,7488,0.6443675,2.4000000000000004,15,True,False,True,False,True,recovery_success,0.11675915954013666,15,13,1,0,7,5,5,1,0
636,2664,access_vlan:SW2:eth1:20+access_vlan:SW2:eth2:10+trunk_remove:SW1:eth3:10+trunk_remove:SW2:eth3:20,7488,7497,0.64394,-12.5,9,True,False,True,False,False,incorrect_declare_done,0.12154872487816545,9,4,3,0,1,1,1,0,1
637,2665,access_vlan:SW1:eth1:20+access_vlan:SW1:eth2:10+access_vlan:SW2:eth1:20+access_vlan:SW2:eth2:10+trunk_remove:SW1:eth3:10+trunk_remove:SW2:eth3:10+trunk_remove:SW2:eth3:20,7497,7508,0.6434175,-13.9,11,True,False,True,False,False,incorrect_declare_done,0.25208690542389045,11,9,1,0,2,2,2,0,3
638,2666,access_vlan:SW1:eth1:20+trunk_remove:SW1:eth3:10+trunk_remove:SW2:eth3:10+trunk_remove:SW2:eth3:20,7508,7510,0.6433225,-10.850000000000001,2,True,False,True,False,False,incorrect_declare_done,0.24156389385461807,2,1,0,0,1,1,1,0,3
639,2667,trunk_remove:SW1:eth3:10+trunk_remove:SW2:eth3:20,7510,7522,0.6427525000000001,-16.35,12,True,False,True,False,False,incorrect_declare_done,0.21287965712447962,12,10,0,0,6,4,5,0,3
640,2668,trunk_remove:SW2:eth3:10+trunk_remove:SW2:eth3:20,7522,7537,0.6420399999999999,3.55,15,True,False,True,False,True,recovery_success,0.13905394300818444,15,12,2,0,5,4,3,1,0
641,2669,access_vlan:SW1:eth1:20+access_vlan:SW2:eth1:20+access_vlan:SW2:eth2:10+trunk_remove:SW1:eth3:20+trunk_remove:SW2:eth3:10+trunk_remove:SW2:eth3:20,7537,7539,0.641945,-10.350000000000001,2,True,False,True,False,False,incorrect_declare_done,0.06865346245467663,2,1,0,0,0,0,0,0,3
642,2670,access_vlan:SW1:eth2:10+trunk_remove:SW1:eth3:20+trunk_remove:SW2:eth3:10,7539,7550,0.6414225,-15.55,11,True,False,True,False,False,incorrect_declare_done,0.1000339537858963,11,10,0,0,5,4,3,0,4
643,2671,access_vlan:SW1:eth1:20+access_vlan:SW2:eth1:20+access_vlan:SW2:eth2:10+trunk_remove:SW1:eth3:20+trunk_remove:SW2:eth3:20,7550,7554,0.6412325000000001,-11.450000000000001,4,True,False,True,False,False,incorrect_declare_done,0.08462231699377298,4,3,0,0,1,1,1,0,3
644,2672,access_vlan:SW2:eth2:10+trunk_remove:SW1:eth3:10+trunk_remove:SW1:eth3:20,7554,7570,0.6404725,-19.4,16,True,False,True,False,False,incorrect_declare_done,0.12515746080316603,16,12,1,0,10,6,9,0,3
645,2673,access_vlan:SW1:eth1:20+access_vlan:SW2:eth2:10+trunk_remove:SW1:eth3:20,7570,7572,0.6403775,-10.850000000000001,2,True,False,True,False,False,incorrect_declare_done,0.22162076830863953,2,1,0,0,1,1,1,0,3
646,2674,trunk_remove:SW2:eth3:10,7572,7586,0.6397125,-17.8,14,True,False,True,False,False,incorrect_declare_done,0.07901735031711203,14,11,1,0,8,6,5,2,4
647,2675,access_vlan:SW1:eth1:20+access_vlan:SW2:eth2:10+trunk_remove:SW1:eth3:20+trunk_remove:SW2:eth3:10+trunk_remove:SW2:eth3:20,7586,7587,0.6396649999999999,-10.05,1,True,False,True,False,False,incorrect_declare_done,0.10947833210229874,1,0,0,0,0,0,0,0,4
648,2676,access_vlan:SW1:eth2:10+access_vlan:SW2:eth2:10+trunk_remove:SW1:eth3:20+trunk_remove:SW2:eth3:20,7587,7590,0.6395225,-12.15,3,True,False,True,False,False,incorrect_declare_done,0.15973617136478424,3,2,0,0,3,3,2,0,4
649,2677,access_vlan:SW2:eth1:20+trunk_remove:SW1:eth3:10+trunk_remove:SW1:eth3:20+trunk_remove:SW2:eth3:10,7590,7594,0.6393325000000001,-11.450000000000001,4,True,False,True,False,False,incorrect_declare_done,0.0670882947742939,4,3,0,0,1,1,1,0,3
650,2678,access_vlan:SW2:eth2:10+trunk_remove:SW2:eth3:20,7594,7607,0.6387149999999999,3.1499999999999995,13,True,False,True,False,True,recovery_success,0.10142338247253345,13,10,2,0,7,5,5,2,0
651,2679,access_vlan:SW2:eth2:10+trunk_remove:SW1:eth3:10+trunk_remove:SW2:eth3:10,7607,7609,0.63862,-10.850000000000001,2,True,False,True,False,False,incorrect_declare_done,0.06698266416788101,2,1,0,0,1,1,1,0,4
652,2680,trunk_remove:SW1:eth3:10+trunk_remove:SW1:eth3:20+trunk_remove:SW2:eth3:20,7609,7614,0.6383825000000001,-12.25,5,True,False,True,False,False,incorrect_declare_done,0.10924022272229195,5,4,0,0,2,1,2,0,3
653,2681,access_vlan:SW1:eth2:10+trunk_remove:SW1:eth3:10+trunk_remove:SW1:eth3:20+trunk_remove:SW2:eth3:10+trunk_remove:SW2:eth3:20,7614,7617,0.6382399999999999,-10.65,3,True,False,True,False,False,incorrect_declare_done,0.13890981674194336,3,2,0,0,0,0,0,0,2
654,2682,access_vlan:SW1:eth1:20+access_vlan:SW2:eth2:10+trunk_remove:SW1:eth3:20+trunk_remove:SW2:eth3:20,7617,7627,0.637765,-13.95,10,True,False,True,False,False,incorrect_declare_done,0.0842331413179636,10,5,2,0,3,3,2,1,3
655,2683,access_vlan:SW2:eth1:20+access_vlan:SW2:eth2:10+trunk_remove:SW1:eth3:20+trunk_remove:SW2:eth3:10+trunk_remove:SW2:eth3:20,7627,7628,0.6377174999999999,-10.05,1,True,False,True,False,False,incorrect_declare_done,0.05005372688174248,1,0,0,0,0,0,0,0,2
656,2684,trunk_remove:SW1:eth3:10+trunk_remove:SW2:eth3:20,7628,7644,0.6369575000000001,-19.400000000000002,16,True,False,True,False,False,incorrect_declare_done,0.148105189204216,16,13,1,0,10,5,7,0,2
657,2685,access_vlan:SW1:eth1:20+access_vlan:SW1:eth2:10+access_vlan:SW2:eth1:20+trunk_remove:SW1:eth3:10+trunk_remove:SW1:eth3:20,7644,7657,0.63634,-17.05,13,True,False,True,False,False,incorrect_declare_done,0.09700990711840299,13,6,4,0,8,6,5,0,3
658,2686,access_vlan:SW1:eth1:20+access_vlan:SW1:eth2:10+access_vlan:SW2:eth2:10+trunk_remove:SW1:eth3:10+trunk_remove:SW1:eth3:20+trunk_remove:SW2:eth3:10+trunk_remove:SW2:eth3:20,7657,7663,0.636055,-12.55,6,True,False,True,False,False,incorrect_declare_done,0.11829374295969804,6,5,0,0,2,2,2,0,3
659,2687,access_vlan:SW1:eth1:20+trunk_remove:SW2:eth3:20,7663,7668,0.6358174999999999,8.75,5,True,False,True,False,True,recovery_success,0.11941996589303017,5,4,0,0,0,0,0,0,0
660,2688,access_vlan:SW1:eth1:20+trunk_remove:SW1:eth3:10+trunk_remove:SW1:eth3:20+trunk_remove:SW2:eth3:10+trunk_remove:SW2:eth3:20,7668,7698,0.6343924999999999,-15.050000000000008,30,True,False,False,True,False,step_limit,0.08765450821568568,30,25,3,0,13,5,10,6,2
661,2689,access_vlan:SW1:eth1:20+access_vlan:SW1:eth2:10+access_vlan:SW2:eth1:20+access_vlan:SW2:eth2:10+trunk_remove:SW1:eth3:10+trunk_remove:SW1:eth3:20+trunk_remove:SW2:eth3:10+trunk_remove:SW2:eth3:20,7698,7699,0.6343449999999999,-10.05,1,True,False,True,False,False,incorrect_declare_done,0.33576637506484985,1,0,0,0,0,0,0,0,2
662,2690,trunk_remove:SW1:eth3:20+trunk_remove:SW2:eth3:10+trunk_remove:SW2:eth3:20,7699,7701,0.63425,-10.350000000000001,2,True,False,True,False,False,incorrect_declare_done,0.2048203805461526,2,1,0,0,0,0,0,0,2
663,2691,access_vlan:SW1:eth1:20+access_vlan:SW2:eth2:10+trunk_remove:SW2:eth3:10,7701,7719,0.6333949999999999,-20.200000000000003,18,True,False,True,False,False,incorrect_declare_done,0.10956605296168062,18,13,3,0,11,6,7,2,3
664,2692,access_vlan:SW1:eth2:10+access_vlan:SW2:eth1:20+trunk_remove:SW1:eth3:20+trunk_remove:SW2:eth3:10,7719,7749,0.6319699999999999,-19.55,30,True,False,False,True,False,step_limit,0.12963725024213393,30,23,3,0,22,6,12,5,3
665,2693,access_vlan:SW1:eth1:20+access_vlan:SW1:eth2:10+access_vlan:SW2:eth2:10+trunk_remove:SW1:eth3:20+trunk_remove:SW2:eth3:10,7749,7755,0.631685,-12.55,6,True,False,True,False,False,incorrect_declare_done,0.06836029638846715,6,4,0,0,2,2,2,0,3
666,2694,access_vlan:SW1:eth1:20+access_vlan:SW2:eth1:20+access_vlan:SW2:eth2:10+trunk_remove:SW1:eth3:10+trunk_remove:SW2:eth3:10,7755,7760,0.6314474999999999,-12.25,5,True,False,True,False,False,incorrect_declare_done,0.10883965194225312,5,4,0,0,2,2,1,0,4
667,2695,access_vlan:SW1:eth2:10+access_vlan:SW2:eth2:10+trunk_remove:SW1:eth3:20+trunk_remove:SW2:eth3:10+trunk_remove:SW2:eth3:20,7760,7773,0.63083,5.5,13,True,False,True,False,True,recovery_success,0.16041369592914215,13,10,1,0,2,2,2,0,0
668,2696,access_vlan:SW2:eth1:20+access_vlan:SW2:eth2:10+trunk_remove:SW1:eth3:20+trunk_remove:SW2:eth3:10+trunk_remove:SW2:eth3:20,7773,7803,0.629405,-18.35000000000001,30,True,False,False,True,False,step_limit,0.10406632119168838,30,28,1,0,19,6,15,2,3
669,2697,trunk_remove:SW1:eth3:20+trunk_remove:SW2:eth3:10+trunk_remove:SW2:eth3:20,7803,7811,0.629025,-12.5,8,True,False,True,False,False,incorrect_declare_done,0.0992280445061624,8,5,1,0,1,1,1,0,2
670,2698,access_vlan:SW1:eth1:20+access_vlan:SW1:eth2:10+trunk_remove:SW2:eth3:20,7811,7831,0.6280749999999999,-24.750000000000004,20,True,False,True,False,False,incorrect_declare_done,0.13357618302106858,20,18,0,0,18,6,10,2,4
671,2699,trunk_remove:SW1:eth3:20+trunk_remove:SW2:eth3:10,7831,7842,0.6275525,-15.55,11,True,False,True,False,False,incorrect_declare_done,0.09704832834276286,11,9,0,0,5,2,5,0,2
672,2700,access_vlan:SW2:eth1:20+access_vlan:SW2:eth2:10+trunk_remove:SW1:eth3:10+trunk_remove:SW1:eth3:20,7842,7844,0.6274575,-10.850000000000001,2,True,False,True,False,False,incorrect_declare_done,0.040676768869161606,2,1,0,0,1,1,1,0,3
673,2701,access_vlan:SW1:eth1:20+access_vlan:SW1:eth2:10+access_vlan:SW2:eth1:20+access_vlan:SW2:eth2:10+trunk_remove:SW2:eth3:10,7844,7854,0.6269825,5.049999999999999,10,True,False,True,False,True,recovery_success,0.14296921156346798,10,7,2,0,5,5,4,1,0
674,2702,access_vlan:SW1:eth1:20+trunk_remove:SW1:eth3:10+trunk_remove:SW2:eth3:20,7854,7861,0.6266499999999999,8.299999999999999,7,True,False,True,False,True,recovery_success,0.09234974001135145,7,5,1,0,0,0,0,0,0
675,2703,access_vlan:SW2:eth1:20+access_vlan:SW2:eth2:10+trunk_remove:SW1:eth3:10+trunk_remove:SW2:eth3:10+trunk_remove:SW2:eth3:20,7861,7862,0.6266025,-10.05,1,True,False,True,False,False,incorrect_declare_done,0.06049508973956108,1,0,0,0,0,0,0,0,2
676,2704,access_vlan:SW1:eth2:10+access_vlan:SW2:eth2:10+trunk_remove:SW1:eth3:20+trunk_remove:SW2:eth3:10+trunk_remove:SW2:eth3:20,7862,7864,0.6265075,-10.200000000000001,2,True,False,True,False,False,incorrect_declare_done,0.0593920461833477,2,0,1,0,0,0,0,0,4
677,2705,access_vlan:SW1:eth2:10+trunk_remove:SW2:eth3:10,7864,7891,0.6252249999999999,-23.050000000000008,27,True,False,True,False,False,incorrect_declare_done,0.14518538538228581,27,23,2,0,11,5,11,0,2
678,2706,access_vlan:SW2:eth1:20+access_vlan:SW2:eth2:10+trunk_remove:SW2:eth3:10,7891,7906,0.6245125,-18.1,15,True,False,True,False,False,incorrect_declare_done,0.1002133051554362,15,12,1,0,8,6,6,0,3
679,2707,access_vlan:SW1:eth1:20+access_vlan:SW1:eth2:10+access_vlan:SW2:eth1:20+trunk_remove:SW2:eth3:10,7906,7928,0.6234675000000001,-20.700000000000003,22,True,False,True,False,False,incorrect_declare_done,0.10729345780881969,22,19,1,0,9,3,9,0,3
680,2708,access_vlan:SW1:eth2:10+trunk_remove:SW1:eth3:10+trunk_remove:SW1:eth3:20+trunk_remove:SW2:eth3:10,7928,7941,0.62285,-17.0,13,True,False,True,False,False,incorrect_declare_done,0.06207562868411724,13,10,1,0,7,5,5,1,3
681,2709,access_vlan:SW1:eth2:10+trunk_remove:SW1:eth3:20+trunk_remove:SW2:eth3:10+trunk_remove:SW2:eth3:20,7941,7951,0.622375,-13.75,10,True,False,True,False,False,incorrect_declare_done,0.060315837524831294,10,9,0,0,2,2,2,0,3
682,2710,access_vlan:SW1:eth1:20+trunk_remove:SW1:eth3:20+trunk_remove:SW2:eth3:10+trunk_remove:SW2:eth3:20,7951,7966,0.6216625,4.55,15,True,False,True,False,True,recovery_success,0.08650527621308962,15,12,2,0,3,2,3,0,0
683,2711,access_vlan:SW1:eth1:20+access_vlan:SW2:eth2:10+trunk_remove:SW1:eth3:10+trunk_remove:SW2:eth3:10,7966,7975,0.621235,-12.8,9,True,False,True,False,False,incorrect_declare_done,0.06514796428382397,9,7,1,0,1,1,1,0,1
684,2712,access_vlan:SW1:eth2:10+access_vlan:SW2:eth1:20+access_vlan:SW2:eth2:10,7975,7983,0.6208549999999999,-15.15,8,True,False,True,False,False,incorrect_declare_done,0.1871764960233122,8,7,0,0,6,5,5,1,3
685,2713,access_vlan:SW1:eth1:20+access_vlan:SW1:eth2:10+trunk_remove:SW1:eth3:10+trunk_remove:SW1:eth3:20+trunk_remove:SW2:eth3:20,7983,7986,0.6207125,-11.15,3,True,False,True,False,False,incorrect_declare_done,0.09093782926599185,3,2,0,0,1,1,1,0,2
686,2714,access_vlan:SW1:eth2:10+trunk_remove:SW1:eth3:10+trunk_remove:SW2:eth3:20,7986,7987,0.620665,-10.05,1,True,False,True,False,False,incorrect_declare_done,0.04645313322544098,1,0,0,0,0,0,0,0,3
687,2715,access_vlan:SW1:eth1:20+access_vlan:SW1:eth2:10,7987,7999,0.6200950000000001,-17.7,12,True,False,True,False,False,incorrect_declare_done,0.0862867549682657,12,9,1,0,9,4,7,0,3
688,2716,access_vlan:SW1:eth1:20+access_vlan:SW2:eth2:10+trunk_remove:SW1:eth3:10+trunk_remove:SW1:eth3:20,7999,8000,0.6200475,-10.05,1,True,False,True,False,False,incorrect_declare_done,0.3265548348426819,1,0,0,0,0,0,0,0,4
689,2717,access_vlan:SW1:eth1:20+access_vlan:SW2:eth2:10+trunk_remove:SW1:eth3:20+trunk_remove:SW2:eth3:10+trunk_remove:SW2:eth3:20,8000,8009,0.6196200000000001,-13.3,9,True,False,True,False,False,incorrect_declare_done,0.3916798233985901,9,7,1,0,2,2,2,0,2
690,2718,access_vlan:SW2:eth1:20+trunk_remove:SW1:eth3:20+trunk_remove:SW2:eth3:10,8009,8012,0.6194775,-11.15,3,True,False,True,False,False,incorrect_declare_done,0.23888192077477774,3,2,0,0,1,1,1,0,4
691,2719,access_vlan:SW2:eth1:20+access_vlan:SW2:eth2:10+trunk_remove:SW1:eth3:10+trunk_remove:SW2:eth3:10,8012,8013,0.6194299999999999,-10.05,1,True,False,True,False,False,incorrect_declare_done,0.18566060066223145,1,0,0,0,0,0,0,0,3
692,2720,access_vlan:SW1:eth2:10,8013,8014,0.6193825,-10.05,1,True,False,True,False,False,incorrect_declare_done,0.1334526389837265,1,0,0,0,0,0,0,0,3
693,2721,access_vlan:SW1:eth2:10+trunk_remove:SW1:eth3:10+trunk_remove:SW2:eth3:10+trunk_remove:SW2:eth3:20,8014,8017,0.61924,-11.15,3,True,False,True,False,False,incorrect_declare_done,0.20578189194202423,3,2,0,0,1,1,1,0,4
694,2722,access_vlan:SW1:eth1:20+access_vlan:SW2:eth1:20+access_vlan:SW2:eth2:10+trunk_remove:SW1:eth3:10,8017,8018,0.6191925,-10.05,1,True,False,True,False,False,incorrect_declare_done,0.1280413568019867,1,0,0,0,0,0,0,0,3
695,2723,access_vlan:SW1:eth1:20+access_vlan:SW2:eth1:20+trunk_remove:SW1:eth3:10+trunk_remove:SW1:eth3:20,8018,8042,0.6180525,0.4999999999999982,24,True,False,True,False,True,recovery_success,0.15996292838826776,24,19,3,0,6,4,4,3,0
696,2724,access_vlan:SW1:eth1:20+trunk_remove:SW1:eth3:10,8042,8056,0.6173875,2.499999999999999,14,True,False,True,False,True,recovery_success,0.06452851290149349,14,10,3,0,8,5,5,3,0
697,2725,access_vlan:SW1:eth2:10+access_vlan:SW2:eth2:10+trunk_remove:SW2:eth3:10,8056,8086,0.6159625,-17.850000000000012,30,True,False,False,True,False,step_limit,0.12464511599391699,30,27,1,0,18,6,11,3,3
698,2726,access_vlan:SW1:eth1:20+access_vlan:SW1:eth2:10+access_vlan:SW2:eth1:20+trunk_remove:SW1:eth3:10+trunk_remove:SW1:eth3:20,8086,8088,0.6158675,-10.350000000000001,2,True,False,True,False,False,incorrect_declare_done,0.06259126402437687,2,1,0,0,0,0,0,0,3
699,2727,access_vlan:SW1:eth1:20+access_vlan:SW2:eth2:10+trunk_remove:SW1:eth3:10+trunk_remove:SW2:eth3:10,8088,8098,0.6153925,-13.600000000000001,10,True,False,True,False,False,incorrect_declare_done,0.10618007984012365,10,8,1,0,2,2,2,0,3
700,2728,access_vlan:SW1:eth1:20+access_vlan:SW2:eth1:20+trunk_remove:SW1:eth3:10+trunk_remove:SW2:eth3:10+trunk_remove:SW2:eth3:20,8098,8119,0.614395,-23.950000000000003,21,True,False,True,False,False,incorrect_declare_done,0.0871791106959184,21,16,4,0,17,6,9,4,3
701,2729,access_vlan:SW1:eth1:20+access_vlan:SW1:eth2:10+trunk_remove:SW1:eth3:20+trunk_remove:SW2:eth3:10+trunk_remove:SW2:eth3:20,8119,8149,0.61297,-17.35000000000001,30,True,False,False,True,False,step_limit,0.09572579171508551,30,26,1,0,17,6,14,2,3
702,2730,trunk_remove:SW1:eth3:20+trunk_remove:SW2:eth3:10,8149,8155,0.612685,-13.55,6,True,False,True,False,False,incorrect_declare_done,0.0579099440947175,6,5,0,0,4,4,2,1,3
703,2731,access_vlan:SW2:eth2:10+trunk_remove:SW1:eth3:10+trunk_remove:SW1:eth3:20,8155,8178,0.6115925,-22.000000000000007,23,True,False,True,False,False,incorrect_declare_done,0.09274784386481928,23,20,1,0,11,6,8,1,3
704,2732,access_vlan:SW1:eth2:10,8178,8191,0.610975,-15.05,13,True,False,True,False,False,incorrect_declare_done,0.09870286658406258,13,7,4,0,4,2,4,1,2
705,2733,access_vlan:SW2:eth1:20+access_vlan:SW2:eth2:10+trunk_remove:SW1:eth3:20+trunk_remove:SW2:eth3:20,8191,8197,0.61069,-13.4,6,True,False,True,False,False,incorrect_declare_done,0.10456273766855399,6,4,1,0,4,4,4,0,3
706,2734,access_vlan:SW1:eth1:20+access_vlan:SW2:eth1:20+access_vlan:SW2:eth2:10+trunk_remove:SW2:eth3:10,8197,8222,0.6095025000000001,-25.10000000000001,25,True,False,True,False,False,incorrect_declare_done,0.09074571266770363,25,22,1,0,16,5,10,6,1
707,2735,access_vlan:SW1:eth1:20+access_vlan:SW2:eth1:20+access_vlan:SW2:eth2:10+trunk_remove:SW1:eth3:10+trunk_remove:SW1:eth3:20,8222,8238,0.6087425,2.75,16,True,False,True,False,True,recovery_success,0.09248256520368159,16,11,2,0,6,3,5,2,0
708,2736,access_vlan:SW1:eth1:20+access_vlan:SW2:eth1:20+access_vlan:SW2:eth2:10+trunk_remove:SW1:eth3:10+trunk_remove:SW1:eth3:20+trunk_remove:SW2:eth3:20,8238,8268,0.6073175,-23.70000000000001,30,True,False,False,True,False,step_limit,0.10037371668343743,30,25,2,0,30,6,15,9,3
709,2737,access_vlan:SW1:eth1:20+access_vlan:SW1:eth2:10+trunk_remove:SW1:eth3:20+trunk_remove:SW2:eth3:20,8268,8270,0.6072225,-10.200000000000001,2,True,False,True,False,False,incorrect_declare_done,0.03363914228975773,2,0,1,0,0,0,0,0,3
710,2738,access_vlan:SW1:eth1:20+access_vlan:SW2:eth1:20+trunk_remove:SW1:eth3:10+trunk_remove:SW1:eth3:20+trunk_remove:SW2:eth3:10,8270,8279,0.606795,-13.45,9,True,False,True,False,False,incorrect_declare_done,0.12779183147682083,9,7,0,0,2,2,2,0,3
711,2739,access_vlan:SW1:eth1:20+access_vlan:SW2:eth1:20+access_vlan:SW2:eth2:10+trunk_remove:SW2:eth3:20,8279,8285,0.60651,-13.55,6,True,False,True,False,False,incorrect_declare_done,0.11170550528913736,6,5,0,0,4,3,4,0,3
712,2740,access_vlan:SW2:eth1:20+trunk_remove:SW1:eth3:10+trunk_remove:SW1:eth3:20,8285,8287,0.606415,-10.850000000000001,2,True,False,True,False,False,incorrect_declare_done,0.023065778426826,2,1,0,0,1,1,1,0,4
713,2741,access_vlan:SW1:eth1:20+access_vlan:SW2:eth2:10+trunk_remove:SW1:eth3:20+trunk_remove:SW2:eth3:10,8287,8307,0.605465,-22.6,20,True,False,True,False,False,incorrect_declare_done,0.07266780911013485,20,18,1,0,14,6,7,3,3
714,2742,access_vlan:SW2:eth1:20+trunk_remove:SW1:eth3:10+trunk_remove:SW1:eth3:20+trunk_remove:SW2:eth3:10,8307,8337,0.60404,-16.200000000000006,30,True,False,False,True,False,step_limit,0.08810216275354227,30,27,2,0,15,6,10,5,0
715,2743,access_vlan:SW2:eth2:10+trunk_remove:SW1:eth3:10,8337,8350,0.6034225,-16.15,13,True,False,True,False,False,incorrect_declare_done,0.0791716669471218,13,11,0,0,5,4,4,0,3
716,2744,access_vlan:SW2:eth1:20+access_vlan:SW2:eth2:10+trunk_remove:SW1:eth3:20+trunk_remove:SW2:eth3:10+trunk_remove:SW2:eth3:20,8350,8358,0.6030425,-13.15,8,True,False,True,False,False,incorrect_declare_done,0.056747653521597385,8,7,0,0,2,1,2,0,2
717,2745,access_vlan:SW1:eth1:20+access_vlan:SW1:eth2:10+access_vlan:SW2:eth2:10+trunk_remove:SW1:eth3:20+trunk_remove:SW2:eth3:20,8358,8359,0.602995,-10.05,1,True,False,True,False,False,incorrect_declare_done,0.04047428444027901,1,0,0,0,0,0,0,0,3
718,2746,access_vlan:SW1:eth2:10+access_vlan:SW2:eth1:20+trunk_remove:SW1:eth3:10+trunk_remove:SW1:eth3:20+trunk_remove:SW2:eth3:10+trunk_remove:SW2:eth3:20,8359,8368,0.6025675,-12.95,9,True,False,True,False,False,incorrect_declare_done,0.11076788190338346,9,7,0,0,1,1,1,0,3
719,2747,access_vlan:SW1:eth2:10+access_vlan:SW2:eth1:20+access_vlan:SW2:eth2:10+trunk_remove:SW1:eth3:20+trunk_remove:SW2:eth3:10,8368,8390,0.6015225,-19.900000000000002,22,True,False,True,False,False,incorrect_declare_done,0.11405685899609869,22,16,3,0,8,4,8,4,1
720,2748,access_vlan:SW2:eth2:10+trunk_remove:SW1:eth3:10+trunk_remove:SW2:eth3:10+trunk_remove:SW2:eth3:20,8390,8405,0.6008100000000001,5.8500000000000005,15,True,False,True,False,True,recovery_success,0.1324804766724507,15,9,4,0,1,1,1,0,0
721,2749,access_vlan:SW2:eth1:20+trunk_remove:SW1:eth3:10+trunk_remove:SW1:eth3:20+trunk_remove:SW2:eth3:10,8405,8417,0.60024,-15.85,12,True,False,True,False,False,incorrect_declare_done,0.08460066855574648,12,10,0,0,5,4,3,2,1
722,2750,access_vlan:SW1:eth1:20+access_vlan:SW1:eth2:10+access_vlan:SW2:eth1:20+access_vlan:SW2:eth2:10+trunk_remove:SW1:eth3:20+trunk_remove:SW2:eth3:20,8417,8419,0.600145,-11.350000000000001,2,True,False,True,False,False,incorrect_declare_done,0.06396662816405296,2,1,0,0,2,2,1,0,3
723,2751,trunk_remove:SW2:eth3:20,8419,8426,0.5998125000000001,7.3,7,True,False,True,False,True,recovery_success,0.08994785696268082,7,5,1,0,2,2,1,0,0
724,2752,access_vlan:SW1:eth2:10+trunk_remove:SW1:eth3:10+trunk_remove:SW1:eth3:20+trunk_remove:SW2:eth3:10,8426,8432,0.5995275,8.6,6,True,False,True,False,True,recovery_success,0.06392232390741508,6,4,1,0,0,0,0,0,0
725,2753,access_vlan:SW1:eth1:20+access_vlan:SW1:eth2:10+trunk_remove:SW2:eth3:10+trunk_remove:SW2:eth3:20,8432,8440,0.5991474999999999,5.499999999999999,8,True,False,True,False,True,recovery_success,0.11653460119850934,8,6,1,0,5,3,3,1,0
726,2754,access_vlan:SW1:eth1:20+access_vlan:SW2:eth2:10+trunk_remove:SW1:eth3:10+trunk_remove:SW2:eth3:10+trunk_remove:SW2:eth3:20,8440,8455,0.598435,3.9000000000000004,15,True,False,True,False,True,recovery_success,0.12909294962882994,15,9,1,0,4,3,4,1,0
727,2755,trunk_remove:SW1:eth3:10+trunk_remove:SW1:eth3:20+trunk_remove:SW2:eth3:20,8455,8459,0.598245,-11.450000000000001,4,True,False,True,False,False,incorrect_declare_done,0.030306616332381964,4,3,0,0,1,1,1,0,3
728,2756,access_vlan:SW1:eth1:20+access_vlan:SW1:eth2:10+access_vlan:SW2:eth2:10+trunk_remove:SW1:eth3:10+trunk_remove:SW2:eth3:20,8459,8467,0.5978650000000001,-14.15,8,True,False,True,False,False,incorrect_declare_done,0.0639193239621818,8,5,0,0,4,3,4,0,3
729,2757,access_vlan:SW1:eth1:20+access_vlan:SW2:eth2:10+trunk_remove:SW1:eth3:10+trunk_remove:SW2:eth3:20,8467,8478,0.5973425,-15.55,11,True,False,True,False,False,incorrect_declare_done,0.07736141302368858,11,10,0,0,5,3,4,2,3
730,2758,access_vlan:SW1:eth1:20+access_vlan:SW2:eth1:20+trunk_remove:SW1:eth3:10+trunk_remove:SW1:eth3:20+trunk_remove:SW2:eth3:10,8478,8491,0.596725,6.300000000000001,13,True,False,True,False,True,recovery_success,0.04941772597913559,13,9,3,0,1,1,1,0,0
731,2759,access_vlan:SW1:eth1:20+access_vlan:SW1:eth2:10+access_vlan:SW2:eth1:20+trunk_remove:SW1:eth3:20+trunk_remove:SW2:eth3:20,8491,8494,0.5965825,-11.15,3,True,False,True,False,False,incorrect_declare_done,0.045613703628381096,3,2,0,0,1,1,1,0,3
732,2760,access_vlan:SW2:eth1:20+access_vlan:SW2:eth2:10,8494,8504,0.5961075,3.8999999999999995,10,True,False,True,False,True,recovery_success,0.1143920175731182,10,8,1,0,7,6,4,2,0
733,2761,access_vlan:SW1:eth1:20+access_vlan:SW1:eth2:10+access_vlan:SW2:eth1:20+trunk_remove:SW2:eth3:10+trunk_remove:SW2:eth3:20,8504,8510,0.5958225,-14.55,6,True,False,True,False,False,incorrect_declare_done,0.15446959311763445,6,5,0,0,6,5,4,0,4
734,2762,access_vlan:SW1:eth1:20+access_vlan:SW2:eth1:20+trunk_remove:SW1:eth3:20,8510,8522,0.5952525,-19.200000000000003,12,True,False,True,False,False,incorrect_declare_done,0.18974655494093895,12,10,1,0,12,5,7,1,3
735,2763,access_vlan:SW1:eth1:20+access_vlan:SW1:eth2:10+access_vlan:SW2:eth2:10+trunk_remove:SW2:eth3:10,8522,8540,0.5943975,-19.650000000000002,18,True,False,True,False,False,incorrect_declare_done,0.1079569591416253,18,15,0,0,9,6,7,2,1
736,2764,access_vlan:SW1:eth2:10+access_vlan:SW2:eth1:20+trunk_remove:SW1:eth3:10+trunk_remove:SW2:eth3:20,8540,8570,0.5929725,-14.400000000000007,30,True,False,False,True,False,step_limit,0.06190742819259564,30,23,4,0,12,5,10,0,1
737,2765,access_vlan:SW1:eth1:20+access_vlan:SW2:eth2:10+trunk_remove:SW1:eth3:10+trunk_remove:SW1:eth3:20+trunk_remove:SW2:eth3:10,8570,8573,0.59283,-10.65,3,True,False,True,False,False,incorrect_declare_done,0.05791002636154493,3,2,0,0,0,0,0,0,3
738,2766,access_vlan:SW1:eth1:20+access_vlan:SW2:eth1:20+access_vlan:SW2:eth2:10+trunk_remove:SW1:eth3:20,8573,8580,0.5924975,7.949999999999999,7,True,False,True,False,True,recovery_success,0.165595926876579,7,4,2,0,1,1,1,0,0
739,2767,access_vlan:SW1:eth1:20+access_vlan:SW2:eth1:20+trunk_remove:SW2:eth3:10+trunk_remove:SW2:eth3:20,8580,8597,0.59169,-17.1,17,True,False,True,False,False,incorrect_declare_done,0.059900552691782225,17,11,5,0,6,6,5,1,1
740,2768,access_vlan:SW1:eth1:20+access_vlan:SW2:eth1:20+trunk_remove:SW2:eth3:10+trunk_remove:SW2:eth3:20,8597,8600,0.5915475,-10.65,3,True,False,True,False,False,incorrect_declare_done,0.045313735802968345,3,2,0,0,0,0,0,0,2
741,2769,access_vlan:SW1:eth2:10+trunk_remove:SW1:eth3:10+trunk_remove:SW2:eth3:10+trunk_remove:SW2:eth3:20,8600,8617,0.59074,-17.4,17,True,False,True,False,False,incorrect_declare_done,0.044214043218423336,17,13,3,0,6,5,5,0,3
742,2770,access_vlan:SW1:eth1:20+trunk_remove:SW1:eth3:20+trunk_remove:SW2:eth3:20,8617,8642,0.5895525,-23.650000000000006,25,True,False,True,False,False,incorrect_declare_done,0.08034175027161837,25,19,4,0,14,6,9,3,3
743,2771,access_vlan:SW1:eth2:10+trunk_remove:SW2:eth3:10,8642,8647,0.589315,-11.25,5,True,False,True,False,False,incorrect_declare_done,0.036073013022542,5,3,0,0,0,0,0,0,2
744,2772,access_vlan:SW1:eth2:10+access_vlan:SW2:eth2:10+trunk_remove:SW1:eth3:10+trunk_remove:SW1:eth3:20+trunk_remove:SW2:eth3:10+trunk_remove:SW2:eth3:20,8647,8663,0.588555,-17.9,16,True,False,True,False,False,incorrect_declare_done,0.11151941772550344,16,13,1,0,7,3,5,0,4
745,2773,access_vlan:SW1:eth1:20+access_vlan:SW1:eth2:10+access_vlan:SW2:eth1:20+access_vlan:SW2:eth2:10+trunk_remove:SW2:eth3:10,8663,8676,0.5879375,-17.65,13,True,False,True,False,False,incorrect_declare_done,0.09621122078253673,13,12,0,0,8,4,7,0,4
746,2774,access_vlan:SW1:eth2:10+trunk_remove:SW1:eth3:10+trunk_remove:SW2:eth3:10,8676,8687,0.587415,4.1,11,True,False,True,False,True,recovery_success,0.10553758963942528,11,9,1,0,6,5,2,2,0
747,2775,access_vlan:SW2:eth1:20+access_vlan:SW2:eth2:10+trunk_remove:SW1:eth3:10+trunk_remove:SW2:eth3:20,8687,8694,0.5870825000000001,-13.200000000000001,7,True,False,True,False,False,incorrect_declare_done,0.10349807143211365,7,5,1,0,3,2,2,0,3
748,2776,access_vlan:SW1:eth1:20+access_vlan:SW1:eth2:10+access_vlan:SW2:eth2:10+trunk_remove:SW1:eth3:10+trunk_remove:SW2:eth3:10+trunk_remove:SW2:eth3:20,8694,8705,0.58656,6.25,11,True,False,True,False,True,recovery_success,0.06938544389876453,11,8,2,0,2,2,2,0,0
749,2777,access_vlan:SW1:eth1:20+access_vlan:SW1:eth2:10+access_vlan:SW2:eth1:20+trunk_remove:SW1:eth3:10+trunk_remove:SW1:eth3:20+trunk_remove:SW2:eth3:20,8705,8720,0.5858475000000001,-16.75,15,True,False,True,False,False,incorrect_declare_done,0.11980223233501117,15,14,0,0,5,2,5,0,3
750,2778,access_vlan:SW2:eth1:20+access_vlan:SW2:eth2:10+trunk_remove:SW2:eth3:10,8720,8724,0.5856575,8.549999999999999,4,True,False,True,False,True,recovery_success,0.05150157958269119,4,3,0,0,1,1,1,0,0
751,2779,access_vlan:SW2:eth2:10+trunk_remove:SW2:eth3:10+trunk_remove:SW2:eth3:20,8724,8754,0.5842325,-17.200000000000006,30,True,False,False,True,False,step_limit,0.10713408465186755,30,16,12,0,20,6,11,2,3
752,2780,access_vlan:SW1:eth1:20+access_vlan:SW2:eth1:20+access_vlan:SW2:eth2:10+trunk_remove:SW1:eth3:10+trunk_remove:SW1:eth3:20+trunk_remove:SW2:eth3:10+trunk_remove:SW2:eth3:20,8754,8759,0.583995,-11.75,5,True,False,True,False,False,incorrect_declare_done,0.03895188383758068,5,4,0,0,1,1,1,0,2
753,2781,access_vlan:SW1:eth2:10+access_vlan:SW2:eth1:20+trunk_remove:SW2:eth3:10,8759,8789,0.58257,-16.350000000000005,30,True,False,False,True,False,step_limit,0.06853508042792479,30,16,11,0,18,6,12,2,3
754,2782,access_vlan:SW1:eth1:20+access_vlan:SW2:eth1:20+trunk_remove:SW1:eth3:20,8789,8792,0.5824275000000001,-11.15,3,True,False,True,False,False,incorrect_declare_done,0.032292106499274574,3,2,0,0,1,1,1,0,3
755,2783,access_vlan:SW1:eth2:10+access_vlan:SW2:eth1:20+trunk_remove:SW1:eth3:10+trunk_remove:SW1:eth3:20+trunk_remove:SW2:eth3:10+trunk_remove:SW2:eth3:20,8792,8793,0.58238,-10.05,1,True,False,True,False,False,incorrect_declare_done,0.035571787506341934,1,0,0,0,0,0,0,0,4
756,2784,access_vlan:SW1:eth1:20+access_vlan:SW2:eth1:20+access_vlan:SW2:eth2:10+trunk_remove:SW1:eth3:20+trunk_remove:SW2:eth3:20,8793,8795,0.582285,-10.200000000000001,2,True,False,True,False,False,incorrect_declare_done,0.18784093111753464,2,0,1,0,0,0,0,0,3
757,2785,access_vlan:SW1:eth1:20+access_vlan:SW1:eth2:10+trunk_remove:SW1:eth3:10,8795,8810,0.5815725,-17.95,15,True,False,True,False,False,incorrect_declare_done,0.08588522871335348,15,12,2,0,8,5,7,0,3
758,2786,access_vlan:SW1:eth1:20+access_vlan:SW1:eth2:10+access_vlan:SW2:eth2:10+trunk_remove:SW2:eth3:20,8810,8820,0.5810975,-14.1,10,True,False,True,False,False,incorrect_declare_done,0.06709312628954649,10,8,1,0,3,2,3,0,2
759,2787,access_vlan:SW1:eth2:10+access_vlan:SW2:eth1:20+trunk_remove:SW1:eth3:10+trunk_remove:SW2:eth3:10,8820,8839,0.580195,-19.400000000000002,19,True,False,True,False,False,incorrect_declare_done,0.06542120452382062,19,10,7,0,10,6,7,1,3
760,2788,access_vlan:SW1:eth2:10+access_vlan:SW2:eth1:20+access_vlan:SW2:eth2:10+trunk_remove:SW1:eth3:10+trunk_remove:SW1:eth3:20+trunk_remove:SW2:eth3:10+trunk_remove:SW2:eth3:20,8839,8857,0.57934,-15.9,18,True,False,True,False,False,incorrect_declare_done,0.07769948057830334,18,11,5,0,3,2,3,0,1
761,2789,access_vlan:SW1:eth1:20+access_vlan:SW2:eth2:10+trunk_remove:SW1:eth3:10,8857,8877,0.5783900000000001,-22.650000000000006,20,True,False,True,False,False,incorrect_declare_done,0.09603689657524228,20,14,4,0,15,6,11,0,3
762,2790,access_vlan:SW2:eth1:20+access_vlan:SW2:eth2:10+trunk_remove:SW1:eth3:10+trunk_remove:SW2:eth3:10,8877,8879,0.578295,-10.350000000000001,2,True,False,True,False,False,incorrect_declare_done,0.05436259415000677,2,1,0,0,0,0,0,0,3
763,2791,access_vlan:SW1:eth2:10+access_vlan:SW2:eth2:10+trunk_remove:SW1:eth3:10+trunk_remove:SW1:eth3:20+trunk_remove:SW2:eth3:10,8879,8894,0.5775825000000001,-15.95,15,True,False,True,False,False,incorrect_declare_done,0.12020563793679079,15,10,2,0,4,2,4,0,1
764,2792,access_vlan:SW1:eth1:20+access_vlan:SW1:eth2:10+trunk_remove:SW1:eth3:10+trunk_remove:SW1:eth3:20+trunk_remove:SW2:eth3:10+trunk_remove:SW2:eth3:20,8894,8909,0.57687,-16.3,15,True,False,True,False,False,incorrect_declare_done,0.08588997640957435,15,9,3,0,5,2,5,0,3
765,2793,access_vlan:SW1:eth1:20+access_vlan:SW2:eth2:10+trunk_remove:SW1:eth3:20,8909,8925,0.57611,-20.450000000000003,16,True,False,True,False,False,incorrect_declare_done,0.08258157229283825,16,9,4,0,13,6,9,0,4
766,2794,access_vlan:SW2:eth1:20+trunk_remove:SW1:eth3:20+trunk_remove:SW2:eth3:10,8925,8926,0.5760625,-10.05,1,True,False,True,False,False,incorrect_declare_done,0.03455677628517151,1,0,0,0,0,0,0,0,3
767,2795,access_vlan:SW1:eth1:20+access_vlan:SW2:eth1:20+trunk_remove:SW1:eth3:10+trunk_remove:SW1:eth3:20+trunk_remove:SW2:eth3:10+trunk_remove:SW2:eth3:20,8926,8930,0.5758725,-10.950000000000001,4,True,False,True,False,False,incorrect_declare_done,0.028752377722412348,4,3,0,0,0,0,0,0,3
768,2796,access_vlan:SW1:eth2:10+trunk_remove:SW1:eth3:20,8930,8936,0.5755875,8.1,6,True,False,True,False,True,recovery_success,0.04563888612513741,6,4,1,0,1,1,1,0,0
769,2797,trunk_remove:SW1:eth3:10+trunk_remove:SW2:eth3:10,8936,8940,0.5753975,-11.950000000000001,4,True,False,True,False,False,incorrect_declare_done,0.04777071438729763,4,3,0,0,2,2,1,0,1
770,2798,access_vlan:SW2:eth2:10+trunk_remove:SW2:eth3:20,8940,8945,0.5751600000000001,-11.600000000000001,5,True,False,True,False,False,incorrect_declare_done,0.03951533623039723,5,2,1,0,1,1,1,0,1
771,2799,trunk_remove:SW1:eth3:20+trunk_remove:SW2:eth3:10,8945,8949,0.57497,9.2,4,True,False,True,False,True,recovery_success,0.10137571580708027,4,2,1,0,0,0,0,0,0
772,2800,trunk_remove:SW1:eth3:10+trunk_remove:SW2:eth3:10,8949,8971,0.573925,-20.750000000000004,22,True,False,True,False,False,incorrect_declare_done,0.06927385147322308,22,16,4,0,10,6,5,2,3
773,2801,access_vlan:SW1:eth2:10+access_vlan:SW2:eth2:10+trunk_remove:SW1:eth3:20+trunk_remove:SW2:eth3:20,8971,8988,0.5731175,-18.55,17,True,False,True,False,False,incorrect_declare_done,0.0701416064711178,17,13,2,0,8,5,6,0,3
774,2802,access_vlan:SW1:eth1:20+access_vlan:SW2:eth1:20+trunk_remove:SW1:eth3:20+trunk_remove:SW2:eth3:10+trunk_remove:SW2:eth3:20,8988,8994,0.5728325000000001,-12.55,6,True,False,True,False,False,incorrect_declare_done,0.10097716376185417,6,5,0,0,2,2,1,0,3
775,2803,trunk_remove:SW1:eth3:10+trunk_remove:SW1:eth3:20+trunk_remove:SW2:eth3:20,8994,8998,0.5726424999999999,-11.450000000000001,4,True,False,True,False,False,incorrect_declare_done,0.10106527991592884,4,3,0,0,1,1,1,0,2
776,2804,access_vlan:SW1:eth1:20+access_vlan:SW1:eth2:10+trunk_remove:SW2:eth3:20,8998,9003,0.572405,-12.25,5,True,False,True,False,False,incorrect_declare_done,0.1324305094778538,5,3,0,0,2,2,2,0,3
777,2805,access_vlan:SW1:eth1:20+access_vlan:SW2:eth2:10+trunk_remove:SW1:eth3:20+trunk_remove:SW2:eth3:20,9003,9008,0.5721675,-11.100000000000001,5,True,False,True,False,False,incorrect_declare_done,0.11793986335396767,5,3,1,0,0,0,0,0,4
778,2806,access_vlan:SW1:eth1:20+access_vlan:SW1:eth2:10+trunk_remove:SW1:eth3:10+trunk_remove:SW2:eth3:10+trunk_remove:SW2:eth3:20,9008,9016,0.5717875000000001,-14.15,8,True,False,True,False,False,incorrect_declare_done,0.1478296099230647,8,5,0,0,4,3,4,0,3
779,2807,access_vlan:SW1:eth1:20+access_vlan:SW2:eth2:10+trunk_remove:SW1:eth3:10+trunk_remove:SW1:eth3:20+trunk_remove:SW2:eth3:10,9016,9035,0.5708850000000001,-17.200000000000003,19,True,False,True,False,False,incorrect_declare_done,0.07555651841195006,19,11,5,0,5,3,4,0,3
780,2808,access_vlan:SW1:eth1:20+access_vlan:SW1:eth2:10+access_vlan:SW2:eth1:20+access_vlan:SW2:eth2:10,9035,9050,0.5701725,-16.8,15,True,False,True,False,False,incorrect_declare_done,0.06709703803062439,15,11,3,0,6,6,4,1,3
781,2809,access_vlan:SW1:eth2:10+access_vlan:SW2:eth1:20+access_vlan:SW2:eth2:10+trunk_remove:SW1:eth3:20+trunk_remove:SW2:eth3:10,9050,9061,0.56965,-14.55,11,True,False,True,False,False,incorrect_declare_done,0.0642994816669009,11,9,0,0,3,2,2,0,3
782,2810,trunk_remove:SW1:eth3:10+trunk_remove:SW1:eth3:20+trunk_remove:SW2:eth3:10,9061,9062,0.5696025,-10.05,1,True,False,True,False,False,incorrect_declare_done,0.0625179335474968,1,0,0,0,0,0,0,0,2
783,2811,access_vlan:SW1:eth2:10+trunk_remove:SW1:eth3:20+trunk_remove:SW2:eth3:10+trunk_remove:SW2:eth3:20,9062,9071,0.569175,-12.95,9,True,False,True,False,False,incorrect_declare_done,0.07434897994001706,9,8,0,0,1,1,1,0,2
784,2812,access_vlan:SW1:eth1:20+access_vlan:SW1:eth2:10+access_vlan:SW2:eth2:10+trunk_remove:SW1:eth3:10+trunk_remove:SW1:eth3:20+trunk_remove:SW2:eth3:10+trunk_remove:SW2:eth3:20,9071,9082,0.5686525,-14.100000000000001,11,True,False,True,False,False,incorrect_declare_done,0.10622860948470506,11,7,3,0,3,2,2,0,1
785,2813,access_vlan:SW2:eth2:10+trunk_remove:SW1:eth3:10+trunk_remove:SW1:eth3:20+trunk_remove:SW2:eth3:10+trunk_remove:SW2:eth3:20,9082,9112,0.5672275,-13.250000000000005,30,True,False,False,True,False,step_limit,0.0638440953878065,30,25,5,0,10,4,9,0,1
786,2814,access_vlan:SW1:eth2:10+trunk_remove:SW1:eth3:10+trunk_remove:SW2:eth3:10+trunk_remove:SW2:eth3:20,9112,9113,0.56718,-10.05,1,True,False,True,False,False,incorrect_declare_done,0.028606625273823738,1,0,0,0,0,0,0,0,3
787,2815,access_vlan:SW1:eth1:20+access_vlan:SW2:eth1:20+access_vlan:SW2:eth2:10+trunk_remove:SW2:eth3:10+trunk_remove:SW2:eth3:20,9113,9116,0.5670375000000001,-11.15,3,True,False,True,False,False,incorrect_declare_done,0.04026549061139425,3,2,0,0,1,1,1,0,3
788,2816,access_vlan:SW1:eth2:10+access_vlan:SW2:eth1:20+access_vlan:SW2:eth2:10+trunk_remove:SW2:eth3:10,9116,9120,0.5668475,-11.450000000000001,4,True,False,True,False,False,incorrect_declare_done,0.030327491462230682,4,3,0,0,1,1,1,0,1
789,2817,access_vlan:SW1:eth1:20+access_vlan:SW1:eth2:10+trunk_remove:SW1:eth3:20,9120,9138,0.5659925000000001,-16.450000000000003,18,True,False,True,False,False,incorrect_declare_done,0.05095266147206227,18,8,8,0,5,4,4,0,1
790,2818,access_vlan:SW1:eth2:10+access_vlan:SW2:eth2:10+trunk_remove:SW1:eth3:20+trunk_remove:SW2:eth3:20,9138,9156,0.5651375000000001,-17.400000000000002,18,True,False,True,False,False,incorrect_declare_done,0.07151543819862935,18,11,5,0,6,4,4,0,4
791,2819,access_vlan:SW1:eth2:10+access_vlan:SW2:eth2:10+trunk_remove:SW1:eth3:10+trunk_remove:SW2:eth3:10+trunk_remove:SW2:eth3:20,9156,9170,0.5644724999999999,-17.65,14,True,False,True,False,False,incorrect_declare_done,0.073056589279856,14,10,2,0,8,6,7,0,3
792,2820,access_vlan:SW1:eth1:20+access_vlan:SW2:eth2:10+trunk_remove:SW1:eth3:10+trunk_remove:SW2:eth3:10,9170,9193,0.56338,-18.6,23,True,False,True,False,False,incorrect_declare_done,0.08279354279131992,23,14,7,0,6,3,4,0,2
793,2821,access_vlan:SW1:eth2:10+access_vlan:SW2:eth2:10+trunk_remove:SW1:eth3:10+trunk_remove:SW1:eth3:20+trunk_remove:SW2:eth3:10,9193,9201,0.563,-13.350000000000001,8,True,False,True,False,False,incorrect_declare_done,0.0333240635227412,8,5,2,0,3,3,2,0,3
794,2822,access_vlan:SW1:eth2:10+access_vlan:SW2:eth1:20+trunk_remove:SW1:eth3:10,9201,9218,0.5621925000000001,-18.75,17,True,False,True,False,False,incorrect_declare_done,0.09533657352713977,17,11,4,0,9,5,8,0,3
795,2823,access_vlan:SW1:eth1:20+access_vlan:SW1:eth2:10+access_vlan:SW2:eth2:10+trunk_remove:SW1:eth3:10+trunk_remove:SW1:eth3:20+trunk_remove:SW2:eth3:20,9218,9245,0.56091,-19.500000000000004,27,True,False,True,False,False,incorrect_declare_done,0.03709053775916497,27,16,9,0,6,3,6,0,2
796,2824,access_vlan:SW1:eth1:20+access_vlan:SW2:eth1:20+access_vlan:SW2:eth2:10+trunk_remove:SW1:eth3:10+trunk_remove:SW1:eth3:20+trunk_remove:SW2:eth3:10,9245,9246,0.5608625,-10.05,1,True,False,True,False,False,incorrect_declare_done,0.03890949487686157,1,0,0,0,0,0,0,0,3
797,2825,access_vlan:SW1:eth2:10+access_vlan:SW2:eth2:10+trunk_remove:SW1:eth3:20+trunk_remove:SW2:eth3:20,9246,9276,0.5594375,-13.850000000000007,30,True,False,False,True,False,step_limit,0.05367450111856063,30,18,11,0,13,6,9,2,3
798,2826,access_vlan:SW1:eth1:20+access_vlan:SW1:eth2:10+access_vlan:SW2:eth1:20+access_vlan:SW2:eth2:10+trunk_remove:SW2:eth3:10,9276,9280,0.5592475000000001,-11.950000000000001,4,True,False,True,False,False,incorrect_declare_done,0.09141643857583404,4,3,0,0,2,2,2,0,2
799,2827,access_vlan:SW1:eth1:20+access_vlan:SW1:eth2:10+access_vlan:SW2:eth2:10+trunk_remove:SW1:eth3:20+trunk_remove:SW2:eth3:20,9280,9295,0.558535,-19.150000000000002,15,True,False,True,False,False,incorrect_declare_done,0.08709281496703625,15,6,4,0,11,5,8,0,3
800,2828,access_vlan:SW1:eth1:20+access_vlan:SW2:eth2:10+trunk_remove:SW1:eth3:10+trunk_remove:SW2:eth3:20,9295,9322,0.5572524999999999,-21.550000000000004,27,True,False,True,False,False,incorrect_declare_done,0.0582045489853179,27,23,2,0,8,2,8,0,3
801,2829,access_vlan:SW1:eth1:20+trunk_remove:SW1:eth3:10+trunk_remove:SW2:eth3:10,9322,9331,0.556825,-12.350000000000001,9,True,False,True,False,False,incorrect_declare_done,0.09360243814686935,9,4,4,0,1,1,1,0,1
802,2830,access_vlan:SW1:eth2:10+trunk_remove:SW1:eth3:10+trunk_remove:SW2:eth3:10,9331,9334,0.5566825,-10.65,3,True,False,True,False,False,incorrect_declare_done,0.027123161902030308,3,2,0,0,0,0,0,0,1
803,2831,access_vlan:SW1:eth2:10+access_vlan:SW2:eth1:20+access_vlan:SW2:eth2:10+trunk_remove:SW2:eth3:20,9334,9335,0.556635,-10.05,1,True,False,True,False,False,incorrect_declare_done,0.03521401435136795,1,0,0,0,0,0,0,0,3
804,2832,access_vlan:SW1:eth1:20+trunk_remove:SW1:eth3:10+trunk_remove:SW2:eth3:10,9335,9339,0.5564450000000001,-10.8,4,True,False,True,False,False,incorrect_declare_done,0.03937951382249594,4,2,1,0,0,0,0,0,1
805,2833,access_vlan:SW1:eth1:20+access_vlan:SW2:eth2:10+trunk_remove:SW1:eth3:10,9339,9343,0.5562549999999999,-11.450000000000001,4,True,False,True,False,False,incorrect_declare_done,0.0900603833142668,4,3,0,0,1,1,1,0,3
806,2834,access_vlan:SW1:eth1:20+access_vlan:SW1:eth2:10+access_vlan:SW2:eth2:10+trunk_remove:SW1:eth3:10+trunk_remove:SW1:eth3:20,9343,9372,0.5548775,-0.2000000000000064,29,True,False,True,False,True,recovery_success,0.07378786010667682,29,13,15,0,8,4,6,0,0
807,2835,access_vlan:SW1:eth1:20+access_vlan:SW2:eth2:10+trunk_remove:SW1:eth3:10+trunk_remove:SW1:eth3:20,9372,9391,0.5539750000000001,-16.05,19,True,False,True,False,False,incorrect_declare_done,0.07459613974941404,19,12,6,0,3,2,3,0,3
808,2836,access_vlan:SW1:eth2:10+access_vlan:SW2:eth1:20+access_vlan:SW2:eth2:10+trunk_remove:SW1:eth3:10,9391,9392,0.5539275,-10.05,1,True,False,True,False,False,incorrect_declare_done,0.2614768147468567,1,0,0,0,0,0,0,0,3
809,2837,access_vlan:SW1:eth2:10+trunk_remove:SW1:eth3:10+trunk_remove:SW2:eth3:10,9392,9393,0.5538799999999999,-10.05,1,True,False,True,False,False,incorrect_declare_done,0.0290506724268198,1,0,0,0,0,0,0,0,3
810,2838,access_vlan:SW1:eth1:20+access_vlan:SW1:eth2:10+access_vlan:SW2:eth2:10+trunk_remove:SW1:eth3:10,9393,9405,0.55331,-14.05,12,True,False,True,False,False,incorrect_declare_done,0.04386266569296519,12,9,2,0,2,2,2,0,2
811,2839,access_vlan:SW1:eth1:20+trunk_remove:SW1:eth3:10+trunk_remove:SW1:eth3:20+trunk_remove:SW2:eth3:10,9405,9411,0.5530250000000001,-12.4,6,True,False,True,False,False,incorrect_declare_done,0.07548659574240446,6,3,1,0,2,2,2,0,1
812,2840,access_vlan:SW2:eth1:20+trunk_remove:SW1:eth3:20,9411,9427,0.552265,-14.05,16,True,False,True,False,False,incorrect_declare_done,0.04458429972874001,16,3,10,0,2,1,2,0,1
813,2841,trunk_remove:SW1:eth3:20+trunk_remove:SW2:eth3:20,9427,9457,0.55084,-12.200000000000008,30,True,False,False,True,False,step_limit,0.0736546571366489,30,15,12,0,10,5,7,1,2
814,2842,access_vlan:SW1:eth1:20+access_vlan:SW1:eth2:10+access_vlan:SW2:eth1:20+access_vlan:SW2:eth2:10+trunk_remove:SW1:eth3:10+trunk_remove:SW1:eth3:20+trunk_remove:SW2:eth3:10+trunk_remove:SW2:eth3:20,9457,9458,0.5507925,-10.05,1,True,False,True,False,False,incorrect_declare_done,0.021585870534181595,1,0,0,0,0,0,0,0,2
815,2843,access_vlan:SW1:eth1:20+access_vlan:SW1:eth2:10+access_vlan:SW2:eth1:20+trunk_remove:SW1:eth3:20+trunk_remove:SW2:eth3:20,9458,9470,0.5502225000000001,-15.2,12,True,False,True,False,False,incorrect_declare_done,0.03883436213557919,12,8,1,0,4,2,4,0,4
816,2844,access_vlan:SW1:eth1:20+access_vlan:SW2:eth1:20+access_vlan:SW2:eth2:10+trunk_remove:SW1:eth3:10+trunk_remove:SW2:eth3:10,9470,9477,0.54989,-13.700000000000001,7,True,False,True,False,False,incorrect_declare_done,0.029838725924491882,7,4,1,0,4,3,4,0,3
817,2845,access_vlan:SW1:eth2:10+trunk_remove:SW2:eth3:10,9477,9507,0.548465,-11.850000000000009,30,True,False,False,True,False,step_limit,0.08648642717550198,30,17,11,0,9,5,7,1,1
818,2846,access_vlan:SW1:eth1:20+access_vlan:SW2:eth1:20+access_vlan:SW2:eth2:10+trunk_remove:SW1:eth3:10+trunk_remove:SW2:eth3:20,9507,9524,0.5476575,-18.85,17,True,False,True,False,False,incorrect_declare_done,0.08188645245836061,17,13,0,0,8,5,7,0,3
819,2847,access_vlan:SW1:eth2:10+trunk_remove:SW1:eth3:20+trunk_remove:SW2:eth3:20,9524,9549,0.54647,-1.2000000000000046,25,True,False,True,False,True,recovery_success,0.09499522969126702,25,15,7,0,10,4,8,3,0
820,2848,access_vlan:SW1:eth1:20+access_vlan:SW1:eth2:10+access_vlan:SW2:eth1:20+trunk_remove:SW2:eth3:10,9549,9571,0.545425,-23.550000000000004,22,True,False,True,False,False,incorrect_declare_done,0.0463179212317548,22,18,2,0,15,5,10,3,3
821,2849,access_vlan:SW1:eth2:10+access_vlan:SW2:eth1:20+trunk_remove:SW1:eth3:10+trunk_remove:SW1:eth3:20+trunk_remove:SW2:eth3:10+trunk_remove:SW2:eth3:20,9571,9577,0.54514,-12.05,6,True,False,True,False,False,incorrect_declare_done,0.03304943287124237,6,4,0,0,1,1,1,0,3
822,2850,access_vlan:SW1:eth2:10+trunk_remove:SW2:eth3:20,9577,9606,0.5437625,-23.550000000000008,29,True,False,True,False,False,incorrect_declare_done,0.06911780293388613,29,20,6,0,12,5,9,5,4
823,2851,trunk_remove:SW2:eth3:10+trunk_remove:SW2:eth3:20,9606,9615,0.543335,6.05,9,True,False,True,False,True,recovery_success,0.061000212820039854,9,8,0,0,3,2,3,0,0
824,2852,access_vlan:SW1:eth1:20+trunk_remove:SW1:eth3:10+trunk_remove:SW2:eth3:10,9615,9645,0.54191,-17.100000000000005,30,True,False,False,True,False,step_limit,0.05679533490911126,30,22,6,0,18,6,13,2,3
825,2853,access_vlan:SW2:eth2:10+trunk_remove:SW1:eth3:10+trunk_remove:SW2:eth3:10,9645,9652,0.5415775,-12.850000000000001,7,True,False,True,False,False,incorrect_declare_done,0.11211304951991354,7,6,0,0,2,2,2,0,1
826,2854,access_vlan:SW1:eth1:20+access_vlan:SW1:eth2:10+access_vlan:SW2:eth1:20+trunk_remove:SW1:eth3:10+trunk_remove:SW1:eth3:20+trunk_remove:SW2:eth3:20,9652,9682,0.5401525,-15.950000000000005,30,True,False,False,True,False,step_limit,0.07247918900102376,30,20,7,0,16,6,12,2,3
827,2855,access_vlan:SW1:eth2:10+access_vlan:SW2:eth1:20+access_vlan:SW2:eth2:10+trunk_remove:SW1:eth3:20+trunk_remove:SW2:eth3:10+trunk_remove:SW2:eth3:20,9682,9683,0.5401050000000001,-10.05,1,True,False,True,False,False,incorrect_declare_done,0.06827510893344879,1,0,0,0,0,0,0,0,3
828,2856,access_vlan:SW1:eth2:10+access_vlan:SW2:eth2:10+trunk_remove:SW1:eth3:10+trunk_remove:SW1:eth3:20+trunk_remove:SW2:eth3:10,9683,9713,0.53868,-15.500000000000009,30,True,False,False,True,False,step_limit,0.09497270317127307,30,26,0,0,13,6,10,0,1
829,2857,access_vlan:SW1:eth2:10+trunk_remove:SW1:eth3:10+trunk_remove:SW2:eth3:10,9713,9720,0.5383475,6.799999999999999,7,True,False,True,False,True,recovery_success,0.06993381838713374,7,5,1,0,3,3,1,1,0
830,2858,access_vlan:SW1:eth2:10+access_vlan:SW2:eth1:20+trunk_remove:SW1:eth3:10+trunk_remove:SW2:eth3:10+trunk_remove:SW2:eth3:20,9720,9746,0.5371125,-23.250000000000007,26,True,False,True,False,False,incorrect_declare_done,0.06044487479644326,26,21,2,0,12,5,7,1,3
831,2859,access_vlan:SW1:eth2:10+trunk_remove:SW1:eth3:20+trunk_remove:SW2:eth3:20,9746,9751,0.536875,8.899999999999999,5,True,False,True,False,True,recovery_success,0.025603931024670602,5,3,1,0,0,0,0,0,0
832,2860,access_vlan:SW2:eth1:20+access_vlan:SW2:eth2:10+trunk_remove:SW1:eth3:10+trunk_remove:SW2:eth3:20,9751,9752,0.5368275,-10.05,1,True,False,True,False,False,incorrect_declare_done,0.03313305601477623,1,0,0,0,0,0,0,0,2
833,2861,access_vlan:SW1:eth1:20+access_vlan:SW1:eth2:10+access_vlan:SW2:eth2:10+trunk_remove:SW1:eth3:10+trunk_remove:SW1:eth3:20,9752,9782,0.5354025,-13.500000000000004,30,True,False,False,True,False,step_limit,0.06177985935161511,30,29,0,0,9,5,8,2,3
834,2862,access_vlan:SW1:eth1:20+access_vlan:SW1:eth2:10+access_vlan:SW2:eth1:20+access_vlan:SW2:eth2:10+trunk_remove:SW1:eth3:10+trunk_remove:SW1:eth3:20+trunk_remove:SW2:eth3:10+trunk_remove:SW2:eth3:20,9782,9804,0.5343575,0.5999999999999996,22,True,False,True,False,True,recovery_success,0.07133518777449023,22,16,3,0,7,4,6,2,0
835,2863,access_vlan:SW1:eth2:10+trunk_remove:SW1:eth3:10+trunk_remove:SW2:eth3:10+trunk_remove:SW2:eth3:20,9804,9808,0.5341675,-11.950000000000001,4,True,False,True,False,False,incorrect_declare_done,0.03771417960524559,4,3,0,0,2,2,2,0,4
836,2864,access_vlan:SW2:eth1:20+trunk_remove:SW1:eth3:10+trunk_remove:SW1:eth3:20+trunk_remove:SW2:eth3:10,9808,9824,0.5334075,-18.25,16,True,False,True,False,False,incorrect_declare_done,0.07083199184853584,16,13,2,0,8,6,4,3,1
837,2865,access_vlan:SW1:eth1:20+access_vlan:SW2:eth2:10+trunk_remove:SW1:eth3:10+trunk_remove:SW2:eth3:20,9824,9854,0.5319825,-20.40000000000001,30,True,False,False,True,False,step_limit,0.04663181031743686,30,25,4,0,24,6,16,2,4
838,2866,access_vlan:SW1:eth1:20+access_vlan:SW2:eth2:10+trunk_remove:SW1:eth3:20+trunk_remove:SW2:eth3:10,9854,9874,0.5310325,-19.35,20,True,False,True,False,False,incorrect_declare_done,0.08255554726347328,20,13,6,0,9,5,7,1,3
839,2867,access_vlan:SW1:eth2:10+access_vlan:SW2:eth2:10+trunk_remove:SW1:eth3:20+trunk_remove:SW2:eth3:10,9874,9904,0.5296075,-14.850000000000009,30,True,False,False,True,False,step_limit,0.0584043371801575,30,25,1,0,12,4,9,1,3
840,2868,access_vlan:SW2:eth1:20+trunk_remove:SW1:eth3:20,9904,9930,0.5283725,-24.85000000000001,26,True,False,True,False,False,incorrect_declare_done,0.06757543064080752,26,13,8,0,17,6,11,4,1
841,2869,access_vlan:SW1:eth2:10+trunk_remove:SW1:eth3:10+trunk_remove:SW2:eth3:20,9930,9960,0.5269475,-10.850000000000005,30,True,False,False,True,False,step_limit,0.05011105282853047,30,16,11,0,7,4,6,1,3
842,2870,access_vlan:SW1:eth1:20+access_vlan:SW2:eth1:20+trunk_remove:SW2:eth3:10+trunk_remove:SW2:eth3:20,9960,9965,0.52671,-13.75,5,True,False,True,False,False,incorrect_declare_done,0.07433422766625881,5,4,0,0,5,5,4,0,3
843,2871,access_vlan:SW1:eth1:20+access_vlan:SW1:eth2:10+access_vlan:SW2:eth1:20+access_vlan:SW2:eth2:10+trunk_remove:SW1:eth3:10,9965,9984,0.5258075,-20.650000000000002,19,True,False,True,False,False,incorrect_declare_done,0.0724655804959567,19,14,2,0,11,6,6,2,3
844,2872,access_vlan:SW1:eth1:20+access_vlan:SW1:eth2:10+trunk_remove:SW1:eth3:10+trunk_remove:SW2:eth3:10+trunk_remove:SW2:eth3:20,9984,9986,0.5257125,-10.350000000000001,2,True,False,True,False,False,incorrect_declare_done,0.03446083515882492,2,1,0,0,0,0,0,0,2
845,2873,access_vlan:SW2:eth2:10+trunk_remove:SW1:eth3:20+trunk_remove:SW2:eth3:20,9986,9987,0.525665,-10.05,1,True,False,True,False,False,incorrect_declare_done,0.024365145713090897,1,0,0,0,0,0,0,0,3
846,2874,access_vlan:SW1:eth2:10+trunk_remove:SW1:eth3:10,9987,10003,0.524905,-19.25,16,True,False,True,False,False,incorrect_declare_done,0.039844762766733766,16,12,2,0,10,4,5,2,3
847,2875,trunk_remove:SW1:eth3:10+trunk_remove:SW2:eth3:20,10003,10015,0.524335,4.8,12,True,False,True,False,True,recovery_success,0.07132986017192404,12,10,1,0,4,4,4,1,0
848,2876,access_vlan:SW1:eth1:20+access_vlan:SW1:eth2:10+access_vlan:SW2:eth1:20+access_vlan:SW2:eth2:10+trunk_remove:SW2:eth3:10,10015,10024,0.5239075,-17.3,9,True,False,True,False,False,incorrect_declare_done,0.035892983277638756,9,7,1,0,10,5,5,1,4
849,2877,access_vlan:SW1:eth1:20+access_vlan:SW1:eth2:10+trunk_remove:SW1:eth3:10+trunk_remove:SW1:eth3:20+trunk_remove:SW2:eth3:10+trunk_remove:SW2:eth3:20,10024,10033,0.52348,-13.15,9,True,False,True,False,False,incorrect_declare_done,0.046975317100683846,9,5,2,0,2,1,2,0,2
850,2878,access_vlan:SW2:eth2:10,10033,10038,0.5232425,8.399999999999999,5,True,False,True,False,True,recovery_success,0.1386066719889641,5,3,1,0,1,1,1,1,0
851,2879,access_vlan:SW1:eth1:20+trunk_remove:SW1:eth3:20+trunk_remove:SW2:eth3:20,10038,10050,0.5226725000000001,-14.2,12,True,False,True,False,False,incorrect_declare_done,0.028237930964678526,12,9,1,0,2,1,2,0,3
852,2880,access_vlan:SW2:eth1:20+access_vlan:SW2:eth2:10+trunk_remove:SW1:eth3:10+trunk_remove:SW2:eth3:20,10050,10062,0.5221025,-15.85,12,True,False,True,False,False,incorrect_declare_done,0.07688484604780872,12,11,0,0,5,4,4,1,1
853,2881,access_vlan:SW1:eth2:10+access_vlan:SW2:eth2:10+trunk_remove:SW1:eth3:10+trunk_remove:SW1:eth3:20,10062,10065,0.52196,-10.65,3,True,False,True,False,False,incorrect_declare_done,0.02205831992129485,3,2,0,0,0,0,0,0,2
854,2882,access_vlan:SW1:eth2:10+access_vlan:SW2:eth1:20+access_vlan:SW2:eth2:10+trunk_remove:SW1:eth3:10+trunk_remove:SW2:eth3:10+trunk_remove:SW2:eth3:20,10065,10095,0.520535,-15.950000000000006,30,True,False,False,True,False,step_limit,0.03091014704356591,30,22,7,0,16,6,13,0,4
855,2883,access_vlan:SW1:eth2:10+access_vlan:SW2:eth1:20+trunk_remove:SW1:eth3:10+trunk_remove:SW1:eth3:20+trunk_remove:SW2:eth3:10+trunk_remove:SW2:eth3:20,10095,10125,0.51911,-13.650000000000006,30,True,False,False,True,False,step_limit,0.04910168352847298,30,21,9,0,12,6,8,2,3
856,2884,access_vlan:SW1:eth2:10+trunk_remove:SW1:eth3:10,10125,10155,0.517685,-12.850000000000007,30,True,False,False,True,False,step_limit,0.05123354842265447,30,16,11,0,11,6,9,0,3
857,2885,access_vlan:SW1:eth1:20+access_vlan:SW2:eth1:20+access_vlan:SW2:eth2:10+trunk_remove:SW1:eth3:10+trunk_remove:SW1:eth3:20+trunk_remove:SW2:eth3:10+trunk_remove:SW2:eth3:20,10155,10185,0.51626,-13.100000000000005,30,True,False,False,True,False,step_limit,0.07305704060321053,30,22,6,0,10,5,10,0,3
858,2886,access_vlan:SW2:eth1:20+access_vlan:SW2:eth2:10+trunk_remove:SW1:eth3:20+trunk_remove:SW2:eth3:10+trunk_remove:SW2:eth3:20,10185,10207,0.515215,-23.050000000000004,22,True,False,True,False,False,incorrect_declare_done,0.09899066083810547,22,18,2,0,14,5,8,3,4
859,2887,access_vlan:SW2:eth1:20+trunk_remove:SW1:eth3:10+trunk_remove:SW2:eth3:10+trunk_remove:SW2:eth3:20,10207,10214,0.5148824999999999,-12.350000000000001,7,True,False,True,False,False,incorrect_declare_done,0.059235580531614165,7,6,0,0,1,1,1,0,3
860,2888,trunk_remove:SW2:eth3:10,10214,10244,0.5134575,-11.050000000000006,30,True,False,False,True,False,step_limit,0.03749110341692964,30,14,13,0,8,5,6,3,3
861,2889,access_vlan:SW1:eth1:20+access_vlan:SW1:eth2:10+access_vlan:SW2:eth2:10+trunk_remove:SW1:eth3:10+trunk_remove:SW1:eth3:20+trunk_remove:SW2:eth3:10,10244,10274,0.5120325,-14.900000000000007,30,True,False,False,True,False,step_limit,0.047055467901130514,30,23,4,0,13,6,9,0,3
862,2890,access_vlan:SW1:eth1:20+access_vlan:SW2:eth2:10+trunk_remove:SW1:eth3:20,10274,10304,0.5106075000000001,-13.500000000000007,30,True,False,False,True,False,step_limit,0.027782063465565443,30,18,10,0,12,5,9,3,3
863,2891,access_vlan:SW1:eth1:20+access_vlan:SW2:eth1:20+trunk_remove:SW1:eth3:20+trunk_remove:SW2:eth3:10,10304,10311,0.510275,-13.350000000000001,7,True,False,True,False,False,incorrect_declare_done,0.08774228846388203,7,6,0,0,3,2,2,0,3
864,2892,access_vlan:SW1:eth1:20+trunk_remove:SW1:eth3:10+trunk_remove:SW2:eth3:20,10311,10312,0.5102275000000001,-10.05,1,True,False,True,False,False,incorrect_declare_done,0.04127331078052521,1,0,0,0,0,0,0,0,3
865,2893,access_vlan:SW1:eth1:20+trunk_remove:SW1:eth3:10+trunk_remove:SW1:eth3:20+trunk_remove:SW2:eth3:20,10312,10320,0.5098475,-13.65,8,True,False,True,False,False,incorrect_declare_done,0.08617640216834843,8,7,0,0,3,3,3,0,2
866,2894,access_vlan:SW1:eth2:10,10320,10326,0.5095625,-10.8,6,True,False,True,False,False,incorrect_declare_done,0.026553776891281206,6,0,5,0,0,0,0,0,3
867,2895,access_vlan:SW1:eth2:10+access_vlan:SW2:eth2:10+trunk_remove:SW1:eth3:10+trunk_remove:SW1:eth3:20,10326,10341,0.50885,-18.3,15,True,False,True,False,False,incorrect_declare_done,0.07283919490873814,15,11,3,0,9,5,4,3,3
868,2896,trunk_remove:SW1:eth3:10+trunk_remove:SW1:eth3:20+trunk_remove:SW2:eth3:10+trunk_remove:SW2:eth3:20,10341,10352,0.5083275,-14.55,11,True,False,True,False,False,incorrect_declare_done,0.062378892421045086,11,8,0,0,3,1,3,0,2
869,2897,access_vlan:SW1:eth2:10+access_vlan:SW2:eth1:20+access_vlan:SW2:eth2:10+trunk_remove:SW1:eth3:20+trunk_remove:SW2:eth3:20,10352,10382,0.5069025,-15.200000000000006,30,True,False,False,True,False,step_limit,0.05575261510287722,30,16,12,0,16,6,11,0,4
870,2898,access_vlan:SW1:eth1:20+access_vlan:SW2:eth2:10+trunk_remove:SW2:eth3:10,10382,10412,0.5054775,-13.300000000000006,30,True,False,False,True,False,step_limit,0.0493635717779398,30,22,8,0,11,6,8,2,1
871,2899,access_vlan:SW1:eth2:10,10412,10442,0.5040525,-4.950000000000012,30,True,False,True,False,True,recovery_success,0.028169384971261025,30,13,12,0,16,6,9,2,0
872,2900,access_vlan:SW1:eth2:10+trunk_remove:SW1:eth3:20+trunk_remove:SW2:eth3:20,10442,10463,0.503055,-21.1,21,True,False,True,False,False,incorrect_declare_done,0.024268065934025106,21,16,3,0,11,5,11,0,3
873,2901,trunk_remove:SW1:eth3:10+trunk_remove:SW2:eth3:10,10463,10488,0.5018675,-23.350000000000005,25,True,False,True,False,False,incorrect_declare_done,0.028449134789407252,25,17,6,0,14,6,8,1,4
874,2902,access_vlan:SW1:eth1:20+access_vlan:SW1:eth2:10+access_vlan:SW2:eth1:20+access_vlan:SW2:eth2:10+trunk_remove:SW1:eth3:20+trunk_remove:SW2:eth3:20,10488,10496,0.5014875,-14.65,8,True,False,True,False,False,incorrect_declare_done,0.01778596476651728,8,7,0,0,5,3,4,0,3
875,2903,trunk_remove:SW2:eth3:10+trunk_remove:SW2:eth3:20,10496,10526,0.5000625000000001,-16.150000000000006,30,True,False,False,True,False,step_limit,0.05754325787226359,30,19,9,0,17,6,9,2,3
876,2904,access_vlan:SW1:eth2:10+access_vlan:SW2:eth1:20+access_vlan:SW2:eth2:10+trunk_remove:SW1:eth3:20+trunk_remove:SW2:eth3:10+trunk_remove:SW2:eth3:20,10526,10545,0.49916000000000005,-19.200000000000003,19,True,False,True,False,False,incorrect_declare_done,0.057966260239481926,19,13,5,0,9,6,5,1,4
877,2905,access_vlan:SW1:eth2:10+access_vlan:SW2:eth1:20+trunk_remove:SW1:eth3:10+trunk_remove:SW1:eth3:20+trunk_remove:SW2:eth3:10+trunk_remove:SW2:eth3:20,10545,10570,0.49797250000000004,-19.150000000000002,25,True,False,True,False,False,incorrect_declare_done,0.042755358926951884,25,20,4,0,5,3,5,1,1
878,2906,access_vlan:SW2:eth2:10+trunk_remove:SW1:eth3:10+trunk_remove:SW2:eth3:10,10570,10600,0.49654750000000003,-13.900000000000007,30,True,False,False,True,False,step_limit,0.06598972364639243,30,24,4,0,11,4,11,0,3
879,2907,access_vlan:SW1:eth2:10+access_vlan:SW2:eth1:20+access_vlan:SW2:eth2:10+trunk_remove:SW2:eth3:10+trunk_remove:SW2:eth3:20,10600,10604,0.4963575,-11.950000000000001,4,True,False,True,False,False,incorrect_declare_done,0.14220172073692083,4,2,0,0,2,1,2,0,4
880,2908,access_vlan:SW1:eth2:10+access_vlan:SW2:eth2:10+trunk_remove:SW1:eth3:10+trunk_remove:SW2:eth3:10,10604,10612,0.49597750000000007,7.999999999999999,8,True,False,True,False,True,recovery_success,0.06353390216827393,8,6,1,0,0,0,0,0,0
881,2909,access_vlan:SW1:eth2:10+access_vlan:SW2:eth1:20,10612,10618,0.4956925,8.6,6,True,False,True,False,True,recovery_success,0.025133751798421144,6,4,1,0,0,0,0,0,0
882,2910,access_vlan:SW1:eth2:10+access_vlan:SW2:eth1:20+trunk_remove:SW1:eth3:10+trunk_remove:SW1:eth3:20+trunk_remove:SW2:eth3:10+trunk_remove:SW2:eth3:20,10618,10621,0.49555000000000005,-10.65,3,True,False,True,False,False,incorrect_declare_done,0.025476889684796333,3,2,0,0,0,0,0,0,3
883,2911,access_vlan:SW1:eth2:10+access_vlan:SW2:eth1:20+access_vlan:SW2:eth2:10+trunk_remove:SW1:eth3:10+trunk_remove:SW1:eth3:20+trunk_remove:SW2:eth3:20,10621,10651,0.49412500000000004,-12.000000000000004,30,True,False,False,True,False,step_limit,0.0377863106628259,30,17,10,0,9,6,7,0,3
884,2912,access_vlan:SW1:eth1:20+access_vlan:SW1:eth2:10+access_vlan:SW2:eth2:10+trunk_remove:SW1:eth3:10+trunk_remove:SW1:eth3:20+trunk_remove:SW2:eth3:10,10651,10654,0.4939825000000001,-10.65,3,True,False,True,False,False,incorrect_declare_done,0.012701932651301226,3,2,0,0,0,0,0,0,2
885,2913,access_vlan:SW1:eth1:20+access_vlan:SW1:eth2:10+access_vlan:SW2:eth2:10+trunk_remove:SW1:eth3:20+trunk_remove:SW2:eth3:20,10654,10658,0.49379249999999997,-12.450000000000001,4,True,False,True,False,False,incorrect_declare_done,0.01721426914446056,4,3,0,0,3,3,2,0,4
886,2914,access_vlan:SW1:eth2:10+trunk_remove:SW2:eth3:10+trunk_remove:SW2:eth3:20,10658,10688,0.49236750000000007,-13.000000000000005,30,True,False,False,True,False,step_limit,0.047139196936041114,30,20,10,0,11,4,9,0,3
887,2915,access_vlan:SW1:eth2:10+access_vlan:SW2:eth2:10+trunk_remove:SW1:eth3:20+trunk_remove:SW2:eth3:10,10688,10702,0.49170250000000004,-16.8,14,True,False,True,False,False,incorrect_declare_done,0.061875289771705866,14,12,1,0,6,5,5,1,4
888,2916,access_vlan:SW1:eth1:20+access_vlan:SW1:eth2:10+access_vlan:SW2:eth1:20+trunk_remove:SW2:eth3:10,10702,10732,0.49027750000000003,-16.35000000000001,30,True,False,False,True,False,step_limit,0.04900896868978937,30,18,11,0,18,5,12,3,3
889,2917,access_vlan:SW1:eth2:10+access_vlan:SW2:eth2:10+trunk_remove:SW1:eth3:10+trunk_remove:SW1:eth3:20+trunk_remove:SW2:eth3:10,10732,10749,0.48947000000000007,-16.4,17,True,False,True,False,False,incorrect_declare_done,0.04086971304872457,17,12,3,0,4,3,4,0,4
890,2918,access_vlan:SW2:eth1:20+access_vlan:SW2:eth2:10+trunk_remove:SW2:eth3:10+trunk_remove:SW2:eth3:20,10749,10766,0.4886625,-17.4,17,True,False,True,False,False,incorrect_declare_done,0.028838839436716893,17,12,3,0,6,3,6,0,3
891,2919,access_vlan:SW1:eth2:10+access_vlan:SW2:eth1:20+trunk_remove:SW1:eth3:20+trunk_remove:SW2:eth3:10,10766,10796,0.4872375000000001,-16.35000000000001,30,True,False,False,True,False,step_limit,0.05033743567764759,30,18,11,0,18,6,11,2,4
892,2920,access_vlan:SW1:eth2:10+access_vlan:SW2:eth2:10+trunk_remove:SW1:eth3:20+trunk_remove:SW2:eth3:20,10796,10810,0.4865725000000001,-18.65,14,True,False,True,False,False,incorrect_declare_done,0.06644314188244087,14,8,2,0,10,6,5,2,3
893,2921,access_vlan:SW1:eth2:10+trunk_remove:SW1:eth3:10+trunk_remove:SW2:eth3:20,10810,10831,0.4855750000000001,-19.0,21,True,False,True,False,False,incorrect_declare_done,0.05038636894009653,21,12,7,0,8,5,5,2,3
894,2922,access_vlan:SW1:eth1:20+access_vlan:SW2:eth1:20+trunk_remove:SW2:eth3:10,10831,10832,0.4855275,-10.05,1,True,False,True,False,False,incorrect_declare_done,0.33203890919685364,1,0,0,0,0,0,0,0,4
895,2923,trunk_remove:SW1:eth3:20+trunk_remove:SW2:eth3:20,10832,10862,0.4841025,-13.500000000000009,30,True,False,False,True,False,step_limit,0.08140153527880709,30,19,10,0,12,5,9,3,3
896,2924,access_vlan:SW1:eth1:20+access_vlan:SW1:eth2:10+access_vlan:SW2:eth1:20+trunk_remove:SW1:eth3:10+trunk_remove:SW2:eth3:20,10862,10864,0.48400750000000003,-10.850000000000001,2,True,False,True,False,False,incorrect_declare_done,0.025835332460701466,2,1,0,0,1,1,1,0,3
897,2925,access_vlan:SW2:eth1:20+access_vlan:SW2:eth2:10+trunk_remove:SW2:eth3:10+trunk_remove:SW2:eth3:20,10864,10894,0.4825825,-15.450000000000008,30,True,False,False,True,False,step_limit,0.041439107277741034,30,22,7,0,15,5,10,2,3
898,2926,access_vlan:SW2:eth2:10+trunk_remove:SW1:eth3:10+trunk_remove:SW2:eth3:10+trunk_remove:SW2:eth3:20,10894,10896,0.48248750000000007,-10.350000000000001,2,True,False,True,False,False,incorrect_declare_done,0.016481554601341486,2,1,0,0,0,0,0,0,2
899,2927,access_vlan:SW1:eth1:20+access_vlan:SW1:eth2:10+access_vlan:SW2:eth1:20+access_vlan:SW2:eth2:10+trunk_remove:SW2:eth3:10,10896,10903,0.482155,-13.850000000000001,7,True,False,True,False,False,incorrect_declare_done,0.02210061957261392,7,5,0,0,4,3,3,1,1
900,2928,access_vlan:SW2:eth2:10+trunk_remove:SW2:eth3:20,10903,10918,0.4814425000000001,-16.200000000000003,15,True,False,True,False,False,incorrect_declare_done,0.050076399743556974,15,7,7,0,6,4,3,2,3
901,2929,access_vlan:SW1:eth2:10+access_vlan:SW2:eth1:20,10918,10926,0.48106250000000006,-12.65,8,True,False,True,False,False,incorrect_declare_done,0.06981501844711602,8,6,0,0,1,1,1,0,1
902,2930,access_vlan:SW2:eth2:10+trunk_remove:SW1:eth3:20+trunk_remove:SW2:eth3:20,10926,10956,0.47963750000000005,-15.500000000000007,30,True,False,False,True,False,step_limit,0.028369476490964492,30,18,10,0,16,6,10,2,3
903,2931,access_vlan:SW1:eth1:20+access_vlan:SW2:eth2:10+trunk_remove:SW1:eth3:10+trunk_remove:SW2:eth3:10+trunk_remove:SW2:eth3:20,10956,10961,0.47939999999999994,-11.25,5,True,False,True,False,False,incorrect_declare_done,0.052565187029540536,5,4,0,0,0,0,0,0,1
904,2932,access_vlan:SW1:eth1:20+trunk_remove:SW1:eth3:10+trunk_remove:SW1:eth3:20+trunk_remove:SW2:eth3:20,10961,10980,0.4784975,-16.05,19,True,False,True,False,False,incorrect_declare_done,0.04129483648820927,19,12,6,0,3,3,3,0,3
905,2933,access_vlan:SW1:eth2:10+access_vlan:SW2:eth1:20+access_vlan:SW2:eth2:10+trunk_remove:SW1:eth3:10,10980,10995,0.477785,-16.6,15,True,False,True,False,False,incorrect_declare_done,0.04319224158922831,15,12,1,0,5,2,5,0,4
906,2934,access_vlan:SW1:eth1:20+access_vlan:SW2:eth1:20+access_vlan:SW2:eth2:10+trunk_remove:SW2:eth3:20,10995,11006,0.47726250000000003,4.249999999999999,11,True,False,True,False,True,recovery_success,0.027347306382249702,11,8,2,0,6,5,4,0,0
907,2935,access_vlan:SW1:eth2:10+trunk_remove:SW1:eth3:20+trunk_remove:SW2:eth3:10+trunk_remove:SW2:eth3:20,11006,11014,0.4768825000000001,7.5,8,True,False,True,False,True,recovery_success,0.051308700582012534,8,6,1,0,1,1,1,1,0
908,2936,access_vlan:SW1:eth1:20+access_vlan:SW1:eth2:10+trunk_remove:SW1:eth3:10+trunk_remove:SW1:eth3:20+trunk_remove:SW2:eth3:10+trunk_remove:SW2:eth3:20,11014,11038,0.47574250000000007,-20.050000000000004,24,True,False,True,False,False,incorrect_declare_done,0.043706069506394364,24,17,6,0,8,5,6,1,3
909,2937,access_vlan:SW1:eth2:10+access_vlan:SW2:eth1:20+trunk_remove:SW1:eth3:10+trunk_remove:SW2:eth3:10,11038,11058,0.47479250000000006,-18.65,20,True,False,True,False,False,incorrect_declare_done,0.026473255781456827,20,15,4,0,7,3,6,2,3
910,2938,access_vlan:SW1:eth2:10+access_vlan:SW2:eth1:20+trunk_remove:SW1:eth3:10+trunk_remove:SW1:eth3:20+trunk_remove:SW2:eth3:10+trunk_remove:SW2:eth3:20,11058,11065,0.47446,-12.350000000000001,7,True,False,True,False,False,incorrect_declare_done,0.052309484886271615,7,6,0,0,1,1,1,0,3
911,2939,trunk_remove:SW1:eth3:20+trunk_remove:SW2:eth3:10+trunk_remove:SW2:eth3:20,11065,11076,0.4739375,-14.25,11,True,False,True,False,False,incorrect_declare_done,0.09417383575981314,11,8,2,0,3,3,2,1,3
912,2940,trunk_remove:SW2:eth3:10,11076,11082,0.47365250000000003,-12.600000000000001,6,True,False,True,False,False,incorrect_declare_done,0.07224004839857419,6,2,3,0,3,3,1,1,3
913,2941,access_vlan:SW1:eth1:20+access_vlan:SW2:eth2:10+trunk_remove:SW1:eth3:20,11082,11112,0.4722275,-13.350000000000005,30,True,False,False,True,False,step_limit,0.0356640067572395,30,17,11,0,12,4,8,5,3
914,2942,access_vlan:SW1:eth1:20+access_vlan:SW2:eth2:10+trunk_remove:SW1:eth3:10+trunk_remove:SW2:eth3:10,11112,11118,0.47194250000000004,8.6,6,True,False,True,False,True,recovery_success,0.015686209313571453,6,4,1,0,0,0,0,0,0
915,2943,access_vlan:SW1:eth1:20+access_vlan:SW1:eth2:10+access_vlan:SW2:eth2:10+trunk_remove:SW1:eth3:20+trunk_remove:SW2:eth3:10,11118,11120,0.4718475,-10.850000000000001,2,True,False,True,False,False,incorrect_declare_done,0.014302350115031004,2,1,0,0,1,1,1,0,4
916,2944,access_vlan:SW1:eth1:20+trunk_remove:SW1:eth3:20,11120,11124,0.47165749999999995,9.2,4,True,False,True,False,True,recovery_success,0.015318047255277634,4,2,1,0,0,0,0,0,0
917,2945,access_vlan:SW1:eth2:10+access_vlan:SW2:eth2:10+trunk_remove:SW1:eth3:20+trunk_remove:SW2:eth3:20,11124,11154,0.47023250000000005,-16.35000000000001,30,True,False,False,True,False,step_limit,0.035231650341302156,30,18,11,0,18,6,12,3,3
918,2946,access_vlan:SW1:eth1:20+trunk_remove:SW1:eth3:10+trunk_remove:SW1:eth3:20+trunk_remove:SW2:eth3:20,11154,11182,0.4689025,-19.500000000000004,28,True,False,True,False,False,incorrect_declare_done,0.02471207468105214,28,14,11,0,6,3,6,2,2
919,2947,access_vlan:SW2:eth2:10+trunk_remove:SW1:eth3:10+trunk_remove:SW2:eth3:20,11182,11192,0.4684275,5.549999999999999,10,True,False,True,False,True,recovery_success,0.0861231179907918,10,7,2,0,4,4,2,1,0
920,2948,access_vlan:SW1:eth1:20+access_vlan:SW1:eth2:10+access_vlan:SW2:eth1:20+access_vlan:SW2:eth2:10+trunk_remove:SW2:eth3:10,11192,11195,0.46828500000000006,9.5,3,True,False,True,False,True,recovery_success,0.02608943295975526,3,1,1,0,0,0,0,0,0
921,2949,access_vlan:SW1:eth1:20+access_vlan:SW1:eth2:10+access_vlan:SW2:eth1:20+trunk_remove:SW1:eth3:10+trunk_remove:SW1:eth3:20,11195,11213,0.46743,-17.1,18,True,False,True,False,False,incorrect_declare_done,0.04042336034278075,18,10,7,0,6,4,4,2,3
922,2950,access_vlan:SW1:eth2:10+trunk_remove:SW1:eth3:20+trunk_remove:SW2:eth3:10,11213,11243,0.466005,-14.000000000000007,30,True,False,False,True,False,step_limit,0.041595159967740374,30,18,10,0,13,6,8,2,2
923,2951,access_vlan:SW1:eth2:10+trunk_remove:SW1:eth3:10+trunk_remove:SW1:eth3:20,11243,11257,0.4653400000000001,-16.3,14,True,False,True,False,False,incorrect_declare_done,0.04256218342509653,14,12,1,0,5,3,3,1,1
924,2952,access_vlan:SW1:eth1:20+access_vlan:SW2:eth1:20+trunk_remove:SW1:eth3:10,11257,11259,0.465245,-11.350000000000001,2,True,False,True,False,False,incorrect_declare_done,0.21147780865430832,2,1,0,0,2,2,1,0,4
925,2953,access_vlan:SW2:eth2:10+trunk_remove:SW1:eth3:20,11259,11289,0.46382,-13.65000000000001,30,True,False,False,True,False,step_limit,0.029795156326144934,30,21,9,0,12,6,8,3,4
926,2954,access_vlan:SW1:eth1:20+access_vlan:SW2:eth2:10+trunk_remove:SW1:eth3:10,11289,11296,0.46348750000000005,-13.850000000000001,7,True,False,True,False,False,incorrect_declare_done,0.018931124625461444,7,4,0,0,4,4,2,0,3
927,2955,access_vlan:SW1:eth1:20+access_vlan:SW2:eth1:20+access_vlan:SW2:eth2:10+trunk_remove:SW2:eth3:10+trunk_remove:SW2:eth3:20,11296,11310,0.4628225,4.85,14,True,False,True,False,True,recovery_success,0.04580209869891405,14,9,2,0,3,3,3,1,0
928,2956,access_vlan:SW2:eth2:10,11310,11340,0.4613975,-17.15000000000001,30,True,False,False,True,False,step_limit,0.027606886563201746,30,19,9,0,19,6,12,2,3
929,2957,access_vlan:SW2:eth1:20+access_vlan:SW2:eth2:10+trunk_remove:SW1:eth3:10+trunk_remove:SW2:eth3:10,11340,11355,0.460685,-19.3,15,True,False,True,False,False,incorrect_declare_done,0.04926845490311583,15,10,3,0,11,6,8,1,3
930,2958,access_vlan:SW1:eth1:20+access_vlan:SW2:eth2:10+trunk_remove:SW1:eth3:10+trunk_remove:SW1:eth3:20,11355,11385,0.45926,-11.800000000000006,30,True,False,False,True,False,step_limit,0.07605210250864426,30,21,8,0,8,5,7,0,2
931,2959,access_vlan:SW1:eth1:20+access_vlan:SW1:eth2:10+access_vlan:SW2:eth2:10+trunk_remove:SW1:eth3:20,11385,11411,0.458025,-26.000000000000007,26,True,False,True,False,False,incorrect_declare_done,0.07052883255080535,26,17,7,0,19,6,11,4,3
932,2960,access_vlan:SW1:eth1:20+access_vlan:SW1:eth2:10+access_vlan:SW2:eth2:10+trunk_remove:SW1:eth3:10+trunk_remove:SW2:eth3:10,11411,11414,0.4578825000000001,-11.15,3,True,False,True,False,False,incorrect_declare_done,0.029244253411889076,3,2,0,0,1,1,1,0,4
933,2961,access_vlan:SW2:eth1:20+access_vlan:SW2:eth2:10+trunk_remove:SW1:eth3:20+trunk_remove:SW2:eth3:10+trunk_remove:SW2:eth3:20,11414,11444,0.45645749999999996,-16.60000000000001,30,True,False,False,True,False,step_limit,0.05220433156937361,30,21,6,0,17,6,10,4,3
934,2962,access_vlan:SW1:eth1:20+access_vlan:SW2:eth1:20+trunk_remove:SW1:eth3:10,11444,11456,0.4558875,3.9499999999999993,12,True,False,True,False,True,recovery_success,0.05698626860976219,12,9,2,0,6,4,6,2,0
935,2963,access_vlan:SW2:eth1:20+access_vlan:SW2:eth2:10+trunk_remove:SW1:eth3:20,11456,11470,0.4552225,4.35,14,True,False,True,False,True,recovery_success,0.027743323240429163,14,11,2,0,4,3,3,0,0
936,2964,access_vlan:SW1:eth2:10+access_vlan:SW2:eth1:20+access_vlan:SW2:eth2:10+trunk_remove:SW2:eth3:10,11470,11487,0.454415,3.1500000000000012,17,True,False,True,False,True,recovery_success,0.03481841739267111,17,16,0,0,4,1,4,0,0
937,2965,access_vlan:SW1:eth2:10+trunk_remove:SW1:eth3:10+trunk_remove:SW1:eth3:20+trunk_remove:SW2:eth3:10+trunk_remove:SW2:eth3:20,11487,11489,0.45432000000000006,-10.850000000000001,2,True,False,True,False,False,incorrect_declare_done,0.12540829135105014,2,1,0,0,1,1,1,0,4
938,2966,access_vlan:SW2:eth1:20+trunk_remove:SW1:eth3:10+trunk_remove:SW1:eth3:20+trunk_remove:SW2:eth3:10,11489,11500,0.4537975000000001,-13.600000000000001,11,True,False,True,False,False,incorrect_declare_done,0.034028158015148205,11,6,3,0,2,2,2,1,1
939,2967,access_vlan:SW1:eth2:10+trunk_remove:SW1:eth3:10+trunk_remove:SW1:eth3:20+trunk_remove:SW2:eth3:10,11500,11506,0.4535125,8.6,6,True,False,True,False,True,recovery_success,0.026294610928744078,6,4,1,0,0,0,0,0,0
940,2968,access_vlan:SW1:eth2:10+access_vlan:SW2:eth1:20+trunk_remove:SW1:eth3:10+trunk_remove:SW1:eth3:20,11506,11509,0.45337000000000005,-10.65,3,True,False,True,False,False,incorrect_declare_done,0.023598975812395413,3,2,0,0,0,0,0,0,3
941,2969,access_vlan:SW1:eth1:20+access_vlan:SW2:eth1:20,11509,11539,0.45194500000000004,-13.35000000000001,30,True,False,False,True,False,step_limit,0.06143375243991613,30,18,11,0,12,5,8,2,4
942,2970,access_vlan:SW1:eth1:20+access_vlan:SW1:eth2:10+trunk_remove:SW1:eth3:10,11539,11569,0.45052000000000003,-10.600000000000005,30,True,False,False,True,False,step_limit,0.03688027656947573,30,14,16,0,8,5,5,1,3
943,2971,access_vlan:SW1:eth2:10+trunk_remove:SW1:eth3:20,11569,11579,0.45004500000000003,5.3999999999999995,10,True,False,True,False,True,recovery_success,0.027274392638355495,10,8,1,0,4,4,3,1,0
944,2972,access_vlan:SW1:eth1:20+access_vlan:SW1:eth2:10+trunk_remove:SW1:eth3:20+trunk_remove:SW2:eth3:20,11579,11609,0.44862,-12.100000000000005,30,True,False,False,True,False,step_limit,0.06780018511538705,30,22,6,0,8,5,7,0,1
945,2973,access_vlan:SW1:eth1:20+access_vlan:SW1:eth2:10+trunk_remove:SW1:eth3:20+trunk_remove:SW2:eth3:10+trunk_remove:SW2:eth3:20,11609,11627,0.44776499999999997,-16.900000000000002,18,True,False,True,False,False,incorrect_declare_done,0.023102840744993754,18,12,5,0,5,3,5,0,1
946,2974,access_vlan:SW1:eth1:20+access_vlan:SW1:eth2:10+access_vlan:SW2:eth1:20+trunk_remove:SW2:eth3:20,11627,11657,0.44634000000000007,-11.200000000000005,30,True,False,False,True,False,step_limit,0.033095829437176386,30,14,12,0,8,3,8,0,2
947,2975,access_vlan:SW1:eth2:10+access_vlan:SW2:eth2:10+trunk_remove:SW2:eth3:10+trunk_remove:SW2:eth3:20,11657,11669,0.44577,-17.05,12,True,False,True,False,False,incorrect_declare_done,0.04123813286423683,12,8,2,0,8,5,3,2,3
948,2976,access_vlan:SW1:eth1:20+access_vlan:SW2:eth1:20+access_vlan:SW2:eth2:10+trunk_remove:SW1:eth3:10+trunk_remove:SW2:eth3:10+trunk_remove:SW2:eth3:20,11669,11699,0.4443450000000001,-11.500000000000004,30,True,False,False,True,False,step_limit,0.041661948524415494,30,18,10,0,8,5,6,1,3
949,2977,access_vlan:SW1:eth2:10+access_vlan:SW2:eth1:20+access_vlan:SW2:eth2:10+trunk_remove:SW2:eth3:10+trunk_remove:SW2:eth3:20,11699,11704,0.4441075000000001,-11.75,5,True,False,True,False,False,incorrect_declare_done,0.043630460649728774,5,4,0,0,1,1,1,0,1
950,2978,access_vlan:SW2:eth1:20+trunk_remove:SW2:eth3:20,11704,11720,0.4433475,-16.650000000000002,16,True,False,True,False,False,incorrect_declare_done,0.03849759738659486,16,9,6,0,6,5,4,1,1
951,2979,access_vlan:SW1:eth1:20+access_vlan:SW2:eth1:20+access_vlan:SW2:eth2:10+trunk_remove:SW1:eth3:10+trunk_remove:SW1:eth3:20+trunk_remove:SW2:eth3:10+trunk_remove:SW2:eth3:20,11720,11724,0.4431575000000001,-11.450000000000001,4,True,False,True,False,False,incorrect_declare_done,0.020590402651578188,4,3,0,0,1,1,1,0,3
952,2980,access_vlan:SW1:eth1:20+access_vlan:SW1:eth2:10+trunk_remove:SW1:eth3:10,11724,11731,0.442825,7.299999999999999,7,True,False,True,False,True,recovery_success,0.02972426065909011,7,5,1,0,2,2,2,1,0
953,2981,access_vlan:SW1:eth2:10+access_vlan:SW2:eth1:20+access_vlan:SW2:eth2:10+trunk_remove:SW1:eth3:20+trunk_remove:SW2:eth3:20,11731,11757,0.44159000000000004,-21.800000000000008,26,True,False,True,False,False,incorrect_declare_done,0.03147636903808094,26,20,5,0,10,5,9,0,3
954,2982,access_vlan:SW1:eth2:10+access_vlan:SW2:eth1:20+trunk_remove:SW1:eth3:10+trunk_remove:SW1:eth3:20+trunk_remove:SW2:eth3:10,11757,11772,0.44087750000000003,-16.150000000000002,15,True,False,True,False,False,incorrect_declare_done,0.02808830632517735,15,9,4,0,5,4,3,1,3
955,2983,access_vlan:SW1:eth2:10+access_vlan:SW2:eth1:20+access_vlan:SW2:eth2:10+trunk_remove:SW2:eth3:20,11772,11779,0.4405450000000001,-14.700000000000001,7,True,False,True,False,False,incorrect_declare_done,0.02678173840312021,7,5,1,0,6,5,3,0,4
956,2984,access_vlan:SW1:eth1:20+access_vlan:SW1:eth2:10+access_vlan:SW2:eth1:20+access_vlan:SW2:eth2:10+trunk_remove:SW2:eth3:10,11779,11780,0.4404975000000001,-10.05,1,True,False,True,False,False,incorrect_declare_done,0.02728218212723732,1,0,0,0,0,0,0,0,1
957,2985,access_vlan:SW1:eth2:10+access_vlan:SW2:eth1:20,11780,11790,0.4400225,-16.25,10,True,False,True,False,False,incorrect_declare_done,0.03296041684225202,10,9,0,0,7,3,5,0,3
958,2986,access_vlan:SW1:eth1:20+trunk_remove:SW2:eth3:10+trunk_remove:SW2:eth3:20,11790,11811,0.439025,-18.85,21,True,False,True,False,False,incorrect_declare_done,0.02519901833009152,21,12,8,0,8,5,5,3,1
959,2987,access_vlan:SW1:eth2:10+trunk_remove:SW1:eth3:10+trunk_remove:SW2:eth3:10,11811,11841,0.4376000000000001,-13.000000000000009,30,True,False,False,True,False,step_limit,0.031429033260792494,30,20,10,0,11,6,7,1,1
960,2988,access_vlan:SW1:eth1:20+access_vlan:SW2:eth2:10+trunk_remove:SW1:eth3:10+trunk_remove:SW2:eth3:20,11841,11849,0.43721999999999994,7.5,8,True,False,True,False,True,recovery_success,0.030013479699846357,8,6,1,0,1,1,1,0,0
961,2989,access_vlan:SW1:eth1:20+access_vlan:SW2:eth1:20+access_vlan:SW2:eth2:10+trunk_remove:SW1:eth3:20+trunk_remove:SW2:eth3:10,11849,11879,0.43579500000000004,-12.450000000000005,30,True,False,False,True,False,step_limit,0.03084939072529475,30,23,7,0,9,3,8,0,3
962,2990,access_vlan:SW1:eth2:10+access_vlan:SW2:eth1:20+trunk_remove:SW1:eth3:10+trunk_remove:SW1:eth3:20+trunk_remove:SW2:eth3:10+trunk_remove:SW2:eth3:20,11879,11884,0.43555750000000004,-12.25,5,True,False,True,False,False,incorrect_declare_done,0.023547484632581474,5,4,0,0,2,2,2,0,4
963,2991,access_vlan:SW1:eth1:20+access_vlan:SW2:eth1:20+trunk_remove:SW1:eth3:10+trunk_remove:SW1:eth3:20+trunk_remove:SW2:eth3:10,11884,11904,0.43460750000000004,-19.400000000000006,20,True,False,True,False,False,incorrect_declare_done,0.044042535265907644,20,10,9,0,10,6,6,1,3
964,2992,access_vlan:SW1:eth2:10+access_vlan:SW2:eth1:20+access_vlan:SW2:eth2:10,11904,11934,0.4331825,-15.750000000000009,30,True,False,False,True,False,step_limit,0.028643477257962027,30,13,15,0,18,6,11,1,0
965,2993,access_vlan:SW1:eth2:10+access_vlan:SW2:eth1:20+trunk_remove:SW1:eth3:10+trunk_remove:SW2:eth3:10+trunk_remove:SW2:eth3:20,11934,11950,0.43242250000000004,-14.8,16,True,False,True,False,False,incorrect_declare_done,0.01670054136775434,16,10,5,0,2,2,2,1,1
966,2994,access_vlan:SW1:eth2:10,11950,11956,0.43213750000000006,8.25,6,True,False,True,False,True,recovery_success,0.06052054503622154,6,3,2,0,1,1,1,1,0
967,2995,access_vlan:SW1:eth1:20+trunk_remove:SW1:eth3:10,11956,11969,0.43152,-16.700000000000003,13,True,False,True,False,False,incorrect_declare_done,0.02116114667688425,13,9,3,0,7,3,3,3,3
968,2996,trunk_remove:SW2:eth3:10,11969,11977,0.4311400000000001,7.949999999999999,8,True,False,True,False,True,recovery_success,0.028054380672983825,8,3,4,0,1,1,1,1,0
969,2997,access_vlan:SW1:eth1:20+access_vlan:SW2:eth1:20+access_vlan:SW2:eth2:10+trunk_remove:SW1:eth3:10+trunk_remove:SW2:eth3:20,11977,11995,0.43028500000000003,-17.15,18,True,False,True,False,False,incorrect_declare_done,0.030921808237002954,18,13,0,0,4,2,4,0,3
970,2998,access_vlan:SW1:eth2:10+trunk_remove:SW1:eth3:10+trunk_remove:SW2:eth3:10+trunk_remove:SW2:eth3:20,11995,11998,0.4301425,-11.15,3,True,False,True,False,False,incorrect_declare_done,0.021636343250672024,3,2,0,0,1,1,1,0,3
971,2999,access_vlan:SW2:eth2:10+trunk_remove:SW2:eth3:20,11998,12028,0.4287175,-14.65000000000001,30,True,False,False,True,False,step_limit,0.039714599555979176,30,20,9,0,14,6,10,2,3
972,3000,access_vlan:SW1:eth1:20+trunk_remove:SW1:eth3:10+trunk_remove:SW2:eth3:10,12028,12058,0.4272925000000001,-13.050000000000008,30,True,False,False,True,False,step_limit,0.0509907609783113,30,16,13,0,12,6,9,1,0
973,3001,access_vlan:SW1:eth2:10+access_vlan:SW2:eth2:10+trunk_remove:SW1:eth3:20+trunk_remove:SW2:eth3:10+trunk_remove:SW2:eth3:20,12058,12070,0.4267225,-14.600000000000001,12,True,False,True,False,False,incorrect_declare_done,0.05427609275405606,12,6,5,0,4,4,2,0,4
974,3002,access_vlan:SW1:eth1:20+access_vlan:SW2:eth1:20+trunk_remove:SW2:eth3:10,12070,12084,0.4260575000000001,3.4499999999999984,14,True,False,True,False,True,recovery_success,0.06341351728354182,14,5,6,0,7,3,3,2,0
975,3003,access_vlan:SW1:eth2:10+access_vlan:SW2:eth1:20+trunk_remove:SW2:eth3:10,12084,12089,0.42582,8.899999999999999,5,True,False,True,False,True,recovery_success,0.046759060211479665,5,3,1,0,0,0,0,0,0
976,3004,access_vlan:SW1:eth1:20+trunk_remove:SW1:eth3:10+trunk_remove:SW2:eth3:10,12089,12119,0.4243950000000001,-10.400000000000006,30,True,False,False,True,False,step_limit,0.059888067189604044,30,15,14,0,7,5,6,0,4
977,3005,access_vlan:SW2:eth1:20+trunk_remove:SW1:eth3:10+trunk_remove:SW1:eth3:20+trunk_remove:SW2:eth3:20,12119,12149,0.42296999999999996,-12.200000000000005,30,True,False,False,True,False,step_limit,0.043419865984469654,30,18,12,0,10,6,8,0,4
978,3006,access_vlan:SW2:eth1:20+access_vlan:SW2:eth2:10+trunk_remove:SW2:eth3:10+trunk_remove:SW2:eth3:20,12149,12179,0.42154500000000006,-12.200000000000006,30,True,False,False,True,False,step_limit,0.03320890357717872,30,16,12,0,10,5,7,2,3
979,3007,access_vlan:SW2:eth1:20+access_vlan:SW2:eth2:10+trunk_remove:SW1:eth3:20+trunk_remove:SW2:eth3:20,12179,12198,0.42064250000000003,-16.4,19,True,False,True,False,False,incorrect_declare_done,0.019433336773593175,19,10,7,0,4,3,3,1,1
980,3008,access_vlan:SW1:eth2:10+access_vlan:SW2:eth1:20+trunk_remove:SW1:eth3:10+trunk_remove:SW2:eth3:10+trunk_remove:SW2:eth3:20,12198,12224,0.41940750000000004,-17.450000000000003,26,True,False,True,False,False,incorrect_declare_done,0.025749544917534176,26,11,14,0,4,3,3,0,3
981,3009,access_vlan:SW1:eth2:10+access_vlan:SW2:eth1:20+trunk_remove:SW1:eth3:10+trunk_remove:SW2:eth3:20,12224,12244,0.41845750000000004,-19.300000000000004,20,True,False,True,False,False,incorrect_declare_done,0.03392085537780076,20,16,3,0,8,4,5,0,2
982,3010,access_vlan:SW1:eth2:10+trunk_remove:SW1:eth3:10+trunk_remove:SW2:eth3:10,12244,12253,0.41803,6.5,9,True,False,True,False,True,recovery_success,0.04394036034742991,9,5,3,0,3,3,1,1,0
983,3011,access_vlan:SW1:eth1:20+access_vlan:SW1:eth2:10+access_vlan:SW2:eth1:20+trunk_remove:SW1:eth3:20+trunk_remove:SW2:eth3:20,12253,12277,0.41689,-20.1,24,True,False,True,False,False,incorrect_declare_done,0.024377728424345452,24,12,9,0,9,5,6,0,4
984,3012,access_vlan:SW1:eth2:10+access_vlan:SW2:eth1:20+trunk_remove:SW1:eth3:10+trunk_remove:SW1:eth3:20+trunk_remove:SW2:eth3:10,12277,12283,0.416605,-11.4,6,True,False,True,False,False,incorrect_declare_done,0.019922391666720312,6,4,1,0,0,0,0,0,1
985,3013,access_vlan:SW1:eth1:20+access_vlan:SW2:eth1:20+access_vlan:SW2:eth2:10+trunk_remove:SW1:eth3:20+trunk_remove:SW2:eth3:10+trunk_remove:SW2:eth3:20,12283,12287,0.4164150000000001,-11.450000000000001,4,True,False,True,False,False,incorrect_declare_done,0.0408780793659389,4,3,0,0,1,1,1,0,2
986,3014,trunk_remove:SW1:eth3:10,12287,12306,0.41551250000000006,-16.15,19,True,False,True,False,False,incorrect_declare_done,0.027390895337846718,19,5,12,0,5,4,3,0,1
987,3015,access_vlan:SW2:eth1:20+access_vlan:SW2:eth2:10+trunk_remove:SW2:eth3:10,12306,12323,0.414705,-16.2,17,True,False,True,False,False,incorrect_declare_done,0.022069772842394954,17,15,1,0,3,2,3,0,3
988,3016,access_vlan:SW1:eth2:10+trunk_remove:SW2:eth3:10,12323,12334,0.4141825,-16.4,11,True,False,True,False,False,incorrect_declare_done,0.013054260730066082,11,9,1,0,7,5,5,0,3
989,3017,access_vlan:SW1:eth1:20+access_vlan:SW1:eth2:10+access_vlan:SW2:eth1:20+trunk_remove:SW1:eth3:10+trunk_remove:SW1:eth3:20+trunk_remove:SW2:eth3:10+trunk_remove:SW2:eth3:20,12334,12364,0.4127575,-12.050000000000006,30,True,False,False,True,False,step_limit,0.01596684044537445,30,16,13,0,10,5,8,0,3
990,3018,access_vlan:SW2:eth1:20+access_vlan:SW2:eth2:10+trunk_remove:SW1:eth3:20+trunk_remove:SW2:eth3:10,12364,12394,0.4113325,-9.100000000000001,30,True,False,False,True,False,step_limit,0.034495413520683846,30,13,16,0,5,3,4,0,3
991,3019,access_vlan:SW1:eth1:20+access_vlan:SW2:eth1:20+trunk_remove:SW1:eth3:20+trunk_remove:SW2:eth3:20,12394,12401,0.41100000000000003,-12.350000000000001,7,True,False,True,False,False,incorrect_declare_done,0.015680615524096147,7,6,0,0,1,1,1,0,2
992,3020,access_vlan:SW1:eth2:10+access_vlan:SW2:eth2:10+trunk_remove:SW1:eth3:20+trunk_remove:SW2:eth3:10,12401,12408,0.4106675000000001,-12.350000000000001,7,True,False,True,False,False,incorrect_declare_done,0.02375722091112818,7,6,0,0,1,1,1,0,1
993,3021,access_vlan:SW1:eth2:10+trunk_remove:SW1:eth3:10+trunk_remove:SW1:eth3:20+trunk_remove:SW2:eth3:20,12408,12414,0.4103825,-12.05,6,True,False,True,False,False,incorrect_declare_done,0.01281359426987668,6,5,0,0,1,1,1,0,2
994,3022,access_vlan:SW1:eth2:10+trunk_remove:SW1:eth3:20,12414,12434,0.4094325,-18.35,20,True,False,True,False,False,incorrect_declare_done,0.013756913645192981,20,12,6,0,7,5,4,1,1
995,3023,access_vlan:SW1:eth2:10+access_vlan:SW2:eth1:20+trunk_remove:SW1:eth3:10+trunk_remove:SW1:eth3:20,12434,12443,0.40900500000000006,-13.65,9,True,False,True,False,False,incorrect_declare_done,0.025666337770720322,9,6,2,0,3,2,2,0,3
996,3024,access_vlan:SW1:eth1:20+access_vlan:SW1:eth2:10+access_vlan:SW2:eth2:10+trunk_remove:SW1:eth3:20+trunk_remove:SW2:eth3:20,12443,12449,0.4087200000000001,-12.4,6,True,False,True,False,False,incorrect_declare_done,0.013429795391857624,6,4,1,0,2,2,2,0,1
997,3025,access_vlan:SW1:eth1:20+access_vlan:SW1:eth2:10+trunk_remove:SW1:eth3:20+trunk_remove:SW2:eth3:20,12449,12461,0.40815,-16.25,12,True,False,True,False,False,incorrect_declare_done,0.013121118536219,12,7,4,0,7,6,5,0,3
998,3026,access_vlan:SW1:eth1:20+access_vlan:SW1:eth2:10+trunk_remove:SW1:eth3:10+trunk_remove:SW2:eth3:20,12461,12465,0.4079600000000001,-11.950000000000001,4,True,False,True,False,False,incorrect_declare_done,0.016057045431807637,4,3,0,0,2,2,2,0,3
999,3027,access_vlan:SW1:eth1:20+access_vlan:SW2:eth1:20+access_vlan:SW2:eth2:10+trunk_remove:SW2:eth3:20,12465,12482,0.40715250000000003,-16.3,17,True,False,True,False,False,incorrect_declare_done,0.020280003438101095,17,9,7,0,5,3,4,0,1
1000,3028,access_vlan:SW1:eth2:10+trunk_remove:SW1:eth3:20+trunk_remove:SW2:eth3:10+trunk_remove:SW2:eth3:20,12482,12489,0.40682000000000007,8.45,7,True,False,True,False,True,recovery_success,0.009559471692357744,7,4,2,0,0,0,0,0,0
1001,3029,access_vlan:SW1:eth1:20+access_vlan:SW1:eth2:10+trunk_remove:SW1:eth3:10+trunk_remove:SW1:eth3:20+trunk_remove:SW2:eth3:20,12489,12514,0.40563249999999995,-21.700000000000003,25,True,False,True,False,False,incorrect_declare_done,0.020396770890802145,25,17,7,0,11,4,7,0,1
1002,3030,access_vlan:SW1:eth2:10+access_vlan:SW2:eth1:20+trunk_remove:SW1:eth3:10+trunk_remove:SW1:eth3:20+trunk_remove:SW2:eth3:10,12514,12526,0.4050625000000001,-13.1,12,True,False,True,False,False,incorrect_declare_done,0.037198452899853386,12,6,5,0,1,1,1,0,1
1003,3031,access_vlan:SW2:eth1:20+trunk_remove:SW2:eth3:20,12526,12556,0.4036375,-9.000000000000002,30,True,False,False,True,False,step_limit,0.024369709038486082,30,10,20,0,6,4,5,0,3
1004,3032,access_vlan:SW2:eth1:20+access_vlan:SW2:eth2:10+trunk_remove:SW1:eth3:10+trunk_remove:SW1:eth3:20+trunk_remove:SW2:eth3:20,12556,12559,0.40349500000000005,-11.15,3,True,False,True,False,False,incorrect_declare_done,0.013395770763357481,3,2,0,0,1,1,1,0,2
1005,3033,access_vlan:SW1:eth1:20+access_vlan:SW2:eth1:20+access_vlan:SW2:eth2:10+trunk_remove:SW1:eth3:20+trunk_remove:SW2:eth3:10,12559,12575,0.40273499999999995,-15.200000000000003,16,True,False,True,False,False,incorrect_declare_done,0.01881543971830979,16,6,9,0,4,4,4,0,1
1006,3034,access_vlan:SW1:eth2:10+trunk_remove:SW1:eth3:10+trunk_remove:SW1:eth3:20+trunk_remove:SW2:eth3:10,12575,12579,0.40254500000000004,-10.8,4,True,False,True,False,False,incorrect_declare_done,0.03390470566228032,4,2,1,0,0,0,0,0,1
1007,3035,access_vlan:SW1:eth1:20+access_vlan:SW2:eth1:20+trunk_remove:SW2:eth3:10+trunk_remove:SW2:eth3:20,12579,12590,0.40202250000000006,-14.25,11,True,False,True,False,False,incorrect_declare_done,0.017680150118063797,11,7,2,0,3,3,3,0,3
1008,3036,access_vlan:SW1:eth2:10+access_vlan:SW2:eth1:20+trunk_remove:SW1:eth3:10+trunk_remove:SW1:eth3:20+trunk_remove:SW2:eth3:10+trunk_remove:SW2:eth3:20,12590,12617,0.40074,-19.75,27,True,False,True,False,False,incorrect_declare_done,0.01679529768794223,27,22,4,0,5,2,5,0,3
1009,3037,access_vlan:SW1:eth1:20+access_vlan:SW2:eth1:20+access_vlan:SW2:eth2:10+trunk_remove:SW1:eth3:10,12617,12627,0.4002650000000001,-15.450000000000001,10,True,False,True,False,False,incorrect_declare_done,0.02567592291161418,10,7,2,0,6,4,4,0,3
1010,3038,access_vlan:SW1:eth1:20+access_vlan:SW2:eth1:20+access_vlan:SW2:eth2:10+trunk_remove:SW1:eth3:10+trunk_remove:SW1:eth3:20+trunk_remove:SW2:eth3:10,12627,12657,0.39884,-11.950000000000005,30,True,False,False,True,False,step_limit,0.01843325556255877,30,23,7,0,8,4,7,0,3
1011,3039,access_vlan:SW1:eth1:20+access_vlan:SW2:eth1:20+access_vlan:SW2:eth2:10+trunk_remove:SW1:eth3:20,12657,12673,0.39808,6.1,16,True,False,True,False,True,recovery_success,0.019506576558342203,16,4,11,0,2,2,2,0,0
1012,3040,access_vlan:SW1:eth1:20+access_vlan:SW2:eth1:20+trunk_remove:SW2:eth3:10,12673,12678,0.3978425,-12.25,5,True,False,True,False,False,incorrect_declare_done,0.015287301503121853,5,4,0,0,2,2,1,0,3
1013,3041,access_vlan:SW1:eth1:20+access_vlan:SW1:eth2:10+access_vlan:SW2:eth2:10+trunk_remove:SW1:eth3:10+trunk_remove:SW2:eth3:10,12678,12699,0.396845,-17.700000000000003,21,True,False,True,False,False,incorrect_declare_done,0.015920336069982676,21,11,9,0,6,4,5,0,3
1014,3042,access_vlan:SW1:eth1:20+access_vlan:SW2:eth1:20+access_vlan:SW2:eth2:10+trunk_remove:SW1:eth3:10+trunk_remove:SW2:eth3:10,12699,12704,0.3966075,-12.25,5,True,False,True,False,False,incorrect_declare_done,0.009983095806092024,5,4,0,0,2,2,1,0,1
1015,3043,access_vlan:SW1:eth1:20+trunk_remove:SW2:eth3:10+trunk_remove:SW2:eth3:20,12704,12718,0.3959425,-14.25,14,True,False,True,False,False,incorrect_declare_done,0.01726886656667505,14,5,8,0,3,3,2,0,3
1016,3044,access_vlan:SW2:eth2:10+trunk_remove:SW1:eth3:10+trunk_remove:SW2:eth3:10+trunk_remove:SW2:eth3:20,12718,12722,0.39575250000000006,-10.950000000000001,4,True,False,True,False,False,incorrect_declare_done,0.024483512504957616,4,3,0,0,0,0,0,0,1
1017,3045,access_vlan:SW1:eth1:20+access_vlan:SW1:eth2:10+access_vlan:SW2:eth1:20+trunk_remove:SW1:eth3:10+trunk_remove:SW2:eth3:10,12722,12752,0.39432750000000005,-26.75,30,True,False,True,False,False,incorrect_declare_done,0.01622660383582115,30,16,10,0,19,6,15,0,4
1018,3046,access_vlan:SW1:eth2:10+access_vlan:SW2:eth2:10+trunk_remove:SW2:eth3:10,12752,12754,0.3942325,-10.350000000000001,2,True,False,True,False,False,incorrect_declare_done,0.04532846505753696,2,1,0,0,0,0,0,0,3
1019,3047,access_vlan:SW1:eth1:20+access_vlan:SW2:eth1:20,12754,12781,0.39295,-19.550000000000004,27,True,False,True,False,False,incorrect_declare_done,0.016235160089477344,27,13,12,0,7,5,5,0,3
1020,3048,access_vlan:SW1:eth1:20+access_vlan:SW2:eth2:10+trunk_remove:SW1:eth3:10+trunk_remove:SW1:eth3:20,12781,12811,0.3915250000000001,-7.8000000000000025,30,True,False,False,True,False,step_limit,0.014561600967620809,30,12,18,0,3,2,3,0,0
1021,3049,access_vlan:SW1:eth2:10+trunk_remove:SW1:eth3:10+trunk_remove:SW2:eth3:10+trunk_remove:SW2:eth3:20,12811,12841,0.3901,-12.050000000000006,30,True,False,False,True,False,step_limit,0.013329156565790375,30,15,13,0,10,5,7,0,3
1022,3050,access_vlan:SW2:eth1:20+access_vlan:SW2:eth2:10+trunk_remove:SW2:eth3:20,12841,12871,0.3886750000000001,-11.050000000000008,30,True,False,False,True,False,step_limit,0.01268597859889269,30,16,13,0,8,4,7,0,0
1023,3051,access_vlan:SW2:eth2:10,12871,12875,0.38848499999999997,9.35,4,True,False,True,False,True,recovery_success,0.01786507642827928,4,1,2,0,0,0,0,0,0
1024,3052,access_vlan:SW1:eth1:20+access_vlan:SW2:eth1:20+access_vlan:SW2:eth2:10+trunk_remove:SW2:eth3:10,12875,12905,0.38706000000000007,-11.250000000000007,30,True,False,False,True,False,step_limit,0.01314605176448822,30,13,15,0,9,4,8,0,4
1025,3053,access_vlan:SW1:eth1:20+access_vlan:SW1:eth2:10+access_vlan:SW2:eth1:20+trunk_remove:SW1:eth3:10+trunk_remove:SW1:eth3:20+trunk_remove:SW2:eth3:20,12905,12935,0.38563499999999995,-9.300000000000002,30,True,False,False,True,False,step_limit,0.015850566032653054,30,11,18,0,6,4,5,0,3
1026,3054,access_vlan:SW1:eth2:10+access_vlan:SW2:eth1:20+trunk_remove:SW2:eth3:10,12935,12962,0.3843525,-17.1,27,True,False,True,False,False,incorrect_declare_done,0.011197914817818889,27,7,15,0,3,2,3,0,4
1027,3055,access_vlan:SW1:eth1:20+trunk_remove:SW1:eth3:10+trunk_remove:SW2:eth3:20,12962,12969,0.38402000000000003,-11.25,7,True,False,True,False,False,incorrect_declare_done,0.017931273938821896,7,2,4,0,0,0,0,0,1
1028,3056,access_vlan:SW1:eth2:10,12969,12987,0.3831650000000001,-16.3,18,True,False,True,False,False,incorrect_declare_done,0.012337799209894406,18,8,9,0,5,4,4,0,4
1029,3057,access_vlan:SW2:eth1:20+trunk_remove:SW1:eth3:20+trunk_remove:SW2:eth3:10,12987,13017,0.38173999999999997,-9.650000000000004,30,True,False,False,True,False,step_limit,0.015796609036624432,30,11,19,0,7,5,4,1,3
1030,3058,trunk_remove:SW1:eth3:20+trunk_remove:SW2:eth3:10,13017,13020,0.38159750000000003,-10.350000000000001,3,True,False,True,False,False,incorrect_declare_done,0.06036409238974253,3,0,2,0,0,0,0,0,2
1031,3059,access_vlan:SW1:eth1:20+access_vlan:SW2:eth2:10+trunk_remove:SW1:eth3:10+trunk_remove:SW1:eth3:20,13020,13021,0.38155000000000006,-10.05,1,True,False,True,False,False,incorrect_declare_done,0.009655497968196869,1,0,0,0,0,0,0,0,4
1032,3060,access_vlan:SW1:eth1:20+access_vlan:SW2:eth1:20+access_vlan:SW2:eth2:10+trunk_remove:SW1:eth3:20+trunk_remove:SW2:eth3:10+trunk_remove:SW2:eth3:20,13021,13031,0.38107500000000005,-14.600000000000001,10,True,False,True,False,False,incorrect_declare_done,0.019295491697266697,10,6,1,0,4,3,4,0,3
1033,3061,access_vlan:SW1:eth2:10+trunk_remove:SW1:eth3:20,13031,13038,0.3807425,-14.2,7,True,False,True,False,False,incorrect_declare_done,0.014468654657581024,7,5,1,0,5,4,3,0,4
1034,3062,access_vlan:SW1:eth1:20+access_vlan:SW2:eth1:20+access_vlan:SW2:eth2:10+trunk_remove:SW2:eth3:20,13038,13068,0.3793175000000001,-8.700000000000003,30,True,False,False,True,False,step_limit,0.017126431176438927,30,8,22,0,6,5,6,0,3
1035,3063,access_vlan:SW1:eth2:10+access_vlan:SW2:eth2:10+trunk_remove:SW1:eth3:10+trunk_remove:SW1:eth3:20+trunk_remove:SW2:eth3:20,13068,13097,0.37793999999999994,-20.150000000000006,29,True,False,True,False,False,incorrect_declare_done,0.01848824771827665,29,13,12,0,7,4,6,0,4
1036,3064,access_vlan:SW1:eth1:20+trunk_remove:SW1:eth3:10+trunk_remove:SW1:eth3:20+trunk_remove:SW2:eth3:10,13097,13125,0.37661,-17.85,28,True,False,True,False,False,incorrect_declare_done,0.022008127266807214,28,14,12,0,3,3,3,0,3
1037,3065,access_vlan:SW1:eth2:10+access_vlan:SW2:eth1:20+access_vlan:SW2:eth2:10+trunk_remove:SW1:eth3:10+trunk_remove:SW1:eth3:20+trunk_remove:SW2:eth3:10,13125,13155,0.3751850000000001,-11.250000000000005,30,True,False,False,True,False,step_limit,0.025270355213433505,30,15,15,0,9,3,6,0,3
1038,3066,access_vlan:SW1:eth2:10+trunk_remove:SW1:eth3:10,13155,13185,0.37376,-9.450000000000003,30,True,False,False,True,False,step_limit,0.0176707706724604,30,11,17,0,6,4,6,0,4
1039,3067,access_vlan:SW1:eth2:10+trunk_remove:SW1:eth3:20+trunk_remove:SW2:eth3:10,13185,13187,0.373665,-10.850000000000001,2,True,False,True,False,False,incorrect_declare_done,0.009236245416104794,2,1,0,0,1,1,1,0,3
1040,3068,access_vlan:SW2:eth1:20+access_vlan:SW2:eth2:10+trunk_remove:SW1:eth3:20+trunk_remove:SW2:eth3:20,13187,13189,0.37357000000000007,-10.850000000000001,2,True,False,True,False,False,incorrect_declare_done,0.03538575302809477,2,1,0,0,1,1,1,0,3
1041,3069,access_vlan:SW1:eth2:10+trunk_remove:SW1:eth3:10+trunk_remove:SW1:eth3:20,13189,13219,0.37214499999999995,-7.700000000000001,30,True,False,False,True,False,step_limit,0.0155256238921235,30,8,22,0,4,4,4,0,4
1042,3070,access_vlan:SW1:eth1:20+access_vlan:SW2:eth1:20+trunk_remove:SW1:eth3:10+trunk_remove:SW2:eth3:10+trunk_remove:SW2:eth3:20,13219,13238,0.37124250000000003,-16.85,19,True,False,True,False,False,incorrect_declare_done,0.029908026102930307,19,12,4,0,4,3,3,0,3
1043,3071,access_vlan:SW1:eth2:10+access_vlan:SW2:eth1:20+access_vlan:SW2:eth2:10+trunk_remove:SW1:eth3:10,13238,13246,0.3708625,-12.200000000000001,8,True,False,True,False,False,incorrect_declare_done,0.013647980114910752,8,4,3,0,1,1,1,0,3
1044,3072,access_vlan:SW2:eth2:10+trunk_remove:SW2:eth3:10,13246,13276,0.3694375000000001,-12.900000000000007,30,True,False,False,True,False,step_limit,0.01199246516916901,30,14,14,0,12,6,10,0,3
1045,3073,trunk_remove:SW1:eth3:10+trunk_remove:SW1:eth3:20+trunk_remove:SW2:eth3:10,13276,13278,0.3693425,-10.350000000000001,2,True,False,True,False,False,incorrect_declare_done,0.012878716457635164,2,1,0,0,0,0,0,0,1
1046,3074,access_vlan:SW1:eth1:20+access_vlan:SW1:eth2:10+access_vlan:SW2:eth1:20+trunk_remove:SW1:eth3:10+trunk_remove:SW2:eth3:10,13278,13286,0.36896249999999997,-13.200000000000001,8,True,False,True,False,False,incorrect_declare_done,0.01263555430341512,8,4,3,0,3,3,2,0,3
1047,3075,access_vlan:SW1:eth1:20+access_vlan:SW1:eth2:10+trunk_remove:SW1:eth3:10,13286,13301,0.36824999999999997,-13.75,15,True,False,True,False,False,incorrect_declare_done,0.04031640673056245,15,4,10,0,2,2,2,0,1
1048,3076,access_vlan:SW1:eth2:10+trunk_remove:SW1:eth3:20+trunk_remove:SW2:eth3:10,13301,13303,0.368155,-10.850000000000001,2,True,False,True,False,False,incorrect_declare_done,0.004794754786416888,2,1,0,0,1,1,1,0,3
1049,3077,access_vlan:SW2:eth1:20+trunk_remove:SW1:eth3:10,13303,13333,0.3667300000000001,-8.850000000000001,30,True,False,False,True,False,step_limit,0.027355560512902836,30,9,21,0,6,5,5,0,3
1050,3078,access_vlan:SW1:eth1:20+access_vlan:SW1:eth2:10+access_vlan:SW2:eth1:20+trunk_remove:SW1:eth3:10+trunk_remove:SW1:eth3:20+trunk_remove:SW2:eth3:20,13333,13363,0.365305,-12.500000000000005,30,True,False,False,True,False,step_limit,0.017296258624022207,30,20,10,0,10,4,9,0,3
1051,3079,access_vlan:SW1:eth1:20+access_vlan:SW2:eth2:10+trunk_remove:SW1:eth3:20,13363,13385,0.36426000000000003,-16.35,22,True,False,True,False,False,incorrect_declare_done,0.03452130311846056,22,11,10,0,3,2,3,0,3
1052,3080,access_vlan:SW1:eth1:20+access_vlan:SW2:eth1:20+trunk_remove:SW1:eth3:20+trunk_remove:SW2:eth3:20,13385,13390,0.3640225,-10.8,5,True,False,True,False,False,incorrect_declare_done,0.011533180251717567,5,1,3,0,0,0,0,0,3
1053,3081,access_vlan:SW1:eth1:20+access_vlan:SW2:eth1:20+trunk_remove:SW1:eth3:20+trunk_remove:SW2:eth3:20,13390,13420,0.3625975,-11.450000000000003,30,True,False,False,True,False,step_limit,0.011759336455725133,30,11,17,0,10,6,8,0,3
1054,3082,access_vlan:SW1:eth2:10+access_vlan:SW2:eth1:20+trunk_remove:SW1:eth3:10+trunk_remove:SW2:eth3:10+trunk_remove:SW2:eth3:20,13420,13449,0.36122,-21.500000000000007,29,True,False,True,False,False,incorrect_declare_done,0.009348158644319609,29,15,13,0,10,6,7,0,4
1055,3083,access_vlan:SW2:eth2:10+trunk_remove:SW1:eth3:10+trunk_remove:SW1:eth3:20+trunk_remove:SW2:eth3:10+trunk_remove:SW2:eth3:20,13449,13479,0.359795,-12.950000000000008,30,True,False,False,True,False,step_limit,0.013175657313937942,30,22,7,0,10,4,8,0,2
1056,3084,access_vlan:SW1:eth1:20+access_vlan:SW2:eth1:20+access_vlan:SW2:eth2:10+trunk_remove:SW1:eth3:10,13479,13509,0.3583700000000001,-9.000000000000005,30,True,False,False,True,False,step_limit,0.029984612731883922,30,8,20,0,6,4,6,0,2
1057,3085,access_vlan:SW1:eth1:20+access_vlan:SW2:eth2:10+trunk_remove:SW1:eth3:20+trunk_remove:SW2:eth3:10,13509,13513,0.35818000000000005,-11.450000000000001,4,True,False,True,False,False,incorrect_declare_done,0.025639806408435106,4,3,0,0,1,1,1,0,4
1058,3086,access_vlan:SW2:eth2:10+trunk_remove:SW1:eth3:20,13513,13537,0.35704,-16.75,24,True,False,True,False,False,incorrect_declare_done,0.027500675758346915,24,4,18,0,5,4,4,0,3
1059,3087,access_vlan:SW1:eth2:10+access_vlan:SW2:eth1:20+trunk_remove:SW1:eth3:10+trunk_remove:SW1:eth3:20,13537,13567,0.355615,-6.200000000000004,30,True,False,False,True,False,step_limit,0.021970955158273377,30,8,22,0,1,1,1,0,2
1060,3088,access_vlan:SW2:eth1:20+trunk_remove:SW2:eth3:10,13567,13572,0.3553775,-10.65,5,True,False,True,False,False,incorrect_declare_done,0.017415835149586202,5,0,4,0,0,0,0,0,3
1061,3089,access_vlan:SW1:eth1:20+trunk_remove:SW1:eth3:10,13572,13573,0.35533000000000003,-10.05,1,True,False,True,False,False,incorrect_declare_done,0.015347227454185486,1,0,0,0,0,0,0,0,3
1062,3090,access_vlan:SW1:eth1:20+access_vlan:SW2:eth1:20+trunk_remove:SW2:eth3:10+trunk_remove:SW2:eth3:20,13573,13603,0.353905,-17.750000000000007,30,True,False,True,False,False,incorrect_declare_done,0.011365817782158652,30,6,20,0,4,2,4,0,4
1063,3091,trunk_remove:SW1:eth3:10,13603,13611,0.3535250000000001,-12.25,8,True,False,True,False,False,incorrect_declare_done,0.00833019195124507,8,1,6,0,2,2,1,0,3
1064,3092,access_vlan:SW1:eth1:20+access_vlan:SW2:eth1:20+trunk_remove:SW1:eth3:10+trunk_remove:SW1:eth3:20+trunk_remove:SW2:eth3:10,13611,13618,0.3531925,-11.25,7,True,False,True,False,False,incorrect_declare_done,0.014646912392761027,7,2,4,0,0,0,0,0,3
1065,3093,access_vlan:SW2:eth2:10+trunk_remove:SW2:eth3:10,13618,13648,0.3517675,-9.350000000000007,30,True,False,False,True,False,step_limit,0.011505450867116452,30,9,21,0,7,4,5,0,4
1066,3094,access_vlan:SW1:eth1:20+access_vlan:SW1:eth2:10+trunk_remove:SW1:eth3:10,13648,13656,0.3513875000000001,-12.85,8,True,False,True,False,False,incorrect_declare_done,0.011191241559572518,8,5,2,0,2,2,2,0,1
1067,3095,access_vlan:SW1:eth1:20+trunk_remove:SW1:eth3:10+trunk_remove:SW1:eth3:20,13656,13686,0.34996249999999995,-7.700000000000003,30,True,False,False,True,False,step_limit,0.011601645623644193,30,6,22,0,4,2,4,0,3
1068,3096,access_vlan:SW1:eth2:10+access_vlan:SW2:eth1:20+access_vlan:SW2:eth2:10+trunk_remove:SW2:eth3:20,13686,13716,0.34853750000000006,-8.350000000000003,30,True,False,False,True,False,step_limit,0.020455487662305434,30,8,21,0,5,4,4,0,3
1069,3097,access_vlan:SW1:eth1:20+access_vlan:SW1:eth2:10+access_vlan:SW2:eth1:20+trunk_remove:SW1:eth3:10+trunk_remove:SW1:eth3:20,13716,13729,0.34792,-15.05,13,True,False,True,False,False,incorrect_declare_done,0.013447034853295637,13,5,4,0,4,1,4,0,4
1070,3098,access_vlan:SW1:eth1:20+access_vlan:SW1:eth2:10+access_vlan:SW2:eth2:10+trunk_remove:SW1:eth3:10+trunk_remove:SW2:eth3:10,13729,13759,0.3464950000000001,-10.900000000000006,30,True,False,False,True,False,step_limit,0.014133425382897257,30,14,14,0,8,4,8,0,3
1071,3099,access_vlan:SW1:eth1:20+access_vlan:SW2:eth1:20+trunk_remove:SW1:eth3:20,13759,13784,0.3453075,-16.500000000000004,25,True,False,True,False,False,incorrect_declare_done,0.01309069170616567,25,9,15,0,3,3,3,0,3
1072,3100,access_vlan:SW1:eth1:20+access_vlan:SW1:eth2:10+access_vlan:SW2:eth1:20+trunk_remove:SW1:eth3:20+trunk_remove:SW2:eth3:10+trunk_remove:SW2:eth3:20,13784,13788,0.34511749999999997,-10.5,4,True,False,True,False,False,incorrect_declare_done,0.011067999410443008,4,0,3,0,0,0,0,0,3
1073,3101,access_vlan:SW1:eth2:10+access_vlan:SW2:eth1:20+trunk_remove:SW2:eth3:10,13788,13795,0.344785,-11.9,7,True,False,True,False,False,incorrect_declare_done,0.017125541477331092,7,3,3,0,1,1,1,0,3
1074,3102,trunk_remove:SW1:eth3:20+trunk_remove:SW2:eth3:20,13795,13797,0.34469000000000005,-10.850000000000001,2,True,False,True,False,False,incorrect_declare_done,0.011479633394628763,2,1,0,0,1,1,1,0,2
1075,3103,access_vlan:SW1:eth1:20+access_vlan:SW2:eth1:20+access_vlan:SW2:eth2:10+trunk_remove:SW1:eth3:10+trunk_remove:SW2:eth3:20,13797,13801,0.34450000000000003,-10.5,4,True,False,True,False,False,incorrect_declare_done,0.0071124667301774025,4,0,3,0,0,0,0,0,3
1076,3104,access_vlan:SW2:eth2:10+trunk_remove:SW1:eth3:10,13801,13831,0.343075,-7.700000000000004,30,True,False,False,True,False,step_limit,0.010937561777730783,30,8,22,0,4,4,2,0,4
1077,3105,access_vlan:SW2:eth1:20+access_vlan:SW2:eth2:10+trunk_remove:SW1:eth3:20+trunk_remove:SW2:eth3:10+trunk_remove:SW2:eth3:20,13831,13834,0.3429325000000001,-10.350000000000001,3,True,False,True,False,False,incorrect_declare_done,0.014714060351252556,3,0,2,0,0,0,0,0,2
1078,3106,access_vlan:SW1:eth2:10+access_vlan:SW2:eth1:20+access_vlan:SW2:eth2:10+trunk_remove:SW1:eth3:10+trunk_remove:SW2:eth3:10+trunk_remove:SW2:eth3:20,13834,13856,0.3418875,-14.75,22,True,False,True,False,False,incorrect_declare_done,0.010236254152418538,22,6,14,0,1,1,1,0,3
1079,3107,access_vlan:SW1:eth2:10+access_vlan:SW2:eth1:20+trunk_remove:SW1:eth3:10+trunk_remove:SW2:eth3:10,13856,13859,0.3417450000000001,-10.5,3,True,False,True,False,False,incorrect_declare_done,0.012094846771409115,3,1,1,0,0,0,0,0,3
1080,3108,access_vlan:SW1:eth1:20+access_vlan:SW2:eth1:20+trunk_remove:SW1:eth3:20,13859,13889,0.34032000000000007,-12.000000000000005,30,True,False,False,True,False,step_limit,0.011352812824770808,30,9,20,0,12,6,7,0,4
1081,3109,access_vlan:SW1:eth2:10+access_vlan:SW2:eth1:20+access_vlan:SW2:eth2:10+trunk_remove:SW1:eth3:10+trunk_remove:SW1:eth3:20+trunk_remove:SW2:eth3:20,13889,13913,0.33918000000000004,-19.150000000000002,24,True,False,True,False,False,incorrect_declare_done,0.012439471339651694,24,10,12,0,8,5,6,0,3
1082,3110,access_vlan:SW1:eth1:20+access_vlan:SW2:eth2:10+trunk_remove:SW1:eth3:10+trunk_remove:SW1:eth3:20,13913,13929,0.33842000000000005,-14.850000000000001,16,True,False,True,False,False,incorrect_declare_done,0.010292168779415078,16,7,8,0,3,2,2,0,1
1083,3111,access_vlan:SW1:eth1:20+access_vlan:SW1:eth2:10+trunk_remove:SW1:eth3:10+trunk_remove:SW2:eth3:10+trunk_remove:SW2:eth3:20,13929,13939,0.33794500000000005,-11.55,10,True,False,True,False,False,incorrect_declare_done,0.006877863965928555,10,1,8,0,0,0,0,0,2
1084,3112,access_vlan:SW1:eth2:10+trunk_remove:SW1:eth3:20+trunk_remove:SW2:eth3:10,13939,13969,0.33652000000000004,-9.350000000000005,30,True,False,False,True,False,step_limit,0.009124706964939833,30,7,21,0,7,5,5,0,4
1085,3113,access_vlan:SW2:eth1:20+access_vlan:SW2:eth2:10+trunk_remove:SW1:eth3:10+trunk_remove:SW1:eth3:20+trunk_remove:SW2:eth3:10+trunk_remove:SW2:eth3:20,13969,13971,0.336425,-10.200000000000001,2,True,False,True,False,False,incorrect_declare_done,0.01265140576288104,2,0,1,0,0,0,0,0,2
1086,3114,access_vlan:SW1:eth1:20+access_vlan:SW1:eth2:10+access_vlan:SW2:eth1:20+trunk_remove:SW1:eth3:10+trunk_remove:SW2:eth3:10,13971,14001,0.3350000000000001,-9.850000000000005,30,True,False,False,True,False,step_limit,0.011390535385968785,30,7,21,0,8,5,6,0,3
1087,3115,access_vlan:SW1:eth1:20+access_vlan:SW1:eth2:10+access_vlan:SW2:eth1:20+trunk_remove:SW1:eth3:10,14001,14008,0.3346675,8.75,7,True,False,True,False,True,recovery_success,0.052701362275651524,7,2,4,0,0,0,0,0,0
1088,3116,access_vlan:SW2:eth1:20+trunk_remove:SW2:eth3:20,14008,14015,0.33433500000000005,7.449999999999999,7,True,False,True,False,True,recovery_success,0.03507839861725058,7,4,2,0,2,2,2,0,0
1089,3117,access_vlan:SW1:eth1:20+access_vlan:SW1:eth2:10+access_vlan:SW2:eth2:10+trunk_remove:SW1:eth3:10,14015,14020,0.33409750000000005,8.25,5,True,False,True,False,True,recovery_success,0.03254369497299194,5,4,0,0,1,1,1,0,0
1090,3118,access_vlan:SW1:eth1:20+trunk_remove:SW1:eth3:10+trunk_remove:SW1:eth3:20+trunk_remove:SW2:eth3:10,14020,14050,0.33267250000000004,-11.550000000000004,30,True,False,False,True,False,step_limit,0.031183619610965253,30,17,13,0,9,6,4,2,3
1091,3119,access_vlan:SW1:eth1:20+access_vlan:SW1:eth2:10+access_vlan:SW2:eth1:20+access_vlan:SW2:eth2:10+trunk_remove:SW1:eth3:10+trunk_remove:SW1:eth3:20+trunk_remove:SW2:eth3:10,14050,14065,0.33196000000000003,-14.05,15,True,False,True,False,False,incorrect_declare_done,0.01758170211687684,15,6,8,0,2,2,2,0,2
1092,3120,access_vlan:SW2:eth2:10+trunk_remove:SW1:eth3:20,14065,14066,0.33191249999999994,-10.05,1,True,False,True,False,False,incorrect_declare_done,0.019931858405470848,1,0,0,0,0,0,0,0,3
1093,3121,access_vlan:SW1:eth1:20+access_vlan:SW1:eth2:10+access_vlan:SW2:eth1:20+trunk_remove:SW2:eth3:20,14066,14082,0.33115250000000007,3.7,16,True,False,True,False,True,recovery_success,0.01919387321686372,16,9,5,0,5,4,3,2,0
1094,3122,trunk_remove:SW1:eth3:20+trunk_remove:SW2:eth3:10,14082,14091,0.33072500000000005,4.05,9,True,False,True,False,True,recovery_success,0.016041798672328394,9,7,0,0,7,3,3,3,0
1095,3123,access_vlan:SW2:eth2:10+trunk_remove:SW2:eth3:10+trunk_remove:SW2:eth3:20,14091,14098,0.3303925000000001,7.799999999999999,7,True,False,True,False,True,recovery_success,0.020975762845150063,7,5,1,0,1,1,1,1,0
1096,3124,access_vlan:SW1:eth1:20+access_vlan:SW1:eth2:10+access_vlan:SW2:eth1:20+access_vlan:SW2:eth2:10,14098,14100,0.3302975,9.799999999999999,2,True,False,True,False,True,recovery_success,0.018651656340807676,2,0,1,0,0,0,0,0,0
1097,3125,access_vlan:SW1:eth1:20+access_vlan:SW1:eth2:10+access_vlan:SW2:eth2:10+trunk_remove:SW1:eth3:10+trunk_remove:SW1:eth3:20,14100,14130,0.3288725,-7.050000000000001,30,True,False,False,True,False,step_limit,0.02625418718283375,30,7,23,0,3,3,3,0,3
1098,3126,trunk_remove:SW1:eth3:10+trunk_remove:SW2:eth3:10,14130,14146,0.32811250000000003,4.799999999999999,16,True,False,True,False,True,recovery_success,0.03105226787738502,16,6,9,0,4,4,2,2,0
1099,3127,access_vlan:SW1:eth1:20+trunk_remove:SW2:eth3:10+trunk_remove:SW2:eth3:20,14146,14153,0.32778000000000007,-11.25,7,True,False,True,False,False,incorrect_declare_done,0.019947062246501446,7,2,4,0,0,0,0,0,3
1100,3128,access_vlan:SW1:eth1:20+access_vlan:SW1:eth2:10+access_vlan:SW2:eth2:10+trunk_remove:SW1:eth3:20,14153,14183,0.32635500000000006,-9.750000000000004,30,True,False,False,True,False,step_limit,0.0185534595977515,30,14,15,0,6,3,6,0,4
1101,3129,access_vlan:SW1:eth1:20+access_vlan:SW1:eth2:10+access_vlan:SW2:eth1:20+access_vlan:SW2:eth2:10+trunk_remove:SW2:eth3:10,14183,14189,0.32606999999999997,-10.8,6,True,False,True,False,False,incorrect_declare_done,0.010616787942126393,6,0,5,0,0,0,0,0,1
1102,3130,access_vlan:SW2:eth2:10+trunk_remove:SW2:eth3:10,14189,14219,0.3246450000000001,-11.100000000000005,30,True,False,False,True,False,step_limit,0.0129214263210694,30,13,16,0,9,5,8,2,3
1103,3131,trunk_remove:SW2:eth3:10,14219,14221,0.3245500000000001,9.649999999999999,2,True,False,True,False,True,recovery_success,0.006461694138124585,2,1,0,0,0,0,0,0,0
1104,3132,access_vlan:SW1:eth1:20+trunk_remove:SW2:eth3:10,14221,14226,0.3243125,7.749999999999999,5,True,False,True,False,True,recovery_success,0.015339753217995166,5,3,0,0,2,2,2,0,0
1105,3133,access_vlan:SW1:eth1:20+access_vlan:SW2:eth1:20,14226,14233,0.32398000000000005,6.1499999999999995,7,True,False,True,False,True,recovery_success,0.01590471076113837,7,6,0,0,4,3,3,1,0
1106,3134,access_vlan:SW2:eth1:20+access_vlan:SW2:eth2:10+trunk_remove:SW1:eth3:20,14233,14238,0.32374250000000004,8.399999999999999,5,True,False,True,False,True,recovery_success,0.010489744506776333,5,3,1,0,1,1,1,0,0
1107,3135,access_vlan:SW2:eth2:10+trunk_remove:SW1:eth3:10+trunk_remove:SW2:eth3:20,14238,14260,0.3226975000000001,-21.400000000000002,22,True,False,True,False,False,incorrect_declare_done,0.013296004913916642,22,18,3,0,11,5,6,3,3
1108,3136,access_vlan:SW1:eth2:10+trunk_remove:SW1:eth3:20+trunk_remove:SW2:eth3:10,14260,14269,0.32226999999999995,-13.15,9,True,False,True,False,False,incorrect_declare_done,0.009108424911068546,9,6,2,0,2,2,1,0,3
1109,3137,access_vlan:SW1:eth1:20+access_vlan:SW1:eth2:10+access_vlan:SW2:eth2:10+trunk_remove:SW1:eth3:10+trunk_remove:SW2:eth3:10,14269,14299,0.32084500000000005,-12.750000000000005,30,True,False,False,True,False,step_limit,0.01002305328535537,30,14,15,0,12,6,8,1,4
1110,3138,access_vlan:SW1:eth2:10+trunk_remove:SW1:eth3:10+trunk_remove:SW1:eth3:20+trunk_remove:SW2:eth3:10,14299,14314,0.32013250000000004,-13.9,15,True,False,True,False,False,incorrect_declare_done,0.01563832365597288,15,5,9,0,2,2,2,0,3
1111,3139,access_vlan:SW1:eth2:10+access_vlan:SW2:eth1:20+access_vlan:SW2:eth2:10+trunk_remove:SW1:eth3:20+trunk_remove:SW2:eth3:10+trunk_remove:SW2:eth3:20,14314,14328,0.3194675,-14.85,14,True,False,True,False,False,incorrect_declare_done,0.021523855792890702,14,9,4,0,3,2,3,0,4
1112,3140,access_vlan:SW1:eth2:10+trunk_remove:SW1:eth3:10+trunk_remove:SW2:eth3:10+trunk_remove:SW2:eth3:20,14328,14346,0.31861249999999997,-13.05,18,True,False,True,False,False,incorrect_declare_done,0.012052733399387863,18,3,14,0,0,0,0,0,3
1113,3141,access_vlan:SW1:eth2:10+trunk_remove:SW1:eth3:10+trunk_remove:SW2:eth3:20,14346,14356,0.3181375000000001,6.35,10,True,False,True,False,True,recovery_success,0.015652954578399658,10,5,4,0,3,3,1,1,0
1114,3142,access_vlan:SW1:eth1:20+trunk_remove:SW1:eth3:10+trunk_remove:SW2:eth3:10,14356,14358,0.3180425,-10.350000000000001,2,True,False,True,False,False,incorrect_declare_done,0.02127616899088025,2,1,0,0,0,0,0,0,3
1115,3143,trunk_remove:SW1:eth3:20+trunk_remove:SW2:eth3:20,14358,14388,0.3166175,-10.450000000000006,30,True,False,False,True,False,step_limit,0.015278164437040687,30,9,17,0,8,4,5,2,3
1116,3144,access_vlan:SW1:eth1:20+access_vlan:SW2:eth1:20+access_vlan:SW2:eth2:10+trunk_remove:SW2:eth3:10+trunk_remove:SW2:eth3:20,14388,14391,0.31647499999999995,-10.5,3,True,False,True,False,False,incorrect_declare_done,0.014870300268133482,3,1,1,0,0,0,0,0,3
1117,3145,trunk_remove:SW1:eth3:20+trunk_remove:SW2:eth3:10+trunk_remove:SW2:eth3:20,14391,14393,0.31638,-10.200000000000001,2,True,False,True,False,False,incorrect_declare_done,0.02329539624042809,2,0,1,0,0,0,0,0,2
1118,3146,access_vlan:SW2:eth2:10+trunk_remove:SW2:eth3:10+trunk_remove:SW2:eth3:20,14393,14398,0.3161425,8.899999999999999,5,True,False,True,False,True,recovery_success,0.017355264630168676,5,3,1,0,0,0,0,0,0
1119,3147,access_vlan:SW1:eth1:20+access_vlan:SW1:eth2:10+access_vlan:SW2:eth2:10+trunk_remove:SW1:eth3:10+trunk_remove:SW1:eth3:20+trunk_remove:SW2:eth3:10,14398,14403,0.3159050000000001,-11.600000000000001,5,True,False,True,False,False,incorrect_declare_done,0.01297792186960578,5,3,1,0,1,1,1,0,2
1120,3148,access_vlan:SW1:eth2:10+access_vlan:SW2:eth1:20,14403,14433,0.31448,-8.000000000000002,30,True,False,False,True,False,step_limit,0.01228282107040286,30,9,20,0,4,3,4,3,0
1121,3149,access_vlan:SW1:eth1:20+access_vlan:SW2:eth1:20+access_vlan:SW2:eth2:10+trunk_remove:SW1:eth3:10+trunk_remove:SW2:eth3:10+trunk_remove:SW2:eth3:20,14433,14449,0.31372,3.9999999999999982,16,True,False,True,False,True,recovery_success,0.01276168113690801,16,8,7,0,5,4,4,1,0
1122,3150,trunk_remove:SW2:eth3:10,14449,14450,0.3136725,-10.05,1,True,False,True,False,False,incorrect_declare_done,0.019216366112232208,1,0,0,0,0,0,0,0,1
1123,3151,access_vlan:SW2:eth2:10+trunk_remove:SW1:eth3:10+trunk_remove:SW1:eth3:20,14450,14479,0.312295,-20.700000000000003,29,True,False,True,False,False,incorrect_declare_done,0.013926520172891945,29,13,15,0,9,5,6,3,4
1124,3152,access_vlan:SW1:eth1:20+access_vlan:SW1:eth2:10+access_vlan:SW2:eth2:10+trunk_remove:SW1:eth3:10,14479,14484,0.3120575000000001,8.25,5,True,False,True,False,True,recovery_success,0.012812562938779592,5,4,0,0,1,1,1,0,0
1125,3153,access_vlan:SW1:eth2:10+trunk_remove:SW1:eth3:20+trunk_remove:SW2:eth3:10,14484,14514,0.3106325,-10.300000000000006,30,True,False,False,True,False,step_limit,0.021382459237550697,30,10,18,0,8,4,5,4,3
1126,3154,access_vlan:SW1:eth1:20+access_vlan:SW2:eth2:10+trunk_remove:SW1:eth3:10+trunk_remove:SW2:eth3:10,14514,14518,0.31044250000000007,-11.950000000000001,4,True,False,True,False,False,incorrect_declare_done,0.03392504574730992,4,3,0,0,2,2,2,0,3
1127,3155,access_vlan:SW1:eth1:20+trunk_remove:SW1:eth3:10+trunk_remove:SW1:eth3:20+trunk_remove:SW2:eth3:20,14518,14548,0.30901749999999995,-12.850000000000005,30,True,False,False,True,False,step_limit,0.0376807186131676,30,17,11,0,11,6,7,4,3
1128,3156,access_vlan:SW1:eth2:10+access_vlan:SW2:eth1:20+access_vlan:SW2:eth2:10+trunk_remove:SW1:eth3:10+trunk_remove:SW2:eth3:10+trunk_remove:SW2:eth3:20,14548,14553,0.30878000000000005,-11.75,5,True,False,True,False,False,incorrect_declare_done,0.055059724301099774,5,3,0,0,1,1,1,0,3
1129,3157,access_vlan:SW2:eth2:10+trunk_remove:SW1:eth3:10,14553,14557,0.30859000000000003,9.2,4,True,False,True,False,True,recovery_success,0.023893042001873255,4,2,1,0,0,0,0,0,0
1130,3158,access_vlan:SW2:eth1:20+access_vlan:SW2:eth2:10+trunk_remove:SW1:eth3:10+trunk_remove:SW2:eth3:20,14557,14587,0.30716500000000013,-13.350000000000009,30,True,False,False,True,False,step_limit,0.03384330943226814,30,19,11,0,12,6,7,4,1
1131,3159,access_vlan:SW2:eth1:20+access_vlan:SW2:eth2:10,14587,14606,0.3062625000000001,0.6499999999999986,19,True,False,True,False,True,recovery_success,0.03619438797039421,19,12,4,0,9,5,7,4,0
1132,3160,access_vlan:SW2:eth2:10+trunk_remove:SW1:eth3:10+trunk_remove:SW2:eth3:10+trunk_remove:SW2:eth3:20,14606,14622,0.3055025,3.1000000000000005,16,True,False,True,False,True,recovery_success,0.022723616159055382,16,14,1,0,5,2,4,1,0
1133,3161,access_vlan:SW1:eth1:20+access_vlan:SW1:eth2:10+access_vlan:SW2:eth1:20+trunk_remove:SW1:eth3:10+trunk_remove:SW2:eth3:10,14622,14626,0.3053125000000001,-11.450000000000001,4,True,False,True,False,False,incorrect_declare_done,0.03149813343770802,4,3,0,0,1,1,1,0,3
1134,3162,access_vlan:SW2:eth1:20+access_vlan:SW2:eth2:10+trunk_remove:SW1:eth3:10+trunk_remove:SW2:eth3:10,14626,14636,0.3048375,-15.25,10,True,False,True,False,False,incorrect_declare_done,0.02412814078852534,10,9,0,0,5,3,4,0,1
1135,3163,access_vlan:SW1:eth1:20+access_vlan:SW2:eth2:10+trunk_remove:SW1:eth3:10,14636,14637,0.30479,-10.05,1,True,False,True,False,False,incorrect_declare_done,0.015343216247856617,1,0,0,0,0,0,0,0,4
1136,3164,access_vlan:SW2:eth2:10+trunk_remove:SW1:eth3:10,14637,14644,0.30445750000000005,7.1499999999999995,7,True,False,True,False,True,recovery_success,0.02061107029606189,7,6,0,0,2,2,2,1,0
1137,3165,access_vlan:SW1:eth2:10+trunk_remove:SW1:eth3:20+trunk_remove:SW2:eth3:10,14644,14645,0.30441000000000007,-10.05,1,True,False,True,False,False,incorrect_declare_done,0.013788379728794098,1,0,0,0,0,0,0,0,3
1138,3166,access_vlan:SW1:eth1:20+access_vlan:SW1:eth2:10+access_vlan:SW2:eth2:10+trunk_remove:SW1:eth3:20,14645,14654,0.30398250000000004,5.849999999999999,9,True,False,True,False,True,recovery_success,0.0251407523949941,9,6,2,0,4,4,2,0,0
1139,3167,access_vlan:SW1:eth1:20+trunk_remove:SW2:eth3:20,14654,14660,0.30369750000000006,7.1,6,True,False,True,False,True,recovery_success,0.015099220133076111,6,4,1,0,3,3,1,1,0
1140,3168,access_vlan:SW1:eth1:20+access_vlan:SW2:eth1:20+trunk_remove:SW1:eth3:10,14660,14690,0.30227249999999994,-12.250000000000007,30,True,False,False,True,False,step_limit,0.02837821872284015,30,14,15,0,11,5,6,2,0
1141,3169,access_vlan:SW2:eth2:10+trunk_remove:SW1:eth3:10+trunk_remove:SW1:eth3:20+trunk_remove:SW2:eth3:10+trunk_remove:SW2:eth3:20,14690,14709,0.30137,0.4999999999999982,19,True,False,True,False,True,recovery_success,0.02218074466739046,19,14,3,0,9,6,6,3,0
1142,3170,access_vlan:SW2:eth2:10+trunk_remove:SW1:eth3:20+trunk_remove:SW2:eth3:20,14709,14713,0.30118,9.049999999999999,4,True,False,True,False,True,recovery_success,0.02305184188298881,4,3,0,0,0,0,0,0,0
1143,3171,access_vlan:SW1:eth1:20+access_vlan:SW1:eth2:10+access_vlan:SW2:eth2:10+trunk_remove:SW1:eth3:10+trunk_remove:SW1:eth3:20+trunk_remove:SW2:eth3:10,14713,14733,0.30023,1.299999999999999,20,True,False,True,False,True,recovery_success,0.022839211812242865,20,10,7,0,8,4,4,2,0
1144,3172,access_vlan:SW1:eth1:20+access_vlan:SW2:eth1:20+access_vlan:SW2:eth2:10+trunk_remove:SW1:eth3:10+trunk_remove:SW1:eth3:20+trunk_remove:SW2:eth3:10,14733,14751,0.29937499999999995,-16.9,18,True,False,True,False,False,incorrect_declare_done,0.023596764956083562,18,10,5,0,5,3,4,0,3
1145,3173,access_vlan:SW2:eth1:20+trunk_remove:SW2:eth3:10,14751,14754,0.2992325,9.35,3,True,False,True,False,True,recovery_success,0.0121027243634065,3,2,0,0,0,0,0,0,0
1146,3174,access_vlan:SW1:eth1:20+access_vlan:SW2:eth1:20+trunk_remove:SW1:eth3:10,14754,14772,0.29837749999999996,-2.5500000000000043,18,True,False,True,False,True,recovery_success,0.023271870023260515,18,12,4,0,16,6,9,2,0
1147,3175,access_vlan:SW2:eth1:20+access_vlan:SW2:eth2:10,14772,14792,0.29742749999999996,3.3999999999999995,20,True,False,True,False,True,recovery_success,0.02634748558048159,20,7,11,0,5,4,3,2,0
1148,3176,access_vlan:SW2:eth1:20+trunk_remove:SW1:eth3:10+trunk_remove:SW1:eth3:20+trunk_remove:SW2:eth3:10,14792,14799,0.297095,-12.350000000000001,7,True,False,True,False,False,incorrect_declare_done,0.01989122693027769,7,6,0,0,1,1,1,0,1
1149,3177,access_vlan:SW1:eth2:10+access_vlan:SW2:eth1:20+access_vlan:SW2:eth2:10+trunk_remove:SW2:eth3:10+trunk_remove:SW2:eth3:20,14799,14808,0.2966675000000001,5.699999999999999,9,True,False,True,False,True,recovery_success,0.01869547025611003,9,7,1,0,4,3,2,1,0
1150,3178,trunk_remove:SW2:eth3:10,14808,14820,0.2960975,6.05,12,True,False,True,False,True,recovery_success,0.017160477737585705,12,5,6,0,3,3,2,1,0
1151,3179,trunk_remove:SW2:eth3:20,14820,14823,0.2959550000000001,9.5,3,True,False,True,False,True,recovery_success,0.013286463295420011,3,1,1,0,0,0,0,0,0
1152,3180,access_vlan:SW1:eth1:20+access_vlan:SW2:eth1:20+access_vlan:SW2:eth2:10+trunk_remove:SW1:eth3:10+trunk_remove:SW2:eth3:10,14823,14833,0.29547999999999996,4.549999999999999,10,True,False,True,False,True,recovery_success,0.05422744769603014,10,7,2,0,6,4,4,0,0
1153,3181,access_vlan:SW2:eth1:20+access_vlan:SW2:eth2:10+trunk_remove:SW1:eth3:10+trunk_remove:SW2:eth3:10+trunk_remove:SW2:eth3:20,14833,14863,0.29405500000000007,-12.550000000000004,30,True,False,False,True,False,step_limit,0.056812911511709294,30,25,3,0,8,5,8,0,4
1154,3182,access_vlan:SW1:eth1:20+access_vlan:SW1:eth2:10+access_vlan:SW2:eth1:20+trunk_remove:SW1:eth3:20,14863,14872,0.29362750000000004,-14.45,9,True,False,True,False,False,incorrect_declare_done,0.02554390300065279,9,8,0,0,4,2,3,0,2
1155,3183,access_vlan:SW2:eth2:10+trunk_remove:SW2:eth3:10+trunk_remove:SW2:eth3:20,14872,14902,0.29220250000000003,-12.300000000000004,30,True,False,False,True,False,step_limit,0.024997801954547563,30,21,8,0,9,6,5,2,2
1156,3184,access_vlan:SW1:eth2:10+trunk_remove:SW1:eth3:10+trunk_remove:SW2:eth3:10,14902,14908,0.29191750000000005,6.949999999999999,6,True,False,True,False,True,recovery_success,0.03045727452263236,6,5,0,0,3,3,1,1,0
1157,3185,access_vlan:SW1:eth2:10+access_vlan:SW2:eth1:20+access_vlan:SW2:eth2:10+trunk_remove:SW1:eth3:20+trunk_remove:SW2:eth3:10+trunk_remove:SW2:eth3:20,14908,14925,0.2911100000000001,4.349999999999998,17,True,False,True,False,True,recovery_success,0.02160104616161655,17,8,8,0,4,4,2,1,0
1158,3186,access_vlan:SW2:eth1:20+trunk_remove:SW1:eth3:10,14925,14930,0.2908725000000001,7.25,5,True,False,True,False,True,recovery_success,0.016810530610382558,5,4,0,0,3,3,1,1,0
1159,3187,access_vlan:SW1:eth1:20,14930,14937,0.29054,-14.2,7,True,False,True,False,False,incorrect_declare_done,0.020207638652729138,7,5,1,0,5,4,3,1,3
1160,3188,access_vlan:SW1:eth2:10+access_vlan:SW2:eth1:20+trunk_remove:SW1:eth3:10,14937,14944,0.29020750000000006,7.299999999999999,7,True,False,True,False,True,recovery_success,0.025122571803097214,7,5,1,0,2,2,2,0,0
1161,3189,access_vlan:SW1:eth1:20+access_vlan:SW1:eth2:10+access_vlan:SW2:eth1:20+trunk_remove:SW1:eth3:10,14944,14974,0.28878249999999994,-12.800000000000006,30,True,False,False,True,False,step_limit,0.020605931260312595,30,11,18,0,13,4,6,4,3
1162,3190,access_vlan:SW1:eth1:20+access_vlan:SW1:eth2:10+access_vlan:SW2:eth2:10+trunk_remove:SW2:eth3:20,14974,14984,0.28830750000000005,4.9,10,True,False,True,False,True,recovery_success,0.03460379308089614,10,7,1,0,5,4,4,1,0
1163,3191,access_vlan:SW1:eth1:20+access_vlan:SW1:eth2:10+access_vlan:SW2:eth2:10+trunk_remove:SW1:eth3:10+trunk_remove:SW1:eth3:20+trunk_remove:SW2:eth3:20,14984,15013,0.28693,-19.100000000000005,29,True,False,True,False,False,incorrect_declare_done,0.033405718168821825,29,9,19,0,7,5,4,1,3
1164,3192,access_vlan:SW1:eth1:20+access_vlan:SW2:eth2:10+trunk_remove:SW2:eth3:10,15013,15029,0.28617000000000004,0.5499999999999972,16,True,False,True,False,True,recovery_success,0.03622929734410718,16,11,4,0,11,5,6,2,0
1165,3193,access_vlan:SW2:eth1:20+access_vlan:SW2:eth2:10+trunk_remove:SW1:eth3:20+trunk_remove:SW2:eth3:20,15029,15037,0.28579,6.5,8,True,False,True,False,True,recovery_success,0.028026468819007277,8,5,1,0,3,2,2,0,0
1166,3194,access_vlan:SW1:eth1:20+access_vlan:SW1:eth2:10+access_vlan:SW2:eth1:20+access_vlan:SW2:eth2:10+trunk_remove:SW1:eth3:10,15037,15049,0.28522000000000003,-15.900000000000002,12,True,False,True,False,False,incorrect_declare_done,0.029693109060948093,12,8,3,0,6,5,4,0,4
1167,3195,trunk_remove:SW1:eth3:20+trunk_remove:SW2:eth3:20,15049,15057,0.28484,7.0,8,True,False,True,False,True,recovery_success,0.026858156663365662,8,6,1,0,2,1,2,2,0
1168,3196,access_vlan:SW1:eth1:20+access_vlan:SW1:eth2:10+trunk_remove:SW1:eth3:10+trunk_remove:SW1:eth3:20+trunk_remove:SW2:eth3:10,15057,15063,0.284555,7.949999999999999,6,True,False,True,False,True,recovery_success,0.018345338602860767,6,5,0,0,1,1,1,0,0
1169,3197,access_vlan:SW2:eth2:10+trunk_remove:SW2:eth3:10+trunk_remove:SW2:eth3:20,15063,15073,0.28408,7.35,10,True,False,True,False,True,recovery_success,0.016024965094402432,10,5,4,0,1,1,1,0,0
1170,3198,access_vlan:SW1:eth1:20+access_vlan:SW1:eth2:10+access_vlan:SW2:eth2:10+trunk_remove:SW1:eth3:10+trunk_remove:SW1:eth3:20,15073,15103,0.282655,-10.750000000000005,30,True,False,False,True,False,step_limit,0.02572294610242049,30,15,15,0,8,4,6,3,3
1171,3199,access_vlan:SW1:eth1:20+access_vlan:SW1:eth2:10+access_vlan:SW2:eth1:20+access_vlan:SW2:eth2:10+trunk_remove:SW2:eth3:20,15103,15127,0.28151500000000007,-16.700000000000003,24,True,False,True,False,False,incorrect_declare_done,0.019935369297551613,24,7,15,0,4,2,4,0,3
1172,3200,access_vlan:SW1:eth2:10+access_vlan:SW2:eth1:20+trunk_remove:SW1:eth3:20+trunk_remove:SW2:eth3:10,15127,15131,0.28132500000000005,-11.450000000000001,4,True,False,True,False,False,incorrect_declare_done,0.014999615028500557,4,3,0,0,1,1,1,0,3
1173,3201,access_vlan:SW1:eth1:20+access_vlan:SW1:eth2:10+access_vlan:SW2:eth2:10+trunk_remove:SW1:eth3:20+trunk_remove:SW2:eth3:10,15131,15161,0.27990000000000004,-10.700000000000003,30,True,False,False,True,False,step_limit,0.021429277506346503,30,14,12,0,7,3,7,0,3
1174,3202,access_vlan:SW1:eth1:20+access_vlan:SW2:eth2:10+trunk_remove:SW1:eth3:10,15161,15169,0.2795200000000001,6.35,8,True,False,True,False,True,recovery_success,0.021677525946870446,8,7,0,0,3,2,2,1,0
1175,3203,trunk_remove:SW1:eth3:20+trunk_remove:SW2:eth3:20,15169,15172,0.27937750000000006,9.35,3,True,False,True,False,True,recovery_success,0.032961136351029076,3,2,0,0,0,0,0,0,0
1176,3204,access_vlan:SW1:eth1:20+access_vlan:SW1:eth2:10+access_vlan:SW2:eth1:20+trunk_remove:SW1:eth3:10+trunk_remove:SW1:eth3:20+trunk_remove:SW2:eth3:10+trunk_remove:SW2:eth3:20,15172,15183,0.2788550000000001,-12.65,11,True,False,True,False,False,incorrect_declare_done,0.018276257017119366,11,3,6,0,1,1,1,0,2
1177,3205,access_vlan:SW2:eth2:10+trunk_remove:SW1:eth3:10+trunk_remove:SW1:eth3:20,15183,15188,0.2786175000000001,8.899999999999999,5,True,False,True,False,True,recovery_success,0.040067012421786785,5,3,1,0,0,0,0,0,0
1178,3206,access_vlan:SW1:eth1:20+trunk_remove:SW1:eth3:10+trunk_remove:SW1:eth3:20+trunk_remove:SW2:eth3:10,15188,15197,0.27819000000000005,6.05,9,True,False,True,False,True,recovery_success,0.020883401855826378,9,8,0,0,3,3,2,0,0
1179,3207,access_vlan:SW1:eth1:20+access_vlan:SW2:eth1:20+trunk_remove:SW2:eth3:10+trunk_remove:SW2:eth3:20,15197,15202,0.27795250000000005,8.75,5,True,False,True,False,True,recovery_success,0.0326727095991373,5,4,0,0,0,0,0,0,0
1180,3208,access_vlan:SW2:eth1:20+trunk_remove:SW2:eth3:10,15202,15206,0.2777625,9.2,4,True,False,True,False,True,recovery_success,0.026222264859825373,4,2,1,0,0,0,0,0,0
1181,3209,access_vlan:SW1:eth1:20+access_vlan:SW1:eth2:10+access_vlan:SW2:eth2:10+trunk_remove:SW1:eth3:10,15206,15213,0.27742999999999995,7.949999999999999,7,True,False,True,False,True,recovery_success,0.02672372612037829,7,4,2,0,1,1,1,0,0
1182,3210,access_vlan:SW1:eth1:20+access_vlan:SW1:eth2:10+access_vlan:SW2:eth1:20+trunk_remove:SW1:eth3:10+trunk_remove:SW2:eth3:20,15213,15220,0.2770975,7.799999999999999,7,True,False,True,False,True,recovery_success,0.042244089235152514,7,5,1,0,1,1,1,0,0
1183,3211,access_vlan:SW1:eth1:20+access_vlan:SW2:eth1:20+access_vlan:SW2:eth2:10+trunk_remove:SW1:eth3:10,15220,15237,0.27629000000000004,1.7499999999999982,17,True,False,True,False,True,recovery_success,0.0299380767323515,17,11,4,0,8,4,5,0,0
1184,3212,access_vlan:SW1:eth1:20+access_vlan:SW2:eth1:20+trunk_remove:SW2:eth3:10,15237,15244,0.2759575000000001,6.299999999999999,7,True,False,True,False,True,recovery_success,0.025450773537158966,7,5,1,0,4,3,2,1,0
1185,3213,access_vlan:SW1:eth1:20+access_vlan:SW1:eth2:10+access_vlan:SW2:eth1:20+access_vlan:SW2:eth2:10+trunk_remove:SW2:eth3:20,15244,15274,0.27453249999999996,-9.950000000000005,30,True,False,False,True,False,step_limit,0.026487791584804653,30,11,17,0,7,5,6,0,4
1186,3214,access_vlan:SW1:eth1:20+access_vlan:SW2:eth1:20+trunk_remove:SW2:eth3:10+trunk_remove:SW2:eth3:20,15274,15282,0.2741525,7.0,8,True,False,True,False,True,recovery_success,0.02426429174374789,8,6,1,0,2,2,1,0,0
1187,3215,access_vlan:SW1:eth1:20+access_vlan:SW1:eth2:10+trunk_remove:SW1:eth3:20+trunk_remove:SW2:eth3:10+trunk_remove:SW2:eth3:20,15282,15295,0.273535,-14.25,13,True,False,True,False,False,incorrect_declare_done,0.019174939737870142,13,6,6,0,3,2,2,0,3
1188,3216,access_vlan:SW1:eth1:20+access_vlan:SW2:eth1:20+access_vlan:SW2:eth2:10+trunk_remove:SW1:eth3:10+trunk_remove:SW2:eth3:10+trunk_remove:SW2:eth3:20,15295,15325,0.2721100000000001,-7.750000000000001,30,True,False,False,True,False,step_limit,0.018274747161194684,30,14,15,0,2,1,2,0,2
1189,3217,access_vlan:SW1:eth1:20+access_vlan:SW2:eth1:20+access_vlan:SW2:eth2:10+trunk_remove:SW1:eth3:20+trunk_remove:SW2:eth3:10+trunk_remove:SW2:eth3:20,15325,15336,0.2715875,-15.9,11,True,False,True,False,False,incorrect_declare_done,0.014056882228363644,11,9,1,0,6,5,3,1,3
1190,3218,access_vlan:SW1:eth1:20+access_vlan:SW1:eth2:10+access_vlan:SW2:eth2:10+trunk_remove:SW1:eth3:10+trunk_remove:SW2:eth3:10+trunk_remove:SW2:eth3:20,15336,15358,0.2705425,-18.650000000000002,22,True,False,True,False,False,incorrect_declare_done,0.016859583429653536,22,13,8,0,7,5,5,3,1
1191,3219,access_vlan:SW2:eth1:20+trunk_remove:SW2:eth3:10,15358,15363,0.270305,7.25,5,True,False,True,False,True,recovery_success,0.009433487337082625,5,4,0,0,3,3,1,1,0
1192,3220,access_vlan:SW1:eth1:20+access_vlan:SW1:eth2:10+trunk_remove:SW2:eth3:20,15363,15370,0.26997250000000006,7.299999999999999,7,True,False,True,False,True,recovery_success,0.015815276918666705,7,5,1,0,2,2,2,0,0
1193,3221,trunk_remove:SW1:eth3:20+trunk_remove:SW2:eth3:10,15370,15373,0.2698300000000001,9.35,3,True,False,True,False,True,recovery_success,0.016218361755212147,3,2,0,0,0,0,0,0,0
1194,3222,access_vlan:SW1:eth1:20+access_vlan:SW2:eth1:20+access_vlan:SW2:eth2:10+trunk_remove:SW1:eth3:20+trunk_remove:SW2:eth3:20,15373,15375,0.26973499999999995,-10.850000000000001,2,True,False,True,False,False,incorrect_declare_done,0.00772062735632062,2,1,0,0,1,1,1,0,3
1195,3223,access_vlan:SW1:eth2:10+access_vlan:SW2:eth1:20+access_vlan:SW2:eth2:10+trunk_remove:SW1:eth3:10+trunk_remove:SW1:eth3:20+trunk_remove:SW2:eth3:20,15375,15405,0.26831000000000005,-6.550000000000002,30,True,False,False,True,False,step_limit,0.013340637584527333,30,6,23,0,2,2,2,0,3
1196,3224,access_vlan:SW1:eth2:10+trunk_remove:SW1:eth3:10+trunk_remove:SW2:eth3:10,15405,15408,0.2681675,-11.15,3,True,False,True,False,False,incorrect_declare_done,0.019594271977742512,3,2,0,0,1,1,1,0,2
1197,3225,access_vlan:SW1:eth1:20+access_vlan:SW2:eth2:10+trunk_remove:SW1:eth3:10+trunk_remove:SW1:eth3:20+trunk_remove:SW2:eth3:10,15408,15414,0.26788250000000013,8.45,6,True,False,True,False,True,recovery_success,0.016056034558763106,6,5,0,0,0,0,0,0,0
1198,3226,access_vlan:SW2:eth1:20+access_vlan:SW2:eth2:10+trunk_remove:SW1:eth3:20,15414,15420,0.26759750000000004,6.449999999999999,6,True,False,True,False,True,recovery_success,0.021021952697386343,6,5,0,0,4,3,2,1,0
1199,3227,access_vlan:SW1:eth1:20+access_vlan:SW1:eth2:10+trunk_remove:SW1:eth3:20,15420,15425,0.26736000000000004,8.399999999999999,5,True,False,True,False,True,recovery_success,0.012105208728462458,5,3,1,0,1,1,1,0,0
1200,3228,access_vlan:SW1:eth1:20+trunk_remove:SW1:eth3:20+trunk_remove:SW2:eth3:20,15425,15430,0.26712250000000004,8.899999999999999,5,True,False,True,False,True,recovery_success,0.01331948284059763,5,3,1,0,0,0,0,0,0
1201,3229,trunk_remove:SW1:eth3:20+trunk_remove:SW2:eth3:10,15430,15435,0.26688500000000004,-11.600000000000001,5,True,False,True,False,False,incorrect_declare_done,0.012640826404094696,5,3,1,0,1,1,1,1,1
1202,3230,access_vlan:SW1:eth2:10+access_vlan:SW2:eth1:20+access_vlan:SW2:eth2:10+trunk_remove:SW1:eth3:10,15435,15441,0.26660000000000006,-11.9,6,True,False,True,False,False,incorrect_declare_done,0.011256876168772578,6,4,1,0,1,1,1,0,2
1203,3231,access_vlan:SW1:eth1:20+access_vlan:SW1:eth2:10+access_vlan:SW2:eth2:10+trunk_remove:SW1:eth3:10+trunk_remove:SW2:eth3:10+trunk_remove:SW2:eth3:20,15441,15471,0.26517500000000005,-11.200000000000006,30,True,False,False,True,False,step_limit,0.012628360092639923,30,18,12,0,8,5,7,2,3
1204,3232,access_vlan:SW1:eth1:20+access_vlan:SW1:eth2:10+access_vlan:SW2:eth1:20+access_vlan:SW2:eth2:10+trunk_remove:SW1:eth3:20+trunk_remove:SW2:eth3:20,15471,15480,0.2647475,5.849999999999999,9,True,False,True,False,True,recovery_success,0.010573223233222961,9,6,2,0,4,4,3,0,0
1205,3233,access_vlan:SW1:eth1:20+trunk_remove:SW1:eth3:10+trunk_remove:SW1:eth3:20+trunk_remove:SW2:eth3:10+trunk_remove:SW2:eth3:20,15480,15510,0.2633225,-11.250000000000004,30,True,False,False,True,False,step_limit,0.0178879472737511,30,15,15,0,9,5,5,3,3
1206,3234,access_vlan:SW1:eth2:10+access_vlan:SW2:eth2:10+trunk_remove:SW1:eth3:10+trunk_remove:SW2:eth3:10,15510,15512,0.26322750000000006,-10.350000000000001,2,True,False,True,False,False,incorrect_declare_done,0.03074345923960209,2,1,0,0,0,0,0,0,3
1207,3235,access_vlan:SW1:eth1:20+access_vlan:SW2:eth2:10+trunk_remove:SW1:eth3:10,15512,15542,0.26180250000000005,-11.750000000000007,30,True,False,False,True,False,step_limit,0.021931336385508378,30,15,15,0,10,6,8,1,4
1208,3236,access_vlan:SW2:eth1:20+access_vlan:SW2:eth2:10+trunk_remove:SW1:eth3:10+trunk_remove:SW1:eth3:20,15542,15543,0.26175500000000007,-10.05,1,True,False,True,False,False,incorrect_declare_done,0.013056028634309769,1,0,0,0,0,0,0,0,2
1209,3237,access_vlan:SW1:eth2:10+access_vlan:SW2:eth2:10+trunk_remove:SW1:eth3:10+trunk_remove:SW2:eth3:10,15543,15552,0.26132750000000005,-12.5,9,True,False,True,False,False,incorrect_declare_done,0.015069864069422087,9,5,3,0,1,1,1,0,1
1210,3238,access_vlan:SW1:eth1:20+access_vlan:SW1:eth2:10+access_vlan:SW2:eth1:20+trunk_remove:SW1:eth3:10+trunk_remove:SW1:eth3:20+trunk_remove:SW2:eth3:20,15552,15564,0.2607575,-13.25,12,True,False,True,False,False,incorrect_declare_done,0.015478789573535323,12,7,4,0,1,1,1,0,1
1211,3239,trunk_remove:SW1:eth3:10+trunk_remove:SW2:eth3:20,15564,15594,0.2593325000000001,-12.550000000000004,30,True,False,False,True,False,step_limit,0.019539162951211133,30,14,13,0,11,6,6,0,4
1212,3240,access_vlan:SW1:eth1:20+access_vlan:SW1:eth2:10+access_vlan:SW2:eth2:10+trunk_remove:SW1:eth3:20+trunk_remove:SW2:eth3:20,15594,15596,0.2592375,-10.350000000000001,2,True,False,True,False,False,incorrect_declare_done,0.030709873884916306,2,1,0,0,0,0,0,0,3
1213,3241,access_vlan:SW1:eth1:20+access_vlan:SW1:eth2:10+access_vlan:SW2:eth1:20+access_vlan:SW2:eth2:10+trunk_remove:SW2:eth3:10,15596,15602,0.25895250000000003,-13.4,6,True,False,True,False,False,incorrect_declare_done,0.021601336697737377,6,4,1,0,4,4,3,0,3
1214,3242,access_vlan:SW1:eth2:10+access_vlan:SW2:eth1:20,15602,15612,0.2584775,4.199999999999998,10,True,False,True,False,True,recovery_success,0.019478561729192732,10,6,3,0,7,4,5,0,0
1215,3243,access_vlan:SW1:eth2:10+access_vlan:SW2:eth1:20+access_vlan:SW2:eth2:10+trunk_remove:SW1:eth3:10+trunk_remove:SW1:eth3:20+trunk_remove:SW2:eth3:10+trunk_remove:SW2:eth3:20,15612,15636,0.2573375000000001,-15.400000000000002,24,True,False,True,False,False,incorrect_declare_done,0.015433805509625623,24,5,17,0,2,2,2,0,3
1216,3244,access_vlan:SW1:eth1:20+access_vlan:SW1:eth2:10+access_vlan:SW2:eth1:20+access_vlan:SW2:eth2:10+trunk_remove:SW1:eth3:10+trunk_remove:SW1:eth3:20+trunk_remove:SW2:eth3:10,15636,15666,0.2559125,-11.150000000000007,30,True,False,False,True,False,step_limit,0.016215091524645685,30,10,19,0,10,6,6,0,4
1217,3245,access_vlan:SW1:eth1:20+access_vlan:SW2:eth1:20,15666,15676,0.2554375000000001,7.8,10,True,False,True,False,True,recovery_success,0.013275613728910684,10,2,7,0,1,1,1,0,0
1218,3246,access_vlan:SW1:eth1:20+access_vlan:SW1:eth2:10+access_vlan:SW2:eth1:20,15676,15683,0.255105,7.1,7,True,False,True,False,True,recovery_success,0.015227993551109518,7,3,3,0,3,3,2,0,0
1219,3247,access_vlan:SW1:eth1:20+access_vlan:SW1:eth2:10+access_vlan:SW2:eth2:10+trunk_remove:SW1:eth3:10+trunk_remove:SW1:eth3:20+trunk_remove:SW2:eth3:10+trunk_remove:SW2:eth3:20,15683,15697,0.25444,6.45,14,True,False,True,False,True,recovery_success,0.015717085783502886,14,7,6,0,1,1,1,0,0
1220,3248,access_vlan:SW1:eth2:10+trunk_remove:SW1:eth3:20+trunk_remove:SW2:eth3:20,15697,15720,0.25334749999999995,-15.25,23,True,False,True,False,False,incorrect_declare_done,0.02506073940869259,23,6,16,0,2,1,2,0,1
1221,3249,access_vlan:SW2:eth1:20+trunk_remove:SW1:eth3:10+trunk_remove:SW1:eth3:20+trunk_remove:SW2:eth3:20,15720,15727,0.253015,-11.4,7,True,False,True,False,False,incorrect_declare_done,0.030809064262679646,7,3,3,0,0,0,0,0,1
1222,3250,trunk_remove:SW1:eth3:10,15727,15757,0.2515900000000001,-6.750000000000004,30,True,False,False,True,False,step_limit,0.02546045013392965,30,5,25,0,3,2,2,0,3
1223,3251,access_vlan:SW1:eth1:20+access_vlan:SW1:eth2:10+trunk_remove:SW1:eth3:20+trunk_remove:SW2:eth3:10+trunk_remove:SW2:eth3:20,15757,15787,0.2501650000000001,-10.450000000000006,30,True,False,False,True,False,step_limit,0.025579353794455528,30,11,17,0,8,5,7,0,3
1224,3252,access_vlan:SW1:eth1:20+access_vlan:SW1:eth2:10+access_vlan:SW2:eth1:20+trunk_remove:SW1:eth3:20,15787,15805,0.24931000000000003,-14.650000000000002,18,True,False,True,False,False,incorrect_declare_done,0.01982466819592648,18,6,10,0,2,1,2,0,1
1225,3253,access_vlan:SW1:eth2:10+access_vlan:SW2:eth1:20+trunk_remove:SW1:eth3:20+trunk_remove:SW2:eth3:10,15805,15816,0.24878750000000005,-14.45,11,True,False,True,False,False,incorrect_declare_done,0.010725076945329254,11,5,4,0,4,2,2,0,3
1226,3254,access_vlan:SW1:eth2:10+trunk_remove:SW1:eth3:20+trunk_remove:SW2:eth3:20,15816,15817,0.24874000000000007,-10.05,1,True,False,True,False,False,incorrect_declare_done,0.02647155150771141,1,0,0,0,0,0,0,0,3
1227,3255,access_vlan:SW1:eth2:10+access_vlan:SW2:eth2:10+trunk_remove:SW1:eth3:10+trunk_remove:SW1:eth3:20,15817,15833,0.2479800000000001,-15.5,16,True,False,True,False,False,incorrect_declare_done,0.016421213251305744,16,8,7,0,4,4,2,0,4
1228,3256,access_vlan:SW1:eth1:20+trunk_remove:SW1:eth3:10+trunk_remove:SW1:eth3:20,15833,15840,0.24764750000000002,7.3,7,True,False,True,False,True,recovery_success,0.008327815748218979,7,5,1,0,2,2,1,0,0
1229,3257,trunk_remove:SW1:eth3:10+trunk_remove:SW1:eth3:20+trunk_remove:SW2:eth3:10,15840,15870,0.2462225,-14.850000000000005,30,True,False,False,True,False,step_limit,0.011571744130924344,30,18,11,0,15,6,10,0,4
1230,3258,access_vlan:SW2:eth1:20+trunk_remove:SW1:eth3:20+trunk_remove:SW2:eth3:10,15870,15900,0.2447975,-7.350000000000005,30,True,False,False,True,False,step_limit,0.013048608244086305,30,7,21,0,3,2,3,0,2
1231,3259,access_vlan:SW2:eth1:20+trunk_remove:SW2:eth3:10,15900,15921,0.24380000000000002,2.45,21,True,False,True,False,True,recovery_success,0.01833233226179367,21,10,10,0,6,4,4,0,0
1232,3260,access_vlan:SW2:eth1:20+access_vlan:SW2:eth2:10+trunk_remove:SW1:eth3:20+trunk_remove:SW2:eth3:10,15921,15951,0.242375,-20.350000000000005,30,True,False,True,False,False,incorrect_declare_done,0.014240773115307092,30,11,16,0,8,3,6,0,2
1233,3261,access_vlan:SW1:eth1:20+access_vlan:SW1:eth2:10+access_vlan:SW2:eth2:10+trunk_remove:SW2:eth3:10,15951,15981,0.24095,-9.500000000000007,30,True,False,False,True,False,step_limit,0.013092530999953549,30,9,20,0,7,2,5,0,2
1234,3262,access_vlan:SW1:eth2:10+trunk_remove:SW1:eth3:20+trunk_remove:SW2:eth3:10,15981,15990,0.24052250000000008,-13.15,9,True,False,True,False,False,incorrect_declare_done,0.012725553268359767,9,6,2,0,2,2,1,0,1
1235,3263,access_vlan:SW1:eth1:20+access_vlan:SW1:eth2:10+access_vlan:SW2:eth2:10+trunk_remove:SW1:eth3:10+trunk_remove:SW1:eth3:20+trunk_remove:SW2:eth3:10,15990,16020,0.23909749999999996,-17.400000000000002,30,True,False,True,False,False,incorrect_declare_done,0.022495196868355074,30,10,19,0,3,3,3,1,2
1236,3264,access_vlan:SW1:eth1:20+access_vlan:SW2:eth2:10+trunk_remove:SW1:eth3:10+trunk_remove:SW1:eth3:20+trunk_remove:SW2:eth3:10,16020,16027,0.238765,-12.350000000000001,7,True,False,True,False,False,incorrect_declare_done,0.02251741516270808,7,6,0,0,1,1,1,0,1
1237,3265,trunk_remove:SW1:eth3:10+trunk_remove:SW1:eth3:20+trunk_remove:SW2:eth3:10,16027,16054,0.23748250000000004,-17.500000000000004,27,True,False,True,False,False,incorrect_declare_done,0.021015273148400918,27,7,19,0,5,3,3,0,3
1238,3266,access_vlan:SW1:eth1:20+access_vlan:SW2:eth2:10+trunk_remove:SW1:eth3:20+trunk_remove:SW2:eth3:10+trunk_remove:SW2:eth3:20,16054,16084,0.23605750000000003,-8.800000000000004,30,True,False,False,True,False,step_limit,0.02029992265937229,30,12,18,0,5,3,4,0,3
1239,3267,access_vlan:SW1:eth1:20+access_vlan:SW1:eth2:10+access_vlan:SW2:eth1:20+trunk_remove:SW1:eth3:10+trunk_remove:SW2:eth3:20,16084,16114,0.23463250000000002,-10.250000000000004,30,True,False,False,True,False,step_limit,0.014487721150120099,30,14,15,0,7,3,6,0,3
1240,3268,access_vlan:SW1:eth1:20+trunk_remove:SW1:eth3:10+trunk_remove:SW1:eth3:20+trunk_remove:SW2:eth3:20,16114,16139,0.23344500000000012,-18.0,25,True,False,True,False,False,incorrect_declare_done,0.020865499898791315,25,7,15,0,6,4,4,0,3
1241,3269,access_vlan:SW1:eth1:20+access_vlan:SW1:eth2:10+access_vlan:SW2:eth1:20+trunk_remove:SW1:eth3:20+trunk_remove:SW2:eth3:10+trunk_remove:SW2:eth3:20,16139,16169,0.23202,-8.950000000000005,30,True,False,False,True,False,step_limit,0.022084185853600502,30,13,17,0,5,5,3,1,1
1242,3270,access_vlan:SW1:eth1:20+access_vlan:SW1:eth2:10+trunk_remove:SW1:eth3:10+trunk_remove:SW1:eth3:20+trunk_remove:SW2:eth3:10,16169,16199,0.2305950000000001,-9.950000000000005,30,True,False,False,True,False,step_limit,0.0203000176542749,30,12,17,0,7,4,6,0,3
1243,3271,access_vlan:SW1:eth1:20+access_vlan:SW1:eth2:10+access_vlan:SW2:eth1:20+trunk_remove:SW1:eth3:10+trunk_remove:SW1:eth3:20+trunk_remove:SW2:eth3:20,16199,16215,0.229835,5.499999999999999,16,True,False,True,False,True,recovery_success,0.021064260858111084,16,7,7,0,2,2,2,0,0
1244,3272,access_vlan:SW1:eth2:10+access_vlan:SW2:eth1:20+access_vlan:SW2:eth2:10+trunk_remove:SW1:eth3:20+trunk_remove:SW2:eth3:10+trunk_remove:SW2:eth3:20,16215,16218,0.22969250000000008,-11.15,3,True,False,True,False,False,incorrect_declare_done,0.011455311439931393,3,2,0,0,1,1,1,0,4
1245,3273,access_vlan:SW1:eth1:20+access_vlan:SW1:eth2:10+access_vlan:SW2:eth2:10+trunk_remove:SW1:eth3:10+trunk_remove:SW1:eth3:20+trunk_remove:SW2:eth3:10,16218,16248,0.22826750000000007,-8.300000000000002,30,True,False,False,True,False,step_limit,0.016043451831986508,30,11,18,0,4,1,4,0,3
1246,3274,access_vlan:SW1:eth1:20+access_vlan:SW2:eth1:20,16248,16260,0.2276975000000001,-12.65,12,True,False,True,False,False,incorrect_declare_done,0.012562433024868369,12,3,8,0,1,1,1,0,3
1247,3275,access_vlan:SW1:eth1:20+access_vlan:SW1:eth2:10+trunk_remove:SW2:eth3:10+trunk_remove:SW2:eth3:20,16260,16290,0.2262725,-8.500000000000004,30,True,False,False,True,False,step_limit,0.013340582465752959,30,9,20,0,5,5,4,1,3
1248,3276,access_vlan:SW2:eth1:20+access_vlan:SW2:eth2:10+trunk_remove:SW1:eth3:20+trunk_remove:SW2:eth3:10+trunk_remove:SW2:eth3:20,16290,16312,0.22522750000000002,-19.0,22,True,False,True,False,False,incorrect_declare_done,0.010190293362194841,22,11,9,0,8,4,7,0,3
1249,3277,access_vlan:SW1:eth2:10+access_vlan:SW2:eth1:20+access_vlan:SW2:eth2:10+trunk_remove:SW2:eth3:10+trunk_remove:SW2:eth3:20,16312,16314,0.22513250000000007,-10.850000000000001,2,True,False,True,False,False,incorrect_declare_done,0.009907027706503868,2,1,0,0,1,1,1,0,4
1250,3278,access_vlan:SW1:eth2:10+access_vlan:SW2:eth1:20+access_vlan:SW2:eth2:10+trunk_remove:SW1:eth3:20+trunk_remove:SW2:eth3:10,16314,16324,0.22465749999999995,-12.350000000000001,10,True,False,True,False,False,incorrect_declare_done,0.013831590488553046,10,3,6,0,1,1,1,0,2
1251,3279,access_vlan:SW1:eth1:20+access_vlan:SW1:eth2:10+access_vlan:SW2:eth1:20+trunk_remove:SW1:eth3:10+trunk_remove:SW1:eth3:20+trunk_remove:SW2:eth3:20,16324,16354,0.22323250000000006,-10.650000000000006,30,True,False,False,True,False,step_limit,0.01706360370541612,30,10,19,0,9,4,5,0,3
1252,3280,access_vlan:SW1:eth1:20+trunk_remove:SW1:eth3:10+trunk_remove:SW1:eth3:20+trunk_remove:SW2:eth3:10+trunk_remove:SW2:eth3:20,16354,16371,0.22242499999999998,4.9,17,True,False,True,False,True,recovery_success,0.015220504829331356,17,10,5,0,2,2,1,0,0
1253,3281,access_vlan:SW2:eth1:20+access_vlan:SW2:eth2:10+trunk_remove:SW1:eth3:10+trunk_remove:SW1:eth3:20+trunk_remove:SW2:eth3:10+trunk_remove:SW2:eth3:20,16371,16401,0.22100000000000009,-9.450000000000003,30,True,False,False,True,False,step_limit,0.012855469311277071,30,12,17,0,6,4,6,0,3
1254,3282,access_vlan:SW1:eth2:10+access_vlan:SW2:eth1:20+trunk_remove:SW2:eth3:10,16401,16413,0.22043000000000001,-13.6,12,True,False,True,False,False,incorrect_declare_done,0.03547811209379385,12,6,5,0,2,2,2,0,1
1255,3283,access_vlan:SW1:eth2:10+access_vlan:SW2:eth2:10+trunk_remove:SW1:eth3:20+trunk_remove:SW2:eth3:10+trunk_remove:SW2:eth3:20,16413,16443,0.219005,-9.55,30,True,False,False,True,False,step_limit,0.03176435733524462,30,17,13,0,5,4,4,0,2
1256,3284,access_vlan:SW1:eth2:10+access_vlan:SW2:eth2:10+trunk_remove:SW1:eth3:10+trunk_remove:SW1:eth3:20+trunk_remove:SW2:eth3:10,16443,16468,0.2178175,-15.8,25,True,False,True,False,False,incorrect_declare_done,0.025767751112580298,25,11,13,0,1,1,1,0,1
1257,3285,access_vlan:SW2:eth2:10,16468,16498,0.2163925000000001,-10.950000000000006,30,True,False,False,True,False,step_limit,0.012244825654973587,30,13,17,0,9,6,5,0,0
1258,3286,access_vlan:SW1:eth2:10+access_vlan:SW2:eth1:20+access_vlan:SW2:eth2:10+trunk_remove:SW2:eth3:10,16498,16528,0.21496749999999998,-11.300000000000006,30,True,False,False,True,False,step_limit,0.018425573501735924,30,11,18,0,10,6,7,0,4
1259,3287,access_vlan:SW2:eth2:10+trunk_remove:SW2:eth3:20,16528,16532,0.21477750000000007,-10.65,4,True,False,True,False,False,incorrect_declare_done,0.017684943275526166,4,1,2,0,0,0,0,0,1
1260,3288,access_vlan:SW1:eth1:20+access_vlan:SW2:eth1:20+trunk_remove:SW1:eth3:20+trunk_remove:SW2:eth3:10+trunk_remove:SW2:eth3:20,16532,16552,0.21382750000000006,-18.3,20,True,False,True,False,False,incorrect_declare_done,0.012978613981977105,20,15,3,0,6,5,4,0,3
1261,3289,access_vlan:SW2:eth1:20+trunk_remove:SW1:eth3:10+trunk_remove:SW1:eth3:20,16552,16571,0.21292500000000003,5.7,19,True,False,True,False,True,recovery_success,0.011767419569782521,19,6,11,0,1,1,1,0,0
1262,3290,access_vlan:SW1:eth2:10+trunk_remove:SW1:eth3:10+trunk_remove:SW1:eth3:20,16571,16575,0.212735,9.049999999999999,4,True,False,True,False,True,recovery_success,0.010225310688838363,4,3,0,0,0,0,0,0,0
1263,3291,access_vlan:SW1:eth1:20+access_vlan:SW2:eth1:20+access_vlan:SW2:eth2:10+trunk_remove:SW1:eth3:10+trunk_remove:SW1:eth3:20,16575,16599,0.2115950000000001,-16.85,24,True,False,True,False,False,incorrect_declare_done,0.012166028454278907,24,9,14,0,4,3,2,1,3
1264,3292,access_vlan:SW1:eth2:10+access_vlan:SW2:eth1:20+trunk_remove:SW1:eth3:10+trunk_remove:SW2:eth3:10+trunk_remove:SW2:eth3:20,16599,16629,0.21016999999999997,-8.200000000000003,30,True,False,False,True,False,step_limit,0.016066927276551724,30,7,22,0,5,4,4,0,3
1265,3293,access_vlan:SW1:eth2:10+access_vlan:SW2:eth2:10+trunk_remove:SW1:eth3:10,16629,16633,0.20998000000000006,9.049999999999999,4,True,False,True,False,True,recovery_success,0.006352872238494456,4,3,0,0,0,0,0,0,0
1266,3294,access_vlan:SW1:eth1:20+access_vlan:SW2:eth1:20+trunk_remove:SW2:eth3:10,16633,16663,0.20855500000000005,-8.850000000000003,30,True,False,False,True,False,step_limit,0.008225509920157493,30,9,21,0,6,6,4,0,3
1267,3295,access_vlan:SW1:eth1:20+access_vlan:SW1:eth2:10+trunk_remove:SW1:eth3:10+trunk_remove:SW1:eth3:20+trunk_remove:SW2:eth3:10+trunk_remove:SW2:eth3:20,16663,16673,0.20808000000000004,-14.100000000000001,10,True,False,True,False,False,incorrect_declare_done,0.010113611444830894,10,8,1,0,3,2,3,0,2
1268,3296,trunk_remove:SW1:eth3:10+trunk_remove:SW1:eth3:20+trunk_remove:SW2:eth3:20,16673,16679,0.20779500000000006,7.949999999999999,6,True,False,True,False,True,recovery_success,0.00764252229904135,6,5,0,0,1,1,1,0,0
1269,3297,access_vlan:SW1:eth1:20+trunk_remove:SW1:eth3:10+trunk_remove:SW2:eth3:10+trunk_remove:SW2:eth3:20,16679,16686,0.2074625,7.6499999999999995,7,True,False,True,False,True,recovery_success,0.007955701489533697,7,6,0,0,1,1,1,0,0
1270,3298,access_vlan:SW1:eth2:10+access_vlan:SW2:eth1:20+trunk_remove:SW1:eth3:20+trunk_remove:SW2:eth3:10,16686,16690,0.20727249999999997,-10.950000000000001,4,True,False,True,False,False,incorrect_declare_done,0.010481213917955756,4,3,0,0,0,0,0,0,1
1271,3299,access_vlan:SW1:eth2:10+trunk_remove:SW2:eth3:10+trunk_remove:SW2:eth3:20,16690,16696,0.2069875,6.949999999999999,6,True,False,True,False,True,recovery_success,0.013079613447189331,6,5,0,0,3,3,1,1,0
1272,3300,access_vlan:SW1:eth1:20+access_vlan:SW1:eth2:10+access_vlan:SW2:eth2:10+trunk_remove:SW1:eth3:10+trunk_remove:SW1:eth3:20+trunk_remove:SW2:eth3:10+trunk_remove:SW2:eth3:20,16696,16726,0.20556249999999998,-7.850000000000004,30,True,False,False,True,False,step_limit,0.012474141037091612,30,9,21,0,4,3,3,0,3
1273,3301,access_vlan:SW2:eth1:20+access_vlan:SW2:eth2:10+trunk_remove:SW1:eth3:20,16726,16751,0.20437499999999997,-17.35,25,True,False,True,False,False,incorrect_declare_done,0.0080326833948493,25,8,16,0,5,3,4,1,3
1274,3302,access_vlan:SW1:eth2:10+access_vlan:SW2:eth1:20+trunk_remove:SW1:eth3:10+trunk_remove:SW1:eth3:20,16751,16781,0.20295000000000007,-7.850000000000006,30,True,False,False,True,False,step_limit,0.00902142256963998,30,9,21,0,4,3,4,0,3
1275,3303,access_vlan:SW1:eth1:20+access_vlan:SW2:eth1:20+trunk_remove:SW1:eth3:10,16781,16800,0.20204750000000005,-15.500000000000004,19,True,False,True,False,False,incorrect_declare_done,0.009564679385604043,19,4,13,0,4,4,3,0,3
1276,3304,access_vlan:SW1:eth1:20+access_vlan:SW1:eth2:10+access_vlan:SW2:eth1:20+trunk_remove:SW1:eth3:10,16800,16812,0.20147749999999998,3.0999999999999988,12,True,False,True,False,True,recovery_success,0.011806153071423372,12,8,3,0,8,6,5,1,0
1277,3305,access_vlan:SW2:eth2:10+trunk_remove:SW1:eth3:10+trunk_remove:SW2:eth3:20,16812,16817,0.20124000000000009,8.899999999999999,5,True,False,True,False,True,recovery_success,0.01355784134939313,5,3,1,0,0,0,0,0,0
1278,3306,trunk_remove:SW1:eth3:10+trunk_remove:SW1:eth3:20+trunk_remove:SW2:eth3:10+trunk_remove:SW2:eth3:20,16817,16824,0.20090750000000013,7.6499999999999995,7,True,False,True,False,True,recovery_success,0.01298970662589584,7,5,0,0,1,1,1,0,0
1279,3307,access_vlan:SW1:eth1:20+access_vlan:SW2:eth2:10+trunk_remove:SW1:eth3:20+trunk_remove:SW2:eth3:10,16824,16854,0.1994825,-10.150000000000006,30,True,False,False,True,False,step_limit,0.008532801611969868,30,10,19,0,8,4,7,0,3
1280,3308,access_vlan:SW2:eth1:20+access_vlan:SW2:eth2:10+trunk_remove:SW2:eth3:20,16854,16858,0.1992925000000001,8.549999999999999,4,True,False,True,False,True,recovery_success,0.005448865005746484,4,3,0,0,1,1,1,0,0
1281,3309,access_vlan:SW1:eth1:20+access_vlan:SW1:eth2:10+access_vlan:SW2:eth1:20+access_vlan:SW2:eth2:10+trunk_remove:SW1:eth3:10+trunk_remove:SW1:eth3:20+trunk_remove:SW2:eth3:10,16858,16868,0.19881749999999998,6.25,10,True,False,True,False,True,recovery_success,0.006951385294087231,10,8,0,0,2,2,2,0,0
1282,3310,access_vlan:SW1:eth1:20+access_vlan:SW1:eth2:10+access_vlan:SW2:eth1:20+trunk_remove:SW1:eth3:20+trunk_remove:SW2:eth3:10+trunk_remove:SW2:eth3:20,16868,16875,0.19848500000000002,7.6499999999999995,7,True,False,True,False,True,recovery_success,0.007294899617720928,7,6,0,0,1,1,1,0,0
1283,3311,access_vlan:SW1:eth2:10+access_vlan:SW2:eth1:20,16875,16905,0.19706000000000012,-8.05,30,True,False,False,True,False,step_limit,0.008720465221752722,30,7,23,0,5,3,5,0,3
1284,3312,access_vlan:SW1:eth1:20+access_vlan:SW2:eth1:20+trunk_remove:SW1:eth3:20+trunk_remove:SW2:eth3:10,16905,16912,0.19672750000000006,8.149999999999999,7,True,False,True,False,True,recovery_success,0.0070174454844423705,7,5,0,0,0,0,0,0,0
1285,3313,access_vlan:SW1:eth1:20+access_vlan:SW1:eth2:10+trunk_remove:SW1:eth3:10+trunk_remove:SW2:eth3:20,16912,16919,0.1963950000000001,6.6499999999999995,7,True,False,True,False,True,recovery_success,0.010316749702074699,7,6,0,0,3,3,2,0,0
1286,3314,access_vlan:SW1:eth1:20+trunk_remove:SW2:eth3:10,16919,16923,0.19620500000000007,9.2,4,True,False,True,False,True,recovery_success,0.0186159024015069,4,2,1,0,0,0,0,0,0
1287,3315,access_vlan:SW1:eth2:10+access_vlan:SW2:eth1:20+access_vlan:SW2:eth2:10,16923,16928,0.19596749999999996,8.399999999999999,5,True,False,True,False,True,recovery_success,0.01081486027687788,5,3,1,0,1,1,1,0,0
1288,3316,access_vlan:SW1:eth2:10+access_vlan:SW2:eth2:10+trunk_remove:SW1:eth3:10+trunk_remove:SW1:eth3:20,16928,16930,0.1958725,-10.350000000000001,2,True,False,True,False,False,incorrect_declare_done,0.006450940971262753,2,1,0,0,0,0,0,0,3
1289,3317,access_vlan:SW1:eth1:20+access_vlan:SW2:eth1:20+trunk_remove:SW1:eth3:10+trunk_remove:SW2:eth3:10+trunk_remove:SW2:eth3:20,16930,16940,0.1953975,5.75,10,True,False,True,False,True,recovery_success,0.009889346431009471,10,9,0,0,3,3,2,1,0
1290,3318,access_vlan:SW1:eth1:20+access_vlan:SW1:eth2:10+access_vlan:SW2:eth1:20+access_vlan:SW2:eth2:10,16940,16942,0.19530250000000005,9.799999999999999,2,True,False,True,False,True,recovery_success,0.010160682257264853,2,0,1,0,0,0,0,0,0
1291,3319,access_vlan:SW1:eth1:20+trunk_remove:SW1:eth3:10+trunk_remove:SW2:eth3:20,16942,16946,0.19511250000000013,9.049999999999999,4,True,False,True,False,True,recovery_success,0.007851289468817413,4,3,0,0,0,0,0,0,0
1292,3320,access_vlan:SW2:eth1:20+trunk_remove:SW1:eth3:10+trunk_remove:SW1:eth3:20,16946,16948,0.19501749999999995,-10.350000000000001,2,True,False,True,False,False,incorrect_declare_done,0.006612386554479599,2,1,0,0,0,0,0,0,2
1293,3321,access_vlan:SW1:eth1:20+access_vlan:SW2:eth1:20+access_vlan:SW2:eth2:10+trunk_remove:SW1:eth3:10+trunk_remove:SW1:eth3:20+trunk_remove:SW2:eth3:10,16948,16957,0.19459000000000004,6.55,9,True,False,True,False,True,recovery_success,0.006157394058795439,9,7,0,0,2,1,2,0,0
1294,3322,access_vlan:SW1:eth1:20+trunk_remove:SW1:eth3:10+trunk_remove:SW1:eth3:20+trunk_remove:SW2:eth3:10,16957,16979,0.19354500000000008,-17.35,22,True,False,True,False,False,incorrect_declare_done,0.006865868757648224,22,10,10,0,5,3,3,0,1
1295,3323,access_vlan:SW2:eth2:10,16979,16981,0.19345,9.649999999999999,2,True,False,True,False,True,recovery_success,0.010039312299340963,2,1,0,0,0,0,0,0,0
1296,3324,access_vlan:SW1:eth2:10+trunk_remove:SW1:eth3:10+trunk_remove:SW1:eth3:20+trunk_remove:SW2:eth3:10+trunk_remove:SW2:eth3:20,16981,17011,0.192025,-9.250000000000005,30,True,False,False,True,False,step_limit,0.009270072972867638,30,15,15,0,5,3,5,1,2
1297,3325,access_vlan:SW1:eth1:20+access_vlan:SW1:eth2:10+access_vlan:SW2:eth1:20+access_vlan:SW2:eth2:10+trunk_remove:SW2:eth3:10+trunk_remove:SW2:eth3:20,17011,17026,0.1913125000000001,3.8499999999999988,15,True,False,True,False,True,recovery_success,0.01121611101552844,15,10,4,0,5,3,4,0,0
1298,3326,access_vlan:SW1:eth2:10+access_vlan:SW2:eth1:20+trunk_remove:SW1:eth3:20+trunk_remove:SW2:eth3:10,17026,17033,0.19098000000000004,6.6499999999999995,7,True,False,True,False,True,recovery_success,0.008046341860400779,7,6,0,0,3,3,1,1,0
1299,3327,access_vlan:SW2:eth1:20+access_vlan:SW2:eth2:10,17033,17052,0.1900775,-15.5,19,True,False,True,False,False,incorrect_declare_done,0.01211443320406895,19,4,13,0,4,4,3,0,3
1300,3328,access_vlan:SW1:eth1:20+access_vlan:SW1:eth2:10+access_vlan:SW2:eth1:20+trunk_remove:SW1:eth3:20,17052,17082,0.1886525000000001,-11.300000000000004,30,True,False,False,True,False,step_limit,0.013165170435483257,30,22,8,0,7,4,6,2,3
1301,3329,access_vlan:SW1:eth2:10+access_vlan:SW2:eth1:20+access_vlan:SW2:eth2:10+trunk_remove:SW1:eth3:10+trunk_remove:SW2:eth3:10,17082,17112,0.1872275,-8.900000000000004,30,True,False,False,True,False,step_limit,0.010616814997047187,30,15,14,0,4,3,3,0,3
1302,3330,access_vlan:SW2:eth1:20+trunk_remove:SW1:eth3:10+trunk_remove:SW2:eth3:10+trunk_remove:SW2:eth3:20,17112,17119,0.18689500000000003,7.6499999999999995,7,True,False,True,False,True,recovery_success,0.011348361947706767,7,6,0,0,1,1,1,1,0
1303,3331,access_vlan:SW2:eth2:10+trunk_remove:SW1:eth3:10+trunk_remove:SW1:eth3:20,17119,17123,0.186705,9.049999999999999,4,True,False,True,False,True,recovery_success,0.010230870684608817,4,3,0,0,0,0,0,0,0
1304,3332,trunk_remove:SW2:eth3:10+trunk_remove:SW2:eth3:20,17123,17129,0.18642000000000003,7.1,6,True,False,True,False,True,recovery_success,0.010496826066325108,6,4,1,0,3,3,1,1,0
1305,3333,access_vlan:SW2:eth1:20+trunk_remove:SW1:eth3:10+trunk_remove:SW1:eth3:20+trunk_remove:SW2:eth3:20,17129,17135,0.18613500000000005,8.6,6,True,False,True,False,True,recovery_success,0.008791522937826812,6,4,1,0,0,0,0,0,0
1306,3334,access_vlan:SW1:eth1:20+access_vlan:SW2:eth1:20+trunk_remove:SW1:eth3:10+trunk_remove:SW1:eth3:20+trunk_remove:SW2:eth3:10,17135,17143,0.18575500000000011,7.35,8,True,False,True,False,True,recovery_success,0.006199548399308696,8,7,0,0,1,1,1,1,0
1307,3335,access_vlan:SW1:eth1:20+access_vlan:SW2:eth1:20+access_vlan:SW2:eth2:10+trunk_remove:SW1:eth3:10+trunk_remove:SW1:eth3:20+trunk_remove:SW2:eth3:10+trunk_remove:SW2:eth3:20,17143,17154,0.18523250000000002,6.1,11,True,False,True,False,True,recovery_success,0.009526758243075827,11,8,1,0,2,2,2,0,0
1308,3336,access_vlan:SW1:eth1:20+access_vlan:SW1:eth2:10+access_vlan:SW2:eth1:20+trunk_remove:SW2:eth3:10,17154,17160,0.18494750000000004,8.899999999999999,6,True,False,True,False,True,recovery_success,0.007247875289370616,6,2,3,0,0,0,0,0,0
1309,3337,access_vlan:SW2:eth1:20+access_vlan:SW2:eth2:10+trunk_remove:SW2:eth3:10+trunk_remove:SW2:eth3:20,17160,17165,0.18471000000000004,8.25,5,True,False,True,False,True,recovery_success,0.006369172967970372,5,4,0,0,1,1,1,0,0
1310,3338,access_vlan:SW2:eth1:20+trunk_remove:SW1:eth3:10,17165,17170,0.18447250000000004,7.25,5,True,False,True,False,True,recovery_success,0.00570752820931375,5,4,0,0,3,3,1,1,0
1311,3339,access_vlan:SW2:eth1:20+access_vlan:SW2:eth2:10+trunk_remove:SW1:eth3:10+trunk_remove:SW1:eth3:20+trunk_remove:SW2:eth3:10+trunk_remove:SW2:eth3:20,17170,17200,0.18304750000000003,-9.750000000000005,30,True,False,False,True,False,step_limit,0.008140879962593318,30,13,15,0,6,3,5,0,1
1312,3340,trunk_remove:SW1:eth3:20+trunk_remove:SW2:eth3:10+trunk_remove:SW2:eth3:20,17200,17204,0.18285750000000012,9.049999999999999,4,True,False,True,False,True,recovery_success,0.008129431866109371,4,3,0,0,0,0,0,0,0
1313,3341,access_vlan:SW1:eth1:20+access_vlan:SW1:eth2:10+access_vlan:SW2:eth1:20+trunk_remove:SW1:eth3:10+trunk_remove:SW1:eth3:20,17204,17214,0.1823825,4.25,10,True,False,True,False,True,recovery_success,0.008651811629533768,10,8,0,0,6,3,3,1,0
1314,3342,access_vlan:SW1:eth1:20+trunk_remove:SW1:eth3:10,17214,17217,0.18224000000000007,9.35,3,True,False,True,False,True,recovery_success,0.007043525731811921,3,2,0,0,0,0,0,0,0
1315,3343,access_vlan:SW1:eth1:20+access_vlan:SW2:eth1:20+trunk_remove:SW1:eth3:20+trunk_remove:SW2:eth3:10,17217,17229,0.18167,5.3,12,True,False,True,False,True,recovery_success,0.011950203295176228,12,9,1,0,3,3,2,1,0
1316,3344,access_vlan:SW1:eth1:20+access_vlan:SW2:eth2:10+trunk_remove:SW1:eth3:10+trunk_remove:SW2:eth3:20,17229,17236,0.18133750000000004,7.6499999999999995,7,True,False,True,False,True,recovery_success,0.015012592942054783,7,6,0,0,1,1,1,0,0
1317,3345,access_vlan:SW1:eth1:20+access_vlan:SW2:eth1:20+trunk_remove:SW1:eth3:10+trunk_remove:SW1:eth3:20+trunk_remove:SW2:eth3:10+trunk_remove:SW2:eth3:20,17236,17246,0.18086250000000004,6.9,10,True,False,True,False,True,recovery_success,0.017587539600208403,10,8,1,0,1,1,1,0,0
1318,3346,access_vlan:SW1:eth2:10+access_vlan:SW2:eth2:10+trunk_remove:SW1:eth3:20+trunk_remove:SW2:eth3:10+trunk_remove:SW2:eth3:20,17246,17257,0.18034000000000006,7.1,11,True,False,True,False,True,recovery_success,0.010004989929835905,11,8,1,0,0,0,0,0,0
1319,3347,access_vlan:SW2:eth1:20+trunk_remove:SW1:eth3:20+trunk_remove:SW2:eth3:10,17257,17263,0.18005500000000008,7.949999999999999,6,True,False,True,False,True,recovery_success,0.010574299609288573,6,5,0,0,1,1,1,0,0
1320,3348,access_vlan:SW1:eth1:20+access_vlan:SW1:eth2:10+trunk_remove:SW1:eth3:10+trunk_remove:SW1:eth3:20+trunk_remove:SW2:eth3:10,17263,17264,0.1800075000000001,-10.05,1,True,False,True,False,False,incorrect_declare_done,0.009274221956729889,1,0,0,0,0,0,0,0,2
1321,3349,access_vlan:SW1:eth2:10+access_vlan:SW2:eth1:20+trunk_remove:SW1:eth3:10+trunk_remove:SW2:eth3:10+trunk_remove:SW2:eth3:20,17264,17279,0.17929499999999998,7.1,15,True,False,True,False,True,recovery_success,0.013777438318356872,15,5,9,0,0,0,0,0,0
1322,3350,access_vlan:SW1:eth2:10+access_vlan:SW2:eth2:10+trunk_remove:SW1:eth3:20,17279,17285,0.1790100000000001,8.25,6,True,False,True,False,True,recovery_success,0.018982171236226957,6,3,2,0,1,1,1,0,0
1323,3351,access_vlan:SW1:eth2:10+access_vlan:SW2:eth2:10+trunk_remove:SW1:eth3:10,17285,17289,0.1788200000000001,9.049999999999999,4,True,False,True,False,True,recovery_success,0.014668618212454021,4,3,0,0,0,0,0,0,0
1324,3352,trunk_remove:SW1:eth3:10+trunk_remove:SW2:eth3:20,17289,17292,0.17867750000000004,9.35,3,True,False,True,False,True,recovery_success,0.01615848469858368,3,2,0,0,0,0,0,0,0
1325,3353,access_vlan:SW1:eth1:20+access_vlan:SW1:eth2:10+access_vlan:SW2:eth1:20+trunk_remove:SW1:eth3:20+trunk_remove:SW2:eth3:20,17292,17298,0.17839250000000006,7.949999999999999,6,True,False,True,False,True,recovery_success,0.014222487807273865,6,5,0,0,1,1,1,0,0
1326,3354,access_vlan:SW1:eth2:10+access_vlan:SW2:eth2:10+trunk_remove:SW1:eth3:10+trunk_remove:SW1:eth3:20+trunk_remove:SW2:eth3:10,17298,17304,0.17810750000000009,8.45,6,True,False,True,False,True,recovery_success,0.014941567865510782,6,5,0,0,0,0,0,0,0
1327,3355,access_vlan:SW1:eth1:20+access_vlan:SW1:eth2:10+access_vlan:SW2:eth1:20+trunk_remove:SW1:eth3:10+trunk_remove:SW1:eth3:20+trunk_remove:SW2:eth3:10+trunk_remove:SW2:eth3:20,17304,17319,0.17739500000000008,5.5,15,True,False,True,False,True,recovery_success,0.00908251899915437,15,8,5,0,2,1,2,0,0
1328,3356,access_vlan:SW1:eth2:10+trunk_remove:SW1:eth3:20+trunk_remove:SW2:eth3:10,17319,17330,0.1768725,3.5999999999999996,11,True,False,True,False,True,recovery_success,0.008706328797746788,11,9,1,0,7,5,3,2,0
1329,3357,access_vlan:SW1:eth2:10+access_vlan:SW2:eth1:20+access_vlan:SW2:eth2:10+trunk_remove:SW1:eth3:10,17330,17339,0.17644500000000007,5.55,9,True,False,True,False,True,recovery_success,0.00883409727571739,9,8,0,0,4,2,3,0,0
1330,3358,access_vlan:SW1:eth1:20+trunk_remove:SW1:eth3:10+trunk_remove:SW1:eth3:20+trunk_remove:SW2:eth3:10,17339,17346,0.17611250000000012,6.6499999999999995,7,True,False,True,False,True,recovery_success,0.009428182151168585,7,6,0,0,3,3,1,1,0
1331,3359,access_vlan:SW1:eth1:20+access_vlan:SW1:eth2:10+access_vlan:SW2:eth1:20+access_vlan:SW2:eth2:10+trunk_remove:SW1:eth3:10,17346,17360,0.1754475000000001,1.8499999999999996,14,True,False,True,False,True,recovery_success,0.007056704439621951,14,10,2,0,9,5,6,1,0
1332,3360,access_vlan:SW2:eth1:20+trunk_remove:SW1:eth3:10+trunk_remove:SW2:eth3:10+trunk_remove:SW2:eth3:20,17360,17367,0.17511500000000002,7.6499999999999995,7,True,False,True,False,True,recovery_success,0.0073582798109522885,7,6,0,0,1,1,1,0,0
1333,3361,access_vlan:SW2:eth2:10+trunk_remove:SW2:eth3:10+trunk_remove:SW2:eth3:20,17367,17371,0.174925,9.049999999999999,4,True,False,True,False,True,recovery_success,0.009372793370857835,4,3,0,0,0,0,0,0,0
1334,3362,access_vlan:SW1:eth1:20+access_vlan:SW2:eth1:20+access_vlan:SW2:eth2:10+trunk_remove:SW2:eth3:10+trunk_remove:SW2:eth3:20,17371,17381,0.17445,5.55,10,True,False,True,False,True,recovery_success,0.008830733876675368,10,6,2,0,4,4,3,0,0
1335,3363,access_vlan:SW1:eth1:20+trunk_remove:SW1:eth3:10+trunk_remove:SW1:eth3:20+trunk_remove:SW2:eth3:10+trunk_remove:SW2:eth3:20,17381,17387,0.17416500000000013,8.45,6,True,False,True,False,True,recovery_success,0.011381982554060718,6,5,0,0,0,0,0,0,0
1336,3364,access_vlan:SW1:eth1:20+access_vlan:SW1:eth2:10+trunk_remove:SW1:eth3:20+trunk_remove:SW2:eth3:20,17387,17393,0.17388000000000003,8.1,6,True,False,True,False,True,recovery_success,0.015838454438683886,6,4,1,0,1,1,1,0,0
1337,3365,access_vlan:SW2:eth1:20+access_vlan:SW2:eth2:10+trunk_remove:SW1:eth3:20+trunk_remove:SW2:eth3:10,17393,17398,0.17364250000000003,8.25,5,True,False,True,False,True,recovery_success,0.011369903944432736,5,4,0,0,1,1,1,0,0
1338,3366,access_vlan:SW2:eth1:20+access_vlan:SW2:eth2:10+trunk_remove:SW1:eth3:10+trunk_remove:SW2:eth3:20,17398,17409,0.17312000000000005,7.05,11,True,False,True,False,True,recovery_success,0.01643655872480436,11,6,4,0,1,1,1,0,0
1339,3367,access_vlan:SW1:eth1:20+access_vlan:SW1:eth2:10+access_vlan:SW2:eth1:20+trunk_remove:SW1:eth3:10+trunk_remove:SW2:eth3:20,17409,17415,0.17283499999999996,7.949999999999999,6,True,False,True,False,True,recovery_success,0.012602239847183228,6,5,0,0,1,1,1,0,0
1340,3368,access_vlan:SW2:eth1:20+access_vlan:SW2:eth2:10+trunk_remove:SW1:eth3:10+trunk_remove:SW2:eth3:20,17415,17420,0.17259750000000007,8.25,5,True,False,True,False,True,recovery_success,0.011287605529651046,5,4,0,0,1,1,1,0,0
1341,3369,access_vlan:SW1:eth1:20+access_vlan:SW1:eth2:10+access_vlan:SW2:eth2:10+trunk_remove:SW1:eth3:10+trunk_remove:SW1:eth3:20,17420,17428,0.17221750000000002,7.6499999999999995,8,True,False,True,False,True,recovery_success,0.010086116031743586,8,5,2,0,1,1,1,0,0
1342,3370,access_vlan:SW1:eth1:20+access_vlan:SW1:eth2:10+access_vlan:SW2:eth2:10+trunk_remove:SW1:eth3:10+trunk_remove:SW1:eth3:20+trunk_remove:SW2:eth3:10,17428,17439,0.17169500000000004,6.75,11,True,False,True,False,True,recovery_success,0.014561713503843004,11,8,2,0,1,1,1,0,0
1343,3371,access_vlan:SW2:eth1:20+access_vlan:SW2:eth2:10+trunk_remove:SW1:eth3:10+trunk_remove:SW2:eth3:10,17439,17444,0.17145750000000004,8.25,5,True,False,True,False,True,recovery_success,0.016936793737113476,5,4,0,0,1,1,1,0,0
1344,3372,access_vlan:SW1:eth2:10+access_vlan:SW2:eth2:10+trunk_remove:SW1:eth3:20+trunk_remove:SW2:eth3:10+trunk_remove:SW2:eth3:20,17444,17451,0.17112499999999997,8.299999999999999,7,True,False,True,False,True,recovery_success,0.011037289331267987,7,5,1,0,0,0,0,0,0
1345,3373,access_vlan:SW1:eth2:10+access_vlan:SW2:eth2:10+trunk_remove:SW1:eth3:20+trunk_remove:SW2:eth3:10+trunk_remove:SW2:eth3:20,17451,17459,0.17074500000000004,6.85,8,True,False,True,False,True,recovery_success,0.01013126561883837,8,7,0,0,2,2,1,0,0
1346,3374,access_vlan:SW1:eth1:20+access_vlan:SW2:eth2:10+trunk_remove:SW2:eth3:10,17459,17465,0.17046000000000006,8.45,6,True,False,True,False,True,recovery_success,0.006409078603610396,6,5,0,0,0,0,0,0,0
1347,3375,access_vlan:SW1:eth1:20+access_vlan:SW2:eth2:10+trunk_remove:SW1:eth3:20,17465,17469,0.17027000000000003,9.049999999999999,4,True,False,True,False,True,recovery_success,0.008481041062623262,4,3,0,0,0,0,0,0,0
1348,3376,access_vlan:SW1:eth2:10+trunk_remove:SW2:eth3:20,17469,17474,0.17003250000000003,8.25,5,True,False,True,False,True,recovery_success,0.010970194824039936,5,4,0,0,1,1,1,1,0
1349,3377,access_vlan:SW1:eth2:10+trunk_remove:SW1:eth3:20+trunk_remove:SW2:eth3:10,17474,17480,0.16974750000000005,8.45,6,True,False,True,False,True,recovery_success,0.008395261907329163,6,5,0,0,0,0,0,0,0
1350,3378,access_vlan:SW1:eth2:10+trunk_remove:SW1:eth3:10+trunk_remove:SW2:eth3:10+trunk_remove:SW2:eth3:20,17480,17488,0.16936750000000012,7.5,8,True,False,True,False,True,recovery_success,0.008817383495625108,8,6,1,0,1,1,1,0,0
1351,3379,access_vlan:SW2:eth1:20+trunk_remove:SW2:eth3:10,17488,17491,0.16922499999999996,9.35,3,True,False,True,False,True,recovery_success,0.007843454678853353,3,2,0,0,0,0,0,0,0
1352,3380,access_vlan:SW1:eth2:10+access_vlan:SW2:eth2:10+trunk_remove:SW1:eth3:20+trunk_remove:SW2:eth3:10+trunk_remove:SW2:eth3:20,17491,17498,0.1688925,8.299999999999999,7,True,False,True,False,True,recovery_success,0.011961677244731359,7,5,1,0,0,0,0,0,0
1353,3381,access_vlan:SW1:eth1:20+trunk_remove:SW2:eth3:10,17498,17503,0.168655,8.25,5,True,False,True,False,True,recovery_success,0.025270890444517136,5,4,0,0,1,1,1,0,0
1354,3382,access_vlan:SW1:eth1:20+trunk_remove:SW1:eth3:10+trunk_remove:SW1:eth3:20+trunk_remove:SW2:eth3:10+trunk_remove:SW2:eth3:20,17503,17508,0.1684175000000001,-11.100000000000001,5,True,False,True,False,False,incorrect_declare_done,0.041209297627210616,5,3,1,0,0,0,0,0,2
1355,3383,access_vlan:SW1:eth1:20+access_vlan:SW1:eth2:10+access_vlan:SW2:eth2:10+trunk_remove:SW1:eth3:20,17508,17538,0.1669925,-10.500000000000004,30,True,False,False,True,False,step_limit,0.039366156328469515,30,10,20,0,9,6,6,1,3
1356,3384,access_vlan:SW1:eth2:10+access_vlan:SW2:eth1:20+trunk_remove:SW1:eth3:10+trunk_remove:SW1:eth3:20+trunk_remove:SW2:eth3:10,17538,17554,0.1662325,5.1499999999999995,16,True,False,True,False,True,recovery_success,0.022140028537251055,16,7,8,0,3,3,1,1,0
1357,3385,access_vlan:SW1:eth1:20+access_vlan:SW2:eth1:20+access_vlan:SW2:eth2:10+trunk_remove:SW1:eth3:10+trunk_remove:SW1:eth3:20,17554,17562,0.16585250000000007,7.6499999999999995,8,True,False,True,False,True,recovery_success,0.018553709494881332,8,5,2,0,1,1,1,0,0
1358,3386,access_vlan:SW1:eth1:20+access_vlan:SW2:eth1:20+access_vlan:SW2:eth2:10+trunk_remove:SW1:eth3:10+trunk_remove:SW1:eth3:20,17562,17592,0.16442749999999995,-15.65,30,True,False,True,False,False,incorrect_declare_done,0.016872451764841874,30,4,24,0,1,1,1,0,2
1359,3387,access_vlan:SW2:eth1:20+trunk_remove:SW1:eth3:20,17592,17598,0.16414249999999997,7.6,6,True,False,True,False,True,recovery_success,0.03845874716838201,6,4,1,0,2,2,1,0,0
1360,3388,access_vlan:SW1:eth1:20+access_vlan:SW2:eth1:20+trunk_remove:SW1:eth3:20+trunk_remove:SW2:eth3:20,17598,17603,0.16390500000000008,8.75,5,True,False,True,False,True,recovery_success,0.02670962568372488,5,4,0,0,0,0,0,0,0
1361,3389,access_vlan:SW1:eth1:20+access_vlan:SW2:eth1:20+access_vlan:SW2:eth2:10+trunk_remove:SW2:eth3:10,17603,17633,0.16247999999999996,-8.050000000000006,30,True,False,False,True,False,step_limit,0.06724291409676274,30,7,23,0,5,5,2,1,4
1362,3390,access_vlan:SW1:eth1:20+access_vlan:SW1:eth2:10+access_vlan:SW2:eth1:20+trunk_remove:SW1:eth3:10+trunk_remove:SW1:eth3:20,17633,17642,0.16205250000000004,5.699999999999999,9,True,False,True,False,True,recovery_success,0.05833882755703396,9,7,1,0,4,3,2,1,0
1363,3391,access_vlan:SW1:eth2:10+trunk_remove:SW1:eth3:10+trunk_remove:SW2:eth3:10,17642,17650,0.1616725000000001,6.85,8,True,False,True,False,True,recovery_success,0.03459106327500194,8,6,0,0,2,2,2,1,0
1364,3392,access_vlan:SW1:eth1:20+access_vlan:SW2:eth1:20+trunk_remove:SW1:eth3:20+trunk_remove:SW2:eth3:10,17650,17680,0.1602475,-4.800000000000001,30,True,False,False,True,False,step_limit,0.023968892203023038,30,2,28,0,0,0,0,0,3
1365,3393,access_vlan:SW1:eth1:20+access_vlan:SW2:eth1:20+access_vlan:SW2:eth2:10+trunk_remove:SW1:eth3:10+trunk_remove:SW1:eth3:20,17680,17701,0.15925,3.599999999999998,21,True,False,True,False,True,recovery_success,0.014329412530752875,21,8,11,0,4,3,4,2,0
1366,3394,access_vlan:SW1:eth1:20+access_vlan:SW2:eth1:20+access_vlan:SW2:eth2:10+trunk_remove:SW1:eth3:10+trunk_remove:SW1:eth3:20,17701,17731,0.1578250000000001,-7.600000000000002,30,True,False,False,True,False,step_limit,0.015881601612394054,30,4,26,0,5,4,4,0,4
1367,3395,access_vlan:SW1:eth2:10,17731,17736,0.1575875,9.2,5,True,False,True,False,True,recovery_success,0.01976771783083677,5,1,3,0,0,0,0,0,0
1368,3396,access_vlan:SW1:eth1:20+access_vlan:SW2:eth1:20+trunk_remove:SW1:eth3:20+trunk_remove:SW2:eth3:20,17736,17750,0.15692250000000008,-12.0,14,True,False,True,False,False,incorrect_declare_done,0.010730278378884708,14,0,13,0,0,0,0,0,4
1369,3397,access_vlan:SW1:eth2:10+access_vlan:SW2:eth2:10+trunk_remove:SW1:eth3:20,17750,17756,0.15663749999999999,8.25,6,True,False,True,False,True,recovery_success,0.009530603264768919,6,3,2,0,1,1,1,0,0
1370,3398,access_vlan:SW1:eth2:10+trunk_remove:SW1:eth3:10+trunk_remove:SW2:eth3:10,17756,17760,0.15644750000000007,9.049999999999999,4,True,False,True,False,True,recovery_success,0.007597002782858908,4,3,0,0,0,0,0,0,0
1371,3399,access_vlan:SW1:eth1:20+trunk_remove:SW1:eth3:20,17760,17764,0.15625750000000005,9.2,4,True,False,True,False,True,recovery_success,0.011042320169508457,4,2,1,0,0,0,0,0,0
1372,3400,access_vlan:SW2:eth2:10,17764,17768,0.15606750000000003,7.549999999999999,4,True,False,True,False,True,recovery_success,0.00872269389219582,4,3,0,0,3,3,1,1,0
1373,3401,access_vlan:SW1:eth1:20+access_vlan:SW1:eth2:10+trunk_remove:SW1:eth3:10+trunk_remove:SW2:eth3:20,17768,17776,0.15568749999999998,7.799999999999999,8,True,False,True,False,True,recovery_success,0.006770207721274346,8,4,3,0,1,1,1,0,0
1374,3402,access_vlan:SW1:eth1:20+access_vlan:SW1:eth2:10+access_vlan:SW2:eth1:20+access_vlan:SW2:eth2:10+trunk_remove:SW1:eth3:10+trunk_remove:SW2:eth3:10+trunk_remove:SW2:eth3:20,17776,17790,0.15502250000000006,5.15,14,True,False,True,False,True,recovery_success,0.01112169459728258,14,9,4,0,3,2,3,0,0
1375,3403,access_vlan:SW1:eth1:20+access_vlan:SW2:eth1:20,17790,17796,0.15473749999999997,6.6,6,True,False,True,False,True,recovery_success,0.010909731577460965,6,4,1,0,4,4,2,1,0
1376,3404,access_vlan:SW1:eth1:20+trunk_remove:SW2:eth3:20,17796,17799,0.15459500000000004,9.35,3,True,False,True,False,True,recovery_success,0.016372093930840492,3,2,0,0,0,0,0,0,0
1377,3405,access_vlan:SW1:eth1:20+access_vlan:SW1:eth2:10+access_vlan:SW2:eth1:20+trunk_remove:SW2:eth3:20,17799,17805,0.15431000000000006,8.1,6,True,False,True,False,True,recovery_success,0.013026279086867968,6,4,1,0,1,1,1,0,0
1378,3406,access_vlan:SW1:eth1:20+trunk_remove:SW1:eth3:20+trunk_remove:SW2:eth3:10+trunk_remove:SW2:eth3:20,17805,17820,0.15359750000000005,5.449999999999999,15,True,False,True,False,True,recovery_success,0.01470503704622388,15,6,8,0,3,3,1,1,0
1379,3407,access_vlan:SW1:eth1:20+access_vlan:SW1:eth2:10+access_vlan:SW2:eth1:20+trunk_remove:SW1:eth3:10+trunk_remove:SW2:eth3:10,17820,17826,0.15331250000000007,-11.950000000000001,6,True,False,True,False,False,incorrect_declare_done,0.012393854791298509,6,1,4,0,2,2,1,0,4
1380,3408,access_vlan:SW1:eth1:20+access_vlan:SW2:eth1:20+access_vlan:SW2:eth2:10+trunk_remove:SW1:eth3:10+trunk_remove:SW1:eth3:20+trunk_remove:SW2:eth3:10+trunk_remove:SW2:eth3:20,17826,17836,0.15283749999999996,5.75,10,True,False,True,False,True,recovery_success,0.009091950627043844,10,9,0,0,3,3,3,0,0
1381,3409,access_vlan:SW2:eth1:20+trunk_remove:SW2:eth3:20,17836,17839,0.15269500000000003,9.35,3,True,False,True,False,True,recovery_success,0.014405695721507072,3,2,0,0,0,0,0,0,0
1382,3410,access_vlan:SW1:eth1:20+trunk_remove:SW1:eth3:20+trunk_remove:SW2:eth3:20,17839,17845,0.15241000000000005,8.75,6,True,False,True,False,True,recovery_success,0.00916814183195432,6,3,2,0,0,0,0,0,0
1383,3411,access_vlan:SW1:eth1:20+access_vlan:SW2:eth1:20+access_vlan:SW2:eth2:10+trunk_remove:SW1:eth3:20+trunk_remove:SW2:eth3:20,17845,17854,0.15198250000000002,6.699999999999999,9,True,False,True,False,True,recovery_success,0.010976312371591726,9,7,1,0,2,1,2,0,0
1384,3412,access_vlan:SW1:eth1:20+access_vlan:SW2:eth1:20+trunk_remove:SW2:eth3:10,17854,17859,0.15174500000000002,8.399999999999999,5,True,False,True,False,True,recovery_success,0.007070370949804783,5,3,1,0,1,1,1,0,0
1385,3413,access_vlan:SW1:eth2:10+access_vlan:SW2:eth1:20+trunk_remove:SW1:eth3:20+trunk_remove:SW2:eth3:10,17859,17865,0.15146000000000004,8.6,6,True,False,True,False,True,recovery_success,0.008671606347585717,6,4,1,0,0,0,0,0,0
1386,3414,access_vlan:SW1:eth1:20+trunk_remove:SW1:eth3:10+trunk_remove:SW2:eth3:20,17865,17869,0.15127000000000002,9.049999999999999,4,True,False,True,False,True,recovery_success,0.01281950925476849,4,3,0,0,0,0,0,0,0
1387,3415,access_vlan:SW1:eth2:10+access_vlan:SW2:eth1:20+trunk_remove:SW1:eth3:20+trunk_remove:SW2:eth3:10,17869,17877,0.15088999999999997,6.499999999999999,8,True,False,True,False,True,recovery_success,0.007674581022001803,8,6,1,0,3,3,1,1,0
1388,3416,access_vlan:SW1:eth1:20+access_vlan:SW1:eth2:10+access_vlan:SW2:eth2:10,17877,17882,0.15065250000000008,9.2,5,True,False,True,False,True,recovery_success,0.010027725901454686,5,1,3,0,0,0,0,0,0
1389,3417,access_vlan:SW1:eth1:20+access_vlan:SW1:eth2:10+trunk_remove:SW1:eth3:10+trunk_remove:SW2:eth3:20,17882,17893,0.1501300000000001,5.75,11,True,False,True,False,True,recovery_success,0.014643325089392338,11,8,2,0,3,3,3,1,0
1390,3418,access_vlan:SW1:eth1:20+access_vlan:SW1:eth2:10+trunk_remove:SW1:eth3:10+trunk_remove:SW1:eth3:20+trunk_remove:SW2:eth3:10+trunk_remove:SW2:eth3:20,17893,17903,0.14965499999999998,5.4,10,True,False,True,False,True,recovery_success,0.011958072800189257,10,8,1,0,4,3,3,0,0
1391,3419,access_vlan:SW1:eth2:10+trunk_remove:SW1:eth3:10+trunk_remove:SW1:eth3:20,17903,17917,0.14898999999999996,6.75,14,True,False,True,False,True,recovery_success,0.018021569354459643,14,5,8,0,1,1,1,0,0
1392,3420,access_vlan:SW1:eth1:20+access_vlan:SW1:eth2:10+trunk_remove:SW1:eth3:10+trunk_remove:SW2:eth3:20,17917,17922,0.14875250000000007,8.25,5,True,False,True,False,True,recovery_success,0.015008774865418673,5,4,0,0,1,1,1,0,0
1393,3421,access_vlan:SW1:eth1:20+access_vlan:SW2:eth1:20+trunk_remove:SW1:eth3:10+trunk_remove:SW2:eth3:10+trunk_remove:SW2:eth3:20,17922,17934,0.1481825000000001,6.050000000000001,12,True,False,True,False,True,recovery_success,0.008221598477878919,12,5,6,0,3,3,2,0,0
1394,3422,access_vlan:SW1:eth1:20+access_vlan:SW1:eth2:10+access_vlan:SW2:eth2:10+trunk_remove:SW1:eth3:10+trunk_remove:SW1:eth3:20+trunk_remove:SW2:eth3:10,17934,17944,0.1477075,7.199999999999999,10,True,False,True,False,True,recovery_success,0.011869065277278424,10,6,3,0,1,1,1,0,0
1395,3423,access_vlan:SW1:eth1:20+access_vlan:SW1:eth2:10+access_vlan:SW2:eth1:20+access_vlan:SW2:eth2:10+trunk_remove:SW1:eth3:20+trunk_remove:SW2:eth3:20,17944,17948,0.14751750000000008,9.2,4,True,False,True,False,True,recovery_success,0.008102282998152077,4,2,1,0,0,0,0,0,0
1396,3424,access_vlan:SW1:eth1:20+trunk_remove:SW1:eth3:10+trunk_remove:SW1:eth3:20+trunk_remove:SW2:eth3:10,17948,17954,0.1472325000000001,8.6,6,True,False,True,False,True,recovery_success,0.01111325000723203,6,4,1,0,0,0,0,0,0
1397,3425,trunk_remove:SW1:eth3:20+trunk_remove:SW2:eth3:20,17954,17960,0.1469475,8.6,6,True,False,True,False,True,recovery_success,0.010899417335167527,6,4,1,0,0,0,0,0,0
1398,3426,access_vlan:SW1:eth1:20+access_vlan:SW1:eth2:10+access_vlan:SW2:eth1:20+trunk_remove:SW2:eth3:20,17960,17966,0.14666250000000003,7.6,6,True,False,True,False,True,recovery_success,0.005109255202114582,6,4,1,0,2,2,2,0,0
1399,3427,access_vlan:SW1:eth1:20+access_vlan:SW2:eth1:20+access_vlan:SW2:eth2:10+trunk_remove:SW1:eth3:10+trunk_remove:SW1:eth3:20,17966,17996,0.14523750000000002,-5.600000000000001,30,True,False,False,True,False,step_limit,0.009915960944878559,30,4,26,0,1,1,1,0,4
1400,3428,trunk_remove:SW1:eth3:20+trunk_remove:SW2:eth3:10+trunk_remove:SW2:eth3:20,17996,18007,0.14471500000000004,6.2,11,True,False,True,False,True,recovery_success,0.026507345028221607,11,5,5,0,3,3,1,1,0
1401,3429,access_vlan:SW1:eth2:10+access_vlan:SW2:eth1:20+access_vlan:SW2:eth2:10+trunk_remove:SW1:eth3:10+trunk_remove:SW1:eth3:20+trunk_remove:SW2:eth3:10,18007,18015,0.1443350000000001,7.5,8,True,False,True,False,True,recovery_success,0.034662581980228424,8,6,1,0,1,1,1,0,0
1402,3430,access_vlan:SW1:eth1:20+access_vlan:SW2:eth1:20+access_vlan:SW2:eth2:10+trunk_remove:SW1:eth3:10,18015,18020,0.1440975,7.749999999999999,5,True,False,True,False,True,recovery_success,0.032424894720315935,5,4,0,0,2,2,2,0,0
1403,3431,access_vlan:SW1:eth1:20+access_vlan:SW1:eth2:10+access_vlan:SW2:eth2:10+trunk_remove:SW2:eth3:10,18020,18029,0.14367000000000008,7.15,9,True,False,True,False,True,recovery_success,0.034021229897108346,9,4,4,0,2,2,2,0,0
1404,3432,access_vlan:SW1:eth1:20+access_vlan:SW1:eth2:10+access_vlan:SW2:eth1:20,18029,18042,0.14305250000000003,1.799999999999999,13,True,False,True,False,True,recovery_success,0.02288782374503521,13,9,3,0,10,6,6,2,0
1405,3433,access_vlan:SW1:eth1:20+access_vlan:SW1:eth2:10+access_vlan:SW2:eth1:20+trunk_remove:SW1:eth3:20,18042,18053,0.14253000000000005,6.55,11,True,False,True,False,True,recovery_success,0.01909675533798608,11,6,4,0,2,2,2,0,0
1406,3434,access_vlan:SW2:eth1:20+trunk_remove:SW1:eth3:10,18053,18056,0.1423875,9.35,3,True,False,True,False,True,recovery_success,0.02597724087536335,3,2,0,0,0,0,0,0,0
1407,3435,access_vlan:SW1:eth2:10+access_vlan:SW2:eth1:20+trunk_remove:SW1:eth3:10+trunk_remove:SW1:eth3:20+trunk_remove:SW2:eth3:10,18056,18068,0.14181750000000004,5.15,12,True,False,True,False,True,recovery_success,0.018978817310805123,12,9,0,0,3,2,3,2,0
1408,3436,access_vlan:SW1:eth1:20+access_vlan:SW2:eth1:20+access_vlan:SW2:eth2:10+trunk_remove:SW1:eth3:20,18068,18076,0.1414375,7.799999999999999,8,True,False,True,False,True,recovery_success,0.02120032557286322,8,4,3,0,1,1,1,0,0
1409,3437,access_vlan:SW1:eth1:20+access_vlan:SW1:eth2:10+access_vlan:SW2:eth1:20+trunk_remove:SW2:eth3:10+trunk_remove:SW2:eth3:20,18076,18082,0.14115250000000001,7.949999999999999,6,True,False,True,False,True,recovery_success,0.019372690469026566,6,5,0,0,1,1,1,0,0
1410,3438,access_vlan:SW1:eth1:20+access_vlan:SW1:eth2:10+access_vlan:SW2:eth2:10+trunk_remove:SW1:eth3:10+trunk_remove:SW2:eth3:20,18082,18088,0.14086750000000003,7.949999999999999,6,True,False,True,False,True,recovery_success,0.021545337823530037,6,5,0,0,1,1,1,0,0
1411,3439,access_vlan:SW2:eth1:20+access_vlan:SW2:eth2:10+trunk_remove:SW1:eth3:20+trunk_remove:SW2:eth3:20,18088,18093,0.14063000000000003,8.25,5,True,False,True,False,True,recovery_success,0.01938397791236639,5,4,0,0,1,1,1,0,0
1412,3440,access_vlan:SW1:eth1:20+access_vlan:SW2:eth1:20+access_vlan:SW2:eth2:10+trunk_remove:SW1:eth3:20,18093,18099,0.14034500000000005,8.1,6,True,False,True,False,True,recovery_success,0.019733667218436796,6,4,1,0,1,1,1,0,0
1413,3441,access_vlan:SW1:eth2:10+trunk_remove:SW1:eth3:10+trunk_remove:SW1:eth3:20+trunk_remove:SW2:eth3:10,18099,18106,0.1400125000000001,7.6499999999999995,7,True,False,True,False,True,recovery_success,0.020235672992255007,7,6,0,0,1,1,1,0,0
1414,3442,access_vlan:SW1:eth2:10+access_vlan:SW2:eth1:20+trunk_remove:SW1:eth3:10,18106,18108,0.13991750000000003,-10.350000000000001,2,True,False,True,False,False,incorrect_declare_done,0.015619098674505949,2,1,0,0,0,0,0,0,3
1415,3443,access_vlan:SW1:eth1:20+access_vlan:SW1:eth2:10+access_vlan:SW2:eth2:10+trunk_remove:SW1:eth3:10+trunk_remove:SW1:eth3:20,18108,18114,0.13963250000000005,7.949999999999999,6,True,False,True,False,True,recovery_success,0.021005845861509442,6,5,0,0,1,1,1,0,0
1416,3444,access_vlan:SW1:eth2:10,18114,18118,0.13944250000000002,8.549999999999999,4,True,False,True,False,True,recovery_success,0.013713010353967547,4,3,0,0,1,1,1,1,0
1417,3445,access_vlan:SW1:eth2:10+access_vlan:SW2:eth1:20+trunk_remove:SW1:eth3:10,18118,18124,0.13915750000000005,7.449999999999999,6,True,False,True,False,True,recovery_success,0.016131638704488676,6,5,0,0,2,2,2,0,0
1418,3446,access_vlan:SW1:eth1:20+access_vlan:SW2:eth1:20+access_vlan:SW2:eth2:10+trunk_remove:SW1:eth3:20+trunk_remove:SW2:eth3:20,18124,18131,0.1388250000000001,7.799999999999999,7,True,False,True,False,True,recovery_success,0.015349524095654488,7,5,1,0,1,1,1,0,0
1419,3447,access_vlan:SW1:eth2:10+trunk_remove:SW1:eth3:10+trunk_remove:SW2:eth3:10,18131,18138,0.13849250000000002,7.3,7,True,False,True,False,True,recovery_success,0.02424472676856177,7,5,1,0,2,2,1,0,0
1420,3448,access_vlan:SW2:eth1:20+access_vlan:SW2:eth2:10+trunk_remove:SW1:eth3:10+trunk_remove:SW1:eth3:20+trunk_remove:SW2:eth3:10+trunk_remove:SW2:eth3:20,18138,18147,0.138065,7.05,9,True,False,True,False,True,recovery_success,0.01618812336689896,9,8,0,0,1,1,1,0,0
1421,3449,access_vlan:SW1:eth2:10+access_vlan:SW2:eth1:20+access_vlan:SW2:eth2:10+trunk_remove:SW2:eth3:20,18147,18177,0.13663999999999998,-5.550000000000001,30,True,False,False,True,False,step_limit,0.015878601760293046,30,4,23,0,0,0,0,0,3
1422,3450,access_vlan:SW1:eth2:10+access_vlan:SW2:eth1:20+trunk_remove:SW1:eth3:10+trunk_remove:SW1:eth3:20+trunk_remove:SW2:eth3:10+trunk_remove:SW2:eth3:20,18177,18184,0.13630750000000003,8.149999999999999,7,True,False,True,False,True,recovery_success,0.016771568783691952,7,6,0,0,0,0,0,0,0
1423,3451,access_vlan:SW2:eth1:20+access_vlan:SW2:eth2:10+trunk_remove:SW1:eth3:10+trunk_remove:SW2:eth3:20,18184,18189,0.13607000000000002,8.25,5,True,False,True,False,True,recovery_success,0.017897695116698743,5,4,0,0,1,1,1,0,0
1424,3452,access_vlan:SW1:eth2:10+access_vlan:SW2:eth2:10+trunk_remove:SW2:eth3:10+trunk_remove:SW2:eth3:20,18189,18202,0.13545249999999998,3.1500000000000004,13,True,False,True,False,True,recovery_success,0.016836637917619485,13,8,2,0,7,3,3,2,0
1425,3453,access_vlan:SW1:eth1:20+access_vlan:SW2:eth1:20+trunk_remove:SW1:eth3:20+trunk_remove:SW2:eth3:20,18202,18208,0.1351675,8.6,6,True,False,True,False,True,recovery_success,0.01234584612150987,6,4,1,0,0,0,0,0,0
1426,3454,access_vlan:SW2:eth1:20+access_vlan:SW2:eth2:10+trunk_remove:SW1:eth3:10+trunk_remove:SW2:eth3:20,18208,18213,0.1349300000000001,8.25,5,True,False,True,False,True,recovery_success,0.01623203940689564,5,4,0,0,1,1,1,0,0
1427,3455,access_vlan:SW1:eth1:20+access_vlan:SW1:eth2:10+access_vlan:SW2:eth2:10+trunk_remove:SW1:eth3:10,18213,18220,0.13459750000000004,7.6499999999999995,7,True,False,True,False,True,recovery_success,0.01774559768715075,7,6,0,0,1,1,1,0,0
1428,3456,access_vlan:SW1:eth1:20+access_vlan:SW1:eth2:10+trunk_remove:SW1:eth3:10+trunk_remove:SW2:eth3:10+trunk_remove:SW2:eth3:20,18220,18231,0.13407500000000006,6.1,11,True,False,True,False,True,recovery_success,0.014651399190452967,11,8,1,0,2,2,2,0,0
1429,3457,access_vlan:SW1:eth2:10+access_vlan:SW2:eth1:20+access_vlan:SW2:eth2:10+trunk_remove:SW1:eth3:20+trunk_remove:SW2:eth3:20,18231,18246,0.13336250000000005,2.9000000000000004,15,True,False,True,False,True,recovery_success,0.012137839011847973,15,10,1,0,6,4,4,0,0
1430,3458,access_vlan:SW1:eth1:20+access_vlan:SW1:eth2:10+access_vlan:SW2:eth2:10+trunk_remove:SW2:eth3:20,18246,18260,0.13269750000000002,-13.95,14,True,False,True,False,False,incorrect_declare_done,0.01466022218976702,14,3,10,0,3,3,2,0,3
1431,3459,access_vlan:SW1:eth1:20+access_vlan:SW2:eth1:20+trunk_remove:SW1:eth3:10+trunk_remove:SW1:eth3:20+trunk_remove:SW2:eth3:10,18260,18266,0.13241250000000004,8.45,6,True,False,True,False,True,recovery_success,0.01373997237533331,6,5,0,0,0,0,0,0,0
1432,3460,access_vlan:SW1:eth2:10+access_vlan:SW2:eth1:20+access_vlan:SW2:eth2:10+trunk_remove:SW2:eth3:20,18266,18277,0.13189000000000006,7.549999999999999,11,True,False,True,False,True,recovery_success,0.010561763097278097,11,4,4,0,0,0,0,0,0
1433,3461,access_vlan:SW1:eth2:10+trunk_remove:SW2:eth3:10+trunk_remove:SW2:eth3:20,18277,18283,0.13160499999999997,8.45,6,True,False,True,False,True,recovery_success,0.01276994178382059,6,5,0,0,0,0,0,0,0
1434,3462,access_vlan:SW1:eth1:20+access_vlan:SW2:eth1:20+access_vlan:SW2:eth2:10+trunk_remove:SW1:eth3:20,18283,18288,0.13136750000000008,8.25,5,True,False,True,False,True,recovery_success,0.013969223480671644,5,4,0,0,1,1,1,0,0
1435,3463,access_vlan:SW1:eth2:10+trunk_remove:SW1:eth3:10+trunk_remove:SW1:eth3:20,18288,18318,0.12994249999999996,-7.850000000000005,30,True,False,False,True,False,step_limit,0.012688032103081543,30,8,21,0,4,4,2,1,3
1436,3464,access_vlan:SW1:eth1:20+access_vlan:SW2:eth1:20+access_vlan:SW2:eth2:10+trunk_remove:SW1:eth3:10+trunk_remove:SW1:eth3:20+trunk_remove:SW2:eth3:10,18318,18329,0.1294200000000001,5.45,11,True,False,True,False,True,recovery_success,0.013664842583239079,11,10,0,0,3,3,2,0,0
1437,3465,access_vlan:SW1:eth2:10+access_vlan:SW2:eth1:20+trunk_remove:SW1:eth3:10+trunk_remove:SW2:eth3:10+trunk_remove:SW2:eth3:20,18329,18337,0.12904000000000004,7.35,8,True,False,True,False,True,recovery_success,0.0162614188157022,8,7,0,0,1,1,1,0,0
1438,3466,access_vlan:SW1:eth2:10+access_vlan:SW2:eth2:10+trunk_remove:SW1:eth3:10+trunk_remove:SW2:eth3:10,18337,18342,0.12880250000000004,8.75,5,True,False,True,False,True,recovery_success,0.01488055344671011,5,4,0,0,0,0,0,0,0
1439,3467,access_vlan:SW2:eth2:10+trunk_remove:SW1:eth3:20,18342,18343,0.12875500000000006,-10.05,1,True,False,True,False,False,incorrect_declare_done,0.01757167838513851,1,0,0,0,0,0,0,0,3
1440,3468,access_vlan:SW1:eth2:10+access_vlan:SW2:eth2:10+trunk_remove:SW1:eth3:10+trunk_remove:SW1:eth3:20+trunk_remove:SW2:eth3:10+trunk_remove:SW2:eth3:20,18343,18353,0.12828000000000006,6.9,10,True,False,True,False,True,recovery_success,0.01590933408588171,10,8,1,0,1,1,1,0,0
1441,3469,access_vlan:SW1:eth2:10+access_vlan:SW2:eth1:20+access_vlan:SW2:eth2:10+trunk_remove:SW1:eth3:10+trunk_remove:SW1:eth3:20+trunk_remove:SW2:eth3:20,18353,18366,0.1276625,4.8500000000000005,13,True,False,True,False,True,recovery_success,0.018729861825704575,13,11,0,0,3,2,3,0,0
1442,3470,access_vlan:SW1:eth1:20+access_vlan:SW2:eth2:10+trunk_remove:SW1:eth3:20+trunk_remove:SW2:eth3:20,18366,18379,0.12704499999999996,4.6499999999999995,13,True,False,True,False,True,recovery_success,0.018916075905928247,13,10,2,0,4,4,3,0,0
1443,3471,access_vlan:SW1:eth2:10+access_vlan:SW2:eth1:20+access_vlan:SW2:eth2:10+trunk_remove:SW2:eth3:10+trunk_remove:SW2:eth3:20,18379,18385,0.12675999999999998,7.949999999999999,6,True,False,True,False,True,recovery_success,0.013685712746034065,6,5,0,0,1,1,1,0,0
1444,3472,access_vlan:SW1:eth1:20+access_vlan:SW1:eth2:10+trunk_remove:SW1:eth3:10+trunk_remove:SW1:eth3:20+trunk_remove:SW2:eth3:20,18385,18390,0.1265225000000001,-11.75,5,True,False,True,False,False,incorrect_declare_done,0.012289806269109249,5,4,0,0,1,1,1,0,3
1445,3473,access_vlan:SW1:eth2:10+access_vlan:SW2:eth2:10+trunk_remove:SW1:eth3:10+trunk_remove:SW1:eth3:20+trunk_remove:SW2:eth3:10+trunk_remove:SW2:eth3:20,18390,18397,0.12619000000000014,8.149999999999999,7,True,False,True,False,True,recovery_success,0.013926842915160316,7,6,0,0,0,0,0,0,0
1446,3474,access_vlan:SW1:eth1:20+trunk_remove:SW1:eth3:20,18397,18400,0.12604749999999998,9.35,3,True,False,True,False,True,recovery_success,0.015490343794226646,3,2,0,0,0,0,0,0,0
1447,3475,access_vlan:SW1:eth1:20+access_vlan:SW1:eth2:10+access_vlan:SW2:eth2:10+trunk_remove:SW1:eth3:10,18400,18405,0.12580999999999998,8.25,5,True,False,True,False,True,recovery_success,0.010247118398547172,5,4,0,0,1,1,1,0,0
1448,3476,access_vlan:SW1:eth1:20+access_vlan:SW1:eth2:10+access_vlan:SW2:eth1:20+trunk_remove:SW1:eth3:10+trunk_remove:SW1:eth3:20,18405,18411,0.1255250000000001,7.949999999999999,6,True,False,True,False,True,recovery_success,0.013384704167644182,6,5,0,0,1,1,1,0,0
1449,3477,access_vlan:SW1:eth2:10+trunk_remove:SW1:eth3:10+trunk_remove:SW1:eth3:20+trunk_remove:SW2:eth3:10,18411,18417,0.12524000000000013,8.6,6,True,False,True,False,True,recovery_success,0.01314735117678841,6,4,1,0,0,0,0,0,0
1450,3478,access_vlan:SW1:eth1:20+trunk_remove:SW2:eth3:20,18417,18421,0.12505,9.2,4,True,False,True,False,True,recovery_success,0.012932181125506759,4,2,1,0,0,0,0,0,0
1451,3479,trunk_remove:SW1:eth3:10+trunk_remove:SW1:eth3:20+trunk_remove:SW2:eth3:10+trunk_remove:SW2:eth3:20,18421,18427,0.12476500000000001,8.6,6,True,False,True,False,True,recovery_success,0.008772699317584435,6,4,1,0,0,0,0,0,0
1452,3480,access_vlan:SW1:eth2:10+access_vlan:SW2:eth1:20+trunk_remove:SW1:eth3:10,18427,18436,0.1243375000000001,5.199999999999999,9,True,False,True,False,True,recovery_success,0.014106667807532681,9,7,1,0,5,4,3,1,0
1453,3481,access_vlan:SW1:eth1:20+access_vlan:SW1:eth2:10+access_vlan:SW2:eth1:20+access_vlan:SW2:eth2:10+trunk_remove:SW1:eth3:10,18436,18452,0.1235775,4.849999999999999,16,True,False,True,False,True,recovery_success,0.025826809811405838,16,8,6,0,3,1,3,0,0
1454,3482,access_vlan:SW1:eth2:10+access_vlan:SW2:eth1:20+trunk_remove:SW1:eth3:10+trunk_remove:SW2:eth3:20,18452,18482,0.1221525,-6.2500000000000036,30,True,False,False,True,False,step_limit,0.02864707283054789,30,5,25,0,2,2,1,0,3
1455,3483,access_vlan:SW1:eth1:20+access_vlan:SW1:eth2:10+trunk_remove:SW2:eth3:10+trunk_remove:SW2:eth3:20,18482,18487,0.121915,7.749999999999999,5,True,False,True,False,True,recovery_success,0.017984515242278575,5,4,0,0,2,2,2,0,0
1456,3484,access_vlan:SW1:eth1:20+access_vlan:SW1:eth2:10+access_vlan:SW2:eth2:10+trunk_remove:SW1:eth3:10+trunk_remove:SW1:eth3:20+trunk_remove:SW2:eth3:10+trunk_remove:SW2:eth3:20,18487,18496,0.12148750000000008,-12.95,9,True,False,True,False,False,incorrect_declare_done,0.014467741569711102,9,8,0,0,1,1,1,0,1
1457,3485,access_vlan:SW1:eth1:20+trunk_remove:SW1:eth3:10+trunk_remove:SW1:eth3:20+trunk_remove:SW2:eth3:20,18496,18508,0.12091750000000001,7.699999999999999,12,True,False,True,False,True,recovery_success,0.021386113328238327,12,4,7,0,0,0,0,0,0
1458,3486,access_vlan:SW1:eth1:20+access_vlan:SW1:eth2:10+access_vlan:SW2:eth2:10,18508,18520,0.12034749999999994,6.05,12,True,False,True,False,True,recovery_success,0.0298893628641963,12,5,6,0,3,3,2,0,0
1459,3487,access_vlan:SW1:eth1:20+access_vlan:SW2:eth1:20+access_vlan:SW2:eth2:10+trunk_remove:SW2:eth3:10,18520,18530,0.11987250000000005,6.199999999999999,10,True,False,True,False,True,recovery_success,0.057146594114601615,10,6,3,0,3,3,2,0,0
1460,3488,access_vlan:SW1:eth2:10+access_vlan:SW2:eth1:20+access_vlan:SW2:eth2:10+trunk_remove:SW2:eth3:20,18530,18543,0.119255,2.45,13,True,False,True,False,True,recovery_success,0.02903632031610379,13,8,4,0,9,6,5,1,0
1461,3489,access_vlan:SW1:eth1:20+trunk_remove:SW1:eth3:10+trunk_remove:SW2:eth3:10+trunk_remove:SW2:eth3:20,18543,18573,0.1178300000000001,-6.2500000000000036,30,True,False,False,True,False,step_limit,0.01496529784053564,30,5,25,0,2,2,1,0,1
1462,3490,access_vlan:SW1:eth2:10+access_vlan:SW2:eth1:20+access_vlan:SW2:eth2:10,18573,18603,0.11640499999999998,-7.900000000000004,30,True,False,False,True,False,step_limit,0.013435599339815477,30,6,24,0,5,4,3,0,4
1463,3491,access_vlan:SW1:eth1:20+trunk_remove:SW1:eth3:10+trunk_remove:SW2:eth3:20,18603,18619,0.11564500000000011,5.95,16,True,False,True,False,True,recovery_success,0.008968656315119006,16,5,10,0,2,2,1,0,0
1464,3492,access_vlan:SW1:eth1:20+access_vlan:SW1:eth2:10+access_vlan:SW2:eth1:20,18619,18623,0.11545499999999997,7.549999999999999,4,True,False,True,False,True,recovery_success,0.0069133194629102945,4,3,0,0,3,3,2,0,0
1465,3493,access_vlan:SW1:eth1:20+access_vlan:SW1:eth2:10+access_vlan:SW2:eth2:10+trunk_remove:SW1:eth3:10+trunk_remove:SW1:eth3:20+trunk_remove:SW2:eth3:10+trunk_remove:SW2:eth3:20,18623,18627,0.11526500000000006,-10.8,4,True,False,True,False,False,incorrect_declare_done,0.007439493667334318,4,2,1,0,0,0,0,0,2
1466,3494,access_vlan:SW1:eth2:10+trunk_remove:SW1:eth3:10,18627,18644,0.11445749999999999,5.95,17,True,False,True,False,True,recovery_success,0.009138518286978497,17,4,12,0,2,2,1,0,0
1467,3495,access_vlan:SW1:eth2:10+access_vlan:SW2:eth1:20+trunk_remove:SW1:eth3:20+trunk_remove:SW2:eth3:10,18644,18665,0.11346,5.8500000000000005,21,True,False,True,False,True,recovery_success,0.009046084291878202,21,4,16,0,1,1,1,0,0
1468,3496,access_vlan:SW1:eth1:20+access_vlan:SW2:eth2:10+trunk_remove:SW1:eth3:10+trunk_remove:SW1:eth3:20+trunk_remove:SW2:eth3:10,18665,18695,0.1120350000000001,-7.500000000000006,30,True,False,False,True,False,step_limit,0.00971432237420231,30,10,20,0,3,2,2,0,1
1469,3497,access_vlan:SW1:eth1:20+access_vlan:SW2:eth1:20+trunk_remove:SW1:eth3:10+trunk_remove:SW1:eth3:20+trunk_remove:SW2:eth3:10,18695,18704,0.11160749999999997,7.199999999999999,9,True,False,True,False,True,recovery_success,0.009227084513339732,9,7,1,0,1,1,1,0,0
1470,3498,access_vlan:SW1:eth2:10+access_vlan:SW2:eth1:20+access_vlan:SW2:eth2:10+trunk_remove:SW1:eth3:20+trunk_remove:SW2:eth3:10,18704,18708,0.11141750000000006,-11.450000000000001,4,True,False,True,False,False,incorrect_declare_done,0.007851612055674195,4,3,0,0,1,1,1,0,2
1471,3499,access_vlan:SW1:eth1:20+trunk_remove:SW1:eth3:10,18708,18717,0.11099000000000003,8.45,9,True,False,True,False,True,recovery_success,0.008419910911470652,9,2,6,0,0,0,0,0,0
1472,3500,access_vlan:SW2:eth1:20+access_vlan:SW2:eth2:10+trunk_remove:SW1:eth3:10+trunk_remove:SW2:eth3:10+trunk_remove:SW2:eth3:20,18717,18747,0.10956500000000002,-9.200000000000006,30,True,False,False,True,False,step_limit,0.008631636388599873,30,8,22,0,7,6,4,0,4
1473,3501,access_vlan:SW1:eth1:20+access_vlan:SW2:eth2:10+trunk_remove:SW1:eth3:10+trunk_remove:SW2:eth3:10,18747,18777,0.10814000000000012,-6.2500000000000036,30,True,False,False,True,False,step_limit,0.010030335801032682,30,5,25,0,2,2,1,0,1
1474,3502,access_vlan:SW1:eth2:10+access_vlan:SW2:eth2:10+trunk_remove:SW2:eth3:10+trunk_remove:SW2:eth3:20,18777,18797,0.10719000000000012,-15.25,20,True,False,True,False,False,incorrect_declare_done,0.00741582770133391,20,9,10,0,2,2,1,0,1
1475,3503,access_vlan:SW1:eth2:10+access_vlan:SW2:eth1:20+access_vlan:SW2:eth2:10+trunk_remove:SW1:eth3:10+trunk_remove:SW1:eth3:20+trunk_remove:SW2:eth3:20,18797,18827,0.105765,-8.800000000000004,30,True,False,False,True,False,step_limit,0.00847134826083978,30,12,18,0,5,3,3,0,3
1476,3504,access_vlan:SW1:eth1:20+access_vlan:SW1:eth2:10,18827,18855,0.10443500000000006,-17.5,28,True,False,True,False,False,incorrect_declare_done,0.008763767188481455,28,6,21,0,5,4,4,0,3
1477,3505,access_vlan:SW1:eth2:10+access_vlan:SW2:eth2:10+trunk_remove:SW1:eth3:20+trunk_remove:SW2:eth3:10+trunk_remove:SW2:eth3:20,18855,18885,0.10301000000000005,-6.400000000000001,30,True,False,False,True,False,step_limit,0.007817134393068652,30,6,24,0,2,2,1,0,3
1478,3506,access_vlan:SW1:eth1:20+access_vlan:SW1:eth2:10+access_vlan:SW2:eth2:10+trunk_remove:SW2:eth3:10,18885,18915,0.10158500000000004,-10.000000000000004,30,True,False,False,True,False,step_limit,0.009014864328006904,30,9,20,0,8,3,5,0,2
1479,3507,access_vlan:SW2:eth1:20+access_vlan:SW2:eth2:10+trunk_remove:SW1:eth3:10+trunk_remove:SW1:eth3:20,18915,18919,0.10139500000000012,-11.450000000000001,4,True,False,True,False,False,incorrect_declare_done,0.010637708706781268,4,3,0,0,1,1,1,0,1
1480,3508,access_vlan:SW2:eth1:20+trunk_remove:SW1:eth3:10+trunk_remove:SW1:eth3:20+trunk_remove:SW2:eth3:20,18919,18949,0.09997,-6.4,30,True,False,False,True,False,step_limit,0.008673248408983151,30,5,24,0,2,2,1,0,3
1481,3509,access_vlan:SW1:eth2:10+trunk_remove:SW1:eth3:10+trunk_remove:SW2:eth3:10,18949,18953,0.09978000000000009,9.049999999999999,4,True,False,True,False,True,recovery_success,0.007669404614716768,4,3,0,0,0,0,0,0,0
1482,3510,access_vlan:SW1:eth1:20+trunk_remove:SW1:eth3:10,18953,18957,0.09959000000000007,9.2,4,True,False,True,False,True,recovery_success,0.01039443863555789,4,2,1,0,0,0,0,0,0
1483,3511,access_vlan:SW1:eth1:20+access_vlan:SW2:eth1:20+trunk_remove:SW1:eth3:10+trunk_remove:SW2:eth3:10+trunk_remove:SW2:eth3:20,18957,18987,0.09816500000000006,-7.550000000000004,30,True,False,False,True,False,step_limit,0.006995973852463066,30,7,23,0,4,3,2,0,3
1484,3512,access_vlan:SW1:eth1:20+access_vlan:SW2:eth1:20+trunk_remove:SW1:eth3:20,18987,18991,0.09797500000000003,9.049999999999999,4,True,False,True,False,True,recovery_success,0.0093250279314816,4,3,0,0,0,0,0,0,0
1485,3513,access_vlan:SW1:eth1:20+access_vlan:SW1:eth2:10+access_vlan:SW2:eth1:20+trunk_remove:SW1:eth3:10+trunk_remove:SW2:eth3:10,18991,19021,0.09655000000000014,-9.900000000000007,30,True,False,False,True,False,step_limit,0.015885520734203358,30,15,14,0,6,5,4,0,4
1486,3514,access_vlan:SW2:eth1:20+access_vlan:SW2:eth2:10+trunk_remove:SW1:eth3:20,19021,19025,0.09636,8.549999999999999,4,True,False,True,False,True,recovery_success,0.01375097397249192,4,3,0,0,1,1,1,0,0
1487,3515,access_vlan:SW1:eth1:20+access_vlan:SW1:eth2:10+trunk_remove:SW1:eth3:10+trunk_remove:SW1:eth3:20+trunk_remove:SW2:eth3:10+trunk_remove:SW2:eth3:20,19025,19036,0.09583750000000002,3.95,11,True,False,True,False,True,recovery_success,0.016673828136514534,11,10,0,0,6,5,3,1,0
1488,3516,access_vlan:SW1:eth1:20+trunk_remove:SW2:eth3:10,19036,19040,0.09564750000000011,9.2,4,True,False,True,False,True,recovery_success,0.017120867734774947,4,2,1,0,0,0,0,0,0
1489,3517,trunk_remove:SW1:eth3:10,19040,19042,0.09555250000000004,9.649999999999999,2,True,False,True,False,True,recovery_success,0.015495091676712036,2,1,0,0,0,0,0,0,0
1490,3518,access_vlan:SW2:eth1:20+trunk_remove:SW2:eth3:10,19042,19045,0.09541,9.35,3,True,False,True,False,True,recovery_success,0.01368496660143137,3,2,0,0,0,0,0,0,0
1491,3519,access_vlan:SW1:eth1:20+access_vlan:SW1:eth2:10,19045,19048,0.09526750000000006,8.85,3,True,False,True,False,True,recovery_success,0.01753766043111682,3,2,0,0,1,1,1,0,0
1492,3520,access_vlan:SW1:eth1:20+access_vlan:SW1:eth2:10+access_vlan:SW2:eth2:10+trunk_remove:SW1:eth3:10,19048,19055,0.0949350000000001,6.6499999999999995,7,True,False,True,False,True,recovery_success,0.01152676556791578,7,6,0,0,3,2,3,0,0
1493,3521,access_vlan:SW2:eth2:10+trunk_remove:SW1:eth3:10+trunk_remove:SW2:eth3:20,19055,19058,0.09479250000000006,-10.65,3,True,False,True,False,False,incorrect_declare_done,0.015637044794857502,3,2,0,0,0,0,0,0,1
1494,3522,access_vlan:SW2:eth2:10+trunk_remove:SW1:eth3:20+trunk_remove:SW2:eth3:20,19058,19062,0.09460250000000003,9.049999999999999,4,True,False,True,False,True,recovery_success,0.014744915533810854,4,3,0,0,0,0,0,0,0
1495,3523,access_vlan:SW1:eth1:20+access_vlan:SW1:eth2:10+access_vlan:SW2:eth2:10+trunk_remove:SW1:eth3:10+trunk_remove:SW2:eth3:20,19062,19068,0.09431750000000005,7.949999999999999,6,True,False,True,False,True,recovery_success,0.012077708107729753,6,5,0,0,1,1,1,0,0
1496,3524,access_vlan:SW2:eth2:10+trunk_remove:SW1:eth3:10+trunk_remove:SW1:eth3:20+trunk_remove:SW2:eth3:10+trunk_remove:SW2:eth3:20,19068,19074,0.09403250000000007,8.45,6,True,False,True,False,True,recovery_success,0.016488274559378624,6,5,0,0,0,0,0,0,0
1497,3525,access_vlan:SW2:eth2:10+trunk_remove:SW2:eth3:10,19074,19078,0.09384250000000005,9.2,4,True,False,True,False,True,recovery_success,0.01366997160948813,4,2,1,0,0,0,0,0,0
1498,3526,access_vlan:SW1:eth1:20+trunk_remove:SW2:eth3:20,19078,19081,0.09370000000000012,9.35,3,True,False,True,False,True,recovery_success,0.011489447206258774,3,2,0,0,0,0,0,0,0
1499,3527,trunk_remove:SW1:eth3:10+trunk_remove:SW1:eth3:20+trunk_remove:SW2:eth3:10,19081,19085,0.09350999999999998,9.049999999999999,4,True,False,True,False,True,recovery_success,0.010260409908369184,4,3,0,0,0,0,0,0,0
1500,3528,access_vlan:SW1:eth1:20+access_vlan:SW1:eth2:10+access_vlan:SW2:eth1:20+access_vlan:SW2:eth2:10+trunk_remove:SW2:eth3:10+trunk_remove:SW2:eth3:20,19085,19089,0.09332000000000007,9.2,4,True,False,True,False,True,recovery_success,0.009534401702694595,4,2,1,0,0,0,0,0,0
1501,3529,access_vlan:SW1:eth1:20+access_vlan:SW1:eth2:10+access_vlan:SW2:eth1:20+access_vlan:SW2:eth2:10+trunk_remove:SW1:eth3:20+trunk_remove:SW2:eth3:20,19089,19093,0.09313000000000005,9.2,4,True,False,True,False,True,recovery_success,0.01011760882101953,4,2,1,0,0,0,0,0,0
1502,3530,access_vlan:SW1:eth1:20+access_vlan:SW2:eth1:20+trunk_remove:SW1:eth3:20+trunk_remove:SW2:eth3:10,19093,19098,0.09289250000000004,8.75,5,True,False,True,False,True,recovery_success,0.009507143311202526,5,4,0,0,0,0,0,0,0
1503,3531,access_vlan:SW1:eth1:20+trunk_remove:SW1:eth3:10,19098,19101,0.09275000000000011,9.35,3,True,False,True,False,True,recovery_success,0.006853891691813867,3,2,0,0,0,0,0,0,0
1504,3532,trunk_remove:SW1:eth3:10+trunk_remove:SW2:eth3:10,19101,19104,0.09260749999999995,9.35,3,True,False,True,False,True,recovery_success,0.005343818726638953,3,2,0,0,0,0,0,0,0
1505,3533,access_vlan:SW1:eth1:20+trunk_remove:SW1:eth3:10+trunk_remove:SW2:eth3:10+trunk_remove:SW2:eth3:20,19104,19109,0.09237000000000006,8.75,5,True,False,True,False,True,recovery_success,0.00764595465734601,5,4,0,0,0,0,0,0,0
1506,3534,access_vlan:SW1:eth1:20+access_vlan:SW2:eth1:20+access_vlan:SW2:eth2:10+trunk_remove:SW1:eth3:20,19109,19116,0.0920375000000001,7.1499999999999995,7,True,False,True,False,True,recovery_success,0.007480284199118614,7,5,0,0,2,1,2,0,0
1507,3535,access_vlan:SW2:eth1:20+trunk_remove:SW1:eth3:10+trunk_remove:SW1:eth3:20+trunk_remove:SW2:eth3:10,19116,19121,0.0918000000000001,8.75,5,True,False,True,False,True,recovery_success,0.005839305045083165,5,4,0,0,0,0,0,0,0
1508,3536,access_vlan:SW1:eth2:10+access_vlan:SW2:eth1:20+trunk_remove:SW1:eth3:20+trunk_remove:SW2:eth3:10,19121,19126,0.09156249999999999,8.75,5,True,False,True,False,True,recovery_success,0.012238896545022726,5,4,0,0,0,0,0,0,0
1509,3537,access_vlan:SW2:eth2:10+trunk_remove:SW1:eth3:10+trunk_remove:SW2:eth3:10,19126,19136,0.0910875000000001,6.25,10,True,False,True,False,True,recovery_success,0.014724965067580342,10,9,0,0,2,2,2,1,0
1510,3538,access_vlan:SW1:eth1:20+access_vlan:SW1:eth2:10+access_vlan:SW2:eth2:10+trunk_remove:SW2:eth3:20,19136,19141,0.0908500000000001,7.749999999999999,5,True,False,True,False,True,recovery_success,0.011367608420550823,5,4,0,0,2,2,1,0,0
1511,3539,access_vlan:SW1:eth1:20+access_vlan:SW1:eth2:10+trunk_remove:SW1:eth3:10,19141,19145,0.09065999999999996,8.549999999999999,4,True,False,True,False,True,recovery_success,0.009863648330792785,4,3,0,0,1,1,1,0,0
1512,3540,access_vlan:SW1:eth1:20+access_vlan:SW1:eth2:10+access_vlan:SW2:eth2:10+trunk_remove:SW1:eth3:20+trunk_remove:SW2:eth3:10,19145,19151,0.09037499999999998,7.949999999999999,6,True,False,True,False,True,recovery_success,0.010259956354275346,6,5,0,0,1,1,1,0,0
1513,3541,access_vlan:SW1:eth1:20+trunk_remove:SW2:eth3:10+trunk_remove:SW2:eth3:20,19151,19156,0.09013750000000009,8.899999999999999,5,True,False,True,False,True,recovery_success,0.014427466690540314,5,3,1,0,0,0,0,0,0
1514,3542,access_vlan:SW1:eth1:20+trunk_remove:SW1:eth3:10+trunk_remove:SW1:eth3:20+trunk_remove:SW2:eth3:10+trunk_remove:SW2:eth3:20,19156,19162,0.08985250000000011,8.45,6,True,False,True,False,True,recovery_success,0.019721077134211857,6,5,0,0,0,0,0,0,0
1515,3543,access_vlan:SW1:eth2:10+trunk_remove:SW2:eth3:10,19162,19170,0.08947250000000007,5.499999999999999,8,True,False,True,False,True,recovery_success,0.02969323401339352,8,6,1,0,5,4,2,1,0
1516,3544,access_vlan:SW1:eth1:20+access_vlan:SW1:eth2:10+access_vlan:SW2:eth1:20+access_vlan:SW2:eth2:10+trunk_remove:SW1:eth3:10,19170,19182,0.0889025000000001,6.05,12,True,False,True,False,True,recovery_success,0.015243557514622808,12,4,6,0,3,3,2,1,0
1517,3545,access_vlan:SW1:eth2:10+access_vlan:SW2:eth2:10+trunk_remove:SW1:eth3:10+trunk_remove:SW1:eth3:20+trunk_remove:SW2:eth3:10+trunk_remove:SW2:eth3:20,19182,19191,0.08847499999999997,7.05,9,True,False,True,False,True,recovery_success,0.01926937968366676,9,8,0,0,1,1,1,0,0
1518,3546,access_vlan:SW2:eth1:20+access_vlan:SW2:eth2:10+trunk_remove:SW1:eth3:10+trunk_remove:SW2:eth3:10,19191,19198,0.08814250000000001,6.6499999999999995,7,True,False,True,False,True,recovery_success,0.012384297725345408,7,6,0,0,3,3,2,0,0
1519,3547,access_vlan:SW1:eth1:20+access_vlan:SW1:eth2:10+access_vlan:SW2:eth2:10+trunk_remove:SW1:eth3:10+trunk_remove:SW1:eth3:20+trunk_remove:SW2:eth3:20,19198,19208,0.08766750000000001,6.9,10,True,False,True,False,True,recovery_success,0.017326021287590265,10,7,1,0,1,1,1,0,0
1520,3548,access_vlan:SW1:eth2:10+access_vlan:SW2:eth1:20+trunk_remove:SW1:eth3:10+trunk_remove:SW1:eth3:20+trunk_remove:SW2:eth3:10,19208,19214,0.08738250000000003,8.45,6,True,False,True,False,True,recovery_success,0.012438590715949735,6,5,0,0,0,0,0,0,0
1521,3549,access_vlan:SW1:eth2:10+trunk_remove:SW1:eth3:20+trunk_remove:SW2:eth3:10+trunk_remove:SW2:eth3:20,19214,19221,0.08705000000000007,8.45,7,True,False,True,False,True,recovery_success,0.016525354835071733,7,4,2,0,0,0,0,0,0
1522,3550,access_vlan:SW1:eth2:10+access_vlan:SW2:eth2:10+trunk_remove:SW2:eth3:10,19221,19225,0.08685999999999994,9.049999999999999,4,True,False,True,False,True,recovery_success,0.019426997401751578,4,3,0,0,0,0,0,0,0
1523,3551,access_vlan:SW1:eth1:20+access_vlan:SW2:eth2:10+trunk_remove:SW1:eth3:20+trunk_remove:SW2:eth3:10,19225,19233,0.08648,7.0,8,True,False,True,False,True,recovery_success,0.039333396416623145,8,6,1,0,2,2,1,0,0
1524,3552,access_vlan:SW1:eth1:20+access_vlan:SW1:eth2:10+access_vlan:SW2:eth2:10+trunk_remove:SW1:eth3:20,19233,19247,0.08581499999999997,6.1,14,True,False,True,False,True,recovery_success,0.050976793780656796,14,6,7,0,2,2,1,0,0
1525,3553,access_vlan:SW2:eth1:20+trunk_remove:SW1:eth3:10+trunk_remove:SW1:eth3:20+trunk_remove:SW2:eth3:20,19247,19258,0.0852925000000001,4.75,11,True,False,True,False,True,recovery_success,0.03791630352762612,11,8,2,0,5,4,2,1,0
1526,3554,access_vlan:SW1:eth1:20+trunk_remove:SW1:eth3:10+trunk_remove:SW2:eth3:10,19258,19262,0.08510250000000008,9.049999999999999,4,True,False,True,False,True,recovery_success,0.04612445435486734,4,3,0,0,0,0,0,0,0
1527,3555,access_vlan:SW2:eth1:20+access_vlan:SW2:eth2:10+trunk_remove:SW1:eth3:10+trunk_remove:SW1:eth3:20+trunk_remove:SW2:eth3:10+trunk_remove:SW2:eth3:20,19262,19271,0.08467500000000006,6.55,9,True,False,True,False,True,recovery_success,0.054120586460663214,9,8,0,0,2,2,2,0,0
1528,3556,access_vlan:SW1:eth1:20+access_vlan:SW1:eth2:10+access_vlan:SW2:eth1:20+access_vlan:SW2:eth2:10+trunk_remove:SW1:eth3:20+trunk_remove:SW2:eth3:10,19271,19283,0.0841050000000001,7.199999999999999,12,True,False,True,False,True,recovery_success,0.05760638175221781,12,4,7,0,1,1,1,0,0
1529,3557,access_vlan:SW1:eth1:20+access_vlan:SW2:eth2:10+trunk_remove:SW1:eth3:20+trunk_remove:SW2:eth3:10,19283,19289,0.08382,8.6,6,True,False,True,False,True,recovery_success,0.05638441272700826,6,4,1,0,0,0,0,0,0
1530,3558,trunk_remove:SW2:eth3:20,19289,19292,0.08367750000000007,9.5,3,True,False,True,False,True,recovery_success,0.018858458225925762,3,1,1,0,0,0,0,0,0
1531,3559,access_vlan:SW2:eth2:10+trunk_remove:SW1:eth3:10+trunk_remove:SW2:eth3:20,19292,19296,0.08348750000000005,9.049999999999999,4,True,False,True,False,True,recovery_success,0.028119934140704572,4,3,0,0,0,0,0,0,0
1532,3560,access_vlan:SW1:eth1:20+access_vlan:SW2:eth1:20+access_vlan:SW2:eth2:10+trunk_remove:SW2:eth3:10+trunk_remove:SW2:eth3:20,19296,19303,0.08315500000000009,7.799999999999999,7,True,False,True,False,True,recovery_success,0.014161827974021435,7,5,1,0,1,1,1,0,0
1533,3561,trunk_remove:SW2:eth3:20,19303,19305,0.08306000000000013,9.649999999999999,2,True,False,True,False,True,recovery_success,0.004842548398301005,2,1,0,0,0,0,0,0,0
1534,3562,access_vlan:SW1:eth1:20+access_vlan:SW1:eth2:10+access_vlan:SW2:eth1:20+access_vlan:SW2:eth2:10+trunk_remove:SW1:eth3:10+trunk_remove:SW1:eth3:20+trunk_remove:SW2:eth3:10,19305,19335,0.08163500000000001,-6.5500000000000025,30,True,False,False,True,False,step_limit,0.010607932383815447,30,4,23,0,2,2,2,0,3
1535,3563,access_vlan:SW1:eth2:10+access_vlan:SW2:eth1:20+access_vlan:SW2:eth2:10+trunk_remove:SW1:eth3:10+trunk_remove:SW2:eth3:10+trunk_remove:SW2:eth3:20,19335,19339,0.0814450000000001,-11.450000000000001,4,True,False,True,False,False,incorrect_declare_done,0.00562356214504689,4,3,0,0,1,1,1,0,2
1536,3564,access_vlan:SW1:eth1:20+access_vlan:SW2:eth1:20+access_vlan:SW2:eth2:10+trunk_remove:SW1:eth3:20+trunk_remove:SW2:eth3:20,19339,19349,0.08096999999999999,5.75,10,True,False,True,False,True,recovery_success,0.00802853163331747,10,9,0,0,3,2,3,1,0
1537,3565,access_vlan:SW2:eth2:10+trunk_remove:SW1:eth3:10+trunk_remove:SW2:eth3:10,19349,19353,0.08078000000000007,9.049999999999999,4,True,False,True,False,True,recovery_success,0.006073503056541085,4,3,0,0,0,0,0,0,0
1538,3566,access_vlan:SW2:eth1:20+trunk_remove:SW2:eth3:10,19353,19356,0.08063750000000003,9.35,3,True,False,True,False,True,recovery_success,0.006340670554588239,3,2,0,0,0,0,0,0,0
1539,3567,access_vlan:SW1:eth2:10+access_vlan:SW2:eth2:10+trunk_remove:SW2:eth3:10+trunk_remove:SW2:eth3:20,19356,19361,0.08040000000000003,8.75,5,True,False,True,False,True,recovery_success,0.008074271026998758,5,4,0,0,0,0,0,0,0
1540,3568,trunk_remove:SW1:eth3:10+trunk_remove:SW1:eth3:20+trunk_remove:SW2:eth3:10,19361,19365,0.08021000000000011,9.049999999999999,4,True,False,True,False,True,recovery_success,0.006517451372928917,4,3,0,0,0,0,0,0,0
1541,3569,access_vlan:SW1:eth1:20+access_vlan:SW2:eth2:10+trunk_remove:SW1:eth3:10+trunk_remove:SW1:eth3:20,19365,19370,0.0799725,8.75,5,True,False,True,False,True,recovery_success,0.0071945840958505865,5,4,0,0,0,0,0,0,0
1542,3570,trunk_remove:SW2:eth3:10+trunk_remove:SW2:eth3:20,19370,19373,0.07983000000000007,9.35,3,True,False,True,False,True,recovery_success,0.006222721965362628,3,2,0,0,0,0,0,0,0
1543,3571,access_vlan:SW1:eth2:10+access_vlan:SW2:eth1:20+access_vlan:SW2:eth2:10,19373,19380,0.07949750000000011,7.3,7,True,False,True,False,True,recovery_success,0.004591157726411309,7,5,1,0,2,2,2,0,0
1544,3572,trunk_remove:SW1:eth3:10+trunk_remove:SW1:eth3:20+trunk_remove:SW2:eth3:10,19380,19384,0.07930750000000009,9.049999999999999,4,True,False,True,False,True,recovery_success,0.00432980025652796,4,3,0,0,0,0,0,0,0
1545,3573,access_vlan:SW1:eth2:10+access_vlan:SW2:eth2:10+trunk_remove:SW2:eth3:10,19384,19388,0.07911749999999995,9.049999999999999,4,True,False,True,False,True,recovery_success,0.006994091439992189,4,3,0,0,0,0,0,0,0
1546,3574,access_vlan:SW1:eth2:10+access_vlan:SW2:eth1:20+trunk_remove:SW1:eth3:20+trunk_remove:SW2:eth3:10+trunk_remove:SW2:eth3:20,19388,19394,0.07883250000000008,8.45,6,True,False,True,False,True,recovery_success,0.004911000529925029,6,5,0,0,0,0,0,0,0
1547,3575,trunk_remove:SW1:eth3:20+trunk_remove:SW2:eth3:10+trunk_remove:SW2:eth3:20,19394,19398,0.07864250000000006,9.049999999999999,4,True,False,True,False,True,recovery_success,0.008976094890385866,4,3,0,0,0,0,0,0,0
1548,3576,access_vlan:SW1:eth2:10+access_vlan:SW2:eth1:20+trunk_remove:SW1:eth3:10+trunk_remove:SW1:eth3:20,19398,19403,0.07840500000000006,8.75,5,True,False,True,False,True,recovery_success,0.01132923886179924,5,4,0,0,0,0,0,0,0
1549,3577,access_vlan:SW1:eth1:20,19403,19405,0.0783100000000001,9.649999999999999,2,True,False,True,False,True,recovery_success,0.007263443199917674,2,1,0,0,0,0,0,0,0
1550,3578,access_vlan:SW1:eth1:20+access_vlan:SW2:eth1:20+access_vlan:SW2:eth2:10+trunk_remove:SW1:eth3:10+trunk_remove:SW2:eth3:10,19405,19411,0.07802500000000001,7.449999999999999,6,True,False,True,False,True,recovery_success,0.010083658814740678,6,5,0,0,2,2,2,0,0
1551,3579,access_vlan:SW1:eth2:10+trunk_remove:SW1:eth3:20,19411,19414,0.07788250000000008,9.35,3,True,False,True,False,True,recovery_success,0.009233294520527124,3,2,0,0,0,0,0,0,0
1552,3580,access_vlan:SW1:eth1:20+access_vlan:SW2:eth2:10+trunk_remove:SW1:eth3:10+trunk_remove:SW2:eth3:20,19414,19418,0.07769250000000005,-10.950000000000001,4,True,False,True,False,False,incorrect_declare_done,0.006321224209386855,4,3,0,0,0,0,0,0,1
1553,3581,trunk_remove:SW1:eth3:10,19418,19420,0.0775975000000001,9.649999999999999,2,True,False,True,False,True,recovery_success,0.004001897294074297,2,1,0,0,0,0,0,0,0
1554,3582,access_vlan:SW1:eth2:10+access_vlan:SW2:eth1:20+trunk_remove:SW1:eth3:10+trunk_remove:SW1:eth3:20,19420,19425,0.0773600000000001,8.75,5,True,False,True,False,True,recovery_success,0.007896657194942236,5,4,0,0,0,0,0,0,0
1555,3583,access_vlan:SW1:eth2:10+trunk_remove:SW1:eth3:20+trunk_remove:SW2:eth3:10+trunk_remove:SW2:eth3:20,19425,19432,0.07702750000000003,7.6499999999999995,7,True,False,True,False,True,recovery_success,0.00528604191328798,7,6,0,0,1,1,1,0,0
1556,3584,access_vlan:SW1:eth1:20+access_vlan:SW1:eth2:10,19432,19437,0.07679000000000002,6.749999999999999,5,True,False,True,False,True,recovery_success,0.007109164167195559,5,4,0,0,4,3,2,1,0
1557,3585,access_vlan:SW1:eth1:20+access_vlan:SW1:eth2:10+trunk_remove:SW1:eth3:10+trunk_remove:SW2:eth3:10+trunk_remove:SW2:eth3:20,19437,19443,0.07650500000000005,7.949999999999999,6,True,False,True,False,True,recovery_success,0.006576030476329227,6,5,0,0,1,1,1,0,0
1558,3586,access_vlan:SW2:eth2:10+trunk_remove:SW2:eth3:10,19443,19446,0.07636250000000011,9.35,3,True,False,True,False,True,recovery_success,0.011891003853331009,3,2,0,0,0,0,0,0,0
1559,3587,access_vlan:SW2:eth1:20+access_vlan:SW2:eth2:10+trunk_remove:SW1:eth3:10+trunk_remove:SW1:eth3:20,19446,19453,0.07603000000000004,7.1499999999999995,7,True,False,True,False,True,recovery_success,0.004478858650795051,7,6,0,0,2,2,2,0,0
1560,3588,access_vlan:SW1:eth1:20+access_vlan:SW1:eth2:10+access_vlan:SW2:eth1:20+trunk_remove:SW1:eth3:20+trunk_remove:SW2:eth3:10+trunk_remove:SW2:eth3:20,19453,19460,0.07569750000000008,7.6499999999999995,7,True,False,True,False,True,recovery_success,0.0060810308371271405,7,6,0,0,1,1,1,0,0
1561,3589,access_vlan:SW1:eth1:20+access_vlan:SW2:eth2:10+trunk_remove:SW1:eth3:10+trunk_remove:SW1:eth3:20,19460,19465,0.07546000000000008,8.75,5,True,False,True,False,True,recovery_success,0.010532089183107019,5,4,0,0,0,0,0,0,0
1562,3590,access_vlan:SW1:eth1:20+access_vlan:SW1:eth2:10+access_vlan:SW2:eth1:20+access_vlan:SW2:eth2:10+trunk_remove:SW2:eth3:10,19465,19467,0.07536500000000002,-11.350000000000001,2,True,False,True,False,False,incorrect_declare_done,0.005125505151227117,2,1,0,0,2,2,1,0,3
1563,3591,access_vlan:SW2:eth1:20+access_vlan:SW2:eth2:10+trunk_remove:SW1:eth3:10+trunk_remove:SW1:eth3:20+trunk_remove:SW2:eth3:10+trunk_remove:SW2:eth3:20,19467,19476,0.07493749999999999,7.05,9,True,False,True,False,True,recovery_success,0.006786436023604538,9,8,0,0,1,1,1,0,0
1564,3592,trunk_remove:SW1:eth3:10+trunk_remove:SW2:eth3:10,19476,19479,0.07479500000000006,9.35,3,True,False,True,False,True,recovery_success,0.006524646421894431,3,2,0,0,0,0,0,0,0
1565,3593,access_vlan:SW2:eth2:10,19479,19481,0.0747000000000001,9.649999999999999,2,True,False,True,False,True,recovery_success,0.007764936424791813,2,1,0,0,0,0,0,0,0
1566,3594,access_vlan:SW1:eth1:20+access_vlan:SW2:eth1:20+access_vlan:SW2:eth2:10+trunk_remove:SW1:eth3:10+trunk_remove:SW1:eth3:20+trunk_remove:SW2:eth3:10+trunk_remove:SW2:eth3:20,19481,19491,0.07422499999999999,6.25,10,True,False,True,False,True,recovery_success,0.00559015735052526,10,9,0,0,2,2,2,0,0
1567,3595,access_vlan:SW2:eth2:10+trunk_remove:SW2:eth3:10,19491,19494,0.07408250000000005,9.35,3,True,False,True,False,True,recovery_success,0.005921088857576251,3,2,0,0,0,0,0,0,0
1568,3596,access_vlan:SW1:eth2:10+access_vlan:SW2:eth1:20+trunk_remove:SW1:eth3:10+trunk_remove:SW1:eth3:20+trunk_remove:SW2:eth3:10,19494,19500,0.07379750000000007,8.45,6,True,False,True,False,True,recovery_success,0.006409149112490316,6,5,0,0,0,0,0,0,0
1569,3597,access_vlan:SW1:eth1:20+access_vlan:SW1:eth2:10+access_vlan:SW2:eth1:20+trunk_remove:SW1:eth3:20+trunk_remove:SW2:eth3:20,19500,19507,0.07346500000000011,7.799999999999999,7,True,False,True,False,True,recovery_success,0.01240148488432169,7,5,1,0,1,1,1,0,0
1570,3598,access_vlan:SW1:eth2:10+access_vlan:SW2:eth1:20+access_vlan:SW2:eth2:10+trunk_remove:SW2:eth3:10,19507,19519,0.07289500000000004,7.2,12,True,False,True,False,True,recovery_success,0.009291476220823824,12,4,7,0,1,1,1,0,0
1571,3599,access_vlan:SW1:eth1:20+access_vlan:SW1:eth2:10+access_vlan:SW2:eth1:20+trunk_remove:SW1:eth3:20+trunk_remove:SW2:eth3:10+trunk_remove:SW2:eth3:20,19519,19529,0.07242000000000004,7.199999999999999,10,True,False,True,False,True,recovery_success,0.010907376417890191,10,6,3,0,1,1,1,0,0
1572,3600,access_vlan:SW1:eth1:20+access_vlan:SW2:eth1:20,19529,19532,0.0722775,8.85,3,True,False,True,False,True,recovery_success,0.008168118384977182,3,2,0,0,1,1,1,0,0
1573,3601,access_vlan:SW1:eth1:20+access_vlan:SW2:eth1:20+access_vlan:SW2:eth2:10+trunk_remove:SW1:eth3:10+trunk_remove:SW1:eth3:20+trunk_remove:SW2:eth3:20,19532,19541,0.07185000000000008,7.35,9,True,False,True,False,True,recovery_success,0.010868798372232251,9,6,2,0,1,1,1,0,0
1574,3602,access_vlan:SW2:eth1:20+trunk_remove:SW1:eth3:10+trunk_remove:SW1:eth3:20,19541,19546,0.07161250000000008,8.899999999999999,5,True,False,True,False,True,recovery_success,0.012635130807757378,5,3,1,0,0,0,0,0,0
1575,3603,access_vlan:SW2:eth1:20+access_vlan:SW2:eth2:10+trunk_remove:SW1:eth3:10+trunk_remove:SW1:eth3:20+trunk_remove:SW2:eth3:10+trunk_remove:SW2:eth3:20,19546,19553,0.07128000000000001,7.6499999999999995,7,True,False,True,False,True,recovery_success,0.008852006934051002,7,6,0,0,1,1,1,0,0
1576,3604,access_vlan:SW1:eth1:20+access_vlan:SW1:eth2:10+trunk_remove:SW1:eth3:20+trunk_remove:SW2:eth3:10+trunk_remove:SW2:eth3:20,19553,19559,0.07099500000000003,-12.05,6,True,False,True,False,False,incorrect_declare_done,0.013578973555316528,6,5,0,0,1,1,1,0,2
1577,3605,access_vlan:SW1:eth1:20+access_vlan:SW2:eth1:20+access_vlan:SW2:eth2:10+trunk_remove:SW1:eth3:20+trunk_remove:SW2:eth3:10+trunk_remove:SW2:eth3:20,19559,19567,0.0706150000000001,7.5,8,True,False,True,False,True,recovery_success,0.014088295865803957,8,6,1,0,1,1,1,0,0
1578,3606,access_vlan:SW1:eth1:20+trunk_remove:SW2:eth3:20,19567,19570,0.07047250000000005,9.35,3,True,False,True,False,True,recovery_success,0.009813192921380201,3,2,0,0,0,0,0,0,0
1579,3607,access_vlan:SW1:eth2:10+access_vlan:SW2:eth1:20+access_vlan:SW2:eth2:10+trunk_remove:SW1:eth3:10+trunk_remove:SW2:eth3:10,19570,19577,0.07014000000000009,7.799999999999999,7,True,False,True,False,True,recovery_success,0.009144762397876807,7,5,1,0,1,1,1,0,0
1580,3608,trunk_remove:SW2:eth3:20,19577,19579,0.07004500000000002,9.649999999999999,2,True,False,True,False,True,recovery_success,0.020247354172170162,2,1,0,0,0,0,0,0,0
1581,3609,access_vlan:SW1:eth1:20+access_vlan:SW2:eth2:10+trunk_remove:SW1:eth3:10+trunk_remove:SW1:eth3:20+trunk_remove:SW2:eth3:10,19579,19583,0.06985500000000011,-10.950000000000001,4,True,False,True,False,False,incorrect_declare_done,0.013484636088833213,4,3,0,0,0,0,0,0,2
1582,3610,access_vlan:SW1:eth2:10+trunk_remove:SW1:eth3:20,19583,19586,0.06971250000000007,9.35,3,True,False,True,False,True,recovery_success,0.011931508469084898,3,2,0,0,0,0,0,0,0
1583,3611,access_vlan:SW1:eth1:20+access_vlan:SW2:eth1:20+access_vlan:SW2:eth2:10+trunk_remove:SW1:eth3:10+trunk_remove:SW2:eth3:20,19586,19594,0.06933250000000002,7.35,8,True,False,True,False,True,recovery_success,0.011892952374182642,8,7,0,0,1,1,1,0,0
1584,3612,access_vlan:SW1:eth1:20+access_vlan:SW2:eth1:20+access_vlan:SW2:eth2:10+trunk_remove:SW1:eth3:10+trunk_remove:SW1:eth3:20+trunk_remove:SW2:eth3:10+trunk_remove:SW2:eth3:20,19594,19603,0.0689050000000001,7.199999999999999,9,True,False,True,False,True,recovery_success,0.010037758387625217,9,7,1,0,1,1,1,0,0
1585,3613,access_vlan:SW2:eth2:10+trunk_remove:SW1:eth3:20,19603,19608,0.06866749999999999,9.049999999999999,5,True,False,True,False,True,recovery_success,0.010889626201242208,5,2,2,0,0,0,0,0,0
1586,3614,access_vlan:SW1:eth2:10+access_vlan:SW2:eth1:20+access_vlan:SW2:eth2:10+trunk_remove:SW2:eth3:10,19608,19613,0.06842999999999999,8.25,5,True,False,True,False,True,recovery_success,0.009252682607620955,5,4,0,0,1,1,1,0,0
1587,3615,access_vlan:SW1:eth1:20+access_vlan:SW1:eth2:10+access_vlan:SW2:eth1:20+access_vlan:SW2:eth2:10+trunk_remove:SW2:eth3:20,19613,19616,0.06828750000000006,9.5,3,True,False,True,False,True,recovery_success,0.007980954522887865,3,1,1,0,0,0,0,0,0
1588,3616,access_vlan:SW1:eth1:20+access_vlan:SW1:eth2:10+trunk_remove:SW1:eth3:10+trunk_remove:SW1:eth3:20+trunk_remove:SW2:eth3:10+trunk_remove:SW2:eth3:20,19616,19623,0.0679550000000001,7.6499999999999995,7,True,False,True,False,True,recovery_success,0.010459652303584985,7,6,0,0,1,1,1,0,0
1589,3617,access_vlan:SW1:eth1:20+trunk_remove:SW1:eth3:10+trunk_remove:SW1:eth3:20+trunk_remove:SW2:eth3:20,19623,19628,0.0677175000000001,8.75,5,True,False,True,False,True,recovery_success,0.007869814429432154,5,4,0,0,0,0,0,0,0
1590,3618,access_vlan:SW1:eth1:20+access_vlan:SW2:eth1:20+trunk_remove:SW1:eth3:20+trunk_remove:SW2:eth3:10+trunk_remove:SW2:eth3:20,19628,19635,0.06738500000000003,8.299999999999999,7,True,False,True,False,True,recovery_success,0.011825130986315864,7,5,1,0,0,0,0,0,0
1591,3619,trunk_remove:SW1:eth3:10+trunk_remove:SW2:eth3:20,19635,19640,0.06714750000000003,8.25,5,True,False,True,False,True,recovery_success,0.0075576923787593845,5,4,0,0,1,1,1,1,0
1592,3620,access_vlan:SW1:eth1:20+access_vlan:SW1:eth2:10+access_vlan:SW2:eth2:10,19640,19645,0.06691000000000003,8.899999999999999,5,True,False,True,False,True,recovery_success,0.008594751078635453,5,3,1,0,0,0,0,0,0
1593,3621,access_vlan:SW1:eth1:20+access_vlan:SW1:eth2:10+access_vlan:SW2:eth1:20+trunk_remove:SW1:eth3:10,19645,19675,0.06548500000000002,-4.800000000000001,30,True,False,False,True,False,step_limit,0.008036392057935398,30,2,28,0,0,0,0,0,3
1594,3622,access_vlan:SW1:eth2:10+access_vlan:SW2:eth2:10+trunk_remove:SW1:eth3:20+trunk_remove:SW2:eth3:10,19675,19680,0.06524750000000001,8.75,5,True,False,True,False,True,recovery_success,0.005964936967939138,5,4,0,0,0,0,0,0,0
1595,3623,access_vlan:SW2:eth2:10+trunk_remove:SW1:eth3:10+trunk_remove:SW1:eth3:20+trunk_remove:SW2:eth3:10+trunk_remove:SW2:eth3:20,19680,19686,0.06496250000000003,8.45,6,True,False,True,False,True,recovery_success,0.006218178663402796,6,5,0,0,0,0,0,0,0
1596,3624,access_vlan:SW1:eth1:20,19686,19688,0.06486750000000008,9.649999999999999,2,True,False,True,False,True,recovery_success,0.008750769775360823,2,1,0,0,0,0,0,0,0
1597,3625,access_vlan:SW1:eth1:20+access_vlan:SW1:eth2:10+access_vlan:SW2:eth1:20+trunk_remove:SW1:eth3:20+trunk_remove:SW2:eth3:10+trunk_remove:SW2:eth3:20,19688,19696,0.06448750000000003,7.5,8,True,False,True,False,True,recovery_success,0.009503711189609021,8,6,1,0,1,1,1,0,0
1598,3626,access_vlan:SW1:eth1:20+access_vlan:SW1:eth2:10+access_vlan:SW2:eth1:20+access_vlan:SW2:eth2:10+trunk_remove:SW1:eth3:20+trunk_remove:SW2:eth3:10,19696,19700,0.06429750000000001,9.2,4,True,False,True,False,True,recovery_success,0.011418387177400291,4,2,1,0,0,0,0,0,0
1599,3627,access_vlan:SW2:eth2:10+trunk_remove:SW2:eth3:10+trunk_remove:SW2:eth3:20,19700,19704,0.0641075000000001,9.049999999999999,4,True,False,True,False,True,recovery_success,0.004786066361702979,4,3,0,0,0,0,0,0,0
1600,3628,access_vlan:SW2:eth2:10+trunk_remove:SW2:eth3:20,19704,19709,0.06386999999999998,8.25,5,True,False,True,False,True,recovery_success,0.0052335263229906556,5,4,0,0,1,1,1,1,0
1601,3629,access_vlan:SW1:eth1:20+access_vlan:SW1:eth2:10+access_vlan:SW2:eth2:10+trunk_remove:SW1:eth3:20+trunk_remove:SW2:eth3:20,19709,19721,0.06330000000000002,5.75,12,True,False,True,False,True,recovery_success,0.011598027563498666,12,7,4,0,3,3,2,0,0
1602,3630,access_vlan:SW1:eth2:10+trunk_remove:SW1:eth3:10+trunk_remove:SW1:eth3:20+trunk_remove:SW2:eth3:20,19721,19729,0.06291999999999998,7.999999999999999,8,True,False,True,False,True,recovery_success,0.025559794274158776,8,5,1,0,0,0,0,0,0
1603,3631,access_vlan:SW1:eth1:20+access_vlan:SW2:eth2:10+trunk_remove:SW2:eth3:10,19729,19731,0.06282500000000002,-10.350000000000001,2,True,False,True,False,False,incorrect_declare_done,0.016860298346728086,2,1,0,0,0,0,0,0,3
1604,3632,access_vlan:SW1:eth1:20+access_vlan:SW2:eth1:20+access_vlan:SW2:eth2:10+trunk_remove:SW2:eth3:20,19731,19737,0.06254000000000004,8.1,6,True,False,True,False,True,recovery_success,0.019529189293583233,6,4,1,0,1,1,1,0,0
1605,3633,access_vlan:SW1:eth1:20+access_vlan:SW2:eth1:20+access_vlan:SW2:eth2:10+trunk_remove:SW1:eth3:10+trunk_remove:SW1:eth3:20+trunk_remove:SW2:eth3:10,19737,19745,0.062160000000000104,7.5,8,True,False,True,False,True,recovery_success,0.015737962792627513,8,6,1,0,1,1,1,0,0
1606,3634,access_vlan:SW1:eth1:20+access_vlan:SW1:eth2:10+access_vlan:SW2:eth1:20+trunk_remove:SW1:eth3:20+trunk_remove:SW2:eth3:10+trunk_remove:SW2:eth3:20,19745,19775,0.06073499999999998,-5.750000000000001,30,True,False,False,True,False,step_limit,0.010911034202824037,30,5,25,0,1,1,1,0,4
1607,3635,trunk_remove:SW1:eth3:20+trunk_remove:SW2:eth3:20,19775,19778,0.06059250000000005,9.35,3,True,False,True,False,True,recovery_success,0.010012644653518995,3,2,0,0,0,0,0,0,0
1608,3636,access_vlan:SW1:eth2:10+trunk_remove:SW1:eth3:20+trunk_remove:SW2:eth3:10+trunk_remove:SW2:eth3:20,19778,19779,0.06054500000000007,-10.05,1,True,False,True,False,False,incorrect_declare_done,0.009891497902572155,1,0,0,0,0,0,0,0,3
1609,3637,access_vlan:SW2:eth1:20+trunk_remove:SW1:eth3:10+trunk_remove:SW1:eth3:20,19779,19785,0.06026000000000009,6.949999999999999,6,True,False,True,False,True,recovery_success,0.009326536441221833,6,5,0,0,3,3,1,1,0
1610,3638,access_vlan:SW1:eth2:10+trunk_remove:SW1:eth3:20+trunk_remove:SW2:eth3:10,19785,19789,0.06007000000000007,9.049999999999999,4,True,False,True,False,True,recovery_success,0.008243818127084523,4,3,0,0,0,0,0,0,0
1611,3639,access_vlan:SW1:eth1:20+trunk_remove:SW1:eth3:10+trunk_remove:SW1:eth3:20+trunk_remove:SW2:eth3:10,19789,19794,0.059832500000000066,8.75,5,True,False,True,False,True,recovery_success,0.005644861562177539,5,4,0,0,0,0,0,0,0
1612,3640,access_vlan:SW1:eth1:20+access_vlan:SW1:eth2:10+access_vlan:SW2:eth1:20+access_vlan:SW2:eth2:10+trunk_remove:SW2:eth3:10+trunk_remove:SW2:eth3:20,19794,19798,0.05964250000000004,9.2,4,True,False,True,False,True,recovery_success,0.005032286804635078,4,2,1,0,0,0,0,0,0
1613,3641,access_vlan:SW1:eth2:10+access_vlan:SW2:eth1:20+trunk_remove:SW1:eth3:20+trunk_remove:SW2:eth3:10,19798,19805,0.059310000000000085,7.6499999999999995,7,True,False,True,False,True,recovery_success,0.007857802656612225,7,5,0,0,1,1,1,1,0
1614,3642,access_vlan:SW1:eth2:10+access_vlan:SW2:eth1:20+access_vlan:SW2:eth2:10+trunk_remove:SW1:eth3:10+trunk_remove:SW2:eth3:10+trunk_remove:SW2:eth3:20,19805,19816,0.05878749999999999,6.75,11,True,False,True,False,True,recovery_success,0.005642902973869985,11,8,2,0,1,1,1,0,0
1615,3643,access_vlan:SW1:eth1:20+access_vlan:SW1:eth2:10+access_vlan:SW2:eth1:20+trunk_remove:SW1:eth3:10+trunk_remove:SW2:eth3:20,19816,19823,0.058455000000000035,7.799999999999999,7,True,False,True,False,True,recovery_success,0.009295280424079724,7,5,1,0,1,1,1,0,0
1616,3644,access_vlan:SW1:eth2:10+access_vlan:SW2:eth2:10+trunk_remove:SW1:eth3:10+trunk_remove:SW2:eth3:10+trunk_remove:SW2:eth3:20,19823,19829,0.058170000000000055,8.45,6,True,False,True,False,True,recovery_success,0.006893398279013733,6,5,0,0,0,0,0,0,0
1617,3645,access_vlan:SW1:eth2:10+trunk_remove:SW1:eth3:20,19829,19831,0.05807499999999999,-10.350000000000001,2,True,False,True,False,False,incorrect_declare_done,0.010953339748084545,2,1,0,0,0,0,0,0,1
1618,3646,trunk_remove:SW1:eth3:20+trunk_remove:SW2:eth3:20,19831,19834,0.05793250000000005,9.35,3,True,False,True,False,True,recovery_success,0.008135817013680935,3,2,0,0,0,0,0,0,0
1619,3647,access_vlan:SW2:eth1:20+access_vlan:SW2:eth2:10+trunk_remove:SW1:eth3:20+trunk_remove:SW2:eth3:20,19834,19844,0.05745750000000005,5.3999999999999995,10,True,False,True,False,True,recovery_success,0.007259386475197971,10,8,1,0,4,2,4,0,0
1620,3648,access_vlan:SW1:eth1:20+access_vlan:SW2:eth2:10,19844,19874,0.05603250000000004,-5.150000000000002,30,True,False,False,True,False,step_limit,0.010903717833571136,30,1,29,0,1,1,1,0,3
1621,3649,access_vlan:SW1:eth2:10+access_vlan:SW2:eth2:10+trunk_remove:SW1:eth3:20,19874,19878,0.05584250000000002,8.549999999999999,4,True,False,True,False,True,recovery_success,0.010226761340163648,4,3,0,0,1,1,1,0,0
1622,3650,access_vlan:SW1:eth2:10+access_vlan:SW2:eth1:20+access_vlan:SW2:eth2:10+trunk_remove:SW1:eth3:10,19878,19887,0.0554150000000001,6.55,9,True,False,True,False,True,recovery_success,0.005479026999738481,9,7,0,0,2,1,2,0,0
1623,3651,access_vlan:SW1:eth2:10+trunk_remove:SW2:eth3:10,19887,19890,0.05527250000000006,9.35,3,True,False,True,False,True,recovery_success,0.0035063795124491057,3,2,0,0,0,0,0,0,0
1624,3652,access_vlan:SW1:eth1:20+access_vlan:SW1:eth2:10+access_vlan:SW2:eth1:20+trunk_remove:SW1:eth3:10+trunk_remove:SW1:eth3:20,19890,19896,0.05498749999999997,7.949999999999999,6,True,False,True,False,True,recovery_success,0.007292078885560234,6,5,0,0,1,1,1,0,0
1625,3653,access_vlan:SW1:eth1:20+access_vlan:SW2:eth1:20+trunk_remove:SW1:eth3:20+trunk_remove:SW2:eth3:10,19896,19901,0.054750000000000076,8.75,5,True,False,True,False,True,recovery_success,0.007803272921591997,5,4,0,0,0,0,0,0,0
1626,3654,access_vlan:SW1:eth1:20+access_vlan:SW1:eth2:10+access_vlan:SW2:eth2:10+trunk_remove:SW1:eth3:10+trunk_remove:SW1:eth3:20+trunk_remove:SW2:eth3:10+trunk_remove:SW2:eth3:20,19901,19909,0.05437000000000014,7.35,8,True,False,True,False,True,recovery_success,0.005151767370989546,8,7,0,0,1,1,1,0,0
1627,3655,access_vlan:SW1:eth2:10+trunk_remove:SW1:eth3:20+trunk_remove:SW2:eth3:10+trunk_remove:SW2:eth3:20,19909,19917,0.05398999999999998,7.499999999999999,8,True,False,True,False,True,recovery_success,0.00621776474872604,8,6,1,0,1,1,1,0,0
1628,3656,access_vlan:SW1:eth1:20+access_vlan:SW1:eth2:10+access_vlan:SW2:eth2:10+trunk_remove:SW2:eth3:20,19917,19922,0.05375250000000009,7.749999999999999,5,True,False,True,False,True,recovery_success,0.004947403958067298,5,4,0,0,2,2,1,0,0
1629,3657,access_vlan:SW1:eth2:10+access_vlan:SW2:eth1:20+trunk_remove:SW1:eth3:20+trunk_remove:SW2:eth3:10+trunk_remove:SW2:eth3:20,19922,19925,0.053610000000000047,-10.65,3,True,False,True,False,False,incorrect_declare_done,0.005937165891130765,3,2,0,0,0,0,0,0,4
1630,3658,access_vlan:SW1:eth1:20+access_vlan:SW1:eth2:10+trunk_remove:SW1:eth3:20+trunk_remove:SW2:eth3:10+trunk_remove:SW2:eth3:20,19925,19935,0.05313500000000004,6.25,10,True,False,True,False,True,recovery_success,0.004030474286992103,10,9,0,0,2,1,2,0,0
1631,3659,access_vlan:SW1:eth2:10+access_vlan:SW2:eth2:10+trunk_remove:SW1:eth3:10+trunk_remove:SW2:eth3:10+trunk_remove:SW2:eth3:20,19935,19941,0.052850000000000064,8.45,6,True,False,True,False,True,recovery_success,0.00669638835825026,6,5,0,0,0,0,0,0,0
1632,3660,access_vlan:SW1:eth1:20+trunk_remove:SW2:eth3:10+trunk_remove:SW2:eth3:20,19941,19945,0.05266000000000004,9.049999999999999,4,True,False,True,False,True,recovery_success,0.006832888990174979,4,3,0,0,0,0,0,0,0
1633,3661,access_vlan:SW1:eth1:20+access_vlan:SW2:eth1:20+access_vlan:SW2:eth2:10+trunk_remove:SW1:eth3:10+trunk_remove:SW1:eth3:20+trunk_remove:SW2:eth3:10+trunk_remove:SW2:eth3:20,19945,19955,0.05218500000000004,7.05,10,True,False,True,False,True,recovery_success,0.004654734046198428,10,7,2,0,1,1,1,0,0
1634,3662,trunk_remove:SW1:eth3:20+trunk_remove:SW2:eth3:10,19955,19958,0.05204249999999999,9.35,3,True,False,True,False,True,recovery_success,0.0044062707262734575,3,2,0,0,0,0,0,0,0
1635,3663,access_vlan:SW1:eth1:20+access_vlan:SW2:eth1:20+trunk_remove:SW1:eth3:20+trunk_remove:SW2:eth3:20,19958,19963,0.0518050000000001,8.75,5,True,False,True,False,True,recovery_success,0.005730523588135838,5,4,0,0,0,0,0,0,0
1636,3664,access_vlan:SW1:eth1:20+access_vlan:SW1:eth2:10+access_vlan:SW2:eth1:20+access_vlan:SW2:eth2:10+trunk_remove:SW1:eth3:20+trunk_remove:SW2:eth3:10,19963,19967,0.05161500000000008,9.2,4,True,False,True,False,True,recovery_success,0.004830282065086067,4,2,1,0,0,0,0,0,0
1637,3665,access_vlan:SW1:eth1:20+access_vlan:SW1:eth2:10+access_vlan:SW2:eth1:20+access_vlan:SW2:eth2:10+trunk_remove:SW1:eth3:10+trunk_remove:SW1:eth3:20+trunk_remove:SW2:eth3:10,19967,19972,0.051377499999999965,8.899999999999999,5,True,False,True,False,True,recovery_success,0.005145145393908024,5,3,1,0,0,0,0,0,0
1638,3666,access_vlan:SW1:eth1:20+access_vlan:SW1:eth2:10+access_vlan:SW2:eth1:20+access_vlan:SW2:eth2:10,19972,19974,0.05128250000000001,9.799999999999999,2,True,False,True,False,True,recovery_success,0.008810535073280334,2,0,1,0,0,0,0,0,0
1639,3667,access_vlan:SW1:eth1:20+access_vlan:SW2:eth2:10+trunk_remove:SW1:eth3:10+trunk_remove:SW2:eth3:10+trunk_remove:SW2:eth3:20,19974,19980,0.05099750000000003,8.45,6,True,False,True,False,True,recovery_success,0.0062338479328900576,6,5,0,0,0,0,0,0,0
1640,3668,access_vlan:SW2:eth1:20+access_vlan:SW2:eth2:10+trunk_remove:SW1:eth3:10+trunk_remove:SW1:eth3:20+trunk_remove:SW2:eth3:10+trunk_remove:SW2:eth3:20,19980,19991,0.05047499999999994,6.25,11,True,False,True,False,True,recovery_success,0.0055706122763116254,11,8,2,0,2,2,2,0,0
1641,3669,access_vlan:SW1:eth1:20+access_vlan:SW2:eth1:20+trunk_remove:SW1:eth3:20+trunk_remove:SW2:eth3:20,19991,19996,0.050237500000000046,8.75,5,True,False,True,False,True,recovery_success,0.004963964922353625,5,4,0,0,0,0,0,0,0
1642,3670,access_vlan:SW1:eth2:10+access_vlan:SW2:eth1:20+access_vlan:SW2:eth2:10+trunk_remove:SW1:eth3:10+trunk_remove:SW2:eth3:10+trunk_remove:SW2:eth3:20,19996,20003,0.05,7.6499999999999995,7,True,False,True,False,True,recovery_success,0.007070460888956275,7,6,0,0,1,1,1,0,0
1643,3671,access_vlan:SW1:eth1:20+access_vlan:SW2:eth1:20+access_vlan:SW2:eth2:10+trunk_remove:SW2:eth3:10+trunk_remove:SW2:eth3:20,20003,20013,0.05,5.75,10,True,False,True,False,True,recovery_success,0.007453646510839462,10,8,0,0,3,2,3,0,0
1644,3672,access_vlan:SW1:eth2:10+access_vlan:SW2:eth2:10+trunk_remove:SW1:eth3:10+trunk_remove:SW2:eth3:10+trunk_remove:SW2:eth3:20,20013,20020,0.05,8.299999999999999,7,True,False,True,False,True,recovery_success,0.010648265480995178,7,5,1,0,0,0,0,0,0
1645,3673,access_vlan:SW1:eth1:20+access_vlan:SW1:eth2:10+access_vlan:SW2:eth2:10+trunk_remove:SW1:eth3:20+trunk_remove:SW2:eth3:20,20020,20029,0.05,6.5,9,True,False,True,False,True,recovery_success,0.006556918249569005,9,5,3,0,3,3,1,1,0
1646,3674,trunk_remove:SW2:eth3:10,20029,20031,0.05,9.649999999999999,2,True,False,True,False,True,recovery_success,0.004308726289309561,2,1,0,0,0,0,0,0,0
1647,3675,access_vlan:SW2:eth1:20+access_vlan:SW2:eth2:10+trunk_remove:SW1:eth3:20+trunk_remove:SW2:eth3:10,20031,20037,0.05,8.1,6,True,False,True,False,True,recovery_success,0.011265842864910761,6,4,1,0,1,1,1,0,0
1648,3676,access_vlan:SW1:eth1:20+trunk_remove:SW1:eth3:10+trunk_remove:SW1:eth3:20+trunk_remove:SW2:eth3:20,20037,20043,0.05,8.6,6,True,False,True,False,True,recovery_success,0.016486908386771876,6,4,1,0,0,0,0,0,0
1649,3677,access_vlan:SW1:eth1:20+access_vlan:SW2:eth1:20+access_vlan:SW2:eth2:10+trunk_remove:SW1:eth3:10+trunk_remove:SW2:eth3:20,20043,20051,0.05,6.85,8,True,False,True,False,True,recovery_success,0.009123325085965917,8,7,0,0,2,2,2,0,0
1650,3678,access_vlan:SW2:eth1:20+access_vlan:SW2:eth2:10+trunk_remove:SW1:eth3:20+trunk_remove:SW2:eth3:20,20051,20058,0.05,7.1499999999999995,7,True,False,True,False,True,recovery_success,0.012552834182445492,7,6,0,0,2,2,2,0,0
1651,3679,access_vlan:SW1:eth1:20+access_vlan:SW1:eth2:10+trunk_remove:SW2:eth3:10+trunk_remove:SW2:eth3:20,20058,20063,0.05,8.25,5,True,False,True,False,True,recovery_success,0.0056020766496658325,5,4,0,0,1,1,1,0,0
1652,3680,access_vlan:SW1:eth2:10+access_vlan:SW2:eth2:10+trunk_remove:SW1:eth3:10+trunk_remove:SW2:eth3:10,20063,20068,0.05,8.75,5,True,False,True,False,True,recovery_success,0.006597692053765059,5,4,0,0,0,0,0,0,0
1653,3681,access_vlan:SW2:eth2:10+trunk_remove:SW1:eth3:10+trunk_remove:SW1:eth3:20+trunk_remove:SW2:eth3:10+trunk_remove:SW2:eth3:20,20068,20074,0.05,8.45,6,True,False,True,False,True,recovery_success,0.009960544217998782,6,5,0,0,0,0,0,0,0
1654,3682,access_vlan:SW1:eth2:10+trunk_remove:SW1:eth3:10+trunk_remove:SW1:eth3:20+trunk_remove:SW2:eth3:10,20074,20079,0.05,8.75,5,True,False,True,False,True,recovery_success,0.005582593753933907,5,4,0,0,0,0,0,0,0
1655,3683,access_vlan:SW2:eth1:20+access_vlan:SW2:eth2:10+trunk_remove:SW1:eth3:10+trunk_remove:SW2:eth3:10,20079,20084,0.05,8.25,5,True,False,True,False,True,recovery_success,0.006777243502438068,5,4,0,0,1,1,1,0,0
1656,3684,access_vlan:SW1:eth1:20+access_vlan:SW1:eth2:10+access_vlan:SW2:eth1:20+trunk_remove:SW2:eth3:10,20084,20089,0.05,9.049999999999999,5,True,False,True,False,True,recovery_success,0.006495126150548458,5,2,2,0,0,0,0,0,0
1657,3685,access_vlan:SW1:eth1:20+access_vlan:SW2:eth1:20+trunk_remove:SW2:eth3:10+trunk_remove:SW2:eth3:20,20089,20094,0.05,8.75,5,True,False,True,False,True,recovery_success,0.00536461491137743,5,4,0,0,0,0,0,0,0
1658,3686,access_vlan:SW1:eth2:10+access_vlan:SW2:eth2:10+trunk_remove:SW2:eth3:10,20094,20098,0.05,9.049999999999999,4,True,False,True,False,True,recovery_success,0.007732163416221738,4,3,0,0,0,0,0,0,0
1659,3687,access_vlan:SW1:eth2:10+trunk_remove:SW1:eth3:20+trunk_remove:SW2:eth3:10,20098,20102,0.05,9.049999999999999,4,True,False,True,False,True,recovery_success,0.007438641041517258,4,3,0,0,0,0,0,0,0
1660,3688,access_vlan:SW1:eth1:20+access_vlan:SW2:eth2:10+trunk_remove:SW1:eth3:10+trunk_remove:SW2:eth3:10+trunk_remove:SW2:eth3:20,20102,20108,0.05,8.45,6,True,False,True,False,True,recovery_success,0.004237307468429208,6,5,0,0,0,0,0,0,0
1661,3689,access_vlan:SW2:eth1:20+access_vlan:SW2:eth2:10,20108,20111,0.05,8.85,3,True,False,True,False,True,recovery_success,0.006395824098338683,3,2,0,0,1,1,1,0,0
1662,3690,access_vlan:SW1:eth2:10+access_vlan:SW2:eth2:10+trunk_remove:SW2:eth3:10,20111,20117,0.05,6.949999999999999,6,True,False,True,False,True,recovery_success,0.008850113449928662,6,5,0,0,3,3,1,1,0
1663,3691,access_vlan:SW1:eth1:20+access_vlan:SW1:eth2:10+access_vlan:SW2:eth2:10+trunk_remove:SW1:eth3:20+trunk_remove:SW2:eth3:10,20117,20121,0.05,-11.450000000000001,4,True,False,True,False,False,incorrect_declare_done,0.009020759491249919,4,3,0,0,1,1,1,0,2
1664,3692,access_vlan:SW1:eth1:20+access_vlan:SW1:eth2:10+trunk_remove:SW2:eth3:20,20121,20125,0.05,8.549999999999999,4,True,False,True,False,True,recovery_success,0.011645279126241803,4,3,0,0,1,1,1,0,0
1665,3693,access_vlan:SW1:eth2:10+trunk_remove:SW1:eth3:10+trunk_remove:SW1:eth3:20+trunk_remove:SW2:eth3:20,20125,20130,0.05,8.75,5,True,False,True,False,True,recovery_success,0.00790460268035531,5,4,0,0,0,0,0,0,0
1666,3694,access_vlan:SW1:eth2:10+access_vlan:SW2:eth2:10+trunk_remove:SW1:eth3:20+trunk_remove:SW2:eth3:20,20130,20137,0.05,6.6499999999999995,7,True,False,True,False,True,recovery_success,0.007057973349999104,7,6,0,0,3,3,2,0,0
1667,3695,access_vlan:SW2:eth1:20+access_vlan:SW2:eth2:10,20137,20140,0.05,8.85,3,True,False,True,False,True,recovery_success,0.00879932257036368,3,2,0,0,1,1,1,0,0
1668,3696,access_vlan:SW1:eth1:20+trunk_remove:SW1:eth3:10+trunk_remove:SW2:eth3:10,20140,20144,0.05,9.049999999999999,4,True,False,True,False,True,recovery_success,0.008454118855297565,4,3,0,0,0,0,0,0,0
1669,3697,access_vlan:SW1:eth1:20+access_vlan:SW1:eth2:10+access_vlan:SW2:eth1:20+trunk_remove:SW1:eth3:10+trunk_remove:SW2:eth3:10,20144,20156,0.05,6.05,12,True,False,True,False,True,recovery_success,0.006489857099950314,12,5,6,0,3,3,2,0,0
1670,3698,access_vlan:SW1:eth2:10+trunk_remove:SW1:eth3:20+trunk_remove:SW2:eth3:10,20156,20160,0.05,9.049999999999999,4,True,False,True,False,True,recovery_success,0.004442984994966537,4,3,0,0,0,0,0,0,0
1671,3699,access_vlan:SW1:eth1:20+access_vlan:SW2:eth1:20+access_vlan:SW2:eth2:10+trunk_remove:SW1:eth3:10+trunk_remove:SW1:eth3:20,20160,20166,0.05,7.949999999999999,6,True,False,True,False,True,recovery_success,0.005882505405073364,6,5,0,0,1,1,1,0,0
1672,3700,trunk_remove:SW1:eth3:10+trunk_remove:SW1:eth3:20+trunk_remove:SW2:eth3:10+trunk_remove:SW2:eth3:20,20166,20171,0.05,8.75,5,True,False,True,False,True,recovery_success,0.004670569859445095,5,4,0,0,0,0,0,0,0
1673,3701,access_vlan:SW1:eth2:10+trunk_remove:SW1:eth3:20+trunk_remove:SW2:eth3:10+trunk_remove:SW2:eth3:20,20171,20176,0.05,8.75,5,True,False,True,False,True,recovery_success,0.005343206645920873,5,4,0,0,0,0,0,0,0
1674,3702,access_vlan:SW2:eth1:20+access_vlan:SW2:eth2:10+trunk_remove:SW1:eth3:10+trunk_remove:SW1:eth3:20+trunk_remove:SW2:eth3:10+trunk_remove:SW2:eth3:20,20176,20183,0.05,7.6499999999999995,7,True,False,True,False,True,recovery_success,0.006284068205526897,7,6,0,0,1,1,1,0,0
1675,3703,access_vlan:SW1:eth1:20+access_vlan:SW2:eth2:10+trunk_remove:SW1:eth3:10+trunk_remove:SW1:eth3:20,20183,20188,0.05,8.75,5,True,False,True,False,True,recovery_success,0.005054051708430052,5,4,0,0,0,0,0,0,0
1676,3704,access_vlan:SW1:eth2:10+trunk_remove:SW1:eth3:20+trunk_remove:SW2:eth3:10,20188,20194,0.05,7.949999999999999,6,True,False,True,False,True,recovery_success,0.004737393736528854,6,5,0,0,1,1,1,1,0
1677,3705,access_vlan:SW1:eth1:20+access_vlan:SW1:eth2:10+trunk_remove:SW1:eth3:10+trunk_remove:SW2:eth3:10+trunk_remove:SW2:eth3:20,20194,20200,0.05,7.949999999999999,6,True,False,True,False,True,recovery_success,0.007444060950850447,6,5,0,0,1,1,1,0,0
1678,3706,access_vlan:SW1:eth1:20+trunk_remove:SW1:eth3:10+trunk_remove:SW2:eth3:10+trunk_remove:SW2:eth3:20,20200,20205,0.05,8.75,5,True,False,True,False,True,recovery_success,0.007505497802048922,5,4,0,0,0,0,0,0,0
1679,3707,access_vlan:SW2:eth2:10+trunk_remove:SW1:eth3:10,20205,20210,0.05,8.75,5,True,False,True,False,True,recovery_success,0.005351360375061631,5,4,0,0,0,0,0,0,0
1680,3708,access_vlan:SW2:eth2:10+trunk_remove:SW1:eth3:10,20210,20213,0.05,9.35,3,True,False,True,False,True,recovery_success,0.008576029989247521,3,2,0,0,0,0,0,0,0
1681,3709,access_vlan:SW1:eth1:20+access_vlan:SW1:eth2:10+access_vlan:SW2:eth2:10+trunk_remove:SW1:eth3:10+trunk_remove:SW1:eth3:20+trunk_remove:SW2:eth3:10,20213,20220,0.05,7.6499999999999995,7,True,False,True,False,True,recovery_success,0.008905472233891487,7,6,0,0,1,1,1,0,0
1682,3710,access_vlan:SW1:eth1:20+access_vlan:SW1:eth2:10+trunk_remove:SW1:eth3:20+trunk_remove:SW2:eth3:10+trunk_remove:SW2:eth3:20,20220,20226,0.05,7.949999999999999,6,True,False,True,False,True,recovery_success,0.004608653020113707,6,5,0,0,1,1,1,0,0
1683,3711,access_vlan:SW1:eth2:10+access_vlan:SW2:eth1:20+access_vlan:SW2:eth2:10+trunk_remove:SW1:eth3:10+trunk_remove:SW1:eth3:20+trunk_remove:SW2:eth3:20,20226,20233,0.05,7.6499999999999995,7,True,False,True,False,True,recovery_success,0.008902456012687512,7,6,0,0,1,1,1,0,0
1684,3712,access_vlan:SW2:eth2:10+trunk_remove:SW1:eth3:10+trunk_remove:SW2:eth3:10,20233,20239,0.05,7.949999999999999,6,True,False,True,False,True,recovery_success,0.0070266901748254895,6,5,0,0,1,1,1,1,0
1685,3713,access_vlan:SW1:eth1:20+trunk_remove:SW1:eth3:10+trunk_remove:SW1:eth3:20,20239,20243,0.05,9.049999999999999,4,True,False,True,False,True,recovery_success,0.004245061019901186,4,3,0,0,0,0,0,0,0
1686,3714,trunk_remove:SW1:eth3:20+trunk_remove:SW2:eth3:10+trunk_remove:SW2:eth3:20,20243,20247,0.05,9.049999999999999,4,True,False,True,False,True,recovery_success,0.0041096616187132895,4,3,0,0,0,0,0,0,0
1687,3715,access_vlan:SW1:eth2:10+trunk_remove:SW1:eth3:10,20247,20250,0.05,9.35,3,True,False,True,False,True,recovery_success,0.008983271196484566,3,2,0,0,0,0,0,0,0
1688,3716,access_vlan:SW1:eth1:20+trunk_remove:SW1:eth3:20+trunk_remove:SW2:eth3:10+trunk_remove:SW2:eth3:20,20250,20255,0.05,8.75,5,True,False,True,False,True,recovery_success,0.005532568786293268,5,4,0,0,0,0,0,0,0
1689,3717,access_vlan:SW2:eth2:10+trunk_remove:SW1:eth3:20,20255,20258,0.05,9.35,3,True,False,True,False,True,recovery_success,0.00404192126976947,3,2,0,0,0,0,0,0,0
1690,3718,access_vlan:SW1:eth1:20+trunk_remove:SW1:eth3:10+trunk_remove:SW1:eth3:20+trunk_remove:SW2:eth3:10,20258,20263,0.05,8.75,5,True,False,True,False,True,recovery_success,0.00716780424118042,5,4,0,0,0,0,0,0,0
1691,3719,access_vlan:SW1:eth1:20+access_vlan:SW1:eth2:10+access_vlan:SW2:eth1:20+trunk_remove:SW2:eth3:10,20263,20268,0.05,9.049999999999999,5,True,False,True,False,True,recovery_success,0.009807090368121862,5,2,2,0,0,0,0,0,0
1692,3720,access_vlan:SW1:eth1:20+access_vlan:SW2:eth1:20+access_vlan:SW2:eth2:10+trunk_remove:SW1:eth3:20+trunk_remove:SW2:eth3:10+trunk_remove:SW2:eth3:20,20268,20275,0.05,7.6499999999999995,7,True,False,True,False,True,recovery_success,0.0062600769368665555,7,6,0,0,1,1,1,0,0
1693,3721,access_vlan:SW2:eth1:20+trunk_remove:SW1:eth3:10+trunk_remove:SW1:eth3:20,20275,20280,0.05,8.899999999999999,5,True,False,True,False,True,recovery_success,0.008676293678581715,5,3,1,0,0,0,0,0,0
1694,3722,access_vlan:SW1:eth2:10+access_vlan:SW2:eth2:10+trunk_remove:SW1:eth3:10+trunk_remove:SW1:eth3:20+trunk_remove:SW2:eth3:10+trunk_remove:SW2:eth3:20,20280,20288,0.05,7.999999999999999,8,True,False,True,False,True,recovery_success,0.007220515049993992,8,6,1,0,0,0,0,0,0
1695,3723,access_vlan:SW1:eth2:10+access_vlan:SW2:eth1:20+access_vlan:SW2:eth2:10+trunk_remove:SW1:eth3:10+trunk_remove:SW2:eth3:10+trunk_remove:SW2:eth3:20,20288,20295,0.05,7.6499999999999995,7,True,False,True,False,True,recovery_success,0.01070459812347378,7,6,0,0,1,1,1,0,0
1696,3724,access_vlan:SW1:eth2:10+access_vlan:SW2:eth1:20+access_vlan:SW2:eth2:10+trunk_remove:SW1:eth3:20+trunk_remove:SW2:eth3:10+trunk_remove:SW2:eth3:20,20295,20302,0.05,7.6499999999999995,7,True,False,True,False,True,recovery_success,0.010628835032028812,7,6,0,0,1,1,1,0,0
1697,3725,access_vlan:SW2:eth2:10+trunk_remove:SW2:eth3:10+trunk_remove:SW2:eth3:20,20302,20306,0.05,9.049999999999999,4,True,False,True,False,True,recovery_success,0.009137170680332929,4,3,0,0,0,0,0,0,0
1698,3726,access_vlan:SW1:eth2:10+trunk_remove:SW1:eth3:20+trunk_remove:SW2:eth3:10,20306,20310,0.05,9.049999999999999,4,True,False,True,False,True,recovery_success,0.0052732175681740046,4,3,0,0,0,0,0,0,0
1699,3727,access_vlan:SW1:eth2:10+trunk_remove:SW1:eth3:20+trunk_remove:SW2:eth3:10,20310,20314,0.05,9.049999999999999,4,True,False,True,False,True,recovery_success,0.004069681162945926,4,3,0,0,0,0,0,0,0
1700,3728,access_vlan:SW2:eth2:10+trunk_remove:SW1:eth3:10+trunk_remove:SW2:eth3:20,20314,20320,0.05,7.949999999999999,6,True,False,True,False,True,recovery_success,0.00592318926161776,6,5,0,0,1,1,1,0,0
1701,3729,trunk_remove:SW1:eth3:10+trunk_remove:SW2:eth3:20,20320,20323,0.05,9.35,3,True,False,True,False,True,recovery_success,0.004351988434791565,3,2,0,0,0,0,0,0,0
1702,3730,access_vlan:SW1:eth1:20+access_vlan:SW2:eth1:20+trunk_remove:SW1:eth3:10,20323,20327,0.05,8.549999999999999,4,True,False,True,False,True,recovery_success,0.007219693914521486,4,3,0,0,1,1,1,0,0
1703,3731,access_vlan:SW1:eth1:20+access_vlan:SW2:eth1:20+access_vlan:SW2:eth2:10+trunk_remove:SW2:eth3:10,20327,20332,0.05,7.749999999999999,5,True,False,True,False,True,recovery_success,0.004681635368615389,5,4,0,0,2,2,2,0,0
1704,3732,access_vlan:SW1:eth1:20+access_vlan:SW1:eth2:10+access_vlan:SW2:eth1:20+trunk_remove:SW2:eth3:10,20332,20337,0.05,9.049999999999999,5,True,False,True,False,True,recovery_success,0.0031045663170516493,5,2,2,0,0,0,0,0,0
1705,3733,access_vlan:SW1:eth1:20+access_vlan:SW2:eth1:20+access_vlan:SW2:eth2:10+trunk_remove:SW1:eth3:10+trunk_remove:SW2:eth3:20,20337,20345,0.05,5.85,8,True,False,True,False,True,recovery_success,0.004841011977987364,8,7,0,0,4,3,2,1,0
1706,3734,access_vlan:SW1:eth1:20+access_vlan:SW2:eth2:10+trunk_remove:SW1:eth3:10+trunk_remove:SW2:eth3:10,20345,20350,0.05,8.75,5,True,False,True,False,True,recovery_success,0.005130912316963077,5,4,0,0,0,0,0,0,0
1707,3735,access_vlan:SW1:eth2:10+access_vlan:SW2:eth1:20+access_vlan:SW2:eth2:10+trunk_remove:SW1:eth3:20+trunk_remove:SW2:eth3:10+trunk_remove:SW2:eth3:20,20350,20357,0.05,7.6499999999999995,7,True,False,True,False,True,recovery_success,0.005093280991007175,7,6,0,0,1,1,1,0,0
1708,3736,access_vlan:SW1:eth1:20+trunk_remove:SW1:eth3:10+trunk_remove:SW1:eth3:20,20357,20361,0.05,9.049999999999999,4,True,False,True,False,True,recovery_success,0.005216878838837147,4,3,0,0,0,0,0,0,0
1709,3737,access_vlan:SW2:eth1:20+access_vlan:SW2:eth2:10+trunk_remove:SW1:eth3:20+trunk_remove:SW2:eth3:10+trunk_remove:SW2:eth3:20,20361,20369,0.05,5.85,8,True,False,True,False,True,recovery_success,0.00761651576613076,8,7,0,0,4,3,2,1,0
1710,3738,access_vlan:SW2:eth1:20+trunk_remove:SW1:eth3:10+trunk_remove:SW1:eth3:20+trunk_remove:SW2:eth3:20,20369,20374,0.05,8.75,5,True,False,True,False,True,recovery_success,0.005481968587264419,5,4,0,0,0,0,0,0,0
1711,3739,trunk_remove:SW2:eth3:10,20374,20376,0.05,9.649999999999999,2,True,False,True,False,True,recovery_success,0.009167099837213755,2,1,0,0,0,0,0,0,0
1712,3740,access_vlan:SW1:eth1:20+trunk_remove:SW1:eth3:10+trunk_remove:SW1:eth3:20+trunk_remove:SW2:eth3:10+trunk_remove:SW2:eth3:20,20376,20385,0.05,6.699999999999999,9,True,False,True,False,True,recovery_success,0.004842391858498256,9,7,1,0,2,2,1,0,0
1713,3741,access_vlan:SW2:eth1:20+access_vlan:SW2:eth2:10+trunk_remove:SW1:eth3:20+trunk_remove:SW2:eth3:10,20385,20390,0.05,8.25,5,True,False,True,False,True,recovery_success,0.0063276635482907295,5,4,0,0,1,1,1,0,0
1714,3742,access_vlan:SW1:eth1:20+access_vlan:SW1:eth2:10+access_vlan:SW2:eth2:10+trunk_remove:SW2:eth3:20,20390,20394,0.05,9.2,4,True,False,True,False,True,recovery_success,0.006110795889981091,4,2,1,0,0,0,0,0,0
1715,3743,access_vlan:SW1:eth1:20+access_vlan:SW2:eth1:20+access_vlan:SW2:eth2:10+trunk_remove:SW1:eth3:10+trunk_remove:SW1:eth3:20+trunk_remove:SW2:eth3:10+trunk_remove:SW2:eth3:20,20394,20404,0.05,6.25,10,True,False,True,False,True,recovery_success,0.006097735208459199,10,9,0,0,2,2,2,1,0
1716,3744,access_vlan:SW1:eth1:20+access_vlan:SW2:eth1:20+trunk_remove:SW1:eth3:10+trunk_remove:SW1:eth3:20+trunk_remove:SW2:eth3:10+trunk_remove:SW2:eth3:20,20404,20412,0.05,7.999999999999999,8,True,False,True,False,True,recovery_success,0.006078490987420082,8,6,1,0,0,0,0,0,0
1717,3745,access_vlan:SW1:eth1:20+trunk_remove:SW2:eth3:10+trunk_remove:SW2:eth3:20,20412,20418,0.05,6.949999999999999,6,True,False,True,False,True,recovery_success,0.0058203615869085,6,5,0,0,3,3,1,1,0
1718,3746,access_vlan:SW1:eth1:20+access_vlan:SW1:eth2:10+access_vlan:SW2:eth1:20+access_vlan:SW2:eth2:10+trunk_remove:SW1:eth3:10,20418,20421,0.05,9.5,3,True,False,True,False,True,recovery_success,0.007645299192517996,3,1,1,0,0,0,0,0,0
1719,3747,access_vlan:SW2:eth1:20+trunk_remove:SW1:eth3:10+trunk_remove:SW1:eth3:20+trunk_remove:SW2:eth3:10,20421,20428,0.05,7.6499999999999995,7,True,False,True,False,True,recovery_success,0.004640164286164301,7,5,0,0,1,1,1,0,0
1720,3748,access_vlan:SW1:eth1:20+access_vlan:SW2:eth1:20+trunk_remove:SW1:eth3:10,20428,20440,0.05,7.35,12,True,False,True,False,True,recovery_success,0.0061936624988447875,12,3,8,0,1,1,1,0,0
1721,3749,access_vlan:SW1:eth1:20+access_vlan:SW2:eth2:10+trunk_remove:SW1:eth3:20+trunk_remove:SW2:eth3:10,20440,20445,0.05,8.75,5,True,False,True,False,True,recovery_success,0.0065856936387717726,5,4,0,0,0,0,0,0,0
1722,3750,access_vlan:SW1:eth2:10+access_vlan:SW2:eth1:20+access_vlan:SW2:eth2:10+trunk_remove:SW1:eth3:10+trunk_remove:SW2:eth3:10+trunk_remove:SW2:eth3:20,20445,20455,0.05,6.9,10,True,False,True,False,True,recovery_success,0.004616618878208101,10,7,1,0,1,1,1,0,0
1723,3751,access_vlan:SW1:eth2:10+access_vlan:SW2:eth1:20+trunk_remove:SW1:eth3:10+trunk_remove:SW1:eth3:20+trunk_remove:SW2:eth3:10+trunk_remove:SW2:eth3:20,20455,20462,0.05,8.149999999999999,7,True,False,True,False,True,recovery_success,0.006855229082118187,7,6,0,0,0,0,0,0,0
1724,3752,access_vlan:SW1:eth2:10+access_vlan:SW2:eth2:10+trunk_remove:SW1:eth3:20,20462,20466,0.05,8.549999999999999,4,True,False,True,False,True,recovery_success,0.00927011325256899,4,3,0,0,1,1,1,0,0
1725,3753,access_vlan:SW1:eth1:20+access_vlan:SW2:eth1:20+access_vlan:SW2:eth2:10+trunk_remove:SW2:eth3:10,20466,20471,0.05,7.749999999999999,5,True,False,True,False,True,recovery_success,0.015014430228620767,5,4,0,0,2,2,2,0,0
1726,3754,access_vlan:SW1:eth2:10+access_vlan:SW2:eth2:10+trunk_remove:SW1:eth3:10+trunk_remove:SW2:eth3:10,20471,20476,0.05,8.75,5,True,False,True,False,True,recovery_success,0.013242430798709393,5,4,0,0,0,0,0,0,0
1727,3755,access_vlan:SW1:eth1:20+access_vlan:SW2:eth1:20+trunk_remove:SW2:eth3:10+trunk_remove:SW2:eth3:20,20476,20483,0.05,8.45,7,True,False,True,False,True,recovery_success,0.025733520675982748,7,4,2,0,0,0,0,0,0
1728,3756,access_vlan:SW1:eth2:10+access_vlan:SW2:eth2:10+trunk_remove:SW1:eth3:20,20483,20487,0.05,8.549999999999999,4,True,False,True,False,True,recovery_success,0.016818779287859797,4,3,0,0,1,1,1,0,0
1729,3757,access_vlan:SW1:eth2:10+access_vlan:SW2:eth1:20+access_vlan:SW2:eth2:10+trunk_remove:SW1:eth3:10+trunk_remove:SW1:eth3:20+trunk_remove:SW2:eth3:20,20487,20494,0.05,7.6499999999999995,7,True,False,True,False,True,recovery_success,0.009642666039456214,7,6,0,0,1,1,1,0,0
1730,3758,access_vlan:SW1:eth2:10+access_vlan:SW2:eth1:20+access_vlan:SW2:eth2:10,20494,20497,0.05,9.5,3,True,False,True,False,True,recovery_success,0.017660824271539848,3,1,1,0,0,0,0,0,0
1731,3759,access_vlan:SW2:eth2:10+trunk_remove:SW1:eth3:10+trunk_remove:SW2:eth3:20,20497,20501,0.05,9.049999999999999,4,True,False,True,False,True,recovery_success,0.011209129705093801,4,3,0,0,0,0,0,0,0
1732,3760,access_vlan:SW2:eth1:20+trunk_remove:SW2:eth3:10,20501,20504,0.05,9.35,3,True,False,True,False,True,recovery_success,0.012154748197644949,3,2,0,0,0,0,0,0,0
1733,3761,access_vlan:SW1:eth1:20+access_vlan:SW2:eth1:20+trunk_remove:SW1:eth3:10+trunk_remove:SW1:eth3:20+trunk_remove:SW2:eth3:10+trunk_remove:SW2:eth3:20,20504,20514,0.05,7.3999999999999995,10,True,False,True,False,True,recovery_success,0.010330496961250902,10,7,1,0,0,0,0,0,0
1734,3762,access_vlan:SW1:eth2:10+access_vlan:SW2:eth1:20+trunk_remove:SW1:eth3:10+trunk_remove:SW2:eth3:10+trunk_remove:SW2:eth3:20,20514,20520,0.05,8.45,6,True,False,True,False,True,recovery_success,0.00815615321819981,6,5,0,0,0,0,0,0,0
1735,3763,access_vlan:SW1:eth2:10+access_vlan:SW2:eth1:20+trunk_remove:SW1:eth3:10+trunk_remove:SW1:eth3:20+trunk_remove:SW2:eth3:10,20520,20526,0.05,8.45,6,True,False,True,False,True,recovery_success,0.010155309767772755,6,5,0,0,0,0,0,0,0
1736,3764,access_vlan:SW1:eth1:20+access_vlan:SW1:eth2:10+access_vlan:SW2:eth1:20+trunk_remove:SW1:eth3:20,20526,20531,0.05,8.25,5,True,False,True,False,True,recovery_success,0.010959717445075512,5,4,0,0,1,1,1,0,0
1737,3765,access_vlan:SW1:eth2:10+access_vlan:SW2:eth1:20+access_vlan:SW2:eth2:10+trunk_remove:SW1:eth3:10,20531,20535,0.05,9.2,4,True,False,True,False,True,recovery_success,0.010227765655145049,4,2,1,0,0,0,0,0,0
1738,3766,access_vlan:SW1:eth1:20+access_vlan:SW1:eth2:10+access_vlan:SW2:eth1:20+access_vlan:SW2:eth2:10+trunk_remove:SW1:eth3:10+trunk_remove:SW1:eth3:20+trunk_remove:SW2:eth3:10+trunk_remove:SW2:eth3:20,20535,20541,0.05,8.6,6,True,False,True,False,True,recovery_success,0.009431339334696531,6,4,1,0,0,0,0,0,0
1739,3767,access_vlan:SW1:eth2:10+trunk_remove:SW2:eth3:10,20541,20544,0.05,9.35,3,True,False,True,False,True,recovery_success,0.011194538014630476,3,2,0,0,0,0,0,0,0
1740,3768,access_vlan:SW1:eth2:10+access_vlan:SW2:eth1:20+access_vlan:SW2:eth2:10,20544,20547,0.05,9.5,3,True,False,True,False,True,recovery_success,0.012656408051649729,3,1,1,0,0,0,0,0,0
1741,3769,access_vlan:SW1:eth2:10+trunk_remove:SW1:eth3:10,20547,20550,0.05,9.35,3,True,False,True,False,True,recovery_success,0.010309291537851095,3,2,0,0,0,0,0,0,0
1742,3770,access_vlan:SW1:eth1:20,20550,20552,0.05,9.649999999999999,2,True,False,True,False,True,recovery_success,0.014599164947867393,2,1,0,0,0,0,0,0,0
1743,3771,access_vlan:SW1:eth1:20+access_vlan:SW1:eth2:10+trunk_remove:SW1:eth3:20+trunk_remove:SW2:eth3:10+trunk_remove:SW2:eth3:20,20552,20560,0.05,7.6499999999999995,8,True,False,True,False,True,recovery_success,0.014023717842064798,8,5,2,0,1,1,1,0,0
1744,3772,access_vlan:SW1:eth1:20+access_vlan:SW2:eth2:10+trunk_remove:SW1:eth3:20+trunk_remove:SW2:eth3:10+trunk_remove:SW2:eth3:20,20560,20566,0.05,8.45,6,True,False,True,False,True,recovery_success,0.010054355176786581,6,5,0,0,0,0,0,0,0
1745,3773,access_vlan:SW2:eth1:20+access_vlan:SW2:eth2:10+trunk_remove:SW1:eth3:10+trunk_remove:SW1:eth3:20+trunk_remove:SW2:eth3:20,20566,20572,0.05,7.949999999999999,6,True,False,True,False,True,recovery_success,0.011142749494562546,6,5,0,0,1,1,1,0,0
1746,3774,access_vlan:SW1:eth1:20+access_vlan:SW1:eth2:10+access_vlan:SW2:eth1:20+trunk_remove:SW1:eth3:20,20572,20577,0.05,8.25,5,True,False,True,False,True,recovery_success,0.009533296851441265,5,4,0,0,1,1,1,0,0
1747,3775,access_vlan:SW2:eth2:10+trunk_remove:SW1:eth3:10+trunk_remove:SW2:eth3:20,20577,20583,0.05,7.949999999999999,6,True,False,True,False,True,recovery_success,0.01590206679732849,6,5,0,0,1,1,1,0,0
1748,3776,access_vlan:SW1:eth1:20+access_vlan:SW1:eth2:10+access_vlan:SW2:eth1:20+access_vlan:SW2:eth2:10+trunk_remove:SW1:eth3:20+trunk_remove:SW2:eth3:10,20583,20591,0.05,6.8,8,True,False,True,False,True,recovery_success,0.013421932875644416,8,4,3,0,3,3,1,1,0
1749,3777,access_vlan:SW1:eth1:20+access_vlan:SW1:eth2:10+access_vlan:SW2:eth2:10+trunk_remove:SW1:eth3:10,20591,20617,0.05,-14.399999999999999,26,True,False,True,False,False,incorrect_declare_done,0.012121869788433496,26,4,21,0,0,0,0,0,3
1750,3778,access_vlan:SW1:eth2:10+access_vlan:SW2:eth1:20+access_vlan:SW2:eth2:10,20617,20620,0.05,9.5,3,True,False,True,False,True,recovery_success,0.010364570034046968,3,1,1,0,0,0,0,0,0
1751,3779,access_vlan:SW1:eth1:20+access_vlan:SW1:eth2:10+access_vlan:SW2:eth2:10+trunk_remove:SW1:eth3:10+trunk_remove:SW1:eth3:20,20620,20650,0.05,-5.250000000000001,30,True,False,False,True,False,step_limit,0.008160254413572451,30,5,25,0,0,0,0,0,3
1752,3780,access_vlan:SW1:eth2:10+access_vlan:SW2:eth1:20+trunk_remove:SW2:eth3:10,20650,20654,0.05,9.049999999999999,4,True,False,True,False,True,recovery_success,0.00447203335352242,4,3,0,0,0,0,0,0,0
1753,3781,access_vlan:SW1:eth2:10+access_vlan:SW2:eth1:20+access_vlan:SW2:eth2:10+trunk_remove:SW1:eth3:10+trunk_remove:SW2:eth3:10+trunk_remove:SW2:eth3:20,20654,20661,0.05,7.6499999999999995,7,True,False,True,False,True,recovery_success,0.007134106143244675,7,6,0,0,1,1,1,0,0
1754,3782,access_vlan:SW1:eth1:20+access_vlan:SW2:eth1:20+trunk_remove:SW1:eth3:10+trunk_remove:SW1:eth3:20+trunk_remove:SW2:eth3:10+trunk_remove:SW2:eth3:20,20661,20668,0.05,8.149999999999999,7,True,False,True,False,True,recovery_success,0.0057453797198832035,7,6,0,0,0,0,0,0,0
1755,3783,access_vlan:SW1:eth1:20+access_vlan:SW1:eth2:10+access_vlan:SW2:eth1:20+access_vlan:SW2:eth2:10+trunk_remove:SW1:eth3:10+trunk_remove:SW2:eth3:10+trunk_remove:SW2:eth3:20,20668,20673,0.05,8.899999999999999,5,True,False,True,False,True,recovery_success,0.011894324235618115,5,3,1,0,0,0,0,0,0
1756,3784,access_vlan:SW1:eth1:20+access_vlan:SW2:eth1:20+trunk_remove:SW1:eth3:10+trunk_remove:SW1:eth3:20+trunk_remove:SW2:eth3:20,20673,20681,0.05,7.85,8,True,False,True,False,True,recovery_success,0.01643209531903267,8,7,0,0,0,0,0,0,0
1757,3785,access_vlan:SW1:eth1:20+trunk_remove:SW2:eth3:10+trunk_remove:SW2:eth3:20,20681,20687,0.05,8.75,6,True,False,True,False,True,recovery_success,0.01677467526557545,6,3,2,0,0,0,0,0,0
1758,3786,access_vlan:SW1:eth1:20+trunk_remove:SW1:eth3:10+trunk_remove:SW2:eth3:20,20687,20691,0.05,9.049999999999999,4,True,False,True,False,True,recovery_success,0.01954890275374055,4,3,0,0,0,0,0,0,0
1759,3787,access_vlan:SW1:eth1:20+access_vlan:SW2:eth2:10+trunk_remove:SW1:eth3:20+trunk_remove:SW2:eth3:10+trunk_remove:SW2:eth3:20,20691,20704,0.05,4.8,13,True,False,True,False,True,recovery_success,0.009387612629395265,13,9,3,0,4,4,2,1,0
1760,3788,access_vlan:SW1:eth2:10+trunk_remove:SW2:eth3:10,20704,20707,0.05,9.35,3,True,False,True,False,True,recovery_success,0.009440152905881405,3,2,0,0,0,0,0,0,0
1761,3789,access_vlan:SW1:eth2:10+trunk_remove:SW1:eth3:10+trunk_remove:SW2:eth3:10,20707,20711,0.05,9.049999999999999,4,True,False,True,False,True,recovery_success,0.006317066610790789,4,3,0,0,0,0,0,0,0
1762,3790,access_vlan:SW2:eth2:10+trunk_remove:SW1:eth3:10+trunk_remove:SW1:eth3:20,20711,20715,0.05,9.049999999999999,4,True,False,True,False,True,recovery_success,0.008136038959491998,4,3,0,0,0,0,0,0,0
1763,3791,access_vlan:SW1:eth1:20+access_vlan:SW1:eth2:10+trunk_remove:SW1:eth3:10+trunk_remove:SW2:eth3:10+trunk_remove:SW2:eth3:20,20715,20723,0.05,6.85,8,True,False,True,False,True,recovery_success,0.007059930416289717,8,6,0,0,2,2,2,0,0
1764,3792,access_vlan:SW1:eth1:20+access_vlan:SW1:eth2:10+access_vlan:SW2:eth2:10+trunk_remove:SW1:eth3:10+trunk_remove:SW1:eth3:20+trunk_remove:SW2:eth3:20,20723,20732,0.05,7.35,9,True,False,True,False,True,recovery_success,0.006833115230417914,9,6,2,0,1,1,1,0,0
1765,3793,access_vlan:SW1:eth1:20+access_vlan:SW1:eth2:10+access_vlan:SW2:eth2:10+trunk_remove:SW1:eth3:20+trunk_remove:SW2:eth3:10,20732,20738,0.05,7.949999999999999,6,True,False,True,False,True,recovery_success,0.006162565977623065,6,5,0,0,1,1,1,0,0
1766,3794,access_vlan:SW1:eth1:20+access_vlan:SW1:eth2:10+trunk_remove:SW1:eth3:10+trunk_remove:SW1:eth3:20+trunk_remove:SW2:eth3:20,20738,20744,0.05,7.949999999999999,6,True,False,True,False,True,recovery_success,0.007439154588306944,6,5,0,0,1,1,1,0,0
1767,3795,access_vlan:SW1:eth1:20+access_vlan:SW1:eth2:10+access_vlan:SW2:eth1:20+access_vlan:SW2:eth2:10+trunk_remove:SW1:eth3:20+trunk_remove:SW2:eth3:10,20744,20748,0.05,9.2,4,True,False,True,False,True,recovery_success,0.007443701149895787,4,2,1,0,0,0,0,0,0
1768,3796,access_vlan:SW1:eth1:20+access_vlan:SW2:eth1:20+access_vlan:SW2:eth2:10+trunk_remove:SW1:eth3:10+trunk_remove:SW2:eth3:10+trunk_remove:SW2:eth3:20,20748,20755,0.05,7.6499999999999995,7,True,False,True,False,True,recovery_success,0.005730452082519021,7,6,0,0,1,1,1,0,0
1769,3797,access_vlan:SW1:eth2:10+access_vlan:SW2:eth1:20+trunk_remove:SW1:eth3:10,20755,20759,0.05,9.049999999999999,4,True,False,True,False,True,recovery_success,0.006267791497521102,4,3,0,0,0,0,0,0,0
1770,3798,access_vlan:SW1:eth2:10+access_vlan:SW2:eth2:10+trunk_remove:SW2:eth3:10,20759,20765,0.05,7.449999999999999,6,True,False,True,False,True,recovery_success,0.006799083823959033,6,5,0,0,2,2,1,0,0
1771,3799,access_vlan:SW1:eth1:20+access_vlan:SW2:eth1:20+trunk_remove:SW2:eth3:10+trunk_remove:SW2:eth3:20,20765,20770,0.05,8.75,5,True,False,True,False,True,recovery_success,0.005276025598868727,5,4,0,0,0,0,0,0,0
1772,3800,access_vlan:SW2:eth1:20+access_vlan:SW2:eth2:10+trunk_remove:SW1:eth3:10+trunk_remove:SW2:eth3:10,20770,20775,0.05,8.25,5,True,False,True,False,True,recovery_success,0.0051606642082333565,5,4,0,0,1,1,1,0,0
1773,3801,access_vlan:SW2:eth1:20+access_vlan:SW2:eth2:10,20775,20778,0.05,8.85,3,True,False,True,False,True,recovery_success,0.006120506053169568,3,2,0,0,1,1,1,0,0
1774,3802,access_vlan:SW1:eth1:20+access_vlan:SW2:eth2:10+trunk_remove:SW1:eth3:10,20778,20784,0.05,7.949999999999999,6,True,False,True,False,True,recovery_success,0.0057194776988277836,6,5,0,0,1,1,1,1,0
1775,3803,access_vlan:SW1:eth2:10+access_vlan:SW2:eth1:20+trunk_remove:SW1:eth3:10+trunk_remove:SW1:eth3:20,20784,20789,0.05,8.75,5,True,False,True,False,True,recovery_success,0.005031968280673027,5,4,0,0,0,0,0,0,0
1776,3804,access_vlan:SW1:eth1:20+trunk_remove:SW1:eth3:20+trunk_remove:SW2:eth3:10+trunk_remove:SW2:eth3:20,20789,20794,0.05,8.75,5,True,False,True,False,True,recovery_success,0.01095131360925734,5,4,0,0,0,0,0,0,0
1777,3805,access_vlan:SW1:eth2:10+trunk_remove:SW2:eth3:20,20794,20797,0.05,9.35,3,True,False,True,False,True,recovery_success,0.008321861426035563,3,2,0,0,0,0,0,0,0
1778,3806,access_vlan:SW1:eth2:10+access_vlan:SW2:eth1:20+trunk_remove:SW1:eth3:10+trunk_remove:SW1:eth3:20+trunk_remove:SW2:eth3:10,20797,20803,0.05,8.45,6,True,False,True,False,True,recovery_success,0.0047294625934834284,6,5,0,0,0,0,0,0,0
1779,3807,access_vlan:SW1:eth1:20+access_vlan:SW1:eth2:10+access_vlan:SW2:eth1:20+trunk_remove:SW1:eth3:10+trunk_remove:SW1:eth3:20,20803,20809,0.05,7.949999999999999,6,True,False,True,False,True,recovery_success,0.006011766303951542,6,5,0,0,1,1,1,0,0
1780,3808,access_vlan:SW1:eth1:20+access_vlan:SW2:eth1:20+access_vlan:SW2:eth2:10+trunk_remove:SW2:eth3:20,20809,20814,0.05,8.25,5,True,False,True,False,True,recovery_success,0.004168345360085368,5,4,0,0,1,1,1,0,0
1781,3809,access_vlan:SW1:eth1:20+access_vlan:SW2:eth1:20+access_vlan:SW2:eth2:10+trunk_remove:SW2:eth3:10+trunk_remove:SW2:eth3:20,20814,20820,0.05,7.949999999999999,6,True,False,True,False,True,recovery_success,0.005087951780296862,6,5,0,0,1,1,1,0,0
1782,3810,access_vlan:SW1:eth2:10+access_vlan:SW2:eth2:10+trunk_remove:SW1:eth3:20+trunk_remove:SW2:eth3:10,20820,20825,0.05,7.25,5,True,False,True,False,True,recovery_success,0.004066253919154406,5,4,0,0,3,3,2,0,0
1783,3811,access_vlan:SW1:eth1:20+access_vlan:SW1:eth2:10+access_vlan:SW2:eth1:20+access_vlan:SW2:eth2:10+trunk_remove:SW1:eth3:20+trunk_remove:SW2:eth3:20,20825,20829,0.05,9.2,4,True,False,True,False,True,recovery_success,0.00601139961509034,4,2,1,0,0,0,0,0,0
1784,3812,access_vlan:SW1:eth1:20+access_vlan:SW1:eth2:10+access_vlan:SW2:eth1:20+trunk_remove:SW1:eth3:10+trunk_remove:SW1:eth3:20,20829,20835,0.05,7.949999999999999,6,True,False,True,False,True,recovery_success,0.004412026610225439,6,5,0,0,1,1,1,0,0
1785,3813,access_vlan:SW1:eth1:20+access_vlan:SW2:eth1:20+trunk_remove:SW1:eth3:10,20835,20839,0.05,8.549999999999999,4,True,False,True,False,True,recovery_success,0.004729496140498668,4,3,0,0,1,1,1,0,0
1786,3814,trunk_remove:SW1:eth3:10+trunk_remove:SW2:eth3:20,20839,20846,0.05,7.949999999999999,7,True,False,True,False,True,recovery_success,0.005767970545483487,7,4,2,0,1,1,1,0,0
1787,3815,access_vlan:SW1:eth1:20+access_vlan:SW1:eth2:10+access_vlan:SW2:eth1:20+access_vlan:SW2:eth2:10+trunk_remove:SW1:eth3:10,20846,20849,0.05,9.5,3,True,False,True,False,True,recovery_success,0.006397892565776904,3,1,1,0,0,0,0,0,0
1788,3816,access_vlan:SW1:eth1:20+access_vlan:SW2:eth1:20+access_vlan:SW2:eth2:10+trunk_remove:SW1:eth3:10+trunk_remove:SW1:eth3:20+trunk_remove:SW2:eth3:10+trunk_remove:SW2:eth3:20,20849,20859,0.05,5.75,10,True,False,True,False,True,recovery_success,0.010512153408490122,10,8,0,0,3,2,2,0,0
1789,3817,access_vlan:SW1:eth2:10+access_vlan:SW2:eth1:20+access_vlan:SW2:eth2:10+trunk_remove:SW1:eth3:10+trunk_remove:SW1:eth3:20+trunk_remove:SW2:eth3:20,20859,20868,0.05,6.55,9,True,False,True,False,True,recovery_success,0.006388180759838886,9,8,0,0,2,2,2,0,0
1790,3818,access_vlan:SW1:eth1:20+access_vlan:SW1:eth2:10+access_vlan:SW2:eth1:20+trunk_remove:SW1:eth3:20+trunk_remove:SW2:eth3:20,20868,20874,0.05,7.949999999999999,6,True,False,True,False,True,recovery_success,0.012419513581941525,6,5,0,0,1,1,1,0,0
1791,3819,trunk_remove:SW1:eth3:20+trunk_remove:SW2:eth3:10,20874,20879,0.05,9.049999999999999,5,True,False,True,False,True,recovery_success,0.010545385349541903,5,2,2,0,0,0,0,0,0
1792,3820,access_vlan:SW1:eth2:10+trunk_remove:SW1:eth3:20+trunk_remove:SW2:eth3:10,20879,20883,0.05,9.049999999999999,4,True,False,True,False,True,recovery_success,0.008496717899106443,4,3,0,0,0,0,0,0,0
1793,3821,access_vlan:SW1:eth2:10+access_vlan:SW2:eth2:10+trunk_remove:SW1:eth3:20+trunk_remove:SW2:eth3:20,20883,20891,0.05,7.799999999999999,8,True,False,True,False,True,recovery_success,0.006826769793406129,8,4,3,0,1,1,1,0,0
1794,3822,access_vlan:SW1:eth1:20+trunk_remove:SW2:eth3:20,20891,20894,0.05,9.35,3,True,False,True,False,True,recovery_success,0.007227657828480005,3,2,0,0,0,0,0,0,0
1795,3823,access_vlan:SW1:eth2:10+access_vlan:SW2:eth1:20+trunk_remove:SW1:eth3:10+trunk_remove:SW1:eth3:20,20894,20899,0.05,8.75,5,True,False,True,False,True,recovery_success,0.007272550649940967,5,4,0,0,0,0,0,0,0
1796,3824,access_vlan:SW2:eth2:10+trunk_remove:SW1:eth3:10+trunk_remove:SW1:eth3:20+trunk_remove:SW2:eth3:10+trunk_remove:SW2:eth3:20,20899,20906,0.05,8.299999999999999,7,True,False,True,False,True,recovery_success,0.009156434763489025,7,5,1,0,0,0,0,0,0
1797,3825,access_vlan:SW1:eth1:20+access_vlan:SW1:eth2:10+access_vlan:SW2:eth1:20+access_vlan:SW2:eth2:10+trunk_remove:SW1:eth3:20+trunk_remove:SW2:eth3:20,20906,20913,0.05,7.949999999999999,7,True,False,True,False,True,recovery_success,0.009388902490692479,7,4,2,0,1,1,1,1,0
1798,3826,access_vlan:SW1:eth1:20+access_vlan:SW1:eth2:10+access_vlan:SW2:eth1:20+trunk_remove:SW1:eth3:10,20913,20920,0.05,7.949999999999999,7,True,False,True,False,True,recovery_success,0.008100703159081084,7,4,2,0,1,1,1,1,0
1799,3827,access_vlan:SW1:eth2:10+access_vlan:SW2:eth1:20+access_vlan:SW2:eth2:10+trunk_remove:SW1:eth3:10,20920,20924,0.05,9.2,4,True,False,True,False,True,recovery_success,0.010346419760026038,4,2,1,0,0,0,0,0,0
1800,3828,access_vlan:SW1:eth1:20+access_vlan:SW1:eth2:10+access_vlan:SW2:eth2:10+trunk_remove:SW1:eth3:20,20924,20928,0.05,9.2,4,True,False,True,False,True,recovery_success,0.011893839400727302,4,2,1,0,0,0,0,0,0
1801,3829,access_vlan:SW1:eth1:20+trunk_remove:SW1:eth3:20,20928,20931,0.05,9.35,3,True,False,True,False,True,recovery_success,0.008188696267704168,3,2,0,0,0,0,0,0,0
1802,3830,access_vlan:SW1:eth1:20+access_vlan:SW1:eth2:10+access_vlan:SW2:eth2:10+trunk_remove:SW1:eth3:10+trunk_remove:SW1:eth3:20+trunk_remove:SW2:eth3:10+trunk_remove:SW2:eth3:20,20931,20939,0.05,7.35,8,True,False,True,False,True,recovery_success,0.011180355999385938,8,7,0,0,1,1,1,0,0
1803,3831,access_vlan:SW1:eth1:20+access_vlan:SW1:eth2:10+access_vlan:SW2:eth1:20+trunk_remove:SW1:eth3:20,20939,20944,0.05,8.25,5,True,False,True,False,True,recovery_success,0.005030920868739486,5,4,0,0,1,1,1,0,0
1804,3832,access_vlan:SW1:eth2:10+access_vlan:SW2:eth2:10+trunk_remove:SW1:eth3:20+trunk_remove:SW2:eth3:20,20944,20953,0.05,7.35,9,True,False,True,False,True,recovery_success,0.0075900110726555186,9,6,2,0,1,1,1,0,0
1805,3833,access_vlan:SW2:eth2:10+trunk_remove:SW2:eth3:10+trunk_remove:SW2:eth3:20,20953,20960,0.05,7.799999999999999,7,True,False,True,False,True,recovery_success,0.008309294070516313,7,5,1,0,1,1,1,1,0
1806,3834,access_vlan:SW1:eth2:10+trunk_remove:SW2:eth3:20,20960,20963,0.05,9.35,3,True,False,True,False,True,recovery_success,0.005624626607944568,3,2,0,0,0,0,0,0,0
1807,3835,access_vlan:SW1:eth1:20+access_vlan:SW1:eth2:10+access_vlan:SW2:eth2:10+trunk_remove:SW1:eth3:10+trunk_remove:SW1:eth3:20+trunk_remove:SW2:eth3:10+trunk_remove:SW2:eth3:20,20963,20971,0.05,7.35,8,True,False,True,False,True,recovery_success,0.005537113291211426,8,7,0,0,1,1,1,0,0
1808,3836,access_vlan:SW2:eth1:20+access_vlan:SW2:eth2:10+trunk_remove:SW2:eth3:10+trunk_remove:SW2:eth3:20,20971,20976,0.05,8.25,5,True,False,True,False,True,recovery_success,0.005262765102088451,5,4,0,0,1,1,1,0,0
1809,3837,access_vlan:SW1:eth1:20+access_vlan:SW1:eth2:10+access_vlan:SW2:eth1:20+access_vlan:SW2:eth2:10,20976,20982,0.05,7.3999999999999995,6,True,False,True,False,True,recovery_success,0.0063330681684116525,6,2,3,0,3,3,1,1,0
1810,3838,access_vlan:SW1:eth2:10+access_vlan:SW2:eth1:20+access_vlan:SW2:eth2:10+trunk_remove:SW1:eth3:20+trunk_remove:SW2:eth3:20,20982,20987,0.05,8.899999999999999,5,True,False,True,False,True,recovery_success,0.011376048251986504,5,3,1,0,0,0,0,0,0
1811,3839,access_vlan:SW1:eth1:20+access_vlan:SW1:eth2:10+access_vlan:SW2:eth2:10+trunk_remove:SW2:eth3:20,20987,20991,0.05,9.2,4,True,False,True,False,True,recovery_success,0.005652607651427388,4,2,1,0,0,0,0,0,0
1812,3840,access_vlan:SW1:eth1:20+trunk_remove:SW2:eth3:10,20991,20994,0.05,9.35,3,True,False,True,False,True,recovery_success,0.009952280670404434,3,2,0,0,0,0,0,0,0
1813,3841,access_vlan:SW2:eth2:10+trunk_remove:SW1:eth3:10+trunk_remove:SW2:eth3:10,20994,20998,0.05,9.049999999999999,4,True,False,True,False,True,recovery_success,0.008541530813090503,4,3,0,0,0,0,0,0,0
1814,3842,access_vlan:SW1:eth1:20+access_vlan:SW1:eth2:10+access_vlan:SW2:eth1:20+access_vlan:SW2:eth2:10+trunk_remove:SW1:eth3:10+trunk_remove:SW2:eth3:10+trunk_remove:SW2:eth3:20,20998,21003,0.05,8.899999999999999,5,True,False,True,False,True,recovery_success,0.012652190402150154,5,3,1,0,0,0,0,0,0
1815,3843,trunk_remove:SW2:eth3:10,21003,21005,0.05,9.649999999999999,2,True,False,True,False,True,recovery_success,0.019067531917244196,2,1,0,0,0,0,0,0,0
1816,3844,access_vlan:SW1:eth1:20+trunk_remove:SW1:eth3:10+trunk_remove:SW2:eth3:10,21005,21009,0.05,9.049999999999999,4,True,False,True,False,True,recovery_success,0.015351963927969337,4,3,0,0,0,0,0,0,0
1817,3845,access_vlan:SW2:eth2:10+trunk_remove:SW1:eth3:20,21009,21012,0.05,9.35,3,True,False,True,False,True,recovery_success,0.015464906270305315,3,2,0,0,0,0,0,0,0
1818,3846,access_vlan:SW2:eth1:20+trunk_remove:SW1:eth3:10+trunk_remove:SW2:eth3:10+trunk_remove:SW2:eth3:20,21012,21018,0.05,8.6,6,True,False,True,False,True,recovery_success,0.020687722600996494,6,4,1,0,0,0,0,0,0
1819,3847,access_vlan:SW1:eth1:20+access_vlan:SW2:eth2:10+trunk_remove:SW1:eth3:10+trunk_remove:SW2:eth3:20,21018,21026,0.05,7.5,8,True,False,True,False,True,recovery_success,0.014373628539033234,8,6,1,0,1,1,1,1,0
1820,3848,access_vlan:SW1:eth1:20+access_vlan:SW2:eth1:20,21026,21029,0.05,8.85,3,True,False,True,False,True,recovery_success,0.01745438699920972,3,2,0,0,1,1,1,0,0
1821,3849,access_vlan:SW1:eth1:20+access_vlan:SW1:eth2:10+trunk_remove:SW2:eth3:20,21029,21033,0.05,8.549999999999999,4,True,False,True,False,True,recovery_success,0.015408703358843923,4,3,0,0,1,1,1,0,0
1822,3850,access_vlan:SW1:eth1:20+access_vlan:SW1:eth2:10+access_vlan:SW2:eth1:20+access_vlan:SW2:eth2:10+trunk_remove:SW1:eth3:20+trunk_remove:SW2:eth3:20,21033,21037,0.05,9.2,4,True,False,True,False,True,recovery_success,0.012898499378934503,4,2,1,0,0,0,0,0,0
1823,3851,access_vlan:SW2:eth1:20+trunk_remove:SW2:eth3:20,21037,21040,0.05,9.35,3,True,False,True,False,True,recovery_success,0.014721484544376532,3,2,0,0,0,0,0,0,0
1824,3852,access_vlan:SW1:eth2:10+access_vlan:SW2:eth1:20+trunk_remove:SW1:eth3:10+trunk_remove:SW2:eth3:10+trunk_remove:SW2:eth3:20,21040,21047,0.05,8.299999999999999,7,True,False,True,False,True,recovery_success,0.012301006487437658,7,5,1,0,0,0,0,0,0
1825,3853,access_vlan:SW1:eth1:20+access_vlan:SW1:eth2:10+trunk_remove:SW1:eth3:20,21047,21053,0.05,7.949999999999999,6,True,False,True,False,True,recovery_success,0.012422587256878614,6,5,0,0,1,1,1,0,0
1826,3854,access_vlan:SW1:eth1:20+access_vlan:SW2:eth2:10+trunk_remove:SW1:eth3:10+trunk_remove:SW2:eth3:10+trunk_remove:SW2:eth3:20,21053,21059,0.05,8.45,6,True,False,True,False,True,recovery_success,0.009433570628364881,6,5,0,0,0,0,0,0,0
1827,3855,access_vlan:SW1:eth2:10+trunk_remove:SW1:eth3:10+trunk_remove:SW2:eth3:10,21059,21063,0.05,9.049999999999999,4,True,False,True,False,True,recovery_success,0.008736852323636413,4,3,0,0,0,0,0,0,0
1828,3856,access_vlan:SW1:eth2:10+trunk_remove:SW1:eth3:10,21063,21066,0.05,9.35,3,True,False,True,False,True,recovery_success,0.011891083170970282,3,2,0,0,0,0,0,0,0
1829,3857,access_vlan:SW1:eth1:20+access_vlan:SW1:eth2:10+access_vlan:SW2:eth2:10+trunk_remove:SW2:eth3:20,21066,21070,0.05,9.2,4,True,False,True,False,True,recovery_success,0.01216264721006155,4,2,1,0,0,0,0,0,0
1830,3858,access_vlan:SW1:eth2:10+access_vlan:SW2:eth1:20,21070,21074,0.05,8.7,4,True,False,True,False,True,recovery_success,0.013461995404213667,4,2,1,0,1,1,1,0,0
1831,3859,access_vlan:SW1:eth1:20+access_vlan:SW1:eth2:10+access_vlan:SW2:eth2:10+trunk_remove:SW1:eth3:10,21074,21084,0.05,7.5,10,True,False,True,False,True,recovery_success,0.012133513670414686,10,4,5,0,1,1,1,0,0
1832,3860,access_vlan:SW1:eth1:20+access_vlan:SW1:eth2:10+access_vlan:SW2:eth2:10+trunk_remove:SW1:eth3:10+trunk_remove:SW1:eth3:20+trunk_remove:SW2:eth3:10,21084,21094,0.05,5.8999999999999995,10,True,False,True,False,True,recovery_success,0.00996758476831019,10,8,1,0,3,3,2,0,0
1833,3861,access_vlan:SW1:eth1:20+access_vlan:SW2:eth1:20+trunk_remove:SW2:eth3:10,21094,21098,0.05,8.549999999999999,4,True,False,True,False,True,recovery_success,0.014316058484837413,4,3,0,0,1,1,1,0,0
1834,3862,access_vlan:SW2:eth1:20+access_vlan:SW2:eth2:10+trunk_remove:SW1:eth3:20+trunk_remove:SW2:eth3:20,21098,21104,0.05,8.1,6,True,False,True,False,True,recovery_success,0.010952820380528768,6,4,1,0,1,1,1,0,0
1835,3863,access_vlan:SW1:eth2:10+access_vlan:SW2:eth2:10+trunk_remove:SW1:eth3:20+trunk_remove:SW2:eth3:20,21104,21134,0.05,-5.950000000000004,30,True,False,False,True,False,step_limit,0.0176786703368028,30,3,27,0,2,2,1,0,4
1836,3864,access_vlan:SW1:eth1:20+access_vlan:SW1:eth2:10+access_vlan:SW2:eth1:20+trunk_remove:SW1:eth3:10+trunk_remove:SW1:eth3:20+trunk_remove:SW2:eth3:10+trunk_remove:SW2:eth3:20,21134,21143,0.05,7.199999999999999,9,True,False,True,False,True,recovery_success,0.007491265216635333,9,7,1,0,1,1,1,0,0
1837,3865,access_vlan:SW1:eth2:10+access_vlan:SW2:eth2:10+trunk_remove:SW2:eth3:10+trunk_remove:SW2:eth3:20,21143,21148,0.05,8.75,5,True,False,True,False,True,recovery_success,0.01211331132799387,5,4,0,0,0,0,0,0,0
1838,3866,access_vlan:SW1:eth1:20+access_vlan:SW1:eth2:10+access_vlan:SW2:eth1:20+trunk_remove:SW1:eth3:10+trunk_remove:SW1:eth3:20+trunk_remove:SW2:eth3:10+trunk_remove:SW2:eth3:20,21148,21156,0.05,7.35,8,True,False,True,False,True,recovery_success,0.008817514521069825,8,7,0,0,1,1,1,0,0
1839,3867,access_vlan:SW2:eth1:20+access_vlan:SW2:eth2:10+trunk_remove:SW1:eth3:10+trunk_remove:SW2:eth3:10+trunk_remove:SW2:eth3:20,21156,21163,0.05,7.799999999999999,7,True,False,True,False,True,recovery_success,0.00966046517714858,7,5,1,0,1,1,1,0,0
1840,3868,access_vlan:SW1:eth1:20+access_vlan:SW2:eth1:20+trunk_remove:SW2:eth3:10+trunk_remove:SW2:eth3:20,21163,21171,0.05,6.5,8,True,False,True,False,True,recovery_success,0.011467653035651892,8,6,1,0,3,3,1,1,0
1841,3869,access_vlan:SW1:eth2:10+access_vlan:SW2:eth1:20+access_vlan:SW2:eth2:10+trunk_remove:SW1:eth3:20+trunk_remove:SW2:eth3:10,21171,21176,0.05,8.899999999999999,5,True,False,True,False,True,recovery_success,0.013354906812310219,5,3,1,0,0,0,0,0,0
1842,3870,access_vlan:SW1:eth1:20+access_vlan:SW1:eth2:10+trunk_remove:SW2:eth3:10+trunk_remove:SW2:eth3:20,21176,21181,0.05,8.25,5,True,False,True,False,True,recovery_success,0.013349754642695189,5,4,0,0,1,1,1,0,0
1843,3871,access_vlan:SW1:eth1:20+access_vlan:SW2:eth1:20+access_vlan:SW2:eth2:10+trunk_remove:SW2:eth3:20,21181,21189,0.05,7.5,8,True,False,True,False,True,recovery_success,0.009577795746736228,8,6,1,0,1,1,1,0,0
1844,3872,access_vlan:SW1:eth1:20+access_vlan:SW1:eth2:10+trunk_remove:SW1:eth3:20,21189,21193,0.05,8.549999999999999,4,True,False,True,False,True,recovery_success,0.012066369759850204,4,3,0,0,1,1,1,0,0
1845,3873,access_vlan:SW1:eth2:10+access_vlan:SW2:eth2:10+trunk_remove:SW1:eth3:10+trunk_remove:SW1:eth3:20+trunk_remove:SW2:eth3:20,21193,21199,0.05,8.45,6,True,False,True,False,True,recovery_success,0.019123006767282884,6,5,0,0,0,0,0,0,0
1846,3874,access_vlan:SW1:eth2:10+access_vlan:SW2:eth1:20+access_vlan:SW2:eth2:10,21199,21202,0.05,9.5,3,True,False,True,False,True,recovery_success,0.02204073251535495,3,1,1,0,0,0,0,0,0
1847,3875,access_vlan:SW2:eth1:20+access_vlan:SW2:eth2:10+trunk_remove:SW2:eth3:10+trunk_remove:SW2:eth3:20,21202,21207,0.05,8.25,5,True,False,True,False,True,recovery_success,0.010327191650867462,5,4,0,0,1,1,1,0,0
1848,3876,access_vlan:SW1:eth1:20+access_vlan:SW1:eth2:10+trunk_remove:SW1:eth3:20,21207,21211,0.05,8.549999999999999,4,True,False,True,False,True,recovery_success,0.01296798512339592,4,3,0,0,1,1,1,0,0
1849,3877,access_vlan:SW1:eth1:20+access_vlan:SW1:eth2:10+trunk_remove:SW1:eth3:10+trunk_remove:SW2:eth3:20,21211,21216,0.05,8.25,5,True,False,True,False,True,recovery_success,0.010618317313492298,5,4,0,0,1,1,1,0,0
1850,3878,access_vlan:SW1:eth1:20+access_vlan:SW1:eth2:10+trunk_remove:SW1:eth3:20,21216,21220,0.05,8.549999999999999,4,True,False,True,False,True,recovery_success,0.007515343371778727,4,3,0,0,1,1,1,0,0
1851,3879,access_vlan:SW1:eth1:20+access_vlan:SW1:eth2:10+access_vlan:SW2:eth1:20+access_vlan:SW2:eth2:10+trunk_remove:SW1:eth3:10+trunk_remove:SW1:eth3:20+trunk_remove:SW2:eth3:10,21220,21225,0.05,8.899999999999999,5,True,False,True,False,True,recovery_success,0.013465004321187735,5,3,1,0,0,0,0,0,0
1852,3880,access_vlan:SW1:eth1:20+access_vlan:SW2:eth2:10+trunk_remove:SW1:eth3:10+trunk_remove:SW1:eth3:20,21225,21232,0.05,7.1499999999999995,7,True,False,True,False,True,recovery_success,0.009181958689753498,7,6,0,0,2,2,1,0,0
1853,3881,trunk_remove:SW1:eth3:20+trunk_remove:SW2:eth3:10+trunk_remove:SW2:eth3:20,21232,21237,0.05,8.899999999999999,5,True,False,True,False,True,recovery_success,0.00692150816321373,5,3,1,0,0,0,0,0,0
1854,3882,access_vlan:SW1:eth1:20+trunk_remove:SW2:eth3:10,21237,21240,0.05,9.35,3,True,False,True,False,True,recovery_success,0.01081414179255565,3,2,0,0,0,0,0,0,0
1855,3883,access_vlan:SW1:eth1:20+access_vlan:SW2:eth1:20+access_vlan:SW2:eth2:10+trunk_remove:SW1:eth3:10+trunk_remove:SW2:eth3:10+trunk_remove:SW2:eth3:20,21240,21250,0.05,6.4,10,True,False,True,False,True,recovery_success,0.010194138810038566,10,8,1,0,2,2,2,0,0
1856,3884,access_vlan:SW1:eth1:20+access_vlan:SW1:eth2:10+access_vlan:SW2:eth2:10+trunk_remove:SW1:eth3:10+trunk_remove:SW1:eth3:20+trunk_remove:SW2:eth3:10,21250,21256,0.05,8.6,6,True,False,True,False,True,recovery_success,0.009638127832052609,6,4,1,0,0,0,0,0,0
1857,3885,access_vlan:SW2:eth2:10+trunk_remove:SW1:eth3:20+trunk_remove:SW2:eth3:20,21256,21260,0.05,9.049999999999999,4,True,False,True,False,True,recovery_success,0.009120064321905375,4,3,0,0,0,0,0,0,0
1858,3886,access_vlan:SW2:eth1:20+trunk_remove:SW1:eth3:10+trunk_remove:SW1:eth3:20+trunk_remove:SW2:eth3:10,21260,21267,0.05,8.45,7,True,False,True,False,True,recovery_success,0.009840886840330703,7,4,2,0,0,0,0,0,0
1859,3887,access_vlan:SW1:eth1:20+access_vlan:SW2:eth2:10+trunk_remove:SW1:eth3:10+trunk_remove:SW1:eth3:20+trunk_remove:SW2:eth3:10,21267,21275,0.05,6.85,8,True,False,True,False,True,recovery_success,0.01562924194149673,8,7,0,0,2,2,1,0,0
1860,3888,access_vlan:SW1:eth1:20+access_vlan:SW1:eth2:10+access_vlan:SW2:eth2:10+trunk_remove:SW1:eth3:10+trunk_remove:SW1:eth3:20,21275,21281,0.05,7.949999999999999,6,True,False,True,False,True,recovery_success,0.01908421974318723,6,5,0,0,1,1,1,0,0
1861,3889,access_vlan:SW1:eth2:10+access_vlan:SW2:eth1:20+trunk_remove:SW1:eth3:10+trunk_remove:SW1:eth3:20+trunk_remove:SW2:eth3:10+trunk_remove:SW2:eth3:20,21281,21291,0.05,6.4,10,True,False,True,False,True,recovery_success,0.01706033614464104,10,8,1,0,2,2,1,0,0
1862,3890,access_vlan:SW1:eth2:10+access_vlan:SW2:eth1:20+access_vlan:SW2:eth2:10+trunk_remove:SW1:eth3:20+trunk_remove:SW2:eth3:10+trunk_remove:SW2:eth3:20,21291,21297,0.05,8.6,6,True,False,True,False,True,recovery_success,0.019690596032887697,6,4,1,0,0,0,0,0,0
1863,3891,access_vlan:SW2:eth1:20+access_vlan:SW2:eth2:10+trunk_remove:SW1:eth3:10+trunk_remove:SW2:eth3:10+trunk_remove:SW2:eth3:20,21297,21303,0.05,7.949999999999999,6,True,False,True,False,True,recovery_success,0.009974516617755095,6,5,0,0,1,1,1,0,0
1864,3892,access_vlan:SW2:eth2:10+trunk_remove:SW1:eth3:10+trunk_remove:SW2:eth3:20,21303,21307,0.05,9.049999999999999,4,True,False,True,False,True,recovery_success,0.010804590885527432,4,3,0,0,0,0,0,0,0
1865,3893,access_vlan:SW1:eth2:10+access_vlan:SW2:eth2:10+trunk_remove:SW1:eth3:20+trunk_remove:SW2:eth3:20,21307,21337,0.05,-5.6,30,True,False,False,True,False,step_limit,0.009194592231263716,30,4,26,0,1,1,1,0,0
1866,3894,access_vlan:SW1:eth1:20+access_vlan:SW2:eth1:20+trunk_remove:SW2:eth3:10,21337,21341,0.05,8.549999999999999,4,True,False,True,False,True,recovery_success,0.005947404890321195,4,3,0,0,1,1,1,0,0
1867,3895,access_vlan:SW1:eth1:20+access_vlan:SW2:eth1:20+trunk_remove:SW1:eth3:10+trunk_remove:SW1:eth3:20,21341,21349,0.05,7.499999999999999,8,True,False,True,False,True,recovery_success,0.00641174303018488,8,6,1,0,1,1,1,1,0
1868,3896,access_vlan:SW1:eth1:20+access_vlan:SW1:eth2:10+access_vlan:SW2:eth1:20+trunk_remove:SW1:eth3:10+trunk_remove:SW2:eth3:20,21349,21356,0.05,7.799999999999999,7,True,False,True,False,True,recovery_success,0.005469116249254772,7,5,1,0,1,1,1,0,0
1869,3897,access_vlan:SW1:eth1:20+access_vlan:SW1:eth2:10+access_vlan:SW2:eth1:20+access_vlan:SW2:eth2:10+trunk_remove:SW2:eth3:20,21356,21359,0.05,9.5,3,True,False,True,False,True,recovery_success,0.005438027360166113,3,1,1,0,0,0,0,0,0
1870,3898,access_vlan:SW1:eth2:10+trunk_remove:SW1:eth3:10+trunk_remove:SW1:eth3:20+trunk_remove:SW2:eth3:20,21359,21364,0.05,8.75,5,True,False,True,False,True,recovery_success,0.009673316776752473,5,4,0,0,0,0,0,0,0
1871,3899,access_vlan:SW1:eth1:20+trunk_remove:SW1:eth3:20,21364,21367,0.05,9.35,3,True,False,True,False,True,recovery_success,0.007431388677408298,3,2,0,0,0,0,0,0,0
1872,3900,access_vlan:SW1:eth2:10+trunk_remove:SW1:eth3:10+trunk_remove:SW1:eth3:20,21367,21371,0.05,9.049999999999999,4,True,False,True,False,True,recovery_success,0.008483785786665976,4,3,0,0,0,0,0,0,0
1873,3901,access_vlan:SW1:eth1:20+trunk_remove:SW1:eth3:10+trunk_remove:SW1:eth3:20+trunk_remove:SW2:eth3:20,21371,21376,0.05,8.75,5,True,False,True,False,True,recovery_success,0.00672109192237258,5,4,0,0,0,0,0,0,0
1874,3902,access_vlan:SW1:eth1:20+trunk_remove:SW1:eth3:10+trunk_remove:SW1:eth3:20+trunk_remove:SW2:eth3:10,21376,21383,0.05,7.6499999999999995,7,True,False,True,False,True,recovery_success,0.004859282901244504,7,6,0,0,1,1,1,0,0
1875,3903,access_vlan:SW1:eth2:10+access_vlan:SW2:eth1:20+trunk_remove:SW1:eth3:20+trunk_remove:SW2:eth3:10,21383,21389,0.05,8.6,6,True,False,True,False,True,recovery_success,0.006686027666243414,6,4,1,0,0,0,0,0,0
1876,3904,access_vlan:SW1:eth2:10+access_vlan:SW2:eth1:20+trunk_remove:SW1:eth3:10+trunk_remove:SW1:eth3:20,21389,21391,0.05,-10.350000000000001,2,True,False,True,False,False,incorrect_declare_done,0.007450161385349929,2,1,0,0,0,0,0,0,3
1877,3905,access_vlan:SW1:eth1:20+access_vlan:SW1:eth2:10+access_vlan:SW2:eth2:10+trunk_remove:SW1:eth3:10+trunk_remove:SW1:eth3:20,21391,21397,0.05,7.949999999999999,6,True,False,True,False,True,recovery_success,0.005190829435984294,6,5,0,0,1,1,1,0,0
1878,3906,access_vlan:SW2:eth1:20+access_vlan:SW2:eth2:10+trunk_remove:SW1:eth3:20+trunk_remove:SW2:eth3:10,21397,21402,0.05,8.25,5,True,False,True,False,True,recovery_success,0.008957488043233753,5,4,0,0,1,1,1,0,0
1879,3907,trunk_remove:SW1:eth3:10,21402,21404,0.05,9.649999999999999,2,True,False,True,False,True,recovery_success,0.009230445139110088,2,1,0,0,0,0,0,0,0
1880,3908,access_vlan:SW2:eth1:20+access_vlan:SW2:eth2:10+trunk_remove:SW1:eth3:10+trunk_remove:SW1:eth3:20+trunk_remove:SW2:eth3:10+trunk_remove:SW2:eth3:20,21404,21411,0.05,7.6499999999999995,7,True,False,True,False,True,recovery_success,0.012986599401171719,7,6,0,0,1,1,1,0,0
1881,3909,access_vlan:SW1:eth2:10+trunk_remove:SW2:eth3:10,21411,21414,0.05,9.35,3,True,False,True,False,True,recovery_success,0.0059601130584875745,3,2,0,0,0,0,0,0,0
1882,3910,trunk_remove:SW2:eth3:10+trunk_remove:SW2:eth3:20,21414,21419,0.05,7.749999999999999,5,True,False,True,False,True,recovery_success,0.007998600509017706,5,4,0,0,2,2,1,0,0
1883,3911,access_vlan:SW1:eth1:20+trunk_remove:SW2:eth3:10+trunk_remove:SW2:eth3:20,21419,21423,0.05,9.049999999999999,4,True,False,True,False,True,recovery_success,0.007686648517847061,4,3,0,0,0,0,0,0,0
1884,3912,access_vlan:SW1:eth1:20+trunk_remove:SW1:eth3:10+trunk_remove:SW1:eth3:20+trunk_remove:SW2:eth3:10+trunk_remove:SW2:eth3:20,21423,21429,0.05,8.45,6,True,False,True,False,True,recovery_success,0.010667508856082955,6,5,0,0,0,0,0,0,0
1885,3913,access_vlan:SW1:eth1:20+access_vlan:SW1:eth2:10+access_vlan:SW2:eth1:20+access_vlan:SW2:eth2:10+trunk_remove:SW1:eth3:10+trunk_remove:SW1:eth3:20+trunk_remove:SW2:eth3:10+trunk_remove:SW2:eth3:20,21429,21435,0.05,8.6,6,True,False,True,False,True,recovery_success,0.006682620073358218,6,4,1,0,0,0,0,0,0
1886,3914,access_vlan:SW1:eth2:10+access_vlan:SW2:eth1:20+access_vlan:SW2:eth2:10+trunk_remove:SW2:eth3:10+trunk_remove:SW2:eth3:20,21435,21442,0.05,7.799999999999999,7,True,False,True,False,True,recovery_success,0.006149336030440671,7,5,1,0,1,1,1,0,0
1887,3915,access_vlan:SW1:eth1:20+access_vlan:SW2:eth1:20+access_vlan:SW2:eth2:10+trunk_remove:SW1:eth3:10+trunk_remove:SW1:eth3:20,21442,21449,0.05,7.799999999999999,7,True,False,True,False,True,recovery_success,0.004313991903992636,7,5,1,0,1,1,1,0,0
1888,3916,access_vlan:SW1:eth2:10+access_vlan:SW2:eth2:10+trunk_remove:SW1:eth3:10+trunk_remove:SW1:eth3:20+trunk_remove:SW2:eth3:10+trunk_remove:SW2:eth3:20,21449,21456,0.05,8.149999999999999,7,True,False,True,False,True,recovery_success,0.006705885919343148,7,6,0,0,0,0,0,0,0
1889,3917,access_vlan:SW1:eth1:20+access_vlan:SW1:eth2:10+access_vlan:SW2:eth2:10+trunk_remove:SW1:eth3:10+trunk_remove:SW1:eth3:20,21456,21467,0.05,5.6,11,True,False,True,False,True,recovery_success,0.008432191034609621,11,9,1,0,3,2,3,0,0
1890,3918,access_vlan:SW1:eth1:20+access_vlan:SW1:eth2:10+trunk_remove:SW1:eth3:10+trunk_remove:SW1:eth3:20+trunk_remove:SW2:eth3:20,21467,21475,0.05,7.6499999999999995,8,True,False,True,False,True,recovery_success,0.012493563466705382,8,5,2,0,1,1,1,0,0
1891,3919,access_vlan:SW1:eth1:20+access_vlan:SW2:eth1:20+access_vlan:SW2:eth2:10+trunk_remove:SW1:eth3:10+trunk_remove:SW2:eth3:20,21475,21480,0.05,8.899999999999999,5,True,False,True,False,True,recovery_success,0.009408110473304986,5,3,1,0,0,0,0,0,0
1892,3920,access_vlan:SW1:eth1:20+access_vlan:SW2:eth2:10+trunk_remove:SW1:eth3:20+trunk_remove:SW2:eth3:10+trunk_remove:SW2:eth3:20,21480,21487,0.05,8.299999999999999,7,True,False,True,False,True,recovery_success,0.008324598760477133,7,5,1,0,0,0,0,0,0
1893,3921,access_vlan:SW1:eth1:20+access_vlan:SW1:eth2:10+access_vlan:SW2:eth2:10+trunk_remove:SW1:eth3:10,21487,21496,0.05,6.85,9,True,False,True,False,True,recovery_success,0.00983344442728493,9,6,2,0,2,2,2,1,0
1894,3922,access_vlan:SW2:eth1:20+trunk_remove:SW2:eth3:20,21496,21500,0.05,9.2,4,True,False,True,False,True,recovery_success,0.007834257208742201,4,2,1,0,0,0,0,0,0
1895,3923,access_vlan:SW1:eth1:20+access_vlan:SW2:eth1:20+trunk_remove:SW1:eth3:10,21500,21504,0.05,8.549999999999999,4,True,False,True,False,True,recovery_success,0.0341123603284359,4,3,0,0,1,1,1,0,0
1896,3924,access_vlan:SW1:eth2:10+access_vlan:SW2:eth1:20+trunk_remove:SW2:eth3:10,21504,21508,0.05,9.049999999999999,4,True,False,True,False,True,recovery_success,0.02403664728626609,4,3,0,0,0,0,0,0,0
1897,3925,access_vlan:SW1:eth1:20+access_vlan:SW2:eth2:10+trunk_remove:SW1:eth3:10,21508,21512,0.05,9.049999999999999,4,True,False,True,False,True,recovery_success,0.023510507540777326,4,3,0,0,0,0,0,0,0
1898,3926,access_vlan:SW1:eth1:20,21512,21516,0.05,7.549999999999999,4,True,False,True,False,True,recovery_success,0.01782298879697919,4,3,0,0,3,3,1,1,0
1899,3927,access_vlan:SW1:eth2:10+trunk_remove:SW1:eth3:10+trunk_remove:SW2:eth3:10,21516,21520,0.05,9.049999999999999,4,True,False,True,False,True,recovery_success,0.018393807113170624,4,3,0,0,0,0,0,0,0
1900,3928,access_vlan:SW1:eth2:10+access_vlan:SW2:eth1:20+access_vlan:SW2:eth2:10+trunk_remove:SW1:eth3:10,21520,21524,0.05,8.7,4,True,False,True,False,True,recovery_success,0.02221241919323802,4,2,1,0,1,1,1,0,0
1901,3929,access_vlan:SW2:eth1:20+trunk_remove:SW1:eth3:10+trunk_remove:SW1:eth3:20+trunk_remove:SW2:eth3:20,21524,21531,0.05,7.6499999999999995,7,True,False,True,False,True,recovery_success,0.014535126675452505,7,6,0,0,1,1,1,1,0
1902,3930,access_vlan:SW2:eth2:10+trunk_remove:SW1:eth3:10,21531,21534,0.05,9.35,3,True,False,True,False,True,recovery_success,0.01352276528875033,3,2,0,0,0,0,0,0,0
1903,3931,access_vlan:SW1:eth1:20+access_vlan:SW1:eth2:10+access_vlan:SW2:eth1:20+trunk_remove:SW1:eth3:10+trunk_remove:SW1:eth3:20,21534,21541,0.05,7.799999999999999,7,True,False,True,False,True,recovery_success,0.014232513760881764,7,5,1,0,1,1,1,0,0
1904,3932,access_vlan:SW1:eth2:10,21541,21543,0.05,9.649999999999999,2,True,False,True,False,True,recovery_success,0.01604055892676115,2,1,0,0,0,0,0,0,0
1905,3933,access_vlan:SW1:eth1:20+access_vlan:SW2:eth1:20+access_vlan:SW2:eth2:10+trunk_remove:SW1:eth3:20+trunk_remove:SW2:eth3:10,21543,21554,0.05,7.3999999999999995,11,True,False,True,False,True,recovery_success,0.017300005790523508,11,5,3,0,0,0,0,0,0
1906,3934,access_vlan:SW1:eth1:20+access_vlan:SW2:eth1:20+trunk_remove:SW1:eth3:20+trunk_remove:SW2:eth3:20,21554,21560,0.05,8.6,6,True,False,True,False,True,recovery_success,0.021795389708131552,6,4,1,0,0,0,0,0,0
1907,3935,access_vlan:SW2:eth1:20+trunk_remove:SW1:eth3:10+trunk_remove:SW1:eth3:20+trunk_remove:SW2:eth3:10,21560,21569,0.05,5.55,9,True,False,True,False,True,recovery_success,0.015758364047441218,9,8,0,0,4,4,2,1,0
1908,3936,access_vlan:SW1:eth1:20+access_vlan:SW2:eth2:10+trunk_remove:SW1:eth3:20+trunk_remove:SW2:eth3:10,21569,21574,0.05,8.75,5,True,False,True,False,True,recovery_success,0.016739020496606825,5,4,0,0,0,0,0,0,0
1909,3937,access_vlan:SW2:eth1:20+trunk_remove:SW1:eth3:20+trunk_remove:SW2:eth3:10,21574,21578,0.05,9.049999999999999,4,True,False,True,False,True,recovery_success,0.014013870153576136,4,3,0,0,0,0,0,0,0
1910,3938,access_vlan:SW1:eth1:20+access_vlan:SW2:eth2:10+trunk_remove:SW1:eth3:20+trunk_remove:SW2:eth3:10+trunk_remove:SW2:eth3:20,21578,21586,0.05,7.35,8,True,False,True,False,True,recovery_success,0.01821897365152836,8,7,0,0,1,1,1,1,0
1911,3939,access_vlan:SW1:eth1:20+access_vlan:SW1:eth2:10+access_vlan:SW2:eth1:20+access_vlan:SW2:eth2:10+trunk_remove:SW2:eth3:20,21586,21589,0.05,9.5,3,True,False,True,False,True,recovery_success,0.01310027406240503,3,1,1,0,0,0,0,0,0
1912,3940,access_vlan:SW1:eth1:20+access_vlan:SW2:eth1:20+trunk_remove:SW1:eth3:10,21589,21593,0.05,8.549999999999999,4,True,False,True,False,True,recovery_success,0.016555930487811565,4,3,0,0,1,1,1,0,0
1913,3941,access_vlan:SW1:eth1:20+access_vlan:SW2:eth1:20+access_vlan:SW2:eth2:10+trunk_remove:SW1:eth3:20+trunk_remove:SW2:eth3:10,21593,21598,0.05,8.899999999999999,5,True,False,True,False,True,recovery_success,0.01244924422353506,5,3,1,0,0,0,0,0,0
1914,3942,access_vlan:SW1:eth1:20+trunk_remove:SW1:eth3:10+trunk_remove:SW2:eth3:10+trunk_remove:SW2:eth3:20,21598,21605,0.05,7.6499999999999995,7,True,False,True,False,True,recovery_success,0.012040621068860804,7,6,0,0,1,1,1,0,0
1915,3943,access_vlan:SW1:eth2:10+access_vlan:SW2:eth2:10+trunk_remove:SW2:eth3:10+trunk_remove:SW2:eth3:20,21605,21610,0.05,8.75,5,True,False,True,False,True,recovery_success,0.00942165432497859,5,4,0,0,0,0,0,0,0
1916,3944,access_vlan:SW1:eth2:10+access_vlan:SW2:eth1:20+access_vlan:SW2:eth2:10+trunk_remove:SW1:eth3:20+trunk_remove:SW2:eth3:10,21610,21615,0.05,8.899999999999999,5,True,False,True,False,True,recovery_success,0.011707792244851589,5,3,1,0,0,0,0,0,0
1917,3945,access_vlan:SW1:eth1:20+trunk_remove:SW1:eth3:10,21615,21618,0.05,9.35,3,True,False,True,False,True,recovery_success,0.007963277709980806,3,2,0,0,0,0,0,0,0
1918,3946,trunk_remove:SW1:eth3:10,21618,21620,0.05,9.649999999999999,2,True,False,True,False,True,recovery_success,0.01009934558533132,2,1,0,0,0,0,0,0,0
1919,3947,access_vlan:SW1:eth1:20+access_vlan:SW1:eth2:10+trunk_remove:SW1:eth3:10+trunk_remove:SW1:eth3:20+trunk_remove:SW2:eth3:20,21620,21626,0.05,7.949999999999999,6,True,False,True,False,True,recovery_success,0.011152036332835754,6,5,0,0,1,1,1,0,0
1920,3948,access_vlan:SW2:eth2:10+trunk_remove:SW1:eth3:10+trunk_remove:SW2:eth3:10+trunk_remove:SW2:eth3:20,21626,21631,0.05,8.75,5,True,False,True,False,True,recovery_success,0.010956508573144674,5,4,0,0,0,0,0,0,0
1921,3949,access_vlan:SW1:eth1:20+access_vlan:SW2:eth2:10+trunk_remove:SW1:eth3:10,21631,21635,0.05,9.049999999999999,4,True,False,True,False,True,recovery_success,0.01228732569143176,4,3,0,0,0,0,0,0,0
1922,3950,access_vlan:SW1:eth1:20+access_vlan:SW1:eth2:10,21635,21638,0.05,8.85,3,True,False,True,False,True,recovery_success,0.007150174273798863,3,2,0,0,1,1,1,0,0
1923,3951,access_vlan:SW1:eth1:20+access_vlan:SW2:eth2:10+trunk_remove:SW1:eth3:20+trunk_remove:SW2:eth3:20,21638,21643,0.05,8.75,5,True,False,True,False,True,recovery_success,0.011543516255915164,5,4,0,0,0,0,0,0,0
1924,3952,access_vlan:SW1:eth1:20+access_vlan:SW2:eth1:20+access_vlan:SW2:eth2:10+trunk_remove:SW2:eth3:20,21643,21647,0.05,9.2,4,True,False,True,False,True,recovery_success,0.009469201089814305,4,2,1,0,0,0,0,0,0
1925,3953,access_vlan:SW1:eth1:20+access_vlan:SW2:eth1:20+trunk_remove:SW1:eth3:20+trunk_remove:SW2:eth3:10+trunk_remove:SW2:eth3:20,21647,21653,0.05,8.45,6,True,False,True,False,True,recovery_success,0.01061622821725905,6,5,0,0,0,0,0,0,0
1926,3954,access_vlan:SW1:eth2:10+access_vlan:SW2:eth1:20+access_vlan:SW2:eth2:10+trunk_remove:SW1:eth3:10+trunk_remove:SW2:eth3:10+trunk_remove:SW2:eth3:20,21653,21660,0.05,7.949999999999999,7,True,False,True,False,True,recovery_success,0.011400667950510979,7,4,2,0,1,1,1,0,0
1927,3955,access_vlan:SW1:eth1:20+access_vlan:SW1:eth2:10+access_vlan:SW2:eth1:20+access_vlan:SW2:eth2:10,21660,21662,0.05,9.799999999999999,2,True,False,True,False,True,recovery_success,0.011537532787770033,2,0,1,0,0,0,0,0,0
1928,3956,access_vlan:SW1:eth2:10+access_vlan:SW2:eth2:10+trunk_remove:SW2:eth3:10,21662,21666,0.05,9.049999999999999,4,True,False,True,False,True,recovery_success,0.009200531989336014,4,3,0,0,0,0,0,0,0
1929,3957,access_vlan:SW1:eth1:20+access_vlan:SW2:eth1:20+trunk_remove:SW1:eth3:20+trunk_remove:SW2:eth3:20,21666,21671,0.05,8.75,5,True,False,True,False,True,recovery_success,0.012031332217156887,5,4,0,0,0,0,0,0,0
1930,3958,trunk_remove:SW1:eth3:10+trunk_remove:SW1:eth3:20+trunk_remove:SW2:eth3:20,21671,21675,0.05,9.049999999999999,4,True,False,True,False,True,recovery_success,0.01068526937160641,4,3,0,0,0,0,0,0,0
1931,3959,access_vlan:SW1:eth1:20+access_vlan:SW1:eth2:10+access_vlan:SW2:eth1:20,21675,21682,0.05,7.1,7,True,False,True,False,True,recovery_success,0.007369111757725477,7,3,3,0,3,3,1,1,0
1932,3960,access_vlan:SW1:eth1:20+access_vlan:SW2:eth2:10+trunk_remove:SW2:eth3:10,21682,21686,0.05,9.049999999999999,4,True,False,True,False,True,recovery_success,0.009212840348482132,4,3,0,0,0,0,0,0,0
1933,3961,access_vlan:SW1:eth2:10+trunk_remove:SW1:eth3:20+trunk_remove:SW2:eth3:10+trunk_remove:SW2:eth3:20,21686,21693,0.05,6.6499999999999995,7,True,False,True,False,True,recovery_success,0.007834452670067549,7,6,0,0,3,3,1,1,0
1934,3962,access_vlan:SW1:eth1:20+access_vlan:SW2:eth1:20+trunk_remove:SW1:eth3:10+trunk_remove:SW1:eth3:20,21693,21698,0.05,8.75,5,True,False,True,False,True,recovery_success,0.008371352218091488,5,4,0,0,0,0,0,0,0
1935,3963,trunk_remove:SW1:eth3:10,21698,21700,0.05,9.649999999999999,2,True,False,True,False,True,recovery_success,0.008402015315368772,2,1,0,0,0,0,0,0,0
1936,3964,access_vlan:SW1:eth1:20+access_vlan:SW1:eth2:10+access_vlan:SW2:eth2:10+trunk_remove:SW1:eth3:10+trunk_remove:SW2:eth3:10,21700,21705,0.05,8.899999999999999,5,True,False,True,False,True,recovery_success,0.011858723871409894,5,3,1,0,0,0,0,0,0
1937,3965,access_vlan:SW1:eth1:20+access_vlan:SW2:eth1:20+trunk_remove:SW1:eth3:20+trunk_remove:SW2:eth3:10+trunk_remove:SW2:eth3:20,21705,21711,0.05,8.45,6,True,False,True,False,True,recovery_success,0.010679171808684865,6,5,0,0,0,0,0,0,0
1938,3966,access_vlan:SW2:eth2:10+trunk_remove:SW1:eth3:10+trunk_remove:SW2:eth3:10,21711,21715,0.05,9.049999999999999,4,True,False,True,False,True,recovery_success,0.010257050744257867,4,3,0,0,0,0,0,0,0
1939,3967,access_vlan:SW1:eth1:20+access_vlan:SW2:eth2:10+trunk_remove:SW1:eth3:10+trunk_remove:SW2:eth3:20,21715,21720,0.05,8.75,5,True,False,True,False,True,recovery_success,0.010727102402597666,5,4,0,0,0,0,0,0,0
1940,3968,access_vlan:SW1:eth2:10+access_vlan:SW2:eth1:20+access_vlan:SW2:eth2:10+trunk_remove:SW1:eth3:20+trunk_remove:SW2:eth3:10+trunk_remove:SW2:eth3:20,21720,21730,0.05,6.199999999999999,10,True,False,True,False,True,recovery_success,0.010852805757895111,10,6,3,0,3,3,1,1,0
1941,3969,access_vlan:SW1:eth1:20+access_vlan:SW1:eth2:10+trunk_remove:SW1:eth3:20+trunk_remove:SW2:eth3:20,21730,21735,0.05,8.25,5,True,False,True,False,True,recovery_success,0.007707313261926174,5,4,0,0,1,1,1,0,0
1942,3970,access_vlan:SW1:eth2:10+access_vlan:SW2:eth1:20+access_vlan:SW2:eth2:10+trunk_remove:SW1:eth3:20+trunk_remove:SW2:eth3:10+trunk_remove:SW2:eth3:20,21735,21741,0.05,8.6,6,True,False,True,False,True,recovery_success,0.008037395309656858,6,4,1,0,0,0,0,0,0
1943,3971,access_vlan:SW2:eth1:20+access_vlan:SW2:eth2:10+trunk_remove:SW1:eth3:10+trunk_remove:SW1:eth3:20+trunk_remove:SW2:eth3:20,21741,21747,0.05,7.949999999999999,6,True,False,True,False,True,recovery_success,0.009685607782254616,6,5,0,0,1,1,1,0,0
1944,3972,access_vlan:SW1:eth2:10+access_vlan:SW2:eth2:10+trunk_remove:SW1:eth3:20+trunk_remove:SW2:eth3:10,21747,21752,0.05,8.75,5,True,False,True,False,True,recovery_success,0.009241466969251632,5,4,0,0,0,0,0,0,0
1945,3973,access_vlan:SW1:eth2:10+access_vlan:SW2:eth1:20+access_vlan:SW2:eth2:10+trunk_remove:SW1:eth3:10+trunk_remove:SW2:eth3:10+trunk_remove:SW2:eth3:20,21752,21758,0.05,8.6,6,True,False,True,False,True,recovery_success,0.010944763120884696,6,4,1,0,0,0,0,0,0
1946,3974,access_vlan:SW2:eth1:20+trunk_remove:SW2:eth3:20,21758,21761,0.05,9.35,3,True,False,True,False,True,recovery_success,0.00972786545753479,3,2,0,0,0,0,0,0,0
1947,3975,access_vlan:SW2:eth1:20+access_vlan:SW2:eth2:10+trunk_remove:SW1:eth3:10+trunk_remove:SW2:eth3:20,21761,21766,0.05,7.749999999999999,5,True,False,True,False,True,recovery_success,0.008345074765384198,5,4,0,0,2,2,2,0,0
1948,3976,access_vlan:SW2:eth2:10+trunk_remove:SW1:eth3:10+trunk_remove:SW2:eth3:20,21766,21770,0.05,9.049999999999999,4,True,False,True,False,True,recovery_success,0.012661570217460394,4,3,0,0,0,0,0,0,0
1949,3977,access_vlan:SW1:eth1:20+trunk_remove:SW1:eth3:10+trunk_remove:SW2:eth3:10,21770,21776,0.05,7.449999999999999,6,True,False,True,False,True,recovery_success,0.010248519868279496,6,5,0,0,2,2,1,0,0
1950,3978,access_vlan:SW1:eth2:10+access_vlan:SW2:eth2:10+trunk_remove:SW1:eth3:10,21776,21780,0.05,9.049999999999999,4,True,False,True,False,True,recovery_success,0.009919422212988138,4,3,0,0,0,0,0,0,0
1951,3979,access_vlan:SW1:eth1:20+access_vlan:SW2:eth1:20+access_vlan:SW2:eth2:10+trunk_remove:SW1:eth3:10+trunk_remove:SW1:eth3:20+trunk_remove:SW2:eth3:10+trunk_remove:SW2:eth3:20,21780,21810,0.05,-8.450000000000005,30,True,False,False,True,False,step_limit,0.00833394907725354,30,8,17,0,4,1,4,0,2
1952,3980,access_vlan:SW1:eth1:20+access_vlan:SW2:eth2:10+trunk_remove:SW1:eth3:10,21810,21814,0.05,9.049999999999999,4,True,False,True,False,True,recovery_success,0.007253154180943966,4,3,0,0,0,0,0,0,0
1953,3981,access_vlan:SW1:eth2:10+trunk_remove:SW1:eth3:20+trunk_remove:SW2:eth3:20,21814,21818,0.05,9.049999999999999,4,True,False,True,False,True,recovery_success,0.005855487892404199,4,3,0,0,0,0,0,0,0
1954,3982,access_vlan:SW1:eth2:10+access_vlan:SW2:eth1:20+trunk_remove:SW1:eth3:10+trunk_remove:SW2:eth3:10+trunk_remove:SW2:eth3:20,21818,21828,0.05,6.25,10,True,False,True,False,True,recovery_success,0.007641743961721658,10,8,0,0,2,2,2,1,0
1955,3983,access_vlan:SW1:eth1:20+access_vlan:SW1:eth2:10+trunk_remove:SW1:eth3:20+trunk_remove:SW2:eth3:10+trunk_remove:SW2:eth3:20,21828,21834,0.05,7.949999999999999,6,True,False,True,False,True,recovery_success,0.011528775251160065,6,5,0,0,1,1,1,0,0
1956,3984,access_vlan:SW2:eth1:20+access_vlan:SW2:eth2:10+trunk_remove:SW1:eth3:20+trunk_remove:SW2:eth3:20,21834,21839,0.05,8.25,5,True,False,True,False,True,recovery_success,0.009964918345212936,5,4,0,0,1,1,1,0,0
1957,3985,access_vlan:SW1:eth1:20+access_vlan:SW1:eth2:10+trunk_remove:SW1:eth3:10,21839,21843,0.05,8.549999999999999,4,True,False,True,False,True,recovery_success,0.009839898091740906,4,3,0,0,1,1,1,0,0
1958,3986,access_vlan:SW1:eth1:20+access_vlan:SW2:eth2:10+trunk_remove:SW1:eth3:20,21843,21847,0.05,8.549999999999999,4,True,False,True,False,True,recovery_success,0.007383514544926584,4,3,0,0,1,1,1,0,0
1959,3987,access_vlan:SW2:eth1:20+access_vlan:SW2:eth2:10+trunk_remove:SW1:eth3:10+trunk_remove:SW2:eth3:10,21847,21852,0.05,8.25,5,True,False,True,False,True,recovery_success,0.006714487913995981,5,4,0,0,1,1,1,0,0
1960,3988,access_vlan:SW1:eth2:10+access_vlan:SW2:eth2:10+trunk_remove:SW2:eth3:10,21852,21858,0.05,7.949999999999999,6,True,False,True,False,True,recovery_success,0.010764386272057891,6,5,0,0,1,1,1,1,0
1961,3989,access_vlan:SW1:eth1:20+access_vlan:SW2:eth2:10+trunk_remove:SW1:eth3:10+trunk_remove:SW1:eth3:20+trunk_remove:SW2:eth3:10,21858,21864,0.05,8.45,6,True,False,True,False,True,recovery_success,0.006594888089845578,6,5,0,0,0,0,0,0,0
1962,3990,access_vlan:SW1:eth2:10+access_vlan:SW2:eth2:10+trunk_remove:SW1:eth3:10+trunk_remove:SW1:eth3:20+trunk_remove:SW2:eth3:10+trunk_remove:SW2:eth3:20,21864,21871,0.05,8.149999999999999,7,True,False,True,False,True,recovery_success,0.0072445206876311985,7,6,0,0,0,0,0,0,0
1963,3991,access_vlan:SW1:eth1:20+access_vlan:SW2:eth2:10+trunk_remove:SW1:eth3:20+trunk_remove:SW2:eth3:20,21871,21876,0.05,8.75,5,True,False,True,False,True,recovery_success,0.00764682786539197,5,4,0,0,0,0,0,0,0
1964,3992,access_vlan:SW1:eth2:10+access_vlan:SW2:eth1:20+trunk_remove:SW1:eth3:10+trunk_remove:SW1:eth3:20+trunk_remove:SW2:eth3:10+trunk_remove:SW2:eth3:20,21876,21883,0.05,8.149999999999999,7,True,False,True,False,True,recovery_success,0.009145279614520925,7,6,0,0,0,0,0,0,0
1965,3993,access_vlan:SW1:eth1:20+access_vlan:SW2:eth2:10+trunk_remove:SW1:eth3:10,21883,21887,0.05,9.049999999999999,4,True,False,True,False,True,recovery_success,0.009582980303093791,4,3,0,0,0,0,0,0,0
1966,3994,access_vlan:SW1:eth1:20+access_vlan:SW2:eth2:10+trunk_remove:SW1:eth3:10,21887,21891,0.05,9.049999999999999,4,True,False,True,False,True,recovery_success,0.009571029688231647,4,3,0,0,0,0,0,0,0
1967,3995,access_vlan:SW2:eth1:20+trunk_remove:SW1:eth3:10+trunk_remove:SW2:eth3:10+trunk_remove:SW2:eth3:20,21891,21896,0.05,8.75,5,True,False,True,False,True,recovery_success,0.010850751120597125,5,4,0,0,0,0,0,0,0
1968,3996,access_vlan:SW1:eth1:20+access_vlan:SW2:eth1:20+access_vlan:SW2:eth2:10+trunk_remove:SW1:eth3:10+trunk_remove:SW1:eth3:20,21896,21902,0.05,8.75,6,True,False,True,False,True,recovery_success,0.008787755543986956,6,3,2,0,0,0,0,0,0
1969,3997,access_vlan:SW1:eth2:10+access_vlan:SW2:eth2:10+trunk_remove:SW1:eth3:10+trunk_remove:SW1:eth3:20+trunk_remove:SW2:eth3:20,21902,21908,0.05,8.45,6,True,False,True,False,True,recovery_success,0.007485027890652418,6,5,0,0,0,0,0,0,0
1970,3998,access_vlan:SW1:eth1:20+access_vlan:SW2:eth1:20+access_vlan:SW2:eth2:10+trunk_remove:SW2:eth3:20,21908,21912,0.05,9.2,4,True,False,True,False,True,recovery_success,0.01007801154628396,4,2,1,0,0,0,0,0,0
1971,3999,access_vlan:SW1:eth2:10+access_vlan:SW2:eth1:20+trunk_remove:SW1:eth3:10+trunk_remove:SW2:eth3:20,21912,21917,0.05,8.75,5,True,False,True,False,True,recovery_success,0.008123994898051023,5,4,0,0,0,0,0,0,0
1972,4000,access_vlan:SW1:eth2:10+access_vlan:SW2:eth1:20+access_vlan:SW2:eth2:10+trunk_remove:SW1:eth3:10+trunk_remove:SW2:eth3:10,21917,21921,0.05,-10.950000000000001,4,True,False,True,False,False,incorrect_declare_done,0.007654298446141183,4,3,0,0,0,0,0,0,1
1973,4001,access_vlan:SW1:eth1:20,21921,21923,0.05,9.649999999999999,2,True,False,True,False,True,recovery_success,0.007772983051836491,2,1,0,0,0,0,0,0,0
1974,4002,access_vlan:SW2:eth1:20+trunk_remove:SW2:eth3:10,21923,21926,0.05,9.35,3,True,False,True,False,True,recovery_success,0.007863675865034262,3,2,0,0,0,0,0,0,0
1975,4003,access_vlan:SW1:eth1:20+access_vlan:SW2:eth2:10+trunk_remove:SW1:eth3:20+trunk_remove:SW2:eth3:10+trunk_remove:SW2:eth3:20,21926,21932,0.05,8.45,6,True,False,True,False,True,recovery_success,0.009300012684737643,6,5,0,0,0,0,0,0,0
1976,4004,access_vlan:SW2:eth2:10+trunk_remove:SW1:eth3:20,21932,21935,0.05,9.35,3,True,False,True,False,True,recovery_success,0.006946832795316975,3,2,0,0,0,0,0,0,0
1977,4005,access_vlan:SW1:eth2:10+trunk_remove:SW1:eth3:20+trunk_remove:SW2:eth3:10+trunk_remove:SW2:eth3:20,21935,21940,0.05,8.75,5,True,False,True,False,True,recovery_success,0.006231180345639587,5,4,0,0,0,0,0,0,0
1978,4006,access_vlan:SW1:eth2:10+trunk_remove:SW1:eth3:10+trunk_remove:SW1:eth3:20+trunk_remove:SW2:eth3:20,21940,21945,0.05,8.75,5,True,False,True,False,True,recovery_success,0.006706946156919002,5,4,0,0,0,0,0,0,0
1979,4007,access_vlan:SW1:eth1:20+access_vlan:SW1:eth2:10+access_vlan:SW2:eth2:10+trunk_remove:SW1:eth3:20,21945,21953,0.05,7.0,8,True,False,True,False,True,recovery_success,0.005778244812972844,8,6,1,0,2,2,2,1,0
1980,4008,access_vlan:SW1:eth1:20+access_vlan:SW2:eth1:20+trunk_remove:SW1:eth3:20,21953,21957,0.05,9.049999999999999,4,True,False,True,False,True,recovery_success,0.008373667020350695,4,3,0,0,0,0,0,0,0
1981,4009,access_vlan:SW2:eth1:20+trunk_remove:SW1:eth3:20+trunk_remove:SW2:eth3:10,21957,21961,0.05,9.049999999999999,4,True,False,True,False,True,recovery_success,0.006355026387609541,4,3,0,0,0,0,0,0,0
1982,4010,access_vlan:SW2:eth2:10+trunk_remove:SW1:eth3:10+trunk_remove:SW2:eth3:10,21961,21965,0.05,9.049999999999999,4,True,False,True,False,True,recovery_success,0.005744609166868031,4,3,0,0,0,0,0,0,0
1983,4011,trunk_remove:SW1:eth3:20+trunk_remove:SW2:eth3:10+trunk_remove:SW2:eth3:20,21965,21969,0.05,9.049999999999999,4,True,False,True,False,True,recovery_success,0.006595995393581688,4,3,0,0,0,0,0,0,0
1984,4012,access_vlan:SW1:eth2:10+access_vlan:SW2:eth2:10+trunk_remove:SW1:eth3:10+trunk_remove:SW2:eth3:10+trunk_remove:SW2:eth3:20,21969,21975,0.05,8.45,6,True,False,True,False,True,recovery_success,0.008287803968414664,6,5,0,0,0,0,0,0,0
1985,4013,access_vlan:SW1:eth2:10+access_vlan:SW2:eth1:20+access_vlan:SW2:eth2:10+trunk_remove:SW2:eth3:20,21975,21979,0.05,9.2,4,True,False,True,False,True,recovery_success,0.007997253560461104,4,2,1,0,0,0,0,0,0
1986,4014,access_vlan:SW1:eth1:20+access_vlan:SW2:eth1:20+access_vlan:SW2:eth2:10+trunk_remove:SW1:eth3:10+trunk_remove:SW1:eth3:20+trunk_remove:SW2:eth3:20,21979,21985,0.05,8.6,6,True,False,True,False,True,recovery_success,0.0064253048816074925,6,4,1,0,0,0,0,0,0
1987,4015,access_vlan:SW1:eth1:20+trunk_remove:SW1:eth3:10+trunk_remove:SW1:eth3:20,21985,21989,0.05,9.049999999999999,4,True,False,True,False,True,recovery_success,0.00701879127882421,4,3,0,0,0,0,0,0,0
1988,4016,access_vlan:SW1:eth2:10+access_vlan:SW2:eth2:10+trunk_remove:SW1:eth3:20+trunk_remove:SW2:eth3:20,21989,21994,0.05,8.25,5,True,False,True,False,True,recovery_success,0.004850363731384278,5,4,0,0,1,1,1,0,0
1989,4017,access_vlan:SW1:eth2:10+trunk_remove:SW1:eth3:10+trunk_remove:SW2:eth3:10,21994,21998,0.05,9.049999999999999,4,True,False,True,False,True,recovery_success,0.007103807176463306,4,3,0,0,0,0,0,0,0
1990,4018,access_vlan:SW1:eth1:20+access_vlan:SW1:eth2:10+access_vlan:SW2:eth1:20+trunk_remove:SW1:eth3:20,21998,22002,0.05,9.2,4,True,False,True,False,True,recovery_success,0.011305691674351692,4,2,1,0,0,0,0,0,0
1991,4019,access_vlan:SW1:eth1:20+access_vlan:SW2:eth2:10+trunk_remove:SW1:eth3:20+trunk_remove:SW2:eth3:10+trunk_remove:SW2:eth3:20,22002,22008,0.05,8.45,6,True,False,True,False,True,recovery_success,0.01690648216754198,6,5,0,0,0,0,0,0,0
1992,4020,access_vlan:SW1:eth1:20+access_vlan:SW2:eth1:20+trunk_remove:SW1:eth3:10,22008,22012,0.05,8.549999999999999,4,True,False,True,False,True,recovery_success,0.020303286612033844,4,3,0,0,1,1,1,0,0
1993,4021,access_vlan:SW2:eth1:20+trunk_remove:SW1:eth3:10+trunk_remove:SW1:eth3:20+trunk_remove:SW2:eth3:20,22012,22026,0.05,7.4,14,True,False,True,False,True,recovery_success,0.014482565024601561,14,4,9,0,0,0,0,0,0
1994,4022,access_vlan:SW1:eth1:20+access_vlan:SW1:eth2:10+trunk_remove:SW1:eth3:10+trunk_remove:SW1:eth3:20+trunk_remove:SW2:eth3:20,22026,22033,0.05,7.799999999999999,7,True,False,True,False,True,recovery_success,0.013041843261037554,7,5,1,0,1,1,1,0,0
1995,4023,access_vlan:SW1:eth2:10+trunk_remove:SW2:eth3:10+trunk_remove:SW2:eth3:20,22033,22037,0.05,9.049999999999999,4,True,False,True,False,True,recovery_success,0.01937051280401647,4,3,0,0,0,0,0,0,0
1996,4024,access_vlan:SW2:eth2:10+trunk_remove:SW2:eth3:20,22037,22043,0.05,8.899999999999999,6,True,False,True,False,True,recovery_success,0.012312781531363726,6,2,3,0,0,0,0,0,0
1997,4025,access_vlan:SW1:eth2:10+access_vlan:SW2:eth2:10+trunk_remove:SW1:eth3:20+trunk_remove:SW2:eth3:10,22043,22049,0.05,8.6,6,True,False,True,False,True,recovery_success,0.017932250164449215,6,4,1,0,0,0,0,0,0
1998,4026,access_vlan:SW2:eth2:10+trunk_remove:SW1:eth3:10+trunk_remove:SW1:eth3:20+trunk_remove:SW2:eth3:10+trunk_remove:SW2:eth3:20,22049,22055,0.05,8.45,6,True,False,True,False,True,recovery_success,0.017647328476111095,6,5,0,0,0,0,0,0,0
1999,4027,access_vlan:SW1:eth1:20+access_vlan:SW1:eth2:10+access_vlan:SW2:eth1:20+trunk_remove:SW1:eth3:10+trunk_remove:SW1:eth3:20,22055,22062,0.05,8.1,7,True,False,True,False,True,recovery_success,0.016535819375089238,7,3,3,0,1,1,1,0,0
2000,4028,access_vlan:SW2:eth1:20+trunk_remove:SW1:eth3:10+trunk_remove:SW1:eth3:20+trunk_remove:SW2:eth3:20,22062,22070,0.05,8.299999999999999,8,True,False,True,False,True,recovery_success,0.012190827052108943,8,4,3,0,0,0,0,0,0
2001,4029,access_vlan:SW1:eth1:20+access_vlan:SW2:eth2:10+trunk_remove:SW1:eth3:20+trunk_remove:SW2:eth3:10,22070,22075,0.05,8.75,5,True,False,True,False,True,recovery_success,0.011396631971001625,5,4,0,0,0,0,0,0,0
2002,4030,access_vlan:SW1:eth1:20+access_vlan:SW2:eth1:20+access_vlan:SW2:eth2:10+trunk_remove:SW1:eth3:10+trunk_remove:SW2:eth3:20,22075,22082,0.05,7.799999999999999,7,True,False,True,False,True,recovery_success,0.01007573785526412,7,5,1,0,1,1,1,1,0
2003,4031,access_vlan:SW2:eth1:20+trunk_remove:SW1:eth3:20+trunk_remove:SW2:eth3:10,22082,22086,0.05,9.049999999999999,4,True,False,True,False,True,recovery_success,0.013196097337640822,4,3,0,0,0,0,0,0,0
2004,4032,access_vlan:SW1:eth2:10+trunk_remove:SW1:eth3:10+trunk_remove:SW1:eth3:20+trunk_remove:SW2:eth3:20,22086,22091,0.05,8.75,5,True,False,True,False,True,recovery_success,0.011844733729958534,5,4,0,0,0,0,0,0,0
2005,4033,access_vlan:SW1:eth1:20+access_vlan:SW1:eth2:10+access_vlan:SW2:eth2:10+trunk_remove:SW1:eth3:10+trunk_remove:SW1:eth3:20+trunk_remove:SW2:eth3:20,22091,22099,0.05,7.999999999999999,8,True,False,True,False,True,recovery_success,0.009919289499521255,8,6,1,0,0,0,0,0,0
2006,4034,access_vlan:SW1:eth1:20+access_vlan:SW1:eth2:10+access_vlan:SW2:eth1:20+access_vlan:SW2:eth2:10+trunk_remove:SW1:eth3:10+trunk_remove:SW2:eth3:10+trunk_remove:SW2:eth3:20,22099,22104,0.05,8.899999999999999,5,True,False,True,False,True,recovery_success,0.010603304114192724,5,3,1,0,0,0,0,0,0
2007,4035,access_vlan:SW1:eth1:20+access_vlan:SW2:eth1:20+trunk_remove:SW1:eth3:10+trunk_remove:SW1:eth3:20+trunk_remove:SW2:eth3:10+trunk_remove:SW2:eth3:20,22104,22134,0.05,-6.050000000000004,30,True,False,False,True,False,step_limit,0.00992657804551224,30,7,23,0,1,1,1,0,1
2008,4036,access_vlan:SW1:eth2:10,22134,22136,0.05,9.649999999999999,2,True,False,True,False,True,recovery_success,0.017438495997339487,2,1,0,0,0,0,0,0,0
2009,4037,access_vlan:SW1:eth2:10+access_vlan:SW2:eth2:10+trunk_remove:SW1:eth3:20+trunk_remove:SW2:eth3:10+trunk_remove:SW2:eth3:20,22136,22150,0.05,5.45,14,True,False,True,False,True,recovery_success,0.009920966412339891,14,7,6,0,3,3,1,1,0
2010,4038,access_vlan:SW1:eth2:10+access_vlan:SW2:eth1:20+trunk_remove:SW1:eth3:10+trunk_remove:SW1:eth3:20+trunk_remove:SW2:eth3:10+trunk_remove:SW2:eth3:20,22150,22157,0.05,8.149999999999999,7,True,False,True,False,True,recovery_success,0.011937975085207395,7,6,0,0,0,0,0,0,0
2011,4039,access_vlan:SW1:eth2:10+access_vlan:SW2:eth1:20+trunk_remove:SW1:eth3:10+trunk_remove:SW2:eth3:10,22157,22162,0.05,8.75,5,True,False,True,False,True,recovery_success,0.006851903442293405,5,4,0,0,0,0,0,0,0
2012,4040,access_vlan:SW1:eth1:20+access_vlan:SW1:eth2:10+access_vlan:SW2:eth1:20+access_vlan:SW2:eth2:10+trunk_remove:SW2:eth3:10+trunk_remove:SW2:eth3:20,22162,22166,0.05,9.2,4,True,False,True,False,True,recovery_success,0.009339800220914185,4,2,1,0,0,0,0,0,0
2013,4041,access_vlan:SW1:eth1:20+access_vlan:SW2:eth1:20+access_vlan:SW2:eth2:10+trunk_remove:SW1:eth3:20+trunk_remove:SW2:eth3:20,22166,22171,0.05,8.899999999999999,5,True,False,True,False,True,recovery_success,0.0075894377194345,5,3,1,0,0,0,0,0,0
2014,4042,access_vlan:SW1:eth2:10+access_vlan:SW2:eth2:10+trunk_remove:SW2:eth3:10+trunk_remove:SW2:eth3:20,22171,22186,0.05,6.95,15,True,False,True,False,True,recovery_success,0.00980524808789293,15,6,8,0,0,0,0,0,0
2015,4043,access_vlan:SW1:eth1:20+access_vlan:SW2:eth2:10+trunk_remove:SW1:eth3:20,22186,22190,0.05,8.549999999999999,4,True,False,True,False,True,recovery_success,0.008245684788562357,4,3,0,0,1,1,1,0,0
2016,4044,access_vlan:SW1:eth2:10+access_vlan:SW2:eth1:20+access_vlan:SW2:eth2:10+trunk_remove:SW1:eth3:10,22190,22194,0.05,9.2,4,True,False,True,False,True,recovery_success,0.009143466537352651,4,2,1,0,0,0,0,0,0
2017,4045,access_vlan:SW1:eth2:10+access_vlan:SW2:eth1:20+trunk_remove:SW1:eth3:20+trunk_remove:SW2:eth3:10+trunk_remove:SW2:eth3:20,22194,22205,0.05,7.699999999999999,11,True,False,True,False,True,recovery_success,0.007806208323348652,11,5,5,0,0,0,0,0,0
2018,4046,access_vlan:SW1:eth2:10+access_vlan:SW2:eth2:10+trunk_remove:SW1:eth3:10+trunk_remove:SW1:eth3:20,22205,22210,0.05,8.75,5,True,False,True,False,True,recovery_success,0.009338874369859695,5,4,0,0,0,0,0,0,0
2019,4047,access_vlan:SW1:eth2:10+access_vlan:SW2:eth1:20,22210,22214,0.05,8.7,4,True,False,True,False,True,recovery_success,0.00896815536543727,4,2,1,0,1,1,1,0,0
2020,4048,access_vlan:SW1:eth2:10+access_vlan:SW2:eth2:10+trunk_remove:SW1:eth3:10+trunk_remove:SW1:eth3:20+trunk_remove:SW2:eth3:10,22214,22228,0.05,5.95,14,True,False,True,False,True,recovery_success,0.007499366083980671,14,7,6,0,2,2,1,0,0
2021,4049,access_vlan:SW1:eth1:20+access_vlan:SW1:eth2:10+access_vlan:SW2:eth1:20+trunk_remove:SW1:eth3:10+trunk_remove:SW2:eth3:20,22228,22229,0.05,-10.05,1,True,False,True,False,False,incorrect_declare_done,0.008291619829833508,1,0,0,0,0,0,0,0,3
2022,4050,access_vlan:SW1:eth1:20+access_vlan:SW1:eth2:10+access_vlan:SW2:eth1:20+trunk_remove:SW1:eth3:20+trunk_remove:SW2:eth3:20,22229,22234,0.05,8.899999999999999,5,True,False,True,False,True,recovery_success,0.012867557071149349,5,3,1,0,0,0,0,0,0
2023,4051,access_vlan:SW1:eth1:20+access_vlan:SW2:eth1:20+trunk_remove:SW2:eth3:10+trunk_remove:SW2:eth3:20,22234,22237,0.05,-10.65,3,True,False,True,False,False,incorrect_declare_done,0.011460255831480026,3,2,0,0,0,0,0,0,3
2024,4052,access_vlan:SW2:eth1:20+trunk_remove:SW1:eth3:10+trunk_remove:SW1:eth3:20+trunk_remove:SW2:eth3:10,22237,22242,0.05,8.75,5,True,False,True,False,True,recovery_success,0.008683711476624011,5,4,0,0,0,0,0,0,0
2025,4053,access_vlan:SW2:eth1:20+trunk_remove:SW1:eth3:20+trunk_remove:SW2:eth3:10,22242,22251,0.05,8.299999999999999,9,True,False,True,False,True,recovery_success,0.008798414737814002,9,3,5,0,0,0,0,0,0
2026,4054,access_vlan:SW1:eth1:20+access_vlan:SW1:eth2:10+access_vlan:SW2:eth2:10+trunk_remove:SW1:eth3:10+trunk_remove:SW2:eth3:10+trunk_remove:SW2:eth3:20,22251,22257,0.05,8.6,6,True,False,True,False,True,recovery_success,0.007197170207897822,6,4,1,0,0,0,0,0,0
2027,4055,access_vlan:SW1:eth2:10+access_vlan:SW2:eth1:20+trunk_remove:SW1:eth3:20+trunk_remove:SW2:eth3:10,22257,22262,0.05,8.75,5,True,False,True,False,True,recovery_success,0.007093674782663584,5,4,0,0,0,0,0,0,0
2028,4056,access_vlan:SW1:eth1:20+trunk_remove:SW1:eth3:10+trunk_remove:SW1:eth3:20+trunk_remove:SW2:eth3:10+trunk_remove:SW2:eth3:20,22262,22268,0.05,8.45,6,True,False,True,False,True,recovery_success,0.010220965913807353,6,5,0,0,0,0,0,0,0
2029,4057,access_vlan:SW2:eth2:10+trunk_remove:SW1:eth3:20,22268,22277,0.05,7.1499999999999995,9,True,False,True,False,True,recovery_success,0.008128429038657082,9,3,4,0,2,2,1,0,0
2030,4058,access_vlan:SW1:eth1:20+access_vlan:SW1:eth2:10+access_vlan:SW2:eth1:20+access_vlan:SW2:eth2:10,22277,22279,0.05,9.799999999999999,2,True,False,True,False,True,recovery_success,0.009408774320036173,2,0,1,0,0,0,0,0,0
2031,4059,access_vlan:SW1:eth1:20+access_vlan:SW2:eth1:20+access_vlan:SW2:eth2:10+trunk_remove:SW1:eth3:10+trunk_remove:SW2:eth3:10+trunk_remove:SW2:eth3:20,22279,22281,0.05,-10.350000000000001,2,True,False,True,False,False,incorrect_declare_done,0.0037997832987457514,2,1,0,0,0,0,0,0,2
2032,4060,access_vlan:SW2:eth1:20+trunk_remove:SW1:eth3:10,22281,22284,0.05,9.35,3,True,False,True,False,True,recovery_success,0.0065138391219079494,3,2,0,0,0,0,0,0,0
2033,4061,access_vlan:SW1:eth1:20+access_vlan:SW2:eth1:20+trunk_remove:SW1:eth3:10+trunk_remove:SW1:eth3:20+trunk_remove:SW2:eth3:10,22284,22290,0.05,8.45,6,True,False,True,False,True,recovery_success,0.011066005642836293,6,5,0,0,0,0,0,0,0
2034,4062,access_vlan:SW1:eth2:10+access_vlan:SW2:eth2:10+trunk_remove:SW1:eth3:10+trunk_remove:SW1:eth3:20+trunk_remove:SW2:eth3:10,22290,22299,0.05,7.999999999999999,9,True,False,True,False,True,recovery_success,0.010010303825967841,9,5,3,0,0,0,0,0,0
2035,4063,access_vlan:SW2:eth1:20+access_vlan:SW2:eth2:10+trunk_remove:SW2:eth3:10,22299,22329,0.05,-6.6000000000000005,30,True,False,False,True,False,step_limit,0.011142502220657964,30,4,26,0,3,3,2,0,4
2036,4064,access_vlan:SW2:eth1:20+access_vlan:SW2:eth2:10+trunk_remove:SW1:eth3:20+trunk_remove:SW2:eth3:10+trunk_remove:SW2:eth3:20,22329,22337,0.05,7.649999999999999,8,True,False,True,False,True,recovery_success,0.011038126656785607,8,5,2,0,1,1,1,0,0
2037,4065,access_vlan:SW1:eth2:10+access_vlan:SW2:eth1:20+trunk_remove:SW1:eth3:10+trunk_remove:SW2:eth3:10,22337,22347,0.05,7.199999999999999,10,True,False,True,False,True,recovery_success,0.007951966347172856,10,6,3,0,1,1,1,1,0
2038,4066,access_vlan:SW1:eth1:20+access_vlan:SW2:eth1:20+trunk_remove:SW1:eth3:10+trunk_remove:SW1:eth3:20,22347,22352,0.05,8.75,5,True,False,True,False,True,recovery_success,0.008475113473832608,5,4,0,0,0,0,0,0,0
2039,4067,access_vlan:SW2:eth1:20+trunk_remove:SW1:eth3:20,22352,22360,0.05,8.6,8,True,False,True,False,True,recovery_success,0.008213664696086198,8,2,5,0,0,0,0,0,0
2040,4068,access_vlan:SW1:eth1:20+access_vlan:SW1:eth2:10+access_vlan:SW2:eth1:20+access_vlan:SW2:eth2:10+trunk_remove:SW1:eth3:10+trunk_remove:SW1:eth3:20+trunk_remove:SW2:eth3:10+trunk_remove:SW2:eth3:20,22360,22366,0.05,8.6,6,True,False,True,False,True,recovery_success,0.00666940095834434,6,4,1,0,0,0,0,0,0
2041,4069,access_vlan:SW1:eth1:20+access_vlan:SW2:eth1:20+access_vlan:SW2:eth2:10+trunk_remove:SW1:eth3:10+trunk_remove:SW2:eth3:20,22366,22371,0.05,8.899999999999999,5,True,False,True,False,True,recovery_success,0.009246701840311289,5,3,1,0,0,0,0,0,0
2042,4070,access_vlan:SW1:eth1:20+trunk_remove:SW1:eth3:20+trunk_remove:SW2:eth3:10+trunk_remove:SW2:eth3:20,22371,22388,0.05,4.049999999999999,17,True,False,True,False,True,recovery_success,0.00805636273477884,17,10,6,0,4,2,2,0,0
2043,4071,access_vlan:SW1:eth2:10+access_vlan:SW2:eth1:20+access_vlan:SW2:eth2:10+trunk_remove:SW1:eth3:10+trunk_remove:SW1:eth3:20+trunk_remove:SW2:eth3:10,22388,22391,0.05,-10.65,3,True,False,True,False,False,incorrect_declare_done,0.005582584844281276,3,2,0,0,0,0,0,0,2
2044,4072,access_vlan:SW1:eth2:10+access_vlan:SW2:eth2:10+trunk_remove:SW2:eth3:10,22391,22397,0.05,-12.4,6,True,False,True,False,False,incorrect_declare_done,0.007407605415210128,6,3,1,0,2,2,1,0,1
2045,4073,access_vlan:SW1:eth1:20+access_vlan:SW2:eth1:20+access_vlan:SW2:eth2:10+trunk_remove:SW1:eth3:10+trunk_remove:SW2:eth3:10+trunk_remove:SW2:eth3:20,22397,22403,0.05,8.6,6,True,False,True,False,True,recovery_success,0.007315598234223823,6,4,1,0,0,0,0,0,0
2046,4074,access_vlan:SW1:eth1:20+access_vlan:SW1:eth2:10+access_vlan:SW2:eth1:20+trunk_remove:SW1:eth3:10+trunk_remove:SW1:eth3:20,22403,22408,0.05,8.899999999999999,5,True,False,True,False,True,recovery_success,0.0047462900634855035,5,3,1,0,0,0,0,0,0
2047,4075,access_vlan:SW2:eth1:20+access_vlan:SW2:eth2:10+trunk_remove:SW1:eth3:20+trunk_remove:SW2:eth3:20,22408,22419,0.05,6.25,11,True,False,True,False,True,recovery_success,0.008960027501664379,11,7,2,0,2,2,2,0,0
2048,4076,access_vlan:SW1:eth2:10+access_vlan:SW2:eth2:10+trunk_remove:SW2:eth3:10+trunk_remove:SW2:eth3:20,22419,22424,0.05,8.75,5,True,False,True,False,True,recovery_success,0.007895366661250592,5,4,0,0,0,0,0,0,0
2049,4077,access_vlan:SW1:eth1:20+access_vlan:SW2:eth1:20+trunk_remove:SW1:eth3:10+trunk_remove:SW1:eth3:20+trunk_remove:SW2:eth3:20,22424,22438,0.05,5.949999999999999,14,True,False,True,False,True,recovery_success,0.007391127042605409,14,7,6,0,2,2,1,0,0
2050,4078,access_vlan:SW1:eth1:20+access_vlan:SW1:eth2:10+access_vlan:SW2:eth2:10+trunk_remove:SW1:eth3:20+trunk_remove:SW2:eth3:10,22438,22445,0.05,8.299999999999999,7,True,False,True,False,True,recovery_success,0.006358021670686347,7,5,1,0,0,0,0,0,0
2051,4079,access_vlan:SW1:eth1:20+access_vlan:SW1:eth2:10+access_vlan:SW2:eth1:20+trunk_remove:SW1:eth3:20+trunk_remove:SW2:eth3:10+trunk_remove:SW2:eth3:20,22445,22451,0.05,8.6,6,True,False,True,False,True,recovery_success,0.00582745554856956,6,4,1,0,0,0,0,0,0
2052,4080,access_vlan:SW1:eth1:20+access_vlan:SW2:eth1:20+access_vlan:SW2:eth2:10+trunk_remove:SW2:eth3:20,22451,22458,0.05,7.449999999999999,7,True,False,True,False,True,recovery_success,0.007412057303424392,7,4,2,0,2,2,2,1,0
2053,4081,access_vlan:SW1:eth2:10+access_vlan:SW2:eth1:20+access_vlan:SW2:eth2:10+trunk_remove:SW1:eth3:10+trunk_remove:SW1:eth3:20+trunk_remove:SW2:eth3:20,22458,22468,0.05,5.699999999999998,10,True,False,True,False,True,recovery_success,0.007770031481049955,10,6,3,0,4,3,2,1,0
2054,4082,access_vlan:SW2:eth2:10+trunk_remove:SW1:eth3:10+trunk_remove:SW2:eth3:10,22468,22472,0.05,9.049999999999999,4,True,False,True,False,True,recovery_success,0.006346782553009689,4,3,0,0,0,0,0,0,0
2055,4083,access_vlan:SW1:eth1:20+trunk_remove:SW2:eth3:20,22472,22502,0.05,-4.65,30,True,False,False,True,False,step_limit,0.007524453476071358,30,1,29,0,0,0,0,0,1
2056,4084,access_vlan:SW1:eth2:10+trunk_remove:SW1:eth3:20+trunk_remove:SW2:eth3:10,22502,22506,0.05,9.049999999999999,4,True,False,True,False,True,recovery_success,0.01575304102152586,4,3,0,0,0,0,0,0,0
2057,4085,access_vlan:SW1:eth1:20+access_vlan:SW2:eth1:20+access_vlan:SW2:eth2:10+trunk_remove:SW1:eth3:20+trunk_remove:SW2:eth3:10+trunk_remove:SW2:eth3:20,22506,22512,0.05,8.6,6,True,False,True,False,True,recovery_success,0.018027388490736485,6,4,1,0,0,0,0,0,0
2058,4086,access_vlan:SW1:eth1:20+access_vlan:SW2:eth1:20+trunk_remove:SW1:eth3:10+trunk_remove:SW1:eth3:20+trunk_remove:SW2:eth3:10,22512,22520,0.05,7.35,8,True,False,True,False,True,recovery_success,0.01874732633586973,8,7,0,0,1,1,1,0,0
2059,4087,access_vlan:SW1:eth1:20+access_vlan:SW2:eth2:10+trunk_remove:SW1:eth3:20+trunk_remove:SW2:eth3:20,22520,22525,0.05,8.75,5,True,False,True,False,True,recovery_success,0.01596166342496872,5,4,0,0,0,0,0,0,0
2060,4088,access_vlan:SW1:eth1:20+access_vlan:SW1:eth2:10+access_vlan:SW2:eth2:10+trunk_remove:SW1:eth3:10+trunk_remove:SW1:eth3:20+trunk_remove:SW2:eth3:10,22525,22531,0.05,8.6,6,True,False,True,False,True,recovery_success,0.013526320457458496,6,4,1,0,0,0,0,0,0
2061,4089,access_vlan:SW2:eth2:10+trunk_remove:SW1:eth3:10+trunk_remove:SW2:eth3:20,22531,22537,0.05,7.949999999999999,6,True,False,True,False,True,recovery_success,0.019073433863619964,6,4,0,0,1,1,1,1,0
2062,4090,access_vlan:SW1:eth1:20+access_vlan:SW2:eth1:20+trunk_remove:SW1:eth3:10+trunk_remove:SW1:eth3:20+trunk_remove:SW2:eth3:10+trunk_remove:SW2:eth3:20,22537,22544,0.05,8.149999999999999,7,True,False,True,False,True,recovery_success,0.04688888681786401,7,6,0,0,0,0,0,0,0
2063,4091,access_vlan:SW1:eth1:20+access_vlan:SW1:eth2:10+access_vlan:SW2:eth2:10+trunk_remove:SW1:eth3:10+trunk_remove:SW2:eth3:10+trunk_remove:SW2:eth3:20,22544,22547,0.05,-10.65,3,True,False,True,False,False,incorrect_declare_done,0.03059608054657777,3,2,0,0,0,0,0,0,2
2064,4092,access_vlan:SW1:eth1:20+trunk_remove:SW1:eth3:10,22547,22550,0.05,9.35,3,True,False,True,False,True,recovery_success,0.03512974952658018,3,2,0,0,0,0,0,0,0
2065,4093,access_vlan:SW1:eth1:20+trunk_remove:SW1:eth3:10+trunk_remove:SW1:eth3:20,22550,22555,0.05,8.899999999999999,5,True,False,True,False,True,recovery_success,0.026618609391152858,5,3,1,0,0,0,0,0,0
2066,4094,access_vlan:SW1:eth1:20+trunk_remove:SW1:eth3:10+trunk_remove:SW1:eth3:20+trunk_remove:SW2:eth3:10,22555,22561,0.05,8.6,6,True,False,True,False,True,recovery_success,0.015185303520411253,6,4,1,0,0,0,0,0,0
2067,4095,access_vlan:SW1:eth2:10+access_vlan:SW2:eth1:20+access_vlan:SW2:eth2:10,22561,22563,0.05,9.649999999999999,2,True,False,True,False,True,recovery_success,0.01919057173654437,2,1,0,0,0,0,0,0,0
2068,4096,access_vlan:SW1:eth1:20+access_vlan:SW2:eth1:20+access_vlan:SW2:eth2:10+trunk_remove:SW2:eth3:20,22563,22567,0.05,9.2,4,True,False,True,False,True,recovery_success,0.08716482855379581,4,2,1,0,0,0,0,0,0
2069,4097,access_vlan:SW1:eth2:10+access_vlan:SW2:eth2:10+trunk_remove:SW2:eth3:10,22567,22571,0.05,9.049999999999999,4,True,False,True,False,True,recovery_success,0.01700113876722753,4,3,0,0,0,0,0,0,0
2070,4098,access_vlan:SW2:eth2:10+trunk_remove:SW1:eth3:10+trunk_remove:SW1:eth3:20+trunk_remove:SW2:eth3:10+trunk_remove:SW2:eth3:20,22571,22577,0.05,8.45,6,True,False,True,False,True,recovery_success,0.015043694525957108,6,5,0,0,0,0,0,0,0
2071,4099,access_vlan:SW1:eth1:20+access_vlan:SW2:eth1:20+access_vlan:SW2:eth2:10+trunk_remove:SW2:eth3:10+trunk_remove:SW2:eth3:20,22577,22582,0.05,8.899999999999999,5,True,False,True,False,True,recovery_success,0.013940868340432644,5,3,1,0,0,0,0,0,0
2072,4100,access_vlan:SW1:eth1:20+access_vlan:SW2:eth1:20+access_vlan:SW2:eth2:10+trunk_remove:SW2:eth3:20,22582,22587,0.05,9.049999999999999,5,True,False,True,False,True,recovery_success,0.01678108163177967,5,2,2,0,0,0,0,0,0
2073,4101,access_vlan:SW1:eth1:20+access_vlan:SW2:eth1:20+trunk_remove:SW1:eth3:10+trunk_remove:SW1:eth3:20+trunk_remove:SW2:eth3:10,22587,22594,0.05,8.299999999999999,7,True,False,True,False,True,recovery_success,0.017705011048487256,7,5,1,0,0,0,0,0,0
2074,4102,access_vlan:SW1:eth1:20+access_vlan:SW2:eth1:20+access_vlan:SW2:eth2:10+trunk_remove:SW1:eth3:10+trunk_remove:SW1:eth3:20+trunk_remove:SW2:eth3:10,22594,22624,0.05,-5.100000000000001,30,True,False,False,True,False,step_limit,0.01398124909028411,30,4,26,0,0,0,0,0,0
2075,4103,access_vlan:SW1:eth1:20+access_vlan:SW1:eth2:10+access_vlan:SW2:eth1:20+trunk_remove:SW1:eth3:20+trunk_remove:SW2:eth3:10+trunk_remove:SW2:eth3:20,22624,22654,0.05,-5.900000000000004,30,True,False,False,True,False,step_limit,0.010803560943653185,30,6,24,0,1,1,1,1,0
2076,4104,access_vlan:SW1:eth2:10+access_vlan:SW2:eth1:20+access_vlan:SW2:eth2:10+trunk_remove:SW1:eth3:10+trunk_remove:SW1:eth3:20+trunk_remove:SW2:eth3:20,22654,22660,0.05,8.6,6,True,False,True,False,True,recovery_success,0.015684358465174835,6,4,1,0,0,0,0,0,0
2077,4105,access_vlan:SW1:eth1:20+access_vlan:SW1:eth2:10+access_vlan:SW2:eth1:20+access_vlan:SW2:eth2:10+trunk_remove:SW1:eth3:10+trunk_remove:SW2:eth3:10+trunk_remove:SW2:eth3:20,22660,22665,0.05,8.899999999999999,5,True,False,True,False,True,recovery_success,0.019688152056187392,5,3,1,0,0,0,0,0,0
2078,4106,access_vlan:SW2:eth1:20+trunk_remove:SW2:eth3:10,22665,22678,0.05,7.85,13,True,False,True,False,True,recovery_success,0.03350161793283545,13,2,10,0,0,0,0,0,0
2079,4107,access_vlan:SW1:eth1:20+trunk_remove:SW2:eth3:10,22678,22682,0.05,9.2,4,True,False,True,False,True,recovery_success,0.011923442943952978,4,2,1,0,0,0,0,0,0
2080,4108,access_vlan:SW2:eth1:20+access_vlan:SW2:eth2:10+trunk_remove:SW2:eth3:20,22682,22686,0.05,8.549999999999999,4,True,False,True,False,True,recovery_success,0.0066287965746596456,4,3,0,0,1,1,1,0,0
2081,4109,access_vlan:SW2:eth1:20+access_vlan:SW2:eth2:10+trunk_remove:SW1:eth3:20,22686,22690,0.05,8.549999999999999,4,True,False,True,False,True,recovery_success,0.009639833238907158,4,3,0,0,1,1,1,0,0
2082,4110,access_vlan:SW1:eth1:20+access_vlan:SW1:eth2:10+trunk_remove:SW1:eth3:20+trunk_remove:SW2:eth3:10+trunk_remove:SW2:eth3:20,22690,22696,0.05,7.949999999999999,6,True,False,True,False,True,recovery_success,0.011959266227980455,6,5,0,0,1,1,1,0,0
2083,4111,access_vlan:SW1:eth2:10+access_vlan:SW2:eth1:20+access_vlan:SW2:eth2:10+trunk_remove:SW1:eth3:20+trunk_remove:SW2:eth3:20,22696,22701,0.05,8.899999999999999,5,True,False,True,False,True,recovery_success,0.01122394036501646,5,3,1,0,0,0,0,0,0
2084,4112,access_vlan:SW1:eth2:10+access_vlan:SW2:eth2:10+trunk_remove:SW1:eth3:10,22701,22706,0.05,8.899999999999999,5,True,False,True,False,True,recovery_success,0.008383647538721561,5,3,1,0,0,0,0,0,0
2085,4113,access_vlan:SW2:eth2:10+trunk_remove:SW1:eth3:10+trunk_remove:SW1:eth3:20,22706,22710,0.05,9.049999999999999,4,True,False,True,False,True,recovery_success,0.008388622314669192,4,3,0,0,0,0,0,0,0
2086,4114,access_vlan:SW1:eth2:10+access_vlan:SW2:eth1:20+trunk_remove:SW2:eth3:10,22710,22714,0.05,9.049999999999999,4,True,False,True,False,True,recovery_success,0.006219567032530904,4,3,0,0,0,0,0,0,0
2087,4115,access_vlan:SW1:eth2:10+trunk_remove:SW1:eth3:20+trunk_remove:SW2:eth3:10,22714,22718,0.05,9.049999999999999,4,True,False,True,False,True,recovery_success,0.005162442452274263,4,3,0,0,0,0,0,0,0
2088,4116,access_vlan:SW1:eth1:20+access_vlan:SW1:eth2:10+access_vlan:SW2:eth1:20+access_vlan:SW2:eth2:10+trunk_remove:SW2:eth3:10,22718,22721,0.05,9.5,3,True,False,True,False,True,recovery_success,0.006464052014052868,3,1,1,0,0,0,0,0,0
2089,4117,trunk_remove:SW1:eth3:10+trunk_remove:SW2:eth3:10,22721,22724,0.05,9.35,3,True,False,True,False,True,recovery_success,0.012043044281502565,3,2,0,0,0,0,0,0,0
2090,4118,access_vlan:SW1:eth1:20+access_vlan:SW2:eth2:10+trunk_remove:SW1:eth3:10+trunk_remove:SW2:eth3:20,22724,22729,0.05,8.75,5,True,False,True,False,True,recovery_success,0.011371814087033272,5,4,0,0,0,0,0,0,0
2091,4119,access_vlan:SW1:eth1:20+access_vlan:SW1:eth2:10+access_vlan:SW2:eth2:10+trunk_remove:SW1:eth3:10,22729,22733,0.05,9.2,4,True,False,True,False,True,recovery_success,0.08042595430742949,4,2,1,0,0,0,0,0,0
2092,4120,access_vlan:SW1:eth2:10+access_vlan:SW2:eth2:10+trunk_remove:SW1:eth3:10,22733,22737,0.05,9.049999999999999,4,True,False,True,False,True,recovery_success,0.013328609522432089,4,3,0,0,0,0,0,0,0
2093,4121,trunk_remove:SW1:eth3:10+trunk_remove:SW1:eth3:20+trunk_remove:SW2:eth3:10+trunk_remove:SW2:eth3:20,22737,22742,0.05,8.75,5,True,False,True,False,True,recovery_success,0.03828821964561939,5,4,0,0,0,0,0,0,0
2094,4122,access_vlan:SW1:eth2:10+trunk_remove:SW1:eth3:10+trunk_remove:SW2:eth3:20,22742,22746,0.05,9.049999999999999,4,True,False,True,False,True,recovery_success,0.0178291080519557,4,3,0,0,0,0,0,0,0
2095,4123,access_vlan:SW1:eth2:10+trunk_remove:SW1:eth3:10+trunk_remove:SW2:eth3:10,22746,22753,0.05,7.299999999999999,7,True,False,True,False,True,recovery_success,0.016806441558791057,7,4,1,0,2,2,1,0,0
2096,4124,access_vlan:SW1:eth2:10+access_vlan:SW2:eth1:20+trunk_remove:SW1:eth3:10,22753,22760,0.05,8.6,7,True,False,True,False,True,recovery_success,0.014407248768423284,7,3,3,0,0,0,0,0,0
2097,4125,access_vlan:SW1:eth1:20+access_vlan:SW2:eth1:20+access_vlan:SW2:eth2:10+trunk_remove:SW1:eth3:20,22760,22764,0.05,9.2,4,True,False,True,False,True,recovery_success,0.012412743410095572,4,2,1,0,0,0,0,0,0
2098,4126,access_vlan:SW1:eth1:20+access_vlan:SW1:eth2:10+access_vlan:SW2:eth1:20+trunk_remove:SW1:eth3:20,22764,22794,0.05,-8.700000000000003,30,True,False,False,True,False,step_limit,0.011049023720746239,30,8,22,0,6,5,2,2,3
2099,4127,access_vlan:SW1:eth2:10+access_vlan:SW2:eth2:10+trunk_remove:SW1:eth3:20+trunk_remove:SW2:eth3:20,22794,22804,0.05,-13.25,10,True,False,True,False,False,incorrect_declare_done,0.007645793119445443,10,6,0,0,1,1,1,0,1
2100,4128,access_vlan:SW1:eth2:10+access_vlan:SW2:eth1:20+access_vlan:SW2:eth2:10+trunk_remove:SW2:eth3:10+trunk_remove:SW2:eth3:20,22804,22834,0.05,-11.400000000000007,30,True,False,False,True,False,step_limit,0.01611029317912956,30,16,14,0,9,4,7,6,2
2101,4129,access_vlan:SW1:eth1:20+access_vlan:SW1:eth2:10+trunk_remove:SW1:eth3:10+trunk_remove:SW2:eth3:10+trunk_remove:SW2:eth3:20,22834,22840,0.05,7.949999999999999,6,True,False,True,False,True,recovery_success,0.01007557730190456,6,5,0,0,1,1,1,0,0
2102,4130,access_vlan:SW1:eth2:10+access_vlan:SW2:eth1:20+access_vlan:SW2:eth2:10+trunk_remove:SW1:eth3:20+trunk_remove:SW2:eth3:20,22840,22845,0.05,8.899999999999999,5,True,False,True,False,True,recovery_success,0.010689332336187362,5,3,1,0,0,0,0,0,0
2103,4131,access_vlan:SW2:eth1:20+access_vlan:SW2:eth2:10+trunk_remove:SW1:eth3:10+trunk_remove:SW1:eth3:20,22845,22850,0.05,8.25,5,True,False,True,False,True,recovery_success,0.013727810047566891,5,4,0,0,1,1,1,0,0
2104,4132,access_vlan:SW1:eth2:10+access_vlan:SW2:eth1:20,22850,22856,0.05,6.6,6,True,False,True,False,True,recovery_success,0.009006866719573736,6,4,1,0,4,3,2,1,0
2105,4133,access_vlan:SW1:eth1:20+access_vlan:SW1:eth2:10+access_vlan:SW2:eth1:20+trunk_remove:SW1:eth3:10+trunk_remove:SW1:eth3:20+trunk_remove:SW2:eth3:10+trunk_remove:SW2:eth3:20,22856,22869,0.05,5.799999999999999,13,True,False,True,False,True,recovery_success,0.010685849719895767,13,9,3,0,2,1,2,2,0
2106,4134,access_vlan:SW1:eth1:20+access_vlan:SW2:eth1:20+access_vlan:SW2:eth2:10+trunk_remove:SW2:eth3:10+trunk_remove:SW2:eth3:20,22869,22874,0.05,8.899999999999999,5,True,False,True,False,True,recovery_success,0.0669759625568986,5,3,1,0,0,0,0,0,0
2107,4135,trunk_remove:SW1:eth3:10+trunk_remove:SW2:eth3:10,22874,22878,0.05,9.2,4,True,False,True,False,True,recovery_success,0.006388967507518828,4,2,1,0,0,0,0,0,0
2108,4136,access_vlan:SW2:eth1:20+access_vlan:SW2:eth2:10+trunk_remove:SW1:eth3:20+trunk_remove:SW2:eth3:20,22878,22886,0.05,7.5,8,True,False,True,False,True,recovery_success,0.007415479194605723,8,6,1,0,1,1,1,0,0
2109,4137,access_vlan:SW1:eth1:20+access_vlan:SW1:eth2:10+access_vlan:SW2:eth2:10+trunk_remove:SW1:eth3:20+trunk_remove:SW2:eth3:20,22886,22891,0.05,8.899999999999999,5,True,False,True,False,True,recovery_success,0.005689421389251948,5,3,1,0,0,0,0,0,0
2110,4138,access_vlan:SW1:eth2:10+access_vlan:SW2:eth2:10+trunk_remove:SW1:eth3:20+trunk_remove:SW2:eth3:10+trunk_remove:SW2:eth3:20,22891,22898,0.05,8.299999999999999,7,True,False,True,False,True,recovery_success,0.0077981117314526015,7,5,1,0,0,0,0,0,0
2111,4139,access_vlan:SW1:eth1:20+access_vlan:SW2:eth2:10+trunk_remove:SW2:eth3:10,22898,22902,0.05,8.549999999999999,4,True,False,True,False,True,recovery_success,0.00834318995475769,4,3,0,0,1,1,1,0,0
2112,4140,access_vlan:SW2:eth1:20+access_vlan:SW2:eth2:10+trunk_remove:SW1:eth3:10+trunk_remove:SW1:eth3:20+trunk_remove:SW2:eth3:10+trunk_remove:SW2:eth3:20,22902,22911,0.05,6.05,9,True,False,True,False,True,recovery_success,0.011091181801425086,9,8,0,0,3,2,2,0,0
2113,4141,access_vlan:SW1:eth2:10+access_vlan:SW2:eth1:20+access_vlan:SW2:eth2:10+trunk_remove:SW1:eth3:10,22911,22915,0.05,9.2,4,True,False,True,False,True,recovery_success,0.007564970292150974,4,2,1,0,0,0,0,0,0
2114,4142,access_vlan:SW1:eth2:10+trunk_remove:SW1:eth3:10,22915,22918,0.05,9.35,3,True,False,True,False,True,recovery_success,0.007204945820073287,3,2,0,0,0,0,0,0,0
2115,4143,access_vlan:SW1:eth2:10+access_vlan:SW2:eth2:10+trunk_remove:SW1:eth3:10+trunk_remove:SW1:eth3:20+trunk_remove:SW2:eth3:20,22918,22924,0.05,8.45,6,True,False,True,False,True,recovery_success,0.006696312765901287,6,5,0,0,0,0,0,0,0
2116,4144,access_vlan:SW2:eth2:10+trunk_remove:SW1:eth3:10+trunk_remove:SW2:eth3:10+trunk_remove:SW2:eth3:20,22924,22929,0.05,8.75,5,True,False,True,False,True,recovery_success,0.008642036374658347,5,4,0,0,0,0,0,0,0
2117,4145,access_vlan:SW1:eth2:10+trunk_remove:SW1:eth3:10+trunk_remove:SW1:eth3:20+trunk_remove:SW2:eth3:20,22929,22935,0.05,8.6,6,True,False,True,False,True,recovery_success,0.0070233941078186035,6,4,1,0,0,0,0,0,0
2118,4146,access_vlan:SW1:eth2:10+trunk_remove:SW1:eth3:20+trunk_remove:SW2:eth3:10,22935,22939,0.05,9.049999999999999,4,True,False,True,False,True,recovery_success,0.005983144510537386,4,3,0,0,0,0,0,0,0
2119,4147,access_vlan:SW1:eth1:20+trunk_remove:SW1:eth3:10+trunk_remove:SW2:eth3:10+trunk_remove:SW2:eth3:20,22939,22944,0.05,8.75,5,True,False,True,False,True,recovery_success,0.007593197841197252,5,4,0,0,0,0,0,0,0
2120,4148,access_vlan:SW1:eth2:10+access_vlan:SW2:eth1:20+access_vlan:SW2:eth2:10+trunk_remove:SW1:eth3:10+trunk_remove:SW1:eth3:20+trunk_remove:SW2:eth3:10,22944,22950,0.05,8.6,6,True,False,True,False,True,recovery_success,0.008587665623053908,6,4,1,0,0,0,0,0,0
2121,4149,access_vlan:SW2:eth1:20+access_vlan:SW2:eth2:10+trunk_remove:SW1:eth3:10+trunk_remove:SW2:eth3:10+trunk_remove:SW2:eth3:20,22950,22956,0.05,7.949999999999999,6,True,False,True,False,True,recovery_success,0.011276625096797943,6,5,0,0,1,1,1,0,0
2122,4150,access_vlan:SW1:eth1:20+access_vlan:SW1:eth2:10+access_vlan:SW2:eth1:20+access_vlan:SW2:eth2:10+trunk_remove:SW1:eth3:20+trunk_remove:SW2:eth3:10,22956,22966,0.05,8.299999999999999,10,True,False,True,False,True,recovery_success,0.008535242080688477,10,2,7,0,0,0,0,0,0
2123,4151,access_vlan:SW1:eth1:20+trunk_remove:SW1:eth3:10+trunk_remove:SW2:eth3:20,22966,22970,0.05,9.049999999999999,4,True,False,True,False,True,recovery_success,0.007988003082573414,4,3,0,0,0,0,0,0,0
2124,4152,access_vlan:SW1:eth1:20+access_vlan:SW2:eth1:20+access_vlan:SW2:eth2:10+trunk_remove:SW1:eth3:10,22970,22974,0.05,9.2,4,True,False,True,False,True,recovery_success,0.007967325975187123,4,2,1,0,0,0,0,0,0
2125,4153,access_vlan:SW1:eth1:20+access_vlan:SW1:eth2:10+access_vlan:SW2:eth1:20+access_vlan:SW2:eth2:10+trunk_remove:SW1:eth3:10+trunk_remove:SW2:eth3:10+trunk_remove:SW2:eth3:20,22974,22979,0.05,8.899999999999999,5,True,False,True,False,True,recovery_success,0.00919718323275447,5,3,1,0,0,0,0,0,0
2126,4154,access_vlan:SW1:eth1:20+access_vlan:SW2:eth1:20+trunk_remove:SW1:eth3:20,22979,22983,0.05,9.049999999999999,4,True,False,True,False,True,recovery_success,0.010260610608384013,4,3,0,0,0,0,0,0,0
2127,4155,access_vlan:SW1:eth2:10+access_vlan:SW2:eth2:10+trunk_remove:SW1:eth3:10+trunk_remove:SW2:eth3:10+trunk_remove:SW2:eth3:20,22983,22996,0.05,5.0,13,True,False,True,False,True,recovery_success,0.008510171256672878,13,11,1,0,3,3,1,1,0
2128,4156,access_vlan:SW1:eth2:10+access_vlan:SW2:eth1:20+trunk_remove:SW1:eth3:10+trunk_remove:SW1:eth3:20,22996,23002,0.05,8.6,6,True,False,True,False,True,recovery_success,0.010760995016122857,6,4,1,0,0,0,0,0,0
2129,4157,access_vlan:SW1:eth1:20+access_vlan:SW1:eth2:10+trunk_remove:SW1:eth3:20+trunk_remove:SW2:eth3:20,23002,23007,0.05,8.25,5,True,False,True,False,True,recovery_success,0.016388990543782712,5,4,0,0,1,1,1,0,0
2130,4158,access_vlan:SW1:eth2:10+trunk_remove:SW1:eth3:20+trunk_remove:SW2:eth3:10+trunk_remove:SW2:eth3:20,23007,23013,0.05,8.6,6,True,False,True,False,True,recovery_success,0.013223842407266298,6,4,1,0,0,0,0,0,0
2131,4159,access_vlan:SW1:eth1:20+access_vlan:SW2:eth2:10+trunk_remove:SW1:eth3:20,23013,23020,0.05,8.6,7,True,False,True,False,True,recovery_success,0.008035233576915093,7,3,3,0,0,0,0,0,0
2132,4160,access_vlan:SW1:eth1:20+access_vlan:SW1:eth2:10+access_vlan:SW2:eth2:10+trunk_remove:SW1:eth3:10+trunk_remove:SW1:eth3:20+trunk_remove:SW2:eth3:10+trunk_remove:SW2:eth3:20,23020,23027,0.05,8.299999999999999,7,True,False,True,False,True,recovery_success,0.00866888796112367,7,5,1,0,0,0,0,0,0
2133,4161,access_vlan:SW1:eth1:20+access_vlan:SW2:eth1:20+access_vlan:SW2:eth2:10+trunk_remove:SW1:eth3:10+trunk_remove:SW2:eth3:20,23027,23041,0.05,7.550000000000001,14,True,False,True,False,True,recovery_success,0.010643631951617343,14,3,10,0,0,0,0,0,0
2134,4162,access_vlan:SW1:eth2:10+access_vlan:SW2:eth2:10+trunk_remove:SW1:eth3:10+trunk_remove:SW1:eth3:20+trunk_remove:SW2:eth3:10+trunk_remove:SW2:eth3:20,23041,23048,0.05,8.149999999999999,7,True,False,True,False,True,recovery_success,0.008545293738799436,7,6,0,0,0,0,0,0,0
2135,4163,trunk_remove:SW1:eth3:20+trunk_remove:SW2:eth3:20,23048,23053,0.05,7.749999999999999,5,True,False,True,False,True,recovery_success,0.013185640145093203,5,4,0,0,2,2,1,0,0
2136,4164,access_vlan:SW1:eth2:10+access_vlan:SW2:eth2:10+trunk_remove:SW1:eth3:10+trunk_remove:SW2:eth3:10+trunk_remove:SW2:eth3:20,23053,23067,0.05,7.25,14,True,False,True,False,True,recovery_success,0.0111497168628765,14,5,8,0,0,0,0,0,0
2137,4165,access_vlan:SW1:eth1:20+trunk_remove:SW2:eth3:10+trunk_remove:SW2:eth3:20,23067,23072,0.05,8.899999999999999,5,True,False,True,False,True,recovery_success,0.01028921063989401,5,3,1,0,0,0,0,0,0
2138,4166,access_vlan:SW1:eth2:10+access_vlan:SW2:eth2:10+trunk_remove:SW1:eth3:10+trunk_remove:SW2:eth3:10+trunk_remove:SW2:eth3:20,23072,23078,0.05,8.45,6,True,False,True,False,True,recovery_success,0.00970999849960208,6,5,0,0,0,0,0,0,0
2139,4167,access_vlan:SW1:eth1:20+access_vlan:SW1:eth2:10+access_vlan:SW2:eth1:20+trunk_remove:SW2:eth3:10,23078,23084,0.05,8.899999999999999,6,True,False,True,False,True,recovery_success,0.00920736106733481,6,2,3,0,0,0,0,0,0
2140,4168,access_vlan:SW2:eth2:10+trunk_remove:SW2:eth3:10,23084,23090,0.05,8.6,6,True,False,True,False,True,recovery_success,0.010532717841366926,6,4,1,0,0,0,0,0,0
2141,4169,access_vlan:SW1:eth1:20+access_vlan:SW2:eth1:20+access_vlan:SW2:eth2:10+trunk_remove:SW1:eth3:10+trunk_remove:SW1:eth3:20+trunk_remove:SW2:eth3:10+trunk_remove:SW2:eth3:20,23090,23097,0.05,8.299999999999999,7,True,False,True,False,True,recovery_success,0.00705600662955216,7,5,1,0,0,0,0,0,0
2142,4170,access_vlan:SW1:eth2:10+trunk_remove:SW1:eth3:10+trunk_remove:SW1:eth3:20,23097,23100,0.05,-10.65,3,True,False,True,False,False,incorrect_declare_done,0.012315090435246626,3,2,0,0,0,0,0,0,1
2143,4171,access_vlan:SW1:eth1:20+access_vlan:SW1:eth2:10+access_vlan:SW2:eth1:20+access_vlan:SW2:eth2:10+trunk_remove:SW2:eth3:10,23100,23130,0.05,-7.400000000000005,30,True,False,False,True,False,step_limit,0.008444503368809819,30,6,24,0,4,3,3,2,1
2144,4172,access_vlan:SW1:eth1:20+trunk_remove:SW1:eth3:20+trunk_remove:SW2:eth3:10+trunk_remove:SW2:eth3:20,23130,23139,0.05,4.55,9,True,False,True,False,True,recovery_success,0.00812780590624445,9,8,0,0,6,5,2,2,0
2145,4173,access_vlan:SW1:eth1:20+trunk_remove:SW1:eth3:10+trunk_remove:SW1:eth3:20+trunk_remove:SW2:eth3:10+trunk_remove:SW2:eth3:20,23139,23145,0.05,8.45,6,True,False,True,False,True,recovery_success,0.008682746595392624,6,5,0,0,0,0,0,0,0
2146,4174,access_vlan:SW1:eth1:20+access_vlan:SW2:eth1:20+trunk_remove:SW1:eth3:10+trunk_remove:SW1:eth3:20,23145,23155,0.05,8.0,10,True,False,True,False,True,recovery_success,0.0075765653979033235,10,4,5,0,0,0,0,0,0
2147,4175,access_vlan:SW1:eth1:20+access_vlan:SW1:eth2:10+access_vlan:SW2:eth2:10+trunk_remove:SW1:eth3:20+trunk_remove:SW2:eth3:10,23155,23182,0.05,5.6000000000000005,27,True,False,True,False,True,recovery_success,0.006748131924757251,27,3,23,0,0,0,0,0,0
2148,4176,trunk_remove:SW1:eth3:20+trunk_remove:SW2:eth3:20,23182,23186,0.05,9.2,4,True,False,True,False,True,recovery_success,0.026802875800058246,4,2,1,0,0,0,0,0,0
2149,4177,access_vlan:SW1:eth1:20+access_vlan:SW1:eth2:10+trunk_remove:SW2:eth3:20,23186,23190,0.05,8.549999999999999,4,True,False,True,False,True,recovery_success,0.007892386289313436,4,3,0,0,1,1,1,0,0
2150,4178,access_vlan:SW1:eth1:20+access_vlan:SW1:eth2:10+trunk_remove:SW1:eth3:10+trunk_remove:SW1:eth3:20+trunk_remove:SW2:eth3:20,23190,23196,0.05,7.949999999999999,6,True,False,True,False,True,recovery_success,0.010478445095941424,6,5,0,0,1,1,1,0,0
2151,4179,access_vlan:SW2:eth2:10+trunk_remove:SW1:eth3:20+trunk_remove:SW2:eth3:20,23196,23200,0.05,9.049999999999999,4,True,False,True,False,True,recovery_success,0.009168139542452991,4,3,0,0,0,0,0,0,0
2152,4180,access_vlan:SW1:eth1:20+access_vlan:SW1:eth2:10+trunk_remove:SW1:eth3:10+trunk_remove:SW1:eth3:20+trunk_remove:SW2:eth3:10,23200,23208,0.05,6.35,8,True,False,True,False,True,recovery_success,0.008501065778546035,8,7,0,0,3,2,2,0,0
2153,4181,access_vlan:SW1:eth1:20,23208,23211,0.05,9.5,3,True,False,True,False,True,recovery_success,0.015970404259860516,3,1,1,0,0,0,0,0,0
2154,4182,access_vlan:SW2:eth1:20+trunk_remove:SW1:eth3:10,23211,23214,0.05,9.35,3,True,False,True,False,True,recovery_success,0.006553677997241418,3,2,0,0,0,0,0,0,0
2155,4183,access_vlan:SW2:eth1:20+trunk_remove:SW1:eth3:10+trunk_remove:SW1:eth3:20,23214,23220,0.05,7.449999999999999,6,True,False,True,False,True,recovery_success,0.010245217864091197,6,4,0,0,2,2,1,0,0
2156,4184,access_vlan:SW1:eth1:20+access_vlan:SW1:eth2:10+access_vlan:SW2:eth1:20+trunk_remove:SW1:eth3:20+trunk_remove:SW2:eth3:10+trunk_remove:SW2:eth3:20,23220,23237,0.05,4.35,17,True,False,True,False,True,recovery_success,0.010313618161222515,17,7,8,0,4,4,2,2,0
2157,4185,access_vlan:SW1:eth1:20+access_vlan:SW2:eth1:20+access_vlan:SW2:eth2:10+trunk_remove:SW2:eth3:10+trunk_remove:SW2:eth3:20,23237,23250,0.05,7.7,13,True,False,True,False,True,recovery_success,0.007535865870662606,13,3,9,0,0,0,0,0,0
2158,4186,access_vlan:SW1:eth1:20+access_vlan:SW2:eth1:20+trunk_remove:SW1:eth3:10+trunk_remove:SW1:eth3:20+trunk_remove:SW2:eth3:10+trunk_remove:SW2:eth3:20,23250,23257,0.05,8.149999999999999,7,True,False,True,False,True,recovery_success,0.006584390997886658,7,6,0,0,0,0,0,0,0
2159,4187,access_vlan:SW2:eth2:10+trunk_remove:SW2:eth3:20,23257,23261,0.05,9.2,4,True,False,True,False,True,recovery_success,0.007439374574460089,4,2,1,0,0,0,0,0,0
2160,4188,access_vlan:SW1:eth1:20+access_vlan:SW2:eth1:20+access_vlan:SW2:eth2:10+trunk_remove:SW2:eth3:20,23261,23272,0.05,8.149999999999999,11,True,False,True,False,True,recovery_success,0.008076446977528658,11,2,8,0,0,0,0,0,0
2161,4189,access_vlan:SW2:eth2:10,23272,23275,0.05,9.5,3,True,False,True,False,True,recovery_success,0.008367680944502354,3,1,1,0,0,0,0,0,0
2162,4190,access_vlan:SW1:eth1:20+access_vlan:SW1:eth2:10,23275,23278,0.05,8.85,3,True,False,True,False,True,recovery_success,0.005954458145424724,3,2,0,0,1,1,1,0,0
2163,4191,access_vlan:SW1:eth1:20+access_vlan:SW1:eth2:10+access_vlan:SW2:eth2:10,23278,23280,0.05,9.649999999999999,2,True,False,True,False,True,recovery_success,0.0063779414631426334,2,1,0,0,0,0,0,0,0
2164,4192,access_vlan:SW2:eth1:20+trunk_remove:SW2:eth3:20,23280,23283,0.05,9.35,3,True,False,True,False,True,recovery_success,0.005802785822500785,3,2,0,0,0,0,0,0,0
2165,4193,access_vlan:SW1:eth1:20+access_vlan:SW1:eth2:10+trunk_remove:SW1:eth3:10,23283,23288,0.05,8.399999999999999,5,True,False,True,False,True,recovery_success,0.008951077656820416,5,3,1,0,1,1,1,0,0
2166,4194,access_vlan:SW1:eth1:20+access_vlan:SW2:eth2:10+trunk_remove:SW1:eth3:20+trunk_remove:SW2:eth3:20,23288,23297,0.05,7.6499999999999995,9,True,False,True,False,True,recovery_success,0.008400506702148251,9,4,4,0,1,1,1,0,0
2167,4195,access_vlan:SW1:eth1:20+access_vlan:SW1:eth2:10+trunk_remove:SW1:eth3:10+trunk_remove:SW2:eth3:10+trunk_remove:SW2:eth3:20,23297,23303,0.05,7.949999999999999,6,True,False,True,False,True,recovery_success,0.014162726157034436,6,5,0,0,1,1,1,0,0
2168,4196,access_vlan:SW1:eth2:10+access_vlan:SW2:eth2:10+trunk_remove:SW1:eth3:10,23303,23308,0.05,8.899999999999999,5,True,False,True,False,True,recovery_success,0.013200751692056655,5,3,1,0,0,0,0,0,0
2169,4197,access_vlan:SW1:eth2:10+access_vlan:SW2:eth1:20+access_vlan:SW2:eth2:10+trunk_remove:SW1:eth3:10+trunk_remove:SW2:eth3:10,23308,23322,0.05,7.550000000000001,14,True,False,True,False,True,recovery_success,0.030764119998951043,14,3,10,0,0,0,0,0,0
2170,4198,access_vlan:SW1:eth2:10+access_vlan:SW2:eth2:10+trunk_remove:SW1:eth3:10+trunk_remove:SW1:eth3:20,23322,23327,0.05,8.75,5,True,False,True,False,True,recovery_success,0.01317620426416397,5,4,0,0,0,0,0,0,0
2171,4199,access_vlan:SW2:eth1:20+access_vlan:SW2:eth2:10+trunk_remove:SW1:eth3:20+trunk_remove:SW2:eth3:20,23327,23333,0.05,8.1,6,True,False,True,False,True,recovery_success,0.00902395051283141,6,4,1,0,1,1,1,0,0
2172,4200,access_vlan:SW1:eth1:20+access_vlan:SW2:eth1:20+trunk_remove:SW1:eth3:20,23333,23338,0.05,8.899999999999999,5,True,False,True,False,True,recovery_success,0.004770094994455576,5,3,1,0,0,0,0,0,0
2173,4201,access_vlan:SW1:eth1:20+access_vlan:SW2:eth1:20+trunk_remove:SW1:eth3:20,23338,23348,0.05,8.15,10,True,False,True,False,True,recovery_success,0.0063699580729007724,10,3,6,0,0,0,0,0,0
2174,4202,access_vlan:SW1:eth1:20+access_vlan:SW1:eth2:10+access_vlan:SW2:eth1:20+trunk_remove:SW1:eth3:20,23348,23361,0.05,7.05,13,True,False,True,False,True,recovery_success,0.004640968641839349,13,4,8,0,1,1,1,1,0
2175,4203,access_vlan:SW1:eth1:20+trunk_remove:SW1:eth3:10+trunk_remove:SW1:eth3:20+trunk_remove:SW2:eth3:10,23361,23366,0.05,8.75,5,True,False,True,False,True,recovery_success,0.006275832746177911,5,4,0,0,0,0,0,0,0
2176,4204,access_vlan:SW1:eth2:10+access_vlan:SW2:eth1:20+trunk_remove:SW1:eth3:20+trunk_remove:SW2:eth3:10+trunk_remove:SW2:eth3:20,23366,23372,0.05,8.45,6,True,False,True,False,True,recovery_success,0.007403074375664194,6,5,0,0,0,0,0,0,0
2177,4205,access_vlan:SW1:eth1:20+access_vlan:SW1:eth2:10+access_vlan:SW2:eth2:10,23372,23387,0.05,7.699999999999999,15,True,False,True,False,True,recovery_success,0.02469209392244617,15,1,13,0,0,0,0,0,0
2178,4206,access_vlan:SW1:eth2:10+access_vlan:SW2:eth2:10+trunk_remove:SW1:eth3:10+trunk_remove:SW2:eth3:10,23387,23394,0.05,7.1499999999999995,7,True,False,True,False,True,recovery_success,0.00512256652915052,7,6,0,0,2,2,1,0,0
2179,4207,access_vlan:SW2:eth1:20+trunk_remove:SW2:eth3:20,23394,23397,0.05,9.35,3,True,False,True,False,True,recovery_success,0.006094797359158595,3,2,0,0,0,0,0,0,0
2180,4208,access_vlan:SW1:eth2:10+access_vlan:SW2:eth2:10+trunk_remove:SW1:eth3:10+trunk_remove:SW1:eth3:20+trunk_remove:SW2:eth3:20,23397,23403,0.05,8.45,6,True,False,True,False,True,recovery_success,0.007967485658203563,6,5,0,0,0,0,0,0,0
2181,4209,access_vlan:SW2:eth1:20+trunk_remove:SW1:eth3:20+trunk_remove:SW2:eth3:10,23403,23408,0.05,8.899999999999999,5,True,False,True,False,True,recovery_success,0.0048083442263305185,5,3,1,0,0,0,0,0,0
2182,4210,access_vlan:SW1:eth2:10+access_vlan:SW2:eth1:20+trunk_remove:SW1:eth3:10+trunk_remove:SW2:eth3:10+trunk_remove:SW2:eth3:20,23408,23415,0.05,8.299999999999999,7,True,False,True,False,True,recovery_success,0.005665181038369026,7,5,1,0,0,0,0,0,0
2183,4211,access_vlan:SW1:eth1:20+trunk_remove:SW1:eth3:20,23415,23419,0.05,9.2,4,True,False,True,False,True,recovery_success,0.00430218008114025,4,2,1,0,0,0,0,0,0
2184,4212,trunk_remove:SW1:eth3:20+trunk_remove:SW2:eth3:20,23419,23423,0.05,9.2,4,True,False,True,False,True,recovery_success,0.004044089117087424,4,2,1,0,0,0,0,0,0
2185,4213,access_vlan:SW1:eth2:10+access_vlan:SW2:eth1:20+access_vlan:SW2:eth2:10+trunk_remove:SW1:eth3:10+trunk_remove:SW1:eth3:20+trunk_remove:SW2:eth3:10+trunk_remove:SW2:eth3:20,23423,23438,0.05,6.300000000000001,15,True,False,True,False,True,recovery_success,0.004119967482984066,15,7,7,0,1,1,1,0,0
2186,4214,access_vlan:SW1:eth1:20+access_vlan:SW2:eth1:20+trunk_remove:SW1:eth3:10+trunk_remove:SW1:eth3:20+trunk_remove:SW2:eth3:10,23438,23444,0.05,8.45,6,True,False,True,False,True,recovery_success,0.005613568626965086,6,5,0,0,0,0,0,0,0
2187,4215,access_vlan:SW1:eth1:20+access_vlan:SW2:eth1:20+trunk_remove:SW2:eth3:10,23444,23448,0.05,8.549999999999999,4,True,False,True,False,True,recovery_success,0.006084067455958575,4,3,0,0,1,1,1,0,0
2188,4216,access_vlan:SW1:eth1:20+access_vlan:SW1:eth2:10+access_vlan:SW2:eth1:20+access_vlan:SW2:eth2:10+trunk_remove:SW2:eth3:20,23448,23454,0.05,9.049999999999999,6,True,False,True,False,True,recovery_success,0.006862614497852822,6,1,4,0,0,0,0,0,0
2189,4217,access_vlan:SW1:eth1:20+access_vlan:SW1:eth2:10+trunk_remove:SW1:eth3:10+trunk_remove:SW1:eth3:20+trunk_remove:SW2:eth3:10+trunk_remove:SW2:eth3:20,23454,23461,0.05,7.6499999999999995,7,True,False,True,False,True,recovery_success,0.005496484027909381,7,6,0,0,1,1,1,0,0
2190,4218,access_vlan:SW1:eth2:10+access_vlan:SW2:eth1:20+trunk_remove:SW1:eth3:10+trunk_remove:SW2:eth3:20,23461,23466,0.05,8.75,5,True,False,True,False,True,recovery_success,0.005410010740160942,5,4,0,0,0,0,0,0,0
2191,4219,access_vlan:SW1:eth1:20+access_vlan:SW1:eth2:10,23466,23469,0.05,8.85,3,True,False,True,False,True,recovery_success,0.006515992262090246,3,2,0,0,1,1,1,0,0
2192,4220,access_vlan:SW2:eth1:20+access_vlan:SW2:eth2:10+trunk_remove:SW1:eth3:10+trunk_remove:SW1:eth3:20+trunk_remove:SW2:eth3:10+trunk_remove:SW2:eth3:20,23469,23476,0.05,7.6499999999999995,7,True,False,True,False,True,recovery_success,0.0067190998899085185,7,6,0,0,1,1,1,0,0
2193,4221,access_vlan:SW1:eth1:20+access_vlan:SW1:eth2:10+access_vlan:SW2:eth1:20+access_vlan:SW2:eth2:10+trunk_remove:SW1:eth3:20+trunk_remove:SW2:eth3:20,23476,23490,0.05,7.699999999999999,14,True,False,True,False,True,recovery_success,0.005584107229619154,14,2,11,0,0,0,0,0,0
2194,4222,access_vlan:SW2:eth2:10+trunk_remove:SW1:eth3:10,23490,23494,0.05,9.2,4,True,False,True,False,True,recovery_success,0.005695158732123673,4,2,1,0,0,0,0,0,0
2195,4223,access_vlan:SW1:eth1:20+trunk_remove:SW1:eth3:10+trunk_remove:SW1:eth3:20+trunk_remove:SW2:eth3:10,23494,23499,0.05,8.75,5,True,False,True,False,True,recovery_success,0.004832800151780248,5,4,0,0,0,0,0,0,0
2196,4224,access_vlan:SW1:eth1:20+access_vlan:SW2:eth1:20+access_vlan:SW2:eth2:10+trunk_remove:SW2:eth3:20,23499,23512,0.05,7.05,13,True,False,True,False,True,recovery_success,0.011763601348950313,13,3,8,0,1,1,1,1,0
2197,4225,access_vlan:SW2:eth1:20+trunk_remove:SW1:eth3:10+trunk_remove:SW1:eth3:20,23512,23516,0.05,9.049999999999999,4,True,False,True,False,True,recovery_success,0.012160928919911385,4,3,0,0,0,0,0,0,0
2198,4226,access_vlan:SW1:eth2:10+access_vlan:SW2:eth1:20+trunk_remove:SW1:eth3:20+trunk_remove:SW2:eth3:10+trunk_remove:SW2:eth3:20,23516,23522,0.05,8.45,6,True,False,True,False,True,recovery_success,0.012128792703151703,6,5,0,0,0,0,0,0,0
2199,4227,access_vlan:SW1:eth1:20+trunk_remove:SW1:eth3:10+trunk_remove:SW2:eth3:10,23522,23526,0.05,9.049999999999999,4,True,False,True,False,True,recovery_success,0.01078320131637156,4,3,0,0,0,0,0,0,0
2200,4228,access_vlan:SW1:eth1:20+access_vlan:SW2:eth1:20+trunk_remove:SW2:eth3:10+trunk_remove:SW2:eth3:20,23526,23531,0.05,8.75,5,True,False,True,False,True,recovery_success,0.06772336838766932,5,4,0,0,0,0,0,0,0
2201,4229,access_vlan:SW1:eth1:20+access_vlan:SW2:eth1:20+trunk_remove:SW1:eth3:10+trunk_remove:SW1:eth3:20+trunk_remove:SW2:eth3:20,23531,23537,0.05,8.45,6,True,False,True,False,True,recovery_success,0.009395230406274399,6,5,0,0,0,0,0,0,0
2202,4230,access_vlan:SW1:eth1:20+access_vlan:SW1:eth2:10+access_vlan:SW2:eth1:20+trunk_remove:SW1:eth3:10+trunk_remove:SW2:eth3:20,23537,23551,0.05,7.550000000000001,14,True,False,True,False,True,recovery_success,0.008824171897556101,14,3,10,0,0,0,0,0,0
2203,4231,access_vlan:SW1:eth2:10+access_vlan:SW2:eth2:10+trunk_remove:SW1:eth3:20+trunk_remove:SW2:eth3:10+trunk_remove:SW2:eth3:20,23551,23557,0.05,8.45,6,True,False,True,False,True,recovery_success,0.009117379086092114,6,5,0,0,0,0,0,0,0
2204,4232,access_vlan:SW2:eth1:20+access_vlan:SW2:eth2:10+trunk_remove:SW1:eth3:20,23557,23587,0.05,-7.050000000000002,30,True,False,False,True,False,step_limit,0.010001890361309052,30,6,23,0,3,2,3,0,3
2205,4233,access_vlan:SW1:eth1:20+access_vlan:SW1:eth2:10+trunk_remove:SW1:eth3:10,23587,23592,0.05,8.399999999999999,5,True,False,True,False,True,recovery_success,0.018846731074154376,5,3,1,0,1,1,1,0,0
2206,4234,access_vlan:SW1:eth1:20+access_vlan:SW1:eth2:10+access_vlan:SW2:eth2:10+trunk_remove:SW1:eth3:10,23592,23605,0.05,5.749999999999999,13,True,False,True,False,True,recovery_success,0.020577772019001152,13,6,6,0,3,3,2,1,0
2207,4235,access_vlan:SW1:eth1:20+access_vlan:SW1:eth2:10+trunk_remove:SW2:eth3:10+trunk_remove:SW2:eth3:20,23605,23612,0.05,7.949999999999999,7,True,False,True,False,True,recovery_success,0.02313710828976972,7,4,2,0,1,1,1,0,0
2208,4236,access_vlan:SW1:eth2:10+trunk_remove:SW1:eth3:20+trunk_remove:SW2:eth3:10+trunk_remove:SW2:eth3:20,23612,23617,0.05,8.75,5,True,False,True,False,True,recovery_success,0.02675298247486353,5,4,0,0,0,0,0,0,0
2209,4237,access_vlan:SW1:eth1:20+access_vlan:SW1:eth2:10+access_vlan:SW2:eth2:10+trunk_remove:SW1:eth3:20+trunk_remove:SW2:eth3:10,23617,23632,0.05,7.4,15,True,False,True,False,True,recovery_success,0.03241459184015791,15,3,11,0,0,0,0,0,0
2210,4238,access_vlan:SW1:eth2:10+access_vlan:SW2:eth2:10+trunk_remove:SW1:eth3:20,23632,23636,0.05,8.549999999999999,4,True,False,True,False,True,recovery_success,0.011160306632518768,4,3,0,0,1,1,1,0,0
2211,4239,access_vlan:SW1:eth1:20+access_vlan:SW2:eth1:20,23636,23640,0.05,8.7,4,True,False,True,False,True,recovery_success,0.01127321575768292,4,2,1,0,1,1,1,0,0
2212,4240,access_vlan:SW2:eth1:20+access_vlan:SW2:eth2:10+trunk_remove:SW1:eth3:20+trunk_remove:SW2:eth3:10+trunk_remove:SW2:eth3:20,23640,23647,0.05,7.799999999999999,7,True,False,True,False,True,recovery_success,0.008971612235265118,7,5,1,0,1,1,1,0,0
2213,4241,access_vlan:SW1:eth2:10+trunk_remove:SW1:eth3:20+trunk_remove:SW2:eth3:10,23647,23652,0.05,8.899999999999999,5,True,False,True,False,True,recovery_success,0.012984673678874969,5,3,1,0,0,0,0,0,0
2214,4242,access_vlan:SW1:eth2:10+access_vlan:SW2:eth1:20+access_vlan:SW2:eth2:10,23652,23669,0.05,6.300000000000001,17,True,False,True,False,True,recovery_success,0.00954454263453098,17,5,11,0,1,1,1,1,0
2215,4243,access_vlan:SW1:eth1:20+access_vlan:SW2:eth1:20+access_vlan:SW2:eth2:10+trunk_remove:SW1:eth3:10+trunk_remove:SW1:eth3:20+trunk_remove:SW2:eth3:20,23669,23685,0.05,5.3,16,True,False,True,False,True,recovery_success,0.016559829527977854,16,6,9,0,3,3,1,1,0
2216,4244,access_vlan:SW1:eth2:10+trunk_remove:SW1:eth3:10+trunk_remove:SW2:eth3:10+trunk_remove:SW2:eth3:20,23685,23692,0.05,7.6499999999999995,7,True,False,True,False,True,recovery_success,0.008235447108745575,7,6,0,0,1,1,1,1,0
2217,4245,access_vlan:SW1:eth1:20+access_vlan:SW1:eth2:10+access_vlan:SW2:eth1:20+access_vlan:SW2:eth2:10+trunk_remove:SW1:eth3:10+trunk_remove:SW1:eth3:20+trunk_remove:SW2:eth3:10+trunk_remove:SW2:eth3:20,23692,23707,0.05,3.6499999999999986,15,True,False,True,False,True,recovery_success,0.008820809982717037,15,8,6,0,6,5,2,2,0
2218,4246,access_vlan:SW1:eth1:20+trunk_remove:SW1:eth3:10+trunk_remove:SW1:eth3:20+trunk_remove:SW2:eth3:10+trunk_remove:SW2:eth3:20,23707,23715,0.05,7.35,8,True,False,True,False,True,recovery_success,0.006602213368751109,8,7,0,0,1,1,1,0,0
2219,4247,access_vlan:SW1:eth1:20+access_vlan:SW1:eth2:10+access_vlan:SW2:eth1:20+access_vlan:SW2:eth2:10+trunk_remove:SW2:eth3:10+trunk_remove:SW2:eth3:20,23715,23728,0.05,6.05,13,True,False,True,False,True,recovery_success,0.00668475993622381,13,4,8,0,3,3,1,1,0
2220,4248,access_vlan:SW1:eth1:20+access_vlan:SW1:eth2:10+access_vlan:SW2:eth1:20+access_vlan:SW2:eth2:10+trunk_remove:SW1:eth3:10+trunk_remove:SW1:eth3:20+trunk_remove:SW2:eth3:10+trunk_remove:SW2:eth3:20,23728,23738,0.05,8.0,10,True,False,True,False,True,recovery_success,0.008290441194549202,10,4,5,0,0,0,0,0,0
2221,4249,access_vlan:SW1:eth1:20+access_vlan:SW2:eth1:20+trunk_remove:SW1:eth3:20+trunk_remove:SW2:eth3:20,23738,23744,0.05,8.6,6,True,False,True,False,True,recovery_success,0.05517758266068995,6,4,1,0,0,0,0,0,0
2222,4250,access_vlan:SW1:eth1:20+access_vlan:SW2:eth1:20+trunk_remove:SW1:eth3:10,23744,23748,0.05,8.549999999999999,4,True,False,True,False,True,recovery_success,0.0077102165669202805,4,3,0,0,1,1,1,0,0
2223,4251,access_vlan:SW1:eth1:20+trunk_remove:SW1:eth3:20+trunk_remove:SW2:eth3:10+trunk_remove:SW2:eth3:20,23748,23753,0.05,8.75,5,True,False,True,False,True,recovery_success,0.06126154707744717,5,4,0,0,0,0,0,0,0
2224,4252,access_vlan:SW2:eth1:20+access_vlan:SW2:eth2:10+trunk_remove:SW2:eth3:10,23753,23762,0.05,7.799999999999999,9,True,False,True,False,True,recovery_success,0.038272683353473745,9,3,5,0,1,1,1,0,0
2225,4253,access_vlan:SW1:eth1:20+access_vlan:SW2:eth1:20+access_vlan:SW2:eth2:10+trunk_remove:SW1:eth3:20+trunk_remove:SW2:eth3:20,23762,23778,0.05,7.25,16,True,False,True,False,True,recovery_success,0.005817885481519625,16,3,12,0,0,0,0,0,0
2226,4254,access_vlan:SW1:eth1:20+access_vlan:SW2:eth1:20+access_vlan:SW2:eth2:10+trunk_remove:SW1:eth3:10+trunk_remove:SW2:eth3:10,23778,23795,0.05,6.300000000000001,17,True,False,True,False,True,recovery_success,0.021199505050283146,17,5,11,0,1,1,1,1,0
2227,4255,access_vlan:SW1:eth2:10+access_vlan:SW2:eth1:20+access_vlan:SW2:eth2:10+trunk_remove:SW2:eth3:10,23795,23808,0.05,7.85,13,True,False,True,False,True,recovery_success,0.004882803956906383,13,2,10,0,0,0,0,0,0
2228,4256,access_vlan:SW1:eth1:20+access_vlan:SW1:eth2:10+trunk_remove:SW1:eth3:10+trunk_remove:SW1:eth3:20+trunk_remove:SW2:eth3:10+trunk_remove:SW2:eth3:20,23808,23817,0.05,5.55,9,True,False,True,False,True,recovery_success,0.004143621306866407,9,8,0,0,4,3,2,1,0
2229,4257,access_vlan:SW2:eth1:20+access_vlan:SW2:eth2:10+trunk_remove:SW1:eth3:10+trunk_remove:SW1:eth3:20+trunk_remove:SW2:eth3:20,23817,23823,0.05,7.949999999999999,6,True,False,True,False,True,recovery_success,0.05091842683032155,6,5,0,0,1,1,1,0,0
2230,4258,access_vlan:SW2:eth1:20+trunk_remove:SW1:eth3:10+trunk_remove:SW2:eth3:10+trunk_remove:SW2:eth3:20,23823,23828,0.05,8.75,5,True,False,True,False,True,recovery_success,0.004645533580332995,5,4,0,0,0,0,0,0,0
2231,4259,access_vlan:SW2:eth1:20+trunk_remove:SW1:eth3:10+trunk_remove:SW2:eth3:10+trunk_remove:SW2:eth3:20,23828,23833,0.05,8.75,5,True,False,True,False,True,recovery_success,0.005850162589922547,5,4,0,0,0,0,0,0,0
2232,4260,access_vlan:SW1:eth1:20+access_vlan:SW2:eth1:20+access_vlan:SW2:eth2:10+trunk_remove:SW1:eth3:10+trunk_remove:SW1:eth3:20+trunk_remove:SW2:eth3:10,23833,23852,0.05,6.65,19,True,False,True,False,True,recovery_success,0.007817859320264114,19,4,14,0,0,0,0,0,0
2233,4261,access_vlan:SW1:eth1:20+access_vlan:SW1:eth2:10+access_vlan:SW2:eth2:10+trunk_remove:SW1:eth3:10,23852,23860,0.05,6.8,8,True,False,True,False,True,recovery_success,0.007267786451848224,8,4,3,0,3,3,1,1,0
2234,4262,access_vlan:SW1:eth2:10+trunk_remove:SW1:eth3:20+trunk_remove:SW2:eth3:20,23860,23864,0.05,9.049999999999999,4,True,False,True,False,True,recovery_success,0.006188928848132491,4,3,0,0,0,0,0,0,0
2235,4263,access_vlan:SW1:eth2:10+access_vlan:SW2:eth2:10+trunk_remove:SW1:eth3:10+trunk_remove:SW1:eth3:20+trunk_remove:SW2:eth3:20,23864,23870,0.05,8.45,6,True,False,True,False,True,recovery_success,0.006838636860872309,6,5,0,0,0,0,0,0,0
2236,4264,access_vlan:SW1:eth1:20+access_vlan:SW2:eth2:10+trunk_remove:SW1:eth3:10+trunk_remove:SW1:eth3:20,23870,23875,0.05,8.75,5,True,False,True,False,True,recovery_success,0.009646573476493359,5,4,0,0,0,0,0,0,0
2237,4265,access_vlan:SW2:eth1:20+access_vlan:SW2:eth2:10,23875,23882,0.05,8.25,7,True,False,True,False,True,recovery_success,0.008107522768633706,7,2,4,0,1,1,1,0,0
2238,4266,access_vlan:SW1:eth1:20+access_vlan:SW2:eth1:20+access_vlan:SW2:eth2:10+trunk_remove:SW2:eth3:10,23882,23899,0.05,5.449999999999999,17,True,False,True,False,True,recovery_success,0.006955410709933323,17,4,12,0,3,3,1,1,0
2239,4267,access_vlan:SW1:eth2:10+trunk_remove:SW1:eth3:10+trunk_remove:SW2:eth3:20,23899,23903,0.05,9.049999999999999,4,True,False,True,False,True,recovery_success,0.006718004355207086,4,3,0,0,0,0,0,0,0
2240,4268,access_vlan:SW1:eth1:20+trunk_remove:SW1:eth3:10,23903,23906,0.05,9.35,3,True,False,True,False,True,recovery_success,0.005549072287976742,3,2,0,0,0,0,0,0,0
2241,4269,access_vlan:SW1:eth2:10+trunk_remove:SW1:eth3:10+trunk_remove:SW1:eth3:20,23906,23912,0.05,7.449999999999999,6,True,False,True,False,True,recovery_success,0.05376178507382671,6,5,0,0,2,2,1,0,0
2242,4270,access_vlan:SW1:eth2:10+trunk_remove:SW2:eth3:10,23912,23916,0.05,9.2,4,True,False,True,False,True,recovery_success,0.0075777871534228325,4,2,1,0,0,0,0,0,0
2243,4271,access_vlan:SW1:eth1:20+access_vlan:SW2:eth1:20+trunk_remove:SW2:eth3:10,23916,23929,0.05,7.199999999999999,13,True,False,True,False,True,recovery_success,0.007830691201469073,13,3,9,0,1,1,1,0,0
2244,4272,trunk_remove:SW1:eth3:10+trunk_remove:SW1:eth3:20+trunk_remove:SW2:eth3:10,23929,23935,0.05,8.45,6,True,False,True,False,True,recovery_success,0.005900829021508495,6,5,0,0,0,0,0,0,0
2245,4273,access_vlan:SW1:eth1:20+access_vlan:SW1:eth2:10+access_vlan:SW2:eth2:10+trunk_remove:SW1:eth3:20,23935,23951,0.05,5.599999999999999,16,True,False,True,False,True,recovery_success,0.005553041861276142,16,4,11,0,3,3,1,1,0
2246,4274,access_vlan:SW1:eth2:10+trunk_remove:SW1:eth3:10+trunk_remove:SW2:eth3:20,23951,23956,0.05,8.899999999999999,5,True,False,True,False,True,recovery_success,0.0061910804361104965,5,3,1,0,0,0,0,0,0
2247,4275,access_vlan:SW2:eth2:10+trunk_remove:SW1:eth3:10+trunk_remove:SW2:eth3:20,23956,23963,0.05,7.799999999999999,7,True,False,True,False,True,recovery_success,0.0048186138072716335,7,5,1,0,1,1,1,0,0
2248,4276,trunk_remove:SW1:eth3:10+trunk_remove:SW2:eth3:10,23963,23966,0.05,9.35,3,True,False,True,False,True,recovery_success,0.004210645022491614,3,2,0,0,0,0,0,0,0
2249,4277,access_vlan:SW1:eth2:10+access_vlan:SW2:eth1:20+access_vlan:SW2:eth2:10+trunk_remove:SW1:eth3:20+trunk_remove:SW2:eth3:10,23966,23989,0.05,1.7999999999999972,23,True,False,True,False,True,recovery_success,0.0050955507499368296,23,9,13,0,7,5,3,3,0
2250,4278,access_vlan:SW1:eth1:20+access_vlan:SW2:eth1:20+trunk_remove:SW1:eth3:10+trunk_remove:SW1:eth3:20+trunk_remove:SW2:eth3:10,23989,23995,0.05,8.45,6,True,False,True,False,True,recovery_success,0.004054712015204132,6,5,0,0,0,0,0,0,0
2251,4279,access_vlan:SW1:eth1:20+access_vlan:SW2:eth2:10+trunk_remove:SW1:eth3:10+trunk_remove:SW2:eth3:20,23995,24000,0.05,8.75,5,True,False,True,False,True,recovery_success,0.005308951810002327,5,4,0,0,0,0,0,0,0
2252,4280,access_vlan:SW1:eth2:10+access_vlan:SW2:eth1:20+access_vlan:SW2:eth2:10+trunk_remove:SW2:eth3:20,24000,24006,0.05,7.6,6,True,False,True,False,True,recovery_success,0.014580936326334873,6,4,1,0,2,2,1,0,0
2253,4281,access_vlan:SW1:eth2:10+access_vlan:SW2:eth1:20+access_vlan:SW2:eth2:10,24006,24009,0.05,9.5,3,True,False,True,False,True,recovery_success,0.013698284203807512,3,1,1,0,0,0,0,0,0
2254,4282,access_vlan:SW1:eth2:10+access_vlan:SW2:eth1:20+access_vlan:SW2:eth2:10+trunk_remove:SW1:eth3:10+trunk_remove:SW2:eth3:10,24009,24014,0.05,8.899999999999999,5,True,False,True,False,True,recovery_success,0.010622468031942844,5,3,1,0,0,0,0,0,0
2255,4283,access_vlan:SW1:eth2:10+access_vlan:SW2:eth1:20+trunk_remove:SW1:eth3:20+trunk_remove:SW2:eth3:10+trunk_remove:SW2:eth3:20,24014,24023,0.05,6.199999999999999,9,True,False,True,False,True,recovery_success,0.010270840022712946,9,7,1,0,3,3,1,1,0
2256,4284,access_vlan:SW1:eth1:20+access_vlan:SW1:eth2:10+access_vlan:SW2:eth2:10+trunk_remove:SW1:eth3:10+trunk_remove:SW2:eth3:10,24023,24028,0.05,8.899999999999999,5,True,False,True,False,True,recovery_success,0.011377895902842283,5,3,1,0,0,0,0,0,0
2257,4285,access_vlan:SW1:eth2:10+trunk_remove:SW1:eth3:10+trunk_remove:SW2:eth3:10+trunk_remove:SW2:eth3:20,24028,24033,0.05,8.75,5,True,False,True,False,True,recovery_success,0.008630748465657234,5,4,0,0,0,0,0,0,0
2258,4286,access_vlan:SW1:eth1:20+access_vlan:SW1:eth2:10+access_vlan:SW2:eth1:20+access_vlan:SW2:eth2:10+trunk_remove:SW1:eth3:20+trunk_remove:SW2:eth3:10,24033,24037,0.05,9.2,4,True,False,True,False,True,recovery_success,0.006990771158598363,4,2,1,0,0,0,0,0,0
2259,4287,access_vlan:SW1:eth1:20+access_vlan:SW2:eth1:20+access_vlan:SW2:eth2:10+trunk_remove:SW1:eth3:20+trunk_remove:SW2:eth3:10+trunk_remove:SW2:eth3:20,24037,24043,0.05,8.6,6,True,False,True,False,True,recovery_success,0.00939142401330173,6,4,1,0,0,0,0,0,0
2260,4288,access_vlan:SW1:eth2:10+trunk_remove:SW1:eth3:10+trunk_remove:SW2:eth3:20,24043,24047,0.05,9.049999999999999,4,True,False,True,False,True,recovery_success,0.011541389860212803,4,3,0,0,0,0,0,0,0
2261,4289,access_vlan:SW1:eth2:10+access_vlan:SW2:eth2:10+trunk_remove:SW1:eth3:10+trunk_remove:SW1:eth3:20,24047,24052,0.05,8.75,5,True,False,True,False,True,recovery_success,0.008198670670390129,5,4,0,0,0,0,0,0,0
2262,4290,access_vlan:SW1:eth1:20+access_vlan:SW1:eth2:10+access_vlan:SW2:eth1:20+access_vlan:SW2:eth2:10+trunk_remove:SW1:eth3:10+trunk_remove:SW1:eth3:20+trunk_remove:SW2:eth3:10,24052,24059,0.05,8.6,7,True,False,True,False,True,recovery_success,0.013002171979418822,7,3,3,0,0,0,0,0,0
2263,4291,access_vlan:SW1:eth2:10+access_vlan:SW2:eth1:20+access_vlan:SW2:eth2:10+trunk_remove:SW1:eth3:20+trunk_remove:SW2:eth3:10,24059,24064,0.05,8.899999999999999,5,True,False,True,False,True,recovery_success,0.017030154634267092,5,3,1,0,0,0,0,0,0
2264,4292,access_vlan:SW2:eth1:20+access_vlan:SW2:eth2:10+trunk_remove:SW1:eth3:10+trunk_remove:SW2:eth3:20,24064,24071,0.05,7.949999999999999,7,True,False,True,False,True,recovery_success,0.019316699422363724,7,4,2,0,1,1,1,0,0
2265,4293,access_vlan:SW1:eth1:20+access_vlan:SW1:eth2:10+access_vlan:SW2:eth1:20+trunk_remove:SW2:eth3:10,24071,24075,0.05,9.2,4,True,False,True,False,True,recovery_success,0.009985986049287021,4,2,1,0,0,0,0,0,0
2266,4294,access_vlan:SW1:eth1:20+access_vlan:SW2:eth2:10+trunk_remove:SW1:eth3:10+trunk_remove:SW2:eth3:10+trunk_remove:SW2:eth3:20,24075,24081,0.05,8.45,6,True,False,True,False,True,recovery_success,0.014154568935434023,6,5,0,0,0,0,0,0,0
2267,4295,trunk_remove:SW1:eth3:20+trunk_remove:SW2:eth3:10+trunk_remove:SW2:eth3:20,24081,24086,0.05,8.899999999999999,5,True,False,True,False,True,recovery_success,0.01414730865508318,5,3,1,0,0,0,0,0,0
2268,4296,access_vlan:SW2:eth1:20+access_vlan:SW2:eth2:10+trunk_remove:SW1:eth3:10+trunk_remove:SW1:eth3:20,24086,24093,0.05,7.6499999999999995,7,True,False,True,False,True,recovery_success,0.018446624145976136,7,6,0,0,1,1,1,0,0
2269,4297,access_vlan:SW1:eth2:10+access_vlan:SW2:eth1:20+access_vlan:SW2:eth2:10+trunk_remove:SW1:eth3:20+trunk_remove:SW2:eth3:20,24093,24100,0.05,8.6,7,True,False,True,False,True,recovery_success,0.015157966541924648,7,3,3,0,0,0,0,0,0
2270,4298,access_vlan:SW1:eth1:20+access_vlan:SW2:eth1:20+trunk_remove:SW1:eth3:20+trunk_remove:SW2:eth3:10+trunk_remove:SW2:eth3:20,24100,24107,0.05,8.299999999999999,7,True,False,True,False,True,recovery_success,0.053756341604249816,7,5,1,0,0,0,0,0,0
2271,4299,access_vlan:SW1:eth1:20+access_vlan:SW1:eth2:10+trunk_remove:SW1:eth3:10+trunk_remove:SW1:eth3:20+trunk_remove:SW2:eth3:20,24107,24114,0.05,7.799999999999999,7,True,False,True,False,True,recovery_success,0.012749577140701669,7,5,1,0,1,1,1,0,0
2272,4300,access_vlan:SW1:eth1:20+access_vlan:SW1:eth2:10+access_vlan:SW2:eth1:20+access_vlan:SW2:eth2:10,24114,24116,0.05,9.799999999999999,2,True,False,True,False,True,recovery_success,0.015220139175653458,2,0,1,0,0,0,0,0,0
2273,4301,access_vlan:SW1:eth2:10+access_vlan:SW2:eth1:20,24116,24120,0.05,8.7,4,True,False,True,False,True,recovery_success,0.008278420311398804,4,2,1,0,1,1,1,0,0
2274,4302,access_vlan:SW1:eth1:20+trunk_remove:SW1:eth3:10+trunk_remove:SW1:eth3:20+trunk_remove:SW2:eth3:10,24120,24125,0.05,8.75,5,True,False,True,False,True,recovery_success,0.007443284522742033,5,4,0,0,0,0,0,0,0
2275,4303,access_vlan:SW1:eth2:10+trunk_remove:SW1:eth3:10+trunk_remove:SW1:eth3:20+trunk_remove:SW2:eth3:20,24125,24130,0.05,8.75,5,True,False,True,False,True,recovery_success,0.006851457245647907,5,4,0,0,0,0,0,0,0
2276,4304,access_vlan:SW1:eth1:20+access_vlan:SW2:eth1:20+access_vlan:SW2:eth2:10+trunk_remove:SW1:eth3:10+trunk_remove:SW1:eth3:20+trunk_remove:SW2:eth3:10,24130,24137,0.05,8.45,7,True,False,True,False,True,recovery_success,0.009856867936572858,7,4,2,0,0,0,0,0,0
2277,4305,access_vlan:SW1:eth2:10+access_vlan:SW2:eth1:20+trunk_remove:SW1:eth3:20+trunk_remove:SW2:eth3:10+trunk_remove:SW2:eth3:20,24137,24144,0.05,8.299999999999999,7,True,False,True,False,True,recovery_success,0.009462892610047544,7,5,1,0,0,0,0,0,0
2278,4306,access_vlan:SW1:eth1:20+access_vlan:SW1:eth2:10+trunk_remove:SW1:eth3:20,24144,24149,0.05,8.399999999999999,5,True,False,True,False,True,recovery_success,0.008770668599754571,5,3,1,0,1,1,1,0,0
2279,4307,access_vlan:SW1:eth1:20+access_vlan:SW2:eth2:10+trunk_remove:SW1:eth3:20+trunk_remove:SW2:eth3:20,24149,24154,0.05,8.25,5,True,False,True,False,True,recovery_success,0.00963087547570467,5,4,0,0,1,1,1,0,0
2280,4308,access_vlan:SW1:eth2:10+access_vlan:SW2:eth1:20+access_vlan:SW2:eth2:10+trunk_remove:SW1:eth3:20+trunk_remove:SW2:eth3:10,24154,24159,0.05,8.899999999999999,5,True,False,True,False,True,recovery_success,0.0064142479095608,5,3,1,0,0,0,0,0,0
2281,4309,access_vlan:SW1:eth1:20+access_vlan:SW2:eth1:20+access_vlan:SW2:eth2:10+trunk_remove:SW1:eth3:10+trunk_remove:SW2:eth3:20,24159,24166,0.05,7.799999999999999,7,True,False,True,False,True,recovery_success,0.007012198745672192,7,5,1,0,1,1,1,1,0
2282,4310,access_vlan:SW1:eth1:20+access_vlan:SW1:eth2:10+access_vlan:SW2:eth2:10+trunk_remove:SW1:eth3:10,24166,24170,0.05,9.2,4,True,False,True,False,True,recovery_success,0.008474118309095502,4,2,1,0,0,0,0,0,0
2283,4311,access_vlan:SW1:eth1:20+access_vlan:SW1:eth2:10+access_vlan:SW2:eth2:10+trunk_remove:SW1:eth3:10+trunk_remove:SW2:eth3:20,24170,24175,0.05,8.899999999999999,5,True,False,True,False,True,recovery_success,0.005313596036285162,5,3,1,0,0,0,0,0,0
2284,4312,trunk_remove:SW1:eth3:10+trunk_remove:SW1:eth3:20+trunk_remove:SW2:eth3:20,24175,24179,0.05,9.049999999999999,4,True,False,True,False,True,recovery_success,0.006801384501159191,4,3,0,0,0,0,0,0,0
2285,4313,access_vlan:SW1:eth1:20+access_vlan:SW2:eth1:20+trunk_remove:SW1:eth3:20,24179,24183,0.05,9.049999999999999,4,True,False,True,False,True,recovery_success,0.005991818499751389,4,3,0,0,0,0,0,0,0
2286,4314,access_vlan:SW1:eth2:10+trunk_remove:SW1:eth3:10+trunk_remove:SW2:eth3:10,24183,24187,0.05,9.049999999999999,4,True,False,True,False,True,recovery_success,0.011452785460278392,4,3,0,0,0,0,0,0,0
2287,4315,trunk_remove:SW1:eth3:20+trunk_remove:SW2:eth3:10,24187,24190,0.05,9.35,3,True,False,True,False,True,recovery_success,0.006300864120324452,3,2,0,0,0,0,0,0,0
2288,4316,access_vlan:SW1:eth1:20+access_vlan:SW1:eth2:10+access_vlan:SW2:eth1:20+trunk_remove:SW1:eth3:20+trunk_remove:SW2:eth3:10+trunk_remove:SW2:eth3:20,24190,24196,0.05,8.6,6,True,False,True,False,True,recovery_success,0.05195783652986089,6,4,1,0,0,0,0,0,0
2289,4317,access_vlan:SW1:eth2:10+trunk_remove:SW1:eth3:20+trunk_remove:SW2:eth3:10,24196,24200,0.05,9.049999999999999,4,True,False,True,False,True,recovery_success,0.007721927831880748,4,3,0,0,0,0,0,0,0
2290,4318,access_vlan:SW1:eth1:20+access_vlan:SW1:eth2:10+access_vlan:SW2:eth2:10+trunk_remove:SW2:eth3:10,24200,24204,0.05,9.2,4,True,False,True,False,True,recovery_success,0.010912176920101047,4,2,1,0,0,0,0,0,0
2291,4319,access_vlan:SW1:eth2:10+access_vlan:SW2:eth1:20+access_vlan:SW2:eth2:10+trunk_remove:SW1:eth3:10+trunk_remove:SW1:eth3:20+trunk_remove:SW2:eth3:10+trunk_remove:SW2:eth3:20,24204,24213,0.05,7.199999999999999,9,True,False,True,False,True,recovery_success,0.007493414528047045,9,7,1,0,1,1,1,1,0
2292,4320,access_vlan:SW1:eth2:10+access_vlan:SW2:eth2:10+trunk_remove:SW1:eth3:20+trunk_remove:SW2:eth3:10+trunk_remove:SW2:eth3:20,24213,24219,0.05,8.45,6,True,False,True,False,True,recovery_success,0.00630418040479223,6,5,0,0,0,0,0,0,0
2293,4321,access_vlan:SW2:eth2:10+trunk_remove:SW2:eth3:20,24219,24222,0.05,9.35,3,True,False,True,False,True,recovery_success,0.007199347640077273,3,2,0,0,0,0,0,0,0
2294,4322,access_vlan:SW1:eth1:20+access_vlan:SW2:eth1:20+trunk_remove:SW1:eth3:10+trunk_remove:SW1:eth3:20+trunk_remove:SW2:eth3:10+trunk_remove:SW2:eth3:20,24222,24231,0.05,6.55,9,True,False,True,False,True,recovery_success,0.00696534151211381,9,8,0,0,2,2,1,0,0
2295,4323,access_vlan:SW1:eth1:20+access_vlan:SW2:eth1:20+trunk_remove:SW1:eth3:10+trunk_remove:SW1:eth3:20+trunk_remove:SW2:eth3:10+trunk_remove:SW2:eth3:20,24231,24239,0.05,7.999999999999999,8,True,False,True,False,True,recovery_success,0.00638972595334053,8,6,1,0,0,0,0,0,0
2296,4324,access_vlan:SW1:eth1:20+trunk_remove:SW1:eth3:10+trunk_remove:SW1:eth3:20+trunk_remove:SW2:eth3:10,24239,24246,0.05,7.6499999999999995,7,True,False,True,False,True,recovery_success,0.005349185484062348,7,6,0,0,1,1,1,0,0
2297,4325,access_vlan:SW1:eth1:20+access_vlan:SW2:eth1:20+trunk_remove:SW1:eth3:20+trunk_remove:SW2:eth3:10,24246,24251,0.05,8.75,5,True,False,True,False,True,recovery_success,0.005661600036546588,5,4,0,0,0,0,0,0,0
2298,4326,access_vlan:SW1:eth1:20+trunk_remove:SW2:eth3:10,24251,24254,0.05,9.35,3,True,False,True,False,True,recovery_success,0.006137721240520477,3,2,0,0,0,0,0,0,0
2299,4327,access_vlan:SW2:eth1:20+trunk_remove:SW1:eth3:20+trunk_remove:SW2:eth3:10,24254,24258,0.05,9.049999999999999,4,True,False,True,False,True,recovery_success,0.008974517579190433,4,3,0,0,0,0,0,0,0
2300,4328,access_vlan:SW1:eth1:20+access_vlan:SW1:eth2:10+access_vlan:SW2:eth1:20+access_vlan:SW2:eth2:10+trunk_remove:SW1:eth3:20+trunk_remove:SW2:eth3:10,24258,24262,0.05,9.2,4,True,False,True,False,True,recovery_success,0.009583590435795486,4,2,1,0,0,0,0,0,0
2301,4329,access_vlan:SW2:eth2:10+trunk_remove:SW1:eth3:10+trunk_remove:SW2:eth3:20,24262,24266,0.05,9.049999999999999,4,True,False,True,False,True,recovery_success,0.007797732658218592,4,3,0,0,0,0,0,0,0
2302,4330,access_vlan:SW1:eth2:10+access_vlan:SW2:eth1:20+access_vlan:SW2:eth2:10+trunk_remove:SW2:eth3:10,24266,24274,0.05,7.799999999999999,8,True,False,True,False,True,recovery_success,0.006665998196695,8,4,3,0,1,1,1,1,0
2303,4331,access_vlan:SW2:eth1:20+trunk_remove:SW2:eth3:10,24274,24277,0.05,9.35,3,True,False,True,False,True,recovery_success,0.0055699969331423444,3,2,0,0,0,0,0,0,0
2304,4332,access_vlan:SW1:eth1:20+access_vlan:SW1:eth2:10+access_vlan:SW2:eth1:20+trunk_remove:SW1:eth3:20,24277,24281,0.05,8.7,4,True,False,True,False,True,recovery_success,0.007202759035862982,4,2,1,0,1,1,1,0,0
2305,4333,access_vlan:SW2:eth1:20+trunk_remove:SW1:eth3:20,24281,24284,0.05,9.35,3,True,False,True,False,True,recovery_success,0.005243989949425061,3,2,0,0,0,0,0,0,0
2306,4334,access_vlan:SW1:eth1:20+access_vlan:SW1:eth2:10+access_vlan:SW2:eth1:20+trunk_remove:SW1:eth3:20,24284,24288,0.05,9.2,4,True,False,True,False,True,recovery_success,0.004123327671550214,4,2,1,0,0,0,0,0,0
2307,4335,access_vlan:SW1:eth1:20,24288,24290,0.05,9.649999999999999,2,True,False,True,False,True,recovery_success,0.006030672695487738,2,1,0,0,0,0,0,0,0
2308,4336,access_vlan:SW1:eth1:20+access_vlan:SW2:eth1:20+access_vlan:SW2:eth2:10+trunk_remove:SW1:eth3:10+trunk_remove:SW1:eth3:20+trunk_remove:SW2:eth3:20,24290,24296,0.05,8.6,6,True,False,True,False,True,recovery_success,0.004791427791739504,6,4,1,0,0,0,0,0,0
2309,4337,access_vlan:SW1:eth2:10+access_vlan:SW2:eth2:10+trunk_remove:SW2:eth3:10+trunk_remove:SW2:eth3:20,24296,24301,0.05,8.75,5,True,False,True,False,True,recovery_success,0.005927856266498566,5,4,0,0,0,0,0,0,0
2310,4338,access_vlan:SW2:eth1:20+access_vlan:SW2:eth2:10+trunk_remove:SW1:eth3:20+trunk_remove:SW2:eth3:10+trunk_remove:SW2:eth3:20,24301,24307,0.05,7.949999999999999,6,True,False,True,False,True,recovery_success,0.005850338842719793,6,5,0,0,1,1,1,0,0
2311,4339,access_vlan:SW2:eth1:20+access_vlan:SW2:eth2:10+trunk_remove:SW2:eth3:20,24307,24311,0.05,8.549999999999999,4,True,False,True,False,True,recovery_success,0.005491424642968923,4,3,0,0,1,1,1,0,0
2312,4340,access_vlan:SW1:eth2:10,24311,24313,0.05,9.649999999999999,2,True,False,True,False,True,recovery_success,0.0035239674616605043,2,1,0,0,0,0,0,0,0
2313,4341,access_vlan:SW1:eth1:20+access_vlan:SW1:eth2:10+trunk_remove:SW1:eth3:10+trunk_remove:SW2:eth3:20,24313,24318,0.05,8.25,5,True,False,True,False,True,recovery_success,0.005784863326698542,5,4,0,0,1,1,1,0,0
2314,4342,access_vlan:SW1:eth2:10+access_vlan:SW2:eth2:10+trunk_remove:SW1:eth3:10+trunk_remove:SW2:eth3:10+trunk_remove:SW2:eth3:20,24318,24326,0.05,7.35,8,True,False,True,False,True,recovery_success,0.03934391718939878,8,7,0,0,1,1,1,0,0
2315,4343,access_vlan:SW1:eth2:10+access_vlan:SW2:eth1:20+trunk_remove:SW1:eth3:10+trunk_remove:SW1:eth3:20+trunk_remove:SW2:eth3:10+trunk_remove:SW2:eth3:20,24326,24333,0.05,8.149999999999999,7,True,False,True,False,True,recovery_success,0.005687820226220148,7,6,0,0,0,0,0,0,0
2316,4344,access_vlan:SW1:eth1:20+access_vlan:SW2:eth1:20+trunk_remove:SW1:eth3:10+trunk_remove:SW2:eth3:10+trunk_remove:SW2:eth3:20,24333,24339,0.05,8.45,6,True,False,True,False,True,recovery_success,0.006182327168062329,6,5,0,0,0,0,0,0,0
2317,4345,access_vlan:SW1:eth1:20+trunk_remove:SW1:eth3:10+trunk_remove:SW2:eth3:10,24339,24343,0.05,9.049999999999999,4,True,False,True,False,True,recovery_success,0.00609875179361552,4,3,0,0,0,0,0,0,0
2318,4346,access_vlan:SW1:eth1:20+trunk_remove:SW1:eth3:20+trunk_remove:SW2:eth3:20,24343,24347,0.05,9.049999999999999,4,True,False,True,False,True,recovery_success,0.0048370782169513404,4,3,0,0,0,0,0,0,0
2319,4347,trunk_remove:SW1:eth3:20+trunk_remove:SW2:eth3:20,24347,24350,0.05,9.35,3,True,False,True,False,True,recovery_success,0.004256483865901828,3,2,0,0,0,0,0,0,0
2320,4348,access_vlan:SW1:eth1:20+access_vlan:SW2:eth1:20+access_vlan:SW2:eth2:10+trunk_remove:SW1:eth3:20+trunk_remove:SW2:eth3:20,24350,24356,0.05,8.75,6,True,False,True,False,True,recovery_success,0.004870370806505282,6,3,2,0,0,0,0,0,0
2321,4349,access_vlan:SW1:eth1:20+access_vlan:SW1:eth2:10+access_vlan:SW2:eth2:10+trunk_remove:SW1:eth3:20+trunk_remove:SW2:eth3:20,24356,24361,0.05,8.899999999999999,5,True,False,True,False,True,recovery_success,0.006373786646872759,5,3,1,0,0,0,0,0,0
2322,4350,access_vlan:SW1:eth1:20+access_vlan:SW1:eth2:10+trunk_remove:SW1:eth3:20+trunk_remove:SW2:eth3:20,24361,24373,0.05,7.199999999999999,12,True,False,True,False,True,recovery_success,0.007330533524509519,12,4,7,0,1,1,1,0,0
2323,4351,access_vlan:SW2:eth2:10+trunk_remove:SW1:eth3:20,24373,24376,0.05,9.35,3,True,False,True,False,True,recovery_success,0.007273528414467971,3,2,0,0,0,0,0,0,0
2324,4352,trunk_remove:SW1:eth3:10+trunk_remove:SW2:eth3:20,24376,24379,0.05,9.35,3,True,False,True,False,True,recovery_success,0.006124877758945028,3,2,0,0,0,0,0,0,0
2325,4353,access_vlan:SW1:eth1:20+access_vlan:SW2:eth1:20+access_vlan:SW2:eth2:10+trunk_remove:SW1:eth3:10+trunk_remove:SW1:eth3:20+trunk_remove:SW2:eth3:10+trunk_remove:SW2:eth3:20,24379,24389,0.05,7.85,10,True,False,True,False,True,recovery_success,0.0054046496283262965,10,5,4,0,0,0,0,0,0
2326,4354,access_vlan:SW2:eth2:10+trunk_remove:SW1:eth3:10+trunk_remove:SW2:eth3:10+trunk_remove:SW2:eth3:20,24389,24394,0.05,8.75,5,True,False,True,False,True,recovery_success,0.005484177684411407,5,4,0,0,0,0,0,0,0
2327,4355,access_vlan:SW2:eth1:20+access_vlan:SW2:eth2:10+trunk_remove:SW1:eth3:20,24394,24398,0.05,8.549999999999999,4,True,False,True,False,True,recovery_success,0.005080410395748913,4,3,0,0,1,1,1,0,0
2328,4356,access_vlan:SW1:eth2:10+access_vlan:SW2:eth1:20+access_vlan:SW2:eth2:10+trunk_remove:SW2:eth3:10,24398,24402,0.05,9.2,4,True,False,True,False,True,recovery_success,0.004368572204839438,4,2,1,0,0,0,0,0,0
2329,4357,access_vlan:SW2:eth1:20+access_vlan:SW2:eth2:10,24402,24404,0.05,-10.850000000000001,2,True,False,True,False,False,incorrect_declare_done,0.004865303402766585,2,1,0,0,1,1,1,0,3
2330,4358,access_vlan:SW1:eth1:20+access_vlan:SW1:eth2:10+trunk_remove:SW1:eth3:20,24404,24408,0.05,8.549999999999999,4,True,False,True,False,True,recovery_success,0.0039034582441672683,4,3,0,0,1,1,1,0,0
2331,4359,access_vlan:SW1:eth1:20+access_vlan:SW1:eth2:10+trunk_remove:SW2:eth3:10+trunk_remove:SW2:eth3:20,24408,24415,0.05,7.1499999999999995,7,True,False,True,False,True,recovery_success,0.00561199353874794,7,5,0,0,2,1,2,0,0
2332,4360,access_vlan:SW2:eth1:20+access_vlan:SW2:eth2:10+trunk_remove:SW1:eth3:20+trunk_remove:SW2:eth3:10+trunk_remove:SW2:eth3:20,24415,24421,0.05,7.949999999999999,6,True,False,True,False,True,recovery_success,0.007465686338643233,6,5,0,0,1,1,1,0,0
2333,4361,access_vlan:SW2:eth1:20+trunk_remove:SW2:eth3:10,24421,24426,0.05,7.25,5,True,False,True,False,True,recovery_success,0.007904667872935534,5,3,0,0,3,3,1,1,0
2334,4362,access_vlan:SW2:eth2:10+trunk_remove:SW1:eth3:10+trunk_remove:SW2:eth3:10,24426,24430,0.05,9.049999999999999,4,True,False,True,False,True,recovery_success,0.00879332679323852,4,3,0,0,0,0,0,0,0
2335,4363,access_vlan:SW2:eth1:20+access_vlan:SW2:eth2:10+trunk_remove:SW1:eth3:10+trunk_remove:SW1:eth3:20,24430,24435,0.05,8.25,5,True,False,True,False,True,recovery_success,0.010250970674678683,5,4,0,0,1,1,1,0,0
2336,4364,access_vlan:SW1:eth1:20+access_vlan:SW1:eth2:10+access_vlan:SW2:eth1:20+access_vlan:SW2:eth2:10+trunk_remove:SW2:eth3:10,24435,24439,0.05,9.35,4,True,False,True,False,True,recovery_success,0.011944272788241506,4,1,2,0,0,0,0,0,0
2337,4365,access_vlan:SW1:eth1:20+access_vlan:SW1:eth2:10+trunk_remove:SW1:eth3:10+trunk_remove:SW2:eth3:10+trunk_remove:SW2:eth3:20,24439,24445,0.05,7.949999999999999,6,True,False,True,False,True,recovery_success,0.012868703498194614,6,5,0,0,1,1,1,0,0
2338,4366,access_vlan:SW1:eth1:20+access_vlan:SW2:eth1:20+trunk_remove:SW2:eth3:10+trunk_remove:SW2:eth3:20,24445,24451,0.05,8.6,6,True,False,True,False,True,recovery_success,0.01564696927865346,6,4,1,0,0,0,0,0,0
2339,4367,access_vlan:SW1:eth1:20+trunk_remove:SW1:eth3:10+trunk_remove:SW2:eth3:10+trunk_remove:SW2:eth3:20,24451,24457,0.05,8.6,6,True,False,True,False,True,recovery_success,0.01451769758326312,6,4,1,0,0,0,0,0,0
2340,4368,access_vlan:SW2:eth1:20+trunk_remove:SW1:eth3:10+trunk_remove:SW1:eth3:20,24457,24464,0.05,8.6,7,True,False,True,False,True,recovery_success,0.018278012185224464,7,3,3,0,0,0,0,0,0
2341,4369,access_vlan:SW1:eth2:10+access_vlan:SW2:eth1:20+access_vlan:SW2:eth2:10+trunk_remove:SW1:eth3:10+trunk_remove:SW2:eth3:10,24464,24469,0.05,8.899999999999999,5,True,False,True,False,True,recovery_success,0.011544035561382771,5,3,1,0,0,0,0,0,0
2342,4370,access_vlan:SW1:eth2:10+access_vlan:SW2:eth2:10+trunk_remove:SW1:eth3:20,24469,24473,0.05,8.549999999999999,4,True,False,True,False,True,recovery_success,0.00818417826667428,4,3,0,0,1,1,1,0,0
2343,4371,access_vlan:SW1:eth1:20+trunk_remove:SW1:eth3:20,24473,24476,0.05,9.35,3,True,False,True,False,True,recovery_success,0.00901095848530531,3,2,0,0,0,0,0,0,0
2344,4372,access_vlan:SW1:eth1:20+access_vlan:SW2:eth1:20+access_vlan:SW2:eth2:10+trunk_remove:SW1:eth3:10+trunk_remove:SW1:eth3:20+trunk_remove:SW2:eth3:20,24476,24484,0.05,7.5,8,True,False,True,False,True,recovery_success,0.009718790533952415,8,6,1,0,1,1,1,0,0
2345,4373,access_vlan:SW2:eth1:20+access_vlan:SW2:eth2:10+trunk_remove:SW1:eth3:20,24484,24488,0.05,8.549999999999999,4,True,False,True,False,True,recovery_success,0.007122690498363227,4,3,0,0,1,1,1,0,0
2346,4374,access_vlan:SW1:eth2:10+trunk_remove:SW1:eth3:20+trunk_remove:SW2:eth3:20,24488,24492,0.05,9.049999999999999,4,True,False,True,False,True,recovery_success,0.008458904223516583,4,3,0,0,0,0,0,0,0
2347,4375,access_vlan:SW2:eth2:10+trunk_remove:SW1:eth3:10,24492,24495,0.05,9.35,3,True,False,True,False,True,recovery_success,0.007234827149659395,3,2,0,0,0,0,0,0,0
2348,4376,access_vlan:SW2:eth2:10+trunk_remove:SW1:eth3:10+trunk_remove:SW2:eth3:20,24495,24501,0.05,7.949999999999999,6,True,False,True,False,True,recovery_success,0.008312343309322992,6,5,0,0,1,1,1,1,0
2349,4377,access_vlan:SW1:eth1:20+access_vlan:SW1:eth2:10+trunk_remove:SW1:eth3:20,24501,24505,0.05,8.549999999999999,4,True,False,True,False,True,recovery_success,0.015465584583580494,4,3,0,0,1,1,1,0,0
2350,4378,access_vlan:SW1:eth1:20+access_vlan:SW1:eth2:10+access_vlan:SW2:eth1:20+trunk_remove:SW2:eth3:20,24505,24509,0.05,9.2,4,True,False,True,False,True,recovery_success,0.012668224051594734,4,2,1,0,0,0,0,0,0
2351,4379,access_vlan:SW1:eth2:10+access_vlan:SW2:eth1:20+trunk_remove:SW1:eth3:10+trunk_remove:SW2:eth3:10+trunk_remove:SW2:eth3:20,24509,24519,0.05,6.749999999999999,10,True,False,True,False,True,recovery_success,0.009977278532460332,10,9,0,0,1,1,1,1,0
2352,4380,access_vlan:SW1:eth1:20+access_vlan:SW1:eth2:10+access_vlan:SW2:eth2:10+trunk_remove:SW2:eth3:10,24519,24523,0.05,9.2,4,True,False,True,False,True,recovery_success,0.009092423599213362,4,2,1,0,0,0,0,0,0
2353,4381,access_vlan:SW2:eth1:20+trunk_remove:SW1:eth3:10+trunk_remove:SW1:eth3:20+trunk_remove:SW2:eth3:10,24523,24528,0.05,8.75,5,True,False,True,False,True,recovery_success,0.008646116964519024,5,4,0,0,0,0,0,0,0
2354,4382,access_vlan:SW2:eth1:20+access_vlan:SW2:eth2:10+trunk_remove:SW1:eth3:10+trunk_remove:SW1:eth3:20+trunk_remove:SW2:eth3:10+trunk_remove:SW2:eth3:20,24528,24538,0.05,6.4,10,True,False,True,False,True,recovery_success,0.010506911296397447,10,8,1,0,2,2,2,0,0
2355,4383,access_vlan:SW1:eth2:10+trunk_remove:SW1:eth3:10,24538,24541,0.05,9.35,3,True,False,True,False,True,recovery_success,0.008372310704241196,3,2,0,0,0,0,0,0,0
2356,4384,access_vlan:SW2:eth2:10+trunk_remove:SW1:eth3:10+trunk_remove:SW2:eth3:20,24541,24545,0.05,9.049999999999999,4,True,False,True,False,True,recovery_success,0.00819811096880585,4,3,0,0,0,0,0,0,0
2357,4385,access_vlan:SW2:eth1:20+access_vlan:SW2:eth2:10+trunk_remove:SW2:eth3:20,24545,24551,0.05,8.25,6,True,False,True,False,True,recovery_success,0.00929537337894241,6,3,2,0,1,1,1,0,0
2358,4386,trunk_remove:SW1:eth3:10+trunk_remove:SW1:eth3:20+trunk_remove:SW2:eth3:20,24551,24555,0.05,9.049999999999999,4,True,False,True,False,True,recovery_success,0.010129996109753847,4,3,0,0,0,0,0,0,0
2359,4387,access_vlan:SW1:eth1:20+trunk_remove:SW1:eth3:10+trunk_remove:SW2:eth3:10+trunk_remove:SW2:eth3:20,24555,24560,0.05,8.75,5,True,False,True,False,True,recovery_success,0.00781855108216405,5,4,0,0,0,0,0,0,0
2360,4388,access_vlan:SW1:eth1:20+access_vlan:SW1:eth2:10+access_vlan:SW2:eth1:20+trunk_remove:SW2:eth3:10,24560,24581,0.05,6.3500000000000005,21,True,False,True,False,True,recovery_success,0.021911289409867356,21,4,16,0,0,0,0,0,0
2361,4389,access_vlan:SW1:eth1:20+access_vlan:SW1:eth2:10,24581,24587,0.05,7.6,6,True,False,True,False,True,recovery_success,0.005535562716734906,6,4,1,0,2,2,2,1,0
2362,4390,access_vlan:SW2:eth1:20+trunk_remove:SW1:eth3:10+trunk_remove:SW1:eth3:20+trunk_remove:SW2:eth3:20,24587,24594,0.05,7.6499999999999995,7,True,False,True,False,True,recovery_success,0.0064514064496116975,7,6,0,0,1,1,1,0,0
2363,4391,access_vlan:SW1:eth1:20+access_vlan:SW2:eth1:20+access_vlan:SW2:eth2:10+trunk_remove:SW2:eth3:10,24594,24600,0.05,7.6,6,True,False,True,False,True,recovery_success,0.007238336062679688,6,4,1,0,2,2,1,0,0
2364,4392,access_vlan:SW1:eth2:10+access_vlan:SW2:eth1:20+access_vlan:SW2:eth2:10+trunk_remove:SW2:eth3:10,24600,24620,0.05,5.2,20,True,False,True,False,True,recovery_success,0.022130361176095903,20,5,13,0,2,2,1,0,0
2365,4393,access_vlan:SW1:eth2:10+access_vlan:SW2:eth1:20+trunk_remove:SW1:eth3:10,24620,24634,0.05,7.55,14,True,False,True,False,True,recovery_success,0.026987675028587028,14,3,10,0,0,0,0,0,0
2366,4394,access_vlan:SW1:eth2:10+access_vlan:SW2:eth1:20+trunk_remove:SW1:eth3:10+trunk_remove:SW2:eth3:20,24634,24644,0.05,8.0,10,True,False,True,False,True,recovery_success,0.006118159531615675,10,4,5,0,0,0,0,0,0
2367,4395,access_vlan:SW1:eth1:20+access_vlan:SW2:eth2:10+trunk_remove:SW1:eth3:10+trunk_remove:SW2:eth3:20,24644,24649,0.05,8.25,5,True,False,True,False,True,recovery_success,0.009908909490332008,5,4,0,0,1,1,1,0,0
2368,4396,access_vlan:SW1:eth1:20+access_vlan:SW2:eth1:20+access_vlan:SW2:eth2:10+trunk_remove:SW1:eth3:10+trunk_remove:SW1:eth3:20+trunk_remove:SW2:eth3:10+trunk_remove:SW2:eth3:20,24649,24656,0.05,8.299999999999999,7,True,False,True,False,True,recovery_success,0.007771377618025456,7,5,1,0,0,0,0,0,0
2369,4397,access_vlan:SW1:eth1:20+access_vlan:SW2:eth1:20+trunk_remove:SW1:eth3:10+trunk_remove:SW1:eth3:20+trunk_remove:SW2:eth3:20,24656,24662,0.05,8.45,6,True,False,True,False,True,recovery_success,0.007448777944470446,6,5,0,0,0,0,0,0,0
2370,4398,access_vlan:SW1:eth1:20+access_vlan:SW1:eth2:10+access_vlan:SW2:eth2:10,24662,24665,0.05,9.5,3,True,False,True,False,True,recovery_success,0.007067145003626744,3,1,1,0,0,0,0,0,0
2371,4399,access_vlan:SW2:eth2:10+trunk_remove:SW1:eth3:20+trunk_remove:SW2:eth3:20,24665,24671,0.05,7.949999999999999,6,True,False,True,False,True,recovery_success,0.006361388019286096,6,4,0,0,1,1,1,1,0
2372,4400,trunk_remove:SW1:eth3:20+trunk_remove:SW2:eth3:10,24671,24676,0.05,8.25,5,True,False,True,False,True,recovery_success,0.06268659471534192,5,4,0,0,1,1,1,0,0
2373,4401,access_vlan:SW1:eth1:20+access_vlan:SW1:eth2:10+access_vlan:SW2:eth1:20+trunk_remove:SW1:eth3:20,24676,24680,0.05,9.2,4,True,False,True,False,True,recovery_success,0.006396708311513066,4,2,1,0,0,0,0,0,0
2374,4402,trunk_remove:SW1:eth3:10+trunk_remove:SW1:eth3:20+trunk_remove:SW2:eth3:10,24680,24684,0.05,9.049999999999999,4,True,False,True,False,True,recovery_success,0.00651639502029866,4,3,0,0,0,0,0,0,0
2375,4403,access_vlan:SW1:eth2:10+access_vlan:SW2:eth1:20+trunk_remove:SW2:eth3:10,24684,24688,0.05,9.049999999999999,4,True,False,True,False,True,recovery_success,0.011461275396868587,4,3,0,0,0,0,0,0,0
2376,4404,access_vlan:SW1:eth1:20+access_vlan:SW1:eth2:10+access_vlan:SW2:eth2:10+trunk_remove:SW1:eth3:20+trunk_remove:SW2:eth3:20,24688,24693,0.05,8.899999999999999,5,True,False,True,False,True,recovery_success,0.007115886919200421,5,3,1,0,0,0,0,0,0
2377,4405,access_vlan:SW1:eth2:10+access_vlan:SW2:eth1:20,24693,24698,0.05,8.549999999999999,5,True,False,True,False,True,recovery_success,0.006560465227812529,5,2,2,0,1,1,1,0,0
2378,4406,access_vlan:SW2:eth2:10+trunk_remove:SW1:eth3:10+trunk_remove:SW2:eth3:10,24698,24704,0.05,7.949999999999999,6,True,False,True,False,True,recovery_success,0.008791406328479448,6,5,0,0,1,1,1,1,0
2379,4407,access_vlan:SW1:eth1:20+access_vlan:SW2:eth1:20+access_vlan:SW2:eth2:10+trunk_remove:SW2:eth3:10,24704,24708,0.05,9.2,4,True,False,True,False,True,recovery_success,0.005789947113953531,4,2,1,0,0,0,0,0,0
2380,4408,access_vlan:SW1:eth1:20+access_vlan:SW1:eth2:10+access_vlan:SW2:eth1:20+trunk_remove:SW1:eth3:20+trunk_remove:SW2:eth3:10+trunk_remove:SW2:eth3:20,24708,24717,0.05,7.35,9,True,False,True,False,True,recovery_success,0.005582031690412098,9,5,2,0,1,1,1,1,0
2381,4409,access_vlan:SW2:eth2:10+trunk_remove:SW1:eth3:20+trunk_remove:SW2:eth3:20,24717,24721,0.05,9.049999999999999,4,True,False,True,False,True,recovery_success,0.006167871179059148,4,3,0,0,0,0,0,0,0
2382,4410,access_vlan:SW1:eth2:10+access_vlan:SW2:eth1:20,24721,24726,0.05,8.549999999999999,5,True,False,True,False,True,recovery_success,0.00568144703283906,5,2,2,0,1,1,1,0,0
2383,4411,access_vlan:SW2:eth1:20+trunk_remove:SW1:eth3:10+trunk_remove:SW1:eth3:20,24726,24732,0.05,6.949999999999999,6,True,False,True,False,True,recovery_success,0.006085182695339124,6,5,0,0,3,3,1,1,0
2384,4412,access_vlan:SW2:eth1:20+access_vlan:SW2:eth2:10+trunk_remove:SW1:eth3:10+trunk_remove:SW1:eth3:20+trunk_remove:SW2:eth3:10+trunk_remove:SW2:eth3:20,24732,24742,0.05,6.4,10,True,False,True,False,True,recovery_success,0.006783708347938955,10,8,1,0,2,2,2,0,0
2385,4413,access_vlan:SW2:eth1:20+access_vlan:SW2:eth2:10+trunk_remove:SW1:eth3:20+trunk_remove:SW2:eth3:20,24742,24751,0.05,6.85,9,True,False,True,False,True,recovery_success,0.00638214105533229,9,6,2,0,2,2,2,1,0
2386,4414,access_vlan:SW1:eth1:20+access_vlan:SW2:eth1:20+trunk_remove:SW1:eth3:20,24751,24757,0.05,7.949999999999999,6,True,False,True,False,True,recovery_success,0.006940465575704972,6,4,0,0,1,1,1,0,0
2387,4415,access_vlan:SW1:eth2:10+access_vlan:SW2:eth1:20+access_vlan:SW2:eth2:10+trunk_remove:SW1:eth3:10+trunk_remove:SW2:eth3:10,24757,24762,0.05,8.899999999999999,5,True,False,True,False,True,recovery_success,0.006241892464458942,5,3,1,0,0,0,0,0,0
2388,4416,access_vlan:SW1:eth2:10+access_vlan:SW2:eth2:10+trunk_remove:SW1:eth3:10,24762,24766,0.05,9.049999999999999,4,True,False,True,False,True,recovery_success,0.007505732122808695,4,3,0,0,0,0,0,0,0
2389,4417,access_vlan:SW1:eth1:20+access_vlan:SW1:eth2:10+access_vlan:SW2:eth2:10+trunk_remove:SW1:eth3:10+trunk_remove:SW1:eth3:20,24766,24767,0.05,-10.05,1,True,False,True,False,False,incorrect_declare_done,0.012006699107587337,1,0,0,0,0,0,0,0,3
2390,4418,access_vlan:SW2:eth1:20+access_vlan:SW2:eth2:10+trunk_remove:SW1:eth3:10+trunk_remove:SW1:eth3:20,24767,24785,0.05,5.5,18,True,False,True,False,True,recovery_success,0.007244734843778942,18,6,11,0,2,2,2,0,0
2391,4419,access_vlan:SW1:eth2:10+access_vlan:SW2:eth2:10+trunk_remove:SW1:eth3:10+trunk_remove:SW2:eth3:10,24785,24790,0.05,8.75,5,True,False,True,False,True,recovery_success,0.0050591753330081705,5,4,0,0,0,0,0,0,0
2392,4420,access_vlan:SW1:eth1:20+access_vlan:SW2:eth2:10+trunk_remove:SW2:eth3:10,24790,24794,0.05,9.049999999999999,4,True,False,True,False,True,recovery_success,0.0074364799074828625,4,3,0,0,0,0,0,0,0
2393,4421,access_vlan:SW2:eth2:10+trunk_remove:SW1:eth3:20+trunk_remove:SW2:eth3:20,24794,24798,0.05,9.049999999999999,4,True,False,True,False,True,recovery_success,0.009640849893912673,4,3,0,0,0,0,0,0,0
2394,4422,access_vlan:SW1:eth1:20+trunk_remove:SW2:eth3:10+trunk_remove:SW2:eth3:20,24798,24802,0.05,9.049999999999999,4,True,False,True,False,True,recovery_success,0.006040203734301031,4,3,0,0,0,0,0,0,0
2395,4423,access_vlan:SW1:eth1:20+access_vlan:SW1:eth2:10+access_vlan:SW2:eth1:20+trunk_remove:SW1:eth3:10+trunk_remove:SW2:eth3:20,24802,24807,0.05,8.899999999999999,5,True,False,True,False,True,recovery_success,0.006194675154983997,5,3,1,0,0,0,0,0,0
2396,4424,access_vlan:SW1:eth1:20+access_vlan:SW1:eth2:10+access_vlan:SW2:eth1:20+trunk_remove:SW1:eth3:20,24807,24811,0.05,9.2,4,True,False,True,False,True,recovery_success,0.005305736092850566,4,2,1,0,0,0,0,0,0
2397,4425,access_vlan:SW2:eth1:20+trunk_remove:SW1:eth3:10+trunk_remove:SW1:eth3:20+trunk_remove:SW2:eth3:10,24811,24816,0.05,8.75,5,True,False,True,False,True,recovery_success,0.005129052652046084,5,4,0,0,0,0,0,0,0
2398,4426,access_vlan:SW1:eth1:20+access_vlan:SW1:eth2:10+access_vlan:SW2:eth1:20+access_vlan:SW2:eth2:10+trunk_remove:SW2:eth3:10,24816,24819,0.05,9.5,3,True,False,True,False,True,recovery_success,0.006095821658770244,3,1,1,0,0,0,0,0,0
2399,4427,access_vlan:SW1:eth2:10+trunk_remove:SW1:eth3:20+trunk_remove:SW2:eth3:10+trunk_remove:SW2:eth3:20,24819,24822,0.05,-10.65,3,True,False,True,False,False,incorrect_declare_done,0.004372827398280303,3,2,0,0,0,0,0,0,1
2400,4428,access_vlan:SW1:eth2:10+access_vlan:SW2:eth1:20+access_vlan:SW2:eth2:10,24822,24825,0.05,9.5,3,True,False,True,False,True,recovery_success,0.00781522667966783,3,1,1,0,0,0,0,0,0
2401,4429,access_vlan:SW2:eth1:20+access_vlan:SW2:eth2:10+trunk_remove:SW1:eth3:10+trunk_remove:SW1:eth3:20,24825,24830,0.05,8.25,5,True,False,True,False,True,recovery_success,0.004010905558243394,5,4,0,0,1,1,1,0,0
2402,4430,access_vlan:SW1:eth1:20+access_vlan:SW1:eth2:10+access_vlan:SW2:eth1:20+access_vlan:SW2:eth2:10+trunk_remove:SW1:eth3:10+trunk_remove:SW1:eth3:20+trunk_remove:SW2:eth3:10,24830,24838,0.05,7.6499999999999995,8,True,False,True,False,True,recovery_success,0.005127281212480739,8,5,2,0,1,1,1,0,0
2403,4431,access_vlan:SW1:eth2:10+access_vlan:SW2:eth1:20+access_vlan:SW2:eth2:10+trunk_remove:SW1:eth3:10+trunk_remove:SW1:eth3:20+trunk_remove:SW2:eth3:10,24838,24844,0.05,8.6,6,True,False,True,False,True,recovery_success,0.00621431483887136,6,4,1,0,0,0,0,0,0
2404,4432,trunk_remove:SW2:eth3:10+trunk_remove:SW2:eth3:20,24844,24847,0.05,9.35,3,True,False,True,False,True,recovery_success,0.005828460988899072,3,2,0,0,0,0,0,0,0
2405,4433,access_vlan:SW1:eth1:20+access_vlan:SW1:eth2:10+trunk_remove:SW2:eth3:20,24847,24852,0.05,8.399999999999999,5,True,False,True,False,True,recovery_success,0.00832601790316403,5,3,1,0,1,1,1,0,0
2406,4434,access_vlan:SW1:eth2:10+access_vlan:SW2:eth1:20+access_vlan:SW2:eth2:10+trunk_remove:SW1:eth3:10+trunk_remove:SW1:eth3:20+trunk_remove:SW2:eth3:20,24852,24858,0.05,8.6,6,True,False,True,False,True,recovery_success,0.005383087399726112,6,4,1,0,0,0,0,0,0
2407,4435,access_vlan:SW1:eth1:20+access_vlan:SW1:eth2:10+access_vlan:SW2:eth1:20+access_vlan:SW2:eth2:10+trunk_remove:SW1:eth3:10+trunk_remove:SW1:eth3:20+trunk_remove:SW2:eth3:10,24858,24888,0.05,-6.149999999999998,30,True,False,False,True,False,step_limit,0.005856578797101974,30,11,19,0,0,0,0,0,1
2408,4436,access_vlan:SW1:eth1:20+access_vlan:SW2:eth1:20+access_vlan:SW2:eth2:10+trunk_remove:SW1:eth3:10+trunk_remove:SW1:eth3:20+trunk_remove:SW2:eth3:10,24888,24894,0.05,8.6,6,True,False,True,False,True,recovery_success,0.006719436729326844,6,4,1,0,0,0,0,0,0
2409,4437,access_vlan:SW2:eth1:20+access_vlan:SW2:eth2:10+trunk_remove:SW1:eth3:20,24894,24898,0.05,8.549999999999999,4,True,False,True,False,True,recovery_success,0.004834865452721715,4,3,0,0,1,1,1,0,0
2410,4438,access_vlan:SW1:eth2:10+access_vlan:SW2:eth1:20+trunk_remove:SW1:eth3:10+trunk_remove:SW1:eth3:20+trunk_remove:SW2:eth3:10+trunk_remove:SW2:eth3:20,24898,24905,0.05,8.149999999999999,7,True,False,True,False,True,recovery_success,0.004979474203927177,7,6,0,0,0,0,0,0,0
2411,4439,access_vlan:SW1:eth2:10+access_vlan:SW2:eth1:20+access_vlan:SW2:eth2:10+trunk_remove:SW1:eth3:10+trunk_remove:SW2:eth3:10+trunk_remove:SW2:eth3:20,24905,24911,0.05,8.6,6,True,False,True,False,True,recovery_success,0.004760796592260401,6,4,1,0,0,0,0,0,0
2412,4440,access_vlan:SW1:eth2:10+access_vlan:SW2:eth2:10+trunk_remove:SW1:eth3:10+trunk_remove:SW1:eth3:20+trunk_remove:SW2:eth3:10+trunk_remove:SW2:eth3:20,24911,24941,0.05,-6.050000000000001,30,True,False,False,True,False,step_limit,0.005687416042201221,30,7,23,0,1,1,1,0,2
2413,4441,access_vlan:SW2:eth2:10+trunk_remove:SW1:eth3:20,24941,24944,0.05,9.35,3,True,False,True,False,True,recovery_success,0.0053395522603144245,3,2,0,0,0,0,0,0,0
2414,4442,access_vlan:SW1:eth1:20+access_vlan:SW2:eth1:20+trunk_remove:SW1:eth3:10+trunk_remove:SW1:eth3:20+trunk_remove:SW2:eth3:10,24944,24952,0.05,7.35,8,True,False,True,False,True,recovery_success,0.005429884884506464,8,7,0,0,1,1,1,1,0
2415,4443,access_vlan:SW1:eth1:20+access_vlan:SW1:eth2:10+access_vlan:SW2:eth1:20+trunk_remove:SW1:eth3:20,24952,24956,0.05,9.2,4,True,False,True,False,True,recovery_success,0.08102498471271247,4,2,1,0,0,0,0,0,0
2416,4444,access_vlan:SW2:eth1:20+trunk_remove:SW1:eth3:10+trunk_remove:SW2:eth3:10+trunk_remove:SW2:eth3:20,24956,24961,0.05,8.75,5,True,False,True,False,True,recovery_success,0.010163099598139524,5,4,0,0,0,0,0,0,0
2417,4445,access_vlan:SW1:eth2:10+access_vlan:SW2:eth1:20+access_vlan:SW2:eth2:10+trunk_remove:SW2:eth3:20,24961,24965,0.05,9.2,4,True,False,True,False,True,recovery_success,0.00981622445397079,4,2,1,0,0,0,0,0,0
2418,4446,access_vlan:SW2:eth2:10,24965,24967,0.05,9.649999999999999,2,True,False,True,False,True,recovery_success,0.010300920344889164,2,1,0,0,0,0,0,0,0
2419,4447,access_vlan:SW2:eth1:20+trunk_remove:SW1:eth3:10+trunk_remove:SW1:eth3:20,24967,24971,0.05,9.049999999999999,4,True,False,True,False,True,recovery_success,0.00719305855454877,4,3,0,0,0,0,0,0,0
2420,4448,access_vlan:SW1:eth2:10+access_vlan:SW2:eth2:10+trunk_remove:SW2:eth3:10,24971,24975,0.05,9.049999999999999,4,True,False,True,False,True,recovery_success,0.008300800691358745,4,3,0,0,0,0,0,0,0
2421,4449,access_vlan:SW1:eth1:20+access_vlan:SW1:eth2:10+trunk_remove:SW1:eth3:10+trunk_remove:SW1:eth3:20+trunk_remove:SW2:eth3:10+trunk_remove:SW2:eth3:20,24975,24982,0.05,7.6499999999999995,7,True,False,True,False,True,recovery_success,0.0071703665889799595,7,6,0,0,1,1,1,0,0
2422,4450,access_vlan:SW1:eth1:20+access_vlan:SW2:eth2:10+trunk_remove:SW1:eth3:20+trunk_remove:SW2:eth3:10,24982,24987,0.05,8.75,5,True,False,True,False,True,recovery_success,0.006669129058718681,5,4,0,0,0,0,0,0,0
2423,4451,access_vlan:SW1:eth1:20+access_vlan:SW2:eth1:20+trunk_remove:SW1:eth3:20+trunk_remove:SW2:eth3:20,24987,24992,0.05,8.75,5,True,False,True,False,True,recovery_success,0.004179648077115417,5,4,0,0,0,0,0,0,0
2424,4452,access_vlan:SW1:eth2:10+trunk_remove:SW1:eth3:10+trunk_remove:SW1:eth3:20,24992,24996,0.05,9.049999999999999,4,True,False,True,False,True,recovery_success,0.004438241710886359,4,3,0,0,0,0,0,0,0
2425,4453,access_vlan:SW1:eth2:10+access_vlan:SW2:eth2:10+trunk_remove:SW1:eth3:20+trunk_remove:SW2:eth3:10+trunk_remove:SW2:eth3:20,24996,25003,0.05,8.299999999999999,7,True,False,True,False,True,recovery_success,0.009004425257444382,7,5,1,0,0,0,0,0,0
2426,4454,access_vlan:SW2:eth1:20+access_vlan:SW2:eth2:10+trunk_remove:SW1:eth3:10+trunk_remove:SW2:eth3:10,25003,25008,0.05,8.25,5,True,False,True,False,True,recovery_success,0.013859357498586179,5,4,0,0,1,1,1,0,0
2427,4455,access_vlan:SW1:eth2:10+access_vlan:SW2:eth1:20+access_vlan:SW2:eth2:10+trunk_remove:SW1:eth3:20+trunk_remove:SW2:eth3:10+trunk_remove:SW2:eth3:20,25008,25038,0.05,-5.750000000000002,30,True,False,False,True,False,step_limit,0.019293109125768145,30,5,25,0,1,1,1,0,2
2428,4456,trunk_remove:SW1:eth3:20+trunk_remove:SW2:eth3:10,25038,25041,0.05,9.35,3,True,False,True,False,True,recovery_success,0.007564731873571873,3,2,0,0,0,0,0,0,0
2429,4457,access_vlan:SW1:eth2:10+trunk_remove:SW1:eth3:20+trunk_remove:SW2:eth3:10,25041,25045,0.05,9.049999999999999,4,True,False,True,False,True,recovery_success,0.006515596644021571,4,3,0,0,0,0,0,0,0
2430,4458,access_vlan:SW1:eth1:20+access_vlan:SW1:eth2:10+access_vlan:SW2:eth2:10+trunk_remove:SW1:eth3:10+trunk_remove:SW1:eth3:20,25045,25075,0.05,-6.400000000000002,30,True,False,False,True,False,step_limit,0.02549053340529402,30,6,24,0,2,2,1,0,2
2431,4459,access_vlan:SW1:eth1:20+access_vlan:SW1:eth2:10+access_vlan:SW2:eth2:10+trunk_remove:SW1:eth3:10+trunk_remove:SW2:eth3:10+trunk_remove:SW2:eth3:20,25075,25105,0.05,-5.750000000000002,30,True,False,False,True,False,step_limit,0.01670033868091802,30,5,25,0,1,1,1,0,2
2432,4460,access_vlan:SW1:eth1:20+access_vlan:SW1:eth2:10+access_vlan:SW2:eth2:10+trunk_remove:SW1:eth3:20+trunk_remove:SW2:eth3:20,25105,25135,0.05,-5.6000000000000005,30,True,False,False,True,False,step_limit,0.008564156154170633,30,4,26,0,1,1,1,0,2
2433,4461,access_vlan:SW1:eth2:10+access_vlan:SW2:eth1:20+trunk_remove:SW1:eth3:20+trunk_remove:SW2:eth3:10+trunk_remove:SW2:eth3:20,25135,25141,0.05,8.45,6,True,False,True,False,True,recovery_success,0.006167236793165405,6,5,0,0,0,0,0,0,0
2434,4462,access_vlan:SW1:eth2:10+access_vlan:SW2:eth2:10+trunk_remove:SW1:eth3:10+trunk_remove:SW1:eth3:20+trunk_remove:SW2:eth3:10,25141,25171,0.05,-8.0,30,True,False,False,True,False,step_limit,0.009462624105314415,30,10,20,0,4,3,3,1,3
2435,4463,access_vlan:SW1:eth2:10+access_vlan:SW2:eth1:20+trunk_remove:SW1:eth3:10+trunk_remove:SW2:eth3:10+trunk_remove:SW2:eth3:20,25171,25178,0.05,8.299999999999999,7,True,False,True,False,True,recovery_success,0.012707202229648829,7,5,1,0,0,0,0,0,0
2436,4464,access_vlan:SW1:eth1:20+access_vlan:SW2:eth1:20+trunk_remove:SW1:eth3:20,25178,25183,0.05,8.899999999999999,5,True,False,True,False,True,recovery_success,0.06595404976978898,5,3,1,0,0,0,0,0,0
2437,4465,access_vlan:SW2:eth1:20+access_vlan:SW2:eth2:10+trunk_remove:SW1:eth3:10+trunk_remove:SW1:eth3:20,25183,25188,0.05,8.25,5,True,False,True,False,True,recovery_success,0.0149191418197006,5,4,0,0,1,1,1,0,0
2438,4466,access_vlan:SW1:eth1:20+trunk_remove:SW1:eth3:10+trunk_remove:SW1:eth3:20+trunk_remove:SW2:eth3:20,25188,25193,0.05,8.75,5,True,False,True,False,True,recovery_success,0.007021542452275753,5,4,0,0,0,0,0,0,0
2439,4467,access_vlan:SW1:eth1:20+trunk_remove:SW1:eth3:10,25193,25196,0.05,9.35,3,True,False,True,False,True,recovery_success,0.0065663813923796015,3,2,0,0,0,0,0,0,0
2440,4468,access_vlan:SW2:eth2:10,25196,25198,0.05,9.649999999999999,2,True,False,True,False,True,recovery_success,0.007626946549862623,2,1,0,0,0,0,0,0,0
2441,4469,access_vlan:SW1:eth2:10+access_vlan:SW2:eth2:10+trunk_remove:SW2:eth3:10,25198,25204,0.05,7.449999999999999,6,True,False,True,False,True,recovery_success,0.050439092058998845,6,5,0,0,2,2,1,0,0
2442,4470,access_vlan:SW1:eth2:10+access_vlan:SW2:eth1:20+trunk_remove:SW1:eth3:20+trunk_remove:SW2:eth3:10,25204,25209,0.05,8.75,5,True,False,True,False,True,recovery_success,0.004433590034022927,5,4,0,0,0,0,0,0,0
2443,4471,access_vlan:SW1:eth2:10+access_vlan:SW2:eth1:20+access_vlan:SW2:eth2:10+trunk_remove:SW1:eth3:10+trunk_remove:SW2:eth3:10,25209,25239,0.05,-7.5500000000000025,30,True,False,False,True,False,step_limit,0.015772297621394198,30,7,23,0,4,3,3,0,2
2444,4472,trunk_remove:SW1:eth3:10+trunk_remove:SW2:eth3:10,25239,25242,0.05,9.35,3,True,False,True,False,True,recovery_success,0.013627932562182346,3,2,0,0,0,0,0,0,0
2445,4473,access_vlan:SW2:eth2:10+trunk_remove:SW1:eth3:20,25242,25245,0.05,9.35,3,True,False,True,False,True,recovery_success,0.028295292829473812,3,2,0,0,0,0,0,0,0
2446,4474,access_vlan:SW1:eth1:20+access_vlan:SW1:eth2:10+trunk_remove:SW1:eth3:10+trunk_remove:SW1:eth3:20+trunk_remove:SW2:eth3:20,25245,25275,0.05,-5.750000000000002,30,True,False,False,True,False,step_limit,0.02106908216762046,30,4,25,0,1,1,1,0,2
2447,4475,access_vlan:SW2:eth1:20+trunk_remove:SW2:eth3:10,25275,25278,0.05,9.35,3,True,False,True,False,True,recovery_success,0.006985165178775787,3,2,0,0,0,0,0,0,0
2448,4476,access_vlan:SW2:eth1:20+access_vlan:SW2:eth2:10+trunk_remove:SW1:eth3:20+trunk_remove:SW2:eth3:20,25278,25308,0.05,-7.35,30,True,False,False,True,False,step_limit,0.004446471032376091,30,9,21,0,3,3,3,0,3
2449,4477,access_vlan:SW1:eth2:10+access_vlan:SW2:eth1:20+access_vlan:SW2:eth2:10,25308,25313,0.05,9.2,5,True,False,True,False,True,recovery_success,0.0051018836908042434,5,1,3,0,0,0,0,0,0
2450,4478,access_vlan:SW2:eth1:20+access_vlan:SW2:eth2:10+trunk_remove:SW1:eth3:20+trunk_remove:SW2:eth3:10,25313,25318,0.05,8.25,5,True,False,True,False,True,recovery_success,0.004614146146923304,5,4,0,0,1,1,1,0,0
2451,4479,access_vlan:SW1:eth2:10+trunk_remove:SW1:eth3:10+trunk_remove:SW1:eth3:20+trunk_remove:SW2:eth3:10+trunk_remove:SW2:eth3:20,25318,25324,0.05,8.45,6,True,False,True,False,True,recovery_success,0.007195088352697591,6,5,0,0,0,0,0,0,0
2452,4480,trunk_remove:SW1:eth3:20+trunk_remove:SW2:eth3:20,25324,25327,0.05,9.35,3,True,False,True,False,True,recovery_success,0.09614053127976756,3,2,0,0,0,0,0,0,0
2453,4481,access_vlan:SW1:eth1:20+access_vlan:SW1:eth2:10+access_vlan:SW2:eth1:20+access_vlan:SW2:eth2:10,25327,25329,0.05,9.799999999999999,2,True,False,True,False,True,recovery_success,0.004853469203226268,2,0,1,0,0,0,0,0,0
2454,4482,trunk_remove:SW1:eth3:10+trunk_remove:SW2:eth3:10,25329,25332,0.05,9.35,3,True,False,True,False,True,recovery_success,0.00451856975754102,3,2,0,0,0,0,0,0,0
2455,4483,access_vlan:SW1:eth1:20+access_vlan:SW1:eth2:10+access_vlan:SW2:eth1:20+access_vlan:SW2:eth2:10+trunk_remove:SW1:eth3:10+trunk_remove:SW2:eth3:10+trunk_remove:SW2:eth3:20,25332,25351,0.05,4.199999999999999,19,True,False,True,False,True,recovery_success,0.020506478588734018,19,7,11,0,4,2,2,0,0
2456,4484,access_vlan:SW1:eth1:20+access_vlan:SW2:eth1:20+access_vlan:SW2:eth2:10+trunk_remove:SW1:eth3:10+trunk_remove:SW2:eth3:20,25351,25381,0.05,-6.050000000000001,30,True,False,False,True,False,step_limit,0.004934765146269153,30,7,23,0,1,1,1,0,2
2457,4485,access_vlan:SW1:eth2:10+access_vlan:SW2:eth2:10+trunk_remove:SW1:eth3:10,25381,25387,0.05,7.949999999999999,6,True,False,True,False,True,recovery_success,0.0038458639367794,6,4,0,0,1,1,1,1,0
2458,4486,access_vlan:SW1:eth1:20+trunk_remove:SW1:eth3:10+trunk_remove:SW2:eth3:10,25387,25393,0.05,7.949999999999999,6,True,False,True,False,True,recovery_success,0.0037825582937027016,6,5,0,0,1,1,1,1,0
2459,4487,access_vlan:SW1:eth1:20+access_vlan:SW2:eth1:20+trunk_remove:SW1:eth3:20,25393,25397,0.05,9.049999999999999,4,True,False,True,False,True,recovery_success,0.0035940256202593446,4,3,0,0,0,0,0,0,0
2460,4488,access_vlan:SW1:eth1:20+access_vlan:SW1:eth2:10+access_vlan:SW2:eth1:20+access_vlan:SW2:eth2:10+trunk_remove:SW2:eth3:10,25397,25400,0.05,9.5,3,True,False,True,False,True,recovery_success,0.003418095021819075,3,1,1,0,0,0,0,0,0
2461,4489,access_vlan:SW1:eth2:10+trunk_remove:SW1:eth3:10+trunk_remove:SW2:eth3:10+trunk_remove:SW2:eth3:20,25400,25405,0.05,8.75,5,True,False,True,False,True,recovery_success,0.004061715630814433,5,4,0,0,0,0,0,0,0
2462,4490,access_vlan:SW1:eth2:10+trunk_remove:SW1:eth3:10+trunk_remove:SW1:eth3:20+trunk_remove:SW2:eth3:10,25405,25410,0.05,8.75,5,True,False,True,False,True,recovery_success,0.0050098559819161895,5,4,0,0,0,0,0,0,0
2463,4491,access_vlan:SW1:eth1:20,25410,25412,0.05,9.649999999999999,2,True,False,True,False,True,recovery_success,0.009373024804517627,2,1,0,0,0,0,0,0,0
2464,4492,access_vlan:SW1:eth1:20+access_vlan:SW2:eth1:20+trunk_remove:SW2:eth3:10+trunk_remove:SW2:eth3:20,25412,25419,0.05,8.149999999999999,7,True,False,True,False,True,recovery_success,0.004350825279418912,7,6,0,0,0,0,0,0,0
2465,4493,trunk_remove:SW1:eth3:10+trunk_remove:SW2:eth3:20,25419,25422,0.05,9.35,3,True,False,True,False,True,recovery_success,0.0040431473559389515,3,2,0,0,0,0,0,0,0
2466,4494,access_vlan:SW1:eth1:20+access_vlan:SW1:eth2:10+access_vlan:SW2:eth2:10+trunk_remove:SW1:eth3:20+trunk_remove:SW2:eth3:20,25422,25452,0.05,-6.600000000000003,30,True,False,False,True,False,step_limit,0.013944044585029285,30,4,26,0,3,3,2,0,4
2467,4495,access_vlan:SW2:eth2:10+trunk_remove:SW1:eth3:10+trunk_remove:SW2:eth3:10+trunk_remove:SW2:eth3:20,25452,25457,0.05,8.75,5,True,False,True,False,True,recovery_success,0.05636970968917012,5,4,0,0,0,0,0,0,0
2468,4496,access_vlan:SW1:eth1:20+access_vlan:SW1:eth2:10+trunk_remove:SW1:eth3:20,25457,25462,0.05,8.399999999999999,5,True,False,True,False,True,recovery_success,0.004016545368358493,5,3,1,0,1,1,1,0,0
2469,4497,access_vlan:SW1:eth1:20+access_vlan:SW2:eth1:20+trunk_remove:SW1:eth3:20+trunk_remove:SW2:eth3:20,25462,25467,0.05,8.75,5,True,False,True,False,True,recovery_success,0.003723687678575516,5,4,0,0,0,0,0,0,0
2470,4498,access_vlan:SW1:eth1:20+access_vlan:SW2:eth2:10+trunk_remove:SW1:eth3:10,25467,25473,0.05,7.449999999999999,6,True,False,True,False,True,recovery_success,0.007668950905402501,6,5,0,0,2,2,2,1,0
2471,4499,access_vlan:SW1:eth1:20+access_vlan:SW1:eth2:10+access_vlan:SW2:eth2:10+trunk_remove:SW1:eth3:10,25473,25478,0.05,9.049999999999999,5,True,False,True,False,True,recovery_success,0.007407017331570387,5,2,2,0,0,0,0,0,0
2472,4500,access_vlan:SW1:eth1:20+access_vlan:SW1:eth2:10+access_vlan:SW2:eth2:10+trunk_remove:SW1:eth3:10+trunk_remove:SW2:eth3:20,25478,25485,0.05,8.6,7,True,False,True,False,True,recovery_success,0.004407224810815283,7,3,3,0,0,0,0,0,0
2473,4501,access_vlan:SW1:eth1:20+access_vlan:SW2:eth1:20+access_vlan:SW2:eth2:10+trunk_remove:SW1:eth3:10+trunk_remove:SW1:eth3:20+trunk_remove:SW2:eth3:10,25485,25515,0.05,-6.200000000000002,30,True,False,False,True,False,step_limit,0.015232630485358337,30,8,22,0,1,1,1,0,2
2474,4502,access_vlan:SW2:eth1:20+trunk_remove:SW1:eth3:10+trunk_remove:SW1:eth3:20+trunk_remove:SW2:eth3:20,25515,25522,0.05,6.6499999999999995,7,True,False,True,False,True,recovery_success,0.007502065439309392,7,6,0,0,3,3,1,1,0
2475,4503,access_vlan:SW1:eth1:20+access_vlan:SW2:eth1:20+access_vlan:SW2:eth2:10+trunk_remove:SW1:eth3:20+trunk_remove:SW2:eth3:10+trunk_remove:SW2:eth3:20,25522,25552,0.05,-5.9,30,True,False,False,True,False,step_limit,0.007044214258591334,30,6,24,0,1,1,1,0,2
2476,4504,access_vlan:SW1:eth1:20+access_vlan:SW1:eth2:10+access_vlan:SW2:eth2:10+trunk_remove:SW1:eth3:10+trunk_remove:SW1:eth3:20+trunk_remove:SW2:eth3:10+trunk_remove:SW2:eth3:20,25552,25562,0.05,7.85,10,True,False,True,False,True,recovery_success,0.005863455845974386,10,5,4,0,0,0,0,0,0
2477,4505,access_vlan:SW1:eth1:20+access_vlan:SW1:eth2:10+access_vlan:SW2:eth1:20+access_vlan:SW2:eth2:10,25562,25564,0.05,9.799999999999999,2,True,False,True,False,True,recovery_success,0.005139779997989535,2,0,1,0,0,0,0,0,0
2478,4506,access_vlan:SW2:eth1:20+access_vlan:SW2:eth2:10+trunk_remove:SW1:eth3:20+trunk_remove:SW2:eth3:20,25564,25574,0.05,6.699999999999999,10,True,False,True,False,True,recovery_success,0.007474889326840639,10,6,3,0,2,2,2,1,0
2479,4507,access_vlan:SW1:eth1:20+access_vlan:SW1:eth2:10+access_vlan:SW2:eth2:10+trunk_remove:SW1:eth3:20+trunk_remove:SW2:eth3:20,25574,25579,0.05,8.899999999999999,5,True,False,True,False,True,recovery_success,0.005774746835231781,5,3,1,0,0,0,0,0,0
2480,4508,access_vlan:SW1:eth2:10+trunk_remove:SW1:eth3:10+trunk_remove:SW2:eth3:20,25579,25583,0.05,9.049999999999999,4,True,False,True,False,True,recovery_success,0.0037524508661590517,4,3,0,0,0,0,0,0,0
2481,4509,access_vlan:SW1:eth1:20+access_vlan:SW2:eth1:20+trunk_remove:SW2:eth3:10,25583,25587,0.05,8.549999999999999,4,True,False,True,False,True,recovery_success,0.003610110899899155,4,3,0,0,1,1,1,0,0
2482,4510,access_vlan:SW2:eth2:10+trunk_remove:SW1:eth3:20,25587,25590,0.05,9.35,3,True,False,True,False,True,recovery_success,0.009483168522516886,3,2,0,0,0,0,0,0,0
2483,4511,access_vlan:SW1:eth2:10+trunk_remove:SW1:eth3:20+trunk_remove:SW2:eth3:10,25590,25596,0.05,8.45,6,True,False,True,False,True,recovery_success,0.0038931339513510466,6,5,0,0,0,0,0,0,0
2484,4512,access_vlan:SW1:eth1:20+access_vlan:SW1:eth2:10+access_vlan:SW2:eth1:20+access_vlan:SW2:eth2:10+trunk_remove:SW2:eth3:20,25596,25599,0.05,9.5,3,True,False,True,False,True,recovery_success,0.0035588882553080716,3,1,1,0,0,0,0,0,0
2485,4513,access_vlan:SW1:eth1:20+access_vlan:SW1:eth2:10+access_vlan:SW2:eth1:20+access_vlan:SW2:eth2:10+trunk_remove:SW2:eth3:10+trunk_remove:SW2:eth3:20,25599,25603,0.05,9.2,4,True,False,True,False,True,recovery_success,0.004238089371938258,4,2,1,0,0,0,0,0,0
2486,4514,access_vlan:SW1:eth1:20+access_vlan:SW2:eth1:20+trunk_remove:SW2:eth3:10+trunk_remove:SW2:eth3:20,25603,25608,0.05,8.75,5,True,False,True,False,True,recovery_success,0.00426907017827034,5,4,0,0,0,0,0,0,0
2487,4515,access_vlan:SW1:eth1:20+trunk_remove:SW1:eth3:10+trunk_remove:SW1:eth3:20,25608,25612,0.05,9.049999999999999,4,True,False,True,False,True,recovery_success,0.07126570190303028,4,3,0,0,0,0,0,0,0
2488,4516,access_vlan:SW2:eth2:10+trunk_remove:SW2:eth3:20,25612,25614,0.05,-10.350000000000001,2,True,False,True,False,False,incorrect_declare_done,0.002352295210584998,2,1,0,0,0,0,0,0,1
2489,4517,access_vlan:SW1:eth2:10+access_vlan:SW2:eth2:10+trunk_remove:SW2:eth3:10,25614,25618,0.05,9.049999999999999,4,True,False,True,False,True,recovery_success,0.0037523265345953405,4,3,0,0,0,0,0,0,0
2490,4518,access_vlan:SW1:eth1:20+access_vlan:SW1:eth2:10+access_vlan:SW2:eth1:20+access_vlan:SW2:eth2:10+trunk_remove:SW1:eth3:20+trunk_remove:SW2:eth3:20,25618,25622,0.05,9.2,4,True,False,True,False,True,recovery_success,0.005188611685298383,4,2,1,0,0,0,0,0,0
2491,4519,access_vlan:SW1:eth1:20+trunk_remove:SW1:eth3:10,25622,25625,0.05,9.35,3,True,False,True,False,True,recovery_success,0.003126839486261209,3,2,0,0,0,0,0,0,0
2492,4520,trunk_remove:SW1:eth3:10+trunk_remove:SW1:eth3:20+trunk_remove:SW2:eth3:10,25625,25629,0.05,9.049999999999999,4,True,False,True,False,True,recovery_success,0.004884388647042215,4,3,0,0,0,0,0,0,0
2493,4521,access_vlan:SW2:eth1:20+access_vlan:SW2:eth2:10,25629,25634,0.05,6.749999999999999,5,True,False,True,False,True,recovery_success,0.053586175525560976,5,4,0,0,4,3,3,0,0
2494,4522,access_vlan:SW1:eth2:10+access_vlan:SW2:eth2:10+trunk_remove:SW2:eth3:10,25634,25638,0.05,9.049999999999999,4,True,False,True,False,True,recovery_success,0.005041668424382806,4,3,0,0,0,0,0,0,0
2495,4523,access_vlan:SW1:eth1:20+access_vlan:SW2:eth1:20+access_vlan:SW2:eth2:10+trunk_remove:SW1:eth3:10+trunk_remove:SW1:eth3:20+trunk_remove:SW2:eth3:20,25638,25645,0.05,8.45,7,True,False,True,False,True,recovery_success,0.004972165117838553,7,4,2,0,0,0,0,0,0
2496,4524,access_vlan:SW1:eth1:20+access_vlan:SW1:eth2:10+access_vlan:SW2:eth2:10+trunk_remove:SW1:eth3:20+trunk_remove:SW2:eth3:20,25645,25650,0.05,8.899999999999999,5,True,False,True,False,True,recovery_success,0.0040385720785707235,5,3,1,0,0,0,0,0,0
2497,4525,access_vlan:SW1:eth1:20+access_vlan:SW1:eth2:10+trunk_remove:SW1:eth3:10+trunk_remove:SW2:eth3:10+trunk_remove:SW2:eth3:20,25650,25661,0.05,6.6,11,True,False,True,False,True,recovery_success,0.004197782223028215,11,7,1,0,1,1,1,0,0
2498,4526,access_vlan:SW2:eth1:20+access_vlan:SW2:eth2:10+trunk_remove:SW2:eth3:20,25661,25665,0.05,8.549999999999999,4,True,False,True,False,True,recovery_success,0.00426169770071283,4,3,0,0,1,1,1,0,0
2499,4527,access_vlan:SW1:eth2:10+access_vlan:SW2:eth1:20,25665,25668,0.05,8.85,3,True,False,True,False,True,recovery_success,0.005144474484647314,3,2,0,0,1,1,1,0,0
2500,4528,trunk_remove:SW1:eth3:20+trunk_remove:SW2:eth3:20,25668,25671,0.05,9.35,3,True,False,True,False,True,recovery_success,0.004648408852517605,3,2,0,0,0,0,0,0,0
2501,4529,access_vlan:SW2:eth1:20+trunk_remove:SW2:eth3:20,25671,25674,0.05,9.35,3,True,False,True,False,True,recovery_success,0.0033896593376994133,3,2,0,0,0,0,0,0,0
2502,4530,access_vlan:SW1:eth1:20+access_vlan:SW1:eth2:10+access_vlan:SW2:eth2:10+trunk_remove:SW1:eth3:10+trunk_remove:SW1:eth3:20+trunk_remove:SW2:eth3:10+trunk_remove:SW2:eth3:20,25674,25681,0.05,8.299999999999999,7,True,False,True,False,True,recovery_success,0.004928370671612876,7,5,1,0,0,0,0,0,0
2503,4531,access_vlan:SW1:eth1:20+access_vlan:SW1:eth2:10+trunk_remove:SW1:eth3:20+trunk_remove:SW2:eth3:20,25681,25687,0.05,8.1,6,True,False,True,False,True,recovery_success,0.004182403926582386,6,4,1,0,1,1,1,0,0
2504,4532,access_vlan:SW1:eth1:20+trunk_remove:SW1:eth3:10+trunk_remove:SW2:eth3:20,25687,25691,0.05,9.049999999999999,4,True,False,True,False,True,recovery_success,0.003956876520533115,4,3,0,0,0,0,0,0,0
2505,4533,access_vlan:SW1:eth2:10+trunk_remove:SW1:eth3:10,25691,25694,0.05,9.35,3,True,False,True,False,True,recovery_success,0.0030756930354982615,3,2,0,0,0,0,0,0,0
2506,4534,access_vlan:SW1:eth1:20+access_vlan:SW1:eth2:10+access_vlan:SW2:eth1:20+access_vlan:SW2:eth2:10+trunk_remove:SW1:eth3:10+trunk_remove:SW1:eth3:20+trunk_remove:SW2:eth3:10,25694,25701,0.05,8.299999999999999,7,True,False,True,False,True,recovery_success,0.0032473638254616943,7,5,1,0,0,0,0,0,0
2507,4535,access_vlan:SW1:eth1:20+trunk_remove:SW1:eth3:10,25701,25704,0.05,9.35,3,True,False,True,False,True,recovery_success,0.0038701804975668588,3,2,0,0,0,0,0,0,0
2508,4536,access_vlan:SW1:eth1:20+access_vlan:SW1:eth2:10+access_vlan:SW2:eth1:20+trunk_remove:SW2:eth3:10+trunk_remove:SW2:eth3:20,25704,25709,0.05,8.899999999999999,5,True,False,True,False,True,recovery_success,0.005611263494938612,5,3,1,0,0,0,0,0,0
2509,4537,access_vlan:SW1:eth1:20+access_vlan:SW1:eth2:10+access_vlan:SW2:eth2:10+trunk_remove:SW1:eth3:10+trunk_remove:SW1:eth3:20+trunk_remove:SW2:eth3:10+trunk_remove:SW2:eth3:20,25709,25719,0.05,7.549999999999999,10,True,False,True,False,True,recovery_success,0.004186171991750598,10,6,2,0,0,0,0,0,0
2510,4538,access_vlan:SW1:eth1:20+access_vlan:SW2:eth2:10+trunk_remove:SW2:eth3:10,25719,25723,0.05,9.049999999999999,4,True,False,True,False,True,recovery_success,0.005258497432805598,4,3,0,0,0,0,0,0,0
2511,4539,access_vlan:SW1:eth1:20+access_vlan:SW2:eth2:10+trunk_remove:SW1:eth3:20+trunk_remove:SW2:eth3:10,25723,25728,0.05,8.75,5,True,False,True,False,True,recovery_success,0.004493958270177245,5,4,0,0,0,0,0,0,0
2512,4540,access_vlan:SW2:eth1:20+trunk_remove:SW1:eth3:10,25728,25731,0.05,9.35,3,True,False,True,False,True,recovery_success,0.004149368808915217,3,2,0,0,0,0,0,0,0
2513,4541,access_vlan:SW2:eth1:20+trunk_remove:SW1:eth3:10,25731,25734,0.05,9.35,3,True,False,True,False,True,recovery_success,0.0038428057450801134,3,2,0,0,0,0,0,0,0
2514,4542,access_vlan:SW1:eth1:20+access_vlan:SW2:eth1:20+access_vlan:SW2:eth2:10+trunk_remove:SW1:eth3:10+trunk_remove:SW1:eth3:20,25734,25740,0.05,8.75,6,True,False,True,False,True,recovery_success,0.005910761809597413,6,3,2,0,0,0,0,0,0
2515,4543,access_vlan:SW2:eth1:20+trunk_remove:SW1:eth3:10+trunk_remove:SW1:eth3:20+trunk_remove:SW2:eth3:20,25740,25745,0.05,8.75,5,True,False,True,False,True,recovery_success,0.05415926957502961,5,4,0,0,0,0,0,0,0
2516,4544,access_vlan:SW2:eth1:20+access_vlan:SW2:eth2:10+trunk_remove:SW2:eth3:10,25745,25753,0.05,7.649999999999999,8,True,False,True,False,True,recovery_success,0.005995771993184462,8,5,2,0,1,1,1,0,0
2517,4545,access_vlan:SW1:eth1:20+access_vlan:SW1:eth2:10+trunk_remove:SW1:eth3:20,25753,25758,0.05,8.399999999999999,5,True,False,True,False,True,recovery_success,0.006756480969488621,5,3,1,0,1,1,1,0,0
2518,4546,access_vlan:SW1:eth1:20+access_vlan:SW2:eth2:10+trunk_remove:SW1:eth3:10,25758,25763,0.05,8.899999999999999,5,True,False,True,False,True,recovery_success,0.02159497025422752,5,3,1,0,0,0,0,0,0
2519,4547,access_vlan:SW1:eth1:20+trunk_remove:SW1:eth3:10+trunk_remove:SW1:eth3:20+trunk_remove:SW2:eth3:20,25763,25769,0.05,8.6,6,True,False,True,False,True,recovery_success,0.027509647654369473,6,4,1,0,0,0,0,0,0
2520,4548,access_vlan:SW1:eth2:10+access_vlan:SW2:eth2:10+trunk_remove:SW2:eth3:10+trunk_remove:SW2:eth3:20,25769,25774,0.05,8.75,5,True,False,True,False,True,recovery_success,0.010703429020941258,5,4,0,0,0,0,0,0,0
2521,4549,access_vlan:SW1:eth1:20+access_vlan:SW2:eth1:20+access_vlan:SW2:eth2:10+trunk_remove:SW1:eth3:10+trunk_remove:SW2:eth3:20,25774,25780,0.05,8.75,6,True,False,True,False,True,recovery_success,0.007035032690813144,6,3,2,0,0,0,0,0,0
2522,4550,access_vlan:SW1:eth1:20+access_vlan:SW2:eth2:10,25780,25784,0.05,8.7,4,True,False,True,False,True,recovery_success,0.009244655957445502,4,2,1,0,1,1,1,0,0
2523,4551,access_vlan:SW1:eth1:20+access_vlan:SW1:eth2:10+access_vlan:SW2:eth2:10+trunk_remove:SW1:eth3:10+trunk_remove:SW2:eth3:20,25784,25791,0.05,7.799999999999999,7,True,False,True,False,True,recovery_success,0.005714280397764274,7,5,1,0,1,1,1,1,0
2524,4552,access_vlan:SW1:eth1:20+access_vlan:SW2:eth1:20+access_vlan:SW2:eth2:10+trunk_remove:SW1:eth3:10+trunk_remove:SW2:eth3:20,25791,25796,0.05,8.899999999999999,5,True,False,True,False,True,recovery_success,0.005721186799928546,5,3,1,0,0,0,0,0,0
2525,4553,access_vlan:SW1:eth2:10+access_vlan:SW2:eth2:10+trunk_remove:SW1:eth3:10+trunk_remove:SW1:eth3:20,25796,25803,0.05,7.1499999999999995,7,True,False,True,False,True,recovery_success,0.005878723692148924,7,6,0,0,2,2,1,0,0
2526,4554,access_vlan:SW1:eth2:10+trunk_remove:SW2:eth3:10+trunk_remove:SW2:eth3:20,25803,25807,0.05,9.049999999999999,4,True,False,True,False,True,recovery_success,0.009270826587453485,4,3,0,0,0,0,0,0,0
2527,4555,access_vlan:SW1:eth1:20+access_vlan:SW1:eth2:10+access_vlan:SW2:eth1:20+access_vlan:SW2:eth2:10+trunk_remove:SW2:eth3:10,25807,25810,0.05,9.5,3,True,False,True,False,True,recovery_success,0.004052244282017152,3,1,1,0,0,0,0,0,0
2528,4556,access_vlan:SW1:eth2:10+access_vlan:SW2:eth1:20+access_vlan:SW2:eth2:10+trunk_remove:SW1:eth3:10+trunk_remove:SW1:eth3:20+trunk_remove:SW2:eth3:10,25810,25818,0.05,8.299999999999999,8,True,False,True,False,True,recovery_success,0.03859609487699345,8,4,3,0,0,0,0,0,0
2529,4557,access_vlan:SW1:eth2:10+access_vlan:SW2:eth2:10+trunk_remove:SW2:eth3:10+trunk_remove:SW2:eth3:20,25818,25823,0.05,8.75,5,True,False,True,False,True,recovery_success,0.007553316280245781,5,4,0,0,0,0,0,0,0
2530,4558,access_vlan:SW2:eth1:20+trunk_remove:SW1:eth3:20+trunk_remove:SW2:eth3:10,25823,25830,0.05,7.799999999999999,7,True,False,True,False,True,recovery_success,0.015795757861009667,7,4,1,0,1,1,1,1,0
2531,4559,access_vlan:SW1:eth1:20+access_vlan:SW2:eth2:10+trunk_remove:SW1:eth3:10,25830,25835,0.05,8.899999999999999,5,True,False,True,False,True,recovery_success,0.02273393152281642,5,3,1,0,0,0,0,0,0
2532,4560,access_vlan:SW1:eth1:20+access_vlan:SW2:eth1:20+trunk_remove:SW1:eth3:10+trunk_remove:SW1:eth3:20+trunk_remove:SW2:eth3:10+trunk_remove:SW2:eth3:20,25835,25842,0.05,8.149999999999999,7,True,False,True,False,True,recovery_success,0.01669345290533134,7,6,0,0,0,0,0,0,0
2533,4561,access_vlan:SW1:eth2:10+access_vlan:SW2:eth2:10+trunk_remove:SW1:eth3:10+trunk_remove:SW1:eth3:20+trunk_remove:SW2:eth3:20,25842,25850,0.05,8.149999999999999,8,True,False,True,False,True,recovery_success,0.019256394065450877,8,5,2,0,0,0,0,0,0
2534,4562,access_vlan:SW1:eth1:20+access_vlan:SW1:eth2:10,25850,25853,0.05,8.85,3,True,False,True,False,True,recovery_success,0.01289813220500946,3,2,0,0,1,1,1,0,0
2535,4563,access_vlan:SW1:eth2:10+trunk_remove:SW1:eth3:10+trunk_remove:SW2:eth3:10,25853,25857,0.05,9.049999999999999,4,True,False,True,False,True,recovery_success,0.011110097635537386,4,3,0,0,0,0,0,0,0
2536,4564,access_vlan:SW1:eth1:20+access_vlan:SW1:eth2:10+trunk_remove:SW2:eth3:20,25857,25865,0.05,7.949999999999999,8,True,False,True,False,True,recovery_success,0.03989460656885058,8,3,4,0,1,1,1,0,0
2537,4565,access_vlan:SW1:eth1:20+access_vlan:SW1:eth2:10+access_vlan:SW2:eth1:20+access_vlan:SW2:eth2:10+trunk_remove:SW2:eth3:10+trunk_remove:SW2:eth3:20,25865,25869,0.05,9.2,4,True,False,True,False,True,recovery_success,0.014199292985722423,4,2,1,0,0,0,0,0,0
2538,4566,access_vlan:SW2:eth1:20+access_vlan:SW2:eth2:10+trunk_remove:SW1:eth3:10+trunk_remove:SW2:eth3:10,25869,25875,0.05,8.1,6,True,False,True,False,True,recovery_success,0.017643757707749803,6,4,1,0,1,1,1,0,0
2539,4567,access_vlan:SW1:eth2:10+trunk_remove:SW1:eth3:10,25875,25881,0.05,8.899999999999999,6,True,False,True,False,True,recovery_success,0.01106456791361173,6,2,3,0,0,0,0,0,0
2540,4568,access_vlan:SW1:eth1:20+access_vlan:SW1:eth2:10+trunk_remove:SW1:eth3:20+trunk_remove:SW2:eth3:20,25881,25890,0.05,7.6499999999999995,9,True,False,True,False,True,recovery_success,0.005195177237813671,9,4,4,0,1,1,1,0,0
2541,4569,access_vlan:SW2:eth1:20+access_vlan:SW2:eth2:10+trunk_remove:SW2:eth3:10,25890,25896,0.05,7.75,6,True,False,True,False,True,recovery_success,0.004645325127057731,6,3,2,0,2,2,2,0,0
2542,4570,access_vlan:SW1:eth2:10+trunk_remove:SW1:eth3:10+trunk_remove:SW1:eth3:20+trunk_remove:SW2:eth3:10+trunk_remove:SW2:eth3:20,25896,25902,0.05,8.45,6,True,False,True,False,True,recovery_success,0.0044965422712266445,6,5,0,0,0,0,0,0,0
2543,4571,access_vlan:SW2:eth1:20+trunk_remove:SW2:eth3:20,25902,25905,0.05,9.35,3,True,False,True,False,True,recovery_success,0.0054672642921408015,3,2,0,0,0,0,0,0,0
2544,4572,access_vlan:SW1:eth2:10+trunk_remove:SW1:eth3:10+trunk_remove:SW1:eth3:20+trunk_remove:SW2:eth3:20,25905,25912,0.05,7.6499999999999995,7,True,False,True,False,True,recovery_success,0.0035067676633064237,7,5,0,0,1,1,1,0,0
2545,4573,access_vlan:SW1:eth1:20+access_vlan:SW2:eth1:20+access_vlan:SW2:eth2:10+trunk_remove:SW1:eth3:20+trunk_remove:SW2:eth3:10+trunk_remove:SW2:eth3:20,25912,25924,0.05,7.699999999999999,12,True,False,True,False,True,recovery_success,0.02400288381613791,12,4,7,0,0,0,0,0,0
2546,4574,access_vlan:SW1:eth2:10+trunk_remove:SW1:eth3:10+trunk_remove:SW1:eth3:20+trunk_remove:SW2:eth3:10+trunk_remove:SW2:eth3:20,25924,25930,0.05,8.45,6,True,False,True,False,True,recovery_success,0.0031311697869872055,6,5,0,0,0,0,0,0,0
2547,4575,access_vlan:SW1:eth1:20+access_vlan:SW2:eth1:20+trunk_remove:SW1:eth3:20,25930,25934,0.05,9.049999999999999,4,True,False,True,False,True,recovery_success,0.003156681079417467,4,3,0,0,0,0,0,0,0
2548,4576,access_vlan:SW2:eth1:20+access_vlan:SW2:eth2:10+trunk_remove:SW1:eth3:10+trunk_remove:SW2:eth3:10+trunk_remove:SW2:eth3:20,25934,25948,0.05,6.45,14,True,False,True,False,True,recovery_success,0.005235387444762247,14,6,6,0,1,1,1,0,0
2549,4577,access_vlan:SW1:eth1:20+access_vlan:SW1:eth2:10+access_vlan:SW2:eth1:20+access_vlan:SW2:eth2:10+trunk_remove:SW2:eth3:10,25948,25951,0.05,9.5,3,True,False,True,False,True,recovery_success,0.0037541224155575037,3,1,1,0,0,0,0,0,0
2550,4578,access_vlan:SW2:eth2:10+trunk_remove:SW2:eth3:10,25951,25956,0.05,8.25,5,True,False,True,False,True,recovery_success,0.004112382465973496,5,3,0,0,1,1,1,1,0
2551,4579,access_vlan:SW1:eth1:20+access_vlan:SW1:eth2:10+trunk_remove:SW1:eth3:10+trunk_remove:SW1:eth3:20+trunk_remove:SW2:eth3:10,25956,25969,0.05,5.0,13,True,False,True,False,True,recovery_success,0.0037938845702088797,13,8,1,0,3,1,3,0,0
2552,4580,access_vlan:SW1:eth1:20+access_vlan:SW2:eth1:20+trunk_remove:SW2:eth3:10+trunk_remove:SW2:eth3:20,25969,25974,0.05,8.75,5,True,False,True,False,True,recovery_success,0.004285117378458381,5,4,0,0,0,0,0,0,0
2553,4581,access_vlan:SW1:eth1:20+access_vlan:SW1:eth2:10+trunk_remove:SW1:eth3:10,25974,25979,0.05,8.399999999999999,5,True,False,True,False,True,recovery_success,0.054016918409615755,5,3,1,0,1,1,1,0,0
2554,4582,access_vlan:SW1:eth2:10+access_vlan:SW2:eth1:20+access_vlan:SW2:eth2:10+trunk_remove:SW1:eth3:10+trunk_remove:SW2:eth3:10,25979,25984,0.05,8.899999999999999,5,True,False,True,False,True,recovery_success,0.004291398404166103,5,3,1,0,0,0,0,0,0
2555,4583,access_vlan:SW1:eth1:20+access_vlan:SW2:eth1:20+trunk_remove:SW1:eth3:20+trunk_remove:SW2:eth3:10,25984,25989,0.05,8.75,5,True,False,True,False,True,recovery_success,0.009555240254849195,5,4,0,0,0,0,0,0,0
2556,4584,access_vlan:SW1:eth1:20+access_vlan:SW1:eth2:10+trunk_remove:SW1:eth3:10+trunk_remove:SW2:eth3:20,25989,25995,0.05,8.1,6,True,False,True,False,True,recovery_success,0.004811239739259084,6,4,1,0,1,1,1,0,0
2557,4585,access_vlan:SW1:eth1:20+access_vlan:SW1:eth2:10+access_vlan:SW2:eth2:10+trunk_remove:SW1:eth3:10+trunk_remove:SW1:eth3:20+trunk_remove:SW2:eth3:10,25995,26005,0.05,7.999999999999999,10,True,False,True,False,True,recovery_success,0.005998190282844007,10,4,5,0,0,0,0,0,0
2558,4586,access_vlan:SW1:eth2:10+trunk_remove:SW1:eth3:10+trunk_remove:SW2:eth3:10+trunk_remove:SW2:eth3:20,26005,26010,0.05,8.75,5,True,False,True,False,True,recovery_success,0.006512252986431122,5,4,0,0,0,0,0,0,0
2559,4587,access_vlan:SW1:eth1:20+trunk_remove:SW1:eth3:10+trunk_remove:SW2:eth3:10+trunk_remove:SW2:eth3:20,26010,26015,0.05,8.75,5,True,False,True,False,True,recovery_success,0.004491635737940669,5,4,0,0,0,0,0,0,0
2560,4588,access_vlan:SW2:eth2:10+trunk_remove:SW1:eth3:20+trunk_remove:SW2:eth3:20,26015,26019,0.05,9.049999999999999,4,True,False,True,False,True,recovery_success,0.0054083255818113685,4,3,0,0,0,0,0,0,0
2561,4589,access_vlan:SW1:eth1:20+trunk_remove:SW1:eth3:10+trunk_remove:SW2:eth3:20,26019,26023,0.05,9.049999999999999,4,True,False,True,False,True,recovery_success,0.006329524680040777,4,3,0,0,0,0,0,0,0
2562,4590,access_vlan:SW1:eth1:20+access_vlan:SW2:eth1:20+trunk_remove:SW1:eth3:10+trunk_remove:SW2:eth3:10+trunk_remove:SW2:eth3:20,26023,26029,0.05,8.45,6,True,False,True,False,True,recovery_success,0.004954469351408382,6,5,0,0,0,0,0,0,0
2563,4591,access_vlan:SW2:eth2:10+trunk_remove:SW1:eth3:10+trunk_remove:SW1:eth3:20,26029,26035,0.05,8.45,6,True,False,True,False,True,recovery_success,0.045190715114586055,6,5,0,0,0,0,0,0,0
2564,4592,access_vlan:SW1:eth1:20+access_vlan:SW1:eth2:10+access_vlan:SW2:eth1:20+trunk_remove:SW1:eth3:10+trunk_remove:SW1:eth3:20+trunk_remove:SW2:eth3:20,26035,26045,0.05,7.199999999999999,10,True,False,True,False,True,recovery_success,0.005684218369424343,10,6,3,0,1,1,1,0,0
2565,4593,access_vlan:SW1:eth2:10+access_vlan:SW2:eth1:20+trunk_remove:SW1:eth3:10+trunk_remove:SW1:eth3:20+trunk_remove:SW2:eth3:10,26045,26051,0.05,8.45,6,True,False,True,False,True,recovery_success,0.004835730612588425,6,5,0,0,0,0,0,0,0
2566,4594,access_vlan:SW2:eth1:20+access_vlan:SW2:eth2:10+trunk_remove:SW1:eth3:20+trunk_remove:SW2:eth3:10+trunk_remove:SW2:eth3:20,26051,26058,0.05,7.799999999999999,7,True,False,True,False,True,recovery_success,0.0048993252816476995,7,5,1,0,1,1,1,0,0
2567,4595,trunk_remove:SW1:eth3:20+trunk_remove:SW2:eth3:10,26058,26061,0.05,9.35,3,True,False,True,False,True,recovery_success,0.005342016850287716,3,2,0,0,0,0,0,0,0
2568,4596,access_vlan:SW1:eth1:20+access_vlan:SW2:eth2:10+trunk_remove:SW1:eth3:10+trunk_remove:SW2:eth3:20,26061,26066,0.05,8.75,5,True,False,True,False,True,recovery_success,0.0038739337120205163,5,4,0,0,0,0,0,0,0
2569,4597,access_vlan:SW1:eth2:10+access_vlan:SW2:eth1:20,26066,26069,0.05,8.85,3,True,False,True,False,True,recovery_success,0.005214224569499493,3,2,0,0,1,1,1,0,0
2570,4598,access_vlan:SW2:eth1:20+trunk_remove:SW1:eth3:10+trunk_remove:SW2:eth3:10+trunk_remove:SW2:eth3:20,26069,26074,0.05,8.75,5,True,False,True,False,True,recovery_success,0.005147636914625764,5,4,0,0,0,0,0,0,0
2571,4599,access_vlan:SW1:eth1:20+access_vlan:SW2:eth2:10+trunk_remove:SW1:eth3:10+trunk_remove:SW2:eth3:10,26074,26079,0.05,8.75,5,True,False,True,False,True,recovery_success,0.005454367585480213,5,4,0,0,0,0,0,0,0
2572,4600,access_vlan:SW1:eth2:10+access_vlan:SW2:eth1:20+access_vlan:SW2:eth2:10+trunk_remove:SW1:eth3:10+trunk_remove:SW1:eth3:20+trunk_remove:SW2:eth3:10+trunk_remove:SW2:eth3:20,26079,26086,0.05,8.299999999999999,7,True,False,True,False,True,recovery_success,0.006505161457295928,7,5,1,0,0,0,0,0,0
2573,4601,access_vlan:SW2:eth1:20+trunk_remove:SW1:eth3:10+trunk_remove:SW1:eth3:20+trunk_remove:SW2:eth3:20,26086,26091,0.05,8.75,5,True,False,True,False,True,recovery_success,0.004403197392821312,5,4,0,0,0,0,0,0,0
2574,4602,access_vlan:SW1:eth1:20+access_vlan:SW2:eth1:20+access_vlan:SW2:eth2:10+trunk_remove:SW1:eth3:10+trunk_remove:SW1:eth3:20+trunk_remove:SW2:eth3:20,26091,26098,0.05,8.45,7,True,False,True,False,True,recovery_success,0.004384932341054082,7,4,2,0,0,0,0,0,0
2575,4603,access_vlan:SW1:eth1:20+access_vlan:SW1:eth2:10+access_vlan:SW2:eth2:10+trunk_remove:SW2:eth3:10,26098,26102,0.05,9.2,4,True,False,True,False,True,recovery_success,0.0666658376576379,4,2,1,0,0,0,0,0,0
2576,4604,access_vlan:SW2:eth1:20+trunk_remove:SW2:eth3:10,26102,26105,0.05,9.35,3,True,False,True,False,True,recovery_success,0.0036806277154634395,3,2,0,0,0,0,0,0,0
2577,4605,access_vlan:SW1:eth1:20+trunk_remove:SW1:eth3:10+trunk_remove:SW2:eth3:20,26105,26109,0.05,9.049999999999999,4,True,False,True,False,True,recovery_success,0.005852143804077059,4,3,0,0,0,0,0,0,0
2578,4606,access_vlan:SW1:eth1:20+access_vlan:SW1:eth2:10+access_vlan:SW2:eth1:20+trunk_remove:SW1:eth3:20+trunk_remove:SW2:eth3:20,26109,26117,0.05,7.6499999999999995,8,True,False,True,False,True,recovery_success,0.004667968285502866,8,5,2,0,1,1,1,1,0
2579,4607,access_vlan:SW1:eth2:10+access_vlan:SW2:eth1:20+access_vlan:SW2:eth2:10+trunk_remove:SW1:eth3:10+trunk_remove:SW2:eth3:10,26117,26122,0.05,8.899999999999999,5,True,False,True,False,True,recovery_success,0.00518162758089602,5,3,1,0,0,0,0,0,0
2580,4608,access_vlan:SW1:eth1:20+access_vlan:SW2:eth1:20+trunk_remove:SW2:eth3:10,26122,26126,0.05,8.549999999999999,4,True,False,True,False,True,recovery_success,0.0038208708283491433,4,3,0,0,1,1,1,0,0
2581,4609,access_vlan:SW1:eth2:10+access_vlan:SW2:eth2:10+trunk_remove:SW1:eth3:20,26126,26133,0.05,6.799999999999999,7,True,False,True,False,True,recovery_success,0.004293325789538878,7,5,1,0,3,3,2,0,0
2582,4610,access_vlan:SW1:eth1:20+trunk_remove:SW1:eth3:20,26133,26136,0.05,9.35,3,True,False,True,False,True,recovery_success,0.0034893640937904515,3,2,0,0,0,0,0,0,0
2583,4611,access_vlan:SW1:eth1:20+trunk_remove:SW1:eth3:20+trunk_remove:SW2:eth3:10+trunk_remove:SW2:eth3:20,26136,26141,0.05,8.75,5,True,False,True,False,True,recovery_success,0.003373410925269127,5,4,0,0,0,0,0,0,0
2584,4612,access_vlan:SW2:eth1:20+access_vlan:SW2:eth2:10+trunk_remove:SW1:eth3:10+trunk_remove:SW2:eth3:10+trunk_remove:SW2:eth3:20,26141,26142,0.05,-10.05,1,True,False,True,False,False,incorrect_declare_done,0.003087881486862898,1,0,0,0,0,0,0,0,2
2585,4613,trunk_remove:SW1:eth3:20+trunk_remove:SW2:eth3:10+trunk_remove:SW2:eth3:20,26142,26146,0.05,9.049999999999999,4,True,False,True,False,True,recovery_success,0.0033242732170037925,4,3,0,0,0,0,0,0,0
2586,4614,access_vlan:SW2:eth2:10+trunk_remove:SW1:eth3:10+trunk_remove:SW1:eth3:20+trunk_remove:SW2:eth3:10+trunk_remove:SW2:eth3:20,26146,26152,0.05,8.45,6,True,False,True,False,True,recovery_success,0.0031604020235439143,6,5,0,0,0,0,0,0,0
2587,4615,access_vlan:SW1:eth1:20+trunk_remove:SW1:eth3:20,26152,26155,0.05,9.35,3,True,False,True,False,True,recovery_success,0.002962907853846749,3,2,0,0,0,0,0,0,0
2588,4616,access_vlan:SW1:eth1:20+access_vlan:SW1:eth2:10+access_vlan:SW2:eth1:20+access_vlan:SW2:eth2:10,26155,26159,0.05,7.699999999999999,4,True,False,True,False,True,recovery_success,0.003200463717803359,4,2,1,0,3,3,1,1,0
2589,4617,access_vlan:SW1:eth1:20+access_vlan:SW1:eth2:10+access_vlan:SW2:eth1:20+trunk_remove:SW1:eth3:10+trunk_remove:SW1:eth3:20+trunk_remove:SW2:eth3:10+trunk_remove:SW2:eth3:20,26159,26170,0.05,5.6,11,True,False,True,False,True,recovery_success,0.004077349556609988,11,9,1,0,3,3,2,0,0
2590,4618,access_vlan:SW2:eth1:20+access_vlan:SW2:eth2:10+trunk_remove:SW1:eth3:20,26170,26176,0.05,6.949999999999999,6,True,False,True,False,True,recovery_success,0.002293359391236057,6,5,0,0,3,2,2,0,0
2591,4619,access_vlan:SW2:eth1:20+access_vlan:SW2:eth2:10+trunk_remove:SW2:eth3:20,26176,26182,0.05,7.449999999999999,6,True,False,True,False,True,recovery_success,0.0028029983125937483,6,4,0,0,2,2,2,1,0
2592,4620,access_vlan:SW1:eth1:20+access_vlan:SW1:eth2:10+access_vlan:SW2:eth2:10+trunk_remove:SW2:eth3:20,26182,26188,0.05,7.1,6,True,False,True,False,True,recovery_success,0.0032456498981143036,6,4,1,0,3,3,1,1,0
2593,4621,access_vlan:SW2:eth1:20+trunk_remove:SW1:eth3:10+trunk_remove:SW2:eth3:10+trunk_remove:SW2:eth3:20,26188,26193,0.05,8.75,5,True,False,True,False,True,recovery_success,0.005557041196152568,5,4,0,0,0,0,0,0,0
2594,4622,access_vlan:SW1:eth1:20+access_vlan:SW2:eth1:20+trunk_remove:SW1:eth3:10+trunk_remove:SW1:eth3:20+trunk_remove:SW2:eth3:10,26193,26201,0.05,7.35,8,True,False,True,False,True,recovery_success,0.0031499369360972196,8,7,0,0,1,1,1,0,0
2595,4623,access_vlan:SW1:eth1:20+access_vlan:SW1:eth2:10+trunk_remove:SW1:eth3:10+trunk_remove:SW2:eth3:20,26201,26206,0.05,8.25,5,True,False,True,False,True,recovery_success,0.0022939407965168355,5,4,0,0,1,1,1,0,0
2596,4624,trunk_remove:SW1:eth3:10+trunk_remove:SW2:eth3:10,26206,26209,0.05,9.35,3,True,False,True,False,True,recovery_success,0.003609251386175553,3,2,0,0,0,0,0,0,0
2597,4625,access_vlan:SW1:eth1:20+access_vlan:SW2:eth1:20+trunk_remove:SW2:eth3:10,26209,26213,0.05,8.549999999999999,4,True,False,True,False,True,recovery_success,0.00318931249785237,4,3,0,0,1,1,1,0,0
2598,4626,access_vlan:SW1:eth1:20+trunk_remove:SW1:eth3:20+trunk_remove:SW2:eth3:10+trunk_remove:SW2:eth3:20,26213,26218,0.05,8.75,5,True,False,True,False,True,recovery_success,0.0026905459817498922,5,4,0,0,0,0,0,0,0
2599,4627,access_vlan:SW1:eth1:20+access_vlan:SW2:eth1:20+access_vlan:SW2:eth2:10+trunk_remove:SW1:eth3:10,26218,26222,0.05,9.2,4,True,False,True,False,True,recovery_success,0.0025011776306200773,4,2,1,0,0,0,0,0,0
2600,4628,access_vlan:SW1:eth2:10+trunk_remove:SW1:eth3:20+trunk_remove:SW2:eth3:10+trunk_remove:SW2:eth3:20,26222,26227,0.05,8.75,5,True,False,True,False,True,recovery_success,0.0025272029684856533,5,4,0,0,0,0,0,0,0
2601,4629,access_vlan:SW1:eth1:20+access_vlan:SW2:eth2:10+trunk_remove:SW1:eth3:20+trunk_remove:SW2:eth3:10,26227,26232,0.05,8.75,5,True,False,True,False,True,recovery_success,0.0022565295919775965,5,4,0,0,0,0,0,0,0
2602,4630,access_vlan:SW1:eth2:10+trunk_remove:SW1:eth3:10+trunk_remove:SW2:eth3:20,26232,26236,0.05,9.049999999999999,4,True,False,True,False,True,recovery_success,0.0025043252389878035,4,3,0,0,0,0,0,0,0
2603,4631,access_vlan:SW1:eth1:20+access_vlan:SW1:eth2:10+access_vlan:SW2:eth1:20+trunk_remove:SW2:eth3:20,26236,26240,0.05,9.2,4,True,False,True,False,True,recovery_success,0.0024722141097299755,4,2,1,0,0,0,0,0,0
2604,4632,access_vlan:SW1:eth1:20+access_vlan:SW1:eth2:10+access_vlan:SW2:eth1:20+trunk_remove:SW1:eth3:10+trunk_remove:SW2:eth3:20,26240,26249,0.05,6.199999999999999,9,True,False,True,False,True,recovery_success,0.0020728979725390673,9,7,1,0,3,3,2,1,0
2605,4633,access_vlan:SW2:eth1:20+trunk_remove:SW1:eth3:10,26249,26252,0.05,9.35,3,True,False,True,False,True,recovery_success,0.002618101891130209,3,2,0,0,0,0,0,0,0
2606,4634,access_vlan:SW1:eth1:20+access_vlan:SW1:eth2:10+access_vlan:SW2:eth2:10+trunk_remove:SW1:eth3:20+trunk_remove:SW2:eth3:10,26252,26257,0.05,8.899999999999999,5,True,False,True,False,True,recovery_success,0.05754576539620757,5,3,1,0,0,0,0,0,0
2607,4635,access_vlan:SW1:eth1:20+access_vlan:SW2:eth1:20+access_vlan:SW2:eth2:10+trunk_remove:SW1:eth3:10+trunk_remove:SW2:eth3:20,26257,26260,0.05,-10.65,3,True,False,True,False,False,incorrect_declare_done,0.002224110532552004,3,2,0,0,0,0,0,0,1
2608,4636,access_vlan:SW2:eth1:20+access_vlan:SW2:eth2:10+trunk_remove:SW1:eth3:20+trunk_remove:SW2:eth3:20,26260,26290,0.05,-7.900000000000004,30,True,False,False,True,False,step_limit,0.0032441373021962743,30,10,14,0,2,2,2,0,4
2609,4637,access_vlan:SW1:eth2:10+access_vlan:SW2:eth2:10+trunk_remove:SW1:eth3:10+trunk_remove:SW1:eth3:20,26290,26295,0.05,8.75,5,True,False,True,False,True,recovery_success,0.004458408639766276,5,4,0,0,0,0,0,0,0
2610,4638,access_vlan:SW1:eth1:20+access_vlan:SW1:eth2:10+trunk_remove:SW2:eth3:20,26295,26299,0.05,8.549999999999999,4,True,False,True,False,True,recovery_success,0.002266004972625524,4,3,0,0,1,1,1,0,0
2611,4639,access_vlan:SW1:eth1:20+access_vlan:SW1:eth2:10+access_vlan:SW2:eth1:20+access_vlan:SW2:eth2:10+trunk_remove:SW1:eth3:10+trunk_remove:SW1:eth3:20+trunk_remove:SW2:eth3:10,26299,26309,0.05,6.050000000000001,10,True,False,True,False,True,recovery_success,0.004830786946695298,10,7,2,0,3,3,2,1,0
2612,4640,access_vlan:SW1:eth2:10+access_vlan:SW2:eth1:20+trunk_remove:SW1:eth3:10+trunk_remove:SW1:eth3:20+trunk_remove:SW2:eth3:10+trunk_remove:SW2:eth3:20,26309,26317,0.05,7.999999999999999,8,True,False,True,False,True,recovery_success,0.005661056115059182,8,6,1,0,0,0,0,0,0
2613,4641,access_vlan:SW1:eth2:10+access_vlan:SW2:eth1:20+trunk_remove:SW1:eth3:20+trunk_remove:SW2:eth3:10,26317,26324,0.05,7.6499999999999995,7,True,False,True,False,True,recovery_success,0.003468063144412424,7,5,0,0,1,1,1,1,0
2614,4642,access_vlan:SW1:eth1:20+trunk_remove:SW1:eth3:10+trunk_remove:SW1:eth3:20+trunk_remove:SW2:eth3:20,26324,26330,0.05,8.6,6,True,False,True,False,True,recovery_success,0.007745893633303543,6,4,1,0,0,0,0,0,0
2615,4643,trunk_remove:SW1:eth3:10+trunk_remove:SW1:eth3:20+trunk_remove:SW2:eth3:10,26330,26334,0.05,9.049999999999999,4,True,False,True,False,True,recovery_success,0.0027806393336504698,4,3,0,0,0,0,0,0,0
2616,4644,access_vlan:SW1:eth1:20+access_vlan:SW1:eth2:10+access_vlan:SW2:eth2:10+trunk_remove:SW1:eth3:10+trunk_remove:SW1:eth3:20+trunk_remove:SW2:eth3:20,26334,26341,0.05,8.45,7,True,False,True,False,True,recovery_success,0.003075030100132738,7,4,2,0,0,0,0,0,0
2617,4645,access_vlan:SW1:eth1:20+access_vlan:SW2:eth1:20+access_vlan:SW2:eth2:10+trunk_remove:SW2:eth3:10+trunk_remove:SW2:eth3:20,26341,26348,0.05,8.299999999999999,7,True,False,True,False,True,recovery_success,0.0025212110984804375,7,5,1,0,0,0,0,0,0
2618,4646,access_vlan:SW1:eth2:10+trunk_remove:SW1:eth3:10+trunk_remove:SW2:eth3:10+trunk_remove:SW2:eth3:20,26348,26353,0.05,8.75,5,True,False,True,False,True,recovery_success,0.002803105325438082,5,4,0,0,0,0,0,0,0
2619,4647,access_vlan:SW2:eth1:20+trunk_remove:SW2:eth3:10,26353,26358,0.05,8.25,5,True,False,True,False,True,recovery_success,0.0018960223998874426,5,4,0,0,1,1,1,1,0
2620,4648,access_vlan:SW1:eth1:20+access_vlan:SW1:eth2:10+trunk_remove:SW1:eth3:10+trunk_remove:SW2:eth3:10+trunk_remove:SW2:eth3:20,26358,26364,0.05,7.949999999999999,6,True,False,True,False,True,recovery_success,0.0031228062386314073,6,5,0,0,1,1,1,0,0
2621,4649,access_vlan:SW1:eth1:20+access_vlan:SW1:eth2:10+access_vlan:SW2:eth1:20+access_vlan:SW2:eth2:10+trunk_remove:SW2:eth3:20,26364,26367,0.05,9.5,3,True,False,True,False,True,recovery_success,0.0028527298709377646,3,1,1,0,0,0,0,0,0
2622,4650,access_vlan:SW1:eth1:20+access_vlan:SW2:eth1:20+access_vlan:SW2:eth2:10+trunk_remove:SW1:eth3:20+trunk_remove:SW2:eth3:10,26367,26372,0.05,8.899999999999999,5,True,False,True,False,True,recovery_success,0.0030544561799615622,5,3,1,0,0,0,0,0,0
2623,4651,access_vlan:SW1:eth1:20+access_vlan:SW1:eth2:10+trunk_remove:SW1:eth3:20+trunk_remove:SW2:eth3:20,26372,26377,0.05,8.25,5,True,False,True,False,True,recovery_success,0.002548921667039394,5,4,0,0,1,1,1,0,0
2624,4652,access_vlan:SW1:eth1:20+access_vlan:SW1:eth2:10+access_vlan:SW2:eth1:20+trunk_remove:SW2:eth3:20,26377,26383,0.05,8.1,6,True,False,True,False,True,recovery_success,0.002179800687978665,6,4,1,0,1,1,1,1,0
2625,4653,access_vlan:SW1:eth1:20+access_vlan:SW2:eth1:20+trunk_remove:SW1:eth3:10+trunk_remove:SW1:eth3:20+trunk_remove:SW2:eth3:10,26383,26389,0.05,8.45,6,True,False,True,False,True,recovery_success,0.002953974122647196,6,5,0,0,0,0,0,0,0
2626,4654,access_vlan:SW1:eth2:10+access_vlan:SW2:eth2:10+trunk_remove:SW1:eth3:20+trunk_remove:SW2:eth3:10+trunk_remove:SW2:eth3:20,26389,26397,0.05,8.149999999999999,8,True,False,True,False,True,recovery_success,0.0017113650101237,8,5,2,0,0,0,0,0,0
2627,4655,access_vlan:SW1:eth1:20+access_vlan:SW1:eth2:10+trunk_remove:SW1:eth3:20+trunk_remove:SW2:eth3:20,26397,26402,0.05,8.25,5,True,False,True,False,True,recovery_success,0.001660308544524014,5,4,0,0,1,1,1,0,0
2628,4656,access_vlan:SW1:eth2:10+access_vlan:SW2:eth2:10+trunk_remove:SW1:eth3:10+trunk_remove:SW2:eth3:10+trunk_remove:SW2:eth3:20,26402,26408,0.05,8.45,6,True,False,True,False,True,recovery_success,0.0028916373654889562,6,5,0,0,0,0,0,0,0
2629,4657,access_vlan:SW2:eth2:10,26408,26410,0.05,9.649999999999999,2,True,False,True,False,True,recovery_success,0.0020605403697118163,2,1,0,0,0,0,0,0,0
2630,4658,access_vlan:SW1:eth1:20+access_vlan:SW1:eth2:10+access_vlan:SW2:eth1:20+trunk_remove:SW1:eth3:20+trunk_remove:SW2:eth3:10+trunk_remove:SW2:eth3:20,26410,26416,0.05,8.6,6,True,False,True,False,True,recovery_success,0.0021206268186991415,6,4,1,0,0,0,0,0,0
2631,4659,access_vlan:SW1:eth1:20+access_vlan:SW1:eth2:10+access_vlan:SW2:eth1:20+access_vlan:SW2:eth2:10+trunk_remove:SW1:eth3:10+trunk_remove:SW2:eth3:10+trunk_remove:SW2:eth3:20,26416,26422,0.05,8.75,6,True,False,True,False,True,recovery_success,0.002442624575148026,6,3,2,0,0,0,0,0,0
2632,4660,trunk_remove:SW1:eth3:20+trunk_remove:SW2:eth3:20,26422,26425,0.05,9.35,3,True,False,True,False,True,recovery_success,0.0026947855949401855,3,2,0,0,0,0,0,0,0
2633,4661,access_vlan:SW1:eth1:20+access_vlan:SW1:eth2:10+access_vlan:SW2:eth1:20+access_vlan:SW2:eth2:10+trunk_remove:SW2:eth3:10,26425,26428,0.05,9.5,3,True,False,True,False,True,recovery_success,0.005250827642157674,3,1,1,0,0,0,0,0,0
2634,4662,trunk_remove:SW1:eth3:10+trunk_remove:SW1:eth3:20+trunk_remove:SW2:eth3:10,26428,26434,0.05,7.949999999999999,6,True,False,True,False,True,recovery_success,0.0020242376097788415,6,5,0,0,1,1,1,0,0
2635,4663,access_vlan:SW1:eth1:20+access_vlan:SW1:eth2:10+trunk_remove:SW1:eth3:10+trunk_remove:SW1:eth3:20+trunk_remove:SW2:eth3:10,26434,26440,0.05,7.949999999999999,6,True,False,True,False,True,recovery_success,0.007535292592365295,6,5,0,0,1,1,1,0,0
2636,4664,access_vlan:SW2:eth2:10+trunk_remove:SW1:eth3:10+trunk_remove:SW2:eth3:10,26440,26444,0.05,9.049999999999999,4,True,False,True,False,True,recovery_success,0.0023618070990778506,4,3,0,0,0,0,0,0,0
2637,4665,access_vlan:SW1:eth1:20+access_vlan:SW1:eth2:10+trunk_remove:SW2:eth3:20,26444,26450,0.05,6.949999999999999,6,True,False,True,False,True,recovery_success,0.0019939872436225414,6,4,0,0,3,2,2,0,0
2638,4666,access_vlan:SW1:eth1:20+access_vlan:SW2:eth2:10+trunk_remove:SW1:eth3:10+trunk_remove:SW1:eth3:20+trunk_remove:SW2:eth3:10,26450,26456,0.05,8.45,6,True,False,True,False,True,recovery_success,0.004537519552589704,6,5,0,0,0,0,0,0,0
2639,4667,access_vlan:SW2:eth1:20+trunk_remove:SW2:eth3:20,26456,26459,0.05,9.35,3,True,False,True,False,True,recovery_success,0.0021593975834548473,3,2,0,0,0,0,0,0,0
2640,4668,access_vlan:SW1:eth1:20+trunk_remove:SW1:eth3:10,26459,26462,0.05,9.35,3,True,False,True,False,True,recovery_success,0.0030285559284190335,3,2,0,0,0,0,0,0,0
2641,4669,access_vlan:SW1:eth1:20+access_vlan:SW2:eth2:10+trunk_remove:SW1:eth3:10+trunk_remove:SW1:eth3:20+trunk_remove:SW2:eth3:10,26462,26468,0.05,8.45,6,True,False,True,False,True,recovery_success,0.002040288527496159,6,5,0,0,0,0,0,0,0
2642,4670,access_vlan:SW2:eth1:20+access_vlan:SW2:eth2:10+trunk_remove:SW2:eth3:10,26468,26474,0.05,7.449999999999999,6,True,False,True,False,True,recovery_success,0.0020356047122428813,6,5,0,0,2,2,2,1,0
2643,4671,access_vlan:SW1:eth1:20+access_vlan:SW1:eth2:10+access_vlan:SW2:eth2:10+trunk_remove:SW1:eth3:10+trunk_remove:SW1:eth3:20+trunk_remove:SW2:eth3:20,26474,26481,0.05,7.6499999999999995,7,True,False,True,False,True,recovery_success,0.0030640558106824756,7,6,0,0,1,1,1,0,0
2644,4672,access_vlan:SW1:eth1:20+trunk_remove:SW1:eth3:10+trunk_remove:SW2:eth3:10+trunk_remove:SW2:eth3:20,26481,26486,0.05,8.75,5,True,False,True,False,True,recovery_success,0.002473920537158847,5,4,0,0,0,0,0,0,0
2645,4673,access_vlan:SW1:eth1:20+access_vlan:SW2:eth1:20+trunk_remove:SW2:eth3:10,26486,26490,0.05,8.549999999999999,4,True,False,True,False,True,recovery_success,0.003238212433643639,4,3,0,0,1,1,1,0,0
2646,4674,access_vlan:SW1:eth1:20+access_vlan:SW2:eth2:10+trunk_remove:SW1:eth3:20,26490,26494,0.05,9.049999999999999,4,True,False,True,False,True,recovery_success,0.0028421240276657045,4,3,0,0,0,0,0,0,0
2647,4675,access_vlan:SW1:eth2:10+access_vlan:SW2:eth2:10+trunk_remove:SW1:eth3:10+trunk_remove:SW1:eth3:20+trunk_remove:SW2:eth3:10+trunk_remove:SW2:eth3:20,26494,26503,0.05,7.85,9,True,False,True,False,True,recovery_success,0.0035464439748062026,9,6,2,0,0,0,0,0,0
2648,4676,access_vlan:SW1:eth1:20+trunk_remove:SW1:eth3:10+trunk_remove:SW2:eth3:20,26503,26507,0.05,9.049999999999999,4,True,False,True,False,True,recovery_success,0.005927548743784428,4,3,0,0,0,0,0,0,0
2649,4677,access_vlan:SW1:eth2:10+access_vlan:SW2:eth2:10+trunk_remove:SW1:eth3:20,26507,26513,0.05,7.449999999999999,6,True,False,True,False,True,recovery_success,0.0064273820801948505,6,5,0,0,2,2,1,0,0
2650,4678,access_vlan:SW1:eth2:10+trunk_remove:SW1:eth3:10+trunk_remove:SW1:eth3:20,26513,26517,0.05,9.049999999999999,4,True,False,True,False,True,recovery_success,0.005257786193396896,4,3,0,0,0,0,0,0,0
2651,4679,access_vlan:SW1:eth1:20+access_vlan:SW1:eth2:10+trunk_remove:SW1:eth3:10,26517,26523,0.05,5.949999999999999,6,True,False,True,False,True,recovery_success,0.048810418151939906,6,5,0,0,5,4,4,0,0
2652,4680,access_vlan:SW1:eth1:20+access_vlan:SW2:eth2:10+trunk_remove:SW1:eth3:20+trunk_remove:SW2:eth3:10+trunk_remove:SW2:eth3:20,26523,26529,0.05,8.45,6,True,False,True,False,True,recovery_success,0.004135623147400717,6,5,0,0,0,0,0,0,0
2653,4681,access_vlan:SW1:eth1:20+access_vlan:SW2:eth1:20+access_vlan:SW2:eth2:10+trunk_remove:SW1:eth3:10+trunk_remove:SW2:eth3:10+trunk_remove:SW2:eth3:20,26529,26536,0.05,7.6499999999999995,7,True,False,True,False,True,recovery_success,0.0030881763668730855,7,6,0,0,1,1,1,0,0
2654,4682,access_vlan:SW1:eth1:20+access_vlan:SW2:eth1:20+access_vlan:SW2:eth2:10+trunk_remove:SW1:eth3:10+trunk_remove:SW2:eth3:10,26536,26539,0.05,-10.65,3,True,False,True,False,False,incorrect_declare_done,0.004205015332748492,3,2,0,0,0,0,0,0,1
2655,4683,access_vlan:SW2:eth1:20+access_vlan:SW2:eth2:10+trunk_remove:SW1:eth3:10+trunk_remove:SW2:eth3:10,26539,26544,0.05,8.25,5,True,False,True,False,True,recovery_success,0.002869001030921936,5,4,0,0,1,1,1,0,0
2656,4684,access_vlan:SW1:eth2:10+access_vlan:SW2:eth1:20+access_vlan:SW2:eth2:10+trunk_remove:SW1:eth3:20+trunk_remove:SW2:eth3:10,26544,26551,0.05,7.799999999999999,7,True,False,True,False,True,recovery_success,0.0035771215999765055,7,5,1,0,1,1,1,0,0
2657,4685,access_vlan:SW1:eth1:20+trunk_remove:SW1:eth3:20,26551,26554,0.05,9.35,3,True,False,True,False,True,recovery_success,0.002590243238955736,3,2,0,0,0,0,0,0,0
2658,4686,access_vlan:SW1:eth1:20+trunk_remove:SW1:eth3:10+trunk_remove:SW2:eth3:10,26554,26558,0.05,9.049999999999999,4,True,False,True,False,True,recovery_success,0.0034658166696317494,4,3,0,0,0,0,0,0,0
2659,4687,access_vlan:SW1:eth2:10+access_vlan:SW2:eth1:20+trunk_remove:SW1:eth3:10+trunk_remove:SW2:eth3:10+trunk_remove:SW2:eth3:20,26558,26566,0.05,7.35,8,True,False,True,False,True,recovery_success,0.0036402675905264914,8,6,0,0,1,1,1,0,0
2660,4688,access_vlan:SW1:eth2:10+trunk_remove:SW1:eth3:10+trunk_remove:SW2:eth3:20,26566,26570,0.05,9.049999999999999,4,True,False,True,False,True,recovery_success,0.009343057055957615,4,3,0,0,0,0,0,0,0
2661,4689,access_vlan:SW1:eth1:20+access_vlan:SW2:eth1:20+trunk_remove:SW2:eth3:10+trunk_remove:SW2:eth3:20,26570,26575,0.05,8.75,5,True,False,True,False,True,recovery_success,0.008342870697379112,5,4,0,0,0,0,0,0,0
2662,4690,access_vlan:SW1:eth1:20+trunk_remove:SW1:eth3:10+trunk_remove:SW1:eth3:20,26575,26579,0.05,9.049999999999999,4,True,False,True,False,True,recovery_success,0.0036157857393845916,4,3,0,0,0,0,0,0,0
2663,4691,access_vlan:SW2:eth2:10,26579,26581,0.05,9.649999999999999,2,True,False,True,False,True,recovery_success,0.003194906166754663,2,1,0,0,0,0,0,0,0
2664,4692,access_vlan:SW1:eth1:20+trunk_remove:SW2:eth3:10+trunk_remove:SW2:eth3:20,26581,26585,0.05,9.049999999999999,4,True,False,True,False,True,recovery_success,0.004998231073841453,4,3,0,0,0,0,0,0,0
2665,4693,access_vlan:SW1:eth1:20+access_vlan:SW1:eth2:10+access_vlan:SW2:eth1:20+trunk_remove:SW1:eth3:10+trunk_remove:SW2:eth3:20,26585,26590,0.05,8.899999999999999,5,True,False,True,False,True,recovery_success,0.003499136585742235,5,3,1,0,0,0,0,0,0
2666,4694,access_vlan:SW2:eth1:20+trunk_remove:SW1:eth3:10+trunk_remove:SW1:eth3:20+trunk_remove:SW2:eth3:10,26590,26593,0.05,-10.65,3,True,False,True,False,False,incorrect_declare_done,0.003470945404842496,3,2,0,0,0,0,0,0,3
2667,4695,access_vlan:SW2:eth1:20+access_vlan:SW2:eth2:10+trunk_remove:SW1:eth3:20,26593,26599,0.05,7.949999999999999,6,True,False,True,False,True,recovery_success,0.002954904028835396,6,5,0,0,1,1,1,0,0
2668,4696,access_vlan:SW1:eth1:20+access_vlan:SW2:eth1:20+access_vlan:SW2:eth2:10+trunk_remove:SW1:eth3:10+trunk_remove:SW2:eth3:10+trunk_remove:SW2:eth3:20,26599,26605,0.05,8.6,6,True,False,True,False,True,recovery_success,0.0026270366118599973,6,4,1,0,0,0,0,0,0
2669,4697,access_vlan:SW1:eth1:20+access_vlan:SW2:eth2:10+trunk_remove:SW1:eth3:20+trunk_remove:SW2:eth3:20,26605,26610,0.05,8.75,5,True,False,True,False,True,recovery_success,0.002682095812633634,5,4,0,0,0,0,0,0,0
2670,4698,access_vlan:SW2:eth2:10+trunk_remove:SW2:eth3:10+trunk_remove:SW2:eth3:20,26610,26614,0.05,9.049999999999999,4,True,False,True,False,True,recovery_success,0.004905949987005442,4,3,0,0,0,0,0,0,0
2671,4699,access_vlan:SW1:eth1:20+access_vlan:SW1:eth2:10+trunk_remove:SW1:eth3:10+trunk_remove:SW2:eth3:10+trunk_remove:SW2:eth3:20,26614,26621,0.05,7.799999999999999,7,True,False,True,False,True,recovery_success,0.004858504099372242,7,5,1,0,1,1,1,0,0
2672,4700,access_vlan:SW1:eth1:20+access_vlan:SW2:eth1:20+access_vlan:SW2:eth2:10+trunk_remove:SW1:eth3:10+trunk_remove:SW1:eth3:20+trunk_remove:SW2:eth3:10+trunk_remove:SW2:eth3:20,26621,26628,0.05,8.299999999999999,7,True,False,True,False,True,recovery_success,0.04471142287366092,7,5,1,0,0,0,0,0,0
2673,4701,access_vlan:SW1:eth1:20+access_vlan:SW1:eth2:10+trunk_remove:SW1:eth3:10+trunk_remove:SW1:eth3:20+trunk_remove:SW2:eth3:10,26628,26635,0.05,7.799999999999999,7,True,False,True,False,True,recovery_success,0.010106400520141636,7,5,1,0,1,1,1,0,0
2674,4702,access_vlan:SW1:eth1:20+trunk_remove:SW1:eth3:10+trunk_remove:SW2:eth3:10,26635,26639,0.05,9.049999999999999,4,True,False,True,False,True,recovery_success,0.01119106961414218,4,3,0,0,0,0,0,0,0
2675,4703,access_vlan:SW1:eth1:20+access_vlan:SW2:eth1:20+access_vlan:SW2:eth2:10+trunk_remove:SW1:eth3:10+trunk_remove:SW1:eth3:20+trunk_remove:SW2:eth3:10+trunk_remove:SW2:eth3:20,26639,26646,0.05,8.299999999999999,7,True,False,True,False,True,recovery_success,0.011330326753003257,7,5,1,0,0,0,0,0,0
2676,4704,access_vlan:SW1:eth1:20+access_vlan:SW1:eth2:10+access_vlan:SW2:eth2:10+trunk_remove:SW1:eth3:20+trunk_remove:SW2:eth3:20,26646,26651,0.05,8.899999999999999,5,True,False,True,False,True,recovery_success,0.0074855403508991,5,3,1,0,0,0,0,0,0
2677,4705,access_vlan:SW1:eth1:20+access_vlan:SW2:eth2:10+trunk_remove:SW1:eth3:10,26651,26655,0.05,9.049999999999999,4,True,False,True,False,True,recovery_success,0.011198736843653023,4,3,0,0,0,0,0,0,0
2678,4706,access_vlan:SW1:eth1:20+trunk_remove:SW1:eth3:10+trunk_remove:SW2:eth3:10+trunk_remove:SW2:eth3:20,26655,26660,0.05,8.75,5,True,False,True,False,True,recovery_success,0.0072055523283779625,5,4,0,0,0,0,0,0,0
2679,4707,access_vlan:SW1:eth1:20+access_vlan:SW1:eth2:10+access_vlan:SW2:eth1:20+trunk_remove:SW1:eth3:10+trunk_remove:SW2:eth3:20,26660,26665,0.05,8.899999999999999,5,True,False,True,False,True,recovery_success,0.006754692504182458,5,3,1,0,0,0,0,0,0
2680,4708,access_vlan:SW1:eth1:20+access_vlan:SW1:eth2:10+trunk_remove:SW2:eth3:10+trunk_remove:SW2:eth3:20,26665,26671,0.05,8.1,6,True,False,True,False,True,recovery_success,0.007611279919122656,6,4,1,0,1,1,1,0,0
2681,4709,access_vlan:SW1:eth2:10+access_vlan:SW2:eth1:20+access_vlan:SW2:eth2:10+trunk_remove:SW1:eth3:20+trunk_remove:SW2:eth3:10,26671,26677,0.05,7.949999999999999,6,True,False,True,False,True,recovery_success,0.005636436360267301,6,5,0,0,1,1,1,0,0
2682,4710,access_vlan:SW1:eth1:20+access_vlan:SW2:eth2:10+trunk_remove:SW1:eth3:10+trunk_remove:SW2:eth3:10+trunk_remove:SW2:eth3:20,26677,26683,0.05,8.45,6,True,False,True,False,True,recovery_success,0.003605114334883789,6,5,0,0,0,0,0,0,0
2683,4711,access_vlan:SW1:eth2:10+trunk_remove:SW1:eth3:10+trunk_remove:SW2:eth3:10+trunk_remove:SW2:eth3:20,26683,26684,0.05,-10.05,1,True,False,True,False,False,incorrect_declare_done,0.003502361010760069,1,0,0,0,0,0,0,0,3
2684,4712,access_vlan:SW1:eth2:10+access_vlan:SW2:eth1:20+access_vlan:SW2:eth2:10+trunk_remove:SW1:eth3:10+trunk_remove:SW1:eth3:20+trunk_remove:SW2:eth3:20,26684,26690,0.05,8.6,6,True,False,True,False,True,recovery_success,0.0032854406939198575,6,4,1,0,0,0,0,0,0
2685,4713,access_vlan:SW1:eth1:20+access_vlan:SW1:eth2:10+access_vlan:SW2:eth1:20+access_vlan:SW2:eth2:10+trunk_remove:SW1:eth3:10+trunk_remove:SW1:eth3:20+trunk_remove:SW2:eth3:10+trunk_remove:SW2:eth3:20,26690,26696,0.05,8.6,6,True,False,True,False,True,recovery_success,0.003645130821193258,6,4,1,0,0,0,0,0,0
2686,4714,access_vlan:SW1:eth1:20+access_vlan:SW2:eth1:20+access_vlan:SW2:eth2:10+trunk_remove:SW1:eth3:20+trunk_remove:SW2:eth3:10,26696,26701,0.05,8.899999999999999,5,True,False,True,False,True,recovery_success,0.004085961449891329,5,3,1,0,0,0,0,0,0
2687,4715,access_vlan:SW2:eth1:20+access_vlan:SW2:eth2:10+trunk_remove:SW1:eth3:20+trunk_remove:SW2:eth3:10,26701,26706,0.05,8.25,5,True,False,True,False,True,recovery_success,0.0033678703941404818,5,4,0,0,1,1,1,0,0
2688,4716,access_vlan:SW1:eth2:10+access_vlan:SW2:eth2:10+trunk_remove:SW1:eth3:10+trunk_remove:SW1:eth3:20+trunk_remove:SW2:eth3:20,26706,26714,0.05,7.35,8,True,False,True,False,True,recovery_success,0.0026829333073692396,8,6,0,0,1,1,1,0,0
2689,4717,access_vlan:SW2:eth1:20+trunk_remove:SW1:eth3:20+trunk_remove:SW2:eth3:10,26714,26718,0.05,9.049999999999999,4,True,False,True,False,True,recovery_success,0.0023242507013492286,4,3,0,0,0,0,0,0,0
2690,4718,access_vlan:SW2:eth2:10+trunk_remove:SW1:eth3:10,26718,26720,0.05,-10.350000000000001,2,True,False,True,False,False,incorrect_declare_done,0.0035515029449015856,2,1,0,0,0,0,0,0,1
2691,4719,trunk_remove:SW1:eth3:10,26720,26722,0.05,9.649999999999999,2,True,False,True,False,True,recovery_success,0.0032092275796458125,2,1,0,0,0,0,0,0,0
2692,4720,access_vlan:SW1:eth1:20+access_vlan:SW2:eth1:20+access_vlan:SW2:eth2:10+trunk_remove:SW1:eth3:10+trunk_remove:SW1:eth3:20+trunk_remove:SW2:eth3:20,26722,26728,0.05,8.6,6,True,False,True,False,True,recovery_success,0.0029249745033060512,6,4,1,0,0,0,0,0,0
2693,4721,access_vlan:SW1:eth2:10+trunk_remove:SW2:eth3:10+trunk_remove:SW2:eth3:20,26728,26732,0.05,9.049999999999999,4,True,False,True,False,True,recovery_success,0.0029840291826985776,4,3,0,0,0,0,0,0,0
2694,4722,access_vlan:SW1:eth1:20+trunk_remove:SW2:eth3:20,26732,26735,0.05,9.35,3,True,False,True,False,True,recovery_success,0.0030234031534443298,3,2,0,0,0,0,0,0,0
2695,4723,access_vlan:SW2:eth2:10+trunk_remove:SW1:eth3:10+trunk_remove:SW1:eth3:20+trunk_remove:SW2:eth3:10+trunk_remove:SW2:eth3:20,26735,26741,0.05,8.45,6,True,False,True,False,True,recovery_success,0.047154560995598636,6,5,0,0,0,0,0,0,0
2696,4724,access_vlan:SW1:eth2:10+access_vlan:SW2:eth2:10+trunk_remove:SW1:eth3:10+trunk_remove:SW1:eth3:20+trunk_remove:SW2:eth3:20,26741,26749,0.05,7.35,8,True,False,True,False,True,recovery_success,0.003321101947221905,8,7,0,0,1,1,1,0,0
2697,4725,access_vlan:SW1:eth1:20+access_vlan:SW2:eth2:10,26749,26752,0.05,8.85,3,True,False,True,False,True,recovery_success,0.00354954592573146,3,2,0,0,1,1,1,0,0
2698,4726,access_vlan:SW1:eth1:20+access_vlan:SW2:eth1:20+access_vlan:SW2:eth2:10+trunk_remove:SW1:eth3:20+trunk_remove:SW2:eth3:20,26752,26757,0.05,8.899999999999999,5,True,False,True,False,True,recovery_success,0.002424616226926446,5,3,1,0,0,0,0,0,0
2699,4727,access_vlan:SW1:eth2:10+access_vlan:SW2:eth1:20+access_vlan:SW2:eth2:10+trunk_remove:SW2:eth3:20,26757,26761,0.05,9.2,4,True,False,True,False,True,recovery_success,0.0022309873020276427,4,2,1,0,0,0,0,0,0
2700,4728,access_vlan:SW1:eth1:20+access_vlan:SW2:eth2:10+trunk_remove:SW1:eth3:10+trunk_remove:SW2:eth3:10+trunk_remove:SW2:eth3:20,26761,26767,0.05,8.45,6,True,False,True,False,True,recovery_success,0.005526626812449346,6,5,0,0,0,0,0,0,0
2701,4729,access_vlan:SW1:eth2:10+trunk_remove:SW1:eth3:20+trunk_remove:SW2:eth3:20,26767,26771,0.05,9.049999999999999,4,True,False,True,False,True,recovery_success,0.002658171986695379,4,3,0,0,0,0,0,0,0
2702,4730,access_vlan:SW1:eth2:10+access_vlan:SW2:eth2:10+trunk_remove:SW1:eth3:10+trunk_remove:SW2:eth3:10+trunk_remove:SW2:eth3:20,26771,26777,0.05,8.45,6,True,False,True,False,True,recovery_success,0.00266927214882647,6,5,0,0,0,0,0,0,0
2703,4731,access_vlan:SW1:eth1:20+access_vlan:SW2:eth1:20+trunk_remove:SW1:eth3:20+trunk_remove:SW2:eth3:10,26777,26782,0.05,8.75,5,True,False,True,False,True,recovery_success,0.0024872112786397337,5,4,0,0,0,0,0,0,0
2704,4732,access_vlan:SW1:eth2:10+trunk_remove:SW1:eth3:10+trunk_remove:SW1:eth3:20,26782,26786,0.05,9.049999999999999,4,True,False,True,False,True,recovery_success,0.002155681431759149,4,3,0,0,0,0,0,0,0
2705,4733,access_vlan:SW1:eth1:20+access_vlan:SW1:eth2:10+trunk_remove:SW1:eth3:20,26786,26790,0.05,8.549999999999999,4,True,False,True,False,True,recovery_success,0.003422409761697054,4,3,0,0,1,1,1,0,0
2706,4734,access_vlan:SW1:eth2:10+trunk_remove:SW1:eth3:10+trunk_remove:SW2:eth3:20,26790,26794,0.05,9.049999999999999,4,True,False,True,False,True,recovery_success,0.002284303482156247,4,3,0,0,0,0,0,0,0
2707,4735,access_vlan:SW1:eth2:10+access_vlan:SW2:eth2:10+trunk_remove:SW1:eth3:10+trunk_remove:SW1:eth3:20,26794,26799,0.05,8.75,5,True,False,True,False,True,recovery_success,0.005676688626408577,5,4,0,0,0,0,0,0,0
2708,4736,access_vlan:SW1:eth1:20+access_vlan:SW1:eth2:10+access_vlan:SW2:eth1:20+trunk_remove:SW1:eth3:20,26799,26803,0.05,9.2,4,True,False,True,False,True,recovery_success,0.003902066237060353,4,2,1,0,0,0,0,0,0
2709,4737,access_vlan:SW1:eth2:10+trunk_remove:SW1:eth3:20+trunk_remove:SW2:eth3:10,26803,26807,0.05,9.049999999999999,4,True,False,True,False,True,recovery_success,0.0027078459970653057,4,3,0,0,0,0,0,0,0
2710,4738,access_vlan:SW1:eth2:10+access_vlan:SW2:eth1:20+access_vlan:SW2:eth2:10+trunk_remove:SW1:eth3:10+trunk_remove:SW2:eth3:10+trunk_remove:SW2:eth3:20,26807,26813,0.05,8.6,6,True,False,True,False,True,recovery_success,0.0022163780910583832,6,4,1,0,0,0,0,0,0
2711,4739,access_vlan:SW1:eth2:10+trunk_remove:SW1:eth3:10+trunk_remove:SW1:eth3:20+trunk_remove:SW2:eth3:20,26813,26818,0.05,8.75,5,True,False,True,False,True,recovery_success,0.002177172782830894,5,4,0,0,0,0,0,0,0
2712,4740,access_vlan:SW1:eth1:20+access_vlan:SW1:eth2:10+access_vlan:SW2:eth1:20+trunk_remove:SW1:eth3:10+trunk_remove:SW2:eth3:10,26818,26823,0.05,8.899999999999999,5,True,False,True,False,True,recovery_success,0.0022989470977336167,5,3,1,0,0,0,0,0,0
2713,4741,access_vlan:SW1:eth2:10+access_vlan:SW2:eth2:10+trunk_remove:SW2:eth3:10+trunk_remove:SW2:eth3:20,26823,26828,0.05,8.75,5,True,False,True,False,True,recovery_success,0.00215798185672611,5,4,0,0,0,0,0,0,0
2714,4742,access_vlan:SW1:eth2:10+access_vlan:SW2:eth2:10+trunk_remove:SW1:eth3:10,26828,26832,0.05,9.049999999999999,4,True,False,True,False,True,recovery_success,0.0029287571378517896,4,3,0,0,0,0,0,0,0
2715,4743,access_vlan:SW1:eth1:20+access_vlan:SW1:eth2:10+access_vlan:SW2:eth1:20+trunk_remove:SW2:eth3:10,26832,26838,0.05,8.1,6,True,False,True,False,True,recovery_success,0.002685094795500239,6,4,1,0,1,1,1,1,0
2716,4744,access_vlan:SW1:eth1:20+trunk_remove:SW2:eth3:10+trunk_remove:SW2:eth3:20,26838,26842,0.05,9.049999999999999,4,True,False,True,False,True,recovery_success,0.0032169796468224376,4,3,0,0,0,0,0,0,0
2717,4745,access_vlan:SW2:eth1:20+trunk_remove:SW1:eth3:20+trunk_remove:SW2:eth3:10,26842,26846,0.05,9.049999999999999,4,True,False,True,False,True,recovery_success,0.004068738024216145,4,3,0,0,0,0,0,0,0
2718,4746,access_vlan:SW1:eth1:20+access_vlan:SW1:eth2:10+access_vlan:SW2:eth1:20+access_vlan:SW2:eth2:10+trunk_remove:SW1:eth3:10+trunk_remove:SW1:eth3:20+trunk_remove:SW2:eth3:10+trunk_remove:SW2:eth3:20,26846,26852,0.05,8.6,6,True,False,True,False,True,recovery_success,0.0037867367888490358,6,4,1,0,0,0,0,0,0
2719,4747,access_vlan:SW2:eth1:20+access_vlan:SW2:eth2:10+trunk_remove:SW1:eth3:10+trunk_remove:SW2:eth3:10,26852,26859,0.05,6.6499999999999995,7,True,False,True,False,True,recovery_success,0.0037964185633297476,7,5,0,0,3,2,3,0,0
2720,4748,access_vlan:SW1:eth1:20+trunk_remove:SW1:eth3:10+trunk_remove:SW1:eth3:20,26859,26865,0.05,7.449999999999999,6,True,False,True,False,True,recovery_success,0.004503358349514504,6,5,0,0,2,2,1,0,0
2721,4749,access_vlan:SW2:eth1:20+access_vlan:SW2:eth2:10,26865,26870,0.05,6.749999999999999,5,True,False,True,False,True,recovery_success,0.002779003535397351,5,4,0,0,4,3,2,1,0
2722,4750,access_vlan:SW1:eth2:10+access_vlan:SW2:eth1:20+trunk_remove:SW1:eth3:10,26870,26874,0.05,9.049999999999999,4,True,False,True,False,True,recovery_success,0.004031361226225272,4,3,0,0,0,0,0,0,0
2723,4751,access_vlan:SW2:eth1:20+access_vlan:SW2:eth2:10+trunk_remove:SW1:eth3:10+trunk_remove:SW1:eth3:20,26874,26881,0.05,7.6499999999999995,7,True,False,True,False,True,recovery_success,0.0047947076548423085,7,6,0,0,1,1,1,0,0
2724,4752,access_vlan:SW1:eth2:10+access_vlan:SW2:eth1:20+access_vlan:SW2:eth2:10+trunk_remove:SW1:eth3:20+trunk_remove:SW2:eth3:10,26881,26887,0.05,8.75,6,True,False,True,False,True,recovery_success,0.0074430971484010415,6,3,2,0,0,0,0,0,0
2725,4753,access_vlan:SW1:eth2:10+trunk_remove:SW1:eth3:10+trunk_remove:SW1:eth3:20,26887,26891,0.05,9.049999999999999,4,True,False,True,False,True,recovery_success,0.0052242648671381176,4,3,0,0,0,0,0,0,0
2726,4754,access_vlan:SW1:eth1:20,26891,26893,0.05,9.649999999999999,2,True,False,True,False,True,recovery_success,0.0041386454831808805,2,1,0,0,0,0,0,0,0
2727,4755,access_vlan:SW2:eth2:10+trunk_remove:SW2:eth3:10,26893,26896,0.05,9.35,3,True,False,True,False,True,recovery_success,0.0038361433738221726,3,2,0,0,0,0,0,0,0
2728,4756,access_vlan:SW1:eth1:20+trunk_remove:SW1:eth3:10+trunk_remove:SW2:eth3:20,26896,26900,0.05,9.049999999999999,4,True,False,True,False,True,recovery_success,0.00416114495601505,4,3,0,0,0,0,0,0,0
2729,4757,access_vlan:SW1:eth2:10+access_vlan:SW2:eth2:10+trunk_remove:SW1:eth3:20+trunk_remove:SW2:eth3:10,26900,26905,0.05,8.75,5,True,False,True,False,True,recovery_success,0.0032050241716206074,5,4,0,0,0,0,0,0,0
2730,4758,access_vlan:SW1:eth2:10+access_vlan:SW2:eth2:10+trunk_remove:SW1:eth3:20,26905,26909,0.05,8.549999999999999,4,True,False,True,False,True,recovery_success,0.005140861147083342,4,3,0,0,1,1,1,0,0
2731,4759,access_vlan:SW1:eth1:20+trunk_remove:SW1:eth3:10+trunk_remove:SW1:eth3:20+trunk_remove:SW2:eth3:10+trunk_remove:SW2:eth3:20,26909,26917,0.05,7.35,8,True,False,True,False,True,recovery_success,0.0025227350124623626,8,7,0,0,1,1,1,0,0
2732,4760,access_vlan:SW1:eth1:20+access_vlan:SW1:eth2:10,26917,26920,0.05,8.85,3,True,False,True,False,True,recovery_success,0.0018902082617084186,3,2,0,0,1,1,1,0,0
2733,4761,access_vlan:SW1:eth1:20+trunk_remove:SW1:eth3:10+trunk_remove:SW1:eth3:20+trunk_remove:SW2:eth3:10,26920,26925,0.05,8.75,5,True,False,True,False,True,recovery_success,0.004395467601716519,5,4,0,0,0,0,0,0,0
2734,4762,access_vlan:SW1:eth1:20+access_vlan:SW2:eth2:10+trunk_remove:SW1:eth3:20,26925,26929,0.05,9.049999999999999,4,True,False,True,False,True,recovery_success,0.07241018593776971,4,3,0,0,0,0,0,0,0
2735,4763,access_vlan:SW1:eth1:20+trunk_remove:SW2:eth3:10,26929,26932,0.05,9.35,3,True,False,True,False,True,recovery_success,0.003014716086909175,3,2,0,0,0,0,0,0,0
2736,4764,access_vlan:SW2:eth1:20+trunk_remove:SW1:eth3:10+trunk_remove:SW2:eth3:10+trunk_remove:SW2:eth3:20,26932,26937,0.05,8.75,5,True,False,True,False,True,recovery_success,0.003278903104364872,5,4,0,0,0,0,0,0,0
2737,4765,access_vlan:SW1:eth2:10+access_vlan:SW2:eth1:20+trunk_remove:SW2:eth3:10,26937,26941,0.05,9.049999999999999,4,True,False,True,False,True,recovery_success,0.005521177197806537,4,3,0,0,0,0,0,0,0
2738,4766,access_vlan:SW1:eth1:20+access_vlan:SW2:eth1:20+trunk_remove:SW1:eth3:10+trunk_remove:SW1:eth3:20+trunk_remove:SW2:eth3:20,26941,26947,0.05,8.45,6,True,False,True,False,True,recovery_success,0.00770802431118985,6,5,0,0,0,0,0,0,0
2739,4767,access_vlan:SW1:eth1:20+access_vlan:SW1:eth2:10+access_vlan:SW2:eth1:20+access_vlan:SW2:eth2:10+trunk_remove:SW2:eth3:10+trunk_remove:SW2:eth3:20,26947,26953,0.05,8.1,6,True,False,True,False,True,recovery_success,0.011555602114337185,6,4,1,0,1,1,1,1,0
2740,4768,access_vlan:SW1:eth1:20+access_vlan:SW2:eth1:20+trunk_remove:SW1:eth3:10+trunk_remove:SW1:eth3:20+trunk_remove:SW2:eth3:20,26953,26959,0.05,8.45,6,True,False,True,False,True,recovery_success,0.005203304754104465,6,5,0,0,0,0,0,0,0
2741,4769,access_vlan:SW1:eth1:20+access_vlan:SW2:eth1:20+access_vlan:SW2:eth2:10+trunk_remove:SW1:eth3:10+trunk_remove:SW1:eth3:20+trunk_remove:SW2:eth3:20,26959,26965,0.05,8.6,6,True,False,True,False,True,recovery_success,0.005222641707708438,6,4,1,0,0,0,0,0,0
2742,4770,access_vlan:SW1:eth1:20+access_vlan:SW2:eth2:10+trunk_remove:SW1:eth3:10+trunk_remove:SW1:eth3:20+trunk_remove:SW2:eth3:10,26965,26971,0.05,8.45,6,True,False,True,False,True,recovery_success,0.004526188829913735,6,5,0,0,0,0,0,0,0
2743,4771,access_vlan:SW1:eth1:20+trunk_remove:SW1:eth3:20+trunk_remove:SW2:eth3:20,26971,26975,0.05,9.049999999999999,4,True,False,True,False,True,recovery_success,0.0075105284922756255,4,3,0,0,0,0,0,0,0
2744,4772,access_vlan:SW1:eth1:20+access_vlan:SW2:eth1:20+access_vlan:SW2:eth2:10+trunk_remove:SW2:eth3:10,26975,26979,0.05,9.2,4,True,False,True,False,True,recovery_success,0.0036045105080120265,4,2,1,0,0,0,0,0,0
2745,4773,access_vlan:SW1:eth2:10+trunk_remove:SW1:eth3:10+trunk_remove:SW1:eth3:20+trunk_remove:SW2:eth3:20,26979,26984,0.05,8.75,5,True,False,True,False,True,recovery_success,0.003630553977563977,5,4,0,0,0,0,0,0,0
2746,4774,access_vlan:SW1:eth2:10,26984,26986,0.05,9.649999999999999,2,True,False,True,False,True,recovery_success,0.0027824704302474856,2,1,0,0,0,0,0,0,0
2747,4775,access_vlan:SW1:eth1:20+access_vlan:SW1:eth2:10+access_vlan:SW2:eth1:20+access_vlan:SW2:eth2:10+trunk_remove:SW1:eth3:10+trunk_remove:SW1:eth3:20+trunk_remove:SW2:eth3:10+trunk_remove:SW2:eth3:20,26986,26992,0.05,8.6,6,True,False,True,False,True,recovery_success,0.002574025420472026,6,4,1,0,0,0,0,0,0
2748,4776,access_vlan:SW1:eth1:20+access_vlan:SW1:eth2:10+access_vlan:SW2:eth2:10+trunk_remove:SW2:eth3:20,26992,26996,0.05,9.2,4,True,False,True,False,True,recovery_success,0.004313252284191549,4,2,1,0,0,0,0,0,0
2749,4777,access_vlan:SW2:eth2:10+trunk_remove:SW2:eth3:20,26996,26999,0.05,9.35,3,True,False,True,False,True,recovery_success,0.004656913845489423,3,2,0,0,0,0,0,0,0
2750,4778,access_vlan:SW1:eth1:20+access_vlan:SW2:eth2:10+trunk_remove:SW1:eth3:20+trunk_remove:SW2:eth3:20,26999,27008,0.05,6.05,9,True,False,True,False,True,recovery_success,0.005475332986356484,9,7,0,0,3,2,2,0,0
2751,4779,access_vlan:SW1:eth1:20+access_vlan:SW1:eth2:10+trunk_remove:SW1:eth3:10+trunk_remove:SW2:eth3:20,27008,27013,0.05,8.25,5,True,False,True,False,True,recovery_success,0.004093360621482134,5,4,0,0,1,1,1,0,0
2752,4780,access_vlan:SW1:eth2:10+access_vlan:SW2:eth1:20+access_vlan:SW2:eth2:10+trunk_remove:SW1:eth3:10+trunk_remove:SW1:eth3:20+trunk_remove:SW2:eth3:20,27013,27021,0.05,7.0,8,True,False,True,False,True,recovery_success,0.004118544282391667,8,6,1,0,2,2,1,0,0
2753,4781,access_vlan:SW1:eth1:20+access_vlan:SW1:eth2:10+access_vlan:SW2:eth1:20+trunk_remove:SW1:eth3:20+trunk_remove:SW2:eth3:10+trunk_remove:SW2:eth3:20,27021,27027,0.05,8.6,6,True,False,True,False,True,recovery_success,0.0032034715792785087,6,4,1,0,0,0,0,0,0
2754,4782,trunk_remove:SW2:eth3:10+trunk_remove:SW2:eth3:20,27027,27030,0.05,9.35,3,True,False,True,False,True,recovery_success,0.003289109794422984,3,2,0,0,0,0,0,0,0
2755,4783,access_vlan:SW1:eth1:20+access_vlan:SW1:eth2:10+trunk_remove:SW1:eth3:10+trunk_remove:SW2:eth3:10+trunk_remove:SW2:eth3:20,27030,27038,0.05,6.85,8,True,False,True,False,True,recovery_success,0.003151036740746349,8,7,0,0,2,2,2,0,0
2756,4784,access_vlan:SW2:eth1:20+trunk_remove:SW2:eth3:10,27038,27041,0.05,9.35,3,True,False,True,False,True,recovery_success,0.006820515729486942,3,2,0,0,0,0,0,0,0
2757,4785,access_vlan:SW1:eth1:20+access_vlan:SW1:eth2:10+access_vlan:SW2:eth1:20+trunk_remove:SW2:eth3:10+trunk_remove:SW2:eth3:20,27041,27046,0.05,8.899999999999999,5,True,False,True,False,True,recovery_success,0.0032905981875956058,5,3,1,0,0,0,0,0,0
2758,4786,access_vlan:SW1:eth2:10+trunk_remove:SW1:eth3:10+trunk_remove:SW2:eth3:10+trunk_remove:SW2:eth3:20,27046,27053,0.05,7.6499999999999995,7,True,False,True,False,True,recovery_success,0.0036056119383179714,7,6,0,0,1,1,1,0,0
2759,4787,access_vlan:SW2:eth1:20+access_vlan:SW2:eth2:10+trunk_remove:SW1:eth3:10+trunk_remove:SW2:eth3:10+trunk_remove:SW2:eth3:20,27053,27059,0.05,7.949999999999999,6,True,False,True,False,True,recovery_success,0.0039349604630842805,6,5,0,0,1,1,1,0,0
2760,4788,access_vlan:SW1:eth2:10+access_vlan:SW2:eth1:20+trunk_remove:SW1:eth3:10+trunk_remove:SW2:eth3:20,27059,27064,0.05,8.75,5,True,False,True,False,True,recovery_success,0.003063312266021967,5,4,0,0,0,0,0,0,0
2761,4789,access_vlan:SW1:eth2:10+access_vlan:SW2:eth2:10+trunk_remove:SW1:eth3:10+trunk_remove:SW1:eth3:20+trunk_remove:SW2:eth3:20,27064,27072,0.05,7.35,8,True,False,True,False,True,recovery_success,0.003112557635176927,8,7,0,0,1,1,1,0,0
2762,4790,access_vlan:SW1:eth2:10+access_vlan:SW2:eth1:20+access_vlan:SW2:eth2:10+trunk_remove:SW1:eth3:10+trunk_remove:SW1:eth3:20+trunk_remove:SW2:eth3:10,27072,27078,0.05,8.6,6,True,False,True,False,True,recovery_success,0.003187549339296917,6,4,1,0,0,0,0,0,0
2763,4791,access_vlan:SW1:eth2:10+access_vlan:SW2:eth2:10+trunk_remove:SW2:eth3:10,27078,27082,0.05,9.049999999999999,4,True,False,True,False,True,recovery_success,0.0035327670630067587,4,3,0,0,0,0,0,0,0
2764,4792,access_vlan:SW1:eth1:20+access_vlan:SW1:eth2:10+trunk_remove:SW1:eth3:10+trunk_remove:SW2:eth3:10+trunk_remove:SW2:eth3:20,27082,27088,0.05,7.949999999999999,6,True,False,True,False,True,recovery_success,0.0024266198355083666,6,5,0,0,1,1,1,0,0
2765,4793,access_vlan:SW1:eth1:20+access_vlan:SW1:eth2:10+access_vlan:SW2:eth2:10+trunk_remove:SW1:eth3:10+trunk_remove:SW2:eth3:10,27088,27093,0.05,8.899999999999999,5,True,False,True,False,True,recovery_success,0.002489762962795794,5,3,1,0,0,0,0,0,0
2766,4794,access_vlan:SW1:eth1:20+access_vlan:SW2:eth1:20+trunk_remove:SW1:eth3:10+trunk_remove:SW1:eth3:20+trunk_remove:SW2:eth3:10+trunk_remove:SW2:eth3:20,27093,27100,0.05,8.149999999999999,7,True,False,True,False,True,recovery_success,0.0026076512544282843,7,6,0,0,0,0,0,0,0
2767,4795,access_vlan:SW1:eth1:20+access_vlan:SW1:eth2:10+access_vlan:SW2:eth1:20+trunk_remove:SW1:eth3:20+trunk_remove:SW2:eth3:20,27100,27105,0.05,8.899999999999999,5,True,False,True,False,True,recovery_success,0.057143077021464705,5,3,1,0,0,0,0,0,0
2768,4796,access_vlan:SW1:eth1:20+access_vlan:SW1:eth2:10+access_vlan:SW2:eth1:20+trunk_remove:SW2:eth3:20,27105,27109,0.05,9.2,4,True,False,True,False,True,recovery_success,0.00224686466390267,4,2,1,0,0,0,0,0,0
2769,4797,access_vlan:SW1:eth1:20+access_vlan:SW1:eth2:10+trunk_remove:SW1:eth3:10+trunk_remove:SW1:eth3:20+trunk_remove:SW2:eth3:10,27109,27115,0.05,7.949999999999999,6,True,False,True,False,True,recovery_success,0.0030468975892290473,6,5,0,0,1,1,1,0,0
2770,4798,access_vlan:SW1:eth2:10+access_vlan:SW2:eth1:20+access_vlan:SW2:eth2:10+trunk_remove:SW1:eth3:20+trunk_remove:SW2:eth3:10,27115,27120,0.05,8.899999999999999,5,True,False,True,False,True,recovery_success,0.0027673528995364903,5,3,1,0,0,0,0,0,0
2771,4799,access_vlan:SW1:eth1:20+access_vlan:SW2:eth1:20+access_vlan:SW2:eth2:10+trunk_remove:SW1:eth3:20+trunk_remove:SW2:eth3:10+trunk_remove:SW2:eth3:20,27120,27126,0.05,8.1,6,True,False,True,False,True,recovery_success,0.005807911899561684,6,4,1,0,1,1,1,0,0
2772,4800,access_vlan:SW1:eth1:20+access_vlan:SW1:eth2:10+access_vlan:SW2:eth2:10,27126,27129,0.05,9.5,3,True,False,True,False,True,recovery_success,0.003099026856943965,3,1,1,0,0,0,0,0,0
2773,4801,access_vlan:SW2:eth1:20+trunk_remove:SW2:eth3:10,27129,27132,0.05,9.35,3,True,False,True,False,True,recovery_success,0.002021365643789371,3,2,0,0,0,0,0,0,0
2774,4802,access_vlan:SW1:eth1:20+trunk_remove:SW1:eth3:10+trunk_remove:SW2:eth3:10+trunk_remove:SW2:eth3:20,27132,27139,0.05,6.6499999999999995,7,True,False,True,False,True,recovery_success,0.003161307008537863,7,6,0,0,3,3,1,1,0
2775,4803,access_vlan:SW1:eth1:20+trunk_remove:SW1:eth3:20,27139,27142,0.05,9.35,3,True,False,True,False,True,recovery_success,0.002805654308758676,3,2,0,0,0,0,0,0,0
2776,4804,access_vlan:SW1:eth1:20+access_vlan:SW1:eth2:10+access_vlan:SW2:eth1:20+trunk_remove:SW1:eth3:10+trunk_remove:SW2:eth3:10,27142,27147,0.05,8.899999999999999,5,True,False,True,False,True,recovery_success,0.001693040388636291,5,3,1,0,0,0,0,0,0
2777,4805,access_vlan:SW1:eth1:20+trunk_remove:SW1:eth3:20,27147,27150,0.05,9.35,3,True,False,True,False,True,recovery_success,0.003939922200515866,3,2,0,0,0,0,0,0,0
2778,4806,access_vlan:SW1:eth2:10+access_vlan:SW2:eth1:20+access_vlan:SW2:eth2:10,27150,27153,0.05,9.5,3,True,False,True,False,True,recovery_success,0.0017742554579551022,3,1,1,0,0,0,0,0,0
2779,4807,access_vlan:SW1:eth1:20+access_vlan:SW1:eth2:10+trunk_remove:SW1:eth3:10,27153,27157,0.05,8.549999999999999,4,True,False,True,False,True,recovery_success,0.0017210013465955853,4,3,0,0,1,1,1,0,0
2780,4808,access_vlan:SW1:eth1:20+access_vlan:SW2:eth1:20+access_vlan:SW2:eth2:10+trunk_remove:SW1:eth3:10+trunk_remove:SW2:eth3:10+trunk_remove:SW2:eth3:20,27157,27163,0.05,8.6,6,True,False,True,False,True,recovery_success,0.0018479394493624568,6,4,1,0,0,0,0,0,0
2781,4809,access_vlan:SW1:eth1:20+access_vlan:SW1:eth2:10+access_vlan:SW2:eth1:20+access_vlan:SW2:eth2:10+trunk_remove:SW1:eth3:20+trunk_remove:SW2:eth3:10,27163,27167,0.05,9.2,4,True,False,True,False,True,recovery_success,0.002930243092123419,4,2,1,0,0,0,0,0,0
2782,4810,access_vlan:SW1:eth2:10+trunk_remove:SW1:eth3:10+trunk_remove:SW1:eth3:20+trunk_remove:SW2:eth3:10,27167,27172,0.05,8.75,5,True,False,True,False,True,recovery_success,0.0018685549031943083,5,4,0,0,0,0,0,0,0
2783,4811,access_vlan:SW2:eth1:20+trunk_remove:SW1:eth3:10+trunk_remove:SW2:eth3:10+trunk_remove:SW2:eth3:20,27172,27177,0.05,8.75,5,True,False,True,False,True,recovery_success,0.0017494980711489916,5,4,0,0,0,0,0,0,0
2784,4812,access_vlan:SW1:eth1:20+access_vlan:SW2:eth1:20+access_vlan:SW2:eth2:10+trunk_remove:SW2:eth3:10+trunk_remove:SW2:eth3:20,27177,27182,0.05,8.899999999999999,5,True,False,True,False,True,recovery_success,0.0539969957433641,5,3,1,0,0,0,0,0,0
2785,4813,access_vlan:SW1:eth1:20+access_vlan:SW1:eth2:10+access_vlan:SW2:eth1:20+access_vlan:SW2:eth2:10+trunk_remove:SW1:eth3:10+trunk_remove:SW1:eth3:20+trunk_remove:SW2:eth3:10,27182,27188,0.05,8.75,6,True,False,True,False,True,recovery_success,0.0025180043885484338,6,3,2,0,0,0,0,0,0
2786,4814,access_vlan:SW1:eth2:10+trunk_remove:SW1:eth3:20+trunk_remove:SW2:eth3:20,27188,27192,0.05,9.049999999999999,4,True,False,True,False,True,recovery_success,0.0014916870568413287,4,3,0,0,0,0,0,0,0
2787,4815,access_vlan:SW1:eth1:20+access_vlan:SW1:eth2:10+access_vlan:SW2:eth1:20+trunk_remove:SW2:eth3:10,27192,27196,0.05,9.2,4,True,False,True,False,True,recovery_success,0.003398064523935318,4,2,1,0,0,0,0,0,0
2788,4816,access_vlan:SW2:eth1:20+trunk_remove:SW1:eth3:10+trunk_remove:SW1:eth3:20,27196,27200,0.05,9.049999999999999,4,True,False,True,False,True,recovery_success,0.001794891431927681,4,3,0,0,0,0,0,0,0
2789,4817,access_vlan:SW2:eth1:20+access_vlan:SW2:eth2:10,27200,27203,0.05,8.85,3,True,False,True,False,True,recovery_success,0.0019405304531877239,3,2,0,0,1,1,1,0,0
2790,4818,access_vlan:SW1:eth2:10+access_vlan:SW2:eth1:20+access_vlan:SW2:eth2:10,27203,27206,0.05,9.5,3,True,False,True,False,True,recovery_success,0.0018514311717202265,3,1,1,0,0,0,0,0,0
2791,4819,access_vlan:SW1:eth1:20+access_vlan:SW1:eth2:10+trunk_remove:SW2:eth3:20,27206,27216,0.05,6.25,10,True,False,True,False,True,recovery_success,0.003232436307007447,10,9,0,0,2,2,2,0,0
2792,4820,access_vlan:SW1:eth1:20+access_vlan:SW1:eth2:10+access_vlan:SW2:eth2:10+trunk_remove:SW1:eth3:10+trunk_remove:SW1:eth3:20+trunk_remove:SW2:eth3:10+trunk_remove:SW2:eth3:20,27216,27223,0.05,8.299999999999999,7,True,False,True,False,True,recovery_success,0.002170016905958099,7,5,1,0,0,0,0,0,0
2793,4821,access_vlan:SW1:eth2:10+access_vlan:SW2:eth1:20+access_vlan:SW2:eth2:10+trunk_remove:SW1:eth3:10+trunk_remove:SW2:eth3:10+trunk_remove:SW2:eth3:20,27223,27232,0.05,7.35,9,True,False,True,False,True,recovery_success,0.0025776944562999737,9,6,2,0,1,1,1,1,0
2794,4822,trunk_remove:SW1:eth3:20+trunk_remove:SW2:eth3:20,27232,27235,0.05,9.35,3,True,False,True,False,True,recovery_success,0.002405487117357552,3,2,0,0,0,0,0,0,0
2795,4823,access_vlan:SW1:eth2:10+access_vlan:SW2:eth1:20+access_vlan:SW2:eth2:10+trunk_remove:SW2:eth3:20,27235,27239,0.05,9.2,4,True,False,True,False,True,recovery_success,0.0022630311141256243,4,2,1,0,0,0,0,0,0
2796,4824,access_vlan:SW1:eth1:20+access_vlan:SW2:eth2:10+trunk_remove:SW1:eth3:20+trunk_remove:SW2:eth3:10+trunk_remove:SW2:eth3:20,27239,27245,0.05,8.45,6,True,False,True,False,True,recovery_success,0.002894434224193295,6,5,0,0,0,0,0,0,0
2797,4825,access_vlan:SW1:eth2:10+access_vlan:SW2:eth2:10+trunk_remove:SW1:eth3:10+trunk_remove:SW1:eth3:20,27245,27250,0.05,8.75,5,True,False,True,False,True,recovery_success,0.0031965616391971706,5,4,0,0,0,0,0,0,0
2798,4826,access_vlan:SW1:eth2:10+trunk_remove:SW1:eth3:10+trunk_remove:SW2:eth3:10+trunk_remove:SW2:eth3:20,27250,27255,0.05,8.75,5,True,False,True,False,True,recovery_success,0.05752004585228861,5,4,0,0,0,0,0,0,0
2799,4827,access_vlan:SW1:eth1:20+access_vlan:SW1:eth2:10+trunk_remove:SW1:eth3:20,27255,27259,0.05,8.549999999999999,4,True,False,True,False,True,recovery_success,0.06575479247840121,4,3,0,0,1,1,1,0,0
2800,4828,access_vlan:SW1:eth2:10+access_vlan:SW2:eth1:20+access_vlan:SW2:eth2:10+trunk_remove:SW2:eth3:20,27259,27263,0.05,9.2,4,True,False,True,False,True,recovery_success,0.002159625175409019,4,2,1,0,0,0,0,0,0
2801,4829,access_vlan:SW1:eth1:20+access_vlan:SW2:eth1:20+access_vlan:SW2:eth2:10+trunk_remove:SW2:eth3:10,27263,27267,0.05,9.2,4,True,False,True,False,True,recovery_success,0.061190158186946064,4,2,1,0,0,0,0,0,0
2802,4830,access_vlan:SW1:eth2:10+trunk_remove:SW1:eth3:10+trunk_remove:SW1:eth3:20+trunk_remove:SW2:eth3:10,27267,27272,0.05,8.75,5,True,False,True,False,True,recovery_success,0.002814951213076711,5,4,0,0,0,0,0,0,0
2803,4831,access_vlan:SW1:eth1:20+access_vlan:SW1:eth2:10+access_vlan:SW2:eth1:20+trunk_remove:SW1:eth3:10,27272,27276,0.05,9.2,4,True,False,True,False,True,recovery_success,0.004624004184734076,4,2,1,0,0,0,0,0,0
2804,4832,access_vlan:SW1:eth2:10+access_vlan:SW2:eth1:20+access_vlan:SW2:eth2:10+trunk_remove:SW1:eth3:20+trunk_remove:SW2:eth3:10+trunk_remove:SW2:eth3:20,27276,27282,0.05,8.6,6,True,False,True,False,True,recovery_success,0.04233927692985162,6,4,1,0,0,0,0,0,0
2805,4833,access_vlan:SW1:eth1:20+trunk_remove:SW1:eth3:10,27282,27285,0.05,9.35,3,True,False,True,False,True,recovery_success,0.0050186939382304745,3,2,0,0,0,0,0,0,0
2806,4834,access_vlan:SW1:eth1:20+access_vlan:SW2:eth1:20+access_vlan:SW2:eth2:10+trunk_remove:SW1:eth3:10+trunk_remove:SW1:eth3:20+trunk_remove:SW2:eth3:10,27285,27291,0.05,8.6,6,True,False,True,False,True,recovery_success,0.008870530873537064,6,4,1,0,0,0,0,0,0
2807,4835,access_vlan:SW1:eth1:20+trunk_remove:SW1:eth3:10+trunk_remove:SW1:eth3:20+trunk_remove:SW2:eth3:20,27291,27296,0.05,8.75,5,True,False,True,False,True,recovery_success,0.00377184827812016,5,4,0,0,0,0,0,0,0
2808,4836,access_vlan:SW1:eth2:10+access_vlan:SW2:eth2:10+trunk_remove:SW1:eth3:10+trunk_remove:SW1:eth3:20,27296,27301,0.05,8.75,5,True,False,True,False,True,recovery_success,0.0037710195872932674,5,4,0,0,0,0,0,0,0
2809,4837,access_vlan:SW1:eth2:10+trunk_remove:SW1:eth3:10+trunk_remove:SW1:eth3:20+trunk_remove:SW2:eth3:20,27301,27306,0.05,8.75,5,True,False,True,False,True,recovery_success,0.00447655962780118,5,4,0,0,0,0,0,0,0
2810,4838,access_vlan:SW1:eth2:10+access_vlan:SW2:eth1:20+trunk_remove:SW1:eth3:20+trunk_remove:SW2:eth3:10+trunk_remove:SW2:eth3:20,27306,27312,0.05,8.45,6,True,False,True,False,True,recovery_success,0.006822954746894538,6,5,0,0,0,0,0,0,0
2811,4839,access_vlan:SW1:eth2:10+access_vlan:SW2:eth1:20+trunk_remove:SW1:eth3:10+trunk_remove:SW1:eth3:20,27312,27317,0.05,8.75,5,True,False,True,False,True,recovery_success,0.0033657564548775555,5,4,0,0,0,0,0,0,0
2812,4840,access_vlan:SW1:eth2:10+access_vlan:SW2:eth1:20+trunk_remove:SW1:eth3:10+trunk_remove:SW1:eth3:20,27317,27322,0.05,8.75,5,True,False,True,False,True,recovery_success,0.003122561797499657,5,4,0,0,0,0,0,0,0
2813,4841,access_vlan:SW1:eth2:10+access_vlan:SW2:eth1:20+trunk_remove:SW2:eth3:10,27322,27326,0.05,9.049999999999999,4,True,False,True,False,True,recovery_success,0.003849018714390695,4,3,0,0,0,0,0,0,0
2814,4842,access_vlan:SW1:eth2:10+access_vlan:SW2:eth1:20+trunk_remove:SW1:eth3:10+trunk_remove:SW1:eth3:20,27326,27331,0.05,8.75,5,True,False,True,False,True,recovery_success,0.002164133219048381,5,4,0,0,0,0,0,0,0
2815,4843,access_vlan:SW1:eth1:20+access_vlan:SW1:eth2:10+access_vlan:SW2:eth2:10+trunk_remove:SW1:eth3:10+trunk_remove:SW2:eth3:10,27331,27336,0.05,8.899999999999999,5,True,False,True,False,True,recovery_success,0.00799709833227098,5,3,1,0,0,0,0,0,0
2816,4844,access_vlan:SW1:eth2:10+access_vlan:SW2:eth1:20+access_vlan:SW2:eth2:10,27336,27339,0.05,9.5,3,True,False,True,False,True,recovery_success,0.003407290205359459,3,1,1,0,0,0,0,0,0
2817,4845,access_vlan:SW1:eth1:20+trunk_remove:SW1:eth3:10+trunk_remove:SW2:eth3:10,27339,27343,0.05,9.049999999999999,4,True,False,True,False,True,recovery_success,0.002430092397844419,4,3,0,0,0,0,0,0,0
2818,4846,access_vlan:SW1:eth1:20+access_vlan:SW1:eth2:10+access_vlan:SW2:eth2:10+trunk_remove:SW1:eth3:20+trunk_remove:SW2:eth3:20,27343,27348,0.05,8.899999999999999,5,True,False,True,False,True,recovery_success,0.003665441321209073,5,3,1,0,0,0,0,0,0
2819,4847,access_vlan:SW1:eth2:10+trunk_remove:SW1:eth3:10+trunk_remove:SW1:eth3:20+trunk_remove:SW2:eth3:10,27348,27353,0.05,8.75,5,True,False,True,False,True,recovery_success,0.054146639071404934,5,4,0,0,0,0,0,0,0
2820,4848,access_vlan:SW1:eth1:20+access_vlan:SW1:eth2:10+access_vlan:SW2:eth1:20+access_vlan:SW2:eth2:10+trunk_remove:SW1:eth3:10+trunk_remove:SW2:eth3:10+trunk_remove:SW2:eth3:20,27353,27358,0.05,8.899999999999999,5,True,False,True,False,True,recovery_success,0.0032228190917521714,5,3,1,0,0,0,0,0,0
2821,4849,access_vlan:SW1:eth2:10+access_vlan:SW2:eth1:20+trunk_remove:SW1:eth3:10,27358,27362,0.05,9.049999999999999,4,True,False,True,False,True,recovery_success,0.0027029341435991228,4,3,0,0,0,0,0,0,0
2822,4850,access_vlan:SW2:eth1:20+access_vlan:SW2:eth2:10+trunk_remove:SW1:eth3:10+trunk_remove:SW2:eth3:10,27362,27367,0.05,8.25,5,True,False,True,False,True,recovery_success,0.0022488444345071914,5,4,0,0,1,1,1,0,0
2823,4851,trunk_remove:SW1:eth3:10+trunk_remove:SW1:eth3:20+trunk_remove:SW2:eth3:10,27367,27371,0.05,9.049999999999999,4,True,False,True,False,True,recovery_success,0.001975927851162851,4,3,0,0,0,0,0,0,0
2824,4852,access_vlan:SW1:eth2:10+access_vlan:SW2:eth2:10+trunk_remove:SW1:eth3:20+trunk_remove:SW2:eth3:20,27371,27377,0.05,8.1,6,True,False,True,False,True,recovery_success,0.0021504201577045023,6,4,1,0,1,1,1,0,0
2825,4853,access_vlan:SW1:eth1:20+trunk_remove:SW1:eth3:10,27377,27382,0.05,8.75,5,True,False,True,False,True,recovery_success,0.0024408169789239763,5,4,0,0,0,0,0,0,0
2826,4854,access_vlan:SW1:eth1:20+access_vlan:SW2:eth1:20+access_vlan:SW2:eth2:10+trunk_remove:SW1:eth3:20+trunk_remove:SW2:eth3:20,27382,27387,0.05,8.899999999999999,5,True,False,True,False,True,recovery_success,0.0026485945330932737,5,3,1,0,0,0,0,0,0
2827,4855,access_vlan:SW1:eth1:20+access_vlan:SW2:eth1:20+trunk_remove:SW1:eth3:10+trunk_remove:SW1:eth3:20,27387,27392,0.05,8.75,5,True,False,True,False,True,recovery_success,0.008279689215123653,5,4,0,0,0,0,0,0,0
2828,4856,access_vlan:SW1:eth1:20+trunk_remove:SW1:eth3:20,27392,27395,0.05,9.35,3,True,False,True,False,True,recovery_success,0.002270266918155054,3,2,0,0,0,0,0,0,0
2829,4857,access_vlan:SW1:eth2:10+access_vlan:SW2:eth1:20+access_vlan:SW2:eth2:10+trunk_remove:SW1:eth3:20+trunk_remove:SW2:eth3:10+trunk_remove:SW2:eth3:20,27395,27401,0.05,8.6,6,True,False,True,False,True,recovery_success,0.0035369424925496182,6,4,1,0,0,0,0,0,0
2830,4858,access_vlan:SW1:eth1:20+access_vlan:SW1:eth2:10+access_vlan:SW2:eth1:20+access_vlan:SW2:eth2:10+trunk_remove:SW2:eth3:10,27401,27404,0.05,9.5,3,True,False,True,False,True,recovery_success,0.0026080149691551924,3,1,1,0,0,0,0,0,0
2831,4859,access_vlan:SW1:eth1:20+access_vlan:SW1:eth2:10+access_vlan:SW2:eth1:20+trunk_remove:SW1:eth3:10+trunk_remove:SW1:eth3:20+trunk_remove:SW2:eth3:20,27404,27410,0.05,8.6,6,True,False,True,False,True,recovery_success,0.0025349484252122543,6,4,1,0,0,0,0,0,0
2832,4860,access_vlan:SW1:eth1:20+trunk_remove:SW1:eth3:20,27410,27413,0.05,9.35,3,True,False,True,False,True,recovery_success,0.0019688024185597897,3,2,0,0,0,0,0,0,0
2833,4861,access_vlan:SW2:eth2:10+trunk_remove:SW2:eth3:20,27413,27416,0.05,9.35,3,True,False,True,False,True,recovery_success,0.002294371913497647,3,2,0,0,0,0,0,0,0
2834,4862,access_vlan:SW1:eth1:20+access_vlan:SW1:eth2:10+access_vlan:SW2:eth2:10+trunk_remove:SW1:eth3:20+trunk_remove:SW2:eth3:20,27416,27421,0.05,8.899999999999999,5,True,False,True,False,True,recovery_success,0.00672417082823813,5,3,1,0,0,0,0,0,0
2835,4863,access_vlan:SW2:eth1:20+access_vlan:SW2:eth2:10+trunk_remove:SW1:eth3:10+trunk_remove:SW1:eth3:20+trunk_remove:SW2:eth3:10+trunk_remove:SW2:eth3:20,27421,27429,0.05,7.5,8,True,False,True,False,True,recovery_success,0.0043822592560900375,8,6,1,0,1,1,1,0,0
2836,4864,access_vlan:SW1:eth1:20+access_vlan:SW1:eth2:10+access_vlan:SW2:eth1:20+trunk_remove:SW1:eth3:10+trunk_remove:SW2:eth3:20,27429,27434,0.05,8.899999999999999,5,True,False,True,False,True,recovery_success,0.005944874649867415,5,3,1,0,0,0,0,0,0
2837,4865,access_vlan:SW1:eth1:20+access_vlan:SW1:eth2:10+access_vlan:SW2:eth2:10,27434,27437,0.05,9.5,3,True,False,True,False,True,recovery_success,0.003660243470221758,3,1,1,0,0,0,0,0,0
2838,4866,access_vlan:SW1:eth2:10+trunk_remove:SW1:eth3:20,27437,27440,0.05,9.35,3,True,False,True,False,True,recovery_success,0.005410522843400638,3,2,0,0,0,0,0,0,0
2839,4867,access_vlan:SW1:eth1:20+access_vlan:SW1:eth2:10+access_vlan:SW2:eth2:10+trunk_remove:SW1:eth3:20,27440,27445,0.05,9.049999999999999,5,True,False,True,False,True,recovery_success,0.004764249571599067,5,2,2,0,0,0,0,0,0
2840,4868,access_vlan:SW1:eth2:10+access_vlan:SW2:eth1:20+trunk_remove:SW1:eth3:10+trunk_remove:SW1:eth3:20+trunk_remove:SW2:eth3:10+trunk_remove:SW2:eth3:20,27445,27452,0.05,8.149999999999999,7,True,False,True,False,True,recovery_success,0.0038645137434027027,7,6,0,0,0,0,0,0,0
2841,4869,access_vlan:SW1:eth1:20+access_vlan:SW1:eth2:10+access_vlan:SW2:eth2:10+trunk_remove:SW1:eth3:10+trunk_remove:SW1:eth3:20+trunk_remove:SW2:eth3:10+trunk_remove:SW2:eth3:20,27452,27459,0.05,8.299999999999999,7,True,False,True,False,True,recovery_success,0.003644731627511127,7,5,1,0,0,0,0,0,0
2842,4870,access_vlan:SW1:eth2:10+access_vlan:SW2:eth1:20+access_vlan:SW2:eth2:10+trunk_remove:SW2:eth3:20,27459,27463,0.05,9.2,4,True,False,True,False,True,recovery_success,0.005641281954012811,4,2,1,0,0,0,0,0,0
2843,4871,access_vlan:SW1:eth2:10+access_vlan:SW2:eth1:20+trunk_remove:SW1:eth3:10+trunk_remove:SW1:eth3:20,27463,27468,0.05,8.75,5,True,False,True,False,True,recovery_success,0.0536600592546165,5,4,0,0,0,0,0,0,0
2844,4872,access_vlan:SW1:eth1:20+access_vlan:SW1:eth2:10+access_vlan:SW2:eth1:20+trunk_remove:SW2:eth3:10,27468,27472,0.05,9.2,4,True,False,True,False,True,recovery_success,0.0031809955835342407,4,2,1,0,0,0,0,0,0
2845,4873,access_vlan:SW2:eth2:10+trunk_remove:SW2:eth3:10+trunk_remove:SW2:eth3:20,27472,27476,0.05,9.049999999999999,4,True,False,True,False,True,recovery_success,0.003388481040019542,4,3,0,0,0,0,0,0,0
2846,4874,access_vlan:SW2:eth2:10+trunk_remove:SW2:eth3:10+trunk_remove:SW2:eth3:20,27476,27480,0.05,9.049999999999999,4,True,False,True,False,True,recovery_success,0.0034313639043830335,4,3,0,0,0,0,0,0,0
2847,4875,access_vlan:SW2:eth1:20+access_vlan:SW2:eth2:10+trunk_remove:SW2:eth3:20,27480,27486,0.05,7.449999999999999,6,True,False,True,False,True,recovery_success,0.004868246983581533,6,5,0,0,2,2,2,0,0
2848,4876,trunk_remove:SW2:eth3:20,27486,27488,0.05,9.649999999999999,2,True,False,True,False,True,recovery_success,0.00449426140403375,2,1,0,0,0,0,0,0,0
2849,4877,access_vlan:SW1:eth1:20+access_vlan:SW2:eth1:20+access_vlan:SW2:eth2:10+trunk_remove:SW2:eth3:10+trunk_remove:SW2:eth3:20,27488,27494,0.05,7.949999999999999,6,True,False,True,False,True,recovery_success,0.005608231391912947,6,5,0,0,1,1,1,0,0
2850,4878,access_vlan:SW1:eth1:20+trunk_remove:SW2:eth3:10,27494,27497,0.05,9.35,3,True,False,True,False,True,recovery_success,0.005098309678335984,3,2,0,0,0,0,0,0,0
2851,4879,access_vlan:SW2:eth2:10+trunk_remove:SW1:eth3:10+trunk_remove:SW1:eth3:20+trunk_remove:SW2:eth3:10+trunk_remove:SW2:eth3:20,27497,27505,0.05,7.35,8,True,False,True,False,True,recovery_success,0.007645260891877115,8,7,0,0,1,1,1,0,0
2852,4880,access_vlan:SW1:eth1:20+access_vlan:SW2:eth1:20+access_vlan:SW2:eth2:10+trunk_remove:SW2:eth3:10,27505,27509,0.05,9.2,4,True,False,True,False,True,recovery_success,0.006100570783019066,4,2,1,0,0,0,0,0,0
2853,4881,access_vlan:SW2:eth2:10+trunk_remove:SW1:eth3:10+trunk_remove:SW2:eth3:10+trunk_remove:SW2:eth3:20,27509,27522,0.05,7.550000000000001,13,True,False,True,False,True,recovery_success,0.0052436410915106535,13,4,8,0,0,0,0,0,0
2854,4882,access_vlan:SW1:eth1:20+trunk_remove:SW1:eth3:10+trunk_remove:SW1:eth3:20,27522,27526,0.05,9.049999999999999,4,True,False,True,False,True,recovery_success,0.0052682755049318075,4,3,0,0,0,0,0,0,0
2855,4883,access_vlan:SW1:eth1:20+access_vlan:SW1:eth2:10+access_vlan:SW2:eth2:10+trunk_remove:SW2:eth3:10,27526,27530,0.05,9.2,4,True,False,True,False,True,recovery_success,0.004655029799323529,4,2,1,0,0,0,0,0,0
2856,4884,access_vlan:SW1:eth1:20+access_vlan:SW1:eth2:10+access_vlan:SW2:eth2:10+trunk_remove:SW1:eth3:10+trunk_remove:SW2:eth3:10+trunk_remove:SW2:eth3:20,27530,27536,0.05,8.6,6,True,False,True,False,True,recovery_success,0.0043652763512606425,6,4,1,0,0,0,0,0,0
2857,4885,access_vlan:SW1:eth2:10+trunk_remove:SW1:eth3:10+trunk_remove:SW1:eth3:20+trunk_remove:SW2:eth3:20,27536,27551,0.05,7.25,15,True,False,True,False,True,recovery_success,0.0035861777296910683,15,4,10,0,0,0,0,0,0
2858,4886,access_vlan:SW2:eth2:10+trunk_remove:SW1:eth3:20+trunk_remove:SW2:eth3:20,27551,27555,0.05,9.049999999999999,4,True,False,True,False,True,recovery_success,0.0033504008315503597,4,3,0,0,0,0,0,0,0
2859,4887,access_vlan:SW2:eth1:20+access_vlan:SW2:eth2:10+trunk_remove:SW1:eth3:20+trunk_remove:SW2:eth3:20,27555,27560,0.05,8.25,5,True,False,True,False,True,recovery_success,0.003684702143073082,5,4,0,0,1,1,1,0,0
2860,4888,access_vlan:SW1:eth1:20+access_vlan:SW2:eth1:20,27560,27563,0.05,8.85,3,True,False,True,False,True,recovery_success,0.005400081630796194,3,2,0,0,1,1,1,0,0
2861,4889,access_vlan:SW2:eth1:20+access_vlan:SW2:eth2:10,27563,27566,0.05,8.85,3,True,False,True,False,True,recovery_success,0.005080113187432289,3,2,0,0,1,1,1,0,0
2862,4890,access_vlan:SW1:eth1:20+access_vlan:SW1:eth2:10+trunk_remove:SW1:eth3:20,27566,27574,0.05,7.949999999999999,8,True,False,True,False,True,recovery_success,0.004185656551271677,8,3,4,0,1,1,1,0,0
2863,4891,access_vlan:SW2:eth1:20+access_vlan:SW2:eth2:10+trunk_remove:SW1:eth3:10+trunk_remove:SW1:eth3:20+trunk_remove:SW2:eth3:10+trunk_remove:SW2:eth3:20,27574,27580,0.05,-12.05,6,True,False,True,False,False,incorrect_declare_done,0.045938238773184516,6,5,0,0,1,1,1,0,1
2864,4892,access_vlan:SW1:eth2:10+access_vlan:SW2:eth1:20+trunk_remove:SW1:eth3:10+trunk_remove:SW1:eth3:20+trunk_remove:SW2:eth3:10,27580,27587,0.05,8.299999999999999,7,True,False,True,False,True,recovery_success,0.005119721471731152,7,5,1,0,0,0,0,0,0
2865,4893,access_vlan:SW2:eth2:10+trunk_remove:SW2:eth3:10+trunk_remove:SW2:eth3:20,27587,27595,0.05,8.45,8,True,False,True,False,True,recovery_success,0.004923029657220468,8,3,4,0,0,0,0,0,0
2866,4894,access_vlan:SW1:eth2:10+access_vlan:SW2:eth1:20+trunk_remove:SW1:eth3:10+trunk_remove:SW1:eth3:20+trunk_remove:SW2:eth3:10+trunk_remove:SW2:eth3:20,27595,27602,0.05,8.149999999999999,7,True,False,True,False,True,recovery_success,0.005324273170637233,7,6,0,0,0,0,0,0,0
2867,4895,access_vlan:SW1:eth1:20+trunk_remove:SW1:eth3:10+trunk_remove:SW2:eth3:10,27602,27606,0.05,9.049999999999999,4,True,False,True,False,True,recovery_success,0.010724027524702251,4,3,0,0,0,0,0,0,0
2868,4896,access_vlan:SW1:eth1:20+access_vlan:SW1:eth2:10+trunk_remove:SW1:eth3:10+trunk_remove:SW1:eth3:20+trunk_remove:SW2:eth3:20,27606,27613,0.05,7.799999999999999,7,True,False,True,False,True,recovery_success,0.010478748208177941,7,5,1,0,1,1,1,0,0
2869,4897,access_vlan:SW1:eth1:20+trunk_remove:SW1:eth3:10+trunk_remove:SW1:eth3:20,27613,27617,0.05,9.049999999999999,4,True,False,True,False,True,recovery_success,0.006279524590354413,4,3,0,0,0,0,0,0,0
2870,4898,access_vlan:SW1:eth1:20+access_vlan:SW1:eth2:10+access_vlan:SW2:eth1:20+trunk_remove:SW1:eth3:20,27617,27622,0.05,8.549999999999999,5,True,False,True,False,True,recovery_success,0.010427558142691851,5,2,2,0,1,1,1,0,0
2871,4899,access_vlan:SW1:eth2:10+access_vlan:SW2:eth1:20+trunk_remove:SW1:eth3:10+trunk_remove:SW1:eth3:20+trunk_remove:SW2:eth3:10,27622,27630,0.05,8.149999999999999,8,True,False,True,False,True,recovery_success,0.028777923085726798,8,5,2,0,0,0,0,0,0
2872,4900,access_vlan:SW2:eth1:20+access_vlan:SW2:eth2:10+trunk_remove:SW1:eth3:10+trunk_remove:SW1:eth3:20+trunk_remove:SW2:eth3:10+trunk_remove:SW2:eth3:20,27630,27638,0.05,7.5,8,True,False,True,False,True,recovery_success,0.04592546436470002,8,6,1,0,1,1,1,0,0
2873,4901,access_vlan:SW1:eth1:20+access_vlan:SW1:eth2:10+trunk_remove:SW1:eth3:10+trunk_remove:SW1:eth3:20+trunk_remove:SW2:eth3:10,27638,27645,0.05,7.799999999999999,7,True,False,True,False,True,recovery_success,0.05081516105149474,7,5,1,0,1,1,1,0,0
2874,4902,access_vlan:SW2:eth2:10+trunk_remove:SW2:eth3:10,27645,27648,0.05,9.35,3,True,False,True,False,True,recovery_success,0.042055352280537285,3,2,0,0,0,0,0,0,0
2875,4903,access_vlan:SW2:eth1:20+access_vlan:SW2:eth2:10+trunk_remove:SW1:eth3:20+trunk_remove:SW2:eth3:10+trunk_remove:SW2:eth3:20,27648,27654,0.05,7.949999999999999,6,True,False,True,False,True,recovery_success,0.022690414761503536,6,5,0,0,1,1,1,0,0
2876,4904,access_vlan:SW1:eth1:20+access_vlan:SW1:eth2:10+access_vlan:SW2:eth2:10+trunk_remove:SW1:eth3:20,27654,27658,0.05,9.2,4,True,False,True,False,True,recovery_success,0.012291379971429706,4,2,1,0,0,0,0,0,0
2877,4905,trunk_remove:SW1:eth3:10+trunk_remove:SW1:eth3:20+trunk_remove:SW2:eth3:10,27658,27667,0.05,8.299999999999999,9,True,False,True,False,True,recovery_success,0.03804223130767544,9,3,5,0,0,0,0,0,0
2878,4906,access_vlan:SW1:eth1:20+trunk_remove:SW2:eth3:20,27667,27674,0.05,8.75,7,True,False,True,False,True,recovery_success,0.006253491588202971,7,2,4,0,0,0,0,0,0
2879,4907,access_vlan:SW2:eth1:20+trunk_remove:SW1:eth3:10+trunk_remove:SW2:eth3:10+trunk_remove:SW2:eth3:20,27674,27683,0.05,7.35,9,True,False,True,False,True,recovery_success,0.008226347155869007,9,6,2,0,1,1,1,0,0
2880,4908,access_vlan:SW1:eth1:20+access_vlan:SW1:eth2:10+access_vlan:SW2:eth1:20,27683,27686,0.05,9.5,3,True,False,True,False,True,recovery_success,0.0073199527493367595,3,1,1,0,0,0,0,0,0
2881,4909,access_vlan:SW1:eth1:20+access_vlan:SW2:eth1:20+access_vlan:SW2:eth2:10+trunk_remove:SW2:eth3:10+trunk_remove:SW2:eth3:20,27686,27691,0.05,8.899999999999999,5,True,False,True,False,True,recovery_success,0.005051538022235036,5,3,1,0,0,0,0,0,0
2882,4910,access_vlan:SW1:eth2:10+access_vlan:SW2:eth2:10+trunk_remove:SW1:eth3:10+trunk_remove:SW1:eth3:20,27691,27701,0.05,8.0,10,True,False,True,False,True,recovery_success,0.0033923678915016354,10,4,5,0,0,0,0,0,0
2883,4911,access_vlan:SW1:eth1:20+trunk_remove:SW1:eth3:10+trunk_remove:SW1:eth3:20+trunk_remove:SW2:eth3:20,27701,27709,0.05,7.5,8,True,False,True,False,True,recovery_success,0.005133618455147371,8,6,1,0,1,1,1,0,0
2884,4912,access_vlan:SW1:eth2:10+access_vlan:SW2:eth2:10+trunk_remove:SW1:eth3:10+trunk_remove:SW1:eth3:20+trunk_remove:SW2:eth3:10+trunk_remove:SW2:eth3:20,27709,27716,0.05,8.149999999999999,7,True,False,True,False,True,recovery_success,0.003185069687398417,7,6,0,0,0,0,0,0,0
2885,4913,access_vlan:SW1:eth1:20+access_vlan:SW1:eth2:10+access_vlan:SW2:eth1:20+access_vlan:SW2:eth2:10+trunk_remove:SW1:eth3:20+trunk_remove:SW2:eth3:10,27716,27720,0.05,9.2,4,True,False,True,False,True,recovery_success,0.004076376324519515,4,2,1,0,0,0,0,0,0
2886,4914,access_vlan:SW2:eth2:10,27720,27724,0.05,7.549999999999999,4,True,False,True,False,True,recovery_success,0.0029402747750282288,4,3,0,0,3,3,1,1,0
2887,4915,access_vlan:SW2:eth1:20+trunk_remove:SW1:eth3:20+trunk_remove:SW2:eth3:10,27724,27728,0.05,9.049999999999999,4,True,False,True,False,True,recovery_success,0.0024437516694888473,4,3,0,0,0,0,0,0,0
2888,4916,trunk_remove:SW2:eth3:20,27728,27730,0.05,9.649999999999999,2,True,False,True,False,True,recovery_success,0.004993269918486476,2,1,0,0,0,0,0,0,0
2889,4917,access_vlan:SW1:eth1:20+trunk_remove:SW2:eth3:10+trunk_remove:SW2:eth3:20,27730,27736,0.05,8.45,6,True,False,True,False,True,recovery_success,0.003099773758246253,6,5,0,0,0,0,0,0,0
2890,4918,access_vlan:SW2:eth1:20+trunk_remove:SW1:eth3:20,27736,27739,0.05,9.35,3,True,False,True,False,True,recovery_success,0.003643822157755494,3,2,0,0,0,0,0,0,0
2891,4919,access_vlan:SW1:eth1:20+trunk_remove:SW1:eth3:10+trunk_remove:SW1:eth3:20,27739,27743,0.05,9.049999999999999,4,True,False,True,False,True,recovery_success,0.0033176583820022643,4,3,0,0,0,0,0,0,0
2892,4920,access_vlan:SW2:eth1:20+access_vlan:SW2:eth2:10+trunk_remove:SW1:eth3:20+trunk_remove:SW2:eth3:10+trunk_remove:SW2:eth3:20,27743,27749,0.05,7.949999999999999,6,True,False,True,False,True,recovery_success,0.0015078916718872886,6,5,0,0,1,1,1,0,0
2893,4921,access_vlan:SW1:eth1:20+access_vlan:SW1:eth2:10+access_vlan:SW2:eth1:20+trunk_remove:SW1:eth3:10,27749,27754,0.05,9.049999999999999,5,True,False,True,False,True,recovery_success,0.0025743273086845874,5,2,2,0,0,0,0,0,0
2894,4922,access_vlan:SW1:eth2:10+access_vlan:SW2:eth2:10+trunk_remove:SW1:eth3:10+trunk_remove:SW1:eth3:20+trunk_remove:SW2:eth3:10,27754,27762,0.05,7.85,8,True,False,True,False,True,recovery_success,0.0032282228567055427,8,7,0,0,0,0,0,0,0
2895,4923,access_vlan:SW1:eth1:20+access_vlan:SW2:eth2:10+trunk_remove:SW1:eth3:10,27762,27763,0.05,-10.05,1,True,False,True,False,False,incorrect_declare_done,0.0018984538037329912,1,0,0,0,0,0,0,0,4
2896,4924,trunk_remove:SW1:eth3:20+trunk_remove:SW2:eth3:20,27763,27766,0.05,9.35,3,True,False,True,False,True,recovery_success,0.0016802330889428656,3,2,0,0,0,0,0,0,0
2897,4925,access_vlan:SW1:eth2:10+access_vlan:SW2:eth1:20+trunk_remove:SW2:eth3:10,27766,27770,0.05,9.049999999999999,4,True,False,True,False,True,recovery_success,0.06663758322247304,4,3,0,0,0,0,0,0,0
2898,4926,access_vlan:SW1:eth1:20+access_vlan:SW1:eth2:10,27770,27771,0.05,-10.05,1,True,False,True,False,False,incorrect_declare_done,0.0017048751469701529,1,0,0,0,0,0,0,0,4
2899,4927,access_vlan:SW1:eth1:20+access_vlan:SW2:eth2:10+trunk_remove:SW1:eth3:10+trunk_remove:SW1:eth3:20+trunk_remove:SW2:eth3:10,27771,27777,0.05,8.45,6,True,False,True,False,True,recovery_success,0.002311378193553537,6,5,0,0,0,0,0,0,0
2900,4928,access_vlan:SW2:eth1:20+access_vlan:SW2:eth2:10+trunk_remove:SW1:eth3:10+trunk_remove:SW2:eth3:10+trunk_remove:SW2:eth3:20,27777,27783,0.05,7.949999999999999,6,True,False,True,False,True,recovery_success,0.0015793575439602137,6,5,0,0,1,1,1,0,0
2901,4929,access_vlan:SW1:eth1:20+access_vlan:SW1:eth2:10+access_vlan:SW2:eth1:20+access_vlan:SW2:eth2:10+trunk_remove:SW2:eth3:10,27783,27786,0.05,9.5,3,True,False,True,False,True,recovery_success,0.0016412111387277644,3,1,1,0,0,0,0,0,0
2902,4930,access_vlan:SW1:eth1:20+access_vlan:SW2:eth1:20+trunk_remove:SW1:eth3:10+trunk_remove:SW1:eth3:20+trunk_remove:SW2:eth3:10,27786,27792,0.05,8.45,6,True,False,True,False,True,recovery_success,0.0017441473707246284,6,5,0,0,0,0,0,0,0
2903,4931,access_vlan:SW1:eth1:20+access_vlan:SW1:eth2:10+trunk_remove:SW1:eth3:10+trunk_remove:SW2:eth3:20,27792,27809,0.05,6.45,17,True,False,True,False,True,recovery_success,0.0019224021576947586,17,4,12,0,1,1,1,0,0
2904,4932,trunk_remove:SW1:eth3:10,27809,27811,0.05,9.649999999999999,2,True,False,True,False,True,recovery_success,0.0015946428757160902,2,1,0,0,0,0,0,0,0
2905,4933,access_vlan:SW1:eth1:20+access_vlan:SW1:eth2:10+access_vlan:SW2:eth2:10+trunk_remove:SW1:eth3:10+trunk_remove:SW1:eth3:20+trunk_remove:SW2:eth3:10+trunk_remove:SW2:eth3:20,27811,27813,0.05,-10.350000000000001,2,True,False,True,False,False,incorrect_declare_done,0.0012361995759420097,2,1,0,0,0,0,0,0,3
2906,4934,access_vlan:SW1:eth2:10+access_vlan:SW2:eth1:20+trunk_remove:SW1:eth3:10+trunk_remove:SW2:eth3:10+trunk_remove:SW2:eth3:20,27813,27819,0.05,8.45,6,True,False,True,False,True,recovery_success,0.0019569858947458365,6,5,0,0,0,0,0,0,0
2907,4935,access_vlan:SW1:eth1:20+access_vlan:SW2:eth1:20+access_vlan:SW2:eth2:10+trunk_remove:SW1:eth3:10+trunk_remove:SW1:eth3:20+trunk_remove:SW2:eth3:10,27819,27825,0.05,8.6,6,True,False,True,False,True,recovery_success,0.003454983700066805,6,4,1,0,0,0,0,0,0
2908,4936,access_vlan:SW1:eth1:20+access_vlan:SW1:eth2:10+access_vlan:SW2:eth1:20+access_vlan:SW2:eth2:10+trunk_remove:SW1:eth3:20+trunk_remove:SW2:eth3:10,27825,27829,0.05,9.2,4,True,False,True,False,True,recovery_success,0.0019822135800495744,4,2,1,0,0,0,0,0,0
2909,4937,access_vlan:SW2:eth2:10+trunk_remove:SW2:eth3:20,27829,27848,0.05,6.15,19,True,False,True,False,True,recovery_success,0.0035675573959260396,19,4,14,0,1,1,1,0,0
2910,4938,access_vlan:SW1:eth1:20+access_vlan:SW2:eth1:20+trunk_remove:SW1:eth3:10+trunk_remove:SW1:eth3:20+trunk_remove:SW2:eth3:10,27848,27854,0.05,8.45,6,True,False,True,False,True,recovery_success,0.0014976383342097204,6,5,0,0,0,0,0,0,0
2911,4939,access_vlan:SW1:eth1:20+access_vlan:SW2:eth1:20+access_vlan:SW2:eth2:10+trunk_remove:SW2:eth3:20,27854,27858,0.05,8.7,4,True,False,True,False,True,recovery_success,0.0016511219437234104,4,2,1,0,1,1,1,0,0
2912,4940,access_vlan:SW1:eth1:20+access_vlan:SW1:eth2:10+trunk_remove:SW1:eth3:20+trunk_remove:SW2:eth3:20,27858,27863,0.05,8.25,5,True,False,True,False,True,recovery_success,0.0015931118046864866,5,4,0,0,1,1,1,0,0
2913,4941,access_vlan:SW1:eth1:20+access_vlan:SW2:eth1:20+access_vlan:SW2:eth2:10+trunk_remove:SW1:eth3:10+trunk_remove:SW1:eth3:20+trunk_remove:SW2:eth3:10,27863,27871,0.05,7.999999999999999,8,True,False,True,False,True,recovery_success,0.0022196757199708372,8,6,1,0,0,0,0,0,0
2914,4942,access_vlan:SW1:eth1:20+access_vlan:SW1:eth2:10+access_vlan:SW2:eth2:10,27871,27882,0.05,5.3999999999999995,11,True,False,True,False,True,recovery_success,0.0020347709121944554,11,7,3,0,4,3,3,2,0
2915,4943,access_vlan:SW1:eth2:10+access_vlan:SW2:eth2:10+trunk_remove:SW1:eth3:10+trunk_remove:SW2:eth3:10+trunk_remove:SW2:eth3:20,27882,27888,0.05,8.45,6,True,False,True,False,True,recovery_success,0.006060407535793881,6,5,0,0,0,0,0,0,0
2916,4944,access_vlan:SW1:eth2:10+access_vlan:SW2:eth1:20+trunk_remove:SW1:eth3:20+trunk_remove:SW2:eth3:10,27888,27893,0.05,8.75,5,True,False,True,False,True,recovery_success,0.001465268258471042,5,4,0,0,0,0,0,0,0
2917,4945,access_vlan:SW1:eth1:20+access_vlan:SW1:eth2:10+access_vlan:SW2:eth1:20+access_vlan:SW2:eth2:10+trunk_remove:SW2:eth3:10+trunk_remove:SW2:eth3:20,27893,27897,0.05,9.2,4,True,False,True,False,True,recovery_success,0.0022375638072844595,4,2,1,0,0,0,0,0,0
2918,4946,access_vlan:SW1:eth2:10+trunk_remove:SW1:eth3:20,27897,27900,0.05,9.35,3,True,False,True,False,True,recovery_success,0.0015279660001397133,3,2,0,0,0,0,0,0,0
2919,4947,access_vlan:SW1:eth1:20+access_vlan:SW1:eth2:10+trunk_remove:SW2:eth3:20,27900,27904,0.05,8.549999999999999,4,True,False,True,False,True,recovery_success,0.001116884028306231,4,3,0,0,1,1,1,0,0
2920,4948,access_vlan:SW1:eth2:10+access_vlan:SW2:eth1:20+access_vlan:SW2:eth2:10+trunk_remove:SW1:eth3:10,27904,27917,0.05,7.549999999999999,13,True,False,True,False,True,recovery_success,0.0027030563125243555,13,4,8,0,0,0,0,0,0
2921,4949,access_vlan:SW1:eth1:20+access_vlan:SW1:eth2:10+access_vlan:SW2:eth1:20+trunk_remove:SW1:eth3:10+trunk_remove:SW2:eth3:10,27917,27922,0.05,8.899999999999999,5,True,False,True,False,True,recovery_success,0.002435621595941484,5,3,1,0,0,0,0,0,0
2922,4950,access_vlan:SW2:eth2:10+trunk_remove:SW1:eth3:10+trunk_remove:SW1:eth3:20,27922,27926,0.05,9.049999999999999,4,True,False,True,False,True,recovery_success,0.002635251497849822,4,3,0,0,0,0,0,0,0
2923,4951,access_vlan:SW1:eth1:20+access_vlan:SW2:eth1:20+access_vlan:SW2:eth2:10+trunk_remove:SW1:eth3:10+trunk_remove:SW1:eth3:20,27926,27932,0.05,8.75,6,True,False,True,False,True,recovery_success,0.003290620632469654,6,3,2,0,0,0,0,0,0
2924,4952,access_vlan:SW1:eth2:10+trunk_remove:SW1:eth3:10+trunk_remove:SW1:eth3:20+trunk_remove:SW2:eth3:10+trunk_remove:SW2:eth3:20,27932,27938,0.05,8.45,6,True,False,True,False,True,recovery_success,0.002277822815813124,6,5,0,0,0,0,0,0,0
2925,4953,trunk_remove:SW1:eth3:10,27938,27940,0.05,9.649999999999999,2,True,False,True,False,True,recovery_success,0.0020925187272951007,2,1,0,0,0,0,0,0,0
2926,4954,access_vlan:SW1:eth2:10+access_vlan:SW2:eth2:10+trunk_remove:SW1:eth3:10+trunk_remove:SW1:eth3:20,27940,27945,0.05,8.75,5,True,False,True,False,True,recovery_success,0.0021288169315084814,5,4,0,0,0,0,0,0,0
2927,4955,access_vlan:SW1:eth1:20+access_vlan:SW1:eth2:10+access_vlan:SW2:eth1:20+access_vlan:SW2:eth2:10,27945,27947,0.05,9.799999999999999,2,True,False,True,False,True,recovery_success,0.002745202393271029,2,0,1,0,0,0,0,0,0
2928,4956,access_vlan:SW1:eth2:10+access_vlan:SW2:eth2:10+trunk_remove:SW1:eth3:10+trunk_remove:SW1:eth3:20+trunk_remove:SW2:eth3:10+trunk_remove:SW2:eth3:20,27947,27956,0.05,7.05,9,True,False,True,False,True,recovery_success,0.0016586246848520306,9,8,0,0,1,1,1,0,0
2929,4957,access_vlan:SW1:eth1:20+access_vlan:SW2:eth2:10+trunk_remove:SW1:eth3:20+trunk_remove:SW2:eth3:20,27956,27961,0.05,8.75,5,True,False,True,False,True,recovery_success,0.0015005328925326467,5,4,0,0,0,0,0,0,0
2930,4958,access_vlan:SW1:eth1:20+access_vlan:SW2:eth2:10+trunk_remove:SW1:eth3:20,27961,27965,0.05,9.049999999999999,4,True,False,True,False,True,recovery_success,0.0015347664593718946,4,3,0,0,0,0,0,0,0
2931,4959,access_vlan:SW1:eth1:20+access_vlan:SW1:eth2:10+access_vlan:SW2:eth2:10+trunk_remove:SW1:eth3:10,27965,27977,0.05,7.999999999999999,12,True,False,True,False,True,recovery_success,0.0019490750370702397,12,2,9,0,0,0,0,0,0
2932,4960,access_vlan:SW1:eth1:20+access_vlan:SW1:eth2:10+access_vlan:SW2:eth2:10+trunk_remove:SW1:eth3:10,27977,27981,0.05,9.2,4,True,False,True,False,True,recovery_success,0.003051340696401894,4,2,1,0,0,0,0,0,0
2933,4961,access_vlan:SW1:eth2:10+trunk_remove:SW2:eth3:10+trunk_remove:SW2:eth3:20,27981,27987,0.05,7.949999999999999,6,True,False,True,False,True,recovery_success,0.0033659181208349764,6,5,0,0,1,1,1,0,0
2934,4962,access_vlan:SW1:eth1:20+access_vlan:SW1:eth2:10+access_vlan:SW2:eth1:20+access_vlan:SW2:eth2:10+trunk_remove:SW1:eth3:10+trunk_remove:SW2:eth3:10+trunk_remove:SW2:eth3:20,27987,27998,0.05,7.999999999999999,11,True,False,True,False,True,recovery_success,0.025587239651940763,11,3,7,0,0,0,0,0,0
2935,4963,access_vlan:SW1:eth1:20+access_vlan:SW2:eth1:20+trunk_remove:SW1:eth3:20,27998,28002,0.05,9.049999999999999,4,True,False,True,False,True,recovery_success,0.007216487138066441,4,3,0,0,0,0,0,0,0
2936,4964,access_vlan:SW1:eth1:20+access_vlan:SW1:eth2:10+trunk_remove:SW2:eth3:20,28002,28008,0.05,6.949999999999999,6,True,False,True,False,True,recovery_success,0.01228022218371431,6,5,0,0,3,3,2,0,0
2937,4965,access_vlan:SW1:eth1:20+access_vlan:SW1:eth2:10+trunk_remove:SW1:eth3:20+trunk_remove:SW2:eth3:20,28008,28013,0.05,8.25,5,True,False,True,False,True,recovery_success,0.007542174868285656,5,4,0,0,1,1,1,0,0
2938,4966,access_vlan:SW1:eth2:10+access_vlan:SW2:eth1:20+access_vlan:SW2:eth2:10+trunk_remove:SW1:eth3:20+trunk_remove:SW2:eth3:10+trunk_remove:SW2:eth3:20,28013,28019,0.05,8.6,6,True,False,True,False,True,recovery_success,0.007100889769693215,6,4,1,0,0,0,0,0,0
2939,4967,access_vlan:SW2:eth1:20+access_vlan:SW2:eth2:10+trunk_remove:SW1:eth3:20+trunk_remove:SW2:eth3:10+trunk_remove:SW2:eth3:20,28019,28027,0.05,6.85,8,True,False,True,False,True,recovery_success,0.008394746895646676,8,7,0,0,2,2,2,1,0
2940,4968,access_vlan:SW1:eth2:10+access_vlan:SW2:eth2:10+trunk_remove:SW1:eth3:20+trunk_remove:SW2:eth3:10,28027,28032,0.05,8.75,5,True,False,True,False,True,recovery_success,0.005546505097299814,5,4,0,0,0,0,0,0,0
2941,4969,access_vlan:SW2:eth1:20+trunk_remove:SW1:eth3:10+trunk_remove:SW1:eth3:20,28032,28036,0.05,9.049999999999999,4,True,False,True,False,True,recovery_success,0.0036672281567007303,4,3,0,0,0,0,0,0,0
2942,4970,access_vlan:SW2:eth1:20+access_vlan:SW2:eth2:10+trunk_remove:SW1:eth3:20+trunk_remove:SW2:eth3:20,28036,28043,0.05,6.6499999999999995,7,True,False,True,False,True,recovery_success,0.004717909464878696,7,6,0,0,3,2,2,0,0
2943,4971,access_vlan:SW1:eth1:20+access_vlan:SW2:eth2:10+trunk_remove:SW1:eth3:10+trunk_remove:SW2:eth3:10,28043,28048,0.05,8.75,5,True,False,True,False,True,recovery_success,0.004903512634336948,5,4,0,0,0,0,0,0,0
2944,4972,access_vlan:SW1:eth1:20+access_vlan:SW2:eth1:20+access_vlan:SW2:eth2:10+trunk_remove:SW2:eth3:20,28048,28052,0.05,9.2,4,True,False,True,False,True,recovery_success,0.0655716221081093,4,2,1,0,0,0,0,0,0
2945,4973,access_vlan:SW1:eth1:20+access_vlan:SW1:eth2:10+access_vlan:SW2:eth2:10+trunk_remove:SW1:eth3:20,28052,28056,0.05,9.2,4,True,False,True,False,True,recovery_success,0.004970628418959677,4,2,1,0,0,0,0,0,0
2946,4974,trunk_remove:SW2:eth3:20,28056,28058,0.05,9.649999999999999,2,True,False,True,False,True,recovery_success,0.009139821166172624,2,1,0,0,0,0,0,0,0
2947,4975,access_vlan:SW1:eth1:20+access_vlan:SW1:eth2:10+access_vlan:SW2:eth2:10+trunk_remove:SW1:eth3:10+trunk_remove:SW2:eth3:20,28058,28063,0.05,8.899999999999999,5,True,False,True,False,True,recovery_success,0.006454922258853912,5,3,1,0,0,0,0,0,0
2948,4976,access_vlan:SW2:eth1:20+trunk_remove:SW1:eth3:10+trunk_remove:SW1:eth3:20,28063,28068,0.05,8.899999999999999,5,True,False,True,False,True,recovery_success,0.005189676024019718,5,3,1,0,0,0,0,0,0
2949,4977,access_vlan:SW1:eth1:20+access_vlan:SW1:eth2:10+access_vlan:SW2:eth1:20,28068,28072,0.05,9.35,4,True,False,True,False,True,recovery_success,0.005017013638280332,4,1,2,0,0,0,0,0,0
2950,4978,access_vlan:SW1:eth1:20+trunk_remove:SW2:eth3:10+trunk_remove:SW2:eth3:20,28072,28076,0.05,9.049999999999999,4,True,False,True,False,True,recovery_success,0.005837739852722734,4,3,0,0,0,0,0,0,0
2951,4979,access_vlan:SW1:eth2:10+trunk_remove:SW1:eth3:20+trunk_remove:SW2:eth3:20,28076,28080,0.05,9.049999999999999,4,True,False,True,False,True,recovery_success,0.005625552497804165,4,3,0,0,0,0,0,0,0
2952,4980,access_vlan:SW1:eth2:10+access_vlan:SW2:eth2:10+trunk_remove:SW1:eth3:10+trunk_remove:SW1:eth3:20+trunk_remove:SW2:eth3:20,28080,28086,0.05,8.45,6,True,False,True,False,True,recovery_success,0.007178339602736135,6,5,0,0,0,0,0,0,0
2953,4981,access_vlan:SW1:eth2:10+access_vlan:SW2:eth1:20+access_vlan:SW2:eth2:10+trunk_remove:SW1:eth3:20+trunk_remove:SW2:eth3:10+trunk_remove:SW2:eth3:20,28086,28092,0.05,8.6,6,True,False,True,False,True,recovery_success,0.005666769381302099,6,4,1,0,0,0,0,0,0
2954,4982,access_vlan:SW1:eth1:20+trunk_remove:SW1:eth3:10+trunk_remove:SW1:eth3:20+trunk_remove:SW2:eth3:20,28092,28097,0.05,8.75,5,True,False,True,False,True,recovery_success,0.004444382013753056,5,4,0,0,0,0,0,0,0
2955,4983,access_vlan:SW1:eth1:20+access_vlan:SW2:eth1:20+trunk_remove:SW1:eth3:20+trunk_remove:SW2:eth3:20,28097,28102,0.05,8.75,5,True,False,True,False,True,recovery_success,0.003299608966335654,5,4,0,0,0,0,0,0,0
2956,4984,access_vlan:SW1:eth2:10+access_vlan:SW2:eth1:20+access_vlan:SW2:eth2:10+trunk_remove:SW1:eth3:10+trunk_remove:SW1:eth3:20+trunk_remove:SW2:eth3:20,28102,28108,0.05,8.6,6,True,False,True,False,True,recovery_success,0.003796072443947196,6,4,1,0,0,0,0,0,0
2957,4985,access_vlan:SW2:eth2:10+trunk_remove:SW1:eth3:10,28108,28111,0.05,9.35,3,True,False,True,False,True,recovery_success,0.0030788103273759284,3,2,0,0,0,0,0,0,0
2958,4986,trunk_remove:SW1:eth3:10+trunk_remove:SW1:eth3:20+trunk_remove:SW2:eth3:10,28111,28115,0.05,9.049999999999999,4,True,False,True,False,True,recovery_success,0.0025920181069523096,4,3,0,0,0,0,0,0,0
2959,4987,access_vlan:SW1:eth2:10+trunk_remove:SW1:eth3:20+trunk_remove:SW2:eth3:10,28115,28119,0.05,9.049999999999999,4,True,False,True,False,True,recovery_success,0.002787693578284234,4,3,0,0,0,0,0,0,0
2960,4988,access_vlan:SW2:eth1:20+access_vlan:SW2:eth2:10+trunk_remove:SW1:eth3:10+trunk_remove:SW2:eth3:20,28119,28124,0.05,8.25,5,True,False,True,False,True,recovery_success,0.003220283379778266,5,4,0,0,1,1,1,0,0
2961,4989,access_vlan:SW1:eth1:20+trunk_remove:SW1:eth3:10+trunk_remove:SW1:eth3:20+trunk_remove:SW2:eth3:10+trunk_remove:SW2:eth3:20,28124,28130,0.05,8.45,6,True,False,True,False,True,recovery_success,0.0030892392775664725,6,5,0,0,0,0,0,0,0
2962,4990,access_vlan:SW1:eth1:20+access_vlan:SW1:eth2:10+access_vlan:SW2:eth2:10+trunk_remove:SW1:eth3:10+trunk_remove:SW1:eth3:20,28130,28136,0.05,8.75,6,True,False,True,False,True,recovery_success,0.043456465432730816,6,3,2,0,0,0,0,0,0
2963,4991,access_vlan:SW1:eth1:20+access_vlan:SW1:eth2:10+trunk_remove:SW1:eth3:10+trunk_remove:SW1:eth3:20+trunk_remove:SW2:eth3:20,28136,28142,0.05,7.949999999999999,6,True,False,True,False,True,recovery_success,0.009529816064362725,6,5,0,0,1,1,1,0,0
2964,4992,access_vlan:SW1:eth1:20+access_vlan:SW2:eth1:20+access_vlan:SW2:eth2:10+trunk_remove:SW1:eth3:10+trunk_remove:SW1:eth3:20+trunk_remove:SW2:eth3:20,28142,28148,0.05,8.6,6,True,False,True,False,True,recovery_success,0.0036203921384488544,6,4,1,0,0,0,0,0,0
2965,4993,access_vlan:SW2:eth1:20+trunk_remove:SW1:eth3:10+trunk_remove:SW1:eth3:20,28148,28152,0.05,9.049999999999999,4,True,False,True,False,True,recovery_success,0.004434726317413151,4,3,0,0,0,0,0,0,0
2966,4994,access_vlan:SW2:eth1:20+trunk_remove:SW1:eth3:10,28152,28155,0.05,9.35,3,True,False,True,False,True,recovery_success,0.0046471097351362305,3,2,0,0,0,0,0,0,0
2967,4995,access_vlan:SW1:eth2:10+access_vlan:SW2:eth2:10+trunk_remove:SW1:eth3:10+trunk_remove:SW1:eth3:20+trunk_remove:SW2:eth3:20,28155,28163,0.05,7.35,8,True,False,True,False,True,recovery_success,0.034594270546222106,8,7,0,0,1,1,1,0,0
2968,4996,access_vlan:SW1:eth1:20+access_vlan:SW2:eth1:20+trunk_remove:SW2:eth3:10,28163,28167,0.05,8.549999999999999,4,True,False,True,False,True,recovery_success,0.007447658805176616,4,3,0,0,1,1,1,0,0
2969,4997,access_vlan:SW1:eth2:10+trunk_remove:SW1:eth3:20+trunk_remove:SW2:eth3:10+trunk_remove:SW2:eth3:20,28167,28172,0.05,8.75,5,True,False,True,False,True,recovery_success,0.007638629106804728,5,4,0,0,0,0,0,0,0
2970,4998,access_vlan:SW1:eth2:10+access_vlan:SW2:eth2:10+trunk_remove:SW1:eth3:20+trunk_remove:SW2:eth3:10+trunk_remove:SW2:eth3:20,28172,28178,0.05,8.45,6,True,False,True,False,True,recovery_success,0.006059385758514206,6,5,0,0,0,0,0,0,0
2971,4999,access_vlan:SW1:eth1:20+trunk_remove:SW1:eth3:20,28178,28181,0.05,9.35,3,True,False,True,False,True,recovery_success,0.005419872468337417,3,2,0,0,0,0,0,0,0
2972,5000,access_vlan:SW1:eth1:20+access_vlan:SW2:eth1:20+trunk_remove:SW1:eth3:20+trunk_remove:SW2:eth3:10+trunk_remove:SW2:eth3:20,28181,28187,0.05,8.45,6,True,False,True,False,True,recovery_success,0.006583554980655511,6,5,0,0,0,0,0,0,0
2973,5001,access_vlan:SW1:eth1:20+access_vlan:SW1:eth2:10+access_vlan:SW2:eth2:10+trunk_remove:SW1:eth3:10+trunk_remove:SW2:eth3:10+trunk_remove:SW2:eth3:20,28187,28193,0.05,8.6,6,True,False,True,False,True,recovery_success,0.006154722689340512,6,4,1,0,0,0,0,0,0
2974,5002,trunk_remove:SW1:eth3:10+trunk_remove:SW2:eth3:20,28193,28197,0.05,9.2,4,True,False,True,False,True,recovery_success,0.004053310636663809,4,2,1,0,0,0,0,0,0
2975,5003,access_vlan:SW2:eth1:20+trunk_remove:SW2:eth3:10,28197,28200,0.05,9.35,3,True,False,True,False,True,recovery_success,0.007966923527419567,3,2,0,0,0,0,0,0,0
2976,5004,access_vlan:SW1:eth2:10+access_vlan:SW2:eth2:10+trunk_remove:SW1:eth3:10+trunk_remove:SW2:eth3:10,28200,28205,0.05,8.75,5,True,False,True,False,True,recovery_success,0.008587052812799811,5,4,0,0,0,0,0,0,0
2977,5005,access_vlan:SW1:eth1:20+access_vlan:SW1:eth2:10+trunk_remove:SW1:eth3:10+trunk_remove:SW2:eth3:20,28205,28211,0.05,8.1,6,True,False,True,False,True,recovery_success,0.06326158492205043,6,4,1,0,1,1,1,0,0
2978,5006,access_vlan:SW1:eth2:10+access_vlan:SW2:eth2:10+trunk_remove:SW2:eth3:10,28211,28224,0.05,7.699999999999999,13,True,False,True,False,True,recovery_success,0.019376824950226225,13,3,9,0,0,0,0,0,0
2979,5007,access_vlan:SW2:eth2:10+trunk_remove:SW1:eth3:20+trunk_remove:SW2:eth3:20,28224,28230,0.05,6.949999999999999,6,True,False,True,False,True,recovery_success,0.029513625350470345,6,5,0,0,3,3,2,0,0
2980,5008,access_vlan:SW1:eth2:10+access_vlan:SW2:eth1:20+access_vlan:SW2:eth2:10+trunk_remove:SW1:eth3:10+trunk_remove:SW1:eth3:20+trunk_remove:SW2:eth3:10,28230,28236,0.05,8.6,6,True,False,True,False,True,recovery_success,0.012343223439529538,6,4,1,0,0,0,0,0,0
2981,5009,access_vlan:SW1:eth1:20+access_vlan:SW2:eth1:20+access_vlan:SW2:eth2:10+trunk_remove:SW1:eth3:10+trunk_remove:SW1:eth3:20,28236,28243,0.05,6.799999999999999,7,True,False,True,False,True,recovery_success,0.01025592555691089,7,5,1,0,3,3,1,1,0
2982,5010,access_vlan:SW1:eth2:10+access_vlan:SW2:eth2:10+trunk_remove:SW1:eth3:10+trunk_remove:SW1:eth3:20+trunk_remove:SW2:eth3:10+trunk_remove:SW2:eth3:20,28243,28251,0.05,7.999999999999999,8,True,False,True,False,True,recovery_success,0.011257131962338462,8,6,1,0,0,0,0,0,0
2983,5011,access_vlan:SW1:eth1:20+access_vlan:SW2:eth1:20+trunk_remove:SW1:eth3:20,28251,28255,0.05,9.049999999999999,4,True,False,True,False,True,recovery_success,0.005721985944546759,4,3,0,0,0,0,0,0,0
2984,5012,access_vlan:SW2:eth2:10+trunk_remove:SW2:eth3:20,28255,28258,0.05,9.35,3,True,False,True,False,True,recovery_success,0.003571782804404696,3,2,0,0,0,0,0,0,0
2985,5013,access_vlan:SW1:eth1:20+access_vlan:SW1:eth2:10,28258,28261,0.05,8.85,3,True,False,True,False,True,recovery_success,0.003332961816340685,3,2,0,0,1,1,1,0,0
2986,5014,trunk_remove:SW1:eth3:10+trunk_remove:SW2:eth3:10,28261,28264,0.05,9.35,3,True,False,True,False,True,recovery_success,0.0035999338142573833,3,2,0,0,0,0,0,0,0
2987,5015,access_vlan:SW1:eth1:20+access_vlan:SW1:eth2:10+access_vlan:SW2:eth1:20+trunk_remove:SW2:eth3:20,28264,28268,0.05,9.2,4,True,False,True,False,True,recovery_success,0.0026931139873340726,4,2,1,0,0,0,0,0,0
2988,5016,access_vlan:SW1:eth2:10+access_vlan:SW2:eth2:10+trunk_remove:SW1:eth3:20+trunk_remove:SW2:eth3:20,28268,28273,0.05,8.25,5,True,False,True,False,True,recovery_success,0.0021571637131273746,5,4,0,0,1,1,1,0,0
2989,5017,access_vlan:SW1:eth1:20+access_vlan:SW1:eth2:10+trunk_remove:SW1:eth3:10+trunk_remove:SW1:eth3:20+trunk_remove:SW2:eth3:10,28273,28279,0.05,7.949999999999999,6,True,False,True,False,True,recovery_success,0.005297031719237566,6,5,0,0,1,1,1,0,0
2990,5018,access_vlan:SW1:eth1:20+access_vlan:SW2:eth2:10+trunk_remove:SW1:eth3:10+trunk_remove:SW1:eth3:20,28279,28286,0.05,7.6499999999999995,7,True,False,True,False,True,recovery_success,0.002538797545379826,7,6,0,0,1,1,1,0,0
2991,5019,access_vlan:SW1:eth1:20+access_vlan:SW2:eth2:10+trunk_remove:SW1:eth3:10,28286,28290,0.05,9.049999999999999,4,True,False,True,False,True,recovery_success,0.0025230286410078406,4,3,0,0,0,0,0,0,0
2992,5020,access_vlan:SW1:eth1:20+access_vlan:SW2:eth1:20+access_vlan:SW2:eth2:10+trunk_remove:SW2:eth3:10+trunk_remove:SW2:eth3:20,28290,28295,0.05,8.899999999999999,5,True,False,True,False,True,recovery_success,0.0027564642019569873,5,3,1,0,0,0,0,0,0
2993,5021,access_vlan:SW1:eth2:10+access_vlan:SW2:eth1:20+access_vlan:SW2:eth2:10+trunk_remove:SW1:eth3:20+trunk_remove:SW2:eth3:20,28295,28300,0.05,8.899999999999999,5,True,False,True,False,True,recovery_success,0.002723928540945053,5,3,1,0,0,0,0,0,0
2994,5022,access_vlan:SW1:eth1:20+access_vlan:SW1:eth2:10+access_vlan:SW2:eth1:20+access_vlan:SW2:eth2:10+trunk_remove:SW2:eth3:10,28300,28303,0.05,9.5,3,True,False,True,False,True,recovery_success,0.0848471577046439,3,1,1,0,0,0,0,0,0
2995,5023,access_vlan:SW1:eth1:20+access_vlan:SW2:eth1:20+access_vlan:SW2:eth2:10+trunk_remove:SW1:eth3:20+trunk_remove:SW2:eth3:20,28303,28308,0.05,8.899999999999999,5,True,False,True,False,True,recovery_success,0.0018147213384509086,5,3,1,0,0,0,0,0,0
2996,5024,access_vlan:SW2:eth1:20+trunk_remove:SW2:eth3:20,28308,28311,0.05,9.35,3,True,False,True,False,True,recovery_success,0.005883936576234798,3,2,0,0,0,0,0,0,0
2997,5025,access_vlan:SW1:eth1:20+access_vlan:SW2:eth2:10+trunk_remove:SW1:eth3:20,28311,28315,0.05,9.049999999999999,4,True,False,True,False,True,recovery_success,0.0032555097131989896,4,3,0,0,0,0,0,0,0
2998,5026,access_vlan:SW2:eth1:20+access_vlan:SW2:eth2:10+trunk_remove:SW1:eth3:20,28315,28319,0.05,8.549999999999999,4,True,False,True,False,True,recovery_success,0.061243439733516425,4,3,0,0,1,1,1,0,0
2999,5027,access_vlan:SW1:eth2:10+access_vlan:SW2:eth1:20+access_vlan:SW2:eth2:10+trunk_remove:SW1:eth3:20+trunk_remove:SW2:eth3:20,28319,28324,0.05,8.899999999999999,5,True,False,True,False,True,recovery_success,0.010322370869107544,5,3,1,0,0,0,0,0,0
3000,5028,access_vlan:SW1:eth1:20+access_vlan:SW1:eth2:10+access_vlan:SW2:eth1:20+trunk_remove:SW1:eth3:10+trunk_remove:SW1:eth3:20+trunk_remove:SW2:eth3:20,28324,28330,0.05,8.6,6,True,False,True,False,True,recovery_success,0.0057270033479047315,6,4,1,0,0,0,0,0,0
3001,5029,access_vlan:SW1:eth2:10+access_vlan:SW2:eth1:20+access_vlan:SW2:eth2:10+trunk_remove:SW1:eth3:10+trunk_remove:SW1:eth3:20+trunk_remove:SW2:eth3:10,28330,28336,0.05,8.6,6,True,False,True,False,True,recovery_success,0.00541037388999636,6,4,1,0,0,0,0,0,0
3002,5030,access_vlan:SW2:eth1:20+trunk_remove:SW1:eth3:10+trunk_remove:SW1:eth3:20+trunk_remove:SW2:eth3:20,28336,28341,0.05,8.75,5,True,False,True,False,True,recovery_success,0.002644430845975876,5,4,0,0,0,0,0,0,0
3003,5031,access_vlan:SW2:eth1:20+trunk_remove:SW1:eth3:10,28341,28345,0.05,9.2,4,True,False,True,False,True,recovery_success,0.005737843719543889,4,2,1,0,0,0,0,0,0
3004,5032,access_vlan:SW1:eth1:20+access_vlan:SW2:eth1:20+access_vlan:SW2:eth2:10+trunk_remove:SW1:eth3:20+trunk_remove:SW2:eth3:20,28345,28346,0.05,-10.05,1,True,False,True,False,False,incorrect_declare_done,0.009690361097455025,1,0,0,0,0,0,0,0,3
3005,5033,access_vlan:SW1:eth2:10+access_vlan:SW2:eth1:20+trunk_remove:SW1:eth3:10+trunk_remove:SW1:eth3:20+trunk_remove:SW2:eth3:10,28346,28353,0.05,8.299999999999999,7,True,False,True,False,True,recovery_success,0.036552664557737966,7,5,1,0,0,0,0,0,0
3006,5034,access_vlan:SW1:eth2:10+access_vlan:SW2:eth2:10+trunk_remove:SW1:eth3:10+trunk_remove:SW2:eth3:10,28353,28358,0.05,8.75,5,True,False,True,False,True,recovery_success,0.005503522465005517,5,4,0,0,0,0,0,0,0
3007,5035,access_vlan:SW1:eth1:20+access_vlan:SW1:eth2:10+access_vlan:SW2:eth1:20+trunk_remove:SW1:eth3:20+trunk_remove:SW2:eth3:10+trunk_remove:SW2:eth3:20,28358,28364,0.05,8.6,6,True,False,True,False,True,recovery_success,0.003689339733682573,6,4,1,0,0,0,0,0,0
3008,5036,access_vlan:SW1:eth2:10+access_vlan:SW2:eth1:20+trunk_remove:SW2:eth3:10,28364,28368,0.05,9.049999999999999,4,True,False,True,False,True,recovery_success,0.0027489481726661325,4,3,0,0,0,0,0,0,0
3009,5037,access_vlan:SW2:eth2:10+trunk_remove:SW1:eth3:20,28368,28371,0.05,9.35,3,True,False,True,False,True,recovery_success,0.0025731208734214306,3,2,0,0,0,0,0,0,0
3010,5038,access_vlan:SW1:eth2:10+access_vlan:SW2:eth1:20+trunk_remove:SW2:eth3:10,28371,28375,0.05,9.049999999999999,4,True,False,True,False,True,recovery_success,0.011884363455465063,4,3,0,0,0,0,0,0,0
3011,5039,access_vlan:SW1:eth1:20+access_vlan:SW1:eth2:10+access_vlan:SW2:eth2:10+trunk_remove:SW1:eth3:10+trunk_remove:SW1:eth3:20,28375,28380,0.05,8.899999999999999,5,True,False,True,False,True,recovery_success,0.009916004166007042,5,3,1,0,0,0,0,0,0
3012,5040,access_vlan:SW1:eth1:20+access_vlan:SW1:eth2:10+access_vlan:SW2:eth1:20+trunk_remove:SW1:eth3:10+trunk_remove:SW1:eth3:20+trunk_remove:SW2:eth3:20,28380,28386,0.05,8.6,6,True,False,True,False,True,recovery_success,0.044928706367500126,6,4,1,0,0,0,0,0,0
3013,5041,access_vlan:SW1:eth1:20+access_vlan:SW2:eth1:20+access_vlan:SW2:eth2:10+trunk_remove:SW2:eth3:20,28386,28390,0.05,9.2,4,True,False,True,False,True,recovery_success,0.0075923987897112966,4,2,1,0,0,0,0,0,0
3014,5042,access_vlan:SW1:eth1:20+access_vlan:SW2:eth1:20+access_vlan:SW2:eth2:10+trunk_remove:SW1:eth3:10+trunk_remove:SW2:eth3:10,28390,28397,0.05,7.3,7,True,False,True,False,True,recovery_success,0.006873247529646116,7,4,1,0,2,2,1,0,0
3015,5043,access_vlan:SW1:eth1:20+access_vlan:SW2:eth1:20+access_vlan:SW2:eth2:10+trunk_remove:SW1:eth3:20+trunk_remove:SW2:eth3:20,28397,28402,0.05,8.899999999999999,5,True,False,True,False,True,recovery_success,0.010202293470501899,5,3,1,0,0,0,0,0,0
3016,5044,access_vlan:SW1:eth1:20+access_vlan:SW1:eth2:10+access_vlan:SW2:eth2:10+trunk_remove:SW1:eth3:20,28402,28406,0.05,9.2,4,True,False,True,False,True,recovery_success,0.004323179513448849,4,2,1,0,0,0,0,0,0
3017,5045,access_vlan:SW1:eth1:20+access_vlan:SW1:eth2:10+trunk_remove:SW1:eth3:10+trunk_remove:SW2:eth3:20,28406,28411,0.05,8.25,5,True,False,True,False,True,recovery_success,0.006521498318761587,5,4,0,0,1,1,1,0,0
3018,5046,access_vlan:SW2:eth2:10+trunk_remove:SW1:eth3:10+trunk_remove:SW1:eth3:20,28411,28415,0.05,9.049999999999999,4,True,False,True,False,True,recovery_success,0.005880852113477886,4,3,0,0,0,0,0,0,0
3019,5047,access_vlan:SW1:eth1:20+trunk_remove:SW1:eth3:20+trunk_remove:SW2:eth3:10+trunk_remove:SW2:eth3:20,28415,28420,0.05,8.75,5,True,False,True,False,True,recovery_success,0.00763570205308497,5,4,0,0,0,0,0,0,0
3020,5048,access_vlan:SW1:eth2:10+access_vlan:SW2:eth1:20+trunk_remove:SW1:eth3:10+trunk_remove:SW2:eth3:20,28420,28426,0.05,8.6,6,True,False,True,False,True,recovery_success,0.008666444026554624,6,4,1,0,0,0,0,0,0
3021,5049,access_vlan:SW1:eth2:10+access_vlan:SW2:eth2:10+trunk_remove:SW1:eth3:10+trunk_remove:SW2:eth3:10,28426,28456,0.05,-6.7500000000000036,30,True,False,False,True,False,step_limit,0.01157747240892301,30,15,15,0,0,0,0,0,3
3022,5050,access_vlan:SW1:eth2:10+trunk_remove:SW1:eth3:10+trunk_remove:SW1:eth3:20+trunk_remove:SW2:eth3:20,28456,28461,0.05,8.75,5,True,False,True,False,True,recovery_success,0.008862395957112312,5,4,0,0,0,0,0,0,0
3023,5051,access_vlan:SW1:eth2:10+access_vlan:SW2:eth2:10+trunk_remove:SW1:eth3:10+trunk_remove:SW1:eth3:20,28461,28468,0.05,8.149999999999999,7,True,False,True,False,True,recovery_success,0.00568045600916126,7,6,0,0,0,0,0,0,0
3024,5052,access_vlan:SW1:eth2:10+access_vlan:SW2:eth2:10+trunk_remove:SW2:eth3:10+trunk_remove:SW2:eth3:20,28468,28473,0.05,8.75,5,True,False,True,False,True,recovery_success,0.010155838541686535,5,4,0,0,0,0,0,0,0
3025,5053,access_vlan:SW1:eth1:20+access_vlan:SW2:eth2:10+trunk_remove:SW1:eth3:20+trunk_remove:SW2:eth3:10,28473,28480,0.05,7.6499999999999995,7,True,False,True,False,True,recovery_success,0.006524358044511506,7,5,0,0,1,1,1,1,0
3026,5054,access_vlan:SW1:eth1:20+access_vlan:SW2:eth1:20+trunk_remove:SW1:eth3:10+trunk_remove:SW1:eth3:20+trunk_remove:SW2:eth3:10+trunk_remove:SW2:eth3:20,28480,28487,0.05,8.149999999999999,7,True,False,True,False,True,recovery_success,0.0029641841870865653,7,6,0,0,0,0,0,0,0
3027,5055,access_vlan:SW2:eth1:20+access_vlan:SW2:eth2:10+trunk_remove:SW2:eth3:10,28487,28491,0.05,8.549999999999999,4,True,False,True,False,True,recovery_success,0.0032195772510021925,4,3,0,0,1,1,1,0,0
3028,5056,access_vlan:SW2:eth2:10+trunk_remove:SW1:eth3:20,28491,28494,0.05,9.35,3,True,False,True,False,True,recovery_success,0.0808495966096719,3,2,0,0,0,0,0,0,0
3029,5057,access_vlan:SW2:eth2:10+trunk_remove:SW1:eth3:10+trunk_remove:SW1:eth3:20,28494,28498,0.05,9.049999999999999,4,True,False,True,False,True,recovery_success,0.005849291977938265,4,3,0,0,0,0,0,0,0
3030,5058,access_vlan:SW2:eth1:20+trunk_remove:SW1:eth3:20,28498,28501,0.05,9.35,3,True,False,True,False,True,recovery_success,0.006978124147281051,3,2,0,0,0,0,0,0,0
3031,5059,access_vlan:SW1:eth2:10+access_vlan:SW2:eth2:10+trunk_remove:SW1:eth3:20,28501,28505,0.05,8.549999999999999,4,True,False,True,False,True,recovery_success,0.013871644157916307,4,3,0,0,1,1,1,0,0
3032,5060,access_vlan:SW2:eth2:10+trunk_remove:SW1:eth3:10+trunk_remove:SW2:eth3:20,28505,28509,0.05,9.049999999999999,4,True,False,True,False,True,recovery_success,0.010495594353415072,4,3,0,0,0,0,0,0,0
3033,5061,access_vlan:SW1:eth1:20+access_vlan:SW2:eth1:20+trunk_remove:SW1:eth3:10+trunk_remove:SW1:eth3:20,28509,28514,0.05,8.75,5,True,False,True,False,True,recovery_success,0.06122579462826252,5,4,0,0,0,0,0,0,0
3034,5062,access_vlan:SW2:eth1:20+trunk_remove:SW1:eth3:20,28514,28517,0.05,9.35,3,True,False,True,False,True,recovery_success,0.008894179326792559,3,2,0,0,0,0,0,0,0
3035,5063,access_vlan:SW1:eth1:20+access_vlan:SW2:eth1:20+trunk_remove:SW1:eth3:20+trunk_remove:SW2:eth3:10+trunk_remove:SW2:eth3:20,28517,28523,0.05,8.45,6,True,False,True,False,True,recovery_success,0.011090229420612255,6,5,0,0,0,0,0,0,0
3036,5064,access_vlan:SW1:eth1:20+access_vlan:SW1:eth2:10+access_vlan:SW2:eth1:20+access_vlan:SW2:eth2:10+trunk_remove:SW2:eth3:10,28523,28526,0.05,9.5,3,True,False,True,False,True,recovery_success,0.010610790612796942,3,1,1,0,0,0,0,0,0
3037,5065,access_vlan:SW1:eth2:10+access_vlan:SW2:eth2:10+trunk_remove:SW1:eth3:10+trunk_remove:SW1:eth3:20+trunk_remove:SW2:eth3:20,28526,28532,0.05,8.45,6,True,False,True,False,True,recovery_success,0.014508776366710663,6,5,0,0,0,0,0,0,0
3038,5066,access_vlan:SW2:eth1:20+access_vlan:SW2:eth2:10+trunk_remove:SW1:eth3:20,28532,28536,0.05,8.549999999999999,4,True,False,True,False,True,recovery_success,0.010193692287430167,4,3,0,0,1,1,1,0,0
3039,5067,access_vlan:SW1:eth2:10+access_vlan:SW2:eth2:10+trunk_remove:SW1:eth3:10+trunk_remove:SW1:eth3:20+trunk_remove:SW2:eth3:20,28536,28544,0.05,8.149999999999999,8,True,False,True,False,True,recovery_success,0.008766541141085327,8,5,2,0,0,0,0,0,0
3040,5068,access_vlan:SW1:eth1:20+access_vlan:SW1:eth2:10+trunk_remove:SW1:eth3:20+trunk_remove:SW2:eth3:20,28544,28549,0.05,8.25,5,True,False,True,False,True,recovery_success,0.006288474332541228,5,4,0,0,1,1,1,0,0
3041,5069,access_vlan:SW1:eth1:20+access_vlan:SW1:eth2:10+trunk_remove:SW1:eth3:20,28549,28553,0.05,8.549999999999999,4,True,False,True,False,True,recovery_success,0.009426611359231174,4,3,0,0,1,1,1,0,0
3042,5070,access_vlan:SW1:eth1:20+access_vlan:SW2:eth1:20+trunk_remove:SW1:eth3:20+trunk_remove:SW2:eth3:10+trunk_remove:SW2:eth3:20,28553,28559,0.05,8.45,6,True,False,True,False,True,recovery_success,0.006996216136030853,6,5,0,0,0,0,0,0,0
3043,5071,access_vlan:SW1:eth1:20+access_vlan:SW1:eth2:10+access_vlan:SW2:eth1:20+access_vlan:SW2:eth2:10+trunk_remove:SW1:eth3:10,28559,28562,0.05,9.5,3,True,False,True,False,True,recovery_success,0.0095292036421597,3,1,1,0,0,0,0,0,0
3044,5072,access_vlan:SW1:eth1:20+access_vlan:SW1:eth2:10+trunk_remove:SW1:eth3:10+trunk_remove:SW1:eth3:20+trunk_remove:SW2:eth3:10+trunk_remove:SW2:eth3:20,28562,28570,0.05,7.5,8,True,False,True,False,True,recovery_success,0.007378232199698687,8,6,1,0,1,1,1,0,0
3045,5073,access_vlan:SW1:eth2:10+access_vlan:SW2:eth1:20+trunk_remove:SW1:eth3:10+trunk_remove:SW2:eth3:20,28570,28575,0.05,8.75,5,True,False,True,False,True,recovery_success,0.0075899316929280754,5,4,0,0,0,0,0,0,0
3046,5074,access_vlan:SW2:eth1:20+access_vlan:SW2:eth2:10+trunk_remove:SW1:eth3:10+trunk_remove:SW2:eth3:10+trunk_remove:SW2:eth3:20,28575,28581,0.05,7.449999999999999,6,True,False,True,False,True,recovery_success,0.0054032590705901384,6,5,0,0,2,2,2,0,0
3047,5075,access_vlan:SW1:eth2:10+trunk_remove:SW2:eth3:20,28581,28584,0.05,9.35,3,True,False,True,False,True,recovery_success,0.005876304814592004,3,2,0,0,0,0,0,0,0
3048,5076,access_vlan:SW1:eth1:20+access_vlan:SW1:eth2:10+trunk_remove:SW1:eth3:20,28584,28588,0.05,8.549999999999999,4,True,False,True,False,True,recovery_success,0.010372679214924574,4,3,0,0,1,1,1,0,0
3049,5077,access_vlan:SW1:eth1:20+access_vlan:SW1:eth2:10+access_vlan:SW2:eth1:20+access_vlan:SW2:eth2:10+trunk_remove:SW1:eth3:10+trunk_remove:SW2:eth3:10+trunk_remove:SW2:eth3:20,28588,28593,0.05,8.899999999999999,5,True,False,True,False,True,recovery_success,0.01099123889580369,5,3,1,0,0,0,0,0,0
3050,5078,access_vlan:SW1:eth2:10+access_vlan:SW2:eth2:10+trunk_remove:SW1:eth3:10+trunk_remove:SW2:eth3:10+trunk_remove:SW2:eth3:20,28593,28601,0.05,8.149999999999999,8,True,False,True,False,True,recovery_success,0.04558355163317174,8,5,2,0,0,0,0,0,0
3051,5079,access_vlan:SW2:eth2:10+trunk_remove:SW2:eth3:10+trunk_remove:SW2:eth3:20,28601,28605,0.05,9.049999999999999,4,True,False,True,False,True,recovery_success,0.008859530556946993,4,3,0,0,0,0,0,0,0
3052,5080,access_vlan:SW1:eth1:20+access_vlan:SW2:eth1:20,28605,28608,0.05,8.85,3,True,False,True,False,True,recovery_success,0.029563980797926586,3,2,0,0,1,1,1,0,0
3053,5081,access_vlan:SW1:eth1:20+access_vlan:SW2:eth1:20+access_vlan:SW2:eth2:10+trunk_remove:SW1:eth3:20,28608,28612,0.05,9.2,4,True,False,True,False,True,recovery_success,0.022136019077152014,4,2,1,0,0,0,0,0,0
3054,5082,access_vlan:SW1:eth2:10+access_vlan:SW2:eth1:20+trunk_remove:SW1:eth3:10+trunk_remove:SW2:eth3:20,28612,28618,0.05,8.6,6,True,False,True,False,True,recovery_success,0.034057065999756254,6,4,1,0,0,0,0,0,0
3055,5083,access_vlan:SW1:eth2:10+access_vlan:SW2:eth1:20+trunk_remove:SW1:eth3:10+trunk_remove:SW1:eth3:20,28618,28624,0.05,8.6,6,True,False,True,False,True,recovery_success,0.028228198798994224,6,4,1,0,0,0,0,0,0
3056,5084,access_vlan:SW1:eth2:10+access_vlan:SW2:eth1:20+access_vlan:SW2:eth2:10+trunk_remove:SW1:eth3:20+trunk_remove:SW2:eth3:20,28624,28632,0.05,8.45,8,True,False,True,False,True,recovery_success,0.048338347172830254,8,3,4,0,0,0,0,0,0
3057,5085,access_vlan:SW1:eth2:10+access_vlan:SW2:eth2:10+trunk_remove:SW1:eth3:10+trunk_remove:SW1:eth3:20+trunk_remove:SW2:eth3:10,28632,28639,0.05,8.299999999999999,7,True,False,True,False,True,recovery_success,0.019461492874792645,7,5,1,0,0,0,0,0,0
3058,5086,access_vlan:SW1:eth1:20+access_vlan:SW2:eth2:10+trunk_remove:SW1:eth3:10+trunk_remove:SW2:eth3:10+trunk_remove:SW2:eth3:20,28639,28645,0.05,8.45,6,True,False,True,False,True,recovery_success,0.014315350912511349,6,5,0,0,0,0,0,0,0
3059,5087,access_vlan:SW1:eth2:10+access_vlan:SW2:eth1:20+trunk_remove:SW1:eth3:10+trunk_remove:SW2:eth3:10+trunk_remove:SW2:eth3:20,28645,28651,0.05,8.45,6,True,False,True,False,True,recovery_success,0.012852567248046398,6,5,0,0,0,0,0,0,0
3060,5088,access_vlan:SW1:eth2:10+access_vlan:SW2:eth1:20+access_vlan:SW2:eth2:10+trunk_remove:SW2:eth3:10+trunk_remove:SW2:eth3:20,28651,28656,0.05,8.899999999999999,5,True,False,True,False,True,recovery_success,0.016469048149883748,5,3,1,0,0,0,0,0,0
3061,5089,access_vlan:SW1:eth1:20+access_vlan:SW1:eth2:10+access_vlan:SW2:eth2:10+trunk_remove:SW1:eth3:10+trunk_remove:SW1:eth3:20+trunk_remove:SW2:eth3:10,28656,28664,0.05,7.5,8,True,False,True,False,True,recovery_success,0.008795030764304101,8,6,1,0,1,1,1,1,0
3062,5090,access_vlan:SW1:eth1:20+trunk_remove:SW2:eth3:20,28664,28669,0.05,8.25,5,True,False,True,False,True,recovery_success,0.006988225691020489,5,3,0,0,1,1,1,1,0
3063,5091,access_vlan:SW1:eth2:10+access_vlan:SW2:eth1:20+access_vlan:SW2:eth2:10+trunk_remove:SW1:eth3:10+trunk_remove:SW2:eth3:10,28669,28674,0.05,8.899999999999999,5,True,False,True,False,True,recovery_success,0.00664226682856679,5,3,1,0,0,0,0,0,0
3064,5092,access_vlan:SW1:eth2:10+access_vlan:SW2:eth1:20+trunk_remove:SW1:eth3:10+trunk_remove:SW2:eth3:10,28674,28679,0.05,8.75,5,True,False,True,False,True,recovery_success,0.004463005438446998,5,4,0,0,0,0,0,0,0
3065,5093,access_vlan:SW1:eth1:20+access_vlan:SW2:eth1:20+trunk_remove:SW1:eth3:20,28679,28684,0.05,-11.25,5,True,False,True,False,False,incorrect_declare_done,0.0058808975853025915,5,4,0,0,0,0,0,0,1
3066,5094,access_vlan:SW1:eth1:20+access_vlan:SW2:eth2:10+trunk_remove:SW1:eth3:20,28684,28689,0.05,8.899999999999999,5,True,False,True,False,True,recovery_success,0.0067058497108519076,5,3,1,0,0,0,0,0,0
3067,5095,access_vlan:SW1:eth2:10+trunk_remove:SW1:eth3:10+trunk_remove:SW2:eth3:10+trunk_remove:SW2:eth3:20,28689,28694,0.05,8.75,5,True,False,True,False,True,recovery_success,0.0064539056271314624,5,4,0,0,0,0,0,0,0
3068,5096,trunk_remove:SW1:eth3:10+trunk_remove:SW2:eth3:10,28694,28699,0.05,7.25,5,True,False,True,False,True,recovery_success,0.005736610759049654,5,4,0,0,3,3,1,1,0
3069,5097,access_vlan:SW1:eth1:20+access_vlan:SW2:eth1:20+access_vlan:SW2:eth2:10+trunk_remove:SW1:eth3:10+trunk_remove:SW1:eth3:20+trunk_remove:SW2:eth3:20,28699,28706,0.05,8.45,7,True,False,True,False,True,recovery_success,0.006575537912015404,7,4,2,0,0,0,0,0,0
3070,5098,access_vlan:SW1:eth1:20+trunk_remove:SW1:eth3:20,28706,28709,0.05,9.35,3,True,False,True,False,True,recovery_success,0.0056649199686944485,3,2,0,0,0,0,0,0,0
3071,5099,trunk_remove:SW2:eth3:10,28709,28711,0.05,9.649999999999999,2,True,False,True,False,True,recovery_success,0.005330901825800538,2,1,0,0,0,0,0,0,0
3072,5100,access_vlan:SW1:eth1:20+access_vlan:SW2:eth1:20+trunk_remove:SW2:eth3:10+trunk_remove:SW2:eth3:20,28711,28716,0.05,8.75,5,True,False,True,False,True,recovery_success,0.005490366835147142,5,4,0,0,0,0,0,0,0
3073,5101,access_vlan:SW1:eth2:10+access_vlan:SW2:eth2:10+trunk_remove:SW1:eth3:20+trunk_remove:SW2:eth3:10+trunk_remove:SW2:eth3:20,28716,28723,0.05,8.299999999999999,7,True,False,True,False,True,recovery_success,0.00469262944534421,7,5,1,0,0,0,0,0,0
3074,5102,access_vlan:SW1:eth2:10+access_vlan:SW2:eth1:20+access_vlan:SW2:eth2:10+trunk_remove:SW2:eth3:10+trunk_remove:SW2:eth3:20,28723,28729,0.05,7.949999999999999,6,True,False,True,False,True,recovery_success,0.004905315620514254,6,5,0,0,1,1,1,0,0
3075,5103,access_vlan:SW1:eth1:20+access_vlan:SW2:eth1:20+access_vlan:SW2:eth2:10+trunk_remove:SW1:eth3:10+trunk_remove:SW1:eth3:20+trunk_remove:SW2:eth3:10+trunk_remove:SW2:eth3:20,28729,28736,0.05,8.299999999999999,7,True,False,True,False,True,recovery_success,0.004540046377639685,7,5,1,0,0,0,0,0,0
3076,5104,access_vlan:SW2:eth2:10+trunk_remove:SW1:eth3:10+trunk_remove:SW2:eth3:20,28736,28740,0.05,9.049999999999999,4,True,False,True,False,True,recovery_success,0.003705970593728125,4,3,0,0,0,0,0,0,0
3077,5105,access_vlan:SW1:eth1:20+trunk_remove:SW1:eth3:10,28740,28745,0.05,7.25,5,True,False,True,False,True,recovery_success,0.0037440662272274494,5,4,0,0,3,3,1,1,0
3078,5106,access_vlan:SW1:eth1:20+trunk_remove:SW2:eth3:10,28745,28748,0.05,9.35,3,True,False,True,False,True,recovery_success,0.0041835391117880745,3,2,0,0,0,0,0,0,0
3079,5107,access_vlan:SW1:eth1:20+access_vlan:SW1:eth2:10+trunk_remove:SW1:eth3:10+trunk_remove:SW1:eth3:20+trunk_remove:SW2:eth3:10+trunk_remove:SW2:eth3:20,28748,28756,0.05,7.5,8,True,False,True,False,True,recovery_success,0.004134233080549166,8,6,1,0,1,1,1,0,0
3080,5108,access_vlan:SW2:eth2:10+trunk_remove:SW1:eth3:10+trunk_remove:SW1:eth3:20+trunk_remove:SW2:eth3:10+trunk_remove:SW2:eth3:20,28756,28762,0.05,8.45,6,True,False,True,False,True,recovery_success,0.004022728186100721,6,5,0,0,0,0,0,0,0
3081,5109,access_vlan:SW1:eth1:20+trunk_remove:SW1:eth3:20+trunk_remove:SW2:eth3:10+trunk_remove:SW2:eth3:20,28762,28767,0.05,8.75,5,True,False,True,False,True,recovery_success,0.0040047700516879555,5,4,0,0,0,0,0,0,0
3082,5110,access_vlan:SW1:eth1:20+access_vlan:SW1:eth2:10+access_vlan:SW2:eth1:20+trunk_remove:SW2:eth3:10+trunk_remove:SW2:eth3:20,28767,28772,0.05,8.899999999999999,5,True,False,True,False,True,recovery_success,0.0036842482164502143,5,3,1,0,0,0,0,0,0
3083,5111,access_vlan:SW1:eth1:20+access_vlan:SW1:eth2:10+trunk_remove:SW1:eth3:10+trunk_remove:SW1:eth3:20+trunk_remove:SW2:eth3:10+trunk_remove:SW2:eth3:20,28772,28780,0.05,7.5,8,True,False,True,False,True,recovery_success,0.0034086279047187418,8,6,1,0,1,1,1,0,0
3084,5112,access_vlan:SW1:eth1:20+trunk_remove:SW1:eth3:20,28780,28783,0.05,9.35,3,True,False,True,False,True,recovery_success,0.0029973271302878857,3,2,0,0,0,0,0,0,0
3085,5113,access_vlan:SW2:eth2:10+trunk_remove:SW1:eth3:20+trunk_remove:SW2:eth3:20,28783,28788,0.05,8.899999999999999,5,True,False,True,False,True,recovery_success,0.0032203973969444633,5,3,1,0,0,0,0,0,0
3086,5114,access_vlan:SW1:eth1:20+trunk_remove:SW1:eth3:10+trunk_remove:SW1:eth3:20,28788,28792,0.05,9.049999999999999,4,True,False,True,False,True,recovery_success,0.0033178803860209882,4,3,0,0,0,0,0,0,0
3087,5115,access_vlan:SW1:eth1:20+access_vlan:SW1:eth2:10+access_vlan:SW2:eth1:20+trunk_remove:SW1:eth3:20+trunk_remove:SW2:eth3:10+trunk_remove:SW2:eth3:20,28792,28798,0.05,8.6,6,True,False,True,False,True,recovery_success,0.04494695761241019,6,4,1,0,0,0,0,0,0
3088,5116,access_vlan:SW1:eth2:10+access_vlan:SW2:eth1:20+access_vlan:SW2:eth2:10+trunk_remove:SW2:eth3:10+trunk_remove:SW2:eth3:20,28798,28803,0.05,8.399999999999999,5,True,False,True,False,True,recovery_success,0.003188044857233763,5,3,1,0,1,1,1,0,0
3089,5117,access_vlan:SW1:eth1:20+access_vlan:SW1:eth2:10+access_vlan:SW2:eth1:20+access_vlan:SW2:eth2:10+trunk_remove:SW2:eth3:10,28803,28806,0.05,9.5,3,True,False,True,False,True,recovery_success,0.0025149447610601783,3,1,1,0,0,0,0,0,0
3090,5118,access_vlan:SW1:eth1:20+access_vlan:SW1:eth2:10+access_vlan:SW2:eth1:20+access_vlan:SW2:eth2:10+trunk_remove:SW1:eth3:10+trunk_remove:SW1:eth3:20+trunk_remove:SW2:eth3:10+trunk_remove:SW2:eth3:20,28806,28812,0.05,8.6,6,True,False,True,False,True,recovery_success,0.0026915707470228276,6,4,1,0,0,0,0,0,0
3091,5119,access_vlan:SW1:eth1:20+access_vlan:SW2:eth1:20+trunk_remove:SW2:eth3:10+trunk_remove:SW2:eth3:20,28812,28817,0.05,8.75,5,True,False,True,False,True,recovery_success,0.002389600034803152,5,4,0,0,0,0,0,0,0
3092,5120,access_vlan:SW1:eth1:20+access_vlan:SW1:eth2:10+trunk_remove:SW1:eth3:10+trunk_remove:SW2:eth3:20,28817,28823,0.05,8.1,6,True,False,True,False,True,recovery_success,0.0032062323686356344,6,4,1,0,1,1,1,0,0
3093,5121,access_vlan:SW1:eth1:20+trunk_remove:SW1:eth3:10+trunk_remove:SW2:eth3:10,28823,28829,0.05,7.949999999999999,6,True,False,True,False,True,recovery_success,0.0029971617429206767,6,5,0,0,1,1,1,0,0
3094,5122,access_vlan:SW1:eth1:20+access_vlan:SW2:eth2:10+trunk_remove:SW1:eth3:20+trunk_remove:SW2:eth3:20,28829,28834,0.05,8.75,5,True,False,True,False,True,recovery_success,0.0026136879343539475,5,4,0,0,0,0,0,0,0
3095,5123,access_vlan:SW1:eth2:10+access_vlan:SW2:eth1:20+access_vlan:SW2:eth2:10+trunk_remove:SW1:eth3:10+trunk_remove:SW1:eth3:20+trunk_remove:SW2:eth3:10,28834,28839,0.05,-11.100000000000001,5,True,False,True,False,False,incorrect_declare_done,0.003197977272793651,5,3,1,0,0,0,0,0,1
3096,5124,access_vlan:SW1:eth1:20+access_vlan:SW1:eth2:10+access_vlan:SW2:eth2:10+trunk_remove:SW1:eth3:10+trunk_remove:SW2:eth3:10+trunk_remove:SW2:eth3:20,28839,28845,0.05,8.6,6,True,False,True,False,True,recovery_success,0.0026979687778900066,6,4,1,0,0,0,0,0,0
3097,5125,access_vlan:SW1:eth1:20+access_vlan:SW1:eth2:10+access_vlan:SW2:eth1:20+trunk_remove:SW1:eth3:10+trunk_remove:SW1:eth3:20+trunk_remove:SW2:eth3:20,28845,28853,0.05,8.299999999999999,8,True,False,True,False,True,recovery_success,0.0024282591184601188,8,4,3,0,0,0,0,0,0
3098,5126,access_vlan:SW2:eth1:20+trunk_remove:SW1:eth3:20+trunk_remove:SW2:eth3:10,28853,28857,0.05,9.049999999999999,4,True,False,True,False,True,recovery_success,0.0023439663636963814,4,3,0,0,0,0,0,0,0
3099,5127,access_vlan:SW1:eth1:20+access_vlan:SW2:eth1:20+access_vlan:SW2:eth2:10+trunk_remove:SW1:eth3:20+trunk_remove:SW2:eth3:20,28857,28862,0.05,8.899999999999999,5,True,False,True,False,True,recovery_success,0.0028562906198203565,5,3,1,0,0,0,0,0,0
3100,5128,access_vlan:SW1:eth1:20+access_vlan:SW1:eth2:10+access_vlan:SW2:eth1:20+access_vlan:SW2:eth2:10,28862,28864,0.05,9.799999999999999,2,True,False,True,False,True,recovery_success,0.0034906583605334163,2,0,1,0,0,0,0,0,0
3101,5129,access_vlan:SW1:eth1:20+access_vlan:SW2:eth1:20+access_vlan:SW2:eth2:10+trunk_remove:SW1:eth3:10+trunk_remove:SW2:eth3:10,28864,28869,0.05,8.899999999999999,5,True,False,True,False,True,recovery_success,0.003373294696211815,5,3,1,0,0,0,0,0,0
3102,5130,access_vlan:SW1:eth1:20+access_vlan:SW1:eth2:10+access_vlan:SW2:eth2:10+trunk_remove:SW1:eth3:20+trunk_remove:SW2:eth3:10,28869,28874,0.05,8.899999999999999,5,True,False,True,False,True,recovery_success,0.005067405477166176,5,3,1,0,0,0,0,0,0
3103,5131,trunk_remove:SW1:eth3:20+trunk_remove:SW2:eth3:10,28874,28877,0.05,9.35,3,True,False,True,False,True,recovery_success,0.003555837863435348,3,2,0,0,0,0,0,0,0
3104,5132,access_vlan:SW1:eth1:20+access_vlan:SW1:eth2:10+access_vlan:SW2:eth1:20+trunk_remove:SW1:eth3:10,28877,28881,0.05,9.2,4,True,False,True,False,True,recovery_success,0.003329998056869954,4,2,1,0,0,0,0,0,0
3105,5133,access_vlan:SW1:eth1:20+access_vlan:SW1:eth2:10+access_vlan:SW2:eth1:20+access_vlan:SW2:eth2:10+trunk_remove:SW1:eth3:20+trunk_remove:SW2:eth3:20,28881,28885,0.05,9.2,4,True,False,True,False,True,recovery_success,0.0029319942696020007,4,2,1,0,0,0,0,0,0
3106,5134,access_vlan:SW1:eth1:20+access_vlan:SW1:eth2:10+access_vlan:SW2:eth1:20+access_vlan:SW2:eth2:10+trunk_remove:SW2:eth3:10,28885,28888,0.05,9.5,3,True,False,True,False,True,recovery_success,0.0034506372176110744,3,1,1,0,0,0,0,0,0
3107,5135,access_vlan:SW1:eth1:20+access_vlan:SW1:eth2:10+access_vlan:SW2:eth2:10+trunk_remove:SW2:eth3:20,28888,28892,0.05,9.2,4,True,False,True,False,True,recovery_success,0.07268229918554425,4,2,1,0,0,0,0,0,0
3108,5136,access_vlan:SW1:eth1:20+access_vlan:SW1:eth2:10+access_vlan:SW2:eth1:20+trunk_remove:SW2:eth3:10,28892,28896,0.05,9.2,4,True,False,True,False,True,recovery_success,0.0025866355281323195,4,2,1,0,0,0,0,0,0
3109,5137,access_vlan:SW1:eth2:10+access_vlan:SW2:eth2:10+trunk_remove:SW1:eth3:10+trunk_remove:SW1:eth3:20+trunk_remove:SW2:eth3:20,28896,28903,0.05,8.299999999999999,7,True,False,True,False,True,recovery_success,0.0034783207811415195,7,5,1,0,0,0,0,0,0
3110,5138,trunk_remove:SW1:eth3:10+trunk_remove:SW2:eth3:10,28903,28906,0.05,9.35,3,True,False,True,False,True,recovery_success,0.0025368029406915107,3,2,0,0,0,0,0,0,0
3111,5139,access_vlan:SW1:eth1:20+access_vlan:SW2:eth1:20+access_vlan:SW2:eth2:10+trunk_remove:SW1:eth3:10+trunk_remove:SW1:eth3:20+trunk_remove:SW2:eth3:20,28906,28912,0.05,8.6,6,True,False,True,False,True,recovery_success,0.0024466208609131477,6,4,1,0,0,0,0,0,0
3112,5140,access_vlan:SW1:eth2:10+access_vlan:SW2:eth1:20+access_vlan:SW2:eth2:10+trunk_remove:SW2:eth3:10,28912,28916,0.05,9.2,4,True,False,True,False,True,recovery_success,0.003376696666236967,4,2,1,0,0,0,0,0,0
3113,5141,access_vlan:SW2:eth2:10+trunk_remove:SW2:eth3:10+trunk_remove:SW2:eth3:20,28916,28920,0.05,9.049999999999999,4,True,False,True,False,True,recovery_success,0.003936186258215457,4,3,0,0,0,0,0,0,0
3114,5142,access_vlan:SW1:eth2:10+trunk_remove:SW1:eth3:10,28920,28923,0.05,9.35,3,True,False,True,False,True,recovery_success,0.0028585398104041815,3,2,0,0,0,0,0,0,0
3115,5143,access_vlan:SW1:eth2:10+trunk_remove:SW2:eth3:10,28923,28926,0.05,9.35,3,True,False,True,False,True,recovery_success,0.0028037365215520063,3,2,0,0,0,0,0,0,0
3116,5144,access_vlan:SW1:eth1:20+access_vlan:SW1:eth2:10+access_vlan:SW2:eth1:20+access_vlan:SW2:eth2:10+trunk_remove:SW1:eth3:10+trunk_remove:SW1:eth3:20+trunk_remove:SW2:eth3:10,28926,28933,0.05,6.799999999999999,7,True,False,True,False,True,recovery_success,0.0026575494058696286,7,5,1,0,3,3,1,1,0
3117,5145,access_vlan:SW1:eth1:20+access_vlan:SW2:eth1:20+trunk_remove:SW1:eth3:10+trunk_remove:SW1:eth3:20+trunk_remove:SW2:eth3:10,28933,28939,0.05,8.45,6,True,False,True,False,True,recovery_success,0.006186337598289053,6,5,0,0,0,0,0,0,0
3118,5146,access_vlan:SW1:eth2:10+access_vlan:SW2:eth2:10+trunk_remove:SW1:eth3:10+trunk_remove:SW1:eth3:20,28939,28944,0.05,8.75,5,True,False,True,False,True,recovery_success,0.00306690763682127,5,4,0,0,0,0,0,0,0
3119,5147,access_vlan:SW1:eth2:10+access_vlan:SW2:eth1:20+access_vlan:SW2:eth2:10+trunk_remove:SW1:eth3:10+trunk_remove:SW1:eth3:20+trunk_remove:SW2:eth3:10,28944,28950,0.05,8.6,6,True,False,True,False,True,recovery_success,0.0029292621184140444,6,4,1,0,0,0,0,0,0
3120,5148,access_vlan:SW1:eth2:10+access_vlan:SW2:eth1:20+trunk_remove:SW1:eth3:10,28950,28954,0.05,9.049999999999999,4,True,False,True,False,True,recovery_success,0.003252518072258681,4,3,0,0,0,0,0,0,0
3121,5149,trunk_remove:SW1:eth3:20+trunk_remove:SW2:eth3:20,28954,28957,0.05,9.35,3,True,False,True,False,True,recovery_success,0.0029147786553949118,3,2,0,0,0,0,0,0,0
3122,5150,access_vlan:SW1:eth2:10+access_vlan:SW2:eth1:20+access_vlan:SW2:eth2:10+trunk_remove:SW2:eth3:20,28957,28964,0.05,7.949999999999999,7,True,False,True,False,True,recovery_success,0.0032651365202452454,7,4,2,0,1,1,1,1,0
3123,5151,access_vlan:SW1:eth1:20+access_vlan:SW1:eth2:10+access_vlan:SW2:eth1:20+access_vlan:SW2:eth2:10+trunk_remove:SW1:eth3:10+trunk_remove:SW1:eth3:20+trunk_remove:SW2:eth3:10+trunk_remove:SW2:eth3:20,28964,28971,0.05,8.45,7,True,False,True,False,True,recovery_success,0.003271897223645023,7,4,2,0,0,0,0,0,0
3124,5152,access_vlan:SW2:eth1:20+trunk_remove:SW2:eth3:20,28971,28974,0.05,9.35,3,True,False,True,False,True,recovery_success,0.0036904754427572093,3,2,0,0,0,0,0,0,0
3125,5153,access_vlan:SW1:eth2:10+trunk_remove:SW1:eth3:20+trunk_remove:SW2:eth3:10,28974,28978,0.05,9.049999999999999,4,True,False,True,False,True,recovery_success,0.0037704557180404663,4,3,0,0,0,0,0,0,0
3126,5154,access_vlan:SW2:eth1:20+access_vlan:SW2:eth2:10+trunk_remove:SW2:eth3:20,28978,28982,0.05,8.549999999999999,4,True,False,True,False,True,recovery_success,0.002840866392944008,4,3,0,0,1,1,1,0,0
3127,5155,access_vlan:SW1:eth1:20+access_vlan:SW1:eth2:10+access_vlan:SW2:eth1:20+trunk_remove:SW1:eth3:10+trunk_remove:SW2:eth3:20,28982,28987,0.05,8.899999999999999,5,True,False,True,False,True,recovery_success,0.002235688525252044,5,3,1,0,0,0,0,0,0
3128,5156,access_vlan:SW1:eth1:20+access_vlan:SW1:eth2:10+access_vlan:SW2:eth2:10+trunk_remove:SW2:eth3:10,28987,28991,0.05,9.2,4,True,False,True,False,True,recovery_success,0.00232585082994774,4,2,1,0,0,0,0,0,0
3129,5157,access_vlan:SW2:eth1:20+access_vlan:SW2:eth2:10+trunk_remove:SW2:eth3:10,28991,28995,0.05,8.549999999999999,4,True,False,True,False,True,recovery_success,0.0027949101058766246,4,3,0,0,1,1,1,0,0
3130,5158,trunk_remove:SW1:eth3:10+trunk_remove:SW2:eth3:10,28995,28998,0.05,9.35,3,True,False,True,False,True,recovery_success,0.0021400073310360312,3,2,0,0,0,0,0,0,0
3131,5159,access_vlan:SW1:eth1:20+access_vlan:SW2:eth1:20+access_vlan:SW2:eth2:10+trunk_remove:SW1:eth3:10+trunk_remove:SW1:eth3:20+trunk_remove:SW2:eth3:10,28998,29004,0.05,8.6,6,True,False,True,False,True,recovery_success,0.007201693098371227,6,4,1,0,0,0,0,0,0
3132,5160,access_vlan:SW1:eth1:20+access_vlan:SW2:eth1:20+access_vlan:SW2:eth2:10+trunk_remove:SW1:eth3:10+trunk_remove:SW2:eth3:10+trunk_remove:SW2:eth3:20,29004,29010,0.05,8.6,6,True,False,True,False,True,recovery_success,0.0061095876929660635,6,4,1,0,0,0,0,0,0
3133,5161,access_vlan:SW1:eth1:20+access_vlan:SW1:eth2:10+access_vlan:SW2:eth2:10+trunk_remove:SW1:eth3:10+trunk_remove:SW1:eth3:20,29010,29017,0.05,8.299999999999999,7,True,False,True,False,True,recovery_success,0.005752185791996973,7,5,1,0,0,0,0,0,0
3134,5162,access_vlan:SW1:eth2:10+access_vlan:SW2:eth2:10+trunk_remove:SW1:eth3:10,29017,29021,0.05,9.049999999999999,4,True,False,True,False,True,recovery_success,0.0056462850770913064,4,3,0,0,0,0,0,0,0
3135,5163,access_vlan:SW1:eth2:10+access_vlan:SW2:eth1:20+trunk_remove:SW1:eth3:10+trunk_remove:SW2:eth3:10+trunk_remove:SW2:eth3:20,29021,29028,0.05,8.299999999999999,7,True,False,True,False,True,recovery_success,0.04020956830520715,7,5,1,0,0,0,0,0,0
3136,5164,access_vlan:SW1:eth2:10+trunk_remove:SW1:eth3:20+trunk_remove:SW2:eth3:20,29028,29032,0.05,9.049999999999999,4,True,False,True,False,True,recovery_success,0.06241284857969731,4,3,0,0,0,0,0,0,0
3137,5165,access_vlan:SW2:eth1:20+access_vlan:SW2:eth2:10,29032,29035,0.05,8.85,3,True,False,True,False,True,recovery_success,0.006532629175732533,3,2,0,0,1,1,1,0,0
3138,5166,access_vlan:SW1:eth2:10+access_vlan:SW2:eth1:20+access_vlan:SW2:eth2:10+trunk_remove:SW1:eth3:10+trunk_remove:SW2:eth3:10+trunk_remove:SW2:eth3:20,29035,29043,0.05,7.5,8,True,False,True,False,True,recovery_success,0.008327061892487109,8,6,1,0,1,1,1,1,0
3139,5167,access_vlan:SW2:eth1:20+trunk_remove:SW1:eth3:10+trunk_remove:SW2:eth3:10+trunk_remove:SW2:eth3:20,29043,29048,0.05,8.25,5,True,False,True,False,True,recovery_success,0.004894639458507299,5,4,0,0,1,1,1,0,0
3140,5168,access_vlan:SW1:eth1:20+trunk_remove:SW1:eth3:10+trunk_remove:SW2:eth3:10+trunk_remove:SW2:eth3:20,29048,29056,0.05,7.5,8,True,False,True,False,True,recovery_success,0.004034258134197444,8,6,1,0,1,1,1,0,0
3141,5169,access_vlan:SW1:eth1:20+access_vlan:SW2:eth1:20+access_vlan:SW2:eth2:10+trunk_remove:SW1:eth3:20+trunk_remove:SW2:eth3:20,29056,29063,0.05,7.799999999999999,7,True,False,True,False,True,recovery_success,0.003922021415616784,7,5,1,0,1,1,1,0,0
3142,5170,access_vlan:SW1:eth1:20+access_vlan:SW1:eth2:10+trunk_remove:SW1:eth3:20+trunk_remove:SW2:eth3:10+trunk_remove:SW2:eth3:20,29063,29070,0.05,7.799999999999999,7,True,False,True,False,True,recovery_success,0.004177809460088611,7,5,1,0,1,1,1,0,0
3143,5171,access_vlan:SW1:eth1:20+access_vlan:SW1:eth2:10+access_vlan:SW2:eth2:10+trunk_remove:SW1:eth3:10+trunk_remove:SW2:eth3:10+trunk_remove:SW2:eth3:20,29070,29076,0.05,8.6,6,True,False,True,False,True,recovery_success,0.0035509348769361773,6,4,1,0,0,0,0,0,0
3144,5172,access_vlan:SW1:eth1:20+access_vlan:SW2:eth1:20+trunk_remove:SW1:eth3:20,29076,29082,0.05,7.949999999999999,6,True,False,True,False,True,recovery_success,0.0027543389005586505,6,5,0,0,1,1,1,0,0
3145,5173,access_vlan:SW1:eth1:20+access_vlan:SW2:eth1:20+trunk_remove:SW1:eth3:10+trunk_remove:SW1:eth3:20+trunk_remove:SW2:eth3:10+trunk_remove:SW2:eth3:20,29082,29089,0.05,8.149999999999999,7,True,False,True,False,True,recovery_success,0.0031172019828643116,7,6,0,0,0,0,0,0,0
3146,5174,trunk_remove:SW1:eth3:10+trunk_remove:SW1:eth3:20+trunk_remove:SW2:eth3:10+trunk_remove:SW2:eth3:20,29089,29094,0.05,8.75,5,True,False,True,False,True,recovery_success,0.003036792017519474,5,4,0,0,0,0,0,0,0
3147,5175,trunk_remove:SW1:eth3:20+trunk_remove:SW2:eth3:20,29094,29097,0.05,9.35,3,True,False,True,False,True,recovery_success,0.0024280624153713384,3,2,0,0,0,0,0,0,0
3148,5176,access_vlan:SW1:eth1:20+access_vlan:SW2:eth1:20+access_vlan:SW2:eth2:10+trunk_remove:SW1:eth3:20+trunk_remove:SW2:eth3:10,29097,29102,0.05,8.899999999999999,5,True,False,True,False,True,recovery_success,0.0039113879203796385,5,3,1,0,0,0,0,0,0
3149,5177,access_vlan:SW1:eth2:10+trunk_remove:SW1:eth3:20,29102,29105,0.05,9.35,3,True,False,True,False,True,recovery_success,0.002479530444058279,3,2,0,0,0,0,0,0,0
3150,5178,trunk_remove:SW1:eth3:10,29105,29107,0.05,9.649999999999999,2,True,False,True,False,True,recovery_success,0.0025268230820074677,2,1,0,0,0,0,0,0,0
3151,5179,access_vlan:SW1:eth1:20+access_vlan:SW1:eth2:10+access_vlan:SW2:eth2:10+trunk_remove:SW1:eth3:20+trunk_remove:SW2:eth3:10,29107,29112,0.05,8.899999999999999,5,True,False,True,False,True,recovery_success,0.002836316451430321,5,3,1,0,0,0,0,0,0
3152,5180,access_vlan:SW1:eth1:20+access_vlan:SW1:eth2:10+trunk_remove:SW1:eth3:10,29112,29116,0.05,8.549999999999999,4,True,False,True,False,True,recovery_success,0.003291460918262601,4,3,0,0,1,1,1,0,0
3153,5181,access_vlan:SW1:eth1:20+access_vlan:SW2:eth2:10+trunk_remove:SW2:eth3:10,29116,29120,0.05,9.049999999999999,4,True,False,True,False,True,recovery_success,0.0652628696989268,4,3,0,0,0,0,0,0,0
3154,5182,access_vlan:SW1:eth2:10+trunk_remove:SW1:eth3:10+trunk_remove:SW1:eth3:20,29120,29124,0.05,9.049999999999999,4,True,False,True,False,True,recovery_success,0.0023960311082191765,4,3,0,0,0,0,0,0,0
3155,5183,access_vlan:SW1:eth1:20+trunk_remove:SW2:eth3:20,29124,29129,0.05,8.25,5,True,False,True,False,True,recovery_success,0.002764924010261893,5,4,0,0,1,1,1,0,0
3156,5184,access_vlan:SW1:eth1:20+access_vlan:SW2:eth1:20+trunk_remove:SW1:eth3:10,29129,29134,0.05,8.399999999999999,5,True,False,True,False,True,recovery_success,0.0026272088289260864,5,3,1,0,1,1,1,0,0
3157,5185,access_vlan:SW1:eth2:10+access_vlan:SW2:eth2:10+trunk_remove:SW1:eth3:10+trunk_remove:SW1:eth3:20+trunk_remove:SW2:eth3:10+trunk_remove:SW2:eth3:20,29134,29141,0.05,8.149999999999999,7,True,False,True,False,True,recovery_success,0.002989157518771078,7,6,0,0,0,0,0,0,0
3158,5186,access_vlan:SW1:eth2:10+access_vlan:SW2:eth1:20+access_vlan:SW2:eth2:10+trunk_remove:SW1:eth3:10,29141,29147,0.05,7.1,6,True,False,True,False,True,recovery_success,0.004003391795170804,6,4,1,0,3,3,1,1,0
3159,5187,access_vlan:SW1:eth2:10+trunk_remove:SW1:eth3:10+trunk_remove:SW2:eth3:10+trunk_remove:SW2:eth3:20,29147,29152,0.05,8.75,5,True,False,True,False,True,recovery_success,0.003694728622213006,5,4,0,0,0,0,0,0,0
3160,5188,access_vlan:SW1:eth1:20+access_vlan:SW2:eth1:20+access_vlan:SW2:eth2:10+trunk_remove:SW2:eth3:10,29152,29156,0.05,9.2,4,True,False,True,False,True,recovery_success,0.0017397868214175105,4,2,1,0,0,0,0,0,0
3161,5189,access_vlan:SW1:eth1:20+access_vlan:SW1:eth2:10+access_vlan:SW2:eth2:10,29156,29159,0.05,9.5,3,True,False,True,False,True,recovery_success,0.0018193409778177738,3,1,1,0,0,0,0,0,0
3162,5190,access_vlan:SW2:eth2:10+trunk_remove:SW1:eth3:10+trunk_remove:SW2:eth3:10+trunk_remove:SW2:eth3:20,29159,29161,0.05,-10.350000000000001,2,True,False,True,False,False,incorrect_declare_done,0.0021050593350082636,2,1,0,0,0,0,0,0,2
3163,5191,access_vlan:SW1:eth2:10+access_vlan:SW2:eth2:10+trunk_remove:SW1:eth3:10+trunk_remove:SW2:eth3:10,29161,29166,0.05,8.75,5,True,False,True,False,True,recovery_success,0.002099936152808368,5,4,0,0,0,0,0,0,0
3164,5192,access_vlan:SW1:eth1:20+access_vlan:SW2:eth1:20+trunk_remove:SW1:eth3:10+trunk_remove:SW1:eth3:20+trunk_remove:SW2:eth3:20,29166,29172,0.05,8.45,6,True,False,True,False,True,recovery_success,0.04213965719100088,6,5,0,0,0,0,0,0,0
3165,5193,access_vlan:SW1:eth1:20+access_vlan:SW1:eth2:10+access_vlan:SW2:eth1:20+access_vlan:SW2:eth2:10+trunk_remove:SW2:eth3:20,29172,29175,0.05,9.5,3,True,False,True,False,True,recovery_success,0.002444702860278388,3,1,1,0,0,0,0,0,0
3166,5194,access_vlan:SW2:eth1:20+trunk_remove:SW1:eth3:10+trunk_remove:SW1:eth3:20+trunk_remove:SW2:eth3:20,29175,29182,0.05,6.6499999999999995,7,True,False,True,False,True,recovery_success,0.002328318843085851,7,6,0,0,3,3,1,1,0
3167,5195,access_vlan:SW1:eth2:10+access_vlan:SW2:eth1:20+access_vlan:SW2:eth2:10+trunk_remove:SW1:eth3:10,29182,29184,0.05,-10.350000000000001,2,True,False,True,False,False,incorrect_declare_done,0.0029524228302761912,2,1,0,0,0,0,0,0,1
3168,5196,access_vlan:SW2:eth1:20+trunk_remove:SW1:eth3:20,29184,29187,0.05,9.35,3,True,False,True,False,True,recovery_success,0.0021364750961462655,3,2,0,0,0,0,0,0,0
3169,5197,access_vlan:SW2:eth1:20+access_vlan:SW2:eth2:10+trunk_remove:SW1:eth3:10+trunk_remove:SW2:eth3:20,29187,29192,0.05,8.25,5,True,False,True,False,True,recovery_success,0.0019115762086585164,5,4,0,0,1,1,1,0,0
3170,5198,access_vlan:SW1:eth1:20+access_vlan:SW1:eth2:10+access_vlan:SW2:eth1:20+access_vlan:SW2:eth2:10+trunk_remove:SW2:eth3:10,29192,29195,0.05,9.5,3,True,False,True,False,True,recovery_success,0.009327502571977675,3,1,1,0,0,0,0,0,0
3171,5199,access_vlan:SW1:eth2:10+trunk_remove:SW1:eth3:10+trunk_remove:SW2:eth3:10,29195,29201,0.05,7.449999999999999,6,True,False,True,False,True,recovery_success,0.002503417529320965,6,5,0,0,2,2,2,0,0
3172,5200,access_vlan:SW1:eth2:10+trunk_remove:SW1:eth3:10+trunk_remove:SW2:eth3:10+trunk_remove:SW2:eth3:20,29201,29206,0.05,8.75,5,True,False,True,False,True,recovery_success,0.0026660291478037834,5,4,0,0,0,0,0,0,0
3173,5201,access_vlan:SW1:eth2:10+trunk_remove:SW2:eth3:10+trunk_remove:SW2:eth3:20,29206,29210,0.05,9.049999999999999,4,True,False,True,False,True,recovery_success,0.002094835741445422,4,3,0,0,0,0,0,0,0
3174,5202,access_vlan:SW1:eth1:20+access_vlan:SW2:eth1:20+trunk_remove:SW1:eth3:10+trunk_remove:SW1:eth3:20+trunk_remove:SW2:eth3:10+trunk_remove:SW2:eth3:20,29210,29217,0.05,8.149999999999999,7,True,False,True,False,True,recovery_success,0.0016990044885980232,7,6,0,0,0,0,0,0,0
3175,5203,access_vlan:SW1:eth1:20+access_vlan:SW1:eth2:10+access_vlan:SW2:eth1:20+trunk_remove:SW1:eth3:20+trunk_remove:SW2:eth3:10+trunk_remove:SW2:eth3:20,29217,29223,0.05,8.6,6,True,False,True,False,True,recovery_success,0.002102311914010594,6,4,1,0,0,0,0,0,0
3176,5204,access_vlan:SW1:eth1:20+access_vlan:SW2:eth2:10+trunk_remove:SW1:eth3:10+trunk_remove:SW1:eth3:20+trunk_remove:SW2:eth3:10,29223,29229,0.05,8.45,6,True,False,True,False,True,recovery_success,0.0018957371357828379,6,5,0,0,0,0,0,0,0
3177,5205,access_vlan:SW1:eth1:20+access_vlan:SW1:eth2:10+access_vlan:SW2:eth2:10+trunk_remove:SW1:eth3:20+trunk_remove:SW2:eth3:10,29229,29234,0.05,8.899999999999999,5,True,False,True,False,True,recovery_success,0.05026657606940717,5,3,1,0,0,0,0,0,0
3178,5206,access_vlan:SW1:eth2:10+access_vlan:SW2:eth1:20+trunk_remove:SW1:eth3:10+trunk_remove:SW2:eth3:10+trunk_remove:SW2:eth3:20,29234,29241,0.05,8.299999999999999,7,True,False,True,False,True,recovery_success,0.0021683897024818827,7,5,1,0,0,0,0,0,0
3179,5207,access_vlan:SW1:eth1:20+access_vlan:SW1:eth2:10+access_vlan:SW2:eth2:10,29241,29244,0.05,9.5,3,True,False,True,False,True,recovery_success,0.0017208069718132417,3,1,1,0,0,0,0,0,0
3180,5208,access_vlan:SW1:eth1:20+access_vlan:SW2:eth2:10+trunk_remove:SW1:eth3:10+trunk_remove:SW2:eth3:20,29244,29249,0.05,8.75,5,True,False,True,False,True,recovery_success,0.006944836094044149,5,4,0,0,0,0,0,0,0
3181,5209,access_vlan:SW1:eth1:20+access_vlan:SW1:eth2:10+trunk_remove:SW1:eth3:10+trunk_remove:SW1:eth3:20+trunk_remove:SW2:eth3:20,29249,29260,0.05,6.8999999999999995,11,True,False,True,False,True,recovery_success,0.04452262938403609,11,7,3,0,1,1,1,0,0
3182,5210,access_vlan:SW2:eth1:20+access_vlan:SW2:eth2:10+trunk_remove:SW1:eth3:20+trunk_remove:SW2:eth3:10,29260,29267,0.05,7.949999999999999,7,True,False,True,False,True,recovery_success,0.0021742795361205935,7,4,2,0,1,1,1,0,0
3183,5211,access_vlan:SW1:eth2:10+access_vlan:SW2:eth1:20+trunk_remove:SW1:eth3:10+trunk_remove:SW2:eth3:20,29267,29275,0.05,7.5,8,True,False,True,False,True,recovery_success,0.0030431044579017907,8,5,1,0,1,1,1,0,0
3184,5212,access_vlan:SW2:eth2:10+trunk_remove:SW1:eth3:10,29275,29278,0.05,9.35,3,True,False,True,False,True,recovery_success,0.007728149648755789,3,2,0,0,0,0,0,0,0
3185,5213,access_vlan:SW1:eth1:20+access_vlan:SW2:eth1:20+trunk_remove:SW1:eth3:10,29278,29282,0.05,8.549999999999999,4,True,False,True,False,True,recovery_success,0.0024289286811836064,4,3,0,0,1,1,1,0,0
3186,5214,trunk_remove:SW2:eth3:10+trunk_remove:SW2:eth3:20,29282,29285,0.05,9.35,3,True,False,True,False,True,recovery_success,0.001993193756788969,3,2,0,0,0,0,0,0,0
3187,5215,access_vlan:SW1:eth1:20+access_vlan:SW1:eth2:10+trunk_remove:SW1:eth3:20+trunk_remove:SW2:eth3:20,29285,29290,0.05,8.25,5,True,False,True,False,True,recovery_success,0.0022178614512085915,5,4,0,0,1,1,1,0,0
3188,5216,trunk_remove:SW2:eth3:10+trunk_remove:SW2:eth3:20,29290,29293,0.05,9.35,3,True,False,True,False,True,recovery_success,0.0021109175480281315,3,2,0,0,0,0,0,0,0
3189,5217,access_vlan:SW1:eth2:10+access_vlan:SW2:eth2:10+trunk_remove:SW1:eth3:10,29293,29297,0.05,9.049999999999999,4,True,False,True,False,True,recovery_success,0.0017921448743436486,4,3,0,0,0,0,0,0,0
3190,5218,access_vlan:SW1:eth1:20+access_vlan:SW1:eth2:10+trunk_remove:SW2:eth3:20,29297,29301,0.05,8.549999999999999,4,True,False,True,False,True,recovery_success,0.003918937698472291,4,3,0,0,1,1,1,0,0
3191,5219,access_vlan:SW1:eth1:20+access_vlan:SW1:eth2:10+access_vlan:SW2:eth2:10+trunk_remove:SW2:eth3:10,29301,29305,0.05,9.2,4,True,False,True,False,True,recovery_success,0.0019511395075824112,4,2,1,0,0,0,0,0,0
3192,5220,access_vlan:SW1:eth2:10+access_vlan:SW2:eth2:10+trunk_remove:SW1:eth3:20+trunk_remove:SW2:eth3:10+trunk_remove:SW2:eth3:20,29305,29311,0.05,8.45,6,True,False,True,False,True,recovery_success,0.0027193925731504955,6,5,0,0,0,0,0,0,0
3193,5221,access_vlan:SW1:eth1:20+access_vlan:SW2:eth2:10+trunk_remove:SW1:eth3:10+trunk_remove:SW2:eth3:10+trunk_remove:SW2:eth3:20,29311,29318,0.05,8.299999999999999,7,True,False,True,False,True,recovery_success,0.03508003468492201,7,5,1,0,0,0,0,0,0
3194,5222,access_vlan:SW1:eth1:20+access_vlan:SW2:eth1:20+access_vlan:SW2:eth2:10+trunk_remove:SW1:eth3:10+trunk_remove:SW2:eth3:10,29318,29323,0.05,8.899999999999999,5,True,False,True,False,True,recovery_success,0.002528787450864911,5,3,1,0,0,0,0,0,0
3195,5223,access_vlan:SW1:eth2:10+access_vlan:SW2:eth1:20,29323,29326,0.05,8.85,3,True,False,True,False,True,recovery_success,0.0019620987198626003,3,2,0,0,1,1,1,0,0
3196,5224,access_vlan:SW1:eth1:20+access_vlan:SW1:eth2:10+access_vlan:SW2:eth2:10+trunk_remove:SW1:eth3:10+trunk_remove:SW1:eth3:20+trunk_remove:SW2:eth3:20,29326,29339,0.05,5.6499999999999995,13,True,False,True,False,True,recovery_success,0.0027915649563790513,13,8,2,0,2,2,2,1,0
3197,5225,access_vlan:SW1:eth1:20+access_vlan:SW1:eth2:10+access_vlan:SW2:eth1:20+access_vlan:SW2:eth2:10+trunk_remove:SW1:eth3:10+trunk_remove:SW2:eth3:10+trunk_remove:SW2:eth3:20,29339,29344,0.05,8.899999999999999,5,True,False,True,False,True,recovery_success,0.003485230589285493,5,3,1,0,0,0,0,0,0
3198,5226,access_vlan:SW1:eth2:10+access_vlan:SW2:eth2:10+trunk_remove:SW1:eth3:10+trunk_remove:SW2:eth3:10,29344,29349,0.05,8.75,5,True,False,True,False,True,recovery_success,0.0012151202303357423,5,4,0,0,0,0,0,0,0
3199,5227,access_vlan:SW2:eth1:20+trunk_remove:SW1:eth3:10+trunk_remove:SW1:eth3:20+trunk_remove:SW2:eth3:10,29349,29356,0.05,7.15,7,True,False,True,False,True,recovery_success,0.0027293774764984846,7,6,0,0,2,2,1,0,0
3200,5228,access_vlan:SW1:eth1:20+trunk_remove:SW2:eth3:10+trunk_remove:SW2:eth3:20,29356,29360,0.05,9.049999999999999,4,True,False,True,False,True,recovery_success,0.002006058901315555,4,3,0,0,0,0,0,0,0
3201,5229,access_vlan:SW1:eth2:10+access_vlan:SW2:eth2:10+trunk_remove:SW2:eth3:10+trunk_remove:SW2:eth3:20,29360,29365,0.05,8.75,5,True,False,True,False,True,recovery_success,0.0021098673343658446,5,4,0,0,0,0,0,0,0
3202,5230,access_vlan:SW2:eth2:10+trunk_remove:SW1:eth3:10+trunk_remove:SW2:eth3:20,29365,29370,0.05,8.899999999999999,5,True,False,True,False,True,recovery_success,0.0013167012133635581,5,3,1,0,0,0,0,0,0
3203,5231,access_vlan:SW1:eth1:20+access_vlan:SW1:eth2:10,29370,29373,0.05,8.85,3,True,False,True,False,True,recovery_success,0.00167651988643532,3,2,0,0,1,1,1,0,0
3204,5232,access_vlan:SW1:eth1:20+access_vlan:SW1:eth2:10+access_vlan:SW2:eth1:20+access_vlan:SW2:eth2:10+trunk_remove:SW1:eth3:10+trunk_remove:SW1:eth3:20+trunk_remove:SW2:eth3:10+trunk_remove:SW2:eth3:20,29373,29380,0.05,8.45,7,True,False,True,False,True,recovery_success,0.00202701535142426,7,4,2,0,0,0,0,0,0
3205,5233,trunk_remove:SW1:eth3:10,29380,29382,0.05,9.649999999999999,2,True,False,True,False,True,recovery_success,0.11800472158938646,2,1,0,0,0,0,0,0,0
3206,5234,access_vlan:SW1:eth1:20+access_vlan:SW1:eth2:10+access_vlan:SW2:eth1:20+trunk_remove:SW2:eth3:20,29382,29386,0.05,9.2,4,True,False,True,False,True,recovery_success,0.002139918797183782,4,2,1,0,0,0,0,0,0
3207,5235,access_vlan:SW1:eth2:10+access_vlan:SW2:eth1:20+trunk_remove:SW1:eth3:10+trunk_remove:SW1:eth3:20,29386,29391,0.05,8.75,5,True,False,True,False,True,recovery_success,0.0023265965981408955,5,4,0,0,0,0,0,0,0
3208,5236,access_vlan:SW1:eth1:20+access_vlan:SW2:eth2:10+trunk_remove:SW1:eth3:20+trunk_remove:SW2:eth3:10+trunk_remove:SW2:eth3:20,29391,29397,0.05,8.45,6,True,False,True,False,True,recovery_success,0.0021917019330430776,6,5,0,0,0,0,0,0,0
3209,5237,access_vlan:SW1:eth1:20+access_vlan:SW2:eth1:20+trunk_remove:SW1:eth3:10+trunk_remove:SW1:eth3:20+trunk_remove:SW2:eth3:20,29397,29403,0.05,8.45,6,True,False,True,False,True,recovery_success,0.0024755564130221805,6,5,0,0,0,0,0,0,0
3210,5238,access_vlan:SW1:eth1:20+access_vlan:SW2:eth1:20+access_vlan:SW2:eth2:10+trunk_remove:SW1:eth3:10+trunk_remove:SW2:eth3:20,29403,29408,0.05,8.899999999999999,5,True,False,True,False,True,recovery_success,0.0041222810745239254,5,3,1,0,0,0,0,0,0
3211,5239,access_vlan:SW1:eth1:20+access_vlan:SW2:eth2:10+trunk_remove:SW1:eth3:20+trunk_remove:SW2:eth3:20,29408,29413,0.05,8.75,5,True,False,True,False,True,recovery_success,0.047575948422309014,5,4,0,0,0,0,0,0,0
3212,5240,access_vlan:SW1:eth1:20+access_vlan:SW1:eth2:10+access_vlan:SW2:eth1:20+access_vlan:SW2:eth2:10+trunk_remove:SW1:eth3:20+trunk_remove:SW2:eth3:10,29413,29417,0.05,9.2,4,True,False,True,False,True,recovery_success,0.006258088629692793,4,2,1,0,0,0,0,0,0
3213,5241,access_vlan:SW1:eth1:20+access_vlan:SW1:eth2:10+access_vlan:SW2:eth2:10+trunk_remove:SW1:eth3:10+trunk_remove:SW1:eth3:20+trunk_remove:SW2:eth3:20,29417,29423,0.05,8.6,6,True,False,True,False,True,recovery_success,0.0025592277524992824,6,4,1,0,0,0,0,0,0
3214,5242,access_vlan:SW1:eth1:20+access_vlan:SW1:eth2:10+access_vlan:SW2:eth1:20+trunk_remove:SW2:eth3:10,29423,29427,0.05,9.2,4,True,False,True,False,True,recovery_success,0.05603361310204491,4,2,1,0,0,0,0,0,0
3215,5243,access_vlan:SW2:eth2:10+trunk_remove:SW1:eth3:10+trunk_remove:SW2:eth3:10+trunk_remove:SW2:eth3:20,29427,29433,0.05,8.6,6,True,False,True,False,True,recovery_success,0.0031072612813053033,6,4,1,0,0,0,0,0,0
3216,5244,access_vlan:SW2:eth1:20+trunk_remove:SW2:eth3:10,29433,29436,0.05,9.35,3,True,False,True,False,True,recovery_success,0.0023478521034121513,3,2,0,0,0,0,0,0,0
3217,5245,trunk_remove:SW2:eth3:20,29436,29438,0.05,9.649999999999999,2,True,False,True,False,True,recovery_success,0.0017452100873924792,2,1,0,0,0,0,0,0,0
3218,5246,access_vlan:SW2:eth2:10+trunk_remove:SW1:eth3:10+trunk_remove:SW1:eth3:20,29438,29442,0.05,9.049999999999999,4,True,False,True,False,True,recovery_success,0.004906785092316568,4,3,0,0,0,0,0,0,0
3219,5247,access_vlan:SW2:eth1:20+trunk_remove:SW2:eth3:20,29442,29447,0.05,7.749999999999999,5,True,False,True,False,True,recovery_success,0.0019186081131920218,5,3,0,0,2,2,2,0,0
3220,5248,access_vlan:SW2:eth1:20+access_vlan:SW2:eth2:10+trunk_remove:SW1:eth3:20+trunk_remove:SW2:eth3:10+trunk_remove:SW2:eth3:20,29447,29454,0.05,7.799999999999999,7,True,False,True,False,True,recovery_success,0.0018011921451293997,7,5,1,0,1,1,1,0,0
3221,5249,access_vlan:SW1:eth1:20+access_vlan:SW1:eth2:10+access_vlan:SW2:eth1:20+trunk_remove:SW2:eth3:10,29454,29458,0.05,9.2,4,True,False,True,False,True,recovery_success,0.00215948824188672,4,2,1,0,0,0,0,0,0
3222,5250,access_vlan:SW1:eth1:20+access_vlan:SW1:eth2:10+access_vlan:SW2:eth1:20+access_vlan:SW2:eth2:10+trunk_remove:SW1:eth3:20+trunk_remove:SW2:eth3:10,29458,29462,0.05,9.2,4,True,False,True,False,True,recovery_success,0.0028126626857556403,4,2,1,0,0,0,0,0,0
3223,5251,access_vlan:SW1:eth1:20+access_vlan:SW2:eth2:10,29462,29465,0.05,8.85,3,True,False,True,False,True,recovery_success,0.002888052569081386,3,2,0,0,1,1,1,0,0
3224,5252,access_vlan:SW2:eth1:20+access_vlan:SW2:eth2:10+trunk_remove:SW2:eth3:10+trunk_remove:SW2:eth3:20,29465,29470,0.05,8.25,5,True,False,True,False,True,recovery_success,0.0017416283022612332,5,4,0,0,1,1,1,0,0
3225,5253,access_vlan:SW1:eth1:20+access_vlan:SW1:eth2:10+access_vlan:SW2:eth1:20+trunk_remove:SW1:eth3:10,29470,29476,0.05,8.1,6,True,False,True,False,True,recovery_success,0.038121673433731,6,4,1,0,1,1,1,1,0
3226,5254,access_vlan:SW1:eth1:20+access_vlan:SW1:eth2:10+access_vlan:SW2:eth1:20+access_vlan:SW2:eth2:10+trunk_remove:SW1:eth3:10+trunk_remove:SW2:eth3:10+trunk_remove:SW2:eth3:20,29476,29481,0.05,8.899999999999999,5,True,False,True,False,True,recovery_success,0.0426284366287291,5,3,1,0,0,0,0,0,0
3227,5255,access_vlan:SW1:eth1:20+access_vlan:SW2:eth1:20+trunk_remove:SW1:eth3:20,29481,29485,0.05,9.049999999999999,4,True,False,True,False,True,recovery_success,0.016858420218341053,4,3,0,0,0,0,0,0,0
3228,5256,access_vlan:SW1:eth1:20+access_vlan:SW2:eth1:20+access_vlan:SW2:eth2:10+trunk_remove:SW1:eth3:10+trunk_remove:SW1:eth3:20,29485,29490,0.05,8.899999999999999,5,True,False,True,False,True,recovery_success,0.004021438211202622,5,3,1,0,0,0,0,0,0
3229,5257,access_vlan:SW2:eth2:10+trunk_remove:SW1:eth3:10+trunk_remove:SW2:eth3:10+trunk_remove:SW2:eth3:20,29490,29495,0.05,8.75,5,True,False,True,False,True,recovery_success,0.006201935652643442,5,4,0,0,0,0,0,0,0
3230,5258,access_vlan:SW1:eth1:20+access_vlan:SW1:eth2:10+access_vlan:SW2:eth2:10+trunk_remove:SW1:eth3:20,29495,29499,0.05,9.2,4,True,False,True,False,True,recovery_success,0.009944765188265592,4,2,1,0,0,0,0,0,0
3231,5259,access_vlan:SW1:eth1:20+access_vlan:SW1:eth2:10+access_vlan:SW2:eth1:20+trunk_remove:SW1:eth3:10+trunk_remove:SW2:eth3:10,29499,29504,0.05,8.899999999999999,5,True,False,True,False,True,recovery_success,0.056926153413951394,5,3,1,0,0,0,0,0,0
3232,5260,access_vlan:SW1:eth2:10+access_vlan:SW2:eth2:10+trunk_remove:SW1:eth3:10+trunk_remove:SW1:eth3:20+trunk_remove:SW2:eth3:10,29504,29512,0.05,6.85,8,True,False,True,False,True,recovery_success,0.008597869949880987,8,7,0,0,2,2,1,0,0
3233,5261,access_vlan:SW1:eth2:10+access_vlan:SW2:eth1:20+trunk_remove:SW1:eth3:10+trunk_remove:SW2:eth3:10+trunk_remove:SW2:eth3:20,29512,29522,0.05,6.049999999999999,10,True,False,True,False,True,recovery_success,0.0072532044490799304,10,7,2,0,3,3,1,1,0
3234,5262,access_vlan:SW1:eth2:10+access_vlan:SW2:eth1:20+access_vlan:SW2:eth2:10+trunk_remove:SW1:eth3:20+trunk_remove:SW2:eth3:20,29522,29527,0.05,8.899999999999999,5,True,False,True,False,True,recovery_success,0.006272373627871275,5,3,1,0,0,0,0,0,0
3235,5263,access_vlan:SW1:eth1:20+access_vlan:SW1:eth2:10+access_vlan:SW2:eth1:20+access_vlan:SW2:eth2:10+trunk_remove:SW1:eth3:10,29527,29530,0.05,9.5,3,True,False,True,False,True,recovery_success,0.00327285286039114,3,1,1,0,0,0,0,0,0
3236,5264,access_vlan:SW2:eth1:20+trunk_remove:SW1:eth3:10+trunk_remove:SW1:eth3:20+trunk_remove:SW2:eth3:20,29530,29536,0.05,8.6,6,True,False,True,False,True,recovery_success,0.004350407398305833,6,4,1,0,0,0,0,0,0
3237,5265,access_vlan:SW1:eth2:10+access_vlan:SW2:eth1:20+access_vlan:SW2:eth2:10+trunk_remove:SW1:eth3:10+trunk_remove:SW1:eth3:20+trunk_remove:SW2:eth3:10,29536,29542,0.05,8.6,6,True,False,True,False,True,recovery_success,0.0033880650298669934,6,4,1,0,0,0,0,0,0
3238,5266,access_vlan:SW1:eth1:20+access_vlan:SW1:eth2:10+access_vlan:SW2:eth1:20,29542,29546,0.05,8.549999999999999,4,True,False,True,False,True,recovery_success,0.00455684179905802,4,3,0,0,1,1,1,0,0
3239,5267,trunk_remove:SW1:eth3:10+trunk_remove:SW1:eth3:20+trunk_remove:SW2:eth3:20,29546,29550,0.05,9.049999999999999,4,True,False,True,False,True,recovery_success,0.11130122491158545,4,3,0,0,0,0,0,0,0
3240,5268,access_vlan:SW1:eth2:10+trunk_remove:SW1:eth3:20,29550,29553,0.05,9.35,3,True,False,True,False,True,recovery_success,0.0051576898743708926,3,2,0,0,0,0,0,0,0
3241,5269,access_vlan:SW2:eth1:20+access_vlan:SW2:eth2:10+trunk_remove:SW1:eth3:10+trunk_remove:SW2:eth3:10,29553,29562,0.05,6.55,9,True,False,True,False,True,recovery_success,0.02442891885422998,9,7,0,0,2,2,2,1,0
3242,5270,access_vlan:SW2:eth1:20+trunk_remove:SW2:eth3:20,29562,29566,0.05,9.2,4,True,False,True,False,True,recovery_success,0.007377514324616641,4,2,1,0,0,0,0,0,0
3243,5271,access_vlan:SW1:eth1:20+access_vlan:SW1:eth2:10+access_vlan:SW2:eth1:20+trunk_remove:SW1:eth3:10,29566,29571,0.05,9.049999999999999,5,True,False,True,False,True,recovery_success,0.007146589364856482,5,2,2,0,0,0,0,0,0
3244,5272,trunk_remove:SW1:eth3:10+trunk_remove:SW2:eth3:10,29571,29574,0.05,9.35,3,True,False,True,False,True,recovery_success,0.005364345425429444,3,2,0,0,0,0,0,0,0
3245,5273,access_vlan:SW2:eth1:20+access_vlan:SW2:eth2:10+trunk_remove:SW2:eth3:10+trunk_remove:SW2:eth3:20,29574,29579,0.05,8.25,5,True,False,True,False,True,recovery_success,0.004745480976998806,5,4,0,0,1,1,1,0,0
3246,5274,access_vlan:SW1:eth1:20+access_vlan:SW2:eth1:20+access_vlan:SW2:eth2:10+trunk_remove:SW1:eth3:10,29579,29583,0.05,9.2,4,True,False,True,False,True,recovery_success,0.0022029006213415414,4,2,1,0,0,0,0,0,0
3247,5275,access_vlan:SW1:eth1:20+access_vlan:SW2:eth2:10+trunk_remove:SW1:eth3:20+trunk_remove:SW2:eth3:20,29583,29588,0.05,8.75,5,True,False,True,False,True,recovery_success,0.0021155239082872868,5,4,0,0,0,0,0,0,0
3248,5276,trunk_remove:SW2:eth3:10+trunk_remove:SW2:eth3:20,29588,29591,0.05,9.35,3,True,False,True,False,True,recovery_success,0.0044704643078148365,3,2,0,0,0,0,0,0,0
3249,5277,access_vlan:SW1:eth1:20+access_vlan:SW2:eth1:20+trunk_remove:SW1:eth3:10+trunk_remove:SW1:eth3:20+trunk_remove:SW2:eth3:20,29591,29597,0.05,8.45,6,True,False,True,False,True,recovery_success,0.0024050139472819865,6,5,0,0,0,0,0,0,0
3250,5278,access_vlan:SW2:eth2:10+trunk_remove:SW1:eth3:10+trunk_remove:SW1:eth3:20+trunk_remove:SW2:eth3:10+trunk_remove:SW2:eth3:20,29597,29603,0.05,8.45,6,True,False,True,False,True,recovery_success,0.0018469550996087492,6,5,0,0,0,0,0,0,0
3251,5279,access_vlan:SW1:eth2:10+access_vlan:SW2:eth1:20+trunk_remove:SW1:eth3:10+trunk_remove:SW1:eth3:20+trunk_remove:SW2:eth3:10,29603,29611,0.05,6.85,8,True,False,True,False,True,recovery_success,0.001495578391768504,8,7,0,0,2,2,2,0,0
3252,5280,access_vlan:SW1:eth1:20+access_vlan:SW1:eth2:10+access_vlan:SW2:eth1:20+trunk_remove:SW1:eth3:20+trunk_remove:SW2:eth3:20,29611,29616,0.05,8.899999999999999,5,True,False,True,False,True,recovery_success,0.0020838040392845867,5,3,1,0,0,0,0,0,0
3253,5281,access_vlan:SW1:eth1:20+access_vlan:SW1:eth2:10+access_vlan:SW2:eth1:20+trunk_remove:SW2:eth3:20,29616,29620,0.05,9.2,4,True,False,True,False,True,recovery_success,0.04641425414592959,4,2,1,0,0,0,0,0,0
3254,5282,access_vlan:SW1:eth1:20+access_vlan:SW1:eth2:10+access_vlan:SW2:eth2:10+trunk_remove:SW1:eth3:10+trunk_remove:SW1:eth3:20+trunk_remove:SW2:eth3:10,29620,29627,0.05,7.6499999999999995,7,True,False,True,False,True,recovery_success,0.007336640364623496,7,6,0,0,1,1,1,0,0
3255,5283,access_vlan:SW2:eth1:20+trunk_remove:SW1:eth3:10+trunk_remove:SW1:eth3:20+trunk_remove:SW2:eth3:10,29627,29632,0.05,8.75,5,True,False,True,False,True,recovery_success,0.0024545019026845694,5,4,0,0,0,0,0,0,0
3256,5284,trunk_remove:SW2:eth3:20,29632,29634,0.05,9.649999999999999,2,True,False,True,False,True,recovery_success,0.001844666840042919,2,1,0,0,0,0,0,0,0
3257,5285,access_vlan:SW1:eth1:20+access_vlan:SW2:eth1:20+trunk_remove:SW1:eth3:10,29634,29638,0.05,8.549999999999999,4,True,False,True,False,True,recovery_success,0.003007608058396727,4,3,0,0,1,1,1,0,0
3258,5286,access_vlan:SW1:eth2:10+access_vlan:SW2:eth1:20+access_vlan:SW2:eth2:10+trunk_remove:SW1:eth3:20+trunk_remove:SW2:eth3:10,29638,29643,0.05,8.899999999999999,5,True,False,True,False,True,recovery_success,0.004486458003520965,5,3,1,0,0,0,0,0,0
3259,5287,access_vlan:SW1:eth1:20+access_vlan:SW1:eth2:10,29643,29646,0.05,8.85,3,True,False,True,False,True,recovery_success,0.0027948744439830384,3,2,0,0,1,1,1,0,0
3260,5288,access_vlan:SW1:eth1:20+access_vlan:SW2:eth2:10+trunk_remove:SW2:eth3:10,29646,29650,0.05,9.049999999999999,4,True,False,True,False,True,recovery_success,0.0021966748172417283,4,3,0,0,0,0,0,0,0
3261,5289,trunk_remove:SW1:eth3:20+trunk_remove:SW2:eth3:10,29650,29653,0.05,9.35,3,True,False,True,False,True,recovery_success,0.004210232989862561,3,2,0,0,0,0,0,0,0
3262,5290,access_vlan:SW1:eth1:20+access_vlan:SW2:eth2:10+trunk_remove:SW2:eth3:10,29653,29657,0.05,9.049999999999999,4,True,False,True,False,True,recovery_success,0.0030944307800382376,4,3,0,0,0,0,0,0,0
3263,5291,access_vlan:SW1:eth1:20+access_vlan:SW2:eth2:10+trunk_remove:SW1:eth3:10+trunk_remove:SW1:eth3:20+trunk_remove:SW2:eth3:10,29657,29658,0.05,-10.05,1,True,False,True,False,False,incorrect_declare_done,0.0025052784476429224,1,0,0,0,0,0,0,0,4
3264,5292,trunk_remove:SW1:eth3:10+trunk_remove:SW1:eth3:20+trunk_remove:SW2:eth3:10,29658,29662,0.05,9.049999999999999,4,True,False,True,False,True,recovery_success,0.0035982317058369517,4,3,0,0,0,0,0,0,0
3265,5293,access_vlan:SW1:eth1:20+access_vlan:SW1:eth2:10+access_vlan:SW2:eth1:20+access_vlan:SW2:eth2:10,29662,29664,0.05,9.799999999999999,2,True,False,True,False,True,recovery_success,0.0026467980351299047,2,0,1,0,0,0,0,0,0
3266,5294,access_vlan:SW1:eth1:20+access_vlan:SW2:eth1:20+trunk_remove:SW1:eth3:10+trunk_remove:SW1:eth3:20,29664,29669,0.05,8.75,5,True,False,True,False,True,recovery_success,0.002869566134177148,5,4,0,0,0,0,0,0,0
3267,5295,access_vlan:SW1:eth1:20+access_vlan:SW1:eth2:10+access_vlan:SW2:eth1:20+access_vlan:SW2:eth2:10+trunk_remove:SW1:eth3:20+trunk_remove:SW2:eth3:10,29669,29673,0.05,9.2,4,True,False,True,False,True,recovery_success,0.0026822738582268357,4,2,1,0,0,0,0,0,0
3268,5296,access_vlan:SW2:eth1:20+trunk_remove:SW1:eth3:20,29673,29676,0.05,9.35,3,True,False,True,False,True,recovery_success,0.003140208078548312,3,2,0,0,0,0,0,0,0
3269,5297,access_vlan:SW2:eth2:10+trunk_remove:SW1:eth3:10+trunk_remove:SW2:eth3:10,29676,29680,0.05,9.049999999999999,4,True,False,True,False,True,recovery_success,0.0018930586811620742,4,3,0,0,0,0,0,0,0
3270,5298,access_vlan:SW1:eth1:20+access_vlan:SW2:eth2:10+trunk_remove:SW1:eth3:20,29680,29684,0.05,9.049999999999999,4,True,False,True,False,True,recovery_success,0.0036416992370504886,4,3,0,0,0,0,0,0,0
3271,5299,access_vlan:SW1:eth1:20+access_vlan:SW1:eth2:10+access_vlan:SW2:eth1:20+trunk_remove:SW1:eth3:10+trunk_remove:SW1:eth3:20+trunk_remove:SW2:eth3:10+trunk_remove:SW2:eth3:20,29684,29691,0.05,8.299999999999999,7,True,False,True,False,True,recovery_success,0.004644652712158859,7,5,1,0,0,0,0,0,0
3272,5300,access_vlan:SW1:eth1:20+access_vlan:SW2:eth2:10+trunk_remove:SW1:eth3:10,29691,29695,0.05,9.049999999999999,4,True,False,True,False,True,recovery_success,0.002622014988446608,4,3,0,0,0,0,0,0,0
3273,5301,access_vlan:SW1:eth2:10+access_vlan:SW2:eth1:20+access_vlan:SW2:eth2:10+trunk_remove:SW1:eth3:10,29695,29699,0.05,9.2,4,True,False,True,False,True,recovery_success,0.002736306778388098,4,2,1,0,0,0,0,0,0
3274,5302,access_vlan:SW1:eth2:10+trunk_remove:SW1:eth3:10+trunk_remove:SW1:eth3:20+trunk_remove:SW2:eth3:10+trunk_remove:SW2:eth3:20,29699,29705,0.05,8.45,6,True,False,True,False,True,recovery_success,0.0032567200056898096,6,5,0,0,0,0,0,0,0
3275,5303,access_vlan:SW1:eth1:20+access_vlan:SW1:eth2:10+access_vlan:SW2:eth1:20+trunk_remove:SW1:eth3:10+trunk_remove:SW2:eth3:20,29705,29710,0.05,8.899999999999999,5,True,False,True,False,True,recovery_success,0.002226183959282935,5,3,1,0,0,0,0,0,0
3276,5304,access_vlan:SW1:eth2:10+trunk_remove:SW1:eth3:10+trunk_remove:SW2:eth3:10,29710,29714,0.05,9.049999999999999,4,True,False,True,False,True,recovery_success,0.003537040698574856,4,3,0,0,0,0,0,0,0
3277,5305,access_vlan:SW1:eth1:20+access_vlan:SW1:eth2:10+access_vlan:SW2:eth1:20+trunk_remove:SW1:eth3:10+trunk_remove:SW2:eth3:20,29714,29719,0.05,8.899999999999999,5,True,False,True,False,True,recovery_success,0.003115820186212659,5,3,1,0,0,0,0,0,0
3278,5306,access_vlan:SW2:eth1:20+access_vlan:SW2:eth2:10+trunk_remove:SW1:eth3:10+trunk_remove:SW1:eth3:20+trunk_remove:SW2:eth3:10+trunk_remove:SW2:eth3:20,29719,29730,0.05,5.45,11,True,False,True,False,True,recovery_success,0.004040719041685489,11,9,0,0,3,2,3,1,0
3279,5307,access_vlan:SW1:eth1:20+trunk_remove:SW1:eth3:10+trunk_remove:SW1:eth3:20+trunk_remove:SW2:eth3:10,29730,29735,0.05,8.75,5,True,False,True,False,True,recovery_success,0.006119767529889941,5,4,0,0,0,0,0,0,0
3280,5308,access_vlan:SW2:eth2:10+trunk_remove:SW1:eth3:20,29735,29739,0.05,9.2,4,True,False,True,False,True,recovery_success,0.01367341645527631,4,2,1,0,0,0,0,0,0
3281,5309,access_vlan:SW2:eth1:20+access_vlan:SW2:eth2:10+trunk_remove:SW1:eth3:10+trunk_remove:SW1:eth3:20+trunk_remove:SW2:eth3:10+trunk_remove:SW2:eth3:20,29739,29746,0.05,7.6499999999999995,7,True,False,True,False,True,recovery_success,0.01882602969583656,7,6,0,0,1,1,1,0,0
3282,5310,access_vlan:SW1:eth1:20+access_vlan:SW1:eth2:10+trunk_remove:SW1:eth3:10,29746,29752,0.05,8.25,6,True,False,True,False,True,recovery_success,0.01777891597400109,6,3,2,0,1,1,1,0,0
3283,5311,access_vlan:SW1:eth1:20,29752,29754,0.05,9.649999999999999,2,True,False,True,False,True,recovery_success,0.0058029103092849255,2,1,0,0,0,0,0,0,0
3284,5312,access_vlan:SW1:eth2:10+access_vlan:SW2:eth1:20+trunk_remove:SW1:eth3:10+trunk_remove:SW2:eth3:10,29754,29762,0.05,7.999999999999999,8,True,False,True,False,True,recovery_success,0.033543063094839454,8,6,1,0,0,0,0,0,0
3285,5313,access_vlan:SW2:eth1:20+access_vlan:SW2:eth2:10+trunk_remove:SW1:eth3:10+trunk_remove:SW1:eth3:20+trunk_remove:SW2:eth3:20,29762,29771,0.05,7.5,9,True,False,True,False,True,recovery_success,0.0060720434929761626,9,5,3,0,1,1,1,0,0
3286,5314,access_vlan:SW1:eth1:20,29771,29773,0.05,9.649999999999999,2,True,False,True,False,True,recovery_success,0.00828049355186522,2,1,0,0,0,0,0,0,0
3287,5315,access_vlan:SW1:eth2:10+access_vlan:SW2:eth2:10+trunk_remove:SW1:eth3:20+trunk_remove:SW2:eth3:10+trunk_remove:SW2:eth3:20,29773,29781,0.05,7.35,8,True,False,True,False,True,recovery_success,0.005991113648633473,8,7,0,0,1,1,1,0,0
3288,5316,access_vlan:SW1:eth2:10+access_vlan:SW2:eth2:10+trunk_remove:SW1:eth3:20,29781,29785,0.05,8.549999999999999,4,True,False,True,False,True,recovery_success,0.005432609817944467,4,3,0,0,1,1,1,0,0
3289,5317,access_vlan:SW1:eth1:20+access_vlan:SW2:eth1:20+access_vlan:SW2:eth2:10+trunk_remove:SW1:eth3:10+trunk_remove:SW1:eth3:20+trunk_remove:SW2:eth3:10+trunk_remove:SW2:eth3:20,29785,29792,0.05,8.299999999999999,7,True,False,True,False,True,recovery_success,0.033207608154043555,7,5,1,0,0,0,0,0,0
3290,5318,access_vlan:SW1:eth1:20+access_vlan:SW1:eth2:10+trunk_remove:SW1:eth3:20+trunk_remove:SW2:eth3:10+trunk_remove:SW2:eth3:20,29792,29799,0.05,7.799999999999999,7,True,False,True,False,True,recovery_success,0.01209889808004456,7,5,1,0,1,1,1,0,0
3291,5319,access_vlan:SW1:eth1:20+access_vlan:SW1:eth2:10+access_vlan:SW2:eth1:20+access_vlan:SW2:eth2:10+trunk_remove:SW1:eth3:20+trunk_remove:SW2:eth3:20,29799,29803,0.05,9.2,4,True,False,True,False,True,recovery_success,0.002179531758883968,4,2,1,0,0,0,0,0,0
3292,5320,access_vlan:SW1:eth1:20+trunk_remove:SW2:eth3:10+trunk_remove:SW2:eth3:20,29803,29807,0.05,9.049999999999999,4,True,False,True,False,True,recovery_success,0.003660166577901691,4,3,0,0,0,0,0,0,0
3293,5321,access_vlan:SW1:eth2:10+access_vlan:SW2:eth1:20,29807,29810,0.05,8.85,3,True,False,True,False,True,recovery_success,0.0040175355194757385,3,2,0,0,1,1,1,0,0
3294,5322,access_vlan:SW2:eth1:20+access_vlan:SW2:eth2:10+trunk_remove:SW1:eth3:10+trunk_remove:SW2:eth3:20,29810,29816,0.05,8.1,6,True,False,True,False,True,recovery_success,0.006447448957866679,6,4,1,0,1,1,1,0,0
3295,5323,trunk_remove:SW2:eth3:10,29816,29818,0.05,9.649999999999999,2,True,False,True,False,True,recovery_success,0.001957378932274878,2,1,0,0,0,0,0,0,0
3296,5324,access_vlan:SW1:eth2:10+access_vlan:SW2:eth1:20+access_vlan:SW2:eth2:10+trunk_remove:SW1:eth3:10+trunk_remove:SW2:eth3:10+trunk_remove:SW2:eth3:20,29818,29826,0.05,7.5,8,True,False,True,False,True,recovery_success,0.0025575905601726845,8,6,1,0,1,1,1,1,0
3297,5325,access_vlan:SW1:eth2:10+trunk_remove:SW1:eth3:10+trunk_remove:SW1:eth3:20+trunk_remove:SW2:eth3:20,29826,29831,0.05,8.75,5,True,False,True,False,True,recovery_success,0.04799571733456105,5,4,0,0,0,0,0,0,0
3298,5326,access_vlan:SW2:eth1:20+trunk_remove:SW1:eth3:20,29831,29834,0.05,9.35,3,True,False,True,False,True,recovery_success,0.0026410503002504506,3,2,0,0,0,0,0,0,0
3299,5327,access_vlan:SW1:eth1:20+access_vlan:SW2:eth1:20+trunk_remove:SW1:eth3:10,29834,29838,0.05,8.549999999999999,4,True,False,True,False,True,recovery_success,0.0016889661201275885,4,3,0,0,1,1,1,0,0
3300,5328,access_vlan:SW1:eth2:10+access_vlan:SW2:eth2:10+trunk_remove:SW1:eth3:10+trunk_remove:SW1:eth3:20+trunk_remove:SW2:eth3:10+trunk_remove:SW2:eth3:20,29838,29845,0.05,8.149999999999999,7,True,False,True,False,True,recovery_success,0.0025810516755362706,7,6,0,0,0,0,0,0,0
3301,5329,access_vlan:SW1:eth1:20+access_vlan:SW1:eth2:10+access_vlan:SW2:eth1:20+trunk_remove:SW1:eth3:10+trunk_remove:SW2:eth3:10,29845,29850,0.05,8.899999999999999,5,True,False,True,False,True,recovery_success,0.04097825505305082,5,3,1,0,0,0,0,0,0
3302,5330,access_vlan:SW2:eth2:10+trunk_remove:SW1:eth3:20,29850,29853,0.05,9.35,3,True,False,True,False,True,recovery_success,0.0019547418924048543,3,2,0,0,0,0,0,0,0
3303,5331,access_vlan:SW2:eth2:10+trunk_remove:SW1:eth3:10+trunk_remove:SW2:eth3:10,29853,29857,0.05,9.049999999999999,4,True,False,True,False,True,recovery_success,0.015011634764960036,4,3,0,0,0,0,0,0,0
3304,5332,access_vlan:SW1:eth1:20+access_vlan:SW2:eth1:20+trunk_remove:SW1:eth3:20+trunk_remove:SW2:eth3:20,29857,29862,0.05,8.75,5,True,False,True,False,True,recovery_success,0.005209521460346878,5,4,0,0,0,0,0,0,0
3305,5333,access_vlan:SW1:eth1:20+access_vlan:SW2:eth1:20+trunk_remove:SW1:eth3:20,29862,29867,0.05,8.899999999999999,5,True,False,True,False,True,recovery_success,0.04082966714631766,5,3,1,0,0,0,0,0,0
3306,5334,access_vlan:SW1:eth2:10+access_vlan:SW2:eth2:10+trunk_remove:SW1:eth3:10+trunk_remove:SW1:eth3:20,29867,29872,0.05,8.75,5,True,False,True,False,True,recovery_success,0.002598815271630883,5,4,0,0,0,0,0,0,0
3307,5335,access_vlan:SW2:eth1:20+access_vlan:SW2:eth2:10+trunk_remove:SW1:eth3:10+trunk_remove:SW1:eth3:20+trunk_remove:SW2:eth3:10+trunk_remove:SW2:eth3:20,29872,29879,0.05,7.6499999999999995,7,True,False,True,False,True,recovery_success,0.002188389788248709,7,6,0,0,1,1,1,0,0
3308,5336,access_vlan:SW1:eth1:20+access_vlan:SW1:eth2:10+trunk_remove:SW1:eth3:10,29879,29883,0.05,8.549999999999999,4,True,False,True,False,True,recovery_success,0.002565607152064331,4,3,0,0,1,1,1,0,0
3309,5337,access_vlan:SW1:eth1:20+access_vlan:SW1:eth2:10+access_vlan:SW2:eth2:10+trunk_remove:SW1:eth3:10+trunk_remove:SW2:eth3:10,29883,29888,0.05,8.899999999999999,5,True,False,True,False,True,recovery_success,0.0014456934528425335,5,3,1,0,0,0,0,0,0
3310,5338,access_vlan:SW1:eth1:20+trunk_remove:SW2:eth3:10,29888,29891,0.05,9.35,3,True,False,True,False,True,recovery_success,0.0012651513485858838,3,2,0,0,0,0,0,0,0
3311,5339,access_vlan:SW1:eth2:10+access_vlan:SW2:eth1:20+trunk_remove:SW1:eth3:10+trunk_remove:SW1:eth3:20+trunk_remove:SW2:eth3:10,29891,29897,0.05,8.45,6,True,False,True,False,True,recovery_success,0.004913092455050598,6,5,0,0,0,0,0,0,0
3312,5340,access_vlan:SW1:eth1:20+access_vlan:SW1:eth2:10+trunk_remove:SW1:eth3:20+trunk_remove:SW2:eth3:20,29897,29902,0.05,8.25,5,True,False,True,False,True,recovery_success,0.0017510973499156534,5,4,0,0,1,1,1,0,0
3313,5341,access_vlan:SW2:eth2:10+trunk_remove:SW1:eth3:10+trunk_remove:SW1:eth3:20,29902,29906,0.05,9.049999999999999,4,True,False,True,False,True,recovery_success,0.004552475147647783,4,3,0,0,0,0,0,0,0
3314,5342,access_vlan:SW1:eth1:20+access_vlan:SW2:eth1:20+trunk_remove:SW1:eth3:10,29906,29910,0.05,8.549999999999999,4,True,False,True,False,True,recovery_success,0.0014603031740989536,4,3,0,0,1,1,1,0,0
3315,5343,access_vlan:SW1:eth1:20+access_vlan:SW1:eth2:10+access_vlan:SW2:eth2:10+trunk_remove:SW1:eth3:20,29910,29914,0.05,9.2,4,True,False,True,False,True,recovery_success,0.002791953447740525,4,2,1,0,0,0,0,0,0
3316,5344,access_vlan:SW1:eth1:20+access_vlan:SW1:eth2:10+access_vlan:SW2:eth2:10+trunk_remove:SW2:eth3:10,29914,29918,0.05,9.2,4,True,False,True,False,True,recovery_success,0.0013640656834468246,4,2,1,0,0,0,0,0,0
3317,5345,trunk_remove:SW1:eth3:10+trunk_remove:SW2:eth3:20,29918,29921,0.05,9.35,3,True,False,True,False,True,recovery_success,0.0015113091406722863,3,2,0,0,0,0,0,0,0
3318,5346,access_vlan:SW1:eth1:20+access_vlan:SW2:eth1:20+access_vlan:SW2:eth2:10+trunk_remove:SW1:eth3:10+trunk_remove:SW1:eth3:20+trunk_remove:SW2:eth3:10,29921,29927,0.05,8.6,6,True,False,True,False,True,recovery_success,0.0011801407769477616,6,4,1,0,0,0,0,0,0
3319,5347,access_vlan:SW1:eth1:20+access_vlan:SW2:eth2:10+trunk_remove:SW1:eth3:10+trunk_remove:SW2:eth3:10,29927,29932,0.05,8.75,5,True,False,True,False,True,recovery_success,0.001266200898680836,5,4,0,0,0,0,0,0,0
3320,5348,access_vlan:SW1:eth1:20+access_vlan:SW1:eth2:10+access_vlan:SW2:eth2:10,29932,29935,0.05,9.5,3,True,False,True,False,True,recovery_success,0.0011494574719108641,3,1,1,0,0,0,0,0,0
3321,5349,trunk_remove:SW1:eth3:20+trunk_remove:SW2:eth3:20,29935,29938,0.05,9.35,3,True,False,True,False,True,recovery_success,0.0014521121241462727,3,2,0,0,0,0,0,0,0
3322,5350,access_vlan:SW1:eth1:20+access_vlan:SW2:eth2:10+trunk_remove:SW1:eth3:10+trunk_remove:SW1:eth3:20+trunk_remove:SW2:eth3:10,29938,29944,0.05,8.45,6,True,False,True,False,True,recovery_success,0.0015429449267685413,6,5,0,0,0,0,0,0,0
3323,5351,trunk_remove:SW2:eth3:10+trunk_remove:SW2:eth3:20,29944,29947,0.05,9.35,3,True,False,True,False,True,recovery_success,0.002315730399762591,3,2,0,0,0,0,0,0,0
3324,5352,access_vlan:SW1:eth1:20+access_vlan:SW1:eth2:10+access_vlan:SW2:eth1:20,29947,29950,0.05,9.5,3,True,False,True,False,True,recovery_success,0.0013559636427089572,3,1,1,0,0,0,0,0,0
3325,5353,access_vlan:SW1:eth1:20+access_vlan:SW2:eth2:10+trunk_remove:SW1:eth3:10+trunk_remove:SW2:eth3:10,29950,29955,0.05,8.75,5,True,False,True,False,True,recovery_success,0.000981086806859821,5,4,0,0,0,0,0,0,0
3326,5354,access_vlan:SW2:eth1:20+access_vlan:SW2:eth2:10+trunk_remove:SW1:eth3:20+trunk_remove:SW2:eth3:10+trunk_remove:SW2:eth3:20,29955,29961,0.05,7.949999999999999,6,True,False,True,False,True,recovery_success,0.040914373802176364,6,5,0,0,1,1,1,0,0
3327,5355,access_vlan:SW1:eth2:10+trunk_remove:SW1:eth3:10+trunk_remove:SW1:eth3:20,29961,29965,0.05,9.049999999999999,4,True,False,True,False,True,recovery_success,0.0012759758974425495,4,3,0,0,0,0,0,0,0
3328,5356,access_vlan:SW1:eth1:20+access_vlan:SW1:eth2:10+access_vlan:SW2:eth1:20,29965,29968,0.05,9.5,3,True,False,True,False,True,recovery_success,0.0029274357172350087,3,1,1,0,0,0,0,0,0
3329,5357,access_vlan:SW1:eth2:10+access_vlan:SW2:eth1:20+access_vlan:SW2:eth2:10+trunk_remove:SW1:eth3:10+trunk_remove:SW1:eth3:20+trunk_remove:SW2:eth3:20,29968,29974,0.05,8.6,6,True,False,True,False,True,recovery_success,0.001567826858566453,6,4,1,0,0,0,0,0,0
3330,5358,access_vlan:SW2:eth1:20+access_vlan:SW2:eth2:10,29974,29978,0.05,8.7,4,True,False,True,False,True,recovery_success,0.0012667613191297278,4,2,1,0,1,1,1,0,0
3331,5359,access_vlan:SW1:eth1:20+access_vlan:SW1:eth2:10+trunk_remove:SW1:eth3:20+trunk_remove:SW2:eth3:20,29978,29983,0.05,8.25,5,True,False,True,False,True,recovery_success,0.0016078680870123207,5,4,0,0,1,1,1,0,0
3332,5360,access_vlan:SW1:eth1:20+access_vlan:SW1:eth2:10+access_vlan:SW2:eth2:10+trunk_remove:SW1:eth3:20,29983,29987,0.05,9.2,4,True,False,True,False,True,recovery_success,0.0018715630867518485,4,2,1,0,0,0,0,0,0
3333,5361,access_vlan:SW1:eth1:20+trunk_remove:SW1:eth3:20+trunk_remove:SW2:eth3:10+trunk_remove:SW2:eth3:20,29987,29993,0.05,8.6,6,True,False,True,False,True,recovery_success,0.002034891687799245,6,4,1,0,0,0,0,0,0
3334,5362,access_vlan:SW2:eth1:20+access_vlan:SW2:eth2:10+trunk_remove:SW1:eth3:20,29993,29997,0.05,8.549999999999999,4,True,False,True,False,True,recovery_success,0.001783962405170314,4,3,0,0,1,1,1,0,0
3335,5363,access_vlan:SW1:eth1:20+access_vlan:SW1:eth2:10+access_vlan:SW2:eth2:10+trunk_remove:SW1:eth3:20,29997,30004,0.05,6.949999999999999,7,True,False,True,False,True,recovery_success,0.013028113163142865,7,4,2,0,3,3,1,1,0
3336,5364,access_vlan:SW2:eth1:20+access_vlan:SW2:eth2:10+trunk_remove:SW2:eth3:20,30004,30008,0.05,8.549999999999999,4,True,False,True,False,True,recovery_success,0.01169251138344407,4,3,0,0,1,1,1,0,0
3337,5365,access_vlan:SW1:eth1:20+access_vlan:SW2:eth1:20+trunk_remove:SW2:eth3:10+trunk_remove:SW2:eth3:20,30008,30013,0.05,8.75,5,True,False,True,False,True,recovery_success,0.013274157233536244,5,4,0,0,0,0,0,0,0
3338,5366,access_vlan:SW1:eth1:20+access_vlan:SW1:eth2:10+access_vlan:SW2:eth2:10+trunk_remove:SW1:eth3:10+trunk_remove:SW1:eth3:20+trunk_remove:SW2:eth3:10+trunk_remove:SW2:eth3:20,30013,30022,0.05,7.199999999999999,9,True,False,True,False,True,recovery_success,0.0421316045232945,9,7,1,0,1,1,1,1,0
3339,5367,trunk_remove:SW2:eth3:10,30022,30026,0.05,8.049999999999999,4,True,False,True,False,True,recovery_success,0.01712851575575769,4,3,0,0,2,2,1,0,0
3340,5368,access_vlan:SW1:eth1:20+access_vlan:SW2:eth2:10+trunk_remove:SW1:eth3:10+trunk_remove:SW2:eth3:10,30026,30031,0.05,8.75,5,True,False,True,False,True,recovery_success,0.01765842903405428,5,4,0,0,0,0,0,0,0
3341,5369,access_vlan:SW2:eth2:10+trunk_remove:SW1:eth3:10,30031,30037,0.05,7.1,6,True,False,True,False,True,recovery_success,0.008512998387838403,6,4,1,0,3,3,1,1,0
3342,5370,access_vlan:SW1:eth1:20+access_vlan:SW2:eth1:20+trunk_remove:SW1:eth3:10+trunk_remove:SW1:eth3:20+trunk_remove:SW2:eth3:10+trunk_remove:SW2:eth3:20,30037,30045,0.05,7.999999999999999,8,True,False,True,False,True,recovery_success,0.009515208832453936,8,6,1,0,0,0,0,0,0
3343,5371,access_vlan:SW2:eth1:20+trunk_remove:SW1:eth3:10+trunk_remove:SW1:eth3:20+trunk_remove:SW2:eth3:10,30045,30050,0.05,8.75,5,True,False,True,False,True,recovery_success,0.011084721144288778,5,4,0,0,0,0,0,0,0
3344,5372,access_vlan:SW1:eth2:10+trunk_remove:SW2:eth3:20,30050,30053,0.05,9.35,3,True,False,True,False,True,recovery_success,0.010257199717064699,3,2,0,0,0,0,0,0,0
3345,5373,access_vlan:SW1:eth1:20+access_vlan:SW1:eth2:10+access_vlan:SW2:eth1:20+access_vlan:SW2:eth2:10+trunk_remove:SW1:eth3:10,30053,30056,0.05,9.5,3,True,False,True,False,True,recovery_success,0.007711717393249273,3,1,1,0,0,0,0,0,0
3346,5374,access_vlan:SW2:eth1:20+trunk_remove:SW2:eth3:10,30056,30059,0.05,9.35,3,True,False,True,False,True,recovery_success,0.008644103072583675,3,2,0,0,0,0,0,0,0
3347,5375,access_vlan:SW1:eth2:10+access_vlan:SW2:eth2:10+trunk_remove:SW1:eth3:10+trunk_remove:SW1:eth3:20+trunk_remove:SW2:eth3:10+trunk_remove:SW2:eth3:20,30059,30066,0.05,8.149999999999999,7,True,False,True,False,True,recovery_success,0.007487022450992039,7,6,0,0,0,0,0,0,0
3348,5376,access_vlan:SW2:eth1:20+trunk_remove:SW1:eth3:10,30066,30069,0.05,9.35,3,True,False,True,False,True,recovery_success,0.0047228702654441195,3,2,0,0,0,0,0,0,0
3349,5377,access_vlan:SW1:eth1:20+trunk_remove:SW1:eth3:10,30069,30072,0.05,9.35,3,True,False,True,False,True,recovery_success,0.0044787293300032616,3,2,0,0,0,0,0,0,0
3350,5378,access_vlan:SW2:eth1:20+access_vlan:SW2:eth2:10+trunk_remove:SW1:eth3:10+trunk_remove:SW2:eth3:10+trunk_remove:SW2:eth3:20,30072,30078,0.05,7.949999999999999,6,True,False,True,False,True,recovery_success,0.006082928933513661,6,5,0,0,1,1,1,0,0
3351,5379,access_vlan:SW1:eth2:10+access_vlan:SW2:eth2:10+trunk_remove:SW1:eth3:10+trunk_remove:SW2:eth3:10,30078,30083,0.05,8.75,5,True,False,True,False,True,recovery_success,0.005974451638758182,5,4,0,0,0,0,0,0,0
3352,5380,access_vlan:SW1:eth1:20+access_vlan:SW2:eth1:20+access_vlan:SW2:eth2:10+trunk_remove:SW1:eth3:10+trunk_remove:SW1:eth3:20,30083,30088,0.05,8.899999999999999,5,True,False,True,False,True,recovery_success,0.04784749830141664,5,3,1,0,0,0,0,0,0
3353,5381,access_vlan:SW2:eth1:20+access_vlan:SW2:eth2:10+trunk_remove:SW2:eth3:10,30088,30092,0.05,8.549999999999999,4,True,False,True,False,True,recovery_success,0.05778634245507419,4,3,0,0,1,1,1,0,0
3354,5382,access_vlan:SW1:eth1:20+access_vlan:SW1:eth2:10+access_vlan:SW2:eth1:20+access_vlan:SW2:eth2:10+trunk_remove:SW1:eth3:10+trunk_remove:SW1:eth3:20+trunk_remove:SW2:eth3:10,30092,30097,0.05,8.899999999999999,5,True,False,True,False,True,recovery_success,0.0048105210531502966,5,3,1,0,0,0,0,0,0
3355,5383,access_vlan:SW1:eth2:10+access_vlan:SW2:eth1:20+access_vlan:SW2:eth2:10+trunk_remove:SW2:eth3:20,30097,30101,0.05,9.2,4,True,False,True,False,True,recovery_success,0.006049232208169997,4,2,1,0,0,0,0,0,0
3356,5384,access_vlan:SW1:eth2:10+trunk_remove:SW1:eth3:10+trunk_remove:SW1:eth3:20+trunk_remove:SW2:eth3:20,30101,30106,0.05,8.75,5,True,False,True,False,True,recovery_success,0.005347841326147318,5,4,0,0,0,0,0,0,0
3357,5385,access_vlan:SW1:eth2:10+trunk_remove:SW1:eth3:10+trunk_remove:SW2:eth3:10,30106,30111,0.05,-11.75,5,True,False,True,False,False,incorrect_declare_done,0.0033660158049315216,5,4,0,0,1,1,1,0,1
3358,5386,access_vlan:SW1:eth1:20+access_vlan:SW1:eth2:10+access_vlan:SW2:eth2:10,30111,30114,0.05,9.5,3,True,False,True,False,True,recovery_success,0.0031426482989142337,3,1,1,0,0,0,0,0,0
3359,5387,access_vlan:SW1:eth1:20+trunk_remove:SW1:eth3:20,30114,30117,0.05,9.35,3,True,False,True,False,True,recovery_success,0.00388491239088277,3,2,0,0,0,0,0,0,0
3360,5388,access_vlan:SW1:eth1:20+access_vlan:SW1:eth2:10+trunk_remove:SW1:eth3:10+trunk_remove:SW2:eth3:20,30117,30122,0.05,8.25,5,True,False,True,False,True,recovery_success,0.04024861105717718,5,4,0,0,1,1,1,0,0
3361,5389,access_vlan:SW1:eth1:20+access_vlan:SW2:eth1:20+access_vlan:SW2:eth2:10+trunk_remove:SW1:eth3:10+trunk_remove:SW1:eth3:20,30122,30127,0.05,8.899999999999999,5,True,False,True,False,True,recovery_success,0.005919983005151152,5,3,1,0,0,0,0,0,0
3362,5390,trunk_remove:SW2:eth3:10,30127,30129,0.05,9.649999999999999,2,True,False,True,False,True,recovery_success,0.0027702362276613712,2,1,0,0,0,0,0,0,0
3363,5391,access_vlan:SW1:eth2:10+access_vlan:SW2:eth2:10+trunk_remove:SW1:eth3:10+trunk_remove:SW1:eth3:20+trunk_remove:SW2:eth3:10+trunk_remove:SW2:eth3:20,30129,30136,0.05,8.149999999999999,7,True,False,True,False,True,recovery_success,0.0047998443645026,7,6,0,0,0,0,0,0,0
3364,5392,access_vlan:SW1:eth2:10+trunk_remove:SW2:eth3:20,30136,30140,0.05,9.2,4,True,False,True,False,True,recovery_success,0.0066857823403552175,4,2,1,0,0,0,0,0,0
3365,5393,access_vlan:SW1:eth2:10+access_vlan:SW2:eth1:20+trunk_remove:SW1:eth3:10+trunk_remove:SW2:eth3:10,30140,30145,0.05,8.75,5,True,False,True,False,True,recovery_success,0.004098603641614318,5,4,0,0,0,0,0,0,0
3366,5394,access_vlan:SW1:eth1:20+access_vlan:SW2:eth1:20+trunk_remove:SW1:eth3:20+trunk_remove:SW2:eth3:20,30145,30150,0.05,8.75,5,True,False,True,False,True,recovery_success,0.004324291273951531,5,4,0,0,0,0,0,0,0
3367,5395,access_vlan:SW1:eth1:20+access_vlan:SW1:eth2:10+access_vlan:SW2:eth1:20+trunk_remove:SW2:eth3:10+trunk_remove:SW2:eth3:20,30150,30153,0.05,-10.65,3,True,False,True,False,False,incorrect_declare_done,0.0066259680315852165,3,2,0,0,0,0,0,0,1
3368,5396,access_vlan:SW1:eth2:10+access_vlan:SW2:eth2:10+trunk_remove:SW1:eth3:10+trunk_remove:SW2:eth3:10,30153,30158,0.05,8.75,5,True,False,True,False,True,recovery_success,0.0035176097415387632,5,4,0,0,0,0,0,0,0
3369,5397,access_vlan:SW1:eth1:20+access_vlan:SW1:eth2:10+trunk_remove:SW1:eth3:10+trunk_remove:SW2:eth3:10+trunk_remove:SW2:eth3:20,30158,30164,0.05,7.949999999999999,6,True,False,True,False,True,recovery_success,0.0340529263097172,6,5,0,0,1,1,1,0,0
3370,5398,access_vlan:SW1:eth1:20+access_vlan:SW2:eth1:20+trunk_remove:SW1:eth3:10,30164,30168,0.05,8.549999999999999,4,True,False,True,False,True,recovery_success,0.0024448948679491878,4,3,0,0,1,1,1,0,0
3371,5399,access_vlan:SW1:eth1:20+access_vlan:SW2:eth2:10+trunk_remove:SW1:eth3:10+trunk_remove:SW2:eth3:10+trunk_remove:SW2:eth3:20,30168,30174,0.05,8.45,6,True,False,True,False,True,recovery_success,0.01244184048846364,6,5,0,0,0,0,0,0,0
3372,5400,access_vlan:SW1:eth1:20+trunk_remove:SW1:eth3:20,30174,30177,0.05,9.35,3,True,False,True,False,True,recovery_success,0.0022891725723942122,3,2,0,0,0,0,0,0,0
3373,5401,access_vlan:SW2:eth2:10,30177,30179,0.05,9.649999999999999,2,True,False,True,False,True,recovery_success,0.0027421413105912507,2,1,0,0,0,0,0,0,0
3374,5402,access_vlan:SW1:eth2:10+trunk_remove:SW1:eth3:20+trunk_remove:SW2:eth3:10+trunk_remove:SW2:eth3:20,30179,30186,0.05,7.6499999999999995,7,True,False,True,False,True,recovery_success,0.0021999209587063107,7,6,0,0,1,1,1,0,0
3375,5403,access_vlan:SW1:eth2:10+trunk_remove:SW1:eth3:20+trunk_remove:SW2:eth3:10+trunk_remove:SW2:eth3:20,30186,30191,0.05,8.75,5,True,False,True,False,True,recovery_success,0.002298561716452241,5,4,0,0,0,0,0,0,0
3376,5404,access_vlan:SW1:eth1:20+access_vlan:SW1:eth2:10+access_vlan:SW2:eth1:20+trunk_remove:SW1:eth3:10+trunk_remove:SW2:eth3:20,30191,30196,0.05,8.899999999999999,5,True,False,True,False,True,recovery_success,0.0025224269367754458,5,3,1,0,0,0,0,0,0
3377,5405,access_vlan:SW1:eth1:20+access_vlan:SW2:eth2:10+trunk_remove:SW1:eth3:20+trunk_remove:SW2:eth3:10,30196,30201,0.05,8.25,5,True,False,True,False,True,recovery_success,0.002437792462296784,5,4,0,0,1,1,1,0,0
3378,5406,access_vlan:SW1:eth2:10+access_vlan:SW2:eth2:10+trunk_remove:SW1:eth3:20+trunk_remove:SW2:eth3:10+trunk_remove:SW2:eth3:20,30201,30207,0.05,8.45,6,True,False,True,False,True,recovery_success,0.03740633430425078,6,5,0,0,0,0,0,0,0
3379,5407,access_vlan:SW1:eth1:20+trunk_remove:SW1:eth3:20,30207,30210,0.05,9.35,3,True,False,True,False,True,recovery_success,0.003309396638845404,3,2,0,0,0,0,0,0,0
3380,5408,access_vlan:SW1:eth1:20+access_vlan:SW1:eth2:10+access_vlan:SW2:eth2:10+trunk_remove:SW2:eth3:10,30210,30214,0.05,9.2,4,True,False,True,False,True,recovery_success,0.003907339065335691,4,2,1,0,0,0,0,0,0
3381,5409,access_vlan:SW1:eth1:20+access_vlan:SW1:eth2:10+access_vlan:SW2:eth2:10+trunk_remove:SW2:eth3:10,30214,30218,0.05,9.2,4,True,False,True,False,True,recovery_success,0.004568656557239592,4,2,1,0,0,0,0,0,0
3382,5410,access_vlan:SW1:eth2:10+access_vlan:SW2:eth1:20+access_vlan:SW2:eth2:10+trunk_remove:SW1:eth3:20+trunk_remove:SW2:eth3:10,30218,30223,0.05,8.899999999999999,5,True,False,True,False,True,recovery_success,0.003074545180425048,5,3,1,0,0,0,0,0,0
3383,5411,access_vlan:SW1:eth1:20+access_vlan:SW1:eth2:10+access_vlan:SW2:eth2:10+trunk_remove:SW1:eth3:10+trunk_remove:SW1:eth3:20+trunk_remove:SW2:eth3:10,30223,30231,0.05,7.999999999999999,8,True,False,True,False,True,recovery_success,0.02701806007826235,8,5,1,0,0,0,0,0,0
3384,5412,access_vlan:SW2:eth1:20+access_vlan:SW2:eth2:10+trunk_remove:SW1:eth3:10+trunk_remove:SW1:eth3:20,30231,30236,0.05,8.25,5,True,False,True,False,True,recovery_success,0.0027961396146565674,5,4,0,0,1,1,1,0,0
3385,5413,access_vlan:SW2:eth1:20+trunk_remove:SW1:eth3:10+trunk_remove:SW1:eth3:20+trunk_remove:SW2:eth3:10,30236,30244,0.05,7.999999999999999,8,True,False,True,False,True,recovery_success,0.024356483088922687,8,6,1,0,0,0,0,0,0
3386,5414,access_vlan:SW1:eth2:10+access_vlan:SW2:eth2:10+trunk_remove:SW1:eth3:10+trunk_remove:SW2:eth3:10+trunk_remove:SW2:eth3:20,30244,30252,0.05,7.35,8,True,False,True,False,True,recovery_success,0.008653908793348819,8,7,0,0,1,1,1,0,0
3387,5415,access_vlan:SW1:eth1:20+access_vlan:SW1:eth2:10+access_vlan:SW2:eth2:10+trunk_remove:SW1:eth3:10+trunk_remove:SW1:eth3:20+trunk_remove:SW2:eth3:10,30252,30260,0.05,7.5,8,True,False,True,False,True,recovery_success,0.004587518109474331,8,6,1,0,1,1,1,1,0
3388,5416,access_vlan:SW1:eth1:20+access_vlan:SW1:eth2:10+access_vlan:SW2:eth2:10+trunk_remove:SW1:eth3:10+trunk_remove:SW2:eth3:20,30260,30268,0.05,7.6499999999999995,8,True,False,True,False,True,recovery_success,0.00337287675938569,8,5,2,0,1,1,1,1,0
3389,5417,access_vlan:SW1:eth2:10+access_vlan:SW2:eth2:10+trunk_remove:SW1:eth3:20+trunk_remove:SW2:eth3:20,30268,30273,0.05,8.25,5,True,False,True,False,True,recovery_success,0.007972188387066126,5,4,0,0,1,1,1,0,0
3390,5418,access_vlan:SW1:eth1:20+access_vlan:SW2:eth1:20+trunk_remove:SW1:eth3:20+trunk_remove:SW2:eth3:10,30273,30278,0.05,8.75,5,True,False,True,False,True,recovery_success,0.0035012408159673216,5,4,0,0,0,0,0,0,0
3391,5419,access_vlan:SW1:eth1:20+access_vlan:SW2:eth1:20,30278,30281,0.05,8.85,3,True,False,True,False,True,recovery_success,0.0024012754826496043,3,2,0,0,1,1,1,0,0
3392,5420,trunk_remove:SW1:eth3:10+trunk_remove:SW2:eth3:10,30281,30284,0.05,9.35,3,True,False,True,False,True,recovery_success,0.0019839723439266286,3,2,0,0,0,0,0,0,0
3393,5421,access_vlan:SW1:eth2:10+access_vlan:SW2:eth1:20,30284,30287,0.05,8.85,3,True,False,True,False,True,recovery_success,0.006576965718219678,3,2,0,0,1,1,1,0,0
3394,5422,access_vlan:SW2:eth1:20+access_vlan:SW2:eth2:10+trunk_remove:SW1:eth3:20+trunk_remove:SW2:eth3:20,30287,30292,0.05,8.25,5,True,False,True,False,True,recovery_success,0.0031334940576925874,5,4,0,0,1,1,1,0,0
3395,5423,trunk_remove:SW1:eth3:10+trunk_remove:SW1:eth3:20+trunk_remove:SW2:eth3:10+trunk_remove:SW2:eth3:20,30292,30297,0.05,8.75,5,True,False,True,False,True,recovery_success,0.0026015246054157614,5,4,0,0,0,0,0,0,0
3396,5424,access_vlan:SW1:eth2:10+access_vlan:SW2:eth2:10+trunk_remove:SW1:eth3:10+trunk_remove:SW2:eth3:10+trunk_remove:SW2:eth3:20,30297,30309,0.05,5.949999999999999,12,True,False,True,False,True,recovery_success,0.02016396575102893,12,8,2,0,2,2,1,0,0
3397,5425,access_vlan:SW1:eth2:10+access_vlan:SW2:eth1:20+access_vlan:SW2:eth2:10+trunk_remove:SW2:eth3:10+trunk_remove:SW2:eth3:20,30309,30314,0.05,8.899999999999999,5,True,False,True,False,True,recovery_success,0.0036002649459987877,5,3,1,0,0,0,0,0,0
3398,5426,access_vlan:SW1:eth2:10+access_vlan:SW2:eth1:20+access_vlan:SW2:eth2:10+trunk_remove:SW2:eth3:10,30314,30318,0.05,9.2,4,True,False,True,False,True,recovery_success,0.0033485761377960443,4,2,1,0,0,0,0,0,0
3399,5427,access_vlan:SW1:eth2:10+access_vlan:SW2:eth1:20+access_vlan:SW2:eth2:10+trunk_remove:SW1:eth3:10+trunk_remove:SW2:eth3:10+trunk_remove:SW2:eth3:20,30318,30324,0.05,8.6,6,True,False,True,False,True,recovery_success,0.0028242978441994637,6,4,1,0,0,0,0,0,0
3400,5428,access_vlan:SW1:eth2:10+access_vlan:SW2:eth1:20+trunk_remove:SW1:eth3:10+trunk_remove:SW1:eth3:20,30324,30331,0.05,7.1499999999999995,7,True,False,True,False,True,recovery_success,0.001264029905931758,7,6,0,0,2,2,1,0,0
3401,5429,access_vlan:SW1:eth1:20+access_vlan:SW2:eth1:20+access_vlan:SW2:eth2:10+trunk_remove:SW2:eth3:20,30331,30337,0.05,7.6,6,True,False,True,False,True,recovery_success,0.0018283867393620312,6,4,1,0,2,2,1,0,0
3402,5430,access_vlan:SW1:eth2:10,30337,30339,0.05,9.649999999999999,2,True,False,True,False,True,recovery_success,0.0013485536619555205,2,1,0,0,0,0,0,0,0
3403,5431,access_vlan:SW1:eth1:20+access_vlan:SW1:eth2:10+trunk_remove:SW1:eth3:20+trunk_remove:SW2:eth3:20,30339,30344,0.05,8.25,5,True,False,True,False,True,recovery_success,0.03962291206698865,5,4,0,0,1,1,1,0,0
3404,5432,access_vlan:SW2:eth1:20+trunk_remove:SW1:eth3:10+trunk_remove:SW1:eth3:20+trunk_remove:SW2:eth3:10,30344,30349,0.05,8.75,5,True,False,True,False,True,recovery_success,0.03653684533201158,5,4,0,0,0,0,0,0,0
3405,5433,access_vlan:SW1:eth1:20+access_vlan:SW1:eth2:10+access_vlan:SW2:eth2:10+trunk_remove:SW1:eth3:10+trunk_remove:SW2:eth3:10,30349,30354,0.05,8.899999999999999,5,True,False,True,False,True,recovery_success,0.016378289251588286,5,3,1,0,0,0,0,0,0
3406,5434,access_vlan:SW1:eth2:10+access_vlan:SW2:eth1:20+trunk_remove:SW1:eth3:10+trunk_remove:SW2:eth3:20,30354,30359,0.05,8.75,5,True,False,True,False,True,recovery_success,0.0034914224641397597,5,4,0,0,0,0,0,0,0
3407,5435,access_vlan:SW2:eth2:10+trunk_remove:SW2:eth3:10+trunk_remove:SW2:eth3:20,30359,30363,0.05,9.049999999999999,4,True,False,True,False,True,recovery_success,0.002824606723152101,4,3,0,0,0,0,0,0,0
3408,5436,access_vlan:SW1:eth2:10+access_vlan:SW2:eth1:20+access_vlan:SW2:eth2:10+trunk_remove:SW1:eth3:10+trunk_remove:SW1:eth3:20+trunk_remove:SW2:eth3:10+trunk_remove:SW2:eth3:20,30363,30370,0.05,8.299999999999999,7,True,False,True,False,True,recovery_success,0.0029429853394893663,7,5,1,0,0,0,0,0,0
3409,5437,access_vlan:SW1:eth1:20+access_vlan:SW1:eth2:10+access_vlan:SW2:eth1:20+trunk_remove:SW1:eth3:20+trunk_remove:SW2:eth3:20,30370,30375,0.05,8.899999999999999,5,True,False,True,False,True,recovery_success,0.002539790840819478,5,3,1,0,0,0,0,0,0
3410,5438,trunk_remove:SW1:eth3:10+trunk_remove:SW1:eth3:20+trunk_remove:SW2:eth3:10+trunk_remove:SW2:eth3:20,30375,30380,0.05,8.75,5,True,False,True,False,True,recovery_success,0.004376001050695777,5,4,0,0,0,0,0,0,0
3411,5439,access_vlan:SW1:eth1:20+access_vlan:SW2:eth2:10,30380,30383,0.05,8.85,3,True,False,True,False,True,recovery_success,0.003590497886762023,3,2,0,0,1,1,1,0,0
3412,5440,access_vlan:SW1:eth2:10+access_vlan:SW2:eth1:20+trunk_remove:SW1:eth3:10+trunk_remove:SW1:eth3:20+trunk_remove:SW2:eth3:10,30383,30390,0.05,8.299999999999999,7,True,False,True,False,True,recovery_success,0.002894505808529045,7,5,1,0,0,0,0,0,0
3413,5441,access_vlan:SW2:eth1:20+access_vlan:SW2:eth2:10+trunk_remove:SW1:eth3:10+trunk_remove:SW2:eth3:10+trunk_remove:SW2:eth3:20,30390,30396,0.05,7.949999999999999,6,True,False,True,False,True,recovery_success,0.0020551313646137714,6,5,0,0,1,1,1,0,0
3414,5442,access_vlan:SW2:eth1:20+access_vlan:SW2:eth2:10+trunk_remove:SW1:eth3:20+trunk_remove:SW2:eth3:20,30396,30401,0.05,8.25,5,True,False,True,False,True,recovery_success,0.031583114014938476,5,4,0,0,1,1,1,0,0
3415,5443,access_vlan:SW1:eth2:10+access_vlan:SW2:eth1:20+access_vlan:SW2:eth2:10+trunk_remove:SW2:eth3:20,30401,30407,0.05,8.1,6,True,False,True,False,True,recovery_success,0.0038468919422787926,6,4,1,0,1,1,1,1,0
3416,5444,access_vlan:SW1:eth1:20+access_vlan:SW1:eth2:10+trunk_remove:SW1:eth3:10+trunk_remove:SW2:eth3:20,30407,30412,0.05,8.25,5,True,False,True,False,True,recovery_success,0.028481992520391942,5,4,0,0,1,1,1,0,0
3417,5445,access_vlan:SW2:eth2:10+trunk_remove:SW1:eth3:10+trunk_remove:SW2:eth3:10+trunk_remove:SW2:eth3:20,30412,30417,0.05,8.75,5,True,False,True,False,True,recovery_success,0.0024604394100606443,5,4,0,0,0,0,0,0,0
3418,5446,access_vlan:SW2:eth1:20+access_vlan:SW2:eth2:10+trunk_remove:SW1:eth3:10+trunk_remove:SW2:eth3:20,30417,30422,0.05,8.25,5,True,False,True,False,True,recovery_success,0.0024083061143755913,5,4,0,0,1,1,1,0,0
3419,5447,access_vlan:SW1:eth1:20+access_vlan:SW1:eth2:10+access_vlan:SW2:eth2:10+trunk_remove:SW1:eth3:20+trunk_remove:SW2:eth3:20,30422,30427,0.05,8.899999999999999,5,True,False,True,False,True,recovery_success,0.0023727566935122014,5,3,1,0,0,0,0,0,0
3420,5448,access_vlan:SW1:eth1:20+access_vlan:SW1:eth2:10+access_vlan:SW2:eth1:20+trunk_remove:SW1:eth3:10+trunk_remove:SW2:eth3:10,30427,30432,0.05,8.899999999999999,5,True,False,True,False,True,recovery_success,0.0021917075850069524,5,3,1,0,0,0,0,0,0
3421,5449,access_vlan:SW1:eth1:20+access_vlan:SW1:eth2:10+trunk_remove:SW1:eth3:20+trunk_remove:SW2:eth3:10+trunk_remove:SW2:eth3:20,30432,30438,0.05,7.949999999999999,6,True,False,True,False,True,recovery_success,0.0021613689993197718,6,5,0,0,1,1,1,0,0
3422,5450,access_vlan:SW1:eth1:20+trunk_remove:SW2:eth3:10,30438,30441,0.05,9.35,3,True,False,True,False,True,recovery_success,0.0018089703128983576,3,2,0,0,0,0,0,0,0
3423,5451,access_vlan:SW1:eth2:10+access_vlan:SW2:eth1:20+trunk_remove:SW1:eth3:10+trunk_remove:SW2:eth3:10+trunk_remove:SW2:eth3:20,30441,30449,0.05,7.85,8,True,False,True,False,True,recovery_success,0.003099153924267739,8,7,0,0,0,0,0,0,0
3424,5452,access_vlan:SW1:eth2:10+access_vlan:SW2:eth1:20+trunk_remove:SW1:eth3:10+trunk_remove:SW1:eth3:20,30449,30454,0.05,8.75,5,True,False,True,False,True,recovery_success,0.004173936694860459,5,4,0,0,0,0,0,0,0
3425,5453,access_vlan:SW2:eth2:10+trunk_remove:SW1:eth3:10+trunk_remove:SW1:eth3:20+trunk_remove:SW2:eth3:10+trunk_remove:SW2:eth3:20,30454,30462,0.05,8.149999999999999,8,True,False,True,False,True,recovery_success,0.01422228550654836,8,5,2,0,0,0,0,0,0
3426,5454,access_vlan:SW1:eth1:20+trunk_remove:SW1:eth3:20+trunk_remove:SW2:eth3:10+trunk_remove:SW2:eth3:20,30462,30467,0.05,8.75,5,True,False,True,False,True,recovery_success,0.010887920157983899,5,4,0,0,0,0,0,0,0
3427,5455,access_vlan:SW2:eth1:20+trunk_remove:SW1:eth3:20+trunk_remove:SW2:eth3:10,30467,30472,0.05,8.899999999999999,5,True,False,True,False,True,recovery_success,0.017917420901358127,5,3,1,0,0,0,0,0,0
3428,5456,access_vlan:SW1:eth2:10+access_vlan:SW2:eth2:10+trunk_remove:SW1:eth3:20+trunk_remove:SW2:eth3:10,30472,30477,0.05,8.75,5,True,False,True,False,True,recovery_success,0.023926431220024823,5,4,0,0,0,0,0,0,0
3429,5457,access_vlan:SW1:eth1:20+access_vlan:SW1:eth2:10+access_vlan:SW2:eth1:20+access_vlan:SW2:eth2:10,30477,30481,0.05,7.699999999999999,4,True,False,True,False,True,recovery_success,0.027858948335051537,4,2,1,0,3,3,1,1,0
3430,5458,access_vlan:SW1:eth2:10,30481,30483,0.05,9.649999999999999,2,True,False,True,False,True,recovery_success,0.015619591111317277,2,1,0,0,0,0,0,0,0
3431,5459,access_vlan:SW2:eth1:20+access_vlan:SW2:eth2:10+trunk_remove:SW2:eth3:10,30483,30487,0.05,8.549999999999999,4,True,False,True,False,True,recovery_success,0.06084180128527805,4,3,0,0,1,1,1,0,0
3432,5460,access_vlan:SW2:eth2:10+trunk_remove:SW1:eth3:10+trunk_remove:SW2:eth3:10+trunk_remove:SW2:eth3:20,30487,30492,0.05,8.75,5,True,False,True,False,True,recovery_success,0.011844270676374436,5,4,0,0,0,0,0,0,0
3433,5461,access_vlan:SW1:eth2:10+trunk_remove:SW1:eth3:10+trunk_remove:SW1:eth3:20+trunk_remove:SW2:eth3:10+trunk_remove:SW2:eth3:20,30492,30499,0.05,8.299999999999999,7,True,False,True,False,True,recovery_success,0.020433299309973205,7,5,1,0,0,0,0,0,0
3434,5462,access_vlan:SW2:eth1:20+access_vlan:SW2:eth2:10+trunk_remove:SW2:eth3:10+trunk_remove:SW2:eth3:20,30499,30505,0.05,8.1,6,True,False,True,False,True,recovery_success,0.05609168205410242,6,4,1,0,1,1,1,0,0
3435,5463,access_vlan:SW2:eth1:20+access_vlan:SW2:eth2:10+trunk_remove:SW1:eth3:10+trunk_remove:SW2:eth3:10,30505,30511,0.05,8.1,6,True,False,True,False,True,recovery_success,0.04746037349104881,6,4,1,0,1,1,1,0,0
3436,5464,access_vlan:SW1:eth1:20+access_vlan:SW1:eth2:10+access_vlan:SW2:eth2:10+trunk_remove:SW1:eth3:10+trunk_remove:SW2:eth3:10+trunk_remove:SW2:eth3:20,30511,30517,0.05,8.6,6,True,False,True,False,True,recovery_success,0.03158691059798002,6,4,1,0,0,0,0,0,0
3437,5465,access_vlan:SW1:eth1:20+access_vlan:SW2:eth1:20+trunk_remove:SW1:eth3:10+trunk_remove:SW1:eth3:20+trunk_remove:SW2:eth3:10+trunk_remove:SW2:eth3:20,30517,30524,0.05,8.149999999999999,7,True,False,True,False,True,recovery_success,0.02378689417881625,7,6,0,0,0,0,0,0,0
3438,5466,access_vlan:SW1:eth1:20+trunk_remove:SW1:eth3:10+trunk_remove:SW2:eth3:10,30524,30530,0.05,6.949999999999999,6,True,False,True,False,True,recovery_success,0.04966491305579742,6,4,0,0,3,3,1,1,0
3439,5467,access_vlan:SW1:eth1:20+trunk_remove:SW1:eth3:10+trunk_remove:SW1:eth3:20+trunk_remove:SW2:eth3:10+trunk_remove:SW2:eth3:20,30530,30536,0.05,8.45,6,True,False,True,False,True,recovery_success,0.016715450057138998,6,5,0,0,0,0,0,0,0
3440,5468,access_vlan:SW1:eth2:10+access_vlan:SW2:eth1:20+trunk_remove:SW1:eth3:10+trunk_remove:SW2:eth3:20,30536,30541,0.05,8.75,5,True,False,True,False,True,recovery_success,0.014535308070480823,5,4,0,0,0,0,0,0,0
3441,5469,access_vlan:SW1:eth1:20+trunk_remove:SW2:eth3:10+trunk_remove:SW2:eth3:20,30541,30545,0.05,9.049999999999999,4,True,False,True,False,True,recovery_success,0.013000441249459982,4,3,0,0,0,0,0,0,0
3442,5470,access_vlan:SW1:eth1:20+access_vlan:SW2:eth1:20+access_vlan:SW2:eth2:10+trunk_remove:SW1:eth3:20+trunk_remove:SW2:eth3:20,30545,30550,0.05,8.899999999999999,5,True,False,True,False,True,recovery_success,0.01349539663642645,5,3,1,0,0,0,0,0,0
3443,5471,access_vlan:SW1:eth1:20+trunk_remove:SW1:eth3:10+trunk_remove:SW2:eth3:10,30550,30554,0.05,9.049999999999999,4,True,False,True,False,True,recovery_success,0.009817538084462285,4,3,0,0,0,0,0,0,0
3444,5472,access_vlan:SW2:eth2:10+trunk_remove:SW1:eth3:20,30554,30557,0.05,9.35,3,True,False,True,False,True,recovery_success,0.011361928967138132,3,2,0,0,0,0,0,0,0
3445,5473,access_vlan:SW1:eth2:10+trunk_remove:SW1:eth3:10,30557,30560,0.05,9.35,3,True,False,True,False,True,recovery_success,0.0077567449770867825,3,2,0,0,0,0,0,0,0
3446,5474,access_vlan:SW1:eth2:10+access_vlan:SW2:eth1:20+access_vlan:SW2:eth2:10+trunk_remove:SW1:eth3:20+trunk_remove:SW2:eth3:10+trunk_remove:SW2:eth3:20,30560,30566,0.05,8.6,6,True,False,True,False,True,recovery_success,0.010474398576964935,6,4,1,0,0,0,0,0,0
3447,5475,access_vlan:SW1:eth1:20+access_vlan:SW1:eth2:10+access_vlan:SW2:eth2:10+trunk_remove:SW1:eth3:10+trunk_remove:SW2:eth3:10,30566,30571,0.05,8.899999999999999,5,True,False,True,False,True,recovery_success,0.00875907326117158,5,3,1,0,0,0,0,0,0
3448,5476,access_vlan:SW1:eth1:20+trunk_remove:SW1:eth3:10+trunk_remove:SW1:eth3:20,30571,30576,0.05,8.899999999999999,5,True,False,True,False,True,recovery_success,0.01063746465370059,5,3,1,0,0,0,0,0,0
3449,5477,access_vlan:SW2:eth2:10+trunk_remove:SW1:eth3:10,30576,30579,0.05,9.35,3,True,False,True,False,True,recovery_success,0.012046178337186575,3,2,0,0,0,0,0,0,0
3450,5478,access_vlan:SW1:eth1:20+trunk_remove:SW2:eth3:20,30579,30582,0.05,9.35,3,True,False,True,False,True,recovery_success,0.007335507000486056,3,2,0,0,0,0,0,0,0
3451,5479,access_vlan:SW1:eth1:20+access_vlan:SW2:eth2:10,30582,30585,0.05,8.85,3,True,False,True,False,True,recovery_success,0.008005494251847267,3,2,0,0,1,1,1,0,0
3452,5480,access_vlan:SW1:eth1:20+trunk_remove:SW1:eth3:10+trunk_remove:SW2:eth3:10+trunk_remove:SW2:eth3:20,30585,30592,0.05,7.15,7,True,False,True,False,True,recovery_success,0.008158899976738862,7,6,0,0,2,2,1,0,0
3453,5481,access_vlan:SW2:eth1:20+access_vlan:SW2:eth2:10,30592,30595,0.05,8.85,3,True,False,True,False,True,recovery_success,0.009389614531149467,3,2,0,0,1,1,1,0,0
3454,5482,access_vlan:SW1:eth2:10+access_vlan:SW2:eth1:20+trunk_remove:SW1:eth3:10+trunk_remove:SW1:eth3:20+trunk_remove:SW2:eth3:10+trunk_remove:SW2:eth3:20,30595,30602,0.05,8.149999999999999,7,True,False,True,False,True,recovery_success,0.008906167931854725,7,6,0,0,0,0,0,0,0
3455,5483,access_vlan:SW1:eth1:20+access_vlan:SW1:eth2:10+trunk_remove:SW1:eth3:20+trunk_remove:SW2:eth3:20,30602,30608,0.05,8.1,6,True,False,True,False,True,recovery_success,0.03457052004523575,6,4,1,0,1,1,1,0,0
3456,5484,access_vlan:SW2:eth1:20+trunk_remove:SW1:eth3:10+trunk_remove:SW1:eth3:20+trunk_remove:SW2:eth3:10,30608,30613,0.05,8.75,5,True,False,True,False,True,recovery_success,0.007801324687898159,5,4,0,0,0,0,0,0,0
3457,5485,access_vlan:SW1:eth1:20+access_vlan:SW2:eth2:10,30613,30616,0.05,8.85,3,True,False,True,False,True,recovery_success,0.00785070238634944,3,2,0,0,1,1,1,0,0
3458,5486,trunk_remove:SW1:eth3:10+trunk_remove:SW2:eth3:20,30616,30619,0.05,9.35,3,True,False,True,False,True,recovery_success,0.00545243398907284,3,2,0,0,0,0,0,0,0
3459,5487,access_vlan:SW1:eth1:20+access_vlan:SW1:eth2:10+trunk_remove:SW2:eth3:20,30619,30623,0.05,8.549999999999999,4,True,False,True,False,True,recovery_success,0.005432366742752492,4,3,0,0,1,1,1,0,0
3460,5488,access_vlan:SW1:eth1:20+access_vlan:SW1:eth2:10+trunk_remove:SW2:eth3:10+trunk_remove:SW2:eth3:20,30623,30628,0.05,8.25,5,True,False,True,False,True,recovery_success,0.007054666336625814,5,4,0,0,1,1,1,0,0
3461,5489,access_vlan:SW1:eth2:10+trunk_remove:SW2:eth3:10+trunk_remove:SW2:eth3:20,30628,30632,0.05,9.049999999999999,4,True,False,True,False,True,recovery_success,0.005391308339312673,4,3,0,0,0,0,0,0,0
3462,5490,access_vlan:SW1:eth2:10+access_vlan:SW2:eth2:10+trunk_remove:SW1:eth3:10+trunk_remove:SW2:eth3:10,30632,30637,0.05,8.75,5,True,False,True,False,True,recovery_success,0.005842365510761738,5,4,0,0,0,0,0,0,0
3463,5491,access_vlan:SW1:eth1:20+trunk_remove:SW2:eth3:10+trunk_remove:SW2:eth3:20,30637,30641,0.05,9.049999999999999,4,True,False,True,False,True,recovery_success,0.0057957894168794155,4,3,0,0,0,0,0,0,0
3464,5492,access_vlan:SW1:eth1:20+access_vlan:SW1:eth2:10+access_vlan:SW2:eth2:10+trunk_remove:SW1:eth3:20+trunk_remove:SW2:eth3:20,30641,30646,0.05,8.899999999999999,5,True,False,True,False,True,recovery_success,0.006755459867417812,5,3,1,0,0,0,0,0,0
3465,5493,access_vlan:SW1:eth1:20+access_vlan:SW1:eth2:10+trunk_remove:SW2:eth3:10+trunk_remove:SW2:eth3:20,30646,30651,0.05,8.25,5,True,False,True,False,True,recovery_success,0.006010204274207354,5,4,0,0,1,1,1,0,0
3466,5494,access_vlan:SW1:eth2:10+access_vlan:SW2:eth2:10+trunk_remove:SW1:eth3:20+trunk_remove:SW2:eth3:20,30651,30656,0.05,8.25,5,True,False,True,False,True,recovery_success,0.03986534969881177,5,4,0,0,1,1,1,0,0
3467,5495,access_vlan:SW1:eth1:20+access_vlan:SW2:eth1:20+access_vlan:SW2:eth2:10+trunk_remove:SW1:eth3:10+trunk_remove:SW1:eth3:20+trunk_remove:SW2:eth3:20,30656,30662,0.05,8.6,6,True,False,True,False,True,recovery_success,0.006710743453974525,6,4,1,0,0,0,0,0,0
3468,5496,access_vlan:SW2:eth1:20+access_vlan:SW2:eth2:10+trunk_remove:SW1:eth3:20,30662,30670,0.05,5.85,8,True,False,True,False,True,recovery_success,0.008787265018327162,8,7,0,0,4,4,3,1,0
3469,5497,access_vlan:SW1:eth1:20+trunk_remove:SW1:eth3:10+trunk_remove:SW2:eth3:10+trunk_remove:SW2:eth3:20,30670,30675,0.05,8.75,5,True,False,True,False,True,recovery_success,0.004976702760905028,5,4,0,0,0,0,0,0,0
3470,5498,access_vlan:SW1:eth1:20+access_vlan:SW1:eth2:10+access_vlan:SW2:eth1:20+trunk_remove:SW2:eth3:20,30675,30679,0.05,9.2,4,True,False,True,False,True,recovery_success,0.005302932462655008,4,2,1,0,0,0,0,0,0
3471,5499,access_vlan:SW1:eth2:10+access_vlan:SW2:eth2:10+trunk_remove:SW1:eth3:20+trunk_remove:SW2:eth3:20,30679,30684,0.05,8.25,5,True,False,True,False,True,recovery_success,0.01371966665610671,5,4,0,0,1,1,1,0,0
3472,5500,access_vlan:SW1:eth1:20+access_vlan:SW1:eth2:10+access_vlan:SW2:eth2:10+trunk_remove:SW2:eth3:10,30684,30688,0.05,9.2,4,True,False,True,False,True,recovery_success,0.00481391791254282,4,2,1,0,0,0,0,0,0
3473,5501,access_vlan:SW1:eth2:10+trunk_remove:SW2:eth3:10+trunk_remove:SW2:eth3:20,30688,30692,0.05,9.049999999999999,4,True,False,True,False,True,recovery_success,0.0061538900481536984,4,3,0,0,0,0,0,0,0
3474,5502,access_vlan:SW2:eth1:20+access_vlan:SW2:eth2:10+trunk_remove:SW1:eth3:10+trunk_remove:SW1:eth3:20+trunk_remove:SW2:eth3:10+trunk_remove:SW2:eth3:20,30692,30699,0.05,7.6499999999999995,7,True,False,True,False,True,recovery_success,0.005135314472551856,7,6,0,0,1,1,1,0,0
3475,5503,access_vlan:SW1:eth1:20+access_vlan:SW2:eth1:20+trunk_remove:SW1:eth3:10+trunk_remove:SW1:eth3:20+trunk_remove:SW2:eth3:10,30699,30705,0.05,8.45,6,True,False,True,False,True,recovery_success,0.006355301011353731,6,5,0,0,0,0,0,0,0
3476,5504,access_vlan:SW1:eth1:20+access_vlan:SW1:eth2:10+access_vlan:SW2:eth2:10+trunk_remove:SW1:eth3:10+trunk_remove:SW1:eth3:20+trunk_remove:SW2:eth3:10+trunk_remove:SW2:eth3:20,30705,30719,0.05,3.3499999999999996,14,True,False,True,False,True,recovery_success,0.006768505887261459,14,11,2,0,6,5,3,0,0
3477,5505,access_vlan:SW1:eth1:20+access_vlan:SW2:eth2:10+trunk_remove:SW1:eth3:20+trunk_remove:SW2:eth3:20,30719,30724,0.05,8.75,5,True,False,True,False,True,recovery_success,0.006720723956823349,5,4,0,0,0,0,0,0,0
3478,5506,access_vlan:SW2:eth2:10+trunk_remove:SW1:eth3:20+trunk_remove:SW2:eth3:20,30724,30728,0.05,9.049999999999999,4,True,False,True,False,True,recovery_success,0.006544448086060584,4,3,0,0,0,0,0,0,0
3479,5507,access_vlan:SW1:eth2:10+access_vlan:SW2:eth2:10+trunk_remove:SW2:eth3:10,30728,30732,0.05,9.049999999999999,4,True,False,True,False,True,recovery_success,0.00430327735375613,4,3,0,0,0,0,0,0,0
3480,5508,access_vlan:SW1:eth1:20+access_vlan:SW1:eth2:10+access_vlan:SW2:eth1:20+access_vlan:SW2:eth2:10+trunk_remove:SW2:eth3:20,30732,30735,0.05,9.5,3,True,False,True,False,True,recovery_success,0.004475676532213886,3,1,1,0,0,0,0,0,0
3481,5509,access_vlan:SW1:eth1:20,30735,30737,0.05,9.649999999999999,2,True,False,True,False,True,recovery_success,0.0037919696187600493,2,1,0,0,0,0,0,0,0
3482,5510,access_vlan:SW1:eth1:20+access_vlan:SW1:eth2:10+access_vlan:SW2:eth2:10+trunk_remove:SW1:eth3:10+trunk_remove:SW1:eth3:20+trunk_remove:SW2:eth3:20,30737,30743,0.05,8.6,6,True,False,True,False,True,recovery_success,0.004134438272255163,6,4,1,0,0,0,0,0,0
3483,5511,trunk_remove:SW2:eth3:20,30743,30745,0.05,9.649999999999999,2,True,False,True,False,True,recovery_success,0.0042620073072612286,2,1,0,0,0,0,0,0,0
3484,5512,access_vlan:SW2:eth2:10+trunk_remove:SW1:eth3:20,30745,30748,0.05,9.35,3,True,False,True,False,True,recovery_success,0.010394226216400662,3,2,0,0,0,0,0,0,0
3485,5513,access_vlan:SW1:eth2:10+trunk_remove:SW1:eth3:10+trunk_remove:SW1:eth3:20+trunk_remove:SW2:eth3:10,30748,30753,0.05,8.75,5,True,False,True,False,True,recovery_success,0.004451341228559613,5,4,0,0,0,0,0,0,0
3486,5514,trunk_remove:SW1:eth3:20+trunk_remove:SW2:eth3:10+trunk_remove:SW2:eth3:20,30753,30757,0.05,9.049999999999999,4,True,False,True,False,True,recovery_success,0.0037234810297377408,4,3,0,0,0,0,0,0,0
3487,5515,access_vlan:SW1:eth2:10+access_vlan:SW2:eth2:10+trunk_remove:SW1:eth3:10,30757,30761,0.05,9.049999999999999,4,True,False,True,False,True,recovery_success,0.0043817462283186615,4,3,0,0,0,0,0,0,0
3488,5516,access_vlan:SW1:eth2:10+access_vlan:SW2:eth2:10+trunk_remove:SW1:eth3:10+trunk_remove:SW1:eth3:20+trunk_remove:SW2:eth3:20,30761,30767,0.05,8.45,6,True,False,True,False,True,recovery_success,0.009800512188424667,6,5,0,0,0,0,0,0,0
3489,5517,access_vlan:SW1:eth2:10+trunk_remove:SW2:eth3:10+trunk_remove:SW2:eth3:20,30767,30771,0.05,9.049999999999999,4,True,False,True,False,True,recovery_success,0.004464676370844245,4,3,0,0,0,0,0,0,0
3490,5518,trunk_remove:SW1:eth3:20+trunk_remove:SW2:eth3:20,30771,30774,0.05,9.35,3,True,False,True,False,True,recovery_success,0.004458599258214235,3,2,0,0,0,0,0,0,0
3491,5519,access_vlan:SW2:eth2:10+trunk_remove:SW2:eth3:10,30774,30777,0.05,9.35,3,True,False,True,False,True,recovery_success,0.0052982493458936615,3,2,0,0,0,0,0,0,0
3492,5520,access_vlan:SW1:eth2:10+access_vlan:SW2:eth1:20+trunk_remove:SW1:eth3:10+trunk_remove:SW2:eth3:10+trunk_remove:SW2:eth3:20,30777,30783,0.05,8.45,6,True,False,True,False,True,recovery_success,0.03508776923020681,6,5,0,0,0,0,0,0,0
3493,5521,access_vlan:SW2:eth2:10,30783,30785,0.05,9.649999999999999,2,True,False,True,False,True,recovery_success,0.005511673865839839,2,1,0,0,0,0,0,0,0
3494,5522,access_vlan:SW1:eth1:20+access_vlan:SW2:eth2:10+trunk_remove:SW2:eth3:10,30785,30789,0.05,9.049999999999999,4,True,False,True,False,True,recovery_success,0.005131832556799054,4,3,0,0,0,0,0,0,0
3495,5523,access_vlan:SW1:eth1:20+access_vlan:SW1:eth2:10+trunk_remove:SW1:eth3:10+trunk_remove:SW2:eth3:10+trunk_remove:SW2:eth3:20,30789,30795,0.05,7.949999999999999,6,True,False,True,False,True,recovery_success,0.004737797775305808,6,5,0,0,1,1,1,0,0
3496,5524,access_vlan:SW1:eth1:20+access_vlan:SW1:eth2:10+access_vlan:SW2:eth2:10+trunk_remove:SW1:eth3:20,30795,30799,0.05,9.2,4,True,False,True,False,True,recovery_success,0.004072793526574969,4,2,1,0,0,0,0,0,0
3497,5525,access_vlan:SW1:eth1:20+access_vlan:SW2:eth1:20,30799,30802,0.05,8.85,3,True,False,True,False,True,recovery_success,0.003849992761388421,3,2,0,0,1,1,1,0,0
3498,5526,access_vlan:SW1:eth1:20+access_vlan:SW1:eth2:10+access_vlan:SW2:eth1:20+access_vlan:SW2:eth2:10+trunk_remove:SW1:eth3:20+trunk_remove:SW2:eth3:10,30802,30806,0.05,9.2,4,True,False,True,False,True,recovery_success,0.005046072648838162,4,2,1,0,0,0,0,0,0
3499,5527,access_vlan:SW1:eth1:20+access_vlan:SW2:eth2:10+trunk_remove:SW2:eth3:10,30806,30810,0.05,9.049999999999999,4,True,False,True,False,True,recovery_success,0.004132460220716894,4,3,0,0,0,0,0,0,0
3500,5528,access_vlan:SW1:eth1:20+trunk_remove:SW2:eth3:10,30810,30813,0.05,9.35,3,True,False,True,False,True,recovery_success,0.004102333604047696,3,2,0,0,0,0,0,0,0
3501,5529,access_vlan:SW1:eth1:20+access_vlan:SW2:eth1:20+trunk_remove:SW1:eth3:20+trunk_remove:SW2:eth3:10+trunk_remove:SW2:eth3:20,30813,30819,0.05,8.45,6,True,False,True,False,True,recovery_success,0.002968966766881446,6,5,0,0,0,0,0,0,0
3502,5530,access_vlan:SW1:eth1:20+access_vlan:SW1:eth2:10+trunk_remove:SW1:eth3:10+trunk_remove:SW1:eth3:20+trunk_remove:SW2:eth3:10+trunk_remove:SW2:eth3:20,30819,30826,0.05,7.6499999999999995,7,True,False,True,False,True,recovery_success,0.004549994732120207,7,6,0,0,1,1,1,0,0
3503,5531,access_vlan:SW1:eth2:10+access_vlan:SW2:eth1:20+access_vlan:SW2:eth2:10+trunk_remove:SW1:eth3:20+trunk_remove:SW2:eth3:10+trunk_remove:SW2:eth3:20,30826,30832,0.05,8.6,6,True,False,True,False,True,recovery_success,0.004176828350561361,6,4,1,0,0,0,0,0,0
3504,5532,access_vlan:SW2:eth1:20+trunk_remove:SW1:eth3:10,30832,30835,0.05,9.35,3,True,False,True,False,True,recovery_success,0.0040974928221354885,3,2,0,0,0,0,0,0,0
3505,5533,access_vlan:SW1:eth1:20+access_vlan:SW2:eth2:10+trunk_remove:SW1:eth3:10+trunk_remove:SW1:eth3:20,30835,30840,0.05,8.75,5,True,False,True,False,True,recovery_success,0.004425675142556429,5,4,0,0,0,0,0,0,0
3506,5534,access_vlan:SW1:eth1:20+access_vlan:SW1:eth2:10+access_vlan:SW2:eth1:20+access_vlan:SW2:eth2:10+trunk_remove:SW1:eth3:20+trunk_remove:SW2:eth3:20,30840,30844,0.05,9.2,4,True,False,True,False,True,recovery_success,0.0038356824952643365,4,2,1,0,0,0,0,0,0
3507,5535,access_vlan:SW1:eth2:10+access_vlan:SW2:eth1:20+trunk_remove:SW1:eth3:10+trunk_remove:SW2:eth3:10,30844,30849,0.05,8.75,5,True,False,True,False,True,recovery_success,0.03988388702273369,5,4,0,0,0,0,0,0,0
3508,5536,access_vlan:SW1:eth2:10+trunk_remove:SW1:eth3:10+trunk_remove:SW1:eth3:20,30849,30854,0.05,8.899999999999999,5,True,False,True,False,True,recovery_success,0.01642455509863794,5,3,1,0,0,0,0,0,0
3509,5537,access_vlan:SW1:eth2:10+trunk_remove:SW1:eth3:10+trunk_remove:SW1:eth3:20+trunk_remove:SW2:eth3:10+trunk_remove:SW2:eth3:20,30854,30860,0.05,8.45,6,True,False,True,False,True,recovery_success,0.0065694239068155484,6,5,0,0,0,0,0,0,0
3510,5538,access_vlan:SW1:eth1:20+access_vlan:SW1:eth2:10+access_vlan:SW2:eth2:10+trunk_remove:SW1:eth3:10+trunk_remove:SW2:eth3:20,30860,30865,0.05,8.899999999999999,5,True,False,True,False,True,recovery_success,0.005168607085943222,5,3,1,0,0,0,0,0,0
3511,5539,access_vlan:SW1:eth1:20+access_vlan:SW2:eth1:20+access_vlan:SW2:eth2:10+trunk_remove:SW1:eth3:10+trunk_remove:SW2:eth3:10,30865,30870,0.05,8.899999999999999,5,True,False,True,False,True,recovery_success,0.004921215027570725,5,3,1,0,0,0,0,0,0
3512,5540,access_vlan:SW1:eth2:10+access_vlan:SW2:eth1:20+access_vlan:SW2:eth2:10+trunk_remove:SW1:eth3:10,30870,30874,0.05,9.2,4,True,False,True,False,True,recovery_success,0.004050164308864623,4,2,1,0,0,0,0,0,0
3513,5541,access_vlan:SW1:eth2:10+access_vlan:SW2:eth1:20+access_vlan:SW2:eth2:10+trunk_remove:SW2:eth3:10,30874,30878,0.05,9.2,4,True,False,True,False,True,recovery_success,0.003363331430591643,4,2,1,0,0,0,0,0,0
3514,5542,access_vlan:SW1:eth1:20+access_vlan:SW1:eth2:10+access_vlan:SW2:eth2:10+trunk_remove:SW2:eth3:20,30878,30882,0.05,9.2,4,True,False,True,False,True,recovery_success,0.0048853158368729055,4,2,1,0,0,0,0,0,0
3515,5543,access_vlan:SW1:eth1:20+access_vlan:SW2:eth1:20+access_vlan:SW2:eth2:10+trunk_remove:SW2:eth3:10+trunk_remove:SW2:eth3:20,30882,30889,0.05,7.799999999999999,7,True,False,True,False,True,recovery_success,0.0025171523614387426,7,5,1,0,1,1,1,1,0
3516,5544,access_vlan:SW1:eth1:20+access_vlan:SW1:eth2:10+access_vlan:SW2:eth1:20+trunk_remove:SW1:eth3:20,30889,30893,0.05,9.2,4,True,False,True,False,True,recovery_success,0.004478395625483245,4,2,1,0,0,0,0,0,0
3517,5545,access_vlan:SW1:eth1:20+access_vlan:SW2:eth1:20+trunk_remove:SW1:eth3:10,30893,30897,0.05,8.549999999999999,4,True,False,True,False,True,recovery_success,0.002681493933778256,4,3,0,0,1,1,1,0,0
3518,5546,access_vlan:SW1:eth1:20+access_vlan:SW2:eth2:10+trunk_remove:SW1:eth3:10+trunk_remove:SW1:eth3:20+trunk_remove:SW2:eth3:10,30897,30904,0.05,8.299999999999999,7,True,False,True,False,True,recovery_success,0.0039109542101089445,7,5,1,0,0,0,0,0,0
3519,5547,access_vlan:SW1:eth1:20+access_vlan:SW1:eth2:10+access_vlan:SW2:eth1:20+trunk_remove:SW1:eth3:10+trunk_remove:SW1:eth3:20,30904,30909,0.05,8.899999999999999,5,True,False,True,False,True,recovery_success,0.0035514144226908686,5,3,1,0,0,0,0,0,0
3520,5548,access_vlan:SW1:eth1:20+access_vlan:SW1:eth2:10+access_vlan:SW2:eth2:10+trunk_remove:SW1:eth3:10,30909,30913,0.05,9.2,4,True,False,True,False,True,recovery_success,0.004361919476650655,4,2,1,0,0,0,0,0,0
3521,5549,access_vlan:SW1:eth2:10+access_vlan:SW2:eth1:20+access_vlan:SW2:eth2:10+trunk_remove:SW1:eth3:10+trunk_remove:SW1:eth3:20+trunk_remove:SW2:eth3:20,30913,30919,0.05,8.6,6,True,False,True,False,True,recovery_success,0.003705182384389142,6,4,1,0,0,0,0,0,0
3522,5550,access_vlan:SW1:eth1:20+access_vlan:SW1:eth2:10+access_vlan:SW2:eth1:20+access_vlan:SW2:eth2:10+trunk_remove:SW1:eth3:20+trunk_remove:SW2:eth3:20,30919,30923,0.05,9.2,4,True,False,True,False,True,recovery_success,0.009114397747907788,4,2,1,0,0,0,0,0,0
3523,5551,access_vlan:SW1:eth2:10+trunk_remove:SW2:eth3:10,30923,30926,0.05,9.35,3,True,False,True,False,True,recovery_success,0.00448585224027435,3,2,0,0,0,0,0,0,0
3524,5552,access_vlan:SW1:eth1:20+access_vlan:SW1:eth2:10+access_vlan:SW2:eth1:20+trunk_remove:SW1:eth3:20,30926,30930,0.05,9.2,4,True,False,True,False,True,recovery_success,0.0037641263334080577,4,2,1,0,0,0,0,0,0
3525,5553,access_vlan:SW1:eth1:20+access_vlan:SW2:eth1:20+access_vlan:SW2:eth2:10+trunk_remove:SW2:eth3:20,30930,30934,0.05,9.2,4,True,False,True,False,True,recovery_success,0.00420226389542222,4,2,1,0,0,0,0,0,0
3526,5554,access_vlan:SW1:eth2:10+trunk_remove:SW1:eth3:10+trunk_remove:SW1:eth3:20+trunk_remove:SW2:eth3:10,30934,30939,0.05,8.75,5,True,False,True,False,True,recovery_success,0.0061879875138401985,5,4,0,0,0,0,0,0,0
3527,5555,access_vlan:SW1:eth2:10+trunk_remove:SW1:eth3:10+trunk_remove:SW1:eth3:20+trunk_remove:SW2:eth3:10+trunk_remove:SW2:eth3:20,30939,30945,0.05,8.45,6,True,False,True,False,True,recovery_success,0.003722342778928578,6,5,0,0,0,0,0,0,0
3528,5556,access_vlan:SW2:eth1:20+access_vlan:SW2:eth2:10+trunk_remove:SW1:eth3:10+trunk_remove:SW1:eth3:20+trunk_remove:SW2:eth3:20,30945,30955,0.05,6.75,10,True,False,True,False,True,recovery_success,0.007037403713911772,10,9,0,0,1,1,1,0,0
3529,5557,access_vlan:SW1:eth2:10+access_vlan:SW2:eth2:10+trunk_remove:SW1:eth3:10+trunk_remove:SW1:eth3:20+trunk_remove:SW2:eth3:10,30955,30963,0.05,6.85,8,True,False,True,False,True,recovery_success,0.004935566917993128,8,7,0,0,2,2,2,0,0
3530,5558,access_vlan:SW1:eth1:20+access_vlan:SW2:eth1:20+access_vlan:SW2:eth2:10+trunk_remove:SW1:eth3:10+trunk_remove:SW1:eth3:20+trunk_remove:SW2:eth3:10+trunk_remove:SW2:eth3:20,30963,30972,0.05,7.199999999999999,9,True,False,True,False,True,recovery_success,0.0071801980181286735,9,7,1,0,1,1,1,0,0
3531,5559,access_vlan:SW1:eth2:10+access_vlan:SW2:eth1:20+access_vlan:SW2:eth2:10+trunk_remove:SW1:eth3:10+trunk_remove:SW1:eth3:20+trunk_remove:SW2:eth3:10+trunk_remove:SW2:eth3:20,30972,30979,0.05,8.299999999999999,7,True,False,True,False,True,recovery_success,0.0043375829866688165,7,5,1,0,0,0,0,0,0
3532,5560,access_vlan:SW2:eth2:10+trunk_remove:SW1:eth3:10+trunk_remove:SW2:eth3:10,30979,30983,0.05,9.049999999999999,4,True,False,True,False,True,recovery_success,0.0052810924826189876,4,3,0,0,0,0,0,0,0
3533,5561,access_vlan:SW1:eth1:20+access_vlan:SW1:eth2:10,30983,30986,0.05,8.85,3,True,False,True,False,True,recovery_success,0.0033442884062727294,3,2,0,0,1,1,1,0,0
3534,5562,access_vlan:SW2:eth1:20+trunk_remove:SW1:eth3:10+trunk_remove:SW1:eth3:20+trunk_remove:SW2:eth3:10,30986,30987,0.05,-10.05,1,True,False,True,False,False,incorrect_declare_done,0.005506779532879591,1,0,0,0,0,0,0,0,3
3535,5563,access_vlan:SW1:eth1:20+access_vlan:SW1:eth2:10+trunk_remove:SW1:eth3:10+trunk_remove:SW1:eth3:20+trunk_remove:SW2:eth3:20,30987,30993,0.05,7.949999999999999,6,True,False,True,False,True,recovery_success,0.004385804641060531,6,5,0,0,1,1,1,0,0
3536,5564,access_vlan:SW2:eth1:20+access_vlan:SW2:eth2:10,30993,30996,0.05,8.85,3,True,False,True,False,True,recovery_success,0.003742620504150788,3,2,0,0,1,1,1,0,0
3537,5565,access_vlan:SW1:eth2:10+access_vlan:SW2:eth1:20+access_vlan:SW2:eth2:10+trunk_remove:SW2:eth3:10+trunk_remove:SW2:eth3:20,30996,31001,0.05,8.899999999999999,5,True,False,True,False,True,recovery_success,0.04829745520837605,5,3,1,0,0,0,0,0,0
3538,5566,access_vlan:SW1:eth1:20+trunk_remove:SW2:eth3:10+trunk_remove:SW2:eth3:20,31001,31005,0.05,9.049999999999999,4,True,False,True,False,True,recovery_success,0.052308935672044754,4,3,0,0,0,0,0,0,0
3539,5567,access_vlan:SW1:eth1:20+trunk_remove:SW1:eth3:20+trunk_remove:SW2:eth3:10+trunk_remove:SW2:eth3:20,31005,31010,0.05,8.75,5,True,False,True,False,True,recovery_success,0.03771094232797623,5,4,0,0,0,0,0,0,0
3540,5568,access_vlan:SW1:eth1:20+access_vlan:SW1:eth2:10+access_vlan:SW2:eth1:20+access_vlan:SW2:eth2:10+trunk_remove:SW1:eth3:20+trunk_remove:SW2:eth3:20,31010,31014,0.05,9.2,4,True,False,True,False,True,recovery_success,0.025004732655361295,4,2,1,0,0,0,0,0,0
3541,5569,access_vlan:SW1:eth1:20+access_vlan:SW1:eth2:10+access_vlan:SW2:eth1:20+access_vlan:SW2:eth2:10+trunk_remove:SW1:eth3:10,31014,31020,0.05,9.049999999999999,6,True,False,True,False,True,recovery_success,0.025574809095511835,6,1,4,0,0,0,0,0,0
3542,5570,access_vlan:SW1:eth1:20+access_vlan:SW1:eth2:10+access_vlan:SW2:eth1:20+access_vlan:SW2:eth2:10,31020,31022,0.05,9.799999999999999,2,True,False,True,False,True,recovery_success,0.031734452582895756,2,0,1,0,0,0,0,0,0
3543,5571,access_vlan:SW1:eth1:20+access_vlan:SW2:eth1:20+access_vlan:SW2:eth2:10+trunk_remove:SW1:eth3:10+trunk_remove:SW1:eth3:20+trunk_remove:SW2:eth3:10,31022,31029,0.05,7.6499999999999995,7,True,False,True,False,True,recovery_success,0.02363650713648115,7,6,0,0,1,1,1,0,0
3544,5572,access_vlan:SW1:eth1:20+access_vlan:SW1:eth2:10+trunk_remove:SW1:eth3:20,31029,31033,0.05,8.549999999999999,4,True,False,True,False,True,recovery_success,0.017147971782833338,4,3,0,0,1,1,1,0,0
3545,5573,access_vlan:SW1:eth1:20+access_vlan:SW1:eth2:10+trunk_remove:SW1:eth3:10+trunk_remove:SW1:eth3:20+trunk_remove:SW2:eth3:20,31033,31048,0.05,5.8,15,True,False,True,False,True,recovery_success,0.017498995922505856,15,7,7,0,2,2,2,0,0
3546,5574,access_vlan:SW1:eth2:10+trunk_remove:SW2:eth3:10+trunk_remove:SW2:eth3:20,31048,31052,0.05,9.049999999999999,4,True,False,True,False,True,recovery_success,0.018807783955708146,4,3,0,0,0,0,0,0,0
3547,5575,access_vlan:SW1:eth1:20+access_vlan:SW1:eth2:10+access_vlan:SW2:eth1:20,31052,31062,0.05,6.65,10,True,False,True,False,True,recovery_success,0.054750137869268654,10,2,6,0,3,3,1,1,0
3548,5576,access_vlan:SW1:eth1:20+access_vlan:SW2:eth1:20+trunk_remove:SW1:eth3:10,31062,31092,0.05,-14.55,30,True,False,True,False,False,incorrect_declare_done,0.020045223428557316,30,1,28,0,0,0,0,0,4
3549,5577,trunk_remove:SW1:eth3:10,31092,31122,0.05,-6.600000000000002,30,True,False,False,True,False,step_limit,0.01530882236547768,30,4,26,0,3,3,2,0,2
3550,5578,access_vlan:SW1:eth1:20+access_vlan:SW2:eth1:20+access_vlan:SW2:eth2:10+trunk_remove:SW1:eth3:10+trunk_remove:SW2:eth3:20,31122,31130,0.05,7.6499999999999995,8,True,False,True,False,True,recovery_success,0.010934186982922256,8,5,2,0,1,1,1,1,0
3551,5579,access_vlan:SW1:eth1:20+access_vlan:SW2:eth1:20+access_vlan:SW2:eth2:10+trunk_remove:SW1:eth3:10+trunk_remove:SW1:eth3:20+trunk_remove:SW2:eth3:20,31130,31136,0.05,8.6,6,True,False,True,False,True,recovery_success,0.00981337328751882,6,4,1,0,0,0,0,0,0
3552,5580,access_vlan:SW1:eth1:20+trunk_remove:SW1:eth3:10+trunk_remove:SW2:eth3:20,31136,31166,0.05,-6.55,30,True,False,False,True,False,step_limit,0.011458937559897702,30,7,23,0,2,2,2,0,3
3553,5581,access_vlan:SW1:eth2:10+access_vlan:SW2:eth1:20+trunk_remove:SW1:eth3:10+trunk_remove:SW2:eth3:20,31166,31196,0.05,-6.25,30,True,False,False,True,False,step_limit,0.011825519256914656,30,5,25,0,2,2,1,0,3
3554,5582,access_vlan:SW1:eth1:20+access_vlan:SW2:eth2:10+trunk_remove:SW1:eth3:10+trunk_remove:SW2:eth3:20,31196,31201,0.05,8.25,5,True,False,True,False,True,recovery_success,0.009224110469222068,5,4,0,0,1,1,1,0,0
3555,5583,access_vlan:SW1:eth1:20+access_vlan:SW1:eth2:10+access_vlan:SW2:eth1:20+trunk_remove:SW1:eth3:10+trunk_remove:SW1:eth3:20+trunk_remove:SW2:eth3:10+trunk_remove:SW2:eth3:20,31201,31208,0.05,8.299999999999999,7,True,False,True,False,True,recovery_success,0.010533910178180252,7,5,1,0,0,0,0,0,0
3556,5584,access_vlan:SW1:eth1:20+access_vlan:SW2:eth1:20+access_vlan:SW2:eth2:10+trunk_remove:SW1:eth3:20+trunk_remove:SW2:eth3:20,31208,31213,0.05,8.899999999999999,5,True,False,True,False,True,recovery_success,0.012708488665521146,5,3,1,0,0,0,0,0,0
3557,5585,access_vlan:SW1:eth2:10+access_vlan:SW2:eth1:20+trunk_remove:SW1:eth3:10+trunk_remove:SW1:eth3:20+trunk_remove:SW2:eth3:10,31213,31243,0.05,-7.2,30,True,False,False,True,False,step_limit,0.011857857927680016,30,8,22,0,3,3,3,0,4
3558,5586,access_vlan:SW1:eth1:20+access_vlan:SW2:eth2:10+trunk_remove:SW1:eth3:10+trunk_remove:SW1:eth3:20+trunk_remove:SW2:eth3:10,31243,31273,0.05,-6.250000000000003,30,True,False,False,True,False,step_limit,0.021877308438221613,30,5,25,0,2,2,2,0,3
3559,5587,access_vlan:SW1:eth2:10+access_vlan:SW2:eth2:10+trunk_remove:SW1:eth3:10+trunk_remove:SW2:eth3:10+trunk_remove:SW2:eth3:20,31273,31303,0.05,-7.200000000000002,30,True,False,False,True,False,step_limit,0.010061080350230138,30,8,22,0,3,3,3,0,3
3560,5588,access_vlan:SW1:eth1:20+access_vlan:SW2:eth1:20+access_vlan:SW2:eth2:10+trunk_remove:SW1:eth3:10+trunk_remove:SW1:eth3:20+trunk_remove:SW2:eth3:20,31303,31309,0.05,8.6,6,True,False,True,False,True,recovery_success,0.0070712553181995945,6,4,1,0,0,0,0,0,0
3561,5589,access_vlan:SW1:eth2:10+trunk_remove:SW1:eth3:10+trunk_remove:SW2:eth3:10+trunk_remove:SW2:eth3:20,31309,31339,0.05,-7.85,30,True,False,False,True,False,step_limit,0.008336166106164455,30,9,21,0,4,2,3,0,3
3562,5590,access_vlan:SW1:eth1:20+access_vlan:SW1:eth2:10+access_vlan:SW2:eth2:10+trunk_remove:SW1:eth3:10+trunk_remove:SW1:eth3:20,31339,31344,0.05,8.899999999999999,5,True,False,True,False,True,recovery_success,0.007241227850317955,5,3,1,0,0,0,0,0,0
3563,5591,access_vlan:SW1:eth2:10+access_vlan:SW2:eth1:20+trunk_remove:SW1:eth3:10+trunk_remove:SW2:eth3:20,31344,31374,0.05,-7.350000000000004,30,True,False,False,True,False,step_limit,0.015589098368460933,30,9,21,0,3,3,3,0,2
3564,5592,access_vlan:SW1:eth1:20+access_vlan:SW2:eth1:20+access_vlan:SW2:eth2:10+trunk_remove:SW1:eth3:10+trunk_remove:SW2:eth3:20,31374,31379,0.05,8.899999999999999,5,True,False,True,False,True,recovery_success,0.0067021166905760765,5,3,1,0,0,0,0,0,0
3565,5593,access_vlan:SW1:eth2:10+access_vlan:SW2:eth1:20+trunk_remove:SW1:eth3:10+trunk_remove:SW2:eth3:10,31379,31409,0.05,-7.200000000000002,30,True,False,False,True,False,step_limit,0.0063922272995114325,30,8,22,0,3,3,2,0,3
3566,5594,access_vlan:SW1:eth2:10+access_vlan:SW2:eth1:20+trunk_remove:SW1:eth3:10+trunk_remove:SW2:eth3:20,31409,31430,0.05,-13.5,21,True,False,True,False,False,incorrect_declare_done,0.00457827056137224,21,3,17,0,0,0,0,0,1
3567,5595,access_vlan:SW1:eth2:10+access_vlan:SW2:eth1:20+trunk_remove:SW1:eth3:10+trunk_remove:SW2:eth3:10,31430,31460,0.05,-6.3500000000000005,30,True,False,False,True,False,step_limit,0.012832935488161942,30,8,21,0,1,1,1,0,2
3568,5596,access_vlan:SW1:eth2:10+access_vlan:SW2:eth1:20+trunk_remove:SW1:eth3:10+trunk_remove:SW2:eth3:20,31460,31490,0.05,-5.1000000000000005,30,True,False,False,True,False,step_limit,0.014329888780290881,30,4,26,0,0,0,0,0,1
3569,5597,access_vlan:SW2:eth2:10+trunk_remove:SW2:eth3:10,31490,31505,0.05,5.95,15,True,False,True,False,True,recovery_success,0.030025379654640954,15,5,8,0,2,2,1,0,0
3570,5598,access_vlan:SW1:eth1:20+access_vlan:SW1:eth2:10+trunk_remove:SW2:eth3:10+trunk_remove:SW2:eth3:20,31505,31519,0.05,6.1,14,True,False,True,False,True,recovery_success,0.03616636858454773,14,6,7,0,2,2,2,0,0
3571,5599,access_vlan:SW1:eth1:20+trunk_remove:SW1:eth3:20,31519,31522,0.05,9.35,3,True,False,True,False,True,recovery_success,0.0382514459391435,3,2,0,0,0,0,0,0,0
3572,5600,access_vlan:SW1:eth1:20+access_vlan:SW2:eth1:20+access_vlan:SW2:eth2:10+trunk_remove:SW1:eth3:10+trunk_remove:SW1:eth3:20+trunk_remove:SW2:eth3:20,31522,31528,0.05,8.6,6,True,False,True,False,True,recovery_success,0.05402751204868158,6,4,1,0,0,0,0,0,0
3573,5601,access_vlan:SW1:eth1:20+access_vlan:SW2:eth1:20+access_vlan:SW2:eth2:10+trunk_remove:SW1:eth3:10+trunk_remove:SW1:eth3:20+trunk_remove:SW2:eth3:10,31528,31534,0.05,8.6,6,True,False,True,False,True,recovery_success,0.05090325977653265,6,4,1,0,0,0,0,0,0
3574,5602,trunk_remove:SW1:eth3:10+trunk_remove:SW1:eth3:20+trunk_remove:SW2:eth3:10+trunk_remove:SW2:eth3:20,31534,31539,0.05,8.75,5,True,False,True,False,True,recovery_success,0.037294159457087514,5,4,0,0,0,0,0,0,0
3575,5603,access_vlan:SW1:eth1:20+access_vlan:SW1:eth2:10+access_vlan:SW2:eth2:10+trunk_remove:SW1:eth3:10+trunk_remove:SW2:eth3:10,31539,31545,0.05,8.75,6,True,False,True,False,True,recovery_success,0.030927219117681187,6,3,2,0,0,0,0,0,0
3576,5604,access_vlan:SW1:eth2:10+access_vlan:SW2:eth2:10+trunk_remove:SW1:eth3:10+trunk_remove:SW1:eth3:20+trunk_remove:SW2:eth3:10,31545,31552,0.05,8.299999999999999,7,True,False,True,False,True,recovery_success,0.01948634601597275,7,5,1,0,0,0,0,0,0
3577,5605,trunk_remove:SW1:eth3:20+trunk_remove:SW2:eth3:20,31552,31555,0.05,9.35,3,True,False,True,False,True,recovery_success,0.019328017408649128,3,2,0,0,0,0,0,0,0
3578,5606,access_vlan:SW1:eth1:20+access_vlan:SW1:eth2:10+trunk_remove:SW1:eth3:10+trunk_remove:SW1:eth3:20+trunk_remove:SW2:eth3:10,31555,31563,0.05,7.35,8,True,False,True,False,True,recovery_success,0.037780011363793164,8,7,0,0,1,1,1,0,0
3579,5607,access_vlan:SW1:eth1:20+access_vlan:SW2:eth2:10+trunk_remove:SW1:eth3:20,31563,31567,0.05,9.049999999999999,4,True,False,True,False,True,recovery_success,0.010401378152891994,4,3,0,0,0,0,0,0,0
3580,5608,access_vlan:SW1:eth2:10+trunk_remove:SW1:eth3:10+trunk_remove:SW1:eth3:20+trunk_remove:SW2:eth3:20,31567,31572,0.05,8.75,5,True,False,True,False,True,recovery_success,0.011443926766514779,5,4,0,0,0,0,0,0,0
3581,5609,access_vlan:SW1:eth2:10+access_vlan:SW2:eth1:20+access_vlan:SW2:eth2:10+trunk_remove:SW1:eth3:10+trunk_remove:SW2:eth3:10+trunk_remove:SW2:eth3:20,31572,31602,0.05,-10.200000000000001,30,True,False,False,True,False,step_limit,0.009611366208021839,30,28,2,0,3,2,3,2,2
3582,5610,access_vlan:SW1:eth1:20+access_vlan:SW1:eth2:10+trunk_remove:SW1:eth3:20,31602,31606,0.05,8.549999999999999,4,True,False,True,False,True,recovery_success,0.011029967572540045,4,3,0,0,1,1,1,0,0
3583,5611,access_vlan:SW1:eth1:20+access_vlan:SW1:eth2:10+access_vlan:SW2:eth2:10+trunk_remove:SW1:eth3:10+trunk_remove:SW2:eth3:10+trunk_remove:SW2:eth3:20,31606,31614,0.05,7.999999999999999,8,True,False,True,False,True,recovery_success,0.009083415614441037,8,6,1,0,0,0,0,0,0
3584,5612,access_vlan:SW2:eth1:20+access_vlan:SW2:eth2:10+trunk_remove:SW1:eth3:20,31614,31620,0.05,7.449999999999999,6,True,False,True,False,True,recovery_success,0.04340000869706273,6,5,0,0,2,2,2,0,0
3585,5613,access_vlan:SW1:eth2:10+access_vlan:SW2:eth1:20+access_vlan:SW2:eth2:10+trunk_remove:SW1:eth3:10,31620,31626,0.05,8.6,6,True,False,True,False,True,recovery_success,0.014409100093568364,6,4,1,0,0,0,0,0,0
3586,5614,access_vlan:SW1:eth1:20+access_vlan:SW1:eth2:10+trunk_remove:SW2:eth3:10+trunk_remove:SW2:eth3:20,31626,31633,0.05,6.1499999999999995,7,True,False,True,False,True,recovery_success,0.009986437391489744,7,6,0,0,4,3,2,1,0
3587,5615,access_vlan:SW1:eth1:20+trunk_remove:SW1:eth3:20+trunk_remove:SW2:eth3:10+trunk_remove:SW2:eth3:20,31633,31638,0.05,8.75,5,True,False,True,False,True,recovery_success,0.007560397125780582,5,4,0,0,0,0,0,0,0
3588,5616,access_vlan:SW1:eth2:10+access_vlan:SW2:eth1:20+trunk_remove:SW2:eth3:10,31638,31642,0.05,9.049999999999999,4,True,False,True,False,True,recovery_success,0.00884352345019579,4,3,0,0,0,0,0,0,0
3589,5617,access_vlan:SW2:eth1:20+trunk_remove:SW1:eth3:10+trunk_remove:SW2:eth3:10+trunk_remove:SW2:eth3:20,31642,31647,0.05,8.75,5,True,False,True,False,True,recovery_success,0.014881489519029855,5,4,0,0,0,0,0,0,0
3590,5618,access_vlan:SW1:eth2:10+access_vlan:SW2:eth1:20+access_vlan:SW2:eth2:10+trunk_remove:SW1:eth3:20+trunk_remove:SW2:eth3:20,31647,31652,0.05,8.899999999999999,5,True,False,True,False,True,recovery_success,0.0065554030239582065,5,3,1,0,0,0,0,0,0
3591,5619,access_vlan:SW1:eth2:10+trunk_remove:SW2:eth3:10,31652,31655,0.05,9.35,3,True,False,True,False,True,recovery_success,0.07283849812423189,3,2,0,0,0,0,0,0,0
3592,5620,access_vlan:SW2:eth2:10,31655,31657,0.05,9.649999999999999,2,True,False,True,False,True,recovery_success,0.008297075284644961,2,1,0,0,0,0,0,0,0
3593,5621,trunk_remove:SW1:eth3:20+trunk_remove:SW2:eth3:10+trunk_remove:SW2:eth3:20,31657,31661,0.05,9.049999999999999,4,True,False,True,False,True,recovery_success,0.009762359783053398,4,3,0,0,0,0,0,0,0
3594,5622,access_vlan:SW1:eth2:10+access_vlan:SW2:eth2:10+trunk_remove:SW1:eth3:10+trunk_remove:SW1:eth3:20+trunk_remove:SW2:eth3:20,31661,31667,0.05,8.45,6,True,False,True,False,True,recovery_success,0.00838734582066536,6,5,0,0,0,0,0,0,0
3595,5623,access_vlan:SW2:eth1:20+trunk_remove:SW1:eth3:10+trunk_remove:SW2:eth3:10+trunk_remove:SW2:eth3:20,31667,31674,0.05,8.45,7,True,False,True,False,True,recovery_success,0.011000257451087236,7,4,2,0,0,0,0,0,0
3596,5624,access_vlan:SW1:eth2:10+trunk_remove:SW1:eth3:20+trunk_remove:SW2:eth3:10,31674,31678,0.05,9.049999999999999,4,True,False,True,False,True,recovery_success,0.006515520624816418,4,3,0,0,0,0,0,0,0
3597,5625,access_vlan:SW1:eth1:20+access_vlan:SW1:eth2:10+access_vlan:SW2:eth2:10+trunk_remove:SW1:eth3:10+trunk_remove:SW1:eth3:20+trunk_remove:SW2:eth3:10,31678,31684,0.05,8.6,6,True,False,True,False,True,recovery_success,0.007759308287252982,6,4,1,0,0,0,0,0,0
3598,5626,access_vlan:SW1:eth2:10+access_vlan:SW2:eth1:20+trunk_remove:SW1:eth3:20+trunk_remove:SW2:eth3:10+trunk_remove:SW2:eth3:20,31684,31692,0.05,7.35,8,True,False,True,False,True,recovery_success,0.007431588077452034,8,7,0,0,1,1,1,0,0
3599,5627,access_vlan:SW1:eth1:20+access_vlan:SW1:eth2:10+access_vlan:SW2:eth1:20+trunk_remove:SW1:eth3:10+trunk_remove:SW1:eth3:20,31692,31701,0.05,6.199999999999999,9,True,False,True,False,True,recovery_success,0.008733749958790012,9,7,1,0,3,3,1,1,0
3600,5628,access_vlan:SW2:eth2:10+trunk_remove:SW1:eth3:10+trunk_remove:SW2:eth3:10,31701,31705,0.05,9.049999999999999,4,True,False,True,False,True,recovery_success,0.05659568030387163,4,3,0,0,0,0,0,0,0
3601,5629,access_vlan:SW1:eth1:20+access_vlan:SW2:eth1:20+access_vlan:SW2:eth2:10+trunk_remove:SW2:eth3:10,31705,31709,0.05,9.2,4,True,False,True,False,True,recovery_success,0.0578037885716185,4,2,1,0,0,0,0,0,0
3602,5630,access_vlan:SW1:eth1:20+access_vlan:SW2:eth2:10,31709,31712,0.05,8.85,3,True,False,True,False,True,recovery_success,0.006188775567958753,3,2,0,0,1,1,1,0,0
3603,5631,access_vlan:SW1:eth1:20+access_vlan:SW2:eth1:20+trunk_remove:SW1:eth3:20+trunk_remove:SW2:eth3:10,31712,31718,0.05,8.6,6,True,False,True,False,True,recovery_success,0.014264057856053114,6,4,1,0,0,0,0,0,0
3604,5632,access_vlan:SW2:eth2:10+trunk_remove:SW2:eth3:20,31718,31721,0.05,9.35,3,True,False,True,False,True,recovery_success,0.006890192627906799,3,2,0,0,0,0,0,0,0
3605,5633,access_vlan:SW1:eth1:20+access_vlan:SW2:eth1:20+access_vlan:SW2:eth2:10+trunk_remove:SW1:eth3:10+trunk_remove:SW1:eth3:20+trunk_remove:SW2:eth3:20,31721,31727,0.05,8.6,6,True,False,True,False,True,recovery_success,0.06336541846394539,6,4,1,0,0,0,0,0,0
3606,5634,access_vlan:SW1:eth1:20+access_vlan:SW2:eth1:20+trunk_remove:SW1:eth3:20,31727,31731,0.05,9.049999999999999,4,True,False,True,False,True,recovery_success,0.00886036898009479,4,3,0,0,0,0,0,0,0
3607,5635,access_vlan:SW1:eth1:20+access_vlan:SW2:eth1:20+access_vlan:SW2:eth2:10+trunk_remove:SW1:eth3:10+trunk_remove:SW2:eth3:10+trunk_remove:SW2:eth3:20,31731,31737,0.05,8.6,6,True,False,True,False,True,recovery_success,0.007638541515916586,6,4,1,0,0,0,0,0,0
3608,5636,access_vlan:SW1:eth1:20+access_vlan:SW2:eth2:10,31737,31741,0.05,8.7,4,True,False,True,False,True,recovery_success,0.009066874743439257,4,2,1,0,1,1,1,0,0
3609,5637,access_vlan:SW1:eth1:20+access_vlan:SW2:eth1:20+trunk_remove:SW1:eth3:10+trunk_remove:SW1:eth3:20+trunk_remove:SW2:eth3:10,31741,31747,0.05,8.45,6,True,False,True,False,True,recovery_success,0.03200036675358812,6,5,0,0,0,0,0,0,0
3610,5638,access_vlan:SW1:eth1:20+access_vlan:SW1:eth2:10+trunk_remove:SW1:eth3:10+trunk_remove:SW1:eth3:20+trunk_remove:SW2:eth3:20,31747,31753,0.05,7.949999999999999,6,True,False,True,False,True,recovery_success,0.030701637578507263,6,5,0,0,1,1,1,0,0
3611,5639,trunk_remove:SW1:eth3:10+trunk_remove:SW1:eth3:20+trunk_remove:SW2:eth3:10+trunk_remove:SW2:eth3:20,31753,31758,0.05,8.75,5,True,False,True,False,True,recovery_success,0.007198542542755604,5,4,0,0,0,0,0,0,0
3612,5640,access_vlan:SW1:eth2:10+access_vlan:SW2:eth2:10+trunk_remove:SW2:eth3:10,31758,31762,0.05,9.049999999999999,4,True,False,True,False,True,recovery_success,0.007235289551317692,4,3,0,0,0,0,0,0,0
3613,5641,access_vlan:SW1:eth1:20+trunk_remove:SW1:eth3:10+trunk_remove:SW1:eth3:20,31762,31766,0.05,9.049999999999999,4,True,False,True,False,True,recovery_success,0.0051744949305430055,4,3,0,0,0,0,0,0,0
3614,5642,access_vlan:SW2:eth1:20+access_vlan:SW2:eth2:10+trunk_remove:SW1:eth3:20+trunk_remove:SW2:eth3:10+trunk_remove:SW2:eth3:20,31766,31772,0.05,7.949999999999999,6,True,False,True,False,True,recovery_success,0.008618965667362014,6,5,0,0,1,1,1,0,0
3615,5643,access_vlan:SW1:eth1:20+trunk_remove:SW1:eth3:10+trunk_remove:SW1:eth3:20+trunk_remove:SW2:eth3:10+trunk_remove:SW2:eth3:20,31772,31778,0.05,8.45,6,True,False,True,False,True,recovery_success,0.015493197987476984,6,5,0,0,0,0,0,0,0
3616,5644,access_vlan:SW1:eth1:20+access_vlan:SW2:eth1:20+trunk_remove:SW1:eth3:10+trunk_remove:SW2:eth3:10+trunk_remove:SW2:eth3:20,31778,31784,0.05,8.45,6,True,False,True,False,True,recovery_success,0.005996269561971228,6,5,0,0,0,0,0,0,0
3617,5645,access_vlan:SW1:eth2:10+access_vlan:SW2:eth1:20+access_vlan:SW2:eth2:10+trunk_remove:SW1:eth3:10+trunk_remove:SW2:eth3:10,31784,31789,0.05,8.899999999999999,5,True,False,True,False,True,recovery_success,0.006911263708025217,5,3,1,0,0,0,0,0,0
3618,5646,access_vlan:SW2:eth1:20+trunk_remove:SW2:eth3:20,31789,31792,0.05,9.35,3,True,False,True,False,True,recovery_success,0.006804388016462326,3,2,0,0,0,0,0,0,0
3619,5647,access_vlan:SW1:eth1:20+access_vlan:SW1:eth2:10+access_vlan:SW2:eth1:20+trunk_remove:SW1:eth3:20+trunk_remove:SW2:eth3:20,31792,31798,0.05,8.75,6,True,False,True,False,True,recovery_success,0.005509736094002922,6,3,2,0,0,0,0,0,0
3620,5648,access_vlan:SW1:eth1:20+access_vlan:SW1:eth2:10+trunk_remove:SW1:eth3:20+trunk_remove:SW2:eth3:20,31798,31803,0.05,8.25,5,True,False,True,False,True,recovery_success,0.005303830839693546,5,4,0,0,1,1,1,0,0
3621,5649,access_vlan:SW1:eth1:20+access_vlan:SW1:eth2:10+trunk_remove:SW1:eth3:20+trunk_remove:SW2:eth3:10+trunk_remove:SW2:eth3:20,31803,31809,0.05,7.949999999999999,6,True,False,True,False,True,recovery_success,0.012764141196385026,6,5,0,0,1,1,1,0,0
3622,5650,access_vlan:SW2:eth1:20+trunk_remove:SW1:eth3:20,31809,31814,0.05,7.25,5,True,False,True,False,True,recovery_success,0.008806038228794933,5,4,0,0,3,3,1,1,0
3623,5651,access_vlan:SW1:eth1:20+access_vlan:SW2:eth1:20+access_vlan:SW2:eth2:10+trunk_remove:SW1:eth3:10,31814,31818,0.05,9.2,4,True,False,True,False,True,recovery_success,0.006966878310777247,4,2,1,0,0,0,0,0,0
3624,5652,access_vlan:SW1:eth1:20+access_vlan:SW1:eth2:10+access_vlan:SW2:eth1:20+trunk_remove:SW1:eth3:10+trunk_remove:SW2:eth3:10,31818,31823,0.05,8.899999999999999,5,True,False,True,False,True,recovery_success,0.0396187930367887,5,3,1,0,0,0,0,0,0
3625,5653,access_vlan:SW1:eth2:10+access_vlan:SW2:eth1:20+trunk_remove:SW1:eth3:20+trunk_remove:SW2:eth3:10,31823,31828,0.05,8.75,5,True,False,True,False,True,recovery_success,0.007048994163051247,5,4,0,0,0,0,0,0,0
3626,5654,access_vlan:SW1:eth1:20+access_vlan:SW1:eth2:10+access_vlan:SW2:eth1:20+trunk_remove:SW2:eth3:20,31828,31832,0.05,9.2,4,True,False,True,False,True,recovery_success,0.0066828333074226975,4,2,1,0,0,0,0,0,0
3627,5655,access_vlan:SW1:eth1:20+access_vlan:SW1:eth2:10+access_vlan:SW2:eth2:10+trunk_remove:SW1:eth3:10+trunk_remove:SW1:eth3:20+trunk_remove:SW2:eth3:10,31832,31838,0.05,8.6,6,True,False,True,False,True,recovery_success,0.005304222848887245,6,4,1,0,0,0,0,0,0
3628,5656,access_vlan:SW1:eth2:10+access_vlan:SW2:eth2:10+trunk_remove:SW1:eth3:10+trunk_remove:SW1:eth3:20+trunk_remove:SW2:eth3:10,31838,31844,0.05,8.45,6,True,False,True,False,True,recovery_success,0.005186118728791674,6,5,0,0,0,0,0,0,0
3629,5657,access_vlan:SW1:eth1:20+trunk_remove:SW1:eth3:10+trunk_remove:SW1:eth3:20+trunk_remove:SW2:eth3:10+trunk_remove:SW2:eth3:20,31844,31850,0.05,8.45,6,True,False,True,False,True,recovery_success,0.006654445237169663,6,5,0,0,0,0,0,0,0
3630,5658,access_vlan:SW1:eth1:20+access_vlan:SW1:eth2:10+access_vlan:SW2:eth1:20+access_vlan:SW2:eth2:10+trunk_remove:SW2:eth3:10,31850,31853,0.05,9.5,3,True,False,True,False,True,recovery_success,0.00813988596200943,3,1,1,0,0,0,0,0,0
3631,5659,access_vlan:SW1:eth1:20+trunk_remove:SW2:eth3:20,31853,31856,0.05,9.35,3,True,False,True,False,True,recovery_success,0.005401881566892068,3,2,0,0,0,0,0,0,0
3632,5660,access_vlan:SW2:eth1:20+trunk_remove:SW1:eth3:10+trunk_remove:SW1:eth3:20+trunk_remove:SW2:eth3:10,31856,31861,0.05,8.75,5,True,False,True,False,True,recovery_success,0.005179562512785197,5,4,0,0,0,0,0,0,0
3633,5661,access_vlan:SW2:eth1:20+trunk_remove:SW1:eth3:20+trunk_remove:SW2:eth3:10,31861,31865,0.05,9.049999999999999,4,True,False,True,False,True,recovery_success,0.007922428310848773,4,3,0,0,0,0,0,0,0
3634,5662,access_vlan:SW2:eth1:20+trunk_remove:SW1:eth3:20,31865,31868,0.05,9.35,3,True,False,True,False,True,recovery_success,0.00898223432401816,3,2,0,0,0,0,0,0,0
3635,5663,access_vlan:SW1:eth1:20+access_vlan:SW1:eth2:10+access_vlan:SW2:eth1:20+trunk_remove:SW2:eth3:10+trunk_remove:SW2:eth3:20,31868,31873,0.05,8.899999999999999,5,True,False,True,False,True,recovery_success,0.005127987964078784,5,3,1,0,0,0,0,0,0
3636,5664,access_vlan:SW1:eth1:20+access_vlan:SW1:eth2:10+access_vlan:SW2:eth2:10+trunk_remove:SW1:eth3:10+trunk_remove:SW1:eth3:20+trunk_remove:SW2:eth3:20,31873,31879,0.05,8.6,6,True,False,True,False,True,recovery_success,0.005210984769898157,6,4,1,0,0,0,0,0,0
3637,5665,trunk_remove:SW1:eth3:20+trunk_remove:SW2:eth3:10+trunk_remove:SW2:eth3:20,31879,31883,0.05,9.049999999999999,4,True,False,True,False,True,recovery_success,0.007333519286476076,4,3,0,0,0,0,0,0,0
3638,5666,access_vlan:SW1:eth2:10+access_vlan:SW2:eth1:20+access_vlan:SW2:eth2:10+trunk_remove:SW2:eth3:20,31883,31887,0.05,9.2,4,True,False,True,False,True,recovery_success,0.007312891073524952,4,2,1,0,0,0,0,0,0
3639,5667,access_vlan:SW1:eth1:20+access_vlan:SW2:eth1:20+trunk_remove:SW2:eth3:10+trunk_remove:SW2:eth3:20,31887,31892,0.05,8.75,5,True,False,True,False,True,recovery_success,0.0038127263076603414,5,4,0,0,0,0,0,0,0
3640,5668,access_vlan:SW1:eth2:10+access_vlan:SW2:eth2:10+trunk_remove:SW2:eth3:10,31892,31896,0.05,9.049999999999999,4,True,False,True,False,True,recovery_success,0.04355868126731366,4,3,0,0,0,0,0,0,0
3641,5669,access_vlan:SW1:eth2:10+trunk_remove:SW1:eth3:20,31896,31900,0.05,9.2,4,True,False,True,False,True,recovery_success,0.01207380136474967,4,2,1,0,0,0,0,0,0
3642,5670,access_vlan:SW1:eth1:20+access_vlan:SW1:eth2:10,31900,31903,0.05,8.85,3,True,False,True,False,True,recovery_success,0.004702574107795954,3,2,0,0,1,1,1,0,0
3643,5671,access_vlan:SW1:eth2:10+access_vlan:SW2:eth1:20+access_vlan:SW2:eth2:10+trunk_remove:SW2:eth3:20,31903,31904,0.05,-10.05,1,True,False,True,False,False,incorrect_declare_done,0.003982231020927429,1,0,0,0,0,0,0,0,3
3644,5672,access_vlan:SW1:eth2:10+trunk_remove:SW2:eth3:20,31904,31907,0.05,9.35,3,True,False,True,False,True,recovery_success,0.00396855113406976,3,2,0,0,0,0,0,0,0
3645,5673,access_vlan:SW1:eth1:20+access_vlan:SW1:eth2:10+access_vlan:SW2:eth1:20+access_vlan:SW2:eth2:10,31907,31909,0.05,9.799999999999999,2,True,False,True,False,True,recovery_success,0.005648366524837911,2,0,1,0,0,0,0,0,0
3646,5674,access_vlan:SW1:eth1:20+access_vlan:SW2:eth2:10+trunk_remove:SW1:eth3:10+trunk_remove:SW2:eth3:10,31909,31915,0.05,8.1,6,True,False,True,False,True,recovery_success,0.004414410563185811,6,4,1,0,1,1,1,0,0
3647,5675,access_vlan:SW1:eth1:20+access_vlan:SW1:eth2:10+access_vlan:SW2:eth2:10+trunk_remove:SW1:eth3:10+trunk_remove:SW1:eth3:20+trunk_remove:SW2:eth3:10,31915,31926,0.05,6.75,11,True,False,True,False,True,recovery_success,0.008651423056355932,11,7,2,0,1,1,1,1,0
3648,5676,access_vlan:SW1:eth1:20+access_vlan:SW2:eth1:20+trunk_remove:SW2:eth3:10+trunk_remove:SW2:eth3:20,31926,31934,0.05,7.999999999999999,8,True,False,True,False,True,recovery_success,0.005986886448226869,8,5,1,0,0,0,0,0,0
3649,5677,access_vlan:SW1:eth2:10,31934,31936,0.05,9.649999999999999,2,True,False,True,False,True,recovery_success,0.005658256122842431,2,1,0,0,0,0,0,0,0
3650,5678,access_vlan:SW1:eth1:20+trunk_remove:SW1:eth3:10+trunk_remove:SW1:eth3:20+trunk_remove:SW2:eth3:10,31936,31941,0.05,8.75,5,True,False,True,False,True,recovery_success,0.007936622016131878,5,4,0,0,0,0,0,0,0
3651,5679,trunk_remove:SW1:eth3:20+trunk_remove:SW2:eth3:10+trunk_remove:SW2:eth3:20,31941,31947,0.05,7.449999999999999,6,True,False,True,False,True,recovery_success,0.006137219296457867,6,5,0,0,2,2,1,0,0
3652,5680,access_vlan:SW1:eth1:20+access_vlan:SW2:eth1:20+trunk_remove:SW1:eth3:20+trunk_remove:SW2:eth3:10+trunk_remove:SW2:eth3:20,31947,31954,0.05,8.299999999999999,7,True,False,True,False,True,recovery_success,0.00726664625108242,7,5,1,0,0,0,0,0,0
3653,5681,access_vlan:SW1:eth2:10+access_vlan:SW2:eth2:10+trunk_remove:SW2:eth3:10,31954,31958,0.05,9.049999999999999,4,True,False,True,False,True,recovery_success,0.006136476586107165,4,3,0,0,0,0,0,0,0
3654,5682,access_vlan:SW1:eth2:10+access_vlan:SW2:eth1:20+access_vlan:SW2:eth2:10+trunk_remove:SW1:eth3:10+trunk_remove:SW1:eth3:20+trunk_remove:SW2:eth3:10+trunk_remove:SW2:eth3:20,31958,31965,0.05,8.299999999999999,7,True,False,True,False,True,recovery_success,0.0075000688167554995,7,5,1,0,0,0,0,0,0
3655,5683,access_vlan:SW1:eth1:20+access_vlan:SW2:eth1:20+trunk_remove:SW2:eth3:10+trunk_remove:SW2:eth3:20,31965,31970,0.05,8.75,5,True,False,True,False,True,recovery_success,0.004126629326492548,5,4,0,0,0,0,0,0,0
3656,5684,access_vlan:SW1:eth2:10+access_vlan:SW2:eth2:10+trunk_remove:SW1:eth3:10+trunk_remove:SW1:eth3:20+trunk_remove:SW2:eth3:10,31970,31976,0.05,8.45,6,True,False,True,False,True,recovery_success,0.004887567289794485,6,5,0,0,0,0,0,0,0
3657,5685,access_vlan:SW2:eth1:20+access_vlan:SW2:eth2:10+trunk_remove:SW1:eth3:10+trunk_remove:SW2:eth3:10,31976,31983,0.05,7.1499999999999995,7,True,False,True,False,True,recovery_success,0.005041432367371661,7,6,0,0,2,2,2,1,0
3658,5686,access_vlan:SW1:eth1:20+access_vlan:SW2:eth1:20+access_vlan:SW2:eth2:10+trunk_remove:SW1:eth3:20+trunk_remove:SW2:eth3:10,31983,31988,0.05,8.899999999999999,5,True,False,True,False,True,recovery_success,0.004543421091511846,5,3,1,0,0,0,0,0,0
3659,5687,access_vlan:SW2:eth1:20+trunk_remove:SW1:eth3:10,31988,31993,0.05,8.25,5,True,False,True,False,True,recovery_success,0.0045635982416570185,5,4,0,0,1,1,1,0,0
3660,5688,access_vlan:SW2:eth1:20+access_vlan:SW2:eth2:10+trunk_remove:SW1:eth3:10+trunk_remove:SW2:eth3:10+trunk_remove:SW2:eth3:20,31993,31999,0.05,7.949999999999999,6,True,False,True,False,True,recovery_success,0.004091261342788736,6,5,0,0,1,1,1,0,0
3661,5689,access_vlan:SW1:eth1:20+access_vlan:SW2:eth1:20+trunk_remove:SW1:eth3:10+trunk_remove:SW1:eth3:20,31999,32004,0.05,8.75,5,True,False,True,False,True,recovery_success,0.010528972651809455,5,4,0,0,0,0,0,0,0
3662,5690,access_vlan:SW1:eth2:10+access_vlan:SW2:eth1:20+access_vlan:SW2:eth2:10,32004,32005,0.05,-10.05,1,True,False,True,False,False,incorrect_declare_done,0.01058854628354311,1,0,0,0,0,0,0,0,3
3663,5691,access_vlan:SW1:eth1:20+access_vlan:SW2:eth1:20+trunk_remove:SW1:eth3:10+trunk_remove:SW1:eth3:20+trunk_remove:SW2:eth3:10+trunk_remove:SW2:eth3:20,32005,32013,0.05,7.999999999999999,8,True,False,True,False,True,recovery_success,0.007715445011854172,8,6,1,0,0,0,0,0,0
3664,5692,trunk_remove:SW1:eth3:20+trunk_remove:SW2:eth3:20,32013,32018,0.05,8.25,5,True,False,True,False,True,recovery_success,0.01001567831262946,5,3,0,0,1,1,1,1,0
3665,5693,access_vlan:SW2:eth2:10+trunk_remove:SW1:eth3:10+trunk_remove:SW2:eth3:20,32018,32025,0.05,7.799999999999999,7,True,False,True,False,True,recovery_success,0.006796148805213826,7,5,1,0,1,1,1,0,0
3666,5694,access_vlan:SW2:eth1:20+trunk_remove:SW1:eth3:10+trunk_remove:SW1:eth3:20,32025,32029,0.05,9.049999999999999,4,True,False,True,False,True,recovery_success,0.007068718783557415,4,3,0,0,0,0,0,0,0
3667,5695,trunk_remove:SW1:eth3:10+trunk_remove:SW1:eth3:20+trunk_remove:SW2:eth3:20,32029,32033,0.05,9.049999999999999,4,True,False,True,False,True,recovery_success,0.003659088280983269,4,3,0,0,0,0,0,0,0
3668,5696,access_vlan:SW1:eth1:20+access_vlan:SW1:eth2:10+trunk_remove:SW1:eth3:20+trunk_remove:SW2:eth3:20,32033,32038,0.05,8.25,5,True,False,True,False,True,recovery_success,0.006116957310587168,5,4,0,0,1,1,1,0,0
3669,5697,access_vlan:SW1:eth1:20+access_vlan:SW1:eth2:10+trunk_remove:SW1:eth3:10+trunk_remove:SW2:eth3:10+trunk_remove:SW2:eth3:20,32038,32044,0.05,7.949999999999999,6,True,False,True,False,True,recovery_success,0.003925947278427581,6,5,0,0,1,1,1,0,0
3670,5698,access_vlan:SW1:eth1:20+access_vlan:SW1:eth2:10+access_vlan:SW2:eth1:20+trunk_remove:SW1:eth3:20+trunk_remove:SW2:eth3:20,32044,32049,0.05,8.899999999999999,5,True,False,True,False,True,recovery_success,0.0444411639124155,5,3,1,0,0,0,0,0,0
3671,5699,access_vlan:SW1:eth1:20+access_vlan:SW1:eth2:10+access_vlan:SW2:eth2:10+trunk_remove:SW1:eth3:10+trunk_remove:SW2:eth3:10+trunk_remove:SW2:eth3:20,32049,32055,0.05,8.6,6,True,False,True,False,True,recovery_success,0.004979436945480605,6,4,1,0,0,0,0,0,0
3672,5700,access_vlan:SW2:eth1:20+trunk_remove:SW2:eth3:20,32055,32058,0.05,9.35,3,True,False,True,False,True,recovery_success,0.0032951768953353167,3,2,0,0,0,0,0,0,0
3673,5701,access_vlan:SW1:eth2:10+access_vlan:SW2:eth1:20+trunk_remove:SW1:eth3:10+trunk_remove:SW2:eth3:10,32058,32063,0.05,8.75,5,True,False,True,False,True,recovery_success,0.0055162467062473295,5,4,0,0,0,0,0,0,0
3674,5702,access_vlan:SW1:eth2:10+trunk_remove:SW2:eth3:10+trunk_remove:SW2:eth3:20,32063,32068,0.05,8.899999999999999,5,True,False,True,False,True,recovery_success,0.004481872450560332,5,3,1,0,0,0,0,0,0
3675,5703,access_vlan:SW1:eth2:10+access_vlan:SW2:eth2:10+trunk_remove:SW1:eth3:10+trunk_remove:SW2:eth3:10,32068,32073,0.05,8.75,5,True,False,True,False,True,recovery_success,0.006381950434297323,5,4,0,0,0,0,0,0,0
3676,5704,access_vlan:SW1:eth1:20+access_vlan:SW2:eth1:20+trunk_remove:SW1:eth3:20+trunk_remove:SW2:eth3:20,32073,32078,0.05,8.75,5,True,False,True,False,True,recovery_success,0.004996159859001636,5,4,0,0,0,0,0,0,0
3677,5705,access_vlan:SW2:eth1:20+trunk_remove:SW1:eth3:20,32078,32081,0.05,9.35,3,True,False,True,False,True,recovery_success,0.0046342043206095695,3,2,0,0,0,0,0,0,0
3678,5706,access_vlan:SW2:eth2:10,32081,32083,0.05,9.649999999999999,2,True,False,True,False,True,recovery_success,0.004353855503723025,2,1,0,0,0,0,0,0,0
3679,5707,access_vlan:SW1:eth1:20+trunk_remove:SW1:eth3:10,32083,32087,0.05,9.2,4,True,False,True,False,True,recovery_success,0.005367536970879883,4,2,1,0,0,0,0,0,0
3680,5708,access_vlan:SW1:eth1:20+access_vlan:SW1:eth2:10+access_vlan:SW2:eth1:20+access_vlan:SW2:eth2:10+trunk_remove:SW1:eth3:10+trunk_remove:SW2:eth3:10+trunk_remove:SW2:eth3:20,32087,32092,0.05,8.899999999999999,5,True,False,True,False,True,recovery_success,0.004415472503751516,5,3,1,0,0,0,0,0,0
3681,5709,access_vlan:SW1:eth1:20+access_vlan:SW1:eth2:10+access_vlan:SW2:eth2:10+trunk_remove:SW1:eth3:10+trunk_remove:SW2:eth3:20,32092,32097,0.05,8.899999999999999,5,True,False,True,False,True,recovery_success,0.034550817543640734,5,3,1,0,0,0,0,0,0
3682,5710,access_vlan:SW2:eth1:20+access_vlan:SW2:eth2:10+trunk_remove:SW1:eth3:20+trunk_remove:SW2:eth3:10,32097,32103,0.05,8.1,6,True,False,True,False,True,recovery_success,0.03272247539522747,6,4,1,0,1,1,1,0,0
3683,5711,access_vlan:SW2:eth1:20+trunk_remove:SW1:eth3:20+trunk_remove:SW2:eth3:10,32103,32116,0.05,6.9,13,True,False,True,False,True,recovery_success,0.0054263595778208515,13,5,7,0,1,1,1,0,0
3684,5712,access_vlan:SW1:eth1:20+access_vlan:SW2:eth1:20+access_vlan:SW2:eth2:10+trunk_remove:SW1:eth3:10+trunk_remove:SW1:eth3:20+trunk_remove:SW2:eth3:10+trunk_remove:SW2:eth3:20,32116,32123,0.05,8.299999999999999,7,True,False,True,False,True,recovery_success,0.0204575882359807,7,5,1,0,0,0,0,0,0
3685,5713,access_vlan:SW1:eth1:20+access_vlan:SW1:eth2:10+trunk_remove:SW1:eth3:20+trunk_remove:SW2:eth3:20,32123,32128,0.05,8.25,5,True,False,True,False,True,recovery_success,0.008949540881440043,5,4,0,0,1,1,1,0,0
3686,5714,access_vlan:SW1:eth2:10+access_vlan:SW2:eth1:20+access_vlan:SW2:eth2:10+trunk_remove:SW1:eth3:10+trunk_remove:SW1:eth3:20+trunk_remove:SW2:eth3:10,32128,32134,0.05,8.6,6,True,False,True,False,True,recovery_success,0.02950608478082965,6,4,1,0,0,0,0,0,0
3687,5715,access_vlan:SW1:eth1:20+access_vlan:SW1:eth2:10+access_vlan:SW2:eth2:10+trunk_remove:SW2:eth3:10,32134,32138,0.05,9.2,4,True,False,True,False,True,recovery_success,0.01062534807715565,4,2,1,0,0,0,0,0,0
3688,5716,access_vlan:SW2:eth1:20+access_vlan:SW2:eth2:10+trunk_remove:SW1:eth3:10+trunk_remove:SW2:eth3:10,32138,32143,0.05,8.25,5,True,False,True,False,True,recovery_success,0.004763119202107191,5,4,0,0,1,1,1,0,0
3689,5717,access_vlan:SW1:eth1:20+access_vlan:SW1:eth2:10+access_vlan:SW2:eth1:20,32143,32146,0.05,9.5,3,True,False,True,False,True,recovery_success,0.0047327319625765085,3,1,1,0,0,0,0,0,0
3690,5718,access_vlan:SW1:eth2:10+trunk_remove:SW1:eth3:20+trunk_remove:SW2:eth3:20,32146,32152,0.05,7.449999999999999,6,True,False,True,False,True,recovery_success,0.03129310028937956,6,5,0,0,2,2,2,0,0
3691,5719,access_vlan:SW1:eth1:20+access_vlan:SW2:eth2:10+trunk_remove:SW1:eth3:20+trunk_remove:SW2:eth3:10,32152,32157,0.05,8.75,5,True,False,True,False,True,recovery_success,0.03331122510135174,5,4,0,0,0,0,0,0,0
3692,5720,access_vlan:SW1:eth1:20+access_vlan:SW1:eth2:10+trunk_remove:SW2:eth3:20,32157,32165,0.05,7.949999999999999,8,True,False,True,False,True,recovery_success,0.00447943780454807,8,3,4,0,1,1,1,0,0
3693,5721,access_vlan:SW1:eth2:10+trunk_remove:SW2:eth3:10+trunk_remove:SW2:eth3:20,32165,32170,0.05,8.899999999999999,5,True,False,True,False,True,recovery_success,0.02340964158065617,5,3,1,0,0,0,0,0,0
3694,5722,access_vlan:SW1:eth1:20+access_vlan:SW2:eth1:20+access_vlan:SW2:eth2:10+trunk_remove:SW1:eth3:20+trunk_remove:SW2:eth3:10,32170,32175,0.05,8.899999999999999,5,True,False,True,False,True,recovery_success,0.003193352953530848,5,3,1,0,0,0,0,0,0
3695,5723,access_vlan:SW2:eth1:20+access_vlan:SW2:eth2:10+trunk_remove:SW1:eth3:10+trunk_remove:SW2:eth3:10,32175,32183,0.05,6.5,8,True,False,True,False,True,recovery_success,0.015311857248889282,8,6,1,0,3,3,2,0,0
3696,5724,access_vlan:SW1:eth2:10+trunk_remove:SW1:eth3:10+trunk_remove:SW1:eth3:20+trunk_remove:SW2:eth3:20,32183,32198,0.05,7.25,15,True,False,True,False,True,recovery_success,0.0046091926905016106,15,4,10,0,0,0,0,0,0
3697,5725,access_vlan:SW1:eth2:10+access_vlan:SW2:eth1:20+access_vlan:SW2:eth2:10+trunk_remove:SW2:eth3:10+trunk_remove:SW2:eth3:20,32198,32203,0.05,8.899999999999999,5,True,False,True,False,True,recovery_success,0.026904606213793158,5,3,1,0,0,0,0,0,0
3698,5726,access_vlan:SW1:eth1:20+access_vlan:SW1:eth2:10+access_vlan:SW2:eth2:10+trunk_remove:SW1:eth3:10+trunk_remove:SW1:eth3:20+trunk_remove:SW2:eth3:10+trunk_remove:SW2:eth3:20,32203,32210,0.05,8.299999999999999,7,True,False,True,False,True,recovery_success,0.005026464117690921,7,5,1,0,0,0,0,0,0
3699,5727,access_vlan:SW2:eth1:20+trunk_remove:SW1:eth3:10+trunk_remove:SW2:eth3:10+trunk_remove:SW2:eth3:20,32210,32224,0.05,7.4,14,True,False,True,False,True,recovery_success,0.006133084534667432,14,4,9,0,0,0,0,0,0
3700,5728,access_vlan:SW1:eth1:20+access_vlan:SW2:eth1:20+access_vlan:SW2:eth2:10+trunk_remove:SW1:eth3:20+trunk_remove:SW2:eth3:10,32224,32230,0.05,8.75,6,True,False,True,False,True,recovery_success,0.019354599217573803,6,3,2,0,0,0,0,0,0
3701,5729,access_vlan:SW1:eth1:20+access_vlan:SW2:eth1:20+access_vlan:SW2:eth2:10+trunk_remove:SW2:eth3:10,32230,32234,0.05,9.2,4,True,False,True,False,True,recovery_success,0.0060617971466854215,4,2,1,0,0,0,0,0,0
3702,5730,access_vlan:SW1:eth1:20+access_vlan:SW1:eth2:10+access_vlan:SW2:eth2:10+trunk_remove:SW2:eth3:10,32234,32238,0.05,9.2,4,True,False,True,False,True,recovery_success,0.006068860384402797,4,2,1,0,0,0,0,0,0
3703,5731,access_vlan:SW2:eth1:20+trunk_remove:SW1:eth3:20+trunk_remove:SW2:eth3:10,32238,32254,0.05,7.25,16,True,False,True,False,True,recovery_success,0.004218274960294366,16,3,12,0,0,0,0,0,0
3704,5732,access_vlan:SW1:eth2:10+access_vlan:SW2:eth2:10+trunk_remove:SW1:eth3:10,32254,32260,0.05,8.75,6,True,False,True,False,True,recovery_success,0.003632536313186089,6,3,2,0,0,0,0,0,0
3705,5733,access_vlan:SW1:eth1:20+access_vlan:SW1:eth2:10+access_vlan:SW2:eth1:20+access_vlan:SW2:eth2:10+trunk_remove:SW1:eth3:10+trunk_remove:SW1:eth3:20+trunk_remove:SW2:eth3:10,32260,32265,0.05,8.899999999999999,5,True,False,True,False,True,recovery_success,0.004948343057185412,5,3,1,0,0,0,0,0,0
3706,5734,access_vlan:SW1:eth1:20+access_vlan:SW2:eth1:20+trunk_remove:SW1:eth3:20+trunk_remove:SW2:eth3:10+trunk_remove:SW2:eth3:20,32265,32280,0.05,4.5,15,True,False,True,False,True,recovery_success,0.00816881585245331,15,8,5,0,4,2,2,0,0
3707,5735,access_vlan:SW2:eth1:20+trunk_remove:SW1:eth3:10+trunk_remove:SW1:eth3:20+trunk_remove:SW2:eth3:10,32280,32286,0.05,8.6,6,True,False,True,False,True,recovery_success,0.0039022784136856594,6,4,1,0,0,0,0,0,0
3708,5736,access_vlan:SW1:eth1:20+access_vlan:SW2:eth1:20+trunk_remove:SW2:eth3:10+trunk_remove:SW2:eth3:20,32286,32293,0.05,7.949999999999999,7,True,False,True,False,True,recovery_success,0.0028532485011965036,7,4,2,0,1,1,1,0,0
3709,5737,access_vlan:SW1:eth1:20+access_vlan:SW2:eth1:20+trunk_remove:SW1:eth3:20+trunk_remove:SW2:eth3:20,32293,32306,0.05,7.550000000000001,13,True,False,True,False,True,recovery_success,0.0032567587645294573,13,4,8,0,0,0,0,0,0
3710,5738,access_vlan:SW2:eth1:20+trunk_remove:SW1:eth3:10+trunk_remove:SW1:eth3:20,32306,32312,0.05,7.449999999999999,6,True,False,True,False,True,recovery_success,0.00397427286952734,6,5,0,0,2,2,1,0,0
3711,5739,access_vlan:SW1:eth2:10+trunk_remove:SW1:eth3:10,32312,32315,0.05,9.35,3,True,False,True,False,True,recovery_success,0.004237557916591565,3,2,0,0,0,0,0,0,0
3712,5740,access_vlan:SW1:eth2:10+trunk_remove:SW1:eth3:10+trunk_remove:SW2:eth3:10,32315,32319,0.05,9.049999999999999,4,True,False,True,False,True,recovery_success,0.04513464751653373,4,3,0,0,0,0,0,0,0
3713,5741,access_vlan:SW1:eth2:10+access_vlan:SW2:eth2:10+trunk_remove:SW1:eth3:10+trunk_remove:SW1:eth3:20+trunk_remove:SW2:eth3:20,32319,32335,0.05,5.65,16,True,False,True,False,True,recovery_success,0.012612541970156599,16,7,8,0,2,2,1,0,0
3714,5742,access_vlan:SW1:eth1:20+access_vlan:SW1:eth2:10+access_vlan:SW2:eth1:20,32335,32340,0.05,7.3999999999999995,5,True,False,True,False,True,recovery_success,0.0038116354029625655,5,3,1,0,3,3,1,1,0
3715,5743,access_vlan:SW1:eth2:10+access_vlan:SW2:eth1:20+access_vlan:SW2:eth2:10+trunk_remove:SW1:eth3:20+trunk_remove:SW2:eth3:10+trunk_remove:SW2:eth3:20,32340,32346,0.05,8.6,6,True,False,True,False,True,recovery_success,0.0030143997670772174,6,4,1,0,0,0,0,0,0
3716,5744,access_vlan:SW1:eth2:10+access_vlan:SW2:eth2:10+trunk_remove:SW1:eth3:10+trunk_remove:SW2:eth3:10,32346,32351,0.05,8.75,5,True,False,True,False,True,recovery_success,0.03422931521199644,5,4,0,0,0,0,0,0,0
3717,5745,access_vlan:SW1:eth1:20+access_vlan:SW1:eth2:10+trunk_remove:SW2:eth3:20,32351,32365,0.05,5.75,14,True,False,True,False,True,recovery_success,0.0030704603497205035,14,4,8,0,3,2,2,0,0
3718,5746,access_vlan:SW1:eth2:10+access_vlan:SW2:eth2:10+trunk_remove:SW2:eth3:10+trunk_remove:SW2:eth3:20,32365,32380,0.05,6.95,15,True,False,True,False,True,recovery_success,0.002961709334825476,15,6,8,0,0,0,0,0,0
3719,5747,access_vlan:SW1:eth2:10+access_vlan:SW2:eth1:20+trunk_remove:SW1:eth3:10+trunk_remove:SW1:eth3:20+trunk_remove:SW2:eth3:10+trunk_remove:SW2:eth3:20,32380,32394,0.05,5.0,14,True,False,True,False,True,recovery_success,0.0020522388014277177,14,10,3,0,3,3,2,0,0
3720,5748,access_vlan:SW1:eth1:20+trunk_remove:SW1:eth3:10+trunk_remove:SW1:eth3:20+trunk_remove:SW2:eth3:10,32394,32408,0.05,7.4,14,True,False,True,False,True,recovery_success,0.0049598368683031625,14,4,9,0,0,0,0,0,0
3721,5749,trunk_remove:SW1:eth3:10,32408,32410,0.05,9.649999999999999,2,True,False,True,False,True,recovery_success,0.003457112470641732,2,1,0,0,0,0,0,0,0
3722,5750,access_vlan:SW1:eth1:20+access_vlan:SW1:eth2:10+access_vlan:SW2:eth1:20+access_vlan:SW2:eth2:10+trunk_remove:SW1:eth3:20+trunk_remove:SW2:eth3:10,32410,32417,0.05,6.949999999999999,7,True,False,True,False,True,recovery_success,0.004151882537241493,7,4,2,0,3,3,1,1,0
3723,5751,access_vlan:SW1:eth1:20+access_vlan:SW1:eth2:10+access_vlan:SW2:eth1:20+access_vlan:SW2:eth2:10+trunk_remove:SW2:eth3:20,32417,32420,0.05,9.5,3,True,False,True,False,True,recovery_success,0.0030030080039675036,3,1,1,0,0,0,0,0,0
3724,5752,access_vlan:SW2:eth1:20+access_vlan:SW2:eth2:10+trunk_remove:SW1:eth3:20,32420,32424,0.05,8.549999999999999,4,True,False,True,False,True,recovery_success,0.0031280382245313376,4,3,0,0,1,1,1,0,0
3725,5753,access_vlan:SW1:eth2:10+trunk_remove:SW1:eth3:10+trunk_remove:SW2:eth3:10,32424,32428,0.05,9.049999999999999,4,True,False,True,False,True,recovery_success,0.009261230938136578,4,3,0,0,0,0,0,0,0
3726,5754,access_vlan:SW1:eth1:20+access_vlan:SW1:eth2:10+access_vlan:SW2:eth1:20+trunk_remove:SW2:eth3:20,32428,32432,0.05,9.2,4,True,False,True,False,True,recovery_success,0.0025098096230067313,4,2,1,0,0,0,0,0,0
3727,5755,access_vlan:SW1:eth2:10+access_vlan:SW2:eth2:10+trunk_remove:SW2:eth3:10+trunk_remove:SW2:eth3:20,32432,32436,0.05,-11.450000000000001,4,True,False,True,False,False,incorrect_declare_done,0.002912816358730197,4,3,0,0,1,1,1,0,3
3728,5756,access_vlan:SW1:eth1:20+trunk_remove:SW2:eth3:20,32436,32439,0.05,9.35,3,True,False,True,False,True,recovery_success,0.004188539149860541,3,2,0,0,0,0,0,0,0
3729,5757,access_vlan:SW1:eth2:10+access_vlan:SW2:eth1:20+access_vlan:SW2:eth2:10+trunk_remove:SW1:eth3:10+trunk_remove:SW1:eth3:20+trunk_remove:SW2:eth3:20,32439,32445,0.05,8.6,6,True,False,True,False,True,recovery_success,0.003864979778882116,6,4,1,0,0,0,0,0,0
3730,5758,access_vlan:SW1:eth1:20+access_vlan:SW1:eth2:10+access_vlan:SW2:eth1:20+access_vlan:SW2:eth2:10+trunk_remove:SW1:eth3:10+trunk_remove:SW1:eth3:20+trunk_remove:SW2:eth3:10+trunk_remove:SW2:eth3:20,32445,32451,0.05,8.6,6,True,False,True,False,True,recovery_success,0.0031777591599772372,6,4,1,0,0,0,0,0,0
3731,5759,access_vlan:SW1:eth1:20+access_vlan:SW2:eth1:20+access_vlan:SW2:eth2:10+trunk_remove:SW1:eth3:10+trunk_remove:SW1:eth3:20+trunk_remove:SW2:eth3:10,32451,32459,0.05,7.0,8,True,False,True,False,True,recovery_success,0.002361592196393758,8,6,1,0,2,2,1,0,0
3732,5760,access_vlan:SW1:eth1:20+access_vlan:SW1:eth2:10+access_vlan:SW2:eth2:10+trunk_remove:SW1:eth3:10+trunk_remove:SW2:eth3:10+trunk_remove:SW2:eth3:20,32459,32465,0.05,8.6,6,True,False,True,False,True,recovery_success,0.0019890657858923078,6,4,1,0,0,0,0,0,0
3733,5761,access_vlan:SW1:eth1:20+access_vlan:SW2:eth1:20+access_vlan:SW2:eth2:10+trunk_remove:SW2:eth3:10,32465,32469,0.05,9.2,4,True,False,True,False,True,recovery_success,0.043016788142267615,4,2,1,0,0,0,0,0,0
3734,5762,access_vlan:SW1:eth2:10+access_vlan:SW2:eth2:10+trunk_remove:SW1:eth3:10+trunk_remove:SW1:eth3:20+trunk_remove:SW2:eth3:20,32469,32484,0.05,7.1,15,True,False,True,False,True,recovery_success,0.012662357922332982,15,5,9,0,0,0,0,0,0
3735,5763,access_vlan:SW1:eth2:10,32484,32486,0.05,9.649999999999999,2,True,False,True,False,True,recovery_success,0.0016439390601590276,2,1,0,0,0,0,0,0,0
3736,5764,access_vlan:SW1:eth1:20+access_vlan:SW1:eth2:10+trunk_remove:SW1:eth3:10+trunk_remove:SW2:eth3:20,32486,32500,0.05,6.1,14,True,False,True,False,True,recovery_success,0.004705178509798965,14,6,7,0,2,2,2,0,0
3737,5765,access_vlan:SW2:eth1:20+trunk_remove:SW2:eth3:10,32500,32503,0.05,9.35,3,True,False,True,False,True,recovery_success,0.0076514083581666155,3,2,0,0,0,0,0,0,0
3738,5766,access_vlan:SW1:eth1:20+trunk_remove:SW1:eth3:10+trunk_remove:SW1:eth3:20+trunk_remove:SW2:eth3:10,32503,32508,0.05,8.75,5,True,False,True,False,True,recovery_success,0.0051780685782432554,5,4,0,0,0,0,0,0,0
3739,5767,access_vlan:SW2:eth1:20+access_vlan:SW2:eth2:10+trunk_remove:SW1:eth3:10+trunk_remove:SW2:eth3:10+trunk_remove:SW2:eth3:20,32508,32514,0.05,7.949999999999999,6,True,False,True,False,True,recovery_success,0.004648866325927277,6,5,0,0,1,1,1,0,0
3740,5768,access_vlan:SW1:eth1:20+access_vlan:SW2:eth1:20+access_vlan:SW2:eth2:10+trunk_remove:SW1:eth3:10+trunk_remove:SW2:eth3:10,32514,32519,0.05,8.899999999999999,5,True,False,True,False,True,recovery_success,0.005250177020207048,5,3,1,0,0,0,0,0,0
3741,5769,access_vlan:SW1:eth1:20+access_vlan:SW2:eth2:10+trunk_remove:SW1:eth3:20+trunk_remove:SW2:eth3:20,32519,32526,0.05,7.1499999999999995,7,True,False,True,False,True,recovery_success,0.005764961907906192,7,6,0,0,2,2,1,0,0
3742,5770,access_vlan:SW1:eth1:20+access_vlan:SW2:eth1:20+access_vlan:SW2:eth2:10+trunk_remove:SW1:eth3:20+trunk_remove:SW2:eth3:10,32526,32531,0.05,8.899999999999999,5,True,False,True,False,True,recovery_success,0.0039012251421809197,5,3,1,0,0,0,0,0,0
3743,5771,access_vlan:SW1:eth2:10+access_vlan:SW2:eth1:20+access_vlan:SW2:eth2:10+trunk_remove:SW1:eth3:20+trunk_remove:SW2:eth3:10+trunk_remove:SW2:eth3:20,32531,32538,0.05,7.6499999999999995,7,True,False,True,False,True,recovery_success,0.02301606855222157,7,6,0,0,1,1,1,0,0
3744,5772,access_vlan:SW2:eth1:20+access_vlan:SW2:eth2:10+trunk_remove:SW1:eth3:20,32538,32542,0.05,8.549999999999999,4,True,False,True,False,True,recovery_success,0.0027387535374145955,4,3,0,0,1,1,1,0,0
3745,5773,access_vlan:SW1:eth2:10+access_vlan:SW2:eth2:10+trunk_remove:SW1:eth3:20+trunk_remove:SW2:eth3:10,32542,32547,0.05,8.75,5,True,False,True,False,True,recovery_success,0.0020194747485220432,5,4,0,0,0,0,0,0,0
3746,5774,access_vlan:SW1:eth1:20+access_vlan:SW1:eth2:10+access_vlan:SW2:eth2:10+trunk_remove:SW1:eth3:10+trunk_remove:SW2:eth3:10,32547,32552,0.05,8.899999999999999,5,True,False,True,False,True,recovery_success,0.002686374541372061,5,3,1,0,0,0,0,0,0
3747,5775,access_vlan:SW1:eth2:10+access_vlan:SW2:eth1:20+trunk_remove:SW1:eth3:20+trunk_remove:SW2:eth3:10,32552,32557,0.05,8.75,5,True,False,True,False,True,recovery_success,0.002534205443225801,5,4,0,0,0,0,0,0,0
3748,5776,access_vlan:SW1:eth1:20+access_vlan:SW1:eth2:10+access_vlan:SW2:eth1:20+access_vlan:SW2:eth2:10+trunk_remove:SW1:eth3:20+trunk_remove:SW2:eth3:10,32557,32563,0.05,8.6,6,True,False,True,False,True,recovery_success,0.0021510769923528037,6,4,1,0,0,0,0,0,0
3749,5777,access_vlan:SW1:eth1:20+trunk_remove:SW1:eth3:20+trunk_remove:SW2:eth3:10+trunk_remove:SW2:eth3:20,32563,32568,0.05,8.75,5,True,False,True,False,True,recovery_success,0.0018392315367236733,5,4,0,0,0,0,0,0,0
3750,5778,access_vlan:SW1:eth1:20+access_vlan:SW1:eth2:10+access_vlan:SW2:eth1:20+trunk_remove:SW1:eth3:20+trunk_remove:SW2:eth3:20,32568,32573,0.05,8.899999999999999,5,True,False,True,False,True,recovery_success,0.0034975982271134853,5,3,1,0,0,0,0,0,0
3751,5779,access_vlan:SW1:eth2:10+access_vlan:SW2:eth1:20+access_vlan:SW2:eth2:10+trunk_remove:SW1:eth3:10+trunk_remove:SW2:eth3:10,32573,32580,0.05,7.3,7,True,False,True,False,True,recovery_success,0.0024263601849919985,7,5,1,0,2,2,1,0,0
3752,5780,access_vlan:SW1:eth1:20+access_vlan:SW2:eth1:20+trunk_remove:SW1:eth3:20+trunk_remove:SW2:eth3:10,32580,32585,0.05,8.75,5,True,False,True,False,True,recovery_success,0.0015334771713241934,5,4,0,0,0,0,0,0,0
3753,5781,access_vlan:SW1:eth2:10+trunk_remove:SW1:eth3:10,32585,32592,0.05,6.6499999999999995,7,True,False,True,False,True,recovery_success,0.001935574907942542,7,6,0,0,3,3,3,1,0
3754,5782,access_vlan:SW1:eth1:20+access_vlan:SW1:eth2:10+trunk_remove:SW1:eth3:10+trunk_remove:SW1:eth3:20+trunk_remove:SW2:eth3:10+trunk_remove:SW2:eth3:20,32592,32599,0.05,7.6499999999999995,7,True,False,True,False,True,recovery_success,0.0023950813504468116,7,6,0,0,1,1,1,0,0
3755,5783,access_vlan:SW2:eth1:20+trunk_remove:SW1:eth3:10+trunk_remove:SW2:eth3:10+trunk_remove:SW2:eth3:20,32599,32604,0.05,8.75,5,True,False,True,False,True,recovery_success,0.0023453158559277655,5,4,0,0,0,0,0,0,0
3756,5784,access_vlan:SW1:eth1:20+access_vlan:SW1:eth2:10+access_vlan:SW2:eth2:10+trunk_remove:SW1:eth3:10+trunk_remove:SW2:eth3:10,32604,32609,0.05,8.899999999999999,5,True,False,True,False,True,recovery_success,0.0032294468488544225,5,3,1,0,0,0,0,0,0
3757,5785,access_vlan:SW1:eth1:20+access_vlan:SW1:eth2:10+access_vlan:SW2:eth2:10+trunk_remove:SW1:eth3:20,32609,32613,0.05,9.2,4,True,False,True,False,True,recovery_success,0.002108534419676289,4,2,1,0,0,0,0,0,0
3758,5786,access_vlan:SW1:eth2:10+trunk_remove:SW1:eth3:20,32613,32616,0.05,9.35,3,True,False,True,False,True,recovery_success,0.005460186318183939,3,2,0,0,0,0,0,0,0
3759,5787,access_vlan:SW1:eth1:20+trunk_remove:SW1:eth3:10+trunk_remove:SW2:eth3:20,32616,32620,0.05,9.049999999999999,4,True,False,True,False,True,recovery_success,0.0016509186389157549,4,3,0,0,0,0,0,0,0
3760,5788,access_vlan:SW1:eth1:20+access_vlan:SW2:eth1:20+trunk_remove:SW1:eth3:10+trunk_remove:SW1:eth3:20+trunk_remove:SW2:eth3:10+trunk_remove:SW2:eth3:20,32620,32628,0.05,7.999999999999999,8,True,False,True,False,True,recovery_success,0.001927400538988877,8,6,1,0,0,0,0,0,0
3761,5789,access_vlan:SW1:eth1:20+trunk_remove:SW1:eth3:10+trunk_remove:SW1:eth3:20+trunk_remove:SW2:eth3:10,32628,32633,0.05,8.75,5,True,False,True,False,True,recovery_success,0.0032854080200195312,5,4,0,0,0,0,0,0,0
3762,5790,access_vlan:SW1:eth1:20+access_vlan:SW2:eth2:10+trunk_remove:SW1:eth3:10+trunk_remove:SW2:eth3:20,32633,32638,0.05,8.75,5,True,False,True,False,True,recovery_success,0.0035079094814136624,5,4,0,0,0,0,0,0,0
3763,5791,access_vlan:SW1:eth1:20+access_vlan:SW2:eth2:10+trunk_remove:SW1:eth3:10+trunk_remove:SW1:eth3:20+trunk_remove:SW2:eth3:10,32638,32644,0.05,8.45,6,True,False,True,False,True,recovery_success,0.0016303632291965187,6,5,0,0,0,0,0,0,0
3764,5792,access_vlan:SW1:eth2:10+trunk_remove:SW1:eth3:10+trunk_remove:SW1:eth3:20,32644,32648,0.05,9.049999999999999,4,True,False,True,False,True,recovery_success,0.04246340462123044,4,3,0,0,0,0,0,0,0
3765,5793,access_vlan:SW1:eth1:20+access_vlan:SW1:eth2:10+trunk_remove:SW2:eth3:20,32648,32654,0.05,7.449999999999999,6,True,False,True,False,True,recovery_success,0.0026659712796875588,6,5,0,0,2,2,2,1,0
3766,5794,access_vlan:SW2:eth1:20+access_vlan:SW2:eth2:10+trunk_remove:SW1:eth3:10+trunk_remove:SW1:eth3:20+trunk_remove:SW2:eth3:20,32654,32660,0.05,7.949999999999999,6,True,False,True,False,True,recovery_success,0.002188946004025638,6,5,0,0,1,1,1,0,0
3767,5795,access_vlan:SW2:eth1:20+trunk_remove:SW1:eth3:10,32660,32663,0.05,9.35,3,True,False,True,False,True,recovery_success,0.0034599835829188428,3,2,0,0,0,0,0,0,0
3768,5796,access_vlan:SW1:eth2:10+access_vlan:SW2:eth2:10+trunk_remove:SW1:eth3:10+trunk_remove:SW2:eth3:10+trunk_remove:SW2:eth3:20,32663,32669,0.05,8.45,6,True,False,True,False,True,recovery_success,0.0035509558704992137,6,5,0,0,0,0,0,0,0
3769,5797,access_vlan:SW1:eth2:10+trunk_remove:SW2:eth3:10+trunk_remove:SW2:eth3:20,32669,32674,0.05,8.899999999999999,5,True,False,True,False,True,recovery_success,0.0028542254120111467,5,3,1,0,0,0,0,0,0
3770,5798,access_vlan:SW2:eth1:20+access_vlan:SW2:eth2:10+trunk_remove:SW1:eth3:10+trunk_remove:SW2:eth3:10,32674,32679,0.05,8.25,5,True,False,True,False,True,recovery_success,0.0020474519347772,5,4,0,0,1,1,1,0,0
3771,5799,access_vlan:SW1:eth1:20+access_vlan:SW1:eth2:10+access_vlan:SW2:eth1:20+trunk_remove:SW1:eth3:10+trunk_remove:SW1:eth3:20,32679,32684,0.05,8.899999999999999,5,True,False,True,False,True,recovery_success,0.00312215865124017,5,3,1,0,0,0,0,0,0
3772,5800,access_vlan:SW1:eth2:10+trunk_remove:SW1:eth3:10+trunk_remove:SW2:eth3:20,32684,32688,0.05,9.049999999999999,4,True,False,True,False,True,recovery_success,0.002708187996177003,4,3,0,0,0,0,0,0,0
3773,5801,access_vlan:SW1:eth2:10+trunk_remove:SW1:eth3:20+trunk_remove:SW2:eth3:10,32688,32692,0.05,9.049999999999999,4,True,False,True,False,True,recovery_success,0.0026293453411199152,4,3,0,0,0,0,0,0,0
3774,5802,access_vlan:SW1:eth2:10+access_vlan:SW2:eth1:20+trunk_remove:SW1:eth3:20+trunk_remove:SW2:eth3:10,32692,32697,0.05,8.75,5,True,False,True,False,True,recovery_success,0.0024658654816448688,5,4,0,0,0,0,0,0,0
3775,5803,access_vlan:SW2:eth2:10+trunk_remove:SW1:eth3:20,32697,32700,0.05,9.35,3,True,False,True,False,True,recovery_success,0.004497992650916179,3,2,0,0,0,0,0,0,0
3776,5804,access_vlan:SW1:eth1:20+access_vlan:SW1:eth2:10+trunk_remove:SW1:eth3:10+trunk_remove:SW2:eth3:10+trunk_remove:SW2:eth3:20,32700,32706,0.05,7.949999999999999,6,True,False,True,False,True,recovery_success,0.0023279512339892485,6,5,0,0,1,1,1,0,0
3777,5805,access_vlan:SW1:eth2:10+access_vlan:SW2:eth1:20+access_vlan:SW2:eth2:10+trunk_remove:SW2:eth3:10+trunk_remove:SW2:eth3:20,32706,32711,0.05,8.899999999999999,5,True,False,True,False,True,recovery_success,0.0025874871760606767,5,3,1,0,0,0,0,0,0
3778,5806,access_vlan:SW1:eth1:20+access_vlan:SW1:eth2:10+access_vlan:SW2:eth1:20+trunk_remove:SW2:eth3:10,32711,32715,0.05,9.2,4,True,False,True,False,True,recovery_success,0.0019895751029253006,4,2,1,0,0,0,0,0,0
3779,5807,access_vlan:SW2:eth2:10+trunk_remove:SW2:eth3:20,32715,32718,0.05,9.35,3,True,False,True,False,True,recovery_success,0.0017356733636309702,3,2,0,0,0,0,0,0,0
3780,5808,access_vlan:SW1:eth1:20+access_vlan:SW1:eth2:10+access_vlan:SW2:eth1:20+trunk_remove:SW2:eth3:10+trunk_remove:SW2:eth3:20,32718,32723,0.05,8.899999999999999,5,True,False,True,False,True,recovery_success,0.03790988449472934,5,3,1,0,0,0,0,0,0
3781,5809,access_vlan:SW1:eth2:10+access_vlan:SW2:eth1:20+access_vlan:SW2:eth2:10+trunk_remove:SW2:eth3:10,32723,32727,0.05,9.2,4,True,False,True,False,True,recovery_success,0.002107427717419341,4,2,1,0,0,0,0,0,0
3782,5810,access_vlan:SW1:eth1:20+access_vlan:SW1:eth2:10+access_vlan:SW2:eth1:20+trunk_remove:SW1:eth3:20+trunk_remove:SW2:eth3:10+trunk_remove:SW2:eth3:20,32727,32733,0.05,8.6,6,True,False,True,False,True,recovery_success,0.002786850459718456,6,4,1,0,0,0,0,0,0
3783,5811,access_vlan:SW1:eth2:10+access_vlan:SW2:eth1:20+trunk_remove:SW1:eth3:20+trunk_remove:SW2:eth3:10,32733,32738,0.05,8.75,5,True,False,True,False,True,recovery_success,0.002015338488854468,5,4,0,0,0,0,0,0,0
3784,5812,access_vlan:SW1:eth2:10+access_vlan:SW2:eth1:20+trunk_remove:SW1:eth3:10+trunk_remove:SW2:eth3:20,32738,32743,0.05,8.75,5,True,False,True,False,True,recovery_success,0.00219990776386112,5,4,0,0,0,0,0,0,0
3785,5813,access_vlan:SW1:eth2:10+access_vlan:SW2:eth1:20+access_vlan:SW2:eth2:10+trunk_remove:SW2:eth3:10+trunk_remove:SW2:eth3:20,32743,32748,0.05,8.899999999999999,5,True,False,True,False,True,recovery_success,0.004965129937045276,5,3,1,0,0,0,0,0,0
3786,5814,access_vlan:SW1:eth1:20+access_vlan:SW2:eth1:20+trunk_remove:SW2:eth3:10,32748,32752,0.05,8.549999999999999,4,True,False,True,False,True,recovery_success,0.002133164438419044,4,3,0,0,1,1,1,0,0
3787,5815,access_vlan:SW1:eth1:20+access_vlan:SW1:eth2:10+access_vlan:SW2:eth2:10+trunk_remove:SW1:eth3:10+trunk_remove:SW1:eth3:20,32752,32759,0.05,7.799999999999999,7,True,False,True,False,True,recovery_success,0.004438100149855018,7,5,1,0,1,1,1,1,0
3788,5816,access_vlan:SW1:eth2:10+access_vlan:SW2:eth1:20+trunk_remove:SW1:eth3:10+trunk_remove:SW1:eth3:20,32759,32764,0.05,8.75,5,True,False,True,False,True,recovery_success,0.0017954059410840272,5,4,0,0,0,0,0,0,0
3789,5817,access_vlan:SW1:eth1:20+access_vlan:SW1:eth2:10+trunk_remove:SW1:eth3:20+trunk_remove:SW2:eth3:20,32764,32769,0.05,8.25,5,True,False,True,False,True,recovery_success,0.0018938087625429035,5,4,0,0,1,1,1,0,0
3790,5818,access_vlan:SW1:eth1:20+access_vlan:SW1:eth2:10+access_vlan:SW2:eth2:10+trunk_remove:SW1:eth3:10+trunk_remove:SW1:eth3:20,32769,32774,0.05,8.899999999999999,5,True,False,True,False,True,recovery_success,0.029997820407152175,5,3,1,0,0,0,0,0,0
3791,5819,trunk_remove:SW1:eth3:10+trunk_remove:SW1:eth3:20+trunk_remove:SW2:eth3:10+trunk_remove:SW2:eth3:20,32774,32783,0.05,7.05,9,True,False,True,False,True,recovery_success,0.0031643210160028604,9,8,0,0,1,1,1,0,0
3792,5820,access_vlan:SW1:eth1:20+access_vlan:SW1:eth2:10+trunk_remove:SW2:eth3:10+trunk_remove:SW2:eth3:20,32783,32788,0.05,8.25,5,True,False,True,False,True,recovery_success,0.0028464542934671043,5,4,0,0,1,1,1,0,0
3793,5821,access_vlan:SW1:eth1:20+access_vlan:SW2:eth1:20+trunk_remove:SW2:eth3:10+trunk_remove:SW2:eth3:20,32788,32793,0.05,8.75,5,True,False,True,False,True,recovery_success,0.0031892646104097365,5,4,0,0,0,0,0,0,0
3794,5822,access_vlan:SW1:eth1:20+trunk_remove:SW2:eth3:10+trunk_remove:SW2:eth3:20,32793,32797,0.05,9.049999999999999,4,True,False,True,False,True,recovery_success,0.0030826371803414077,4,3,0,0,0,0,0,0,0
3795,5823,access_vlan:SW1:eth2:10+access_vlan:SW2:eth1:20+trunk_remove:SW1:eth3:10+trunk_remove:SW1:eth3:20+trunk_remove:SW2:eth3:10+trunk_remove:SW2:eth3:20,32797,32804,0.05,8.149999999999999,7,True,False,True,False,True,recovery_success,0.0015487839284885143,7,6,0,0,0,0,0,0,0
3796,5824,access_vlan:SW2:eth1:20+trunk_remove:SW1:eth3:10+trunk_remove:SW1:eth3:20+trunk_remove:SW2:eth3:20,32804,32811,0.05,6.6499999999999995,7,True,False,True,False,True,recovery_success,0.003171039894888444,7,6,0,0,3,3,1,1,0
3797,5825,access_vlan:SW2:eth2:10+trunk_remove:SW2:eth3:10,32811,32814,0.05,9.35,3,True,False,True,False,True,recovery_success,0.0019696902794142566,3,2,0,0,0,0,0,0,0
3798,5826,access_vlan:SW2:eth1:20+access_vlan:SW2:eth2:10+trunk_remove:SW1:eth3:10+trunk_remove:SW1:eth3:20+trunk_remove:SW2:eth3:20,32814,32820,0.05,7.949999999999999,6,True,False,True,False,True,recovery_success,0.0017031807219609618,6,5,0,0,1,1,1,0,0
3799,5827,access_vlan:SW1:eth1:20+access_vlan:SW1:eth2:10+access_vlan:SW2:eth1:20+access_vlan:SW2:eth2:10+trunk_remove:SW2:eth3:10+trunk_remove:SW2:eth3:20,32820,32826,0.05,8.6,6,True,False,True,False,True,recovery_success,0.0021302426854769387,6,4,1,0,0,0,0,0,0
3800,5828,access_vlan:SW2:eth2:10+trunk_remove:SW2:eth3:10,32826,32829,0.05,9.35,3,True,False,True,False,True,recovery_success,0.001843640658383568,3,2,0,0,0,0,0,0,0
3801,5829,access_vlan:SW1:eth1:20+access_vlan:SW2:eth1:20+trunk_remove:SW1:eth3:10+trunk_remove:SW1:eth3:20+trunk_remove:SW2:eth3:20,32829,32835,0.05,8.45,6,True,False,True,False,True,recovery_success,0.0019970688153989613,6,5,0,0,0,0,0,0,0
3802,5830,trunk_remove:SW1:eth3:10+trunk_remove:SW1:eth3:20+trunk_remove:SW2:eth3:10,32835,32839,0.05,9.049999999999999,4,True,False,True,False,True,recovery_success,0.0012319571105763316,4,3,0,0,0,0,0,0,0
3803,5831,access_vlan:SW2:eth2:10+trunk_remove:SW1:eth3:10+trunk_remove:SW1:eth3:20,32839,32843,0.05,9.049999999999999,4,True,False,True,False,True,recovery_success,0.0033270695130340755,4,3,0,0,0,0,0,0,0
3804,5832,access_vlan:SW1:eth1:20+access_vlan:SW1:eth2:10+trunk_remove:SW1:eth3:10+trunk_remove:SW1:eth3:20+trunk_remove:SW2:eth3:10+trunk_remove:SW2:eth3:20,32843,32853,0.05,7.199999999999999,10,True,False,True,False,True,recovery_success,0.01477482927730307,10,6,3,0,1,1,1,0,0
3805,5833,access_vlan:SW1:eth1:20+access_vlan:SW2:eth1:20+trunk_remove:SW1:eth3:10,32853,32857,0.05,8.549999999999999,4,True,False,True,False,True,recovery_success,0.0015655396273359656,4,3,0,0,1,1,1,0,0
3806,5834,access_vlan:SW1:eth1:20+access_vlan:SW1:eth2:10+trunk_remove:SW1:eth3:20,32857,32863,0.05,6.449999999999999,6,True,False,True,False,True,recovery_success,0.02141977660357952,6,5,0,0,4,4,2,1,0
3807,5835,trunk_remove:SW1:eth3:10,32863,32867,0.05,7.549999999999999,4,True,False,True,False,True,recovery_success,0.006012654455844313,4,3,0,0,3,3,1,1,0
3808,5836,access_vlan:SW1:eth1:20+access_vlan:SW1:eth2:10+access_vlan:SW2:eth2:10+trunk_remove:SW1:eth3:10+trunk_remove:SW2:eth3:10+trunk_remove:SW2:eth3:20,32867,32875,0.05,7.5,8,True,False,True,False,True,recovery_success,0.0016561328520765528,8,5,1,0,1,1,1,1,0
3809,5837,access_vlan:SW1:eth1:20+access_vlan:SW2:eth1:20+access_vlan:SW2:eth2:10+trunk_remove:SW1:eth3:10+trunk_remove:SW2:eth3:10+trunk_remove:SW2:eth3:20,32875,32881,0.05,8.6,6,True,False,True,False,True,recovery_success,0.002688601176487282,6,4,1,0,0,0,0,0,0
3810,5838,access_vlan:SW1:eth1:20+access_vlan:SW1:eth2:10+access_vlan:SW2:eth1:20+trunk_remove:SW1:eth3:20,32881,32885,0.05,9.2,4,True,False,True,False,True,recovery_success,0.0020866535196546465,4,2,1,0,0,0,0,0,0
3811,5839,access_vlan:SW2:eth1:20+access_vlan:SW2:eth2:10,32885,32888,0.05,8.85,3,True,False,True,False,True,recovery_success,0.0017543694702908397,3,2,0,0,1,1,1,0,0
3812,5840,access_vlan:SW1:eth2:10+trunk_remove:SW1:eth3:20+trunk_remove:SW2:eth3:10+trunk_remove:SW2:eth3:20,32888,32893,0.05,8.75,5,True,False,True,False,True,recovery_success,0.001965709077194333,5,4,0,0,0,0,0,0,0
3813,5841,access_vlan:SW1:eth2:10+access_vlan:SW2:eth1:20+access_vlan:SW2:eth2:10+trunk_remove:SW1:eth3:20+trunk_remove:SW2:eth3:10+trunk_remove:SW2:eth3:20,32893,32901,0.05,7.5,8,True,False,True,False,True,recovery_success,0.002847502488293685,8,6,1,0,1,1,1,0,0
3814,5842,access_vlan:SW1:eth1:20+trunk_remove:SW1:eth3:10+trunk_remove:SW1:eth3:20+trunk_remove:SW2:eth3:20,32901,32906,0.05,8.75,5,True,False,True,False,True,recovery_success,0.0019115702714771032,5,4,0,0,0,0,0,0,0
3815,5843,access_vlan:SW1:eth2:10+access_vlan:SW2:eth1:20+trunk_remove:SW1:eth3:10,32906,32910,0.05,9.049999999999999,4,True,False,True,False,True,recovery_success,0.0018174923752667382,4,3,0,0,0,0,0,0,0
3816,5844,access_vlan:SW1:eth1:20+access_vlan:SW1:eth2:10+access_vlan:SW2:eth1:20,32910,32913,0.05,9.5,3,True,False,True,False,True,recovery_success,0.0022970153756129244,3,1,1,0,0,0,0,0,0
3817,5845,access_vlan:SW2:eth2:10+trunk_remove:SW1:eth3:10,32913,32916,0.05,9.35,3,True,False,True,False,True,recovery_success,0.001512614331052949,3,2,0,0,0,0,0,0,0
3818,5846,access_vlan:SW2:eth1:20+access_vlan:SW2:eth2:10+trunk_remove:SW1:eth3:20+trunk_remove:SW2:eth3:10,32916,32921,0.05,8.25,5,True,False,True,False,True,recovery_success,0.0025825429242104293,5,4,0,0,1,1,1,0,0
3819,5847,access_vlan:SW1:eth2:10+access_vlan:SW2:eth2:10+trunk_remove:SW1:eth3:20,32921,32925,0.05,8.549999999999999,4,True,False,True,False,True,recovery_success,0.005080818460555747,4,3,0,0,1,1,1,0,0
3820,5848,access_vlan:SW1:eth1:20+access_vlan:SW2:eth1:20+trunk_remove:SW1:eth3:20+trunk_remove:SW2:eth3:10,32925,32930,0.05,8.75,5,True,False,True,False,True,recovery_success,0.006702935649082064,5,4,0,0,0,0,0,0,0
3821,5849,access_vlan:SW1:eth1:20+access_vlan:SW2:eth2:10+trunk_remove:SW1:eth3:20+trunk_remove:SW2:eth3:10,32930,32937,0.05,7.6499999999999995,7,True,False,True,False,True,recovery_success,0.002602008204641087,7,6,0,0,1,1,1,0,0
3822,5850,access_vlan:SW1:eth1:20+trunk_remove:SW1:eth3:10+trunk_remove:SW2:eth3:10+trunk_remove:SW2:eth3:20,32937,32942,0.05,8.75,5,True,False,True,False,True,recovery_success,0.0014574937522411346,5,4,0,0,0,0,0,0,0
3823,5851,access_vlan:SW1:eth2:10+trunk_remove:SW1:eth3:10+trunk_remove:SW2:eth3:10,32942,32946,0.05,9.049999999999999,4,True,False,True,False,True,recovery_success,0.0022743246518075466,4,3,0,0,0,0,0,0,0
3824,5852,access_vlan:SW1:eth1:20+access_vlan:SW2:eth1:20+access_vlan:SW2:eth2:10+trunk_remove:SW1:eth3:10+trunk_remove:SW2:eth3:20,32946,32951,0.05,8.399999999999999,5,True,False,True,False,True,recovery_success,0.0037153637735173107,5,3,1,0,1,1,1,0,0
3825,5853,access_vlan:SW1:eth1:20+access_vlan:SW2:eth1:20+trunk_remove:SW2:eth3:10+trunk_remove:SW2:eth3:20,32951,32956,0.05,8.75,5,True,False,True,False,True,recovery_success,0.002059413818642497,5,4,0,0,0,0,0,0,0
3826,5854,access_vlan:SW1:eth2:10+trunk_remove:SW1:eth3:10+trunk_remove:SW1:eth3:20,32956,32960,0.05,9.049999999999999,4,True,False,True,False,True,recovery_success,0.0018347693840041757,4,3,0,0,0,0,0,0,0
3827,5855,access_vlan:SW1:eth1:20+access_vlan:SW2:eth2:10,32960,32967,0.05,8.25,7,True,False,True,False,True,recovery_success,0.0015835905880002038,7,2,4,0,1,1,1,0,0
3828,5856,access_vlan:SW2:eth1:20+access_vlan:SW2:eth2:10,32967,32971,0.05,8.7,4,True,False,True,False,True,recovery_success,0.003324414254166186,4,2,1,0,1,1,1,0,0
3829,5857,access_vlan:SW1:eth2:10+trunk_remove:SW1:eth3:10+trunk_remove:SW2:eth3:10,32971,32973,0.05,-10.350000000000001,2,True,False,True,False,False,incorrect_declare_done,0.0027945595793426037,2,1,0,0,0,0,0,0,3
3830,5858,access_vlan:SW1:eth2:10+trunk_remove:SW1:eth3:10+trunk_remove:SW2:eth3:10,32973,32977,0.05,9.049999999999999,4,True,False,True,False,True,recovery_success,0.00259179575368762,4,3,0,0,0,0,0,0,0
3831,5859,access_vlan:SW2:eth1:20+access_vlan:SW2:eth2:10,32977,32980,0.05,8.85,3,True,False,True,False,True,recovery_success,0.0028679248255987964,3,2,0,0,1,1,1,0,0
3832,5860,access_vlan:SW1:eth2:10+access_vlan:SW2:eth1:20+access_vlan:SW2:eth2:10+trunk_remove:SW2:eth3:20,32980,32985,0.05,9.049999999999999,5,True,False,True,False,True,recovery_success,0.0018103448208421468,5,2,2,0,0,0,0,0,0
3833,5861,access_vlan:SW1:eth1:20+access_vlan:SW2:eth1:20+trunk_remove:SW2:eth3:10+trunk_remove:SW2:eth3:20,32985,32991,0.05,8.6,6,True,False,True,False,True,recovery_success,0.02466927596833557,6,4,1,0,0,0,0,0,0
3834,5862,access_vlan:SW1:eth2:10+trunk_remove:SW2:eth3:10,32991,32994,0.05,9.35,3,True,False,True,False,True,recovery_success,0.002010335912927985,3,2,0,0,0,0,0,0,0
3835,5863,trunk_remove:SW1:eth3:10+trunk_remove:SW1:eth3:20+trunk_remove:SW2:eth3:20,32994,32998,0.05,9.049999999999999,4,True,False,True,False,True,recovery_success,0.0015759530797367916,4,3,0,0,0,0,0,0,0
3836,5864,access_vlan:SW1:eth1:20+access_vlan:SW2:eth1:20+access_vlan:SW2:eth2:10+trunk_remove:SW2:eth3:10,32998,33002,0.05,9.2,4,True,False,True,False,True,recovery_success,0.002942222316050902,4,2,1,0,0,0,0,0,0
3837,5865,access_vlan:SW1:eth1:20+access_vlan:SW2:eth1:20+access_vlan:SW2:eth2:10+trunk_remove:SW1:eth3:10+trunk_remove:SW2:eth3:10,33002,33007,0.05,8.899999999999999,5,True,False,True,False,True,recovery_success,0.003753117844462395,5,3,1,0,0,0,0,0,0
3838,5866,access_vlan:SW1:eth2:10+access_vlan:SW2:eth1:20+access_vlan:SW2:eth2:10+trunk_remove:SW1:eth3:20+trunk_remove:SW2:eth3:10+trunk_remove:SW2:eth3:20,33007,33013,0.05,8.6,6,True,False,True,False,True,recovery_success,0.002840582572389394,6,4,1,0,0,0,0,0,0
3839,5867,access_vlan:SW2:eth1:20+access_vlan:SW2:eth2:10+trunk_remove:SW2:eth3:10+trunk_remove:SW2:eth3:20,33013,33018,0.05,8.25,5,True,False,True,False,True,recovery_success,0.00419035847298801,5,4,0,0,1,1,1,0,0
3840,5868,access_vlan:SW2:eth2:10+trunk_remove:SW1:eth3:10+trunk_remove:SW2:eth3:20,33018,33024,0.05,7.949999999999999,6,True,False,True,False,True,recovery_success,0.0027624050659748414,6,5,0,0,1,1,1,1,0
3841,5869,access_vlan:SW1:eth1:20+access_vlan:SW1:eth2:10+access_vlan:SW2:eth1:20+trunk_remove:SW2:eth3:10+trunk_remove:SW2:eth3:20,33024,33029,0.05,8.899999999999999,5,True,False,True,False,True,recovery_success,0.0030637029092758896,5,3,1,0,0,0,0,0,0
3842,5870,access_vlan:SW1:eth1:20+access_vlan:SW1:eth2:10+access_vlan:SW2:eth1:20,33029,33035,0.05,7.25,6,True,False,True,False,True,recovery_success,0.019155546246717375,6,2,2,0,3,3,1,1,0
3843,5871,access_vlan:SW2:eth2:10+trunk_remove:SW1:eth3:20,33035,33038,0.05,9.35,3,True,False,True,False,True,recovery_success,0.003298719491188725,3,2,0,0,0,0,0,0,0
3844,5872,access_vlan:SW2:eth2:10,33038,33040,0.05,9.649999999999999,2,True,False,True,False,True,recovery_success,0.002495057648047805,2,1,0,0,0,0,0,0,0
3845,5873,access_vlan:SW1:eth1:20+trunk_remove:SW1:eth3:10+trunk_remove:SW2:eth3:10+trunk_remove:SW2:eth3:20,33040,33045,0.05,8.75,5,True,False,True,False,True,recovery_success,0.002812402881681919,5,4,0,0,0,0,0,0,0
3846,5874,access_vlan:SW2:eth1:20+trunk_remove:SW1:eth3:10+trunk_remove:SW1:eth3:20,33045,33049,0.05,9.049999999999999,4,True,False,True,False,True,recovery_success,0.0035775312571786344,4,3,0,0,0,0,0,0,0
3847,5875,access_vlan:SW1:eth2:10+access_vlan:SW2:eth2:10+trunk_remove:SW1:eth3:20+trunk_remove:SW2:eth3:10+trunk_remove:SW2:eth3:20,33049,33055,0.05,8.45,6,True,False,True,False,True,recovery_success,0.0024211270889888206,6,5,0,0,0,0,0,0,0
3848,5876,access_vlan:SW1:eth1:20+access_vlan:SW1:eth2:10+trunk_remove:SW1:eth3:10+trunk_remove:SW2:eth3:10+trunk_remove:SW2:eth3:20,33055,33061,0.05,7.949999999999999,6,True,False,True,False,True,recovery_success,0.001963729582106074,6,5,0,0,1,1,1,0,0
3849,5877,trunk_remove:SW1:eth3:10+trunk_remove:SW1:eth3:20+trunk_remove:SW2:eth3:10,33061,33065,0.05,9.049999999999999,4,True,False,True,False,True,recovery_success,0.003160017484333366,4,3,0,0,0,0,0,0,0
3850,5878,access_vlan:SW1:eth1:20+access_vlan:SW1:eth2:10+access_vlan:SW2:eth1:20+access_vlan:SW2:eth2:10+trunk_remove:SW1:eth3:20+trunk_remove:SW2:eth3:20,33065,33071,0.05,8.1,6,True,False,True,False,True,recovery_success,0.011542302362310389,6,4,1,0,1,1,1,1,0
3851,5879,access_vlan:SW1:eth1:20+access_vlan:SW1:eth2:10+access_vlan:SW2:eth1:20+access_vlan:SW2:eth2:10+trunk_remove:SW1:eth3:10+trunk_remove:SW1:eth3:20+trunk_remove:SW2:eth3:10,33071,33079,0.05,7.6499999999999995,8,True,False,True,False,True,recovery_success,0.011425697477534413,8,5,2,0,1,1,1,1,0
3852,5880,access_vlan:SW2:eth1:20+trunk_remove:SW1:eth3:10+trunk_remove:SW1:eth3:20+trunk_remove:SW2:eth3:10,33079,33084,0.05,8.75,5,True,False,True,False,True,recovery_success,0.0033303587464615703,5,4,0,0,0,0,0,0,0
3853,5881,access_vlan:SW1:eth1:20+access_vlan:SW1:eth2:10+access_vlan:SW2:eth1:20+trunk_remove:SW1:eth3:10+trunk_remove:SW2:eth3:20,33084,33089,0.05,8.899999999999999,5,True,False,True,False,True,recovery_success,0.0035479851067066193,5,3,1,0,0,0,0,0,0
3854,5882,access_vlan:SW1:eth1:20+access_vlan:SW2:eth2:10+trunk_remove:SW1:eth3:10+trunk_remove:SW2:eth3:20,33089,33094,0.05,8.75,5,True,False,True,False,True,recovery_success,0.02113552587106824,5,4,0,0,0,0,0,0,0
3855,5883,access_vlan:SW1:eth2:10+trunk_remove:SW1:eth3:20+trunk_remove:SW2:eth3:10+trunk_remove:SW2:eth3:20,33094,33099,0.05,8.75,5,True,False,True,False,True,recovery_success,0.0031051441095769406,5,4,0,0,0,0,0,0,0
3856,5884,access_vlan:SW1:eth1:20+access_vlan:SW1:eth2:10+access_vlan:SW2:eth1:20+trunk_remove:SW2:eth3:20,33099,33103,0.05,9.2,4,True,False,True,False,True,recovery_success,0.009754049126058817,4,2,1,0,0,0,0,0,0
3857,5885,access_vlan:SW1:eth2:10+trunk_remove:SW2:eth3:20,33103,33106,0.05,9.35,3,True,False,True,False,True,recovery_success,0.04968658648431301,3,2,0,0,0,0,0,0,0
3858,5886,access_vlan:SW1:eth1:20+trunk_remove:SW1:eth3:10+trunk_remove:SW2:eth3:10,33106,33112,0.05,7.449999999999999,6,True,False,True,False,True,recovery_success,0.01353422412648797,6,5,0,0,2,2,1,0,0
3859,5887,access_vlan:SW1:eth1:20+access_vlan:SW1:eth2:10+access_vlan:SW2:eth1:20+trunk_remove:SW1:eth3:10+trunk_remove:SW1:eth3:20+trunk_remove:SW2:eth3:10+trunk_remove:SW2:eth3:20,33112,33142,0.05,-5.7500000000000036,30,True,False,False,True,False,step_limit,0.004656440609445174,30,5,25,0,1,1,1,0,4
3860,5888,access_vlan:SW1:eth2:10+access_vlan:SW2:eth1:20+access_vlan:SW2:eth2:10+trunk_remove:SW1:eth3:10+trunk_remove:SW1:eth3:20+trunk_remove:SW2:eth3:10+trunk_remove:SW2:eth3:20,33142,33151,0.05,7.199999999999999,9,True,False,True,False,True,recovery_success,0.003491071026979221,9,7,1,0,1,1,1,0,0
3861,5889,access_vlan:SW1:eth1:20+trunk_remove:SW1:eth3:20+trunk_remove:SW2:eth3:20,33151,33155,0.05,9.049999999999999,4,True,False,True,False,True,recovery_success,0.0029072877077851444,4,3,0,0,0,0,0,0,0
3862,5890,access_vlan:SW1:eth1:20+access_vlan:SW1:eth2:10+access_vlan:SW2:eth1:20+access_vlan:SW2:eth2:10+trunk_remove:SW2:eth3:10+trunk_remove:SW2:eth3:20,33155,33159,0.05,9.2,4,True,False,True,False,True,recovery_success,0.004485858837142587,4,2,1,0,0,0,0,0,0
3863,5891,access_vlan:SW2:eth2:10+trunk_remove:SW2:eth3:20,33159,33162,0.05,9.35,3,True,False,True,False,True,recovery_success,0.003313643430980543,3,2,0,0,0,0,0,0,0
3864,5892,access_vlan:SW1:eth1:20+access_vlan:SW1:eth2:10+access_vlan:SW2:eth1:20+access_vlan:SW2:eth2:10+trunk_remove:SW1:eth3:10+trunk_remove:SW1:eth3:20+trunk_remove:SW2:eth3:10,33162,33167,0.05,8.899999999999999,5,True,False,True,False,True,recovery_success,0.003704332164488733,5,3,1,0,0,0,0,0,0
3865,5893,access_vlan:SW1:eth2:10+access_vlan:SW2:eth2:10+trunk_remove:SW1:eth3:10+trunk_remove:SW1:eth3:20+trunk_remove:SW2:eth3:20,33167,33173,0.05,8.45,6,True,False,True,False,True,recovery_success,0.0033811004056284824,6,5,0,0,0,0,0,0,0
3866,5894,access_vlan:SW1:eth1:20+access_vlan:SW1:eth2:10+trunk_remove:SW1:eth3:10+trunk_remove:SW2:eth3:20,33173,33178,0.05,8.25,5,True,False,True,False,True,recovery_success,0.004027248080819845,5,4,0,0,1,1,1,0,0
3867,5895,access_vlan:SW1:eth1:20+access_vlan:SW1:eth2:10+access_vlan:SW2:eth1:20+access_vlan:SW2:eth2:10+trunk_remove:SW1:eth3:10,33178,33181,0.05,9.5,3,True,False,True,False,True,recovery_success,0.00714661351715525,3,1,1,0,0,0,0,0,0
3868,5896,access_vlan:SW1:eth1:20+access_vlan:SW1:eth2:10+access_vlan:SW2:eth2:10+trunk_remove:SW1:eth3:10+trunk_remove:SW2:eth3:20,33181,33186,0.05,8.899999999999999,5,True,False,True,False,True,recovery_success,0.005105029884725809,5,3,1,0,0,0,0,0,0
3869,5897,trunk_remove:SW2:eth3:10+trunk_remove:SW2:eth3:20,33186,33191,0.05,7.749999999999999,5,True,False,True,False,True,recovery_success,0.010140380449593067,5,4,0,0,2,2,1,0,0
3870,5898,access_vlan:SW1:eth1:20+trunk_remove:SW1:eth3:20,33191,33194,0.05,9.35,3,True,False,True,False,True,recovery_success,0.004038644876951973,3,2,0,0,0,0,0,0,0
3871,5899,access_vlan:SW1:eth1:20+access_vlan:SW1:eth2:10+access_vlan:SW2:eth1:20+trunk_remove:SW2:eth3:10+trunk_remove:SW2:eth3:20,33194,33199,0.05,8.899999999999999,5,True,False,True,False,True,recovery_success,0.004686939646489918,5,3,1,0,0,0,0,0,0
3872,5900,access_vlan:SW2:eth2:10+trunk_remove:SW2:eth3:20,33199,33202,0.05,9.35,3,True,False,True,False,True,recovery_success,0.006007600653295715,3,2,0,0,0,0,0,0,0
3873,5901,access_vlan:SW1:eth2:10+trunk_remove:SW1:eth3:10+trunk_remove:SW1:eth3:20+trunk_remove:SW2:eth3:20,33202,33210,0.05,7.5,8,True,False,True,False,True,recovery_success,0.006222569470992312,8,6,1,0,1,1,1,0,0
3874,5902,trunk_remove:SW2:eth3:10+trunk_remove:SW2:eth3:20,33210,33216,0.05,7.6,6,True,False,True,False,True,recovery_success,0.007140185761575897,6,4,1,0,2,2,1,0,0
3875,5903,access_vlan:SW2:eth1:20+access_vlan:SW2:eth2:10+trunk_remove:SW1:eth3:20,33216,33220,0.05,8.549999999999999,4,True,False,True,False,True,recovery_success,0.004491860629059374,4,3,0,0,1,1,1,0,0
3876,5904,access_vlan:SW1:eth1:20+access_vlan:SW1:eth2:10+access_vlan:SW2:eth2:10+trunk_remove:SW1:eth3:10+trunk_remove:SW2:eth3:10,33220,33225,0.05,8.899999999999999,5,True,False,True,False,True,recovery_success,0.004546436760574579,5,3,1,0,0,0,0,0,0
3877,5905,access_vlan:SW1:eth1:20+access_vlan:SW1:eth2:10+access_vlan:SW2:eth1:20+access_vlan:SW2:eth2:10,33225,33227,0.05,9.799999999999999,2,True,False,True,False,True,recovery_success,0.003580454853363335,2,0,1,0,0,0,0,0,0
3878,5906,access_vlan:SW1:eth1:20+access_vlan:SW2:eth1:20+access_vlan:SW2:eth2:10+trunk_remove:SW1:eth3:20+trunk_remove:SW2:eth3:10+trunk_remove:SW2:eth3:20,33227,33233,0.05,8.6,6,True,False,True,False,True,recovery_success,0.00276653051453953,6,4,1,0,0,0,0,0,0
3879,5907,access_vlan:SW1:eth1:20+access_vlan:SW2:eth1:20+access_vlan:SW2:eth2:10+trunk_remove:SW1:eth3:10+trunk_remove:SW1:eth3:20,33233,33238,0.05,8.899999999999999,5,True,False,True,False,True,recovery_success,0.002038970682770014,5,3,1,0,0,0,0,0,0
3880,5908,access_vlan:SW2:eth1:20+access_vlan:SW2:eth2:10,33238,33241,0.05,8.85,3,True,False,True,False,True,recovery_success,0.002783788445716103,3,2,0,0,1,1,1,0,0
3881,5909,access_vlan:SW2:eth1:20+trunk_remove:SW1:eth3:10+trunk_remove:SW2:eth3:10+trunk_remove:SW2:eth3:20,33241,33246,0.05,8.75,5,True,False,True,False,True,recovery_success,0.030833047698251903,5,4,0,0,0,0,0,0,0
3882,5910,access_vlan:SW1:eth1:20+trunk_remove:SW1:eth3:10+trunk_remove:SW1:eth3:20+trunk_remove:SW2:eth3:20,33246,33251,0.05,8.75,5,True,False,True,False,True,recovery_success,0.0020741845946758986,5,4,0,0,0,0,0,0,0
3883,5911,access_vlan:SW1:eth1:20+access_vlan:SW2:eth1:20+access_vlan:SW2:eth2:10+trunk_remove:SW1:eth3:20,33251,33255,0.05,9.2,4,True,False,True,False,True,recovery_success,0.003091981285251677,4,2,1,0,0,0,0,0,0
3884,5912,access_vlan:SW1:eth2:10+access_vlan:SW2:eth2:10+trunk_remove:SW1:eth3:20+trunk_remove:SW2:eth3:10,33255,33260,0.05,8.75,5,True,False,True,False,True,recovery_success,0.003778897784650326,5,4,0,0,0,0,0,0,0
3885,5913,trunk_remove:SW2:eth3:20,33260,33262,0.05,9.649999999999999,2,True,False,True,False,True,recovery_success,0.0035365481162443757,2,1,0,0,0,0,0,0,0
3886,5914,access_vlan:SW2:eth1:20+access_vlan:SW2:eth2:10+trunk_remove:SW1:eth3:10+trunk_remove:SW1:eth3:20+trunk_remove:SW2:eth3:20,33262,33268,0.05,7.949999999999999,6,True,False,True,False,True,recovery_success,0.0016827634632742654,6,5,0,0,1,1,1,0,0
3887,5915,access_vlan:SW1:eth1:20+access_vlan:SW1:eth2:10+access_vlan:SW2:eth2:10+trunk_remove:SW1:eth3:10+trunk_remove:SW1:eth3:20+trunk_remove:SW2:eth3:20,33268,33274,0.05,8.6,6,True,False,True,False,True,recovery_success,0.0022714260267093778,6,4,1,0,0,0,0,0,0
3888,5916,access_vlan:SW1:eth1:20+access_vlan:SW2:eth1:20+access_vlan:SW2:eth2:10+trunk_remove:SW1:eth3:10,33274,33278,0.05,9.2,4,True,False,True,False,True,recovery_success,0.0028046486695529893,4,2,1,0,0,0,0,0,0
3889,5917,access_vlan:SW1:eth1:20+access_vlan:SW1:eth2:10+access_vlan:SW2:eth2:10+trunk_remove:SW1:eth3:20+trunk_remove:SW2:eth3:10,33278,33283,0.05,8.899999999999999,5,True,False,True,False,True,recovery_success,0.0014131474890746176,5,3,1,0,0,0,0,0,0
3890,5918,access_vlan:SW1:eth2:10+access_vlan:SW2:eth2:10+trunk_remove:SW1:eth3:10+trunk_remove:SW2:eth3:10,33283,33288,0.05,8.75,5,True,False,True,False,True,recovery_success,0.026017087209038437,5,4,0,0,0,0,0,0,0
3891,5919,access_vlan:SW1:eth1:20+access_vlan:SW1:eth2:10+access_vlan:SW2:eth1:20+access_vlan:SW2:eth2:10+trunk_remove:SW2:eth3:10,33288,33291,0.05,9.5,3,True,False,True,False,True,recovery_success,0.004486062680371106,3,1,1,0,0,0,0,0,0
3892,5920,access_vlan:SW1:eth1:20+trunk_remove:SW1:eth3:10+trunk_remove:SW2:eth3:10,33291,33297,0.05,8.45,6,True,False,True,False,True,recovery_success,0.010403638647403568,6,4,0,0,0,0,0,0,0
3893,5921,access_vlan:SW1:eth1:20+trunk_remove:SW1:eth3:10+trunk_remove:SW1:eth3:20+trunk_remove:SW2:eth3:10+trunk_remove:SW2:eth3:20,33297,33303,0.05,8.45,6,True,False,True,False,True,recovery_success,0.0025116675533354282,6,5,0,0,0,0,0,0,0
3894,5922,access_vlan:SW1:eth1:20+access_vlan:SW1:eth2:10+access_vlan:SW2:eth2:10+trunk_remove:SW1:eth3:10+trunk_remove:SW2:eth3:10+trunk_remove:SW2:eth3:20,33303,33311,0.05,7.999999999999999,8,True,False,True,False,True,recovery_success,0.002265379123855382,8,6,1,0,0,0,0,0,0
3895,5923,access_vlan:SW2:eth1:20+trunk_remove:SW1:eth3:20,33311,33314,0.05,9.35,3,True,False,True,False,True,recovery_success,0.001863590208813548,3,2,0,0,0,0,0,0,0
3896,5924,access_vlan:SW1:eth1:20+access_vlan:SW1:eth2:10+access_vlan:SW2:eth1:20+access_vlan:SW2:eth2:10+trunk_remove:SW1:eth3:10+trunk_remove:SW1:eth3:20+trunk_remove:SW2:eth3:10+trunk_remove:SW2:eth3:20,33314,33320,0.05,8.6,6,True,False,True,False,True,recovery_success,0.0022568245185539126,6,4,1,0,0,0,0,0,0
3897,5925,access_vlan:SW2:eth1:20+access_vlan:SW2:eth2:10+trunk_remove:SW1:eth3:20+trunk_remove:SW2:eth3:10+trunk_remove:SW2:eth3:20,33320,33326,0.05,7.949999999999999,6,True,False,True,False,True,recovery_success,0.0015147128724493086,6,5,0,0,1,1,1,0,0
3898,5926,access_vlan:SW2:eth1:20+access_vlan:SW2:eth2:10+trunk_remove:SW1:eth3:10+trunk_remove:SW1:eth3:20,33326,33333,0.05,7.6499999999999995,7,True,False,True,False,True,recovery_success,0.002392179615396474,7,6,0,0,1,1,1,0,0
3899,5927,access_vlan:SW1:eth1:20+access_vlan:SW2:eth1:20+trunk_remove:SW1:eth3:10+trunk_remove:SW1:eth3:20+trunk_remove:SW2:eth3:10,33333,33339,0.05,8.45,6,True,False,True,False,True,recovery_success,0.0017404888640157878,6,5,0,0,0,0,0,0,0
3900,5928,trunk_remove:SW1:eth3:20+trunk_remove:SW2:eth3:10+trunk_remove:SW2:eth3:20,33339,33344,0.05,8.899999999999999,5,True,False,True,False,True,recovery_success,0.0018848052015528083,5,3,1,0,0,0,0,0,0
3901,5929,access_vlan:SW1:eth1:20+access_vlan:SW1:eth2:10+access_vlan:SW2:eth2:10+trunk_remove:SW1:eth3:20+trunk_remove:SW2:eth3:20,33344,33349,0.05,8.899999999999999,5,True,False,True,False,True,recovery_success,0.002524728747084737,5,3,1,0,0,0,0,0,0
3902,5930,trunk_remove:SW1:eth3:10+trunk_remove:SW2:eth3:20,33349,33352,0.05,9.35,3,True,False,True,False,True,recovery_success,0.0014453403030832608,3,2,0,0,0,0,0,0,0
3903,5931,access_vlan:SW1:eth1:20+access_vlan:SW1:eth2:10+access_vlan:SW2:eth1:20+access_vlan:SW2:eth2:10,33352,33354,0.05,9.799999999999999,2,True,False,True,False,True,recovery_success,0.0011173544626217335,2,0,1,0,0,0,0,0,0
3904,5932,access_vlan:SW1:eth1:20+access_vlan:SW1:eth2:10+access_vlan:SW2:eth1:20+trunk_remove:SW1:eth3:20+trunk_remove:SW2:eth3:20,33354,33361,0.05,7.799999999999999,7,True,False,True,False,True,recovery_success,0.0017588213086128235,7,5,1,0,1,1,1,0,0
3905,5933,access_vlan:SW1:eth2:10+trunk_remove:SW1:eth3:10+trunk_remove:SW1:eth3:20,33361,33365,0.05,9.049999999999999,4,True,False,True,False,True,recovery_success,0.0011424261610955,4,3,0,0,0,0,0,0,0
3906,5934,trunk_remove:SW1:eth3:10,33365,33367,0.05,9.649999999999999,2,True,False,True,False,True,recovery_success,0.0013773064129054546,2,1,0,0,0,0,0,0,0
3907,5935,access_vlan:SW1:eth1:20+access_vlan:SW1:eth2:10+access_vlan:SW2:eth1:20+trunk_remove:SW1:eth3:10+trunk_remove:SW2:eth3:20,33367,33369,0.05,-10.350000000000001,2,True,False,True,False,False,incorrect_declare_done,0.0019901246996596456,2,1,0,0,0,0,0,0,2
3908,5936,access_vlan:SW1:eth1:20+access_vlan:SW1:eth2:10+access_vlan:SW2:eth1:20+trunk_remove:SW1:eth3:10,33369,33373,0.05,9.2,4,True,False,True,False,True,recovery_success,0.0011636837443802506,4,2,1,0,0,0,0,0,0
3909,5937,access_vlan:SW1:eth2:10+trunk_remove:SW1:eth3:10+trunk_remove:SW2:eth3:20,33373,33379,0.05,7.949999999999999,6,True,False,True,False,True,recovery_success,0.004543157119769603,6,5,0,0,1,1,1,0,0
3910,5938,access_vlan:SW1:eth2:10+access_vlan:SW2:eth1:20+access_vlan:SW2:eth2:10+trunk_remove:SW2:eth3:10,33379,33383,0.05,9.2,4,True,False,True,False,True,recovery_success,0.002371758542722091,4,2,1,0,0,0,0,0,0
3911,5939,access_vlan:SW1:eth2:10+access_vlan:SW2:eth1:20+access_vlan:SW2:eth2:10+trunk_remove:SW1:eth3:10+trunk_remove:SW1:eth3:20+trunk_remove:SW2:eth3:10,33383,33392,0.05,7.35,9,True,False,True,False,True,recovery_success,0.0034322237414825293,9,6,2,0,1,1,1,1,0
3912,5940,access_vlan:SW2:eth1:20+trunk_remove:SW1:eth3:10+trunk_remove:SW2:eth3:10+trunk_remove:SW2:eth3:20,33392,33397,0.05,8.75,5,True,False,True,False,True,recovery_success,0.003958327509462833,5,4,0,0,0,0,0,0,0
3913,5941,access_vlan:SW1:eth1:20+access_vlan:SW2:eth1:20+trunk_remove:SW1:eth3:20+trunk_remove:SW2:eth3:10,33397,33402,0.05,8.75,5,True,False,True,False,True,recovery_success,0.0015802069334313273,5,4,0,0,0,0,0,0,0
3914,5942,access_vlan:SW1:eth1:20+access_vlan:SW2:eth1:20+trunk_remove:SW1:eth3:10+trunk_remove:SW2:eth3:10+trunk_remove:SW2:eth3:20,33402,33408,0.05,8.45,6,True,False,True,False,True,recovery_success,0.00275154085829854,6,5,0,0,0,0,0,0,0
3915,5943,access_vlan:SW2:eth1:20+access_vlan:SW2:eth2:10+trunk_remove:SW1:eth3:10+trunk_remove:SW2:eth3:10+trunk_remove:SW2:eth3:20,33408,33414,0.05,7.949999999999999,6,True,False,True,False,True,recovery_success,0.0027898713597096503,6,5,0,0,1,1,1,0,0
3916,5944,access_vlan:SW2:eth1:20+access_vlan:SW2:eth2:10+trunk_remove:SW2:eth3:10+trunk_remove:SW2:eth3:20,33414,33419,0.05,8.25,5,True,False,True,False,True,recovery_success,0.0026510745752602815,5,4,0,0,1,1,1,0,0
3917,5945,access_vlan:SW1:eth2:10+access_vlan:SW2:eth1:20+trunk_remove:SW1:eth3:10+trunk_remove:SW1:eth3:20,33419,33425,0.05,8.6,6,True,False,True,False,True,recovery_success,0.00146974054708456,6,4,1,0,0,0,0,0,0
3918,5946,access_vlan:SW1:eth2:10+trunk_remove:SW1:eth3:20+trunk_remove:SW2:eth3:10,33425,33429,0.05,9.049999999999999,4,True,False,True,False,True,recovery_success,0.0021567797812167555,4,3,0,0,0,0,0,0,0
3919,5947,access_vlan:SW1:eth1:20+access_vlan:SW1:eth2:10+access_vlan:SW2:eth1:20+trunk_remove:SW1:eth3:10+trunk_remove:SW1:eth3:20,33429,33430,0.05,-10.05,1,True,False,True,False,False,incorrect_declare_done,0.001218119403347373,1,0,0,0,0,0,0,0,3
3920,5948,access_vlan:SW1:eth2:10+trunk_remove:SW1:eth3:10,33430,33433,0.05,9.35,3,True,False,True,False,True,recovery_success,0.0009594149111459652,3,2,0,0,0,0,0,0,0
3921,5949,access_vlan:SW1:eth2:10+access_vlan:SW2:eth1:20+access_vlan:SW2:eth2:10+trunk_remove:SW2:eth3:10+trunk_remove:SW2:eth3:20,33433,33441,0.05,7.6499999999999995,8,True,False,True,False,True,recovery_success,0.001315731271461118,8,5,2,0,1,1,1,1,0
3922,5950,access_vlan:SW2:eth2:10,33441,33443,0.05,9.649999999999999,2,True,False,True,False,True,recovery_success,0.0009811914642341435,2,1,0,0,0,0,0,0,0
3923,5951,access_vlan:SW2:eth1:20+access_vlan:SW2:eth2:10+trunk_remove:SW2:eth3:10+trunk_remove:SW2:eth3:20,33443,33450,0.05,7.6499999999999995,7,True,False,True,False,True,recovery_success,0.0018937863850234343,7,6,0,0,1,1,1,0,0
3924,5952,access_vlan:SW1:eth2:10+trunk_remove:SW1:eth3:10+trunk_remove:SW1:eth3:20,33450,33454,0.05,9.049999999999999,4,True,False,True,False,True,recovery_success,0.0011794240126619115,4,3,0,0,0,0,0,0,0
3925,5953,access_vlan:SW1:eth1:20+trunk_remove:SW1:eth3:20,33454,33457,0.05,9.35,3,True,False,True,False,True,recovery_success,0.0020898413689186177,3,2,0,0,0,0,0,0,0
3926,5954,trunk_remove:SW1:eth3:10+trunk_remove:SW2:eth3:20,33457,33460,0.05,9.35,3,True,False,True,False,True,recovery_success,0.0015189604212840397,3,2,0,0,0,0,0,0,0
3927,5955,access_vlan:SW2:eth1:20+access_vlan:SW2:eth2:10+trunk_remove:SW1:eth3:10+trunk_remove:SW2:eth3:10,33460,33465,0.05,8.25,5,True,False,True,False,True,recovery_success,0.002765424642711878,5,4,0,0,1,1,1,0,0
3928,5956,access_vlan:SW1:eth1:20+access_vlan:SW1:eth2:10+access_vlan:SW2:eth1:20+access_vlan:SW2:eth2:10+trunk_remove:SW1:eth3:20+trunk_remove:SW2:eth3:10,33465,33469,0.05,9.2,4,True,False,True,False,True,recovery_success,0.0011796245817095041,4,2,1,0,0,0,0,0,0
3929,5957,access_vlan:SW1:eth2:10+access_vlan:SW2:eth1:20+access_vlan:SW2:eth2:10+trunk_remove:SW2:eth3:10+trunk_remove:SW2:eth3:20,33469,33474,0.05,8.899999999999999,5,True,False,True,False,True,recovery_success,0.0018665706156753004,5,3,1,0,0,0,0,0,0
3930,5958,access_vlan:SW1:eth1:20+access_vlan:SW2:eth1:20+access_vlan:SW2:eth2:10+trunk_remove:SW1:eth3:10+trunk_remove:SW1:eth3:20,33474,33479,0.05,8.899999999999999,5,True,False,True,False,True,recovery_success,0.0012077820021659136,5,3,1,0,0,0,0,0,0
3931,5959,access_vlan:SW1:eth1:20+access_vlan:SW1:eth2:10+access_vlan:SW2:eth1:20+trunk_remove:SW1:eth3:10+trunk_remove:SW2:eth3:10,33479,33484,0.05,8.899999999999999,5,True,False,True,False,True,recovery_success,0.0015148971928283573,5,3,1,0,0,0,0,0,0
3932,5960,access_vlan:SW2:eth2:10+trunk_remove:SW2:eth3:20,33484,33487,0.05,9.35,3,True,False,True,False,True,recovery_success,0.0016624687511163454,3,2,0,0,0,0,0,0,0
3933,5961,access_vlan:SW1:eth2:10+trunk_remove:SW1:eth3:10+trunk_remove:SW2:eth3:10+trunk_remove:SW2:eth3:20,33487,33494,0.05,8.149999999999999,7,True,False,True,False,True,recovery_success,0.0026972119147623225,7,5,0,0,0,0,0,0,0
3934,5962,access_vlan:SW1:eth2:10+access_vlan:SW2:eth2:10+trunk_remove:SW1:eth3:10+trunk_remove:SW1:eth3:20+trunk_remove:SW2:eth3:10+trunk_remove:SW2:eth3:20,33494,33501,0.05,8.149999999999999,7,True,False,True,False,True,recovery_success,0.0021241935319267213,7,6,0,0,0,0,0,0,0
3935,5963,access_vlan:SW1:eth1:20+access_vlan:SW2:eth1:20+access_vlan:SW2:eth2:10+trunk_remove:SW1:eth3:20+trunk_remove:SW2:eth3:10,33501,33508,0.05,7.3,7,True,False,True,False,True,recovery_success,0.0031162211006241186,7,5,1,0,2,2,1,0,0
3936,5964,access_vlan:SW1:eth1:20+trunk_remove:SW1:eth3:10+trunk_remove:SW1:eth3:20,33508,33512,0.05,9.049999999999999,4,True,False,True,False,True,recovery_success,0.0032884625834412873,4,3,0,0,0,0,0,0,0
3937,5965,access_vlan:SW2:eth1:20+access_vlan:SW2:eth2:10+trunk_remove:SW1:eth3:10+trunk_remove:SW2:eth3:10,33512,33517,0.05,8.25,5,True,False,True,False,True,recovery_success,0.004389435844495892,5,4,0,0,1,1,1,0,0
3938,5966,access_vlan:SW1:eth1:20+access_vlan:SW1:eth2:10+access_vlan:SW2:eth1:20+trunk_remove:SW1:eth3:10,33517,33547,0.05,-6.750000000000002,30,True,False,False,True,False,step_limit,0.0030690045095980167,30,5,25,0,3,3,3,0,3
3939,5967,access_vlan:SW1:eth1:20+access_vlan:SW1:eth2:10+access_vlan:SW2:eth1:20+trunk_remove:SW2:eth3:20,33547,33553,0.05,7.6,6,True,False,True,False,True,recovery_success,0.0036912869351605573,6,4,1,0,2,2,1,0,0
3940,5968,access_vlan:SW1:eth1:20+access_vlan:SW1:eth2:10+access_vlan:SW2:eth2:10+trunk_remove:SW2:eth3:20,33553,33557,0.05,9.2,4,True,False,True,False,True,recovery_success,0.002420597505988553,4,2,1,0,0,0,0,0,0
3941,5969,access_vlan:SW1:eth2:10+access_vlan:SW2:eth2:10+trunk_remove:SW1:eth3:20+trunk_remove:SW2:eth3:10+trunk_remove:SW2:eth3:20,33557,33565,0.05,6.35,8,True,False,True,False,True,recovery_success,0.002340530641959049,8,7,0,0,3,3,1,1,0
3942,5970,access_vlan:SW1:eth1:20+trunk_remove:SW2:eth3:10+trunk_remove:SW2:eth3:20,33565,33571,0.05,7.949999999999999,6,True,False,True,False,True,recovery_success,0.002914986301523944,6,5,0,0,1,1,1,0,0
3943,5971,access_vlan:SW1:eth2:10+access_vlan:SW2:eth2:10+trunk_remove:SW1:eth3:20+trunk_remove:SW2:eth3:20,33571,33587,0.05,6.6,16,True,False,True,False,True,recovery_success,0.0023997162643354386,16,4,11,0,1,1,1,0,0
3944,5972,access_vlan:SW2:eth1:20+trunk_remove:SW1:eth3:10+trunk_remove:SW1:eth3:20+trunk_remove:SW2:eth3:20,33587,33592,0.05,8.75,5,True,False,True,False,True,recovery_success,0.0020932925632223486,5,4,0,0,0,0,0,0,0
3945,5973,access_vlan:SW2:eth2:10+trunk_remove:SW1:eth3:10,33592,33595,0.05,9.35,3,True,False,True,False,True,recovery_success,0.003951037807079653,3,2,0,0,0,0,0,0,0
3946,5974,access_vlan:SW1:eth2:10+trunk_remove:SW2:eth3:10+trunk_remove:SW2:eth3:20,33595,33601,0.05,8.45,6,True,False,True,False,True,recovery_success,0.0019529380175905924,6,5,0,0,0,0,0,0,0
3947,5975,access_vlan:SW1:eth1:20+access_vlan:SW2:eth1:20+trunk_remove:SW2:eth3:10,33601,33607,0.05,7.949999999999999,6,True,False,True,False,True,recovery_success,0.028239904204383492,6,5,0,0,1,1,1,0,0
3948,5976,access_vlan:SW1:eth2:10+trunk_remove:SW1:eth3:10+trunk_remove:SW1:eth3:20+trunk_remove:SW2:eth3:10+trunk_remove:SW2:eth3:20,33607,33613,0.05,8.45,6,True,False,True,False,True,recovery_success,0.02140330309824397,6,5,0,0,0,0,0,0,0
3949,5977,access_vlan:SW1:eth1:20+access_vlan:SW2:eth1:20+access_vlan:SW2:eth2:10+trunk_remove:SW1:eth3:10+trunk_remove:SW2:eth3:10+trunk_remove:SW2:eth3:20,33613,33619,0.05,8.6,6,True,False,True,False,True,recovery_success,0.0019968219373064735,6,4,1,0,0,0,0,0,0
3950,5978,access_vlan:SW1:eth1:20+trunk_remove:SW1:eth3:10+trunk_remove:SW1:eth3:20+trunk_remove:SW2:eth3:10,33619,33624,0.05,8.75,5,True,False,True,False,True,recovery_success,0.0026775240432471035,5,4,0,0,0,0,0,0,0
3951,5979,access_vlan:SW2:eth1:20+access_vlan:SW2:eth2:10+trunk_remove:SW1:eth3:10+trunk_remove:SW2:eth3:20,33624,33629,0.05,8.25,5,True,False,True,False,True,recovery_success,0.019132439978420734,5,4,0,0,1,1,1,0,0
3952,5980,trunk_remove:SW1:eth3:10+trunk_remove:SW1:eth3:20+trunk_remove:SW2:eth3:10,33629,33633,0.05,9.049999999999999,4,True,False,True,False,True,recovery_success,0.011974274704698473,4,3,0,0,0,0,0,0,0
3953,5981,access_vlan:SW1:eth2:10+trunk_remove:SW1:eth3:10,33633,33636,0.05,9.35,3,True,False,True,False,True,recovery_success,0.0013426549267023802,3,2,0,0,0,0,0,0,0
3954,5982,access_vlan:SW1:eth1:20+access_vlan:SW1:eth2:10+access_vlan:SW2:eth1:20+access_vlan:SW2:eth2:10+trunk_remove:SW2:eth3:10+trunk_remove:SW2:eth3:20,33636,33640,0.05,9.2,4,True,False,True,False,True,recovery_success,0.0021189561812207103,4,2,1,0,0,0,0,0,0
3955,5983,access_vlan:SW1:eth1:20+access_vlan:SW2:eth1:20+access_vlan:SW2:eth2:10+trunk_remove:SW1:eth3:20,33640,33644,0.05,9.2,4,True,False,True,False,True,recovery_success,0.005354421504307538,4,2,1,0,0,0,0,0,0
3956,5984,access_vlan:SW2:eth1:20+trunk_remove:SW2:eth3:20,33644,33647,0.05,9.35,3,True,False,True,False,True,recovery_success,0.0015173823727915685,3,2,0,0,0,0,0,0,0
3957,5985,access_vlan:SW1:eth1:20+access_vlan:SW1:eth2:10+trunk_remove:SW1:eth3:10,33647,33656,0.05,7.799999999999999,9,True,False,True,False,True,recovery_success,0.0013500975522523124,9,3,5,0,1,1,1,0,0
3958,5986,access_vlan:SW1:eth1:20+trunk_remove:SW1:eth3:10+trunk_remove:SW2:eth3:20,33656,33660,0.05,9.049999999999999,4,True,False,True,False,True,recovery_success,0.001732574834022671,4,3,0,0,0,0,0,0,0
3959,5987,access_vlan:SW2:eth1:20+access_vlan:SW2:eth2:10+trunk_remove:SW1:eth3:10+trunk_remove:SW1:eth3:20+trunk_remove:SW2:eth3:20,33660,33666,0.05,7.949999999999999,6,True,False,True,False,True,recovery_success,0.0013677203678525984,6,5,0,0,1,1,1,0,0
3960,5988,access_vlan:SW1:eth1:20+access_vlan:SW1:eth2:10+access_vlan:SW2:eth1:20+access_vlan:SW2:eth2:10+trunk_remove:SW1:eth3:20+trunk_remove:SW2:eth3:20,33666,33672,0.05,8.1,6,True,False,True,False,True,recovery_success,0.0016065015612790983,6,4,1,0,1,1,1,0,0
3961,5989,access_vlan:SW1:eth1:20+access_vlan:SW1:eth2:10+access_vlan:SW2:eth2:10+trunk_remove:SW1:eth3:10+trunk_remove:SW1:eth3:20+trunk_remove:SW2:eth3:10,33672,33678,0.05,8.6,6,True,False,True,False,True,recovery_success,0.001119014574214816,6,4,1,0,0,0,0,0,0
3962,5990,access_vlan:SW1:eth2:10+trunk_remove:SW1:eth3:20+trunk_remove:SW2:eth3:20,33678,33686,0.05,5.85,8,True,False,True,False,True,recovery_success,0.0014343301590997726,8,7,0,0,4,4,2,1,0
3963,5991,access_vlan:SW1:eth1:20+access_vlan:SW2:eth1:20+trunk_remove:SW1:eth3:10,33686,33690,0.05,8.549999999999999,4,True,False,True,False,True,recovery_success,0.0032013831951189786,4,3,0,0,1,1,1,0,0
3964,5992,access_vlan:SW1:eth2:10+access_vlan:SW2:eth1:20+access_vlan:SW2:eth2:10+trunk_remove:SW1:eth3:20+trunk_remove:SW2:eth3:10,33690,33695,0.05,8.899999999999999,5,True,False,True,False,True,recovery_success,0.002295831753872335,5,3,1,0,0,0,0,0,0
3965,5993,access_vlan:SW1:eth1:20+access_vlan:SW2:eth2:10+trunk_remove:SW1:eth3:20+trunk_remove:SW2:eth3:20,33695,33700,0.05,8.75,5,True,False,True,False,True,recovery_success,0.0021466361125931145,5,4,0,0,0,0,0,0,0
3966,5994,access_vlan:SW1:eth1:20+access_vlan:SW2:eth1:20+trunk_remove:SW1:eth3:10+trunk_remove:SW1:eth3:20+trunk_remove:SW2:eth3:10,33700,33708,0.05,6.85,8,True,False,True,False,True,recovery_success,0.0017974904912989587,8,7,0,0,2,2,1,0,0
3967,5995,trunk_remove:SW1:eth3:10+trunk_remove:SW2:eth3:10,33708,33711,0.05,9.35,3,True,False,True,False,True,recovery_success,0.001528161927126348,3,2,0,0,0,0,0,0,0
3968,5996,access_vlan:SW1:eth1:20+access_vlan:SW2:eth1:20+access_vlan:SW2:eth2:10+trunk_remove:SW1:eth3:20+trunk_remove:SW2:eth3:20,33711,33716,0.05,8.899999999999999,5,True,False,True,False,True,recovery_success,0.00174512283410877,5,3,1,0,0,0,0,0,0
3969,5997,access_vlan:SW1:eth2:10+access_vlan:SW2:eth1:20+access_vlan:SW2:eth2:10+trunk_remove:SW1:eth3:20+trunk_remove:SW2:eth3:10+trunk_remove:SW2:eth3:20,33716,33723,0.05,7.6499999999999995,7,True,False,True,False,True,recovery_success,0.002087578268921269,7,6,0,0,1,1,1,0,0
3970,5998,access_vlan:SW1:eth2:10+access_vlan:SW2:eth1:20+access_vlan:SW2:eth2:10+trunk_remove:SW1:eth3:20+trunk_remove:SW2:eth3:20,33723,33728,0.05,8.899999999999999,5,True,False,True,False,True,recovery_success,0.0020638413145206867,5,3,1,0,0,0,0,0,0
3971,5999,trunk_remove:SW2:eth3:10,33728,33730,0.05,9.649999999999999,2,True,False,True,False,True,recovery_success,0.0009493088873568922,2,1,0,0,0,0,0,0,0
3972,6000,access_vlan:SW1:eth1:20+access_vlan:SW1:eth2:10+access_vlan:SW2:eth1:20+access_vlan:SW2:eth2:10+trunk_remove:SW2:eth3:10,33730,33733,0.05,9.5,3,True,False,True,False,True,recovery_success,0.0016865282280681033,3,1,1,0,0,0,0,0,0
3973,6001,access_vlan:SW2:eth1:20+trunk_remove:SW1:eth3:10+trunk_remove:SW1:eth3:20+trunk_remove:SW2:eth3:10,33733,33738,0.05,8.75,5,True,False,True,False,True,recovery_success,0.0012211119290441274,5,4,0,0,0,0,0,0,0
3974,6002,trunk_remove:SW1:eth3:10+trunk_remove:SW1:eth3:20+trunk_remove:SW2:eth3:10+trunk_remove:SW2:eth3:20,33738,33745,0.05,8.149999999999999,7,True,False,True,False,True,recovery_success,0.0013049944287299045,7,6,0,0,0,0,0,0,0
3975,6003,access_vlan:SW1:eth1:20+access_vlan:SW1:eth2:10+access_vlan:SW2:eth1:20+access_vlan:SW2:eth2:10+trunk_remove:SW2:eth3:10+trunk_remove:SW2:eth3:20,33745,33749,0.05,9.2,4,True,False,True,False,True,recovery_success,0.0015776705695316195,4,2,1,0,0,0,0,0,0
3976,6004,access_vlan:SW1:eth2:10,33749,33751,0.05,9.649999999999999,2,True,False,True,False,True,recovery_success,0.0010487034742254764,2,1,0,0,0,0,0,0,0
3977,6005,access_vlan:SW2:eth1:20+trunk_remove:SW2:eth3:20,33751,33754,0.05,9.35,3,True,False,True,False,True,recovery_success,0.001055762676211695,3,2,0,0,0,0,0,0,0
3978,6006,access_vlan:SW1:eth1:20+access_vlan:SW1:eth2:10+access_vlan:SW2:eth1:20+access_vlan:SW2:eth2:10+trunk_remove:SW1:eth3:10+trunk_remove:SW1:eth3:20+trunk_remove:SW2:eth3:10+trunk_remove:SW2:eth3:20,33754,33760,0.05,8.6,6,True,False,True,False,True,recovery_success,0.0013623774284496903,6,4,1,0,0,0,0,0,0
3979,6007,access_vlan:SW1:eth1:20+access_vlan:SW2:eth1:20+trunk_remove:SW1:eth3:10+trunk_remove:SW1:eth3:20+trunk_remove:SW2:eth3:10+trunk_remove:SW2:eth3:20,33760,33767,0.05,8.149999999999999,7,True,False,True,False,True,recovery_success,0.0013140951050445437,7,6,0,0,0,0,0,0,0
3980,6008,access_vlan:SW1:eth1:20+access_vlan:SW2:eth1:20+trunk_remove:SW1:eth3:10,33767,33772,0.05,8.399999999999999,5,True,False,True,False,True,recovery_success,0.0012341408524662255,5,3,1,0,1,1,1,0,0
3981,6009,access_vlan:SW1:eth1:20+access_vlan:SW2:eth1:20+access_vlan:SW2:eth2:10+trunk_remove:SW1:eth3:20+trunk_remove:SW2:eth3:10+trunk_remove:SW2:eth3:20,33772,33778,0.05,8.6,6,True,False,True,False,True,recovery_success,0.001470873646515732,6,4,1,0,0,0,0,0,0
3982,6010,access_vlan:SW1:eth1:20+trunk_remove:SW2:eth3:10,33778,33781,0.05,9.35,3,True,False,True,False,True,recovery_success,0.0016915710487713416,3,2,0,0,0,0,0,0,0
3983,6011,access_vlan:SW1:eth1:20+access_vlan:SW1:eth2:10+access_vlan:SW2:eth1:20+access_vlan:SW2:eth2:10+trunk_remove:SW1:eth3:10+trunk_remove:SW1:eth3:20+trunk_remove:SW2:eth3:10,33781,33786,0.05,8.899999999999999,5,True,False,True,False,True,recovery_success,0.0022938003996387122,5,3,1,0,0,0,0,0,0
3984,6012,access_vlan:SW1:eth1:20+access_vlan:SW1:eth2:10+access_vlan:SW2:eth1:20,33786,33789,0.05,9.5,3,True,False,True,False,True,recovery_success,0.0020885003032162786,3,1,1,0,0,0,0,0,0
3985,6013,access_vlan:SW1:eth1:20+access_vlan:SW1:eth2:10+trunk_remove:SW1:eth3:20,33789,33793,0.05,8.549999999999999,4,True,False,True,False,True,recovery_success,0.001449805306037888,4,3,0,0,1,1,1,0,0
3986,6014,access_vlan:SW1:eth1:20+access_vlan:SW1:eth2:10+access_vlan:SW2:eth1:20+trunk_remove:SW1:eth3:10+trunk_remove:SW2:eth3:20,33793,33798,0.05,8.899999999999999,5,True,False,True,False,True,recovery_success,0.0015237200306728483,5,3,1,0,0,0,0,0,0
3987,6015,access_vlan:SW1:eth2:10+access_vlan:SW2:eth1:20+access_vlan:SW2:eth2:10+trunk_remove:SW2:eth3:10,33798,33802,0.05,9.2,4,True,False,True,False,True,recovery_success,0.0014153551746858284,4,2,1,0,0,0,0,0,0
3988,6016,access_vlan:SW1:eth1:20+access_vlan:SW1:eth2:10+access_vlan:SW2:eth2:10+trunk_remove:SW1:eth3:10+trunk_remove:SW1:eth3:20+trunk_remove:SW2:eth3:10+trunk_remove:SW2:eth3:20,33802,33809,0.05,8.299999999999999,7,True,False,True,False,True,recovery_success,0.001550571427547506,7,5,1,0,0,0,0,0,0
3989,6017,access_vlan:SW1:eth1:20+trunk_remove:SW1:eth3:20+trunk_remove:SW2:eth3:20,33809,33813,0.05,9.049999999999999,4,True,False,True,False,True,recovery_success,0.001184961452963762,4,3,0,0,0,0,0,0,0
3990,6018,access_vlan:SW2:eth2:10+trunk_remove:SW1:eth3:10+trunk_remove:SW1:eth3:20+trunk_remove:SW2:eth3:10+trunk_remove:SW2:eth3:20,33813,33819,0.05,8.45,6,True,False,True,False,True,recovery_success,0.0010717312106862664,6,5,0,0,0,0,0,0,0
3991,6019,access_vlan:SW1:eth1:20+access_vlan:SW1:eth2:10+access_vlan:SW2:eth2:10,33819,33822,0.05,9.5,3,True,False,True,False,True,recovery_success,0.001408545474987477,3,1,1,0,0,0,0,0,0
3992,6020,access_vlan:SW1:eth1:20+access_vlan:SW2:eth1:20+trunk_remove:SW2:eth3:10+trunk_remove:SW2:eth3:20,33822,33827,0.05,8.75,5,True,False,True,False,True,recovery_success,0.0009502807632088661,5,4,0,0,0,0,0,0,0
3993,6021,access_vlan:SW2:eth2:10+trunk_remove:SW2:eth3:10+trunk_remove:SW2:eth3:20,33827,33833,0.05,7.949999999999999,6,True,False,True,False,True,recovery_success,0.0011981165444012731,6,5,0,0,1,1,1,0,0
3994,6022,access_vlan:SW1:eth2:10+access_vlan:SW2:eth1:20+access_vlan:SW2:eth2:10+trunk_remove:SW1:eth3:10+trunk_remove:SW2:eth3:10,33833,33838,0.05,8.899999999999999,5,True,False,True,False,True,recovery_success,0.0010692822746932507,5,3,1,0,0,0,0,0,0
3995,6023,access_vlan:SW1:eth1:20+trunk_remove:SW1:eth3:10,33838,33841,0.05,9.35,3,True,False,True,False,True,recovery_success,0.003021392816056808,3,2,0,0,0,0,0,0,0
3996,6024,access_vlan:SW1:eth1:20+access_vlan:SW2:eth1:20+access_vlan:SW2:eth2:10+trunk_remove:SW1:eth3:10+trunk_remove:SW1:eth3:20+trunk_remove:SW2:eth3:20,33841,33847,0.05,8.6,6,True,False,True,False,True,recovery_success,0.0012251683607852708,6,4,1,0,0,0,0,0,0
3997,6025,access_vlan:SW1:eth1:20+access_vlan:SW1:eth2:10+access_vlan:SW2:eth2:10+trunk_remove:SW1:eth3:10+trunk_remove:SW1:eth3:20+trunk_remove:SW2:eth3:10+trunk_remove:SW2:eth3:20,33847,33854,0.05,8.299999999999999,7,True,False,True,False,True,recovery_success,0.0011456046403119607,7,5,1,0,0,0,0,0,0
3998,6026,access_vlan:SW2:eth1:20+trunk_remove:SW1:eth3:10+trunk_remove:SW2:eth3:10+trunk_remove:SW2:eth3:20,33854,33859,0.05,8.75,5,True,False,True,False,True,recovery_success,0.0010031614801846445,5,4,0,0,0,0,0,0,0
3999,6027,access_vlan:SW2:eth2:10+trunk_remove:SW1:eth3:10+trunk_remove:SW2:eth3:20,33859,33863,0.05,9.049999999999999,4,True,False,True,False,True,recovery_success,0.0010220064577879384,4,3,0,0,0,0,0,0,0
4000,6028,trunk_remove:SW1:eth3:10+trunk_remove:SW1:eth3:20+trunk_remove:SW2:eth3:20,33863,33867,0.05,9.049999999999999,4,True,False,True,False,True,recovery_success,0.0029427515692077577,4,3,0,0,0,0,0,0,0
4001,6029,access_vlan:SW1:eth2:10+access_vlan:SW2:eth1:20+access_vlan:SW2:eth2:10+trunk_remove:SW1:eth3:20+trunk_remove:SW2:eth3:10,33867,33872,0.05,8.899999999999999,5,True,False,True,False,True,recovery_success,0.0010844290140084923,5,3,1,0,0,0,0,0,0
4002,6030,access_vlan:SW2:eth1:20+access_vlan:SW2:eth2:10+trunk_remove:SW2:eth3:10,33872,33876,0.05,8.549999999999999,4,True,False,True,False,True,recovery_success,0.0010248751641483977,4,3,0,0,1,1,1,0,0
4003,6031,access_vlan:SW1:eth1:20+access_vlan:SW1:eth2:10+access_vlan:SW2:eth2:10+trunk_remove:SW1:eth3:20,33876,33880,0.05,9.2,4,True,False,True,False,True,recovery_success,0.0012092006945749745,4,2,1,0,0,0,0,0,0
4004,6032,access_vlan:SW1:eth1:20+access_vlan:SW1:eth2:10+access_vlan:SW2:eth1:20+trunk_remove:SW1:eth3:20+trunk_remove:SW2:eth3:20,33880,33885,0.05,8.899999999999999,5,True,False,True,False,True,recovery_success,0.001490464061498642,5,3,1,0,0,0,0,0,0
4005,6033,access_vlan:SW1:eth1:20+access_vlan:SW1:eth2:10+access_vlan:SW2:eth1:20+trunk_remove:SW1:eth3:20+trunk_remove:SW2:eth3:20,33885,33890,0.05,8.899999999999999,5,True,False,True,False,True,recovery_success,0.00116931542288512,5,3,1,0,0,0,0,0,0
4006,6034,access_vlan:SW2:eth1:20+access_vlan:SW2:eth2:10+trunk_remove:SW1:eth3:20+trunk_remove:SW2:eth3:10,33890,33895,0.05,8.25,5,True,False,True,False,True,recovery_success,0.0011546882684342562,5,4,0,0,1,1,1,0,0
4007,6035,access_vlan:SW1:eth2:10+access_vlan:SW2:eth2:10+trunk_remove:SW1:eth3:10+trunk_remove:SW2:eth3:10,33895,33900,0.05,8.75,5,True,False,True,False,True,recovery_success,0.001237238512840122,5,4,0,0,0,0,0,0,0
4008,6036,access_vlan:SW1:eth1:20+access_vlan:SW2:eth1:20+trunk_remove:SW1:eth3:20+trunk_remove:SW2:eth3:10+trunk_remove:SW2:eth3:20,33900,33906,0.05,8.45,6,True,False,True,False,True,recovery_success,0.0013022279308643192,6,5,0,0,0,0,0,0,0
4009,6037,access_vlan:SW1:eth1:20+access_vlan:SW1:eth2:10+access_vlan:SW2:eth2:10+trunk_remove:SW1:eth3:10+trunk_remove:SW2:eth3:10,33906,33911,0.05,8.899999999999999,5,True,False,True,False,True,recovery_success,0.000857901549898088,5,3,1,0,0,0,0,0,0
4010,6038,access_vlan:SW1:eth2:10+trunk_remove:SW1:eth3:10+trunk_remove:SW1:eth3:20+trunk_remove:SW2:eth3:10+trunk_remove:SW2:eth3:20,33911,33919,0.05,6.85,8,True,False,True,False,True,recovery_success,0.019338714206242003,8,7,0,0,2,2,1,0,0
4011,6039,access_vlan:SW2:eth1:20+access_vlan:SW2:eth2:10+trunk_remove:SW2:eth3:10+trunk_remove:SW2:eth3:20,33919,33924,0.05,8.25,5,True,False,True,False,True,recovery_success,0.0018858097260817885,5,4,0,0,1,1,1,0,0
4012,6040,access_vlan:SW1:eth1:20+access_vlan:SW2:eth1:20+trunk_remove:SW1:eth3:20+trunk_remove:SW2:eth3:10+trunk_remove:SW2:eth3:20,33924,33930,0.05,8.45,6,True,False,True,False,True,recovery_success,0.0022866044697972634,6,5,0,0,0,0,0,0,0
4013,6041,access_vlan:SW1:eth1:20+access_vlan:SW1:eth2:10+access_vlan:SW2:eth1:20+trunk_remove:SW1:eth3:10+trunk_remove:SW2:eth3:10,33930,33937,0.05,7.299999999999999,7,True,False,True,False,True,recovery_success,0.003864274759377752,7,5,1,0,2,2,1,0,0
4014,6042,access_vlan:SW1:eth2:10+access_vlan:SW2:eth2:10+trunk_remove:SW1:eth3:10+trunk_remove:SW1:eth3:20,33937,33944,0.05,7.6499999999999995,7,True,False,True,False,True,recovery_success,0.0037019966236714807,7,6,0,0,1,1,1,1,0
4015,6043,access_vlan:SW1:eth1:20+access_vlan:SW2:eth1:20+access_vlan:SW2:eth2:10+trunk_remove:SW1:eth3:20,33944,33950,0.05,8.1,6,True,False,True,False,True,recovery_success,0.01209760996668289,6,4,1,0,1,1,1,0,0
4016,6044,trunk_remove:SW1:eth3:20+trunk_remove:SW2:eth3:20,33950,33954,0.05,9.2,4,True,False,True,False,True,recovery_success,0.008661478001158684,4,2,1,0,0,0,0,0,0
4017,6045,access_vlan:SW1:eth1:20+access_vlan:SW1:eth2:10+access_vlan:SW2:eth2:10+trunk_remove:SW1:eth3:10+trunk_remove:SW1:eth3:20,33954,33962,0.05,6.65,8,True,False,True,False,True,recovery_success,0.004416868367115967,8,5,2,0,3,3,1,1,0
4018,6046,access_vlan:SW1:eth1:20+access_vlan:SW1:eth2:10+trunk_remove:SW1:eth3:10+trunk_remove:SW1:eth3:20+trunk_remove:SW2:eth3:10,33962,33968,0.05,7.949999999999999,6,True,False,True,False,True,recovery_success,0.006015052630876501,6,5,0,0,1,1,1,0,0
4019,6047,trunk_remove:SW1:eth3:20+trunk_remove:SW2:eth3:10+trunk_remove:SW2:eth3:20,33968,33973,0.05,8.899999999999999,5,True,False,True,False,True,recovery_success,0.005784254800528288,5,3,1,0,0,0,0,0,0
4020,6048,access_vlan:SW1:eth1:20+trunk_remove:SW1:eth3:10+trunk_remove:SW1:eth3:20,33973,33978,0.05,8.899999999999999,5,True,False,True,False,True,recovery_success,0.004854210000485182,5,3,1,0,0,0,0,0,0
4021,6049,access_vlan:SW1:eth2:10+trunk_remove:SW1:eth3:10,33978,33981,0.05,9.35,3,True,False,True,False,True,recovery_success,0.004515605978667736,3,2,0,0,0,0,0,0,0
4022,6050,access_vlan:SW1:eth2:10+access_vlan:SW2:eth1:20+access_vlan:SW2:eth2:10+trunk_remove:SW1:eth3:20+trunk_remove:SW2:eth3:10,33981,33986,0.05,8.899999999999999,5,True,False,True,False,True,recovery_success,0.017312824726104736,5,3,1,0,0,0,0,0,0
4023,6051,access_vlan:SW2:eth1:20+trunk_remove:SW1:eth3:10,33986,33990,0.05,9.2,4,True,False,True,False,True,recovery_success,0.04049674444831908,4,2,1,0,0,0,0,0,0
4024,6052,access_vlan:SW2:eth1:20+access_vlan:SW2:eth2:10+trunk_remove:SW2:eth3:10,33990,33995,0.05,8.399999999999999,5,True,False,True,False,True,recovery_success,0.03897357657551766,5,3,1,0,1,1,1,0,0
4025,6053,access_vlan:SW1:eth1:20+access_vlan:SW2:eth1:20+trunk_remove:SW1:eth3:20+trunk_remove:SW2:eth3:20,33995,34001,0.05,8.6,6,True,False,True,False,True,recovery_success,0.04947383406882485,6,4,1,0,0,0,0,0,0
4026,6054,access_vlan:SW1:eth1:20+access_vlan:SW2:eth1:20+access_vlan:SW2:eth2:10+trunk_remove:SW2:eth3:10,34001,34008,0.05,8.75,7,True,False,True,False,True,recovery_success,0.05122929917914527,7,2,4,0,0,0,0,0,0
4027,6055,access_vlan:SW1:eth2:10+access_vlan:SW2:eth1:20+access_vlan:SW2:eth2:10+trunk_remove:SW2:eth3:20,34008,34015,0.05,8.75,7,True,False,True,False,True,recovery_success,0.0263055700010487,7,2,4,0,0,0,0,0,0
4028,6056,access_vlan:SW1:eth1:20+access_vlan:SW2:eth2:10+trunk_remove:SW2:eth3:10,34015,34028,0.05,6.4,13,True,False,True,False,True,recovery_success,0.015314958523958921,13,5,7,0,2,2,1,0,0
4029,6057,access_vlan:SW1:eth1:20+access_vlan:SW2:eth1:20+access_vlan:SW2:eth2:10+trunk_remove:SW1:eth3:10+trunk_remove:SW2:eth3:20,34028,34035,0.05,8.299999999999999,7,True,False,True,False,True,recovery_success,0.010990941963557686,7,5,1,0,0,0,0,0,0
4030,6058,access_vlan:SW1:eth2:10,34035,34065,0.05,-5.750000000000002,30,True,False,False,True,False,step_limit,0.00583163508757328,30,5,25,0,1,1,1,0,2
4031,6059,access_vlan:SW1:eth1:20+access_vlan:SW2:eth1:20+trunk_remove:SW1:eth3:10+trunk_remove:SW1:eth3:20+trunk_remove:SW2:eth3:10+trunk_remove:SW2:eth3:20,34065,34072,0.05,-11.55,7,True,False,True,False,False,incorrect_declare_done,0.002718487322064383,7,4,2,0,0,0,0,0,3
4032,6060,access_vlan:SW1:eth2:10+access_vlan:SW2:eth2:10+trunk_remove:SW2:eth3:10,34072,34102,0.05,-5.750000000000002,30,True,False,False,True,False,step_limit,0.0043493427413826185,30,5,25,0,1,1,1,0,2
4033,6061,access_vlan:SW1:eth2:10+access_vlan:SW2:eth1:20+access_vlan:SW2:eth2:10+trunk_remove:SW1:eth3:20+trunk_remove:SW2:eth3:20,34102,34110,0.05,6.65,8,True,False,True,False,True,recovery_success,0.02013837348204106,8,5,2,0,3,3,1,1,0
4034,6062,access_vlan:SW2:eth1:20+access_vlan:SW2:eth2:10+trunk_remove:SW1:eth3:20+trunk_remove:SW2:eth3:10,34110,34121,0.05,7.35,11,True,False,True,False,True,recovery_success,0.004668205764821984,11,4,6,0,1,1,1,0,0
4035,6063,access_vlan:SW1:eth1:20+access_vlan:SW1:eth2:10+access_vlan:SW2:eth2:10+trunk_remove:SW1:eth3:10+trunk_remove:SW1:eth3:20+trunk_remove:SW2:eth3:20,34121,34127,0.05,8.6,6,True,False,True,False,True,recovery_success,0.005209464269379775,6,4,1,0,0,0,0,0,0
4036,6064,access_vlan:SW1:eth2:10+trunk_remove:SW1:eth3:10+trunk_remove:SW1:eth3:20,34127,34157,0.05,-8.500000000000004,30,True,False,False,True,False,step_limit,0.0032731023617088794,30,9,20,0,5,3,3,0,3
4037,6065,access_vlan:SW2:eth2:10+trunk_remove:SW1:eth3:10+trunk_remove:SW1:eth3:20+trunk_remove:SW2:eth3:10+trunk_remove:SW2:eth3:20,34157,34187,0.05,-7.350000000000003,30,True,False,False,True,False,step_limit,0.001937828123724709,30,9,21,0,3,3,2,0,2
4038,6066,access_vlan:SW2:eth1:20+access_vlan:SW2:eth2:10+trunk_remove:SW1:eth3:10+trunk_remove:SW2:eth3:10,34187,34199,0.05,-13.45,12,True,False,True,False,False,incorrect_declare_done,0.004092869436135516,12,5,6,0,2,2,2,0,1
4039,6067,access_vlan:SW1:eth1:20+trunk_remove:SW1:eth3:10+trunk_remove:SW1:eth3:20+trunk_remove:SW2:eth3:20,34199,34229,0.05,-6.5500000000000025,30,True,False,False,True,False,step_limit,0.001855849501832078,30,7,23,0,2,2,1,0,3
4040,6068,access_vlan:SW1:eth2:10+access_vlan:SW2:eth1:20+access_vlan:SW2:eth2:10+trunk_remove:SW1:eth3:10+trunk_remove:SW2:eth3:10+trunk_remove:SW2:eth3:20,34229,34235,0.05,8.6,6,True,False,True,False,True,recovery_success,0.001576199196279049,6,4,1,0,0,0,0,0,0
4041,6069,access_vlan:SW2:eth1:20+trunk_remove:SW1:eth3:10,34235,34253,0.05,7.1,18,True,False,True,False,True,recovery_success,0.002502130202224685,18,2,15,0,0,0,0,0,0
4042,6070,access_vlan:SW1:eth1:20+access_vlan:SW1:eth2:10+trunk_remove:SW1:eth3:10,34253,34270,0.05,5.8,17,True,False,True,False,True,recovery_success,0.0020484020351432264,17,4,11,0,2,2,2,1,0
4043,6071,access_vlan:SW1:eth2:10+access_vlan:SW2:eth1:20+access_vlan:SW2:eth2:10+trunk_remove:SW1:eth3:10+trunk_remove:SW1:eth3:20+trunk_remove:SW2:eth3:10,34270,34278,0.05,7.5,8,True,False,True,False,True,recovery_success,0.0024673896987223998,8,6,1,0,1,1,1,0,0
4044,6072,access_vlan:SW2:eth1:20+trunk_remove:SW1:eth3:10+trunk_remove:SW1:eth3:20+trunk_remove:SW2:eth3:10,34278,34308,0.05,-8.500000000000004,30,True,False,False,True,False,step_limit,0.0024768670361178615,30,10,20,0,5,5,3,0,3
4045,6073,trunk_remove:SW1:eth3:10+trunk_remove:SW1:eth3:20+trunk_remove:SW2:eth3:10,34308,34332,0.05,-16.900000000000006,24,True,False,True,False,False,incorrect_declare_done,0.0017167971988480228,24,6,17,0,5,3,3,0,4
4046,6074,access_vlan:SW1:eth1:20+access_vlan:SW1:eth2:10,34332,34362,0.05,-8.400000000000004,30,True,False,False,True,False,step_limit,0.0021455595968291165,30,6,24,0,6,3,4,1,3
4047,6075,access_vlan:SW1:eth1:20+trunk_remove:SW2:eth3:20,34362,34392,0.05,-4.800000000000001,30,True,False,False,True,False,step_limit,0.001902840284553046,30,2,28,0,0,0,0,0,0
4048,6076,access_vlan:SW2:eth2:10+trunk_remove:SW1:eth3:10+trunk_remove:SW1:eth3:20+trunk_remove:SW2:eth3:10+trunk_remove:SW2:eth3:20,34392,34422,0.05,-5.100000000000001,30,True,False,False,True,False,step_limit,0.0016147472138982265,30,4,26,0,0,0,0,0,1
4049,6077,access_vlan:SW1:eth1:20+access_vlan:SW1:eth2:10+trunk_remove:SW1:eth3:10+trunk_remove:SW1:eth3:20+trunk_remove:SW2:eth3:10,34422,34452,0.05,-7.200000000000003,30,True,False,False,True,False,step_limit,0.0069269342677822955,30,8,22,0,3,3,2,0,3
4050,6078,access_vlan:SW1:eth1:20+access_vlan:SW2:eth1:20+trunk_remove:SW1:eth3:20+trunk_remove:SW2:eth3:10+trunk_remove:SW2:eth3:20,34452,34463,0.05,-12.3,11,True,False,True,False,False,incorrect_declare_done,0.00337850691919977,11,5,5,0,0,0,0,0,2
4051,6079,access_vlan:SW1:eth1:20+access_vlan:SW1:eth2:10+access_vlan:SW2:eth1:20+trunk_remove:SW1:eth3:10+trunk_remove:SW1:eth3:20,34463,34468,0.05,8.899999999999999,5,True,False,True,False,True,recovery_success,0.0023380282800644636,5,3,1,0,0,0,0,0,0
4052,6080,access_vlan:SW1:eth1:20+access_vlan:SW2:eth1:20+trunk_remove:SW1:eth3:10+trunk_remove:SW2:eth3:10+trunk_remove:SW2:eth3:20,34468,34498,0.05,-5.100000000000001,30,True,False,False,True,False,step_limit,0.0023555457747230927,30,4,26,0,0,0,0,0,3
4053,6081,access_vlan:SW1:eth2:10+access_vlan:SW2:eth1:20+access_vlan:SW2:eth2:10+trunk_remove:SW1:eth3:10+trunk_remove:SW1:eth3:20+trunk_remove:SW2:eth3:10+trunk_remove:SW2:eth3:20,34498,34505,0.05,8.299999999999999,7,True,False,True,False,True,recovery_success,0.01601491742102163,7,5,1,0,0,0,0,0,0
4054,6082,access_vlan:SW1:eth2:10+trunk_remove:SW1:eth3:10+trunk_remove:SW1:eth3:20+trunk_remove:SW2:eth3:10+trunk_remove:SW2:eth3:20,34505,34521,0.05,6.95,16,True,False,True,False,True,recovery_success,0.012515011592768133,16,5,10,0,0,0,0,0,0
4055,6083,access_vlan:SW1:eth1:20+access_vlan:SW1:eth2:10+trunk_remove:SW1:eth3:10+trunk_remove:SW2:eth3:10+trunk_remove:SW2:eth3:20,34521,34531,0.05,6.549999999999999,10,True,False,True,False,True,recovery_success,0.007687162468209862,10,7,2,0,2,2,2,0,0
4056,6084,access_vlan:SW1:eth1:20+access_vlan:SW1:eth2:10+access_vlan:SW2:eth2:10+trunk_remove:SW1:eth3:10+trunk_remove:SW1:eth3:20+trunk_remove:SW2:eth3:10+trunk_remove:SW2:eth3:20,34531,34538,0.05,8.299999999999999,7,True,False,True,False,True,recovery_success,0.030285678072167293,7,5,1,0,0,0,0,0,0
4057,6085,access_vlan:SW1:eth1:20+trunk_remove:SW1:eth3:10+trunk_remove:SW1:eth3:20+trunk_remove:SW2:eth3:10,34538,34545,0.05,7.1499999999999995,7,True,False,True,False,True,recovery_success,0.00853703570153032,7,6,0,0,2,2,1,0,0
4058,6086,access_vlan:SW2:eth2:10+trunk_remove:SW1:eth3:10+trunk_remove:SW2:eth3:10+trunk_remove:SW2:eth3:20,34545,34550,0.05,8.75,5,True,False,True,False,True,recovery_success,0.030157282203435897,5,4,0,0,0,0,0,0,0
4059,6087,access_vlan:SW1:eth1:20+access_vlan:SW2:eth1:20+access_vlan:SW2:eth2:10+trunk_remove:SW1:eth3:20,34550,34554,0.05,9.2,4,True,False,True,False,True,recovery_success,0.00789483671542257,4,2,1,0,0,0,0,0,0
4060,6088,access_vlan:SW1:eth2:10+trunk_remove:SW1:eth3:20+trunk_remove:SW2:eth3:10+trunk_remove:SW2:eth3:20,34554,34561,0.05,8.45,7,True,False,True,False,True,recovery_success,0.006589548030335989,7,4,2,0,0,0,0,0,0
4061,6089,access_vlan:SW1:eth1:20+access_vlan:SW1:eth2:10+trunk_remove:SW1:eth3:10,34561,34568,0.05,8.1,7,True,False,True,False,True,recovery_success,0.009453791792371444,7,3,3,0,1,1,1,0,0
4062,6090,access_vlan:SW1:eth1:20+trunk_remove:SW1:eth3:10,34568,34573,0.05,8.25,5,True,False,True,False,True,recovery_success,0.004878338426351547,5,4,0,0,1,1,1,1,0
4063,6091,access_vlan:SW1:eth1:20+access_vlan:SW1:eth2:10+trunk_remove:SW2:eth3:20,34573,34577,0.05,8.549999999999999,4,True,False,True,False,True,recovery_success,0.0052071192767471075,4,3,0,0,1,1,1,0,0
4064,6092,access_vlan:SW1:eth2:10+access_vlan:SW2:eth1:20+trunk_remove:SW1:eth3:10+trunk_remove:SW1:eth3:20+trunk_remove:SW2:eth3:10,34577,34585,0.05,8.149999999999999,8,True,False,True,False,True,recovery_success,0.005179066938580945,8,5,2,0,0,0,0,0,0
4065,6093,access_vlan:SW1:eth1:20+access_vlan:SW2:eth1:20+access_vlan:SW2:eth2:10+trunk_remove:SW2:eth3:10,34585,34590,0.05,9.049999999999999,5,True,False,True,False,True,recovery_success,0.0030725795775651933,5,2,2,0,0,0,0,0,0
4066,6094,access_vlan:SW2:eth2:10+trunk_remove:SW1:eth3:10+trunk_remove:SW2:eth3:10+trunk_remove:SW2:eth3:20,34590,34595,0.05,8.75,5,True,False,True,False,True,recovery_success,0.004814969561994076,5,4,0,0,0,0,0,0,0
4067,6095,access_vlan:SW1:eth1:20+access_vlan:SW1:eth2:10+access_vlan:SW2:eth2:10+trunk_remove:SW1:eth3:10,34595,34599,0.05,9.2,4,True,False,True,False,True,recovery_success,0.004315363243222237,4,2,1,0,0,0,0,0,0
4068,6096,access_vlan:SW1:eth1:20,34599,34601,0.05,9.649999999999999,2,True,False,True,False,True,recovery_success,0.0028969451086595654,2,1,0,0,0,0,0,0,0
4069,6097,access_vlan:SW1:eth1:20+access_vlan:SW1:eth2:10+trunk_remove:SW1:eth3:10+trunk_remove:SW1:eth3:20+trunk_remove:SW2:eth3:10+trunk_remove:SW2:eth3:20,34601,34610,0.05,7.35,9,True,False,True,False,True,recovery_success,0.011770469058925906,9,6,2,0,1,1,1,0,0
4070,6098,access_vlan:SW1:eth1:20+access_vlan:SW2:eth1:20+trunk_remove:SW1:eth3:10+trunk_remove:SW1:eth3:20,34610,34640,0.05,-5.100000000000001,30,True,False,False,True,False,step_limit,0.013666256424039602,30,4,26,0,0,0,0,0,0
4071,6099,access_vlan:SW1:eth1:20+access_vlan:SW2:eth1:20+access_vlan:SW2:eth2:10+trunk_remove:SW1:eth3:10,34640,34646,0.05,7.6,6,True,False,True,False,True,recovery_success,0.006107802890862028,6,4,1,0,2,2,1,0,0
4072,6100,access_vlan:SW1:eth1:20+access_vlan:SW2:eth1:20+access_vlan:SW2:eth2:10+trunk_remove:SW1:eth3:20+trunk_remove:SW2:eth3:10+trunk_remove:SW2:eth3:20,34646,34661,0.05,5.6499999999999995,15,True,False,True,False,True,recovery_success,0.007408254127949476,15,8,6,0,2,1,2,1,0
4073,6101,access_vlan:SW1:eth1:20+access_vlan:SW1:eth2:10+access_vlan:SW2:eth2:10+trunk_remove:SW1:eth3:10+trunk_remove:SW2:eth3:10,34661,34671,0.05,8.149999999999999,10,True,False,True,False,True,recovery_success,0.004957983014173805,10,3,6,0,0,0,0,0,0
4074,6102,access_vlan:SW1:eth2:10+access_vlan:SW2:eth1:20+access_vlan:SW2:eth2:10+trunk_remove:SW2:eth3:10+trunk_remove:SW2:eth3:20,34671,34676,0.05,8.899999999999999,5,True,False,True,False,True,recovery_success,0.005995586095377803,5,3,1,0,0,0,0,0,0
4075,6103,access_vlan:SW1:eth2:10+access_vlan:SW2:eth1:20+trunk_remove:SW1:eth3:20+trunk_remove:SW2:eth3:10,34676,34683,0.05,7.6499999999999995,7,True,False,True,False,True,recovery_success,0.004773760447278619,7,6,0,0,1,1,1,0,0
4076,6104,access_vlan:SW1:eth2:10+access_vlan:SW2:eth1:20+trunk_remove:SW2:eth3:10,34683,34687,0.05,9.049999999999999,4,True,False,True,False,True,recovery_success,0.006358403246849775,4,3,0,0,0,0,0,0,0
4077,6105,access_vlan:SW1:eth1:20+access_vlan:SW1:eth2:10+access_vlan:SW2:eth2:10+trunk_remove:SW1:eth3:20,34687,34691,0.05,9.2,4,True,False,True,False,True,recovery_success,0.026677498361095786,4,2,1,0,0,0,0,0,0
4078,6106,access_vlan:SW1:eth1:20+access_vlan:SW1:eth2:10+access_vlan:SW2:eth1:20+trunk_remove:SW1:eth3:10+trunk_remove:SW2:eth3:10,34691,34696,0.05,8.899999999999999,5,True,False,True,False,True,recovery_success,0.005150193395093083,5,3,1,0,0,0,0,0,0
4079,6107,access_vlan:SW1:eth1:20+trunk_remove:SW1:eth3:10+trunk_remove:SW1:eth3:20+trunk_remove:SW2:eth3:10,34696,34701,0.05,8.75,5,True,False,True,False,True,recovery_success,0.004243741137906909,5,4,0,0,0,0,0,0,0
4080,6108,access_vlan:SW1:eth1:20+access_vlan:SW1:eth2:10+access_vlan:SW2:eth1:20+access_vlan:SW2:eth2:10+trunk_remove:SW1:eth3:10+trunk_remove:SW2:eth3:10+trunk_remove:SW2:eth3:20,34701,34707,0.05,8.75,6,True,False,True,False,True,recovery_success,0.0032070507295429707,6,3,2,0,0,0,0,0,0
4081,6109,access_vlan:SW1:eth2:10+trunk_remove:SW1:eth3:20+trunk_remove:SW2:eth3:20,34707,34712,0.05,8.899999999999999,5,True,False,True,False,True,recovery_success,0.02254287349060178,5,3,1,0,0,0,0,0,0
4082,6110,access_vlan:SW1:eth2:10+access_vlan:SW2:eth2:10+trunk_remove:SW1:eth3:10+trunk_remove:SW1:eth3:20,34712,34718,0.05,8.6,6,True,False,True,False,True,recovery_success,0.004721344759066899,6,4,1,0,0,0,0,0,0
4083,6111,access_vlan:SW1:eth1:20+trunk_remove:SW2:eth3:20,34718,34737,0.05,6.95,19,True,False,True,False,True,recovery_success,0.0050339795967662025,19,2,16,0,0,0,0,0,0
4084,6112,access_vlan:SW1:eth1:20+access_vlan:SW2:eth1:20+trunk_remove:SW1:eth3:20+trunk_remove:SW2:eth3:10+trunk_remove:SW2:eth3:20,34737,34744,0.05,8.299999999999999,7,True,False,True,False,True,recovery_success,0.0029823430481233765,7,5,1,0,0,0,0,0,0
4085,6113,access_vlan:SW1:eth1:20+access_vlan:SW1:eth2:10+trunk_remove:SW1:eth3:10+trunk_remove:SW1:eth3:20+trunk_remove:SW2:eth3:10+trunk_remove:SW2:eth3:20,34744,34752,0.05,7.5,8,True,False,True,False,True,recovery_success,0.0037930445541860536,8,6,1,0,1,1,1,0,0
4086,6114,access_vlan:SW1:eth2:10+trunk_remove:SW1:eth3:10+trunk_remove:SW1:eth3:20,34752,34758,0.05,7.949999999999999,6,True,False,True,False,True,recovery_success,0.005409169437674184,6,5,0,0,1,1,1,1,0
4087,6115,access_vlan:SW2:eth1:20+access_vlan:SW2:eth2:10+trunk_remove:SW1:eth3:20+trunk_remove:SW2:eth3:20,34758,34763,0.05,8.25,5,True,False,True,False,True,recovery_success,0.0036505537107586862,5,4,0,0,1,1,1,0,0
4088,6116,access_vlan:SW1:eth2:10,34763,34765,0.05,9.649999999999999,2,True,False,True,False,True,recovery_success,0.0032237903214991093,2,1,0,0,0,0,0,0,0
4089,6117,access_vlan:SW1:eth2:10+trunk_remove:SW1:eth3:10+trunk_remove:SW2:eth3:10+trunk_remove:SW2:eth3:20,34765,34770,0.05,8.75,5,True,False,True,False,True,recovery_success,0.005527943884953856,5,4,0,0,0,0,0,0,0
4090,6118,access_vlan:SW2:eth2:10+trunk_remove:SW1:eth3:10+trunk_remove:SW1:eth3:20+trunk_remove:SW2:eth3:10+trunk_remove:SW2:eth3:20,34770,34779,0.05,7.199999999999999,9,True,False,True,False,True,recovery_success,0.003649155195388529,9,7,1,0,1,1,1,1,0
4091,6119,access_vlan:SW2:eth1:20+access_vlan:SW2:eth2:10+trunk_remove:SW1:eth3:20+trunk_remove:SW2:eth3:10+trunk_remove:SW2:eth3:20,34779,34786,0.05,7.799999999999999,7,True,False,True,False,True,recovery_success,0.004546316307304161,7,5,1,0,1,1,1,0,0
4092,6120,access_vlan:SW1:eth1:20+access_vlan:SW1:eth2:10+access_vlan:SW2:eth2:10+trunk_remove:SW1:eth3:10+trunk_remove:SW2:eth3:10+trunk_remove:SW2:eth3:20,34786,34792,0.05,8.6,6,True,False,True,False,True,recovery_success,0.024572861342070002,6,4,1,0,0,0,0,0,0
4093,6121,access_vlan:SW2:eth2:10+trunk_remove:SW2:eth3:10+trunk_remove:SW2:eth3:20,34792,34796,0.05,9.049999999999999,4,True,False,True,False,True,recovery_success,0.003985852585174143,4,3,0,0,0,0,0,0,0
4094,6122,access_vlan:SW1:eth1:20+trunk_remove:SW1:eth3:10+trunk_remove:SW1:eth3:20,34796,34800,0.05,9.049999999999999,4,True,False,True,False,True,recovery_success,0.003257542382925749,4,3,0,0,0,0,0,0,0
4095,6123,access_vlan:SW1:eth2:10+access_vlan:SW2:eth2:10+trunk_remove:SW1:eth3:20,34800,34804,0.05,8.549999999999999,4,True,False,True,False,True,recovery_success,0.004142283520195633,4,3,0,0,1,1,1,0,0
4096,6124,access_vlan:SW1:eth2:10+trunk_remove:SW1:eth3:20+trunk_remove:SW2:eth3:10+trunk_remove:SW2:eth3:20,34804,34809,0.05,8.75,5,True,False,True,False,True,recovery_success,0.004839276056736707,5,4,0,0,0,0,0,0,0
4097,6125,access_vlan:SW1:eth1:20+access_vlan:SW2:eth1:20+access_vlan:SW2:eth2:10+trunk_remove:SW1:eth3:10+trunk_remove:SW1:eth3:20+trunk_remove:SW2:eth3:10,34809,34811,0.05,-10.350000000000001,2,True,False,True,False,False,incorrect_declare_done,0.0024757893988862634,2,1,0,0,0,0,0,0,3
4098,6126,access_vlan:SW1:eth2:10+access_vlan:SW2:eth2:10+trunk_remove:SW1:eth3:20+trunk_remove:SW2:eth3:20,34811,34817,0.05,8.1,6,True,False,True,False,True,recovery_success,0.0040076875205462175,6,4,1,0,1,1,1,0,0
4099,6127,trunk_remove:SW1:eth3:10+trunk_remove:SW2:eth3:10,34817,34822,0.05,8.25,5,True,False,True,False,True,recovery_success,0.002402759809046984,5,4,0,0,1,1,1,1,0
4100,6128,access_vlan:SW2:eth2:10+trunk_remove:SW1:eth3:10+trunk_remove:SW1:eth3:20,34822,34826,0.05,9.049999999999999,4,True,False,True,False,True,recovery_success,0.002811809128616005,4,3,0,0,0,0,0,0,0
4101,6129,access_vlan:SW1:eth2:10+access_vlan:SW2:eth1:20+trunk_remove:SW1:eth3:10+trunk_remove:SW2:eth3:20,34826,34831,0.05,8.25,5,True,False,True,False,True,recovery_success,0.0020346669480204582,5,4,0,0,1,1,1,0,0
4102,6130,access_vlan:SW1:eth2:10+access_vlan:SW2:eth2:10+trunk_remove:SW1:eth3:10+trunk_remove:SW1:eth3:20+trunk_remove:SW2:eth3:20,34831,34837,0.05,8.45,6,True,False,True,False,True,recovery_success,0.0021697807048136988,6,5,0,0,0,0,0,0,0
4103,6131,access_vlan:SW1:eth1:20+access_vlan:SW1:eth2:10+access_vlan:SW2:eth1:20+access_vlan:SW2:eth2:10+trunk_remove:SW1:eth3:10+trunk_remove:SW1:eth3:20+trunk_remove:SW2:eth3:10,34837,34843,0.05,8.75,6,True,False,True,False,True,recovery_success,0.0026902343573359153,6,3,2,0,0,0,0,0,0
4104,6132,trunk_remove:SW2:eth3:10,34843,34845,0.05,9.649999999999999,2,True,False,True,False,True,recovery_success,0.0015037390403449535,2,1,0,0,0,0,0,0,0
4105,6133,access_vlan:SW1:eth1:20+access_vlan:SW1:eth2:10+access_vlan:SW2:eth1:20+access_vlan:SW2:eth2:10,34845,34847,0.05,9.799999999999999,2,True,False,True,False,True,recovery_success,0.0016998850042000413,2,0,1,0,0,0,0,0,0
4106,6134,access_vlan:SW1:eth1:20+access_vlan:SW2:eth1:20+access_vlan:SW2:eth2:10+trunk_remove:SW1:eth3:10+trunk_remove:SW2:eth3:20,34847,34853,0.05,8.75,6,True,False,True,False,True,recovery_success,0.0018611144041642547,6,3,2,0,0,0,0,0,0
4107,6135,access_vlan:SW1:eth1:20+access_vlan:SW2:eth1:20+access_vlan:SW2:eth2:10+trunk_remove:SW2:eth3:10,34853,34857,0.05,9.2,4,True,False,True,False,True,recovery_success,0.002886022411985323,4,2,1,0,0,0,0,0,0
4108,6136,access_vlan:SW1:eth1:20+access_vlan:SW2:eth1:20+trunk_remove:SW1:eth3:20+trunk_remove:SW2:eth3:20,34857,34865,0.05,7.999999999999999,8,True,False,True,False,True,recovery_success,0.003812209120951593,8,6,1,0,0,0,0,0,0
4109,6137,access_vlan:SW1:eth2:10+trunk_remove:SW1:eth3:10,34865,34870,0.05,8.25,5,True,False,True,False,True,recovery_success,0.003993742633610964,5,4,0,0,1,1,1,0,0
4110,6138,access_vlan:SW1:eth1:20+access_vlan:SW1:eth2:10+access_vlan:SW2:eth2:10+trunk_remove:SW2:eth3:20,34870,34874,0.05,9.2,4,True,False,True,False,True,recovery_success,0.0023658551508560777,4,2,1,0,0,0,0,0,0
4111,6139,access_vlan:SW1:eth1:20+access_vlan:SW2:eth2:10+trunk_remove:SW1:eth3:20+trunk_remove:SW2:eth3:10,34874,34904,0.05,-7.55,30,True,False,False,True,False,step_limit,0.003245691730019947,30,7,23,0,4,4,2,1,3
4112,6140,access_vlan:SW1:eth1:20+trunk_remove:SW1:eth3:10+trunk_remove:SW2:eth3:10,34904,34905,0.05,-10.05,1,True,False,True,False,False,incorrect_declare_done,0.0021910136565566063,1,0,0,0,0,0,0,0,3
4113,6141,access_vlan:SW1:eth1:20+access_vlan:SW2:eth1:20+trunk_remove:SW1:eth3:10+trunk_remove:SW1:eth3:20+trunk_remove:SW2:eth3:10+trunk_remove:SW2:eth3:20,34905,34914,0.05,7.05,9,True,False,True,False,True,recovery_success,0.0030791101873748833,9,8,0,0,1,1,1,0,0
4114,6142,access_vlan:SW1:eth2:10+access_vlan:SW2:eth2:10+trunk_remove:SW1:eth3:20+trunk_remove:SW2:eth3:20,34914,34921,0.05,7.1499999999999995,7,True,False,True,False,True,recovery_success,0.0028342585012848887,7,6,0,0,2,1,2,1,0
4115,6143,access_vlan:SW1:eth1:20+access_vlan:SW1:eth2:10+access_vlan:SW2:eth2:10+trunk_remove:SW2:eth3:20,34921,34928,0.05,7.949999999999999,7,True,False,True,False,True,recovery_success,0.003266064716236932,7,4,2,0,1,1,1,1,0
4116,6144,access_vlan:SW1:eth1:20+access_vlan:SW2:eth2:10+trunk_remove:SW1:eth3:20,34928,34932,0.05,9.049999999999999,4,True,False,True,False,True,recovery_success,0.004533502156846225,4,3,0,0,0,0,0,0,0
4117,6145,trunk_remove:SW1:eth3:10+trunk_remove:SW1:eth3:20+trunk_remove:SW2:eth3:20,34932,34937,0.05,8.899999999999999,5,True,False,True,False,True,recovery_success,0.005588719807565212,5,3,1,0,0,0,0,0,0
4118,6146,access_vlan:SW1:eth1:20+access_vlan:SW2:eth2:10+trunk_remove:SW1:eth3:10+trunk_remove:SW2:eth3:10,34937,34943,0.05,8.6,6,True,False,True,False,True,recovery_success,0.009277992959444722,6,4,1,0,0,0,0,0,0
4119,6147,trunk_remove:SW1:eth3:20+trunk_remove:SW2:eth3:20,34943,34949,0.05,8.1,6,True,False,True,False,True,recovery_success,0.009608049178496003,6,4,1,0,1,1,1,0,0
4120,6148,access_vlan:SW1:eth1:20+access_vlan:SW2:eth2:10+trunk_remove:SW1:eth3:10+trunk_remove:SW1:eth3:20,34949,34954,0.05,8.75,5,True,False,True,False,True,recovery_success,0.00909735606983304,5,4,0,0,0,0,0,0,0
4121,6149,access_vlan:SW1:eth1:20+access_vlan:SW1:eth2:10+access_vlan:SW2:eth1:20+access_vlan:SW2:eth2:10+trunk_remove:SW2:eth3:20,34954,34957,0.05,9.5,3,True,False,True,False,True,recovery_success,0.006042501889169216,3,1,1,0,0,0,0,0,0
4122,6150,access_vlan:SW1:eth1:20+trunk_remove:SW1:eth3:20+trunk_remove:SW2:eth3:10+trunk_remove:SW2:eth3:20,34957,34963,0.05,8.6,6,True,False,True,False,True,recovery_success,0.00622316748679926,6,4,1,0,0,0,0,0,0
4123,6151,access_vlan:SW1:eth1:20+access_vlan:SW1:eth2:10+trunk_remove:SW1:eth3:10+trunk_remove:SW1:eth3:20+trunk_remove:SW2:eth3:10,34963,34972,0.05,5.699999999999999,9,True,False,True,False,True,recovery_success,0.005602294113487005,9,7,1,0,4,3,2,1,0
4124,6152,access_vlan:SW1:eth2:10+access_vlan:SW2:eth1:20+access_vlan:SW2:eth2:10+trunk_remove:SW1:eth3:20+trunk_remove:SW2:eth3:20,34972,34977,0.05,8.899999999999999,5,True,False,True,False,True,recovery_success,0.004854378756135702,5,3,1,0,0,0,0,0,0
4125,6153,access_vlan:SW1:eth2:10+trunk_remove:SW2:eth3:10,34977,34981,0.05,9.2,4,True,False,True,False,True,recovery_success,0.00484355993103236,4,2,1,0,0,0,0,0,0
4126,6154,access_vlan:SW1:eth1:20+access_vlan:SW1:eth2:10+access_vlan:SW2:eth1:20+trunk_remove:SW1:eth3:10+trunk_remove:SW2:eth3:10,34981,34989,0.05,8.45,8,True,False,True,False,True,recovery_success,0.0037950750265736133,8,3,4,0,0,0,0,0,0
4127,6155,access_vlan:SW1:eth2:10+access_vlan:SW2:eth2:10+trunk_remove:SW1:eth3:20+trunk_remove:SW2:eth3:10,34989,35019,0.05,-9.300000000000006,30,True,False,False,True,False,step_limit,0.01673538841229553,30,12,18,0,6,5,3,1,3
4128,6156,access_vlan:SW2:eth2:10+trunk_remove:SW2:eth3:20,35019,35022,0.05,9.35,3,True,False,True,False,True,recovery_success,0.013820507563650608,3,2,0,0,0,0,0,0,0
4129,6157,access_vlan:SW1:eth2:10+access_vlan:SW2:eth1:20+trunk_remove:SW1:eth3:20+trunk_remove:SW2:eth3:10,35022,35029,0.05,7.6499999999999995,7,True,False,True,False,True,recovery_success,0.010986327193677425,7,6,0,0,1,1,1,0,0
4130,6158,access_vlan:SW1:eth2:10+access_vlan:SW2:eth1:20+trunk_remove:SW1:eth3:10+trunk_remove:SW1:eth3:20,35029,35034,0.05,8.75,5,True,False,True,False,True,recovery_success,0.011198039725422859,5,4,0,0,0,0,0,0,0
4131,6159,access_vlan:SW1:eth2:10+access_vlan:SW2:eth2:10+trunk_remove:SW1:eth3:20+trunk_remove:SW2:eth3:10+trunk_remove:SW2:eth3:20,35034,35039,0.05,-11.25,5,True,False,True,False,False,incorrect_declare_done,0.012427395395934581,5,4,0,0,0,0,0,0,1
4132,6160,access_vlan:SW1:eth1:20+access_vlan:SW1:eth2:10+access_vlan:SW2:eth1:20+trunk_remove:SW1:eth3:10+trunk_remove:SW2:eth3:20,35039,35045,0.05,8.75,6,True,False,True,False,True,recovery_success,0.008878381457179785,6,3,2,0,0,0,0,0,0
4133,6161,access_vlan:SW1:eth1:20+access_vlan:SW2:eth2:10+trunk_remove:SW1:eth3:20+trunk_remove:SW2:eth3:20,35045,35052,0.05,8.149999999999999,7,True,False,True,False,True,recovery_success,0.009443051647394896,7,6,0,0,0,0,0,0,0
4134,6162,access_vlan:SW1:eth1:20+access_vlan:SW1:eth2:10+access_vlan:SW2:eth2:10+trunk_remove:SW1:eth3:10+trunk_remove:SW1:eth3:20+trunk_remove:SW2:eth3:10,35052,35058,0.05,8.6,6,True,False,True,False,True,recovery_success,0.009898428960392872,6,4,1,0,0,0,0,0,0
4135,6163,access_vlan:SW1:eth2:10+access_vlan:SW2:eth1:20+trunk_remove:SW2:eth3:10,35058,35062,0.05,9.049999999999999,4,True,False,True,False,True,recovery_success,0.007550627226009965,4,3,0,0,0,0,0,0,0
4136,6164,trunk_remove:SW1:eth3:20+trunk_remove:SW2:eth3:20,35062,35065,0.05,9.35,3,True,False,True,False,True,recovery_success,0.009685122718413671,3,2,0,0,0,0,0,0,0
4137,6165,access_vlan:SW1:eth1:20+access_vlan:SW2:eth1:20+access_vlan:SW2:eth2:10+trunk_remove:SW2:eth3:20,35065,35069,0.05,9.2,4,True,False,True,False,True,recovery_success,0.007402058341540396,4,2,1,0,0,0,0,0,0
4138,6166,access_vlan:SW1:eth2:10+trunk_remove:SW1:eth3:20+trunk_remove:SW2:eth3:20,35069,35073,0.05,9.049999999999999,4,True,False,True,False,True,recovery_success,0.007142034592106938,4,3,0,0,0,0,0,0,0
4139,6167,access_vlan:SW1:eth1:20+access_vlan:SW2:eth1:20+trunk_remove:SW1:eth3:20+trunk_remove:SW2:eth3:20,35073,35078,0.05,8.75,5,True,False,True,False,True,recovery_success,0.006097014620900154,5,4,0,0,0,0,0,0,0
4140,6168,access_vlan:SW2:eth1:20+access_vlan:SW2:eth2:10+trunk_remove:SW2:eth3:10+trunk_remove:SW2:eth3:20,35078,35083,0.05,8.25,5,True,False,True,False,True,recovery_success,0.00842273524031043,5,4,0,0,1,1,1,0,0
4141,6169,access_vlan:SW1:eth1:20+access_vlan:SW2:eth2:10+trunk_remove:SW2:eth3:10,35083,35087,0.05,9.049999999999999,4,True,False,True,False,True,recovery_success,0.007764663663692772,4,3,0,0,0,0,0,0,0
4142,6170,trunk_remove:SW2:eth3:10+trunk_remove:SW2:eth3:20,35087,35090,0.05,9.35,3,True,False,True,False,True,recovery_success,0.00765364741285642,3,2,0,0,0,0,0,0,0
4143,6171,access_vlan:SW1:eth1:20+access_vlan:SW1:eth2:10+access_vlan:SW2:eth1:20+trunk_remove:SW1:eth3:20,35090,35094,0.05,9.2,4,True,False,True,False,True,recovery_success,0.006581828347407281,4,2,1,0,0,0,0,0,0
4144,6172,access_vlan:SW1:eth1:20+access_vlan:SW1:eth2:10+access_vlan:SW2:eth2:10+trunk_remove:SW1:eth3:10+trunk_remove:SW2:eth3:10+trunk_remove:SW2:eth3:20,35094,35100,0.05,8.6,6,True,False,True,False,True,recovery_success,0.0062680651899427176,6,4,1,0,0,0,0,0,0
4145,6173,access_vlan:SW1:eth1:20+access_vlan:SW1:eth2:10+trunk_remove:SW1:eth3:10,35100,35104,0.05,8.549999999999999,4,True,False,True,False,True,recovery_success,0.006817534216679633,4,3,0,0,1,1,1,0,0
4146,6174,access_vlan:SW1:eth1:20+access_vlan:SW1:eth2:10+trunk_remove:SW1:eth3:10+trunk_remove:SW2:eth3:20,35104,35109,0.05,8.25,5,True,False,True,False,True,recovery_success,0.007311239372938871,5,4,0,0,1,1,1,0,0
4147,6175,access_vlan:SW1:eth1:20+access_vlan:SW2:eth1:20+trunk_remove:SW1:eth3:20+trunk_remove:SW2:eth3:20,35109,35114,0.05,8.75,5,True,False,True,False,True,recovery_success,0.006813269760459662,5,4,0,0,0,0,0,0,0
4148,6176,access_vlan:SW1:eth2:10+access_vlan:SW2:eth1:20+access_vlan:SW2:eth2:10+trunk_remove:SW1:eth3:10+trunk_remove:SW2:eth3:10+trunk_remove:SW2:eth3:20,35114,35120,0.05,8.6,6,True,False,True,False,True,recovery_success,0.004651062733804186,6,4,1,0,0,0,0,0,0
4149,6177,access_vlan:SW1:eth1:20+access_vlan:SW1:eth2:10+access_vlan:SW2:eth1:20+trunk_remove:SW1:eth3:20+trunk_remove:SW2:eth3:10+trunk_remove:SW2:eth3:20,35120,35126,0.05,8.6,6,True,False,True,False,True,recovery_success,0.005756811432850857,6,4,1,0,0,0,0,0,0
4150,6178,access_vlan:SW1:eth2:10+trunk_remove:SW1:eth3:20,35126,35129,0.05,9.35,3,True,False,True,False,True,recovery_success,0.00563402761084338,3,2,0,0,0,0,0,0,0
4151,6179,access_vlan:SW2:eth2:10+trunk_remove:SW1:eth3:10+trunk_remove:SW2:eth3:20,35129,35133,0.05,9.049999999999999,4,True,False,True,False,True,recovery_success,0.00537043740041554,4,3,0,0,0,0,0,0,0
4152,6180,access_vlan:SW1:eth1:20+access_vlan:SW1:eth2:10+access_vlan:SW2:eth2:10+trunk_remove:SW1:eth3:20+trunk_remove:SW2:eth3:20,35133,35138,0.05,8.899999999999999,5,True,False,True,False,True,recovery_success,0.0050088011659681795,5,3,1,0,0,0,0,0,0
4153,6181,access_vlan:SW1:eth2:10+access_vlan:SW2:eth1:20+access_vlan:SW2:eth2:10+trunk_remove:SW1:eth3:10+trunk_remove:SW1:eth3:20+trunk_remove:SW2:eth3:10+trunk_remove:SW2:eth3:20,35138,35145,0.05,8.299999999999999,7,True,False,True,False,True,recovery_success,0.0047208962163754874,7,5,1,0,0,0,0,0,0
4154,6182,access_vlan:SW1:eth1:20+access_vlan:SW1:eth2:10+access_vlan:SW2:eth1:20+trunk_remove:SW1:eth3:10+trunk_remove:SW1:eth3:20+trunk_remove:SW2:eth3:10+trunk_remove:SW2:eth3:20,35145,35152,0.05,8.299999999999999,7,True,False,True,False,True,recovery_success,0.004472523827904037,7,5,1,0,0,0,0,0,0
4155,6183,access_vlan:SW1:eth1:20+access_vlan:SW1:eth2:10+trunk_remove:SW2:eth3:10+trunk_remove:SW2:eth3:20,35152,35159,0.05,7.6499999999999995,7,True,False,True,False,True,recovery_success,0.004951148426958493,7,6,0,0,1,1,1,0,0
4156,6184,access_vlan:SW1:eth1:20+trunk_remove:SW2:eth3:10+trunk_remove:SW2:eth3:20,35159,35163,0.05,9.049999999999999,4,True,False,True,False,True,recovery_success,0.005180376931093633,4,3,0,0,0,0,0,0,0
4157,6185,access_vlan:SW1:eth1:20+access_vlan:SW1:eth2:10+access_vlan:SW2:eth1:20+trunk_remove:SW2:eth3:20,35163,35167,0.05,9.2,4,True,False,True,False,True,recovery_success,0.005170143092982471,4,2,1,0,0,0,0,0,0
4158,6186,access_vlan:SW1:eth2:10+access_vlan:SW2:eth1:20+access_vlan:SW2:eth2:10+trunk_remove:SW2:eth3:10+trunk_remove:SW2:eth3:20,35167,35172,0.05,8.899999999999999,5,True,False,True,False,True,recovery_success,0.006494203675538301,5,3,1,0,0,0,0,0,0
4159,6187,access_vlan:SW2:eth2:10+trunk_remove:SW1:eth3:20,35172,35175,0.05,9.35,3,True,False,True,False,True,recovery_success,0.004941228466729323,3,2,0,0,0,0,0,0,0
4160,6188,access_vlan:SW1:eth1:20+access_vlan:SW1:eth2:10+access_vlan:SW2:eth1:20+access_vlan:SW2:eth2:10+trunk_remove:SW1:eth3:10,35175,35178,0.05,9.5,3,True,False,True,False,True,recovery_success,0.00501085181410114,3,1,1,0,0,0,0,0,0
4161,6189,access_vlan:SW1:eth1:20+access_vlan:SW2:eth2:10+trunk_remove:SW1:eth3:20,35178,35182,0.05,9.049999999999999,4,True,False,True,False,True,recovery_success,0.004253451072145253,4,3,0,0,0,0,0,0,0
4162,6190,access_vlan:SW1:eth1:20+access_vlan:SW1:eth2:10+trunk_remove:SW2:eth3:10+trunk_remove:SW2:eth3:20,35182,35187,0.05,8.25,5,True,False,True,False,True,recovery_success,0.005510116182267666,5,4,0,0,1,1,1,0,0
4163,6191,access_vlan:SW2:eth1:20+trunk_remove:SW1:eth3:10+trunk_remove:SW1:eth3:20+trunk_remove:SW2:eth3:10,35187,35192,0.05,8.75,5,True,False,True,False,True,recovery_success,0.005613573221489787,5,4,0,0,0,0,0,0,0
4164,6192,access_vlan:SW2:eth2:10+trunk_remove:SW1:eth3:10+trunk_remove:SW2:eth3:20,35192,35196,0.05,9.049999999999999,4,True,False,True,False,True,recovery_success,0.005101479648146778,4,3,0,0,0,0,0,0,0
4165,6193,access_vlan:SW1:eth1:20+access_vlan:SW1:eth2:10+trunk_remove:SW2:eth3:10+trunk_remove:SW2:eth3:20,35196,35201,0.05,8.25,5,True,False,True,False,True,recovery_success,0.029402092564851046,5,4,0,0,1,1,1,0,0
4166,6194,trunk_remove:SW2:eth3:10,35201,35203,0.05,9.649999999999999,2,True,False,True,False,True,recovery_success,0.004590682336129248,2,1,0,0,0,0,0,0,0
4167,6195,access_vlan:SW1:eth1:20+access_vlan:SW1:eth2:10+access_vlan:SW2:eth2:10+trunk_remove:SW1:eth3:10+trunk_remove:SW2:eth3:20,35203,35208,0.05,8.899999999999999,5,True,False,True,False,True,recovery_success,0.004198751039803028,5,3,1,0,0,0,0,0,0
4168,6196,access_vlan:SW1:eth1:20+trunk_remove:SW1:eth3:10+trunk_remove:SW2:eth3:10,35208,35219,0.05,5.1,11,True,False,True,False,True,recovery_success,0.004965982526879419,11,9,1,0,4,3,3,0,0
4169,6197,access_vlan:SW2:eth1:20+trunk_remove:SW1:eth3:20,35219,35222,0.05,9.35,3,True,False,True,False,True,recovery_success,0.004141402353222172,3,2,0,0,0,0,0,0,0
4170,6198,access_vlan:SW2:eth1:20+trunk_remove:SW2:eth3:20,35222,35225,0.05,9.35,3,True,False,True,False,True,recovery_success,0.010766156017780304,3,2,0,0,0,0,0,0,0
4171,6199,access_vlan:SW2:eth1:20+access_vlan:SW2:eth2:10,35225,35228,0.05,8.85,3,True,False,True,False,True,recovery_success,0.00413224077783525,3,2,0,0,1,1,1,0,0
4172,6200,access_vlan:SW1:eth2:10+access_vlan:SW2:eth2:10+trunk_remove:SW1:eth3:10+trunk_remove:SW1:eth3:20,35228,35233,0.05,8.75,5,True,False,True,False,True,recovery_success,0.0076062597800046206,5,4,0,0,0,0,0,0,0
4173,6201,access_vlan:SW1:eth2:10+access_vlan:SW2:eth2:10+trunk_remove:SW1:eth3:10+trunk_remove:SW2:eth3:10,35233,35238,0.05,8.75,5,True,False,True,False,True,recovery_success,0.005698727397248149,5,4,0,0,0,0,0,0,0
4174,6202,access_vlan:SW1:eth2:10+access_vlan:SW2:eth1:20+access_vlan:SW2:eth2:10+trunk_remove:SW2:eth3:10+trunk_remove:SW2:eth3:20,35238,35243,0.05,8.899999999999999,5,True,False,True,False,True,recovery_success,0.004300762712955475,5,3,1,0,0,0,0,0,0
4175,6203,access_vlan:SW1:eth1:20+access_vlan:SW1:eth2:10+access_vlan:SW2:eth1:20+trunk_remove:SW1:eth3:20+trunk_remove:SW2:eth3:20,35243,35248,0.05,8.899999999999999,5,True,False,True,False,True,recovery_success,0.006113605992868543,5,3,1,0,0,0,0,0,0
4176,6204,access_vlan:SW1:eth2:10+trunk_remove:SW2:eth3:20,35248,35252,0.05,9.2,4,True,False,True,False,True,recovery_success,0.004740299540571868,4,2,1,0,0,0,0,0,0
4177,6205,access_vlan:SW1:eth1:20+access_vlan:SW1:eth2:10+access_vlan:SW2:eth1:20+access_vlan:SW2:eth2:10+trunk_remove:SW1:eth3:10+trunk_remove:SW1:eth3:20+trunk_remove:SW2:eth3:10,35252,35257,0.05,8.899999999999999,5,True,False,True,False,True,recovery_success,0.005241175089031458,5,3,1,0,0,0,0,0,0
4178,6206,access_vlan:SW1:eth1:20+access_vlan:SW2:eth1:20+access_vlan:SW2:eth2:10+trunk_remove:SW1:eth3:10+trunk_remove:SW2:eth3:10+trunk_remove:SW2:eth3:20,35257,35263,0.05,8.6,6,True,False,True,False,True,recovery_success,0.023716288269497454,6,4,1,0,0,0,0,0,0
4179,6207,access_vlan:SW1:eth2:10+access_vlan:SW2:eth2:10+trunk_remove:SW1:eth3:10,35263,35267,0.05,9.049999999999999,4,True,False,True,False,True,recovery_success,0.007693036925047636,4,3,0,0,0,0,0,0,0
4180,6208,access_vlan:SW1:eth2:10+trunk_remove:SW1:eth3:20+trunk_remove:SW2:eth3:10,35267,35271,0.05,9.049999999999999,4,True,False,True,False,True,recovery_success,0.009776021935977042,4,3,0,0,0,0,0,0,0
4181,6209,access_vlan:SW1:eth2:10+trunk_remove:SW1:eth3:10+trunk_remove:SW2:eth3:20,35271,35276,0.05,8.899999999999999,5,True,False,True,False,True,recovery_success,0.010452920570969582,5,3,1,0,0,0,0,0,0
4182,6210,access_vlan:SW1:eth2:10+access_vlan:SW2:eth2:10+trunk_remove:SW1:eth3:10+trunk_remove:SW1:eth3:20,35276,35282,0.05,8.6,6,True,False,True,False,True,recovery_success,0.025516595381001633,6,4,1,0,0,0,0,0,0
4183,6211,access_vlan:SW1:eth1:20+access_vlan:SW2:eth2:10+trunk_remove:SW1:eth3:10,35282,35286,0.05,9.049999999999999,4,True,False,True,False,True,recovery_success,0.005061909614596516,4,3,0,0,0,0,0,0,0
4184,6212,access_vlan:SW1:eth2:10+trunk_remove:SW1:eth3:10,35286,35289,0.05,9.35,3,True,False,True,False,True,recovery_success,0.005240682822962602,3,2,0,0,0,0,0,0,0
4185,6213,access_vlan:SW1:eth2:10+access_vlan:SW2:eth1:20+access_vlan:SW2:eth2:10+trunk_remove:SW2:eth3:10,35289,35293,0.05,9.2,4,True,False,True,False,True,recovery_success,0.007085510645993054,4,2,1,0,0,0,0,0,0
4186,6214,access_vlan:SW2:eth1:20+access_vlan:SW2:eth2:10+trunk_remove:SW1:eth3:20,35293,35297,0.05,8.549999999999999,4,True,False,True,False,True,recovery_success,0.004847987613175064,4,3,0,0,1,1,1,0,0
4187,6215,access_vlan:SW1:eth1:20+access_vlan:SW2:eth1:20+access_vlan:SW2:eth2:10+trunk_remove:SW1:eth3:10+trunk_remove:SW2:eth3:10+trunk_remove:SW2:eth3:20,35297,35303,0.05,8.6,6,True,False,True,False,True,recovery_success,0.004343960317783058,6,4,1,0,0,0,0,0,0
4188,6216,access_vlan:SW1:eth2:10+trunk_remove:SW1:eth3:10+trunk_remove:SW1:eth3:20,35303,35307,0.05,9.049999999999999,4,True,False,True,False,True,recovery_success,0.003804362961091101,4,3,0,0,0,0,0,0,0
4189,6217,access_vlan:SW1:eth2:10+access_vlan:SW2:eth2:10+trunk_remove:SW1:eth3:10,35307,35311,0.05,9.049999999999999,4,True,False,True,False,True,recovery_success,0.004208481521345675,4,3,0,0,0,0,0,0,0
4190,6218,access_vlan:SW1:eth1:20+access_vlan:SW1:eth2:10+trunk_remove:SW1:eth3:10+trunk_remove:SW2:eth3:10+trunk_remove:SW2:eth3:20,35311,35321,0.05,6.75,10,True,False,True,False,True,recovery_success,0.0036476051551289856,10,8,0,0,1,1,1,0,0
4191,6219,access_vlan:SW1:eth1:20+access_vlan:SW1:eth2:10+trunk_remove:SW2:eth3:20,35321,35325,0.05,8.549999999999999,4,True,False,True,False,True,recovery_success,0.0051818215870298445,4,3,0,0,1,1,1,0,0
4192,6220,access_vlan:SW1:eth1:20+access_vlan:SW1:eth2:10+access_vlan:SW2:eth1:20+trunk_remove:SW2:eth3:10,35325,35329,0.05,9.2,4,True,False,True,False,True,recovery_success,0.00953378964914009,4,2,1,0,0,0,0,0,0
4193,6221,access_vlan:SW2:eth2:10+trunk_remove:SW1:eth3:10+trunk_remove:SW2:eth3:20,35329,35335,0.05,7.949999999999999,6,True,False,True,False,True,recovery_success,0.005685160984285176,6,5,0,0,1,1,1,0,0
4194,6222,access_vlan:SW1:eth1:20+access_vlan:SW2:eth1:20+trunk_remove:SW1:eth3:10+trunk_remove:SW1:eth3:20,35335,35340,0.05,8.75,5,True,False,True,False,True,recovery_success,0.004519922332838178,5,4,0,0,0,0,0,0,0
4195,6223,access_vlan:SW1:eth2:10+access_vlan:SW2:eth2:10+trunk_remove:SW1:eth3:10+trunk_remove:SW2:eth3:10,35340,35345,0.05,8.75,5,True,False,True,False,True,recovery_success,0.004387975065037608,5,4,0,0,0,0,0,0,0
4196,6224,access_vlan:SW2:eth1:20+access_vlan:SW2:eth2:10+trunk_remove:SW2:eth3:10,35345,35349,0.05,8.549999999999999,4,True,False,True,False,True,recovery_success,0.004957574186846614,4,3,0,0,1,1,1,0,0
4197,6225,access_vlan:SW1:eth2:10+access_vlan:SW2:eth1:20+access_vlan:SW2:eth2:10+trunk_remove:SW1:eth3:10,35349,35353,0.05,9.2,4,True,False,True,False,True,recovery_success,0.003691170015372336,4,2,1,0,0,0,0,0,0
4198,6226,access_vlan:SW1:eth1:20+access_vlan:SW2:eth1:20+access_vlan:SW2:eth2:10+trunk_remove:SW1:eth3:20+trunk_remove:SW2:eth3:10+trunk_remove:SW2:eth3:20,35353,35359,0.05,8.6,6,True,False,True,False,True,recovery_success,0.0037282988972341022,6,4,1,0,0,0,0,0,0
4199,6227,access_vlan:SW2:eth2:10+trunk_remove:SW2:eth3:10,35359,35362,0.05,9.35,3,True,False,True,False,True,recovery_success,0.002945945675795277,3,2,0,0,0,0,0,0,0
4200,6228,access_vlan:SW1:eth2:10+trunk_remove:SW1:eth3:10+trunk_remove:SW2:eth3:10,35362,35366,0.05,9.049999999999999,4,True,False,True,False,True,recovery_success,0.0033135396661236882,4,3,0,0,0,0,0,0,0
4201,6229,access_vlan:SW1:eth1:20+access_vlan:SW1:eth2:10+access_vlan:SW2:eth1:20+access_vlan:SW2:eth2:10+trunk_remove:SW1:eth3:10+trunk_remove:SW2:eth3:10+trunk_remove:SW2:eth3:20,35366,35371,0.05,8.899999999999999,5,True,False,True,False,True,recovery_success,0.0035742221400141714,5,3,1,0,0,0,0,0,0
4202,6230,access_vlan:SW1:eth1:20+access_vlan:SW1:eth2:10+trunk_remove:SW2:eth3:20,35371,35377,0.05,7.949999999999999,6,True,False,True,False,True,recovery_success,0.005936096267153819,6,5,0,0,1,1,1,0,0
4203,6231,access_vlan:SW1:eth1:20+access_vlan:SW1:eth2:10+access_vlan:SW2:eth2:10+trunk_remove:SW1:eth3:10,35377,35384,0.05,7.949999999999999,7,True,False,True,False,True,recovery_success,0.0026807572160448346,7,4,2,0,1,1,1,1,0
4204,6232,access_vlan:SW1:eth2:10+access_vlan:SW2:eth2:10+trunk_remove:SW1:eth3:20+trunk_remove:SW2:eth3:10+trunk_remove:SW2:eth3:20,35384,35390,0.05,8.45,6,True,False,True,False,True,recovery_success,0.0028979647516583404,6,5,0,0,0,0,0,0,0
4205,6233,access_vlan:SW1:eth1:20+access_vlan:SW1:eth2:10+access_vlan:SW2:eth2:10+trunk_remove:SW1:eth3:20,35390,35394,0.05,9.2,4,True,False,True,False,True,recovery_success,0.003170634445268661,4,2,1,0,0,0,0,0,0
4206,6234,access_vlan:SW1:eth1:20+access_vlan:SW1:eth2:10+access_vlan:SW2:eth1:20+trunk_remove:SW1:eth3:10+trunk_remove:SW1:eth3:20+trunk_remove:SW2:eth3:10+trunk_remove:SW2:eth3:20,35394,35401,0.05,8.299999999999999,7,True,False,True,False,True,recovery_success,0.0040866178127803975,7,5,1,0,0,0,0,0,0
4207,6235,access_vlan:SW2:eth1:20+trunk_remove:SW1:eth3:20+trunk_remove:SW2:eth3:10,35401,35405,0.05,9.049999999999999,4,True,False,True,False,True,recovery_success,0.0036635982105508447,4,3,0,0,0,0,0,0,0
4208,6236,access_vlan:SW1:eth1:20+access_vlan:SW1:eth2:10+access_vlan:SW2:eth1:20+trunk_remove:SW1:eth3:10+trunk_remove:SW1:eth3:20,35405,35410,0.05,8.899999999999999,5,True,False,True,False,True,recovery_success,0.002613286068663001,5,3,1,0,0,0,0,0,0
4209,6237,access_vlan:SW1:eth1:20+access_vlan:SW1:eth2:10+access_vlan:SW2:eth1:20+trunk_remove:SW1:eth3:20+trunk_remove:SW2:eth3:10+trunk_remove:SW2:eth3:20,35410,35416,0.05,8.6,6,True,False,True,False,True,recovery_success,0.027455744023124378,6,4,1,0,0,0,0,0,0
4210,6238,access_vlan:SW2:eth1:20+trunk_remove:SW1:eth3:10,35416,35419,0.05,9.35,3,True,False,True,False,True,recovery_success,0.005565377961223324,3,2,0,0,0,0,0,0,0
4211,6239,access_vlan:SW2:eth1:20+access_vlan:SW2:eth2:10+trunk_remove:SW1:eth3:10+trunk_remove:SW2:eth3:10,35419,35424,0.05,8.25,5,True,False,True,False,True,recovery_success,0.0034545236732810734,5,4,0,0,1,1,1,0,0
4212,6240,access_vlan:SW1:eth1:20+access_vlan:SW2:eth1:20+trunk_remove:SW1:eth3:20+trunk_remove:SW2:eth3:20,35424,35431,0.05,7.6499999999999995,7,True,False,True,False,True,recovery_success,0.0037751248705067803,7,6,0,0,1,1,1,0,0
4213,6241,access_vlan:SW1:eth1:20+access_vlan:SW2:eth1:20+access_vlan:SW2:eth2:10+trunk_remove:SW2:eth3:10+trunk_remove:SW2:eth3:20,35431,35436,0.05,8.899999999999999,5,True,False,True,False,True,recovery_success,0.0034754070919007065,5,3,1,0,0,0,0,0,0
4214,6242,access_vlan:SW1:eth2:10+access_vlan:SW2:eth1:20,35436,35441,0.05,6.749999999999999,5,True,False,True,False,True,recovery_success,0.00338454763405025,5,4,0,0,4,3,2,1,0
4215,6243,access_vlan:SW1:eth2:10+access_vlan:SW2:eth1:20+trunk_remove:SW1:eth3:10,35441,35445,0.05,9.049999999999999,4,True,False,True,False,True,recovery_success,0.004153355897869915,4,3,0,0,0,0,0,0,0
4216,6244,access_vlan:SW1:eth1:20+access_vlan:SW1:eth2:10+trunk_remove:SW1:eth3:20+trunk_remove:SW2:eth3:10+trunk_remove:SW2:eth3:20,35445,35451,0.05,7.949999999999999,6,True,False,True,False,True,recovery_success,0.0033453109596545496,6,5,0,0,1,1,1,0,0
4217,6245,access_vlan:SW1:eth1:20+access_vlan:SW1:eth2:10+access_vlan:SW2:eth1:20+trunk_remove:SW1:eth3:10+trunk_remove:SW1:eth3:20,35451,35456,0.05,8.899999999999999,5,True,False,True,False,True,recovery_success,0.00444973106496036,5,3,1,0,0,0,0,0,0
4218,6246,access_vlan:SW1:eth2:10+access_vlan:SW2:eth1:20+access_vlan:SW2:eth2:10+trunk_remove:SW1:eth3:10+trunk_remove:SW2:eth3:10+trunk_remove:SW2:eth3:20,35456,35462,0.05,8.6,6,True,False,True,False,True,recovery_success,0.002956258327079316,6,4,1,0,0,0,0,0,0
4219,6247,access_vlan:SW1:eth2:10+trunk_remove:SW2:eth3:20,35462,35465,0.05,9.35,3,True,False,True,False,True,recovery_success,0.0037712681417663894,3,2,0,0,0,0,0,0,0
4220,6248,access_vlan:SW1:eth2:10+access_vlan:SW2:eth1:20+access_vlan:SW2:eth2:10+trunk_remove:SW1:eth3:10+trunk_remove:SW1:eth3:20+trunk_remove:SW2:eth3:10+trunk_remove:SW2:eth3:20,35465,35472,0.05,8.299999999999999,7,True,False,True,False,True,recovery_success,0.008501147917870964,7,5,1,0,0,0,0,0,0
4221,6249,access_vlan:SW1:eth1:20+access_vlan:SW2:eth2:10+trunk_remove:SW2:eth3:10,35472,35476,0.05,9.049999999999999,4,True,False,True,False,True,recovery_success,0.0038686901098117232,4,3,0,0,0,0,0,0,0
4222,6250,access_vlan:SW1:eth1:20+access_vlan:SW1:eth2:10+access_vlan:SW2:eth2:10,35476,35479,0.05,9.5,3,True,False,True,False,True,recovery_success,0.00330567080527544,3,1,1,0,0,0,0,0,0
4223,6251,access_vlan:SW1:eth1:20+access_vlan:SW2:eth2:10+trunk_remove:SW2:eth3:10,35479,35483,0.05,9.049999999999999,4,True,False,True,False,True,recovery_success,0.0026818367769010365,4,3,0,0,0,0,0,0,0
4224,6252,access_vlan:SW1:eth1:20+trunk_remove:SW1:eth3:20+trunk_remove:SW2:eth3:10+trunk_remove:SW2:eth3:20,35483,35488,0.05,8.75,5,True,False,True,False,True,recovery_success,0.0027433468727394938,5,4,0,0,0,0,0,0,0
4225,6253,access_vlan:SW1:eth2:10+access_vlan:SW2:eth2:10+trunk_remove:SW1:eth3:10+trunk_remove:SW1:eth3:20,35488,35493,0.05,8.75,5,True,False,True,False,True,recovery_success,0.003401438286527991,5,4,0,0,0,0,0,0,0
4226,6254,trunk_remove:SW1:eth3:20+trunk_remove:SW2:eth3:10+trunk_remove:SW2:eth3:20,35493,35497,0.05,9.049999999999999,4,True,False,True,False,True,recovery_success,0.003767866757698357,4,3,0,0,0,0,0,0,0
4227,6255,access_vlan:SW1:eth1:20+access_vlan:SW1:eth2:10+access_vlan:SW2:eth2:10+trunk_remove:SW1:eth3:10+trunk_remove:SW1:eth3:20,35497,35501,0.05,9.049999999999999,4,True,False,True,False,True,recovery_success,0.007665805402211845,4,3,0,0,0,0,0,0,0
4228,6256,access_vlan:SW1:eth2:10+access_vlan:SW2:eth2:10+trunk_remove:SW1:eth3:20+trunk_remove:SW2:eth3:10,35501,35506,0.05,8.75,5,True,False,True,False,True,recovery_success,0.02308826632797718,5,4,0,0,0,0,0,0,0
4229,6257,access_vlan:SW2:eth1:20+trunk_remove:SW1:eth3:10,35506,35509,0.05,9.35,3,True,False,True,False,True,recovery_success,0.02673718084891637,3,2,0,0,0,0,0,0,0
4230,6258,access_vlan:SW1:eth1:20+access_vlan:SW1:eth2:10+access_vlan:SW2:eth1:20+access_vlan:SW2:eth2:10+trunk_remove:SW1:eth3:10+trunk_remove:SW2:eth3:10+trunk_remove:SW2:eth3:20,35509,35514,0.05,8.899999999999999,5,True,False,True,False,True,recovery_success,0.017203418724238872,5,3,1,0,0,0,0,0,0
4231,6259,trunk_remove:SW1:eth3:10+trunk_remove:SW1:eth3:20+trunk_remove:SW2:eth3:20,35514,35518,0.05,9.049999999999999,4,True,False,True,False,True,recovery_success,0.02342558139935136,4,3,0,0,0,0,0,0,0
4232,6260,access_vlan:SW1:eth1:20+access_vlan:SW2:eth1:20+access_vlan:SW2:eth2:10+trunk_remove:SW2:eth3:10,35518,35528,0.05,7.5,10,True,False,True,False,True,recovery_success,0.013753900863230228,10,4,5,0,1,1,1,1,0
4233,6261,access_vlan:SW1:eth1:20+access_vlan:SW2:eth1:20+trunk_remove:SW1:eth3:10+trunk_remove:SW1:eth3:20+trunk_remove:SW2:eth3:10+trunk_remove:SW2:eth3:20,35528,35538,0.05,7.699999999999999,10,True,False,True,False,True,recovery_success,0.013136720936745405,10,6,3,0,0,0,0,0,0
4234,6262,access_vlan:SW1:eth1:20+access_vlan:SW2:eth2:10+trunk_remove:SW1:eth3:10+trunk_remove:SW1:eth3:20,35538,35543,0.05,8.75,5,True,False,True,False,True,recovery_success,0.009735230542719363,5,4,0,0,0,0,0,0,0
4235,6263,access_vlan:SW2:eth1:20+access_vlan:SW2:eth2:10+trunk_remove:SW2:eth3:10+trunk_remove:SW2:eth3:20,35543,35548,0.05,8.25,5,True,False,True,False,True,recovery_success,0.012076369859278202,5,4,0,0,1,1,1,0,0
4236,6264,access_vlan:SW1:eth2:10+trunk_remove:SW1:eth3:20+trunk_remove:SW2:eth3:10+trunk_remove:SW2:eth3:20,35548,35551,0.05,-10.65,3,True,False,True,False,False,incorrect_declare_done,0.006989988032728434,3,2,0,0,0,0,0,0,1
4237,6265,access_vlan:SW1:eth1:20+access_vlan:SW2:eth1:20+access_vlan:SW2:eth2:10+trunk_remove:SW1:eth3:10+trunk_remove:SW1:eth3:20+trunk_remove:SW2:eth3:10,35551,35557,0.05,8.6,6,True,False,True,False,True,recovery_success,0.009290975208083788,6,4,1,0,0,0,0,0,0
4238,6266,access_vlan:SW1:eth2:10+access_vlan:SW2:eth1:20+access_vlan:SW2:eth2:10+trunk_remove:SW1:eth3:10+trunk_remove:SW1:eth3:20+trunk_remove:SW2:eth3:20,35557,35563,0.05,8.6,6,True,False,True,False,True,recovery_success,0.008144480952372154,6,4,1,0,0,0,0,0,0
4239,6267,access_vlan:SW1:eth1:20+access_vlan:SW2:eth1:20,35563,35566,0.05,8.85,3,True,False,True,False,True,recovery_success,0.00718408062433203,3,2,0,0,1,1,1,0,0
4240,6268,trunk_remove:SW1:eth3:10+trunk_remove:SW1:eth3:20+trunk_remove:SW2:eth3:10+trunk_remove:SW2:eth3:20,35566,35573,0.05,8.45,7,True,False,True,False,True,recovery_success,0.00772843835875392,7,4,2,0,0,0,0,0,0
4241,6269,access_vlan:SW1:eth2:10+access_vlan:SW2:eth2:10+trunk_remove:SW1:eth3:10,35573,35577,0.05,9.049999999999999,4,True,False,True,False,True,recovery_success,0.007101057562977076,4,3,0,0,0,0,0,0,0
4242,6270,access_vlan:SW1:eth1:20+access_vlan:SW2:eth1:20+access_vlan:SW2:eth2:10+trunk_remove:SW1:eth3:10+trunk_remove:SW1:eth3:20+trunk_remove:SW2:eth3:20,35577,35583,0.05,8.6,6,True,False,True,False,True,recovery_success,0.007416299039808412,6,4,1,0,0,0,0,0,0
4243,6271,access_vlan:SW1:eth1:20+access_vlan:SW2:eth1:20+access_vlan:SW2:eth2:10+trunk_remove:SW1:eth3:10+trunk_remove:SW2:eth3:20,35583,35588,0.05,8.899999999999999,5,True,False,True,False,True,recovery_success,0.005923649715259671,5,3,1,0,0,0,0,0,0
4244,6272,access_vlan:SW1:eth2:10+trunk_remove:SW2:eth3:10+trunk_remove:SW2:eth3:20,35588,35593,0.05,8.899999999999999,5,True,False,True,False,True,recovery_success,0.01655183620750904,5,3,1,0,0,0,0,0,0
4245,6273,access_vlan:SW1:eth1:20+trunk_remove:SW1:eth3:10+trunk_remove:SW2:eth3:10,35593,35601,0.05,8.149999999999999,8,True,False,True,False,True,recovery_success,0.006578836648259312,8,5,2,0,0,0,0,0,0
4246,6274,access_vlan:SW1:eth2:10+access_vlan:SW2:eth1:20+trunk_remove:SW1:eth3:10+trunk_remove:SW1:eth3:20,35601,35608,0.05,7.1499999999999995,7,True,False,True,False,True,recovery_success,0.010530420778585332,7,6,0,0,2,2,1,0,0
4247,6275,trunk_remove:SW1:eth3:20+trunk_remove:SW2:eth3:20,35608,35611,0.05,9.35,3,True,False,True,False,True,recovery_success,0.007506589560459058,3,2,0,0,0,0,0,0,0
4248,6276,access_vlan:SW1:eth1:20+access_vlan:SW2:eth1:20+trunk_remove:SW1:eth3:20+trunk_remove:SW2:eth3:10+trunk_remove:SW2:eth3:20,35611,35618,0.05,8.299999999999999,7,True,False,True,False,True,recovery_success,0.007346596169684615,7,5,1,0,0,0,0,0,0
4249,6277,access_vlan:SW1:eth1:20+access_vlan:SW2:eth2:10+trunk_remove:SW1:eth3:20+trunk_remove:SW2:eth3:10,35618,35623,0.05,8.75,5,True,False,True,False,True,recovery_success,0.017738585267215966,5,4,0,0,0,0,0,0,0
4250,6278,access_vlan:SW1:eth2:10+trunk_remove:SW2:eth3:20,35623,35626,0.05,9.35,3,True,False,True,False,True,recovery_success,0.011108278762549162,3,2,0,0,0,0,0,0,0
4251,6279,access_vlan:SW1:eth2:10+trunk_remove:SW1:eth3:20+trunk_remove:SW2:eth3:10+trunk_remove:SW2:eth3:20,35626,35634,0.05,8.299999999999999,8,True,False,True,False,True,recovery_success,0.007700568879954517,8,4,3,0,0,0,0,0,0
4252,6280,trunk_remove:SW1:eth3:10+trunk_remove:SW2:eth3:10,35634,35637,0.05,9.35,3,True,False,True,False,True,recovery_success,0.00725524468968312,3,2,0,0,0,0,0,0,0
4253,6281,access_vlan:SW1:eth1:20+access_vlan:SW1:eth2:10+access_vlan:SW2:eth2:10+trunk_remove:SW1:eth3:20+trunk_remove:SW2:eth3:20,35637,35641,0.05,9.049999999999999,4,True,False,True,False,True,recovery_success,0.01604579936247319,4,3,0,0,0,0,0,0,0
4254,6282,access_vlan:SW1:eth1:20+access_vlan:SW1:eth2:10+access_vlan:SW2:eth1:20+access_vlan:SW2:eth2:10+trunk_remove:SW1:eth3:20+trunk_remove:SW2:eth3:10,35641,35645,0.05,9.2,4,True,False,True,False,True,recovery_success,0.006641250569373369,4,2,1,0,0,0,0,0,0
4255,6283,access_vlan:SW1:eth2:10+trunk_remove:SW1:eth3:10+trunk_remove:SW1:eth3:20+trunk_remove:SW2:eth3:20,35645,35654,0.05,6.85,9,True,False,True,False,True,recovery_success,0.012030010887732109,9,6,2,0,2,2,1,0,0
4256,6284,access_vlan:SW1:eth1:20+access_vlan:SW2:eth1:20+trunk_remove:SW1:eth3:10+trunk_remove:SW1:eth3:20,35654,35659,0.05,8.75,5,True,False,True,False,True,recovery_success,0.026273754704743624,5,4,0,0,0,0,0,0,0
4257,6285,access_vlan:SW2:eth1:20+access_vlan:SW2:eth2:10+trunk_remove:SW1:eth3:10+trunk_remove:SW2:eth3:10,35659,35665,0.05,8.1,6,True,False,True,False,True,recovery_success,0.01683529404302438,6,4,1,0,1,1,1,0,0
4258,6286,access_vlan:SW1:eth1:20+access_vlan:SW1:eth2:10+access_vlan:SW2:eth1:20+trunk_remove:SW1:eth3:20,35665,35668,0.05,9.35,3,True,False,True,False,True,recovery_success,0.01245888788253069,3,2,0,0,0,0,0,0,0
4259,6287,access_vlan:SW2:eth1:20+trunk_remove:SW1:eth3:20,35668,35671,0.05,9.35,3,True,False,True,False,True,recovery_success,0.009068932384252548,3,2,0,0,0,0,0,0,0
4260,6288,access_vlan:SW1:eth2:10+access_vlan:SW2:eth1:20+access_vlan:SW2:eth2:10+trunk_remove:SW1:eth3:20+trunk_remove:SW2:eth3:20,35671,35675,0.05,9.049999999999999,4,True,False,True,False,True,recovery_success,0.0103170225629583,4,3,0,0,0,0,0,0,0
4261,6289,access_vlan:SW1:eth1:20+access_vlan:SW2:eth1:20+access_vlan:SW2:eth2:10+trunk_remove:SW2:eth3:10+trunk_remove:SW2:eth3:20,35675,35679,0.05,9.049999999999999,4,True,False,True,False,True,recovery_success,0.008253141772001982,4,3,0,0,0,0,0,0,0
4262,6290,access_vlan:SW2:eth1:20+trunk_remove:SW1:eth3:10+trunk_remove:SW1:eth3:20+trunk_remove:SW2:eth3:10,35679,35688,0.05,8.15,9,True,False,True,False,True,recovery_success,0.011796116621957885,9,4,4,0,0,0,0,0,0
4263,6291,access_vlan:SW1:eth2:10+access_vlan:SW2:eth1:20+trunk_remove:SW2:eth3:10,35688,35694,0.05,8.45,6,True,False,True,False,True,recovery_success,0.012272068997845054,6,5,0,0,0,0,0,0,0
4264,6292,access_vlan:SW1:eth2:10+access_vlan:SW2:eth1:20+trunk_remove:SW1:eth3:10,35694,35699,0.05,8.899999999999999,5,True,False,True,False,True,recovery_success,0.015105018764734269,5,3,1,0,0,0,0,0,0
4265,6293,trunk_remove:SW1:eth3:10,35699,35701,0.05,9.649999999999999,2,True,False,True,False,True,recovery_success,0.008388881804421544,2,1,0,0,0,0,0,0,0
4266,6294,trunk_remove:SW1:eth3:20+trunk_remove:SW2:eth3:20,35701,35706,0.05,7.25,5,True,False,True,False,True,recovery_success,0.007165463455021381,5,4,0,0,3,3,1,1,0
4267,6295,access_vlan:SW2:eth1:20+trunk_remove:SW1:eth3:10,35706,35717,0.05,8.149999999999999,11,True,False,True,False,True,recovery_success,0.01585251727903431,11,2,8,0,0,0,0,0,0
4268,6296,access_vlan:SW2:eth2:10+trunk_remove:SW1:eth3:10+trunk_remove:SW1:eth3:20+trunk_remove:SW2:eth3:10+trunk_remove:SW2:eth3:20,35717,35725,0.05,7.35,8,True,False,True,False,True,recovery_success,0.015330438676755875,8,7,0,0,1,1,1,0,0
4269,6297,access_vlan:SW1:eth2:10+trunk_remove:SW1:eth3:20+trunk_remove:SW2:eth3:20,35725,35731,0.05,7.949999999999999,6,True,False,True,False,True,recovery_success,0.007728233972253899,6,5,0,0,1,1,1,1,0
4270,6298,access_vlan:SW1:eth1:20+access_vlan:SW1:eth2:10+access_vlan:SW2:eth1:20+access_vlan:SW2:eth2:10+trunk_remove:SW1:eth3:10+trunk_remove:SW1:eth3:20+trunk_remove:SW2:eth3:10,35731,35735,0.05,9.049999999999999,4,True,False,True,False,True,recovery_success,0.005045273224823177,4,3,0,0,0,0,0,0,0
4271,6299,access_vlan:SW1:eth1:20+access_vlan:SW2:eth1:20+trunk_remove:SW1:eth3:10+trunk_remove:SW1:eth3:20,35735,35740,0.05,8.75,5,True,False,True,False,True,recovery_success,0.0148616808000952,5,4,0,0,0,0,0,0,0
4272,6300,access_vlan:SW2:eth2:10+trunk_remove:SW2:eth3:10+trunk_remove:SW2:eth3:20,35740,35744,0.05,9.049999999999999,4,True,False,True,False,True,recovery_success,0.003909176157321781,4,3,0,0,0,0,0,0,0
4273,6301,access_vlan:SW1:eth1:20+access_vlan:SW2:eth1:20+access_vlan:SW2:eth2:10+trunk_remove:SW2:eth3:10,35744,35747,0.05,-0.75,3,False,True,False,False,False,budget_cut,0.00477580555404226,3,2,1,0,0,0,0,0,0
