episode,seed,scenario_id,start_global_step,global_step,epsilon,episode_return,episode_steps,completed,budget_cut,terminated,truncated,recovery_success,termination_reason,mean_loss,optimizer_updates,actual_configuration_changes,diagnoses,invalid_actions,new_policy_damage_events,unique_newly_damaged_policies,service_damage_actions,post_recovery_damage_events,final_damaged_policies
0,2032,access_vlan:SW1:eth1:20+access_vlan:SW2:eth2:10,0,1,1.0,-10.05,1,True,False,True,False,False,incorrect_declare_done,,0,0,0,0,0,0,0,0,4
1,2033,access_vlan:SW1:eth1:20+access_vlan:SW2:eth1:20+access_vlan:SW2:eth2:10+trunk_remove:SW1:eth3:10+trunk_remove:SW2:eth3:20,1,4,0.9998575,-10.65,3,True,False,True,False,False,incorrect_declare_done,,0,2,0,0,0,0,0,0,3
2,2034,access_vlan:SW1:eth2:10+trunk_remove:SW1:eth3:10+trunk_remove:SW1:eth3:20+trunk_remove:SW2:eth3:10+trunk_remove:SW2:eth3:20,4,5,0.99981,-10.05,1,True,False,True,False,False,incorrect_declare_done,,0,0,0,0,0,0,0,0,3
3,2035,access_vlan:SW1:eth1:20+access_vlan:SW2:eth1:20+access_vlan:SW2:eth2:10+trunk_remove:SW1:eth3:10+trunk_remove:SW1:eth3:20+trunk_remove:SW2:eth3:10+trunk_remove:SW2:eth3:20,5,11,0.999525,-12.05,6,True,False,True,False,False,incorrect_declare_done,,0,5,0,0,1,1,1,0,2
4,2036,access_vlan:SW1:eth2:10+access_vlan:SW2:eth2:10+trunk_remove:SW1:eth3:10+trunk_remove:SW1:eth3:20+trunk_remove:SW2:eth3:20,11,14,0.9993825,-10.65,3,True,False,True,False,False,incorrect_declare_done,,0,2,0,0,0,0,0,0,2
5,2037,access_vlan:SW2:eth1:20+access_vlan:SW2:eth2:10+trunk_remove:SW1:eth3:10+trunk_remove:SW1:eth3:20,14,26,0.9988125,-15.7,12,True,False,True,False,False,incorrect_declare_done,,0,7,1,0,5,3,5,0,3
6,2038,trunk_remove:SW1:eth3:20+trunk_remove:SW2:eth3:20,26,30,0.9986225,-12.3,4,True,False,True,False,False,incorrect_declare_done,,0,2,1,0,3,3,2,0,4
7,2039,access_vlan:SW1:eth1:20+access_vlan:SW2:eth1:20+access_vlan:SW2:eth2:10+trunk_remove:SW1:eth3:10+trunk_remove:SW1:eth3:20+trunk_remove:SW2:eth3:10+trunk_remove:SW2:eth3:20,30,38,0.9982425,-12.65,8,True,False,True,False,False,incorrect_declare_done,,0,6,0,0,1,1,1,0,3
8,2040,access_vlan:SW2:eth1:20+access_vlan:SW2:eth2:10+trunk_remove:SW1:eth3:10+trunk_remove:SW1:eth3:20,38,40,0.9981475,-10.200000000000001,2,True,False,True,False,False,incorrect_declare_done,,0,0,1,0,0,0,0,0,2
9,2041,access_vlan:SW1:eth2:10+trunk_remove:SW1:eth3:20+trunk_remove:SW2:eth3:20,40,46,0.9978625,-13.55,6,True,False,True,False,False,incorrect_declare_done,,0,4,0,0,4,3,4,0,3
10,2042,access_vlan:SW1:eth1:20+trunk_remove:SW1:eth3:10+trunk_remove:SW2:eth3:20,46,62,0.9971025,-18.549999999999997,16,True,False,True,False,False,incorrect_declare_done,,0,13,0,0,8,4,7,0,3
11,2043,access_vlan:SW1:eth2:10+access_vlan:SW2:eth2:10+trunk_remove:SW1:eth3:10+trunk_remove:SW2:eth3:10+trunk_remove:SW2:eth3:20,62,64,0.9970075,-10.350000000000001,2,True,False,True,False,False,incorrect_declare_done,,0,1,0,0,0,0,0,0,3
12,2044,access_vlan:SW1:eth1:20+access_vlan:SW2:eth2:10+trunk_remove:SW1:eth3:10,64,86,0.9959625,-18.6,22,True,False,True,False,False,incorrect_declare_done,,0,16,5,0,6,4,6,0,3
13,2045,access_vlan:SW1:eth1:20+access_vlan:SW1:eth2:10+trunk_remove:SW1:eth3:10+trunk_remove:SW2:eth3:10+trunk_remove:SW2:eth3:20,86,100,0.9952975,-18.3,14,True,False,True,False,False,incorrect_declare_done,,0,12,1,0,9,4,9,0,3
14,2046,access_vlan:SW1:eth1:20+access_vlan:SW2:eth1:20+access_vlan:SW2:eth2:10+trunk_remove:SW1:eth3:20+trunk_remove:SW2:eth3:20,100,105,0.9950600000000001,-11.600000000000001,5,True,False,True,False,False,incorrect_declare_done,,0,2,1,0,1,1,1,0,3
15,2047,access_vlan:SW1:eth2:10+access_vlan:SW2:eth2:10+trunk_remove:SW1:eth3:10+trunk_remove:SW1:eth3:20+trunk_remove:SW2:eth3:20,105,108,0.9949175,-10.65,3,True,False,True,False,False,incorrect_declare_done,,0,2,0,0,0,0,0,0,3
16,2048,access_vlan:SW1:eth2:10+access_vlan:SW2:eth2:10+trunk_remove:SW1:eth3:10+trunk_remove:SW1:eth3:20+trunk_remove:SW2:eth3:10,108,115,0.994585,-12.350000000000001,7,True,False,True,False,False,incorrect_declare_done,,0,6,0,0,1,1,1,0,3
17,2049,access_vlan:SW1:eth1:20+access_vlan:SW2:eth1:20+trunk_remove:SW1:eth3:20+trunk_remove:SW2:eth3:20,115,145,0.99316,-11.400000000000004,30,True,False,False,True,False,step_limit,,0,21,4,0,6,2,6,0,3
18,2050,access_vlan:SW1:eth1:20+trunk_remove:SW1:eth3:20,145,152,0.9928275,-12.850000000000001,7,True,False,True,False,False,incorrect_declare_done,,0,6,0,0,2,2,2,0,4
19,2051,access_vlan:SW1:eth1:20+access_vlan:SW2:eth1:20+access_vlan:SW2:eth2:10+trunk_remove:SW1:eth3:10+trunk_remove:SW1:eth3:20+trunk_remove:SW2:eth3:10+trunk_remove:SW2:eth3:20,152,157,0.99259,-11.75,5,True,False,True,False,False,incorrect_declare_done,,0,4,0,0,1,1,1,0,3
20,2052,access_vlan:SW1:eth1:20+access_vlan:SW2:eth1:20+access_vlan:SW2:eth2:10+trunk_remove:SW1:eth3:20+trunk_remove:SW2:eth3:10+trunk_remove:SW2:eth3:20,157,163,0.992305,-12.05,6,True,False,True,False,False,incorrect_declare_done,,0,4,0,0,1,1,1,0,3
21,2053,access_vlan:SW1:eth1:20+access_vlan:SW1:eth2:10+trunk_remove:SW1:eth3:10+trunk_remove:SW1:eth3:20+trunk_remove:SW2:eth3:10+trunk_remove:SW2:eth3:20,163,167,0.992115,-11.8,4,True,False,True,False,False,incorrect_declare_done,,0,2,1,0,2,2,2,0,4
22,2054,access_vlan:SW1:eth2:10+access_vlan:SW2:eth2:10+trunk_remove:SW1:eth3:20,167,175,0.991735,-13.850000000000001,8,True,False,True,False,False,incorrect_declare_done,,0,5,2,0,4,4,3,0,3
23,2055,access_vlan:SW1:eth2:10+trunk_remove:SW1:eth3:20+trunk_remove:SW2:eth3:10+trunk_remove:SW2:eth3:20,175,191,0.990975,-16.549999999999997,16,True,False,True,False,False,incorrect_declare_done,,0,13,0,0,4,3,3,0,3
24,2056,access_vlan:SW1:eth1:20+access_vlan:SW2:eth1:20+trunk_remove:SW1:eth3:20,191,195,0.990785,-11.3,4,True,False,True,False,False,incorrect_declare_done,,0,2,1,0,1,1,1,0,3
25,2057,access_vlan:SW1:eth1:20+trunk_remove:SW1:eth3:10+trunk_remove:SW2:eth3:20,195,198,0.9906425,-10.5,3,True,False,True,False,False,incorrect_declare_done,,0,1,1,0,0,0,0,0,3
26,2058,access_vlan:SW1:eth2:10+access_vlan:SW2:eth1:20+trunk_remove:SW1:eth3:10+trunk_remove:SW2:eth3:10+trunk_remove:SW2:eth3:20,198,199,0.990595,-10.05,1,True,False,True,False,False,incorrect_declare_done,,0,0,0,0,0,0,0,0,4
27,2059,access_vlan:SW1:eth1:20+access_vlan:SW1:eth2:10+access_vlan:SW2:eth1:20+trunk_remove:SW1:eth3:10+trunk_remove:SW1:eth3:20+trunk_remove:SW2:eth3:10+trunk_remove:SW2:eth3:20,199,229,0.98917,-16.550000000000008,30,True,False,False,True,False,step_limit,,0,22,3,0,16,6,12,1,1
28,2060,access_vlan:SW1:eth1:20+access_vlan:SW1:eth2:10+access_vlan:SW2:eth1:20+trunk_remove:SW2:eth3:10,229,250,0.9881725,-22.400000000000006,21,True,False,True,False,False,incorrect_declare_done,,0,18,1,0,13,6,11,0,3
29,2061,access_vlan:SW1:eth1:20+access_vlan:SW2:eth1:20+access_vlan:SW2:eth2:10+trunk_remove:SW1:eth3:10+trunk_remove:SW1:eth3:20+trunk_remove:SW2:eth3:10+trunk_remove:SW2:eth3:20,250,251,0.988125,-10.05,1,True,False,True,False,False,incorrect_declare_done,,0,0,0,0,0,0,0,0,3
30,2062,access_vlan:SW2:eth1:20+access_vlan:SW2:eth2:10+trunk_remove:SW2:eth3:10,251,257,0.98784,-13.05,6,True,False,True,False,False,incorrect_declare_done,,0,5,0,0,3,3,3,0,2
31,2063,access_vlan:SW1:eth1:20+access_vlan:SW1:eth2:10+access_vlan:SW2:eth1:20+access_vlan:SW2:eth2:10+trunk_remove:SW1:eth3:10+trunk_remove:SW2:eth3:10+trunk_remove:SW2:eth3:20,257,262,0.9876025,-11.450000000000001,5,True,False,True,False,False,incorrect_declare_done,,0,2,2,0,1,1,1,0,3
32,2064,access_vlan:SW1:eth1:20+access_vlan:SW1:eth2:10+access_vlan:SW2:eth1:20+access_vlan:SW2:eth2:10+trunk_remove:SW1:eth3:10+trunk_remove:SW1:eth3:20+trunk_remove:SW2:eth3:10,262,265,0.98746,-11.65,3,True,False,True,False,False,incorrect_declare_done,,0,2,0,0,2,2,2,0,4
33,2065,access_vlan:SW1:eth2:10+access_vlan:SW2:eth1:20+access_vlan:SW2:eth2:10+trunk_remove:SW1:eth3:10+trunk_remove:SW1:eth3:20+trunk_remove:SW2:eth3:10,265,269,0.98727,-11.450000000000001,4,True,False,True,False,False,incorrect_declare_done,,0,3,0,0,1,1,1,0,3
34,2066,access_vlan:SW1:eth2:10+access_vlan:SW2:eth1:20+trunk_remove:SW1:eth3:10+trunk_remove:SW2:eth3:20,269,276,0.9869375,-11.700000000000001,7,True,False,True,False,False,incorrect_declare_done,,0,4,1,0,0,0,0,0,3
35,2067,access_vlan:SW2:eth2:10+trunk_remove:SW2:eth3:10+trunk_remove:SW2:eth3:20,276,283,0.986605,-12.350000000000001,7,True,False,True,False,False,incorrect_declare_done,,0,4,0,0,1,1,1,0,3
36,2068,access_vlan:SW1:eth1:20+access_vlan:SW2:eth1:20+trunk_remove:SW1:eth3:10+trunk_remove:SW1:eth3:20+trunk_remove:SW2:eth3:10+trunk_remove:SW2:eth3:20,283,289,0.98632,-11.9,6,True,False,True,False,False,incorrect_declare_done,,0,4,1,0,1,1,1,0,3
37,2069,access_vlan:SW2:eth1:20+access_vlan:SW2:eth2:10+trunk_remove:SW1:eth3:10+trunk_remove:SW1:eth3:20+trunk_remove:SW2:eth3:20,289,313,0.9851800000000001,-18.299999999999997,24,True,False,True,False,False,incorrect_declare_done,,0,19,1,0,3,3,3,0,3
38,2070,access_vlan:SW1:eth1:20+access_vlan:SW2:eth1:20+access_vlan:SW2:eth2:10+trunk_remove:SW1:eth3:20+trunk_remove:SW2:eth3:10,313,337,0.98404,-24.35000000000001,24,True,False,True,False,False,incorrect_declare_done,,0,15,4,0,16,6,13,0,3
39,2071,access_vlan:SW1:eth2:10+access_vlan:SW2:eth2:10+trunk_remove:SW1:eth3:10+trunk_remove:SW1:eth3:20+trunk_remove:SW2:eth3:10,337,352,0.9833275,-15.950000000000001,15,True,False,True,False,False,incorrect_declare_done,,0,12,2,0,4,3,3,0,3
40,2072,access_vlan:SW1:eth1:20+access_vlan:SW1:eth2:10+access_vlan:SW2:eth1:20+access_vlan:SW2:eth2:10+trunk_remove:SW2:eth3:10+trunk_remove:SW2:eth3:20,352,375,0.982235,-22.900000000000006,23,True,False,True,False,False,incorrect_declare_done,,0,16,5,0,14,6,12,0,2
41,2073,access_vlan:SW1:eth2:10+access_vlan:SW2:eth2:10+trunk_remove:SW1:eth3:20,375,405,0.98081,-19.350000000000012,30,True,False,False,True,False,step_limit,,0,26,1,0,21,6,16,0,3
42,2074,access_vlan:SW2:eth1:20+trunk_remove:SW2:eth3:10,405,408,0.9806675,-10.65,3,True,False,True,False,False,incorrect_declare_done,,0,2,0,0,0,0,0,0,3
43,2075,access_vlan:SW1:eth1:20+access_vlan:SW2:eth1:20+trunk_remove:SW1:eth3:20+trunk_remove:SW2:eth3:10+trunk_remove:SW2:eth3:20,408,438,0.9792425,-12.200000000000005,30,True,False,False,True,False,step_limit,,0,24,2,0,7,2,7,0,3
44,2076,access_vlan:SW1:eth1:20+access_vlan:SW1:eth2:10+trunk_remove:SW1:eth3:20,438,468,0.9778175,-15.250000000000007,30,True,False,False,True,False,step_limit,,0,23,5,0,14,5,13,0,0
45,2077,access_vlan:SW1:eth1:20+access_vlan:SW1:eth2:10+access_vlan:SW2:eth2:10+trunk_remove:SW1:eth3:10+trunk_remove:SW2:eth3:20,468,498,0.9763925,-13.750000000000007,30,True,False,False,True,False,step_limit,,0,24,5,0,11,6,8,0,4
46,2078,trunk_remove:SW1:eth3:10+trunk_remove:SW1:eth3:20+trunk_remove:SW2:eth3:20,498,509,0.97587,-14.9,11,True,False,True,False,False,incorrect_declare_done,,0,8,1,0,4,4,4,0,2
47,2079,access_vlan:SW1:eth2:10+access_vlan:SW2:eth1:20+access_vlan:SW2:eth2:10+trunk_remove:SW1:eth3:20+trunk_remove:SW2:eth3:10,509,521,0.9753000000000001,-14.35,12,True,False,True,False,False,incorrect_declare_done,,0,9,0,0,2,2,2,0,3
48,2080,access_vlan:SW1:eth2:10+access_vlan:SW2:eth2:10+trunk_remove:SW2:eth3:10,521,523,0.975205,-10.350000000000001,2,True,False,True,False,False,incorrect_declare_done,,0,1,0,0,0,0,0,0,4
49,2081,access_vlan:SW1:eth1:20+access_vlan:SW1:eth2:10+access_vlan:SW2:eth1:20+access_vlan:SW2:eth2:10+trunk_remove:SW1:eth3:10+trunk_remove:SW1:eth3:20+trunk_remove:SW2:eth3:10+trunk_remove:SW2:eth3:20,523,526,0.9750625,-11.15,3,True,False,True,False,False,incorrect_declare_done,,0,2,0,0,1,1,1,0,2
50,2082,trunk_remove:SW2:eth3:10+trunk_remove:SW2:eth3:20,526,527,0.975015,-10.05,1,True,False,True,False,False,incorrect_declare_done,,0,0,0,0,0,0,0,0,2
51,2083,access_vlan:SW1:eth1:20+access_vlan:SW2:eth1:20+trunk_remove:SW1:eth3:20+trunk_remove:SW2:eth3:10,527,549,0.97397,-21.900000000000006,22,True,False,True,False,False,incorrect_declare_done,,0,14,3,0,12,5,7,0,2
52,2084,access_vlan:SW1:eth1:20+access_vlan:SW2:eth1:20+access_vlan:SW2:eth2:10+trunk_remove:SW1:eth3:20,549,556,0.9736375,-13.350000000000001,7,True,False,True,False,False,incorrect_declare_done,,0,6,0,0,3,3,3,0,3
53,2085,access_vlan:SW1:eth2:10+trunk_remove:SW1:eth3:20+trunk_remove:SW2:eth3:10+trunk_remove:SW2:eth3:20,556,558,0.9735425,-10.850000000000001,2,True,False,True,False,False,incorrect_declare_done,,0,1,0,0,1,1,1,0,4
54,2086,access_vlan:SW1:eth1:20+access_vlan:SW1:eth2:10+access_vlan:SW2:eth1:20+access_vlan:SW2:eth2:10+trunk_remove:SW2:eth3:10+trunk_remove:SW2:eth3:20,558,565,0.97321,-14.350000000000001,7,True,False,True,False,False,incorrect_declare_done,,0,5,0,0,5,4,4,0,4
55,2087,access_vlan:SW1:eth1:20+access_vlan:SW1:eth2:10+trunk_remove:SW1:eth3:10,565,567,0.973115,-10.850000000000001,2,True,False,True,False,False,incorrect_declare_done,,0,1,0,0,1,1,1,0,3
56,2088,access_vlan:SW1:eth1:20+access_vlan:SW2:eth1:20+access_vlan:SW2:eth2:10+trunk_remove:SW1:eth3:10,567,568,0.9730675,-10.05,1,True,False,True,False,False,incorrect_declare_done,,0,0,0,0,0,0,0,0,3
57,2089,access_vlan:SW1:eth2:10+access_vlan:SW2:eth1:20+trunk_remove:SW2:eth3:10,568,597,0.97169,-22.650000000000006,29,True,False,True,False,False,incorrect_declare_done,,0,20,2,0,9,5,8,0,2
58,2090,access_vlan:SW1:eth1:20+access_vlan:SW1:eth2:10+access_vlan:SW2:eth1:20+access_vlan:SW2:eth2:10+trunk_remove:SW1:eth3:10+trunk_remove:SW2:eth3:10+trunk_remove:SW2:eth3:20,597,599,0.971595,-10.850000000000001,2,True,False,True,False,False,incorrect_declare_done,,0,1,0,0,1,1,1,0,3
59,2091,access_vlan:SW1:eth1:20+access_vlan:SW2:eth1:20+access_vlan:SW2:eth2:10+trunk_remove:SW2:eth3:10+trunk_remove:SW2:eth3:20,599,606,0.9712625,-12.700000000000001,7,True,False,True,False,False,incorrect_declare_done,,0,4,1,0,2,1,2,0,2
60,2092,access_vlan:SW1:eth2:10+access_vlan:SW2:eth2:10+trunk_remove:SW1:eth3:10+trunk_remove:SW1:eth3:20+trunk_remove:SW2:eth3:10+trunk_remove:SW2:eth3:20,606,636,0.9698375,-11.750000000000004,30,True,False,False,True,False,step_limit,,0,22,5,0,7,4,7,0,3
61,2093,access_vlan:SW1:eth1:20+trunk_remove:SW1:eth3:20+trunk_remove:SW2:eth3:10+trunk_remove:SW2:eth3:20,636,647,0.969315,-15.05,11,True,False,True,False,False,incorrect_declare_done,,0,9,0,0,4,2,4,0,3
62,2094,access_vlan:SW1:eth1:20+access_vlan:SW1:eth2:10+access_vlan:SW2:eth2:10,647,650,0.9691725,-12.15,3,True,False,True,False,False,incorrect_declare_done,,0,2,0,0,3,3,2,0,3
63,2095,access_vlan:SW2:eth2:10+trunk_remove:SW1:eth3:10+trunk_remove:SW1:eth3:20+trunk_remove:SW2:eth3:10+trunk_remove:SW2:eth3:20,650,658,0.9687925000000001,-13.15,8,True,False,True,False,False,incorrect_declare_done,,0,6,0,0,2,1,2,0,3
64,2096,access_vlan:SW1:eth1:20+access_vlan:SW2:eth2:10,658,664,0.9685075,-13.55,6,True,False,True,False,False,incorrect_declare_done,,0,5,0,0,4,4,3,0,3
65,2097,access_vlan:SW1:eth2:10+access_vlan:SW2:eth2:10+trunk_remove:SW1:eth3:10+trunk_remove:SW2:eth3:10+trunk_remove:SW2:eth3:20,664,671,0.968175,-12.700000000000001,7,True,False,True,False,False,incorrect_declare_done,,0,4,1,0,2,1,2,0,4
66,2098,access_vlan:SW1:eth1:20+access_vlan:SW1:eth2:10+access_vlan:SW2:eth1:20+trunk_remove:SW1:eth3:10+trunk_remove:SW1:eth3:20,671,673,0.96808,-10.850000000000001,2,True,False,True,False,False,incorrect_declare_done,,0,1,0,0,1,1,1,0,4
67,2099,access_vlan:SW1:eth1:20+access_vlan:SW2:eth1:20+trunk_remove:SW1:eth3:10,673,681,0.9677,-14.0,8,True,False,True,False,False,incorrect_declare_done,,0,4,1,0,4,4,3,0,4
68,2100,access_vlan:SW1:eth2:10+access_vlan:SW2:eth1:20+access_vlan:SW2:eth2:10+trunk_remove:SW2:eth3:10+trunk_remove:SW2:eth3:20,681,711,0.966275,-15.70000000000001,30,True,False,False,True,False,step_limit,,0,24,2,0,14,6,12,0,3
69,2101,access_vlan:SW1:eth1:20+access_vlan:SW2:eth1:20+access_vlan:SW2:eth2:10+trunk_remove:SW1:eth3:20,711,721,0.9658,-15.75,10,True,False,True,False,False,incorrect_declare_done,,0,9,0,0,6,5,5,0,3
70,2102,access_vlan:SW2:eth1:20+trunk_remove:SW1:eth3:20+trunk_remove:SW2:eth3:10,721,736,0.9650875,-14.95,15,True,False,True,False,False,incorrect_declare_done,,0,12,2,0,2,1,2,0,2
71,2103,access_vlan:SW1:eth1:20,736,745,0.96466,-15.95,9,True,False,True,False,False,incorrect_declare_done,,0,7,0,0,7,6,6,0,3
72,2104,access_vlan:SW1:eth1:20+access_vlan:SW1:eth2:10+access_vlan:SW2:eth1:20+trunk_remove:SW1:eth3:10+trunk_remove:SW1:eth3:20+trunk_remove:SW2:eth3:10+trunk_remove:SW2:eth3:20,745,775,0.963235,-15.050000000000008,30,True,False,False,True,False,step_limit,,0,25,3,0,13,5,12,0,4
73,2105,access_vlan:SW1:eth2:10+access_vlan:SW2:eth1:20+trunk_remove:SW1:eth3:20+trunk_remove:SW2:eth3:10,775,785,0.9627600000000001,-14.100000000000001,10,True,False,True,False,False,incorrect_declare_done,,0,7,1,0,3,3,3,0,3
74,2106,access_vlan:SW1:eth2:10,785,792,0.9624275,-14.05,7,True,False,True,False,False,incorrect_declare_done,,0,4,2,0,5,4,3,0,3
75,2107,access_vlan:SW1:eth2:10+access_vlan:SW2:eth2:10+trunk_remove:SW1:eth3:10+trunk_remove:SW2:eth3:10+trunk_remove:SW2:eth3:20,792,801,0.962,-13.8,9,True,False,True,False,False,incorrect_declare_done,,0,6,1,0,3,3,2,0,3
76,2108,access_vlan:SW1:eth1:20+access_vlan:SW2:eth1:20+access_vlan:SW2:eth2:10+trunk_remove:SW1:eth3:20+trunk_remove:SW2:eth3:20,801,815,0.961335,-17.3,14,True,False,True,False,False,incorrect_declare_done,,0,8,1,0,7,6,6,0,3
77,2109,access_vlan:SW1:eth1:20+access_vlan:SW1:eth2:10+access_vlan:SW2:eth1:20+trunk_remove:SW1:eth3:10+trunk_remove:SW1:eth3:20,815,830,0.9606225,-16.1,15,True,False,True,False,False,incorrect_declare_done,,0,13,1,0,4,3,4,0,3
78,2110,trunk_remove:SW1:eth3:10+trunk_remove:SW1:eth3:20+trunk_remove:SW2:eth3:10+trunk_remove:SW2:eth3:20,830,841,0.9601,-14.4,11,True,False,True,False,False,incorrect_declare_done,,0,9,1,0,3,2,3,0,3
79,2111,access_vlan:SW1:eth1:20+access_vlan:SW2:eth1:20+access_vlan:SW2:eth2:10+trunk_remove:SW1:eth3:20+trunk_remove:SW2:eth3:10,841,844,0.9599575,-11.15,3,True,False,True,False,False,incorrect_declare_done,,0,2,0,0,1,1,1,0,1
80,2112,access_vlan:SW1:eth2:10+access_vlan:SW2:eth1:20+access_vlan:SW2:eth2:10+trunk_remove:SW1:eth3:10+trunk_remove:SW2:eth3:10+trunk_remove:SW2:eth3:20,844,845,0.95991,-10.05,1,True,False,True,False,False,incorrect_declare_done,,0,0,0,0,0,0,0,0,3
81,2113,access_vlan:SW1:eth2:10,845,863,0.959055,-21.150000000000002,18,True,False,True,False,False,incorrect_declare_done,,0,15,0,0,12,6,9,0,4
82,2114,access_vlan:SW2:eth1:20+access_vlan:SW2:eth2:10+trunk_remove:SW1:eth3:10+trunk_remove:SW1:eth3:20+trunk_remove:SW2:eth3:20,863,878,0.9583425,-15.95,15,True,False,True,False,False,incorrect_declare_done,,0,11,2,0,4,4,4,0,2
83,2115,trunk_remove:SW2:eth3:20,878,881,0.9582,-11.65,3,True,False,True,False,False,incorrect_declare_done,,0,2,0,0,2,2,1,0,3
84,2116,access_vlan:SW1:eth1:20+trunk_remove:SW1:eth3:10+trunk_remove:SW2:eth3:20,881,887,0.957915,-13.05,6,True,False,True,False,False,incorrect_declare_done,,0,5,0,0,3,3,3,0,3
85,2117,access_vlan:SW1:eth2:10+access_vlan:SW2:eth1:20+trunk_remove:SW1:eth3:10+trunk_remove:SW1:eth3:20+trunk_remove:SW2:eth3:10+trunk_remove:SW2:eth3:20,887,894,0.9575825,-11.850000000000001,7,True,False,True,False,False,incorrect_declare_done,,0,5,0,0,0,0,0,0,4
86,2118,trunk_remove:SW1:eth3:10+trunk_remove:SW2:eth3:20,894,896,0.9574875,-10.850000000000001,2,True,False,True,False,False,incorrect_declare_done,,0,1,0,0,1,1,1,0,3
87,2119,access_vlan:SW1:eth1:20+trunk_remove:SW2:eth3:20,896,926,0.9560625,-15.05000000000001,30,True,False,False,True,False,step_limit,,0,22,3,0,13,4,13,0,3
88,2120,access_vlan:SW1:eth2:10+access_vlan:SW2:eth2:10+trunk_remove:SW1:eth3:20,926,929,0.95592,-11.15,3,True,False,True,False,False,incorrect_declare_done,,0,2,0,0,1,1,1,0,3
89,2121,access_vlan:SW1:eth1:20+access_vlan:SW1:eth2:10+access_vlan:SW2:eth1:20+access_vlan:SW2:eth2:10+trunk_remove:SW1:eth3:10+trunk_remove:SW2:eth3:10+trunk_remove:SW2:eth3:20,929,941,0.95535,-14.35,12,True,False,True,False,False,incorrect_declare_done,,0,10,0,0,2,2,2,0,3
90,2122,access_vlan:SW1:eth2:10+access_vlan:SW2:eth2:10+trunk_remove:SW2:eth3:10,941,949,0.95497,-12.65,8,True,False,True,False,False,incorrect_declare_done,,0,7,0,0,1,1,1,0,2
91,2123,access_vlan:SW1:eth1:20+access_vlan:SW2:eth1:20+access_vlan:SW2:eth2:10+trunk_remove:SW1:eth3:10+trunk_remove:SW2:eth3:20,949,956,0.9546375,-13.700000000000001,7,True,False,True,False,False,incorrect_declare_done,,0,5,1,0,4,4,3,0,3
92,2124,access_vlan:SW1:eth1:20+access_vlan:SW1:eth2:10+access_vlan:SW2:eth2:10,956,959,0.954495,-12.15,3,True,False,True,False,False,incorrect_declare_done,,0,2,0,0,3,3,2,0,3
93,2125,trunk_remove:SW2:eth3:20,959,964,0.9542575,-12.25,5,True,False,True,False,False,incorrect_declare_done,,0,4,0,0,2,2,1,0,3
94,2126,access_vlan:SW1:eth2:10+trunk_remove:SW1:eth3:10+trunk_remove:SW2:eth3:10,964,966,0.9541625,-10.350000000000001,2,True,False,True,False,False,incorrect_declare_done,,0,1,0,0,0,0,0,0,3
95,2127,access_vlan:SW2:eth1:20+access_vlan:SW2:eth2:10+trunk_remove:SW1:eth3:20,966,974,0.9537825,-13.5,8,True,False,True,False,False,incorrect_declare_done,,0,6,1,0,3,2,3,0,3
96,2128,access_vlan:SW1:eth1:20+access_vlan:SW2:eth1:20+access_vlan:SW2:eth2:10+trunk_remove:SW1:eth3:20+trunk_remove:SW2:eth3:10+trunk_remove:SW2:eth3:20,974,992,0.9529275,-17.0,18,True,False,True,False,False,incorrect_declare_done,,0,14,1,0,4,3,4,0,2
97,2129,access_vlan:SW1:eth2:10+access_vlan:SW2:eth1:20+access_vlan:SW2:eth2:10+trunk_remove:SW2:eth3:10+trunk_remove:SW2:eth3:20,992,1000,0.9525475,-15.15,8,True,False,True,False,False,incorrect_declare_done,1.1596734523773193,1,7,0,0,6,4,5,0,3
98,2130,access_vlan:SW1:eth1:20+access_vlan:SW2:eth1:20+trunk_remove:SW1:eth3:20,1000,1001,0.9525,-10.05,1,True,False,True,False,False,incorrect_declare_done,1.0076097249984741,1,0,0,0,0,0,0,0,4
99,2131,access_vlan:SW1:eth1:20+trunk_remove:SW1:eth3:20+trunk_remove:SW2:eth3:20,1001,1006,0.9522625,-12.100000000000001,5,True,False,True,False,False,incorrect_declare_done,1.1992823839187623,5,3,1,0,2,2,2,0,3
100,2132,access_vlan:SW1:eth1:20+access_vlan:SW1:eth2:10+access_vlan:SW2:eth1:20+trunk_remove:SW2:eth3:10+trunk_remove:SW2:eth3:20,1006,1033,0.95098,-22.10000000000001,27,True,False,True,False,False,incorrect_declare_done,0.5575710325329392,27,20,5,0,10,6,9,0,3
101,2133,access_vlan:SW1:eth1:20+access_vlan:SW2:eth1:20+access_vlan:SW2:eth2:10+trunk_remove:SW2:eth3:20,1033,1056,0.9498875,-24.150000000000006,23,True,False,True,False,False,incorrect_declare_done,0.16255820348210956,23,20,0,0,15,6,12,0,3
102,2134,access_vlan:SW1:eth1:20+access_vlan:SW2:eth1:20+access_vlan:SW2:eth2:10+trunk_remove:SW1:eth3:10+trunk_remove:SW1:eth3:20+trunk_remove:SW2:eth3:10+trunk_remove:SW2:eth3:20,1056,1086,0.9484625,-17.400000000000006,30,True,False,False,True,False,step_limit,0.05374614372849464,30,25,4,0,18,6,14,0,3
103,2135,access_vlan:SW1:eth2:10+access_vlan:SW2:eth2:10+trunk_remove:SW1:eth3:20+trunk_remove:SW2:eth3:20,1086,1091,0.948225,-11.600000000000001,5,True,False,True,False,False,incorrect_declare_done,0.046844232082366946,5,2,1,0,1,1,1,0,3
104,2136,access_vlan:SW1:eth2:10+trunk_remove:SW1:eth3:10+trunk_remove:SW2:eth3:10+trunk_remove:SW2:eth3:20,1091,1120,0.9468475,-19.700000000000003,29,True,False,True,False,False,incorrect_declare_done,0.036317066000453355,29,22,5,0,4,3,4,0,2
105,2137,trunk_remove:SW1:eth3:10+trunk_remove:SW2:eth3:20,1120,1121,0.9468,-10.05,1,True,False,True,False,False,incorrect_declare_done,0.030203189700841904,1,0,0,0,0,0,0,0,2
106,2138,access_vlan:SW1:eth1:20+access_vlan:SW1:eth2:10+access_vlan:SW2:eth1:20+access_vlan:SW2:eth2:10+trunk_remove:SW1:eth3:10,1121,1131,0.946325,-14.100000000000001,10,True,False,True,False,False,incorrect_declare_done,0.03524683564901352,10,5,1,0,3,2,2,0,1
107,2139,access_vlan:SW1:eth1:20+access_vlan:SW1:eth2:10+access_vlan:SW2:eth1:20+trunk_remove:SW1:eth3:20+trunk_remove:SW2:eth3:20,1131,1132,0.9462775,-10.05,1,True,False,True,False,False,incorrect_declare_done,0.02688947692513466,1,0,0,0,0,0,0,0,3
108,2140,access_vlan:SW1:eth1:20+access_vlan:SW1:eth2:10+access_vlan:SW2:eth1:20+access_vlan:SW2:eth2:10+trunk_remove:SW1:eth3:10,1132,1162,0.9448525,-18.20000000000001,30,True,False,False,True,False,step_limit,0.034099002555012706,30,23,2,0,19,6,13,0,3
109,2141,access_vlan:SW1:eth1:20+access_vlan:SW2:eth1:20+trunk_remove:SW1:eth3:10,1162,1166,0.9446625,-10.65,4,True,False,True,False,False,incorrect_declare_done,0.024600516073405743,4,1,2,0,0,0,0,0,4
110,2142,access_vlan:SW1:eth1:20+access_vlan:SW2:eth1:20+access_vlan:SW2:eth2:10+trunk_remove:SW1:eth3:10+trunk_remove:SW1:eth3:20+trunk_remove:SW2:eth3:10+trunk_remove:SW2:eth3:20,1166,1167,0.944615,-10.05,1,True,False,True,False,False,incorrect_declare_done,0.019806206226348877,1,0,0,0,0,0,0,0,3
111,2143,access_vlan:SW1:eth2:10+trunk_remove:SW1:eth3:10+trunk_remove:SW2:eth3:10,1167,1182,0.9439025,-15.8,15,True,False,True,False,False,incorrect_declare_done,0.026797517389059066,15,10,3,0,4,3,3,0,3
112,2144,access_vlan:SW1:eth1:20+access_vlan:SW2:eth2:10+trunk_remove:SW1:eth3:10,1182,1186,0.9437125,-11.450000000000001,4,True,False,True,False,False,incorrect_declare_done,0.02697325311601162,4,3,0,0,1,1,1,0,3
113,2145,access_vlan:SW2:eth2:10+trunk_remove:SW1:eth3:10+trunk_remove:SW2:eth3:10+trunk_remove:SW2:eth3:20,1186,1208,0.9426675,-20.050000000000004,22,True,False,True,False,False,incorrect_declare_done,0.027131572873754936,22,18,2,0,8,5,7,0,4
114,2146,access_vlan:SW1:eth1:20+access_vlan:SW1:eth2:10+access_vlan:SW2:eth1:20+trunk_remove:SW1:eth3:10,1208,1213,0.94243,-13.25,5,True,False,True,False,False,incorrect_declare_done,0.0320147518068552,5,4,0,0,4,4,3,0,2
115,2147,access_vlan:SW1:eth2:10,1213,1217,0.94224,-11.450000000000001,4,True,False,True,False,False,incorrect_declare_done,0.025981135200709105,4,3,0,0,1,1,1,0,2
116,2148,access_vlan:SW1:eth1:20+access_vlan:SW2:eth1:20+trunk_remove:SW1:eth3:20+trunk_remove:SW2:eth3:10+trunk_remove:SW2:eth3:20,1217,1223,0.941955,-12.55,6,True,False,True,False,False,incorrect_declare_done,0.02634810407956441,6,5,0,0,2,2,2,0,4
117,2149,access_vlan:SW1:eth2:10+access_vlan:SW2:eth1:20+trunk_remove:SW1:eth3:10+trunk_remove:SW1:eth3:20+trunk_remove:SW2:eth3:10+trunk_remove:SW2:eth3:20,1223,1236,0.9413375,-18.0,13,True,False,True,False,False,incorrect_declare_done,0.034082237344521746,13,10,1,0,9,5,5,0,3
118,2150,access_vlan:SW1:eth1:20+access_vlan:SW2:eth2:10+trunk_remove:SW2:eth3:10,1236,1246,0.9408625,5.55,10,True,False,True,False,True,recovery_success,0.02766533214598894,10,5,2,0,4,4,4,0,0
119,2151,access_vlan:SW1:eth2:10+access_vlan:SW2:eth2:10+trunk_remove:SW1:eth3:10+trunk_remove:SW1:eth3:20+trunk_remove:SW2:eth3:20,1246,1273,0.93958,-21.400000000000006,27,True,False,True,False,False,incorrect_declare_done,0.026651446328118996,27,20,3,0,8,4,8,0,3
120,2152,access_vlan:SW2:eth1:20+access_vlan:SW2:eth2:10+trunk_remove:SW1:eth3:20+trunk_remove:SW2:eth3:10+trunk_remove:SW2:eth3:20,1273,1282,0.9391525000000001,-13.95,9,True,False,True,False,False,incorrect_declare_done,0.025441915831632085,9,7,0,0,3,3,3,0,1
121,2153,access_vlan:SW2:eth1:20+access_vlan:SW2:eth2:10+trunk_remove:SW1:eth3:10+trunk_remove:SW1:eth3:20+trunk_remove:SW2:eth3:10+trunk_remove:SW2:eth3:20,1282,1284,0.9390575,-10.200000000000001,2,True,False,True,False,False,incorrect_declare_done,0.17304787691682577,2,0,1,0,0,0,0,0,2
122,2154,access_vlan:SW1:eth1:20+access_vlan:SW2:eth2:10,1284,1287,0.938915,-11.15,3,True,False,True,False,False,incorrect_declare_done,0.03196560777723789,3,2,0,0,1,1,1,0,3
123,2155,access_vlan:SW1:eth1:20+access_vlan:SW2:eth1:20+trunk_remove:SW1:eth3:10+trunk_remove:SW2:eth3:10+trunk_remove:SW2:eth3:20,1287,1292,0.9386775,-11.100000000000001,5,True,False,True,False,False,incorrect_declare_done,0.08695808351039887,5,3,1,0,0,0,0,0,2
124,2156,access_vlan:SW1:eth1:20+access_vlan:SW2:eth1:20+access_vlan:SW2:eth2:10+trunk_remove:SW1:eth3:10+trunk_remove:SW1:eth3:20+trunk_remove:SW2:eth3:10,1292,1294,0.9385825,-10.850000000000001,2,True,False,True,False,False,incorrect_declare_done,0.022137978114187717,2,1,0,0,1,1,1,0,4
125,2157,access_vlan:SW1:eth1:20+access_vlan:SW2:eth1:20+trunk_remove:SW1:eth3:20+trunk_remove:SW2:eth3:10,1294,1324,0.9371575,-13.800000000000008,30,True,False,False,True,False,step_limit,0.05514218589911858,30,21,8,0,12,6,10,1,3
126,2158,access_vlan:SW1:eth1:20+trunk_remove:SW1:eth3:10+trunk_remove:SW1:eth3:20+trunk_remove:SW2:eth3:10+trunk_remove:SW2:eth3:20,1324,1340,0.9363975,-16.4,16,True,False,True,False,False,incorrect_declare_done,0.020982780901249498,16,11,1,0,4,3,3,0,4
127,2159,access_vlan:SW1:eth1:20+access_vlan:SW2:eth1:20+access_vlan:SW2:eth2:10+trunk_remove:SW1:eth3:20+trunk_remove:SW2:eth3:10,1340,1359,0.935495,-20.0,19,True,False,True,False,False,incorrect_declare_done,0.03700508471382292,19,12,3,0,10,6,9,0,3
128,2160,access_vlan:SW1:eth2:10+trunk_remove:SW1:eth3:20+trunk_remove:SW2:eth3:10,1359,1361,0.9354,-10.200000000000001,2,True,False,True,False,False,incorrect_declare_done,0.018795517273247242,2,0,1,0,0,0,0,0,3
129,2161,access_vlan:SW1:eth2:10+access_vlan:SW2:eth1:20+access_vlan:SW2:eth2:10+trunk_remove:SW1:eth3:10+trunk_remove:SW2:eth3:10+trunk_remove:SW2:eth3:20,1361,1374,0.9347825,-14.35,13,True,False,True,False,False,incorrect_declare_done,0.02178335139671197,13,8,2,0,2,2,2,0,3
130,2162,access_vlan:SW1:eth1:20+access_vlan:SW2:eth1:20+access_vlan:SW2:eth2:10+trunk_remove:SW1:eth3:10+trunk_remove:SW1:eth3:20+trunk_remove:SW2:eth3:10,1374,1398,0.9336425,-19.35,24,True,False,True,False,False,incorrect_declare_done,0.021864238505562145,24,17,4,0,6,2,6,0,3
131,2163,access_vlan:SW1:eth1:20+access_vlan:SW1:eth2:10+access_vlan:SW2:eth2:10+trunk_remove:SW1:eth3:20+trunk_remove:SW2:eth3:10,1398,1402,0.9334525,-11.450000000000001,4,True,False,True,False,False,incorrect_declare_done,0.02178062265738845,4,3,0,0,1,1,1,0,2
132,2164,access_vlan:SW1:eth1:20+access_vlan:SW1:eth2:10+access_vlan:SW2:eth1:20+trunk_remove:SW2:eth3:20,1402,1405,0.93331,-10.5,3,True,False,True,False,False,incorrect_declare_done,0.022595218072334926,3,1,1,0,0,0,0,0,3
133,2165,access_vlan:SW1:eth1:20+trunk_remove:SW1:eth3:10+trunk_remove:SW1:eth3:20,1405,1413,0.93293,-13.0,8,True,False,True,False,False,incorrect_declare_done,0.05702474992722273,8,6,1,0,2,2,2,0,4
134,2166,access_vlan:SW1:eth1:20+access_vlan:SW1:eth2:10+access_vlan:SW2:eth1:20+access_vlan:SW2:eth2:10+trunk_remove:SW1:eth3:20+trunk_remove:SW2:eth3:20,1413,1434,0.9319325,-20.750000000000004,21,True,False,True,False,False,incorrect_declare_done,0.018940323475925697,21,17,2,0,10,5,8,0,2
135,2167,access_vlan:SW1:eth2:10+trunk_remove:SW2:eth3:20,1434,1437,0.93179,-10.5,3,True,False,True,False,False,incorrect_declare_done,0.11901817532877128,3,1,1,0,0,0,0,0,1
136,2168,access_vlan:SW1:eth1:20+access_vlan:SW2:eth1:20+trunk_remove:SW1:eth3:10+trunk_remove:SW1:eth3:20,1437,1439,0.9316949999999999,-10.350000000000001,2,True,False,True,False,False,incorrect_declare_done,0.015841378830373287,2,1,0,0,0,0,0,0,3
137,2169,access_vlan:SW2:eth1:20+access_vlan:SW2:eth2:10+trunk_remove:SW1:eth3:10+trunk_remove:SW2:eth3:10,1439,1451,0.931125,-16.05,12,True,False,True,False,False,incorrect_declare_done,0.016939396038651466,12,9,2,0,6,4,5,0,2
138,2170,access_vlan:SW1:eth2:10+access_vlan:SW2:eth2:10+trunk_remove:SW2:eth3:10,1451,1455,0.930935,-11.8,4,True,False,True,False,False,incorrect_declare_done,0.021164392586797476,4,2,1,0,2,2,1,0,4
139,2171,access_vlan:SW1:eth1:20+access_vlan:SW2:eth2:10+trunk_remove:SW1:eth3:20+trunk_remove:SW2:eth3:10,1455,1467,0.930365,-13.4,12,True,False,True,False,False,incorrect_declare_done,0.06940363549316923,12,7,3,0,1,1,1,0,3
140,2172,access_vlan:SW1:eth2:10+access_vlan:SW2:eth2:10+trunk_remove:SW1:eth3:20+trunk_remove:SW2:eth3:10+trunk_remove:SW2:eth3:20,1467,1471,0.930175,-11.450000000000001,4,True,False,True,False,False,incorrect_declare_done,0.015329194255173206,4,3,0,0,1,1,1,0,3
141,2173,access_vlan:SW1:eth1:20+access_vlan:SW2:eth1:20+access_vlan:SW2:eth2:10+trunk_remove:SW2:eth3:10,1471,1501,0.92875,-11.250000000000007,30,True,False,False,True,False,step_limit,0.02905715409045418,30,25,5,0,6,4,6,0,3
142,2174,access_vlan:SW1:eth1:20+access_vlan:SW1:eth2:10+access_vlan:SW2:eth1:20+trunk_remove:SW2:eth3:10+trunk_remove:SW2:eth3:20,1501,1520,0.9278475,-17.15,19,True,False,True,False,False,incorrect_declare_done,0.018574052539310958,19,15,2,0,4,3,4,0,2
143,2175,access_vlan:SW2:eth2:10+trunk_remove:SW1:eth3:10+trunk_remove:SW1:eth3:20+trunk_remove:SW2:eth3:10+trunk_remove:SW2:eth3:20,1520,1532,0.9272775,-14.25,12,True,False,True,False,False,incorrect_declare_done,0.015630689216777682,12,7,4,0,3,2,3,0,4
144,2176,access_vlan:SW2:eth1:20+trunk_remove:SW1:eth3:20,1532,1536,0.9270875000000001,-11.450000000000001,4,True,False,True,False,False,incorrect_declare_done,0.01753737637773156,4,3,0,0,1,1,1,0,3
145,2177,access_vlan:SW1:eth1:20+access_vlan:SW1:eth2:10+access_vlan:SW2:eth1:20+access_vlan:SW2:eth2:10+trunk_remove:SW2:eth3:10+trunk_remove:SW2:eth3:20,1536,1540,0.9268975,-11.450000000000001,4,True,False,True,False,False,incorrect_declare_done,0.019943430088460445,4,3,0,0,1,1,1,0,3
146,2178,access_vlan:SW1:eth1:20+access_vlan:SW2:eth2:10+trunk_remove:SW1:eth3:10+trunk_remove:SW2:eth3:20,1540,1541,0.92685,-10.05,1,True,False,True,False,False,incorrect_declare_done,0.013958869501948357,1,0,0,0,0,0,0,0,4
147,2179,access_vlan:SW1:eth1:20+access_vlan:SW2:eth1:20+access_vlan:SW2:eth2:10+trunk_remove:SW2:eth3:10,1541,1548,0.9265175,-12.700000000000001,7,True,False,True,False,False,incorrect_declare_done,0.01605014436479126,7,4,1,0,2,2,2,0,2
148,2180,access_vlan:SW1:eth1:20+access_vlan:SW1:eth2:10+access_vlan:SW2:eth1:20+trunk_remove:SW1:eth3:10+trunk_remove:SW1:eth3:20+trunk_remove:SW2:eth3:10+trunk_remove:SW2:eth3:20,1548,1558,0.9260425,-15.25,10,True,False,True,False,False,incorrect_declare_done,0.10901042036712169,10,8,0,0,5,4,5,0,3
149,2181,access_vlan:SW1:eth1:20+trunk_remove:SW1:eth3:20+trunk_remove:SW2:eth3:10+trunk_remove:SW2:eth3:20,1558,1572,0.9253775,-15.5,14,True,False,True,False,False,incorrect_declare_done,0.017497922892549207,14,10,3,0,4,2,4,0,4
150,2182,trunk_remove:SW2:eth3:20,1572,1602,0.9239525,-16.75000000000001,30,True,False,False,True,False,step_limit,0.026198135564724605,30,21,5,0,17,6,10,0,3
151,2183,access_vlan:SW1:eth2:10+access_vlan:SW2:eth1:20+trunk_remove:SW1:eth3:10+trunk_remove:SW1:eth3:20,1602,1607,0.9237150000000001,-11.450000000000001,5,True,False,True,False,False,incorrect_declare_done,0.01776940543204546,5,2,2,0,1,1,1,0,4
152,2184,access_vlan:SW2:eth1:20+access_vlan:SW2:eth2:10+trunk_remove:SW1:eth3:20+trunk_remove:SW2:eth3:20,1607,1617,0.9232400000000001,-17.25,10,True,False,True,False,False,incorrect_declare_done,0.01834101416170597,10,9,0,0,9,6,7,0,4
153,2185,access_vlan:SW2:eth1:20+access_vlan:SW2:eth2:10+trunk_remove:SW1:eth3:10+trunk_remove:SW1:eth3:20,1617,1619,0.923145,-10.850000000000001,2,True,False,True,False,False,incorrect_declare_done,0.019243466667830944,2,1,0,0,1,1,1,0,3
154,2186,access_vlan:SW1:eth1:20+access_vlan:SW1:eth2:10+access_vlan:SW2:eth1:20+trunk_remove:SW1:eth3:10+trunk_remove:SW2:eth3:10,1619,1649,0.92172,-15.250000000000007,30,True,False,False,True,False,step_limit,0.03620576166237394,30,22,5,0,14,5,13,0,3
155,2187,access_vlan:SW2:eth2:10+trunk_remove:SW1:eth3:10+trunk_remove:SW1:eth3:20+trunk_remove:SW2:eth3:10+trunk_remove:SW2:eth3:20,1649,1651,0.921625,-10.350000000000001,2,True,False,True,False,False,incorrect_declare_done,0.015143313445150852,2,1,0,0,0,0,0,0,2
156,2188,access_vlan:SW1:eth1:20+access_vlan:SW1:eth2:10+access_vlan:SW2:eth1:20+trunk_remove:SW1:eth3:20+trunk_remove:SW2:eth3:10+trunk_remove:SW2:eth3:20,1651,1668,0.9208175000000001,-16.35,17,True,False,True,False,False,incorrect_declare_done,0.06934615805306855,17,14,0,0,3,2,3,0,3
157,2189,access_vlan:SW1:eth2:10+access_vlan:SW2:eth1:20+access_vlan:SW2:eth2:10+trunk_remove:SW1:eth3:10+trunk_remove:SW1:eth3:20+trunk_remove:SW2:eth3:20,1668,1678,0.9203425000000001,-14.15,10,True,False,True,False,False,incorrect_declare_done,0.049183380976319316,10,4,4,0,4,3,3,0,3
158,2190,access_vlan:SW1:eth1:20+access_vlan:SW2:eth2:10+trunk_remove:SW1:eth3:20+trunk_remove:SW2:eth3:10,1678,1691,0.919725,-14.15,13,True,False,True,False,False,incorrect_declare_done,0.03760830499231815,13,9,0,0,1,1,1,0,2
159,2191,access_vlan:SW1:eth1:20+access_vlan:SW2:eth2:10+trunk_remove:SW1:eth3:20+trunk_remove:SW2:eth3:10,1691,1692,0.9196775,-10.05,1,True,False,True,False,False,incorrect_declare_done,0.31636539101600647,1,0,0,0,0,0,0,0,4
160,2192,access_vlan:SW1:eth2:10+access_vlan:SW2:eth1:20+access_vlan:SW2:eth2:10+trunk_remove:SW1:eth3:10+trunk_remove:SW2:eth3:10+trunk_remove:SW2:eth3:20,1692,1705,0.91906,-14.7,13,True,False,True,False,False,incorrect_declare_done,0.018238892778754234,13,8,3,0,3,2,3,0,4
161,2193,access_vlan:SW2:eth1:20+access_vlan:SW2:eth2:10+trunk_remove:SW1:eth3:20,1705,1713,0.91868,-13.15,8,True,False,True,False,False,incorrect_declare_done,0.01844483078457415,8,7,0,0,2,2,2,0,4
162,2194,access_vlan:SW1:eth1:20+access_vlan:SW1:eth2:10+trunk_remove:SW2:eth3:20,1713,1714,0.9186325,-10.05,1,True,False,True,False,False,incorrect_declare_done,0.01271082554012537,1,0,0,0,0,0,0,0,3
163,2195,access_vlan:SW1:eth1:20+access_vlan:SW1:eth2:10+trunk_remove:SW1:eth3:10+trunk_remove:SW1:eth3:20+trunk_remove:SW2:eth3:10+trunk_remove:SW2:eth3:20,1714,1733,0.91773,-17.35,19,True,False,True,False,False,incorrect_declare_done,0.01629134086205771,19,13,4,0,5,2,5,0,2
164,2196,access_vlan:SW1:eth1:20+access_vlan:SW1:eth2:10+access_vlan:SW2:eth2:10+trunk_remove:SW1:eth3:10,1733,1752,0.9168275,-16.5,19,True,False,True,False,False,incorrect_declare_done,0.01362848806342012,19,14,3,0,3,2,3,0,3
165,2197,access_vlan:SW2:eth1:20+access_vlan:SW2:eth2:10+trunk_remove:SW1:eth3:20+trunk_remove:SW2:eth3:20,1752,1760,0.9164475,-14.5,8,True,False,True,False,False,incorrect_declare_done,0.016311028506606817,8,5,1,0,5,4,4,0,3
166,2198,access_vlan:SW1:eth1:20+access_vlan:SW2:eth2:10+trunk_remove:SW1:eth3:10+trunk_remove:SW2:eth3:10+trunk_remove:SW2:eth3:20,1760,1768,0.9160675,-15.65,8,True,False,True,False,False,incorrect_declare_done,0.015825837617740035,8,6,0,0,7,5,4,0,4
167,2199,access_vlan:SW1:eth1:20+trunk_remove:SW1:eth3:10+trunk_remove:SW1:eth3:20+trunk_remove:SW2:eth3:10+trunk_remove:SW2:eth3:20,1768,1794,0.9148325,-20.150000000000002,26,True,False,True,False,False,incorrect_declare_done,0.014013035760189477,26,18,6,0,7,4,6,0,2
168,2200,access_vlan:SW1:eth1:20+access_vlan:SW1:eth2:10+trunk_remove:SW1:eth3:20,1794,1805,0.91431,-15.399999999999999,11,True,False,True,False,False,incorrect_declare_done,0.01328847963701595,11,8,1,0,5,5,5,0,3
169,2201,access_vlan:SW1:eth1:20+access_vlan:SW1:eth2:10+access_vlan:SW2:eth1:20+trunk_remove:SW2:eth3:20,1805,1810,0.9140725,-13.600000000000001,5,True,False,True,False,False,incorrect_declare_done,0.017732940800487994,5,2,1,0,5,5,3,0,4
170,2202,access_vlan:SW1:eth2:10+trunk_remove:SW1:eth3:20+trunk_remove:SW2:eth3:10+trunk_remove:SW2:eth3:20,1810,1819,0.913645,-13.65,9,True,False,True,False,False,incorrect_declare_done,0.015816450015538268,9,6,2,0,3,3,3,0,2
171,2203,access_vlan:SW1:eth1:20+access_vlan:SW2:eth1:20+trunk_remove:SW1:eth3:20+trunk_remove:SW2:eth3:10,1819,1826,0.9133125,-13.85,7,True,False,True,False,False,incorrect_declare_done,0.060133246305797784,7,6,0,0,4,4,2,0,2
172,2204,access_vlan:SW1:eth1:20+access_vlan:SW1:eth2:10+access_vlan:SW2:eth1:20+access_vlan:SW2:eth2:10+trunk_remove:SW1:eth3:10+trunk_remove:SW2:eth3:10+trunk_remove:SW2:eth3:20,1826,1856,0.9118875,-13.85000000000001,30,True,False,False,True,False,step_limit,0.03636004493261377,30,25,1,0,10,5,8,0,3
173,2205,access_vlan:SW1:eth1:20+access_vlan:SW2:eth1:20+trunk_remove:SW1:eth3:20+trunk_remove:SW2:eth3:20,1856,1862,0.9116025,-11.100000000000001,6,True,False,True,False,False,incorrect_declare_done,0.014050826585541168,6,2,3,0,0,0,0,0,3
174,2206,access_vlan:SW1:eth1:20+access_vlan:SW2:eth1:20+access_vlan:SW2:eth2:10+trunk_remove:SW1:eth3:10+trunk_remove:SW2:eth3:20,1862,1867,0.911365,-12.75,5,True,False,True,False,False,incorrect_declare_done,0.015503216721117496,5,4,0,0,3,3,3,0,3
175,2207,access_vlan:SW1:eth1:20+access_vlan:SW1:eth2:10+trunk_remove:SW1:eth3:10+trunk_remove:SW2:eth3:10+trunk_remove:SW2:eth3:20,1867,1897,0.90994,-15.050000000000006,30,True,False,False,True,False,step_limit,0.04523692953710755,30,23,3,0,13,4,12,0,3
176,2208,access_vlan:SW1:eth2:10+trunk_remove:SW2:eth3:10+trunk_remove:SW2:eth3:20,1897,1901,0.9097500000000001,-10.950000000000001,4,True,False,True,False,False,incorrect_declare_done,0.08891125675290823,4,3,0,0,0,0,0,0,2
177,2209,access_vlan:SW1:eth1:20+access_vlan:SW1:eth2:10+access_vlan:SW2:eth1:20+trunk_remove:SW1:eth3:10+trunk_remove:SW2:eth3:20,1901,1920,0.9088475,-18.2,19,True,False,True,False,False,incorrect_declare_done,0.014572453881172757,19,12,5,0,7,4,6,0,3
178,2210,access_vlan:SW1:eth2:10+access_vlan:SW2:eth1:20+trunk_remove:SW1:eth3:10+trunk_remove:SW1:eth3:20+trunk_remove:SW2:eth3:10,1920,1934,0.9081825,-13.85,14,True,False,True,False,False,incorrect_declare_done,0.013409837481698819,14,9,4,0,1,1,1,0,3
179,2211,access_vlan:SW1:eth1:20+access_vlan:SW2:eth1:20+trunk_remove:SW1:eth3:10,1934,1937,0.90804,-11.65,3,True,False,True,False,False,incorrect_declare_done,0.013347077804307142,3,2,0,0,2,2,1,0,3
180,2212,access_vlan:SW1:eth1:20+trunk_remove:SW1:eth3:10+trunk_remove:SW1:eth3:20+trunk_remove:SW2:eth3:20,1937,1939,0.907945,-10.350000000000001,2,True,False,True,False,False,incorrect_declare_done,0.01473338482901454,2,1,0,0,0,0,0,0,3
181,2213,trunk_remove:SW1:eth3:20+trunk_remove:SW2:eth3:20,1939,1952,0.9073275000000001,-17.15,13,True,False,True,False,False,incorrect_declare_done,0.06091910958863222,13,9,0,0,7,4,6,0,3
182,2214,access_vlan:SW1:eth1:20+access_vlan:SW2:eth2:10+trunk_remove:SW2:eth3:10,1952,1964,0.9067575,-14.9,12,True,False,True,False,False,incorrect_declare_done,0.01712823814402024,12,8,3,0,4,3,3,0,3
183,2215,access_vlan:SW1:eth2:10+trunk_remove:SW2:eth3:10+trunk_remove:SW2:eth3:20,1964,1974,0.9062825,-12.8,10,True,False,True,False,False,incorrect_declare_done,0.014708120934665203,10,5,3,0,1,1,1,0,3
184,2216,access_vlan:SW2:eth2:10+trunk_remove:SW2:eth3:10+trunk_remove:SW2:eth3:20,1974,1983,0.905855,-13.15,9,True,False,True,False,False,incorrect_declare_done,0.0459320071256823,9,6,2,0,2,2,2,0,2
185,2217,access_vlan:SW1:eth1:20+access_vlan:SW1:eth2:10+access_vlan:SW2:eth2:10+trunk_remove:SW1:eth3:10+trunk_remove:SW2:eth3:10+trunk_remove:SW2:eth3:20,1983,2002,0.9049525,-18.05,19,True,False,True,False,False,incorrect_declare_done,0.013976688741853363,19,12,6,0,7,5,7,0,3
186,2218,access_vlan:SW1:eth2:10+access_vlan:SW2:eth2:10+trunk_remove:SW1:eth3:10+trunk_remove:SW1:eth3:20+trunk_remove:SW2:eth3:10,2002,2021,0.90405,-17.85,19,True,False,True,False,False,incorrect_declare_done,0.04642845915728494,19,13,4,0,6,5,5,0,3
187,2219,access_vlan:SW1:eth1:20+access_vlan:SW1:eth2:10+trunk_remove:SW1:eth3:10,2021,2050,0.9026725,-21.400000000000006,29,True,False,True,False,False,incorrect_declare_done,0.01429241497454972,29,19,7,0,8,6,7,0,3
188,2220,access_vlan:SW1:eth1:20+access_vlan:SW1:eth2:10+access_vlan:SW2:eth2:10+trunk_remove:SW1:eth3:10+trunk_remove:SW2:eth3:10+trunk_remove:SW2:eth3:20,2050,2057,0.90234,-12.200000000000001,7,True,False,True,False,False,incorrect_declare_done,0.05852562907551016,7,5,1,0,1,1,1,0,3
189,2221,access_vlan:SW2:eth2:10+trunk_remove:SW1:eth3:20+trunk_remove:SW2:eth3:20,2057,2087,0.900915,-12.450000000000006,30,True,False,False,True,False,step_limit,0.01329412730410695,30,19,7,0,9,4,9,0,3
190,2222,access_vlan:SW1:eth2:10+access_vlan:SW2:eth2:10+trunk_remove:SW1:eth3:20+trunk_remove:SW2:eth3:10,2087,2088,0.9008675,-10.05,1,True,False,True,False,False,incorrect_declare_done,0.011554776690900326,1,0,0,0,0,0,0,0,4
191,2223,access_vlan:SW2:eth1:20+access_vlan:SW2:eth2:10+trunk_remove:SW2:eth3:10,2088,2089,0.90082,-10.05,1,True,False,True,False,False,incorrect_declare_done,0.01831809990108013,1,0,0,0,0,0,0,0,3
192,2224,access_vlan:SW2:eth1:20+access_vlan:SW2:eth2:10+trunk_remove:SW1:eth3:10+trunk_remove:SW2:eth3:10+trunk_remove:SW2:eth3:20,2089,2100,0.9002975,-14.75,11,True,False,True,False,False,incorrect_declare_done,0.06843473423611034,11,6,2,0,4,2,4,0,4
193,2225,access_vlan:SW1:eth2:10+access_vlan:SW2:eth1:20+trunk_remove:SW1:eth3:10,2100,2109,0.8998700000000001,-13.0,9,True,False,True,False,False,incorrect_declare_done,0.011448487639427185,9,5,3,0,2,2,2,0,4
194,2226,access_vlan:SW1:eth2:10+access_vlan:SW2:eth2:10+trunk_remove:SW2:eth3:10+trunk_remove:SW2:eth3:20,2109,2113,0.89968,-10.8,4,True,False,True,False,False,incorrect_declare_done,0.01651113689877093,4,1,1,0,0,0,0,0,4
195,2227,access_vlan:SW1:eth1:20+access_vlan:SW1:eth2:10+access_vlan:SW2:eth1:20+access_vlan:SW2:eth2:10+trunk_remove:SW1:eth3:20+trunk_remove:SW2:eth3:10,2113,2115,0.899585,-10.850000000000001,2,True,False,True,False,False,incorrect_declare_done,0.01702128490433097,2,1,0,0,1,1,1,0,3
196,2228,access_vlan:SW1:eth2:10+access_vlan:SW2:eth1:20,2115,2145,0.89816,-15.450000000000008,30,True,False,False,True,False,step_limit,0.013948570471256971,30,22,7,0,15,6,13,0,3
197,2229,access_vlan:SW1:eth2:10+access_vlan:SW2:eth1:20+trunk_remove:SW1:eth3:10+trunk_remove:SW1:eth3:20,2145,2165,0.89721,-18.1,20,True,False,True,False,False,incorrect_declare_done,0.01391360480338335,20,16,1,0,5,3,5,0,3
198,2230,access_vlan:SW1:eth1:20+access_vlan:SW1:eth2:10+access_vlan:SW2:eth1:20+trunk_remove:SW1:eth3:20,2165,2172,0.8968775,-12.350000000000001,7,True,False,True,False,False,incorrect_declare_done,0.013398560562304087,7,4,0,0,1,1,1,0,3
199,2231,access_vlan:SW1:eth1:20+access_vlan:SW1:eth2:10+access_vlan:SW2:eth1:20+trunk_remove:SW1:eth3:10,2172,2182,0.8964025,-15.100000000000001,10,True,False,True,False,False,incorrect_declare_done,0.012808161973953246,10,7,1,0,5,5,3,0,3
200,2232,access_vlan:SW1:eth1:20+access_vlan:SW2:eth2:10+trunk_remove:SW1:eth3:20+trunk_remove:SW2:eth3:20,2182,2186,0.8962125,-10.8,4,True,False,True,False,False,incorrect_declare_done,0.009669570135883987,4,2,1,0,0,0,0,0,3
201,2233,trunk_remove:SW1:eth3:10+trunk_remove:SW2:eth3:10,2186,2190,0.8960224999999999,-11.3,4,True,False,True,False,False,incorrect_declare_done,0.014011282473802567,4,1,1,0,1,1,1,0,1
202,2234,access_vlan:SW2:eth1:20+access_vlan:SW2:eth2:10+trunk_remove:SW1:eth3:10+trunk_remove:SW1:eth3:20,2190,2197,0.89569,-13.200000000000001,7,True,False,True,False,False,incorrect_declare_done,0.012206452632589,7,4,1,0,3,2,3,0,3
203,2235,access_vlan:SW1:eth1:20+access_vlan:SW1:eth2:10+trunk_remove:SW1:eth3:20,2197,2209,0.89512,-16.55,12,True,False,True,False,False,incorrect_declare_done,0.06350840566058953,12,9,2,0,7,6,5,0,4
204,2236,access_vlan:SW2:eth1:20+access_vlan:SW2:eth2:10+trunk_remove:SW2:eth3:20,2209,2229,0.89417,-19.800000000000004,20,True,False,True,False,False,incorrect_declare_done,0.014656402077525854,20,11,3,0,9,4,9,0,3
205,2237,access_vlan:SW1:eth2:10+access_vlan:SW2:eth2:10+trunk_remove:SW1:eth3:10,2229,2232,0.8940275,-10.5,3,True,False,True,False,False,incorrect_declare_done,0.016221335778633755,3,1,1,0,0,0,0,0,3
206,2238,access_vlan:SW1:eth1:20+access_vlan:SW1:eth2:10+access_vlan:SW2:eth1:20+trunk_remove:SW1:eth3:10+trunk_remove:SW2:eth3:20,2232,2238,0.8937425,-12.05,6,True,False,True,False,False,incorrect_declare_done,0.014472711365669966,6,5,0,0,1,1,1,0,3
207,2239,access_vlan:SW1:eth2:10+trunk_remove:SW1:eth3:10+trunk_remove:SW1:eth3:20+trunk_remove:SW2:eth3:10+trunk_remove:SW2:eth3:20,2238,2241,0.8936,-11.15,3,True,False,True,False,False,incorrect_declare_done,0.013635670455793539,3,1,0,0,1,1,1,0,3
208,2240,access_vlan:SW1:eth1:20+access_vlan:SW1:eth2:10+access_vlan:SW2:eth2:10+trunk_remove:SW1:eth3:20,2241,2246,0.8933625000000001,-12.75,5,True,False,True,False,False,incorrect_declare_done,0.0124600974842906,5,4,0,0,3,3,3,0,3
209,2241,access_vlan:SW1:eth1:20+access_vlan:SW1:eth2:10+access_vlan:SW2:eth1:20+access_vlan:SW2:eth2:10+trunk_remove:SW2:eth3:10+trunk_remove:SW2:eth3:20,2246,2252,0.8930775,-13.05,6,True,False,True,False,False,incorrect_declare_done,0.015055556005487839,6,5,0,0,3,3,2,0,4
210,2242,access_vlan:SW1:eth1:20+trunk_remove:SW1:eth3:20,2252,2259,0.892745,-13.350000000000001,7,True,False,True,False,False,incorrect_declare_done,0.01223194452800921,7,6,0,0,3,3,3,0,3
211,2243,access_vlan:SW1:eth1:20+access_vlan:SW1:eth2:10+trunk_remove:SW2:eth3:10+trunk_remove:SW2:eth3:20,2259,2278,0.8918425,-20.000000000000004,19,True,False,True,False,False,incorrect_declare_done,0.010486555971989506,19,14,3,0,10,5,8,0,3
212,2244,access_vlan:SW1:eth1:20+access_vlan:SW2:eth1:20+access_vlan:SW2:eth2:10+trunk_remove:SW1:eth3:20+trunk_remove:SW2:eth3:10+trunk_remove:SW2:eth3:20,2278,2294,0.8910825,-18.4,16,True,False,True,False,False,incorrect_declare_done,0.0486334171728231,16,12,1,0,8,5,8,0,4
213,2245,access_vlan:SW2:eth1:20+trunk_remove:SW1:eth3:10+trunk_remove:SW1:eth3:20,2294,2307,0.8904650000000001,-15.05,13,True,False,True,False,False,incorrect_declare_done,0.010271324597012538,13,6,4,0,4,3,4,0,3
214,2246,access_vlan:SW1:eth1:20+access_vlan:SW1:eth2:10+trunk_remove:SW1:eth3:20+trunk_remove:SW2:eth3:10+trunk_remove:SW2:eth3:20,2307,2310,0.8903225,-11.65,3,True,False,True,False,False,incorrect_declare_done,0.013215424492955208,3,2,0,0,2,2,2,0,3
215,2247,access_vlan:SW2:eth1:20+trunk_remove:SW2:eth3:20,2310,2312,0.8902275,-10.850000000000001,2,True,False,True,False,False,incorrect_declare_done,0.0136079047806561,2,1,0,0,1,1,1,0,3
216,2248,trunk_remove:SW1:eth3:20+trunk_remove:SW2:eth3:10+trunk_remove:SW2:eth3:20,2312,2333,0.88923,-19.3,21,True,False,True,False,False,incorrect_declare_done,0.010406021871382282,21,13,5,0,8,3,7,0,2
217,2249,access_vlan:SW1:eth1:20+trunk_remove:SW1:eth3:10+trunk_remove:SW1:eth3:20+trunk_remove:SW2:eth3:10+trunk_remove:SW2:eth3:20,2333,2353,0.88828,-18.450000000000003,20,True,False,True,False,False,incorrect_declare_done,0.02659486043266952,20,16,2,0,6,2,6,0,4
218,2250,access_vlan:SW1:eth1:20+access_vlan:SW1:eth2:10+access_vlan:SW2:eth1:20+trunk_remove:SW1:eth3:20+trunk_remove:SW2:eth3:10+trunk_remove:SW2:eth3:20,2353,2376,0.8871875,-18.9,23,True,False,True,False,False,incorrect_declare_done,0.038083955017930785,23,17,5,0,6,2,6,0,3
219,2251,access_vlan:SW1:eth1:20+access_vlan:SW1:eth2:10+trunk_remove:SW1:eth3:20,2376,2404,0.8858575,-22.050000000000004,28,True,False,True,False,False,incorrect_declare_done,0.01285109530934798,28,22,4,0,9,4,9,0,4
220,2252,access_vlan:SW1:eth1:20+access_vlan:SW2:eth1:20+trunk_remove:SW2:eth3:10,2404,2410,0.8855725,-14.55,6,True,False,True,False,False,incorrect_declare_done,0.01055303355678916,6,5,0,0,6,4,4,0,4
221,2253,access_vlan:SW1:eth1:20+access_vlan:SW1:eth2:10+access_vlan:SW2:eth1:20+access_vlan:SW2:eth2:10+trunk_remove:SW1:eth3:10+trunk_remove:SW1:eth3:20+trunk_remove:SW2:eth3:10,2410,2418,0.8851925,-13.15,8,True,False,True,False,False,incorrect_declare_done,0.011580917751416564,8,7,0,0,2,2,2,0,4
222,2254,access_vlan:SW1:eth1:20+access_vlan:SW1:eth2:10+access_vlan:SW2:eth2:10+trunk_remove:SW1:eth3:10+trunk_remove:SW1:eth3:20,2418,2448,0.8837675,-12.150000000000006,30,True,False,False,True,False,step_limit,0.021751749174048502,30,20,9,0,9,5,8,1,0
223,2255,access_vlan:SW1:eth1:20+access_vlan:SW1:eth2:10+trunk_remove:SW1:eth3:10+trunk_remove:SW1:eth3:20+trunk_remove:SW2:eth3:20,2448,2478,0.8823425,-12.400000000000007,30,True,False,False,True,False,step_limit,0.01042512118195494,30,24,4,0,8,2,8,0,3
224,2256,access_vlan:SW1:eth2:10+trunk_remove:SW1:eth3:10+trunk_remove:SW2:eth3:10,2478,2484,0.8820575,-11.100000000000001,6,True,False,True,False,False,incorrect_declare_done,0.009792433430751165,6,2,3,0,0,0,0,0,2
225,2257,access_vlan:SW1:eth2:10+access_vlan:SW2:eth2:10+trunk_remove:SW2:eth3:10,2484,2487,0.881915,-10.65,3,True,False,True,False,False,incorrect_declare_done,0.11307493317872286,3,1,0,0,0,0,0,0,4
226,2258,access_vlan:SW1:eth1:20+trunk_remove:SW1:eth3:20+trunk_remove:SW2:eth3:20,2487,2489,0.88182,-10.200000000000001,2,True,False,True,False,False,incorrect_declare_done,0.013802920933812857,2,0,1,0,0,0,0,0,3
227,2259,access_vlan:SW1:eth1:20+access_vlan:SW1:eth2:10+access_vlan:SW2:eth1:20+trunk_remove:SW1:eth3:10+trunk_remove:SW1:eth3:20,2489,2495,0.881535,-12.900000000000002,6,True,False,True,False,False,incorrect_declare_done,0.01169604699437817,6,4,1,0,3,2,3,0,3
228,2260,access_vlan:SW2:eth1:20+trunk_remove:SW1:eth3:10+trunk_remove:SW1:eth3:20+trunk_remove:SW2:eth3:10,2495,2500,0.8812975,-11.100000000000001,5,True,False,True,False,False,incorrect_declare_done,0.012355225533246994,5,3,1,0,0,0,0,0,1
229,2261,access_vlan:SW1:eth1:20+access_vlan:SW1:eth2:10+access_vlan:SW2:eth1:20+access_vlan:SW2:eth2:10+trunk_remove:SW2:eth3:10+trunk_remove:SW2:eth3:20,2500,2503,0.881155,-10.5,3,True,False,True,False,False,incorrect_declare_done,0.01358793800075849,3,1,1,0,0,0,0,0,2
230,2262,access_vlan:SW1:eth2:10+trunk_remove:SW1:eth3:10+trunk_remove:SW1:eth3:20+trunk_remove:SW2:eth3:10,2503,2518,0.8804425,-14.95,15,True,False,True,False,False,incorrect_declare_done,0.012844077001015345,15,9,2,0,2,2,2,0,1
231,2263,access_vlan:SW1:eth1:20+access_vlan:SW2:eth1:20+trunk_remove:SW2:eth3:10+trunk_remove:SW2:eth3:20,2518,2519,0.880395,-10.05,1,True,False,True,False,False,incorrect_declare_done,0.012601030990481377,1,0,0,0,0,0,0,0,4
232,2264,access_vlan:SW1:eth1:20+access_vlan:SW2:eth1:20+access_vlan:SW2:eth2:10+trunk_remove:SW2:eth3:20,2519,2539,0.879445,-18.95,20,True,False,True,False,False,incorrect_declare_done,0.013031483674421907,20,15,2,0,7,5,6,0,2
233,2265,access_vlan:SW2:eth2:10+trunk_remove:SW1:eth3:10+trunk_remove:SW2:eth3:10,2539,2546,0.8791125,-12.350000000000001,7,True,False,True,False,False,incorrect_declare_done,0.010656176800174373,7,5,0,0,1,1,1,0,3
234,2266,access_vlan:SW1:eth1:20+access_vlan:SW1:eth2:10+access_vlan:SW2:eth1:20+access_vlan:SW2:eth2:10+trunk_remove:SW2:eth3:10,2546,2552,0.8788275,-12.4,6,True,False,True,False,False,incorrect_declare_done,0.01104386756196618,6,4,1,0,2,2,1,0,3
235,2267,access_vlan:SW2:eth1:20+access_vlan:SW2:eth2:10+trunk_remove:SW1:eth3:20+trunk_remove:SW2:eth3:10,2552,2582,0.8774025,-14.70000000000001,30,True,False,False,True,False,step_limit,0.03134800087039669,30,27,2,0,12,6,10,0,3
236,2268,access_vlan:SW1:eth1:20+access_vlan:SW2:eth2:10+trunk_remove:SW1:eth3:20+trunk_remove:SW2:eth3:10,2582,2612,0.8759775,-12.250000000000004,30,True,False,False,True,False,step_limit,0.031214738544076682,30,21,5,0,8,4,8,0,3
237,2269,access_vlan:SW1:eth2:10+access_vlan:SW2:eth1:20+access_vlan:SW2:eth2:10+trunk_remove:SW2:eth3:10,2612,2621,0.87555,-14.150000000000002,9,True,False,True,False,False,incorrect_declare_done,0.011663847809864415,9,6,2,0,4,3,3,1,3
238,2270,access_vlan:SW1:eth1:20,2621,2623,0.875455,-10.850000000000001,2,True,False,True,False,False,incorrect_declare_done,0.008865220472216606,2,1,0,0,1,1,1,0,3
239,2271,trunk_remove:SW1:eth3:10+trunk_remove:SW1:eth3:20+trunk_remove:SW2:eth3:10,2623,2632,0.8750275,-12.5,9,True,False,True,False,False,incorrect_declare_done,0.010692844684753153,9,5,3,0,1,1,1,0,2
240,2272,access_vlan:SW1:eth1:20+access_vlan:SW1:eth2:10+access_vlan:SW2:eth1:20+trunk_remove:SW2:eth3:20,2632,2637,0.87479,-12.25,5,True,False,True,False,False,incorrect_declare_done,0.009615979716181755,5,3,0,0,2,2,2,0,3
241,2273,trunk_remove:SW2:eth3:20,2637,2641,0.8746,-11.8,4,True,False,True,False,False,incorrect_declare_done,0.010068973992019892,4,2,1,0,2,2,1,0,3
242,2274,access_vlan:SW1:eth1:20+trunk_remove:SW2:eth3:20,2641,2650,0.8741725,-13.65,9,True,False,True,False,False,incorrect_declare_done,0.010091074638896518,9,5,2,0,3,2,3,0,2
243,2275,access_vlan:SW1:eth1:20+access_vlan:SW2:eth1:20,2650,2655,0.873935,-12.450000000000001,5,True,False,True,False,False,incorrect_declare_done,0.009191789478063584,5,1,2,0,3,3,2,0,4
244,2276,access_vlan:SW2:eth1:20+trunk_remove:SW1:eth3:20+trunk_remove:SW2:eth3:10,2655,2663,0.873555,-13.65,8,True,False,True,False,False,incorrect_declare_done,0.010533376247622073,8,7,0,0,3,3,3,0,4
245,2277,trunk_remove:SW2:eth3:10,2663,2676,0.8729375,-16.5,13,True,False,True,False,False,incorrect_declare_done,0.011456636282113882,13,9,1,0,6,6,4,0,4
246,2278,access_vlan:SW1:eth2:10+access_vlan:SW2:eth1:20+trunk_remove:SW1:eth3:10+trunk_remove:SW1:eth3:20,2676,2697,0.8719399999999999,-17.25,21,True,False,True,False,False,incorrect_declare_done,0.024885617063513825,21,16,2,0,3,2,3,0,3
247,2279,access_vlan:SW1:eth1:20+access_vlan:SW2:eth1:20,2697,2706,0.8715125,-13.8,9,True,False,True,False,False,incorrect_declare_done,0.04560982922299041,9,6,1,0,3,3,2,0,3
248,2280,access_vlan:SW1:eth1:20+access_vlan:SW1:eth2:10+access_vlan:SW2:eth2:10+trunk_remove:SW1:eth3:10+trunk_remove:SW1:eth3:20,2706,2723,0.8707050000000001,-16.9,17,True,False,True,False,False,incorrect_declare_done,0.02764504572705311,17,12,3,0,5,4,5,0,3
249,2281,access_vlan:SW2:eth2:10,2723,2725,0.87061,9.649999999999999,2,True,False,True,False,True,recovery_success,0.010133225936442614,2,1,0,0,0,0,0,0,0
250,2282,access_vlan:SW2:eth2:10+trunk_remove:SW1:eth3:10+trunk_remove:SW2:eth3:20,2725,2749,0.86947,-22.000000000000007,24,True,False,True,False,False,incorrect_declare_done,0.022335858666338027,24,17,3,0,11,4,11,0,4
251,2283,access_vlan:SW1:eth1:20+access_vlan:SW1:eth2:10+access_vlan:SW2:eth2:10+trunk_remove:SW1:eth3:20,2749,2750,0.8694225,-10.05,1,True,False,True,False,False,incorrect_declare_done,0.008722537197172642,1,0,0,0,0,0,0,0,3
252,2284,access_vlan:SW1:eth1:20+access_vlan:SW1:eth2:10+access_vlan:SW2:eth2:10+trunk_remove:SW1:eth3:20,2750,2761,0.8689,-16.25,11,True,False,True,False,False,incorrect_declare_done,0.06694295608692548,11,7,2,0,7,5,5,0,4
253,2285,access_vlan:SW1:eth1:20+access_vlan:SW1:eth2:10+access_vlan:SW2:eth1:20+trunk_remove:SW1:eth3:10,2761,2765,0.86871,-11.450000000000001,4,True,False,True,False,False,incorrect_declare_done,0.01130442414432764,4,3,0,0,1,1,1,0,3
254,2286,access_vlan:SW1:eth2:10+access_vlan:SW2:eth1:20+access_vlan:SW2:eth2:10+trunk_remove:SW1:eth3:10+trunk_remove:SW1:eth3:20+trunk_remove:SW2:eth3:10,2765,2778,0.8680925,-13.75,13,True,False,True,False,False,incorrect_declare_done,0.011991010763897346,13,5,6,0,2,1,2,0,3
255,2287,access_vlan:SW2:eth1:20+access_vlan:SW2:eth2:10+trunk_remove:SW1:eth3:10+trunk_remove:SW1:eth3:20+trunk_remove:SW2:eth3:20,2778,2784,0.8678075000000001,-11.75,6,True,False,True,False,False,incorrect_declare_done,0.011273611647387346,6,3,2,0,1,1,1,0,3
256,2288,trunk_remove:SW1:eth3:10+trunk_remove:SW2:eth3:10,2784,2787,0.867665,-11.5,3,True,False,True,False,False,incorrect_declare_done,0.010733607535560926,3,1,1,0,2,2,1,0,3
257,2289,access_vlan:SW1:eth1:20+access_vlan:SW1:eth2:10+access_vlan:SW2:eth2:10+trunk_remove:SW1:eth3:20+trunk_remove:SW2:eth3:10,2787,2806,0.8667625,-19.300000000000004,19,True,False,True,False,False,incorrect_declare_done,0.04397662229051715,19,16,1,0,8,5,6,0,4
258,2290,access_vlan:SW1:eth1:20+access_vlan:SW2:eth1:20+access_vlan:SW2:eth2:10+trunk_remove:SW1:eth3:20+trunk_remove:SW2:eth3:20,2806,2814,0.8663825,-11.850000000000001,8,True,False,True,False,False,incorrect_declare_done,0.009630292013753206,8,5,2,0,0,0,0,0,3
259,2291,access_vlan:SW1:eth1:20+access_vlan:SW1:eth2:10+access_vlan:SW2:eth2:10+trunk_remove:SW1:eth3:10,2814,2820,0.8660975,-12.05,6,True,False,True,False,False,incorrect_declare_done,0.05758680566214025,6,5,0,0,1,1,1,0,3
260,2292,access_vlan:SW1:eth2:10+access_vlan:SW2:eth1:20+trunk_remove:SW1:eth3:10+trunk_remove:SW2:eth3:10,2820,2823,0.865955,-10.350000000000001,3,True,False,True,False,False,incorrect_declare_done,0.0070721120573580265,3,0,2,0,0,0,0,0,4
261,2293,access_vlan:SW1:eth1:20+access_vlan:SW2:eth1:20+trunk_remove:SW1:eth3:10+trunk_remove:SW2:eth3:10+trunk_remove:SW2:eth3:20,2823,2850,0.8646725,-22.750000000000007,27,True,False,True,False,False,incorrect_declare_done,0.04454953625315317,27,20,4,0,11,5,9,0,3
262,2294,access_vlan:SW2:eth1:20+access_vlan:SW2:eth2:10+trunk_remove:SW2:eth3:20,2850,2866,0.8639125000000001,-16.25,16,True,False,True,False,False,incorrect_declare_done,0.01185980558511801,16,12,2,0,4,4,4,0,3
263,2295,access_vlan:SW1:eth1:20+access_vlan:SW2:eth1:20+trunk_remove:SW1:eth3:10+trunk_remove:SW1:eth3:20+trunk_remove:SW2:eth3:20,2866,2867,0.863865,-10.05,1,True,False,True,False,False,incorrect_declare_done,0.008382213301956654,1,0,0,0,0,0,0,0,4
264,2296,access_vlan:SW1:eth1:20+access_vlan:SW1:eth2:10+access_vlan:SW2:eth2:10+trunk_remove:SW1:eth3:20,2867,2871,0.863675,-13.450000000000001,4,True,False,True,False,False,incorrect_declare_done,0.011121390387415886,4,2,0,0,5,3,3,0,4
265,2297,access_vlan:SW1:eth1:20+access_vlan:SW1:eth2:10+access_vlan:SW2:eth1:20+access_vlan:SW2:eth2:10+trunk_remove:SW1:eth3:20+trunk_remove:SW2:eth3:20,2871,2878,0.8633425,-14.700000000000001,7,True,False,True,False,False,incorrect_declare_done,0.010673533925520522,7,5,1,0,6,6,3,0,4
266,2298,access_vlan:SW1:eth1:20+access_vlan:SW1:eth2:10+access_vlan:SW2:eth1:20+trunk_remove:SW1:eth3:10+trunk_remove:SW1:eth3:20,2878,2882,0.8631525,-11.450000000000001,4,True,False,True,False,False,incorrect_declare_done,0.010134440381079912,4,3,0,0,1,1,1,0,4
267,2299,access_vlan:SW1:eth2:10+trunk_remove:SW1:eth3:10+trunk_remove:SW2:eth3:10+trunk_remove:SW2:eth3:20,2882,2883,0.863105,-10.05,1,True,False,True,False,False,incorrect_declare_done,0.006782970391213894,1,0,0,0,0,0,0,0,3
268,2300,access_vlan:SW2:eth1:20+access_vlan:SW2:eth2:10+trunk_remove:SW1:eth3:10+trunk_remove:SW2:eth3:20,2883,2885,0.86301,-10.850000000000001,2,True,False,True,False,False,incorrect_declare_done,0.013356093782931566,2,1,0,0,1,1,1,0,3
269,2301,access_vlan:SW1:eth1:20+trunk_remove:SW1:eth3:10+trunk_remove:SW2:eth3:10,2885,2894,0.8625825,-14.8,9,True,False,True,False,False,incorrect_declare_done,0.008803608568592204,9,7,1,0,5,5,4,0,4
270,2302,access_vlan:SW1:eth2:10+access_vlan:SW2:eth2:10+trunk_remove:SW2:eth3:10+trunk_remove:SW2:eth3:20,2894,2897,0.86244,-10.5,3,True,False,True,False,False,incorrect_declare_done,0.014824607409536839,3,1,1,0,0,0,0,0,3
271,2303,access_vlan:SW2:eth2:10+trunk_remove:SW2:eth3:10,2897,2898,0.8623925,-10.05,1,True,False,True,False,False,incorrect_declare_done,0.015656888484954834,1,0,0,0,0,0,0,0,3
272,2304,trunk_remove:SW2:eth3:10+trunk_remove:SW2:eth3:20,2898,2923,0.861205,-22.000000000000007,25,True,False,True,False,False,incorrect_declare_done,0.0220136577822268,25,17,5,0,11,6,6,2,3
273,2305,access_vlan:SW1:eth1:20+access_vlan:SW1:eth2:10+trunk_remove:SW1:eth3:20+trunk_remove:SW2:eth3:10+trunk_remove:SW2:eth3:20,2923,2928,0.8609675,-12.25,5,True,False,True,False,False,incorrect_declare_done,0.009797759167850018,5,4,0,0,2,2,2,0,3
274,2306,access_vlan:SW2:eth1:20+trunk_remove:SW1:eth3:10+trunk_remove:SW1:eth3:20,2928,2942,0.8603025,-15.15,14,True,False,True,False,False,incorrect_declare_done,0.008638535759278707,14,9,2,0,3,2,3,0,2
275,2307,access_vlan:SW1:eth1:20+access_vlan:SW2:eth1:20+access_vlan:SW2:eth2:10+trunk_remove:SW1:eth3:10+trunk_remove:SW2:eth3:10+trunk_remove:SW2:eth3:20,2942,2944,0.8602075,-10.350000000000001,2,True,False,True,False,False,incorrect_declare_done,0.012127608992159367,2,1,0,0,0,0,0,0,2
276,2308,access_vlan:SW2:eth2:10+trunk_remove:SW1:eth3:10+trunk_remove:SW1:eth3:20,2944,2947,0.8600650000000001,-11.0,3,True,False,True,False,False,incorrect_declare_done,0.1108609192694227,3,1,1,0,1,1,1,0,4
277,2309,access_vlan:SW1:eth1:20+access_vlan:SW2:eth2:10+trunk_remove:SW1:eth3:10+trunk_remove:SW1:eth3:20,2947,2952,0.8598275,-11.25,5,True,False,True,False,False,incorrect_declare_done,0.009955739602446556,5,4,0,0,0,0,0,0,4
278,2310,access_vlan:SW1:eth1:20+access_vlan:SW1:eth2:10+access_vlan:SW2:eth2:10+trunk_remove:SW1:eth3:10+trunk_remove:SW1:eth3:20+trunk_remove:SW2:eth3:10,2952,2958,0.8595425,-11.9,6,True,False,True,False,False,incorrect_declare_done,0.012751768964032332,6,4,1,0,1,1,1,0,3
279,2311,access_vlan:SW2:eth2:10+trunk_remove:SW1:eth3:10,2958,2974,0.8587825,-19.550000000000004,16,True,False,True,False,False,incorrect_declare_done,0.06600996572524309,16,13,0,0,10,4,8,0,3
280,2312,access_vlan:SW1:eth1:20+access_vlan:SW2:eth1:20+access_vlan:SW2:eth2:10+trunk_remove:SW2:eth3:10,2974,2999,0.857595,-21.200000000000006,25,True,False,True,False,False,incorrect_declare_done,0.02238708473742008,25,17,7,0,10,5,8,0,3
281,2313,access_vlan:SW2:eth1:20+access_vlan:SW2:eth2:10+trunk_remove:SW1:eth3:20,2999,3016,0.8567875,-17.25,17,True,False,True,False,False,incorrect_declare_done,0.030252413659849587,17,11,4,0,6,5,5,0,3
282,2314,access_vlan:SW1:eth1:20+trunk_remove:SW2:eth3:10,3016,3034,0.8559325,-18.5,18,True,False,True,False,False,incorrect_declare_done,0.026666565203211375,18,14,1,0,7,5,5,0,3
283,2315,access_vlan:SW1:eth1:20+access_vlan:SW2:eth2:10+trunk_remove:SW1:eth3:10+trunk_remove:SW2:eth3:10,3034,3036,0.8558375,-10.350000000000001,2,True,False,True,False,False,incorrect_declare_done,0.00774881849065423,2,1,0,0,0,0,0,0,4
284,2316,access_vlan:SW1:eth1:20+access_vlan:SW2:eth1:20+trunk_remove:SW1:eth3:20+trunk_remove:SW2:eth3:10,3036,3060,0.8546975,-20.0,24,True,False,True,False,False,incorrect_declare_done,0.035411657144625984,24,19,3,0,7,5,5,0,4
285,2317,access_vlan:SW2:eth2:10,3060,3079,0.853795,-22.650000000000006,19,True,False,True,False,False,incorrect_declare_done,0.02783047189739974,19,15,2,0,15,6,10,0,3
286,2318,access_vlan:SW2:eth1:20+trunk_remove:SW1:eth3:10+trunk_remove:SW1:eth3:20+trunk_remove:SW2:eth3:10,3079,3081,0.8537,-10.350000000000001,2,True,False,True,False,False,incorrect_declare_done,0.01263826945796609,2,1,0,0,0,0,0,0,3
287,2319,access_vlan:SW2:eth1:20+access_vlan:SW2:eth2:10+trunk_remove:SW1:eth3:10+trunk_remove:SW1:eth3:20+trunk_remove:SW2:eth3:20,3081,3087,0.853415,-11.75,6,True,False,True,False,False,incorrect_declare_done,0.0113679855906715,6,3,2,0,1,1,1,0,3
288,2320,access_vlan:SW1:eth1:20+access_vlan:SW2:eth1:20+access_vlan:SW2:eth2:10+trunk_remove:SW1:eth3:20,3087,3088,0.8533675000000001,-10.05,1,True,False,True,False,False,incorrect_declare_done,0.007152597885578871,1,0,0,0,0,0,0,0,3
289,2321,access_vlan:SW1:eth2:10+trunk_remove:SW1:eth3:10+trunk_remove:SW2:eth3:10+trunk_remove:SW2:eth3:20,3088,3090,0.8532725,-10.350000000000001,2,True,False,True,False,False,incorrect_declare_done,0.01195649104192853,2,1,0,0,0,0,0,0,3
290,2322,access_vlan:SW1:eth1:20+access_vlan:SW2:eth1:20+access_vlan:SW2:eth2:10+trunk_remove:SW1:eth3:10+trunk_remove:SW1:eth3:20+trunk_remove:SW2:eth3:20,3090,3092,0.8531775,-10.350000000000001,2,True,False,True,False,False,incorrect_declare_done,0.012854224070906639,2,1,0,0,0,0,0,0,3
291,2323,access_vlan:SW1:eth2:10+access_vlan:SW2:eth2:10+trunk_remove:SW1:eth3:10+trunk_remove:SW2:eth3:10+trunk_remove:SW2:eth3:20,3092,3095,0.853035,-10.65,3,True,False,True,False,False,incorrect_declare_done,0.009759621849904457,3,2,0,0,0,0,0,0,3
292,2324,access_vlan:SW1:eth1:20+access_vlan:SW2:eth1:20+trunk_remove:SW1:eth3:20+trunk_remove:SW2:eth3:10+trunk_remove:SW2:eth3:20,3095,3109,0.85237,-15.650000000000002,14,True,False,True,False,False,incorrect_declare_done,0.010390495748392172,14,9,2,0,4,2,2,0,3
293,2325,access_vlan:SW1:eth1:20+trunk_remove:SW1:eth3:20,3109,3130,0.8513725,-22.750000000000007,21,True,False,True,False,False,incorrect_declare_done,0.00956475009609546,21,16,2,0,14,6,11,0,4
294,2326,access_vlan:SW2:eth1:20+access_vlan:SW2:eth2:10+trunk_remove:SW1:eth3:10+trunk_remove:SW2:eth3:10,3130,3151,0.850375,-20.0,21,True,False,True,False,False,incorrect_declare_done,0.026822044026283992,21,13,7,0,10,5,7,0,3
295,2327,access_vlan:SW1:eth1:20+trunk_remove:SW2:eth3:10,3151,3167,0.849615,-18.75,16,True,False,True,False,False,incorrect_declare_done,0.015665147395338863,16,11,2,0,9,6,7,0,3
296,2328,access_vlan:SW1:eth2:10+access_vlan:SW2:eth1:20+access_vlan:SW2:eth2:10+trunk_remove:SW2:eth3:10,3167,3179,0.849045,-14.1,12,True,False,True,False,False,incorrect_declare_done,0.03561301987307767,12,6,5,0,3,3,3,0,2
297,2329,access_vlan:SW1:eth1:20+access_vlan:SW1:eth2:10+access_vlan:SW2:eth1:20+trunk_remove:SW1:eth3:10+trunk_remove:SW1:eth3:20,3179,3199,0.848095,-19.800000000000004,20,True,False,True,False,False,incorrect_declare_done,0.009886441216804088,20,15,3,0,9,5,9,0,3
298,2330,access_vlan:SW2:eth1:20+trunk_remove:SW1:eth3:10,3199,3204,0.8478575,-13.25,5,True,False,True,False,False,incorrect_declare_done,0.06968072596937418,5,3,0,0,4,2,4,0,3
299,2331,access_vlan:SW1:eth1:20+access_vlan:SW1:eth2:10+access_vlan:SW2:eth2:10+trunk_remove:SW1:eth3:10,3204,3208,0.8476675,-11.450000000000001,4,True,False,True,False,False,incorrect_declare_done,0.010767129017040133,4,3,0,0,1,1,1,0,1
300,2332,access_vlan:SW1:eth2:10,3208,3237,0.84629,-20.200000000000003,29,True,False,True,False,False,incorrect_declare_done,0.04203053225024507,29,22,5,0,5,3,5,0,2
301,2333,access_vlan:SW1:eth2:10+access_vlan:SW2:eth1:20+access_vlan:SW2:eth2:10+trunk_remove:SW2:eth3:10+trunk_remove:SW2:eth3:20,3237,3262,0.8451025,-24.500000000000007,25,True,False,True,False,False,incorrect_declare_done,0.03332904126495123,25,16,5,0,16,6,8,4,3
302,2334,trunk_remove:SW2:eth3:10+trunk_remove:SW2:eth3:20,3262,3264,0.8450075,-10.200000000000001,2,True,False,True,False,False,incorrect_declare_done,0.008389442693442106,2,0,1,0,0,0,0,0,2
303,2335,access_vlan:SW1:eth2:10+access_vlan:SW2:eth1:20+trunk_remove:SW1:eth3:10+trunk_remove:SW2:eth3:10,3264,3272,0.8446275,-11.700000000000001,8,True,False,True,False,False,incorrect_declare_done,0.007891575922258198,8,4,3,0,0,0,0,0,3
304,2336,access_vlan:SW1:eth1:20+access_vlan:SW1:eth2:10+trunk_remove:SW1:eth3:10+trunk_remove:SW1:eth3:20+trunk_remove:SW2:eth3:20,3272,3282,0.8441525,-13.6,10,True,False,True,False,False,incorrect_declare_done,0.008064861362800001,10,7,1,0,2,2,2,0,3
305,2337,access_vlan:SW2:eth1:20+access_vlan:SW2:eth2:10+trunk_remove:SW1:eth3:10+trunk_remove:SW1:eth3:20+trunk_remove:SW2:eth3:10+trunk_remove:SW2:eth3:20,3282,3286,0.8439625,-11.950000000000001,4,True,False,True,False,False,incorrect_declare_done,0.007099880720488727,4,3,0,0,2,2,2,0,4
306,2338,access_vlan:SW1:eth1:20+access_vlan:SW1:eth2:10+trunk_remove:SW1:eth3:10,3286,3294,0.8435825,-13.15,8,True,False,True,False,False,incorrect_declare_done,0.008456427312921733,8,7,0,0,2,2,2,0,4
307,2339,access_vlan:SW1:eth2:10+access_vlan:SW2:eth2:10+trunk_remove:SW1:eth3:20,3294,3309,0.84287,-16.3,15,True,False,True,False,False,incorrect_declare_done,0.02963568673779567,15,11,3,0,5,4,5,0,3
308,2340,access_vlan:SW1:eth2:10+access_vlan:SW2:eth1:20+access_vlan:SW2:eth2:10+trunk_remove:SW2:eth3:10+trunk_remove:SW2:eth3:20,3309,3311,0.842775,-10.200000000000001,2,True,False,True,False,False,incorrect_declare_done,0.0077462089248001575,2,0,1,0,0,0,0,0,3
309,2341,trunk_remove:SW1:eth3:20+trunk_remove:SW2:eth3:10,3311,3327,0.842015,-17.25,16,True,False,True,False,False,incorrect_declare_done,0.008632632467197254,16,11,2,0,6,5,5,0,2
310,2342,access_vlan:SW1:eth2:10+access_vlan:SW2:eth2:10+trunk_remove:SW1:eth3:10+trunk_remove:SW1:eth3:20+trunk_remove:SW2:eth3:10+trunk_remove:SW2:eth3:20,3327,3354,0.8407325,-20.000000000000004,27,True,False,True,False,False,incorrect_declare_done,0.042366814627139655,27,16,9,0,7,5,6,0,2
311,2343,access_vlan:SW1:eth1:20+trunk_remove:SW1:eth3:10+trunk_remove:SW1:eth3:20+trunk_remove:SW2:eth3:10,3354,3356,0.8406375,-10.350000000000001,2,True,False,True,False,False,incorrect_declare_done,0.006947334157302976,2,1,0,0,0,0,0,0,3
312,2344,access_vlan:SW1:eth1:20+access_vlan:SW1:eth2:10+access_vlan:SW2:eth1:20+trunk_remove:SW2:eth3:20,3356,3373,0.8398300000000001,-19.05,17,True,False,True,False,False,incorrect_declare_done,0.009350576301050536,17,13,2,0,9,5,8,0,3
313,2345,access_vlan:SW1:eth1:20+access_vlan:SW2:eth1:20+trunk_remove:SW1:eth3:10+trunk_remove:SW1:eth3:20+trunk_remove:SW2:eth3:10+trunk_remove:SW2:eth3:20,3373,3381,0.83945,-12.850000000000001,8,True,False,True,False,False,incorrect_declare_done,0.0094751421129331,8,5,2,0,2,2,2,0,4
314,2346,access_vlan:SW1:eth1:20+access_vlan:SW1:eth2:10+access_vlan:SW2:eth1:20+trunk_remove:SW1:eth3:10+trunk_remove:SW2:eth3:20,3381,3411,0.838025,-15.400000000000006,30,True,False,False,True,False,step_limit,0.008900661262062688,30,23,4,0,14,6,10,0,4
315,2347,access_vlan:SW1:eth2:10+access_vlan:SW2:eth2:10+trunk_remove:SW1:eth3:20+trunk_remove:SW2:eth3:10+trunk_remove:SW2:eth3:20,3411,3418,0.8376925,-12.700000000000001,7,True,False,True,False,False,incorrect_declare_done,0.008917425759136677,7,5,1,0,2,2,1,0,3
316,2348,access_vlan:SW1:eth1:20+access_vlan:SW2:eth1:20+trunk_remove:SW1:eth3:20+trunk_remove:SW2:eth3:10,3418,3420,0.8375975,-10.350000000000001,2,True,False,True,False,False,incorrect_declare_done,0.008848757948726416,2,1,0,0,0,0,0,0,4
317,2349,access_vlan:SW1:eth1:20+access_vlan:SW1:eth2:10+access_vlan:SW2:eth1:20+trunk_remove:SW2:eth3:10+trunk_remove:SW2:eth3:20,3420,3421,0.83755,-10.05,1,True,False,True,False,False,incorrect_declare_done,0.30732640624046326,1,0,0,0,0,0,0,0,3
318,2350,access_vlan:SW1:eth1:20+access_vlan:SW1:eth2:10+access_vlan:SW2:eth2:10+trunk_remove:SW1:eth3:10,3421,3429,0.83717,-11.700000000000001,8,True,False,True,False,False,incorrect_declare_done,0.008849276695400476,8,4,3,0,0,0,0,0,2
319,2351,access_vlan:SW1:eth1:20+access_vlan:SW2:eth1:20+access_vlan:SW2:eth2:10+trunk_remove:SW2:eth3:10,3429,3433,0.8369800000000001,-11.65,4,True,False,True,False,False,incorrect_declare_done,0.008200664189644158,4,1,2,0,2,2,1,0,4
320,2352,access_vlan:SW1:eth1:20+access_vlan:SW2:eth1:20+access_vlan:SW2:eth2:10+trunk_remove:SW1:eth3:10+trunk_remove:SW1:eth3:20+trunk_remove:SW2:eth3:20,3433,3442,0.8365525,-13.95,9,True,False,True,False,False,incorrect_declare_done,0.008468320075836446,9,6,0,0,3,2,3,0,3
321,2353,access_vlan:SW1:eth2:10+trunk_remove:SW1:eth3:20+trunk_remove:SW2:eth3:10+trunk_remove:SW2:eth3:20,3442,3463,0.835555,-21.400000000000006,21,True,False,True,False,False,incorrect_declare_done,0.026455636202756847,21,17,1,0,11,5,8,0,3
322,2354,access_vlan:SW1:eth1:20+access_vlan:SW2:eth1:20+access_vlan:SW2:eth2:10+trunk_remove:SW1:eth3:10+trunk_remove:SW1:eth3:20+trunk_remove:SW2:eth3:10,3463,3483,0.834605,-16.5,20,True,False,True,False,False,incorrect_declare_done,0.010560811054892838,20,12,5,0,3,2,3,0,3
323,2355,access_vlan:SW1:eth2:10+access_vlan:SW2:eth1:20+trunk_remove:SW1:eth3:10,3483,3492,0.8341775,-14.15,9,True,False,True,False,False,incorrect_declare_done,0.00855000141180224,9,5,2,0,4,3,3,0,3
324,2356,access_vlan:SW2:eth1:20+access_vlan:SW2:eth2:10+trunk_remove:SW1:eth3:20,3492,3502,0.8337025,-14.75,10,True,False,True,False,False,incorrect_declare_done,0.010895263869315386,10,9,0,0,4,3,4,0,3
325,2357,access_vlan:SW1:eth2:10+access_vlan:SW2:eth2:10+trunk_remove:SW1:eth3:10+trunk_remove:SW2:eth3:10+trunk_remove:SW2:eth3:20,3502,3506,0.8335125,-11.450000000000001,4,True,False,True,False,False,incorrect_declare_done,0.011979136848822236,4,3,0,0,1,1,1,0,4
326,2358,access_vlan:SW1:eth1:20+access_vlan:SW1:eth2:10+access_vlan:SW2:eth2:10+trunk_remove:SW2:eth3:20,3506,3510,0.8333225,-11.950000000000001,4,True,False,True,False,False,incorrect_declare_done,0.010352712706662714,4,2,0,0,2,2,1,0,4
327,2359,access_vlan:SW1:eth1:20+access_vlan:SW1:eth2:10+access_vlan:SW2:eth2:10+trunk_remove:SW1:eth3:20+trunk_remove:SW2:eth3:10,3510,3540,0.8318975,-11.150000000000004,30,True,False,False,True,False,step_limit,0.01951431481478115,30,21,9,0,7,5,7,0,2
328,2360,access_vlan:SW1:eth2:10+trunk_remove:SW1:eth3:20+trunk_remove:SW2:eth3:20,3540,3543,0.831755,-11.65,3,True,False,True,False,False,incorrect_declare_done,0.00801299357165893,3,2,0,0,2,2,1,0,4
329,2361,access_vlan:SW1:eth2:10+access_vlan:SW2:eth2:10+trunk_remove:SW1:eth3:10+trunk_remove:SW1:eth3:20+trunk_remove:SW2:eth3:20,3543,3570,0.8304725,-21.400000000000006,27,True,False,True,False,False,incorrect_declare_done,0.031189450424992375,27,22,3,0,8,3,8,0,4
330,2362,access_vlan:SW1:eth1:20+access_vlan:SW2:eth2:10+trunk_remove:SW1:eth3:20+trunk_remove:SW2:eth3:10+trunk_remove:SW2:eth3:20,3570,3576,0.8301875000000001,-12.05,6,True,False,True,False,False,incorrect_declare_done,0.008330136304721236,6,5,0,0,1,1,1,0,3
331,2363,access_vlan:SW1:eth1:20+access_vlan:SW2:eth1:20+access_vlan:SW2:eth2:10+trunk_remove:SW1:eth3:10+trunk_remove:SW1:eth3:20+trunk_remove:SW2:eth3:10,3576,3591,0.829475,-14.5,15,True,False,True,False,False,incorrect_declare_done,0.007684499956667423,15,9,5,0,2,2,2,0,3
332,2364,access_vlan:SW1:eth1:20+access_vlan:SW2:eth1:20+trunk_remove:SW1:eth3:20,3591,3598,0.8291425,-12.05,7,True,False,True,False,False,incorrect_declare_done,0.00708313931577972,7,4,2,0,1,1,1,0,3
333,2365,access_vlan:SW1:eth2:10+access_vlan:SW2:eth1:20+access_vlan:SW2:eth2:10+trunk_remove:SW2:eth3:10+trunk_remove:SW2:eth3:20,3598,3602,0.8289525,-10.950000000000001,4,True,False,True,False,False,incorrect_declare_done,0.007957697147503495,4,3,0,0,0,0,0,0,3
334,2366,access_vlan:SW1:eth1:20+access_vlan:SW2:eth1:20+access_vlan:SW2:eth2:10+trunk_remove:SW1:eth3:20+trunk_remove:SW2:eth3:10,3602,3603,0.828905,-10.05,1,True,False,True,False,False,incorrect_declare_done,0.0063261836767196655,1,0,0,0,0,0,0,0,3
335,2367,access_vlan:SW2:eth1:20+trunk_remove:SW1:eth3:10+trunk_remove:SW2:eth3:10+trunk_remove:SW2:eth3:20,3603,3607,0.828715,-11.3,4,True,False,True,False,False,incorrect_declare_done,0.007045683218166232,4,2,1,0,1,1,1,0,4
336,2368,access_vlan:SW1:eth1:20+trunk_remove:SW1:eth3:10+trunk_remove:SW1:eth3:20+trunk_remove:SW2:eth3:10+trunk_remove:SW2:eth3:20,3607,3609,0.82862,-10.350000000000001,2,True,False,True,False,False,incorrect_declare_done,0.005338381743058562,2,1,0,0,0,0,0,0,3
337,2369,access_vlan:SW1:eth1:20+access_vlan:SW2:eth1:20+access_vlan:SW2:eth2:10+trunk_remove:SW1:eth3:20+trunk_remove:SW2:eth3:10+trunk_remove:SW2:eth3:20,3609,3615,0.828335,-12.05,6,True,False,True,False,False,incorrect_declare_done,0.009703854176526269,6,5,0,0,1,1,1,0,3
338,2370,access_vlan:SW1:eth1:20+access_vlan:SW2:eth2:10+trunk_remove:SW1:eth3:20,3615,3635,0.827385,-17.55,20,True,False,True,False,False,incorrect_declare_done,0.023765737866051496,20,10,8,0,6,4,5,0,3
339,2371,access_vlan:SW2:eth1:20+access_vlan:SW2:eth2:10+trunk_remove:SW1:eth3:20+trunk_remove:SW2:eth3:10,3635,3641,0.8271,-12.4,6,True,False,True,False,False,incorrect_declare_done,0.0063659038084248705,6,2,1,0,2,2,2,0,2
340,2372,access_vlan:SW1:eth1:20+access_vlan:SW1:eth2:10+access_vlan:SW2:eth1:20+trunk_remove:SW1:eth3:10,3641,3645,0.82691,-13.450000000000001,4,True,False,True,False,False,incorrect_declare_done,0.008640182903036475,4,3,0,0,5,5,3,0,4
341,2373,access_vlan:SW1:eth1:20+access_vlan:SW2:eth1:20+access_vlan:SW2:eth2:10+trunk_remove:SW2:eth3:10,3645,3675,0.825485,-11.300000000000004,30,True,False,False,True,False,step_limit,0.016867201348456245,30,22,8,0,7,3,7,0,4
342,2374,access_vlan:SW1:eth1:20+trunk_remove:SW1:eth3:10+trunk_remove:SW1:eth3:20+trunk_remove:SW2:eth3:10,3675,3685,0.82501,-14.3,10,True,False,True,False,False,incorrect_declare_done,0.008928913436830044,10,6,3,0,4,4,3,0,4
343,2375,access_vlan:SW1:eth1:20+access_vlan:SW2:eth2:10+trunk_remove:SW1:eth3:10+trunk_remove:SW1:eth3:20,3685,3686,0.8249625,-10.05,1,True,False,True,False,False,incorrect_declare_done,0.007492254953831434,1,0,0,0,0,0,0,0,4
344,2376,access_vlan:SW1:eth1:20+access_vlan:SW2:eth1:20+access_vlan:SW2:eth2:10+trunk_remove:SW1:eth3:20+trunk_remove:SW2:eth3:20,3686,3716,0.8235375,-12.100000000000003,30,True,False,False,True,False,step_limit,0.00726975806367894,30,23,6,0,8,5,6,2,3
345,2377,access_vlan:SW2:eth2:10+trunk_remove:SW1:eth3:10+trunk_remove:SW2:eth3:10+trunk_remove:SW2:eth3:20,3716,3727,0.823015,-14.4,11,True,False,True,False,False,incorrect_declare_done,0.007252584253861146,11,6,1,0,3,3,3,0,3
346,2378,access_vlan:SW1:eth1:20+access_vlan:SW1:eth2:10+trunk_remove:SW1:eth3:10+trunk_remove:SW2:eth3:20,3727,3734,0.8226825,-12.850000000000001,7,True,False,True,False,False,incorrect_declare_done,0.007098124794928091,7,5,0,0,2,2,2,0,3
347,2379,access_vlan:SW1:eth1:20+access_vlan:SW2:eth1:20,3734,3737,0.82254,-11.15,3,True,False,True,False,False,incorrect_declare_done,0.008150070750464996,3,2,0,0,1,1,1,0,3
348,2380,access_vlan:SW1:eth1:20+access_vlan:SW1:eth2:10+access_vlan:SW2:eth2:10+trunk_remove:SW1:eth3:10,3737,3754,0.8217325,-15.450000000000001,17,True,False,True,False,False,incorrect_declare_done,0.04318624467808096,17,10,6,0,3,2,2,0,1
349,2381,access_vlan:SW1:eth2:10+trunk_remove:SW1:eth3:20,3754,3766,0.8211625,-16.9,12,True,False,True,False,False,incorrect_declare_done,0.03263242476775,12,5,3,0,8,5,7,0,3
350,2382,access_vlan:SW1:eth1:20+access_vlan:SW1:eth2:10+access_vlan:SW2:eth1:20+access_vlan:SW2:eth2:10+trunk_remove:SW1:eth3:10,3766,3796,0.8197375,-11.000000000000005,30,True,False,False,True,False,step_limit,0.008313075732439756,30,15,10,0,7,4,6,0,2
351,2383,access_vlan:SW1:eth1:20+access_vlan:SW2:eth1:20+trunk_remove:SW1:eth3:10+trunk_remove:SW1:eth3:20+trunk_remove:SW2:eth3:10,3796,3797,0.81969,-10.05,1,True,False,True,False,False,incorrect_declare_done,0.006077214609831572,1,0,0,0,0,0,0,0,4
352,2384,access_vlan:SW1:eth1:20+access_vlan:SW2:eth1:20+access_vlan:SW2:eth2:10+trunk_remove:SW1:eth3:20+trunk_remove:SW2:eth3:20,3797,3807,0.819215,-12.950000000000001,10,True,False,True,False,False,incorrect_declare_done,0.03841783166863024,10,7,2,0,1,1,1,0,2
353,2385,access_vlan:SW1:eth1:20+access_vlan:SW1:eth2:10+access_vlan:SW2:eth2:10+trunk_remove:SW1:eth3:10+trunk_remove:SW1:eth3:20,3807,3837,0.81779,-13.650000000000007,30,True,False,False,True,False,step_limit,0.02996607228803138,30,17,9,0,12,6,11,0,3
354,2386,access_vlan:SW1:eth2:10+access_vlan:SW2:eth1:20+trunk_remove:SW1:eth3:10+trunk_remove:SW2:eth3:20,3837,3839,0.8176950000000001,-10.200000000000001,2,True,False,True,False,False,incorrect_declare_done,0.008415933698415756,2,0,1,0,0,0,0,0,4
355,2387,access_vlan:SW1:eth1:20+trunk_remove:SW2:eth3:20,3839,3840,0.8176475,-10.05,1,True,False,True,False,False,incorrect_declare_done,0.014381803572177887,1,0,0,0,0,0,0,0,3
356,2388,access_vlan:SW1:eth1:20+access_vlan:SW1:eth2:10+access_vlan:SW2:eth1:20+trunk_remove:SW2:eth3:10+trunk_remove:SW2:eth3:20,3840,3866,0.8164125,-18.6,26,True,False,True,False,False,incorrect_declare_done,0.02027230399947327,26,18,3,0,3,2,3,0,4
357,2389,access_vlan:SW1:eth1:20+access_vlan:SW2:eth2:10+trunk_remove:SW1:eth3:10+trunk_remove:SW1:eth3:20+trunk_remove:SW2:eth3:10,3866,3889,0.81532,-17.25,23,True,False,True,False,False,incorrect_declare_done,0.007106733488161926,23,16,6,0,3,2,3,0,1
358,2390,access_vlan:SW1:eth1:20+access_vlan:SW2:eth1:20+access_vlan:SW2:eth2:10+trunk_remove:SW1:eth3:10+trunk_remove:SW1:eth3:20+trunk_remove:SW2:eth3:10,3889,3895,0.815035,-12.05,6,True,False,True,False,False,incorrect_declare_done,0.05672805057838559,6,5,0,0,1,1,1,0,2
359,2391,access_vlan:SW1:eth1:20,3895,3899,0.814845,-11.65,4,True,False,True,False,False,incorrect_declare_done,0.008694287040270865,4,1,2,0,2,2,1,0,4
360,2392,access_vlan:SW1:eth1:20+access_vlan:SW1:eth2:10+access_vlan:SW2:eth1:20+trunk_remove:SW1:eth3:10+trunk_remove:SW1:eth3:20+trunk_remove:SW2:eth3:20,3899,3905,0.81456,-11.9,6,True,False,True,False,False,incorrect_declare_done,0.05723161203786731,6,3,1,0,1,1,1,0,4
361,2393,access_vlan:SW1:eth2:10+access_vlan:SW2:eth2:10+trunk_remove:SW1:eth3:10,3905,3908,0.8144175,-10.65,3,True,False,True,False,False,incorrect_declare_done,0.00672449404373765,3,2,0,0,0,0,0,0,3
362,2394,access_vlan:SW2:eth1:20+access_vlan:SW2:eth2:10+trunk_remove:SW1:eth3:20,3908,3909,0.81437,-10.05,1,True,False,True,False,False,incorrect_declare_done,0.006635505706071854,1,0,0,0,0,0,0,0,3
363,2395,access_vlan:SW1:eth1:20+trunk_remove:SW1:eth3:10+trunk_remove:SW2:eth3:10+trunk_remove:SW2:eth3:20,3909,3919,0.813895,-14.95,10,True,False,True,False,False,incorrect_declare_done,0.00939662423916161,10,6,2,0,5,3,5,0,3
364,2396,access_vlan:SW1:eth1:20+access_vlan:SW1:eth2:10+access_vlan:SW2:eth2:10+trunk_remove:SW1:eth3:10,3919,3929,0.81342,-13.45,10,True,False,True,False,False,incorrect_declare_done,0.038053015666082504,10,7,2,0,2,2,2,0,3
365,2397,access_vlan:SW1:eth1:20+access_vlan:SW1:eth2:10+trunk_remove:SW1:eth3:10+trunk_remove:SW1:eth3:20+trunk_remove:SW2:eth3:20,3929,3953,0.81228,-18.25,24,True,False,True,False,False,incorrect_declare_done,0.007933277054689825,24,13,8,0,5,2,5,0,3
366,2398,access_vlan:SW1:eth2:10+access_vlan:SW2:eth1:20+access_vlan:SW2:eth2:10+trunk_remove:SW1:eth3:10+trunk_remove:SW1:eth3:20+trunk_remove:SW2:eth3:10,3953,3969,0.81152,-19.25,16,True,False,True,False,False,incorrect_declare_done,0.007835818483727053,16,13,2,0,10,6,6,0,4
367,2399,access_vlan:SW1:eth1:20+access_vlan:SW2:eth1:20+access_vlan:SW2:eth2:10+trunk_remove:SW1:eth3:20+trunk_remove:SW2:eth3:10+trunk_remove:SW2:eth3:20,3969,3987,0.810665,-15.950000000000001,18,True,False,True,False,False,incorrect_declare_done,0.006379255611035559,18,9,8,0,4,2,4,0,4
368,2400,access_vlan:SW1:eth1:20+access_vlan:SW2:eth1:20+access_vlan:SW2:eth2:10+trunk_remove:SW2:eth3:20,3987,4004,0.8098575,-14.950000000000001,17,True,False,True,False,False,incorrect_declare_done,0.006815149996648817,17,10,6,0,2,2,2,0,2
369,2401,access_vlan:SW2:eth1:20+trunk_remove:SW1:eth3:20,4004,4005,0.80981,-10.05,1,True,False,True,False,False,incorrect_declare_done,0.010225874371826649,1,0,0,0,0,0,0,0,3
370,2402,access_vlan:SW1:eth1:20+trunk_remove:SW1:eth3:10,4005,4011,0.809525,-12.4,6,True,False,True,False,False,incorrect_declare_done,0.008066424323866764,6,3,1,0,2,2,2,0,3
371,2403,access_vlan:SW1:eth1:20+trunk_remove:SW2:eth3:10,4011,4017,0.80924,-14.55,6,True,False,True,False,False,incorrect_declare_done,0.007317293978606661,6,4,0,0,6,4,4,0,3
372,2404,access_vlan:SW2:eth1:20+access_vlan:SW2:eth2:10+trunk_remove:SW2:eth3:20,4017,4045,0.80791,-23.950000000000006,28,True,False,True,False,False,incorrect_declare_done,0.01700921434842582,28,17,8,0,14,6,11,0,4
373,2405,access_vlan:SW1:eth1:20+access_vlan:SW2:eth2:10+trunk_remove:SW1:eth3:10+trunk_remove:SW1:eth3:20+trunk_remove:SW2:eth3:10,4045,4047,0.807815,-10.350000000000001,2,True,False,True,False,False,incorrect_declare_done,0.007168501382693648,2,1,0,0,0,0,0,0,3
374,2406,access_vlan:SW1:eth2:10+access_vlan:SW2:eth1:20+trunk_remove:SW1:eth3:20+trunk_remove:SW2:eth3:10,4047,4068,0.8068175,-16.6,21,True,False,True,False,False,incorrect_declare_done,0.006654047185466403,21,15,3,0,2,2,2,0,1
375,2407,access_vlan:SW2:eth1:20+trunk_remove:SW1:eth3:10+trunk_remove:SW1:eth3:20+trunk_remove:SW2:eth3:20,4068,4070,0.8067225,-10.350000000000001,2,True,False,True,False,False,incorrect_declare_done,0.006639482453465462,2,1,0,0,0,0,0,0,3
376,2408,access_vlan:SW1:eth2:10+trunk_remove:SW1:eth3:10+trunk_remove:SW1:eth3:20,4070,4091,0.805725,-17.0,21,True,False,True,False,False,incorrect_declare_done,0.0066025229614405405,21,11,7,0,4,2,4,0,2
377,2409,access_vlan:SW1:eth2:10+trunk_remove:SW1:eth3:10+trunk_remove:SW1:eth3:20+trunk_remove:SW2:eth3:10+trunk_remove:SW2:eth3:20,4091,4121,0.8043,-11.000000000000005,30,True,False,False,True,False,step_limit,0.006010268939038118,30,17,10,0,7,3,7,0,2
378,2410,access_vlan:SW2:eth1:20+access_vlan:SW2:eth2:10+trunk_remove:SW1:eth3:10+trunk_remove:SW2:eth3:20,4121,4122,0.8042525,-10.05,1,True,False,True,False,False,incorrect_declare_done,0.005890230648219585,1,0,0,0,0,0,0,0,2
379,2411,access_vlan:SW1:eth2:10+trunk_remove:SW1:eth3:20+trunk_remove:SW2:eth3:20,4122,4125,0.80411,-11.0,3,True,False,True,False,False,incorrect_declare_done,0.005892963769535224,3,1,1,0,1,1,1,0,3
380,2412,access_vlan:SW1:eth1:20+access_vlan:SW2:eth1:20+trunk_remove:SW1:eth3:10+trunk_remove:SW1:eth3:20+trunk_remove:SW2:eth3:20,4125,4137,0.80354,-13.05,12,True,False,True,False,False,incorrect_declare_done,0.006048167822882533,12,8,2,0,0,0,0,0,3
381,2413,access_vlan:SW1:eth1:20+access_vlan:SW1:eth2:10+access_vlan:SW2:eth2:10+trunk_remove:SW1:eth3:10,4137,4147,0.803065,-13.3,10,True,False,True,False,False,incorrect_declare_done,0.007571617001667618,10,5,3,0,2,2,2,0,3
382,2414,trunk_remove:SW1:eth3:10+trunk_remove:SW2:eth3:20,4147,4150,0.8029225,-11.15,3,True,False,True,False,False,incorrect_declare_done,0.00581338241075476,3,2,0,0,1,1,1,0,2
383,2415,access_vlan:SW1:eth1:20+access_vlan:SW1:eth2:10+access_vlan:SW2:eth1:20+access_vlan:SW2:eth2:10+trunk_remove:SW1:eth3:20+trunk_remove:SW2:eth3:10,4150,4157,0.80259,-11.9,7,True,False,True,False,False,incorrect_declare_done,0.007051238723631416,7,3,3,0,1,1,1,0,1
384,2416,access_vlan:SW1:eth1:20+access_vlan:SW2:eth1:20+trunk_remove:SW1:eth3:10+trunk_remove:SW2:eth3:10+trunk_remove:SW2:eth3:20,4157,4176,0.8016875,-16.05,19,True,False,True,False,False,incorrect_declare_done,0.022857545286809142,19,10,6,0,3,2,3,0,4
385,2417,access_vlan:SW1:eth2:10+trunk_remove:SW1:eth3:10+trunk_remove:SW1:eth3:20+trunk_remove:SW2:eth3:10,4176,4183,0.801355,-12.200000000000001,7,True,False,True,False,False,incorrect_declare_done,0.00650343086038317,7,5,1,0,1,1,1,0,2
386,2418,access_vlan:SW1:eth1:20+access_vlan:SW1:eth2:10+access_vlan:SW2:eth2:10+trunk_remove:SW1:eth3:20+trunk_remove:SW2:eth3:10,4183,4187,0.801165,-10.8,4,True,False,True,False,False,incorrect_declare_done,0.007929704093839973,4,2,1,0,0,0,0,0,1
387,2419,access_vlan:SW1:eth1:20+access_vlan:SW2:eth1:20+access_vlan:SW2:eth2:10+trunk_remove:SW1:eth3:10,4187,4202,0.8004525,-16.45,15,True,False,True,False,False,incorrect_declare_done,0.007427336989591519,15,12,2,0,5,4,4,0,3
388,2420,access_vlan:SW1:eth1:20+access_vlan:SW1:eth2:10+access_vlan:SW2:eth2:10+trunk_remove:SW2:eth3:10,4202,4207,0.800215,-12.600000000000001,5,True,False,True,False,False,incorrect_declare_done,0.008618950843811035,5,2,1,0,3,3,3,0,3
389,2421,access_vlan:SW1:eth2:10+access_vlan:SW2:eth1:20+trunk_remove:SW1:eth3:10+trunk_remove:SW2:eth3:10,4207,4217,0.79974,-13.65,10,True,False,True,False,False,incorrect_declare_done,0.00657689212821424,10,4,4,0,3,3,2,0,4
390,2422,access_vlan:SW1:eth1:20+access_vlan:SW1:eth2:10+trunk_remove:SW1:eth3:10+trunk_remove:SW1:eth3:20+trunk_remove:SW2:eth3:20,4217,4231,0.799075,-16.0,14,True,False,True,False,False,incorrect_declare_done,0.028202246741524765,14,8,3,0,5,3,5,0,1
391,2423,access_vlan:SW2:eth2:10+trunk_remove:SW1:eth3:10+trunk_remove:SW2:eth3:10,4231,4251,0.798125,-21.150000000000006,20,True,False,True,False,False,incorrect_declare_done,0.006385357480030507,20,14,4,0,12,6,10,0,4
392,2424,access_vlan:SW1:eth1:20+trunk_remove:SW1:eth3:10+trunk_remove:SW1:eth3:20+trunk_remove:SW2:eth3:10+trunk_remove:SW2:eth3:20,4251,4253,0.79803,-10.350000000000001,2,True,False,True,False,False,incorrect_declare_done,0.009101985488086939,2,1,0,0,0,0,0,0,3
393,2425,access_vlan:SW1:eth2:10+access_vlan:SW2:eth2:10+trunk_remove:SW1:eth3:10,4253,4264,0.7975075,-14.45,11,True,False,True,False,False,incorrect_declare_done,0.005621351386335763,11,5,4,0,4,4,3,0,3
394,2426,access_vlan:SW2:eth1:20+access_vlan:SW2:eth2:10+trunk_remove:SW1:eth3:20,4264,4270,0.7972225,-12.25,6,True,False,True,False,False,incorrect_declare_done,0.006962359417229891,6,3,2,0,2,2,2,0,3
395,2427,access_vlan:SW1:eth1:20+access_vlan:SW2:eth1:20,4270,4300,0.7957975,-14.80000000000001,30,True,False,False,True,False,step_limit,0.02804960614691178,30,19,8,0,14,6,12,4,0
396,2428,access_vlan:SW1:eth1:20+access_vlan:SW2:eth2:10+trunk_remove:SW1:eth3:10+trunk_remove:SW1:eth3:20,4300,4303,0.795655,-11.15,3,True,False,True,False,False,incorrect_declare_done,0.10590116974587242,3,2,0,0,1,1,1,0,4
397,2429,trunk_remove:SW1:eth3:10+trunk_remove:SW1:eth3:20+trunk_remove:SW2:eth3:10+trunk_remove:SW2:eth3:20,4303,4330,0.7943725,-20.650000000000006,27,True,False,True,False,False,incorrect_declare_done,0.016636338412623713,27,17,8,0,8,4,8,0,4
398,2430,access_vlan:SW1:eth1:20+access_vlan:SW2:eth1:20+access_vlan:SW2:eth2:10+trunk_remove:SW1:eth3:20+trunk_remove:SW2:eth3:10,4330,4357,0.7930900000000001,-22.050000000000004,27,True,False,True,False,False,incorrect_declare_done,0.039208404461128846,27,13,12,0,12,6,9,0,4
399,2431,access_vlan:SW1:eth1:20+trunk_remove:SW1:eth3:10+trunk_remove:SW2:eth3:20,4357,4377,0.7921400000000001,-16.05,20,True,False,True,False,False,incorrect_declare_done,0.005801104696001857,20,11,8,0,3,2,3,0,3
400,2432,access_vlan:SW2:eth2:10,4377,4392,0.7914275,-20.450000000000003,15,True,False,True,False,False,incorrect_declare_done,0.026662225602194667,15,12,2,0,13,6,6,2,3
401,2433,access_vlan:SW1:eth2:10+access_vlan:SW2:eth1:20+access_vlan:SW2:eth2:10+trunk_remove:SW1:eth3:10+trunk_remove:SW2:eth3:10+trunk_remove:SW2:eth3:20,4392,4422,0.7900025,-12.800000000000004,30,True,False,False,True,False,step_limit,0.017758633149787782,30,20,8,0,10,5,10,0,3
402,2434,access_vlan:SW1:eth1:20+access_vlan:SW1:eth2:10+access_vlan:SW2:eth1:20+access_vlan:SW2:eth2:10+trunk_remove:SW2:eth3:10,4422,4423,0.789955,-10.05,1,True,False,True,False,False,incorrect_declare_done,0.006706629879772663,1,0,0,0,0,0,0,0,1
403,2435,trunk_remove:SW1:eth3:10+trunk_remove:SW2:eth3:20,4423,4441,0.7891,-17.4,18,True,False,True,False,False,incorrect_declare_done,0.023748314370297723,18,12,5,0,6,4,6,0,3
404,2436,access_vlan:SW2:eth1:20+access_vlan:SW2:eth2:10+trunk_remove:SW1:eth3:20,4441,4444,0.7889575,-10.5,3,True,False,True,False,False,incorrect_declare_done,0.009158491467436155,3,1,1,0,0,0,0,0,2
405,2437,access_vlan:SW1:eth1:20+access_vlan:SW1:eth2:10+access_vlan:SW2:eth1:20+trunk_remove:SW1:eth3:10+trunk_remove:SW2:eth3:20,4444,4452,0.7885775,-13.0,8,True,False,True,False,False,incorrect_declare_done,0.006550400634296238,8,5,1,0,2,1,2,0,2
406,2438,access_vlan:SW1:eth2:10+trunk_remove:SW1:eth3:10+trunk_remove:SW2:eth3:10+trunk_remove:SW2:eth3:20,4452,4482,0.7871525,-14.80000000000001,30,True,False,False,True,False,step_limit,0.017093628505244853,30,19,8,0,14,5,12,0,2
407,2439,access_vlan:SW1:eth2:10+trunk_remove:SW1:eth3:20+trunk_remove:SW2:eth3:10+trunk_remove:SW2:eth3:20,4482,4495,0.786535,-15.2,13,True,False,True,False,False,incorrect_declare_done,0.02937933415747606,13,9,3,0,4,4,4,0,3
408,2440,access_vlan:SW2:eth1:20+trunk_remove:SW1:eth3:10+trunk_remove:SW1:eth3:20,4495,4505,0.78606,-12.500000000000002,10,True,False,True,False,False,incorrect_declare_done,0.007800789130851626,10,3,5,0,1,1,1,0,2
409,2441,access_vlan:SW2:eth1:20+trunk_remove:SW1:eth3:10,4505,4509,0.7858700000000001,-12.3,4,True,False,True,False,False,incorrect_declare_done,0.008856989210471511,4,2,1,0,3,3,2,0,3
410,2442,access_vlan:SW1:eth1:20+access_vlan:SW2:eth1:20+trunk_remove:SW1:eth3:10,4509,4539,0.7844450000000001,-13.800000000000008,30,True,False,False,True,False,step_limit,0.04764926180553933,30,18,8,0,12,4,9,0,1
411,2443,trunk_remove:SW1:eth3:10,4539,4551,0.783875,-14.450000000000001,12,True,False,True,False,False,incorrect_declare_done,0.007565446139778942,12,4,6,0,4,3,3,0,3
412,2444,access_vlan:SW2:eth1:20+access_vlan:SW2:eth2:10+trunk_remove:SW1:eth3:10+trunk_remove:SW2:eth3:20,4551,4552,0.7838275,-10.05,1,True,False,True,False,False,incorrect_declare_done,0.008621308952569962,1,0,0,0,0,0,0,0,2
413,2445,access_vlan:SW1:eth1:20+access_vlan:SW2:eth2:10+trunk_remove:SW1:eth3:20+trunk_remove:SW2:eth3:10+trunk_remove:SW2:eth3:20,4552,4559,0.783495,-11.700000000000001,7,True,False,True,False,False,incorrect_declare_done,0.00605484118152942,7,4,1,0,0,0,0,0,3
414,2446,access_vlan:SW1:eth1:20+access_vlan:SW2:eth1:20+access_vlan:SW2:eth2:10+trunk_remove:SW1:eth3:10+trunk_remove:SW2:eth3:10+trunk_remove:SW2:eth3:20,4559,4577,0.78264,-16.9,18,True,False,True,False,False,incorrect_declare_done,0.02266311570484605,18,10,5,0,5,2,5,0,2
415,2447,access_vlan:SW1:eth1:20+access_vlan:SW2:eth1:20+trunk_remove:SW1:eth3:20,4577,4597,0.78169,-18.799999999999997,20,True,False,True,False,False,incorrect_declare_done,0.006030158034991473,20,16,3,0,7,4,6,0,3
416,2448,access_vlan:SW2:eth1:20+access_vlan:SW2:eth2:10+trunk_remove:SW1:eth3:10+trunk_remove:SW1:eth3:20+trunk_remove:SW2:eth3:10+trunk_remove:SW2:eth3:20,4597,4604,0.7813575,-12.200000000000001,7,True,False,True,False,False,incorrect_declare_done,0.00593960185402206,7,4,1,0,1,1,1,0,3
417,2449,access_vlan:SW1:eth1:20+access_vlan:SW1:eth2:10+access_vlan:SW2:eth1:20+access_vlan:SW2:eth2:10+trunk_remove:SW1:eth3:10,4604,4614,0.7808825,-14.45,10,True,False,True,False,False,incorrect_declare_done,0.005274734878912568,10,7,2,0,4,3,3,0,4
418,2450,access_vlan:SW2:eth2:10+trunk_remove:SW1:eth3:20,4614,4623,0.780455,-13.350000000000001,9,True,False,True,False,False,incorrect_declare_done,0.00581318716932502,9,3,4,0,3,3,3,0,3
419,2451,access_vlan:SW1:eth2:10+access_vlan:SW2:eth2:10+trunk_remove:SW1:eth3:20+trunk_remove:SW2:eth3:20,4623,4625,0.78036,-10.850000000000001,2,True,False,True,False,False,incorrect_declare_done,0.007750359131023288,2,1,0,0,1,1,1,0,3
420,2452,access_vlan:SW1:eth2:10+trunk_remove:SW2:eth3:20,4625,4631,0.780075,-12.9,6,True,False,True,False,False,incorrect_declare_done,0.004039990676877399,6,4,1,0,3,2,2,0,4
421,2453,access_vlan:SW1:eth2:10+trunk_remove:SW2:eth3:20,4631,4632,0.7800275,-10.05,1,True,False,True,False,False,incorrect_declare_done,0.004028535448014736,1,0,0,0,0,0,0,0,3
422,2454,access_vlan:SW2:eth1:20+trunk_remove:SW2:eth3:10,4632,4633,0.77998,-10.05,1,True,False,True,False,False,incorrect_declare_done,0.004845908377319574,1,0,0,0,0,0,0,0,3
423,2455,access_vlan:SW2:eth1:20+access_vlan:SW2:eth2:10+trunk_remove:SW1:eth3:20+trunk_remove:SW2:eth3:10+trunk_remove:SW2:eth3:20,4633,4646,0.7793625,-16.5,13,True,False,True,False,False,incorrect_declare_done,0.028475336085718412,13,11,1,0,6,3,6,0,3
424,2456,access_vlan:SW2:eth1:20+access_vlan:SW2:eth2:10+trunk_remove:SW1:eth3:20,4646,4653,0.77903,-12.4,7,True,False,True,False,False,incorrect_declare_done,0.0057654486569975105,7,3,3,0,2,2,2,0,3
425,2457,access_vlan:SW1:eth1:20+access_vlan:SW1:eth2:10+access_vlan:SW2:eth1:20+access_vlan:SW2:eth2:10+trunk_remove:SW1:eth3:10+trunk_remove:SW1:eth3:20+trunk_remove:SW2:eth3:10+trunk_remove:SW2:eth3:20,4653,4656,0.7788875,-11.15,3,True,False,True,False,False,incorrect_declare_done,0.006010772194713354,3,2,0,0,1,1,1,0,2
426,2458,access_vlan:SW1:eth1:20+access_vlan:SW2:eth1:20+trunk_remove:SW2:eth3:10,4656,4662,0.7786025,-11.600000000000001,6,True,False,True,False,False,incorrect_declare_done,0.005567852601719399,6,2,3,0,1,1,1,0,3
427,2459,access_vlan:SW1:eth2:10+access_vlan:SW2:eth1:20+access_vlan:SW2:eth2:10+trunk_remove:SW1:eth3:10+trunk_remove:SW2:eth3:10,4662,4689,0.77732,-19.0,27,True,False,True,False,False,incorrect_declare_done,0.005248009460046887,27,16,9,0,5,3,5,0,3
428,2460,access_vlan:SW1:eth2:10+access_vlan:SW2:eth2:10+trunk_remove:SW1:eth3:10+trunk_remove:SW1:eth3:20+trunk_remove:SW2:eth3:10+trunk_remove:SW2:eth3:20,4689,4706,0.7765125,-17.9,17,True,False,True,False,False,incorrect_declare_done,0.02339888784541365,17,12,3,0,7,5,6,0,3
429,2461,access_vlan:SW1:eth1:20+access_vlan:SW1:eth2:10+access_vlan:SW2:eth2:10+trunk_remove:SW1:eth3:10,4706,4718,0.7759425,-13.75,12,True,False,True,False,False,incorrect_declare_done,0.004889096366241574,12,7,4,0,2,2,2,0,4
430,2462,access_vlan:SW1:eth2:10+access_vlan:SW2:eth1:20+trunk_remove:SW1:eth3:20+trunk_remove:SW2:eth3:10,4718,4737,0.77504,-18.2,19,True,False,True,False,False,incorrect_declare_done,0.005690281377419045,19,13,5,0,7,5,6,1,3
431,2463,access_vlan:SW1:eth1:20+access_vlan:SW2:eth1:20+trunk_remove:SW1:eth3:20+trunk_remove:SW2:eth3:20,4737,4743,0.774755,-11.4,6,True,False,True,False,False,incorrect_declare_done,0.005234604662594696,6,4,1,0,0,0,0,0,3
432,2464,access_vlan:SW1:eth1:20+access_vlan:SW2:eth2:10+trunk_remove:SW2:eth3:10,4743,4752,0.7743275000000001,-12.350000000000001,9,True,False,True,False,False,incorrect_declare_done,0.007264147823055585,9,3,4,0,1,1,1,0,3
433,2465,access_vlan:SW1:eth1:20+access_vlan:SW2:eth1:20+access_vlan:SW2:eth2:10+trunk_remove:SW1:eth3:10+trunk_remove:SW2:eth3:10+trunk_remove:SW2:eth3:20,4752,4782,0.7729025,-9.550000000000002,30,True,False,False,True,False,step_limit,0.00589440168114379,30,16,13,0,5,2,5,0,3
434,2466,access_vlan:SW1:eth1:20+access_vlan:SW2:eth1:20+access_vlan:SW2:eth2:10+trunk_remove:SW1:eth3:10+trunk_remove:SW2:eth3:20,4782,4792,0.7724275,-12.65,10,True,False,True,False,False,incorrect_declare_done,0.004480728250928223,10,3,4,0,1,1,1,0,4
435,2467,access_vlan:SW2:eth1:20+trunk_remove:SW1:eth3:10+trunk_remove:SW1:eth3:20+trunk_remove:SW2:eth3:10,4792,4797,0.7721899999999999,-12.25,5,True,False,True,False,False,incorrect_declare_done,0.004371472215279937,5,4,0,0,2,2,2,0,3
436,2468,access_vlan:SW2:eth2:10+trunk_remove:SW1:eth3:10+trunk_remove:SW2:eth3:20,4797,4813,0.7714300000000001,-16.5,16,True,False,True,False,False,incorrect_declare_done,0.02409899208578281,16,8,7,0,6,5,3,1,3
437,2469,access_vlan:SW1:eth1:20+access_vlan:SW2:eth1:20+access_vlan:SW2:eth2:10+trunk_remove:SW2:eth3:10,4813,4816,0.7712875,-12.15,3,True,False,True,False,False,incorrect_declare_done,0.005051757364223401,3,2,0,0,3,3,2,0,3
438,2470,access_vlan:SW1:eth2:10+trunk_remove:SW1:eth3:10+trunk_remove:SW2:eth3:10,4816,4832,0.7705275,-16.15,16,True,False,True,False,False,incorrect_declare_done,0.006541603404912166,16,9,6,0,5,4,5,0,3
439,2471,access_vlan:SW1:eth1:20+trunk_remove:SW2:eth3:20,4832,4836,0.7703375,-11.950000000000001,4,True,False,True,False,False,incorrect_declare_done,0.0058178623439744115,4,3,0,0,2,2,2,0,3
440,2472,access_vlan:SW1:eth2:10+access_vlan:SW2:eth1:20+trunk_remove:SW1:eth3:10+trunk_remove:SW2:eth3:10+trunk_remove:SW2:eth3:20,4836,4847,0.769815,-13.100000000000001,11,True,False,True,False,False,incorrect_declare_done,0.004902861017564481,11,6,3,0,1,1,1,0,3
441,2473,access_vlan:SW1:eth2:10+access_vlan:SW2:eth2:10+trunk_remove:SW2:eth3:10,4847,4858,0.7692924999999999,-13.1,11,True,False,True,False,False,incorrect_declare_done,0.004881409822370519,11,6,3,0,1,1,1,0,1
442,2474,access_vlan:SW1:eth1:20+access_vlan:SW2:eth2:10+trunk_remove:SW1:eth3:10+trunk_remove:SW2:eth3:20,4858,4861,0.76915,-10.65,3,True,False,True,False,False,incorrect_declare_done,0.005144925167163213,3,2,0,0,0,0,0,0,4
443,2475,trunk_remove:SW1:eth3:10+trunk_remove:SW2:eth3:20,4861,4868,0.7688174999999999,-12.700000000000001,7,True,False,True,False,False,incorrect_declare_done,0.005007104582286307,7,4,1,0,2,2,2,0,3
444,2476,access_vlan:SW1:eth1:20+access_vlan:SW2:eth1:20+access_vlan:SW2:eth2:10+trunk_remove:SW1:eth3:10+trunk_remove:SW1:eth3:20+trunk_remove:SW2:eth3:20,4868,4875,0.768485,-11.75,7,True,False,True,False,False,incorrect_declare_done,0.0038997231583510128,7,2,4,0,1,1,1,0,3
445,2477,access_vlan:SW2:eth1:20+trunk_remove:SW1:eth3:10+trunk_remove:SW1:eth3:20+trunk_remove:SW2:eth3:20,4875,4888,0.7678675,-12.3,13,True,False,True,False,False,incorrect_declare_done,0.005703573670381537,13,3,9,0,0,0,0,0,2
446,2478,access_vlan:SW1:eth1:20+access_vlan:SW2:eth1:20+access_vlan:SW2:eth2:10+trunk_remove:SW1:eth3:10+trunk_remove:SW2:eth3:20,4888,4914,0.7666325,-18.55,26,True,False,True,False,False,incorrect_declare_done,0.017326484702957366,26,14,10,0,5,3,5,0,3
447,2479,access_vlan:SW1:eth1:20+access_vlan:SW1:eth2:10+access_vlan:SW2:eth1:20+trunk_remove:SW2:eth3:20,4914,4942,0.7653025,-23.60000000000001,28,True,False,True,False,False,incorrect_declare_done,0.005903186675693307,28,20,7,0,13,5,10,0,3
448,2480,access_vlan:SW1:eth1:20+access_vlan:SW1:eth2:10+trunk_remove:SW2:eth3:10+trunk_remove:SW2:eth3:20,4942,4971,0.763925,-19.450000000000003,29,True,False,True,False,False,incorrect_declare_done,0.005378802973327452,29,15,10,0,5,3,4,0,4
449,2481,access_vlan:SW1:eth1:20+access_vlan:SW1:eth2:10+access_vlan:SW2:eth2:10+trunk_remove:SW1:eth3:10+trunk_remove:SW1:eth3:20+trunk_remove:SW2:eth3:10+trunk_remove:SW2:eth3:20,4971,4974,0.7637825,-11.15,3,True,False,True,False,False,incorrect_declare_done,0.006594103916237752,3,2,0,0,1,1,1,0,4
450,2482,access_vlan:SW1:eth2:10+trunk_remove:SW1:eth3:10+trunk_remove:SW1:eth3:20+trunk_remove:SW2:eth3:10,4974,4988,0.7631175,-14.7,14,True,False,True,False,False,incorrect_declare_done,0.028399450804239938,14,8,5,0,3,2,3,0,4
451,2483,access_vlan:SW1:eth1:20+trunk_remove:SW1:eth3:10+trunk_remove:SW1:eth3:20+trunk_remove:SW2:eth3:20,4988,4989,0.76307,-10.05,1,True,False,True,False,False,incorrect_declare_done,0.006569533608853817,1,0,0,0,0,0,0,0,3
452,2484,access_vlan:SW1:eth2:10+access_vlan:SW2:eth1:20+access_vlan:SW2:eth2:10+trunk_remove:SW1:eth3:20+trunk_remove:SW2:eth3:10+trunk_remove:SW2:eth3:20,4989,5019,0.761645,-13.950000000000006,30,True,False,False,True,False,step_limit,0.01633796764848133,30,21,7,0,12,6,10,0,2
453,2485,access_vlan:SW1:eth2:10+trunk_remove:SW1:eth3:10+trunk_remove:SW1:eth3:20+trunk_remove:SW2:eth3:10+trunk_remove:SW2:eth3:20,5019,5022,0.7615025,-10.350000000000001,3,True,False,True,False,False,incorrect_declare_done,0.005129323496172826,3,0,2,0,0,0,0,0,3
454,2486,access_vlan:SW1:eth1:20+access_vlan:SW2:eth1:20+access_vlan:SW2:eth2:10+trunk_remove:SW1:eth3:20+trunk_remove:SW2:eth3:10+trunk_remove:SW2:eth3:20,5022,5023,0.761455,-10.05,1,True,False,True,False,False,incorrect_declare_done,0.0052251191809773445,1,0,0,0,0,0,0,0,3
455,2487,access_vlan:SW2:eth2:10+trunk_remove:SW1:eth3:10+trunk_remove:SW2:eth3:20,5023,5030,0.7611225,-11.55,7,True,False,True,False,False,incorrect_declare_done,0.0054081459529697895,7,4,2,0,0,0,0,0,3
456,2488,access_vlan:SW1:eth2:10+trunk_remove:SW1:eth3:10+trunk_remove:SW1:eth3:20+trunk_remove:SW2:eth3:10+trunk_remove:SW2:eth3:20,5030,5041,0.7605999999999999,-13.600000000000001,11,True,False,True,False,False,incorrect_declare_done,0.03266149037517607,11,7,3,0,2,2,2,0,3
457,2489,access_vlan:SW1:eth1:20+access_vlan:SW2:eth1:20+trunk_remove:SW1:eth3:20,5041,5070,0.7592225,-24.000000000000007,29,True,False,True,False,False,incorrect_declare_done,0.027623368427157402,29,12,13,0,15,6,10,0,4
458,2490,trunk_remove:SW1:eth3:10,5070,5073,0.75908,-12.15,3,True,False,True,False,False,incorrect_declare_done,0.007280724278340737,3,2,0,0,3,3,1,1,3
459,2491,access_vlan:SW1:eth1:20,5073,5079,0.758795,-13.75,6,True,False,True,False,False,incorrect_declare_done,0.005751905147917569,6,3,2,0,5,5,2,1,4
460,2492,access_vlan:SW1:eth2:10+access_vlan:SW2:eth2:10+trunk_remove:SW1:eth3:10+trunk_remove:SW1:eth3:20+trunk_remove:SW2:eth3:20,5079,5094,0.7580825,-17.8,15,True,False,True,False,False,incorrect_declare_done,0.005378342947612206,15,8,3,0,8,4,5,1,3
461,2493,access_vlan:SW1:eth1:20+access_vlan:SW1:eth2:10+access_vlan:SW2:eth1:20+access_vlan:SW2:eth2:10+trunk_remove:SW2:eth3:10,5094,5099,0.757845,-11.950000000000001,5,True,False,True,False,False,incorrect_declare_done,0.005598120018839836,5,1,2,0,2,2,1,0,1
462,2494,access_vlan:SW1:eth1:20+access_vlan:SW2:eth1:20+trunk_remove:SW1:eth3:10+trunk_remove:SW1:eth3:20+trunk_remove:SW2:eth3:10,5099,5109,0.75737,-15.65,10,True,False,True,False,False,incorrect_declare_done,0.03564966069534421,10,5,4,0,7,5,4,0,4
463,2495,access_vlan:SW2:eth2:10+trunk_remove:SW2:eth3:10+trunk_remove:SW2:eth3:20,5109,5139,0.755945,-14.300000000000008,30,True,False,False,True,False,step_limit,0.005263785474623243,30,18,8,0,13,6,10,0,3
464,2496,access_vlan:SW1:eth2:10+access_vlan:SW2:eth2:10+trunk_remove:SW1:eth3:10+trunk_remove:SW1:eth3:20+trunk_remove:SW2:eth3:10,5139,5169,0.75452,-9.5,30,True,False,False,True,False,step_limit,0.036536505857172115,30,14,10,0,4,2,4,0,3
465,2497,access_vlan:SW1:eth1:20+access_vlan:SW2:eth1:20+access_vlan:SW2:eth2:10+trunk_remove:SW1:eth3:10+trunk_remove:SW2:eth3:10,5169,5170,0.7544725,-10.05,1,True,False,True,False,False,incorrect_declare_done,0.00622191745787859,1,0,0,0,0,0,0,0,3
466,2498,access_vlan:SW1:eth1:20+trunk_remove:SW2:eth3:20,5170,5180,0.7539975,-14.600000000000001,10,True,False,True,False,False,incorrect_declare_done,0.03944460107013583,10,7,1,0,4,4,3,0,2
467,2499,access_vlan:SW2:eth1:20+trunk_remove:SW1:eth3:20+trunk_remove:SW2:eth3:10,5180,5194,0.7533325,-15.350000000000001,14,True,False,True,False,False,incorrect_declare_done,0.00849663547705859,14,9,4,0,4,3,4,0,3
468,2500,access_vlan:SW1:eth1:20+access_vlan:SW2:eth1:20+access_vlan:SW2:eth2:10+trunk_remove:SW1:eth3:20,5194,5198,0.7531425,-10.65,4,True,False,True,False,False,incorrect_declare_done,0.009614986483938992,4,1,2,0,0,0,0,0,1
469,2501,access_vlan:SW1:eth1:20+access_vlan:SW1:eth2:10+access_vlan:SW2:eth1:20+access_vlan:SW2:eth2:10+trunk_remove:SW2:eth3:20,5198,5199,0.753095,-10.05,1,True,False,True,False,False,incorrect_declare_done,0.00985909253358841,1,0,0,0,0,0,0,0,1
470,2502,access_vlan:SW1:eth1:20+trunk_remove:SW1:eth3:10+trunk_remove:SW2:eth3:10,5199,5229,0.7516700000000001,-13.300000000000008,30,True,False,False,True,False,step_limit,0.006356156772623459,30,20,8,0,11,5,11,0,3
471,2503,access_vlan:SW1:eth1:20+access_vlan:SW2:eth1:20+access_vlan:SW2:eth2:10+trunk_remove:SW1:eth3:10+trunk_remove:SW2:eth3:10,5229,5259,0.750245,-12.300000000000006,30,True,False,False,True,False,step_limit,0.004498046714191636,30,21,8,0,9,4,7,0,3
472,2504,access_vlan:SW1:eth2:10+access_vlan:SW2:eth1:20+access_vlan:SW2:eth2:10+trunk_remove:SW1:eth3:20+trunk_remove:SW2:eth3:10+trunk_remove:SW2:eth3:20,5259,5260,0.7501975,-10.05,1,True,False,True,False,False,incorrect_declare_done,0.0069711836986243725,1,0,0,0,0,0,0,0,3
473,2505,access_vlan:SW2:eth2:10+trunk_remove:SW1:eth3:10,5260,5288,0.7488675,-22.85000000000001,28,True,False,True,False,False,incorrect_declare_done,0.004632374704150217,28,13,12,0,13,5,7,0,3
474,2506,access_vlan:SW1:eth1:20+access_vlan:SW2:eth1:20+access_vlan:SW2:eth2:10+trunk_remove:SW2:eth3:10,5288,5315,0.7475849999999999,-19.150000000000006,27,True,False,True,False,False,incorrect_declare_done,0.027739990218025114,27,18,8,0,5,3,5,0,2
475,2507,access_vlan:SW1:eth2:10+access_vlan:SW2:eth2:10+trunk_remove:SW1:eth3:20+trunk_remove:SW2:eth3:10+trunk_remove:SW2:eth3:20,5315,5334,0.7466825,-16.05,19,True,False,True,False,False,incorrect_declare_done,0.020271293328780877,19,12,6,0,3,3,2,0,3
476,2508,access_vlan:SW1:eth1:20+access_vlan:SW1:eth2:10+access_vlan:SW2:eth1:20+access_vlan:SW2:eth2:10+trunk_remove:SW1:eth3:10+trunk_remove:SW1:eth3:20+trunk_remove:SW2:eth3:10+trunk_remove:SW2:eth3:20,5334,5361,0.7454000000000001,-21.750000000000007,27,True,False,True,False,False,incorrect_declare_done,0.01585777163402074,27,21,4,0,9,4,7,0,1
477,2509,access_vlan:SW1:eth2:10,5361,5362,0.7453525000000001,-10.05,1,True,False,True,False,False,incorrect_declare_done,0.0034669595770537853,1,0,0,0,0,0,0,0,3
478,2510,access_vlan:SW1:eth1:20+access_vlan:SW1:eth2:10+access_vlan:SW2:eth1:20+trunk_remove:SW1:eth3:20+trunk_remove:SW2:eth3:20,5362,5373,0.74483,-14.25,11,True,False,True,False,False,incorrect_declare_done,0.005243606230413372,11,6,2,0,3,3,2,0,3
479,2511,access_vlan:SW2:eth2:10+trunk_remove:SW1:eth3:10+trunk_remove:SW2:eth3:20,5373,5403,0.743405,-12.600000000000007,30,True,False,False,True,False,step_limit,0.005404428935920199,30,23,6,0,9,5,8,0,3
480,2512,access_vlan:SW1:eth2:10+access_vlan:SW2:eth2:10+trunk_remove:SW1:eth3:20+trunk_remove:SW2:eth3:10+trunk_remove:SW2:eth3:20,5403,5433,0.7419800000000001,-20.900000000000006,30,True,False,True,False,False,incorrect_declare_done,0.025059888868903122,30,19,9,0,7,4,6,0,4
481,2513,access_vlan:SW1:eth1:20+access_vlan:SW1:eth2:10+access_vlan:SW2:eth1:20+trunk_remove:SW2:eth3:10+trunk_remove:SW2:eth3:20,5433,5452,0.7410775000000001,-18.15,19,True,False,True,False,False,incorrect_declare_done,0.004838564567954133,19,14,2,0,6,3,5,0,3
482,2514,access_vlan:SW1:eth1:20+access_vlan:SW1:eth2:10+access_vlan:SW2:eth1:20+access_vlan:SW2:eth2:10+trunk_remove:SW1:eth3:20+trunk_remove:SW2:eth3:20,5452,5455,0.740935,-11.0,3,True,False,True,False,False,incorrect_declare_done,0.005153733150412639,3,1,1,0,1,1,1,0,2
483,2515,access_vlan:SW2:eth2:10+trunk_remove:SW1:eth3:10+trunk_remove:SW1:eth3:20,5455,5474,0.7400325,-18.900000000000002,19,True,False,True,False,False,incorrect_declare_done,0.004268702358546618,19,9,7,0,9,6,7,0,3
484,2516,access_vlan:SW1:eth1:20+access_vlan:SW2:eth1:20+trunk_remove:SW1:eth3:10+trunk_remove:SW1:eth3:20,5474,5491,0.739225,-15.3,17,True,False,True,False,False,incorrect_declare_done,0.004469529917354093,17,7,7,0,3,2,3,0,3
485,2517,access_vlan:SW1:eth2:10+access_vlan:SW2:eth1:20+trunk_remove:SW1:eth3:20+trunk_remove:SW2:eth3:10+trunk_remove:SW2:eth3:20,5491,5521,0.7378,-14.100000000000005,30,True,False,False,True,False,step_limit,0.014875165182941904,30,22,6,0,12,5,10,0,2
486,2518,access_vlan:SW1:eth1:20+access_vlan:SW1:eth2:10+access_vlan:SW2:eth1:20+access_vlan:SW2:eth2:10+trunk_remove:SW2:eth3:20,5521,5525,0.73761,-10.8,4,True,False,True,False,False,incorrect_declare_done,0.004625371482688934,4,2,1,0,0,0,0,0,1
487,2519,access_vlan:SW1:eth2:10+trunk_remove:SW1:eth3:10+trunk_remove:SW1:eth3:20+trunk_remove:SW2:eth3:20,5525,5534,0.7371825000000001,-13.15,9,True,False,True,False,False,incorrect_declare_done,0.007002573563820786,9,5,2,0,2,1,2,0,2
488,2520,access_vlan:SW1:eth1:20+trunk_remove:SW2:eth3:10,5534,5541,0.73685,-13.05,7,True,False,True,False,False,incorrect_declare_done,0.0048162229691765136,7,4,2,0,3,3,3,0,3
489,2521,access_vlan:SW1:eth1:20+access_vlan:SW2:eth2:10+trunk_remove:SW1:eth3:10+trunk_remove:SW2:eth3:20,5541,5545,0.7366600000000001,-10.950000000000001,4,True,False,True,False,False,incorrect_declare_done,0.005459400592371821,4,2,0,0,0,0,0,0,4
490,2522,access_vlan:SW1:eth1:20+access_vlan:SW2:eth2:10+trunk_remove:SW1:eth3:20,5545,5575,0.7352350000000001,-10.500000000000004,30,True,False,False,True,False,step_limit,0.006042383343447,30,17,10,0,6,4,5,0,4
491,2523,trunk_remove:SW2:eth3:20,5575,5601,0.734,-22.250000000000007,26,True,False,True,False,False,incorrect_declare_done,0.005612215242133691,26,13,12,0,13,6,6,3,4
492,2524,access_vlan:SW1:eth1:20+access_vlan:SW1:eth2:10+access_vlan:SW2:eth2:10+trunk_remove:SW1:eth3:10+trunk_remove:SW1:eth3:20+trunk_remove:SW2:eth3:10+trunk_remove:SW2:eth3:20,5601,5610,0.7335725,-13.15,9,True,False,True,False,False,incorrect_declare_done,0.006616600116507875,9,5,2,0,2,2,2,0,3
493,2525,trunk_remove:SW1:eth3:20+trunk_remove:SW2:eth3:20,5610,5626,0.7328125000000001,-17.45,16,True,False,True,False,False,incorrect_declare_done,0.004176073751295917,16,10,4,0,7,4,6,0,3
494,2526,access_vlan:SW1:eth1:20+access_vlan:SW1:eth2:10+access_vlan:SW2:eth2:10+trunk_remove:SW1:eth3:10+trunk_remove:SW1:eth3:20,5626,5639,0.732195,-13.25,13,True,False,True,False,False,incorrect_declare_done,0.0034213320871528527,13,5,6,0,1,1,1,0,2
495,2527,access_vlan:SW1:eth1:20+access_vlan:SW1:eth2:10+access_vlan:SW2:eth2:10+trunk_remove:SW1:eth3:10+trunk_remove:SW2:eth3:20,5639,5667,0.7308650000000001,-20.300000000000004,28,True,False,True,False,False,incorrect_declare_done,0.015316176228225231,28,16,9,0,7,5,6,0,3
496,2528,access_vlan:SW1:eth2:10+access_vlan:SW2:eth1:20+access_vlan:SW2:eth2:10+trunk_remove:SW1:eth3:10+trunk_remove:SW1:eth3:20+trunk_remove:SW2:eth3:20,5667,5688,0.7298675,-17.15,21,True,False,True,False,False,incorrect_declare_done,0.019383550621569157,21,13,6,0,4,4,3,0,3
497,2529,access_vlan:SW1:eth2:10+access_vlan:SW2:eth1:20+access_vlan:SW2:eth2:10+trunk_remove:SW2:eth3:10,5688,5718,0.7284425,-9.550000000000002,30,True,False,False,True,False,step_limit,0.004360817566824456,30,15,13,0,5,3,5,2,1
498,2530,access_vlan:SW1:eth1:20+access_vlan:SW1:eth2:10+trunk_remove:SW2:eth3:20,5718,5729,0.72792,-15.600000000000001,11,True,False,True,False,False,incorrect_declare_done,0.005106959576633843,11,6,3,0,6,2,6,0,3
499,2531,access_vlan:SW1:eth1:20+access_vlan:SW2:eth1:20+access_vlan:SW2:eth2:10+trunk_remove:SW1:eth3:10,5729,5741,0.72735,-14.899999999999999,12,True,False,True,False,False,incorrect_declare_done,0.004725514610375588,12,7,3,0,4,3,3,0,3
500,2532,access_vlan:SW1:eth2:10+access_vlan:SW2:eth2:10+trunk_remove:SW1:eth3:10+trunk_remove:SW1:eth3:20+trunk_remove:SW2:eth3:10+trunk_remove:SW2:eth3:20,5741,5742,0.7273025,-10.05,1,True,False,True,False,False,incorrect_declare_done,0.0027578696608543396,1,0,0,0,0,0,0,0,4
501,2533,access_vlan:SW1:eth1:20+access_vlan:SW1:eth2:10+trunk_remove:SW1:eth3:20+trunk_remove:SW2:eth3:10+trunk_remove:SW2:eth3:20,5742,5757,0.7265900000000001,-16.0,15,True,False,True,False,False,incorrect_declare_done,0.0038316298897067705,15,9,5,0,5,4,4,0,4
502,2534,access_vlan:SW1:eth1:20+access_vlan:SW2:eth2:10+trunk_remove:SW2:eth3:10,5757,5761,0.7264,-11.8,4,True,False,True,False,False,incorrect_declare_done,0.004579486150760204,4,2,1,0,2,2,2,0,3
503,2535,access_vlan:SW1:eth2:10+access_vlan:SW2:eth1:20+trunk_remove:SW2:eth3:10,5761,5780,0.7254975,-18.2,19,True,False,True,False,False,incorrect_declare_done,0.004550839431191746,19,12,5,0,7,6,6,0,3
504,2536,access_vlan:SW1:eth1:20+access_vlan:SW1:eth2:10+access_vlan:SW2:eth2:10+trunk_remove:SW1:eth3:10+trunk_remove:SW1:eth3:20+trunk_remove:SW2:eth3:10,5780,5810,0.7240725,-14.800000000000004,30,True,False,False,True,False,step_limit,0.004327514367954185,30,21,8,0,14,6,11,0,4
505,2537,access_vlan:SW1:eth2:10+access_vlan:SW2:eth1:20+trunk_remove:SW1:eth3:10+trunk_remove:SW1:eth3:20,5810,5824,0.7234075,-14.05,14,True,False,True,False,False,incorrect_declare_done,0.004403064925489681,14,7,6,0,2,1,2,0,4
506,2538,access_vlan:SW1:eth1:20+access_vlan:SW1:eth2:10+access_vlan:SW2:eth2:10+trunk_remove:SW1:eth3:10+trunk_remove:SW2:eth3:20,5824,5831,0.723075,-12.700000000000001,7,True,False,True,False,False,incorrect_declare_done,0.0051737169934702775,7,5,1,0,2,1,2,0,3
507,2539,access_vlan:SW1:eth1:20+access_vlan:SW1:eth2:10+access_vlan:SW2:eth1:20+trunk_remove:SW1:eth3:10,5831,5839,0.7226950000000001,-12.55,8,True,False,True,False,False,incorrect_declare_done,0.0038514622137881815,8,2,4,0,2,2,2,0,3
508,2540,access_vlan:SW1:eth1:20+access_vlan:SW1:eth2:10+trunk_remove:SW1:eth3:10+trunk_remove:SW2:eth3:10+trunk_remove:SW2:eth3:20,5839,5846,0.7223625,-12.55,7,True,False,True,False,False,incorrect_declare_done,0.005119629220903984,7,3,2,0,2,2,2,0,2
509,2541,access_vlan:SW1:eth1:20+access_vlan:SW1:eth2:10+access_vlan:SW2:eth1:20+trunk_remove:SW1:eth3:10+trunk_remove:SW2:eth3:20,5846,5852,0.7220775,-11.100000000000001,6,True,False,True,False,False,incorrect_declare_done,0.002977197136109074,6,1,3,0,0,0,0,0,3
510,2542,access_vlan:SW1:eth2:10+access_vlan:SW2:eth1:20+trunk_remove:SW1:eth3:10+trunk_remove:SW1:eth3:20,5852,5853,0.72203,-10.05,1,True,False,True,False,False,incorrect_declare_done,0.011943494901061058,1,0,0,0,0,0,0,0,4
511,2543,access_vlan:SW1:eth2:10+trunk_remove:SW1:eth3:20+trunk_remove:SW2:eth3:10+trunk_remove:SW2:eth3:20,5853,5861,0.72165,-13.0,8,True,False,True,False,False,incorrect_declare_done,0.004597158724209294,8,5,1,0,2,2,2,0,3
512,2544,access_vlan:SW1:eth1:20+access_vlan:SW2:eth2:10+trunk_remove:SW1:eth3:10+trunk_remove:SW2:eth3:10+trunk_remove:SW2:eth3:20,5861,5862,0.7216025,-10.05,1,True,False,True,False,False,incorrect_declare_done,0.0026229452341794968,1,0,0,0,0,0,0,0,4
513,2545,access_vlan:SW1:eth2:10+access_vlan:SW2:eth1:20+trunk_remove:SW1:eth3:20+trunk_remove:SW2:eth3:10,5862,5865,0.72146,-10.65,3,True,False,True,False,False,incorrect_declare_done,0.0031599199088911214,3,2,0,0,0,0,0,0,4
514,2546,trunk_remove:SW1:eth3:10+trunk_remove:SW1:eth3:20+trunk_remove:SW2:eth3:20,5865,5867,0.721365,-10.850000000000001,2,True,False,True,False,False,incorrect_declare_done,0.0031655514612793922,2,1,0,0,1,1,1,0,3
515,2547,access_vlan:SW1:eth1:20+access_vlan:SW2:eth1:20+access_vlan:SW2:eth2:10+trunk_remove:SW1:eth3:20+trunk_remove:SW2:eth3:20,5867,5873,0.7210799999999999,-11.25,6,True,False,True,False,False,incorrect_declare_done,0.0035141503904014826,6,3,2,0,0,0,0,0,3
516,2548,access_vlan:SW1:eth1:20+access_vlan:SW2:eth1:20+access_vlan:SW2:eth2:10+trunk_remove:SW1:eth3:20,5873,5901,0.71975,-21.950000000000006,28,True,False,True,False,False,incorrect_declare_done,0.004259070759871975,28,17,8,0,10,4,8,0,3
517,2549,access_vlan:SW1:eth2:10+access_vlan:SW2:eth1:20+access_vlan:SW2:eth2:10+trunk_remove:SW2:eth3:20,5901,5910,0.7193225000000001,-14.8,9,True,False,True,False,False,incorrect_declare_done,0.0041418584943231605,9,7,1,0,5,4,5,0,3
518,2550,access_vlan:SW1:eth1:20+access_vlan:SW2:eth1:20+access_vlan:SW2:eth2:10+trunk_remove:SW1:eth3:10+trunk_remove:SW1:eth3:20+trunk_remove:SW2:eth3:20,5910,5920,0.7188475000000001,-12.65,10,True,False,True,False,False,incorrect_declare_done,0.004325429257005453,10,4,4,0,1,1,1,0,3
519,2551,access_vlan:SW1:eth1:20+access_vlan:SW2:eth1:20+access_vlan:SW2:eth2:10+trunk_remove:SW1:eth3:10+trunk_remove:SW2:eth3:10+trunk_remove:SW2:eth3:20,5920,5944,0.7177074999999999,-16.650000000000002,24,True,False,True,False,False,incorrect_declare_done,0.0049447773878152175,24,9,12,0,3,2,3,0,3
520,2552,access_vlan:SW1:eth1:20+access_vlan:SW1:eth2:10+access_vlan:SW2:eth2:10+trunk_remove:SW1:eth3:10,5944,5949,0.71747,-11.100000000000001,5,True,False,True,False,False,incorrect_declare_done,0.0038246050011366607,5,3,1,0,0,0,0,0,1
521,2553,access_vlan:SW1:eth2:10+trunk_remove:SW1:eth3:10+trunk_remove:SW1:eth3:20+trunk_remove:SW2:eth3:10+trunk_remove:SW2:eth3:20,5949,5953,0.71728,-10.65,4,True,False,True,False,False,incorrect_declare_done,0.007945642515551299,4,1,2,0,0,0,0,0,3
522,2554,access_vlan:SW1:eth1:20+access_vlan:SW1:eth2:10+access_vlan:SW2:eth1:20+access_vlan:SW2:eth2:10+trunk_remove:SW2:eth3:10,5953,5954,0.7172324999999999,-10.05,1,True,False,True,False,False,incorrect_declare_done,0.007791857700794935,1,0,0,0,0,0,0,0,1
523,2555,access_vlan:SW1:eth1:20+access_vlan:SW2:eth1:20+access_vlan:SW2:eth2:10+trunk_remove:SW1:eth3:10+trunk_remove:SW1:eth3:20+trunk_remove:SW2:eth3:20,5954,5984,0.7158074999999999,-10.300000000000002,30,True,False,False,True,False,step_limit,0.024799879702428976,30,22,8,0,5,2,5,0,3
524,2556,access_vlan:SW1:eth1:20+access_vlan:SW2:eth2:10+trunk_remove:SW1:eth3:10,5984,6002,0.7149525000000001,-16.450000000000003,18,True,False,True,False,False,incorrect_declare_done,0.004002893621671117,18,9,8,0,5,5,4,1,2
525,2557,access_vlan:SW1:eth1:20+trunk_remove:SW1:eth3:10+trunk_remove:SW2:eth3:10,6002,6014,0.7143825,-14.600000000000001,12,True,False,True,False,False,incorrect_declare_done,0.005948755055821191,12,6,5,0,4,4,3,0,2
526,2558,access_vlan:SW1:eth1:20+access_vlan:SW2:eth2:10+trunk_remove:SW1:eth3:20,6014,6024,0.7139075,-14.8,10,True,False,True,False,False,incorrect_declare_done,0.006068054027855397,10,5,3,0,5,3,4,0,3
527,2559,access_vlan:SW1:eth2:10+access_vlan:SW2:eth1:20+access_vlan:SW2:eth2:10+trunk_remove:SW1:eth3:10+trunk_remove:SW1:eth3:20+trunk_remove:SW2:eth3:20,6024,6042,0.7130525000000001,-15.950000000000001,18,True,False,True,False,False,incorrect_declare_done,0.005041675590392616,18,8,8,0,4,3,4,0,3
528,2560,access_vlan:SW1:eth2:10+access_vlan:SW2:eth2:10+trunk_remove:SW1:eth3:10+trunk_remove:SW1:eth3:20+trunk_remove:SW2:eth3:10,6042,6046,0.7128625,-10.8,4,True,False,True,False,False,incorrect_declare_done,0.07969350094208494,4,2,1,0,0,0,0,0,3
529,2561,access_vlan:SW1:eth2:10+trunk_remove:SW1:eth3:10+trunk_remove:SW2:eth3:10+trunk_remove:SW2:eth3:20,6046,6050,0.7126725,-11.3,4,True,False,True,False,False,incorrect_declare_done,0.004618061822839081,4,2,1,0,1,1,1,0,4
530,2562,access_vlan:SW2:eth1:20+access_vlan:SW2:eth2:10+trunk_remove:SW1:eth3:20+trunk_remove:SW2:eth3:20,6050,6054,0.7124825,-10.8,4,True,False,True,False,False,incorrect_declare_done,0.004675194912124425,4,2,1,0,0,0,0,0,2
531,2563,access_vlan:SW1:eth1:20+access_vlan:SW1:eth2:10,6054,6067,0.711865,-14.45,13,True,False,True,False,False,incorrect_declare_done,0.005067644631848312,13,3,8,0,4,3,4,0,3
532,2564,access_vlan:SW1:eth1:20+access_vlan:SW1:eth2:10+trunk_remove:SW1:eth3:10+trunk_remove:SW1:eth3:20+trunk_remove:SW2:eth3:10+trunk_remove:SW2:eth3:20,6067,6075,0.7114849999999999,-12.55,8,True,False,True,False,False,incorrect_declare_done,0.004787469370057806,8,3,4,0,2,2,2,0,4
533,2565,access_vlan:SW2:eth2:10+trunk_remove:SW2:eth3:10+trunk_remove:SW2:eth3:20,6075,6080,0.7112475,-11.600000000000001,5,True,False,True,False,False,incorrect_declare_done,0.004163542483001948,5,3,1,0,1,1,1,0,2
534,2566,access_vlan:SW2:eth1:20+access_vlan:SW2:eth2:10+trunk_remove:SW1:eth3:20,6080,6086,0.7109624999999999,-12.75,6,True,False,True,False,False,incorrect_declare_done,0.005709027483438452,6,3,2,0,3,3,2,0,3
535,2567,access_vlan:SW1:eth1:20+access_vlan:SW1:eth2:10+access_vlan:SW2:eth1:20+access_vlan:SW2:eth2:10+trunk_remove:SW1:eth3:10,6086,6087,0.710915,-10.05,1,True,False,True,False,False,incorrect_declare_done,0.015281043015420437,1,0,0,0,0,0,0,0,1
536,2568,access_vlan:SW1:eth1:20+trunk_remove:SW1:eth3:10+trunk_remove:SW2:eth3:10,6087,6115,0.7095849999999999,-20.700000000000006,28,True,False,True,False,False,incorrect_declare_done,0.016532760828600397,28,14,13,0,9,6,8,0,3
537,2569,access_vlan:SW1:eth1:20+trunk_remove:SW1:eth3:10,6115,6130,0.7088725,-16.3,15,True,False,True,False,False,incorrect_declare_done,0.004722312542920311,15,10,3,0,5,4,5,0,4
538,2570,access_vlan:SW1:eth1:20,6130,6160,0.7074475,-12.500000000000009,30,True,False,False,True,False,step_limit,0.004367144568823278,30,20,10,0,10,6,9,0,3
539,2571,access_vlan:SW1:eth2:10+access_vlan:SW2:eth1:20+trunk_remove:SW1:eth3:10+trunk_remove:SW1:eth3:20+trunk_remove:SW2:eth3:10,6160,6164,0.7072575000000001,-10.8,4,True,False,True,False,False,incorrect_declare_done,0.004069111542776227,4,2,1,0,0,0,0,0,4
540,2572,access_vlan:SW1:eth2:10+access_vlan:SW2:eth1:20+trunk_remove:SW1:eth3:10+trunk_remove:SW1:eth3:20+trunk_remove:SW2:eth3:10+trunk_remove:SW2:eth3:20,6164,6174,0.7067825000000001,-13.3,10,True,False,True,False,False,incorrect_declare_done,0.005163299292325974,10,5,3,0,2,2,2,0,3
541,2573,access_vlan:SW1:eth1:20+access_vlan:SW2:eth1:20+access_vlan:SW2:eth2:10+trunk_remove:SW1:eth3:10+trunk_remove:SW1:eth3:20+trunk_remove:SW2:eth3:20,6174,6199,0.705595,-21.000000000000004,25,True,False,True,False,False,incorrect_declare_done,0.01709470383822918,25,18,5,0,9,4,9,0,4
542,2574,access_vlan:SW1:eth1:20+trunk_remove:SW2:eth3:20,6199,6205,0.7053100000000001,-10.950000000000001,6,True,False,True,False,False,incorrect_declare_done,0.003468245927554866,6,1,4,0,0,0,0,0,3
543,2575,access_vlan:SW1:eth2:10+access_vlan:SW2:eth1:20+trunk_remove:SW1:eth3:10+trunk_remove:SW1:eth3:20+trunk_remove:SW2:eth3:10+trunk_remove:SW2:eth3:20,6205,6235,0.7038850000000001,-12.000000000000002,30,True,False,False,True,False,step_limit,0.003705448703840375,30,19,10,0,9,5,7,0,3
544,2576,access_vlan:SW1:eth1:20+access_vlan:SW2:eth1:20+access_vlan:SW2:eth2:10+trunk_remove:SW1:eth3:20,6235,6240,0.7036475,-12.100000000000001,5,True,False,True,False,False,incorrect_declare_done,0.0041247672401368615,5,3,1,0,2,2,2,0,3
545,2577,access_vlan:SW2:eth1:20+trunk_remove:SW1:eth3:10+trunk_remove:SW1:eth3:20+trunk_remove:SW2:eth3:10,6240,6255,0.7029350000000001,-15.8,15,True,False,True,False,False,incorrect_declare_done,0.024253829242661597,15,9,3,0,4,3,3,0,1
546,2578,access_vlan:SW1:eth2:10+trunk_remove:SW1:eth3:10+trunk_remove:SW1:eth3:20,6255,6269,0.70227,-13.55,14,True,False,True,False,False,incorrect_declare_done,0.004300782540147858,14,6,6,0,1,1,1,0,3
547,2579,access_vlan:SW1:eth2:10+access_vlan:SW2:eth1:20+trunk_remove:SW1:eth3:20+trunk_remove:SW2:eth3:10+trunk_remove:SW2:eth3:20,6269,6299,0.7008449999999999,-12.800000000000004,30,True,False,False,True,False,step_limit,0.003787668258883059,30,21,8,0,10,5,9,0,3
548,2580,access_vlan:SW1:eth1:20+access_vlan:SW2:eth1:20+access_vlan:SW2:eth2:10+trunk_remove:SW1:eth3:20+trunk_remove:SW2:eth3:20,6299,6301,0.70075,-10.350000000000001,2,True,False,True,False,False,incorrect_declare_done,0.003656705725006759,2,1,0,0,0,0,0,0,3
549,2581,access_vlan:SW1:eth1:20+access_vlan:SW1:eth2:10+trunk_remove:SW1:eth3:10+trunk_remove:SW1:eth3:20+trunk_remove:SW2:eth3:10,6301,6304,0.7006075,-11.15,3,True,False,True,False,False,incorrect_declare_done,0.002922416664659977,3,2,0,0,1,1,1,0,3
550,2582,access_vlan:SW1:eth2:10+access_vlan:SW2:eth1:20+trunk_remove:SW1:eth3:10+trunk_remove:SW2:eth3:20,6304,6320,0.6998475,-15.8,16,True,False,True,False,False,incorrect_declare_done,0.023726717015961185,16,9,5,0,4,2,4,0,3
551,2583,access_vlan:SW1:eth1:20+access_vlan:SW1:eth2:10+trunk_remove:SW1:eth3:10+trunk_remove:SW1:eth3:20+trunk_remove:SW2:eth3:10,6320,6326,0.6995625000000001,-11.600000000000001,6,True,False,True,False,False,incorrect_declare_done,0.005224116689835985,6,2,3,0,1,1,1,0,2
552,2584,access_vlan:SW1:eth2:10+access_vlan:SW2:eth1:20+access_vlan:SW2:eth2:10+trunk_remove:SW2:eth3:10,6326,6333,0.69923,-11.25,7,True,False,True,False,False,incorrect_declare_done,0.004283307768803622,7,2,4,0,0,0,0,0,3
553,2585,access_vlan:SW2:eth1:20+access_vlan:SW2:eth2:10+trunk_remove:SW1:eth3:10+trunk_remove:SW2:eth3:10,6333,6360,0.6979474999999999,-18.55,27,True,False,True,False,False,incorrect_declare_done,0.0037639658354843655,27,12,12,0,5,3,5,0,4
554,2586,access_vlan:SW2:eth2:10+trunk_remove:SW2:eth3:10+trunk_remove:SW2:eth3:20,6360,6372,0.6973775,-13.6,12,True,False,True,False,False,incorrect_declare_done,0.0034703640073227384,12,5,5,0,2,1,2,0,3
555,2587,access_vlan:SW1:eth1:20+access_vlan:SW2:eth1:20+access_vlan:SW2:eth2:10+trunk_remove:SW1:eth3:10+trunk_remove:SW2:eth3:10,6372,6386,0.6967125000000001,-13.1,14,True,False,True,False,False,incorrect_declare_done,0.0038402853117856595,14,4,9,0,1,1,1,0,2
556,2588,access_vlan:SW1:eth2:10+access_vlan:SW2:eth1:20+access_vlan:SW2:eth2:10+trunk_remove:SW2:eth3:20,6386,6388,0.6966175,-10.200000000000001,2,True,False,True,False,False,incorrect_declare_done,0.1543280016630888,2,0,1,0,0,0,0,0,3
557,2589,access_vlan:SW1:eth1:20,6388,6410,0.6955724999999999,-20.650000000000006,22,True,False,True,False,False,incorrect_declare_done,0.0031732303323224187,22,12,8,0,11,5,8,0,3
558,2590,access_vlan:SW1:eth2:10+access_vlan:SW2:eth1:20+trunk_remove:SW1:eth3:10,6410,6420,0.6950974999999999,-13.15,10,True,False,True,False,False,incorrect_declare_done,0.003978885826654732,10,5,4,0,2,2,1,0,2
559,2591,access_vlan:SW1:eth1:20+access_vlan:SW1:eth2:10+trunk_remove:SW1:eth3:10+trunk_remove:SW2:eth3:20,6420,6424,0.6949075,-11.450000000000001,4,True,False,True,False,False,incorrect_declare_done,0.0035342351184226573,4,3,0,0,1,1,1,0,2
560,2592,access_vlan:SW2:eth1:20+trunk_remove:SW1:eth3:10,6424,6448,0.6937675,-19.75,24,True,False,True,False,False,incorrect_declare_done,0.004164761431942073,24,14,8,0,8,5,6,0,3
561,2593,access_vlan:SW2:eth1:20+trunk_remove:SW2:eth3:10,6448,6462,0.6931025,-14.25,14,True,False,True,False,False,incorrect_declare_done,0.00860203503231917,14,5,8,0,3,3,3,0,3
562,2594,access_vlan:SW1:eth1:20+access_vlan:SW2:eth2:10+trunk_remove:SW1:eth3:20,6462,6482,0.6921525,-17.5,20,True,False,True,False,False,incorrect_declare_done,0.023651574400719255,20,13,5,0,5,1,5,0,3
563,2595,access_vlan:SW2:eth1:20+trunk_remove:SW2:eth3:20,6482,6486,0.6919625,-11.8,4,True,False,True,False,False,incorrect_declare_done,0.006460702628828585,4,2,1,0,2,2,2,0,3
564,2596,access_vlan:SW1:eth1:20+access_vlan:SW2:eth1:20+access_vlan:SW2:eth2:10+trunk_remove:SW1:eth3:20+trunk_remove:SW2:eth3:10,6486,6508,0.6909175000000001,-17.8,22,True,False,True,False,False,incorrect_declare_done,0.006420292066071521,22,12,7,0,5,4,5,0,3
565,2597,access_vlan:SW1:eth2:10+access_vlan:SW2:eth1:20+access_vlan:SW2:eth2:10+trunk_remove:SW2:eth3:10,6508,6538,0.6894925000000001,-9.850000000000001,30,True,False,False,True,False,step_limit,0.018109255268548927,30,19,11,0,5,3,5,0,3
566,2598,access_vlan:SW1:eth1:20+access_vlan:SW2:eth1:20+access_vlan:SW2:eth2:10+trunk_remove:SW1:eth3:20,6538,6562,0.6883525,-20.1,24,True,False,True,False,False,incorrect_declare_done,0.007261640760892381,24,12,9,0,9,5,9,0,3
567,2599,trunk_remove:SW1:eth3:10+trunk_remove:SW2:eth3:10,6562,6585,0.68726,-22.750000000000007,23,True,False,True,False,False,incorrect_declare_done,0.018406316921438858,23,13,6,0,14,6,10,0,3
568,2600,access_vlan:SW2:eth1:20+trunk_remove:SW1:eth3:20,6585,6615,0.685835,-11.900000000000004,30,True,False,False,True,False,step_limit,0.024401143162200847,30,14,14,0,10,4,9,0,3
569,2601,access_vlan:SW1:eth1:20+access_vlan:SW1:eth2:10+access_vlan:SW2:eth2:10+trunk_remove:SW1:eth3:20,6615,6643,0.684505,-20.500000000000007,28,True,False,True,False,False,incorrect_declare_done,0.015003795843637948,28,15,11,0,8,4,8,0,2
570,2602,access_vlan:SW1:eth2:10+access_vlan:SW2:eth2:10+trunk_remove:SW1:eth3:20+trunk_remove:SW2:eth3:10,6643,6651,0.684125,-12.200000000000001,8,True,False,True,False,False,incorrect_declare_done,0.044218167779035866,8,4,3,0,1,1,1,0,2
571,2603,access_vlan:SW2:eth1:20+trunk_remove:SW1:eth3:10+trunk_remove:SW1:eth3:20+trunk_remove:SW2:eth3:20,6651,6672,0.6831275,-20.150000000000002,21,True,False,True,False,False,incorrect_declare_done,0.005658864348550283,21,11,6,0,10,4,7,0,4
572,2604,access_vlan:SW1:eth1:20+access_vlan:SW1:eth2:10+access_vlan:SW2:eth2:10+trunk_remove:SW1:eth3:10+trunk_remove:SW2:eth3:10,6672,6686,0.6824625,-12.75,14,True,False,True,False,False,incorrect_declare_done,0.0037993983465379904,14,3,8,0,0,0,0,0,3
573,2605,access_vlan:SW1:eth2:10+access_vlan:SW2:eth1:20+access_vlan:SW2:eth2:10+trunk_remove:SW1:eth3:10+trunk_remove:SW2:eth3:10,6686,6696,0.6819875,-14.8,10,True,False,True,False,False,incorrect_declare_done,0.004050302156247199,10,6,3,0,5,2,5,0,3
574,2606,access_vlan:SW1:eth1:20+access_vlan:SW1:eth2:10+trunk_remove:SW1:eth3:10+trunk_remove:SW2:eth3:10+trunk_remove:SW2:eth3:20,6696,6716,0.6810375,-16.9,20,True,False,True,False,False,incorrect_declare_done,0.02049204669892788,20,9,9,0,5,2,5,0,3
575,2607,access_vlan:SW1:eth1:20+access_vlan:SW1:eth2:10+trunk_remove:SW1:eth3:10+trunk_remove:SW1:eth3:20+trunk_remove:SW2:eth3:20,6716,6717,0.68099,-10.05,1,True,False,True,False,False,incorrect_declare_done,0.010402281768620014,1,0,0,0,0,0,0,0,2
576,2608,access_vlan:SW1:eth1:20+access_vlan:SW2:eth2:10+trunk_remove:SW1:eth3:20+trunk_remove:SW2:eth3:10+trunk_remove:SW2:eth3:20,6717,6718,0.6809425,-10.05,1,True,False,True,False,False,incorrect_declare_done,0.002526246476918459,1,0,0,0,0,0,0,0,4
577,2609,access_vlan:SW1:eth1:20+access_vlan:SW2:eth2:10+trunk_remove:SW1:eth3:20+trunk_remove:SW2:eth3:10,6718,6730,0.6803725,-14.9,12,True,False,True,False,False,incorrect_declare_done,0.004122652016424884,12,7,3,0,4,3,3,0,4
578,2610,access_vlan:SW1:eth1:20+access_vlan:SW1:eth2:10+access_vlan:SW2:eth2:10+trunk_remove:SW1:eth3:10+trunk_remove:SW1:eth3:20+trunk_remove:SW2:eth3:10,6730,6748,0.6795175,-15.55,18,True,False,True,False,False,incorrect_declare_done,0.02264560327037341,18,11,4,0,2,2,2,0,2
579,2611,access_vlan:SW2:eth1:20+access_vlan:SW2:eth2:10+trunk_remove:SW1:eth3:20+trunk_remove:SW2:eth3:20,6748,6750,0.6794225,-10.200000000000001,2,True,False,True,False,False,incorrect_declare_done,0.0032518469961360097,2,0,1,0,0,0,0,0,3
580,2612,access_vlan:SW2:eth2:10+trunk_remove:SW1:eth3:10+trunk_remove:SW1:eth3:20,6750,6772,0.6783775000000001,-20.800000000000004,22,True,False,True,False,False,incorrect_declare_done,0.01767333704893562,22,11,7,0,11,6,10,0,3
581,2613,access_vlan:SW1:eth1:20+access_vlan:SW1:eth2:10+access_vlan:SW2:eth2:10+trunk_remove:SW2:eth3:10,6772,6802,0.6769525000000001,-13.600000000000005,30,True,False,False,True,False,step_limit,0.003760185333279272,30,14,16,0,14,5,10,0,4
582,2614,access_vlan:SW1:eth1:20+access_vlan:SW2:eth1:20+trunk_remove:SW1:eth3:20,6802,6805,0.67681,-10.65,3,True,False,True,False,False,incorrect_declare_done,0.0048287718479211135,3,2,0,0,0,0,0,0,3
583,2615,access_vlan:SW1:eth1:20+access_vlan:SW2:eth1:20+trunk_remove:SW1:eth3:20,6805,6823,0.6759550000000001,-16.450000000000003,18,True,False,True,False,False,incorrect_declare_done,0.003688165012540089,18,9,8,0,5,5,4,0,3
584,2616,access_vlan:SW1:eth2:10+access_vlan:SW2:eth2:10+trunk_remove:SW2:eth3:10,6823,6853,0.6745300000000001,-10.200000000000003,30,True,False,False,True,False,step_limit,0.005152995286819836,30,16,12,0,6,4,6,0,3
585,2617,access_vlan:SW1:eth1:20+access_vlan:SW1:eth2:10+access_vlan:SW2:eth1:20+access_vlan:SW2:eth2:10+trunk_remove:SW1:eth3:20+trunk_remove:SW2:eth3:10,6853,6863,0.6740550000000001,-12.8,10,True,False,True,False,False,incorrect_declare_done,0.035393193201161924,10,5,3,0,1,1,1,1,1
586,2618,access_vlan:SW1:eth2:10+trunk_remove:SW1:eth3:20+trunk_remove:SW2:eth3:10,6863,6864,0.6740075,-10.05,1,True,False,True,False,False,incorrect_declare_done,0.0033390908502042294,1,0,0,0,0,0,0,0,3
587,2619,access_vlan:SW1:eth1:20+access_vlan:SW1:eth2:10+trunk_remove:SW1:eth3:10+trunk_remove:SW2:eth3:10+trunk_remove:SW2:eth3:20,6864,6870,0.6737225,-11.600000000000001,6,True,False,True,False,False,incorrect_declare_done,0.004062489101973672,6,1,3,0,1,1,1,0,2
588,2620,trunk_remove:SW1:eth3:10+trunk_remove:SW2:eth3:20,6870,6879,0.673295,-13.0,9,True,False,True,False,False,incorrect_declare_done,0.005146277395801412,9,5,3,0,2,2,2,0,4
589,2621,access_vlan:SW1:eth1:20+access_vlan:SW1:eth2:10+access_vlan:SW2:eth1:20+trunk_remove:SW1:eth3:10+trunk_remove:SW1:eth3:20+trunk_remove:SW2:eth3:10+trunk_remove:SW2:eth3:20,6879,6883,0.6731050000000001,-10.8,4,True,False,True,False,False,incorrect_declare_done,0.004044742381665856,4,2,1,0,0,0,0,0,3
590,2622,access_vlan:SW1:eth1:20+access_vlan:SW2:eth1:20+trunk_remove:SW1:eth3:20,6883,6886,0.6729625,-10.5,3,True,False,True,False,False,incorrect_declare_done,0.00479695713147521,3,1,1,0,0,0,0,0,4
591,2623,access_vlan:SW1:eth1:20+trunk_remove:SW1:eth3:10,6886,6916,0.6715375,-11.050000000000004,30,True,False,False,True,False,step_limit,0.013253989881680658,30,16,13,0,8,4,8,0,4
592,2624,trunk_remove:SW2:eth3:20,6916,6926,0.6710625,-13.5,10,True,False,True,False,False,incorrect_declare_done,0.0032006006222218275,10,4,5,0,3,3,2,0,2
593,2625,access_vlan:SW1:eth1:20+access_vlan:SW1:eth2:10+access_vlan:SW2:eth1:20+trunk_remove:SW2:eth3:10,6926,6929,0.67092,-10.350000000000001,3,True,False,True,False,False,incorrect_declare_done,0.0032915526535362005,3,0,2,0,0,0,0,0,3
594,2626,access_vlan:SW1:eth1:20+access_vlan:SW1:eth2:10+access_vlan:SW2:eth2:10+trunk_remove:SW1:eth3:10,6929,6936,0.6705875,-13.850000000000001,7,True,False,True,False,False,incorrect_declare_done,0.0034739094719822916,7,5,0,0,4,3,3,0,2
595,2627,access_vlan:SW1:eth1:20+access_vlan:SW2:eth1:20+access_vlan:SW2:eth2:10+trunk_remove:SW1:eth3:10+trunk_remove:SW2:eth3:10+trunk_remove:SW2:eth3:20,6936,6966,0.6691625,-10.850000000000003,30,True,False,False,True,False,step_limit,0.013375291705597193,30,16,11,0,7,5,7,0,3
596,2628,access_vlan:SW1:eth2:10+trunk_remove:SW1:eth3:10+trunk_remove:SW1:eth3:20,6966,6996,0.6677375,-13.000000000000005,30,True,False,False,True,False,step_limit,0.014212729521871855,30,19,10,0,11,5,9,0,4
597,2629,access_vlan:SW1:eth2:10+access_vlan:SW2:eth1:20+access_vlan:SW2:eth2:10+trunk_remove:SW1:eth3:10+trunk_remove:SW1:eth3:20+trunk_remove:SW2:eth3:10,6996,7026,0.6663125000000001,-14.30000000000001,30,True,False,False,True,False,step_limit,0.024718117803179968,30,18,8,0,13,6,10,0,2
598,2630,access_vlan:SW1:eth2:10+access_vlan:SW2:eth2:10+trunk_remove:SW1:eth3:10+trunk_remove:SW1:eth3:20,7026,7051,0.665125,-17.55,25,True,False,True,False,False,incorrect_declare_done,0.004035790273919701,25,16,8,0,3,1,3,0,2
599,2631,access_vlan:SW1:eth1:20+access_vlan:SW1:eth2:10+access_vlan:SW2:eth2:10+trunk_remove:SW1:eth3:10+trunk_remove:SW1:eth3:20+trunk_remove:SW2:eth3:10+trunk_remove:SW2:eth3:20,7051,7062,0.6646025,-13.9,11,True,False,True,False,False,incorrect_declare_done,0.004022900692441247,11,9,1,0,2,2,2,0,3
600,2632,access_vlan:SW1:eth2:10+trunk_remove:SW1:eth3:20+trunk_remove:SW2:eth3:10+trunk_remove:SW2:eth3:20,7062,7073,0.66408,-12.95,11,True,False,True,False,False,incorrect_declare_done,0.0048814349469136105,11,6,4,0,1,1,1,0,2
601,2633,access_vlan:SW2:eth1:20+access_vlan:SW2:eth2:10+trunk_remove:SW1:eth3:10+trunk_remove:SW1:eth3:20,7073,7086,0.6634625000000001,-14.25,13,True,False,True,False,False,incorrect_declare_done,0.00308964870726833,13,6,6,0,3,3,3,0,3
602,2634,trunk_remove:SW2:eth3:20,7086,7116,0.6620375000000001,-9.250000000000002,30,True,False,False,True,False,step_limit,0.03386392261988173,30,14,15,0,5,3,4,0,3
603,2635,access_vlan:SW1:eth1:20+access_vlan:SW2:eth2:10+trunk_remove:SW1:eth3:20+trunk_remove:SW2:eth3:10,7116,7118,0.6619425,-10.350000000000001,2,True,False,True,False,False,incorrect_declare_done,0.004053955897688866,2,1,0,0,0,0,0,0,4
604,2636,access_vlan:SW1:eth1:20+access_vlan:SW2:eth2:10+trunk_remove:SW1:eth3:10+trunk_remove:SW2:eth3:10,7118,7119,0.661895,-10.05,1,True,False,True,False,False,incorrect_declare_done,0.003774820128455758,1,0,0,0,0,0,0,0,4
605,2637,access_vlan:SW1:eth1:20+access_vlan:SW1:eth2:10+trunk_remove:SW1:eth3:20,7119,7126,0.6615625,-11.600000000000001,7,True,False,True,False,False,incorrect_declare_done,0.0031719604573611703,7,1,5,0,1,1,1,0,4
606,2638,access_vlan:SW1:eth1:20,7126,7135,0.661135,-14.0,9,True,False,True,False,False,incorrect_declare_done,0.03628044753956298,9,3,3,0,4,4,3,0,3
607,2639,access_vlan:SW1:eth2:10+access_vlan:SW2:eth2:10+trunk_remove:SW2:eth3:10,7135,7165,0.65971,-12.850000000000007,30,True,False,False,True,False,step_limit,0.0036768845476520557,30,19,11,0,11,6,8,1,3
608,2640,access_vlan:SW1:eth1:20+access_vlan:SW1:eth2:10+trunk_remove:SW1:eth3:20,7165,7170,0.6594725,-10.8,5,True,False,True,False,False,incorrect_declare_done,0.002937797736376524,5,1,3,0,0,0,0,0,3
609,2641,access_vlan:SW1:eth2:10+trunk_remove:SW1:eth3:10+trunk_remove:SW1:eth3:20+trunk_remove:SW2:eth3:10,7170,7198,0.6581425000000001,-20.150000000000006,28,True,False,True,False,False,incorrect_declare_done,0.013530343529834812,28,16,10,0,7,4,6,0,3
610,2642,access_vlan:SW1:eth1:20+access_vlan:SW1:eth2:10+access_vlan:SW2:eth1:20+access_vlan:SW2:eth2:10+trunk_remove:SW1:eth3:10+trunk_remove:SW1:eth3:20+trunk_remove:SW2:eth3:10,7198,7200,0.6580475,-10.850000000000001,2,True,False,True,False,False,incorrect_declare_done,0.0036821269895881414,2,1,0,0,1,1,1,0,3
611,2643,access_vlan:SW1:eth1:20+access_vlan:SW1:eth2:10+access_vlan:SW2:eth1:20+access_vlan:SW2:eth2:10,7200,7222,0.6570025,-22.300000000000004,22,True,False,True,False,False,incorrect_declare_done,0.017803282868540424,22,12,7,0,14,6,7,2,4
612,2644,access_vlan:SW1:eth2:10+trunk_remove:SW2:eth3:20,7222,7229,0.6566700000000001,-13.25,7,True,False,True,False,False,incorrect_declare_done,0.047055739776364396,7,2,4,0,4,4,2,0,4
613,2645,access_vlan:SW1:eth1:20+access_vlan:SW2:eth1:20+trunk_remove:SW1:eth3:10+trunk_remove:SW1:eth3:20+trunk_remove:SW2:eth3:20,7229,7244,0.6559575,-15.65,15,True,False,True,False,False,incorrect_declare_done,0.004745729671170314,15,9,4,0,4,3,4,0,4
614,2646,access_vlan:SW1:eth2:10+access_vlan:SW2:eth1:20+access_vlan:SW2:eth2:10+trunk_remove:SW1:eth3:10+trunk_remove:SW1:eth3:20+trunk_remove:SW2:eth3:10,7244,7246,0.6558625,-10.850000000000001,2,True,False,True,False,False,incorrect_declare_done,0.004792089341208339,2,1,0,0,1,1,1,0,4
615,2647,access_vlan:SW1:eth1:20+access_vlan:SW1:eth2:10+access_vlan:SW2:eth1:20+trunk_remove:SW1:eth3:10+trunk_remove:SW1:eth3:20+trunk_remove:SW2:eth3:10+trunk_remove:SW2:eth3:20,7246,7257,0.65534,-12.8,11,True,False,True,False,False,incorrect_declare_done,0.003655244278806177,11,5,5,0,1,1,1,0,3
616,2648,access_vlan:SW1:eth2:10+access_vlan:SW2:eth1:20+access_vlan:SW2:eth2:10,7257,7267,0.654865,6.65,10,True,False,True,False,True,recovery_success,0.0038951257360167802,10,3,6,0,3,3,2,0,0
617,2649,access_vlan:SW1:eth2:10+trunk_remove:SW1:eth3:10,7267,7269,0.6547700000000001,-10.200000000000001,2,True,False,True,False,False,incorrect_declare_done,0.002852067584171891,2,0,1,0,0,0,0,0,3
618,2650,access_vlan:SW1:eth1:20+access_vlan:SW1:eth2:10+access_vlan:SW2:eth1:20+trunk_remove:SW1:eth3:20,7269,7283,0.654105,-16.200000000000003,14,True,False,True,False,False,incorrect_declare_done,0.04682253352699003,14,7,5,0,6,4,6,0,4
619,2651,access_vlan:SW1:eth1:20+access_vlan:SW2:eth2:10+trunk_remove:SW1:eth3:10+trunk_remove:SW2:eth3:20,7283,7292,0.6536775,-14.8,9,True,False,True,False,False,incorrect_declare_done,0.003724699089717534,9,6,1,0,5,4,4,0,4
620,2652,access_vlan:SW1:eth1:20+trunk_remove:SW1:eth3:10+trunk_remove:SW1:eth3:20+trunk_remove:SW2:eth3:10+trunk_remove:SW2:eth3:20,7292,7295,0.653535,-10.65,3,True,False,True,False,False,incorrect_declare_done,0.10308886365965009,3,2,0,0,0,0,0,0,2
621,2653,access_vlan:SW2:eth2:10+trunk_remove:SW1:eth3:10+trunk_remove:SW2:eth3:10+trunk_remove:SW2:eth3:20,7295,7296,0.6534875,-10.05,1,True,False,True,False,False,incorrect_declare_done,0.004499398171901703,1,0,0,0,0,0,0,0,3
622,2654,access_vlan:SW1:eth1:20+access_vlan:SW2:eth1:20+access_vlan:SW2:eth2:10+trunk_remove:SW1:eth3:10+trunk_remove:SW2:eth3:20,7296,7326,0.6520625,-15.850000000000007,30,True,False,False,True,False,step_limit,0.013303108047693968,30,18,11,0,17,6,12,0,4
623,2655,access_vlan:SW1:eth1:20+access_vlan:SW2:eth1:20+access_vlan:SW2:eth2:10+trunk_remove:SW2:eth3:20,7326,7329,0.65192,-10.65,3,True,False,True,False,False,incorrect_declare_done,0.002915393483514587,3,2,0,0,0,0,0,0,3
624,2656,access_vlan:SW1:eth2:10+trunk_remove:SW1:eth3:20+trunk_remove:SW2:eth3:20,7329,7353,0.65078,-17.0,24,True,False,True,False,False,incorrect_declare_done,0.002810118685980948,24,9,13,0,4,4,4,0,2
625,2657,access_vlan:SW1:eth1:20+access_vlan:SW1:eth2:10+access_vlan:SW2:eth2:10+trunk_remove:SW2:eth3:20,7353,7383,0.649355,-15.20000000000001,30,True,False,False,True,False,step_limit,0.002987672307062894,30,17,12,0,16,6,11,0,3
626,2658,access_vlan:SW1:eth1:20+access_vlan:SW1:eth2:10+trunk_remove:SW2:eth3:10+trunk_remove:SW2:eth3:20,7383,7404,0.6483575,-17.25,21,True,False,True,False,False,incorrect_declare_done,0.0032429909499894294,21,7,12,0,6,4,4,0,3
627,2659,access_vlan:SW2:eth1:20+trunk_remove:SW1:eth3:10+trunk_remove:SW1:eth3:20+trunk_remove:SW2:eth3:10,7404,7434,0.6469325,-12.700000000000008,30,True,False,False,True,False,step_limit,0.013342918059788645,30,18,12,0,11,6,10,0,4
628,2660,access_vlan:SW1:eth1:20+access_vlan:SW2:eth1:20+trunk_remove:SW1:eth3:10+trunk_remove:SW1:eth3:20+trunk_remove:SW2:eth3:20,7434,7449,0.64622,-16.05,15,True,False,True,False,False,incorrect_declare_done,0.0036144152516499163,15,6,8,0,6,4,3,0,4
629,2661,access_vlan:SW1:eth1:20+access_vlan:SW1:eth2:10+access_vlan:SW2:eth1:20+trunk_remove:SW2:eth3:10,7449,7453,0.6460300000000001,-10.5,4,True,False,True,False,False,incorrect_declare_done,0.0043134502484463155,4,0,3,0,0,0,0,0,3
630,2662,access_vlan:SW2:eth1:20+trunk_remove:SW2:eth3:20,7453,7455,0.645935,-10.200000000000001,2,True,False,True,False,False,incorrect_declare_done,0.0037698171800002456,2,0,1,0,0,0,0,0,3
631,2663,trunk_remove:SW2:eth3:10,7455,7471,0.645175,-16.150000000000002,16,True,False,True,False,False,incorrect_declare_done,0.0027956303347309586,16,9,6,0,5,5,5,0,4
632,2664,trunk_remove:SW1:eth3:10+trunk_remove:SW1:eth3:20+trunk_remove:SW2:eth3:20,7471,7501,0.64375,-8.900000000000004,30,True,False,False,True,False,step_limit,0.013602145202457904,30,15,14,0,4,3,4,0,2
633,2665,access_vlan:SW1:eth2:10+access_vlan:SW2:eth1:20+access_vlan:SW2:eth2:10+trunk_remove:SW1:eth3:10+trunk_remove:SW1:eth3:20+trunk_remove:SW2:eth3:10,7501,7519,0.642895,-15.1,18,True,False,True,False,False,incorrect_declare_done,0.021463270855343178,18,9,7,0,2,1,2,0,3
634,2666,access_vlan:SW1:eth2:10+trunk_remove:SW2:eth3:10+trunk_remove:SW2:eth3:20,7519,7549,0.64147,-14.00000000000001,30,True,False,False,True,False,step_limit,0.0238730326294899,30,18,10,0,13,6,10,1,1
635,2667,access_vlan:SW1:eth1:20+access_vlan:SW1:eth2:10+access_vlan:SW2:eth2:10+trunk_remove:SW1:eth3:10+trunk_remove:SW1:eth3:20,7549,7561,0.6409,-12.65,12,True,False,True,False,False,incorrect_declare_done,0.029080799761383485,12,3,8,0,1,1,1,0,3
636,2668,access_vlan:SW1:eth2:10+access_vlan:SW2:eth2:10+trunk_remove:SW2:eth3:10,7561,7564,0.6407575000000001,-10.5,3,True,False,True,False,False,incorrect_declare_done,0.00248682809372743,3,1,1,0,0,0,0,0,4
637,2669,access_vlan:SW2:eth1:20+access_vlan:SW2:eth2:10+trunk_remove:SW1:eth3:10+trunk_remove:SW1:eth3:20+trunk_remove:SW2:eth3:10+trunk_remove:SW2:eth3:20,7564,7572,0.6403775,-12.05,8,True,False,True,False,False,incorrect_declare_done,0.04432337009347975,8,3,4,0,1,1,1,0,3
638,2670,access_vlan:SW1:eth2:10+trunk_remove:SW2:eth3:10+trunk_remove:SW2:eth3:20,7572,7602,0.6389525,-10.800000000000002,30,True,False,False,True,False,step_limit,0.008448415187497933,30,20,8,0,6,4,6,0,3
639,2671,access_vlan:SW1:eth1:20+access_vlan:SW2:eth1:20+trunk_remove:SW1:eth3:20,7602,7632,0.6375275,-13.150000000000006,30,True,False,False,True,False,step_limit,0.004701259840900699,30,17,9,0,11,5,9,0,3
640,2672,access_vlan:SW2:eth2:10+trunk_remove:SW1:eth3:10+trunk_remove:SW1:eth3:20,7632,7634,0.6374325000000001,-10.200000000000001,2,True,False,True,False,False,incorrect_declare_done,0.002718399278819561,2,0,1,0,0,0,0,0,3
641,2673,access_vlan:SW2:eth1:20+trunk_remove:SW1:eth3:10+trunk_remove:SW1:eth3:20,7634,7638,0.6372424999999999,-10.65,4,True,False,True,False,False,incorrect_declare_done,0.0035045776166953146,4,1,2,0,0,0,0,0,2
642,2674,access_vlan:SW2:eth1:20+access_vlan:SW2:eth2:10+trunk_remove:SW2:eth3:10+trunk_remove:SW2:eth3:20,7638,7662,0.6361025,-17.950000000000003,24,True,False,True,False,False,incorrect_declare_done,0.004629007162293419,24,12,10,0,5,2,5,0,4
643,2675,access_vlan:SW1:eth1:20+access_vlan:SW2:eth2:10+trunk_remove:SW1:eth3:20+trunk_remove:SW2:eth3:10+trunk_remove:SW2:eth3:20,7662,7678,0.6353424999999999,-14.0,16,True,False,True,False,False,incorrect_declare_done,0.004106684340513311,16,6,7,0,1,1,1,0,3
644,2676,access_vlan:SW1:eth1:20+access_vlan:SW2:eth1:20+trunk_remove:SW2:eth3:10,7678,7680,0.6352475,-11.350000000000001,2,True,False,True,False,False,incorrect_declare_done,0.003292001667432487,2,1,0,0,2,2,1,0,4
645,2677,access_vlan:SW1:eth1:20+trunk_remove:SW1:eth3:10+trunk_remove:SW2:eth3:10+trunk_remove:SW2:eth3:20,7680,7685,0.6350100000000001,-11.950000000000001,5,True,False,True,False,False,incorrect_declare_done,0.003962991805747151,5,2,2,0,2,2,2,0,3
646,2678,trunk_remove:SW1:eth3:10,7685,7703,0.634155,-17.1,18,True,False,True,False,False,incorrect_declare_done,0.0030625135987065732,18,10,7,0,6,4,5,0,4
647,2679,access_vlan:SW1:eth1:20+access_vlan:SW1:eth2:10+access_vlan:SW2:eth1:20+trunk_remove:SW1:eth3:20,7703,7733,0.63273,-8.450000000000001,30,True,False,False,True,False,step_limit,0.014959463543103386,30,11,17,0,4,2,3,0,3
648,2680,access_vlan:SW2:eth1:20+trunk_remove:SW1:eth3:10+trunk_remove:SW1:eth3:20+trunk_remove:SW2:eth3:20,7733,7736,0.6325875000000001,-11.15,3,True,False,True,False,False,incorrect_declare_done,0.0046823226536313696,3,2,0,0,1,1,1,0,4
649,2681,access_vlan:SW1:eth2:10+trunk_remove:SW1:eth3:20+trunk_remove:SW2:eth3:10,7736,7763,0.631305,-18.5,27,True,False,True,False,False,incorrect_declare_done,0.003358766574550558,27,14,9,0,4,2,4,0,4
650,2682,trunk_remove:SW1:eth3:20+trunk_remove:SW2:eth3:10+trunk_remove:SW2:eth3:20,7763,7768,0.6310675000000001,-11.450000000000001,5,True,False,True,False,False,incorrect_declare_done,0.002662699343636632,5,1,2,0,1,1,1,0,2
651,2683,access_vlan:SW2:eth2:10+trunk_remove:SW1:eth3:10+trunk_remove:SW2:eth3:10+trunk_remove:SW2:eth3:20,7768,7779,0.630545,-11.850000000000001,11,True,False,True,False,False,incorrect_declare_done,0.0039531519128517675,11,2,8,0,0,0,0,0,3
652,2684,access_vlan:SW1:eth1:20+access_vlan:SW1:eth2:10+trunk_remove:SW1:eth3:20+trunk_remove:SW2:eth3:20,7779,7790,0.6300224999999999,-12.95,11,True,False,True,False,False,incorrect_declare_done,0.058405933076177134,11,6,4,0,1,1,1,0,3
653,2685,access_vlan:SW1:eth2:10+access_vlan:SW2:eth2:10+trunk_remove:SW1:eth3:20+trunk_remove:SW2:eth3:10+trunk_remove:SW2:eth3:20,7790,7794,0.6298325,-10.950000000000001,4,True,False,True,False,False,incorrect_declare_done,0.0021923512686043978,4,2,0,0,0,0,0,0,3
654,2686,access_vlan:SW1:eth2:10+access_vlan:SW2:eth1:20+access_vlan:SW2:eth2:10+trunk_remove:SW1:eth3:10,7794,7795,0.629785,-10.05,1,True,False,True,False,False,incorrect_declare_done,0.0021050777286291122,1,0,0,0,0,0,0,0,3
655,2687,access_vlan:SW1:eth1:20+access_vlan:SW2:eth2:10+trunk_remove:SW1:eth3:10,7795,7799,0.629595,-10.5,4,True,False,True,False,False,incorrect_declare_done,0.0036776515771634877,4,0,3,0,0,0,0,0,4
656,2688,access_vlan:SW2:eth1:20+access_vlan:SW2:eth2:10+trunk_remove:SW1:eth3:20+trunk_remove:SW2:eth3:10+trunk_remove:SW2:eth3:20,7799,7800,0.6295474999999999,-10.05,1,True,False,True,False,False,incorrect_declare_done,0.0074600777588784695,1,0,0,0,0,0,0,0,2
657,2689,access_vlan:SW1:eth1:20+access_vlan:SW1:eth2:10+access_vlan:SW2:eth1:20+trunk_remove:SW1:eth3:20,7800,7825,0.62836,-18.6,25,True,False,True,False,False,incorrect_declare_done,0.0026687919534742833,25,10,11,0,6,4,6,0,4
658,2690,access_vlan:SW1:eth1:20+access_vlan:SW1:eth2:10+access_vlan:SW2:eth2:10+trunk_remove:SW2:eth3:10,7825,7841,0.6275999999999999,-14.5,16,True,False,True,False,False,incorrect_declare_done,0.022332798820571043,16,7,7,0,2,1,2,0,2
659,2691,access_vlan:SW1:eth2:10+access_vlan:SW2:eth1:20+access_vlan:SW2:eth2:10+trunk_remove:SW2:eth3:10+trunk_remove:SW2:eth3:20,7841,7871,0.6261749999999999,-12.750000000000007,30,True,False,False,True,False,step_limit,0.013110520512176057,30,13,15,0,12,6,9,0,4
660,2692,access_vlan:SW1:eth1:20+access_vlan:SW2:eth1:20+trunk_remove:SW1:eth3:10+trunk_remove:SW1:eth3:20,7871,7877,0.6258900000000001,-11.100000000000001,6,True,False,True,False,False,incorrect_declare_done,0.0029509900487028062,6,2,3,0,0,0,0,0,3
661,2693,access_vlan:SW1:eth2:10+access_vlan:SW2:eth1:20+access_vlan:SW2:eth2:10+trunk_remove:SW1:eth3:10+trunk_remove:SW1:eth3:20+trunk_remove:SW2:eth3:10,7877,7899,0.6248450000000001,-16.35,22,True,False,True,False,False,incorrect_declare_done,0.016225110718303105,22,9,10,0,3,2,3,0,3
662,2694,access_vlan:SW1:eth2:10+access_vlan:SW2:eth1:20+access_vlan:SW2:eth2:10+trunk_remove:SW1:eth3:10+trunk_remove:SW2:eth3:10,7899,7923,0.623705,-19.800000000000004,24,True,False,True,False,False,incorrect_declare_done,0.028167142207773093,24,12,11,0,9,6,8,0,4
663,2695,access_vlan:SW1:eth2:10+access_vlan:SW2:eth1:20+access_vlan:SW2:eth2:10+trunk_remove:SW2:eth3:20,7923,7931,0.623325,-13.0,8,True,False,True,False,False,incorrect_declare_done,0.0032969896565191448,8,6,1,0,2,2,1,0,2
664,2696,access_vlan:SW1:eth1:20+access_vlan:SW2:eth1:20+trunk_remove:SW1:eth3:10,7931,7942,0.6228024999999999,-13.15,11,True,False,True,False,False,incorrect_declare_done,0.03116224283902821,11,4,6,0,2,2,1,0,3
665,2697,access_vlan:SW2:eth2:10+trunk_remove:SW1:eth3:20+trunk_remove:SW2:eth3:20,7942,7972,0.6213775,-9.750000000000002,30,True,False,False,True,False,step_limit,0.004781889100559056,30,14,15,0,6,6,6,0,3
666,2698,access_vlan:SW1:eth1:20+access_vlan:SW2:eth1:20+trunk_remove:SW1:eth3:20+trunk_remove:SW2:eth3:20,7972,7975,0.621235,-11.15,3,True,False,True,False,False,incorrect_declare_done,0.0034766693133860826,3,2,0,0,1,1,1,0,3
667,2699,access_vlan:SW1:eth2:10+access_vlan:SW2:eth1:20,7975,7983,0.6208549999999999,-11.55,8,True,False,True,False,False,incorrect_declare_done,0.041753173049073666,8,3,4,0,0,0,0,0,4
668,2700,access_vlan:SW2:eth1:20+access_vlan:SW2:eth2:10+trunk_remove:SW2:eth3:10,7983,7998,0.6201425,-14.65,15,True,False,True,False,False,incorrect_declare_done,0.04317472011316568,15,9,4,0,2,2,2,0,3
669,2701,access_vlan:SW1:eth1:20+access_vlan:SW2:eth1:20+trunk_remove:SW1:eth3:20+trunk_remove:SW2:eth3:10+trunk_remove:SW2:eth3:20,7998,8017,0.61924,-18.400000000000002,19,True,False,True,False,False,incorrect_declare_done,0.03599214804432306,19,9,7,0,8,6,6,0,2
670,2702,access_vlan:SW1:eth1:20+trunk_remove:SW1:eth3:10+trunk_remove:SW1:eth3:20+trunk_remove:SW2:eth3:10+trunk_remove:SW2:eth3:20,8017,8047,0.617815,-9.400000000000004,30,True,False,False,True,False,step_limit,0.01437430476071313,30,13,14,0,5,2,5,0,4
671,2703,access_vlan:SW1:eth1:20+access_vlan:SW2:eth1:20+trunk_remove:SW1:eth3:20,8047,8077,0.61639,-13.650000000000011,30,True,False,False,True,False,step_limit,0.004718376129555206,30,19,9,0,12,6,8,0,3
672,2704,access_vlan:SW1:eth1:20+access_vlan:SW2:eth1:20+trunk_remove:SW2:eth3:10,8077,8083,0.616105,-13.25,6,True,False,True,False,False,incorrect_declare_done,0.0032753735625495515,6,2,2,0,4,4,2,0,4
673,2705,access_vlan:SW1:eth2:10+access_vlan:SW2:eth2:10+trunk_remove:SW1:eth3:10+trunk_remove:SW1:eth3:20,8083,8113,0.61468,-11.050000000000002,30,True,False,False,True,False,step_limit,0.013931355307189126,30,16,13,0,8,5,7,0,3
674,2706,trunk_remove:SW1:eth3:10+trunk_remove:SW1:eth3:20+trunk_remove:SW2:eth3:10+trunk_remove:SW2:eth3:20,8113,8117,0.61449,-11.3,4,True,False,True,False,False,incorrect_declare_done,0.00521063560154289,4,2,1,0,1,1,1,0,3
675,2707,access_vlan:SW1:eth2:10+access_vlan:SW2:eth2:10+trunk_remove:SW1:eth3:10+trunk_remove:SW1:eth3:20,8117,8124,0.6141575,-12.200000000000001,7,True,False,True,False,False,incorrect_declare_done,0.0031185700624649015,7,4,1,0,1,1,1,0,4
676,2708,access_vlan:SW1:eth1:20+access_vlan:SW2:eth1:20+trunk_remove:SW2:eth3:10,8124,8153,0.61278,-19.85,29,True,False,True,False,False,incorrect_declare_done,0.003474572966485445,29,13,14,0,7,5,7,0,3
677,2709,access_vlan:SW1:eth2:10+access_vlan:SW2:eth1:20+trunk_remove:SW1:eth3:10,8153,8155,0.612685,-10.200000000000001,2,True,False,True,False,False,incorrect_declare_done,0.0028521043714135885,2,0,1,0,0,0,0,0,4
678,2710,trunk_remove:SW2:eth3:20,8155,8185,0.61126,-14.950000000000006,30,True,False,False,True,False,step_limit,0.02365972279027725,30,20,7,0,14,6,12,0,4
679,2711,access_vlan:SW1:eth1:20+trunk_remove:SW2:eth3:20,8185,8215,0.609835,-13.350000000000007,30,True,False,False,True,False,step_limit,0.013611496756008515,30,17,11,0,12,6,10,0,3
680,2712,access_vlan:SW1:eth2:10+access_vlan:SW2:eth1:20+trunk_remove:SW1:eth3:10+trunk_remove:SW1:eth3:20+trunk_remove:SW2:eth3:10,8215,8217,0.60974,-10.350000000000001,2,True,False,True,False,False,incorrect_declare_done,0.007080981507897377,2,1,0,0,0,0,0,0,3
681,2713,access_vlan:SW1:eth1:20+trunk_remove:SW2:eth3:10+trunk_remove:SW2:eth3:20,8217,8240,0.6086475,-17.6,23,True,False,True,False,False,incorrect_declare_done,0.016890579708042027,23,13,7,0,4,2,4,0,3
682,2714,access_vlan:SW1:eth1:20+access_vlan:SW2:eth1:20+access_vlan:SW2:eth2:10+trunk_remove:SW1:eth3:20+trunk_remove:SW2:eth3:10,8240,8255,0.607935,-15.55,15,True,False,True,False,False,incorrect_declare_done,0.024970455079649886,15,6,8,0,5,5,4,0,4
683,2715,access_vlan:SW2:eth2:10+trunk_remove:SW1:eth3:10+trunk_remove:SW2:eth3:20,8255,8277,0.60689,-16.05,22,True,False,True,False,False,incorrect_declare_done,0.030414105382409285,22,9,12,0,3,2,3,0,3
684,2716,access_vlan:SW1:eth2:10+access_vlan:SW2:eth2:10+trunk_remove:SW2:eth3:10,8277,8307,0.605465,-9.750000000000004,30,True,False,False,True,False,step_limit,0.013419938021494696,30,14,15,0,6,3,6,0,4
685,2717,access_vlan:SW2:eth1:20+access_vlan:SW2:eth2:10+trunk_remove:SW1:eth3:20+trunk_remove:SW2:eth3:10+trunk_remove:SW2:eth3:20,8307,8311,0.605275,-11.15,4,True,False,True,False,False,incorrect_declare_done,0.003576790972147137,4,1,2,0,1,1,1,0,3
686,2718,access_vlan:SW1:eth2:10+access_vlan:SW2:eth1:20,8311,8328,0.6044675,-14.850000000000001,17,True,False,True,False,False,incorrect_declare_done,0.038017733306760955,17,4,10,0,3,3,2,0,4
687,2719,access_vlan:SW1:eth1:20+trunk_remove:SW1:eth3:10,8328,8341,0.60385,-13.95,13,True,False,True,False,False,incorrect_declare_done,0.0045231818758810945,13,3,8,0,3,2,3,0,3
688,2720,access_vlan:SW1:eth2:10+access_vlan:SW2:eth1:20+trunk_remove:SW1:eth3:20+trunk_remove:SW2:eth3:10+trunk_remove:SW2:eth3:20,8341,8371,0.602425,-7.75,30,True,False,False,True,False,step_limit,0.0028305052197538315,30,13,15,0,2,2,2,0,3
689,2721,access_vlan:SW1:eth1:20+access_vlan:SW2:eth2:10+trunk_remove:SW1:eth3:20+trunk_remove:SW2:eth3:20,8371,8374,0.6022825,-10.65,3,True,False,True,False,False,incorrect_declare_done,0.004722352993364136,3,1,0,0,0,0,0,0,4
690,2722,access_vlan:SW1:eth1:20+access_vlan:SW1:eth2:10+access_vlan:SW2:eth1:20+trunk_remove:SW1:eth3:10+trunk_remove:SW1:eth3:20+trunk_remove:SW2:eth3:20,8374,8404,0.6008575,-9.250000000000004,30,True,False,False,True,False,step_limit,0.002860131560980032,30,15,15,0,5,4,5,0,2
691,2723,access_vlan:SW1:eth1:20+access_vlan:SW2:eth1:20+access_vlan:SW2:eth2:10+trunk_remove:SW2:eth3:10+trunk_remove:SW2:eth3:20,8404,8417,0.60024,-12.450000000000001,13,True,False,True,False,False,incorrect_declare_done,0.026188031832974117,13,3,8,0,0,0,0,0,3
692,2724,trunk_remove:SW2:eth3:10+trunk_remove:SW2:eth3:20,8417,8420,0.6000975,-11.0,3,True,False,True,False,False,incorrect_declare_done,0.0015879325025404494,3,1,1,0,1,1,1,0,3
693,2725,access_vlan:SW2:eth2:10+trunk_remove:SW1:eth3:10+trunk_remove:SW1:eth3:20+trunk_remove:SW2:eth3:10+trunk_remove:SW2:eth3:20,8420,8421,0.60005,-10.05,1,True,False,True,False,False,incorrect_declare_done,0.0034149333368986845,1,0,0,0,0,0,0,0,3
694,2726,access_vlan:SW1:eth2:10+trunk_remove:SW1:eth3:10+trunk_remove:SW1:eth3:20+trunk_remove:SW2:eth3:20,8421,8435,0.5993850000000001,-13.1,14,True,False,True,False,False,incorrect_declare_done,0.003706125243167792,14,4,9,0,1,1,1,0,3
695,2727,access_vlan:SW1:eth2:10+access_vlan:SW2:eth2:10+trunk_remove:SW1:eth3:10,8435,8450,0.5986725,-14.55,15,True,False,True,False,False,incorrect_declare_done,0.0045119693658004206,15,5,8,0,3,3,2,0,3
696,2728,access_vlan:SW1:eth1:20+access_vlan:SW1:eth2:10+access_vlan:SW2:eth1:20+trunk_remove:SW2:eth3:20,8450,8471,0.597675,-18.35,21,True,False,True,False,False,incorrect_declare_done,0.0028372788857225152,21,12,8,0,7,5,5,0,3
697,2729,access_vlan:SW1:eth2:10+access_vlan:SW2:eth1:20+trunk_remove:SW1:eth3:20+trunk_remove:SW2:eth3:10,8471,8501,0.59625,-12.200000000000005,30,True,False,False,True,False,step_limit,0.013922826786680768,30,15,12,0,10,6,9,0,3
698,2730,access_vlan:SW1:eth1:20+access_vlan:SW1:eth2:10+access_vlan:SW2:eth1:20+trunk_remove:SW1:eth3:10,8501,8513,0.59568,-13.45,12,True,False,True,False,False,incorrect_declare_done,0.03264553522846351,12,5,6,0,2,2,2,0,3
699,2731,access_vlan:SW1:eth1:20+access_vlan:SW2:eth1:20+trunk_remove:SW1:eth3:10,8513,8540,0.5943975,-17.9,27,True,False,True,False,False,incorrect_declare_done,0.018740680085978022,27,13,13,0,4,3,3,0,2
700,2732,access_vlan:SW2:eth1:20+trunk_remove:SW1:eth3:10+trunk_remove:SW1:eth3:20,8540,8551,0.593875,-13.3,11,True,False,True,False,False,incorrect_declare_done,0.004282077266411347,11,5,5,0,2,1,2,0,2
701,2733,access_vlan:SW1:eth1:20+access_vlan:SW1:eth2:10+trunk_remove:SW1:eth3:10+trunk_remove:SW1:eth3:20+trunk_remove:SW2:eth3:10+trunk_remove:SW2:eth3:20,8551,8568,0.5930675000000001,-14.65,17,True,False,True,False,False,incorrect_declare_done,0.004740085986935917,17,7,8,0,2,2,2,0,2
702,2734,access_vlan:SW1:eth1:20+access_vlan:SW1:eth2:10+access_vlan:SW2:eth2:10+trunk_remove:SW1:eth3:10+trunk_remove:SW1:eth3:20+trunk_remove:SW2:eth3:10,8568,8592,0.5919275,-16.150000000000002,24,True,False,True,False,False,incorrect_declare_done,0.01657741910700376,24,10,12,0,2,1,2,0,4
703,2735,access_vlan:SW1:eth2:10+trunk_remove:SW1:eth3:10+trunk_remove:SW1:eth3:20+trunk_remove:SW2:eth3:10,8592,8622,0.5905025,-8.600000000000003,30,True,False,False,True,False,step_limit,0.003319576720241457,30,13,16,0,4,4,4,0,2
704,2736,trunk_remove:SW1:eth3:10,8622,8635,0.589885,-15.9,13,True,False,True,False,False,incorrect_declare_done,0.0035729835418841015,13,6,5,0,6,4,5,0,4
705,2737,access_vlan:SW2:eth2:10+trunk_remove:SW1:eth3:10+trunk_remove:SW2:eth3:10,8635,8657,0.58884,-16.25,22,True,False,True,False,False,incorrect_declare_done,0.002942757117456164,22,6,14,0,4,4,2,0,4
706,2738,access_vlan:SW2:eth2:10+trunk_remove:SW1:eth3:10+trunk_remove:SW1:eth3:20,8657,8666,0.5884125,-11.700000000000001,9,True,False,True,False,False,incorrect_declare_done,0.002920877654105425,9,3,5,0,0,0,0,0,2
707,2739,access_vlan:SW1:eth2:10+trunk_remove:SW1:eth3:20+trunk_remove:SW2:eth3:10,8666,8669,0.5882700000000001,-10.65,3,True,False,True,False,False,incorrect_declare_done,0.003288508082429568,3,2,0,0,0,0,0,0,3
708,2740,access_vlan:SW1:eth2:10+access_vlan:SW2:eth1:20+trunk_remove:SW1:eth3:10+trunk_remove:SW2:eth3:20,8669,8678,0.5878425,-12.700000000000001,9,True,False,True,False,False,incorrect_declare_done,0.0041813961126738125,9,3,5,0,2,2,2,0,3
709,2741,access_vlan:SW1:eth2:10+access_vlan:SW2:eth1:20+trunk_remove:SW1:eth3:10+trunk_remove:SW2:eth3:10+trunk_remove:SW2:eth3:20,8678,8681,0.5877,-10.5,3,True,False,True,False,False,incorrect_declare_done,0.0019580372997249165,3,1,1,0,0,0,0,0,3
710,2742,access_vlan:SW1:eth1:20+access_vlan:SW2:eth1:20+access_vlan:SW2:eth2:10+trunk_remove:SW1:eth3:20+trunk_remove:SW2:eth3:10+trunk_remove:SW2:eth3:20,8681,8697,0.58694,-14.0,16,True,False,True,False,False,incorrect_declare_done,0.003438873722188873,16,8,7,0,1,1,1,0,2
711,2743,access_vlan:SW1:eth2:10+access_vlan:SW2:eth1:20+trunk_remove:SW1:eth3:10+trunk_remove:SW1:eth3:20,8697,8727,0.585515,-9.750000000000005,30,True,False,False,True,False,step_limit,0.003254496791244795,30,14,15,0,6,4,4,0,4
712,2744,access_vlan:SW1:eth2:10+access_vlan:SW2:eth1:20+trunk_remove:SW1:eth3:10+trunk_remove:SW2:eth3:10,8727,8757,0.58409,-10.150000000000006,30,True,False,False,True,False,step_limit,0.03420995587560659,30,9,19,0,8,6,7,0,2
713,2745,access_vlan:SW1:eth1:20+access_vlan:SW1:eth2:10+access_vlan:SW2:eth1:20+trunk_remove:SW2:eth3:20,8757,8769,0.58352,-12.65,12,True,False,True,False,False,incorrect_declare_done,0.02816061768680811,12,3,8,0,1,1,1,0,4
714,2746,access_vlan:SW1:eth1:20+access_vlan:SW2:eth2:10+trunk_remove:SW1:eth3:10+trunk_remove:SW2:eth3:20,8769,8779,0.583045,-13.15,10,True,False,True,False,False,incorrect_declare_done,0.03472038647159934,10,5,4,0,2,2,2,0,4
715,2747,access_vlan:SW1:eth1:20+access_vlan:SW2:eth1:20+access_vlan:SW2:eth2:10+trunk_remove:SW1:eth3:10,8779,8784,0.5828075,-11.3,5,True,False,True,False,False,incorrect_declare_done,0.004077979456633329,5,1,3,0,1,1,1,0,3
716,2748,access_vlan:SW1:eth1:20+access_vlan:SW2:eth1:20+access_vlan:SW2:eth2:10+trunk_remove:SW1:eth3:10+trunk_remove:SW1:eth3:20+trunk_remove:SW2:eth3:20,8784,8814,0.5813825,-8.950000000000003,30,True,False,False,True,False,step_limit,0.013050014393714567,30,12,17,0,5,2,5,0,4
717,2749,access_vlan:SW1:eth2:10+trunk_remove:SW1:eth3:20,8814,8844,0.5799575,-9.950000000000005,30,True,False,False,True,False,step_limit,0.013790531045136353,30,12,17,0,7,5,6,0,4
718,2750,access_vlan:SW1:eth1:20+access_vlan:SW2:eth1:20+trunk_remove:SW1:eth3:20+trunk_remove:SW2:eth3:20,8844,8846,0.5798625000000001,-10.200000000000001,2,True,False,True,False,False,incorrect_declare_done,0.00492679700255394,2,0,1,0,0,0,0,0,4
719,2751,trunk_remove:SW2:eth3:20,8846,8861,0.57915,-16.35,15,True,False,True,False,False,incorrect_declare_done,0.003603075894837578,15,8,6,0,6,6,4,1,1
720,2752,access_vlan:SW1:eth2:10+access_vlan:SW2:eth1:20+trunk_remove:SW1:eth3:20+trunk_remove:SW2:eth3:10,8861,8873,0.5785800000000001,-12.600000000000001,12,True,False,True,False,False,incorrect_declare_done,0.0032478572393301874,12,6,5,0,0,0,0,0,2
721,2753,access_vlan:SW1:eth2:10+access_vlan:SW2:eth2:10+trunk_remove:SW1:eth3:10+trunk_remove:SW1:eth3:20+trunk_remove:SW2:eth3:10,8873,8882,0.5781525000000001,-11.700000000000001,9,True,False,True,False,False,incorrect_declare_done,0.003123538749706414,9,3,5,0,0,0,0,0,3
722,2754,access_vlan:SW1:eth1:20+access_vlan:SW2:eth1:20+trunk_remove:SW1:eth3:10+trunk_remove:SW2:eth3:10+trunk_remove:SW2:eth3:20,8882,8885,0.57801,-10.65,3,True,False,True,False,False,incorrect_declare_done,0.0034832120873034,3,2,0,0,0,0,0,0,4
723,2755,access_vlan:SW2:eth2:10+trunk_remove:SW2:eth3:10+trunk_remove:SW2:eth3:20,8885,8890,0.5777725,-11.600000000000001,5,True,False,True,False,False,incorrect_declare_done,0.004160148813389242,5,2,1,0,1,1,1,0,4
724,2756,access_vlan:SW1:eth2:10+access_vlan:SW2:eth1:20+trunk_remove:SW1:eth3:10+trunk_remove:SW1:eth3:20+trunk_remove:SW2:eth3:10,8890,8903,0.5771550000000001,-13.9,13,True,False,True,False,False,incorrect_declare_done,0.025461264142694954,13,7,5,0,2,2,2,0,3
725,2757,access_vlan:SW2:eth2:10+trunk_remove:SW1:eth3:20,8903,8919,0.576395,-15.200000000000001,16,True,False,True,False,False,incorrect_declare_done,0.003044387289264705,16,6,9,0,4,4,2,0,3
726,2758,access_vlan:SW2:eth1:20+access_vlan:SW2:eth2:10+trunk_remove:SW1:eth3:20,8919,8937,0.57554,-15.3,18,True,False,True,False,False,incorrect_declare_done,0.020204459633936897,18,8,9,0,3,3,2,0,2
727,2759,access_vlan:SW1:eth1:20+access_vlan:SW2:eth1:20+trunk_remove:SW2:eth3:10,8937,8959,0.574495,-16.250000000000004,22,True,False,True,False,False,incorrect_declare_done,0.0025482657153836703,22,5,14,0,4,4,3,0,4
728,2760,access_vlan:SW1:eth2:10+access_vlan:SW2:eth1:20+trunk_remove:SW1:eth3:10+trunk_remove:SW1:eth3:20,8959,8982,0.5734025,-15.850000000000001,23,True,False,True,False,False,incorrect_declare_done,0.015989034269612446,23,9,12,0,2,2,2,0,3
729,2761,access_vlan:SW1:eth2:10+access_vlan:SW2:eth1:20+access_vlan:SW2:eth2:10+trunk_remove:SW2:eth3:10+trunk_remove:SW2:eth3:20,8982,9012,0.5719775,-9.250000000000004,30,True,False,False,True,False,step_limit,0.013811640812006469,30,12,15,0,5,2,5,0,4
730,2762,access_vlan:SW1:eth2:10+access_vlan:SW2:eth2:10+trunk_remove:SW1:eth3:10+trunk_remove:SW2:eth3:10,9012,9016,0.5717875000000001,-11.450000000000001,4,True,False,True,False,False,incorrect_declare_done,0.004456038877833635,4,3,0,0,1,1,1,0,4
731,2763,access_vlan:SW1:eth1:20+access_vlan:SW2:eth1:20+access_vlan:SW2:eth2:10+trunk_remove:SW1:eth3:20+trunk_remove:SW2:eth3:10,9016,9027,0.571265,-13.3,11,True,False,True,False,False,incorrect_declare_done,0.002873179502785206,11,5,5,0,2,2,2,0,3
732,2764,trunk_remove:SW1:eth3:10+trunk_remove:SW2:eth3:20,9027,9036,0.5708375000000001,-14.5,9,True,False,True,False,False,incorrect_declare_done,0.002924328475880126,9,5,3,0,5,5,4,0,3
733,2765,access_vlan:SW1:eth1:20+access_vlan:SW2:eth1:20+access_vlan:SW2:eth2:10+trunk_remove:SW1:eth3:10,9036,9059,0.569745,-19.150000000000002,23,True,False,True,False,False,incorrect_declare_done,0.015712960527035528,23,11,10,0,8,3,6,0,4
734,2766,access_vlan:SW1:eth1:20+access_vlan:SW1:eth2:10+access_vlan:SW2:eth2:10+trunk_remove:SW1:eth3:20,9059,9067,0.5693650000000001,-13.350000000000001,8,True,False,True,False,False,incorrect_declare_done,0.07713739137398079,8,5,2,0,3,3,3,0,3
735,2767,access_vlan:SW1:eth1:20+trunk_remove:SW2:eth3:10+trunk_remove:SW2:eth3:20,9067,9072,0.5691275,-10.950000000000001,5,True,False,True,False,False,incorrect_declare_done,0.0037518816301599146,5,2,2,0,0,0,0,0,2
736,2768,access_vlan:SW1:eth1:20+access_vlan:SW2:eth2:10+trunk_remove:SW1:eth3:20,9072,9092,0.5681775,-14.75,20,True,False,True,False,False,incorrect_declare_done,0.0036440497846342624,20,9,10,0,1,1,1,0,3
737,2769,access_vlan:SW1:eth1:20+access_vlan:SW2:eth1:20+trunk_remove:SW1:eth3:10+trunk_remove:SW1:eth3:20,9092,9122,0.5667525,-10.400000000000004,30,True,False,False,True,False,step_limit,0.0029543226429571707,30,14,14,0,7,3,6,0,3
738,2770,access_vlan:SW1:eth1:20+access_vlan:SW2:eth1:20+access_vlan:SW2:eth2:10+trunk_remove:SW2:eth3:20,9122,9129,0.56642,-11.25,7,True,False,True,False,False,incorrect_declare_done,0.003728697292639741,7,2,4,0,0,0,0,0,2
739,2771,access_vlan:SW1:eth2:10+access_vlan:SW2:eth1:20+access_vlan:SW2:eth2:10+trunk_remove:SW1:eth3:10+trunk_remove:SW1:eth3:20+trunk_remove:SW2:eth3:10+trunk_remove:SW2:eth3:20,9129,9133,0.56623,-11.450000000000001,4,True,False,True,False,False,incorrect_declare_done,0.002441235148580745,4,3,0,0,1,1,1,0,3
740,2772,access_vlan:SW1:eth2:10+access_vlan:SW2:eth1:20+trunk_remove:SW1:eth3:10+trunk_remove:SW2:eth3:10+trunk_remove:SW2:eth3:20,9133,9154,0.5652325,-16.200000000000003,21,True,False,True,False,False,incorrect_declare_done,0.01691880441337292,21,10,9,0,3,2,3,0,3
741,2773,access_vlan:SW1:eth1:20+access_vlan:SW1:eth2:10+access_vlan:SW2:eth2:10+trunk_remove:SW1:eth3:10+trunk_remove:SW2:eth3:10,9154,9158,0.5650425000000001,-10.5,4,True,False,True,False,False,incorrect_declare_done,0.002661842154338956,4,0,3,0,0,0,0,0,3
742,2774,access_vlan:SW1:eth2:10+access_vlan:SW2:eth1:20+trunk_remove:SW1:eth3:20+trunk_remove:SW2:eth3:10+trunk_remove:SW2:eth3:20,9158,9167,0.5646150000000001,-11.700000000000001,9,True,False,True,False,False,incorrect_declare_done,0.002441497325586776,9,3,5,0,0,0,0,0,2
743,2775,access_vlan:SW1:eth1:20+access_vlan:SW2:eth1:20+trunk_remove:SW2:eth3:10+trunk_remove:SW2:eth3:20,9167,9188,0.5636175000000001,-15.100000000000001,21,True,False,True,False,False,incorrect_declare_done,0.0032041597047022413,21,7,13,0,2,2,2,0,3
744,2776,access_vlan:SW1:eth1:20+access_vlan:SW2:eth1:20+trunk_remove:SW1:eth3:10+trunk_remove:SW1:eth3:20+trunk_remove:SW2:eth3:10+trunk_remove:SW2:eth3:20,9188,9216,0.5622875,-17.05,28,True,False,True,False,False,incorrect_declare_done,0.01404713382778157,28,12,14,0,2,2,2,0,3
745,2777,access_vlan:SW1:eth2:10+access_vlan:SW2:eth1:20+trunk_remove:SW1:eth3:10+trunk_remove:SW2:eth3:20,9216,9221,0.5620499999999999,-10.8,5,True,False,True,False,False,incorrect_declare_done,0.0029626563424244522,5,1,3,0,0,0,0,0,3
746,2778,access_vlan:SW1:eth1:20+access_vlan:SW1:eth2:10+access_vlan:SW2:eth2:10+trunk_remove:SW1:eth3:20+trunk_remove:SW2:eth3:10,9221,9246,0.5608625,-17.650000000000002,25,True,False,True,False,False,incorrect_declare_done,0.0029838913609273733,25,8,14,0,5,3,4,0,3
747,2779,access_vlan:SW1:eth1:20+access_vlan:SW1:eth2:10+trunk_remove:SW1:eth3:10+trunk_remove:SW1:eth3:20+trunk_remove:SW2:eth3:10+trunk_remove:SW2:eth3:20,9246,9262,0.5601025,-15.5,16,True,False,True,False,False,incorrect_declare_done,0.0027037466716137715,16,8,7,0,4,4,4,0,2
748,2780,access_vlan:SW1:eth1:20+access_vlan:SW2:eth1:20+trunk_remove:SW1:eth3:20+trunk_remove:SW2:eth3:10,9262,9292,0.5586774999999999,-8.100000000000001,30,True,False,False,True,False,step_limit,0.002594546847588693,30,11,16,0,3,2,3,0,3
749,2781,access_vlan:SW1:eth1:20+access_vlan:SW2:eth1:20+access_vlan:SW2:eth2:10+trunk_remove:SW1:eth3:10+trunk_remove:SW1:eth3:20,9292,9296,0.5584875,-11.15,4,True,False,True,False,False,incorrect_declare_done,0.0018096014100592583,4,1,2,0,1,1,1,0,4
750,2782,access_vlan:SW2:eth2:10+trunk_remove:SW1:eth3:10,9296,9306,0.5580125,-12.2,10,True,False,True,False,False,incorrect_declare_done,0.002767764404416084,10,2,7,0,1,1,1,0,4
751,2783,access_vlan:SW1:eth2:10+access_vlan:SW2:eth2:10+trunk_remove:SW1:eth3:20+trunk_remove:SW2:eth3:10,9306,9335,0.556635,-19.850000000000005,29,True,False,True,False,False,incorrect_declare_done,0.013334578878631622,29,13,14,0,7,5,7,0,3
752,2784,access_vlan:SW1:eth1:20+access_vlan:SW1:eth2:10+access_vlan:SW2:eth1:20+access_vlan:SW2:eth2:10+trunk_remove:SW1:eth3:10,9335,9354,0.5557325,-16.950000000000003,19,True,False,True,False,False,incorrect_declare_done,0.03431780200672189,19,7,10,0,6,6,3,0,2
753,2785,trunk_remove:SW1:eth3:10+trunk_remove:SW1:eth3:20+trunk_remove:SW2:eth3:10,9354,9362,0.5553525,-12.55,8,True,False,True,False,False,incorrect_declare_done,0.003898132446920499,8,2,4,0,2,2,2,0,3
754,2786,trunk_remove:SW2:eth3:10+trunk_remove:SW2:eth3:20,9362,9385,0.55426,-16.5,23,True,False,True,False,False,incorrect_declare_done,0.0031890076959667645,23,10,11,0,3,2,3,0,3
755,2787,trunk_remove:SW1:eth3:10+trunk_remove:SW1:eth3:20+trunk_remove:SW2:eth3:10,9385,9413,0.5529299999999999,-21.900000000000006,28,True,False,True,False,False,incorrect_declare_done,0.013627843116410077,28,11,15,0,12,6,7,1,3
756,2788,access_vlan:SW1:eth2:10+access_vlan:SW2:eth1:20+trunk_remove:SW2:eth3:10,9413,9416,0.5527875,-11.15,3,True,False,True,False,False,incorrect_declare_done,0.003592900155733029,3,2,0,0,1,1,1,0,3
757,2789,access_vlan:SW1:eth1:20+access_vlan:SW1:eth2:10,9416,9446,0.5513625,-21.500000000000007,30,True,False,True,False,False,incorrect_declare_done,0.013163835093534242,30,14,15,0,10,6,7,0,3
758,2790,access_vlan:SW1:eth1:20+access_vlan:SW1:eth2:10+trunk_remove:SW1:eth3:10+trunk_remove:SW1:eth3:20+trunk_remove:SW2:eth3:10+trunk_remove:SW2:eth3:20,9446,9448,0.5512675,-10.350000000000001,2,True,False,True,False,False,incorrect_declare_done,0.0017778214532881975,2,1,0,0,0,0,0,0,2
759,2791,access_vlan:SW1:eth2:10+trunk_remove:SW1:eth3:20,9448,9450,0.5511725000000001,-10.200000000000001,2,True,False,True,False,False,incorrect_declare_done,0.004788427148014307,2,0,1,0,0,0,0,0,3
760,2792,access_vlan:SW1:eth2:10+access_vlan:SW2:eth2:10+trunk_remove:SW1:eth3:10+trunk_remove:SW2:eth3:10+trunk_remove:SW2:eth3:20,9450,9457,0.55084,-11.9,7,True,False,True,False,False,incorrect_declare_done,0.003431423201358744,7,3,3,0,1,1,1,0,4
761,2793,access_vlan:SW1:eth2:10+trunk_remove:SW1:eth3:20,9457,9486,0.5494625,-16.150000000000002,29,True,False,True,False,False,incorrect_declare_done,0.0030012041157721704,29,5,22,0,2,2,1,0,3
762,2794,access_vlan:SW1:eth1:20+access_vlan:SW1:eth2:10+trunk_remove:SW1:eth3:20,9486,9491,0.5492250000000001,-11.3,5,True,False,True,False,False,incorrect_declare_done,0.003410172834992409,5,1,3,0,1,1,1,0,3
763,2795,access_vlan:SW1:eth2:10+access_vlan:SW2:eth2:10+trunk_remove:SW2:eth3:10,9491,9515,0.5480849999999999,-17.300000000000004,24,True,False,True,False,False,incorrect_declare_done,0.017231913099143032,24,11,11,0,4,3,3,0,3
764,2796,access_vlan:SW1:eth1:20+access_vlan:SW2:eth1:20+trunk_remove:SW1:eth3:10,9515,9522,0.5477525000000001,-12.100000000000001,7,True,False,True,False,False,incorrect_declare_done,0.04756009013258985,7,1,5,0,2,2,1,0,4
765,2797,access_vlan:SW1:eth1:20+access_vlan:SW1:eth2:10+access_vlan:SW2:eth2:10+trunk_remove:SW1:eth3:10+trunk_remove:SW1:eth3:20+trunk_remove:SW2:eth3:20,9522,9544,0.5467075,-16.550000000000004,22,True,False,True,False,False,incorrect_declare_done,0.0033447529792531645,22,8,12,0,4,3,3,0,4
766,2798,access_vlan:SW1:eth1:20+access_vlan:SW2:eth2:10+trunk_remove:SW1:eth3:10+trunk_remove:SW2:eth3:10+trunk_remove:SW2:eth3:20,9544,9549,0.54647,-11.100000000000001,5,True,False,True,False,False,incorrect_declare_done,0.004157927213236689,5,3,1,0,0,0,0,0,3
767,2799,access_vlan:SW1:eth2:10+access_vlan:SW2:eth2:10+trunk_remove:SW1:eth3:20+trunk_remove:SW2:eth3:20,9549,9551,0.546375,-10.850000000000001,2,True,False,True,False,False,incorrect_declare_done,0.0021876587998121977,2,1,0,0,1,1,1,0,3
768,2800,access_vlan:SW1:eth1:20+access_vlan:SW2:eth1:20+trunk_remove:SW1:eth3:10+trunk_remove:SW1:eth3:20+trunk_remove:SW2:eth3:10+trunk_remove:SW2:eth3:20,9551,9570,0.5454725,-14.6,19,True,False,True,False,False,incorrect_declare_done,0.002936501858608895,19,8,9,0,1,1,1,0,4
769,2801,access_vlan:SW1:eth1:20+access_vlan:SW2:eth1:20+trunk_remove:SW1:eth3:20+trunk_remove:SW2:eth3:10,9570,9579,0.545045,-11.850000000000001,9,True,False,True,False,False,incorrect_declare_done,0.00428253964572731,9,4,4,0,0,0,0,0,3
770,2802,access_vlan:SW1:eth2:10+trunk_remove:SW2:eth3:20,9579,9588,0.5446175,-13.200000000000001,9,True,False,True,False,False,incorrect_declare_done,0.0032937622292795116,9,3,5,0,3,3,2,0,3
771,2803,access_vlan:SW1:eth1:20+access_vlan:SW1:eth2:10+access_vlan:SW2:eth1:20+trunk_remove:SW1:eth3:10+trunk_remove:SW2:eth3:10,9588,9607,0.543715,-19.450000000000003,19,True,False,True,False,False,incorrect_declare_done,0.0037435457864041,19,8,10,0,11,5,7,0,4
772,2804,trunk_remove:SW1:eth3:20+trunk_remove:SW2:eth3:20,9607,9608,0.5436675,-10.05,1,True,False,True,False,False,incorrect_declare_done,0.003675407264381647,1,0,0,0,0,0,0,0,1
773,2805,access_vlan:SW1:eth2:10+access_vlan:SW2:eth1:20+access_vlan:SW2:eth2:10+trunk_remove:SW1:eth3:10+trunk_remove:SW2:eth3:10+trunk_remove:SW2:eth3:20,9608,9636,0.5423375,-16.450000000000003,28,True,False,True,False,False,incorrect_declare_done,0.0028232918141709107,28,7,18,0,2,1,2,0,3
774,2806,access_vlan:SW1:eth1:20+access_vlan:SW1:eth2:10+access_vlan:SW2:eth1:20+access_vlan:SW2:eth2:10+trunk_remove:SW1:eth3:10+trunk_remove:SW1:eth3:20+trunk_remove:SW2:eth3:10,9636,9642,0.5420525,-12.25,6,True,False,True,False,False,incorrect_declare_done,0.0024047529053253434,6,3,2,0,2,2,2,0,3
775,2807,access_vlan:SW1:eth2:10+access_vlan:SW2:eth1:20+trunk_remove:SW1:eth3:10+trunk_remove:SW1:eth3:20+trunk_remove:SW2:eth3:10+trunk_remove:SW2:eth3:20,9642,9648,0.5417675,-11.75,6,True,False,True,False,False,incorrect_declare_done,0.004223497099398325,6,3,2,0,1,1,1,0,4
776,2808,access_vlan:SW1:eth1:20+access_vlan:SW2:eth1:20+trunk_remove:SW1:eth3:10+trunk_remove:SW1:eth3:20+trunk_remove:SW2:eth3:10,9648,9678,0.5403425,-10.900000000000007,30,True,False,False,True,False,step_limit,0.003252086074401935,30,15,14,0,8,6,5,0,4
777,2809,access_vlan:SW1:eth1:20+access_vlan:SW2:eth1:20+trunk_remove:SW1:eth3:20+trunk_remove:SW2:eth3:10+trunk_remove:SW2:eth3:20,9678,9701,0.53925,-16.700000000000003,23,True,False,True,False,False,incorrect_declare_done,0.004212760113422637,23,8,13,0,4,3,4,0,3
778,2810,access_vlan:SW1:eth1:20+access_vlan:SW2:eth1:20+trunk_remove:SW1:eth3:20+trunk_remove:SW2:eth3:10,9701,9702,0.5392025,-10.05,1,True,False,True,False,False,incorrect_declare_done,0.004956165328621864,1,0,0,0,0,0,0,0,4
779,2811,access_vlan:SW2:eth1:20+access_vlan:SW2:eth2:10+trunk_remove:SW1:eth3:20,9702,9730,0.5378725,-20.900000000000006,28,True,False,True,False,False,incorrect_declare_done,0.02520028513390571,28,11,15,0,10,5,9,0,4
780,2812,access_vlan:SW1:eth2:10+access_vlan:SW2:eth1:20+trunk_remove:SW1:eth3:10+trunk_remove:SW1:eth3:20+trunk_remove:SW2:eth3:10,9730,9732,0.5377775,-10.200000000000001,2,True,False,True,False,False,incorrect_declare_done,0.0024312995956279337,2,0,1,0,0,0,0,0,4
781,2813,access_vlan:SW1:eth2:10+access_vlan:SW2:eth1:20+trunk_remove:SW2:eth3:10,9732,9753,0.53678,-15.700000000000001,21,True,False,True,False,False,incorrect_declare_done,0.017776737726914387,21,11,9,0,2,1,2,0,3
782,2814,access_vlan:SW1:eth1:20+access_vlan:SW1:eth2:10+access_vlan:SW2:eth1:20+trunk_remove:SW1:eth3:20+trunk_remove:SW2:eth3:20,9753,9761,0.5364,-12.55,8,True,False,True,False,False,incorrect_declare_done,0.040805185242788866,8,3,4,0,2,2,1,0,3
783,2815,access_vlan:SW1:eth1:20+access_vlan:SW1:eth2:10+access_vlan:SW2:eth2:10+trunk_remove:SW1:eth3:20,9761,9766,0.5361625,-10.65,5,True,False,True,False,False,incorrect_declare_done,0.004318416118621826,5,0,4,0,0,0,0,0,3
784,2816,access_vlan:SW1:eth1:20+access_vlan:SW1:eth2:10+access_vlan:SW2:eth1:20+trunk_remove:SW1:eth3:20+trunk_remove:SW2:eth3:20,9766,9768,0.5360675,-10.350000000000001,2,True,False,True,False,False,incorrect_declare_done,0.0039572156965732574,2,1,0,0,0,0,0,0,3
785,2817,access_vlan:SW2:eth1:20+access_vlan:SW2:eth2:10+trunk_remove:SW1:eth3:10+trunk_remove:SW2:eth3:20,9768,9772,0.5358775,-11.3,4,True,False,True,False,False,incorrect_declare_done,0.0030857775127515197,4,2,1,0,1,1,1,0,3
786,2818,access_vlan:SW1:eth1:20+access_vlan:SW1:eth2:10+access_vlan:SW2:eth1:20+trunk_remove:SW2:eth3:20,9772,9776,0.5356875,-10.5,4,True,False,True,False,False,incorrect_declare_done,0.0016822105244500563,4,0,3,0,0,0,0,0,3
787,2819,access_vlan:SW1:eth1:20,9776,9782,0.5354025,-12.4,6,True,False,True,False,False,incorrect_declare_done,0.003752987366169691,6,4,1,0,2,2,2,0,1
788,2820,trunk_remove:SW1:eth3:10+trunk_remove:SW2:eth3:10,9782,9812,0.5339775,-7.900000000000004,30,True,False,False,True,False,step_limit,0.022776231860431533,30,5,24,0,5,4,4,0,3
789,2821,access_vlan:SW1:eth2:10+access_vlan:SW2:eth1:20+access_vlan:SW2:eth2:10+trunk_remove:SW1:eth3:10+trunk_remove:SW1:eth3:20+trunk_remove:SW2:eth3:10,9812,9819,0.533645,-11.9,7,True,False,True,False,False,incorrect_declare_done,0.0038388638224984917,7,3,3,0,1,1,1,0,4
790,2822,access_vlan:SW1:eth1:20+access_vlan:SW2:eth1:20,9819,9825,0.5333600000000001,8.399999999999999,6,True,False,True,False,True,recovery_success,0.004753746674396098,6,2,3,0,1,1,1,0,0
791,2823,access_vlan:SW1:eth1:20+access_vlan:SW1:eth2:10+trunk_remove:SW1:eth3:10+trunk_remove:SW1:eth3:20+trunk_remove:SW2:eth3:10+trunk_remove:SW2:eth3:20,9825,9834,0.5329325,-12.350000000000001,9,True,False,True,False,False,incorrect_declare_done,0.03414950903970748,9,4,4,0,1,1,1,0,2
792,2824,access_vlan:SW1:eth2:10+access_vlan:SW2:eth1:20+access_vlan:SW2:eth2:10+trunk_remove:SW1:eth3:10,9834,9843,0.532505,-12.700000000000001,9,True,False,True,False,False,incorrect_declare_done,0.0030626763279239335,9,3,5,0,2,2,2,0,3
793,2825,access_vlan:SW1:eth1:20+access_vlan:SW1:eth2:10+trunk_remove:SW1:eth3:10+trunk_remove:SW1:eth3:20+trunk_remove:SW2:eth3:10+trunk_remove:SW2:eth3:20,9843,9853,0.53203,-12.350000000000001,10,True,False,True,False,False,incorrect_declare_done,0.0028774065896868704,10,3,6,0,1,1,1,0,2
794,2826,access_vlan:SW1:eth1:20+access_vlan:SW1:eth2:10+access_vlan:SW2:eth1:20,9853,9859,0.531745,-12.75,6,True,False,True,False,False,incorrect_declare_done,0.05072334789050122,6,3,2,0,3,3,2,0,3
795,2827,access_vlan:SW1:eth2:10+trunk_remove:SW1:eth3:10+trunk_remove:SW1:eth3:20,9859,9889,0.53032,-10.700000000000003,30,True,False,False,True,False,step_limit,0.003135174314957112,30,14,12,0,7,4,5,0,3
796,2828,access_vlan:SW1:eth1:20+trunk_remove:SW1:eth3:10+trunk_remove:SW1:eth3:20+trunk_remove:SW2:eth3:20,9889,9898,0.5298925,-12.200000000000001,9,True,False,True,False,False,incorrect_declare_done,0.00242117866097639,9,3,5,0,1,1,1,0,3
797,2829,access_vlan:SW1:eth2:10+access_vlan:SW2:eth1:20+trunk_remove:SW1:eth3:20+trunk_remove:SW2:eth3:10+trunk_remove:SW2:eth3:20,9898,9927,0.5285150000000001,-20.85,29,True,False,True,False,False,incorrect_declare_done,0.013193551386738646,29,13,14,0,9,4,7,0,4
798,2830,access_vlan:SW1:eth1:20+access_vlan:SW1:eth2:10+access_vlan:SW2:eth1:20+access_vlan:SW2:eth2:10+trunk_remove:SW1:eth3:10+trunk_remove:SW2:eth3:10+trunk_remove:SW2:eth3:20,9927,9930,0.5283725,-10.350000000000001,3,True,False,True,False,False,incorrect_declare_done,0.003752525430172682,3,0,2,0,0,0,0,0,2
799,2831,access_vlan:SW1:eth2:10+trunk_remove:SW1:eth3:10+trunk_remove:SW1:eth3:20+trunk_remove:SW2:eth3:10+trunk_remove:SW2:eth3:20,9930,9960,0.5269475,-10.200000000000003,30,True,False,False,True,False,step_limit,0.012566447362769396,30,17,12,0,6,4,5,0,4
800,2832,access_vlan:SW2:eth1:20+access_vlan:SW2:eth2:10+trunk_remove:SW1:eth3:20+trunk_remove:SW2:eth3:20,9960,9965,0.52671,-13.25,5,True,False,True,False,False,incorrect_declare_done,0.11239254355896264,5,3,0,0,4,2,4,0,3
801,2833,access_vlan:SW1:eth2:10+trunk_remove:SW1:eth3:20+trunk_remove:SW2:eth3:10+trunk_remove:SW2:eth3:20,9965,9967,0.526615,-10.350000000000001,2,True,False,True,False,False,incorrect_declare_done,0.0027421037666499615,2,1,0,0,0,0,0,0,2
802,2834,access_vlan:SW1:eth1:20+access_vlan:SW2:eth1:20+access_vlan:SW2:eth2:10+trunk_remove:SW1:eth3:10+trunk_remove:SW1:eth3:20+trunk_remove:SW2:eth3:20,9967,9997,0.52519,-10.250000000000004,30,True,False,False,True,False,step_limit,0.03261815403432896,30,14,15,0,7,5,6,0,3
803,2835,access_vlan:SW2:eth1:20+access_vlan:SW2:eth2:10,9997,9999,0.5250950000000001,-10.200000000000001,2,True,False,True,False,False,incorrect_declare_done,0.004666907712817192,2,0,1,0,0,0,0,0,4
804,2836,access_vlan:SW1:eth2:10+access_vlan:SW2:eth1:20+trunk_remove:SW1:eth3:10+trunk_remove:SW2:eth3:20,9999,10018,0.5241925000000001,-16.1,19,True,False,True,False,False,incorrect_declare_done,0.021623619219386263,19,8,9,0,4,4,4,0,4
805,2837,access_vlan:SW1:eth2:10+access_vlan:SW2:eth1:20+access_vlan:SW2:eth2:10+trunk_remove:SW1:eth3:20+trunk_remove:SW2:eth3:20,10018,10048,0.5227675,-10.650000000000007,30,True,False,False,True,False,step_limit,0.01385537744499743,30,11,19,0,9,5,7,0,3
806,2838,access_vlan:SW2:eth1:20+access_vlan:SW2:eth2:10+trunk_remove:SW1:eth3:10+trunk_remove:SW1:eth3:20+trunk_remove:SW2:eth3:10+trunk_remove:SW2:eth3:20,10048,10061,0.52215,-14.399999999999999,13,True,False,True,False,False,incorrect_declare_done,0.027237792821744315,13,6,5,0,3,2,3,0,3
807,2839,access_vlan:SW1:eth1:20+access_vlan:SW1:eth2:10+access_vlan:SW2:eth1:20+access_vlan:SW2:eth2:10+trunk_remove:SW1:eth3:10,10061,10073,0.5215799999999999,-13.95,12,True,False,True,False,False,incorrect_declare_done,0.0036557545924248793,12,5,6,0,3,2,3,0,3
808,2840,access_vlan:SW1:eth1:20+access_vlan:SW1:eth2:10+trunk_remove:SW1:eth3:10+trunk_remove:SW1:eth3:20+trunk_remove:SW2:eth3:20,10073,10103,0.520155,-10.250000000000005,30,True,False,False,True,False,step_limit,0.013654094709393879,30,13,15,0,7,6,7,0,3
809,2841,access_vlan:SW1:eth1:20+trunk_remove:SW1:eth3:10+trunk_remove:SW1:eth3:20+trunk_remove:SW2:eth3:10+trunk_remove:SW2:eth3:20,10103,10114,0.5196324999999999,-12.5,11,True,False,True,False,False,incorrect_declare_done,0.0038524042730304327,11,2,7,0,1,1,1,0,3
810,2842,access_vlan:SW1:eth2:10+trunk_remove:SW1:eth3:20+trunk_remove:SW2:eth3:20,10114,10118,0.5194425,-12.450000000000001,4,True,False,True,False,False,incorrect_declare_done,0.14626062544994056,4,3,0,0,3,3,2,0,3
811,2843,access_vlan:SW1:eth1:20+access_vlan:SW2:eth2:10+trunk_remove:SW1:eth3:10+trunk_remove:SW1:eth3:20+trunk_remove:SW2:eth3:10,10118,10119,0.519395,-10.05,1,True,False,True,False,False,incorrect_declare_done,0.009189624339342117,1,0,0,0,0,0,0,0,4
812,2844,access_vlan:SW1:eth2:10+trunk_remove:SW1:eth3:10+trunk_remove:SW2:eth3:10+trunk_remove:SW2:eth3:20,10119,10134,0.5186824999999999,-13.7,15,True,False,True,False,False,incorrect_declare_done,0.025196153887857994,15,6,7,0,1,1,1,0,2
813,2845,access_vlan:SW1:eth2:10+access_vlan:SW2:eth1:20+trunk_remove:SW1:eth3:10+trunk_remove:SW1:eth3:20,10134,10164,0.5172575,-9.100000000000001,30,True,False,False,True,False,step_limit,0.004735629023828855,30,12,16,0,5,4,5,0,3
814,2846,access_vlan:SW1:eth1:20+access_vlan:SW2:eth2:10+trunk_remove:SW1:eth3:10+trunk_remove:SW2:eth3:10+trunk_remove:SW2:eth3:20,10164,10168,0.5170675,-10.8,4,True,False,True,False,False,incorrect_declare_done,0.005873792862985283,4,1,1,0,0,0,0,0,4
815,2847,access_vlan:SW1:eth1:20+access_vlan:SW2:eth1:20+access_vlan:SW2:eth2:10+trunk_remove:SW1:eth3:10+trunk_remove:SW2:eth3:10+trunk_remove:SW2:eth3:20,10168,10189,0.51607,-14.75,21,True,False,True,False,False,incorrect_declare_done,0.0035401818375768407,21,7,12,0,1,1,1,0,4
816,2848,access_vlan:SW2:eth1:20+trunk_remove:SW1:eth3:10+trunk_remove:SW2:eth3:10+trunk_remove:SW2:eth3:20,10189,10198,0.5156425,-13.0,9,True,False,True,False,False,incorrect_declare_done,0.00605464255851176,9,5,3,0,2,2,2,0,4
817,2849,access_vlan:SW1:eth1:20+access_vlan:SW2:eth2:10+trunk_remove:SW1:eth3:20+trunk_remove:SW2:eth3:10+trunk_remove:SW2:eth3:20,10198,10218,0.5146925,-16.950000000000003,20,True,False,True,False,False,incorrect_declare_done,0.004931458423379808,20,7,12,0,6,6,5,0,4
818,2850,access_vlan:SW1:eth2:10+access_vlan:SW2:eth1:20+access_vlan:SW2:eth2:10+trunk_remove:SW1:eth3:20+trunk_remove:SW2:eth3:20,10218,10248,0.5132675,-13.90000000000001,30,True,False,False,True,False,step_limit,0.0038868310085187355,30,11,14,0,14,5,12,0,2
819,2851,access_vlan:SW1:eth2:10+trunk_remove:SW1:eth3:10+trunk_remove:SW1:eth3:20,10248,10278,0.5118425,-8.800000000000004,30,True,False,False,True,False,step_limit,0.003562265522001932,30,11,18,0,5,4,5,0,3
820,2852,access_vlan:SW1:eth1:20+access_vlan:SW2:eth1:20+trunk_remove:SW2:eth3:10,10278,10292,0.5111775000000001,-14.600000000000001,14,True,False,True,False,False,incorrect_declare_done,0.003307323869583862,14,4,9,0,4,3,4,0,3
821,2853,access_vlan:SW1:eth1:20+access_vlan:SW1:eth2:10+access_vlan:SW2:eth1:20+trunk_remove:SW1:eth3:10+trunk_remove:SW1:eth3:20+trunk_remove:SW2:eth3:10+trunk_remove:SW2:eth3:20,10292,10297,0.51094,-11.600000000000001,5,True,False,True,False,False,incorrect_declare_done,0.06508354647085071,5,3,1,0,1,1,1,0,3
822,2854,access_vlan:SW1:eth2:10+access_vlan:SW2:eth2:10+trunk_remove:SW2:eth3:10+trunk_remove:SW2:eth3:20,10297,10322,0.5097525,-18.300000000000004,25,True,False,True,False,False,incorrect_declare_done,0.003466706913895905,25,10,13,0,6,5,4,0,3
823,2855,access_vlan:SW1:eth1:20+access_vlan:SW1:eth2:10+access_vlan:SW2:eth1:20,10322,10341,0.50885,-18.6,19,True,False,True,False,False,incorrect_declare_done,0.033432594482100716,19,8,9,0,9,6,7,0,3
824,2856,access_vlan:SW1:eth1:20+access_vlan:SW1:eth2:10+access_vlan:SW2:eth2:10+trunk_remove:SW1:eth3:10+trunk_remove:SW2:eth3:20,10341,10371,0.507425,-9.800000000000002,30,True,False,False,True,False,step_limit,0.03170882598885025,30,12,18,0,7,5,6,0,3
825,2857,access_vlan:SW1:eth2:10+trunk_remove:SW1:eth3:10,10371,10380,0.5069975,-11.850000000000001,9,True,False,True,False,False,incorrect_declare_done,0.003783390016501976,9,3,4,0,0,0,0,0,3
826,2858,access_vlan:SW1:eth2:10+trunk_remove:SW1:eth3:20,10380,10390,0.5065225,-13.5,10,True,False,True,False,False,incorrect_declare_done,0.002805330732371658,10,2,5,0,3,3,2,0,3
827,2859,access_vlan:SW1:eth1:20+access_vlan:SW2:eth2:10+trunk_remove:SW1:eth3:10+trunk_remove:SW1:eth3:20+trunk_remove:SW2:eth3:10,10390,10394,0.5063325000000001,-11.3,4,True,False,True,False,False,incorrect_declare_done,0.0020768504473380744,4,2,1,0,1,1,1,0,4
828,2860,access_vlan:SW1:eth1:20+access_vlan:SW1:eth2:10+access_vlan:SW2:eth2:10+trunk_remove:SW1:eth3:10+trunk_remove:SW2:eth3:10,10394,10409,0.5056200000000001,-14.350000000000001,15,True,False,True,False,False,incorrect_declare_done,0.0024005571923529107,15,8,6,0,2,1,2,0,3
829,2861,access_vlan:SW1:eth2:10+trunk_remove:SW1:eth3:20+trunk_remove:SW2:eth3:20,10409,10418,0.5051924999999999,-13.350000000000001,9,True,False,True,False,False,incorrect_declare_done,0.03324014811207437,9,3,4,0,3,2,3,0,3
830,2862,access_vlan:SW1:eth1:20+access_vlan:SW2:eth1:20+trunk_remove:SW1:eth3:20+trunk_remove:SW2:eth3:20,10418,10448,0.5037675,-9.600000000000005,30,True,False,False,True,False,step_limit,0.03208871696842834,30,10,16,0,6,4,3,0,3
831,2863,access_vlan:SW1:eth1:20+access_vlan:SW1:eth2:10+trunk_remove:SW1:eth3:10+trunk_remove:SW2:eth3:10+trunk_remove:SW2:eth3:20,10448,10475,0.502485,-18.4,27,True,False,True,False,False,incorrect_declare_done,0.003293080186402356,27,12,13,0,5,3,4,0,4
832,2864,access_vlan:SW1:eth2:10+access_vlan:SW2:eth1:20+access_vlan:SW2:eth2:10+trunk_remove:SW1:eth3:10+trunk_remove:SW2:eth3:10,10475,10487,0.5019150000000001,-12.8,12,True,False,True,False,False,incorrect_declare_done,0.027104357141070068,12,3,7,0,1,1,1,0,3
833,2865,access_vlan:SW1:eth2:10+trunk_remove:SW1:eth3:20+trunk_remove:SW2:eth3:10+trunk_remove:SW2:eth3:20,10487,10489,0.50182,-10.350000000000001,2,True,False,True,False,False,incorrect_declare_done,0.0029541212134063244,2,1,0,0,0,0,0,0,3
834,2866,access_vlan:SW1:eth1:20+access_vlan:SW1:eth2:10+access_vlan:SW2:eth2:10+trunk_remove:SW1:eth3:10+trunk_remove:SW1:eth3:20+trunk_remove:SW2:eth3:20,10489,10500,0.5012975,-12.0,11,True,False,True,False,False,incorrect_declare_done,0.002963619962842627,11,3,7,0,0,0,0,0,3
835,2867,access_vlan:SW1:eth1:20+access_vlan:SW2:eth1:20+access_vlan:SW2:eth2:10+trunk_remove:SW2:eth3:20,10500,10530,0.49987250000000005,-10.800000000000004,30,True,False,False,True,False,step_limit,0.013522253674454986,30,12,18,0,9,6,8,0,4
836,2868,access_vlan:SW1:eth1:20+access_vlan:SW2:eth1:20+trunk_remove:SW1:eth3:20,10530,10559,0.498495,-20.350000000000005,29,True,False,True,False,False,incorrect_declare_done,0.012870341282466361,29,13,14,0,8,6,5,3,3
837,2869,access_vlan:SW1:eth1:20+access_vlan:SW1:eth2:10+access_vlan:SW2:eth2:10,10559,10577,0.49763999999999997,-15.8,18,True,False,True,False,False,incorrect_declare_done,0.003510390033221079,18,8,9,0,4,3,3,0,3
838,2870,access_vlan:SW1:eth1:20+access_vlan:SW2:eth1:20+access_vlan:SW2:eth2:10+trunk_remove:SW1:eth3:10+trunk_remove:SW1:eth3:20+trunk_remove:SW2:eth3:20,10577,10607,0.4962150000000001,-11.300000000000004,30,True,False,False,True,False,step_limit,0.011868225814153751,30,12,18,0,10,6,9,0,3
839,2871,access_vlan:SW1:eth1:20+access_vlan:SW2:eth2:10+trunk_remove:SW1:eth3:20+trunk_remove:SW2:eth3:20,10607,10609,0.49612,-10.200000000000001,2,True,False,True,False,False,incorrect_declare_done,0.0034803113667294383,2,0,1,0,0,0,0,0,4
840,2872,access_vlan:SW1:eth2:10+access_vlan:SW2:eth2:10+trunk_remove:SW2:eth3:10+trunk_remove:SW2:eth3:20,10609,10639,0.494695,-9.750000000000005,30,True,False,False,True,False,step_limit,0.0027774203607502084,30,14,15,0,6,4,4,0,4
841,2873,access_vlan:SW1:eth1:20+access_vlan:SW1:eth2:10+access_vlan:SW2:eth2:10+trunk_remove:SW2:eth3:10,10639,10640,0.4946475,-10.05,1,True,False,True,False,False,incorrect_declare_done,0.0023315283469855785,1,0,0,0,0,0,0,0,3
842,2874,access_vlan:SW1:eth2:10+access_vlan:SW2:eth2:10+trunk_remove:SW1:eth3:10+trunk_remove:SW2:eth3:10+trunk_remove:SW2:eth3:20,10640,10653,0.4940300000000001,-13.25,13,True,False,True,False,False,incorrect_declare_done,0.026111808211471025,13,5,6,0,1,1,1,0,4
843,2875,access_vlan:SW1:eth2:10+access_vlan:SW2:eth1:20+access_vlan:SW2:eth2:10+trunk_remove:SW1:eth3:10+trunk_remove:SW2:eth3:10,10653,10683,0.49260499999999996,-8.500000000000004,30,True,False,False,True,False,step_limit,0.029108221613569185,30,10,20,0,5,4,4,0,4
844,2876,access_vlan:SW1:eth1:20+access_vlan:SW1:eth2:10+trunk_remove:SW1:eth3:10+trunk_remove:SW1:eth3:20+trunk_remove:SW2:eth3:10,10683,10713,0.49118000000000006,-10.450000000000005,30,True,False,False,True,False,step_limit,0.011933783794908474,30,12,17,0,8,5,8,0,2
845,2877,access_vlan:SW1:eth1:20+access_vlan:SW2:eth1:20+access_vlan:SW2:eth2:10+trunk_remove:SW1:eth3:10+trunk_remove:SW1:eth3:20+trunk_remove:SW2:eth3:10+trunk_remove:SW2:eth3:20,10713,10722,0.49075250000000004,-11.25,9,True,False,True,False,False,incorrect_declare_done,0.004950989710374011,9,0,8,0,0,0,0,0,3
846,2878,access_vlan:SW1:eth1:20+trunk_remove:SW1:eth3:20+trunk_remove:SW2:eth3:10+trunk_remove:SW2:eth3:20,10722,10723,0.49070500000000006,-10.05,1,True,False,True,False,False,incorrect_declare_done,0.007127983029931784,1,0,0,0,0,0,0,0,3
847,2879,access_vlan:SW1:eth2:10+access_vlan:SW2:eth1:20+access_vlan:SW2:eth2:10+trunk_remove:SW2:eth3:20,10723,10749,0.48947000000000007,-18.6,26,True,False,True,False,False,incorrect_declare_done,0.016252063313284174,26,12,13,0,6,5,6,0,3
848,2880,access_vlan:SW1:eth1:20+trunk_remove:SW1:eth3:20,10749,10756,0.4891375000000001,-11.9,7,True,False,True,False,False,incorrect_declare_done,0.003513702124889408,7,3,3,0,1,1,1,0,3
849,2881,access_vlan:SW1:eth1:20+access_vlan:SW1:eth2:10+trunk_remove:SW1:eth3:20+trunk_remove:SW2:eth3:10+trunk_remove:SW2:eth3:20,10756,10785,0.48775999999999997,-21.700000000000006,29,True,False,True,False,False,incorrect_declare_done,0.012366132164406109,29,13,15,0,11,4,10,0,3
850,2882,access_vlan:SW2:eth1:20+trunk_remove:SW1:eth3:10+trunk_remove:SW2:eth3:10+trunk_remove:SW2:eth3:20,10785,10815,0.4863350000000001,-7.800000000000001,30,True,False,False,True,False,step_limit,0.012384004658088088,30,10,18,0,3,1,3,0,4
851,2883,access_vlan:SW1:eth2:10+access_vlan:SW2:eth1:20+access_vlan:SW2:eth2:10+trunk_remove:SW2:eth3:10+trunk_remove:SW2:eth3:20,10815,10845,0.48491000000000006,-16.900000000000002,30,True,False,True,False,False,incorrect_declare_done,0.0029536254238337277,30,9,19,0,2,2,2,0,1
852,2884,access_vlan:SW1:eth1:20+access_vlan:SW2:eth1:20+trunk_remove:SW1:eth3:20+trunk_remove:SW2:eth3:10,10845,10848,0.4847675,-10.5,3,True,False,True,False,False,incorrect_declare_done,0.10056782533259441,3,1,1,0,0,0,0,0,3
853,2885,access_vlan:SW1:eth1:20+access_vlan:SW2:eth1:20+access_vlan:SW2:eth2:10+trunk_remove:SW1:eth3:20,10848,10854,0.48448250000000004,-12.25,6,True,False,True,False,False,incorrect_declare_done,0.003921126015484333,6,3,2,0,2,2,2,0,3
854,2886,access_vlan:SW1:eth2:10+access_vlan:SW2:eth2:10+trunk_remove:SW2:eth3:10+trunk_remove:SW2:eth3:20,10854,10865,0.48396000000000006,-12.0,11,True,False,True,False,False,incorrect_declare_done,0.02687918348237872,11,3,7,0,0,0,0,0,3
855,2887,access_vlan:SW1:eth2:10+access_vlan:SW2:eth1:20+trunk_remove:SW1:eth3:10,10865,10872,0.4836275000000001,-11.4,7,True,False,True,False,False,incorrect_declare_done,0.00342814956924745,7,2,3,0,0,0,0,0,4
856,2888,access_vlan:SW1:eth2:10+access_vlan:SW2:eth1:20+access_vlan:SW2:eth2:10+trunk_remove:SW1:eth3:10,10872,10891,0.48272500000000007,-19.750000000000004,19,True,False,True,False,False,incorrect_declare_done,0.017889921890424664,19,7,8,0,11,6,7,0,3
857,2889,access_vlan:SW1:eth1:20+trunk_remove:SW1:eth3:20+trunk_remove:SW2:eth3:20,10891,10898,0.4823925000000001,-11.100000000000001,7,True,False,True,False,False,incorrect_declare_done,0.0019154763680749706,7,1,5,0,0,0,0,0,3
858,2890,access_vlan:SW1:eth2:10+access_vlan:SW2:eth2:10+trunk_remove:SW1:eth3:20+trunk_remove:SW2:eth3:10+trunk_remove:SW2:eth3:20,10898,10928,0.4809675,-17.4,30,True,False,True,False,False,incorrect_declare_done,0.0025460674427449704,30,10,19,0,3,2,3,0,3
859,2891,access_vlan:SW1:eth1:20+access_vlan:SW1:eth2:10+trunk_remove:SW1:eth3:20+trunk_remove:SW2:eth3:10+trunk_remove:SW2:eth3:20,10928,10946,0.48011250000000005,-14.649999999999999,18,True,False,True,False,False,incorrect_declare_done,0.00249281151789344,18,6,10,0,2,2,2,0,3
860,2892,access_vlan:SW1:eth1:20+trunk_remove:SW1:eth3:20+trunk_remove:SW2:eth3:10+trunk_remove:SW2:eth3:20,10946,10947,0.48006499999999996,-10.05,1,True,False,True,False,False,incorrect_declare_done,0.0036421581171453,1,0,0,0,0,0,0,0,3
861,2893,access_vlan:SW1:eth1:20+access_vlan:SW1:eth2:10+access_vlan:SW2:eth2:10+trunk_remove:SW1:eth3:20+trunk_remove:SW2:eth3:20,10947,10950,0.47992250000000003,-10.350000000000001,3,True,False,True,False,False,incorrect_declare_done,0.002170101118584474,3,0,2,0,0,0,0,0,3
862,2894,access_vlan:SW1:eth2:10+access_vlan:SW2:eth2:10+trunk_remove:SW1:eth3:20+trunk_remove:SW2:eth3:10+trunk_remove:SW2:eth3:20,10950,10961,0.47939999999999994,-12.8,11,True,False,True,False,False,incorrect_declare_done,0.0021056619747965174,11,5,5,0,1,1,1,0,4
863,2895,access_vlan:SW1:eth2:10+access_vlan:SW2:eth1:20+access_vlan:SW2:eth2:10+trunk_remove:SW2:eth3:20,10961,10972,0.47887750000000007,-11.700000000000001,11,True,False,True,False,False,incorrect_declare_done,0.0023920694630677726,11,1,9,0,0,0,0,0,1
864,2896,access_vlan:SW2:eth2:10+trunk_remove:SW1:eth3:10+trunk_remove:SW2:eth3:10+trunk_remove:SW2:eth3:20,10972,11002,0.47745249999999995,-18.85,30,True,False,True,False,False,incorrect_declare_done,0.003550399440185477,30,12,16,0,5,3,5,0,3
865,2897,access_vlan:SW2:eth1:20+access_vlan:SW2:eth2:10+trunk_remove:SW1:eth3:20+trunk_remove:SW2:eth3:10+trunk_remove:SW2:eth3:20,11002,11032,0.47602750000000005,-8.150000000000002,30,True,False,False,True,False,step_limit,0.012198376927214365,30,11,19,0,4,4,4,0,3
866,2898,access_vlan:SW2:eth1:20+access_vlan:SW2:eth2:10+trunk_remove:SW2:eth3:10+trunk_remove:SW2:eth3:20,11032,11047,0.47531500000000004,-13.9,15,True,False,True,False,False,incorrect_declare_done,0.003079652615512411,15,5,9,0,2,2,2,0,3
867,2899,access_vlan:SW1:eth1:20+access_vlan:SW2:eth1:20+trunk_remove:SW1:eth3:10+trunk_remove:SW1:eth3:20+trunk_remove:SW2:eth3:10,11047,11077,0.47389000000000003,-11.350000000000005,30,True,False,False,True,False,step_limit,0.022803279311240963,30,14,11,0,8,4,8,0,4
868,2900,access_vlan:SW1:eth2:10+access_vlan:SW2:eth1:20+access_vlan:SW2:eth2:10+trunk_remove:SW2:eth3:10+trunk_remove:SW2:eth3:20,11077,11107,0.472465,-9.450000000000003,30,True,False,False,True,False,step_limit,0.013919239623161654,30,13,17,0,6,3,6,0,2
869,2901,access_vlan:SW1:eth1:20+access_vlan:SW1:eth2:10+access_vlan:SW2:eth2:10+trunk_remove:SW1:eth3:10+trunk_remove:SW2:eth3:10+trunk_remove:SW2:eth3:20,11107,11137,0.47104,-8.500000000000002,30,True,False,False,True,False,step_limit,0.004412570316344499,30,9,20,0,5,5,3,0,3
870,2902,access_vlan:SW1:eth1:20+access_vlan:SW2:eth1:20+access_vlan:SW2:eth2:10+trunk_remove:SW1:eth3:10+trunk_remove:SW1:eth3:20+trunk_remove:SW2:eth3:10,11137,11140,0.4708975000000001,-11.0,3,True,False,True,False,False,incorrect_declare_done,0.005158950729916493,3,1,1,0,1,1,1,0,4
871,2903,access_vlan:SW1:eth1:20+access_vlan:SW1:eth2:10+access_vlan:SW2:eth1:20+trunk_remove:SW1:eth3:10,11140,11170,0.46947250000000007,-9.000000000000004,30,True,False,False,True,False,step_limit,0.022133736087319753,30,10,20,0,6,4,6,0,4
872,2904,access_vlan:SW1:eth2:10+access_vlan:SW2:eth1:20+access_vlan:SW2:eth2:10+trunk_remove:SW1:eth3:10,11170,11171,0.469425,-10.05,1,True,False,True,False,False,incorrect_declare_done,0.0051963357254862785,1,0,0,0,0,0,0,0,3
873,2905,access_vlan:SW1:eth1:20+access_vlan:SW1:eth2:10+access_vlan:SW2:eth1:20+access_vlan:SW2:eth2:10+trunk_remove:SW1:eth3:20+trunk_remove:SW2:eth3:10,11171,11197,0.4681900000000001,-17.450000000000003,26,True,False,True,False,False,incorrect_declare_done,0.014454875924946884,26,10,14,0,4,2,4,0,4
874,2906,access_vlan:SW2:eth1:20+trunk_remove:SW1:eth3:10,11197,11198,0.4681425,-10.05,1,True,False,True,False,False,incorrect_declare_done,0.0069701215252280235,1,0,0,0,0,0,0,0,3
875,2907,access_vlan:SW1:eth1:20+access_vlan:SW1:eth2:10+access_vlan:SW2:eth2:10+trunk_remove:SW1:eth3:10+trunk_remove:SW2:eth3:10,11198,11228,0.4667175,-7.750000000000003,30,True,False,False,True,False,step_limit,0.0033969310015284767,30,15,15,0,2,2,2,0,2
876,2908,access_vlan:SW1:eth2:10+access_vlan:SW2:eth1:20+access_vlan:SW2:eth2:10+trunk_remove:SW1:eth3:10+trunk_remove:SW1:eth3:20+trunk_remove:SW2:eth3:10,11228,11243,0.466005,-15.700000000000003,15,True,False,True,False,False,incorrect_declare_done,0.01956043664055566,15,6,7,0,5,4,4,0,3
877,2909,access_vlan:SW2:eth1:20+trunk_remove:SW1:eth3:20+trunk_remove:SW2:eth3:10,11243,11273,0.46458,-9.950000000000003,30,True,False,False,True,False,step_limit,0.0036861085682176054,30,12,17,0,7,5,5,0,3
878,2910,access_vlan:SW1:eth1:20+access_vlan:SW2:eth2:10+trunk_remove:SW1:eth3:10,11273,11303,0.463155,-7.500000000000002,30,True,False,False,True,False,step_limit,0.0029255426061960558,30,9,20,0,3,2,3,0,3
879,2911,access_vlan:SW1:eth1:20+access_vlan:SW1:eth2:10+access_vlan:SW2:eth1:20+access_vlan:SW2:eth2:10+trunk_remove:SW1:eth3:10+trunk_remove:SW1:eth3:20+trunk_remove:SW2:eth3:10,11303,11311,0.46277500000000005,-12.05,8,True,False,True,False,False,incorrect_declare_done,0.002298979008628521,8,3,4,0,1,1,1,0,2
880,2912,trunk_remove:SW1:eth3:10+trunk_remove:SW1:eth3:20+trunk_remove:SW2:eth3:10+trunk_remove:SW2:eth3:20,11311,11341,0.46135000000000004,-8.350000000000003,30,True,False,False,True,False,step_limit,0.010382898609774809,30,9,21,0,5,2,5,0,4
881,2913,access_vlan:SW1:eth1:20+access_vlan:SW2:eth1:20+trunk_remove:SW1:eth3:20+trunk_remove:SW2:eth3:10+trunk_remove:SW2:eth3:20,11341,11369,0.46002,-16.950000000000003,28,True,False,True,False,False,incorrect_declare_done,0.0035275280492247213,28,9,18,0,3,2,3,0,3
882,2914,access_vlan:SW1:eth1:20+access_vlan:SW1:eth2:10+access_vlan:SW2:eth1:20+access_vlan:SW2:eth2:10+trunk_remove:SW2:eth3:10+trunk_remove:SW2:eth3:20,11369,11377,0.45964000000000005,-11.9,8,True,False,True,False,False,incorrect_declare_done,0.003722277222550474,8,2,5,0,1,1,1,0,3
883,2915,access_vlan:SW1:eth1:20+access_vlan:SW2:eth2:10+trunk_remove:SW1:eth3:20+trunk_remove:SW2:eth3:20,11377,11379,0.4595450000000001,-10.200000000000001,2,True,False,True,False,False,incorrect_declare_done,0.002786423545330763,2,0,1,0,0,0,0,0,4
884,2916,access_vlan:SW1:eth2:10+access_vlan:SW2:eth1:20,11379,11395,0.458785,-15.850000000000001,16,True,False,True,False,False,incorrect_declare_done,0.002695217255677562,16,7,8,0,5,4,4,0,3
885,2917,access_vlan:SW1:eth2:10+access_vlan:SW2:eth1:20+trunk_remove:SW1:eth3:10+trunk_remove:SW1:eth3:20+trunk_remove:SW2:eth3:10+trunk_remove:SW2:eth3:20,11395,11425,0.45736,-11.100000000000003,30,True,False,False,True,False,step_limit,0.012631842951911191,30,14,16,0,9,4,7,0,4
886,2918,access_vlan:SW1:eth1:20+access_vlan:SW2:eth2:10+trunk_remove:SW2:eth3:10,11425,11429,0.45716999999999997,-10.65,4,True,False,True,False,False,incorrect_declare_done,0.0023900027154013515,4,1,2,0,0,0,0,0,4
887,2919,trunk_remove:SW1:eth3:10+trunk_remove:SW2:eth3:20,11429,11453,0.45603000000000005,-16.5,24,True,False,True,False,False,incorrect_declare_done,0.013047647837083787,24,9,13,0,3,2,3,0,2
888,2920,access_vlan:SW2:eth1:20+access_vlan:SW2:eth2:10,11453,11483,0.4546049999999999,-6.700000000000003,30,True,False,False,True,False,step_limit,0.0027631806500721724,30,8,22,0,2,2,2,0,1
889,2921,access_vlan:SW1:eth1:20+access_vlan:SW2:eth2:10+trunk_remove:SW1:eth3:10+trunk_remove:SW1:eth3:20+trunk_remove:SW2:eth3:10,11483,11492,0.4541775,-12.15,9,True,False,True,False,False,incorrect_declare_done,0.02791315947090172,9,5,2,0,0,0,0,0,1
890,2922,access_vlan:SW1:eth1:20+access_vlan:SW2:eth1:20+trunk_remove:SW1:eth3:10+trunk_remove:SW1:eth3:20+trunk_remove:SW2:eth3:10+trunk_remove:SW2:eth3:20,11492,11501,0.4537500000000001,-11.4,9,True,False,True,False,False,incorrect_declare_done,0.03155543039449387,9,1,7,0,0,0,0,0,4
891,2923,access_vlan:SW1:eth1:20+trunk_remove:SW1:eth3:20,11501,11502,0.4537025000000001,-10.05,1,True,False,True,False,False,incorrect_declare_done,0.008194996975362301,1,0,0,0,0,0,0,0,3
892,2924,access_vlan:SW2:eth1:20+access_vlan:SW2:eth2:10+trunk_remove:SW2:eth3:10+trunk_remove:SW2:eth3:20,11502,11527,0.452515,-17.450000000000003,25,True,False,True,False,False,incorrect_declare_done,0.005408765524625778,25,11,12,0,4,3,4,0,2
893,2925,access_vlan:SW1:eth1:20+access_vlan:SW2:eth1:20,11527,11531,0.452325,-11.8,4,True,False,True,False,False,incorrect_declare_done,0.003517093660775572,4,2,1,0,2,2,1,0,4
894,2926,access_vlan:SW1:eth1:20+access_vlan:SW1:eth2:10+access_vlan:SW2:eth1:20+trunk_remove:SW2:eth3:10+trunk_remove:SW2:eth3:20,11531,11539,0.45194500000000004,-15.0,8,True,False,True,False,False,incorrect_declare_done,0.03944404484354891,8,4,1,0,6,4,5,0,4
895,2927,access_vlan:SW2:eth1:20+access_vlan:SW2:eth2:10+trunk_remove:SW1:eth3:10+trunk_remove:SW1:eth3:20+trunk_remove:SW2:eth3:20,11539,11565,0.45070999999999994,-16.700000000000003,26,True,False,True,False,False,incorrect_declare_done,0.0031800495478539513,26,6,19,0,4,3,4,0,3
896,2928,access_vlan:SW1:eth1:20+access_vlan:SW2:eth1:20+access_vlan:SW2:eth2:10+trunk_remove:SW1:eth3:20+trunk_remove:SW2:eth3:20,11565,11588,0.4496175,-17.85,23,True,False,True,False,False,incorrect_declare_done,0.0026273311763677907,23,10,12,0,6,4,6,0,4
897,2929,access_vlan:SW1:eth1:20+access_vlan:SW2:eth2:10+trunk_remove:SW1:eth3:10+trunk_remove:SW2:eth3:10+trunk_remove:SW2:eth3:20,11588,11605,0.44880999999999993,-14.2,17,True,False,True,False,False,incorrect_declare_done,0.003114387105383417,17,4,11,0,2,1,2,0,4
898,2930,access_vlan:SW1:eth1:20+access_vlan:SW2:eth2:10+trunk_remove:SW1:eth3:20+trunk_remove:SW2:eth3:10+trunk_remove:SW2:eth3:20,11605,11610,0.44857250000000004,-10.8,5,True,False,True,False,False,incorrect_declare_done,0.002463541575707495,5,1,3,0,0,0,0,0,4
899,2931,access_vlan:SW1:eth1:20+access_vlan:SW2:eth1:20+access_vlan:SW2:eth2:10+trunk_remove:SW2:eth3:10,11610,11623,0.4479550000000001,-16.400000000000002,13,True,False,True,False,False,incorrect_declare_done,0.04167981034753701,13,6,5,0,7,5,6,0,3
900,2932,access_vlan:SW1:eth2:10+access_vlan:SW2:eth2:10+trunk_remove:SW1:eth3:10+trunk_remove:SW1:eth3:20+trunk_remove:SW2:eth3:10,11623,11638,0.4472425000000001,-13.4,15,True,False,True,False,False,incorrect_declare_done,0.033297079242765905,15,5,9,0,1,1,1,0,3
901,2933,access_vlan:SW2:eth1:20+access_vlan:SW2:eth2:10+trunk_remove:SW1:eth3:10+trunk_remove:SW2:eth3:10+trunk_remove:SW2:eth3:20,11638,11668,0.4458175,-8.450000000000003,30,True,False,False,True,False,step_limit,0.006754360134558131,30,10,17,0,4,3,4,1,0
902,2934,access_vlan:SW1:eth2:10+access_vlan:SW2:eth2:10+trunk_remove:SW1:eth3:10+trunk_remove:SW2:eth3:10,11668,11675,0.445485,-12.200000000000001,7,True,False,True,False,False,incorrect_declare_done,0.005902729363047651,7,5,1,0,1,1,1,0,3
903,2935,access_vlan:SW1:eth1:20+access_vlan:SW2:eth2:10+trunk_remove:SW2:eth3:10,11675,11705,0.44406,-11.500000000000005,30,True,False,False,True,False,step_limit,0.00473984848940745,30,8,20,0,11,6,8,0,3
904,2936,access_vlan:SW1:eth2:10+trunk_remove:SW2:eth3:20,11705,11719,0.4433950000000001,-14.55,14,True,False,True,False,False,incorrect_declare_done,0.002534358196758798,14,6,6,0,3,2,2,0,2
905,2937,access_vlan:SW1:eth1:20+access_vlan:SW2:eth2:10+trunk_remove:SW1:eth3:10+trunk_remove:SW1:eth3:20+trunk_remove:SW2:eth3:10,11719,11749,0.44197,-7.000000000000001,30,True,False,False,True,False,step_limit,0.002992972770395378,30,10,20,0,2,2,1,0,3
906,2938,access_vlan:SW1:eth1:20+access_vlan:SW2:eth1:20+access_vlan:SW2:eth2:10+trunk_remove:SW1:eth3:10+trunk_remove:SW2:eth3:20,11749,11771,0.440925,-15.100000000000001,22,True,False,True,False,False,incorrect_declare_done,0.002608419089070098,22,6,15,0,2,2,2,0,4
907,2939,access_vlan:SW1:eth1:20+access_vlan:SW1:eth2:10+access_vlan:SW2:eth2:10+trunk_remove:SW1:eth3:20,11771,11777,0.44064000000000003,-13.25,6,True,False,True,False,False,incorrect_declare_done,0.001927706509983788,6,3,2,0,4,4,3,0,3
908,2940,access_vlan:SW1:eth1:20+trunk_remove:SW2:eth3:20,11777,11803,0.43940500000000005,-18.450000000000003,26,True,False,True,False,False,incorrect_declare_done,0.003117058251518756,26,10,14,0,6,3,5,0,3
909,2941,access_vlan:SW2:eth1:20+trunk_remove:SW2:eth3:20,11803,11805,0.4393100000000001,-10.200000000000001,2,True,False,True,False,False,incorrect_declare_done,0.002643995394464582,2,0,1,0,0,0,0,0,3
910,2942,access_vlan:SW1:eth1:20+access_vlan:SW1:eth2:10+access_vlan:SW2:eth2:10+trunk_remove:SW2:eth3:10,11805,11806,0.4392625,-10.05,1,True,False,True,False,False,incorrect_declare_done,0.0013120986986905336,1,0,0,0,0,0,0,0,3
911,2943,access_vlan:SW1:eth1:20+access_vlan:SW1:eth2:10+access_vlan:SW2:eth2:10+trunk_remove:SW1:eth3:10+trunk_remove:SW1:eth3:20+trunk_remove:SW2:eth3:10+trunk_remove:SW2:eth3:20,11806,11836,0.4378375,-7.150000000000002,30,True,False,False,True,False,step_limit,0.0025921595379865417,30,10,19,0,2,2,2,0,1
912,2944,access_vlan:SW1:eth1:20+trunk_remove:SW1:eth3:10+trunk_remove:SW1:eth3:20,11836,11866,0.4364125,-9.250000000000002,30,True,False,False,True,False,step_limit,0.002243338921107352,30,10,15,0,5,2,5,0,4
913,2945,access_vlan:SW1:eth1:20+access_vlan:SW2:eth1:20+access_vlan:SW2:eth2:10+trunk_remove:SW1:eth3:20+trunk_remove:SW2:eth3:10+trunk_remove:SW2:eth3:20,11866,11896,0.43498749999999997,-9.600000000000001,30,True,False,False,True,False,step_limit,0.0025339749622313927,30,13,16,0,6,4,6,0,3
914,2946,access_vlan:SW2:eth2:10+trunk_remove:SW1:eth3:10+trunk_remove:SW1:eth3:20,11896,11899,0.43484500000000004,-10.5,3,True,False,True,False,False,incorrect_declare_done,0.0015487563408290346,3,1,1,0,0,0,0,0,3
915,2947,trunk_remove:SW2:eth3:10,11899,11929,0.43342,-9.850000000000007,30,True,False,False,True,False,step_limit,0.002868940964496384,30,8,21,0,8,4,5,2,0
916,2948,access_vlan:SW1:eth2:10+access_vlan:SW2:eth1:20+access_vlan:SW2:eth2:10+trunk_remove:SW1:eth3:20+trunk_remove:SW2:eth3:10,11929,11959,0.431995,-11.600000000000007,30,True,False,False,True,False,step_limit,0.012441760868144532,30,11,16,0,10,6,7,0,1
917,2949,access_vlan:SW1:eth1:20+access_vlan:SW2:eth1:20+trunk_remove:SW1:eth3:10+trunk_remove:SW1:eth3:20,11959,11973,0.43133,-14.600000000000001,14,True,False,True,False,False,incorrect_declare_done,0.0022822699933645447,14,4,9,0,4,4,3,0,3
918,2950,access_vlan:SW1:eth2:10+access_vlan:SW2:eth2:10+trunk_remove:SW1:eth3:20+trunk_remove:SW2:eth3:10,11973,12003,0.4299050000000001,-6.500000000000001,30,True,False,False,True,False,step_limit,0.003820155037101358,30,10,20,0,1,1,1,0,2
919,2951,access_vlan:SW1:eth2:10+trunk_remove:SW1:eth3:10+trunk_remove:SW1:eth3:20+trunk_remove:SW2:eth3:10+trunk_remove:SW2:eth3:20,12003,12024,0.4289075000000001,-15.75,21,True,False,True,False,False,incorrect_declare_done,0.003325741308453005,21,5,12,0,3,1,3,0,2
920,2952,access_vlan:SW1:eth1:20+access_vlan:SW2:eth1:20+trunk_remove:SW1:eth3:10,12024,12032,0.42852749999999995,-14.5,8,True,False,True,False,False,incorrect_declare_done,0.0025831923412624747,8,5,1,0,5,3,3,0,3
921,2953,trunk_remove:SW1:eth3:10+trunk_remove:SW1:eth3:20+trunk_remove:SW2:eth3:10,12032,12037,0.42829000000000006,-11.600000000000001,5,True,False,True,False,False,incorrect_declare_done,0.0035939605440944433,5,3,1,0,1,1,1,0,2
922,2954,access_vlan:SW2:eth1:20+access_vlan:SW2:eth2:10+trunk_remove:SW1:eth3:20,12037,12049,0.42772,-13.8,12,True,False,True,False,False,incorrect_declare_done,0.02217158304605012,12,4,7,0,3,2,3,0,1
923,2955,access_vlan:SW1:eth1:20+access_vlan:SW2:eth1:20+access_vlan:SW2:eth2:10+trunk_remove:SW1:eth3:10+trunk_remove:SW2:eth3:10+trunk_remove:SW2:eth3:20,12049,12067,0.42686500000000005,-13.25,18,True,False,True,False,False,incorrect_declare_done,0.002581559493491012,18,1,16,0,1,1,1,0,3
924,2956,access_vlan:SW1:eth2:10+trunk_remove:SW1:eth3:10+trunk_remove:SW2:eth3:10,12067,12069,0.42677,-10.200000000000001,2,True,False,True,False,False,incorrect_declare_done,0.0021863991860300303,2,0,1,0,0,0,0,0,3
925,2957,access_vlan:SW2:eth1:20+trunk_remove:SW1:eth3:10+trunk_remove:SW1:eth3:20+trunk_remove:SW2:eth3:20,12069,12071,0.426675,-10.200000000000001,2,True,False,True,False,False,incorrect_declare_done,0.002471004379913211,2,0,1,0,0,0,0,0,3
926,2958,access_vlan:SW1:eth1:20+trunk_remove:SW1:eth3:10+trunk_remove:SW2:eth3:20,12071,12094,0.4255825,-17.55,23,True,False,True,False,False,incorrect_declare_done,0.015386330032134023,23,7,14,0,6,5,4,0,4
927,2959,access_vlan:SW1:eth1:20+access_vlan:SW1:eth2:10+access_vlan:SW2:eth2:10+trunk_remove:SW1:eth3:10+trunk_remove:SW1:eth3:20+trunk_remove:SW2:eth3:10+trunk_remove:SW2:eth3:20,12094,12107,0.42496500000000004,-13.600000000000001,13,True,False,True,False,False,incorrect_declare_done,0.00290405610576272,13,4,7,0,2,2,2,0,3
928,2960,access_vlan:SW1:eth2:10+access_vlan:SW2:eth1:20+trunk_remove:SW1:eth3:10+trunk_remove:SW1:eth3:20+trunk_remove:SW2:eth3:10+trunk_remove:SW2:eth3:20,12107,12137,0.42354,-6.7,30,True,False,False,True,False,step_limit,0.011186803504824639,30,7,22,0,2,1,2,0,4
929,2961,access_vlan:SW1:eth1:20+trunk_remove:SW1:eth3:10+trunk_remove:SW1:eth3:20+trunk_remove:SW2:eth3:10+trunk_remove:SW2:eth3:20,12137,12155,0.422685,-14.8,18,True,False,True,False,False,incorrect_declare_done,0.01911484707509064,18,8,9,0,2,2,2,0,4
930,2962,access_vlan:SW1:eth1:20+access_vlan:SW1:eth2:10+trunk_remove:SW1:eth3:20,12155,12185,0.4212600000000001,-9.000000000000004,30,True,False,False,True,False,step_limit,0.010128598353670288,30,9,20,0,6,5,4,0,3
931,2963,access_vlan:SW1:eth1:20+access_vlan:SW2:eth2:10+trunk_remove:SW1:eth3:10+trunk_remove:SW2:eth3:10+trunk_remove:SW2:eth3:20,12185,12215,0.41983499999999996,-7.650000000000003,30,True,False,False,True,False,step_limit,0.012472833953021715,30,11,19,0,3,2,3,0,3
932,2964,access_vlan:SW1:eth2:10+access_vlan:SW2:eth1:20+trunk_remove:SW1:eth3:20+trunk_remove:SW2:eth3:10,12215,12245,0.41841000000000006,-7.650000000000002,30,True,False,False,True,False,step_limit,0.0034895159381752214,30,11,19,0,3,2,3,0,4
933,2965,access_vlan:SW1:eth2:10+access_vlan:SW2:eth2:10+trunk_remove:SW1:eth3:10+trunk_remove:SW1:eth3:20+trunk_remove:SW2:eth3:20,12245,12268,0.4173175000000001,-15.700000000000001,23,True,False,True,False,False,incorrect_declare_done,0.011550539142816611,23,9,13,0,2,2,1,0,1
934,2966,access_vlan:SW1:eth1:20+access_vlan:SW1:eth2:10+access_vlan:SW2:eth1:20+access_vlan:SW2:eth2:10+trunk_remove:SW1:eth3:10+trunk_remove:SW2:eth3:10+trunk_remove:SW2:eth3:20,12268,12269,0.41727000000000003,-10.05,1,True,False,True,False,False,incorrect_declare_done,0.001039746799506247,1,0,0,0,0,0,0,0,2
935,2967,access_vlan:SW1:eth2:10+trunk_remove:SW1:eth3:20+trunk_remove:SW2:eth3:10+trunk_remove:SW2:eth3:20,12269,12299,0.415845,-9.150000000000004,30,True,False,False,True,False,step_limit,0.012471510495136803,30,11,19,0,6,5,4,0,4
936,2968,access_vlan:SW1:eth1:20+access_vlan:SW1:eth2:10+trunk_remove:SW2:eth3:10+trunk_remove:SW2:eth3:20,12299,12329,0.4144200000000001,-8.950000000000003,30,True,False,False,True,False,step_limit,0.010396456179053833,30,13,17,0,5,4,4,0,1
937,2969,access_vlan:SW1:eth1:20,12329,12337,0.41403999999999996,-12.9,8,True,False,True,False,False,incorrect_declare_done,0.03862002775713336,8,2,5,0,3,3,1,1,3
938,2970,access_vlan:SW2:eth2:10+trunk_remove:SW1:eth3:10+trunk_remove:SW2:eth3:10+trunk_remove:SW2:eth3:20,12337,12346,0.41361250000000005,-11.9,9,True,False,True,False,False,incorrect_declare_done,0.0032740420299685663,9,1,7,0,1,1,1,0,4
939,2971,access_vlan:SW1:eth1:20+access_vlan:SW2:eth1:20,12346,12354,0.4132325,-11.4,8,True,False,True,False,False,incorrect_declare_done,0.02561247197445482,8,2,5,0,0,0,0,0,4
940,2972,access_vlan:SW1:eth1:20+trunk_remove:SW2:eth3:20,12354,12360,0.4129475,-11.450000000000001,6,True,False,True,False,False,incorrect_declare_done,0.0038567135925404727,6,1,4,0,1,1,1,0,4
941,2973,access_vlan:SW1:eth1:20+access_vlan:SW1:eth2:10+access_vlan:SW2:eth2:10+trunk_remove:SW1:eth3:10+trunk_remove:SW1:eth3:20+trunk_remove:SW2:eth3:10+trunk_remove:SW2:eth3:20,12360,12366,0.41266250000000004,-11.100000000000001,6,True,False,True,False,False,incorrect_declare_done,0.004063432706364741,6,2,3,0,0,0,0,0,3
942,2974,access_vlan:SW1:eth1:20+access_vlan:SW2:eth1:20+access_vlan:SW2:eth2:10+trunk_remove:SW1:eth3:10+trunk_remove:SW1:eth3:20+trunk_remove:SW2:eth3:10,12366,12396,0.41123750000000003,-9.150000000000004,30,True,False,False,True,False,step_limit,0.0038660816033370795,30,11,19,0,6,4,5,0,4
943,2975,access_vlan:SW1:eth1:20+access_vlan:SW2:eth1:20+trunk_remove:SW1:eth3:20,12396,12424,0.4099075000000001,-17.950000000000003,28,True,False,True,False,False,incorrect_declare_done,0.01329557690353665,28,9,18,0,5,4,5,0,4
944,2976,access_vlan:SW2:eth1:20+access_vlan:SW2:eth2:10+trunk_remove:SW2:eth3:10+trunk_remove:SW2:eth3:20,12424,12436,0.4093375,-12.65,12,True,False,True,False,False,incorrect_declare_done,0.007020168375068654,12,3,8,0,1,1,1,0,2
945,2977,access_vlan:SW1:eth2:10+access_vlan:SW2:eth2:10+trunk_remove:SW1:eth3:20+trunk_remove:SW2:eth3:10,12436,12451,0.408625,-13.25,15,True,False,True,False,False,incorrect_declare_done,0.02327540616194407,15,4,10,0,1,1,1,0,3
946,2978,access_vlan:SW1:eth2:10+access_vlan:SW2:eth1:20,12451,12458,0.40829250000000006,-12.05,7,True,False,True,False,False,incorrect_declare_done,0.007445953686588577,7,4,2,0,1,1,1,0,3
947,2979,access_vlan:SW1:eth2:10+trunk_remove:SW1:eth3:20+trunk_remove:SW2:eth3:10,12458,12459,0.40824499999999997,-10.05,1,True,False,True,False,False,incorrect_declare_done,0.00925131794065237,1,0,0,0,0,0,0,0,3
948,2980,access_vlan:SW1:eth1:20+access_vlan:SW1:eth2:10+access_vlan:SW2:eth2:10+trunk_remove:SW1:eth3:20+trunk_remove:SW2:eth3:20,12459,12484,0.40705750000000007,-17.150000000000002,25,True,False,True,False,False,incorrect_declare_done,0.0049513591174036265,25,9,14,0,4,3,3,0,2
949,2981,access_vlan:SW2:eth1:20+access_vlan:SW2:eth2:10+trunk_remove:SW2:eth3:10,12484,12496,0.4064875,-13.3,12,True,False,True,False,False,incorrect_declare_done,0.004205992164012666,12,4,7,0,2,2,2,0,3
950,2982,access_vlan:SW1:eth1:20+access_vlan:SW1:eth2:10+access_vlan:SW2:eth1:20+access_vlan:SW2:eth2:10+trunk_remove:SW1:eth3:10,12496,12497,0.40644,-10.05,1,True,False,True,False,False,incorrect_declare_done,0.0022347255144268274,1,0,0,0,0,0,0,0,1
951,2983,access_vlan:SW1:eth1:20+access_vlan:SW2:eth1:20+access_vlan:SW2:eth2:10+trunk_remove:SW1:eth3:10+trunk_remove:SW2:eth3:10+trunk_remove:SW2:eth3:20,12497,12526,0.4050625000000001,-21.500000000000007,29,True,False,True,False,False,incorrect_declare_done,0.0043168623514216525,29,12,13,0,10,4,8,0,3
952,2984,access_vlan:SW1:eth1:20+access_vlan:SW1:eth2:10+access_vlan:SW2:eth2:10+trunk_remove:SW1:eth3:20+trunk_remove:SW2:eth3:20,12526,12556,0.4036375,-7.5500000000000025,30,True,False,False,True,False,step_limit,0.009439101365084449,30,6,23,0,4,3,3,0,3
953,2985,access_vlan:SW2:eth1:20+access_vlan:SW2:eth2:10+trunk_remove:SW1:eth3:10+trunk_remove:SW1:eth3:20+trunk_remove:SW2:eth3:10+trunk_remove:SW2:eth3:20,12556,12569,0.40302000000000004,-13.6,13,True,False,True,False,False,incorrect_declare_done,0.0025568916462361813,13,4,7,0,2,1,2,0,2
954,2986,access_vlan:SW1:eth1:20+access_vlan:SW1:eth2:10+access_vlan:SW2:eth2:10+trunk_remove:SW1:eth3:20,12569,12595,0.40178499999999995,-18.150000000000002,26,True,False,True,False,False,incorrect_declare_done,0.002289528497315657,26,9,16,0,6,6,5,0,3
955,2987,access_vlan:SW1:eth1:20+access_vlan:SW2:eth2:10+trunk_remove:SW1:eth3:10+trunk_remove:SW2:eth3:20,12595,12599,0.40159500000000004,-10.5,4,True,False,True,False,False,incorrect_declare_done,0.002043103246251121,4,0,3,0,0,0,0,0,4
956,2988,access_vlan:SW1:eth1:20+trunk_remove:SW1:eth3:10+trunk_remove:SW2:eth3:10,12599,12629,0.40017,-9.800000000000004,30,True,False,False,True,False,step_limit,0.014517289572783436,30,10,18,0,7,5,5,0,2
957,2989,access_vlan:SW2:eth1:20+trunk_remove:SW1:eth3:20,12629,12632,0.4000275000000001,-10.350000000000001,3,True,False,True,False,False,incorrect_declare_done,0.0039865126212437945,3,0,2,0,0,0,0,0,3
958,2990,access_vlan:SW1:eth2:10+access_vlan:SW2:eth2:10+trunk_remove:SW2:eth3:10+trunk_remove:SW2:eth3:20,12632,12636,0.39983749999999996,-10.65,4,True,False,True,False,False,incorrect_declare_done,0.003929752419935539,4,1,2,0,0,0,0,0,3
959,2991,access_vlan:SW1:eth1:20+trunk_remove:SW1:eth3:20,12636,12666,0.39841250000000006,-6.850000000000002,30,True,False,False,True,False,step_limit,0.00387917854435121,30,9,21,0,2,2,2,0,4
960,2992,access_vlan:SW1:eth1:20+trunk_remove:SW1:eth3:10,12666,12684,0.3975575,-16.1,18,True,False,True,False,False,incorrect_declare_done,0.01332627734195234,18,9,7,0,4,4,3,0,1
961,2993,access_vlan:SW1:eth1:20+access_vlan:SW1:eth2:10+access_vlan:SW2:eth1:20+access_vlan:SW2:eth2:10+trunk_remove:SW2:eth3:10,12684,12688,0.3973675000000001,-11.3,4,True,False,True,False,False,incorrect_declare_done,0.006604051624890417,4,2,1,0,1,1,1,0,1
962,2994,access_vlan:SW1:eth1:20+access_vlan:SW1:eth2:10+access_vlan:SW2:eth1:20+trunk_remove:SW1:eth3:20+trunk_remove:SW2:eth3:10+trunk_remove:SW2:eth3:20,12688,12690,0.39727250000000003,-10.200000000000001,2,True,False,True,False,False,incorrect_declare_done,0.004024240421131253,2,0,1,0,0,0,0,0,3
963,2995,access_vlan:SW1:eth1:20+access_vlan:SW1:eth2:10+trunk_remove:SW1:eth3:20,12690,12709,0.3963700000000001,-13.85,19,True,False,True,False,False,incorrect_declare_done,0.021215556924672502,19,4,14,0,1,1,1,0,3
964,2996,access_vlan:SW1:eth1:20+trunk_remove:SW2:eth3:10,12709,12739,0.394945,-7.850000000000002,30,True,False,False,True,False,step_limit,0.0031625594361685216,30,8,21,0,4,3,4,0,3
965,2997,access_vlan:SW1:eth1:20+access_vlan:SW1:eth2:10,12739,12741,0.39485000000000003,-10.350000000000001,2,True,False,True,False,False,incorrect_declare_done,0.004102030710782856,2,1,0,0,0,0,0,0,3
966,2998,access_vlan:SW1:eth2:10+access_vlan:SW2:eth1:20+access_vlan:SW2:eth2:10+trunk_remove:SW2:eth3:10+trunk_remove:SW2:eth3:20,12741,12762,0.39385250000000005,-15.25,21,True,False,True,False,False,incorrect_declare_done,0.0030180516353409204,21,7,12,0,2,2,2,0,4
967,2999,access_vlan:SW1:eth1:20+access_vlan:SW1:eth2:10+access_vlan:SW2:eth2:10+trunk_remove:SW1:eth3:10+trunk_remove:SW1:eth3:20+trunk_remove:SW2:eth3:10,12762,12792,0.39242750000000004,-8.15,30,True,False,False,True,False,step_limit,0.002407421148382127,30,9,19,0,4,2,4,0,3
968,3000,access_vlan:SW2:eth1:20+access_vlan:SW2:eth2:10+trunk_remove:SW1:eth3:10+trunk_remove:SW2:eth3:10,12792,12822,0.39100250000000003,-8.850000000000001,30,True,False,False,True,False,step_limit,0.003430857769368837,30,9,21,0,6,4,5,0,4
969,3001,access_vlan:SW1:eth1:20+access_vlan:SW1:eth2:10+access_vlan:SW2:eth2:10+trunk_remove:SW1:eth3:10+trunk_remove:SW1:eth3:20,12822,12833,0.39048000000000005,-13.100000000000001,11,True,False,True,False,False,incorrect_declare_done,0.003958270006643777,11,6,3,0,1,1,1,0,4
970,3002,access_vlan:SW1:eth1:20+access_vlan:SW1:eth2:10,12833,12863,0.38905500000000004,-7.8000000000000025,30,True,False,False,True,False,step_limit,0.0024110402873096367,30,12,18,0,3,2,3,0,4
971,3003,access_vlan:SW1:eth1:20+access_vlan:SW1:eth2:10+access_vlan:SW2:eth1:20+access_vlan:SW2:eth2:10+trunk_remove:SW1:eth3:10,12863,12869,0.38877000000000006,-11.950000000000001,6,True,False,True,False,False,incorrect_declare_done,0.002695344689224536,6,1,4,0,2,2,1,0,3
972,3004,trunk_remove:SW2:eth3:20,12869,12887,0.387915,-13.4,18,True,False,True,False,False,incorrect_declare_done,0.0031772070926510626,18,2,15,0,1,1,1,0,1
973,3005,access_vlan:SW1:eth2:10+access_vlan:SW2:eth1:20+access_vlan:SW2:eth2:10+trunk_remove:SW1:eth3:10,12887,12902,0.3872025,6.75,15,True,False,True,False,True,recovery_success,0.012938554732439418,15,4,10,0,1,1,1,0,0
974,3006,access_vlan:SW1:eth2:10+access_vlan:SW2:eth2:10+trunk_remove:SW1:eth3:10+trunk_remove:SW1:eth3:20+trunk_remove:SW2:eth3:10,12902,12931,0.3858250000000001,0.5999999999999943,29,True,False,True,False,True,recovery_success,0.0034441530849013864,29,10,17,0,7,5,5,0,0
975,3007,access_vlan:SW1:eth1:20+access_vlan:SW1:eth2:10+access_vlan:SW2:eth2:10+trunk_remove:SW1:eth3:10+trunk_remove:SW2:eth3:20,12931,12953,0.3847800000000001,-14.950000000000003,22,True,False,True,False,False,incorrect_declare_done,0.035415794626301664,22,5,16,0,2,2,2,0,3
976,3008,access_vlan:SW1:eth2:10+access_vlan:SW2:eth2:10+trunk_remove:SW1:eth3:10+trunk_remove:SW1:eth3:20+trunk_remove:SW2:eth3:20,12953,12963,0.384305,-11.850000000000001,10,True,False,True,False,False,incorrect_declare_done,0.008689333219081163,10,3,6,0,0,0,0,0,3
977,3009,access_vlan:SW1:eth1:20+access_vlan:SW1:eth2:10+access_vlan:SW2:eth2:10,12963,12966,0.3841625000000001,9.5,3,True,False,True,False,True,recovery_success,0.008345035370439291,3,1,1,0,0,0,0,0,0
978,3010,access_vlan:SW1:eth2:10+access_vlan:SW2:eth1:20+access_vlan:SW2:eth2:10,12966,12968,0.3840675,-10.200000000000001,2,True,False,True,False,False,incorrect_declare_done,0.009209774667397141,2,0,1,0,0,0,0,0,3
979,3011,access_vlan:SW1:eth1:20+trunk_remove:SW1:eth3:10,12968,12986,0.38321250000000007,-15.650000000000002,18,True,False,True,False,False,incorrect_declare_done,0.008165642321627174,18,5,10,0,4,3,4,0,2
980,3012,access_vlan:SW1:eth1:20+access_vlan:SW1:eth2:10+access_vlan:SW2:eth2:10+trunk_remove:SW1:eth3:20+trunk_remove:SW2:eth3:20,12986,13004,0.3823575,-16.3,18,True,False,True,False,False,incorrect_declare_done,0.02098092526042213,18,8,9,0,5,4,3,0,3
981,3013,access_vlan:SW1:eth1:20+access_vlan:SW1:eth2:10+trunk_remove:SW1:eth3:10,13004,13034,0.3809325000000001,-9.100000000000003,30,True,False,False,True,False,step_limit,0.04075774870192011,30,12,16,0,5,3,4,0,3
982,3014,access_vlan:SW1:eth2:10+access_vlan:SW2:eth1:20+trunk_remove:SW1:eth3:20+trunk_remove:SW2:eth3:10,13034,13052,0.38007750000000007,-13.85,18,True,False,True,False,False,incorrect_declare_done,0.018183376019199688,18,5,12,0,1,1,1,0,2
983,3015,access_vlan:SW1:eth2:10+access_vlan:SW2:eth1:20+trunk_remove:SW1:eth3:20+trunk_remove:SW2:eth3:10,13052,13082,0.37865250000000006,-7.200000000000001,30,True,False,False,True,False,step_limit,0.024739742822324235,30,7,22,0,3,3,2,0,4
984,3016,access_vlan:SW1:eth1:20+access_vlan:SW2:eth1:20+access_vlan:SW2:eth2:10+trunk_remove:SW1:eth3:10+trunk_remove:SW2:eth3:20,13082,13086,0.37846250000000003,-10.65,4,True,False,True,False,False,incorrect_declare_done,0.004147353989537805,4,1,2,0,0,0,0,0,3
985,3017,access_vlan:SW2:eth2:10+trunk_remove:SW2:eth3:20,13086,13091,0.37822500000000003,-11.950000000000001,5,True,False,True,False,False,incorrect_declare_done,0.0798773318529129,5,2,2,0,2,2,1,0,4
986,3018,access_vlan:SW1:eth1:20+access_vlan:SW1:eth2:10+trunk_remove:SW1:eth3:20,13091,13096,0.37798750000000003,-11.3,5,True,False,True,False,False,incorrect_declare_done,0.01233460740186274,5,1,3,0,1,1,1,0,3
987,3019,trunk_remove:SW1:eth3:10+trunk_remove:SW1:eth3:20+trunk_remove:SW2:eth3:10,13096,13126,0.3765625,-10.600000000000005,30,True,False,False,True,False,step_limit,0.026717168046161532,30,13,16,0,8,5,7,0,3
988,3020,access_vlan:SW2:eth1:20+access_vlan:SW2:eth2:10+trunk_remove:SW1:eth3:10+trunk_remove:SW2:eth3:10,13126,13156,0.3751375000000001,-9.800000000000004,30,True,False,False,True,False,step_limit,0.01883502829975138,30,11,18,0,7,5,6,1,0
989,3021,trunk_remove:SW1:eth3:10+trunk_remove:SW2:eth3:10,13156,13176,0.3741875000000001,-16.25,20,True,False,True,False,False,incorrect_declare_done,0.010276833653915674,20,8,10,0,4,3,3,0,3
990,3022,access_vlan:SW1:eth2:10+access_vlan:SW2:eth1:20+access_vlan:SW2:eth2:10+trunk_remove:SW1:eth3:20+trunk_remove:SW2:eth3:10+trunk_remove:SW2:eth3:20,13176,13183,0.37385500000000005,-12.9,7,True,False,True,False,False,incorrect_declare_done,0.012608064338564873,7,3,3,0,3,3,2,0,4
991,3023,access_vlan:SW1:eth1:20+access_vlan:SW2:eth1:20,13183,13190,0.3735225000000001,6.449999999999999,7,True,False,True,False,True,recovery_success,0.015670818808887686,7,4,2,0,4,4,2,1,0
992,3024,access_vlan:SW1:eth1:20+access_vlan:SW1:eth2:10+access_vlan:SW2:eth1:20+access_vlan:SW2:eth2:10+trunk_remove:SW1:eth3:10+trunk_remove:SW1:eth3:20+trunk_remove:SW2:eth3:10,13190,13194,0.37333250000000007,-10.5,4,True,False,True,False,False,incorrect_declare_done,0.025084665219765157,4,0,3,0,0,0,0,0,2
993,3025,access_vlan:SW1:eth1:20+access_vlan:SW1:eth2:10+access_vlan:SW2:eth2:10+trunk_remove:SW1:eth3:10+trunk_remove:SW1:eth3:20+trunk_remove:SW2:eth3:20,13194,13224,0.37190750000000006,-7.400000000000002,30,True,False,False,True,False,step_limit,0.027605733927339317,30,6,24,0,4,4,4,0,3
994,3026,access_vlan:SW1:eth2:10+access_vlan:SW2:eth2:10+trunk_remove:SW2:eth3:10+trunk_remove:SW2:eth3:20,13224,13230,0.3716225000000001,-10.950000000000001,6,True,False,True,False,False,incorrect_declare_done,0.07778580843781431,6,1,4,0,0,0,0,0,3
995,3027,access_vlan:SW2:eth1:20+trunk_remove:SW2:eth3:10,13230,13244,0.37095750000000005,-13.4,14,True,False,True,False,False,incorrect_declare_done,0.015371362678706646,14,5,7,0,1,1,1,0,3
996,3028,trunk_remove:SW1:eth3:20+trunk_remove:SW2:eth3:10,13244,13255,0.37043500000000007,-12.5,11,True,False,True,False,False,incorrect_declare_done,0.028346388791264457,11,3,7,0,1,1,1,0,1
997,3029,access_vlan:SW2:eth1:20+trunk_remove:SW2:eth3:20,13255,13269,0.36977000000000004,-12.450000000000001,14,True,False,True,False,False,incorrect_declare_done,0.015518382707211589,14,3,10,0,0,0,0,0,2
998,3030,access_vlan:SW2:eth1:20+trunk_remove:SW2:eth3:20,13269,13299,0.36834500000000003,-11.150000000000006,30,True,False,False,True,False,step_limit,0.01380440678137044,30,10,19,0,10,6,6,1,1
999,3031,access_vlan:SW1:eth1:20+access_vlan:SW1:eth2:10+access_vlan:SW2:eth1:20+trunk_remove:SW1:eth3:10+trunk_remove:SW2:eth3:20,13299,13308,0.3679175,-11.4,9,True,False,True,False,False,incorrect_declare_done,0.031348561195449695,9,1,7,0,0,0,0,0,2
1000,3032,access_vlan:SW1:eth2:10+trunk_remove:SW1:eth3:10+trunk_remove:SW1:eth3:20+trunk_remove:SW2:eth3:10,13308,13319,0.367395,-12.65,11,True,False,True,False,False,incorrect_declare_done,0.026446136095645754,11,4,6,0,1,1,1,0,3
1001,3033,access_vlan:SW1:eth2:10+access_vlan:SW2:eth1:20+trunk_remove:SW1:eth3:10+trunk_remove:SW2:eth3:20,13319,13320,0.36734749999999994,-10.05,1,True,False,True,False,False,incorrect_declare_done,0.10770350694656372,1,0,0,0,0,0,0,0,4
1002,3034,access_vlan:SW1:eth2:10+access_vlan:SW2:eth1:20+access_vlan:SW2:eth2:10+trunk_remove:SW2:eth3:20,13320,13323,0.367205,-10.350000000000001,3,True,False,True,False,False,incorrect_declare_done,0.005281988065689802,3,0,2,0,0,0,0,0,3
1003,3035,access_vlan:SW2:eth1:20+access_vlan:SW2:eth2:10+trunk_remove:SW1:eth3:10+trunk_remove:SW2:eth3:10+trunk_remove:SW2:eth3:20,13323,13353,0.3657800000000001,-9.950000000000005,30,True,False,False,True,False,step_limit,0.024772276217117906,30,10,17,0,7,5,6,0,4
1004,3036,trunk_remove:SW1:eth3:10+trunk_remove:SW2:eth3:20,13353,13383,0.364355,-8.800000000000004,30,True,False,False,True,False,step_limit,0.020283866945343714,30,11,18,0,5,5,3,1,3
1005,3037,access_vlan:SW1:eth1:20+access_vlan:SW1:eth2:10+access_vlan:SW2:eth2:10+trunk_remove:SW1:eth3:10+trunk_remove:SW1:eth3:20+trunk_remove:SW2:eth3:20,13383,13413,0.3629300000000001,-7.0,30,True,False,False,True,False,step_limit,0.013945701757135491,30,10,20,0,2,2,2,0,0
1006,3038,access_vlan:SW1:eth1:20,13413,13420,0.3625975,-12.25,7,True,False,True,False,False,incorrect_declare_done,0.0034029457851180007,7,2,4,0,2,2,1,0,4
1007,3039,access_vlan:SW1:eth2:10+trunk_remove:SW1:eth3:20,13420,13432,0.36202750000000006,-13.95,12,True,False,True,False,False,incorrect_declare_done,0.006342652748571709,12,4,6,0,3,3,3,0,3
1008,3040,access_vlan:SW1:eth2:10+trunk_remove:SW2:eth3:20,13432,13440,0.3616475,-11.25,8,True,False,True,False,False,incorrect_declare_done,0.018661373935174197,8,1,6,0,0,0,0,0,1
1009,3041,access_vlan:SW2:eth1:20+trunk_remove:SW1:eth3:10+trunk_remove:SW1:eth3:20+trunk_remove:SW2:eth3:20,13440,13446,0.36136250000000003,-10.950000000000001,6,True,False,True,False,False,incorrect_declare_done,0.024264100822620094,6,1,4,0,0,0,0,0,3
1010,3042,access_vlan:SW1:eth1:20+access_vlan:SW2:eth1:20,13446,13468,0.36031750000000007,-15.650000000000004,22,True,False,True,False,False,incorrect_declare_done,0.03221822684546086,22,2,18,0,4,3,2,1,3
1011,3043,access_vlan:SW1:eth1:20+access_vlan:SW2:eth1:20+access_vlan:SW2:eth2:10+trunk_remove:SW1:eth3:10+trunk_remove:SW2:eth3:20,13468,13470,0.3602225,-10.200000000000001,2,True,False,True,False,False,incorrect_declare_done,0.05409130174666643,2,0,1,0,0,0,0,0,3
1012,3044,trunk_remove:SW1:eth3:10+trunk_remove:SW1:eth3:20+trunk_remove:SW2:eth3:10+trunk_remove:SW2:eth3:20,13470,13500,0.3587975,-8.900000000000002,30,True,False,False,True,False,step_limit,0.013716248632408678,30,15,14,0,4,2,4,0,1
1013,3045,access_vlan:SW1:eth1:20+access_vlan:SW1:eth2:10+access_vlan:SW2:eth1:20+trunk_remove:SW2:eth3:20,13500,13530,0.3573725,-10.650000000000006,30,True,False,False,True,False,step_limit,0.04327737369264165,30,10,19,0,9,6,5,1,3
1014,3046,access_vlan:SW1:eth2:10+access_vlan:SW2:eth1:20+trunk_remove:SW1:eth3:10+trunk_remove:SW1:eth3:20+trunk_remove:SW2:eth3:10+trunk_remove:SW2:eth3:20,13530,13560,0.3559475,-10.250000000000005,30,True,False,False,True,False,step_limit,0.02614272932211558,30,15,15,0,7,4,5,0,3
1015,3047,access_vlan:SW2:eth2:10+trunk_remove:SW1:eth3:20+trunk_remove:SW2:eth3:20,13560,13566,0.3556625,8.75,6,True,False,True,False,True,recovery_success,0.030554493113110464,6,3,2,0,0,0,0,0,0
1016,3048,access_vlan:SW2:eth1:20+trunk_remove:SW1:eth3:10,13566,13586,0.3547125,1.799999999999999,20,True,False,True,False,True,recovery_success,0.0334381531458348,20,12,7,0,7,4,5,2,0
1017,3049,access_vlan:SW1:eth2:10+access_vlan:SW2:eth2:10+trunk_remove:SW1:eth3:20+trunk_remove:SW2:eth3:20,13586,13596,0.3542375000000001,-13.15,10,True,False,True,False,False,incorrect_declare_done,0.023153326706960797,10,5,4,0,2,2,2,0,1
1018,3050,access_vlan:SW1:eth1:20+access_vlan:SW1:eth2:10+access_vlan:SW2:eth1:20+trunk_remove:SW2:eth3:10+trunk_remove:SW2:eth3:20,13596,13626,0.3528125,-9.4,30,True,False,False,True,False,step_limit,0.04730666011261443,30,16,14,0,5,2,5,0,4
1019,3051,access_vlan:SW1:eth2:10+trunk_remove:SW1:eth3:20+trunk_remove:SW2:eth3:20,13626,13656,0.3513875000000001,-8.600000000000003,30,True,False,False,True,False,step_limit,0.026954496550994616,30,13,16,0,4,3,4,0,1
1020,3052,trunk_remove:SW1:eth3:10+trunk_remove:SW2:eth3:10,13656,13665,0.35096000000000005,6.35,9,True,False,True,False,True,recovery_success,0.057843814112453,9,5,2,0,3,2,2,0,0
1021,3053,trunk_remove:SW1:eth3:10+trunk_remove:SW2:eth3:10,13665,13674,0.3505325,7.1499999999999995,9,True,False,True,False,True,recovery_success,0.04370723975201448,9,4,4,0,2,2,1,0,0
1022,3054,access_vlan:SW1:eth1:20+trunk_remove:SW2:eth3:10,13674,13675,0.35048500000000005,-10.05,1,True,False,True,False,False,incorrect_declare_done,0.011440066620707512,1,0,0,0,0,0,0,0,3
1023,3055,access_vlan:SW1:eth1:20+access_vlan:SW2:eth2:10+trunk_remove:SW1:eth3:20+trunk_remove:SW2:eth3:20,13675,13705,0.34906000000000004,-6.200000000000002,30,True,False,False,True,False,step_limit,0.03378228325551997,30,8,22,0,1,1,1,0,3
1024,3056,access_vlan:SW1:eth1:20+access_vlan:SW1:eth2:10+access_vlan:SW2:eth1:20+trunk_remove:SW1:eth3:20+trunk_remove:SW2:eth3:20,13705,13723,0.348205,-16.8,18,True,False,True,False,False,incorrect_declare_done,0.047833436608521476,18,8,9,0,6,6,4,0,4
1025,3057,access_vlan:SW1:eth1:20+access_vlan:SW2:eth1:20+trunk_remove:SW1:eth3:20+trunk_remove:SW2:eth3:20,13723,13741,0.34734999999999994,3.1999999999999984,18,True,False,True,False,True,recovery_success,0.03494573847597672,18,8,9,0,6,5,2,2,0
1026,3058,access_vlan:SW1:eth1:20+access_vlan:SW2:eth1:20+trunk_remove:SW1:eth3:20+trunk_remove:SW2:eth3:10+trunk_remove:SW2:eth3:20,13741,13766,0.34616250000000004,-14.100000000000001,25,True,False,True,False,False,incorrect_declare_done,0.023298217561095954,25,3,21,0,0,0,0,0,2
1027,3059,access_vlan:SW1:eth1:20+access_vlan:SW1:eth2:10+access_vlan:SW2:eth1:20+access_vlan:SW2:eth2:10+trunk_remove:SW1:eth3:20+trunk_remove:SW2:eth3:20,13766,13786,0.34521250000000003,-0.4000000000000039,20,True,False,True,False,True,recovery_success,0.0251055299770087,20,9,9,0,12,6,6,2,0
1028,3060,access_vlan:SW1:eth2:10+access_vlan:SW2:eth1:20+trunk_remove:SW1:eth3:10+trunk_remove:SW2:eth3:20,13786,13788,0.34511749999999997,-10.200000000000001,2,True,False,True,False,False,incorrect_declare_done,0.006590168224647641,2,0,1,0,0,0,0,0,4
1029,3061,access_vlan:SW1:eth1:20+access_vlan:SW2:eth1:20+trunk_remove:SW1:eth3:20+trunk_remove:SW2:eth3:10,13788,13818,0.34369250000000007,-6.200000000000003,30,True,False,False,True,False,step_limit,0.04094528181788822,30,8,22,0,1,1,1,1,0
1030,3062,access_vlan:SW2:eth1:20+trunk_remove:SW1:eth3:10+trunk_remove:SW1:eth3:20+trunk_remove:SW2:eth3:20,13818,13846,0.3423625,-20.050000000000004,28,True,False,True,False,False,incorrect_declare_done,0.030602457126536007,28,13,14,0,8,6,6,0,3
1031,3063,access_vlan:SW1:eth1:20+trunk_remove:SW1:eth3:10,13846,13876,0.3409375,-12.750000000000005,30,True,False,False,True,False,step_limit,0.02916364974807948,30,14,15,0,12,6,7,3,3
1032,3064,access_vlan:SW1:eth1:20+access_vlan:SW1:eth2:10+access_vlan:SW2:eth1:20+trunk_remove:SW1:eth3:10+trunk_remove:SW1:eth3:20+trunk_remove:SW2:eth3:10+trunk_remove:SW2:eth3:20,13876,13898,0.33989250000000004,-14.45,22,True,False,True,False,False,incorrect_declare_done,0.05262649630789052,22,5,16,0,1,1,1,0,3
1033,3065,access_vlan:SW1:eth1:20+access_vlan:SW1:eth2:10+access_vlan:SW2:eth1:20+trunk_remove:SW1:eth3:20,13898,13928,0.33846750000000003,-11.750000000000004,30,True,False,False,True,False,step_limit,0.047030832439971464,30,15,15,0,10,5,6,1,3
1034,3066,access_vlan:SW2:eth1:20+access_vlan:SW2:eth2:10+trunk_remove:SW1:eth3:10+trunk_remove:SW1:eth3:20+trunk_remove:SW2:eth3:10+trunk_remove:SW2:eth3:20,13928,13952,0.3373275,-19.9,24,True,False,True,False,False,incorrect_declare_done,0.04263016521387423,24,15,7,0,8,4,7,4,3
1035,3067,access_vlan:SW1:eth2:10+access_vlan:SW2:eth1:20+access_vlan:SW2:eth2:10+trunk_remove:SW1:eth3:20+trunk_remove:SW2:eth3:10,13952,13982,0.3359025000000001,-9.000000000000002,30,True,False,False,True,False,step_limit,0.0340677349595353,30,9,20,0,6,5,4,3,1
1036,3068,access_vlan:SW1:eth2:10,13982,14012,0.3344775,-14.600000000000007,30,True,False,False,True,False,step_limit,0.07843962338132163,30,10,16,0,16,5,8,4,1
1037,3069,access_vlan:SW2:eth2:10+trunk_remove:SW2:eth3:10,14012,14042,0.3330525000000001,-3.6000000000000068,30,True,False,True,False,True,recovery_success,0.06960088303312659,30,17,11,0,13,4,10,4,0
1038,3070,access_vlan:SW1:eth1:20+access_vlan:SW2:eth1:20+trunk_remove:SW2:eth3:10,14042,14072,0.3316275000000001,-14.850000000000005,30,True,False,False,True,False,step_limit,0.05685194279067218,30,19,11,0,15,6,7,3,0
1039,3071,access_vlan:SW1:eth1:20+access_vlan:SW1:eth2:10+access_vlan:SW2:eth1:20+trunk_remove:SW1:eth3:10+trunk_remove:SW1:eth3:20+trunk_remove:SW2:eth3:10+trunk_remove:SW2:eth3:20,14072,14095,0.330535,3.4999999999999982,23,True,False,True,False,True,recovery_success,0.04588943071987318,23,9,11,0,3,3,2,1,0
1040,3072,access_vlan:SW1:eth1:20+access_vlan:SW2:eth1:20+trunk_remove:SW1:eth3:10+trunk_remove:SW1:eth3:20+trunk_remove:SW2:eth3:20,14095,14103,0.3301550000000001,-11.4,8,True,False,True,False,False,incorrect_declare_done,0.08611165429465473,8,2,5,0,0,0,0,0,4
1041,3073,access_vlan:SW1:eth1:20+access_vlan:SW2:eth1:20+trunk_remove:SW1:eth3:10+trunk_remove:SW1:eth3:20+trunk_remove:SW2:eth3:10+trunk_remove:SW2:eth3:20,14103,14119,0.3293950000000001,4.8999999999999995,16,True,False,True,False,True,recovery_success,0.08229591057170182,16,12,3,0,2,2,2,0,0
1042,3074,access_vlan:SW1:eth2:10+access_vlan:SW2:eth2:10+trunk_remove:SW1:eth3:10+trunk_remove:SW2:eth3:10,14119,14149,0.32797,-14.400000000000006,30,True,False,False,True,False,step_limit,0.06582477182770768,30,16,14,0,15,6,8,2,0
1043,3075,access_vlan:SW1:eth2:10+access_vlan:SW2:eth2:10+trunk_remove:SW1:eth3:10+trunk_remove:SW1:eth3:20+trunk_remove:SW2:eth3:10,14149,14159,0.3274950000000001,-12.8,10,True,False,True,False,False,incorrect_declare_done,0.06672476697713137,10,6,3,0,1,1,1,1,1
1044,3076,access_vlan:SW1:eth2:10+access_vlan:SW2:eth1:20+trunk_remove:SW1:eth3:10+trunk_remove:SW2:eth3:20,14159,14189,0.32606999999999997,-13.750000000000007,30,True,False,False,True,False,step_limit,0.05833784287484984,30,14,15,0,14,6,7,4,3
1045,3077,access_vlan:SW1:eth2:10+trunk_remove:SW1:eth3:10+trunk_remove:SW1:eth3:20+trunk_remove:SW2:eth3:10,14189,14207,0.32521500000000003,3.1999999999999984,18,True,False,True,False,True,recovery_success,0.07852450085596906,18,8,9,0,6,3,2,2,0
1046,3078,trunk_remove:SW1:eth3:10+trunk_remove:SW2:eth3:20,14207,14228,0.32421750000000005,-3.7500000000000053,21,True,False,True,False,True,recovery_success,0.07637547351242531,21,18,2,0,16,6,9,1,0
1047,3079,access_vlan:SW1:eth2:10+trunk_remove:SW1:eth3:10,14228,14232,0.3240275,9.2,4,True,False,True,False,True,recovery_success,0.04474166198633611,4,2,1,0,0,0,0,0,0
1048,3080,access_vlan:SW2:eth2:10+trunk_remove:SW2:eth3:10,14232,14262,0.3226025,-10.800000000000006,30,True,False,False,True,False,step_limit,0.07089751887445649,30,12,18,0,9,5,4,3,0
1049,3081,access_vlan:SW2:eth1:20+access_vlan:SW2:eth2:10+trunk_remove:SW1:eth3:20+trunk_remove:SW2:eth3:10,14262,14268,0.32231750000000003,8.1,6,True,False,True,False,True,recovery_success,0.06865144955615203,6,4,1,0,1,1,1,0,0
1050,3082,access_vlan:SW1:eth1:20+trunk_remove:SW1:eth3:10+trunk_remove:SW2:eth3:10,14268,14270,0.32222249999999997,-11.350000000000001,2,True,False,True,False,False,incorrect_declare_done,0.01980897504836321,2,1,0,0,2,2,1,0,4
1051,3083,access_vlan:SW1:eth1:20+access_vlan:SW1:eth2:10+access_vlan:SW2:eth1:20+trunk_remove:SW1:eth3:20,14270,14274,0.32203250000000005,9.2,4,True,False,True,False,True,recovery_success,0.08347897976636887,4,2,1,0,0,0,0,0,0
1052,3084,access_vlan:SW1:eth1:20+access_vlan:SW2:eth1:20+trunk_remove:SW1:eth3:10+trunk_remove:SW1:eth3:20,14274,14283,0.32160500000000003,5.849999999999999,9,True,False,True,False,True,recovery_success,0.09230170937048064,9,6,2,0,4,4,3,1,0
1053,3085,access_vlan:SW1:eth1:20+access_vlan:SW1:eth2:10,14283,14292,0.3211775,-11.4,9,True,False,True,False,False,incorrect_declare_done,0.07015697244140837,9,1,7,0,0,0,0,0,3
1054,3086,access_vlan:SW1:eth1:20+trunk_remove:SW1:eth3:10+trunk_remove:SW1:eth3:20+trunk_remove:SW2:eth3:10,14292,14315,0.32008500000000006,-20.150000000000002,23,True,False,True,False,False,incorrect_declare_done,0.0688125551070856,23,12,10,0,10,5,4,4,3
1055,3087,access_vlan:SW1:eth1:20+access_vlan:SW2:eth2:10+trunk_remove:SW1:eth3:10+trunk_remove:SW1:eth3:20+trunk_remove:SW2:eth3:10,14315,14336,0.3190875000000001,-19.35,21,True,False,True,False,False,incorrect_declare_done,0.06175902649937641,21,12,8,0,9,5,4,3,3
1056,3088,access_vlan:SW2:eth1:20+access_vlan:SW2:eth2:10+trunk_remove:SW1:eth3:10+trunk_remove:SW1:eth3:20+trunk_remove:SW2:eth3:10+trunk_remove:SW2:eth3:20,14336,14351,0.31837499999999996,-18.3,15,True,False,True,False,False,incorrect_declare_done,0.04091432609905799,15,11,3,0,9,6,5,1,3
1057,3089,access_vlan:SW1:eth1:20+access_vlan:SW1:eth2:10+access_vlan:SW2:eth2:10+trunk_remove:SW2:eth3:20,14351,14381,0.31695000000000007,-11.100000000000007,30,True,False,False,True,False,step_limit,0.07463528445611398,30,14,16,0,9,4,7,5,0
1058,3090,access_vlan:SW2:eth1:20+access_vlan:SW2:eth2:10+trunk_remove:SW1:eth3:10+trunk_remove:SW2:eth3:10,14381,14411,0.31552500000000006,-8.800000000000002,30,True,False,False,True,False,step_limit,0.07229390051215887,30,12,18,0,5,4,3,2,0
1059,3091,access_vlan:SW1:eth1:20+access_vlan:SW2:eth2:10+trunk_remove:SW1:eth3:20,14411,14416,0.31528750000000005,8.899999999999999,5,True,False,True,False,True,recovery_success,0.062477710843086245,5,3,1,0,0,0,0,0,0
1060,3092,access_vlan:SW1:eth1:20+access_vlan:SW1:eth2:10+trunk_remove:SW2:eth3:20,14416,14423,0.3149550000000001,6.799999999999999,7,True,False,True,False,True,recovery_success,0.041904304309615066,7,5,1,0,3,3,2,0,0
1061,3093,access_vlan:SW1:eth1:20+access_vlan:SW2:eth2:10+trunk_remove:SW1:eth3:20+trunk_remove:SW2:eth3:20,14423,14441,0.31410000000000005,2.8,18,True,False,True,False,True,recovery_success,0.09503055581202109,18,12,3,0,5,4,4,2,0
1062,3094,access_vlan:SW1:eth2:10+access_vlan:SW2:eth2:10+trunk_remove:SW2:eth3:10+trunk_remove:SW2:eth3:20,14441,14442,0.31405250000000007,-10.05,1,True,False,True,False,False,incorrect_declare_done,0.13269363343715668,1,0,0,0,0,0,0,0,4
1063,3095,access_vlan:SW1:eth1:20+access_vlan:SW1:eth2:10+trunk_remove:SW2:eth3:10+trunk_remove:SW2:eth3:20,14442,14472,0.31262750000000006,-5.900000000000003,30,True,False,False,True,False,step_limit,0.04326090614000956,30,4,24,0,1,1,1,0,2
1064,3096,access_vlan:SW2:eth1:20+access_vlan:SW2:eth2:10+trunk_remove:SW1:eth3:10+trunk_remove:SW1:eth3:20+trunk_remove:SW2:eth3:10+trunk_remove:SW2:eth3:20,14472,14493,0.31162999999999996,0.8499999999999996,21,True,False,True,False,True,recovery_success,0.02551030647009611,21,14,6,0,8,4,6,1,0
1065,3097,access_vlan:SW1:eth2:10+trunk_remove:SW2:eth3:20,14493,14507,0.31096500000000005,4.1,14,True,False,True,False,True,recovery_success,0.11182828407202448,14,6,7,0,6,3,2,2,0
1066,3098,access_vlan:SW1:eth1:20+access_vlan:SW1:eth2:10+access_vlan:SW2:eth1:20+trunk_remove:SW1:eth3:20+trunk_remove:SW2:eth3:20,14507,14537,0.30954000000000004,-14.350000000000007,30,True,False,False,True,False,step_limit,0.18812590191761652,30,18,11,0,14,6,8,5,0
1067,3099,access_vlan:SW1:eth1:20+trunk_remove:SW1:eth3:10+trunk_remove:SW2:eth3:10,14537,14539,0.3094450000000001,-10.350000000000001,2,True,False,True,False,False,incorrect_declare_done,0.23238253593444824,2,1,0,0,0,0,0,0,1
1068,3100,access_vlan:SW2:eth2:10+trunk_remove:SW1:eth3:10+trunk_remove:SW2:eth3:10+trunk_remove:SW2:eth3:20,14539,14550,0.3089225,6.25,11,True,False,True,False,True,recovery_success,0.11992314999753778,11,8,2,0,2,2,2,0,0
1069,3101,access_vlan:SW1:eth1:20+access_vlan:SW2:eth1:20+trunk_remove:SW1:eth3:20+trunk_remove:SW2:eth3:20,14550,14563,0.30830500000000005,5.949999999999999,13,True,False,True,False,True,recovery_success,0.11281123900642762,13,8,4,0,2,2,1,0,0
1070,3102,access_vlan:SW1:eth1:20+access_vlan:SW1:eth2:10+access_vlan:SW2:eth2:10,14563,14568,0.30806749999999994,8.899999999999999,5,True,False,True,False,True,recovery_success,0.10046573802828788,5,3,1,0,0,0,0,0,0
1071,3103,access_vlan:SW2:eth2:10+trunk_remove:SW1:eth3:10+trunk_remove:SW2:eth3:20,14568,14569,0.30801999999999996,-10.05,1,True,False,True,False,False,incorrect_declare_done,0.09123190492391586,1,0,0,0,0,0,0,0,3
1072,3104,access_vlan:SW2:eth2:10+trunk_remove:SW2:eth3:10+trunk_remove:SW2:eth3:20,14569,14578,0.30759250000000005,6.5,9,True,False,True,False,True,recovery_success,0.11124143583907022,9,5,3,0,3,3,1,1,0
1073,3105,access_vlan:SW1:eth2:10+trunk_remove:SW1:eth3:20,14578,14588,0.30711749999999993,4.3999999999999995,10,True,False,True,False,True,recovery_success,0.13178019057959317,10,8,1,0,6,3,3,2,0
1074,3106,access_vlan:SW1:eth2:10+access_vlan:SW2:eth1:20+access_vlan:SW2:eth2:10+trunk_remove:SW1:eth3:20+trunk_remove:SW2:eth3:10+trunk_remove:SW2:eth3:20,14588,14594,0.30683250000000006,-12.05,6,True,False,True,False,False,incorrect_declare_done,0.13717032161851725,6,5,0,0,1,1,1,0,1
1075,3107,access_vlan:SW2:eth1:20+access_vlan:SW2:eth2:10+trunk_remove:SW2:eth3:10,14594,14620,0.3055975000000001,-21.700000000000003,26,True,False,True,False,False,incorrect_declare_done,0.12314039483093299,26,16,9,0,11,6,7,5,1
1076,3108,access_vlan:SW1:eth1:20+access_vlan:SW1:eth2:10+access_vlan:SW2:eth2:10,14620,14621,0.3055500000000001,-10.05,1,True,False,True,False,False,incorrect_declare_done,0.1147991195321083,1,0,0,0,0,0,0,0,3
1077,3109,access_vlan:SW2:eth1:20+trunk_remove:SW1:eth3:10+trunk_remove:SW1:eth3:20+trunk_remove:SW2:eth3:10,14621,14638,0.3047425,-18.8,17,True,False,True,False,False,incorrect_declare_done,0.12847891340360923,17,8,7,0,10,6,5,2,3
1078,3110,access_vlan:SW1:eth1:20+access_vlan:SW1:eth2:10+access_vlan:SW2:eth2:10+trunk_remove:SW1:eth3:10+trunk_remove:SW1:eth3:20+trunk_remove:SW2:eth3:10,14638,14646,0.3043625000000001,7.0,8,True,False,True,False,True,recovery_success,0.1160274394787848,8,6,1,0,2,2,1,0,0
1079,3111,access_vlan:SW2:eth1:20+trunk_remove:SW1:eth3:10+trunk_remove:SW1:eth3:20+trunk_remove:SW2:eth3:20,14646,14647,0.3043150000000001,-10.05,1,True,False,True,False,False,incorrect_declare_done,0.04230864718556404,1,0,0,0,0,0,0,0,3
1080,3112,access_vlan:SW1:eth1:20+trunk_remove:SW1:eth3:10+trunk_remove:SW1:eth3:20+trunk_remove:SW2:eth3:20,14647,14648,0.30426750000000014,-10.05,1,True,False,True,False,False,incorrect_declare_done,0.04280225187540054,1,0,0,0,0,0,0,0,3
1081,3113,access_vlan:SW1:eth1:20+access_vlan:SW2:eth2:10+trunk_remove:SW1:eth3:10+trunk_remove:SW1:eth3:20+trunk_remove:SW2:eth3:10,14648,14677,0.30289,-4.900000000000009,29,True,False,True,False,True,recovery_success,0.10044220308291502,29,21,7,0,15,6,7,5,0
1082,3114,access_vlan:SW1:eth2:10+access_vlan:SW2:eth1:20+access_vlan:SW2:eth2:10,14677,14697,0.30194,-2.650000000000004,20,True,False,True,False,True,recovery_success,0.092003751732409,20,15,4,0,15,6,9,4,0
1083,3115,access_vlan:SW1:eth1:20+access_vlan:SW2:eth1:20+access_vlan:SW2:eth2:10+trunk_remove:SW1:eth3:10+trunk_remove:SW2:eth3:10+trunk_remove:SW2:eth3:20,14697,14726,0.30056250000000007,-3.6500000000000057,29,True,False,True,False,True,recovery_success,0.06687729548791359,29,16,12,0,14,6,7,3,0
1084,3116,access_vlan:SW1:eth2:10+access_vlan:SW2:eth1:20+access_vlan:SW2:eth2:10+trunk_remove:SW2:eth3:10+trunk_remove:SW2:eth3:20,14726,14743,0.2997550000000001,-19.750000000000004,17,True,False,True,False,False,incorrect_declare_done,0.0575953307287658,17,12,4,0,11,6,6,2,1
1085,3117,access_vlan:SW1:eth1:20+access_vlan:SW2:eth2:10+trunk_remove:SW1:eth3:10+trunk_remove:SW2:eth3:20,14743,14765,0.29871000000000003,-0.600000000000005,22,True,False,True,False,True,recovery_success,0.06062390659512444,22,16,5,0,10,6,7,2,0
1086,3118,access_vlan:SW1:eth1:20+access_vlan:SW2:eth1:20+access_vlan:SW2:eth2:10+trunk_remove:SW1:eth3:20+trunk_remove:SW2:eth3:10+trunk_remove:SW2:eth3:20,14765,14795,0.297285,-4.700000000000006,30,True,False,True,False,True,recovery_success,0.08370124598344167,30,22,7,0,14,6,8,4,0
1087,3119,access_vlan:SW1:eth2:10+trunk_remove:SW1:eth3:20+trunk_remove:SW2:eth3:10+trunk_remove:SW2:eth3:20,14795,14801,0.29700000000000004,-11.55,6,True,False,True,False,False,incorrect_declare_done,0.07439436204731464,6,5,0,0,0,0,0,0,1
1088,3120,access_vlan:SW1:eth1:20+access_vlan:SW1:eth2:10+access_vlan:SW2:eth1:20+access_vlan:SW2:eth2:10+trunk_remove:SW1:eth3:10+trunk_remove:SW1:eth3:20+trunk_remove:SW2:eth3:10+trunk_remove:SW2:eth3:20,14801,14807,0.29671500000000006,8.6,6,True,False,True,False,True,recovery_success,0.08650541678071022,6,4,1,0,0,0,0,0,0
1089,3121,access_vlan:SW1:eth2:10+trunk_remove:SW1:eth3:10+trunk_remove:SW2:eth3:10,14807,14835,0.295385,0.949999999999994,28,True,False,True,False,True,recovery_success,0.056142593933535476,28,12,14,0,6,4,5,2,0
1090,3122,access_vlan:SW1:eth1:20+access_vlan:SW2:eth1:20+trunk_remove:SW1:eth3:10+trunk_remove:SW1:eth3:20+trunk_remove:SW2:eth3:10,14835,14847,0.29481500000000005,7.25,12,True,False,True,False,True,recovery_success,0.06330271034191053,12,6,4,0,0,0,0,0,0
1091,3123,access_vlan:SW2:eth2:10+trunk_remove:SW1:eth3:20,14847,14856,0.2943875,7.35,9,True,False,True,False,True,recovery_success,0.07521183809472455,9,6,2,0,1,1,1,1,0
1092,3124,access_vlan:SW1:eth2:10+trunk_remove:SW1:eth3:10+trunk_remove:SW2:eth3:10+trunk_remove:SW2:eth3:20,14856,14880,0.2932475,3.2999999999999963,24,True,False,True,False,True,recovery_success,0.049688210633272924,24,8,15,0,4,4,2,2,0
1093,3125,access_vlan:SW1:eth2:10+access_vlan:SW2:eth1:20+access_vlan:SW2:eth2:10+trunk_remove:SW1:eth3:10+trunk_remove:SW1:eth3:20+trunk_remove:SW2:eth3:20,14880,14901,0.29225,3.3500000000000005,21,True,False,True,False,True,recovery_success,0.08597105732631116,21,13,6,0,3,2,3,0,0
1094,3126,access_vlan:SW1:eth1:20+access_vlan:SW2:eth1:20+trunk_remove:SW1:eth3:10+trunk_remove:SW1:eth3:20+trunk_remove:SW2:eth3:10+trunk_remove:SW2:eth3:20,14901,14931,0.290825,-8.299999999999999,30,True,False,False,True,False,step_limit,0.05529060959815979,30,12,18,0,4,4,3,1,0
1095,3127,access_vlan:SW1:eth1:20+access_vlan:SW2:eth1:20+trunk_remove:SW1:eth3:10,14931,14947,0.290065,5.95,16,True,False,True,False,True,recovery_success,0.04692504496779293,16,5,10,0,2,2,2,1,0
1096,3128,access_vlan:SW1:eth1:20+access_vlan:SW1:eth2:10+trunk_remove:SW1:eth3:10+trunk_remove:SW1:eth3:20+trunk_remove:SW2:eth3:10,14947,14957,0.28959,6.85,10,True,False,True,False,True,recovery_success,0.06943810321390628,10,5,4,0,2,2,2,0,0
1097,3129,access_vlan:SW1:eth2:10+access_vlan:SW2:eth1:20+access_vlan:SW2:eth2:10+trunk_remove:SW1:eth3:10,14957,14962,0.2893525,-12.25,5,True,False,True,False,False,incorrect_declare_done,0.05324613228440285,5,4,0,0,2,2,2,0,2
1098,3130,access_vlan:SW1:eth1:20+access_vlan:SW2:eth1:20+access_vlan:SW2:eth2:10+trunk_remove:SW1:eth3:10+trunk_remove:SW2:eth3:20,14962,14988,0.2881175,-19.300000000000004,26,True,False,True,False,False,incorrect_declare_done,0.05709776952146338,26,10,15,0,8,5,4,4,1
1099,3131,access_vlan:SW1:eth1:20+access_vlan:SW1:eth2:10+access_vlan:SW2:eth2:10+trunk_remove:SW1:eth3:10+trunk_remove:SW2:eth3:10,14988,14992,0.2879275,9.049999999999999,4,True,False,True,False,True,recovery_success,0.04563078749924898,4,3,0,0,0,0,0,0,0
1100,3132,access_vlan:SW1:eth2:10+access_vlan:SW2:eth1:20+access_vlan:SW2:eth2:10+trunk_remove:SW1:eth3:10,14992,15000,0.28754750000000007,7.799999999999999,8,True,False,True,False,True,recovery_success,0.06431190203875303,8,4,3,0,1,1,1,0,0
1101,3133,access_vlan:SW1:eth1:20+access_vlan:SW1:eth2:10+access_vlan:SW2:eth2:10+trunk_remove:SW2:eth3:10,15000,15005,0.28731000000000007,9.049999999999999,5,True,False,True,False,True,recovery_success,0.7654589891433716,5,2,2,0,0,0,0,0,0
1102,3134,access_vlan:SW1:eth2:10+trunk_remove:SW1:eth3:20+trunk_remove:SW2:eth3:10+trunk_remove:SW2:eth3:20,15005,15026,0.2863125000000001,1.1499999999999986,21,True,False,True,False,True,recovery_success,0.5544907677741278,21,11,8,0,8,6,4,3,0
1103,3135,access_vlan:SW1:eth1:20+access_vlan:SW1:eth2:10+access_vlan:SW2:eth2:10+trunk_remove:SW1:eth3:10+trunk_remove:SW2:eth3:10+trunk_remove:SW2:eth3:20,15026,15040,0.28564750000000005,5.799999999999999,14,True,False,True,False,True,recovery_success,0.472255177795887,14,8,5,0,2,1,2,2,0
1104,3136,access_vlan:SW1:eth1:20+access_vlan:SW2:eth2:10+trunk_remove:SW1:eth3:20,15040,15051,0.2851250000000001,5.899999999999999,11,True,False,True,False,True,recovery_success,0.5292683108286425,11,7,3,0,3,2,3,2,0
1105,3137,access_vlan:SW2:eth1:20+access_vlan:SW2:eth2:10+trunk_remove:SW1:eth3:10+trunk_remove:SW2:eth3:10,15051,15057,0.28484,8.1,6,True,False,True,False,True,recovery_success,0.4313015068570773,6,4,1,0,1,1,1,0,0
1106,3138,access_vlan:SW2:eth2:10+trunk_remove:SW2:eth3:10+trunk_remove:SW2:eth3:20,15057,15059,0.284745,-10.850000000000001,2,True,False,True,False,False,incorrect_declare_done,0.30370238423347473,2,1,0,0,1,1,1,0,3
1107,3139,access_vlan:SW1:eth1:20+access_vlan:SW2:eth1:20+access_vlan:SW2:eth2:10+trunk_remove:SW1:eth3:10+trunk_remove:SW1:eth3:20+trunk_remove:SW2:eth3:20,15059,15078,0.2838425,-1.0500000000000025,19,True,False,True,False,True,recovery_success,0.3937336065267262,19,10,6,0,13,6,7,2,0
1108,3140,access_vlan:SW1:eth2:10+access_vlan:SW2:eth1:20+access_vlan:SW2:eth2:10+trunk_remove:SW1:eth3:10+trunk_remove:SW1:eth3:20+trunk_remove:SW2:eth3:20,15078,15095,0.28303500000000004,3.249999999999999,17,True,False,True,False,True,recovery_success,0.3641416106153937,17,10,4,0,5,4,3,3,0
1109,3141,access_vlan:SW2:eth1:20+trunk_remove:SW1:eth3:20,15095,15112,0.28222749999999996,1.2499999999999982,17,True,False,True,False,True,recovery_success,0.32416262346155506,17,12,4,0,9,5,5,1,0
1110,3142,access_vlan:SW2:eth1:20+access_vlan:SW2:eth2:10+trunk_remove:SW1:eth3:20+trunk_remove:SW2:eth3:20,15112,15138,0.2809925,-4.000000000000005,26,True,False,True,False,True,recovery_success,0.3445388130270518,26,18,7,0,15,6,9,4,0
1111,3143,trunk_remove:SW1:eth3:10+trunk_remove:SW1:eth3:20+trunk_remove:SW2:eth3:20,15138,15149,0.2804700000000001,6.8999999999999995,11,True,False,True,False,True,recovery_success,0.2722990133545615,11,6,3,0,1,1,1,0,0
1112,3144,access_vlan:SW1:eth1:20+access_vlan:SW1:eth2:10+access_vlan:SW2:eth1:20+trunk_remove:SW1:eth3:20+trunk_remove:SW2:eth3:10+trunk_remove:SW2:eth3:20,15149,15159,0.279995,5.8999999999999995,10,True,False,True,False,True,recovery_success,0.3309541940689087,10,8,1,0,3,3,2,0,0
1113,3145,access_vlan:SW1:eth1:20+access_vlan:SW2:eth1:20+trunk_remove:SW1:eth3:20+trunk_remove:SW2:eth3:20,15159,15185,0.27876,0.8999999999999968,26,True,False,True,False,True,recovery_success,0.2920680154974644,26,11,13,0,7,5,4,2,0
1114,3146,access_vlan:SW1:eth1:20+access_vlan:SW1:eth2:10+access_vlan:SW2:eth2:10+trunk_remove:SW1:eth3:10,15185,15200,0.2780475,5.149999999999998,15,True,False,True,False,True,recovery_success,0.2655128359794617,15,8,6,0,3,2,3,3,0
1115,3147,access_vlan:SW1:eth1:20+access_vlan:SW2:eth2:10+trunk_remove:SW1:eth3:10+trunk_remove:SW2:eth3:20,15200,15207,0.27771500000000005,7.949999999999999,7,True,False,True,False,True,recovery_success,0.2797163256577083,7,4,2,0,1,1,1,0,0
1116,3148,access_vlan:SW1:eth2:10+trunk_remove:SW1:eth3:20+trunk_remove:SW2:eth3:10+trunk_remove:SW2:eth3:20,15207,15219,0.277145,4.8,12,True,False,True,False,True,recovery_success,0.3312465486427148,12,9,1,0,4,3,3,0,0
1117,3149,access_vlan:SW1:eth2:10+access_vlan:SW2:eth1:20+access_vlan:SW2:eth2:10+trunk_remove:SW2:eth3:10+trunk_remove:SW2:eth3:20,15219,15223,0.27695500000000006,9.049999999999999,4,True,False,True,False,True,recovery_success,0.20636875554919243,4,3,0,0,0,0,0,0,0
1118,3150,access_vlan:SW1:eth1:20+access_vlan:SW2:eth1:20+access_vlan:SW2:eth2:10+trunk_remove:SW1:eth3:10+trunk_remove:SW1:eth3:20+trunk_remove:SW2:eth3:10,15223,15235,0.276385,5.3,12,True,False,True,False,True,recovery_success,0.2849339656531811,12,8,1,0,3,2,3,0,0
1119,3151,access_vlan:SW1:eth2:10+access_vlan:SW2:eth2:10+trunk_remove:SW1:eth3:10+trunk_remove:SW2:eth3:10+trunk_remove:SW2:eth3:20,15235,15238,0.27624250000000006,-10.65,3,True,False,True,False,False,incorrect_declare_done,0.26687419414520264,3,2,0,0,0,0,0,0,4
1120,3152,access_vlan:SW2:eth1:20+trunk_remove:SW1:eth3:20,15238,15244,0.2759575000000001,8.899999999999999,6,True,False,True,False,True,recovery_success,0.31741176793972653,6,2,3,0,0,0,0,0,0
1121,3153,access_vlan:SW1:eth2:10+trunk_remove:SW1:eth3:10+trunk_remove:SW2:eth3:10,15244,15261,0.27515,3.4000000000000004,17,True,False,True,False,True,recovery_success,0.3155158600386451,17,11,5,0,5,5,3,1,0
1122,3154,access_vlan:SW1:eth1:20+access_vlan:SW1:eth2:10+access_vlan:SW2:eth2:10+trunk_remove:SW1:eth3:20+trunk_remove:SW2:eth3:10,15261,15268,0.27481750000000005,6.799999999999999,7,True,False,True,False,True,recovery_success,0.30639425771577017,7,4,1,0,3,2,3,0,0
1123,3155,access_vlan:SW2:eth1:20+access_vlan:SW2:eth2:10+trunk_remove:SW1:eth3:20,15268,15278,0.27434250000000004,6.85,10,True,False,True,False,True,recovery_success,0.26396087259054185,10,5,4,0,2,2,2,1,0
1124,3156,access_vlan:SW1:eth1:20+access_vlan:SW2:eth1:20+access_vlan:SW2:eth2:10+trunk_remove:SW1:eth3:10+trunk_remove:SW2:eth3:10,15278,15308,0.27291750000000004,-11.850000000000005,30,True,False,False,True,False,step_limit,0.22750364566842715,30,19,11,0,9,5,7,5,0
1125,3157,access_vlan:SW1:eth1:20+access_vlan:SW1:eth2:10+access_vlan:SW2:eth2:10+trunk_remove:SW1:eth3:20+trunk_remove:SW2:eth3:20,15308,15315,0.27258499999999997,7.299999999999999,7,True,False,True,False,True,recovery_success,0.2607619059937341,7,5,1,0,2,2,2,0,0
1126,3158,access_vlan:SW1:eth1:20+access_vlan:SW1:eth2:10+access_vlan:SW2:eth1:20+access_vlan:SW2:eth2:10+trunk_remove:SW1:eth3:20+trunk_remove:SW2:eth3:20,15315,15327,0.272015,4.599999999999999,12,True,False,True,False,True,recovery_success,0.25521438755095005,12,8,3,0,5,5,4,1,0
1127,3159,access_vlan:SW1:eth1:20+trunk_remove:SW1:eth3:10+trunk_remove:SW1:eth3:20+trunk_remove:SW2:eth3:10+trunk_remove:SW2:eth3:20,15327,15343,0.271255,4.549999999999999,16,True,False,True,False,True,recovery_success,0.21529892180114985,16,10,4,0,3,3,2,1,0
1128,3160,access_vlan:SW1:eth2:10,15343,15348,0.2710175,9.2,5,True,False,True,False,True,recovery_success,0.18681276738643646,5,1,3,0,0,0,0,0,0
1129,3161,access_vlan:SW1:eth1:20+access_vlan:SW1:eth2:10,15348,15360,0.27044750000000006,7.5,12,True,False,True,False,True,recovery_success,0.2460437168677648,12,2,9,0,1,1,1,0,0
1130,3162,access_vlan:SW1:eth1:20+access_vlan:SW1:eth2:10+trunk_remove:SW1:eth3:10,15360,15378,0.2695925,2.7499999999999982,18,True,False,True,False,True,recovery_success,0.22463711144195664,18,11,6,0,6,4,5,2,0
1131,3163,access_vlan:SW1:eth2:10+access_vlan:SW2:eth2:10+trunk_remove:SW2:eth3:10,15378,15397,0.26869,-0.1000000000000032,19,True,False,True,False,True,recovery_success,0.24391954352981166,19,8,9,0,12,5,5,3,0
1132,3164,access_vlan:SW1:eth1:20+access_vlan:SW1:eth2:10+trunk_remove:SW1:eth3:10,15397,15402,0.2684525,8.399999999999999,5,True,False,True,False,True,recovery_success,0.19357832968235017,5,3,1,0,1,1,1,0,0
1133,3165,access_vlan:SW1:eth1:20+trunk_remove:SW1:eth3:10+trunk_remove:SW2:eth3:20,15402,15410,0.26807250000000005,7.6499999999999995,8,True,False,True,False,True,recovery_success,0.1710465969517827,8,5,2,0,1,1,1,1,0
1134,3166,access_vlan:SW1:eth1:20+access_vlan:SW2:eth2:10+trunk_remove:SW1:eth3:20+trunk_remove:SW2:eth3:10,15410,15432,0.2670275000000001,1.5999999999999996,22,True,False,True,False,True,recovery_success,0.21520630067045038,22,18,3,0,5,3,5,2,0
1135,3167,access_vlan:SW1:eth1:20+access_vlan:SW2:eth1:20+access_vlan:SW2:eth2:10+trunk_remove:SW1:eth3:10+trunk_remove:SW1:eth3:20,15432,15462,0.2656025000000001,-14.350000000000009,30,True,False,False,True,False,step_limit,0.22719495644172033,30,18,11,0,14,6,10,5,0
1136,3168,access_vlan:SW2:eth1:20+access_vlan:SW2:eth2:10+trunk_remove:SW1:eth3:20+trunk_remove:SW2:eth3:20,15462,15468,0.2653175000000001,8.1,6,True,False,True,False,True,recovery_success,0.21507290129860243,6,4,1,0,1,1,1,0,0
1137,3169,access_vlan:SW1:eth1:20+access_vlan:SW1:eth2:10+access_vlan:SW2:eth1:20+access_vlan:SW2:eth2:10,15468,15470,0.2652225,9.799999999999999,2,True,False,True,False,True,recovery_success,0.29532580077648163,2,0,1,0,0,0,0,0,0
1138,3170,access_vlan:SW1:eth2:10+trunk_remove:SW2:eth3:10+trunk_remove:SW2:eth3:20,15470,15485,0.26451,4.799999999999998,15,True,False,True,False,True,recovery_success,0.24975045025348663,15,7,7,0,4,4,2,1,0
1139,3171,access_vlan:SW1:eth2:10+access_vlan:SW2:eth2:10+trunk_remove:SW1:eth3:10+trunk_remove:SW1:eth3:20+trunk_remove:SW2:eth3:10+trunk_remove:SW2:eth3:20,15485,15515,0.2630850000000001,-13.650000000000004,30,True,False,False,True,False,step_limit,0.5933649157484372,30,21,9,0,12,6,8,6,1
1140,3172,access_vlan:SW2:eth1:20+access_vlan:SW2:eth2:10+trunk_remove:SW1:eth3:10+trunk_remove:SW1:eth3:20,15515,15529,0.2624200000000001,3.999999999999999,14,True,False,True,False,True,recovery_success,0.614190970148359,14,8,3,0,5,3,5,3,0
1141,3173,access_vlan:SW1:eth1:20+access_vlan:SW1:eth2:10+access_vlan:SW2:eth1:20+trunk_remove:SW2:eth3:20,15529,15533,0.2622300000000001,8.7,4,True,False,True,False,True,recovery_success,0.41531217098236084,4,2,1,0,1,1,1,0,0
1142,3174,access_vlan:SW1:eth1:20+access_vlan:SW1:eth2:10+trunk_remove:SW1:eth3:20+trunk_remove:SW2:eth3:20,15533,15543,0.26175500000000007,-14.600000000000001,10,True,False,True,False,False,incorrect_declare_done,0.5041582703590393,10,7,1,0,4,4,3,1,3
1143,3175,access_vlan:SW1:eth2:10+access_vlan:SW2:eth1:20+access_vlan:SW2:eth2:10+trunk_remove:SW1:eth3:10+trunk_remove:SW1:eth3:20+trunk_remove:SW2:eth3:20,15543,15560,0.2609475,2.45,17,True,False,True,False,True,recovery_success,0.41110194080016194,17,14,2,0,6,2,4,0,0
1144,3176,access_vlan:SW1:eth1:20+access_vlan:SW1:eth2:10+access_vlan:SW2:eth1:20+access_vlan:SW2:eth2:10,15560,15562,0.26085250000000004,9.799999999999999,2,True,False,True,False,True,recovery_success,0.41901302337646484,2,0,1,0,0,0,0,0,0
1145,3177,access_vlan:SW2:eth1:20+access_vlan:SW2:eth2:10+trunk_remove:SW2:eth3:10+trunk_remove:SW2:eth3:20,15562,15592,0.25942750000000003,-19.800000000000004,30,True,False,False,True,False,step_limit,0.37287210921446484,30,22,8,0,24,6,10,9,0
1146,3178,access_vlan:SW1:eth1:20+access_vlan:SW2:eth2:10+trunk_remove:SW1:eth3:10+trunk_remove:SW1:eth3:20,15592,15609,0.25862000000000007,2.749999999999999,17,True,False,True,False,True,recovery_success,0.34520864136078777,17,11,4,0,6,3,4,1,0
1147,3179,access_vlan:SW1:eth1:20+trunk_remove:SW2:eth3:20,15609,15622,0.2580025,2.9499999999999993,13,True,False,True,False,True,recovery_success,0.3265807284758641,13,7,4,0,8,5,3,2,0
1148,3180,access_vlan:SW1:eth1:20+access_vlan:SW2:eth2:10+trunk_remove:SW2:eth3:10,15622,15638,0.25724250000000004,3.55,16,True,False,True,False,True,recovery_success,0.33819223940372467,16,8,4,0,5,3,4,3,0
1149,3181,access_vlan:SW1:eth1:20+trunk_remove:SW1:eth3:20+trunk_remove:SW2:eth3:20,15638,15668,0.25581750000000003,-21.800000000000008,30,True,False,False,True,False,step_limit,0.31948771874109905,30,22,8,0,28,5,10,9,3
1150,3182,access_vlan:SW1:eth1:20+access_vlan:SW2:eth2:10+trunk_remove:SW1:eth3:10+trunk_remove:SW1:eth3:20+trunk_remove:SW2:eth3:10,15668,15677,0.25539,7.5,9,True,False,True,False,True,recovery_success,0.28494593169954086,9,5,3,0,1,1,1,0,0
1151,3183,access_vlan:SW2:eth1:20+access_vlan:SW2:eth2:10+trunk_remove:SW1:eth3:10+trunk_remove:SW1:eth3:20+trunk_remove:SW2:eth3:10+trunk_remove:SW2:eth3:20,15677,15707,0.253965,-16.100000000000005,30,True,False,False,True,False,step_limit,0.28542767812808356,30,23,6,0,16,6,10,4,0
1152,3184,access_vlan:SW1:eth2:10+trunk_remove:SW2:eth3:20,15707,15729,0.25292000000000003,5.3999999999999995,22,True,False,True,False,True,recovery_success,0.23207080736756325,22,6,15,0,1,1,1,0,0
1153,3185,access_vlan:SW1:eth1:20+access_vlan:SW1:eth2:10+access_vlan:SW2:eth2:10+trunk_remove:SW1:eth3:10+trunk_remove:SW2:eth3:10,15729,15759,0.251495,-6.850000000000005,30,True,False,True,False,True,recovery_success,0.23232535570859908,30,22,6,0,18,5,9,6,0
1154,3186,access_vlan:SW1:eth1:20+access_vlan:SW1:eth2:10+access_vlan:SW2:eth1:20+access_vlan:SW2:eth2:10+trunk_remove:SW1:eth3:20+trunk_remove:SW2:eth3:10,15759,15765,0.25121000000000004,7.6,6,True,False,True,False,True,recovery_success,0.2339541738231977,6,4,1,0,2,2,1,0,0
1155,3187,access_vlan:SW1:eth2:10+access_vlan:SW2:eth1:20+access_vlan:SW2:eth2:10+trunk_remove:SW2:eth3:20,15765,15772,0.2508775000000001,7.949999999999999,7,True,False,True,False,True,recovery_success,0.27130978448050364,7,4,2,0,1,1,1,0,0
1156,3188,access_vlan:SW2:eth1:20+trunk_remove:SW2:eth3:10,15772,15802,0.24945249999999997,-20.85,30,True,False,False,True,False,step_limit,0.22361858263611795,30,13,11,0,27,5,12,6,3
1157,3189,trunk_remove:SW1:eth3:20+trunk_remove:SW2:eth3:10+trunk_remove:SW2:eth3:20,15802,15817,0.24874000000000007,-15.05,15,True,False,True,False,False,incorrect_declare_done,0.204361063738664,15,6,8,0,4,3,2,1,3
1158,3190,access_vlan:SW1:eth1:20+trunk_remove:SW1:eth3:10+trunk_remove:SW1:eth3:20+trunk_remove:SW2:eth3:20,15817,15847,0.24731500000000006,-15.500000000000009,30,True,False,False,True,False,step_limit,0.2125469873348872,30,20,10,0,16,6,8,3,0
1159,3191,access_vlan:SW1:eth1:20+access_vlan:SW1:eth2:10+access_vlan:SW2:eth1:20+access_vlan:SW2:eth2:10+trunk_remove:SW1:eth3:20+trunk_remove:SW2:eth3:10,15847,15854,0.2469825000000001,7.949999999999999,7,True,False,True,False,True,recovery_success,0.16945845527308329,7,4,2,0,1,1,1,0,0
1160,3192,access_vlan:SW2:eth1:20+access_vlan:SW2:eth2:10+trunk_remove:SW1:eth3:10+trunk_remove:SW2:eth3:20,15854,15873,0.24608000000000008,-5.950000000000006,19,True,False,True,False,True,recovery_success,0.19246213647880053,19,18,0,0,21,6,11,5,0
1161,3193,access_vlan:SW2:eth1:20+trunk_remove:SW1:eth3:10+trunk_remove:SW1:eth3:20,15873,15876,0.24593750000000003,-11.15,3,True,False,True,False,False,incorrect_declare_done,0.24735687176386514,3,2,0,0,1,1,1,0,3
1162,3194,access_vlan:SW2:eth2:10+trunk_remove:SW2:eth3:10+trunk_remove:SW2:eth3:20,15876,15902,0.24470250000000004,-19.000000000000004,26,True,False,True,False,False,incorrect_declare_done,0.18370550297773802,26,7,17,0,8,4,4,2,3
1163,3195,trunk_remove:SW1:eth3:20+trunk_remove:SW2:eth3:10,15902,15932,0.24327750000000004,-13.950000000000008,30,True,False,False,True,False,step_limit,0.19180182740092278,30,12,17,0,15,6,9,1,3
1164,3196,access_vlan:SW1:eth1:20+access_vlan:SW1:eth2:10+access_vlan:SW2:eth2:10+trunk_remove:SW1:eth3:10,15932,15941,0.24285,6.6499999999999995,9,True,False,True,False,True,recovery_success,0.1945375514527162,9,4,4,0,3,3,1,1,0
1165,3197,access_vlan:SW1:eth2:10+access_vlan:SW2:eth1:20+access_vlan:SW2:eth2:10+trunk_remove:SW1:eth3:20+trunk_remove:SW2:eth3:10+trunk_remove:SW2:eth3:20,15941,15953,0.24228000000000005,5.1,12,True,False,True,False,True,recovery_success,0.18027523656686148,12,8,3,0,4,4,2,1,0
1166,3198,access_vlan:SW1:eth2:10+access_vlan:SW2:eth1:20+access_vlan:SW2:eth2:10+trunk_remove:SW2:eth3:20,15953,15962,0.24185250000000003,4.85,9,True,False,True,False,True,recovery_success,0.16111121575037637,9,6,2,0,6,3,2,2,0
1167,3199,trunk_remove:SW1:eth3:20+trunk_remove:SW2:eth3:10+trunk_remove:SW2:eth3:20,15962,15980,0.24099749999999998,-17.65,18,True,False,True,False,False,incorrect_declare_done,0.17783910036087036,18,7,10,0,8,6,4,1,4
1168,3200,access_vlan:SW1:eth1:20+access_vlan:SW2:eth1:20+trunk_remove:SW1:eth3:10+trunk_remove:SW1:eth3:20+trunk_remove:SW2:eth3:10,15980,15996,0.2402375000000001,1.2499999999999982,16,True,False,True,False,True,recovery_success,0.13824323820881546,16,13,2,0,9,6,4,2,0
1169,3201,access_vlan:SW1:eth1:20+trunk_remove:SW2:eth3:20,15996,16015,0.23933500000000008,-18.6,19,True,False,True,False,False,incorrect_declare_done,1.0305826005182768,19,9,9,0,9,5,5,1,3
1170,3202,access_vlan:SW2:eth1:20+access_vlan:SW2:eth2:10+trunk_remove:SW1:eth3:10+trunk_remove:SW2:eth3:10+trunk_remove:SW2:eth3:20,16015,16016,0.2392875000000001,-10.05,1,True,False,True,False,False,incorrect_declare_done,0.594730019569397,1,0,0,0,0,0,0,0,2
1171,3203,access_vlan:SW1:eth2:10+access_vlan:SW2:eth1:20+access_vlan:SW2:eth2:10+trunk_remove:SW1:eth3:10+trunk_remove:SW1:eth3:20+trunk_remove:SW2:eth3:20,16016,16028,0.23871750000000003,-12.15,12,True,False,True,False,False,incorrect_declare_done,0.6024027789632479,12,3,8,0,0,0,0,0,1
1172,3204,access_vlan:SW1:eth1:20+access_vlan:SW2:eth2:10+trunk_remove:SW1:eth3:10,16028,16058,0.23729250000000013,-11.000000000000005,30,True,False,False,True,False,step_limit,0.38142619132995603,30,10,20,0,10,6,6,1,3
1173,3205,access_vlan:SW1:eth2:10+trunk_remove:SW2:eth3:10+trunk_remove:SW2:eth3:20,16058,16088,0.2358675,-11.550000000000006,30,True,False,False,True,False,step_limit,0.2718423729141553,30,16,13,0,9,4,7,0,3
1174,3206,access_vlan:SW1:eth1:20+access_vlan:SW2:eth1:20+trunk_remove:SW1:eth3:10+trunk_remove:SW1:eth3:20+trunk_remove:SW2:eth3:10+trunk_remove:SW2:eth3:20,16088,16115,0.23458500000000004,-18.050000000000004,27,True,False,True,False,False,incorrect_declare_done,0.24795314697203813,27,13,12,0,4,3,2,0,3
1175,3207,access_vlan:SW1:eth1:20+trunk_remove:SW1:eth3:20+trunk_remove:SW2:eth3:20,16115,16122,0.23425249999999997,-12.55,7,True,False,True,False,False,incorrect_declare_done,0.26608310107673916,7,3,2,0,2,2,1,0,1
1176,3208,access_vlan:SW1:eth1:20+trunk_remove:SW1:eth3:20+trunk_remove:SW2:eth3:20,16122,16152,0.23282750000000008,-9.150000000000004,30,True,False,False,True,False,step_limit,0.2620803435643514,30,10,19,0,6,4,4,0,1
1177,3209,access_vlan:SW1:eth1:20+access_vlan:SW2:eth1:20+trunk_remove:SW1:eth3:10+trunk_remove:SW1:eth3:20+trunk_remove:SW2:eth3:10,16152,16164,0.2322575,-13.9,12,True,False,True,False,False,incorrect_declare_done,0.2422237197558085,12,8,3,0,2,1,2,0,4
1178,3210,access_vlan:SW1:eth2:10+trunk_remove:SW2:eth3:20,16164,16194,0.2308325000000001,-11.950000000000006,30,True,False,False,True,False,step_limit,0.21045002738634747,30,13,17,0,11,5,6,0,3
1179,3211,access_vlan:SW1:eth2:10+access_vlan:SW2:eth1:20,16194,16200,0.23054750000000013,-11.450000000000001,6,True,False,True,False,False,incorrect_declare_done,0.247502992550532,6,1,4,0,1,1,1,0,3
1180,3212,access_vlan:SW2:eth2:10+trunk_remove:SW1:eth3:20,16200,16226,0.22931250000000003,-16.850000000000005,26,True,False,True,False,False,incorrect_declare_done,0.22226917399809912,26,7,18,0,4,4,3,0,1
1181,3213,access_vlan:SW1:eth1:20+trunk_remove:SW1:eth3:10+trunk_remove:SW1:eth3:20+trunk_remove:SW2:eth3:20,16226,16256,0.22788750000000002,-8.350000000000003,30,True,False,False,True,False,step_limit,0.20785249148805937,30,9,21,0,5,4,3,0,1
1182,3214,access_vlan:SW1:eth1:20+access_vlan:SW2:eth1:20+access_vlan:SW2:eth2:10+trunk_remove:SW1:eth3:10+trunk_remove:SW2:eth3:10,16256,16286,0.2264625,-13.700000000000006,30,True,False,False,True,False,step_limit,0.20725519210100174,30,17,12,0,13,6,8,3,1
1183,3215,access_vlan:SW1:eth2:10+access_vlan:SW2:eth2:10+trunk_remove:SW1:eth3:20,16286,16291,0.226225,-12.75,5,True,False,True,False,False,incorrect_declare_done,0.20376413464546203,5,4,0,0,3,3,3,0,1
1184,3216,access_vlan:SW2:eth1:20+access_vlan:SW2:eth2:10+trunk_remove:SW2:eth3:20,16291,16306,0.2255125,-14.05,15,True,False,True,False,False,incorrect_declare_done,0.18762170175711315,15,6,8,0,2,2,2,0,1
1185,3217,access_vlan:SW1:eth1:20+access_vlan:SW1:eth2:10+access_vlan:SW2:eth1:20+trunk_remove:SW2:eth3:10+trunk_remove:SW2:eth3:20,16306,16313,0.22518000000000005,-12.05,7,True,False,True,False,False,incorrect_declare_done,0.17375746901546205,7,3,2,0,1,1,1,1,1
1186,3218,access_vlan:SW1:eth1:20+trunk_remove:SW1:eth3:10+trunk_remove:SW1:eth3:20+trunk_remove:SW2:eth3:20,16313,16328,0.22446750000000004,-13.55,15,True,False,True,False,False,incorrect_declare_done,0.17741504907608033,15,6,8,0,1,1,1,0,1
1187,3219,access_vlan:SW1:eth2:10+trunk_remove:SW1:eth3:10+trunk_remove:SW2:eth3:10,16328,16358,0.22304250000000003,-9.200000000000003,30,True,False,False,True,False,step_limit,0.1629834624628226,30,7,22,0,7,4,5,0,3
1188,3220,access_vlan:SW1:eth2:10+access_vlan:SW2:eth1:20+access_vlan:SW2:eth2:10+trunk_remove:SW1:eth3:10+trunk_remove:SW1:eth3:20+trunk_remove:SW2:eth3:10,16358,16388,0.22161750000000002,-7.45,30,True,False,False,True,False,step_limit,0.19407399718960125,30,12,17,0,2,1,2,0,1
1189,3221,access_vlan:SW1:eth1:20+access_vlan:SW1:eth2:10+trunk_remove:SW1:eth3:20+trunk_remove:SW2:eth3:20,16388,16399,0.22109500000000004,-13.8,11,True,False,True,False,False,incorrect_declare_done,0.18151559071107345,11,5,5,0,3,3,3,0,3
1190,3222,access_vlan:SW1:eth1:20+trunk_remove:SW1:eth3:10+trunk_remove:SW1:eth3:20+trunk_remove:SW2:eth3:10+trunk_remove:SW2:eth3:20,16399,16429,0.21967000000000003,-6.700000000000004,30,True,False,False,True,False,step_limit,0.17336874666313332,30,7,22,0,2,2,1,0,1
1191,3223,trunk_remove:SW1:eth3:10+trunk_remove:SW1:eth3:20+trunk_remove:SW2:eth3:10,16429,16459,0.21824500000000002,-10.100000000000003,30,True,False,False,True,False,step_limit,0.16298025622963905,30,13,16,0,7,5,5,0,1
1192,3224,access_vlan:SW1:eth2:10+trunk_remove:SW2:eth3:20,16459,16489,0.21682,-9.450000000000003,30,True,False,False,True,False,step_limit,0.20609361579020818,30,13,17,0,6,4,5,0,3
1193,3225,access_vlan:SW1:eth1:20+access_vlan:SW1:eth2:10+access_vlan:SW2:eth1:20,16489,16511,0.21577500000000005,-21.500000000000007,22,True,False,True,False,False,incorrect_declare_done,0.5789824222976511,22,12,9,0,13,6,6,4,3
1194,3226,access_vlan:SW1:eth1:20+access_vlan:SW1:eth2:10+access_vlan:SW2:eth2:10+trunk_remove:SW1:eth3:20+trunk_remove:SW2:eth3:10,16511,16541,0.21435000000000004,-10.900000000000006,30,True,False,False,True,False,step_limit,0.383438777923584,30,15,14,0,8,3,5,0,1
1195,3227,access_vlan:SW1:eth1:20+access_vlan:SW2:eth1:20+trunk_remove:SW1:eth3:20+trunk_remove:SW2:eth3:10+trunk_remove:SW2:eth3:20,16541,16571,0.21292500000000003,-9.600000000000003,30,True,False,False,True,False,step_limit,0.22526385461290677,30,14,16,0,6,3,5,0,1
1196,3228,access_vlan:SW1:eth1:20+access_vlan:SW2:eth1:20+trunk_remove:SW2:eth3:10+trunk_remove:SW2:eth3:20,16571,16579,0.2125450000000001,-11.4,8,True,False,True,False,False,incorrect_declare_done,0.1866015177220106,8,2,5,0,0,0,0,0,3
1197,3229,access_vlan:SW1:eth1:20+access_vlan:SW1:eth2:10+access_vlan:SW2:eth2:10+trunk_remove:SW1:eth3:10+trunk_remove:SW2:eth3:20,16579,16609,0.21111999999999997,-19.800000000000004,30,True,False,True,False,False,incorrect_declare_done,0.18709089110294977,30,16,13,0,6,2,6,5,1
1198,3230,access_vlan:SW2:eth2:10,16609,16622,0.21050250000000004,-17.15,13,True,False,True,False,False,incorrect_declare_done,0.2102892673932589,13,12,0,0,7,4,6,4,3
1199,3231,access_vlan:SW1:eth2:10+access_vlan:SW2:eth1:20+trunk_remove:SW1:eth3:10+trunk_remove:SW1:eth3:20+trunk_remove:SW2:eth3:10,16622,16625,0.21036,-10.65,3,True,False,True,False,False,incorrect_declare_done,0.15358942250410715,3,2,0,0,0,0,0,0,3
1200,3232,access_vlan:SW1:eth2:10+access_vlan:SW2:eth1:20+access_vlan:SW2:eth2:10+trunk_remove:SW2:eth3:10,16625,16655,0.2089350000000001,-7.250000000000006,30,True,False,False,True,False,step_limit,0.15190481195847194,30,5,25,0,4,3,2,0,1
1201,3233,access_vlan:SW1:eth2:10+trunk_remove:SW2:eth3:10,16655,16685,0.20750999999999997,-11.400000000000006,30,True,False,False,True,False,step_limit,0.1361508929481109,30,15,14,0,9,6,7,1,0
1202,3234,access_vlan:SW1:eth1:20+access_vlan:SW2:eth1:20+access_vlan:SW2:eth2:10+trunk_remove:SW1:eth3:10+trunk_remove:SW2:eth3:20,16685,16715,0.20608500000000007,-14.150000000000007,30,True,False,False,True,False,step_limit,0.18424800485372544,30,21,9,0,13,6,6,3,0
1203,3235,access_vlan:SW1:eth1:20+access_vlan:SW2:eth1:20+trunk_remove:SW1:eth3:20,16715,16745,0.20465999999999995,-13.10000000000001,30,True,False,False,True,False,step_limit,0.14582040446499983,30,14,16,0,13,6,8,0,3
1204,3236,access_vlan:SW1:eth2:10+access_vlan:SW2:eth1:20+trunk_remove:SW1:eth3:20+trunk_remove:SW2:eth3:10,16745,16775,0.20323500000000005,-11.600000000000005,30,True,False,False,True,False,step_limit,0.16407027964790663,30,14,16,0,10,5,8,0,3
1205,3237,access_vlan:SW1:eth1:20+access_vlan:SW1:eth2:10+access_vlan:SW2:eth2:10+trunk_remove:SW1:eth3:10,16775,16805,0.20181000000000004,-17.600000000000005,30,True,False,False,True,False,step_limit,0.13344150421520073,30,22,6,0,19,5,11,6,0
1206,3238,access_vlan:SW1:eth1:20+access_vlan:SW1:eth2:10+access_vlan:SW2:eth1:20+trunk_remove:SW2:eth3:20,16805,16835,0.20038500000000004,-11.050000000000008,30,True,False,False,True,False,step_limit,0.12372309155762196,30,17,13,0,8,4,7,3,1
1207,3239,access_vlan:SW1:eth1:20+trunk_remove:SW1:eth3:20,16835,16846,0.19986249999999994,4.75,11,True,False,True,False,True,recovery_success,0.12420867654410275,11,7,2,0,5,4,3,3,0
1208,3240,access_vlan:SW1:eth1:20+access_vlan:SW1:eth2:10+access_vlan:SW2:eth1:20+trunk_remove:SW1:eth3:10+trunk_remove:SW2:eth3:20,16846,16876,0.19843750000000004,-9.550000000000002,30,True,False,False,True,False,step_limit,0.15309598247210185,30,17,13,0,5,3,4,1,2
1209,3241,access_vlan:SW1:eth1:20+access_vlan:SW1:eth2:10+access_vlan:SW2:eth1:20+access_vlan:SW2:eth2:10+trunk_remove:SW2:eth3:10+trunk_remove:SW2:eth3:20,16876,16904,0.1971075000000001,-21.350000000000005,28,True,False,True,False,False,incorrect_declare_done,0.11589154707533973,28,14,12,0,10,6,7,1,3
1210,3242,access_vlan:SW1:eth1:20+access_vlan:SW2:eth1:20+trunk_remove:SW2:eth3:10+trunk_remove:SW2:eth3:20,16904,16923,0.19620500000000007,1.0500000000000007,19,True,False,True,False,True,recovery_success,0.13185697637106242,19,18,0,0,7,2,7,7,0
1211,3243,access_vlan:SW1:eth2:10+trunk_remove:SW1:eth3:10+trunk_remove:SW1:eth3:20+trunk_remove:SW2:eth3:10,16923,16938,0.19549250000000007,-18.6,15,True,False,True,False,False,incorrect_declare_done,0.1261280817290147,15,13,1,0,9,5,6,4,1
1212,3244,trunk_remove:SW1:eth3:10+trunk_remove:SW1:eth3:20+trunk_remove:SW2:eth3:10+trunk_remove:SW2:eth3:20,16938,16968,0.19406749999999995,-24.150000000000006,30,True,False,True,False,False,incorrect_declare_done,0.1302217618872722,30,25,4,0,12,3,11,9,1
1213,3245,access_vlan:SW2:eth1:20+access_vlan:SW2:eth2:10+trunk_remove:SW1:eth3:10+trunk_remove:SW2:eth3:20,16968,16998,0.19264250000000005,-7.999999999999997,30,True,False,False,True,False,step_limit,0.12359649588664373,30,10,20,0,4,2,4,0,2
1214,3246,access_vlan:SW1:eth1:20+trunk_remove:SW1:eth3:10+trunk_remove:SW1:eth3:20,16998,17028,0.19121750000000004,-10.750000000000005,30,True,False,False,True,False,step_limit,0.43298549552758536,30,13,15,0,8,4,7,2,2
1215,3247,access_vlan:SW1:eth2:10+access_vlan:SW2:eth2:10+trunk_remove:SW2:eth3:10+trunk_remove:SW2:eth3:20,17028,17058,0.18979250000000003,-14.700000000000005,30,True,False,False,True,False,step_limit,0.1563132479786873,30,18,12,0,15,6,9,5,4
1216,3248,access_vlan:SW1:eth1:20+trunk_remove:SW1:eth3:20,17058,17066,0.1894125000000001,-14.0,8,True,False,True,False,False,incorrect_declare_done,0.16668708994984627,8,5,1,0,4,3,4,0,2
1217,3249,access_vlan:SW2:eth1:20+access_vlan:SW2:eth2:10+trunk_remove:SW2:eth3:20,17066,17085,0.18851000000000007,-14.2,19,True,False,True,False,False,incorrect_declare_done,0.14632747400748103,19,3,15,0,2,2,2,0,4
1218,3250,access_vlan:SW2:eth1:20+trunk_remove:SW2:eth3:20,17085,17088,0.18836750000000002,-10.350000000000001,3,True,False,True,False,False,incorrect_declare_done,0.10924138873815536,3,0,2,0,0,0,0,0,3
1219,3251,access_vlan:SW1:eth1:20+trunk_remove:SW2:eth3:10+trunk_remove:SW2:eth3:20,17088,17118,0.1869425,-8.150000000000004,30,True,False,False,True,False,step_limit,0.13304635522266228,30,8,19,0,4,2,3,0,1
1220,3252,access_vlan:SW1:eth1:20+access_vlan:SW2:eth1:20,17118,17148,0.1855175000000001,-9.850000000000005,30,True,False,False,True,False,step_limit,0.11490221110483011,30,8,21,0,8,5,5,0,3
1221,3253,access_vlan:SW1:eth2:10+access_vlan:SW2:eth1:20+access_vlan:SW2:eth2:10+trunk_remove:SW1:eth3:10+trunk_remove:SW2:eth3:10+trunk_remove:SW2:eth3:20,17148,17178,0.1840925,-8.950000000000003,30,True,False,False,True,False,step_limit,0.10531051916380724,30,11,17,0,5,3,5,1,1
1222,3254,access_vlan:SW1:eth1:20+access_vlan:SW1:eth2:10+trunk_remove:SW1:eth3:10,17178,17199,0.183095,-18.450000000000003,21,True,False,True,False,False,incorrect_declare_done,0.0783962926694325,21,14,4,0,6,4,6,1,1
1223,3255,access_vlan:SW1:eth2:10+access_vlan:SW2:eth2:10+trunk_remove:SW1:eth3:10+trunk_remove:SW1:eth3:20+trunk_remove:SW2:eth3:10,17199,17209,0.18262,-12.8,10,True,False,True,False,False,incorrect_declare_done,0.07830206416547299,10,6,3,0,1,1,1,0,3
1224,3256,access_vlan:SW1:eth1:20+access_vlan:SW1:eth2:10+access_vlan:SW2:eth1:20+access_vlan:SW2:eth2:10+trunk_remove:SW1:eth3:20+trunk_remove:SW2:eth3:20,17209,17239,0.181195,-10.650000000000006,30,True,False,False,True,False,step_limit,0.10069570094347,30,10,19,0,9,4,7,0,3
1225,3257,trunk_remove:SW2:eth3:10,17239,17259,0.180245,-19.500000000000004,20,True,False,True,False,False,incorrect_declare_done,0.07721921093761921,20,14,5,0,9,4,8,4,1
1226,3258,access_vlan:SW1:eth1:20+access_vlan:SW1:eth2:10+access_vlan:SW2:eth1:20+trunk_remove:SW1:eth3:20,17259,17285,0.1790100000000001,-19.85000000000001,26,True,False,True,False,False,incorrect_declare_done,0.09648967505647586,26,5,18,0,10,6,7,0,3
1227,3259,access_vlan:SW2:eth2:10+trunk_remove:SW1:eth3:10+trunk_remove:SW1:eth3:20,17285,17311,0.17777500000000002,-0.6500000000000021,26,True,False,True,False,True,recovery_success,0.07216004210595901,26,18,6,0,8,2,8,7,0
1228,3260,access_vlan:SW1:eth1:20+trunk_remove:SW1:eth3:10+trunk_remove:SW1:eth3:20+trunk_remove:SW2:eth3:20,17311,17341,0.17635,-10.550000000000004,30,True,False,False,True,False,step_limit,0.0745133796085914,30,17,13,0,7,4,6,4,1
1229,3261,access_vlan:SW2:eth1:20+access_vlan:SW2:eth2:10+trunk_remove:SW1:eth3:10+trunk_remove:SW1:eth3:20,17341,17354,0.17573249999999996,-13.95,13,True,False,True,False,False,incorrect_declare_done,0.07058582454919815,13,4,8,0,3,2,3,0,4
1230,3262,access_vlan:SW1:eth1:20+access_vlan:SW1:eth2:10+access_vlan:SW2:eth1:20+trunk_remove:SW1:eth3:10+trunk_remove:SW1:eth3:20+trunk_remove:SW2:eth3:20,17354,17384,0.17430750000000006,-10.950000000000006,30,True,False,False,True,False,step_limit,0.11405101617177328,30,13,17,0,9,6,6,1,3
1231,3263,access_vlan:SW1:eth1:20+access_vlan:SW1:eth2:10+access_vlan:SW2:eth1:20,17384,17414,0.17288250000000005,-7.900000000000002,30,True,False,False,True,False,step_limit,0.0854770633081595,30,6,24,0,5,4,3,0,3
1232,3264,access_vlan:SW1:eth1:20+access_vlan:SW1:eth2:10+access_vlan:SW2:eth2:10+trunk_remove:SW1:eth3:10+trunk_remove:SW2:eth3:10+trunk_remove:SW2:eth3:20,17414,17444,0.17145750000000004,-12.750000000000007,30,True,False,False,True,False,step_limit,0.08874773979187012,30,14,15,0,12,6,8,0,1
1233,3265,access_vlan:SW2:eth2:10+trunk_remove:SW1:eth3:20,17444,17452,0.1710775,-12.05,8,True,False,True,False,False,incorrect_declare_done,0.09829684672877192,8,3,4,0,1,1,1,1,1
1234,3266,access_vlan:SW1:eth2:10+access_vlan:SW2:eth1:20+access_vlan:SW2:eth2:10+trunk_remove:SW1:eth3:20+trunk_remove:SW2:eth3:20,17452,17473,0.17008,3.8999999999999977,21,True,False,True,False,True,recovery_success,0.0787714874105794,21,6,13,0,4,3,4,1,0
1235,3267,access_vlan:SW1:eth2:10+access_vlan:SW2:eth1:20+access_vlan:SW2:eth2:10+trunk_remove:SW1:eth3:20+trunk_remove:SW2:eth3:10+trunk_remove:SW2:eth3:20,17473,17483,0.169605,-13.0,10,True,False,True,False,False,incorrect_declare_done,0.10003691911697388,10,4,5,0,2,2,2,0,3
1236,3268,access_vlan:SW1:eth2:10+trunk_remove:SW1:eth3:20+trunk_remove:SW2:eth3:10+trunk_remove:SW2:eth3:20,17483,17513,0.16818,-6.700000000000001,30,True,False,False,True,False,step_limit,0.1377372765292724,30,8,22,0,2,2,1,0,1
1237,3269,access_vlan:SW1:eth1:20+access_vlan:SW1:eth2:10+trunk_remove:SW2:eth3:10+trunk_remove:SW2:eth3:20,17513,17533,0.16723,-18.55,20,True,False,True,False,False,incorrect_declare_done,0.09651313349604607,20,10,8,0,8,6,6,0,3
1238,3270,access_vlan:SW1:eth2:10+access_vlan:SW2:eth2:10+trunk_remove:SW1:eth3:10+trunk_remove:SW2:eth3:10,17533,17563,0.1658050000000001,-8.850000000000003,30,True,False,False,True,False,step_limit,0.09919895579417547,30,9,21,0,6,5,4,2,3
1239,3271,access_vlan:SW1:eth2:10+access_vlan:SW2:eth1:20+access_vlan:SW2:eth2:10+trunk_remove:SW2:eth3:10,17563,17593,0.16437999999999997,-9.350000000000001,30,True,False,False,True,False,step_limit,0.054770553546647234,30,9,21,0,7,4,5,2,3
1240,3272,access_vlan:SW1:eth1:20+access_vlan:SW1:eth2:10+access_vlan:SW2:eth1:20+trunk_remove:SW1:eth3:20+trunk_remove:SW2:eth3:20,17593,17605,0.16381,-12.5,12,True,False,True,False,False,incorrect_declare_done,0.0834170978826781,12,2,9,0,1,1,1,0,3
1241,3273,access_vlan:SW1:eth1:20+access_vlan:SW1:eth2:10+access_vlan:SW2:eth1:20+trunk_remove:SW2:eth3:10+trunk_remove:SW2:eth3:20,17605,17617,0.16324000000000005,7.05,12,True,False,True,False,True,recovery_success,0.07541211849699418,12,5,6,0,1,1,1,1,0
1242,3274,access_vlan:SW1:eth1:20+access_vlan:SW2:eth1:20+trunk_remove:SW1:eth3:10+trunk_remove:SW1:eth3:20+trunk_remove:SW2:eth3:10,17617,17643,0.16200500000000007,2.049999999999998,26,True,False,True,False,True,recovery_success,0.07431633906582227,26,11,14,0,5,4,5,0,0
1243,3275,access_vlan:SW1:eth2:10+access_vlan:SW2:eth1:20+access_vlan:SW2:eth2:10+trunk_remove:SW1:eth3:10+trunk_remove:SW1:eth3:20+trunk_remove:SW2:eth3:20,17643,17673,0.16057999999999995,-7.050000000000004,30,True,False,False,True,False,step_limit,0.045573697860042256,30,7,23,0,3,3,3,0,3
1244,3276,access_vlan:SW1:eth1:20,17673,17703,0.15915500000000005,-10.350000000000005,30,True,False,False,True,False,step_limit,0.044733671161035694,30,9,21,0,9,6,5,1,3
1245,3277,access_vlan:SW1:eth1:20+trunk_remove:SW1:eth3:20,17703,17708,0.15891750000000004,9.049999999999999,5,True,False,True,False,True,recovery_success,0.030581136420369148,5,2,2,0,0,0,0,0,0
1246,3278,access_vlan:SW1:eth1:20+access_vlan:SW1:eth2:10+access_vlan:SW2:eth1:20+access_vlan:SW2:eth2:10+trunk_remove:SW2:eth3:10,17708,17738,0.15749250000000004,-10.350000000000007,30,True,False,False,True,False,step_limit,0.04371217632045348,30,9,21,0,9,5,6,2,0
1247,3279,access_vlan:SW1:eth1:20+access_vlan:SW2:eth1:20+trunk_remove:SW1:eth3:10,17738,17768,0.15606750000000003,-10.800000000000002,30,True,False,False,True,False,step_limit,0.02983890970547994,30,11,18,0,9,6,6,0,3
1248,3280,access_vlan:SW2:eth2:10+trunk_remove:SW2:eth3:10,17768,17798,0.15464250000000002,-8.200000000000003,30,True,False,False,True,False,step_limit,0.051281353707114855,30,8,22,0,5,5,4,1,3
1249,3281,access_vlan:SW2:eth1:20+trunk_remove:SW1:eth3:20+trunk_remove:SW2:eth3:10,17798,17828,0.15321750000000012,-10.650000000000006,30,True,False,False,True,False,step_limit,0.05133036648233732,30,11,19,0,9,5,6,3,0
1250,3282,access_vlan:SW1:eth2:10+trunk_remove:SW1:eth3:20+trunk_remove:SW2:eth3:10+trunk_remove:SW2:eth3:20,17828,17858,0.1517925,-8.050000000000002,30,True,False,False,True,False,step_limit,0.02947651225452622,30,6,23,0,5,4,4,0,3
1251,3283,access_vlan:SW1:eth1:20+access_vlan:SW2:eth2:10+trunk_remove:SW1:eth3:10+trunk_remove:SW1:eth3:20,17858,17888,0.1503675000000001,-15.250000000000007,30,True,False,False,True,False,step_limit,0.03513961692030231,30,13,15,0,17,6,10,0,3
1252,3284,access_vlan:SW1:eth1:20+access_vlan:SW1:eth2:10+access_vlan:SW2:eth2:10+trunk_remove:SW1:eth3:10+trunk_remove:SW1:eth3:20+trunk_remove:SW2:eth3:20,17888,17918,0.14894249999999998,-8.000000000000005,30,True,False,False,True,False,step_limit,0.027780029674371085,30,10,20,0,4,2,4,0,0
1253,3285,access_vlan:SW1:eth1:20+access_vlan:SW2:eth1:20+trunk_remove:SW1:eth3:10+trunk_remove:SW1:eth3:20+trunk_remove:SW2:eth3:10,17918,17948,0.14751750000000008,-9.000000000000005,30,True,False,False,True,False,step_limit,0.04605752329031627,30,10,20,0,6,4,5,0,3
1254,3286,access_vlan:SW1:eth1:20+access_vlan:SW1:eth2:10+trunk_remove:SW1:eth3:10,17948,17961,0.14690000000000003,-14.100000000000001,13,True,False,True,False,False,incorrect_declare_done,0.04699518474248739,13,5,7,0,3,3,3,0,3
1255,3287,access_vlan:SW2:eth1:20+trunk_remove:SW1:eth3:10+trunk_remove:SW1:eth3:20+trunk_remove:SW2:eth3:20,17961,17991,0.14547500000000002,-11.750000000000005,30,True,False,False,True,False,step_limit,0.026833456506331763,30,15,15,0,10,5,7,1,3
1256,3288,access_vlan:SW1:eth2:10+access_vlan:SW2:eth1:20+trunk_remove:SW1:eth3:10+trunk_remove:SW1:eth3:20,17991,18021,0.14405,-9.650000000000004,30,True,False,False,True,False,step_limit,0.07468972435841957,30,11,19,0,7,5,5,0,3
1257,3289,access_vlan:SW1:eth2:10+trunk_remove:SW1:eth3:10+trunk_remove:SW1:eth3:20+trunk_remove:SW2:eth3:20,18021,18035,0.1433850000000001,-12.65,14,True,False,True,False,False,incorrect_declare_done,0.03941291876669441,14,1,12,0,1,1,1,0,3
1258,3290,access_vlan:SW2:eth1:20+access_vlan:SW2:eth2:10+trunk_remove:SW2:eth3:20,18035,18065,0.14196000000000009,-9.300000000000004,30,True,False,False,True,False,step_limit,0.04557682250936826,30,11,18,0,6,3,6,0,3
1259,3291,access_vlan:SW1:eth1:20+access_vlan:SW1:eth2:10+access_vlan:SW2:eth1:20+access_vlan:SW2:eth2:10,18065,18095,0.14053500000000008,-6.4500000000000055,30,True,False,False,True,False,step_limit,0.04287851583212614,30,3,27,0,3,3,2,1,3
1260,3292,access_vlan:SW1:eth1:20+access_vlan:SW1:eth2:10+access_vlan:SW2:eth1:20+access_vlan:SW2:eth2:10+trunk_remove:SW2:eth3:20,18095,18109,0.13987000000000005,5.249999999999998,14,True,False,True,False,True,recovery_success,0.06436575503487672,14,4,8,0,4,3,2,2,0
1261,3293,access_vlan:SW1:eth1:20+trunk_remove:SW2:eth3:20,18109,18120,0.13934749999999996,-14.3,11,True,False,True,False,False,incorrect_declare_done,0.024140087294984947,11,5,5,0,4,3,3,0,3
1262,3294,access_vlan:SW1:eth2:10+access_vlan:SW2:eth1:20+trunk_remove:SW2:eth3:10,18120,18150,0.13792250000000006,-6.600000000000004,30,True,False,False,True,False,step_limit,0.030963830649852753,30,4,26,0,3,2,3,0,3
1263,3295,access_vlan:SW2:eth1:20+access_vlan:SW2:eth2:10+trunk_remove:SW1:eth3:10+trunk_remove:SW2:eth3:10+trunk_remove:SW2:eth3:20,18150,18180,0.13649750000000005,-6.250000000000004,30,True,False,False,True,False,step_limit,0.028883336825917164,30,5,25,0,2,2,2,0,3
1264,3296,access_vlan:SW1:eth2:10+access_vlan:SW2:eth1:20+trunk_remove:SW1:eth3:20+trunk_remove:SW2:eth3:10,18180,18210,0.13507250000000004,-9.350000000000003,30,True,False,False,True,False,step_limit,0.033145077029863995,30,9,21,0,7,4,5,0,3
1265,3297,access_vlan:SW1:eth1:20+access_vlan:SW2:eth2:10+trunk_remove:SW1:eth3:10+trunk_remove:SW2:eth3:10+trunk_remove:SW2:eth3:20,18210,18218,0.1346925,-11.700000000000001,8,True,False,True,False,False,incorrect_declare_done,0.02323607448488474,8,4,3,0,0,0,0,0,1
1266,3298,access_vlan:SW1:eth1:20+access_vlan:SW1:eth2:10+access_vlan:SW2:eth1:20+trunk_remove:SW2:eth3:10,18218,18248,0.1332675000000001,-8.45,30,True,False,False,True,False,step_limit,0.03086071697374185,30,11,17,0,4,3,4,1,1
1267,3299,access_vlan:SW1:eth1:20+access_vlan:SW1:eth2:10+access_vlan:SW2:eth2:10,18248,18249,0.13322,-10.05,1,True,False,True,False,False,incorrect_declare_done,0.01862134411931038,1,0,0,0,0,0,0,0,3
1268,3300,access_vlan:SW1:eth2:10+access_vlan:SW2:eth2:10+trunk_remove:SW1:eth3:10+trunk_remove:SW1:eth3:20+trunk_remove:SW2:eth3:10+trunk_remove:SW2:eth3:20,18249,18279,0.131795,-5.700000000000003,30,True,False,False,True,False,step_limit,0.020406546940406164,30,8,22,0,0,0,0,0,1
1269,3301,access_vlan:SW1:eth1:20+trunk_remove:SW1:eth3:10+trunk_remove:SW2:eth3:10,18279,18300,0.1307975,-16.25,21,True,False,True,False,False,incorrect_declare_done,0.017849184661394076,21,8,12,0,4,4,4,0,3
1270,3302,access_vlan:SW1:eth1:20+access_vlan:SW1:eth2:10+access_vlan:SW2:eth2:10+trunk_remove:SW1:eth3:10+trunk_remove:SW1:eth3:20+trunk_remove:SW2:eth3:10,18300,18328,0.12946750000000007,2.399999999999996,28,True,False,True,False,True,recovery_success,0.038124333801014085,28,10,17,0,4,3,3,0,0
1271,3303,access_vlan:SW1:eth2:10+access_vlan:SW2:eth2:10+trunk_remove:SW1:eth3:10+trunk_remove:SW2:eth3:10,18328,18358,0.12804249999999995,-9.650000000000006,30,True,False,False,True,False,step_limit,0.048234873947997886,30,10,19,0,7,4,6,0,3
1272,3304,access_vlan:SW1:eth2:10+access_vlan:SW2:eth1:20+access_vlan:SW2:eth2:10+trunk_remove:SW1:eth3:10+trunk_remove:SW1:eth3:20+trunk_remove:SW2:eth3:10+trunk_remove:SW2:eth3:20,18358,18388,0.12661750000000005,-8.850000000000005,30,True,False,False,True,False,step_limit,0.05675857809061805,30,9,21,0,6,6,5,0,3
1273,3305,access_vlan:SW1:eth1:20+trunk_remove:SW1:eth3:20,18388,18405,0.12580999999999998,-13.05,17,True,False,True,False,False,incorrect_declare_done,0.03776312991976738,17,4,12,0,0,0,0,0,1
1274,3306,trunk_remove:SW1:eth3:20+trunk_remove:SW2:eth3:10,18405,18435,0.12438500000000008,-5.950000000000004,30,True,False,False,True,False,step_limit,0.01767353853210807,30,3,27,0,2,2,1,0,3
1275,3307,access_vlan:SW1:eth1:20+access_vlan:SW1:eth2:10+trunk_remove:SW1:eth3:20,18435,18443,0.12400500000000003,-11.75,8,True,False,True,False,False,incorrect_declare_done,0.01773544668685645,8,1,6,0,1,1,1,0,3
1276,3308,access_vlan:SW1:eth2:10+access_vlan:SW2:eth1:20+access_vlan:SW2:eth2:10+trunk_remove:SW1:eth3:10+trunk_remove:SW1:eth3:20+trunk_remove:SW2:eth3:20,18443,18446,0.12386249999999999,-10.65,3,True,False,True,False,False,incorrect_declare_done,0.01544922993828853,3,2,0,0,0,0,0,0,3
1277,3309,access_vlan:SW1:eth1:20+access_vlan:SW2:eth1:20+trunk_remove:SW1:eth3:10+trunk_remove:SW2:eth3:10+trunk_remove:SW2:eth3:20,18446,18476,0.12243750000000009,-8.800000000000002,30,True,False,False,True,False,step_limit,0.016799050911019246,30,12,18,0,5,4,4,0,3
1278,3310,access_vlan:SW1:eth1:20+access_vlan:SW1:eth2:10+access_vlan:SW2:eth1:20+trunk_remove:SW1:eth3:10+trunk_remove:SW1:eth3:20+trunk_remove:SW2:eth3:10+trunk_remove:SW2:eth3:20,18476,18506,0.12101250000000008,-6.850000000000002,30,True,False,False,True,False,step_limit,0.03265925624097387,30,9,21,0,2,2,2,0,1
1279,3311,access_vlan:SW1:eth2:10+access_vlan:SW2:eth1:20+access_vlan:SW2:eth2:10+trunk_remove:SW1:eth3:10+trunk_remove:SW2:eth3:10+trunk_remove:SW2:eth3:20,18506,18536,0.11958750000000007,-5.9,30,True,False,False,True,False,step_limit,0.03521399404853583,30,6,24,0,1,1,1,0,2
1280,3312,access_vlan:SW2:eth1:20+trunk_remove:SW2:eth3:10,18536,18566,0.11816250000000006,-8.050000000000006,30,True,False,False,True,False,step_limit,0.028490497668584188,30,7,23,0,5,5,4,0,3
1281,3313,access_vlan:SW1:eth1:20+access_vlan:SW1:eth2:10+access_vlan:SW2:eth2:10+trunk_remove:SW1:eth3:10+trunk_remove:SW2:eth3:20,18566,18596,0.11673750000000005,-8.700000000000006,30,True,False,False,True,False,step_limit,0.02437010350016256,30,8,22,0,6,4,5,0,3
1282,3314,access_vlan:SW1:eth1:20+trunk_remove:SW1:eth3:10+trunk_remove:SW1:eth3:20,18596,18626,0.11531250000000004,-4.950000000000001,30,True,False,False,True,False,step_limit,0.01579991776185731,30,3,27,0,0,0,0,0,1
1283,3315,access_vlan:SW1:eth2:10+trunk_remove:SW1:eth3:10+trunk_remove:SW1:eth3:20+trunk_remove:SW2:eth3:10+trunk_remove:SW2:eth3:20,18626,18656,0.11388750000000003,-7.450000000000004,30,True,False,False,True,False,step_limit,0.024648889883731803,30,13,17,0,2,2,2,0,3
1284,3316,access_vlan:SW1:eth1:20+trunk_remove:SW1:eth3:10+trunk_remove:SW1:eth3:20+trunk_remove:SW2:eth3:20,18656,18680,0.11274750000000011,-14.950000000000003,24,True,False,True,False,False,incorrect_declare_done,0.03875623794738203,24,3,20,0,2,2,1,0,3
1285,3317,access_vlan:SW1:eth1:20+access_vlan:SW1:eth2:10+access_vlan:SW2:eth1:20+access_vlan:SW2:eth2:10,18680,18700,0.1117975000000001,7.1,20,True,False,True,False,True,recovery_success,0.04375837515108287,20,0,19,0,0,0,0,0,0
1286,3318,access_vlan:SW1:eth1:20+access_vlan:SW1:eth2:10+access_vlan:SW2:eth1:20+access_vlan:SW2:eth2:10+trunk_remove:SW2:eth3:10+trunk_remove:SW2:eth3:20,18700,18730,0.11037249999999998,-6.400000000000004,30,True,False,False,True,False,step_limit,0.01646971246227622,30,5,24,0,2,2,1,0,3
1287,3319,access_vlan:SW1:eth1:20+access_vlan:SW1:eth2:10+access_vlan:SW2:eth2:10+trunk_remove:SW1:eth3:10+trunk_remove:SW2:eth3:10+trunk_remove:SW2:eth3:20,18730,18746,0.1096125,-14.049999999999999,16,True,False,True,False,False,incorrect_declare_done,0.01366307056741789,16,4,10,0,2,2,1,0,1
1288,3320,access_vlan:SW1:eth1:20+access_vlan:SW2:eth1:20+access_vlan:SW2:eth2:10+trunk_remove:SW1:eth3:10+trunk_remove:SW2:eth3:10,18746,18776,0.1081875000000001,-7.900000000000002,30,True,False,False,True,False,step_limit,0.014881101654221613,30,5,24,0,5,5,4,0,3
1289,3321,access_vlan:SW1:eth1:20+trunk_remove:SW1:eth3:10+trunk_remove:SW2:eth3:10,18776,18806,0.10676249999999998,-9.750000000000004,30,True,False,False,True,False,step_limit,0.03239681939594448,30,15,15,0,6,4,4,0,3
1290,3322,access_vlan:SW1:eth1:20+access_vlan:SW1:eth2:10+access_vlan:SW2:eth2:10+trunk_remove:SW1:eth3:20,18806,18836,0.10533750000000008,-6.550000000000002,30,True,False,False,True,False,step_limit,0.014687162855019172,30,7,23,0,2,2,1,0,4
1291,3323,access_vlan:SW1:eth1:20+access_vlan:SW2:eth2:10+trunk_remove:SW1:eth3:20+trunk_remove:SW2:eth3:20,18836,18866,0.10391249999999996,-5.099999999999999,30,True,False,False,True,False,step_limit,0.014105792871365945,30,4,26,0,0,0,0,0,1
1292,3324,access_vlan:SW1:eth1:20+access_vlan:SW1:eth2:10+trunk_remove:SW1:eth3:10+trunk_remove:SW1:eth3:20+trunk_remove:SW2:eth3:10+trunk_remove:SW2:eth3:20,18866,18882,0.10315250000000009,-14.45,16,True,False,True,False,False,incorrect_declare_done,0.0302247796789743,16,11,4,0,1,1,1,0,2
1293,3325,access_vlan:SW1:eth1:20+access_vlan:SW2:eth1:20+access_vlan:SW2:eth2:10+trunk_remove:SW2:eth3:10+trunk_remove:SW2:eth3:20,18882,18912,0.10172750000000008,-6.250000000000003,30,True,False,False,True,False,step_limit,0.014247004470477501,30,5,25,0,2,2,1,0,3
1294,3326,access_vlan:SW1:eth2:10+trunk_remove:SW1:eth3:10,18912,18935,0.10063500000000003,-14.650000000000002,23,True,False,True,False,False,incorrect_declare_done,0.06564344856483133,23,2,20,0,2,2,2,0,3
1295,3327,access_vlan:SW1:eth1:20+trunk_remove:SW2:eth3:10,18935,18965,0.09921000000000002,-6.100000000000004,30,True,False,False,True,False,step_limit,0.014957716300462684,30,4,26,0,2,2,1,0,3
1296,3328,access_vlan:SW1:eth2:10+access_vlan:SW2:eth2:10+trunk_remove:SW1:eth3:10+trunk_remove:SW2:eth3:10,18965,18995,0.09778500000000001,-6.900000000000006,30,True,False,False,True,False,step_limit,0.02160636579307417,30,6,24,0,3,3,3,0,3
1297,3329,access_vlan:SW1:eth1:20+access_vlan:SW2:eth1:20+trunk_remove:SW1:eth3:10+trunk_remove:SW2:eth3:10+trunk_remove:SW2:eth3:20,18995,19025,0.09636,-5.900000000000003,30,True,False,False,True,False,step_limit,0.03588878388206164,30,5,24,0,1,1,1,0,3
1298,3330,access_vlan:SW1:eth1:20+access_vlan:SW2:eth2:10+trunk_remove:SW1:eth3:10+trunk_remove:SW1:eth3:20+trunk_remove:SW2:eth3:10,19025,19049,0.09521999999999997,4.849999999999999,24,True,False,True,False,True,recovery_success,0.013135468432058891,24,11,12,0,0,0,0,0,0
1299,3331,access_vlan:SW1:eth2:10+access_vlan:SW2:eth1:20+trunk_remove:SW1:eth3:10,19049,19079,0.09379500000000007,-6.450000000000002,30,True,False,False,True,False,step_limit,0.01190620173389713,30,3,27,0,3,3,2,0,4
1300,3332,access_vlan:SW1:eth1:20+access_vlan:SW2:eth1:20+access_vlan:SW2:eth2:10+trunk_remove:SW2:eth3:10,19079,19109,0.09237000000000006,-6.250000000000004,30,True,False,False,True,False,step_limit,0.031587407008434334,30,5,25,0,2,2,2,0,3
1301,3333,access_vlan:SW1:eth2:10+access_vlan:SW2:eth1:20+trunk_remove:SW1:eth3:10+trunk_remove:SW1:eth3:20+trunk_remove:SW2:eth3:10+trunk_remove:SW2:eth3:20,19109,19139,0.09094500000000005,3.399999999999997,30,True,False,True,False,True,recovery_success,0.012488583320130904,30,8,21,0,2,2,2,0,0
1302,3334,access_vlan:SW1:eth1:20+access_vlan:SW1:eth2:10+access_vlan:SW2:eth1:20+access_vlan:SW2:eth2:10+trunk_remove:SW1:eth3:10,19139,19169,0.08952000000000004,-5.3,30,True,False,False,True,False,step_limit,0.03220235337503254,30,2,28,0,1,1,1,0,2
1303,3335,access_vlan:SW1:eth1:20+access_vlan:SW1:eth2:10+access_vlan:SW2:eth2:10+trunk_remove:SW1:eth3:10+trunk_remove:SW1:eth3:20+trunk_remove:SW2:eth3:10+trunk_remove:SW2:eth3:20,19169,19198,0.08814250000000001,-14.4,29,True,False,True,False,False,incorrect_declare_done,0.03145342339472524,29,1,27,0,0,0,0,0,2
1304,3336,access_vlan:SW1:eth1:20+trunk_remove:SW1:eth3:10+trunk_remove:SW1:eth3:20,19198,19228,0.0867175,-6.25,30,True,False,False,True,False,step_limit,0.022168745240196585,30,5,25,0,2,2,2,0,3
1305,3337,access_vlan:SW2:eth1:20+access_vlan:SW2:eth2:10+trunk_remove:SW1:eth3:10+trunk_remove:SW2:eth3:20,19228,19239,0.08619500000000002,7.35,11,True,False,True,False,True,recovery_success,0.01039170969108289,11,4,6,0,1,1,1,0,0
1306,3338,access_vlan:SW1:eth1:20+access_vlan:SW1:eth2:10+access_vlan:SW2:eth2:10+trunk_remove:SW1:eth3:10+trunk_remove:SW1:eth3:20+trunk_remove:SW2:eth3:20,19239,19240,0.08614750000000004,-10.05,1,True,False,True,False,False,incorrect_declare_done,0.011593034490942955,1,0,0,0,0,0,0,0,3
1307,3339,access_vlan:SW2:eth2:10+trunk_remove:SW2:eth3:10+trunk_remove:SW2:eth3:20,19240,19270,0.08472250000000003,-7.200000000000002,30,True,False,False,True,False,step_limit,0.03079098224019011,30,8,22,0,3,3,2,0,3
1308,3340,access_vlan:SW2:eth1:20+trunk_remove:SW2:eth3:10,19270,19286,0.08396249999999994,7.3999999999999995,16,True,False,True,False,True,recovery_success,0.012433222640538588,16,2,13,0,0,0,0,0,0
1309,3341,access_vlan:SW1:eth2:10+access_vlan:SW2:eth1:20+trunk_remove:SW1:eth3:10+trunk_remove:SW2:eth3:20,19286,19316,0.08253750000000004,-6.050000000000004,30,True,False,False,True,False,step_limit,0.021807196410372855,30,7,23,0,1,1,1,0,3
1310,3342,access_vlan:SW1:eth1:20+access_vlan:SW1:eth2:10+access_vlan:SW2:eth1:20+access_vlan:SW2:eth2:10+trunk_remove:SW2:eth3:10+trunk_remove:SW2:eth3:20,19316,19346,0.08111250000000003,-7.700000000000004,30,True,False,False,True,False,step_limit,0.029765368811786173,30,7,22,0,4,3,2,0,1
1311,3343,access_vlan:SW1:eth1:20+trunk_remove:SW2:eth3:10+trunk_remove:SW2:eth3:20,19346,19376,0.07968750000000002,-6.150000000000001,30,True,False,False,True,False,step_limit,0.030453014591087898,30,11,19,0,0,0,0,0,1
1312,3344,access_vlan:SW1:eth2:10+trunk_remove:SW1:eth3:10+trunk_remove:SW1:eth3:20+trunk_remove:SW2:eth3:10,19376,19406,0.07826250000000012,-6.700000000000005,30,True,False,False,True,False,step_limit,0.02091146009042859,30,8,22,0,2,2,1,0,1
1313,3345,access_vlan:SW1:eth2:10+trunk_remove:SW2:eth3:20,19406,19418,0.07769250000000005,-11.700000000000001,12,True,False,True,False,False,incorrect_declare_done,0.03532413598926117,12,0,11,0,0,0,0,0,3
1314,3346,access_vlan:SW2:eth1:20+access_vlan:SW2:eth2:10+trunk_remove:SW1:eth3:10+trunk_remove:SW2:eth3:20,19418,19420,0.0775975000000001,-10.850000000000001,2,True,False,True,False,False,incorrect_declare_done,0.011359791737049818,2,1,0,0,1,1,1,0,3
1315,3347,access_vlan:SW1:eth1:20+access_vlan:SW1:eth2:10+trunk_remove:SW1:eth3:20+trunk_remove:SW2:eth3:10+trunk_remove:SW2:eth3:20,19420,19450,0.07617249999999998,-5.450000000000002,30,True,False,False,True,False,step_limit,0.018741608768080672,30,3,27,0,1,1,1,0,1
1316,3348,access_vlan:SW1:eth1:20+access_vlan:SW2:eth1:20+trunk_remove:SW1:eth3:10,19450,19480,0.07474750000000008,-6.600000000000002,30,True,False,False,True,False,step_limit,0.028210069223617514,30,4,26,0,3,3,2,0,3
1317,3349,trunk_remove:SW1:eth3:10+trunk_remove:SW1:eth3:20+trunk_remove:SW2:eth3:10,19480,19510,0.07332249999999996,-6.850000000000002,30,True,False,False,True,False,step_limit,0.043764034006744626,30,9,21,0,2,2,1,0,1
1318,3350,access_vlan:SW1:eth2:10+trunk_remove:SW1:eth3:20,19510,19531,0.07232499999999997,-16.6,21,True,False,True,False,False,incorrect_declare_done,0.04180588646392737,21,6,13,0,5,3,5,0,3
1319,3351,access_vlan:SW1:eth1:20+trunk_remove:SW1:eth3:20+trunk_remove:SW2:eth3:10+trunk_remove:SW2:eth3:20,19531,19561,0.07090000000000007,-5.3999999999999995,30,True,False,False,True,False,step_limit,0.021215401636436582,30,6,24,0,0,0,0,0,2
1320,3352,access_vlan:SW1:eth2:10+trunk_remove:SW1:eth3:10,19561,19591,0.06947499999999995,-6.950000000000003,30,True,False,False,True,False,step_limit,0.021160121401771904,30,3,27,0,4,4,2,0,4
1321,3353,access_vlan:SW1:eth2:10+access_vlan:SW2:eth1:20+access_vlan:SW2:eth2:10,19591,19621,0.06805000000000005,-5.900000000000004,30,True,False,False,True,False,step_limit,0.03005263543066879,30,6,24,0,1,1,1,0,2
1322,3354,access_vlan:SW1:eth2:10+trunk_remove:SW1:eth3:10+trunk_remove:SW1:eth3:20,19621,19651,0.06662500000000005,-5.850000000000002,30,True,False,False,True,False,step_limit,0.020512546707565586,30,7,21,0,0,0,0,0,2
1323,3355,trunk_remove:SW1:eth3:10+trunk_remove:SW2:eth3:20,19651,19681,0.06520000000000004,-6.1,30,True,False,False,True,False,step_limit,0.01972141074948013,30,4,26,0,2,1,2,0,3
1324,3356,access_vlan:SW1:eth2:10+access_vlan:SW2:eth2:10+trunk_remove:SW1:eth3:10+trunk_remove:SW2:eth3:10+trunk_remove:SW2:eth3:20,19681,19711,0.06377500000000003,-6.950000000000001,30,True,False,False,True,False,step_limit,0.009659936434278886,30,13,17,0,1,1,1,0,1
1325,3357,access_vlan:SW2:eth2:10+trunk_remove:SW2:eth3:10+trunk_remove:SW2:eth3:20,19711,19741,0.062350000000000017,-6.400000000000004,30,True,False,False,True,False,step_limit,0.03904357330563168,30,5,24,0,2,2,1,0,3
1326,3358,trunk_remove:SW1:eth3:20+trunk_remove:SW2:eth3:10+trunk_remove:SW2:eth3:20,19741,19771,0.06092500000000001,-6.550000000000002,30,True,False,False,True,False,step_limit,0.03722418335576852,30,7,23,0,2,2,2,0,3
1327,3359,access_vlan:SW2:eth1:20+trunk_remove:SW1:eth3:10+trunk_remove:SW1:eth3:20,19771,19788,0.060117500000000046,-13.25,17,True,False,True,False,False,incorrect_declare_done,0.009984611643149573,17,2,14,0,1,1,1,0,3
1328,3360,access_vlan:SW1:eth2:10+access_vlan:SW2:eth2:10+trunk_remove:SW1:eth3:10+trunk_remove:SW1:eth3:20+trunk_remove:SW2:eth3:10+trunk_remove:SW2:eth3:20,19788,19818,0.058692500000000036,-5.7,30,True,False,False,True,False,step_limit,0.03935799011960626,30,8,22,0,0,0,0,0,1
1329,3361,access_vlan:SW1:eth2:10+trunk_remove:SW1:eth3:20+trunk_remove:SW2:eth3:10,19818,19848,0.05726750000000014,-6.350000000000002,30,True,False,False,True,False,step_limit,0.019605469548453887,30,8,21,0,1,1,1,0,2
1330,3362,access_vlan:SW1:eth1:20+access_vlan:SW1:eth2:10+access_vlan:SW2:eth1:20+trunk_remove:SW2:eth3:20,19848,19878,0.05584250000000002,-7.3500000000000005,30,True,False,False,True,False,step_limit,0.018205356178805233,30,8,21,0,3,2,3,0,3
1331,3363,access_vlan:SW1:eth1:20+trunk_remove:SW1:eth3:10,19878,19908,0.05441750000000012,-7.300000000000003,30,True,False,False,True,False,step_limit,0.009321862179785968,30,9,18,0,2,2,1,0,3
1332,3364,access_vlan:SW1:eth1:20+access_vlan:SW1:eth2:10+access_vlan:SW2:eth1:20+trunk_remove:SW1:eth3:20,19908,19938,0.0529925,-6.45,30,True,False,False,True,False,step_limit,0.036540683700392644,30,3,27,0,3,2,3,0,3
1333,3365,access_vlan:SW1:eth1:20+access_vlan:SW1:eth2:10+access_vlan:SW2:eth1:20+trunk_remove:SW2:eth3:10+trunk_remove:SW2:eth3:20,19938,19961,0.05190000000000006,-14.149999999999999,23,True,False,True,False,False,incorrect_declare_done,0.024698947070409424,23,2,20,0,1,1,1,0,3
1334,3366,access_vlan:SW1:eth1:20+trunk_remove:SW1:eth3:10+trunk_remove:SW2:eth3:10+trunk_remove:SW2:eth3:20,19961,19991,0.05047499999999994,-4.950000000000001,30,True,False,False,True,False,step_limit,0.007505151140503585,30,3,27,0,0,0,0,0,2
1335,3367,access_vlan:SW2:eth1:20+access_vlan:SW2:eth2:10+trunk_remove:SW1:eth3:20+trunk_remove:SW2:eth3:10,19991,20021,0.05,-5.950000000000004,30,True,False,False,True,False,step_limit,0.01491907803962628,30,3,27,0,2,2,2,0,3
1336,3368,access_vlan:SW1:eth1:20+access_vlan:SW1:eth2:10+trunk_remove:SW1:eth3:10+trunk_remove:SW1:eth3:20+trunk_remove:SW2:eth3:10,20021,20051,0.05,-6.400000000000002,30,True,False,False,True,False,step_limit,0.04044280491458873,30,6,24,0,2,2,2,0,3
1337,3369,access_vlan:SW1:eth1:20+access_vlan:SW1:eth2:10+trunk_remove:SW1:eth3:10+trunk_remove:SW2:eth3:10+trunk_remove:SW2:eth3:20,20051,20065,0.05,-13.7,14,True,False,True,False,False,incorrect_declare_done,0.01686294303674783,14,8,5,0,1,1,1,0,2
1338,3370,access_vlan:SW1:eth1:20+access_vlan:SW1:eth2:10+access_vlan:SW2:eth1:20+access_vlan:SW2:eth2:10+trunk_remove:SW1:eth3:20+trunk_remove:SW2:eth3:20,20065,20087,0.05,6.5,22,True,False,True,False,True,recovery_success,0.025152201679619877,22,2,19,0,0,0,0,0,0
1339,3371,access_vlan:SW1:eth1:20+access_vlan:SW1:eth2:10+access_vlan:SW2:eth1:20+trunk_remove:SW1:eth3:10+trunk_remove:SW2:eth3:20,20087,20114,0.05,-16.85,27,True,False,True,False,False,incorrect_declare_done,0.010109895357379207,27,6,20,0,4,3,4,0,3
1340,3372,access_vlan:SW1:eth1:20+access_vlan:SW2:eth1:20+access_vlan:SW2:eth2:10+trunk_remove:SW1:eth3:20+trunk_remove:SW2:eth3:10+trunk_remove:SW2:eth3:20,20114,20144,0.05,-6.25,30,True,False,False,True,False,step_limit,0.027163385537763436,30,5,25,0,2,2,1,0,1
1341,3373,trunk_remove:SW1:eth3:10,20144,20147,0.05,9.5,3,True,False,True,False,True,recovery_success,0.00921839460109671,3,1,1,0,0,0,0,0,0
1342,3374,access_vlan:SW1:eth1:20+trunk_remove:SW1:eth3:20+trunk_remove:SW2:eth3:10+trunk_remove:SW2:eth3:20,20147,20177,0.05,-6.550000000000003,30,True,False,False,True,False,step_limit,0.028688041291510067,30,5,23,0,2,1,2,0,1
1343,3375,access_vlan:SW1:eth1:20+access_vlan:SW2:eth1:20+access_vlan:SW2:eth2:10+trunk_remove:SW1:eth3:10,20177,20198,0.05,5.8500000000000005,21,True,False,True,False,True,recovery_success,0.010209892610354083,21,4,16,0,1,1,1,1,0
1344,3376,access_vlan:SW2:eth1:20+access_vlan:SW2:eth2:10+trunk_remove:SW1:eth3:10+trunk_remove:SW1:eth3:20,20198,20228,0.05,-7.100000000000002,30,True,False,False,True,False,step_limit,0.03715745674756666,30,4,26,0,4,4,3,0,4
1345,3377,access_vlan:SW1:eth1:20+access_vlan:SW1:eth2:10+trunk_remove:SW2:eth3:10+trunk_remove:SW2:eth3:20,20228,20258,0.05,-8.000000000000002,30,True,False,False,True,False,step_limit,0.009979080331201354,30,10,20,0,4,4,3,0,4
1346,3378,access_vlan:SW1:eth1:20+access_vlan:SW1:eth2:10+access_vlan:SW2:eth1:20+access_vlan:SW2:eth2:10+trunk_remove:SW1:eth3:10+trunk_remove:SW2:eth3:10+trunk_remove:SW2:eth3:20,20258,20270,0.05,7.85,12,True,False,True,False,True,recovery_success,0.12443500113052626,12,3,8,0,0,0,0,0,0
1347,3379,access_vlan:SW1:eth1:20+access_vlan:SW1:eth2:10+access_vlan:SW2:eth1:20+trunk_remove:SW1:eth3:10+trunk_remove:SW1:eth3:20,20270,20287,0.05,6.299999999999999,17,True,False,True,False,True,recovery_success,0.01597719655974823,17,5,11,0,1,1,1,1,0
1348,3380,access_vlan:SW2:eth1:20+access_vlan:SW2:eth2:10+trunk_remove:SW1:eth3:20+trunk_remove:SW2:eth3:20,20287,20317,0.05,-4.5,30,True,False,False,True,False,step_limit,0.01226982194930315,30,0,30,0,0,0,0,0,3
1349,3381,access_vlan:SW1:eth1:20+access_vlan:SW2:eth2:10+trunk_remove:SW2:eth3:10,20317,20347,0.05,-5.250000000000002,30,True,False,False,True,False,step_limit,0.030019053692619004,30,5,25,0,0,0,0,0,4
1350,3382,access_vlan:SW1:eth1:20+access_vlan:SW2:eth2:10,20347,20377,0.05,-4.5,30,True,False,False,True,False,step_limit,0.03692783025714259,30,0,30,0,0,0,0,0,4
1351,3383,access_vlan:SW1:eth2:10+trunk_remove:SW1:eth3:10+trunk_remove:SW2:eth3:10+trunk_remove:SW2:eth3:20,20377,20407,0.05,-7.200000000000004,30,True,False,False,True,False,step_limit,0.04570958282177647,30,8,22,0,3,3,3,0,3
1352,3384,access_vlan:SW1:eth1:20+access_vlan:SW2:eth1:20+access_vlan:SW2:eth2:10+trunk_remove:SW1:eth3:10+trunk_remove:SW2:eth3:10,20407,20424,0.05,6.800000000000001,17,True,False,True,False,True,recovery_success,0.011728464023155324,17,5,11,0,0,0,0,0,0
1353,3385,access_vlan:SW1:eth1:20+trunk_remove:SW1:eth3:10+trunk_remove:SW2:eth3:10,20424,20434,0.05,7.849999999999999,10,True,False,True,False,True,recovery_success,0.06978678777813911,10,5,4,0,0,0,0,0,0
1354,3386,access_vlan:SW1:eth1:20+trunk_remove:SW1:eth3:10+trunk_remove:SW2:eth3:10+trunk_remove:SW2:eth3:20,20434,20435,0.05,-10.05,1,True,False,True,False,False,incorrect_declare_done,0.004947922192513943,1,0,0,0,0,0,0,0,3
1355,3387,access_vlan:SW1:eth1:20+access_vlan:SW1:eth2:10+trunk_remove:SW1:eth3:10+trunk_remove:SW1:eth3:20+trunk_remove:SW2:eth3:10+trunk_remove:SW2:eth3:20,20435,20465,0.05,-6.550000000000001,30,True,False,False,True,False,step_limit,0.028075663776447376,30,6,23,0,2,2,2,0,3
1356,3388,access_vlan:SW1:eth2:10+trunk_remove:SW1:eth3:10,20465,20480,0.05,6.65,15,True,False,True,False,True,recovery_success,0.027124256609628597,15,8,6,0,0,0,0,0,0
1357,3389,access_vlan:SW1:eth2:10+access_vlan:SW2:eth2:10+trunk_remove:SW1:eth3:10,20480,20495,0.05,7.1,15,True,False,True,False,True,recovery_success,0.00932915573939681,15,5,9,0,0,0,0,0,0
1358,3390,access_vlan:SW2:eth2:10+trunk_remove:SW1:eth3:10+trunk_remove:SW2:eth3:20,20495,20525,0.05,-6.250000000000004,30,True,False,False,True,False,step_limit,0.013600258342921733,30,5,25,0,2,2,1,0,3
1359,3391,trunk_remove:SW1:eth3:20+trunk_remove:SW2:eth3:20,20525,20530,0.05,9.049999999999999,5,True,False,True,False,True,recovery_success,0.010082901082932949,5,2,2,0,0,0,0,0,0
1360,3392,access_vlan:SW1:eth1:20+access_vlan:SW1:eth2:10+access_vlan:SW2:eth1:20+trunk_remove:SW2:eth3:20,20530,20560,0.05,-5.150000000000001,30,True,False,False,True,False,step_limit,0.020018864904219905,30,1,29,0,1,1,1,0,3
1361,3393,access_vlan:SW1:eth2:10+access_vlan:SW2:eth2:10+trunk_remove:SW1:eth3:20+trunk_remove:SW2:eth3:20,20560,20582,0.05,4.8999999999999995,22,True,False,True,False,True,recovery_success,0.04793740942312235,22,6,15,0,2,2,2,1,0
1362,3394,access_vlan:SW1:eth2:10+trunk_remove:SW1:eth3:10+trunk_remove:SW1:eth3:20+trunk_remove:SW2:eth3:10,20582,20593,0.05,7.549999999999999,11,True,False,True,False,True,recovery_success,0.009758834769441322,11,6,4,0,0,0,0,0,0
1363,3395,access_vlan:SW1:eth1:20+access_vlan:SW1:eth2:10+access_vlan:SW2:eth2:10+trunk_remove:SW1:eth3:20+trunk_remove:SW2:eth3:10,20593,20602,0.05,-12.05,9,True,False,True,False,False,incorrect_declare_done,0.00958581491269999,9,2,6,0,1,1,1,0,1
1364,3396,access_vlan:SW1:eth1:20+access_vlan:SW1:eth2:10+access_vlan:SW2:eth2:10+trunk_remove:SW1:eth3:10+trunk_remove:SW1:eth3:20+trunk_remove:SW2:eth3:20,20602,20605,0.05,-10.65,3,True,False,True,False,False,incorrect_declare_done,0.009043302231778702,3,2,0,0,0,0,0,0,2
1365,3397,access_vlan:SW1:eth1:20+access_vlan:SW1:eth2:10+access_vlan:SW2:eth2:10+trunk_remove:SW1:eth3:20+trunk_remove:SW2:eth3:20,20605,20635,0.05,-6.100000000000004,30,True,False,False,True,False,step_limit,0.009244093826661507,30,3,26,0,2,2,1,0,1
1366,3398,access_vlan:SW1:eth1:20+access_vlan:SW1:eth2:10+access_vlan:SW2:eth1:20+access_vlan:SW2:eth2:10+trunk_remove:SW1:eth3:20+trunk_remove:SW2:eth3:10,20635,20640,0.05,9.049999999999999,5,True,False,True,False,True,recovery_success,0.06484702564775943,5,2,2,0,0,0,0,0,0
1367,3399,access_vlan:SW1:eth1:20+trunk_remove:SW2:eth3:10,20640,20651,0.05,7.549999999999999,11,True,False,True,False,True,recovery_success,0.05907289726151661,11,5,4,0,0,0,0,0,0
1368,3400,access_vlan:SW2:eth2:10,20651,20675,0.05,6.3500000000000005,24,True,False,True,False,True,recovery_success,0.030616745915419113,24,1,22,0,0,0,0,0,0
1369,3401,access_vlan:SW1:eth2:10+access_vlan:SW2:eth1:20+access_vlan:SW2:eth2:10+trunk_remove:SW1:eth3:10+trunk_remove:SW1:eth3:20+trunk_remove:SW2:eth3:10,20675,20695,0.05,6.199999999999999,20,True,False,True,False,True,recovery_success,0.02573222278151661,20,6,13,0,0,0,0,0,0
1370,3402,access_vlan:SW1:eth1:20+access_vlan:SW1:eth2:10+access_vlan:SW2:eth1:20+trunk_remove:SW2:eth3:10+trunk_remove:SW2:eth3:20,20695,20725,0.05,-5.900000000000003,30,True,False,False,True,False,step_limit,0.030441539191330472,30,6,24,0,1,1,1,1,1
1371,3403,access_vlan:SW1:eth1:20+access_vlan:SW1:eth2:10+access_vlan:SW2:eth1:20,20725,20755,0.05,-6.550000000000002,30,True,False,False,True,False,step_limit,0.03817509181487064,30,7,23,0,2,2,1,0,4
1372,3404,trunk_remove:SW1:eth3:20+trunk_remove:SW2:eth3:20,20755,20760,0.05,9.049999999999999,5,True,False,True,False,True,recovery_success,0.009672443009912967,5,2,2,0,0,0,0,0,0
1373,3405,access_vlan:SW1:eth1:20+access_vlan:SW1:eth2:10+access_vlan:SW2:eth1:20+access_vlan:SW2:eth2:10+trunk_remove:SW1:eth3:10,20760,20778,0.05,6.050000000000001,18,True,False,True,False,True,recovery_success,0.01080069892729322,18,9,8,0,0,0,0,0,0
1374,3406,access_vlan:SW1:eth1:20+access_vlan:SW1:eth2:10+trunk_remove:SW1:eth3:20,20778,20788,0.05,7.6499999999999995,10,True,False,True,False,True,recovery_success,0.008666702918708325,10,3,6,0,1,1,1,0,0
1375,3407,access_vlan:SW1:eth1:20+access_vlan:SW2:eth1:20+trunk_remove:SW1:eth3:10+trunk_remove:SW1:eth3:20+trunk_remove:SW2:eth3:10,20788,20812,0.05,5.75,24,True,False,True,False,True,recovery_success,0.008522024339375397,24,5,18,0,0,0,0,0,0
1376,3408,access_vlan:SW1:eth2:10+access_vlan:SW2:eth2:10+trunk_remove:SW1:eth3:20+trunk_remove:SW2:eth3:20,20812,20828,0.05,6.6000000000000005,16,True,False,True,False,True,recovery_success,0.00925393337092828,16,4,11,0,1,1,1,0,0
1377,3409,access_vlan:SW1:eth2:10+access_vlan:SW2:eth1:20+access_vlan:SW2:eth2:10+trunk_remove:SW1:eth3:10+trunk_remove:SW1:eth3:20+trunk_remove:SW2:eth3:10+trunk_remove:SW2:eth3:20,20828,20858,0.05,-7.3,30,True,False,False,True,False,step_limit,0.036487090618660054,30,8,18,0,2,1,2,0,1
1378,3410,trunk_remove:SW1:eth3:20+trunk_remove:SW2:eth3:10+trunk_remove:SW2:eth3:20,20858,20879,0.05,6.5,21,True,False,True,False,True,recovery_success,0.02198761276945117,21,3,17,0,0,0,0,0,0
1379,3411,access_vlan:SW1:eth2:10+access_vlan:SW2:eth1:20+access_vlan:SW2:eth2:10+trunk_remove:SW1:eth3:20+trunk_remove:SW2:eth3:10,20879,20887,0.05,8.45,8,True,False,True,False,True,recovery_success,0.03936787700513378,8,3,4,0,0,0,0,0,0
1380,3412,access_vlan:SW1:eth1:20+access_vlan:SW2:eth1:20+access_vlan:SW2:eth2:10+trunk_remove:SW1:eth3:10+trunk_remove:SW2:eth3:20,20887,20902,0.05,6.800000000000001,15,True,False,True,False,True,recovery_success,0.009086301053563754,15,5,7,0,0,0,0,0,0
1381,3413,access_vlan:SW1:eth1:20+access_vlan:SW2:eth1:20+trunk_remove:SW2:eth3:10+trunk_remove:SW2:eth3:20,20902,20932,0.05,-6.6499999999999995,30,True,False,False,True,False,step_limit,0.05213264107393722,30,7,19,0,1,1,1,0,3
1382,3414,access_vlan:SW1:eth2:10+trunk_remove:SW1:eth3:10+trunk_remove:SW2:eth3:10+trunk_remove:SW2:eth3:20,20932,20951,0.05,5.449999999999999,19,True,False,True,False,True,recovery_success,0.04075757693499327,19,8,6,0,0,0,0,0,0
1383,3415,access_vlan:SW1:eth1:20+access_vlan:SW1:eth2:10+trunk_remove:SW2:eth3:10+trunk_remove:SW2:eth3:20,20951,20981,0.05,-5.950000000000004,30,True,False,False,True,False,step_limit,0.017653043661266566,30,3,27,0,2,2,2,0,3
1384,3416,access_vlan:SW2:eth1:20+access_vlan:SW2:eth2:10,20981,21011,0.05,-6.450000000000003,30,True,False,False,True,False,step_limit,0.04241272367847462,30,3,27,0,3,3,3,0,3
1385,3417,access_vlan:SW1:eth1:20+access_vlan:SW1:eth2:10+access_vlan:SW2:eth2:10+trunk_remove:SW1:eth3:20,21011,21041,0.05,-7.400000000000004,30,True,False,False,True,False,step_limit,0.02682564180965225,30,6,24,0,4,3,2,1,0
1386,3418,access_vlan:SW1:eth1:20+access_vlan:SW1:eth2:10+trunk_remove:SW1:eth3:10,21041,21071,0.05,-9.000000000000004,30,True,False,False,True,False,step_limit,0.022840472140039005,30,10,20,0,6,5,4,0,3
1387,3419,access_vlan:SW1:eth2:10+access_vlan:SW2:eth1:20+access_vlan:SW2:eth2:10+trunk_remove:SW1:eth3:20+trunk_remove:SW2:eth3:10+trunk_remove:SW2:eth3:20,21071,21101,0.05,-5.100000000000001,30,True,False,False,True,False,step_limit,0.008689156826585531,30,4,26,0,0,0,0,0,0
1388,3420,access_vlan:SW1:eth1:20+access_vlan:SW2:eth1:20+access_vlan:SW2:eth2:10+trunk_remove:SW1:eth3:10+trunk_remove:SW1:eth3:20+trunk_remove:SW2:eth3:10,21101,21131,0.05,-5.899999999999999,30,True,False,False,True,False,step_limit,0.019792553472022214,30,6,24,0,1,1,1,0,0
1389,3421,access_vlan:SW1:eth1:20+trunk_remove:SW1:eth3:20,21131,21140,0.05,8.45,9,True,False,True,False,True,recovery_success,0.01169789923975865,9,2,6,0,0,0,0,0,0
1390,3422,access_vlan:SW1:eth1:20+access_vlan:SW2:eth2:10+trunk_remove:SW1:eth3:20+trunk_remove:SW2:eth3:10,21140,21166,0.05,5.6,26,True,False,True,False,True,recovery_success,0.010625176077995162,26,4,21,0,0,0,0,0,0
1391,3423,access_vlan:SW1:eth2:10+access_vlan:SW2:eth1:20+access_vlan:SW2:eth2:10+trunk_remove:SW1:eth3:10,21166,21189,0.05,-14.0,23,True,False,True,False,False,incorrect_declare_done,0.032812157828036856,23,1,21,0,1,1,1,0,3
1392,3424,access_vlan:SW1:eth1:20+access_vlan:SW1:eth2:10+access_vlan:SW2:eth2:10+trunk_remove:SW1:eth3:20+trunk_remove:SW2:eth3:20,21189,21210,0.05,5.9,21,True,False,True,False,True,recovery_success,0.008493850406791483,21,7,13,0,0,0,0,0,0
1393,3425,access_vlan:SW1:eth2:10+access_vlan:SW2:eth1:20+trunk_remove:SW2:eth3:10,21210,21228,0.05,6.95,18,True,False,True,False,True,recovery_success,0.008429954009544518,18,3,14,0,0,0,0,0,0
1394,3426,access_vlan:SW1:eth2:10+access_vlan:SW2:eth2:10+trunk_remove:SW2:eth3:10,21228,21258,0.05,-4.950000000000001,30,True,False,False,True,False,step_limit,0.017291015417625507,30,3,27,0,0,0,0,0,0
1395,3427,access_vlan:SW1:eth1:20+access_vlan:SW1:eth2:10+access_vlan:SW2:eth1:20+access_vlan:SW2:eth2:10+trunk_remove:SW2:eth3:20,21258,21277,0.05,7.1,19,True,False,True,False,True,recovery_success,0.02476865521289016,19,1,17,0,0,0,0,0,0
1396,3428,access_vlan:SW2:eth1:20+access_vlan:SW2:eth2:10+trunk_remove:SW1:eth3:10+trunk_remove:SW1:eth3:20,21277,21307,0.05,-6.249999999999998,30,True,False,False,True,False,step_limit,0.03753795165879031,30,4,25,0,2,2,2,0,3
1397,3429,access_vlan:SW1:eth2:10+access_vlan:SW2:eth1:20+trunk_remove:SW1:eth3:20+trunk_remove:SW2:eth3:10+trunk_remove:SW2:eth3:20,21307,21337,0.05,-4.950000000000001,30,True,False,False,True,False,step_limit,0.03986063279832403,30,3,27,0,0,0,0,0,3
1398,3430,access_vlan:SW1:eth1:20+access_vlan:SW2:eth1:20+access_vlan:SW2:eth2:10+trunk_remove:SW2:eth3:20,21337,21353,0.05,7.4,16,True,False,True,False,True,recovery_success,0.04255654150620103,16,2,13,0,0,0,0,0,0
1399,3431,access_vlan:SW2:eth1:20+access_vlan:SW2:eth2:10,21353,21383,0.05,-5.300000000000001,30,True,False,False,True,False,step_limit,0.01101668099872768,30,2,28,0,1,1,1,0,0
1400,3432,access_vlan:SW1:eth2:10+trunk_remove:SW1:eth3:10+trunk_remove:SW2:eth3:20,21383,21411,0.05,4.1499999999999995,28,True,False,True,False,True,recovery_success,0.03749570799326258,28,4,22,0,2,2,2,0,0
1401,3433,access_vlan:SW1:eth2:10+access_vlan:SW2:eth1:20+trunk_remove:SW1:eth3:10+trunk_remove:SW1:eth3:20,21411,21439,0.05,5.3,28,True,False,True,False,True,recovery_success,0.01838305747202997,28,4,23,0,0,0,0,0,0
1402,3434,access_vlan:SW1:eth1:20+access_vlan:SW1:eth2:10+access_vlan:SW2:eth1:20+trunk_remove:SW1:eth3:20+trunk_remove:SW2:eth3:10+trunk_remove:SW2:eth3:20,21439,21469,0.05,-6.249999999999999,30,True,False,False,True,False,step_limit,0.006522305651257435,30,5,25,0,2,2,2,0,3
1403,3435,access_vlan:SW1:eth1:20+access_vlan:SW1:eth2:10+access_vlan:SW2:eth2:10+trunk_remove:SW1:eth3:20+trunk_remove:SW2:eth3:20,21469,21499,0.05,-5.250000000000002,30,True,False,False,True,False,step_limit,0.023860878225726388,30,5,25,0,0,0,0,0,0
1404,3436,access_vlan:SW1:eth1:20+trunk_remove:SW1:eth3:10+trunk_remove:SW1:eth3:20+trunk_remove:SW2:eth3:10+trunk_remove:SW2:eth3:20,21499,21501,0.05,-10.200000000000001,2,True,False,True,False,False,incorrect_declare_done,0.14614083617925644,2,0,1,0,0,0,0,0,3
1405,3437,access_vlan:SW1:eth2:10+trunk_remove:SW1:eth3:20+trunk_remove:SW2:eth3:20,21501,21513,0.05,-13.3,12,True,False,True,False,False,incorrect_declare_done,0.021665087280174095,12,4,7,0,2,2,1,0,1
1406,3438,access_vlan:SW1:eth1:20+access_vlan:SW2:eth1:20+access_vlan:SW2:eth2:10+trunk_remove:SW1:eth3:10+trunk_remove:SW1:eth3:20+trunk_remove:SW2:eth3:20,21513,21522,0.05,8.149999999999999,9,True,False,True,False,True,recovery_success,0.01975351685865058,9,4,4,0,0,0,0,0,0
1407,3439,access_vlan:SW1:eth1:20+access_vlan:SW2:eth2:10+trunk_remove:SW1:eth3:10+trunk_remove:SW1:eth3:20+trunk_remove:SW2:eth3:10,21522,21529,0.05,8.299999999999999,7,True,False,True,False,True,recovery_success,0.020630662329494953,7,5,1,0,0,0,0,0,0
1408,3440,access_vlan:SW2:eth1:20+access_vlan:SW2:eth2:10+trunk_remove:SW1:eth3:20+trunk_remove:SW2:eth3:10,21529,21551,0.05,4.899999999999999,22,True,False,True,False,True,recovery_success,0.04016773792153055,22,5,15,0,2,2,2,0,0
1409,3441,access_vlan:SW1:eth2:10+access_vlan:SW2:eth1:20+access_vlan:SW2:eth2:10,21551,21562,0.05,8.299999999999999,11,True,False,True,False,True,recovery_success,0.03743993719531731,11,1,9,0,0,0,0,0,0
1410,3442,access_vlan:SW1:eth1:20+access_vlan:SW2:eth1:20+trunk_remove:SW2:eth3:10,21562,21592,0.05,-4.950000000000001,30,True,False,False,True,False,step_limit,0.03846327778883278,30,3,27,0,0,0,0,0,4
1411,3443,access_vlan:SW1:eth1:20+access_vlan:SW2:eth1:20+trunk_remove:SW1:eth3:10+trunk_remove:SW1:eth3:20+trunk_remove:SW2:eth3:10,21592,21622,0.05,-5.950000000000003,30,True,False,False,True,False,step_limit,0.03338455526779095,30,3,27,0,2,2,1,0,4
1412,3444,access_vlan:SW2:eth1:20+trunk_remove:SW1:eth3:10+trunk_remove:SW1:eth3:20,21622,21647,0.05,5.1,25,True,False,True,False,True,recovery_success,0.020451384242624045,25,5,19,0,1,1,1,0,0
1413,3445,access_vlan:SW1:eth1:20+access_vlan:SW1:eth2:10+access_vlan:SW2:eth1:20+trunk_remove:SW1:eth3:10+trunk_remove:SW1:eth3:20,21647,21660,0.05,7.7,13,True,False,True,False,True,recovery_success,0.008314496049514184,13,3,9,0,0,0,0,0,0
1414,3446,access_vlan:SW1:eth2:10+trunk_remove:SW1:eth3:20+trunk_remove:SW2:eth3:10+trunk_remove:SW2:eth3:20,21660,21669,0.05,7.35,9,True,False,True,False,True,recovery_success,0.07224773915691508,9,6,2,0,1,1,1,0,0
1415,3447,access_vlan:SW1:eth1:20+access_vlan:SW2:eth1:20+access_vlan:SW2:eth2:10+trunk_remove:SW1:eth3:10+trunk_remove:SW2:eth3:20,21669,21684,0.05,5.599999999999999,15,True,False,True,False,True,recovery_success,0.02669928070778648,15,5,9,0,3,3,1,1,0
1416,3448,access_vlan:SW1:eth1:20+access_vlan:SW2:eth1:20+access_vlan:SW2:eth2:10+trunk_remove:SW1:eth3:10+trunk_remove:SW1:eth3:20,21684,21694,0.05,8.15,10,True,False,True,False,True,recovery_success,0.0607813464011997,10,3,6,0,0,0,0,0,0
1417,3449,access_vlan:SW2:eth1:20+access_vlan:SW2:eth2:10+trunk_remove:SW1:eth3:20,21694,21724,0.05,4.35,30,True,False,True,False,True,recovery_success,0.0376953425972412,30,5,24,0,1,1,1,0,0
1418,3450,access_vlan:SW1:eth1:20+access_vlan:SW1:eth2:10+access_vlan:SW2:eth1:20+access_vlan:SW2:eth2:10+trunk_remove:SW1:eth3:20+trunk_remove:SW2:eth3:10,21724,21737,0.05,7.85,13,True,False,True,False,True,recovery_success,0.010019355202810122,13,2,10,0,0,0,0,0,0
1419,3451,access_vlan:SW1:eth1:20+trunk_remove:SW2:eth3:10+trunk_remove:SW2:eth3:20,21737,21744,0.05,7.299999999999999,7,True,False,True,False,True,recovery_success,0.009751924579696996,7,5,1,0,2,2,2,1,0
1420,3452,access_vlan:SW1:eth1:20+access_vlan:SW2:eth1:20+trunk_remove:SW1:eth3:20+trunk_remove:SW2:eth3:10,21744,21757,0.05,5.249999999999999,13,True,False,True,False,True,recovery_success,0.008229543275844593,13,6,6,0,4,4,3,0,0
1421,3453,access_vlan:SW1:eth1:20+access_vlan:SW1:eth2:10+access_vlan:SW2:eth1:20+access_vlan:SW2:eth2:10+trunk_remove:SW2:eth3:10,21757,21763,0.05,9.049999999999999,6,True,False,True,False,True,recovery_success,0.05877372374137243,6,1,4,0,0,0,0,0,0
1422,3454,access_vlan:SW1:eth2:10+access_vlan:SW2:eth1:20+access_vlan:SW2:eth2:10+trunk_remove:SW1:eth3:10+trunk_remove:SW2:eth3:10,21763,21783,0.05,4.250000000000001,20,True,False,True,False,True,recovery_success,0.008186288876459002,20,9,10,0,3,2,3,3,0
1423,3455,access_vlan:SW1:eth1:20+access_vlan:SW1:eth2:10+access_vlan:SW2:eth1:20+access_vlan:SW2:eth2:10+trunk_remove:SW1:eth3:20+trunk_remove:SW2:eth3:10,21783,21794,0.05,8.149999999999999,11,True,False,True,False,True,recovery_success,0.05880791537294334,11,2,8,0,0,0,0,0,0
1424,3456,access_vlan:SW1:eth2:10+trunk_remove:SW1:eth3:10+trunk_remove:SW2:eth3:10,21794,21799,0.05,8.899999999999999,5,True,False,True,False,True,recovery_success,0.007956016156822444,5,3,1,0,0,0,0,0,0
1425,3457,access_vlan:SW2:eth1:20+trunk_remove:SW1:eth3:10+trunk_remove:SW1:eth3:20,21799,21808,0.05,7.5,9,True,False,True,False,True,recovery_success,0.03767491214805179,9,5,3,0,1,1,1,0,0
1426,3458,access_vlan:SW1:eth2:10+access_vlan:SW2:eth2:10+trunk_remove:SW1:eth3:10+trunk_remove:SW1:eth3:20+trunk_remove:SW2:eth3:20,21808,21827,0.05,4.199999999999999,19,True,False,True,False,True,recovery_success,0.03503062573604678,19,7,11,0,4,4,2,1,0
1427,3459,access_vlan:SW1:eth1:20+access_vlan:SW1:eth2:10+access_vlan:SW2:eth1:20+access_vlan:SW2:eth2:10+trunk_remove:SW2:eth3:20,21827,21841,0.05,7.85,14,True,False,True,False,True,recovery_success,0.03216119877262307,14,1,12,0,0,0,0,0,0
1428,3460,access_vlan:SW1:eth1:20+access_vlan:SW1:eth2:10+access_vlan:SW2:eth1:20+trunk_remove:SW1:eth3:10,21841,21863,0.05,5.7,22,True,False,True,False,True,recovery_success,0.019502242910675704,22,4,17,0,1,1,1,1,0
1429,3461,access_vlan:SW1:eth2:10+access_vlan:SW2:eth2:10+trunk_remove:SW1:eth3:20+trunk_remove:SW2:eth3:10,21863,21871,0.05,-11.55,8,True,False,True,False,False,incorrect_declare_done,0.006416123709641397,8,3,4,0,0,0,0,0,3
1430,3462,access_vlan:SW1:eth1:20+access_vlan:SW2:eth2:10+trunk_remove:SW1:eth3:10,21871,21879,0.05,6.1499999999999995,8,True,False,True,False,True,recovery_success,0.07372190657770261,8,5,2,0,4,4,2,1,0
1431,3463,access_vlan:SW2:eth1:20+access_vlan:SW2:eth2:10,21879,21895,0.05,6.9,16,True,False,True,False,True,recovery_success,0.01168038445757702,16,2,13,0,1,1,1,0,0
1432,3464,access_vlan:SW1:eth2:10+access_vlan:SW2:eth2:10+trunk_remove:SW1:eth3:10+trunk_remove:SW1:eth3:20+trunk_remove:SW2:eth3:10,21895,21908,0.05,7.3999999999999995,13,True,False,True,False,True,recovery_success,0.018025024937322505,13,5,7,0,0,0,0,0,0
1433,3465,access_vlan:SW2:eth1:20+access_vlan:SW2:eth2:10+trunk_remove:SW2:eth3:10,21908,21938,0.05,-5.749999999999999,30,True,False,False,True,False,step_limit,0.03788515247094135,30,5,25,0,1,1,1,0,0
1434,3466,access_vlan:SW1:eth2:10+access_vlan:SW2:eth1:20+access_vlan:SW2:eth2:10+trunk_remove:SW2:eth3:20,21938,21942,0.05,9.2,4,True,False,True,False,True,recovery_success,0.01719036605209112,4,2,1,0,0,0,0,0,0
1435,3467,access_vlan:SW1:eth1:20+access_vlan:SW1:eth2:10+access_vlan:SW2:eth2:10+trunk_remove:SW1:eth3:10+trunk_remove:SW2:eth3:10,21942,21956,0.05,7.550000000000001,14,True,False,True,False,True,recovery_success,0.04994193584259067,14,3,10,0,0,0,0,0,0
1436,3468,access_vlan:SW1:eth1:20+access_vlan:SW1:eth2:10+access_vlan:SW2:eth1:20+access_vlan:SW2:eth2:10+trunk_remove:SW2:eth3:20,21956,21959,0.05,9.5,3,True,False,True,False,True,recovery_success,0.09510808220754068,3,1,1,0,0,0,0,0,0
1437,3469,access_vlan:SW1:eth2:10+access_vlan:SW2:eth1:20+access_vlan:SW2:eth2:10+trunk_remove:SW1:eth3:20+trunk_remove:SW2:eth3:10,21959,21988,0.05,5.299999999999999,29,True,False,True,False,True,recovery_success,0.03896942293142964,29,3,25,0,0,0,0,0,0
1438,3470,access_vlan:SW2:eth1:20+access_vlan:SW2:eth2:10+trunk_remove:SW1:eth3:10+trunk_remove:SW1:eth3:20+trunk_remove:SW2:eth3:20,21988,22016,0.05,4.049999999999999,28,True,False,True,False,True,recovery_success,0.02057310548012278,28,7,18,0,1,1,1,0,0
1439,3471,access_vlan:SW1:eth1:20+access_vlan:SW1:eth2:10+trunk_remove:SW1:eth3:10,22016,22028,0.05,7.05,12,True,False,True,False,True,recovery_success,0.038080009554202356,12,5,6,0,1,1,1,0,0
1440,3472,access_vlan:SW1:eth1:20+trunk_remove:SW1:eth3:20,22028,22032,0.05,9.2,4,True,False,True,False,True,recovery_success,0.012938953004777431,4,2,1,0,0,0,0,0,0
1441,3473,access_vlan:SW1:eth1:20+access_vlan:SW1:eth2:10+trunk_remove:SW2:eth3:20,22032,22058,0.05,4.95,26,True,False,True,False,True,recovery_success,0.014878892823337363,26,4,20,0,1,1,1,0,0
1442,3474,access_vlan:SW1:eth2:10+access_vlan:SW2:eth1:20+trunk_remove:SW1:eth3:10+trunk_remove:SW2:eth3:10,22058,22072,0.05,7.3999999999999995,14,True,False,True,False,True,recovery_success,0.010722086332472307,14,4,9,0,0,0,0,0,0
1443,3475,access_vlan:SW2:eth1:20+trunk_remove:SW1:eth3:20+trunk_remove:SW2:eth3:10,22072,22079,0.05,8.1,7,True,False,True,False,True,recovery_success,0.04578759055584669,7,3,3,0,1,1,1,0,0
1444,3476,access_vlan:SW2:eth2:10+trunk_remove:SW1:eth3:20,22079,22083,0.05,9.2,4,True,False,True,False,True,recovery_success,0.012068081297911704,4,2,1,0,0,0,0,0,0
1445,3477,access_vlan:SW1:eth2:10+access_vlan:SW2:eth1:20+trunk_remove:SW1:eth3:10+trunk_remove:SW1:eth3:20+trunk_remove:SW2:eth3:10+trunk_remove:SW2:eth3:20,22083,22113,0.05,-5.999999999999997,30,True,False,False,True,False,step_limit,0.04469800324489673,30,10,20,0,0,0,0,0,0
1446,3478,access_vlan:SW1:eth1:20+access_vlan:SW1:eth2:10+trunk_remove:SW2:eth3:10+trunk_remove:SW2:eth3:20,22113,22121,0.05,7.799999999999999,8,True,False,True,False,True,recovery_success,0.04554733372060582,8,4,3,0,1,1,1,0,0
1447,3479,access_vlan:SW2:eth2:10+trunk_remove:SW1:eth3:10+trunk_remove:SW1:eth3:20+trunk_remove:SW2:eth3:10+trunk_remove:SW2:eth3:20,22121,22136,0.05,5.5,15,True,False,True,False,True,recovery_success,0.009931886444489162,15,9,5,0,2,2,2,1,0
1448,3480,access_vlan:SW2:eth2:10+trunk_remove:SW2:eth3:10+trunk_remove:SW2:eth3:20,22136,22141,0.05,8.899999999999999,5,True,False,True,False,True,recovery_success,0.006856276467442512,5,3,1,0,0,0,0,0,0
1449,3481,access_vlan:SW1:eth2:10+access_vlan:SW2:eth1:20+access_vlan:SW2:eth2:10+trunk_remove:SW1:eth3:10+trunk_remove:SW2:eth3:10,22141,22148,0.05,8.6,7,True,False,True,False,True,recovery_success,0.01030785676890186,7,3,3,0,0,0,0,0,0
1450,3482,access_vlan:SW1:eth1:20+access_vlan:SW2:eth1:20+access_vlan:SW2:eth2:10+trunk_remove:SW1:eth3:10+trunk_remove:SW2:eth3:10,22148,22154,0.05,8.75,6,True,False,True,False,True,recovery_success,0.13407063096140823,6,3,2,0,0,0,0,0,0
1451,3483,access_vlan:SW1:eth2:10+access_vlan:SW2:eth1:20+trunk_remove:SW1:eth3:10,22154,22165,0.05,7.5,11,True,False,True,False,True,recovery_success,0.031851966653696516,11,3,7,0,1,1,1,0,0
1452,3484,access_vlan:SW2:eth2:10+trunk_remove:SW1:eth3:10+trunk_remove:SW1:eth3:20+trunk_remove:SW2:eth3:10+trunk_remove:SW2:eth3:20,22165,22188,0.05,5.9,23,True,False,True,False,True,recovery_success,0.021707176514293835,23,5,17,0,0,0,0,0,0
1453,3485,access_vlan:SW1:eth2:10+access_vlan:SW2:eth1:20+access_vlan:SW2:eth2:10+trunk_remove:SW1:eth3:10+trunk_remove:SW1:eth3:20+trunk_remove:SW2:eth3:10,22188,22199,0.05,7.85,11,True,False,True,False,True,recovery_success,0.01191234393891963,11,4,6,0,0,0,0,0,0
1454,3486,access_vlan:SW1:eth1:20+access_vlan:SW1:eth2:10+access_vlan:SW2:eth1:20+trunk_remove:SW1:eth3:20+trunk_remove:SW2:eth3:10+trunk_remove:SW2:eth3:20,22199,22211,0.05,5.1,12,True,False,True,False,True,recovery_success,0.03470992025298377,12,7,3,0,4,3,4,0,0
1455,3487,access_vlan:SW1:eth1:20+access_vlan:SW2:eth2:10+trunk_remove:SW1:eth3:20+trunk_remove:SW2:eth3:10,22211,22226,0.05,6.15,15,True,False,True,False,True,recovery_success,0.05537852980196476,15,8,6,0,1,1,1,1,0
1456,3488,access_vlan:SW1:eth1:20+access_vlan:SW1:eth2:10+access_vlan:SW2:eth2:10+trunk_remove:SW2:eth3:20,22226,22233,0.05,8.75,7,True,False,True,False,True,recovery_success,0.007196078010435615,7,2,4,0,0,0,0,0,0
1457,3489,access_vlan:SW1:eth2:10+access_vlan:SW2:eth1:20+access_vlan:SW2:eth2:10+trunk_remove:SW1:eth3:10+trunk_remove:SW2:eth3:10,22233,22239,0.05,8.75,6,True,False,True,False,True,recovery_success,0.08289229753427207,6,3,2,0,0,0,0,0,0
1458,3490,access_vlan:SW1:eth2:10+trunk_remove:SW1:eth3:10+trunk_remove:SW1:eth3:20+trunk_remove:SW2:eth3:10,22239,22246,0.05,8.45,7,True,False,True,False,True,recovery_success,0.04934209039700883,7,4,2,0,0,0,0,0,0
1459,3491,access_vlan:SW2:eth1:20+access_vlan:SW2:eth2:10+trunk_remove:SW1:eth3:20,22246,22251,0.05,8.399999999999999,5,True,False,True,False,True,recovery_success,0.010690310690551996,5,3,1,0,1,1,1,0,0
1460,3492,access_vlan:SW1:eth1:20+access_vlan:SW1:eth2:10+trunk_remove:SW1:eth3:10+trunk_remove:SW2:eth3:20,22251,22263,0.05,7.199999999999999,12,True,False,True,False,True,recovery_success,0.014688629967470964,12,4,7,0,1,1,1,0,0
1461,3493,access_vlan:SW2:eth1:20+access_vlan:SW2:eth2:10+trunk_remove:SW1:eth3:20+trunk_remove:SW2:eth3:10,22263,22290,0.05,4.65,27,True,False,True,False,True,recovery_success,0.024122604979547085,27,5,20,0,1,1,1,0,0
1462,3494,access_vlan:SW1:eth2:10+trunk_remove:SW2:eth3:10+trunk_remove:SW2:eth3:20,22290,22297,0.05,8.6,7,True,False,True,False,True,recovery_success,0.008135505020618439,7,3,3,0,0,0,0,0,0
1463,3495,access_vlan:SW1:eth1:20+access_vlan:SW2:eth1:20+access_vlan:SW2:eth2:10+trunk_remove:SW1:eth3:10+trunk_remove:SW2:eth3:10+trunk_remove:SW2:eth3:20,22297,22304,0.05,8.45,7,True,False,True,False,True,recovery_success,0.00795821878792984,7,4,2,0,0,0,0,0,0
1464,3496,access_vlan:SW1:eth1:20+access_vlan:SW1:eth2:10+trunk_remove:SW1:eth3:20+trunk_remove:SW2:eth3:10+trunk_remove:SW2:eth3:20,22304,22332,0.05,4.650000000000001,28,True,False,True,False,True,recovery_success,0.038961926458536515,28,5,22,0,1,1,1,0,0
1465,3497,access_vlan:SW2:eth1:20+access_vlan:SW2:eth2:10+trunk_remove:SW1:eth3:10+trunk_remove:SW2:eth3:10,22332,22357,0.05,3.4499999999999966,25,True,False,True,False,True,recovery_success,0.030089961271733044,25,5,18,0,4,4,3,0,0
1466,3498,access_vlan:SW1:eth1:20+trunk_remove:SW2:eth3:10,22357,22361,0.05,9.2,4,True,False,True,False,True,recovery_success,0.00791412265971303,4,2,1,0,0,0,0,0,0
1467,3499,access_vlan:SW1:eth2:10+access_vlan:SW2:eth1:20+trunk_remove:SW1:eth3:10+trunk_remove:SW2:eth3:10+trunk_remove:SW2:eth3:20,22361,22391,0.05,-5.749999999999998,30,True,False,False,True,False,step_limit,0.010755569689596694,30,5,25,0,1,1,1,0,0
1468,3500,access_vlan:SW1:eth1:20+access_vlan:SW2:eth1:20+trunk_remove:SW1:eth3:20+trunk_remove:SW2:eth3:10,22391,22410,0.05,5.449999999999999,19,True,False,True,False,True,recovery_success,0.00860139715338224,19,8,6,0,0,0,0,0,0
1469,3501,access_vlan:SW1:eth1:20+access_vlan:SW1:eth2:10+access_vlan:SW2:eth1:20+trunk_remove:SW1:eth3:10+trunk_remove:SW2:eth3:20,22410,22415,0.05,8.899999999999999,5,True,False,True,False,True,recovery_success,0.11909623630344868,5,3,1,0,0,0,0,0,0
1470,3502,access_vlan:SW1:eth1:20+access_vlan:SW1:eth2:10+access_vlan:SW2:eth2:10+trunk_remove:SW1:eth3:10+trunk_remove:SW1:eth3:20+trunk_remove:SW2:eth3:10,22415,22433,0.05,-12.75,18,True,False,True,False,False,incorrect_declare_done,0.007691325981997781,18,1,16,0,0,0,0,0,2
1471,3503,access_vlan:SW2:eth2:10+trunk_remove:SW2:eth3:20,22433,22437,0.05,9.2,4,True,False,True,False,True,recovery_success,0.009454338694922626,4,2,1,0,0,0,0,0,0
1472,3504,access_vlan:SW2:eth1:20+access_vlan:SW2:eth2:10+trunk_remove:SW1:eth3:10+trunk_remove:SW1:eth3:20+trunk_remove:SW2:eth3:20,22437,22457,0.05,5.549999999999999,20,True,False,True,False,True,recovery_success,0.021529684716369957,20,6,12,0,1,1,1,0,0
1473,3505,access_vlan:SW1:eth1:20+access_vlan:SW1:eth2:10+access_vlan:SW2:eth2:10+trunk_remove:SW1:eth3:10+trunk_remove:SW1:eth3:20+trunk_remove:SW2:eth3:20,22457,22460,0.05,-10.350000000000001,3,True,False,True,False,False,incorrect_declare_done,0.10148093073318402,3,0,2,0,0,0,0,0,3
1474,3506,access_vlan:SW1:eth2:10+access_vlan:SW2:eth1:20+trunk_remove:SW1:eth3:10,22460,22466,0.05,8.75,6,True,False,True,False,True,recovery_success,0.006945192581042647,6,3,2,0,0,0,0,0,0
1475,3507,trunk_remove:SW1:eth3:10+trunk_remove:SW2:eth3:20,22466,22470,0.05,9.2,4,True,False,True,False,True,recovery_success,0.009381265845149755,4,2,1,0,0,0,0,0,0
1476,3508,access_vlan:SW1:eth1:20+access_vlan:SW2:eth1:20+access_vlan:SW2:eth2:10+trunk_remove:SW1:eth3:20+trunk_remove:SW2:eth3:10,22470,22476,0.05,8.75,6,True,False,True,False,True,recovery_success,0.00883691462998589,6,3,2,0,0,0,0,0,0
1477,3509,access_vlan:SW1:eth1:20+access_vlan:SW1:eth2:10+access_vlan:SW2:eth1:20+access_vlan:SW2:eth2:10,22476,22478,0.05,9.799999999999999,2,True,False,True,False,True,recovery_success,0.007580241421237588,2,0,1,0,0,0,0,0,0
1478,3510,access_vlan:SW1:eth1:20+access_vlan:SW2:eth2:10+trunk_remove:SW1:eth3:20,22478,22483,0.05,8.399999999999999,5,True,False,True,False,True,recovery_success,0.058138457220047714,5,3,1,0,1,1,1,0,0
1479,3511,access_vlan:SW2:eth1:20+trunk_remove:SW1:eth3:20+trunk_remove:SW2:eth3:10,22483,22491,0.05,-11.9,8,True,False,True,False,False,incorrect_declare_done,0.04473455861443654,8,2,5,0,1,1,1,0,3
1480,3512,access_vlan:SW1:eth1:20+access_vlan:SW2:eth1:20+access_vlan:SW2:eth2:10+trunk_remove:SW1:eth3:20+trunk_remove:SW2:eth3:10,22491,22496,0.05,8.899999999999999,5,True,False,True,False,True,recovery_success,0.01067279139533639,5,3,1,0,0,0,0,0,0
1481,3513,access_vlan:SW1:eth1:20+access_vlan:SW1:eth2:10+access_vlan:SW2:eth1:20+access_vlan:SW2:eth2:10+trunk_remove:SW1:eth3:10+trunk_remove:SW1:eth3:20+trunk_remove:SW2:eth3:10+trunk_remove:SW2:eth3:20,22496,22515,0.05,5.3500000000000005,19,True,False,True,False,True,recovery_success,0.02889947174116969,19,6,12,0,2,2,2,0,0
1482,3514,trunk_remove:SW1:eth3:10+trunk_remove:SW1:eth3:20+trunk_remove:SW2:eth3:10,22515,22523,0.05,8.149999999999999,8,True,False,True,False,True,recovery_success,0.04615438904147595,8,5,2,0,0,0,0,0,0
1483,3515,access_vlan:SW1:eth1:20+access_vlan:SW2:eth1:20,22523,22527,0.05,8.7,4,True,False,True,False,True,recovery_success,0.016337528824806213,4,2,1,0,1,1,1,0,0
1484,3516,access_vlan:SW1:eth1:20+access_vlan:SW2:eth1:20+access_vlan:SW2:eth2:10+trunk_remove:SW1:eth3:10,22527,22531,0.05,9.2,4,True,False,True,False,True,recovery_success,0.01763824070803821,4,2,1,0,0,0,0,0,0
1485,3517,access_vlan:SW1:eth1:20+access_vlan:SW1:eth2:10,22531,22535,0.05,8.7,4,True,False,True,False,True,recovery_success,0.01591467298567295,4,2,1,0,1,1,1,0,0
1486,3518,access_vlan:SW1:eth2:10+access_vlan:SW2:eth1:20+trunk_remove:SW1:eth3:10+trunk_remove:SW1:eth3:20+trunk_remove:SW2:eth3:10+trunk_remove:SW2:eth3:20,22535,22562,0.05,2.55,27,True,False,True,False,True,recovery_success,0.02342868910205585,27,14,6,0,1,1,1,1,0
1487,3519,access_vlan:SW1:eth1:20+access_vlan:SW1:eth2:10+access_vlan:SW2:eth1:20+trunk_remove:SW2:eth3:10+trunk_remove:SW2:eth3:20,22562,22567,0.05,8.899999999999999,5,True,False,True,False,True,recovery_success,0.014074303582310677,5,3,1,0,0,0,0,0,0
1488,3520,access_vlan:SW1:eth1:20,22567,22570,0.05,9.5,3,True,False,True,False,True,recovery_success,0.01447522391875585,3,1,1,0,0,0,0,0,0
1489,3521,access_vlan:SW1:eth2:10+access_vlan:SW2:eth1:20,22570,22577,0.05,8.25,7,True,False,True,False,True,recovery_success,0.009279376428042139,7,2,4,0,1,1,1,0,0
1490,3522,access_vlan:SW1:eth1:20+access_vlan:SW1:eth2:10+access_vlan:SW2:eth2:10+trunk_remove:SW1:eth3:10+trunk_remove:SW1:eth3:20+trunk_remove:SW2:eth3:10,22577,22583,0.05,8.6,6,True,False,True,False,True,recovery_success,0.010341478744521737,6,4,1,0,0,0,0,0,0
1491,3523,access_vlan:SW2:eth2:10+trunk_remove:SW2:eth3:10+trunk_remove:SW2:eth3:20,22583,22594,0.05,7.199999999999999,11,True,False,True,False,True,recovery_success,0.032941303215920925,11,4,5,0,1,1,1,1,0
1492,3524,access_vlan:SW1:eth1:20+trunk_remove:SW1:eth3:10+trunk_remove:SW1:eth3:20+trunk_remove:SW2:eth3:20,22594,22599,0.05,8.75,5,True,False,True,False,True,recovery_success,0.015006555616855622,5,4,0,0,0,0,0,0,0
1493,3525,access_vlan:SW1:eth2:10+trunk_remove:SW2:eth3:20,22599,22603,0.05,9.2,4,True,False,True,False,True,recovery_success,0.06848595209885389,4,2,1,0,0,0,0,0,0
1494,3526,access_vlan:SW1:eth2:10+access_vlan:SW2:eth1:20+access_vlan:SW2:eth2:10+trunk_remove:SW1:eth3:10+trunk_remove:SW1:eth3:20+trunk_remove:SW2:eth3:10+trunk_remove:SW2:eth3:20,22603,22626,0.05,5.9,23,True,False,True,False,True,recovery_success,0.03079728689044714,23,5,17,0,0,0,0,0,0
1495,3527,access_vlan:SW1:eth1:20+access_vlan:SW2:eth1:20+access_vlan:SW2:eth2:10+trunk_remove:SW1:eth3:20+trunk_remove:SW2:eth3:10+trunk_remove:SW2:eth3:20,22626,22632,0.05,8.6,6,True,False,True,False,True,recovery_success,0.05240045782799522,6,4,1,0,0,0,0,0,0
1496,3528,access_vlan:SW2:eth1:20+trunk_remove:SW1:eth3:10+trunk_remove:SW1:eth3:20+trunk_remove:SW2:eth3:20,22632,22639,0.05,8.45,7,True,False,True,False,True,recovery_success,0.012189114133694343,7,4,2,0,0,0,0,0,0
1497,3529,access_vlan:SW1:eth1:20+access_vlan:SW1:eth2:10+access_vlan:SW2:eth1:20+trunk_remove:SW1:eth3:20,22639,22643,0.05,9.2,4,True,False,True,False,True,recovery_success,0.008322717272676528,4,2,1,0,0,0,0,0,0
1498,3530,access_vlan:SW1:eth1:20+access_vlan:SW1:eth2:10+access_vlan:SW2:eth2:10+trunk_remove:SW2:eth3:20,22643,22647,0.05,9.2,4,True,False,True,False,True,recovery_success,0.01023744186386466,4,2,1,0,0,0,0,0,0
1499,3531,access_vlan:SW1:eth2:10+access_vlan:SW2:eth1:20+access_vlan:SW2:eth2:10+trunk_remove:SW2:eth3:20,22647,22656,0.05,8.45,9,True,False,True,False,True,recovery_success,0.012655944408228,9,2,6,0,0,0,0,0,0
1500,3532,access_vlan:SW1:eth1:20+access_vlan:SW1:eth2:10,22656,22666,0.05,7.799999999999999,10,True,False,True,False,True,recovery_success,0.032422461081296206,10,2,7,0,1,1,1,0,0
1501,3533,access_vlan:SW2:eth1:20+trunk_remove:SW1:eth3:10+trunk_remove:SW1:eth3:20+trunk_remove:SW2:eth3:10,22666,22672,0.05,8.6,6,True,False,True,False,True,recovery_success,0.009757675851384798,6,4,1,0,0,0,0,0,0
1502,3534,access_vlan:SW1:eth2:10+trunk_remove:SW1:eth3:20+trunk_remove:SW2:eth3:20,22672,22677,0.05,8.899999999999999,5,True,False,True,False,True,recovery_success,0.011956696305423975,5,3,1,0,0,0,0,0,0
1503,3535,access_vlan:SW1:eth2:10+trunk_remove:SW1:eth3:10+trunk_remove:SW1:eth3:20,22677,22684,0.05,7.799999999999999,7,True,False,True,False,True,recovery_success,0.007897069079003163,7,5,1,0,1,1,1,1,0
1504,3536,access_vlan:SW1:eth1:20+access_vlan:SW1:eth2:10+trunk_remove:SW2:eth3:20,22684,22696,0.05,5.049999999999999,12,True,False,True,False,True,recovery_success,0.07456962453822295,12,5,6,0,5,3,3,1,0
1505,3537,access_vlan:SW1:eth2:10+access_vlan:SW2:eth1:20+access_vlan:SW2:eth2:10+trunk_remove:SW2:eth3:10,22696,22700,0.05,9.2,4,True,False,True,False,True,recovery_success,0.012259296141564846,4,2,1,0,0,0,0,0,0
1506,3538,access_vlan:SW1:eth1:20+access_vlan:SW1:eth2:10+access_vlan:SW2:eth1:20+access_vlan:SW2:eth2:10+trunk_remove:SW1:eth3:20+trunk_remove:SW2:eth3:20,22700,22708,0.05,8.6,8,True,False,True,False,True,recovery_success,0.04443366115447134,8,2,5,0,0,0,0,0,0
1507,3539,access_vlan:SW1:eth1:20+access_vlan:SW2:eth2:10+trunk_remove:SW1:eth3:10,22708,22713,0.05,8.399999999999999,5,True,False,True,False,True,recovery_success,0.008663575444370509,5,3,1,0,1,1,1,0,0
1508,3540,access_vlan:SW1:eth1:20+access_vlan:SW2:eth1:20+access_vlan:SW2:eth2:10+trunk_remove:SW2:eth3:10+trunk_remove:SW2:eth3:20,22713,22723,0.05,6.85,10,True,False,True,False,True,recovery_success,0.011743418173864484,10,5,4,0,2,2,1,0,0
1509,3541,access_vlan:SW1:eth2:10+access_vlan:SW2:eth1:20+access_vlan:SW2:eth2:10+trunk_remove:SW2:eth3:10+trunk_remove:SW2:eth3:20,22723,22728,0.05,8.899999999999999,5,True,False,True,False,True,recovery_success,0.013821287639439106,5,3,1,0,0,0,0,0,0
1510,3542,access_vlan:SW1:eth2:10+trunk_remove:SW2:eth3:20,22728,22732,0.05,9.2,4,True,False,True,False,True,recovery_success,0.008764495141804218,4,2,1,0,0,0,0,0,0
1511,3543,access_vlan:SW1:eth2:10+access_vlan:SW2:eth1:20+trunk_remove:SW1:eth3:10,22732,22739,0.05,8.6,7,True,False,True,False,True,recovery_success,0.015722580985831364,7,3,3,0,0,0,0,0,0
1512,3544,access_vlan:SW1:eth1:20+access_vlan:SW2:eth1:20+trunk_remove:SW1:eth3:20+trunk_remove:SW2:eth3:10+trunk_remove:SW2:eth3:20,22739,22769,0.05,-7.799999999999998,30,True,False,False,True,False,step_limit,0.04341652199315528,30,13,8,0,0,0,0,0,1
1513,3545,trunk_remove:SW1:eth3:10+trunk_remove:SW1:eth3:20+trunk_remove:SW2:eth3:10,22769,22774,0.05,8.899999999999999,5,True,False,True,False,True,recovery_success,0.051240972243249416,5,3,1,0,0,0,0,0,0
1514,3546,access_vlan:SW1:eth2:10+access_vlan:SW2:eth2:10+trunk_remove:SW1:eth3:10+trunk_remove:SW1:eth3:20+trunk_remove:SW2:eth3:20,22774,22781,0.05,8.299999999999999,7,True,False,True,False,True,recovery_success,0.04514969951872315,7,5,1,0,0,0,0,0,0
1515,3547,access_vlan:SW1:eth2:10+trunk_remove:SW1:eth3:10+trunk_remove:SW1:eth3:20+trunk_remove:SW2:eth3:20,22781,22790,0.05,6.35,9,True,False,True,False,True,recovery_success,0.03791254981317454,9,6,2,0,3,3,1,1,0
1516,3548,access_vlan:SW1:eth1:20+access_vlan:SW1:eth2:10+access_vlan:SW2:eth2:10+trunk_remove:SW2:eth3:10,22790,22794,0.05,9.2,4,True,False,True,False,True,recovery_success,0.006250560865737498,4,2,1,0,0,0,0,0,0
1517,3549,access_vlan:SW1:eth1:20+access_vlan:SW1:eth2:10+access_vlan:SW2:eth2:10+trunk_remove:SW1:eth3:10+trunk_remove:SW1:eth3:20,22794,22815,0.05,6.200000000000001,21,True,False,True,False,True,recovery_success,0.018619058498491842,21,5,15,0,0,0,0,0,0
1518,3550,access_vlan:SW1:eth1:20+trunk_remove:SW1:eth3:10+trunk_remove:SW1:eth3:20,22815,22820,0.05,8.899999999999999,5,True,False,True,False,True,recovery_success,0.01893475018441677,5,3,1,0,0,0,0,0,0
1519,3551,access_vlan:SW1:eth1:20+access_vlan:SW1:eth2:10+trunk_remove:SW1:eth3:20+trunk_remove:SW2:eth3:20,22820,22826,0.05,8.1,6,True,False,True,False,True,recovery_success,0.10596030857414007,6,4,1,0,1,1,1,0,0
1520,3552,access_vlan:SW1:eth2:10+access_vlan:SW2:eth2:10+trunk_remove:SW1:eth3:10+trunk_remove:SW1:eth3:20+trunk_remove:SW2:eth3:20,22826,22833,0.05,8.299999999999999,7,True,False,True,False,True,recovery_success,0.05014198586078627,7,5,1,0,0,0,0,0,0
1521,3553,access_vlan:SW1:eth2:10+access_vlan:SW2:eth2:10+trunk_remove:SW1:eth3:10,22833,22838,0.05,8.899999999999999,5,True,False,True,False,True,recovery_success,0.008833673130720854,5,3,1,0,0,0,0,0,0
1522,3554,access_vlan:SW1:eth1:20+access_vlan:SW1:eth2:10+access_vlan:SW2:eth1:20+access_vlan:SW2:eth2:10+trunk_remove:SW1:eth3:10+trunk_remove:SW1:eth3:20+trunk_remove:SW2:eth3:10+trunk_remove:SW2:eth3:20,22838,22847,0.05,6.35,9,True,False,True,False,True,recovery_success,0.011281501812239489,9,6,2,0,3,3,1,1,0
1523,3555,access_vlan:SW1:eth2:10+trunk_remove:SW1:eth3:10+trunk_remove:SW2:eth3:10,22847,22852,0.05,8.899999999999999,5,True,False,True,False,True,recovery_success,0.05820512864738703,5,3,1,0,0,0,0,0,0
1524,3556,access_vlan:SW1:eth2:10+access_vlan:SW2:eth1:20+trunk_remove:SW1:eth3:10,22852,22857,0.05,8.399999999999999,5,True,False,True,False,True,recovery_success,0.01069724913686514,5,3,1,0,1,1,1,0,0
1525,3557,access_vlan:SW1:eth2:10+access_vlan:SW2:eth2:10+trunk_remove:SW1:eth3:10+trunk_remove:SW1:eth3:20+trunk_remove:SW2:eth3:20,22857,22865,0.05,8.149999999999999,8,True,False,True,False,True,recovery_success,0.04122220852877945,8,5,2,0,0,0,0,0,0
1526,3558,access_vlan:SW1:eth1:20+access_vlan:SW1:eth2:10+trunk_remove:SW1:eth3:20,22865,22877,0.05,6.549999999999999,12,True,False,True,False,True,recovery_success,0.009387694803687433,12,5,6,0,2,2,2,1,0
1527,3559,access_vlan:SW1:eth1:20+access_vlan:SW1:eth2:10+access_vlan:SW2:eth2:10+trunk_remove:SW1:eth3:10+trunk_remove:SW1:eth3:20,22877,22882,0.05,8.899999999999999,5,True,False,True,False,True,recovery_success,0.010463679395616054,5,3,1,0,0,0,0,0,0
1528,3560,access_vlan:SW2:eth1:20+trunk_remove:SW1:eth3:10,22882,22886,0.05,9.2,4,True,False,True,False,True,recovery_success,0.00675889931153506,4,2,1,0,0,0,0,0,0
1529,3561,access_vlan:SW1:eth1:20+access_vlan:SW1:eth2:10+access_vlan:SW2:eth1:20+trunk_remove:SW1:eth3:10+trunk_remove:SW1:eth3:20,22886,22903,0.05,5.8,17,True,False,True,False,True,recovery_success,0.05606707014307818,17,5,11,0,2,2,1,0,0
1530,3562,access_vlan:SW1:eth2:10+access_vlan:SW2:eth1:20+access_vlan:SW2:eth2:10+trunk_remove:SW2:eth3:10,22903,22907,0.05,9.2,4,True,False,True,False,True,recovery_success,0.009420402930118144,4,2,1,0,0,0,0,0,0
1531,3563,access_vlan:SW2:eth2:10+trunk_remove:SW1:eth3:10,22907,22911,0.05,9.2,4,True,False,True,False,True,recovery_success,0.009786695358343422,4,2,1,0,0,0,0,0,0
1532,3564,access_vlan:SW2:eth1:20+access_vlan:SW2:eth2:10+trunk_remove:SW1:eth3:10+trunk_remove:SW2:eth3:10,22911,22924,0.05,3.1500000000000004,13,True,False,True,False,True,recovery_success,0.030775626727308217,13,7,2,0,7,2,7,0,0
1533,3565,access_vlan:SW1:eth1:20+trunk_remove:SW1:eth3:20+trunk_remove:SW2:eth3:10+trunk_remove:SW2:eth3:20,22924,22932,0.05,7.5,8,True,False,True,False,True,recovery_success,0.03719352389452979,8,6,1,0,1,1,1,0,0
1534,3566,access_vlan:SW1:eth1:20+trunk_remove:SW1:eth3:10+trunk_remove:SW1:eth3:20+trunk_remove:SW2:eth3:10+trunk_remove:SW2:eth3:20,22932,22942,0.05,7.85,10,True,False,True,False,True,recovery_success,0.03639648593962193,10,5,4,0,0,0,0,0,0
1535,3567,access_vlan:SW1:eth2:10+access_vlan:SW2:eth1:20+access_vlan:SW2:eth2:10+trunk_remove:SW1:eth3:20+trunk_remove:SW2:eth3:10,22942,22947,0.05,8.899999999999999,5,True,False,True,False,True,recovery_success,0.1083766758441925,5,3,1,0,0,0,0,0,0
1536,3568,access_vlan:SW1:eth1:20+access_vlan:SW1:eth2:10+access_vlan:SW2:eth1:20+trunk_remove:SW1:eth3:20,22947,22951,0.05,9.2,4,True,False,True,False,True,recovery_success,0.01252518326509744,4,2,1,0,0,0,0,0,0
1537,3569,access_vlan:SW1:eth2:10+access_vlan:SW2:eth1:20+trunk_remove:SW1:eth3:10+trunk_remove:SW1:eth3:20+trunk_remove:SW2:eth3:10+trunk_remove:SW2:eth3:20,22951,22981,0.05,-6.549999999999999,30,True,False,False,True,False,step_limit,0.008452519914135337,30,7,23,0,2,2,1,0,1
1538,3570,access_vlan:SW1:eth2:10+access_vlan:SW2:eth1:20+access_vlan:SW2:eth2:10+trunk_remove:SW1:eth3:10+trunk_remove:SW1:eth3:20+trunk_remove:SW2:eth3:10,22981,22989,0.05,7.0,8,True,False,True,False,True,recovery_success,0.006736320443451405,8,5,1,0,2,2,1,0,0
1539,3571,access_vlan:SW1:eth2:10+access_vlan:SW2:eth2:10+trunk_remove:SW1:eth3:10,22989,22997,0.05,7.6499999999999995,8,True,False,True,False,True,recovery_success,0.0356712257489562,8,4,2,0,1,1,1,1,0
1540,3572,access_vlan:SW1:eth1:20+access_vlan:SW1:eth2:10+access_vlan:SW2:eth1:20,22997,23002,0.05,7.3999999999999995,5,True,False,True,False,True,recovery_success,0.010181561764329671,5,3,1,0,3,3,1,1,0
1541,3573,access_vlan:SW1:eth2:10+access_vlan:SW2:eth1:20+trunk_remove:SW1:eth3:10+trunk_remove:SW2:eth3:10,23002,23005,0.05,-10.5,3,True,False,True,False,False,incorrect_declare_done,0.08332500420510769,3,1,1,0,0,0,0,0,3
1542,3574,access_vlan:SW1:eth2:10+access_vlan:SW2:eth1:20+access_vlan:SW2:eth2:10+trunk_remove:SW1:eth3:20+trunk_remove:SW2:eth3:10,23005,23013,0.05,6.65,8,True,False,True,False,True,recovery_success,0.054134189267642796,8,5,2,0,3,3,1,1,0
1543,3575,access_vlan:SW1:eth1:20+access_vlan:SW2:eth2:10,23013,23017,0.05,8.7,4,True,False,True,False,True,recovery_success,0.021588949719443917,4,2,1,0,1,1,1,0,0
1544,3576,trunk_remove:SW2:eth3:10+trunk_remove:SW2:eth3:20,23017,23021,0.05,9.2,4,True,False,True,False,True,recovery_success,0.013378474628552794,4,2,1,0,0,0,0,0,0
1545,3577,access_vlan:SW2:eth1:20+trunk_remove:SW1:eth3:10+trunk_remove:SW1:eth3:20,23021,23030,0.05,7.5,9,True,False,True,False,True,recovery_success,0.0143983561752571,9,5,3,0,1,1,1,1,0
1546,3578,access_vlan:SW1:eth1:20+access_vlan:SW1:eth2:10+access_vlan:SW2:eth2:10+trunk_remove:SW1:eth3:10,23030,23034,0.05,9.2,4,True,False,True,False,True,recovery_success,0.00948511715978384,4,2,1,0,0,0,0,0,0
1547,3579,access_vlan:SW1:eth1:20+access_vlan:SW1:eth2:10+access_vlan:SW2:eth2:10+trunk_remove:SW1:eth3:20,23034,23038,0.05,9.2,4,True,False,True,False,True,recovery_success,0.014941762201488018,4,2,1,0,0,0,0,0,0
1548,3580,access_vlan:SW2:eth2:10+trunk_remove:SW1:eth3:10,23038,23044,0.05,8.6,6,True,False,True,False,True,recovery_success,0.010648158844560385,6,4,1,0,0,0,0,0,0
1549,3581,access_vlan:SW1:eth1:20+access_vlan:SW2:eth2:10+trunk_remove:SW1:eth3:10+trunk_remove:SW1:eth3:20,23044,23050,0.05,8.6,6,True,False,True,False,True,recovery_success,0.012671743364383778,6,4,1,0,0,0,0,0,0
1550,3582,access_vlan:SW1:eth1:20+access_vlan:SW2:eth1:20+access_vlan:SW2:eth2:10+trunk_remove:SW1:eth3:20+trunk_remove:SW2:eth3:20,23050,23057,0.05,7.3,7,True,False,True,False,True,recovery_success,0.009427959498550211,7,5,1,0,2,2,1,0,0
1551,3583,access_vlan:SW1:eth1:20+trunk_remove:SW1:eth3:10+trunk_remove:SW1:eth3:20,23057,23062,0.05,8.899999999999999,5,True,False,True,False,True,recovery_success,0.06455761734396219,5,3,1,0,0,0,0,0,0
1552,3584,access_vlan:SW1:eth1:20+access_vlan:SW1:eth2:10+access_vlan:SW2:eth1:20+trunk_remove:SW1:eth3:10+trunk_remove:SW2:eth3:10,23062,23067,0.05,8.899999999999999,5,True,False,True,False,True,recovery_success,0.009086009860038758,5,3,1,0,0,0,0,0,0
1553,3585,access_vlan:SW1:eth2:10+trunk_remove:SW1:eth3:20+trunk_remove:SW2:eth3:10,23067,23073,0.05,8.75,6,True,False,True,False,True,recovery_success,0.04833402119887372,6,3,2,0,0,0,0,0,0
1554,3586,access_vlan:SW2:eth1:20+access_vlan:SW2:eth2:10+trunk_remove:SW1:eth3:10+trunk_remove:SW1:eth3:20,23073,23079,0.05,8.1,6,True,False,True,False,True,recovery_success,0.047109073493629694,6,4,1,0,1,1,1,0,0
1555,3587,access_vlan:SW1:eth1:20+trunk_remove:SW1:eth3:20+trunk_remove:SW2:eth3:20,23079,23084,0.05,8.899999999999999,5,True,False,True,False,True,recovery_success,0.06314170556142926,5,3,1,0,0,0,0,0,0
1556,3588,access_vlan:SW2:eth2:10+trunk_remove:SW1:eth3:10+trunk_remove:SW1:eth3:20,23084,23089,0.05,8.899999999999999,5,True,False,True,False,True,recovery_success,0.013052383903414011,5,3,1,0,0,0,0,0,0
1557,3589,access_vlan:SW1:eth1:20+access_vlan:SW2:eth1:20+access_vlan:SW2:eth2:10+trunk_remove:SW1:eth3:10+trunk_remove:SW1:eth3:20+trunk_remove:SW2:eth3:20,23089,23100,0.05,5.749999999999999,11,True,False,True,False,True,recovery_success,0.03032588662410324,11,8,2,0,3,3,1,1,0
1558,3590,access_vlan:SW1:eth2:10+access_vlan:SW2:eth1:20+trunk_remove:SW1:eth3:20+trunk_remove:SW2:eth3:10+trunk_remove:SW2:eth3:20,23100,23112,0.05,6.75,12,True,False,True,False,True,recovery_success,0.009664919693022966,12,7,4,0,1,1,1,0,0
1559,3591,access_vlan:SW1:eth2:10+access_vlan:SW2:eth1:20+trunk_remove:SW2:eth3:10,23112,23121,0.05,7.5,9,True,False,True,False,True,recovery_success,0.03340913215652108,9,5,3,0,1,1,1,0,0
1560,3592,trunk_remove:SW1:eth3:10+trunk_remove:SW1:eth3:20+trunk_remove:SW2:eth3:20,23121,23126,0.05,8.899999999999999,5,True,False,True,False,True,recovery_success,0.013192027900367975,5,3,1,0,0,0,0,0,0
1561,3593,access_vlan:SW2:eth1:20+access_vlan:SW2:eth2:10+trunk_remove:SW2:eth3:20,23126,23131,0.05,8.399999999999999,5,True,False,True,False,True,recovery_success,0.010150536987930536,5,3,1,0,1,1,1,0,0
1562,3594,access_vlan:SW1:eth1:20+access_vlan:SW2:eth1:20+access_vlan:SW2:eth2:10+trunk_remove:SW1:eth3:10,23131,23135,0.05,9.2,4,True,False,True,False,True,recovery_success,0.013777072308585048,4,2,1,0,0,0,0,0,0
1563,3595,access_vlan:SW1:eth1:20+trunk_remove:SW2:eth3:20,23135,23139,0.05,9.2,4,True,False,True,False,True,recovery_success,0.009322329657152295,4,2,1,0,0,0,0,0,0
1564,3596,access_vlan:SW2:eth2:10+trunk_remove:SW1:eth3:10+trunk_remove:SW1:eth3:20+trunk_remove:SW2:eth3:10+trunk_remove:SW2:eth3:20,23139,23152,0.05,7.3999999999999995,13,True,False,True,False,True,recovery_success,0.03214996290178253,13,5,7,0,0,0,0,0,0
1565,3597,access_vlan:SW1:eth1:20+access_vlan:SW2:eth2:10+trunk_remove:SW1:eth3:20+trunk_remove:SW2:eth3:20,23152,23160,0.05,7.799999999999999,8,True,False,True,False,True,recovery_success,0.011281725659500808,8,4,3,0,1,1,1,0,0
1566,3598,access_vlan:SW1:eth1:20+trunk_remove:SW1:eth3:10,23160,23164,0.05,9.2,4,True,False,True,False,True,recovery_success,0.010025077499449253,4,2,1,0,0,0,0,0,0
1567,3599,access_vlan:SW1:eth1:20+access_vlan:SW2:eth2:10+trunk_remove:SW1:eth3:10+trunk_remove:SW1:eth3:20+trunk_remove:SW2:eth3:10,23164,23174,0.05,7.85,10,True,False,True,False,True,recovery_success,0.014781135227531194,10,5,4,0,0,0,0,0,0
1568,3600,access_vlan:SW2:eth1:20+access_vlan:SW2:eth2:10+trunk_remove:SW1:eth3:10+trunk_remove:SW1:eth3:20+trunk_remove:SW2:eth3:20,23174,23181,0.05,7.799999999999999,7,True,False,True,False,True,recovery_success,0.053326895859624655,7,5,1,0,1,1,1,0,0
1569,3601,access_vlan:SW2:eth1:20+trunk_remove:SW1:eth3:10,23181,23185,0.05,9.2,4,True,False,True,False,True,recovery_success,0.006594246486201882,4,2,1,0,0,0,0,0,0
1570,3602,access_vlan:SW1:eth1:20+access_vlan:SW2:eth1:20+trunk_remove:SW2:eth3:10,23185,23197,0.05,6.75,12,True,False,True,False,True,recovery_success,0.008051830770758292,12,5,4,0,1,1,1,0,0
1571,3603,access_vlan:SW1:eth2:10+trunk_remove:SW1:eth3:10+trunk_remove:SW2:eth3:10+trunk_remove:SW2:eth3:20,23197,23203,0.05,8.6,6,True,False,True,False,True,recovery_success,0.006622391054406762,6,4,1,0,0,0,0,0,0
1572,3604,access_vlan:SW1:eth2:10+access_vlan:SW2:eth1:20+trunk_remove:SW1:eth3:20+trunk_remove:SW2:eth3:10,23203,23211,0.05,7.0,8,True,False,True,False,True,recovery_success,0.04073819873156026,8,5,1,0,2,2,1,0,0
1573,3605,access_vlan:SW1:eth1:20+access_vlan:SW1:eth2:10+trunk_remove:SW1:eth3:10+trunk_remove:SW2:eth3:10+trunk_remove:SW2:eth3:20,23211,23218,0.05,7.799999999999999,7,True,False,True,False,True,recovery_success,0.08520604876269187,7,5,1,0,1,1,1,0,0
1574,3606,access_vlan:SW1:eth2:10+access_vlan:SW2:eth2:10+trunk_remove:SW2:eth3:10+trunk_remove:SW2:eth3:20,23218,23224,0.05,8.6,6,True,False,True,False,True,recovery_success,0.04682047478854656,6,4,1,0,0,0,0,0,0
1575,3607,access_vlan:SW1:eth1:20+access_vlan:SW1:eth2:10+access_vlan:SW2:eth1:20+trunk_remove:SW2:eth3:10+trunk_remove:SW2:eth3:20,23224,23229,0.05,8.899999999999999,5,True,False,True,False,True,recovery_success,0.011911885906010866,5,3,1,0,0,0,0,0,0
1576,3608,access_vlan:SW1:eth1:20+trunk_remove:SW1:eth3:10+trunk_remove:SW2:eth3:10+trunk_remove:SW2:eth3:20,23229,23235,0.05,8.6,6,True,False,True,False,True,recovery_success,0.011724902394538125,6,4,1,0,0,0,0,0,0
1577,3609,access_vlan:SW1:eth1:20+access_vlan:SW1:eth2:10+access_vlan:SW2:eth1:20+trunk_remove:SW1:eth3:10+trunk_remove:SW2:eth3:20,23235,23240,0.05,8.899999999999999,5,True,False,True,False,True,recovery_success,0.007628103997558355,5,3,1,0,0,0,0,0,0
1578,3610,access_vlan:SW1:eth2:10+access_vlan:SW2:eth2:10+trunk_remove:SW2:eth3:10,23240,23245,0.05,8.899999999999999,5,True,False,True,False,True,recovery_success,0.06201105983927846,5,3,1,0,0,0,0,0,0
1579,3611,access_vlan:SW1:eth1:20,23245,23248,0.05,9.5,3,True,False,True,False,True,recovery_success,0.011593580866853396,3,1,1,0,0,0,0,0,0
1580,3612,trunk_remove:SW1:eth3:10+trunk_remove:SW1:eth3:20+trunk_remove:SW2:eth3:10+trunk_remove:SW2:eth3:20,23248,23254,0.05,8.6,6,True,False,True,False,True,recovery_success,0.04836413008160889,6,4,1,0,0,0,0,0,0
1581,3613,access_vlan:SW1:eth2:10+access_vlan:SW2:eth2:10+trunk_remove:SW2:eth3:10,23254,23259,0.05,8.899999999999999,5,True,False,True,False,True,recovery_success,0.009889904595911502,5,3,1,0,0,0,0,0,0
1582,3614,access_vlan:SW1:eth1:20+access_vlan:SW1:eth2:10+access_vlan:SW2:eth1:20+trunk_remove:SW1:eth3:10+trunk_remove:SW2:eth3:10,23259,23264,0.05,8.899999999999999,5,True,False,True,False,True,recovery_success,0.011134491953998803,5,3,1,0,0,0,0,0,0
1583,3615,access_vlan:SW2:eth1:20+trunk_remove:SW2:eth3:10,23264,23268,0.05,9.2,4,True,False,True,False,True,recovery_success,0.007607667124830186,4,2,1,0,0,0,0,0,0
1584,3616,access_vlan:SW1:eth1:20+access_vlan:SW1:eth2:10+access_vlan:SW2:eth1:20+trunk_remove:SW1:eth3:10+trunk_remove:SW2:eth3:10,23268,23273,0.05,8.899999999999999,5,True,False,True,False,True,recovery_success,0.00875068516470492,5,3,1,0,0,0,0,0,0
1585,3617,access_vlan:SW1:eth1:20+access_vlan:SW2:eth1:20+trunk_remove:SW1:eth3:20+trunk_remove:SW2:eth3:20,23273,23281,0.05,7.0,8,True,False,True,False,True,recovery_success,0.006923340726643801,8,6,1,0,2,2,1,0,0
1586,3618,access_vlan:SW1:eth2:10+access_vlan:SW2:eth1:20+trunk_remove:SW1:eth3:20+trunk_remove:SW2:eth3:10,23281,23292,0.05,5.749999999999999,11,True,False,True,False,True,recovery_success,0.008585326288911429,11,8,2,0,3,3,1,1,0
1587,3619,access_vlan:SW1:eth2:10+access_vlan:SW2:eth1:20+access_vlan:SW2:eth2:10+trunk_remove:SW1:eth3:10+trunk_remove:SW2:eth3:10+trunk_remove:SW2:eth3:20,23292,23298,0.05,8.6,6,True,False,True,False,True,recovery_success,0.01069552218541503,6,4,1,0,0,0,0,0,0
1588,3620,access_vlan:SW1:eth1:20+trunk_remove:SW1:eth3:10+trunk_remove:SW1:eth3:20+trunk_remove:SW2:eth3:10,23298,23304,0.05,8.6,6,True,False,True,False,True,recovery_success,0.007338185212574899,6,4,1,0,0,0,0,0,0
1589,3621,access_vlan:SW1:eth2:10+access_vlan:SW2:eth1:20+access_vlan:SW2:eth2:10+trunk_remove:SW1:eth3:10,23304,23308,0.05,9.2,4,True,False,True,False,True,recovery_success,0.006423148908652365,4,2,1,0,0,0,0,0,0
1590,3622,access_vlan:SW1:eth1:20+access_vlan:SW2:eth1:20+access_vlan:SW2:eth2:10+trunk_remove:SW1:eth3:10+trunk_remove:SW1:eth3:20+trunk_remove:SW2:eth3:10+trunk_remove:SW2:eth3:20,23308,23320,0.05,3.9499999999999993,12,True,False,True,False,True,recovery_success,0.04864316420086349,12,8,2,0,6,5,3,1,0
1591,3623,access_vlan:SW1:eth1:20+access_vlan:SW2:eth2:10+trunk_remove:SW1:eth3:20,23320,23326,0.05,8.25,6,True,False,True,False,True,recovery_success,0.04453897809920212,6,3,2,0,1,1,1,0,0
1592,3624,access_vlan:SW1:eth2:10+trunk_remove:SW1:eth3:10,23326,23330,0.05,9.2,4,True,False,True,False,True,recovery_success,0.011993437306955457,4,2,1,0,0,0,0,0,0
1593,3625,access_vlan:SW1:eth1:20+access_vlan:SW1:eth2:10+access_vlan:SW2:eth1:20+trunk_remove:SW1:eth3:10+trunk_remove:SW2:eth3:20,23330,23335,0.05,8.899999999999999,5,True,False,True,False,True,recovery_success,0.014002740941941738,5,3,1,0,0,0,0,0,0
1594,3626,access_vlan:SW1:eth2:10+access_vlan:SW2:eth1:20+trunk_remove:SW2:eth3:10,23335,23340,0.05,8.399999999999999,5,True,False,True,False,True,recovery_success,0.04977311324328184,5,3,1,0,1,1,1,0,0
1595,3627,trunk_remove:SW1:eth3:10+trunk_remove:SW1:eth3:20+trunk_remove:SW2:eth3:20,23340,23345,0.05,8.899999999999999,5,True,False,True,False,True,recovery_success,0.008332155179232359,5,3,1,0,0,0,0,0,0
1596,3628,access_vlan:SW1:eth2:10+access_vlan:SW2:eth2:10+trunk_remove:SW1:eth3:20+trunk_remove:SW2:eth3:10,23345,23352,0.05,8.45,7,True,False,True,False,True,recovery_success,0.007927344080858998,7,4,2,0,0,0,0,0,0
1597,3629,access_vlan:SW1:eth1:20+trunk_remove:SW1:eth3:10+trunk_remove:SW1:eth3:20+trunk_remove:SW2:eth3:10,23352,23360,0.05,7.5,8,True,False,True,False,True,recovery_success,0.08011880918638781,8,6,1,0,1,1,1,1,0
1598,3630,access_vlan:SW2:eth1:20+trunk_remove:SW1:eth3:20,23360,23364,0.05,9.2,4,True,False,True,False,True,recovery_success,0.009903775062412024,4,2,1,0,0,0,0,0,0
1599,3631,access_vlan:SW1:eth1:20+access_vlan:SW2:eth2:10+trunk_remove:SW1:eth3:10+trunk_remove:SW1:eth3:20,23364,23370,0.05,8.6,6,True,False,True,False,True,recovery_success,0.007035503241543968,6,4,1,0,0,0,0,0,0
1600,3632,access_vlan:SW1:eth2:10+trunk_remove:SW2:eth3:20,23370,23374,0.05,9.2,4,True,False,True,False,True,recovery_success,0.008582868496887386,4,2,1,0,0,0,0,0,0
1601,3633,trunk_remove:SW2:eth3:20,23374,23377,0.05,9.5,3,True,False,True,False,True,recovery_success,0.16892434563487768,3,1,1,0,0,0,0,0,0
1602,3634,access_vlan:SW1:eth1:20+access_vlan:SW2:eth1:20+trunk_remove:SW1:eth3:20+trunk_remove:SW2:eth3:10,23377,23388,0.05,7.85,11,True,False,True,False,True,recovery_success,0.011732033707878807,11,4,6,0,0,0,0,0,0
1603,3635,access_vlan:SW1:eth1:20,23388,23391,0.05,9.5,3,True,False,True,False,True,recovery_success,0.005525900982320309,3,1,1,0,0,0,0,0,0
1604,3636,access_vlan:SW1:eth1:20+access_vlan:SW2:eth1:20+trunk_remove:SW2:eth3:10+trunk_remove:SW2:eth3:20,23391,23399,0.05,8.299999999999999,8,True,False,True,False,True,recovery_success,0.008089174167253077,8,4,3,0,0,0,0,0,0
1605,3637,trunk_remove:SW1:eth3:10,23399,23402,0.05,9.5,3,True,False,True,False,True,recovery_success,0.08171231656645735,3,1,1,0,0,0,0,0,0
1606,3638,access_vlan:SW1:eth2:10+access_vlan:SW2:eth2:10+trunk_remove:SW1:eth3:10+trunk_remove:SW1:eth3:20,23402,23408,0.05,8.6,6,True,False,True,False,True,recovery_success,0.008536375438173613,6,4,1,0,0,0,0,0,0
1607,3639,access_vlan:SW1:eth2:10+access_vlan:SW2:eth1:20+access_vlan:SW2:eth2:10+trunk_remove:SW1:eth3:20+trunk_remove:SW2:eth3:10,23408,23413,0.05,8.399999999999999,5,True,False,True,False,True,recovery_success,0.006493992637842894,5,3,1,0,1,1,1,0,0
1608,3640,access_vlan:SW2:eth1:20+trunk_remove:SW1:eth3:20+trunk_remove:SW2:eth3:10,23413,23418,0.05,8.899999999999999,5,True,False,True,False,True,recovery_success,0.017314322758466005,5,3,1,0,0,0,0,0,0
1609,3641,access_vlan:SW2:eth2:10+trunk_remove:SW2:eth3:10,23418,23422,0.05,9.2,4,True,False,True,False,True,recovery_success,0.008991495822556317,4,2,1,0,0,0,0,0,0
1610,3642,access_vlan:SW1:eth1:20+access_vlan:SW2:eth1:20+trunk_remove:SW1:eth3:20+trunk_remove:SW2:eth3:10,23422,23433,0.05,5.249999999999999,11,True,False,True,False,True,recovery_success,0.008638178929686546,11,7,2,0,4,4,2,1,0
1611,3643,access_vlan:SW1:eth1:20+access_vlan:SW1:eth2:10+access_vlan:SW2:eth2:10+trunk_remove:SW1:eth3:20+trunk_remove:SW2:eth3:20,23433,23439,0.05,8.75,6,True,False,True,False,True,recovery_success,0.04946307806919018,6,3,2,0,0,0,0,0,0
1612,3644,access_vlan:SW1:eth1:20+trunk_remove:SW1:eth3:10+trunk_remove:SW1:eth3:20+trunk_remove:SW2:eth3:20,23439,23445,0.05,8.6,6,True,False,True,False,True,recovery_success,0.010137688213338455,6,4,1,0,0,0,0,0,0
1613,3645,access_vlan:SW2:eth1:20+access_vlan:SW2:eth2:10+trunk_remove:SW1:eth3:10+trunk_remove:SW1:eth3:20+trunk_remove:SW2:eth3:20,23445,23452,0.05,7.799999999999999,7,True,False,True,False,True,recovery_success,0.05287479802167842,7,5,1,0,1,1,1,0,0
1614,3646,access_vlan:SW1:eth2:10+trunk_remove:SW1:eth3:10+trunk_remove:SW1:eth3:20+trunk_remove:SW2:eth3:10,23452,23458,0.05,8.6,6,True,False,True,False,True,recovery_success,0.007083511600891749,6,4,1,0,0,0,0,0,0
1615,3647,access_vlan:SW1:eth1:20+access_vlan:SW2:eth2:10+trunk_remove:SW1:eth3:10+trunk_remove:SW1:eth3:20+trunk_remove:SW2:eth3:10,23458,23465,0.05,8.299999999999999,7,True,False,True,False,True,recovery_success,0.009335639620465892,7,5,1,0,0,0,0,0,0
1616,3648,trunk_remove:SW2:eth3:10+trunk_remove:SW2:eth3:20,23465,23469,0.05,9.2,4,True,False,True,False,True,recovery_success,0.007953306543640792,4,2,1,0,0,0,0,0,0
1617,3649,access_vlan:SW1:eth1:20+access_vlan:SW2:eth2:10+trunk_remove:SW1:eth3:10+trunk_remove:SW1:eth3:20,23469,23475,0.05,8.6,6,True,False,True,False,True,recovery_success,0.008134776803975305,6,4,1,0,0,0,0,0,0
1618,3650,access_vlan:SW1:eth2:10+access_vlan:SW2:eth1:20,23475,23488,0.05,3.75,13,True,False,True,False,True,recovery_success,0.009727193597847452,13,6,6,0,7,5,4,1,0
1619,3651,access_vlan:SW2:eth1:20+access_vlan:SW2:eth2:10+trunk_remove:SW1:eth3:10+trunk_remove:SW2:eth3:10+trunk_remove:SW2:eth3:20,23488,23499,0.05,6.4,11,True,False,True,False,True,recovery_success,0.007885958872396837,11,7,3,0,2,2,2,0,0
1620,3652,access_vlan:SW1:eth2:10+access_vlan:SW2:eth1:20+trunk_remove:SW1:eth3:10+trunk_remove:SW2:eth3:20,23499,23529,0.05,-5.900000000000003,30,True,False,False,True,False,step_limit,0.020793829229660332,30,6,24,0,1,1,1,1,0
1621,3653,access_vlan:SW1:eth2:10+trunk_remove:SW2:eth3:20,23529,23535,0.05,8.899999999999999,6,True,False,True,False,True,recovery_success,0.051854667564233146,6,2,3,0,0,0,0,0,0
1622,3654,access_vlan:SW2:eth2:10+trunk_remove:SW2:eth3:20,23535,23539,0.05,9.2,4,True,False,True,False,True,recovery_success,0.013504237867891788,4,2,1,0,0,0,0,0,0
1623,3655,access_vlan:SW2:eth1:20+access_vlan:SW2:eth2:10+trunk_remove:SW2:eth3:10,23539,23548,0.05,7.799999999999999,9,True,False,True,False,True,recovery_success,0.017363916772107284,9,3,5,0,1,1,1,0,0
1624,3656,access_vlan:SW1:eth2:10+access_vlan:SW2:eth2:10+trunk_remove:SW1:eth3:20+trunk_remove:SW2:eth3:10+trunk_remove:SW2:eth3:20,23548,23555,0.05,8.299999999999999,7,True,False,True,False,True,recovery_success,0.0966205747265901,7,5,1,0,0,0,0,0,0
1625,3657,access_vlan:SW1:eth1:20+access_vlan:SW2:eth1:20+trunk_remove:SW1:eth3:10+trunk_remove:SW2:eth3:10+trunk_remove:SW2:eth3:20,23555,23566,0.05,7.199999999999999,11,True,False,True,False,True,recovery_success,0.013939356643029234,11,5,5,0,1,1,1,0,0
1626,3658,trunk_remove:SW1:eth3:10+trunk_remove:SW1:eth3:20+trunk_remove:SW2:eth3:10+trunk_remove:SW2:eth3:20,23566,23578,0.05,7.699999999999999,12,True,False,True,False,True,recovery_success,0.03789704591811945,12,4,7,0,0,0,0,0,0
1627,3659,access_vlan:SW1:eth1:20+access_vlan:SW1:eth2:10+trunk_remove:SW1:eth3:20+trunk_remove:SW2:eth3:10+trunk_remove:SW2:eth3:20,23578,23592,0.05,5.449999999999998,14,True,False,True,False,True,recovery_success,0.029213422011317953,14,6,6,0,3,2,2,0,0
1628,3660,access_vlan:SW2:eth2:10+trunk_remove:SW1:eth3:20,23592,23596,0.05,9.2,4,True,False,True,False,True,recovery_success,0.07949439692310989,4,2,1,0,0,0,0,0,0
1629,3661,access_vlan:SW2:eth1:20+trunk_remove:SW1:eth3:10+trunk_remove:SW1:eth3:20+trunk_remove:SW2:eth3:10,23596,23604,0.05,7.999999999999999,8,True,False,True,False,True,recovery_success,0.04259567765984684,8,6,1,0,0,0,0,0,0
1630,3662,access_vlan:SW1:eth1:20+access_vlan:SW2:eth1:20+access_vlan:SW2:eth2:10+trunk_remove:SW1:eth3:20+trunk_remove:SW2:eth3:10,23604,23612,0.05,6.6499999999999995,8,True,False,True,False,True,recovery_success,0.03928294643992558,8,5,2,0,3,3,1,1,0
1631,3663,access_vlan:SW1:eth1:20+access_vlan:SW1:eth2:10+access_vlan:SW2:eth2:10+trunk_remove:SW1:eth3:10+trunk_remove:SW2:eth3:20,23612,23630,0.05,6.950000000000001,18,True,False,True,False,True,recovery_success,0.0410593214393076,18,3,14,0,0,0,0,0,0
1632,3664,access_vlan:SW1:eth1:20+access_vlan:SW1:eth2:10+access_vlan:SW2:eth2:10,23630,23660,0.05,-5.3,30,True,False,False,True,False,step_limit,0.009428402222692967,30,2,28,0,1,1,1,1,1
1633,3665,access_vlan:SW2:eth1:20+access_vlan:SW2:eth2:10,23660,23669,0.05,7.949999999999999,9,True,False,True,False,True,recovery_success,0.041156731390704714,9,2,6,0,1,1,1,0,0
1634,3666,access_vlan:SW1:eth2:10+trunk_remove:SW1:eth3:10+trunk_remove:SW2:eth3:10+trunk_remove:SW2:eth3:20,23669,23675,0.05,8.6,6,True,False,True,False,True,recovery_success,0.014779477457826337,6,4,1,0,0,0,0,0,0
1635,3667,access_vlan:SW1:eth1:20+access_vlan:SW2:eth2:10+trunk_remove:SW1:eth3:10+trunk_remove:SW1:eth3:20+trunk_remove:SW2:eth3:10,23675,23705,0.05,-5.250000000000002,30,True,False,False,True,False,step_limit,0.009101861032346885,30,5,25,0,0,0,0,0,0
1636,3668,access_vlan:SW1:eth1:20+trunk_remove:SW1:eth3:20+trunk_remove:SW2:eth3:20,23705,23711,0.05,8.75,6,True,False,True,False,True,recovery_success,0.009881381799156467,6,3,2,0,0,0,0,0,0
1637,3669,trunk_remove:SW1:eth3:20+trunk_remove:SW2:eth3:10+trunk_remove:SW2:eth3:20,23711,23716,0.05,8.899999999999999,5,True,False,True,False,True,recovery_success,0.006052226480096579,5,3,1,0,0,0,0,0,0
1638,3670,access_vlan:SW1:eth1:20+trunk_remove:SW1:eth3:10+trunk_remove:SW2:eth3:10,23716,23721,0.05,8.899999999999999,5,True,False,True,False,True,recovery_success,0.009758852794766426,5,3,1,0,0,0,0,0,0
1639,3671,access_vlan:SW1:eth2:10+access_vlan:SW2:eth1:20+access_vlan:SW2:eth2:10+trunk_remove:SW1:eth3:20+trunk_remove:SW2:eth3:10,23721,23750,0.05,5.3,29,True,False,True,False,True,recovery_success,0.017088468772648222,29,3,25,0,0,0,0,0,0
1640,3672,access_vlan:SW1:eth1:20+access_vlan:SW2:eth2:10+trunk_remove:SW1:eth3:20,23750,23780,0.05,-4.950000000000001,30,True,False,False,True,False,step_limit,0.05601226806951066,30,3,27,0,0,0,0,0,0
1641,3673,access_vlan:SW1:eth1:20+access_vlan:SW1:eth2:10+access_vlan:SW2:eth1:20+access_vlan:SW2:eth2:10+trunk_remove:SW1:eth3:20+trunk_remove:SW2:eth3:20,23780,23788,0.05,8.6,8,True,False,True,False,True,recovery_success,0.043401029775850475,8,2,5,0,0,0,0,0,0
1642,3674,access_vlan:SW1:eth1:20+access_vlan:SW1:eth2:10+trunk_remove:SW2:eth3:20,23788,23800,0.05,7.35,12,True,False,True,False,True,recovery_success,0.011446403339505196,12,3,8,0,1,1,1,0,0
1643,3675,access_vlan:SW1:eth1:20+access_vlan:SW2:eth1:20+trunk_remove:SW1:eth3:10+trunk_remove:SW1:eth3:20+trunk_remove:SW2:eth3:10+trunk_remove:SW2:eth3:20,23800,23830,0.05,-5.400000000000002,30,True,False,False,True,False,step_limit,0.010504542097138862,30,6,24,0,0,0,0,0,0
1644,3676,access_vlan:SW1:eth1:20+access_vlan:SW1:eth2:10+access_vlan:SW2:eth1:20+trunk_remove:SW1:eth3:10+trunk_remove:SW2:eth3:10,23830,23860,0.05,-8.550000000000004,30,True,False,False,True,False,step_limit,0.026418101360710957,30,6,23,0,6,3,2,2,0
1645,3677,access_vlan:SW2:eth1:20+access_vlan:SW2:eth2:10+trunk_remove:SW1:eth3:20+trunk_remove:SW2:eth3:10+trunk_remove:SW2:eth3:20,23860,23890,0.05,-6.550000000000004,30,True,False,False,True,False,step_limit,0.032819131202995774,30,7,23,0,2,2,2,1,0
1646,3678,access_vlan:SW1:eth2:10+trunk_remove:SW1:eth3:10+trunk_remove:SW2:eth3:10+trunk_remove:SW2:eth3:20,23890,23920,0.05,-5.900000000000003,30,True,False,False,True,False,step_limit,0.02148847384378314,30,6,24,0,1,1,1,0,0
1647,3679,access_vlan:SW1:eth2:10+trunk_remove:SW1:eth3:20+trunk_remove:SW2:eth3:10+trunk_remove:SW2:eth3:20,23920,23926,0.05,8.6,6,True,False,True,False,True,recovery_success,0.009042353291685382,6,4,1,0,0,0,0,0,0
1648,3680,access_vlan:SW1:eth2:10+access_vlan:SW2:eth2:10+trunk_remove:SW1:eth3:10+trunk_remove:SW1:eth3:20+trunk_remove:SW2:eth3:10+trunk_remove:SW2:eth3:20,23926,23956,0.05,-5.400000000000002,30,True,False,False,True,False,step_limit,0.025865807539472978,30,6,24,0,0,0,0,0,0
1649,3681,access_vlan:SW1:eth1:20+access_vlan:SW2:eth1:20+access_vlan:SW2:eth2:10+trunk_remove:SW1:eth3:20+trunk_remove:SW2:eth3:10+trunk_remove:SW2:eth3:20,23956,23986,0.05,-6.900000000000007,30,True,False,False,True,False,step_limit,0.025618704175576566,30,6,24,0,3,3,1,1,0
1650,3682,access_vlan:SW1:eth1:20+access_vlan:SW1:eth2:10+trunk_remove:SW2:eth3:20,23986,23991,0.05,8.399999999999999,5,True,False,True,False,True,recovery_success,0.005573037080466747,5,3,1,0,1,1,1,0,0
1651,3683,trunk_remove:SW1:eth3:10+trunk_remove:SW1:eth3:20+trunk_remove:SW2:eth3:10,23991,23996,0.05,8.899999999999999,5,True,False,True,False,True,recovery_success,0.04788245540112257,5,3,1,0,0,0,0,0,0
1652,3684,access_vlan:SW2:eth1:20+trunk_remove:SW1:eth3:10,23996,24000,0.05,9.2,4,True,False,True,False,True,recovery_success,0.006018225976731628,4,2,1,0,0,0,0,0,0
1653,3685,access_vlan:SW1:eth2:10+access_vlan:SW2:eth2:10+trunk_remove:SW2:eth3:10,24000,24008,0.05,6.65,8,True,False,True,False,True,recovery_success,0.02161437040194869,8,5,2,0,3,3,1,1,0
1654,3686,trunk_remove:SW1:eth3:20+trunk_remove:SW2:eth3:10,24008,24012,0.05,9.2,4,True,False,True,False,True,recovery_success,0.12445921893231571,4,2,1,0,0,0,0,0,0
1655,3687,access_vlan:SW1:eth1:20+access_vlan:SW1:eth2:10+access_vlan:SW2:eth1:20+trunk_remove:SW1:eth3:10+trunk_remove:SW1:eth3:20,24012,24017,0.05,8.899999999999999,5,True,False,True,False,True,recovery_success,0.01499545369297266,5,3,1,0,0,0,0,0,0
1656,3688,trunk_remove:SW1:eth3:10+trunk_remove:SW1:eth3:20+trunk_remove:SW2:eth3:10+trunk_remove:SW2:eth3:20,24017,24023,0.05,8.6,6,True,False,True,False,True,recovery_success,0.013048045570030808,6,4,1,0,0,0,0,0,0
1657,3689,access_vlan:SW1:eth1:20+access_vlan:SW1:eth2:10,24023,24028,0.05,8.549999999999999,5,True,False,True,False,True,recovery_success,0.009726291988044977,5,2,2,0,1,1,1,0,0
1658,3690,access_vlan:SW1:eth1:20+access_vlan:SW2:eth1:20+access_vlan:SW2:eth2:10+trunk_remove:SW1:eth3:10+trunk_remove:SW1:eth3:20+trunk_remove:SW2:eth3:20,24028,24034,0.05,8.6,6,True,False,True,False,True,recovery_success,0.010981713654473424,6,4,1,0,0,0,0,0,0
1659,3691,access_vlan:SW1:eth1:20+trunk_remove:SW1:eth3:10+trunk_remove:SW1:eth3:20,24034,24039,0.05,8.899999999999999,5,True,False,True,False,True,recovery_success,0.009119825903326273,5,3,1,0,0,0,0,0,0
1660,3692,access_vlan:SW1:eth1:20+access_vlan:SW1:eth2:10+access_vlan:SW2:eth1:20,24039,24042,0.05,9.5,3,True,False,True,False,True,recovery_success,0.010757934612532457,3,1,1,0,0,0,0,0,0
1661,3693,access_vlan:SW1:eth1:20+access_vlan:SW1:eth2:10+access_vlan:SW2:eth2:10+trunk_remove:SW1:eth3:10,24042,24046,0.05,9.2,4,True,False,True,False,True,recovery_success,0.08198550716042519,4,2,1,0,0,0,0,0,0
1662,3694,access_vlan:SW1:eth1:20+access_vlan:SW1:eth2:10+trunk_remove:SW1:eth3:20+trunk_remove:SW2:eth3:10+trunk_remove:SW2:eth3:20,24046,24054,0.05,7.6499999999999995,8,True,False,True,False,True,recovery_success,0.010243683296721429,8,5,2,0,1,1,1,0,0
1663,3695,access_vlan:SW2:eth1:20+access_vlan:SW2:eth2:10+trunk_remove:SW1:eth3:10+trunk_remove:SW2:eth3:20,24054,24062,0.05,7.799999999999999,8,True,False,True,False,True,recovery_success,0.00898369459901005,8,4,3,0,1,1,1,0,0
1664,3696,access_vlan:SW1:eth2:10+access_vlan:SW2:eth2:10+trunk_remove:SW1:eth3:10+trunk_remove:SW2:eth3:10+trunk_remove:SW2:eth3:20,24062,24069,0.05,8.299999999999999,7,True,False,True,False,True,recovery_success,0.051133762180273025,7,5,1,0,0,0,0,0,0
1665,3697,access_vlan:SW1:eth2:10+access_vlan:SW2:eth1:20+access_vlan:SW2:eth2:10+trunk_remove:SW1:eth3:10,24069,24073,0.05,9.2,4,True,False,True,False,True,recovery_success,0.1349376292200759,4,2,1,0,0,0,0,0,0
1666,3698,access_vlan:SW1:eth1:20+access_vlan:SW1:eth2:10+access_vlan:SW2:eth1:20+trunk_remove:SW1:eth3:10,24073,24077,0.05,9.2,4,True,False,True,False,True,recovery_success,0.007879035198129714,4,2,1,0,0,0,0,0,0
1667,3699,access_vlan:SW2:eth1:20+trunk_remove:SW1:eth3:10+trunk_remove:SW1:eth3:20+trunk_remove:SW2:eth3:10,24077,24083,0.05,8.6,6,True,False,True,False,True,recovery_success,0.007347945589572191,6,4,1,0,0,0,0,0,0
1668,3700,access_vlan:SW1:eth1:20+access_vlan:SW1:eth2:10+access_vlan:SW2:eth1:20,24083,24086,0.05,9.5,3,True,False,True,False,True,recovery_success,0.0060273427516222,3,1,1,0,0,0,0,0,0
1669,3701,access_vlan:SW1:eth1:20+access_vlan:SW2:eth2:10+trunk_remove:SW1:eth3:10+trunk_remove:SW2:eth3:10+trunk_remove:SW2:eth3:20,24086,24093,0.05,8.299999999999999,7,True,False,True,False,True,recovery_success,0.006928008116249528,7,5,1,0,0,0,0,0,0
1670,3702,trunk_remove:SW1:eth3:20+trunk_remove:SW2:eth3:20,24093,24097,0.05,9.2,4,True,False,True,False,True,recovery_success,0.0061084560584276915,4,2,1,0,0,0,0,0,0
1671,3703,access_vlan:SW1:eth2:10+access_vlan:SW2:eth1:20+trunk_remove:SW2:eth3:10,24097,24102,0.05,8.899999999999999,5,True,False,True,False,True,recovery_success,0.005283718649297953,5,3,1,0,0,0,0,0,0
1672,3704,access_vlan:SW1:eth1:20+access_vlan:SW1:eth2:10+access_vlan:SW2:eth2:10+trunk_remove:SW1:eth3:10+trunk_remove:SW1:eth3:20+trunk_remove:SW2:eth3:20,24102,24109,0.05,8.45,7,True,False,True,False,True,recovery_success,0.043888784013688564,7,4,2,0,0,0,0,0,0
1673,3705,access_vlan:SW1:eth1:20+trunk_remove:SW1:eth3:20+trunk_remove:SW2:eth3:20,24109,24114,0.05,8.899999999999999,5,True,False,True,False,True,recovery_success,0.005730971693992615,5,3,1,0,0,0,0,0,0
1674,3706,access_vlan:SW1:eth2:10+access_vlan:SW2:eth1:20+access_vlan:SW2:eth2:10,24114,24117,0.05,9.5,3,True,False,True,False,True,recovery_success,0.016366303122291963,3,1,1,0,0,0,0,0,0
1675,3707,trunk_remove:SW2:eth3:10+trunk_remove:SW2:eth3:20,24117,24123,0.05,8.1,6,True,False,True,False,True,recovery_success,0.05224446067586541,6,4,1,0,1,1,1,0,0
1676,3708,access_vlan:SW1:eth2:10+access_vlan:SW2:eth1:20+trunk_remove:SW2:eth3:10,24123,24128,0.05,8.899999999999999,5,True,False,True,False,True,recovery_success,0.10888514136895537,5,3,1,0,0,0,0,0,0
1677,3709,access_vlan:SW1:eth2:10+access_vlan:SW2:eth1:20+trunk_remove:SW1:eth3:20+trunk_remove:SW2:eth3:10,24128,24134,0.05,8.1,6,True,False,True,False,True,recovery_success,0.01582097999441127,6,4,1,0,1,1,1,0,0
1678,3710,trunk_remove:SW1:eth3:20+trunk_remove:SW2:eth3:20,24134,24138,0.05,9.2,4,True,False,True,False,True,recovery_success,0.05859939509537071,4,2,1,0,0,0,0,0,0
1679,3711,access_vlan:SW1:eth2:10+access_vlan:SW2:eth1:20+trunk_remove:SW1:eth3:20+trunk_remove:SW2:eth3:10,24138,24144,0.05,8.6,6,True,False,True,False,True,recovery_success,0.00777557371960332,6,4,1,0,0,0,0,0,0
1680,3712,access_vlan:SW1:eth2:10+trunk_remove:SW2:eth3:10,24144,24150,0.05,8.1,6,True,False,True,False,True,recovery_success,0.007700919600514074,6,4,1,0,1,1,1,1,0
1681,3713,access_vlan:SW1:eth2:10+trunk_remove:SW1:eth3:10+trunk_remove:SW1:eth3:20+trunk_remove:SW2:eth3:20,24150,24156,0.05,8.6,6,True,False,True,False,True,recovery_success,0.0090128385151426,6,4,1,0,0,0,0,0,0
1682,3714,access_vlan:SW1:eth1:20+access_vlan:SW1:eth2:10+access_vlan:SW2:eth2:10+trunk_remove:SW1:eth3:10+trunk_remove:SW2:eth3:10+trunk_remove:SW2:eth3:20,24156,24162,0.05,8.6,6,True,False,True,False,True,recovery_success,0.004850924286680917,6,4,1,0,0,0,0,0,0
1683,3715,access_vlan:SW1:eth1:20+access_vlan:SW1:eth2:10+trunk_remove:SW1:eth3:10+trunk_remove:SW2:eth3:10+trunk_remove:SW2:eth3:20,24162,24169,0.05,7.799999999999999,7,True,False,True,False,True,recovery_success,0.00461295569714691,7,5,1,0,1,1,1,0,0
1684,3716,access_vlan:SW1:eth1:20+access_vlan:SW1:eth2:10+access_vlan:SW2:eth2:10+trunk_remove:SW1:eth3:10,24169,24173,0.05,9.2,4,True,False,True,False,True,recovery_success,0.06137010990642011,4,2,1,0,0,0,0,0,0
1685,3717,access_vlan:SW1:eth1:20+access_vlan:SW1:eth2:10+access_vlan:SW2:eth2:10+trunk_remove:SW1:eth3:10+trunk_remove:SW1:eth3:20+trunk_remove:SW2:eth3:20,24173,24180,0.05,8.45,7,True,False,True,False,True,recovery_success,0.007733653199725917,7,4,2,0,0,0,0,0,0
1686,3718,access_vlan:SW1:eth1:20+access_vlan:SW2:eth2:10+trunk_remove:SW1:eth3:20+trunk_remove:SW2:eth3:20,24180,24187,0.05,7.949999999999999,7,True,False,True,False,True,recovery_success,0.004746579631630864,7,4,2,0,1,1,1,0,0
1687,3719,access_vlan:SW1:eth1:20+access_vlan:SW1:eth2:10+access_vlan:SW2:eth1:20+trunk_remove:SW1:eth3:10,24187,24191,0.05,9.2,4,True,False,True,False,True,recovery_success,0.05845040507847443,4,2,1,0,0,0,0,0,0
1688,3720,access_vlan:SW1:eth1:20+access_vlan:SW2:eth1:20+trunk_remove:SW1:eth3:10,24191,24202,0.05,7.5,11,True,False,True,False,True,recovery_success,0.008681821467524225,11,3,7,0,1,1,1,0,0
1689,3721,access_vlan:SW1:eth2:10+access_vlan:SW2:eth1:20+trunk_remove:SW1:eth3:20+trunk_remove:SW2:eth3:10+trunk_remove:SW2:eth3:20,24202,24209,0.05,8.299999999999999,7,True,False,True,False,True,recovery_success,0.008323170178170716,7,5,1,0,0,0,0,0,0
1690,3722,access_vlan:SW1:eth2:10,24209,24212,0.05,9.5,3,True,False,True,False,True,recovery_success,0.0047624932291607065,3,1,1,0,0,0,0,0,0
1691,3723,trunk_remove:SW1:eth3:10+trunk_remove:SW1:eth3:20+trunk_remove:SW2:eth3:20,24212,24217,0.05,8.899999999999999,5,True,False,True,False,True,recovery_success,0.005943367164582014,5,3,1,0,0,0,0,0,0
1692,3724,access_vlan:SW1:eth1:20+trunk_remove:SW2:eth3:20,24217,24223,0.05,7.1,6,True,False,True,False,True,recovery_success,0.006521154195070267,6,4,1,0,3,3,1,1,0
1693,3725,trunk_remove:SW1:eth3:10+trunk_remove:SW1:eth3:20+trunk_remove:SW2:eth3:10,24223,24228,0.05,8.899999999999999,5,True,False,True,False,True,recovery_success,0.0036285753827542066,5,3,1,0,0,0,0,0,0
1694,3726,access_vlan:SW1:eth2:10+access_vlan:SW2:eth1:20+access_vlan:SW2:eth2:10+trunk_remove:SW2:eth3:20,24228,24232,0.05,9.2,4,True,False,True,False,True,recovery_success,0.004726030281744897,4,2,1,0,0,0,0,0,0
1695,3727,access_vlan:SW1:eth1:20+access_vlan:SW2:eth2:10+trunk_remove:SW1:eth3:20+trunk_remove:SW2:eth3:20,24232,24238,0.05,8.1,6,True,False,True,False,True,recovery_success,0.04709011832407365,6,4,1,0,1,1,1,0,0
1696,3728,access_vlan:SW1:eth1:20+access_vlan:SW2:eth1:20+trunk_remove:SW2:eth3:10+trunk_remove:SW2:eth3:20,24238,24245,0.05,8.45,7,True,False,True,False,True,recovery_success,0.01077788888609835,7,4,2,0,0,0,0,0,0
1697,3729,access_vlan:SW1:eth2:10+trunk_remove:SW1:eth3:10+trunk_remove:SW1:eth3:20,24245,24250,0.05,8.899999999999999,5,True,False,True,False,True,recovery_success,0.005560474377125502,5,3,1,0,0,0,0,0,0
1698,3730,trunk_remove:SW1:eth3:10+trunk_remove:SW2:eth3:20,24250,24254,0.05,9.2,4,True,False,True,False,True,recovery_success,0.006439323304221034,4,2,1,0,0,0,0,0,0
1699,3731,access_vlan:SW2:eth2:10+trunk_remove:SW1:eth3:20+trunk_remove:SW2:eth3:20,24254,24259,0.05,8.899999999999999,5,True,False,True,False,True,recovery_success,0.009178764186799526,5,3,1,0,0,0,0,0,0
1700,3732,access_vlan:SW1:eth1:20+access_vlan:SW2:eth1:20+access_vlan:SW2:eth2:10+trunk_remove:SW2:eth3:20,24259,24260,0.05,-10.05,1,True,False,True,False,False,incorrect_declare_done,0.009259212762117386,1,0,0,0,0,0,0,0,3
1701,3733,access_vlan:SW1:eth2:10+access_vlan:SW2:eth2:10+trunk_remove:SW1:eth3:20+trunk_remove:SW2:eth3:20,24260,24290,0.05,-8.050000000000002,30,True,False,False,True,False,step_limit,0.01439441069184492,30,7,23,0,5,3,3,2,3
1702,3734,access_vlan:SW1:eth1:20+trunk_remove:SW1:eth3:10+trunk_remove:SW1:eth3:20+trunk_remove:SW2:eth3:10,24290,24296,0.05,8.6,6,True,False,True,False,True,recovery_success,0.005350735931036373,6,4,1,0,0,0,0,0,0
1703,3735,access_vlan:SW1:eth1:20+access_vlan:SW1:eth2:10+access_vlan:SW2:eth1:20+trunk_remove:SW1:eth3:20,24296,24300,0.05,9.2,4,True,False,True,False,True,recovery_success,0.009493510704487562,4,2,1,0,0,0,0,0,0
1704,3736,access_vlan:SW2:eth1:20+access_vlan:SW2:eth2:10+trunk_remove:SW1:eth3:10+trunk_remove:SW2:eth3:10,24300,24308,0.05,6.0,8,True,False,True,False,True,recovery_success,0.07271757328999229,8,6,1,0,4,4,2,1,0
1705,3737,access_vlan:SW1:eth2:10+access_vlan:SW2:eth2:10+trunk_remove:SW1:eth3:10+trunk_remove:SW1:eth3:20+trunk_remove:SW2:eth3:10,24308,24315,0.05,8.299999999999999,7,True,False,True,False,True,recovery_success,0.04295172369373696,7,5,1,0,0,0,0,0,0
1706,3738,access_vlan:SW1:eth1:20+trunk_remove:SW1:eth3:10+trunk_remove:SW1:eth3:20+trunk_remove:SW2:eth3:10+trunk_remove:SW2:eth3:20,24315,24322,0.05,8.299999999999999,7,True,False,True,False,True,recovery_success,0.03842915288571801,7,5,1,0,0,0,0,0,0
1707,3739,access_vlan:SW2:eth1:20+trunk_remove:SW1:eth3:10+trunk_remove:SW1:eth3:20+trunk_remove:SW2:eth3:10,24322,24328,0.05,8.6,6,True,False,True,False,True,recovery_success,0.010034083155915141,6,4,1,0,0,0,0,0,0
1708,3740,access_vlan:SW1:eth2:10+access_vlan:SW2:eth1:20+access_vlan:SW2:eth2:10,24328,24331,0.05,9.5,3,True,False,True,False,True,recovery_success,0.007153562735766172,3,1,1,0,0,0,0,0,0
1709,3741,access_vlan:SW1:eth1:20+access_vlan:SW1:eth2:10+access_vlan:SW2:eth1:20+access_vlan:SW2:eth2:10,24331,24333,0.05,9.799999999999999,2,True,False,True,False,True,recovery_success,0.008190222084522247,2,0,1,0,0,0,0,0,0
1710,3742,access_vlan:SW1:eth1:20+access_vlan:SW2:eth1:20+access_vlan:SW2:eth2:10+trunk_remove:SW1:eth3:10+trunk_remove:SW2:eth3:10,24333,24338,0.05,8.899999999999999,5,True,False,True,False,True,recovery_success,0.04961323654279113,5,3,1,0,0,0,0,0,0
1711,3743,access_vlan:SW1:eth2:10+access_vlan:SW2:eth2:10+trunk_remove:SW1:eth3:20+trunk_remove:SW2:eth3:20,24338,24344,0.05,8.1,6,True,False,True,False,True,recovery_success,0.04821405396796763,6,4,1,0,1,1,1,0,0
1712,3744,trunk_remove:SW2:eth3:10+trunk_remove:SW2:eth3:20,24344,24348,0.05,9.2,4,True,False,True,False,True,recovery_success,0.07010907004587352,4,2,1,0,0,0,0,0,0
1713,3745,access_vlan:SW1:eth1:20+access_vlan:SW1:eth2:10+trunk_remove:SW1:eth3:10+trunk_remove:SW1:eth3:20+trunk_remove:SW2:eth3:20,24348,24359,0.05,7.199999999999999,11,True,False,True,False,True,recovery_success,0.007075115106999874,11,5,5,0,1,1,1,0,0
1714,3746,access_vlan:SW1:eth2:10+access_vlan:SW2:eth1:20+access_vlan:SW2:eth2:10+trunk_remove:SW1:eth3:20+trunk_remove:SW2:eth3:10+trunk_remove:SW2:eth3:20,24359,24368,0.05,7.35,9,True,False,True,False,True,recovery_success,0.0047536813912706245,9,6,2,0,1,1,1,1,0
1715,3747,access_vlan:SW1:eth1:20+trunk_remove:SW1:eth3:20+trunk_remove:SW2:eth3:20,24368,24373,0.05,8.899999999999999,5,True,False,True,False,True,recovery_success,0.00720530217513442,5,3,1,0,0,0,0,0,0
1716,3748,access_vlan:SW1:eth2:10+access_vlan:SW2:eth1:20,24373,24378,0.05,8.549999999999999,5,True,False,True,False,True,recovery_success,0.10570883192121983,5,2,2,0,1,1,1,0,0
1717,3749,access_vlan:SW1:eth2:10,24378,24382,0.05,9.35,4,True,False,True,False,True,recovery_success,0.009115057531744242,4,1,2,0,0,0,0,0,0
1718,3750,access_vlan:SW1:eth2:10+access_vlan:SW2:eth1:20+trunk_remove:SW1:eth3:10+trunk_remove:SW2:eth3:10+trunk_remove:SW2:eth3:20,24382,24389,0.05,8.299999999999999,7,True,False,True,False,True,recovery_success,0.03921037942304143,7,5,1,0,0,0,0,0,0
1719,3751,access_vlan:SW1:eth1:20+access_vlan:SW1:eth2:10+access_vlan:SW2:eth2:10+trunk_remove:SW1:eth3:10+trunk_remove:SW1:eth3:20+trunk_remove:SW2:eth3:10,24389,24396,0.05,8.45,7,True,False,True,False,True,recovery_success,0.035814760818279216,7,4,2,0,0,0,0,0,0
1720,3752,access_vlan:SW2:eth1:20+access_vlan:SW2:eth2:10,24396,24400,0.05,8.7,4,True,False,True,False,True,recovery_success,0.05631159705808386,4,2,1,0,1,1,1,0,0
1721,3753,access_vlan:SW2:eth1:20+access_vlan:SW2:eth2:10+trunk_remove:SW1:eth3:20+trunk_remove:SW2:eth3:10+trunk_remove:SW2:eth3:20,24400,24411,0.05,7.199999999999999,11,True,False,True,False,True,recovery_success,0.008473413213240829,11,5,5,0,1,1,1,0,0
1722,3754,access_vlan:SW1:eth1:20+access_vlan:SW2:eth1:20+trunk_remove:SW1:eth3:20,24411,24416,0.05,8.899999999999999,5,True,False,True,False,True,recovery_success,0.007803268078714609,5,3,1,0,0,0,0,0,0
1723,3755,access_vlan:SW1:eth2:10+trunk_remove:SW2:eth3:20,24416,24420,0.05,9.2,4,True,False,True,False,True,recovery_success,0.010883817099966109,4,2,1,0,0,0,0,0,0
1724,3756,access_vlan:SW2:eth1:20+access_vlan:SW2:eth2:10+trunk_remove:SW1:eth3:10+trunk_remove:SW2:eth3:20,24420,24428,0.05,7.799999999999999,8,True,False,True,False,True,recovery_success,0.007207068847492337,8,4,3,0,1,1,1,0,0
1725,3757,access_vlan:SW1:eth1:20+access_vlan:SW2:eth2:10+trunk_remove:SW1:eth3:10+trunk_remove:SW2:eth3:20,24428,24438,0.05,5.699999999999999,10,True,False,True,False,True,recovery_success,0.00957369280513376,10,6,3,0,4,3,2,1,0
1726,3758,access_vlan:SW2:eth2:10+trunk_remove:SW1:eth3:20,24438,24442,0.05,9.2,4,True,False,True,False,True,recovery_success,0.009687193029094487,4,2,1,0,0,0,0,0,0
1727,3759,access_vlan:SW1:eth1:20+trunk_remove:SW1:eth3:10+trunk_remove:SW2:eth3:10,24442,24447,0.05,8.899999999999999,5,True,False,True,False,True,recovery_success,0.05201780693605542,5,3,1,0,0,0,0,0,0
1728,3760,trunk_remove:SW1:eth3:10,24447,24450,0.05,9.5,3,True,False,True,False,True,recovery_success,0.01333521461735169,3,1,1,0,0,0,0,0,0
1729,3761,access_vlan:SW1:eth1:20+trunk_remove:SW1:eth3:10+trunk_remove:SW2:eth3:10+trunk_remove:SW2:eth3:20,24450,24456,0.05,8.6,6,True,False,True,False,True,recovery_success,0.03883426946898302,6,4,1,0,0,0,0,0,0
1730,3762,access_vlan:SW2:eth1:20+access_vlan:SW2:eth2:10+trunk_remove:SW1:eth3:20,24456,24461,0.05,8.399999999999999,5,True,False,True,False,True,recovery_success,0.013065461395308375,5,3,1,0,1,1,1,0,0
1731,3763,access_vlan:SW1:eth2:10+access_vlan:SW2:eth1:20+access_vlan:SW2:eth2:10+trunk_remove:SW2:eth3:20,24461,24465,0.05,9.2,4,True,False,True,False,True,recovery_success,0.05387620849069208,4,2,1,0,0,0,0,0,0
1732,3764,access_vlan:SW2:eth1:20+access_vlan:SW2:eth2:10+trunk_remove:SW1:eth3:10+trunk_remove:SW2:eth3:20,24465,24473,0.05,7.799999999999999,8,True,False,True,False,True,recovery_success,0.007333747431403026,8,4,3,0,1,1,1,0,0
1733,3765,access_vlan:SW2:eth1:20+access_vlan:SW2:eth2:10+trunk_remove:SW1:eth3:10+trunk_remove:SW1:eth3:20,24473,24479,0.05,8.1,6,True,False,True,False,True,recovery_success,0.006848715672579904,6,4,1,0,1,1,1,0,0
1734,3766,access_vlan:SW1:eth2:10+trunk_remove:SW2:eth3:10,24479,24483,0.05,9.2,4,True,False,True,False,True,recovery_success,0.0056262832367792726,4,2,1,0,0,0,0,0,0
1735,3767,access_vlan:SW1:eth1:20+access_vlan:SW1:eth2:10+access_vlan:SW2:eth1:20+trunk_remove:SW2:eth3:20,24483,24487,0.05,9.2,4,True,False,True,False,True,recovery_success,0.018074217718094587,4,2,1,0,0,0,0,0,0
1736,3768,access_vlan:SW2:eth2:10+trunk_remove:SW1:eth3:10+trunk_remove:SW2:eth3:20,24487,24492,0.05,8.899999999999999,5,True,False,True,False,True,recovery_success,0.006135661760345102,5,3,1,0,0,0,0,0,0
1737,3769,access_vlan:SW1:eth1:20+access_vlan:SW2:eth1:20+trunk_remove:SW2:eth3:10,24492,24499,0.05,7.299999999999999,7,True,False,True,False,True,recovery_success,0.006437272232558046,7,5,1,0,2,2,1,0,0
1738,3770,access_vlan:SW1:eth1:20+access_vlan:SW1:eth2:10+trunk_remove:SW1:eth3:10+trunk_remove:SW1:eth3:20+trunk_remove:SW2:eth3:20,24499,24506,0.05,7.799999999999999,7,True,False,True,False,True,recovery_success,0.010173918080649205,7,5,1,0,1,1,1,0,0
1739,3771,access_vlan:SW1:eth1:20,24506,24511,0.05,8.399999999999999,5,True,False,True,False,True,recovery_success,0.011111612990498542,5,3,1,0,1,1,1,1,0
1740,3772,access_vlan:SW2:eth2:10+trunk_remove:SW1:eth3:10+trunk_remove:SW1:eth3:20+trunk_remove:SW2:eth3:10+trunk_remove:SW2:eth3:20,24511,24520,0.05,7.699999999999999,9,True,False,True,False,True,recovery_success,0.010527000348601077,9,6,1,0,0,0,0,0,0
1741,3773,access_vlan:SW2:eth2:10+trunk_remove:SW1:eth3:10+trunk_remove:SW2:eth3:20,24520,24525,0.05,8.899999999999999,5,True,False,True,False,True,recovery_success,0.06303277388215064,5,3,1,0,0,0,0,0,0
1742,3774,access_vlan:SW2:eth2:10+trunk_remove:SW1:eth3:20,24525,24532,0.05,6.949999999999999,7,True,False,True,False,True,recovery_success,0.01101833741579737,7,4,2,0,3,3,1,1,0
1743,3775,access_vlan:SW1:eth1:20+access_vlan:SW1:eth2:10+access_vlan:SW2:eth2:10+trunk_remove:SW2:eth3:20,24532,24536,0.05,9.2,4,True,False,True,False,True,recovery_success,0.05867206922266632,4,2,1,0,0,0,0,0,0
1744,3776,access_vlan:SW1:eth1:20+access_vlan:SW1:eth2:10+access_vlan:SW2:eth1:20+trunk_remove:SW2:eth3:10,24536,24540,0.05,9.2,4,True,False,True,False,True,recovery_success,0.00898186699487269,4,2,1,0,0,0,0,0,0
1745,3777,access_vlan:SW1:eth1:20+access_vlan:SW2:eth1:20+access_vlan:SW2:eth2:10+trunk_remove:SW1:eth3:10+trunk_remove:SW1:eth3:20+trunk_remove:SW2:eth3:10+trunk_remove:SW2:eth3:20,24540,24547,0.05,8.299999999999999,7,True,False,True,False,True,recovery_success,0.010343180171080999,7,5,1,0,0,0,0,0,0
1746,3778,access_vlan:SW1:eth2:10+trunk_remove:SW1:eth3:10+trunk_remove:SW2:eth3:10,24547,24552,0.05,8.899999999999999,5,True,False,True,False,True,recovery_success,0.04517936138436198,5,3,1,0,0,0,0,0,0
1747,3779,access_vlan:SW1:eth1:20+access_vlan:SW1:eth2:10+access_vlan:SW2:eth1:20+trunk_remove:SW2:eth3:10+trunk_remove:SW2:eth3:20,24552,24559,0.05,7.799999999999999,7,True,False,True,False,True,recovery_success,0.012827378298555101,7,5,1,0,1,1,1,0,0
1748,3780,access_vlan:SW2:eth2:10+trunk_remove:SW2:eth3:20,24559,24563,0.05,9.2,4,True,False,True,False,True,recovery_success,0.012039297609589994,4,2,1,0,0,0,0,0,0
1749,3781,access_vlan:SW1:eth2:10+trunk_remove:SW1:eth3:20+trunk_remove:SW2:eth3:10,24563,24572,0.05,8.299999999999999,9,True,False,True,False,True,recovery_success,0.033153166994452477,9,3,5,0,0,0,0,0,0
1750,3782,access_vlan:SW2:eth1:20+access_vlan:SW2:eth2:10+trunk_remove:SW2:eth3:20,24572,24577,0.05,8.399999999999999,5,True,False,True,False,True,recovery_success,0.014434900693595409,5,3,1,0,1,1,1,0,0
1751,3783,access_vlan:SW1:eth2:10+access_vlan:SW2:eth1:20+trunk_remove:SW1:eth3:10+trunk_remove:SW1:eth3:20+trunk_remove:SW2:eth3:10+trunk_remove:SW2:eth3:20,24577,24584,0.05,8.149999999999999,7,True,False,True,False,True,recovery_success,0.014634048167083944,7,6,0,0,0,0,0,0,0
1752,3784,access_vlan:SW1:eth1:20+access_vlan:SW1:eth2:10+access_vlan:SW2:eth2:10+trunk_remove:SW1:eth3:10+trunk_remove:SW2:eth3:10,24584,24592,0.05,8.45,8,True,False,True,False,True,recovery_success,0.043183428584598005,8,3,4,0,0,0,0,0,0
1753,3785,access_vlan:SW1:eth1:20+access_vlan:SW2:eth1:20+access_vlan:SW2:eth2:10+trunk_remove:SW2:eth3:10+trunk_remove:SW2:eth3:20,24592,24597,0.05,8.899999999999999,5,True,False,True,False,True,recovery_success,0.009439820237457753,5,3,1,0,0,0,0,0,0
1754,3786,access_vlan:SW2:eth2:10+trunk_remove:SW1:eth3:10+trunk_remove:SW2:eth3:10+trunk_remove:SW2:eth3:20,24597,24603,0.05,8.6,6,True,False,True,False,True,recovery_success,0.009757747175171971,6,4,1,0,0,0,0,0,0
1755,3787,access_vlan:SW2:eth2:10+trunk_remove:SW2:eth3:20,24603,24608,0.05,9.049999999999999,5,True,False,True,False,True,recovery_success,0.008394342381507158,5,2,2,0,0,0,0,0,0
1756,3788,access_vlan:SW1:eth1:20+access_vlan:SW1:eth2:10+trunk_remove:SW1:eth3:20,24608,24615,0.05,7.299999999999999,7,True,False,True,False,True,recovery_success,0.005249224470130035,7,5,1,0,2,2,2,0,0
1757,3789,access_vlan:SW1:eth2:10+trunk_remove:SW1:eth3:10+trunk_remove:SW1:eth3:20+trunk_remove:SW2:eth3:10,24615,24621,0.05,8.6,6,True,False,True,False,True,recovery_success,0.042659099912270904,6,4,1,0,0,0,0,0,0
1758,3790,access_vlan:SW1:eth1:20+access_vlan:SW1:eth2:10+access_vlan:SW2:eth2:10+trunk_remove:SW1:eth3:10,24621,24625,0.05,9.2,4,True,False,True,False,True,recovery_success,0.01204764167778194,4,2,1,0,0,0,0,0,0
1759,3791,access_vlan:SW1:eth1:20+access_vlan:SW1:eth2:10+trunk_remove:SW2:eth3:20,24625,24630,0.05,8.399999999999999,5,True,False,True,False,True,recovery_success,0.011625745799392462,5,3,1,0,1,1,1,0,0
1760,3792,access_vlan:SW1:eth1:20+trunk_remove:SW1:eth3:20,24630,24634,0.05,9.2,4,True,False,True,False,True,recovery_success,0.006579569133464247,4,2,1,0,0,0,0,0,0
1761,3793,trunk_remove:SW1:eth3:10+trunk_remove:SW1:eth3:20+trunk_remove:SW2:eth3:10+trunk_remove:SW2:eth3:20,24634,24641,0.05,8.45,7,True,False,True,False,True,recovery_success,0.04566823358514479,7,4,2,0,0,0,0,0,0
1762,3794,access_vlan:SW1:eth2:10+access_vlan:SW2:eth2:10+trunk_remove:SW1:eth3:10+trunk_remove:SW1:eth3:20+trunk_remove:SW2:eth3:10+trunk_remove:SW2:eth3:20,24641,24649,0.05,7.999999999999999,8,True,False,True,False,True,recovery_success,0.03802204816020094,8,6,1,0,0,0,0,0,0
1763,3795,access_vlan:SW1:eth1:20+access_vlan:SW1:eth2:10+access_vlan:SW2:eth1:20+access_vlan:SW2:eth2:10+trunk_remove:SW2:eth3:10+trunk_remove:SW2:eth3:20,24649,24653,0.05,9.2,4,True,False,True,False,True,recovery_success,0.06656212592497468,4,2,1,0,0,0,0,0,0
1764,3796,access_vlan:SW1:eth1:20+access_vlan:SW2:eth2:10+trunk_remove:SW1:eth3:10,24653,24662,0.05,8.299999999999999,9,True,False,True,False,True,recovery_success,0.029239638294610713,9,3,5,0,0,0,0,0,0
1765,3797,access_vlan:SW1:eth2:10+access_vlan:SW2:eth2:10+trunk_remove:SW1:eth3:10+trunk_remove:SW1:eth3:20+trunk_remove:SW2:eth3:10+trunk_remove:SW2:eth3:20,24662,24674,0.05,5.8,12,True,False,True,False,True,recovery_success,0.04504809410233671,12,9,1,0,2,1,2,0,0
1766,3798,access_vlan:SW1:eth1:20+trunk_remove:SW2:eth3:10+trunk_remove:SW2:eth3:20,24674,24681,0.05,7.799999999999999,7,True,False,True,False,True,recovery_success,0.00986363273113966,7,5,1,0,1,1,1,0,0
1767,3799,access_vlan:SW1:eth1:20+access_vlan:SW1:eth2:10+access_vlan:SW2:eth1:20+trunk_remove:SW1:eth3:10+trunk_remove:SW1:eth3:20+trunk_remove:SW2:eth3:10+trunk_remove:SW2:eth3:20,24681,24688,0.05,-11.55,7,True,False,True,False,False,incorrect_declare_done,0.034872591362467835,7,4,2,0,0,0,0,0,1
1768,3800,access_vlan:SW1:eth1:20+trunk_remove:SW1:eth3:10+trunk_remove:SW1:eth3:20+trunk_remove:SW2:eth3:20,24688,24698,0.05,8.0,10,True,False,True,False,True,recovery_success,0.006144386203959584,10,4,5,0,0,0,0,0,0
1769,3801,access_vlan:SW2:eth1:20+trunk_remove:SW1:eth3:10,24698,24706,0.05,6.799999999999999,8,True,False,True,False,True,recovery_success,0.009467808005865663,8,4,3,0,3,3,1,1,0
1770,3802,access_vlan:SW1:eth1:20+trunk_remove:SW2:eth3:10+trunk_remove:SW2:eth3:20,24706,24711,0.05,8.899999999999999,5,True,False,True,False,True,recovery_success,0.010613286960870027,5,3,1,0,0,0,0,0,0
1771,3803,access_vlan:SW2:eth2:10,24711,24714,0.05,9.5,3,True,False,True,False,True,recovery_success,0.0052188375654319925,3,1,1,0,0,0,0,0,0
1772,3804,access_vlan:SW1:eth1:20+access_vlan:SW1:eth2:10+access_vlan:SW2:eth2:10+trunk_remove:SW2:eth3:10,24714,24718,0.05,9.2,4,True,False,True,False,True,recovery_success,0.005518623744137585,4,2,1,0,0,0,0,0,0
1773,3805,access_vlan:SW1:eth2:10+access_vlan:SW2:eth2:10+trunk_remove:SW1:eth3:10+trunk_remove:SW1:eth3:20+trunk_remove:SW2:eth3:10,24718,24725,0.05,8.299999999999999,7,True,False,True,False,True,recovery_success,0.044484018082065244,7,5,1,0,0,0,0,0,0
1774,3806,access_vlan:SW1:eth2:10+access_vlan:SW2:eth1:20+access_vlan:SW2:eth2:10+trunk_remove:SW1:eth3:10+trunk_remove:SW1:eth3:20+trunk_remove:SW2:eth3:10,24725,24731,0.05,8.6,6,True,False,True,False,True,recovery_success,0.04692028466767321,6,4,1,0,0,0,0,0,0
1775,3807,access_vlan:SW1:eth1:20+trunk_remove:SW1:eth3:10+trunk_remove:SW1:eth3:20,24731,24737,0.05,8.75,6,True,False,True,False,True,recovery_success,0.050594486781240754,6,3,2,0,0,0,0,0,0
1776,3808,access_vlan:SW1:eth1:20+trunk_remove:SW2:eth3:20,24737,24741,0.05,9.2,4,True,False,True,False,True,recovery_success,0.012041908456012607,4,2,1,0,0,0,0,0,0
1777,3809,access_vlan:SW2:eth2:10+trunk_remove:SW1:eth3:10+trunk_remove:SW2:eth3:20,24741,24745,0.05,9.049999999999999,4,True,False,True,False,True,recovery_success,0.008076180645730346,4,3,0,0,0,0,0,0,0
1778,3810,access_vlan:SW2:eth1:20+access_vlan:SW2:eth2:10+trunk_remove:SW1:eth3:10+trunk_remove:SW1:eth3:20,24745,24753,0.05,7.5,8,True,False,True,False,True,recovery_success,0.015814086131285876,8,6,1,0,1,1,1,0,0
1779,3811,access_vlan:SW2:eth1:20+trunk_remove:SW1:eth3:10,24753,24757,0.05,9.2,4,True,False,True,False,True,recovery_success,0.059279752196744084,4,2,1,0,0,0,0,0,0
1780,3812,access_vlan:SW1:eth2:10+access_vlan:SW2:eth1:20+access_vlan:SW2:eth2:10+trunk_remove:SW1:eth3:20+trunk_remove:SW2:eth3:10,24757,24768,0.05,7.999999999999999,11,True,False,True,False,True,recovery_success,0.04245094093494117,11,3,7,0,0,0,0,0,0
1781,3813,access_vlan:SW1:eth1:20+access_vlan:SW2:eth1:20+trunk_remove:SW1:eth3:10+trunk_remove:SW2:eth3:10+trunk_remove:SW2:eth3:20,24768,24790,0.05,3.45,22,True,False,True,False,True,recovery_success,0.011194544960744679,22,9,12,0,4,4,2,1,0
1782,3814,access_vlan:SW1:eth1:20+access_vlan:SW1:eth2:10+access_vlan:SW2:eth1:20+trunk_remove:SW1:eth3:10,24790,24794,0.05,9.2,4,True,False,True,False,True,recovery_success,0.010988608817569911,4,2,1,0,0,0,0,0,0
1783,3815,access_vlan:SW1:eth2:10+access_vlan:SW2:eth1:20+access_vlan:SW2:eth2:10+trunk_remove:SW1:eth3:20+trunk_remove:SW2:eth3:10+trunk_remove:SW2:eth3:20,24794,24800,0.05,8.6,6,True,False,True,False,True,recovery_success,0.03607325372286141,6,4,1,0,0,0,0,0,0
1784,3816,access_vlan:SW1:eth1:20+access_vlan:SW1:eth2:10+access_vlan:SW2:eth1:20+trunk_remove:SW1:eth3:10,24800,24809,0.05,7.1499999999999995,9,True,False,True,False,True,recovery_success,0.033025420219120055,9,4,4,0,2,2,1,0,0
1785,3817,access_vlan:SW1:eth1:20+access_vlan:SW1:eth2:10+access_vlan:SW2:eth1:20+trunk_remove:SW1:eth3:10,24809,24830,0.05,5.35,21,True,False,True,False,True,recovery_success,0.01702934067829379,21,4,16,0,2,2,1,0,0
1786,3818,access_vlan:SW1:eth1:20+access_vlan:SW1:eth2:10+access_vlan:SW2:eth2:10+trunk_remove:SW1:eth3:10+trunk_remove:SW2:eth3:10,24830,24854,0.05,5.25,24,True,False,True,False,True,recovery_success,0.007538382080383599,24,5,18,0,1,1,1,0,0
1787,3819,access_vlan:SW1:eth2:10+access_vlan:SW2:eth1:20+access_vlan:SW2:eth2:10+trunk_remove:SW1:eth3:20+trunk_remove:SW2:eth3:10+trunk_remove:SW2:eth3:20,24854,24860,0.05,8.6,6,True,False,True,False,True,recovery_success,0.005257271307831009,6,4,1,0,0,0,0,0,0
1788,3820,access_vlan:SW1:eth1:20+access_vlan:SW2:eth1:20+access_vlan:SW2:eth2:10+trunk_remove:SW1:eth3:20+trunk_remove:SW2:eth3:10,24860,24865,0.05,8.899999999999999,5,True,False,True,False,True,recovery_success,0.006030599446967244,5,3,1,0,0,0,0,0,0
1789,3821,access_vlan:SW1:eth1:20+access_vlan:SW1:eth2:10+access_vlan:SW2:eth1:20,24865,24868,0.05,9.5,3,True,False,True,False,True,recovery_success,0.0037469147549321256,3,1,1,0,0,0,0,0,0
1790,3822,access_vlan:SW1:eth2:10+access_vlan:SW2:eth1:20+access_vlan:SW2:eth2:10,24868,24871,0.05,9.5,3,True,False,True,False,True,recovery_success,0.0050184486123422785,3,1,1,0,0,0,0,0,0
1791,3823,access_vlan:SW1:eth1:20+access_vlan:SW2:eth1:20+access_vlan:SW2:eth2:10+trunk_remove:SW1:eth3:20+trunk_remove:SW2:eth3:10+trunk_remove:SW2:eth3:20,24871,24877,0.05,8.6,6,True,False,True,False,True,recovery_success,0.004481986165046692,6,4,1,0,0,0,0,0,0
1792,3824,access_vlan:SW1:eth2:10+trunk_remove:SW1:eth3:10,24877,24881,0.05,9.2,4,True,False,True,False,True,recovery_success,0.07283181452658027,4,2,1,0,0,0,0,0,0
1793,3825,access_vlan:SW2:eth1:20+access_vlan:SW2:eth2:10+trunk_remove:SW2:eth3:10,24881,24886,0.05,8.399999999999999,5,True,False,True,False,True,recovery_success,0.05594855691306293,5,3,1,0,1,1,1,0,0
1794,3826,access_vlan:SW1:eth1:20+access_vlan:SW2:eth1:20+access_vlan:SW2:eth2:10+trunk_remove:SW1:eth3:10,24886,24890,0.05,9.2,4,True,False,True,False,True,recovery_success,0.00991243019234389,4,2,1,0,0,0,0,0,0
1795,3827,access_vlan:SW1:eth2:10+access_vlan:SW2:eth2:10+trunk_remove:SW1:eth3:10,24890,24896,0.05,8.75,6,True,False,True,False,True,recovery_success,0.040882499500488244,6,3,2,0,0,0,0,0,0
1796,3828,access_vlan:SW1:eth1:20+access_vlan:SW1:eth2:10+access_vlan:SW2:eth1:20+trunk_remove:SW1:eth3:10+trunk_remove:SW2:eth3:20,24896,24901,0.05,8.899999999999999,5,True,False,True,False,True,recovery_success,0.010683086048811675,5,3,1,0,0,0,0,0,0
1797,3829,access_vlan:SW1:eth2:10+access_vlan:SW2:eth1:20+access_vlan:SW2:eth2:10+trunk_remove:SW1:eth3:20+trunk_remove:SW2:eth3:10,24901,24910,0.05,8.299999999999999,9,True,False,True,False,True,recovery_success,0.007542037456813786,9,3,5,0,0,0,0,0,0
1798,3830,access_vlan:SW1:eth2:10+access_vlan:SW2:eth2:10+trunk_remove:SW1:eth3:10+trunk_remove:SW2:eth3:10,24910,24916,0.05,8.6,6,True,False,True,False,True,recovery_success,0.03475989766108493,6,4,1,0,0,0,0,0,0
1799,3831,access_vlan:SW1:eth1:20+access_vlan:SW1:eth2:10+access_vlan:SW2:eth2:10+trunk_remove:SW1:eth3:10+trunk_remove:SW2:eth3:10,24916,24924,0.05,7.6499999999999995,8,True,False,True,False,True,recovery_success,0.02675070709665306,8,4,2,0,1,1,1,1,0
1800,3832,access_vlan:SW1:eth1:20+access_vlan:SW1:eth2:10+access_vlan:SW2:eth2:10+trunk_remove:SW1:eth3:10+trunk_remove:SW2:eth3:20,24924,24935,0.05,7.699999999999999,11,True,False,True,False,True,recovery_success,0.036684641699222004,11,5,5,0,0,0,0,0,0
1801,3833,access_vlan:SW1:eth1:20+access_vlan:SW1:eth2:10+trunk_remove:SW1:eth3:10+trunk_remove:SW1:eth3:20+trunk_remove:SW2:eth3:20,24935,24943,0.05,7.6499999999999995,8,True,False,True,False,True,recovery_success,0.02546391898067668,8,5,2,0,1,1,1,0,0
1802,3834,access_vlan:SW1:eth1:20+access_vlan:SW2:eth1:20+access_vlan:SW2:eth2:10+trunk_remove:SW2:eth3:10,24943,24947,0.05,9.2,4,True,False,True,False,True,recovery_success,0.005658954614773393,4,2,1,0,0,0,0,0,0
1803,3835,access_vlan:SW1:eth2:10+access_vlan:SW2:eth1:20+trunk_remove:SW1:eth3:10+trunk_remove:SW1:eth3:20,24947,24953,0.05,8.6,6,True,False,True,False,True,recovery_success,0.028736052064535517,6,4,1,0,0,0,0,0,0
1804,3836,access_vlan:SW1:eth2:10+trunk_remove:SW1:eth3:10+trunk_remove:SW1:eth3:20+trunk_remove:SW2:eth3:10+trunk_remove:SW2:eth3:20,24953,24961,0.05,8.149999999999999,8,True,False,True,False,True,recovery_success,0.04203951155068353,8,5,2,0,0,0,0,0,0
1805,3837,access_vlan:SW1:eth1:20+access_vlan:SW1:eth2:10+access_vlan:SW2:eth2:10+trunk_remove:SW1:eth3:20+trunk_remove:SW2:eth3:10,24961,24966,0.05,8.899999999999999,5,True,False,True,False,True,recovery_success,0.08711144756525754,5,3,1,0,0,0,0,0,0
1806,3838,access_vlan:SW2:eth2:10+trunk_remove:SW2:eth3:10,24966,24973,0.05,8.75,7,True,False,True,False,True,recovery_success,0.01835059141740203,7,2,4,0,0,0,0,0,0
1807,3839,access_vlan:SW1:eth1:20+access_vlan:SW2:eth1:20+trunk_remove:SW1:eth3:10+trunk_remove:SW1:eth3:20+trunk_remove:SW2:eth3:20,24973,24980,0.05,8.299999999999999,7,True,False,True,False,True,recovery_success,0.008796190310801779,7,5,1,0,0,0,0,0,0
1808,3840,access_vlan:SW1:eth2:10+trunk_remove:SW2:eth3:10+trunk_remove:SW2:eth3:20,24980,24991,0.05,7.999999999999999,11,True,False,True,False,True,recovery_success,0.038055299696597183,11,3,7,0,0,0,0,0,0
1809,3841,access_vlan:SW2:eth2:10+trunk_remove:SW2:eth3:10,24991,24995,0.05,9.2,4,True,False,True,False,True,recovery_success,0.011024692095816135,4,2,1,0,0,0,0,0,0
1810,3842,access_vlan:SW1:eth1:20+access_vlan:SW1:eth2:10+trunk_remove:SW1:eth3:10,24995,25000,0.05,8.399999999999999,5,True,False,True,False,True,recovery_success,0.006156551744788885,5,3,1,0,1,1,1,0,0
1811,3843,access_vlan:SW1:eth2:10+trunk_remove:SW1:eth3:10+trunk_remove:SW2:eth3:10,25000,25005,0.05,8.899999999999999,5,True,False,True,False,True,recovery_success,0.017384431883692743,5,3,1,0,0,0,0,0,0
1812,3844,access_vlan:SW1:eth1:20+access_vlan:SW1:eth2:10+trunk_remove:SW1:eth3:10+trunk_remove:SW2:eth3:10+trunk_remove:SW2:eth3:20,25005,25022,0.05,5.5,17,True,False,True,False,True,recovery_success,0.012040467521942714,17,7,9,0,2,2,2,0,0
1813,3845,access_vlan:SW1:eth1:20+access_vlan:SW1:eth2:10+access_vlan:SW2:eth2:10+trunk_remove:SW1:eth3:20+trunk_remove:SW2:eth3:10,25022,25027,0.05,8.899999999999999,5,True,False,True,False,True,recovery_success,0.11303582983091473,5,3,1,0,0,0,0,0,0
1814,3846,access_vlan:SW1:eth1:20+access_vlan:SW1:eth2:10,25027,25047,0.05,6.0,20,True,False,True,False,True,recovery_success,0.012213002308271825,20,4,15,0,1,1,1,0,0
1815,3847,access_vlan:SW2:eth1:20+access_vlan:SW2:eth2:10+trunk_remove:SW2:eth3:20,25047,25052,0.05,8.399999999999999,5,True,False,True,False,True,recovery_success,0.008199572749435901,5,3,1,0,1,1,1,0,0
1816,3848,access_vlan:SW1:eth1:20+access_vlan:SW2:eth1:20+trunk_remove:SW1:eth3:10,25052,25057,0.05,8.399999999999999,5,True,False,True,False,True,recovery_success,0.04987861504778266,5,3,1,0,1,1,1,0,0
1817,3849,access_vlan:SW1:eth1:20+trunk_remove:SW2:eth3:10+trunk_remove:SW2:eth3:20,25057,25062,0.05,8.899999999999999,5,True,False,True,False,True,recovery_success,0.009150218032300473,5,3,1,0,0,0,0,0,0
1818,3850,access_vlan:SW1:eth2:10+access_vlan:SW2:eth2:10+trunk_remove:SW1:eth3:10+trunk_remove:SW1:eth3:20+trunk_remove:SW2:eth3:10,25062,25069,0.05,8.299999999999999,7,True,False,True,False,True,recovery_success,0.042053770406969955,7,5,1,0,0,0,0,0,0
1819,3851,access_vlan:SW1:eth1:20+access_vlan:SW1:eth2:10+access_vlan:SW2:eth2:10+trunk_remove:SW1:eth3:10+trunk_remove:SW1:eth3:20+trunk_remove:SW2:eth3:20,25069,25082,0.05,-12.3,13,True,False,True,False,False,incorrect_declare_done,0.047728584291270144,13,3,9,0,0,0,0,0,1
1820,3852,access_vlan:SW1:eth1:20+trunk_remove:SW1:eth3:20+trunk_remove:SW2:eth3:10+trunk_remove:SW2:eth3:20,25082,25088,0.05,8.6,6,True,False,True,False,True,recovery_success,0.038017591927200556,6,4,1,0,0,0,0,0,0
1821,3853,access_vlan:SW2:eth2:10+trunk_remove:SW1:eth3:10+trunk_remove:SW1:eth3:20,25088,25095,0.05,7.799999999999999,7,True,False,True,False,True,recovery_success,0.03900883898937276,7,5,1,0,1,1,1,1,0
1822,3854,access_vlan:SW1:eth1:20+access_vlan:SW2:eth1:20+trunk_remove:SW1:eth3:10+trunk_remove:SW2:eth3:10+trunk_remove:SW2:eth3:20,25095,25102,0.05,8.299999999999999,7,True,False,True,False,True,recovery_success,0.02876216539048723,7,5,1,0,0,0,0,0,0
1823,3855,access_vlan:SW1:eth2:10+access_vlan:SW2:eth2:10+trunk_remove:SW2:eth3:10,25102,25111,0.05,8.299999999999999,9,True,False,True,False,True,recovery_success,0.01220211166784995,9,3,5,0,0,0,0,0,0
1824,3856,access_vlan:SW1:eth2:10+access_vlan:SW2:eth2:10+trunk_remove:SW2:eth3:10,25111,25116,0.05,8.899999999999999,5,True,False,True,False,True,recovery_success,0.007549058273434639,5,3,1,0,0,0,0,0,0
1825,3857,access_vlan:SW1:eth1:20+access_vlan:SW1:eth2:10+access_vlan:SW2:eth1:20+access_vlan:SW2:eth2:10+trunk_remove:SW2:eth3:20,25116,25118,0.05,9.649999999999999,2,True,False,True,False,True,recovery_success,0.00527842016890645,2,1,0,0,0,0,0,0,0
1826,3858,access_vlan:SW1:eth1:20+trunk_remove:SW2:eth3:10+trunk_remove:SW2:eth3:20,25118,25123,0.05,8.899999999999999,5,True,False,True,False,True,recovery_success,0.05684596840292215,5,3,1,0,0,0,0,0,0
1827,3859,access_vlan:SW1:eth1:20+access_vlan:SW2:eth1:20+trunk_remove:SW1:eth3:20+trunk_remove:SW2:eth3:10+trunk_remove:SW2:eth3:20,25123,25133,0.05,7.85,10,True,False,True,False,True,recovery_success,0.029293285124003886,10,5,4,0,0,0,0,0,0
1828,3860,access_vlan:SW1:eth1:20+access_vlan:SW2:eth1:20+access_vlan:SW2:eth2:10+trunk_remove:SW1:eth3:10+trunk_remove:SW1:eth3:20+trunk_remove:SW2:eth3:10,25133,25147,0.05,6.6,14,True,False,True,False,True,recovery_success,0.02270349035305636,14,6,7,0,1,1,1,1,0
1829,3861,access_vlan:SW1:eth1:20+trunk_remove:SW1:eth3:10,25147,25151,0.05,9.2,4,True,False,True,False,True,recovery_success,0.007858202559873462,4,2,1,0,0,0,0,0,0
1830,3862,access_vlan:SW1:eth1:20+access_vlan:SW2:eth1:20+trunk_remove:SW1:eth3:10+trunk_remove:SW1:eth3:20+trunk_remove:SW2:eth3:10+trunk_remove:SW2:eth3:20,25151,25160,0.05,7.85,9,True,False,True,False,True,recovery_success,0.006321616496683823,9,6,2,0,0,0,0,0,0
1831,3863,access_vlan:SW2:eth1:20+access_vlan:SW2:eth2:10+trunk_remove:SW1:eth3:10+trunk_remove:SW1:eth3:20,25160,25166,0.05,8.1,6,True,False,True,False,True,recovery_success,0.010017232658962408,6,4,1,0,1,1,1,0,0
1832,3864,access_vlan:SW1:eth1:20+access_vlan:SW1:eth2:10+trunk_remove:SW1:eth3:20+trunk_remove:SW2:eth3:20,25166,25172,0.05,8.1,6,True,False,True,False,True,recovery_success,0.008557151770219207,6,4,1,0,1,1,1,0,0
1833,3865,trunk_remove:SW2:eth3:10+trunk_remove:SW2:eth3:20,25172,25176,0.05,9.2,4,True,False,True,False,True,recovery_success,0.00802415597718209,4,2,1,0,0,0,0,0,0
1834,3866,access_vlan:SW2:eth2:10+trunk_remove:SW2:eth3:10+trunk_remove:SW2:eth3:20,25176,25181,0.05,8.899999999999999,5,True,False,True,False,True,recovery_success,0.012933598924428224,5,3,1,0,0,0,0,0,0
1835,3867,trunk_remove:SW1:eth3:10+trunk_remove:SW1:eth3:20+trunk_remove:SW2:eth3:20,25181,25186,0.05,8.899999999999999,5,True,False,True,False,True,recovery_success,0.00818739547394216,5,3,1,0,0,0,0,0,0
1836,3868,access_vlan:SW1:eth2:10+access_vlan:SW2:eth1:20+trunk_remove:SW1:eth3:10+trunk_remove:SW2:eth3:10+trunk_remove:SW2:eth3:20,25186,25195,0.05,7.699999999999999,9,True,False,True,False,True,recovery_success,0.032448344863951206,9,7,1,0,0,0,0,0,0
1837,3869,access_vlan:SW1:eth2:10+access_vlan:SW2:eth1:20+access_vlan:SW2:eth2:10+trunk_remove:SW1:eth3:10+trunk_remove:SW1:eth3:20+trunk_remove:SW2:eth3:10,25195,25201,0.05,8.6,6,True,False,True,False,True,recovery_success,0.011992055418280264,6,4,1,0,0,0,0,0,0
1838,3870,access_vlan:SW1:eth2:10+access_vlan:SW2:eth1:20+access_vlan:SW2:eth2:10+trunk_remove:SW1:eth3:20+trunk_remove:SW2:eth3:10,25201,25219,0.05,6.95,18,True,False,True,False,True,recovery_success,0.00772380343793581,18,3,14,0,0,0,0,0,0
1839,3871,access_vlan:SW1:eth1:20+access_vlan:SW2:eth1:20+trunk_remove:SW1:eth3:10,25219,25239,0.05,6.15,20,True,False,True,False,True,recovery_success,0.007207793719135225,20,3,16,0,1,1,1,0,0
1840,3872,access_vlan:SW1:eth1:20,25239,25246,0.05,8.6,7,True,False,True,False,True,recovery_success,0.00661380888362016,7,3,3,0,0,0,0,0,0
1841,3873,access_vlan:SW1:eth1:20+access_vlan:SW2:eth2:10+trunk_remove:SW1:eth3:10+trunk_remove:SW1:eth3:20+trunk_remove:SW2:eth3:10,25246,25257,0.05,7.699999999999999,11,True,False,True,False,True,recovery_success,0.03093247401358729,11,5,5,0,0,0,0,0,0
1842,3874,access_vlan:SW1:eth2:10+access_vlan:SW2:eth2:10+trunk_remove:SW1:eth3:20+trunk_remove:SW2:eth3:10+trunk_remove:SW2:eth3:20,25257,25273,0.05,6.95,16,True,False,True,False,True,recovery_success,0.024154143131454475,16,5,10,0,0,0,0,0,0
1843,3875,access_vlan:SW2:eth1:20+trunk_remove:SW1:eth3:10+trunk_remove:SW1:eth3:20+trunk_remove:SW2:eth3:20,25273,25279,0.05,8.6,6,True,False,True,False,True,recovery_success,0.006222916456560294,6,4,1,0,0,0,0,0,0
1844,3876,access_vlan:SW1:eth1:20+access_vlan:SW2:eth1:20+trunk_remove:SW1:eth3:10+trunk_remove:SW1:eth3:20,25279,25295,0.05,5.8,16,True,False,True,False,True,recovery_success,0.020862879129708745,16,6,9,0,2,2,1,0,0
1845,3877,access_vlan:SW1:eth2:10+access_vlan:SW2:eth2:10+trunk_remove:SW2:eth3:10+trunk_remove:SW2:eth3:20,25295,25302,0.05,8.45,7,True,False,True,False,True,recovery_success,0.039912275870197585,7,4,2,0,0,0,0,0,0
1846,3878,access_vlan:SW2:eth2:10+trunk_remove:SW1:eth3:10+trunk_remove:SW2:eth3:10,25302,25309,0.05,7.799999999999999,7,True,False,True,False,True,recovery_success,0.007379218536828246,7,5,1,0,1,1,1,1,0
1847,3879,access_vlan:SW1:eth2:10+trunk_remove:SW1:eth3:20+trunk_remove:SW2:eth3:10,25309,25314,0.05,8.899999999999999,5,True,False,True,False,True,recovery_success,0.014040250843390823,5,3,1,0,0,0,0,0,0
1848,3880,access_vlan:SW1:eth2:10+access_vlan:SW2:eth1:20+access_vlan:SW2:eth2:10+trunk_remove:SW2:eth3:20,25314,25318,0.05,9.2,4,True,False,True,False,True,recovery_success,0.05513682134915143,4,2,1,0,0,0,0,0,0
1849,3881,access_vlan:SW1:eth2:10+access_vlan:SW2:eth1:20+trunk_remove:SW1:eth3:10+trunk_remove:SW2:eth3:10,25318,25328,0.05,8.0,10,True,False,True,False,True,recovery_success,0.022149581089615823,10,4,5,0,0,0,0,0,0
1850,3882,access_vlan:SW1:eth1:20+access_vlan:SW1:eth2:10+access_vlan:SW2:eth1:20+trunk_remove:SW1:eth3:10+trunk_remove:SW1:eth3:20+trunk_remove:SW2:eth3:10+trunk_remove:SW2:eth3:20,25328,25343,0.05,6.300000000000001,15,True,False,True,False,True,recovery_success,0.0073274354760845505,15,7,7,0,1,1,1,0,0
1851,3883,access_vlan:SW1:eth1:20,25343,25347,0.05,9.35,4,True,False,True,False,True,recovery_success,0.0070790407480672,4,1,2,0,0,0,0,0,0
1852,3884,access_vlan:SW1:eth1:20+access_vlan:SW2:eth2:10+trunk_remove:SW1:eth3:10,25347,25352,0.05,8.899999999999999,5,True,False,True,False,True,recovery_success,0.00667862081900239,5,3,1,0,0,0,0,0,0
1853,3885,access_vlan:SW2:eth1:20+access_vlan:SW2:eth2:10,25352,25362,0.05,7.799999999999999,10,True,False,True,False,True,recovery_success,0.006645602150820195,10,2,7,0,1,1,1,0,0
1854,3886,access_vlan:SW1:eth2:10+access_vlan:SW2:eth1:20+access_vlan:SW2:eth2:10+trunk_remove:SW2:eth3:20,25362,25366,0.05,9.2,4,True,False,True,False,True,recovery_success,0.05040450789965689,4,2,1,0,0,0,0,0,0
1855,3887,access_vlan:SW2:eth1:20+access_vlan:SW2:eth2:10+trunk_remove:SW1:eth3:10+trunk_remove:SW1:eth3:20,25366,25385,0.05,5.35,19,True,False,True,False,True,recovery_success,0.018543966077758295,19,6,12,0,2,2,2,0,0
1856,3888,access_vlan:SW2:eth1:20+access_vlan:SW2:eth2:10+trunk_remove:SW2:eth3:20,25385,25390,0.05,8.399999999999999,5,True,False,True,False,True,recovery_success,0.003014961676672101,5,3,1,0,1,1,1,0,0
1857,3889,access_vlan:SW1:eth2:10,25390,25393,0.05,9.5,3,True,False,True,False,True,recovery_success,0.0047103942682345705,3,1,1,0,0,0,0,0,0
1858,3890,access_vlan:SW2:eth1:20+trunk_remove:SW2:eth3:10,25393,25397,0.05,9.2,4,True,False,True,False,True,recovery_success,0.045454062637872994,4,2,1,0,0,0,0,0,0
1859,3891,access_vlan:SW1:eth2:10+access_vlan:SW2:eth1:20+access_vlan:SW2:eth2:10+trunk_remove:SW1:eth3:20+trunk_remove:SW2:eth3:10+trunk_remove:SW2:eth3:20,25397,25407,0.05,6.699999999999999,10,True,False,True,False,True,recovery_success,0.008441818458959461,10,6,3,0,2,2,1,0,0
1860,3892,access_vlan:SW1:eth1:20+access_vlan:SW2:eth1:20+access_vlan:SW2:eth2:10+trunk_remove:SW2:eth3:10+trunk_remove:SW2:eth3:20,25407,25413,0.05,8.75,6,True,False,True,False,True,recovery_success,0.04410803481005132,6,3,2,0,0,0,0,0,0
1861,3893,access_vlan:SW2:eth2:10+trunk_remove:SW1:eth3:20,25413,25417,0.05,9.2,4,True,False,True,False,True,recovery_success,0.06311676074983552,4,2,1,0,0,0,0,0,0
1862,3894,access_vlan:SW1:eth1:20+access_vlan:SW2:eth1:20+trunk_remove:SW1:eth3:10+trunk_remove:SW1:eth3:20+trunk_remove:SW2:eth3:20,25417,25420,0.05,-10.65,3,True,False,True,False,False,incorrect_declare_done,0.0052084648826469975,3,2,0,0,0,0,0,0,3
1863,3895,trunk_remove:SW1:eth3:20+trunk_remove:SW2:eth3:10,25420,25430,0.05,4.699999999999999,10,True,False,True,False,True,recovery_success,0.006140334228985011,10,5,3,0,6,3,2,2,0
1864,3896,access_vlan:SW2:eth2:10+trunk_remove:SW1:eth3:20,25430,25434,0.05,9.2,4,True,False,True,False,True,recovery_success,0.09979724360164255,4,2,1,0,0,0,0,0,0
1865,3897,access_vlan:SW1:eth2:10+access_vlan:SW2:eth1:20+access_vlan:SW2:eth2:10+trunk_remove:SW1:eth3:20+trunk_remove:SW2:eth3:20,25434,25440,0.05,8.75,6,True,False,True,False,True,recovery_success,0.00540232522568355,6,3,2,0,0,0,0,0,0
1866,3898,access_vlan:SW1:eth1:20+access_vlan:SW2:eth2:10+trunk_remove:SW1:eth3:10+trunk_remove:SW1:eth3:20,25440,25445,0.05,8.75,5,True,False,True,False,True,recovery_success,0.005823309393599629,5,4,0,0,0,0,0,0,0
1867,3899,access_vlan:SW1:eth1:20+access_vlan:SW1:eth2:10+trunk_remove:SW1:eth3:10+trunk_remove:SW1:eth3:20+trunk_remove:SW2:eth3:20,25445,25452,0.05,7.799999999999999,7,True,False,True,False,True,recovery_success,0.015135354828089476,7,5,1,0,1,1,1,0,0
1868,3900,access_vlan:SW2:eth2:10+trunk_remove:SW1:eth3:10,25452,25456,0.05,9.2,4,True,False,True,False,True,recovery_success,0.043014894938096404,4,2,1,0,0,0,0,0,0
1869,3901,access_vlan:SW1:eth1:20+access_vlan:SW1:eth2:10+access_vlan:SW2:eth1:20,25456,25463,0.05,8.899999999999999,7,True,False,True,False,True,recovery_success,0.03821625081556184,7,1,5,0,0,0,0,0,0
1870,3902,access_vlan:SW1:eth1:20+trunk_remove:SW1:eth3:20,25463,25467,0.05,9.2,4,True,False,True,False,True,recovery_success,0.09793128399178386,4,2,1,0,0,0,0,0,0
1871,3903,trunk_remove:SW1:eth3:20+trunk_remove:SW2:eth3:10,25467,25473,0.05,8.1,6,True,False,True,False,True,recovery_success,0.013512451628533503,6,4,1,0,1,1,1,0,0
1872,3904,access_vlan:SW2:eth1:20+access_vlan:SW2:eth2:10,25473,25478,0.05,8.549999999999999,5,True,False,True,False,True,recovery_success,0.006767145590856671,5,2,2,0,1,1,1,0,0
1873,3905,access_vlan:SW1:eth1:20+access_vlan:SW2:eth1:20+trunk_remove:SW1:eth3:20,25478,25491,0.05,7.699999999999999,13,True,False,True,False,True,recovery_success,0.010085117430067979,13,3,9,0,0,0,0,0,0
1874,3906,access_vlan:SW1:eth1:20+access_vlan:SW1:eth2:10+access_vlan:SW2:eth1:20+trunk_remove:SW2:eth3:10+trunk_remove:SW2:eth3:20,25491,25496,0.05,8.899999999999999,5,True,False,True,False,True,recovery_success,0.05790545269846916,5,3,1,0,0,0,0,0,0
1875,3907,access_vlan:SW1:eth1:20+access_vlan:SW1:eth2:10+access_vlan:SW2:eth1:20+trunk_remove:SW2:eth3:20,25496,25500,0.05,9.2,4,True,False,True,False,True,recovery_success,0.008359786123037338,4,2,1,0,0,0,0,0,0
1876,3908,access_vlan:SW1:eth1:20+access_vlan:SW1:eth2:10+access_vlan:SW2:eth1:20+access_vlan:SW2:eth2:10+trunk_remove:SW2:eth3:10,25500,25503,0.05,9.5,3,True,False,True,False,True,recovery_success,0.02358679473400116,3,1,1,0,0,0,0,0,0
1877,3909,access_vlan:SW1:eth1:20+access_vlan:SW2:eth1:20+access_vlan:SW2:eth2:10+trunk_remove:SW1:eth3:10+trunk_remove:SW1:eth3:20,25503,25519,0.05,7.25,16,True,False,True,False,True,recovery_success,0.02139671050827019,16,3,12,0,0,0,0,0,0
1878,3910,access_vlan:SW2:eth1:20+access_vlan:SW2:eth2:10+trunk_remove:SW1:eth3:10+trunk_remove:SW2:eth3:10+trunk_remove:SW2:eth3:20,25519,25521,0.05,-10.850000000000001,2,True,False,True,False,False,incorrect_declare_done,0.006351771764457226,2,1,0,0,1,1,1,0,3
1879,3911,trunk_remove:SW1:eth3:10+trunk_remove:SW1:eth3:20+trunk_remove:SW2:eth3:10,25521,25526,0.05,8.899999999999999,5,True,False,True,False,True,recovery_success,0.040176653489470485,5,3,1,0,0,0,0,0,0
1880,3912,access_vlan:SW1:eth1:20+access_vlan:SW2:eth1:20+access_vlan:SW2:eth2:10+trunk_remove:SW1:eth3:20+trunk_remove:SW2:eth3:20,25526,25532,0.05,8.75,6,True,False,True,False,True,recovery_success,0.01335090685946246,6,3,2,0,0,0,0,0,0
1881,3913,access_vlan:SW1:eth2:10+access_vlan:SW2:eth1:20+trunk_remove:SW1:eth3:10+trunk_remove:SW2:eth3:20,25532,25545,0.05,7.25,13,True,False,True,False,True,recovery_success,0.012467580345960764,13,6,6,0,0,0,0,0,0
1882,3914,access_vlan:SW2:eth1:20+access_vlan:SW2:eth2:10+trunk_remove:SW2:eth3:20,25545,25556,0.05,7.5,11,True,False,True,False,True,recovery_success,0.012711155990307981,11,3,7,0,1,1,1,0,0
1883,3915,access_vlan:SW1:eth2:10+trunk_remove:SW2:eth3:20,25556,25560,0.05,9.2,4,True,False,True,False,True,recovery_success,0.05704392085317522,4,2,1,0,0,0,0,0,0
1884,3916,access_vlan:SW1:eth1:20+trunk_remove:SW1:eth3:10+trunk_remove:SW1:eth3:20+trunk_remove:SW2:eth3:10,25560,25566,0.05,8.6,6,True,False,True,False,True,recovery_success,0.04498732625506818,6,4,1,0,0,0,0,0,0
1885,3917,access_vlan:SW1:eth2:10+access_vlan:SW2:eth2:10+trunk_remove:SW1:eth3:10+trunk_remove:SW1:eth3:20+trunk_remove:SW2:eth3:10,25566,25574,0.05,8.149999999999999,8,True,False,True,False,True,recovery_success,0.015097915660589933,8,5,2,0,0,0,0,0,0
1886,3918,access_vlan:SW1:eth1:20+access_vlan:SW1:eth2:10+trunk_remove:SW2:eth3:20,25574,25579,0.05,8.399999999999999,5,True,False,True,False,True,recovery_success,0.011517637828364968,5,3,1,0,1,1,1,0,0
1887,3919,access_vlan:SW1:eth1:20+trunk_remove:SW2:eth3:10+trunk_remove:SW2:eth3:20,25579,25592,0.05,7.699999999999999,13,True,False,True,False,True,recovery_success,0.02920396443313131,13,3,9,0,0,0,0,0,0
1888,3920,access_vlan:SW1:eth2:10+access_vlan:SW2:eth1:20+trunk_remove:SW2:eth3:10,25592,25602,0.05,8.149999999999999,10,True,False,True,False,True,recovery_success,0.021033963025547563,10,3,6,0,0,0,0,0,0
1889,3921,access_vlan:SW1:eth1:20+access_vlan:SW1:eth2:10+access_vlan:SW2:eth1:20+access_vlan:SW2:eth2:10+trunk_remove:SW1:eth3:20+trunk_remove:SW2:eth3:20,25602,25607,0.05,9.049999999999999,5,True,False,True,False,True,recovery_success,0.009324117004871369,5,2,2,0,0,0,0,0,0
1890,3922,access_vlan:SW1:eth1:20+access_vlan:SW1:eth2:10+access_vlan:SW2:eth2:10+trunk_remove:SW1:eth3:10+trunk_remove:SW1:eth3:20+trunk_remove:SW2:eth3:10,25607,25616,0.05,6.85,9,True,False,True,False,True,recovery_success,0.02857652435907059,9,6,2,0,2,2,1,0,0
1891,3923,access_vlan:SW1:eth2:10+trunk_remove:SW1:eth3:10+trunk_remove:SW2:eth3:10+trunk_remove:SW2:eth3:20,25616,25626,0.05,8.0,10,True,False,True,False,True,recovery_success,0.023110967176035047,10,4,5,0,0,0,0,0,0
1892,3924,access_vlan:SW1:eth1:20+access_vlan:SW2:eth1:20+trunk_remove:SW1:eth3:10+trunk_remove:SW1:eth3:20,25626,25639,0.05,7.549999999999999,13,True,False,True,False,True,recovery_success,0.031864967806121476,13,4,8,0,0,0,0,0,0
1893,3925,access_vlan:SW1:eth2:10+trunk_remove:SW1:eth3:20,25639,25644,0.05,9.049999999999999,5,True,False,True,False,True,recovery_success,0.044137240014970304,5,2,2,0,0,0,0,0,0
1894,3926,access_vlan:SW1:eth1:20+trunk_remove:SW2:eth3:20,25644,25649,0.05,9.049999999999999,5,True,False,True,False,True,recovery_success,0.008207666035741568,5,2,2,0,0,0,0,0,0
1895,3927,access_vlan:SW1:eth1:20+access_vlan:SW1:eth2:10+access_vlan:SW2:eth1:20+access_vlan:SW2:eth2:10+trunk_remove:SW1:eth3:10+trunk_remove:SW1:eth3:20+trunk_remove:SW2:eth3:10,25649,25657,0.05,8.45,8,True,False,True,False,True,recovery_success,0.00978512316942215,8,3,4,0,0,0,0,0,0
1896,3928,access_vlan:SW1:eth1:20,25657,25676,0.05,7.1,19,True,False,True,False,True,recovery_success,0.01869130595342109,19,1,17,0,0,0,0,0,0
1897,3929,access_vlan:SW1:eth1:20+access_vlan:SW1:eth2:10+access_vlan:SW2:eth2:10+trunk_remove:SW1:eth3:10+trunk_remove:SW2:eth3:20,25676,25681,0.05,8.899999999999999,5,True,False,True,False,True,recovery_success,0.007770389877259731,5,3,1,0,0,0,0,0,0
1898,3930,access_vlan:SW1:eth1:20+access_vlan:SW1:eth2:10+access_vlan:SW2:eth2:10+trunk_remove:SW2:eth3:10,25681,25689,0.05,8.6,8,True,False,True,False,True,recovery_success,0.010092921496834606,8,2,5,0,0,0,0,0,0
1899,3931,access_vlan:SW1:eth1:20+access_vlan:SW2:eth1:20+access_vlan:SW2:eth2:10+trunk_remove:SW1:eth3:10+trunk_remove:SW1:eth3:20,25689,25695,0.05,8.75,6,True,False,True,False,True,recovery_success,0.04242777870967984,6,3,2,0,0,0,0,0,0
1900,3932,access_vlan:SW1:eth1:20+trunk_remove:SW1:eth3:10+trunk_remove:SW1:eth3:20+trunk_remove:SW2:eth3:10,25695,25701,0.05,8.6,6,True,False,True,False,True,recovery_success,0.00944595403658847,6,4,1,0,0,0,0,0,0
1901,3933,access_vlan:SW1:eth1:20+access_vlan:SW1:eth2:10+access_vlan:SW2:eth2:10+trunk_remove:SW1:eth3:20+trunk_remove:SW2:eth3:10,25701,25707,0.05,8.75,6,True,False,True,False,True,recovery_success,0.04322036526476344,6,3,2,0,0,0,0,0,0
1902,3934,access_vlan:SW1:eth1:20+access_vlan:SW1:eth2:10+trunk_remove:SW1:eth3:20,25707,25713,0.05,8.25,6,True,False,True,False,True,recovery_success,0.04057868379944315,6,3,2,0,1,1,1,0,0
1903,3935,access_vlan:SW1:eth2:10+access_vlan:SW2:eth1:20,25713,25718,0.05,8.549999999999999,5,True,False,True,False,True,recovery_success,0.02988124657422304,5,2,2,0,1,1,1,0,0
1904,3936,access_vlan:SW1:eth1:20+access_vlan:SW2:eth2:10+trunk_remove:SW2:eth3:10,25718,25720,0.05,-10.850000000000001,2,True,False,True,False,False,incorrect_declare_done,0.0058794766664505005,2,1,0,0,1,1,1,0,3
1905,3937,access_vlan:SW1:eth2:10+access_vlan:SW2:eth2:10+trunk_remove:SW1:eth3:20+trunk_remove:SW2:eth3:10,25720,25730,0.05,6.199999999999999,10,True,False,True,False,True,recovery_success,0.008889717748388648,10,6,3,0,3,3,1,1,0
1906,3938,access_vlan:SW1:eth1:20+access_vlan:SW2:eth2:10+trunk_remove:SW1:eth3:10,25730,25752,0.05,6.3500000000000005,22,True,False,True,False,True,recovery_success,0.033666497858410534,22,3,18,0,0,0,0,0,0
1907,3939,access_vlan:SW1:eth1:20+access_vlan:SW2:eth2:10,25752,25757,0.05,8.549999999999999,5,True,False,True,False,True,recovery_success,0.04533340446650982,5,2,2,0,1,1,1,0,0
1908,3940,access_vlan:SW1:eth1:20+access_vlan:SW2:eth1:20,25757,25761,0.05,8.7,4,True,False,True,False,True,recovery_success,0.02178616216406226,4,2,1,0,1,1,1,0,0
1909,3941,trunk_remove:SW1:eth3:10+trunk_remove:SW1:eth3:20+trunk_remove:SW2:eth3:10+trunk_remove:SW2:eth3:20,25761,25783,0.05,4.1,22,True,False,True,False,True,recovery_success,0.02214429226957939,22,8,13,0,3,3,2,0,0
1910,3942,access_vlan:SW2:eth1:20+access_vlan:SW2:eth2:10+trunk_remove:SW2:eth3:10,25783,25789,0.05,8.25,6,True,False,True,False,True,recovery_success,0.04861092893406749,6,3,2,0,1,1,1,0,0
1911,3943,access_vlan:SW1:eth1:20+access_vlan:SW2:eth2:10,25789,25819,0.05,-8.75,30,True,False,False,True,False,step_limit,0.018319041871776184,30,3,25,0,7,4,5,0,3
1912,3944,access_vlan:SW1:eth1:20+trunk_remove:SW2:eth3:20,25819,25823,0.05,9.2,4,True,False,True,False,True,recovery_success,0.08912571426481009,4,2,1,0,0,0,0,0,0
1913,3945,access_vlan:SW1:eth1:20+access_vlan:SW2:eth1:20+trunk_remove:SW2:eth3:10,25823,25829,0.05,8.25,6,True,False,True,False,True,recovery_success,0.030773748100424807,6,3,2,0,1,1,1,0,0
1914,3946,access_vlan:SW1:eth1:20+trunk_remove:SW1:eth3:10,25829,25855,0.05,-13.95,26,True,False,True,False,False,incorrect_declare_done,0.025194807649733357,26,1,24,0,0,0,0,0,3
1915,3947,access_vlan:SW1:eth1:20+access_vlan:SW1:eth2:10+trunk_remove:SW1:eth3:20+trunk_remove:SW2:eth3:10+trunk_remove:SW2:eth3:20,25855,25864,0.05,6.699999999999999,9,True,False,True,False,True,recovery_success,0.0058312147286617095,9,7,1,0,2,2,2,1,0
1916,3948,access_vlan:SW1:eth2:10+access_vlan:SW2:eth1:20+access_vlan:SW2:eth2:10+trunk_remove:SW1:eth3:10,25864,25873,0.05,8.45,9,True,False,True,False,True,recovery_success,0.0060126436356869005,9,2,6,0,0,0,0,0,0
1917,3949,access_vlan:SW2:eth2:10+trunk_remove:SW1:eth3:10+trunk_remove:SW1:eth3:20,25873,25878,0.05,8.899999999999999,5,True,False,True,False,True,recovery_success,0.0053839003667235374,5,3,1,0,0,0,0,0,0
1918,3950,access_vlan:SW1:eth1:20+access_vlan:SW2:eth2:10,25878,25882,0.05,8.7,4,True,False,True,False,True,recovery_success,0.006024987087585032,4,2,1,0,1,1,1,0,0
1919,3951,access_vlan:SW1:eth2:10+access_vlan:SW2:eth2:10+trunk_remove:SW1:eth3:10+trunk_remove:SW2:eth3:10,25882,25890,0.05,8.299999999999999,8,True,False,True,False,True,recovery_success,0.030416317225899547,8,4,3,0,0,0,0,0,0
1920,3952,access_vlan:SW1:eth2:10+access_vlan:SW2:eth1:20+access_vlan:SW2:eth2:10+trunk_remove:SW2:eth3:20,25890,25899,0.05,7.1499999999999995,9,True,False,True,False,True,recovery_success,0.008093187481992774,9,4,4,0,2,2,1,0,0
1921,3953,access_vlan:SW2:eth1:20+access_vlan:SW2:eth2:10+trunk_remove:SW2:eth3:10,25899,25922,0.05,4.899999999999999,23,True,False,True,False,True,recovery_success,0.02090915717670451,23,5,17,0,2,2,2,0,0
1922,3954,access_vlan:SW1:eth2:10+access_vlan:SW2:eth2:10+trunk_remove:SW1:eth3:20+trunk_remove:SW2:eth3:10,25922,25933,0.05,6.55,11,True,False,True,False,True,recovery_success,0.006986390270123427,11,6,4,0,2,2,1,0,0
1923,3955,access_vlan:SW1:eth1:20+trunk_remove:SW1:eth3:10+trunk_remove:SW2:eth3:10+trunk_remove:SW2:eth3:20,25933,25939,0.05,8.6,6,True,False,True,False,True,recovery_success,0.003846282527471582,6,4,1,0,0,0,0,0,0
1924,3956,access_vlan:SW1:eth1:20+access_vlan:SW1:eth2:10+access_vlan:SW2:eth1:20+trunk_remove:SW1:eth3:20+trunk_remove:SW2:eth3:20,25939,25945,0.05,8.75,6,True,False,True,False,True,recovery_success,0.026781326547885936,6,3,2,0,0,0,0,0,0
1925,3957,access_vlan:SW1:eth2:10+trunk_remove:SW1:eth3:10+trunk_remove:SW1:eth3:20+trunk_remove:SW2:eth3:20,25945,25951,0.05,8.6,6,True,False,True,False,True,recovery_success,0.005063526759234567,6,4,1,0,0,0,0,0,0
1926,3958,access_vlan:SW1:eth2:10+access_vlan:SW2:eth1:20+trunk_remove:SW2:eth3:10,25951,25958,0.05,7.3,7,True,False,True,False,True,recovery_success,0.0223325103454824,7,5,1,0,2,2,1,0,0
1927,3959,access_vlan:SW1:eth2:10+trunk_remove:SW1:eth3:10+trunk_remove:SW1:eth3:20,25958,25968,0.05,6.05,10,True,False,True,False,True,recovery_success,0.0065545396995730695,10,7,2,0,3,3,3,0,0
1928,3960,access_vlan:SW1:eth2:10+access_vlan:SW2:eth2:10+trunk_remove:SW1:eth3:10+trunk_remove:SW1:eth3:20,25968,25974,0.05,8.6,6,True,False,True,False,True,recovery_success,0.020952649278721463,6,4,1,0,0,0,0,0,0
1929,3961,trunk_remove:SW1:eth3:10+trunk_remove:SW2:eth3:20,25974,25978,0.05,9.2,4,True,False,True,False,True,recovery_success,0.005430462013464421,4,2,1,0,0,0,0,0,0
1930,3962,access_vlan:SW1:eth1:20+trunk_remove:SW2:eth3:20,25978,25982,0.05,9.2,4,True,False,True,False,True,recovery_success,0.01905215496663004,4,2,1,0,0,0,0,0,0
1931,3963,trunk_remove:SW1:eth3:20+trunk_remove:SW2:eth3:10,25982,26011,0.05,3.349999999999995,29,True,False,True,False,True,recovery_success,0.02468581236336894,29,6,22,0,3,3,2,0,0
1932,3964,access_vlan:SW2:eth1:20+access_vlan:SW2:eth2:10+trunk_remove:SW1:eth3:20+trunk_remove:SW2:eth3:10,26011,26018,0.05,7.949999999999999,7,True,False,True,False,True,recovery_success,0.04571518062480858,7,4,2,0,1,1,1,0,0
1933,3965,access_vlan:SW1:eth1:20+trunk_remove:SW1:eth3:20,26018,26024,0.05,8.899999999999999,6,True,False,True,False,True,recovery_success,0.011818472140779098,6,2,3,0,0,0,0,0,0
1934,3966,access_vlan:SW1:eth1:20+access_vlan:SW2:eth1:20+trunk_remove:SW1:eth3:20+trunk_remove:SW2:eth3:10+trunk_remove:SW2:eth3:20,26024,26034,0.05,7.05,10,True,False,True,False,True,recovery_success,0.007648237468674779,10,7,2,0,1,1,1,0,0
1935,3967,access_vlan:SW2:eth1:20+access_vlan:SW2:eth2:10+trunk_remove:SW2:eth3:10+trunk_remove:SW2:eth3:20,26034,26041,0.05,7.949999999999999,7,True,False,True,False,True,recovery_success,0.02243290568834969,7,4,2,0,1,1,1,0,0
1936,3968,access_vlan:SW1:eth1:20+trunk_remove:SW1:eth3:10,26041,26055,0.05,6.3999999999999995,14,True,False,True,False,True,recovery_success,0.026940705820119808,14,4,9,0,2,2,1,0,0
1937,3969,access_vlan:SW1:eth1:20+access_vlan:SW2:eth1:20+access_vlan:SW2:eth2:10+trunk_remove:SW1:eth3:10,26055,26059,0.05,9.2,4,True,False,True,False,True,recovery_success,0.0059222321142442524,4,2,1,0,0,0,0,0,0
1938,3970,access_vlan:SW1:eth1:20+access_vlan:SW1:eth2:10+access_vlan:SW2:eth1:20,26059,26063,0.05,9.35,4,True,False,True,False,True,recovery_success,0.005096307024359703,4,1,2,0,0,0,0,0,0
1939,3971,access_vlan:SW1:eth1:20+access_vlan:SW1:eth2:10+access_vlan:SW2:eth2:10+trunk_remove:SW1:eth3:20+trunk_remove:SW2:eth3:20,26063,26068,0.05,8.899999999999999,5,True,False,True,False,True,recovery_success,0.007957484386861325,5,3,1,0,0,0,0,0,0
1940,3972,access_vlan:SW1:eth1:20+access_vlan:SW2:eth1:20+trunk_remove:SW2:eth3:10+trunk_remove:SW2:eth3:20,26068,26074,0.05,8.6,6,True,False,True,False,True,recovery_success,0.008770014625042677,6,4,1,0,0,0,0,0,0
1941,3973,access_vlan:SW1:eth1:20+access_vlan:SW1:eth2:10+trunk_remove:SW1:eth3:10+trunk_remove:SW2:eth3:20,26074,26086,0.05,5.599999999999999,12,True,False,True,False,True,recovery_success,0.006313984379327546,12,8,3,0,3,3,3,1,0
1942,3974,access_vlan:SW1:eth1:20+access_vlan:SW1:eth2:10+access_vlan:SW2:eth1:20+trunk_remove:SW1:eth3:10+trunk_remove:SW1:eth3:20+trunk_remove:SW2:eth3:10+trunk_remove:SW2:eth3:20,26086,26093,0.05,8.299999999999999,7,True,False,True,False,True,recovery_success,0.0051225541226033655,7,5,1,0,0,0,0,0,0
1943,3975,access_vlan:SW1:eth2:10+access_vlan:SW2:eth1:20+trunk_remove:SW1:eth3:10+trunk_remove:SW2:eth3:10,26093,26101,0.05,6.5,8,True,False,True,False,True,recovery_success,0.04658906615804881,8,6,1,0,3,3,1,1,0
1944,3976,access_vlan:SW2:eth1:20+access_vlan:SW2:eth2:10+trunk_remove:SW1:eth3:20+trunk_remove:SW2:eth3:20,26101,26107,0.05,8.1,6,True,False,True,False,True,recovery_success,0.010330347926355898,6,4,1,0,1,1,1,0,0
1945,3977,access_vlan:SW2:eth2:10+trunk_remove:SW1:eth3:10+trunk_remove:SW1:eth3:20,26107,26112,0.05,8.899999999999999,5,True,False,True,False,True,recovery_success,0.011516276467591523,5,3,1,0,0,0,0,0,0
1946,3978,access_vlan:SW2:eth1:20+access_vlan:SW2:eth2:10+trunk_remove:SW1:eth3:10+trunk_remove:SW1:eth3:20,26112,26120,0.05,7.5,8,True,False,True,False,True,recovery_success,0.015712312946561724,8,6,1,0,1,1,1,0,0
1947,3979,access_vlan:SW1:eth2:10+access_vlan:SW2:eth2:10+trunk_remove:SW1:eth3:10+trunk_remove:SW2:eth3:10+trunk_remove:SW2:eth3:20,26120,26128,0.05,8.149999999999999,8,True,False,True,False,True,recovery_success,0.008058559847995639,8,5,2,0,0,0,0,0,0
1948,3980,access_vlan:SW2:eth2:10+trunk_remove:SW1:eth3:10+trunk_remove:SW2:eth3:10,26128,26136,0.05,8.45,8,True,False,True,False,True,recovery_success,0.05793762218672782,8,3,4,0,0,0,0,0,0
1949,3981,access_vlan:SW2:eth2:10+trunk_remove:SW1:eth3:10+trunk_remove:SW1:eth3:20,26136,26141,0.05,8.899999999999999,5,True,False,True,False,True,recovery_success,0.044209782127290966,5,3,1,0,0,0,0,0,0
1950,3982,access_vlan:SW1:eth2:10+access_vlan:SW2:eth2:10+trunk_remove:SW1:eth3:10,26141,26146,0.05,8.899999999999999,5,True,False,True,False,True,recovery_success,0.006702039716765284,5,3,1,0,0,0,0,0,0
1951,3983,access_vlan:SW1:eth2:10+access_vlan:SW2:eth1:20+trunk_remove:SW1:eth3:10+trunk_remove:SW1:eth3:20,26146,26152,0.05,8.6,6,True,False,True,False,True,recovery_success,0.015301926139121255,6,4,1,0,0,0,0,0,0
1952,3984,access_vlan:SW1:eth2:10+access_vlan:SW2:eth2:10+trunk_remove:SW1:eth3:10+trunk_remove:SW1:eth3:20+trunk_remove:SW2:eth3:10+trunk_remove:SW2:eth3:20,26152,26160,0.05,7.999999999999999,8,True,False,True,False,True,recovery_success,0.008683433145051822,8,6,1,0,0,0,0,0,0
1953,3985,access_vlan:SW2:eth1:20+trunk_remove:SW1:eth3:10+trunk_remove:SW1:eth3:20,26160,26169,0.05,8.299999999999999,9,True,False,True,False,True,recovery_success,0.008880894346576598,9,3,5,0,0,0,0,0,0
1954,3986,access_vlan:SW1:eth1:20+access_vlan:SW1:eth2:10+access_vlan:SW2:eth1:20+access_vlan:SW2:eth2:10+trunk_remove:SW1:eth3:10+trunk_remove:SW1:eth3:20+trunk_remove:SW2:eth3:10+trunk_remove:SW2:eth3:20,26169,26176,0.05,8.45,7,True,False,True,False,True,recovery_success,0.005878327181562781,7,4,2,0,0,0,0,0,0
1955,3987,access_vlan:SW1:eth1:20+trunk_remove:SW1:eth3:10+trunk_remove:SW2:eth3:20,26176,26181,0.05,8.899999999999999,5,True,False,True,False,True,recovery_success,0.006838610209524631,5,3,1,0,0,0,0,0,0
1956,3988,access_vlan:SW1:eth1:20+access_vlan:SW2:eth2:10+trunk_remove:SW2:eth3:10,26181,26186,0.05,8.899999999999999,5,True,False,True,False,True,recovery_success,0.004319742694497109,5,3,1,0,0,0,0,0,0
1957,3989,access_vlan:SW2:eth1:20+access_vlan:SW2:eth2:10+trunk_remove:SW1:eth3:10+trunk_remove:SW1:eth3:20,26186,26192,0.05,8.1,6,True,False,True,False,True,recovery_success,0.021862813155166805,6,4,1,0,1,1,1,0,0
1958,3990,access_vlan:SW1:eth1:20+access_vlan:SW1:eth2:10+trunk_remove:SW1:eth3:20+trunk_remove:SW2:eth3:20,26192,26200,0.05,7.799999999999999,8,True,False,True,False,True,recovery_success,0.005157617066288367,8,4,3,0,1,1,1,0,0
1959,3991,access_vlan:SW1:eth1:20+access_vlan:SW1:eth2:10+access_vlan:SW2:eth1:20+trunk_remove:SW2:eth3:20,26200,26204,0.05,9.2,4,True,False,True,False,True,recovery_success,0.027408490772359073,4,2,1,0,0,0,0,0,0
1960,3992,access_vlan:SW1:eth1:20+access_vlan:SW2:eth2:10+trunk_remove:SW1:eth3:20+trunk_remove:SW2:eth3:20,26204,26213,0.05,7.35,9,True,False,True,False,True,recovery_success,0.031985973473638296,9,6,2,0,1,1,1,1,0
1961,3993,access_vlan:SW1:eth1:20+access_vlan:SW2:eth2:10+trunk_remove:SW1:eth3:20+trunk_remove:SW2:eth3:10,26213,26219,0.05,8.6,6,True,False,True,False,True,recovery_success,0.0078050744875023765,6,4,1,0,0,0,0,0,0
1962,3994,access_vlan:SW1:eth1:20+access_vlan:SW1:eth2:10+access_vlan:SW2:eth1:20+trunk_remove:SW1:eth3:10+trunk_remove:SW1:eth3:20,26219,26224,0.05,8.899999999999999,5,True,False,True,False,True,recovery_success,0.04306276380084455,5,3,1,0,0,0,0,0,0
1963,3995,access_vlan:SW2:eth1:20+access_vlan:SW2:eth2:10+trunk_remove:SW1:eth3:10+trunk_remove:SW2:eth3:10,26224,26230,0.05,8.1,6,True,False,True,False,True,recovery_success,0.0054743976797908545,6,4,1,0,1,1,1,0,0
1964,3996,access_vlan:SW1:eth1:20+access_vlan:SW2:eth1:20+trunk_remove:SW1:eth3:20,26230,26235,0.05,8.899999999999999,5,True,False,True,False,True,recovery_success,0.010558869689702988,5,3,1,0,0,0,0,0,0
1965,3997,access_vlan:SW1:eth1:20+access_vlan:SW1:eth2:10+access_vlan:SW2:eth1:20+access_vlan:SW2:eth2:10+trunk_remove:SW2:eth3:10,26235,26238,0.05,9.5,3,True,False,True,False,True,recovery_success,0.005214530664185683,3,1,1,0,0,0,0,0,0
1966,3998,access_vlan:SW1:eth1:20+access_vlan:SW2:eth2:10+trunk_remove:SW1:eth3:20,26238,26243,0.05,8.399999999999999,5,True,False,True,False,True,recovery_success,0.010090077389031648,5,3,1,0,1,1,1,0,0
1967,3999,access_vlan:SW1:eth1:20+access_vlan:SW1:eth2:10+access_vlan:SW2:eth1:20+access_vlan:SW2:eth2:10+trunk_remove:SW1:eth3:10,26243,26249,0.05,8.25,6,True,False,True,False,True,recovery_success,0.038231723476201296,6,3,2,0,1,1,1,1,0
1968,4000,access_vlan:SW1:eth2:10+access_vlan:SW2:eth1:20+access_vlan:SW2:eth2:10+trunk_remove:SW1:eth3:10+trunk_remove:SW1:eth3:20+trunk_remove:SW2:eth3:10+trunk_remove:SW2:eth3:20,26249,26256,0.05,8.299999999999999,7,True,False,True,False,True,recovery_success,0.019335740179355656,7,5,1,0,0,0,0,0,0
1969,4001,access_vlan:SW2:eth1:20+trunk_remove:SW1:eth3:10+trunk_remove:SW2:eth3:10+trunk_remove:SW2:eth3:20,26256,26264,0.05,7.5,8,True,False,True,False,True,recovery_success,0.011111898580566049,8,6,1,0,1,1,1,0,0
1970,4002,access_vlan:SW1:eth1:20+trunk_remove:SW1:eth3:20+trunk_remove:SW2:eth3:10+trunk_remove:SW2:eth3:20,26264,26270,0.05,8.6,6,True,False,True,False,True,recovery_success,0.006125233989829819,6,4,1,0,0,0,0,0,0
1971,4003,access_vlan:SW1:eth1:20+trunk_remove:SW1:eth3:10+trunk_remove:SW1:eth3:20+trunk_remove:SW2:eth3:10+trunk_remove:SW2:eth3:20,26270,26277,0.05,8.299999999999999,7,True,False,True,False,True,recovery_success,0.01198465546726116,7,5,1,0,0,0,0,0,0
1972,4004,access_vlan:SW1:eth1:20+trunk_remove:SW1:eth3:20+trunk_remove:SW2:eth3:20,26277,26290,0.05,4.6,13,True,False,True,False,True,recovery_success,0.017419443286668796,13,6,5,0,5,4,3,0,0
1973,4005,access_vlan:SW1:eth2:10+access_vlan:SW2:eth2:10+trunk_remove:SW1:eth3:10+trunk_remove:SW1:eth3:20+trunk_remove:SW2:eth3:20,26290,26297,0.05,8.299999999999999,7,True,False,True,False,True,recovery_success,0.0077742718692336765,7,5,1,0,0,0,0,0,0
1974,4006,access_vlan:SW1:eth1:20+access_vlan:SW2:eth2:10+trunk_remove:SW1:eth3:20+trunk_remove:SW2:eth3:10,26297,26306,0.05,7.35,9,True,False,True,False,True,recovery_success,0.029980941106461816,9,6,2,0,1,1,1,1,0
1975,4007,access_vlan:SW1:eth2:10+trunk_remove:SW1:eth3:20+trunk_remove:SW2:eth3:20,26306,26311,0.05,8.899999999999999,5,True,False,True,False,True,recovery_success,0.003914223238825798,5,3,1,0,0,0,0,0,0
1976,4008,access_vlan:SW2:eth1:20+trunk_remove:SW1:eth3:20,26311,26317,0.05,8.1,6,True,False,True,False,True,recovery_success,0.004300890179971854,6,4,1,0,1,1,1,0,0
1977,4009,access_vlan:SW1:eth2:10+access_vlan:SW2:eth1:20+trunk_remove:SW1:eth3:10+trunk_remove:SW1:eth3:20+trunk_remove:SW2:eth3:10,26317,26324,0.05,8.299999999999999,7,True,False,True,False,True,recovery_success,0.011238169723323413,7,5,1,0,0,0,0,0,0
1978,4010,access_vlan:SW1:eth2:10+trunk_remove:SW2:eth3:20,26324,26328,0.05,9.2,4,True,False,True,False,True,recovery_success,0.004018634965177625,4,2,1,0,0,0,0,0,0
1979,4011,access_vlan:SW1:eth1:20+access_vlan:SW1:eth2:10+trunk_remove:SW1:eth3:10+trunk_remove:SW1:eth3:20+trunk_remove:SW2:eth3:20,26328,26338,0.05,6.549999999999999,10,True,False,True,False,True,recovery_success,0.028987535112537443,10,7,2,0,2,2,2,1,0
1980,4012,access_vlan:SW1:eth1:20+access_vlan:SW2:eth1:20+access_vlan:SW2:eth2:10+trunk_remove:SW1:eth3:10+trunk_remove:SW1:eth3:20+trunk_remove:SW2:eth3:10+trunk_remove:SW2:eth3:20,26338,26345,0.05,8.299999999999999,7,True,False,True,False,True,recovery_success,0.004495186697957771,7,5,1,0,0,0,0,0,0
1981,4013,access_vlan:SW1:eth2:10+access_vlan:SW2:eth1:20+trunk_remove:SW1:eth3:10+trunk_remove:SW2:eth3:10,26345,26356,0.05,7.25,11,True,False,True,False,True,recovery_success,0.04944205379367552,11,8,2,0,0,0,0,0,0
1982,4014,access_vlan:SW2:eth2:10+trunk_remove:SW2:eth3:10,26356,26360,0.05,9.2,4,True,False,True,False,True,recovery_success,0.006857612286694348,4,2,1,0,0,0,0,0,0
1983,4015,access_vlan:SW1:eth1:20+access_vlan:SW2:eth1:20+access_vlan:SW2:eth2:10+trunk_remove:SW1:eth3:20+trunk_remove:SW2:eth3:20,26360,26365,0.05,8.899999999999999,5,True,False,True,False,True,recovery_success,0.011097748018801212,5,3,1,0,0,0,0,0,0
1984,4016,access_vlan:SW1:eth1:20+access_vlan:SW1:eth2:10+access_vlan:SW2:eth2:10+trunk_remove:SW1:eth3:10,26365,26369,0.05,9.2,4,True,False,True,False,True,recovery_success,0.04829348373459652,4,2,1,0,0,0,0,0,0
1985,4017,access_vlan:SW1:eth2:10+access_vlan:SW2:eth2:10+trunk_remove:SW1:eth3:10+trunk_remove:SW1:eth3:20,26369,26375,0.05,8.6,6,True,False,True,False,True,recovery_success,0.004902732674963772,6,4,1,0,0,0,0,0,0
1986,4018,access_vlan:SW2:eth2:10+trunk_remove:SW2:eth3:20,26375,26379,0.05,9.2,4,True,False,True,False,True,recovery_success,0.00405242427950725,4,2,1,0,0,0,0,0,0
1987,4019,access_vlan:SW1:eth1:20+access_vlan:SW2:eth2:10,26379,26385,0.05,8.399999999999999,6,True,False,True,False,True,recovery_success,0.021526134068456788,6,2,3,0,1,1,1,0,0
1988,4020,access_vlan:SW1:eth1:20+access_vlan:SW2:eth1:20+access_vlan:SW2:eth2:10+trunk_remove:SW1:eth3:10,26385,26389,0.05,9.2,4,True,False,True,False,True,recovery_success,0.05374648002907634,4,2,1,0,0,0,0,0,0
1989,4021,access_vlan:SW2:eth1:20+access_vlan:SW2:eth2:10+trunk_remove:SW1:eth3:10+trunk_remove:SW1:eth3:20+trunk_remove:SW2:eth3:10+trunk_remove:SW2:eth3:20,26389,26397,0.05,7.5,8,True,False,True,False,True,recovery_success,0.01792436631512828,8,6,1,0,1,1,1,0,0
1990,4022,trunk_remove:SW1:eth3:10,26397,26400,0.05,9.5,3,True,False,True,False,True,recovery_success,0.003749118186533451,3,1,1,0,0,0,0,0,0
1991,4023,access_vlan:SW1:eth2:10+trunk_remove:SW1:eth3:10+trunk_remove:SW2:eth3:10+trunk_remove:SW2:eth3:20,26400,26406,0.05,8.6,6,True,False,True,False,True,recovery_success,0.006118448412356277,6,4,1,0,0,0,0,0,0
1992,4024,access_vlan:SW2:eth1:20+trunk_remove:SW1:eth3:20,26406,26410,0.05,9.2,4,True,False,True,False,True,recovery_success,0.011210593394935131,4,2,1,0,0,0,0,0,0
1993,4025,access_vlan:SW1:eth1:20+access_vlan:SW1:eth2:10+access_vlan:SW2:eth1:20+trunk_remove:SW1:eth3:10,26410,26418,0.05,6.0,8,True,False,True,False,True,recovery_success,0.006373132928274572,8,6,1,0,4,4,2,1,0
1994,4026,access_vlan:SW1:eth1:20+access_vlan:SW2:eth1:20+access_vlan:SW2:eth2:10+trunk_remove:SW2:eth3:20,26418,26422,0.05,9.2,4,True,False,True,False,True,recovery_success,0.007431257690768689,4,2,1,0,0,0,0,0,0
1995,4027,access_vlan:SW1:eth2:10,26422,26425,0.05,9.5,3,True,False,True,False,True,recovery_success,0.010751603326449791,3,1,1,0,0,0,0,0,0
1996,4028,access_vlan:SW1:eth1:20+access_vlan:SW1:eth2:10+access_vlan:SW2:eth1:20+trunk_remove:SW1:eth3:10,26425,26429,0.05,9.2,4,True,False,True,False,True,recovery_success,0.004560988687444478,4,2,1,0,0,0,0,0,0
1997,4029,trunk_remove:SW1:eth3:20+trunk_remove:SW2:eth3:20,26429,26433,0.05,9.2,4,True,False,True,False,True,recovery_success,0.05444924527546391,4,2,1,0,0,0,0,0,0
1998,4030,access_vlan:SW1:eth1:20+access_vlan:SW1:eth2:10+access_vlan:SW2:eth2:10+trunk_remove:SW2:eth3:10,26433,26437,0.05,9.2,4,True,False,True,False,True,recovery_success,0.048737486184109,4,2,1,0,0,0,0,0,0
1999,4031,access_vlan:SW1:eth2:10+trunk_remove:SW2:eth3:10,26437,26441,0.05,9.2,4,True,False,True,False,True,recovery_success,0.005914067383855581,4,2,1,0,0,0,0,0,0
2000,4032,access_vlan:SW1:eth1:20+access_vlan:SW1:eth2:10+trunk_remove:SW1:eth3:20,26441,26446,0.05,8.399999999999999,5,True,False,True,False,True,recovery_success,0.008099886775016784,5,3,1,0,1,1,1,0,0
2001,4033,access_vlan:SW1:eth1:20+access_vlan:SW1:eth2:10+access_vlan:SW2:eth2:10+trunk_remove:SW1:eth3:10,26446,26450,0.05,9.2,4,True,False,True,False,True,recovery_success,0.045612170826643705,4,2,1,0,0,0,0,0,0
2002,4034,access_vlan:SW1:eth2:10+access_vlan:SW2:eth1:20+trunk_remove:SW1:eth3:10+trunk_remove:SW2:eth3:10,26450,26456,0.05,8.6,6,True,False,True,False,True,recovery_success,0.005830665584653616,6,4,1,0,0,0,0,0,0
2003,4035,access_vlan:SW2:eth1:20+access_vlan:SW2:eth2:10+trunk_remove:SW1:eth3:20,26456,26461,0.05,8.399999999999999,5,True,False,True,False,True,recovery_success,0.00408483394421637,5,3,1,0,1,1,1,0,0
2004,4036,access_vlan:SW1:eth1:20+trunk_remove:SW1:eth3:10+trunk_remove:SW2:eth3:10+trunk_remove:SW2:eth3:20,26461,26469,0.05,7.5,8,True,False,True,False,True,recovery_success,0.015662379970308393,8,6,1,0,1,1,1,0,0
2005,4037,trunk_remove:SW1:eth3:20+trunk_remove:SW2:eth3:20,26469,26473,0.05,9.2,4,True,False,True,False,True,recovery_success,0.007948701386339962,4,2,1,0,0,0,0,0,0
2006,4038,access_vlan:SW1:eth2:10+access_vlan:SW2:eth2:10+trunk_remove:SW1:eth3:20+trunk_remove:SW2:eth3:20,26473,26479,0.05,8.1,6,True,False,True,False,True,recovery_success,0.047460751219963036,6,4,1,0,1,1,1,0,0
2007,4039,access_vlan:SW1:eth1:20+access_vlan:SW1:eth2:10+access_vlan:SW2:eth1:20+access_vlan:SW2:eth2:10+trunk_remove:SW1:eth3:10,26479,26482,0.05,9.5,3,True,False,True,False,True,recovery_success,0.004498463900138934,3,1,1,0,0,0,0,0,0
2008,4040,access_vlan:SW1:eth1:20+access_vlan:SW2:eth1:20+trunk_remove:SW1:eth3:20+trunk_remove:SW2:eth3:10+trunk_remove:SW2:eth3:20,26482,26489,0.05,8.299999999999999,7,True,False,True,False,True,recovery_success,0.006103577624474253,7,5,1,0,0,0,0,0,0
2009,4041,access_vlan:SW2:eth1:20+trunk_remove:SW2:eth3:10,26489,26492,0.05,9.35,3,True,False,True,False,True,recovery_success,0.007996324604998032,3,2,0,0,0,0,0,0,0
2010,4042,access_vlan:SW1:eth2:10+access_vlan:SW2:eth1:20+trunk_remove:SW1:eth3:10,26492,26497,0.05,8.899999999999999,5,True,False,True,False,True,recovery_success,0.007189497770741582,5,3,1,0,0,0,0,0,0
2011,4043,access_vlan:SW1:eth1:20+access_vlan:SW1:eth2:10+access_vlan:SW2:eth2:10+trunk_remove:SW1:eth3:10+trunk_remove:SW2:eth3:10,26497,26502,0.05,8.899999999999999,5,True,False,True,False,True,recovery_success,0.006772452779114246,5,3,1,0,0,0,0,0,0
2012,4044,access_vlan:SW2:eth1:20+trunk_remove:SW2:eth3:20,26502,26506,0.05,9.2,4,True,False,True,False,True,recovery_success,0.0074930276023224,4,2,1,0,0,0,0,0,0
2013,4045,access_vlan:SW1:eth1:20+access_vlan:SW2:eth2:10+trunk_remove:SW1:eth3:20,26506,26512,0.05,8.25,6,True,False,True,False,True,recovery_success,0.008672935655340552,6,3,2,0,1,1,1,0,0
2014,4046,access_vlan:SW1:eth2:10+access_vlan:SW2:eth1:20+trunk_remove:SW1:eth3:10+trunk_remove:SW2:eth3:10+trunk_remove:SW2:eth3:20,26512,26519,0.05,8.299999999999999,7,True,False,True,False,True,recovery_success,0.028781211070184196,7,5,1,0,0,0,0,0,0
2015,4047,access_vlan:SW1:eth1:20+access_vlan:SW1:eth2:10+access_vlan:SW2:eth1:20+trunk_remove:SW1:eth3:10+trunk_remove:SW1:eth3:20+trunk_remove:SW2:eth3:10+trunk_remove:SW2:eth3:20,26519,26527,0.05,8.149999999999999,8,True,False,True,False,True,recovery_success,0.023886093986220658,8,5,2,0,0,0,0,0,0
2016,4048,access_vlan:SW1:eth1:20+access_vlan:SW1:eth2:10+access_vlan:SW2:eth2:10,26527,26530,0.05,9.5,3,True,False,True,False,True,recovery_success,0.007100347041462858,3,1,1,0,0,0,0,0,0
2017,4049,access_vlan:SW1:eth2:10+access_vlan:SW2:eth2:10+trunk_remove:SW1:eth3:10+trunk_remove:SW1:eth3:20+trunk_remove:SW2:eth3:10+trunk_remove:SW2:eth3:20,26530,26538,0.05,7.999999999999999,8,True,False,True,False,True,recovery_success,0.005304042075295001,8,6,1,0,0,0,0,0,0
2018,4050,access_vlan:SW2:eth1:20+trunk_remove:SW1:eth3:10+trunk_remove:SW1:eth3:20+trunk_remove:SW2:eth3:10,26538,26548,0.05,-11.850000000000001,10,True,False,True,False,False,incorrect_declare_done,0.0238233326934278,10,3,6,0,0,0,0,0,1
2019,4051,access_vlan:SW2:eth2:10+trunk_remove:SW2:eth3:10+trunk_remove:SW2:eth3:20,26548,26555,0.05,7.799999999999999,7,True,False,True,False,True,recovery_success,0.021176388520481332,7,5,1,0,1,1,1,1,0
2020,4052,access_vlan:SW1:eth1:20+access_vlan:SW1:eth2:10+access_vlan:SW2:eth1:20+trunk_remove:SW1:eth3:20+trunk_remove:SW2:eth3:10+trunk_remove:SW2:eth3:20,26555,26561,0.05,8.6,6,True,False,True,False,True,recovery_success,0.006524483285223444,6,4,1,0,0,0,0,0,0
2021,4053,access_vlan:SW2:eth1:20+access_vlan:SW2:eth2:10+trunk_remove:SW1:eth3:20,26561,26568,0.05,8.1,7,True,False,True,False,True,recovery_success,0.0527294953353703,7,3,3,0,1,1,1,0,0
2022,4054,access_vlan:SW1:eth2:10+access_vlan:SW2:eth1:20+trunk_remove:SW1:eth3:20+trunk_remove:SW2:eth3:10+trunk_remove:SW2:eth3:20,26568,26575,0.05,8.299999999999999,7,True,False,True,False,True,recovery_success,0.02874359641490238,7,5,1,0,0,0,0,0,0
2023,4055,access_vlan:SW2:eth1:20+trunk_remove:SW1:eth3:10+trunk_remove:SW1:eth3:20,26575,26580,0.05,8.899999999999999,5,True,False,True,False,True,recovery_success,0.03289975132793188,5,3,1,0,0,0,0,0,0
2024,4056,access_vlan:SW1:eth2:10+access_vlan:SW2:eth2:10+trunk_remove:SW1:eth3:20,26580,26586,0.05,8.25,6,True,False,True,False,True,recovery_success,0.04354463222747048,6,3,2,0,1,1,1,0,0
2025,4057,access_vlan:SW1:eth1:20+access_vlan:SW1:eth2:10+access_vlan:SW2:eth1:20+trunk_remove:SW1:eth3:20,26586,26590,0.05,9.2,4,True,False,True,False,True,recovery_success,0.030132897081784904,4,2,1,0,0,0,0,0,0
2026,4058,access_vlan:SW1:eth1:20+access_vlan:SW1:eth2:10+access_vlan:SW2:eth2:10+trunk_remove:SW1:eth3:10,26590,26594,0.05,9.2,4,True,False,True,False,True,recovery_success,0.01036127156112343,4,2,1,0,0,0,0,0,0
2027,4059,access_vlan:SW1:eth1:20+access_vlan:SW1:eth2:10+access_vlan:SW2:eth2:10+trunk_remove:SW1:eth3:10,26594,26598,0.05,9.2,4,True,False,True,False,True,recovery_success,0.04281015740707517,4,2,1,0,0,0,0,0,0
2028,4060,access_vlan:SW1:eth1:20+access_vlan:SW2:eth1:20+access_vlan:SW2:eth2:10+trunk_remove:SW1:eth3:10+trunk_remove:SW2:eth3:10,26598,26603,0.05,8.899999999999999,5,True,False,True,False,True,recovery_success,0.00618467852473259,5,3,1,0,0,0,0,0,0
2029,4061,access_vlan:SW1:eth1:20+access_vlan:SW2:eth1:20+trunk_remove:SW1:eth3:10+trunk_remove:SW1:eth3:20+trunk_remove:SW2:eth3:20,26603,26610,0.05,8.299999999999999,7,True,False,True,False,True,recovery_success,0.0165704625791737,7,5,1,0,0,0,0,0,0
2030,4062,access_vlan:SW1:eth1:20+access_vlan:SW1:eth2:10+access_vlan:SW2:eth2:10+trunk_remove:SW1:eth3:10+trunk_remove:SW2:eth3:10,26610,26615,0.05,8.899999999999999,5,True,False,True,False,True,recovery_success,0.007237816601991654,5,3,1,0,0,0,0,0,0
2031,4063,access_vlan:SW1:eth1:20+access_vlan:SW2:eth1:20+access_vlan:SW2:eth2:10+trunk_remove:SW1:eth3:10+trunk_remove:SW1:eth3:20+trunk_remove:SW2:eth3:20,26615,26622,0.05,8.45,7,True,False,True,False,True,recovery_success,0.017068239660667523,7,4,2,0,0,0,0,0,0
2032,4064,access_vlan:SW1:eth1:20+access_vlan:SW2:eth1:20+trunk_remove:SW1:eth3:20+trunk_remove:SW2:eth3:20,26622,26628,0.05,8.6,6,True,False,True,False,True,recovery_success,0.05217070823224882,6,4,1,0,0,0,0,0,0
2033,4065,access_vlan:SW1:eth2:10+trunk_remove:SW1:eth3:10,26628,26632,0.05,9.2,4,True,False,True,False,True,recovery_success,0.007190585951320827,4,2,1,0,0,0,0,0,0
2034,4066,access_vlan:SW1:eth1:20+access_vlan:SW2:eth1:20+access_vlan:SW2:eth2:10+trunk_remove:SW1:eth3:20,26632,26638,0.05,8.1,6,True,False,True,False,True,recovery_success,0.007387801189906895,6,4,1,0,1,1,1,1,0
2035,4067,access_vlan:SW2:eth1:20+access_vlan:SW2:eth2:10,26638,26643,0.05,8.549999999999999,5,True,False,True,False,True,recovery_success,0.005124653829261661,5,2,2,0,1,1,1,0,0
2036,4068,access_vlan:SW1:eth1:20+access_vlan:SW2:eth2:10+trunk_remove:SW1:eth3:20+trunk_remove:SW2:eth3:10+trunk_remove:SW2:eth3:20,26643,26650,0.05,8.299999999999999,7,True,False,True,False,True,recovery_success,0.015656962508468757,7,5,1,0,0,0,0,0,0
2037,4069,access_vlan:SW1:eth1:20+access_vlan:SW2:eth1:20+access_vlan:SW2:eth2:10+trunk_remove:SW1:eth3:10,26650,26654,0.05,9.2,4,True,False,True,False,True,recovery_success,0.0059364623157307506,4,2,1,0,0,0,0,0,0
2038,4070,access_vlan:SW1:eth1:20+access_vlan:SW1:eth2:10+access_vlan:SW2:eth1:20+access_vlan:SW2:eth2:10+trunk_remove:SW1:eth3:20+trunk_remove:SW2:eth3:20,26654,26658,0.05,9.2,4,True,False,True,False,True,recovery_success,0.006853463419247419,4,2,1,0,0,0,0,0,0
2039,4071,access_vlan:SW1:eth1:20+access_vlan:SW1:eth2:10+access_vlan:SW2:eth1:20+access_vlan:SW2:eth2:10+trunk_remove:SW1:eth3:10+trunk_remove:SW1:eth3:20+trunk_remove:SW2:eth3:10+trunk_remove:SW2:eth3:20,26658,26664,0.05,8.6,6,True,False,True,False,True,recovery_success,0.02745686114455263,6,4,1,0,0,0,0,0,0
2040,4072,access_vlan:SW2:eth1:20+access_vlan:SW2:eth2:10+trunk_remove:SW1:eth3:10+trunk_remove:SW2:eth3:10+trunk_remove:SW2:eth3:20,26664,26671,0.05,7.799999999999999,7,True,False,True,False,True,recovery_success,0.010214206812504147,7,5,1,0,1,1,1,0,0
2041,4073,access_vlan:SW1:eth2:10+trunk_remove:SW1:eth3:10+trunk_remove:SW1:eth3:20+trunk_remove:SW2:eth3:10+trunk_remove:SW2:eth3:20,26671,26679,0.05,8.149999999999999,8,True,False,True,False,True,recovery_success,0.009716817949083634,8,5,2,0,0,0,0,0,0
2042,4074,access_vlan:SW2:eth1:20+trunk_remove:SW1:eth3:10+trunk_remove:SW1:eth3:20+trunk_remove:SW2:eth3:10,26679,26685,0.05,8.6,6,True,False,True,False,True,recovery_success,0.03192697436315939,6,4,1,0,0,0,0,0,0
2043,4075,access_vlan:SW1:eth2:10+trunk_remove:SW1:eth3:10+trunk_remove:SW2:eth3:10,26685,26690,0.05,8.899999999999999,5,True,False,True,False,True,recovery_success,0.03365167647134513,5,3,1,0,0,0,0,0,0
2044,4076,access_vlan:SW1:eth2:10+trunk_remove:SW1:eth3:20+trunk_remove:SW2:eth3:20,26690,26695,0.05,8.899999999999999,5,True,False,True,False,True,recovery_success,0.006482384586706758,5,3,1,0,0,0,0,0,0
2045,4077,access_vlan:SW1:eth1:20+access_vlan:SW2:eth1:20+access_vlan:SW2:eth2:10+trunk_remove:SW1:eth3:10+trunk_remove:SW1:eth3:20,26695,26700,0.05,8.899999999999999,5,True,False,True,False,True,recovery_success,0.004793936107307673,5,3,1,0,0,0,0,0,0
2046,4078,access_vlan:SW1:eth2:10+access_vlan:SW2:eth2:10+trunk_remove:SW2:eth3:10+trunk_remove:SW2:eth3:20,26700,26708,0.05,6.5,8,True,False,True,False,True,recovery_success,0.03943147714016959,8,6,1,0,3,3,1,1,0
2047,4079,access_vlan:SW1:eth1:20+access_vlan:SW1:eth2:10+access_vlan:SW2:eth1:20+access_vlan:SW2:eth2:10+trunk_remove:SW2:eth3:20,26708,26715,0.05,6.8,7,True,False,True,False,True,recovery_success,0.004003358971593636,7,5,1,0,3,3,2,0,0
2048,4080,access_vlan:SW1:eth1:20+access_vlan:SW2:eth1:20+trunk_remove:SW1:eth3:20,26715,26720,0.05,8.899999999999999,5,True,False,True,False,True,recovery_success,0.009112000465393066,5,3,1,0,0,0,0,0,0
2049,4081,access_vlan:SW1:eth2:10+access_vlan:SW2:eth1:20+access_vlan:SW2:eth2:10+trunk_remove:SW1:eth3:10+trunk_remove:SW1:eth3:20+trunk_remove:SW2:eth3:10+trunk_remove:SW2:eth3:20,26720,26727,0.05,8.299999999999999,7,True,False,True,False,True,recovery_success,0.007485928612628153,7,5,1,0,0,0,0,0,0
2050,4082,access_vlan:SW1:eth1:20+access_vlan:SW2:eth2:10+trunk_remove:SW1:eth3:10+trunk_remove:SW2:eth3:20,26727,26733,0.05,8.6,6,True,False,True,False,True,recovery_success,0.0058922697401915984,6,4,1,0,0,0,0,0,0
2051,4083,access_vlan:SW1:eth2:10+trunk_remove:SW1:eth3:20,26733,26737,0.05,9.2,4,True,False,True,False,True,recovery_success,0.032988474355079234,4,2,1,0,0,0,0,0,0
2052,4084,access_vlan:SW1:eth2:10+access_vlan:SW2:eth2:10+trunk_remove:SW1:eth3:20+trunk_remove:SW2:eth3:20,26737,26746,0.05,6.85,9,True,False,True,False,True,recovery_success,0.022747317820580468,9,6,2,0,2,2,1,0,0
2053,4085,access_vlan:SW1:eth1:20+access_vlan:SW2:eth2:10+trunk_remove:SW1:eth3:10,26746,26751,0.05,8.899999999999999,5,True,False,True,False,True,recovery_success,0.0052846169099211695,5,3,1,0,0,0,0,0,0
2054,4086,access_vlan:SW1:eth1:20+access_vlan:SW1:eth2:10+access_vlan:SW2:eth1:20+trunk_remove:SW1:eth3:10+trunk_remove:SW2:eth3:10,26751,26756,0.05,8.899999999999999,5,True,False,True,False,True,recovery_success,0.008849326614290475,5,3,1,0,0,0,0,0,0
2055,4087,access_vlan:SW1:eth1:20+access_vlan:SW1:eth2:10+access_vlan:SW2:eth2:10+trunk_remove:SW1:eth3:10+trunk_remove:SW1:eth3:20+trunk_remove:SW2:eth3:10,26756,26776,0.05,-12.9,20,True,False,True,False,False,incorrect_declare_done,0.024106097908224912,20,0,19,0,0,0,0,0,3
2056,4088,access_vlan:SW1:eth2:10+access_vlan:SW2:eth1:20+trunk_remove:SW1:eth3:10+trunk_remove:SW2:eth3:20,26776,26782,0.05,8.6,6,True,False,True,False,True,recovery_success,0.009192584470535317,6,4,1,0,0,0,0,0,0
2057,4089,access_vlan:SW1:eth1:20+access_vlan:SW2:eth1:20+access_vlan:SW2:eth2:10+trunk_remove:SW1:eth3:20+trunk_remove:SW2:eth3:10,26782,26787,0.05,8.899999999999999,5,True,False,True,False,True,recovery_success,0.02925216224975884,5,3,1,0,0,0,0,0,0
2058,4090,access_vlan:SW1:eth1:20+access_vlan:SW1:eth2:10+trunk_remove:SW2:eth3:20,26787,26792,0.05,8.399999999999999,5,True,False,True,False,True,recovery_success,0.0075120489113032814,5,3,1,0,1,1,1,0,0
2059,4091,access_vlan:SW1:eth1:20+access_vlan:SW2:eth1:20+trunk_remove:SW1:eth3:10+trunk_remove:SW1:eth3:20+trunk_remove:SW2:eth3:10+trunk_remove:SW2:eth3:20,26792,26801,0.05,7.85,9,True,False,True,False,True,recovery_success,0.006531389223204719,9,6,2,0,0,0,0,0,0
2060,4092,trunk_remove:SW1:eth3:10+trunk_remove:SW2:eth3:10,26801,26805,0.05,9.2,4,True,False,True,False,True,recovery_success,0.004328640934545547,4,2,1,0,0,0,0,0,0
2061,4093,access_vlan:SW1:eth1:20+trunk_remove:SW1:eth3:20+trunk_remove:SW2:eth3:10+trunk_remove:SW2:eth3:20,26805,26811,0.05,8.6,6,True,False,True,False,True,recovery_success,0.009979585845333835,6,4,1,0,0,0,0,0,0
2062,4094,access_vlan:SW1:eth1:20+access_vlan:SW1:eth2:10+access_vlan:SW2:eth2:10+trunk_remove:SW1:eth3:10+trunk_remove:SW1:eth3:20+trunk_remove:SW2:eth3:10,26811,26817,0.05,8.6,6,True,False,True,False,True,recovery_success,0.006009249831549823,6,4,1,0,0,0,0,0,0
2063,4095,access_vlan:SW1:eth1:20+trunk_remove:SW1:eth3:10+trunk_remove:SW2:eth3:20,26817,26823,0.05,8.75,6,True,False,True,False,True,recovery_success,0.005938888682673375,6,3,2,0,0,0,0,0,0
2064,4096,access_vlan:SW1:eth1:20+access_vlan:SW1:eth2:10+access_vlan:SW2:eth2:10+trunk_remove:SW1:eth3:10+trunk_remove:SW1:eth3:20+trunk_remove:SW2:eth3:10,26823,26829,0.05,8.6,6,True,False,True,False,True,recovery_success,0.03081276915812244,6,4,1,0,0,0,0,0,0
2065,4097,trunk_remove:SW1:eth3:10,26829,26832,0.05,9.5,3,True,False,True,False,True,recovery_success,0.0027163922786712646,3,1,1,0,0,0,0,0,0
2066,4098,access_vlan:SW1:eth1:20+access_vlan:SW2:eth2:10+trunk_remove:SW1:eth3:20+trunk_remove:SW2:eth3:10+trunk_remove:SW2:eth3:20,26832,26839,0.05,8.299999999999999,7,True,False,True,False,True,recovery_success,0.005092676163518003,7,5,1,0,0,0,0,0,0
2067,4099,access_vlan:SW1:eth1:20+access_vlan:SW2:eth1:20+trunk_remove:SW2:eth3:10,26839,26846,0.05,7.799999999999999,7,True,False,True,False,True,recovery_success,0.00413085548539779,7,5,1,0,1,1,1,0,0
2068,4100,access_vlan:SW1:eth1:20+access_vlan:SW2:eth1:20+access_vlan:SW2:eth2:10+trunk_remove:SW2:eth3:20,26846,26850,0.05,9.2,4,True,False,True,False,True,recovery_success,0.007066953927278519,4,2,1,0,0,0,0,0,0
2069,4101,trunk_remove:SW2:eth3:20,26850,26855,0.05,8.399999999999999,5,True,False,True,False,True,recovery_success,0.005736454436555505,5,3,1,0,1,1,1,0,0
2070,4102,access_vlan:SW1:eth1:20+access_vlan:SW2:eth1:20+trunk_remove:SW1:eth3:10+trunk_remove:SW1:eth3:20+trunk_remove:SW2:eth3:20,26855,26875,0.05,5.55,20,True,False,True,False,True,recovery_success,0.009061312628909945,20,7,12,0,1,1,1,0,0
2071,4103,access_vlan:SW1:eth2:10+access_vlan:SW2:eth1:20+access_vlan:SW2:eth2:10+trunk_remove:SW1:eth3:10,26875,26879,0.05,9.2,4,True,False,True,False,True,recovery_success,0.0025800270959734917,4,2,1,0,0,0,0,0,0
2072,4104,access_vlan:SW1:eth1:20+access_vlan:SW2:eth1:20+trunk_remove:SW1:eth3:20+trunk_remove:SW2:eth3:20,26879,26895,0.05,7.1,16,True,False,True,False,True,recovery_success,0.018724286230280995,16,4,11,0,0,0,0,0,0
2073,4105,access_vlan:SW1:eth1:20+access_vlan:SW2:eth2:10,26895,26899,0.05,8.7,4,True,False,True,False,True,recovery_success,0.003603882738389075,4,2,1,0,1,1,1,0,0
2074,4106,access_vlan:SW2:eth2:10+trunk_remove:SW1:eth3:10+trunk_remove:SW2:eth3:20,26899,26904,0.05,8.899999999999999,5,True,False,True,False,True,recovery_success,0.003914627805352211,5,3,1,0,0,0,0,0,0
2075,4107,access_vlan:SW1:eth1:20+trunk_remove:SW1:eth3:10+trunk_remove:SW1:eth3:20+trunk_remove:SW2:eth3:10,26904,26917,0.05,3.1499999999999995,13,True,False,True,False,True,recovery_success,0.014585166685999585,13,10,2,0,7,6,3,2,0
2076,4108,access_vlan:SW1:eth1:20+access_vlan:SW1:eth2:10+access_vlan:SW2:eth1:20+access_vlan:SW2:eth2:10+trunk_remove:SW2:eth3:10+trunk_remove:SW2:eth3:20,26917,26923,0.05,8.1,6,True,False,True,False,True,recovery_success,0.0059363991022109985,6,3,1,0,1,1,1,0,0
2077,4109,access_vlan:SW1:eth2:10+trunk_remove:SW1:eth3:10+trunk_remove:SW1:eth3:20,26923,26931,0.05,7.6499999999999995,8,True,False,True,False,True,recovery_success,0.004459644347662106,8,4,2,0,1,1,1,1,0
2078,4110,access_vlan:SW1:eth1:20+trunk_remove:SW2:eth3:10,26931,26935,0.05,9.2,4,True,False,True,False,True,recovery_success,0.003880202944856137,4,2,1,0,0,0,0,0,0
2079,4111,access_vlan:SW1:eth1:20+access_vlan:SW2:eth1:20+access_vlan:SW2:eth2:10+trunk_remove:SW1:eth3:20+trunk_remove:SW2:eth3:10,26935,26940,0.05,8.899999999999999,5,True,False,True,False,True,recovery_success,0.0030992462998256087,5,3,1,0,0,0,0,0,0
2080,4112,access_vlan:SW2:eth2:10+trunk_remove:SW1:eth3:10+trunk_remove:SW2:eth3:20,26940,26945,0.05,8.899999999999999,5,True,False,True,False,True,recovery_success,0.00283023901283741,5,3,1,0,0,0,0,0,0
2081,4113,access_vlan:SW1:eth1:20+access_vlan:SW1:eth2:10+access_vlan:SW2:eth1:20+access_vlan:SW2:eth2:10+trunk_remove:SW2:eth3:20,26945,26948,0.05,9.5,3,True,False,True,False,True,recovery_success,0.01564537889013688,3,1,1,0,0,0,0,0,0
2082,4114,access_vlan:SW1:eth1:20+access_vlan:SW1:eth2:10+access_vlan:SW2:eth1:20+trunk_remove:SW1:eth3:10,26948,26952,0.05,9.2,4,True,False,True,False,True,recovery_success,0.0033135737758129835,4,2,1,0,0,0,0,0,0
2083,4115,access_vlan:SW1:eth1:20+trunk_remove:SW1:eth3:20+trunk_remove:SW2:eth3:10+trunk_remove:SW2:eth3:20,26952,26958,0.05,8.6,6,True,False,True,False,True,recovery_success,0.005042106475836287,6,4,1,0,0,0,0,0,0
2084,4116,access_vlan:SW1:eth1:20+access_vlan:SW1:eth2:10+access_vlan:SW2:eth2:10+trunk_remove:SW1:eth3:10+trunk_remove:SW1:eth3:20+trunk_remove:SW2:eth3:10,26958,26966,0.05,6.5,8,True,False,True,False,True,recovery_success,0.004844395560212433,8,6,1,0,3,3,1,1,0
2085,4117,access_vlan:SW1:eth2:10+trunk_remove:SW1:eth3:10+trunk_remove:SW2:eth3:10,26966,26973,0.05,7.3,7,True,False,True,False,True,recovery_success,0.015107231680303812,7,4,1,0,2,2,1,0,0
2086,4118,access_vlan:SW2:eth1:20+access_vlan:SW2:eth2:10+trunk_remove:SW1:eth3:10+trunk_remove:SW1:eth3:20,26973,26979,0.05,8.1,6,True,False,True,False,True,recovery_success,0.01218242997614046,6,4,1,0,1,1,1,0,0
2087,4119,trunk_remove:SW1:eth3:10,26979,26982,0.05,9.5,3,True,False,True,False,True,recovery_success,0.0038790092803537846,3,1,1,0,0,0,0,0,0
2088,4120,access_vlan:SW1:eth1:20+access_vlan:SW2:eth1:20+trunk_remove:SW1:eth3:20+trunk_remove:SW2:eth3:20,26982,26988,0.05,8.6,6,True,False,True,False,True,recovery_success,0.0037802731385454535,6,4,1,0,0,0,0,0,0
2089,4121,access_vlan:SW1:eth1:20+access_vlan:SW1:eth2:10+access_vlan:SW2:eth1:20+trunk_remove:SW2:eth3:10,26988,26992,0.05,9.2,4,True,False,True,False,True,recovery_success,0.004644768952857703,4,2,1,0,0,0,0,0,0
2090,4122,access_vlan:SW1:eth1:20+access_vlan:SW2:eth1:20+trunk_remove:SW2:eth3:10,26992,27002,0.05,5.549999999999999,10,True,False,True,False,True,recovery_success,0.013584288326092065,10,6,2,0,4,4,3,1,0
2091,4123,access_vlan:SW1:eth2:10+access_vlan:SW2:eth1:20+access_vlan:SW2:eth2:10+trunk_remove:SW1:eth3:10+trunk_remove:SW1:eth3:20+trunk_remove:SW2:eth3:20,27002,27016,0.05,4.799999999999999,14,True,False,True,False,True,recovery_success,0.018063049746810327,14,8,5,0,4,3,2,1,0
2092,4124,access_vlan:SW1:eth1:20+access_vlan:SW1:eth2:10+access_vlan:SW2:eth1:20+trunk_remove:SW1:eth3:10+trunk_remove:SW1:eth3:20,27016,27023,0.05,7.3,7,True,False,True,False,True,recovery_success,0.008553921444607633,7,5,1,0,2,2,1,0,0
2093,4125,access_vlan:SW1:eth2:10+access_vlan:SW2:eth2:10+trunk_remove:SW1:eth3:10+trunk_remove:SW1:eth3:20+trunk_remove:SW2:eth3:20,27023,27030,0.05,8.299999999999999,7,True,False,True,False,True,recovery_success,0.025639655201562812,7,5,1,0,0,0,0,0,0
2094,4126,access_vlan:SW2:eth1:20+trunk_remove:SW1:eth3:20,27030,27034,0.05,9.2,4,True,False,True,False,True,recovery_success,0.005512739764526486,4,2,1,0,0,0,0,0,0
2095,4127,access_vlan:SW2:eth1:20+access_vlan:SW2:eth2:10+trunk_remove:SW2:eth3:10+trunk_remove:SW2:eth3:20,27034,27038,0.05,-11.450000000000001,4,True,False,True,False,False,incorrect_declare_done,0.005447488976642489,4,3,0,0,1,1,1,0,1
2096,4128,access_vlan:SW1:eth1:20+trunk_remove:SW1:eth3:10+trunk_remove:SW2:eth3:20,27038,27043,0.05,8.899999999999999,5,True,False,True,False,True,recovery_success,0.01673217536881566,5,3,1,0,0,0,0,0,0
2097,4129,access_vlan:SW1:eth1:20+trunk_remove:SW1:eth3:20,27043,27050,0.05,8.75,7,True,False,True,False,True,recovery_success,0.008683193608054094,7,2,4,0,0,0,0,0,0
2098,4130,access_vlan:SW1:eth1:20+access_vlan:SW2:eth2:10+trunk_remove:SW1:eth3:10+trunk_remove:SW1:eth3:20+trunk_remove:SW2:eth3:10,27050,27057,0.05,8.299999999999999,7,True,False,True,False,True,recovery_success,0.03034686902537942,7,5,1,0,0,0,0,0,0
2099,4131,access_vlan:SW2:eth2:10+trunk_remove:SW1:eth3:20,27057,27061,0.05,9.2,4,True,False,True,False,True,recovery_success,0.03626787452958524,4,2,1,0,0,0,0,0,0
2100,4132,access_vlan:SW1:eth2:10+access_vlan:SW2:eth1:20+access_vlan:SW2:eth2:10+trunk_remove:SW1:eth3:20+trunk_remove:SW2:eth3:10+trunk_remove:SW2:eth3:20,27061,27067,0.05,8.6,6,True,False,True,False,True,recovery_success,0.004728744116922219,6,4,1,0,0,0,0,0,0
2101,4133,access_vlan:SW2:eth1:20+access_vlan:SW2:eth2:10+trunk_remove:SW1:eth3:10+trunk_remove:SW2:eth3:20,27067,27068,0.05,-10.05,1,True,False,True,False,False,incorrect_declare_done,0.013025926426053047,1,0,0,0,0,0,0,0,2
2102,4134,access_vlan:SW1:eth2:10+access_vlan:SW2:eth2:10+trunk_remove:SW1:eth3:10+trunk_remove:SW1:eth3:20+trunk_remove:SW2:eth3:10+trunk_remove:SW2:eth3:20,27068,27078,0.05,7.699999999999999,10,True,False,True,False,True,recovery_success,0.007521771313622594,10,6,3,0,0,0,0,0,0
2103,4135,access_vlan:SW1:eth1:20+access_vlan:SW2:eth1:20+access_vlan:SW2:eth2:10+trunk_remove:SW2:eth3:10,27078,27082,0.05,9.2,4,True,False,True,False,True,recovery_success,0.0031547604594379663,4,2,1,0,0,0,0,0,0
2104,4136,access_vlan:SW1:eth1:20+trunk_remove:SW1:eth3:10+trunk_remove:SW1:eth3:20+trunk_remove:SW2:eth3:20,27082,27089,0.05,8.45,7,True,False,True,False,True,recovery_success,0.005418612023017236,7,4,2,0,0,0,0,0,0
2105,4137,access_vlan:SW1:eth2:10+access_vlan:SW2:eth2:10+trunk_remove:SW1:eth3:20+trunk_remove:SW2:eth3:10+trunk_remove:SW2:eth3:20,27089,27097,0.05,8.149999999999999,8,True,False,True,False,True,recovery_success,0.004337287915404886,8,5,2,0,0,0,0,0,0
2106,4138,access_vlan:SW1:eth1:20+access_vlan:SW1:eth2:10+access_vlan:SW2:eth2:10+trunk_remove:SW1:eth3:10+trunk_remove:SW1:eth3:20+trunk_remove:SW2:eth3:10+trunk_remove:SW2:eth3:20,27097,27104,0.05,8.299999999999999,7,True,False,True,False,True,recovery_success,0.006703905195796064,7,5,1,0,0,0,0,0,0
2107,4139,access_vlan:SW1:eth1:20+access_vlan:SW1:eth2:10+access_vlan:SW2:eth1:20+access_vlan:SW2:eth2:10,27104,27106,0.05,9.799999999999999,2,True,False,True,False,True,recovery_success,0.003324728342704475,2,0,1,0,0,0,0,0,0
2108,4140,access_vlan:SW1:eth2:10+trunk_remove:SW1:eth3:10+trunk_remove:SW2:eth3:10,27106,27115,0.05,8.3,9,True,False,True,False,True,recovery_success,0.005015167148990763,9,3,5,0,0,0,0,0,0
2109,4141,access_vlan:SW1:eth1:20+access_vlan:SW2:eth2:10,27115,27119,0.05,8.7,4,True,False,True,False,True,recovery_success,0.02799026481807232,4,2,1,0,1,1,1,0,0
2110,4142,access_vlan:SW1:eth1:20+access_vlan:SW1:eth2:10+access_vlan:SW2:eth2:10+trunk_remove:SW2:eth3:20,27119,27123,0.05,9.2,4,True,False,True,False,True,recovery_success,0.0048392434837296605,4,2,1,0,0,0,0,0,0
2111,4143,access_vlan:SW2:eth2:10+trunk_remove:SW2:eth3:10,27123,27128,0.05,9.049999999999999,5,True,False,True,False,True,recovery_success,0.07308539636433124,5,2,2,0,0,0,0,0,0
2112,4144,access_vlan:SW1:eth1:20+access_vlan:SW2:eth1:20+access_vlan:SW2:eth2:10+trunk_remove:SW1:eth3:10+trunk_remove:SW2:eth3:10,27128,27133,0.05,8.899999999999999,5,True,False,True,False,True,recovery_success,0.03319739094004035,5,3,1,0,0,0,0,0,0
2113,4145,access_vlan:SW2:eth1:20+access_vlan:SW2:eth2:10+trunk_remove:SW2:eth3:20,27133,27138,0.05,8.399999999999999,5,True,False,True,False,True,recovery_success,0.007492252858355641,5,3,1,0,1,1,1,0,0
2114,4146,access_vlan:SW1:eth1:20+access_vlan:SW1:eth2:10+access_vlan:SW2:eth1:20+access_vlan:SW2:eth2:10+trunk_remove:SW1:eth3:20+trunk_remove:SW2:eth3:10,27138,27142,0.05,9.2,4,True,False,True,False,True,recovery_success,0.005619689938612282,4,2,1,0,0,0,0,0,0
2115,4147,access_vlan:SW1:eth2:10+trunk_remove:SW1:eth3:20+trunk_remove:SW2:eth3:10+trunk_remove:SW2:eth3:20,27142,27148,0.05,8.6,6,True,False,True,False,True,recovery_success,0.028382625236796837,6,4,1,0,0,0,0,0,0
2116,4148,access_vlan:SW1:eth1:20+trunk_remove:SW1:eth3:20,27148,27152,0.05,9.2,4,True,False,True,False,True,recovery_success,0.012064308335538954,4,2,1,0,0,0,0,0,0
2117,4149,access_vlan:SW1:eth1:20+access_vlan:SW1:eth2:10+trunk_remove:SW1:eth3:10+trunk_remove:SW1:eth3:20+trunk_remove:SW2:eth3:20,27152,27160,0.05,7.6499999999999995,8,True,False,True,False,True,recovery_success,0.017942542443051934,8,5,2,0,1,1,1,0,0
2118,4150,access_vlan:SW1:eth1:20+access_vlan:SW2:eth1:20+access_vlan:SW2:eth2:10+trunk_remove:SW1:eth3:10+trunk_remove:SW2:eth3:10+trunk_remove:SW2:eth3:20,27160,27166,0.05,8.6,6,True,False,True,False,True,recovery_success,0.007137044449336827,6,4,1,0,0,0,0,0,0
2119,4151,access_vlan:SW1:eth1:20+access_vlan:SW2:eth1:20+trunk_remove:SW1:eth3:10+trunk_remove:SW1:eth3:20,27166,27175,0.05,8.149999999999999,9,True,False,True,False,True,recovery_success,0.006383910594094131,9,4,4,0,0,0,0,0,0
2120,4152,access_vlan:SW1:eth1:20+access_vlan:SW2:eth1:20+access_vlan:SW2:eth2:10+trunk_remove:SW1:eth3:10+trunk_remove:SW2:eth3:20,27175,27182,0.05,6.799999999999999,7,True,False,True,False,True,recovery_success,0.00718594658454614,7,5,1,0,3,3,1,1,0
2121,4153,access_vlan:SW2:eth1:20+access_vlan:SW2:eth2:10+trunk_remove:SW1:eth3:20+trunk_remove:SW2:eth3:10,27182,27188,0.05,8.1,6,True,False,True,False,True,recovery_success,0.004351133053811888,6,4,1,0,1,1,1,0,0
2122,4154,access_vlan:SW1:eth1:20+access_vlan:SW1:eth2:10+access_vlan:SW2:eth2:10,27188,27191,0.05,9.5,3,True,False,True,False,True,recovery_success,0.0037753006909042597,3,1,1,0,0,0,0,0,0
2123,4155,access_vlan:SW2:eth2:10,27191,27194,0.05,9.5,3,True,False,True,False,True,recovery_success,0.004024432661632697,3,1,1,0,0,0,0,0,0
2124,4156,access_vlan:SW1:eth1:20+trunk_remove:SW1:eth3:10+trunk_remove:SW2:eth3:10+trunk_remove:SW2:eth3:20,27194,27201,0.05,8.45,7,True,False,True,False,True,recovery_success,0.0027519988361746073,7,4,2,0,0,0,0,0,0
2125,4157,access_vlan:SW1:eth1:20+access_vlan:SW2:eth1:20+access_vlan:SW2:eth2:10+trunk_remove:SW1:eth3:10+trunk_remove:SW1:eth3:20+trunk_remove:SW2:eth3:10,27201,27202,0.05,-10.05,1,True,False,True,False,False,incorrect_declare_done,0.0035934406332671642,1,0,0,0,0,0,0,0,3
2126,4158,access_vlan:SW1:eth1:20+access_vlan:SW1:eth2:10+trunk_remove:SW1:eth3:20+trunk_remove:SW2:eth3:10+trunk_remove:SW2:eth3:20,27202,27216,0.05,6.449999999999999,14,True,False,True,False,True,recovery_success,0.0035253948964444654,14,7,6,0,1,1,1,0,0
2127,4159,access_vlan:SW1:eth2:10+access_vlan:SW2:eth2:10+trunk_remove:SW2:eth3:10,27216,27221,0.05,8.899999999999999,5,True,False,True,False,True,recovery_success,0.0036012323340401053,5,3,1,0,0,0,0,0,0
2128,4160,access_vlan:SW1:eth1:20+access_vlan:SW1:eth2:10+access_vlan:SW2:eth1:20+trunk_remove:SW2:eth3:10,27221,27225,0.05,9.2,4,True,False,True,False,True,recovery_success,0.004030666430480778,4,2,1,0,0,0,0,0,0
2129,4161,access_vlan:SW1:eth2:10+access_vlan:SW2:eth1:20+access_vlan:SW2:eth2:10,27225,27228,0.05,9.5,3,True,False,True,False,True,recovery_success,0.05118285689968616,3,1,1,0,0,0,0,0,0
2130,4162,access_vlan:SW1:eth1:20+access_vlan:SW2:eth1:20+trunk_remove:SW1:eth3:20+trunk_remove:SW2:eth3:20,27228,27238,0.05,7.999999999999999,10,True,False,True,False,True,recovery_success,0.004482268227729946,10,4,5,0,0,0,0,0,0
2131,4163,trunk_remove:SW2:eth3:20,27238,27243,0.05,9.2,5,True,False,True,False,True,recovery_success,0.00542516871355474,5,1,3,0,0,0,0,0,0
2132,4164,access_vlan:SW1:eth2:10+access_vlan:SW2:eth2:10+trunk_remove:SW1:eth3:20+trunk_remove:SW2:eth3:20,27243,27249,0.05,8.1,6,True,False,True,False,True,recovery_success,0.006989403705423077,6,4,1,0,1,1,1,0,0
2133,4165,access_vlan:SW1:eth1:20+access_vlan:SW2:eth1:20+access_vlan:SW2:eth2:10+trunk_remove:SW1:eth3:10+trunk_remove:SW2:eth3:10,27249,27254,0.05,8.899999999999999,5,True,False,True,False,True,recovery_success,0.04192107247654349,5,3,1,0,0,0,0,0,0
2134,4166,access_vlan:SW1:eth1:20+access_vlan:SW1:eth2:10+access_vlan:SW2:eth1:20+trunk_remove:SW2:eth3:10+trunk_remove:SW2:eth3:20,27254,27259,0.05,8.899999999999999,5,True,False,True,False,True,recovery_success,0.016773852054029703,5,3,1,0,0,0,0,0,0
2135,4167,access_vlan:SW1:eth1:20+access_vlan:SW1:eth2:10+access_vlan:SW2:eth1:20+access_vlan:SW2:eth2:10,27259,27261,0.05,9.799999999999999,2,True,False,True,False,True,recovery_success,0.016171986237168312,2,0,1,0,0,0,0,0,0
2136,4168,trunk_remove:SW1:eth3:10+trunk_remove:SW1:eth3:20+trunk_remove:SW2:eth3:10,27261,27266,0.05,8.899999999999999,5,True,False,True,False,True,recovery_success,0.055171923525631425,5,3,1,0,0,0,0,0,0
2137,4169,access_vlan:SW1:eth1:20+access_vlan:SW2:eth1:20+trunk_remove:SW1:eth3:20+trunk_remove:SW2:eth3:20,27266,27272,0.05,8.6,6,True,False,True,False,True,recovery_success,0.008563241455703974,6,4,1,0,0,0,0,0,0
2138,4170,access_vlan:SW1:eth1:20+access_vlan:SW2:eth1:20+trunk_remove:SW1:eth3:10+trunk_remove:SW1:eth3:20+trunk_remove:SW2:eth3:10+trunk_remove:SW2:eth3:20,27272,27300,0.05,5.000000000000001,28,True,False,True,False,True,recovery_success,0.01710258546518162,28,6,21,0,0,0,0,0,0
2139,4171,access_vlan:SW1:eth1:20+access_vlan:SW1:eth2:10+access_vlan:SW2:eth1:20+access_vlan:SW2:eth2:10+trunk_remove:SW2:eth3:20,27300,27303,0.05,9.5,3,True,False,True,False,True,recovery_success,0.00476991618052125,3,1,1,0,0,0,0,0,0
2140,4172,access_vlan:SW1:eth1:20+access_vlan:SW1:eth2:10+access_vlan:SW2:eth1:20+trunk_remove:SW2:eth3:10+trunk_remove:SW2:eth3:20,27303,27308,0.05,8.899999999999999,5,True,False,True,False,True,recovery_success,0.024581878446042538,5,3,1,0,0,0,0,0,0
2141,4173,access_vlan:SW2:eth1:20+access_vlan:SW2:eth2:10+trunk_remove:SW2:eth3:10+trunk_remove:SW2:eth3:20,27308,27316,0.05,7.799999999999999,8,True,False,True,False,True,recovery_success,0.004022028238978237,8,4,3,0,1,1,1,0,0
2142,4174,access_vlan:SW1:eth2:10+access_vlan:SW2:eth2:10+trunk_remove:SW1:eth3:10+trunk_remove:SW1:eth3:20+trunk_remove:SW2:eth3:10+trunk_remove:SW2:eth3:20,27316,27340,0.05,5.6000000000000005,24,True,False,True,False,True,recovery_success,0.0183356460959961,24,6,17,0,0,0,0,0,0
2143,4175,access_vlan:SW2:eth1:20+trunk_remove:SW1:eth3:10+trunk_remove:SW1:eth3:20+trunk_remove:SW2:eth3:20,27340,27347,0.05,8.45,7,True,False,True,False,True,recovery_success,0.011563990664269243,7,4,2,0,0,0,0,0,0
2144,4176,access_vlan:SW1:eth2:10+trunk_remove:SW1:eth3:10+trunk_remove:SW1:eth3:20,27347,27354,0.05,8.6,7,True,False,True,False,True,recovery_success,0.018408073112368584,7,3,3,0,0,0,0,0,0
2145,4177,trunk_remove:SW1:eth3:20+trunk_remove:SW2:eth3:20,27354,27358,0.05,9.2,4,True,False,True,False,True,recovery_success,0.01075499935541302,4,2,1,0,0,0,0,0,0
2146,4178,access_vlan:SW1:eth1:20+access_vlan:SW2:eth1:20+access_vlan:SW2:eth2:10+trunk_remove:SW1:eth3:10+trunk_remove:SW2:eth3:10+trunk_remove:SW2:eth3:20,27358,27366,0.05,7.5,8,True,False,True,False,True,recovery_success,0.0041896310285665095,8,6,1,0,1,1,1,0,0
2147,4179,access_vlan:SW1:eth2:10+access_vlan:SW2:eth1:20+access_vlan:SW2:eth2:10+trunk_remove:SW1:eth3:10,27366,27370,0.05,9.2,4,True,False,True,False,True,recovery_success,0.003360669536050409,4,2,1,0,0,0,0,0,0
2148,4180,access_vlan:SW1:eth1:20+access_vlan:SW2:eth1:20+trunk_remove:SW1:eth3:10,27370,27375,0.05,8.399999999999999,5,True,False,True,False,True,recovery_success,0.052882236428558826,5,3,1,0,1,1,1,0,0
2149,4181,access_vlan:SW1:eth2:10+access_vlan:SW2:eth1:20+access_vlan:SW2:eth2:10+trunk_remove:SW2:eth3:10+trunk_remove:SW2:eth3:20,27375,27380,0.05,8.899999999999999,5,True,False,True,False,True,recovery_success,0.007098417310044169,5,3,1,0,0,0,0,0,0
2150,4182,access_vlan:SW2:eth2:10+trunk_remove:SW1:eth3:10+trunk_remove:SW1:eth3:20,27380,27385,0.05,8.899999999999999,5,True,False,True,False,True,recovery_success,0.006194545980542898,5,3,1,0,0,0,0,0,0
2151,4183,access_vlan:SW2:eth1:20+access_vlan:SW2:eth2:10+trunk_remove:SW2:eth3:20,27385,27390,0.05,8.399999999999999,5,True,False,True,False,True,recovery_success,0.018469156883656978,5,3,1,0,1,1,1,0,0
2152,4184,access_vlan:SW2:eth1:20+access_vlan:SW2:eth2:10+trunk_remove:SW2:eth3:10+trunk_remove:SW2:eth3:20,27390,27396,0.05,8.1,6,True,False,True,False,True,recovery_success,0.01747559228291114,6,4,1,0,1,1,1,0,0
2153,4185,access_vlan:SW1:eth2:10+access_vlan:SW2:eth1:20+trunk_remove:SW1:eth3:10+trunk_remove:SW2:eth3:10,27396,27418,0.05,5.7,22,True,False,True,False,True,recovery_success,0.009614141869612715,22,4,17,0,1,1,1,0,0
2154,4186,access_vlan:SW2:eth2:10+trunk_remove:SW2:eth3:10,27418,27422,0.05,9.2,4,True,False,True,False,True,recovery_success,0.003929498721845448,4,2,1,0,0,0,0,0,0
2155,4187,access_vlan:SW1:eth1:20+access_vlan:SW2:eth1:20+trunk_remove:SW1:eth3:10+trunk_remove:SW1:eth3:20+trunk_remove:SW2:eth3:20,27422,27429,0.05,8.299999999999999,7,True,False,True,False,True,recovery_success,0.008580888255632349,7,5,1,0,0,0,0,0,0
2156,4188,access_vlan:SW1:eth1:20+access_vlan:SW2:eth2:10,27429,27433,0.05,8.7,4,True,False,True,False,True,recovery_success,0.0038639845442958176,4,2,1,0,1,1,1,0,0
2157,4189,access_vlan:SW1:eth1:20+access_vlan:SW2:eth1:20+access_vlan:SW2:eth2:10+trunk_remove:SW1:eth3:20+trunk_remove:SW2:eth3:10+trunk_remove:SW2:eth3:20,27433,27439,0.05,8.6,6,True,False,True,False,True,recovery_success,0.003871437239771088,6,4,1,0,0,0,0,0,0
2158,4190,access_vlan:SW1:eth2:10+trunk_remove:SW1:eth3:10+trunk_remove:SW2:eth3:10,27439,27444,0.05,8.899999999999999,5,True,False,True,False,True,recovery_success,0.005637516314163804,5,3,1,0,0,0,0,0,0
2159,4191,access_vlan:SW1:eth2:10+access_vlan:SW2:eth2:10+trunk_remove:SW1:eth3:10+trunk_remove:SW2:eth3:10+trunk_remove:SW2:eth3:20,27444,27461,0.05,6.8,17,True,False,True,False,True,recovery_success,0.0033907892031814248,17,5,11,0,0,0,0,0,0
2160,4192,access_vlan:SW1:eth1:20+access_vlan:SW2:eth1:20+trunk_remove:SW2:eth3:10+trunk_remove:SW2:eth3:20,27461,27467,0.05,8.6,6,True,False,True,False,True,recovery_success,0.00472368315483133,6,4,1,0,0,0,0,0,0
2161,4193,access_vlan:SW1:eth2:10,27467,27470,0.05,9.5,3,True,False,True,False,True,recovery_success,0.0030231790151447058,3,1,1,0,0,0,0,0,0
2162,4194,access_vlan:SW1:eth2:10+trunk_remove:SW1:eth3:10,27470,27477,0.05,8.45,7,True,False,True,False,True,recovery_success,0.004748427907803229,7,4,2,0,0,0,0,0,0
2163,4195,access_vlan:SW1:eth1:20+access_vlan:SW2:eth1:20+trunk_remove:SW1:eth3:20,27477,27484,0.05,7.799999999999999,7,True,False,True,False,True,recovery_success,0.004325158677862159,7,5,1,0,1,1,1,1,0
2164,4196,access_vlan:SW1:eth2:10+access_vlan:SW2:eth1:20+trunk_remove:SW2:eth3:10,27484,27489,0.05,8.899999999999999,5,True,False,True,False,True,recovery_success,0.00358944742474705,5,3,1,0,0,0,0,0,0
2165,4197,access_vlan:SW1:eth2:10+trunk_remove:SW1:eth3:10+trunk_remove:SW1:eth3:20+trunk_remove:SW2:eth3:20,27489,27496,0.05,8.45,7,True,False,True,False,True,recovery_success,0.009655535320884414,7,4,2,0,0,0,0,0,0
2166,4198,access_vlan:SW2:eth1:20+trunk_remove:SW2:eth3:10,27496,27500,0.05,9.2,4,True,False,True,False,True,recovery_success,0.02074309258023277,4,2,1,0,0,0,0,0,0
2167,4199,access_vlan:SW2:eth1:20+access_vlan:SW2:eth2:10,27500,27504,0.05,8.7,4,True,False,True,False,True,recovery_success,0.009209338575601578,4,2,1,0,1,1,1,0,0
2168,4200,access_vlan:SW1:eth2:10+access_vlan:SW2:eth2:10+trunk_remove:SW1:eth3:10+trunk_remove:SW2:eth3:10+trunk_remove:SW2:eth3:20,27504,27511,0.05,8.299999999999999,7,True,False,True,False,True,recovery_success,0.03299460526821869,7,5,1,0,0,0,0,0,0
2169,4201,access_vlan:SW1:eth1:20+access_vlan:SW2:eth1:20+access_vlan:SW2:eth2:10+trunk_remove:SW1:eth3:20+trunk_remove:SW2:eth3:20,27511,27516,0.05,8.899999999999999,5,True,False,True,False,True,recovery_success,0.010475212708115578,5,3,1,0,0,0,0,0,0
2170,4202,access_vlan:SW1:eth1:20+access_vlan:SW2:eth1:20+access_vlan:SW2:eth2:10+trunk_remove:SW1:eth3:10+trunk_remove:SW2:eth3:10+trunk_remove:SW2:eth3:20,27516,27522,0.05,8.6,6,True,False,True,False,True,recovery_success,0.006069925846531987,6,4,1,0,0,0,0,0,0
2171,4203,access_vlan:SW1:eth1:20+access_vlan:SW1:eth2:10+access_vlan:SW2:eth1:20+trunk_remove:SW1:eth3:10+trunk_remove:SW1:eth3:20,27522,27527,0.05,8.899999999999999,5,True,False,True,False,True,recovery_success,0.015402279701083899,5,3,1,0,0,0,0,0,0
2172,4204,access_vlan:SW1:eth1:20+access_vlan:SW1:eth2:10+access_vlan:SW2:eth1:20+access_vlan:SW2:eth2:10+trunk_remove:SW2:eth3:20,27527,27530,0.05,9.5,3,True,False,True,False,True,recovery_success,0.017726452245066564,3,1,1,0,0,0,0,0,0
2173,4205,access_vlan:SW1:eth1:20+access_vlan:SW2:eth1:20+trunk_remove:SW1:eth3:10+trunk_remove:SW1:eth3:20+trunk_remove:SW2:eth3:10,27530,27537,0.05,8.299999999999999,7,True,False,True,False,True,recovery_success,0.004438572330400348,7,5,1,0,0,0,0,0,0
2174,4206,access_vlan:SW1:eth1:20+access_vlan:SW2:eth1:20,27537,27544,0.05,8.25,7,True,False,True,False,True,recovery_success,0.004577374551445246,7,2,4,0,1,1,1,0,0
2175,4207,trunk_remove:SW1:eth3:10+trunk_remove:SW2:eth3:10,27544,27548,0.05,9.2,4,True,False,True,False,True,recovery_success,0.03214016661513597,4,2,1,0,0,0,0,0,0
2176,4208,access_vlan:SW1:eth1:20+access_vlan:SW1:eth2:10+trunk_remove:SW1:eth3:10+trunk_remove:SW1:eth3:20+trunk_remove:SW2:eth3:20,27548,27555,0.05,7.799999999999999,7,True,False,True,False,True,recovery_success,0.004485420450302107,7,5,1,0,1,1,1,0,0
2177,4209,access_vlan:SW2:eth2:10+trunk_remove:SW1:eth3:20+trunk_remove:SW2:eth3:20,27555,27562,0.05,7.3,7,True,False,True,False,True,recovery_success,0.003362119330891541,7,5,1,0,2,2,1,0,0
2178,4210,access_vlan:SW1:eth1:20+access_vlan:SW1:eth2:10+access_vlan:SW2:eth2:10+trunk_remove:SW2:eth3:20,27562,27566,0.05,9.2,4,True,False,True,False,True,recovery_success,0.017214835446793586,4,2,1,0,0,0,0,0,0
2179,4211,access_vlan:SW1:eth2:10+access_vlan:SW2:eth1:20+access_vlan:SW2:eth2:10+trunk_remove:SW1:eth3:20+trunk_remove:SW2:eth3:10+trunk_remove:SW2:eth3:20,27566,27572,0.05,8.6,6,True,False,True,False,True,recovery_success,0.008021459565497935,6,4,1,0,0,0,0,0,0
2180,4212,access_vlan:SW1:eth1:20+access_vlan:SW1:eth2:10+access_vlan:SW2:eth1:20+trunk_remove:SW2:eth3:20,27572,27576,0.05,9.2,4,True,False,True,False,True,recovery_success,0.003839290700852871,4,2,1,0,0,0,0,0,0
2181,4213,access_vlan:SW2:eth2:10+trunk_remove:SW1:eth3:10+trunk_remove:SW2:eth3:10,27576,27581,0.05,8.899999999999999,5,True,False,True,False,True,recovery_success,0.003878960059955716,5,3,1,0,0,0,0,0,0
2182,4214,access_vlan:SW1:eth1:20+access_vlan:SW2:eth1:20+access_vlan:SW2:eth2:10+trunk_remove:SW2:eth3:10+trunk_remove:SW2:eth3:20,27581,27588,0.05,7.799999999999999,7,True,False,True,False,True,recovery_success,0.0030519498977810144,7,5,1,0,1,1,1,0,0
2183,4215,access_vlan:SW1:eth1:20+access_vlan:SW2:eth2:10+trunk_remove:SW1:eth3:10+trunk_remove:SW2:eth3:10+trunk_remove:SW2:eth3:20,27588,27595,0.05,8.299999999999999,7,True,False,True,False,True,recovery_success,0.014147096679412894,7,5,1,0,0,0,0,0,0
2184,4216,access_vlan:SW1:eth1:20+access_vlan:SW2:eth1:20+access_vlan:SW2:eth2:10+trunk_remove:SW1:eth3:20+trunk_remove:SW2:eth3:20,27595,27600,0.05,8.899999999999999,5,True,False,True,False,True,recovery_success,0.01079240026883781,5,3,1,0,0,0,0,0,0
2185,4217,access_vlan:SW1:eth2:10+trunk_remove:SW1:eth3:10+trunk_remove:SW2:eth3:10+trunk_remove:SW2:eth3:20,27600,27606,0.05,8.6,6,True,False,True,False,True,recovery_success,0.005913127097301185,6,4,1,0,0,0,0,0,0
2186,4218,access_vlan:SW1:eth1:20+access_vlan:SW2:eth1:20+trunk_remove:SW2:eth3:10,27606,27611,0.05,8.399999999999999,5,True,False,True,False,True,recovery_success,0.003416428063064814,5,3,1,0,1,1,1,0,0
2187,4219,trunk_remove:SW2:eth3:20,27611,27617,0.05,9.049999999999999,6,True,False,True,False,True,recovery_success,0.0326313484304895,6,1,4,0,0,0,0,0,0
2188,4220,access_vlan:SW1:eth1:20+access_vlan:SW1:eth2:10+access_vlan:SW2:eth1:20+access_vlan:SW2:eth2:10+trunk_remove:SW1:eth3:20+trunk_remove:SW2:eth3:20,27617,27621,0.05,9.2,4,True,False,True,False,True,recovery_success,0.0031941718189045787,4,2,1,0,0,0,0,0,0
2189,4221,access_vlan:SW2:eth2:10+trunk_remove:SW2:eth3:20,27621,27631,0.05,7.5,10,True,False,True,False,True,recovery_success,0.004156622546724975,10,4,5,0,1,1,1,1,0
2190,4222,access_vlan:SW2:eth1:20+access_vlan:SW2:eth2:10+trunk_remove:SW2:eth3:10,27631,27638,0.05,7.299999999999999,7,True,False,True,False,True,recovery_success,0.004133761660861117,7,5,1,0,2,2,2,0,0
2191,4223,access_vlan:SW1:eth2:10+trunk_remove:SW1:eth3:10+trunk_remove:SW1:eth3:20+trunk_remove:SW2:eth3:10,27638,27644,0.05,8.6,6,True,False,True,False,True,recovery_success,0.002799253251093129,6,4,1,0,0,0,0,0,0
2192,4224,access_vlan:SW1:eth1:20+trunk_remove:SW1:eth3:10+trunk_remove:SW1:eth3:20,27644,27652,0.05,7.6499999999999995,8,True,False,True,False,True,recovery_success,0.0032233511738013476,8,5,2,0,1,1,1,1,0
2193,4225,access_vlan:SW2:eth2:10+trunk_remove:SW2:eth3:10+trunk_remove:SW2:eth3:20,27652,27658,0.05,8.75,6,True,False,True,False,True,recovery_success,0.013917378149926662,6,3,2,0,0,0,0,0,0
2194,4226,access_vlan:SW2:eth1:20+access_vlan:SW2:eth2:10+trunk_remove:SW1:eth3:10+trunk_remove:SW1:eth3:20+trunk_remove:SW2:eth3:20,27658,27665,0.05,7.799999999999999,7,True,False,True,False,True,recovery_success,0.0032664851751178503,7,5,1,0,1,1,1,0,0
2195,4227,access_vlan:SW2:eth2:10+trunk_remove:SW1:eth3:10+trunk_remove:SW2:eth3:20,27665,27670,0.05,8.899999999999999,5,True,False,True,False,True,recovery_success,0.013242256967350841,5,3,1,0,0,0,0,0,0
2196,4228,access_vlan:SW2:eth1:20+trunk_remove:SW2:eth3:20,27670,27677,0.05,7.449999999999999,7,True,False,True,False,True,recovery_success,0.005868021132690566,7,4,2,0,2,2,1,0,0
2197,4229,access_vlan:SW1:eth2:10+access_vlan:SW2:eth1:20+access_vlan:SW2:eth2:10+trunk_remove:SW1:eth3:20+trunk_remove:SW2:eth3:10+trunk_remove:SW2:eth3:20,27677,27685,0.05,7.5,8,True,False,True,False,True,recovery_success,0.004377630801172927,8,6,1,0,1,1,1,1,0
2198,4230,access_vlan:SW1:eth1:20+access_vlan:SW2:eth1:20+access_vlan:SW2:eth2:10+trunk_remove:SW2:eth3:20,27685,27689,0.05,9.2,4,True,False,True,False,True,recovery_success,0.0034481778857298195,4,2,1,0,0,0,0,0,0
2199,4231,access_vlan:SW2:eth2:10,27689,27693,0.05,9.35,4,True,False,True,False,True,recovery_success,0.02676711685489863,4,1,2,0,0,0,0,0,0
2200,4232,access_vlan:SW1:eth1:20+access_vlan:SW1:eth2:10+access_vlan:SW2:eth2:10+trunk_remove:SW1:eth3:10+trunk_remove:SW1:eth3:20,27693,27698,0.05,8.899999999999999,5,True,False,True,False,True,recovery_success,0.01658061994239688,5,3,1,0,0,0,0,0,0
2201,4233,access_vlan:SW1:eth1:20+access_vlan:SW1:eth2:10,27698,27704,0.05,7.6,6,True,False,True,False,True,recovery_success,0.009879552798035244,6,4,1,0,2,2,2,0,0
2202,4234,access_vlan:SW1:eth1:20+access_vlan:SW2:eth1:20+trunk_remove:SW1:eth3:10+trunk_remove:SW1:eth3:20,27704,27710,0.05,8.6,6,True,False,True,False,True,recovery_success,0.004664438000569741,6,4,1,0,0,0,0,0,0
2203,4235,access_vlan:SW1:eth2:10+access_vlan:SW2:eth1:20+access_vlan:SW2:eth2:10+trunk_remove:SW2:eth3:20,27710,27714,0.05,9.2,4,True,False,True,False,True,recovery_success,0.004578534164465964,4,2,1,0,0,0,0,0,0
2204,4236,access_vlan:SW1:eth1:20+access_vlan:SW1:eth2:10+trunk_remove:SW1:eth3:20+trunk_remove:SW2:eth3:20,27714,27722,0.05,7.0,8,True,False,True,False,True,recovery_success,0.004022621869808063,8,6,1,0,2,2,2,0,0
2205,4237,access_vlan:SW1:eth1:20+access_vlan:SW2:eth2:10+trunk_remove:SW1:eth3:20+trunk_remove:SW2:eth3:10+trunk_remove:SW2:eth3:20,27722,27729,0.05,8.299999999999999,7,True,False,True,False,True,recovery_success,0.0038259898511958973,7,5,1,0,0,0,0,0,0
2206,4238,access_vlan:SW1:eth1:20+access_vlan:SW2:eth2:10+trunk_remove:SW1:eth3:10+trunk_remove:SW1:eth3:20+trunk_remove:SW2:eth3:10,27729,27730,0.05,-10.05,1,True,False,True,False,False,incorrect_declare_done,0.004306016024202108,1,0,0,0,0,0,0,0,4
2207,4239,access_vlan:SW1:eth1:20+access_vlan:SW2:eth1:20+trunk_remove:SW1:eth3:10+trunk_remove:SW1:eth3:20+trunk_remove:SW2:eth3:20,27730,27737,0.05,8.299999999999999,7,True,False,True,False,True,recovery_success,0.00419838127813169,7,5,1,0,0,0,0,0,0
2208,4240,access_vlan:SW1:eth1:20+trunk_remove:SW1:eth3:10+trunk_remove:SW2:eth3:10+trunk_remove:SW2:eth3:20,27737,27746,0.05,6.35,9,True,False,True,False,True,recovery_success,0.00349324706217481,9,6,2,0,3,3,1,1,0
2209,4241,access_vlan:SW1:eth1:20+access_vlan:SW2:eth2:10+trunk_remove:SW1:eth3:10+trunk_remove:SW2:eth3:20,27746,27754,0.05,7.999999999999999,8,True,False,True,False,True,recovery_success,0.006188021565321833,8,6,1,0,0,0,0,0,0
2210,4242,access_vlan:SW1:eth1:20+access_vlan:SW2:eth1:20+access_vlan:SW2:eth2:10+trunk_remove:SW2:eth3:20,27754,27758,0.05,9.2,4,True,False,True,False,True,recovery_success,0.0026641746517270803,4,2,1,0,0,0,0,0,0
2211,4243,access_vlan:SW1:eth1:20+access_vlan:SW2:eth2:10+trunk_remove:SW1:eth3:20,27758,27763,0.05,8.399999999999999,5,True,False,True,False,True,recovery_success,0.022118433355353774,5,3,1,0,1,1,1,0,0
2212,4244,access_vlan:SW1:eth1:20+access_vlan:SW1:eth2:10+trunk_remove:SW1:eth3:20,27763,27768,0.05,8.399999999999999,5,True,False,True,False,True,recovery_success,0.003116682288236916,5,3,1,0,1,1,1,0,0
2213,4245,access_vlan:SW1:eth2:10+access_vlan:SW2:eth1:20+trunk_remove:SW1:eth3:10+trunk_remove:SW1:eth3:20+trunk_remove:SW2:eth3:10+trunk_remove:SW2:eth3:20,27768,27776,0.05,7.999999999999999,8,True,False,True,False,True,recovery_success,0.01129829214187339,8,6,1,0,0,0,0,0,0
2214,4246,access_vlan:SW1:eth2:10+access_vlan:SW2:eth1:20+trunk_remove:SW1:eth3:10+trunk_remove:SW2:eth3:20,27776,27782,0.05,8.6,6,True,False,True,False,True,recovery_success,0.007663076898703973,6,4,1,0,0,0,0,0,0
2215,4247,trunk_remove:SW1:eth3:10+trunk_remove:SW2:eth3:20,27782,27785,0.05,9.35,3,True,False,True,False,True,recovery_success,0.004908658719311158,3,2,0,0,0,0,0,0,0
2216,4248,access_vlan:SW1:eth1:20+trunk_remove:SW1:eth3:10+trunk_remove:SW2:eth3:20,27785,27789,0.05,9.049999999999999,4,True,False,True,False,True,recovery_success,0.00770534691400826,4,3,0,0,0,0,0,0,0
2217,4249,access_vlan:SW1:eth2:10+access_vlan:SW2:eth1:20+access_vlan:SW2:eth2:10+trunk_remove:SW1:eth3:10+trunk_remove:SW1:eth3:20+trunk_remove:SW2:eth3:10+trunk_remove:SW2:eth3:20,27789,27796,0.05,8.299999999999999,7,True,False,True,False,True,recovery_success,0.03992063618664231,7,5,1,0,0,0,0,0,0
2218,4250,access_vlan:SW1:eth1:20+access_vlan:SW2:eth1:20+access_vlan:SW2:eth2:10+trunk_remove:SW2:eth3:10,27796,27800,0.05,9.2,4,True,False,True,False,True,recovery_success,0.029122787178494036,4,2,1,0,0,0,0,0,0
2219,4251,access_vlan:SW1:eth1:20+trunk_remove:SW2:eth3:10,27800,27804,0.05,9.2,4,True,False,True,False,True,recovery_success,0.03276368626393378,4,2,1,0,0,0,0,0,0
2220,4252,access_vlan:SW1:eth2:10+trunk_remove:SW1:eth3:10+trunk_remove:SW2:eth3:20,27804,27811,0.05,8.6,7,True,False,True,False,True,recovery_success,0.030749465970854675,7,3,3,0,0,0,0,0,0
2221,4253,access_vlan:SW1:eth1:20+access_vlan:SW2:eth1:20+trunk_remove:SW1:eth3:10,27811,27822,0.05,6.699999999999999,11,True,False,True,False,True,recovery_success,0.046472919173538685,11,5,5,0,2,2,2,1,0
2222,4254,access_vlan:SW1:eth1:20+trunk_remove:SW1:eth3:10+trunk_remove:SW1:eth3:20+trunk_remove:SW2:eth3:10+trunk_remove:SW2:eth3:20,27822,27830,0.05,8.149999999999999,8,True,False,True,False,True,recovery_success,0.0141150655108504,8,5,2,0,0,0,0,0,0
2223,4255,access_vlan:SW1:eth1:20+access_vlan:SW2:eth1:20+trunk_remove:SW1:eth3:20+trunk_remove:SW2:eth3:10+trunk_remove:SW2:eth3:20,27830,27838,0.05,8.149999999999999,8,True,False,True,False,True,recovery_success,0.01335099752759561,8,5,2,0,0,0,0,0,0
2224,4256,access_vlan:SW2:eth2:10,27838,27840,0.05,9.649999999999999,2,True,False,True,False,True,recovery_success,0.008914247155189514,2,1,0,0,0,0,0,0,0
2225,4257,access_vlan:SW1:eth1:20+trunk_remove:SW1:eth3:10+trunk_remove:SW2:eth3:20,27840,27849,0.05,8.3,9,True,False,True,False,True,recovery_success,0.007352576746294896,9,3,5,0,0,0,0,0,0
2226,4258,access_vlan:SW1:eth1:20+access_vlan:SW2:eth1:20+access_vlan:SW2:eth2:10+trunk_remove:SW1:eth3:20+trunk_remove:SW2:eth3:20,27849,27854,0.05,8.899999999999999,5,True,False,True,False,True,recovery_success,0.020639836415648462,5,3,1,0,0,0,0,0,0
2227,4259,access_vlan:SW1:eth2:10+access_vlan:SW2:eth1:20+trunk_remove:SW1:eth3:10+trunk_remove:SW1:eth3:20,27854,27865,0.05,6.75,11,True,False,True,False,True,recovery_success,0.009945868196981874,11,7,2,0,1,1,1,1,0
2228,4260,access_vlan:SW1:eth1:20+access_vlan:SW2:eth1:20+access_vlan:SW2:eth2:10+trunk_remove:SW2:eth3:10,27865,27869,0.05,9.2,4,True,False,True,False,True,recovery_success,0.006692648399621248,4,2,1,0,0,0,0,0,0
2229,4261,access_vlan:SW1:eth1:20+access_vlan:SW2:eth2:10+trunk_remove:SW2:eth3:10,27869,27876,0.05,7.799999999999999,7,True,False,True,False,True,recovery_success,0.006653986538627318,7,5,1,0,1,1,1,0,0
2230,4262,access_vlan:SW1:eth2:10+access_vlan:SW2:eth1:20+trunk_remove:SW1:eth3:10,27876,27881,0.05,8.899999999999999,5,True,False,True,False,True,recovery_success,0.006155274901539087,5,3,1,0,0,0,0,0,0
2231,4263,access_vlan:SW1:eth2:10+access_vlan:SW2:eth2:10+trunk_remove:SW1:eth3:10+trunk_remove:SW2:eth3:10+trunk_remove:SW2:eth3:20,27881,27888,0.05,8.299999999999999,7,True,False,True,False,True,recovery_success,0.011052762690399374,7,5,1,0,0,0,0,0,0
2232,4264,access_vlan:SW1:eth1:20+access_vlan:SW1:eth2:10+trunk_remove:SW1:eth3:20+trunk_remove:SW2:eth3:20,27888,27897,0.05,5.349999999999999,9,True,False,True,False,True,recovery_success,0.011878498726420932,9,6,2,0,5,4,3,1,0
2233,4265,access_vlan:SW1:eth1:20+access_vlan:SW1:eth2:10+access_vlan:SW2:eth1:20+trunk_remove:SW2:eth3:20,27897,27901,0.05,9.2,4,True,False,True,False,True,recovery_success,0.007834760122932494,4,2,1,0,0,0,0,0,0
2234,4266,access_vlan:SW1:eth2:10+trunk_remove:SW1:eth3:10+trunk_remove:SW2:eth3:10,27901,27906,0.05,8.899999999999999,5,True,False,True,False,True,recovery_success,0.03536235527135432,5,3,1,0,0,0,0,0,0
2235,4267,access_vlan:SW1:eth2:10+trunk_remove:SW1:eth3:10+trunk_remove:SW2:eth3:10,27906,27915,0.05,8.3,9,True,False,True,False,True,recovery_success,0.009826727780616946,9,3,5,0,0,0,0,0,0
2236,4268,access_vlan:SW1:eth1:20+access_vlan:SW1:eth2:10+access_vlan:SW2:eth2:10+trunk_remove:SW1:eth3:10+trunk_remove:SW2:eth3:10+trunk_remove:SW2:eth3:20,27915,27921,0.05,8.6,6,True,False,True,False,True,recovery_success,0.007779291986177365,6,4,1,0,0,0,0,0,0
2237,4269,access_vlan:SW1:eth1:20+access_vlan:SW2:eth2:10+trunk_remove:SW1:eth3:10+trunk_remove:SW1:eth3:20,27921,27927,0.05,8.1,6,True,False,True,False,True,recovery_success,0.024060581112280488,6,4,1,0,1,1,1,0,0
2238,4270,access_vlan:SW1:eth1:20+access_vlan:SW2:eth2:10+trunk_remove:SW1:eth3:10+trunk_remove:SW2:eth3:10,27927,27933,0.05,8.6,6,True,False,True,False,True,recovery_success,0.014159288994657496,6,4,1,0,0,0,0,0,0
2239,4271,trunk_remove:SW2:eth3:10+trunk_remove:SW2:eth3:20,27933,27939,0.05,8.899999999999999,6,True,False,True,False,True,recovery_success,0.004714036049942176,6,2,3,0,0,0,0,0,0
2240,4272,access_vlan:SW2:eth1:20+access_vlan:SW2:eth2:10+trunk_remove:SW1:eth3:10+trunk_remove:SW2:eth3:20,27939,27948,0.05,5.849999999999999,9,True,False,True,False,True,recovery_success,0.007739154647828804,9,6,2,0,4,3,2,1,0
2241,4273,access_vlan:SW2:eth1:20+access_vlan:SW2:eth2:10+trunk_remove:SW1:eth3:20,27948,27954,0.05,8.25,6,True,False,True,False,True,recovery_success,0.003120605406972269,6,3,2,0,1,1,1,0,0
2242,4274,access_vlan:SW1:eth1:20+access_vlan:SW1:eth2:10+access_vlan:SW2:eth2:10,27954,27957,0.05,9.5,3,True,False,True,False,True,recovery_success,0.002075001636209587,3,1,1,0,0,0,0,0,0
2243,4275,access_vlan:SW1:eth1:20+access_vlan:SW2:eth1:20+access_vlan:SW2:eth2:10+trunk_remove:SW1:eth3:20,27957,27961,0.05,9.2,4,True,False,True,False,True,recovery_success,0.003233438852475956,4,2,1,0,0,0,0,0,0
2244,4276,access_vlan:SW1:eth1:20+access_vlan:SW1:eth2:10+access_vlan:SW2:eth1:20+trunk_remove:SW1:eth3:10+trunk_remove:SW1:eth3:20+trunk_remove:SW2:eth3:10+trunk_remove:SW2:eth3:20,27961,27968,0.05,8.299999999999999,7,True,False,True,False,True,recovery_success,0.003495687252974936,7,5,1,0,0,0,0,0,0
2245,4277,access_vlan:SW2:eth1:20+access_vlan:SW2:eth2:10+trunk_remove:SW2:eth3:10,27968,27976,0.05,7.949999999999999,8,True,False,True,False,True,recovery_success,0.02679662115406245,8,3,4,0,1,1,1,0,0
2246,4278,access_vlan:SW1:eth1:20+access_vlan:SW1:eth2:10+access_vlan:SW2:eth2:10+trunk_remove:SW1:eth3:10+trunk_remove:SW2:eth3:10+trunk_remove:SW2:eth3:20,27976,27982,0.05,8.6,6,True,False,True,False,True,recovery_success,0.0036264437173182764,6,4,1,0,0,0,0,0,0
2247,4279,access_vlan:SW1:eth1:20+access_vlan:SW2:eth2:10+trunk_remove:SW2:eth3:10,27982,27990,0.05,7.6499999999999995,8,True,False,True,False,True,recovery_success,0.02801226417068392,8,5,2,0,1,1,1,1,0
2248,4280,access_vlan:SW1:eth2:10,27990,27992,0.05,9.649999999999999,2,True,False,True,False,True,recovery_success,0.0034397540148347616,2,1,0,0,0,0,0,0,0
2249,4281,access_vlan:SW1:eth1:20+access_vlan:SW2:eth2:10+trunk_remove:SW1:eth3:10+trunk_remove:SW2:eth3:20,27992,27998,0.05,8.6,6,True,False,True,False,True,recovery_success,0.01282560545951128,6,4,1,0,0,0,0,0,0
2250,4282,access_vlan:SW1:eth1:20+access_vlan:SW1:eth2:10+access_vlan:SW2:eth1:20+trunk_remove:SW1:eth3:20+trunk_remove:SW2:eth3:10+trunk_remove:SW2:eth3:20,27998,28004,0.05,8.6,6,True,False,True,False,True,recovery_success,0.0065144232551877694,6,4,1,0,0,0,0,0,0
2251,4283,access_vlan:SW2:eth2:10+trunk_remove:SW1:eth3:10+trunk_remove:SW2:eth3:10,28004,28008,0.05,9.049999999999999,4,True,False,True,False,True,recovery_success,0.009034471586346626,4,3,0,0,0,0,0,0,0
2252,4284,access_vlan:SW1:eth1:20+access_vlan:SW1:eth2:10+access_vlan:SW2:eth1:20+trunk_remove:SW1:eth3:10+trunk_remove:SW1:eth3:20,28008,28016,0.05,7.6499999999999995,8,True,False,True,False,True,recovery_success,0.008650164119899273,8,5,2,0,1,1,1,1,0
2253,4285,access_vlan:SW1:eth1:20+access_vlan:SW2:eth1:20+access_vlan:SW2:eth2:10+trunk_remove:SW1:eth3:10+trunk_remove:SW1:eth3:20+trunk_remove:SW2:eth3:10,28016,28022,0.05,8.6,6,True,False,True,False,True,recovery_success,0.014962524098033706,6,4,1,0,0,0,0,0,0
2254,4286,access_vlan:SW1:eth1:20+access_vlan:SW2:eth1:20+access_vlan:SW2:eth2:10+trunk_remove:SW1:eth3:10+trunk_remove:SW2:eth3:10+trunk_remove:SW2:eth3:20,28022,28028,0.05,8.6,6,True,False,True,False,True,recovery_success,0.011998254184921583,6,4,1,0,0,0,0,0,0
2255,4287,access_vlan:SW1:eth1:20+access_vlan:SW2:eth2:10+trunk_remove:SW1:eth3:10+trunk_remove:SW2:eth3:20,28028,28034,0.05,8.6,6,True,False,True,False,True,recovery_success,0.004848812124691904,6,4,1,0,0,0,0,0,0
2256,4288,access_vlan:SW1:eth1:20+access_vlan:SW1:eth2:10+access_vlan:SW2:eth1:20+trunk_remove:SW2:eth3:10+trunk_remove:SW2:eth3:20,28034,28039,0.05,8.899999999999999,5,True,False,True,False,True,recovery_success,0.0038004352711141108,5,3,1,0,0,0,0,0,0
2257,4289,access_vlan:SW1:eth2:10+trunk_remove:SW1:eth3:10+trunk_remove:SW1:eth3:20+trunk_remove:SW2:eth3:20,28039,28045,0.05,8.6,6,True,False,True,False,True,recovery_success,0.034239051902356245,6,4,1,0,0,0,0,0,0
2258,4290,access_vlan:SW1:eth2:10+trunk_remove:SW2:eth3:10,28045,28048,0.05,9.35,3,True,False,True,False,True,recovery_success,0.005636183079332113,3,2,0,0,0,0,0,0,0
2259,4291,access_vlan:SW2:eth2:10+trunk_remove:SW1:eth3:10,28048,28051,0.05,9.35,3,True,False,True,False,True,recovery_success,0.004612931205580632,3,2,0,0,0,0,0,0,0
2260,4292,access_vlan:SW1:eth1:20+access_vlan:SW2:eth1:20+access_vlan:SW2:eth2:10+trunk_remove:SW1:eth3:10+trunk_remove:SW1:eth3:20+trunk_remove:SW2:eth3:10+trunk_remove:SW2:eth3:20,28051,28059,0.05,8.149999999999999,8,True,False,True,False,True,recovery_success,0.004474306537304074,8,5,2,0,0,0,0,0,0
2261,4293,access_vlan:SW1:eth1:20+access_vlan:SW1:eth2:10+access_vlan:SW2:eth1:20+trunk_remove:SW2:eth3:10+trunk_remove:SW2:eth3:20,28059,28064,0.05,8.899999999999999,5,True,False,True,False,True,recovery_success,0.004634334892034531,5,3,1,0,0,0,0,0,0
2262,4294,access_vlan:SW2:eth2:10+trunk_remove:SW2:eth3:20,28064,28067,0.05,9.35,3,True,False,True,False,True,recovery_success,0.004144802922382951,3,2,0,0,0,0,0,0,0
2263,4295,access_vlan:SW1:eth2:10,28067,28069,0.05,9.649999999999999,2,True,False,True,False,True,recovery_success,0.008228052291087806,2,1,0,0,0,0,0,0,0
2264,4296,trunk_remove:SW1:eth3:20+trunk_remove:SW2:eth3:10,28069,28072,0.05,9.35,3,True,False,True,False,True,recovery_success,0.05217298585921526,3,2,0,0,0,0,0,0,0
2265,4297,access_vlan:SW1:eth1:20+access_vlan:SW2:eth2:10,28072,28075,0.05,8.85,3,True,False,True,False,True,recovery_success,0.006608499369273583,3,2,0,0,1,1,1,0,0
2266,4298,access_vlan:SW1:eth1:20+access_vlan:SW1:eth2:10+access_vlan:SW2:eth1:20+access_vlan:SW2:eth2:10+trunk_remove:SW1:eth3:20+trunk_remove:SW2:eth3:10,28075,28079,0.05,9.2,4,True,False,True,False,True,recovery_success,0.028798016777727753,4,2,1,0,0,0,0,0,0
2267,4299,access_vlan:SW2:eth1:20+trunk_remove:SW1:eth3:10+trunk_remove:SW1:eth3:20,28079,28083,0.05,9.049999999999999,4,True,False,True,False,True,recovery_success,0.024132394581101835,4,3,0,0,0,0,0,0,0
2268,4300,access_vlan:SW1:eth1:20+access_vlan:SW1:eth2:10+trunk_remove:SW2:eth3:10+trunk_remove:SW2:eth3:20,28083,28092,0.05,6.35,9,True,False,True,False,True,recovery_success,0.0038090962399211195,9,6,2,0,3,3,3,0,0
2269,4301,access_vlan:SW1:eth1:20+access_vlan:SW2:eth2:10,28092,28096,0.05,8.7,4,True,False,True,False,True,recovery_success,0.018233549024444073,4,2,1,0,1,1,1,0,0
2270,4302,access_vlan:SW1:eth2:10+trunk_remove:SW2:eth3:10+trunk_remove:SW2:eth3:20,28096,28098,0.05,-10.350000000000001,2,True,False,True,False,False,incorrect_declare_done,0.03206487256102264,2,1,0,0,0,0,0,0,2
2271,4303,access_vlan:SW1:eth1:20+access_vlan:SW2:eth1:20+trunk_remove:SW1:eth3:20+trunk_remove:SW2:eth3:10+trunk_remove:SW2:eth3:20,28098,28107,0.05,6.699999999999999,9,True,False,True,False,True,recovery_success,0.005488008674648073,9,7,1,0,2,2,1,0,0
2272,4304,access_vlan:SW2:eth1:20+trunk_remove:SW1:eth3:20+trunk_remove:SW2:eth3:10,28107,28112,0.05,8.899999999999999,5,True,False,True,False,True,recovery_success,0.014217055216431618,5,3,1,0,0,0,0,0,0
2273,4305,access_vlan:SW1:eth2:10+access_vlan:SW2:eth2:10+trunk_remove:SW1:eth3:10+trunk_remove:SW2:eth3:10+trunk_remove:SW2:eth3:20,28112,28120,0.05,7.6499999999999995,8,True,False,True,False,True,recovery_success,0.010874568833969533,8,5,2,0,1,1,1,0,0
2274,4306,access_vlan:SW2:eth1:20+trunk_remove:SW1:eth3:10+trunk_remove:SW2:eth3:10+trunk_remove:SW2:eth3:20,28120,28126,0.05,8.6,6,True,False,True,False,True,recovery_success,0.005202234645063679,6,4,1,0,0,0,0,0,0
2275,4307,access_vlan:SW1:eth2:10+access_vlan:SW2:eth1:20+access_vlan:SW2:eth2:10+trunk_remove:SW1:eth3:20+trunk_remove:SW2:eth3:10,28126,28131,0.05,8.899999999999999,5,True,False,True,False,True,recovery_success,0.013966716406866909,5,3,1,0,0,0,0,0,0
2276,4308,access_vlan:SW1:eth2:10+access_vlan:SW2:eth1:20+trunk_remove:SW1:eth3:10,28131,28133,0.05,-10.350000000000001,2,True,False,True,False,False,incorrect_declare_done,0.047703121323138475,2,1,0,0,0,0,0,0,3
2277,4309,access_vlan:SW1:eth2:10,28133,28135,0.05,9.649999999999999,2,True,False,True,False,True,recovery_success,0.004061943385750055,2,1,0,0,0,0,0,0,0
2278,4310,access_vlan:SW1:eth1:20+access_vlan:SW1:eth2:10+trunk_remove:SW1:eth3:10+trunk_remove:SW1:eth3:20+trunk_remove:SW2:eth3:20,28135,28142,0.05,7.799999999999999,7,True,False,True,False,True,recovery_success,0.016680712146418437,7,5,1,0,1,1,1,0,0
2279,4311,access_vlan:SW2:eth1:20+trunk_remove:SW1:eth3:10+trunk_remove:SW1:eth3:20,28142,28146,0.05,9.049999999999999,4,True,False,True,False,True,recovery_success,0.026947314385324717,4,3,0,0,0,0,0,0,0
2280,4312,access_vlan:SW1:eth1:20+access_vlan:SW1:eth2:10,28146,28149,0.05,8.85,3,True,False,True,False,True,recovery_success,0.016581533942371607,3,2,0,0,1,1,1,0,0
2281,4313,trunk_remove:SW1:eth3:10+trunk_remove:SW2:eth3:20,28149,28152,0.05,9.35,3,True,False,True,False,True,recovery_success,0.0040304761690398054,3,2,0,0,0,0,0,0,0
2282,4314,access_vlan:SW1:eth1:20+access_vlan:SW1:eth2:10+trunk_remove:SW1:eth3:10+trunk_remove:SW1:eth3:20+trunk_remove:SW2:eth3:20,28152,28159,0.05,7.799999999999999,7,True,False,True,False,True,recovery_success,0.012670224066823721,7,5,1,0,1,1,1,0,0
2283,4315,access_vlan:SW1:eth1:20+access_vlan:SW2:eth1:20+trunk_remove:SW1:eth3:10+trunk_remove:SW1:eth3:20+trunk_remove:SW2:eth3:10+trunk_remove:SW2:eth3:20,28159,28177,0.05,5.0,18,True,False,True,False,True,recovery_success,0.007552143975367976,18,11,1,0,0,0,0,0,0
2284,4316,access_vlan:SW1:eth1:20+access_vlan:SW1:eth2:10+access_vlan:SW2:eth2:10+trunk_remove:SW1:eth3:10+trunk_remove:SW1:eth3:20+trunk_remove:SW2:eth3:10,28177,28183,0.05,8.6,6,True,False,True,False,True,recovery_success,0.004934063452916841,6,4,1,0,0,0,0,0,0
2285,4317,access_vlan:SW1:eth2:10+trunk_remove:SW1:eth3:10+trunk_remove:SW2:eth3:10+trunk_remove:SW2:eth3:20,28183,28191,0.05,7.5,8,True,False,True,False,True,recovery_success,0.012690125207882375,8,5,1,0,1,1,1,1,0
2286,4318,access_vlan:SW1:eth2:10+trunk_remove:SW1:eth3:10,28191,28195,0.05,9.2,4,True,False,True,False,True,recovery_success,0.005629251711070538,4,2,1,0,0,0,0,0,0
2287,4319,access_vlan:SW1:eth2:10+trunk_remove:SW1:eth3:10+trunk_remove:SW2:eth3:20,28195,28202,0.05,7.799999999999999,7,True,False,True,False,True,recovery_success,0.005307843709098441,7,5,1,0,1,1,1,0,0
2288,4320,access_vlan:SW1:eth1:20+trunk_remove:SW1:eth3:10,28202,28208,0.05,7.6,6,True,False,True,False,True,recovery_success,0.008272344052481154,6,4,1,0,2,2,1,0,0
2289,4321,trunk_remove:SW1:eth3:10,28208,28210,0.05,9.649999999999999,2,True,False,True,False,True,recovery_success,0.08021528134122491,2,1,0,0,0,0,0,0,0
2290,4322,access_vlan:SW1:eth1:20+trunk_remove:SW2:eth3:10,28210,28213,0.05,9.35,3,True,False,True,False,True,recovery_success,0.006398261369516452,3,2,0,0,0,0,0,0,0
2291,4323,access_vlan:SW1:eth2:10+access_vlan:SW2:eth2:10+trunk_remove:SW1:eth3:20+trunk_remove:SW2:eth3:10,28213,28219,0.05,8.6,6,True,False,True,False,True,recovery_success,0.03084393939934671,6,4,1,0,0,0,0,0,0
2292,4324,access_vlan:SW1:eth2:10+access_vlan:SW2:eth2:10+trunk_remove:SW2:eth3:10,28219,28223,0.05,9.049999999999999,4,True,False,True,False,True,recovery_success,0.011215831036679447,4,3,0,0,0,0,0,0,0
2293,4325,access_vlan:SW1:eth2:10+trunk_remove:SW1:eth3:10,28223,28226,0.05,9.35,3,True,False,True,False,True,recovery_success,0.008070667274296284,3,2,0,0,0,0,0,0,0
2294,4326,access_vlan:SW2:eth1:20+trunk_remove:SW1:eth3:20+trunk_remove:SW2:eth3:10,28226,28230,0.05,9.049999999999999,4,True,False,True,False,True,recovery_success,0.009331029374152422,4,3,0,0,0,0,0,0,0
2295,4327,access_vlan:SW1:eth1:20+access_vlan:SW2:eth2:10+trunk_remove:SW1:eth3:10+trunk_remove:SW2:eth3:10,28230,28236,0.05,8.6,6,True,False,True,False,True,recovery_success,0.015442682274927696,6,4,1,0,0,0,0,0,0
2296,4328,access_vlan:SW1:eth2:10+access_vlan:SW2:eth1:20+trunk_remove:SW1:eth3:10,28236,28243,0.05,7.3,7,True,False,True,False,True,recovery_success,0.017470525577664375,7,5,1,0,2,2,1,0,0
2297,4329,access_vlan:SW1:eth1:20+access_vlan:SW1:eth2:10+trunk_remove:SW1:eth3:10+trunk_remove:SW2:eth3:20,28243,28251,0.05,6.5,8,True,False,True,False,True,recovery_success,0.00983510329388082,8,6,1,0,3,3,2,0,0
2298,4330,access_vlan:SW1:eth1:20+trunk_remove:SW1:eth3:10+trunk_remove:SW1:eth3:20,28251,28255,0.05,9.049999999999999,4,True,False,True,False,True,recovery_success,0.006043323432095349,4,3,0,0,0,0,0,0,0
2299,4331,access_vlan:SW1:eth2:10+trunk_remove:SW1:eth3:10+trunk_remove:SW1:eth3:20+trunk_remove:SW2:eth3:10,28255,28260,0.05,8.75,5,True,False,True,False,True,recovery_success,0.005491425655782223,5,4,0,0,0,0,0,0,0
2300,4332,access_vlan:SW1:eth2:10+access_vlan:SW2:eth1:20+access_vlan:SW2:eth2:10+trunk_remove:SW1:eth3:20+trunk_remove:SW2:eth3:20,28260,28264,0.05,9.049999999999999,4,True,False,True,False,True,recovery_success,0.003908707178197801,4,3,0,0,0,0,0,0,0
2301,4333,access_vlan:SW1:eth2:10+access_vlan:SW2:eth2:10+trunk_remove:SW1:eth3:10+trunk_remove:SW2:eth3:10+trunk_remove:SW2:eth3:20,28264,28270,0.05,8.45,6,True,False,True,False,True,recovery_success,0.0055387429893016815,6,5,0,0,0,0,0,0,0
2302,4334,access_vlan:SW1:eth1:20+access_vlan:SW1:eth2:10+trunk_remove:SW1:eth3:10+trunk_remove:SW2:eth3:10+trunk_remove:SW2:eth3:20,28270,28276,0.05,7.949999999999999,6,True,False,True,False,True,recovery_success,0.008642879431135952,6,5,0,0,1,1,1,0,0
2303,4335,trunk_remove:SW1:eth3:10+trunk_remove:SW1:eth3:20+trunk_remove:SW2:eth3:10+trunk_remove:SW2:eth3:20,28276,28281,0.05,8.75,5,True,False,True,False,True,recovery_success,0.01557479533366859,5,4,0,0,0,0,0,0,0
2304,4336,access_vlan:SW1:eth2:10+access_vlan:SW2:eth1:20+trunk_remove:SW1:eth3:10+trunk_remove:SW2:eth3:20,28281,28287,0.05,8.6,6,True,False,True,False,True,recovery_success,0.004485560891528924,6,4,1,0,0,0,0,0,0
2305,4337,access_vlan:SW2:eth1:20+trunk_remove:SW1:eth3:20,28287,28291,0.05,9.2,4,True,False,True,False,True,recovery_success,0.007181338965892792,4,2,1,0,0,0,0,0,0
2306,4338,access_vlan:SW1:eth1:20+access_vlan:SW2:eth1:20+trunk_remove:SW2:eth3:10+trunk_remove:SW2:eth3:20,28291,28297,0.05,8.6,6,True,False,True,False,True,recovery_success,0.016005425015464425,6,4,1,0,0,0,0,0,0
2307,4339,access_vlan:SW1:eth1:20+access_vlan:SW1:eth2:10+access_vlan:SW2:eth1:20+trunk_remove:SW1:eth3:10+trunk_remove:SW1:eth3:20+trunk_remove:SW2:eth3:20,28297,28303,0.05,8.6,6,True,False,True,False,True,recovery_success,0.0225283035930867,6,4,1,0,0,0,0,0,0
2308,4340,access_vlan:SW1:eth1:20+access_vlan:SW2:eth2:10+trunk_remove:SW1:eth3:10,28303,28309,0.05,7.949999999999999,6,True,False,True,False,True,recovery_success,0.005560626043006778,6,4,0,0,1,1,1,0,0
2309,4341,access_vlan:SW1:eth1:20+access_vlan:SW2:eth1:20+access_vlan:SW2:eth2:10+trunk_remove:SW1:eth3:20,28309,28313,0.05,9.2,4,True,False,True,False,True,recovery_success,0.003179577994160354,4,2,1,0,0,0,0,0,0
2310,4342,access_vlan:SW1:eth1:20+access_vlan:SW2:eth2:10+trunk_remove:SW1:eth3:10+trunk_remove:SW1:eth3:20,28313,28321,0.05,6.0,8,True,False,True,False,True,recovery_success,0.0030240037594921887,8,6,1,0,4,4,2,1,0
2311,4343,access_vlan:SW1:eth2:10+access_vlan:SW2:eth1:20+access_vlan:SW2:eth2:10+trunk_remove:SW1:eth3:20+trunk_remove:SW2:eth3:20,28321,28325,0.05,9.049999999999999,4,True,False,True,False,True,recovery_success,0.00372703984612599,4,3,0,0,0,0,0,0,0
2312,4344,access_vlan:SW1:eth1:20+trunk_remove:SW1:eth3:10+trunk_remove:SW1:eth3:20+trunk_remove:SW2:eth3:10+trunk_remove:SW2:eth3:20,28325,28332,0.05,8.299999999999999,7,True,False,True,False,True,recovery_success,0.003958720547546234,7,5,1,0,0,0,0,0,0
2313,4345,access_vlan:SW1:eth2:10+access_vlan:SW2:eth2:10+trunk_remove:SW1:eth3:10+trunk_remove:SW1:eth3:20+trunk_remove:SW2:eth3:10,28332,28338,0.05,8.45,6,True,False,True,False,True,recovery_success,0.0031856911179299154,6,5,0,0,0,0,0,0,0
2314,4346,access_vlan:SW1:eth1:20+access_vlan:SW2:eth1:20+access_vlan:SW2:eth2:10+trunk_remove:SW1:eth3:10+trunk_remove:SW1:eth3:20,28338,28342,0.05,9.049999999999999,4,True,False,True,False,True,recovery_success,0.006386840221239254,4,3,0,0,0,0,0,0,0
2315,4347,access_vlan:SW2:eth2:10,28342,28344,0.05,9.649999999999999,2,True,False,True,False,True,recovery_success,0.0035041975788772106,2,1,0,0,0,0,0,0,0
2316,4348,access_vlan:SW1:eth1:20+trunk_remove:SW1:eth3:20+trunk_remove:SW2:eth3:10+trunk_remove:SW2:eth3:20,28344,28350,0.05,8.6,6,True,False,True,False,True,recovery_success,0.002824165237446626,6,4,1,0,0,0,0,0,0
2317,4349,access_vlan:SW1:eth2:10+access_vlan:SW2:eth2:10+trunk_remove:SW2:eth3:10,28350,28357,0.05,7.799999999999999,7,True,False,True,False,True,recovery_success,0.0033577388219003168,7,5,1,0,1,1,1,0,0
2318,4350,trunk_remove:SW1:eth3:10+trunk_remove:SW1:eth3:20+trunk_remove:SW2:eth3:10+trunk_remove:SW2:eth3:20,28357,28363,0.05,8.6,6,True,False,True,False,True,recovery_success,0.003104335550839702,6,4,1,0,0,0,0,0,0
2319,4351,access_vlan:SW2:eth1:20+trunk_remove:SW1:eth3:20+trunk_remove:SW2:eth3:10,28363,28370,0.05,7.799999999999999,7,True,False,True,False,True,recovery_success,0.006799799456660237,7,4,1,0,1,1,1,1,0
2320,4352,access_vlan:SW1:eth1:20+access_vlan:SW1:eth2:10+access_vlan:SW2:eth2:10+trunk_remove:SW1:eth3:10+trunk_remove:SW2:eth3:20,28370,28374,0.05,9.049999999999999,4,True,False,True,False,True,recovery_success,0.00255023073987104,4,3,0,0,0,0,0,0,0
2321,4353,access_vlan:SW1:eth2:10+trunk_remove:SW1:eth3:10+trunk_remove:SW2:eth3:10+trunk_remove:SW2:eth3:20,28374,28379,0.05,8.75,5,True,False,True,False,True,recovery_success,0.003814208786934614,5,4,0,0,0,0,0,0,0
2322,4354,access_vlan:SW1:eth2:10+access_vlan:SW2:eth1:20+access_vlan:SW2:eth2:10+trunk_remove:SW1:eth3:20+trunk_remove:SW2:eth3:20,28379,28384,0.05,8.899999999999999,5,True,False,True,False,True,recovery_success,0.007840742496773601,5,3,1,0,0,0,0,0,0
2323,4355,access_vlan:SW1:eth1:20+access_vlan:SW1:eth2:10+access_vlan:SW2:eth1:20+access_vlan:SW2:eth2:10,28384,28385,0.05,9.95,1,True,False,True,False,True,recovery_success,0.0017183171585202217,1,0,0,0,0,0,0,0,0
2324,4356,access_vlan:SW1:eth1:20+access_vlan:SW2:eth2:10+trunk_remove:SW1:eth3:20+trunk_remove:SW2:eth3:10,28385,28390,0.05,8.75,5,True,False,True,False,True,recovery_success,0.0037399736233055592,5,4,0,0,0,0,0,0,0
2325,4357,access_vlan:SW1:eth1:20+access_vlan:SW1:eth2:10+trunk_remove:SW2:eth3:20,28390,28395,0.05,8.399999999999999,5,True,False,True,False,True,recovery_success,0.009141721297055483,5,3,1,0,1,1,1,0,0
2326,4358,access_vlan:SW1:eth1:20+access_vlan:SW2:eth1:20+access_vlan:SW2:eth2:10+trunk_remove:SW1:eth3:10+trunk_remove:SW1:eth3:20,28395,28400,0.05,8.899999999999999,5,True,False,True,False,True,recovery_success,0.006459250673651695,5,3,1,0,0,0,0,0,0
2327,4359,access_vlan:SW1:eth2:10+trunk_remove:SW1:eth3:10+trunk_remove:SW1:eth3:20+trunk_remove:SW2:eth3:10+trunk_remove:SW2:eth3:20,28400,28406,0.05,8.45,6,True,False,True,False,True,recovery_success,0.004424553442125519,6,5,0,0,0,0,0,0,0
2328,4360,access_vlan:SW1:eth1:20+access_vlan:SW1:eth2:10+access_vlan:SW2:eth1:20,28406,28409,0.05,9.5,3,True,False,True,False,True,recovery_success,0.0026039733396222195,3,1,1,0,0,0,0,0,0
2329,4361,access_vlan:SW1:eth1:20+access_vlan:SW1:eth2:10+trunk_remove:SW2:eth3:20,28409,28415,0.05,7.949999999999999,6,True,False,True,False,True,recovery_success,0.007884702528826892,6,5,0,0,1,1,1,0,0
2330,4362,access_vlan:SW1:eth1:20+access_vlan:SW2:eth2:10+trunk_remove:SW1:eth3:20+trunk_remove:SW2:eth3:10,28415,28421,0.05,8.6,6,True,False,True,False,True,recovery_success,0.006670476829943557,6,4,1,0,0,0,0,0,0
2331,4363,access_vlan:SW1:eth1:20+access_vlan:SW1:eth2:10+access_vlan:SW2:eth1:20+access_vlan:SW2:eth2:10+trunk_remove:SW1:eth3:20+trunk_remove:SW2:eth3:10,28421,28425,0.05,9.2,4,True,False,True,False,True,recovery_success,0.006861209461931139,4,2,1,0,0,0,0,0,0
2332,4364,trunk_remove:SW1:eth3:20+trunk_remove:SW2:eth3:10,28425,28430,0.05,8.25,5,True,False,True,False,True,recovery_success,0.011882365820929408,5,4,0,0,1,1,1,0,0
2333,4365,access_vlan:SW1:eth1:20+trunk_remove:SW1:eth3:10+trunk_remove:SW1:eth3:20+trunk_remove:SW2:eth3:10,28430,28436,0.05,8.6,6,True,False,True,False,True,recovery_success,0.011387705725307265,6,4,1,0,0,0,0,0,0
2334,4366,access_vlan:SW1:eth1:20+access_vlan:SW2:eth1:20+trunk_remove:SW1:eth3:10+trunk_remove:SW1:eth3:20,28436,28442,0.05,8.6,6,True,False,True,False,True,recovery_success,0.0058210783172398806,6,4,1,0,0,0,0,0,0
2335,4367,access_vlan:SW2:eth2:10+trunk_remove:SW1:eth3:10+trunk_remove:SW2:eth3:10,28442,28447,0.05,8.899999999999999,5,True,False,True,False,True,recovery_success,0.007042987365275621,5,3,1,0,0,0,0,0,0
2336,4368,access_vlan:SW1:eth1:20+access_vlan:SW2:eth1:20+access_vlan:SW2:eth2:10+trunk_remove:SW1:eth3:10+trunk_remove:SW1:eth3:20+trunk_remove:SW2:eth3:20,28447,28453,0.05,8.6,6,True,False,True,False,True,recovery_success,0.008609733272654315,6,4,1,0,0,0,0,0,0
2337,4369,access_vlan:SW2:eth2:10+trunk_remove:SW1:eth3:10+trunk_remove:SW1:eth3:20,28453,28457,0.05,9.049999999999999,4,True,False,True,False,True,recovery_success,0.005857608048245311,4,3,0,0,0,0,0,0,0
2338,4370,access_vlan:SW1:eth2:10+access_vlan:SW2:eth1:20+access_vlan:SW2:eth2:10+trunk_remove:SW1:eth3:10,28457,28460,0.05,9.35,3,True,False,True,False,True,recovery_success,0.005505794969697793,3,2,0,0,0,0,0,0,0
2339,4371,access_vlan:SW1:eth2:10+trunk_remove:SW1:eth3:10+trunk_remove:SW2:eth3:10+trunk_remove:SW2:eth3:20,28460,28467,0.05,7.6499999999999995,7,True,False,True,False,True,recovery_success,0.004198185534083417,7,6,0,0,1,1,1,0,0
2340,4372,access_vlan:SW1:eth1:20+trunk_remove:SW1:eth3:10+trunk_remove:SW1:eth3:20,28467,28471,0.05,9.049999999999999,4,True,False,True,False,True,recovery_success,0.01855341298505664,4,3,0,0,0,0,0,0,0
2341,4373,access_vlan:SW1:eth1:20+trunk_remove:SW1:eth3:10+trunk_remove:SW1:eth3:20+trunk_remove:SW2:eth3:10+trunk_remove:SW2:eth3:20,28471,28478,0.05,8.299999999999999,7,True,False,True,False,True,recovery_success,0.003303045539983681,7,5,1,0,0,0,0,0,0
2342,4374,access_vlan:SW1:eth2:10+access_vlan:SW2:eth1:20+trunk_remove:SW2:eth3:10,28478,28482,0.05,9.049999999999999,4,True,False,True,False,True,recovery_success,0.0020599424024112523,4,3,0,0,0,0,0,0,0
2343,4375,access_vlan:SW1:eth1:20+access_vlan:SW1:eth2:10+access_vlan:SW2:eth2:10+trunk_remove:SW1:eth3:20+trunk_remove:SW2:eth3:20,28482,28486,0.05,9.049999999999999,4,True,False,True,False,True,recovery_success,0.0033830728789325804,4,3,0,0,0,0,0,0,0
2344,4376,access_vlan:SW1:eth1:20+access_vlan:SW1:eth2:10+access_vlan:SW2:eth1:20+trunk_remove:SW1:eth3:20,28486,28489,0.05,9.35,3,True,False,True,False,True,recovery_success,0.0024831011736144624,3,2,0,0,0,0,0,0,0
2345,4377,access_vlan:SW2:eth1:20+trunk_remove:SW1:eth3:10,28489,28494,0.05,8.25,5,True,False,True,False,True,recovery_success,0.002473088772967458,5,4,0,0,1,1,1,1,0
2346,4378,access_vlan:SW2:eth2:10+trunk_remove:SW1:eth3:20+trunk_remove:SW2:eth3:20,28494,28498,0.05,9.049999999999999,4,True,False,True,False,True,recovery_success,0.004137280455324799,4,3,0,0,0,0,0,0,0
2347,4379,trunk_remove:SW2:eth3:10,28498,28500,0.05,9.649999999999999,2,True,False,True,False,True,recovery_success,0.00750999606680125,2,1,0,0,0,0,0,0,0
2348,4380,access_vlan:SW1:eth2:10+access_vlan:SW2:eth1:20+access_vlan:SW2:eth2:10+trunk_remove:SW1:eth3:20+trunk_remove:SW2:eth3:20,28500,28505,0.05,8.899999999999999,5,True,False,True,False,True,recovery_success,0.009726427681744098,5,3,1,0,0,0,0,0,0
2349,4381,access_vlan:SW1:eth1:20+access_vlan:SW2:eth1:20+trunk_remove:SW1:eth3:20+trunk_remove:SW2:eth3:20,28505,28512,0.05,8.45,7,True,False,True,False,True,recovery_success,0.007276045491120645,7,4,2,0,0,0,0,0,0
2350,4382,access_vlan:SW2:eth2:10+trunk_remove:SW1:eth3:20+trunk_remove:SW2:eth3:20,28512,28516,0.05,9.049999999999999,4,True,False,True,False,True,recovery_success,0.005955745349638164,4,3,0,0,0,0,0,0,0
2351,4383,access_vlan:SW1:eth1:20+access_vlan:SW2:eth1:20+access_vlan:SW2:eth2:10+trunk_remove:SW2:eth3:10+trunk_remove:SW2:eth3:20,28516,28520,0.05,9.049999999999999,4,True,False,True,False,True,recovery_success,0.008390527800656855,4,3,0,0,0,0,0,0,0
2352,4384,access_vlan:SW1:eth1:20+access_vlan:SW1:eth2:10+access_vlan:SW2:eth1:20+access_vlan:SW2:eth2:10+trunk_remove:SW1:eth3:10,28520,28522,0.05,9.649999999999999,2,True,False,True,False,True,recovery_success,0.008753941394388676,2,1,0,0,0,0,0,0,0
2353,4385,access_vlan:SW1:eth1:20+access_vlan:SW1:eth2:10+trunk_remove:SW1:eth3:10+trunk_remove:SW2:eth3:10+trunk_remove:SW2:eth3:20,28522,28529,0.05,7.799999999999999,7,True,False,True,False,True,recovery_success,0.011127518356910773,7,5,1,0,1,1,1,0,0
2354,4386,access_vlan:SW1:eth2:10+access_vlan:SW2:eth1:20+access_vlan:SW2:eth2:10+trunk_remove:SW1:eth3:20+trunk_remove:SW2:eth3:10+trunk_remove:SW2:eth3:20,28529,28535,0.05,8.6,6,True,False,True,False,True,recovery_success,0.014979834047456583,6,4,1,0,0,0,0,0,0
2355,4387,access_vlan:SW1:eth1:20+access_vlan:SW2:eth2:10+trunk_remove:SW1:eth3:10+trunk_remove:SW2:eth3:10,28535,28541,0.05,8.1,6,True,False,True,False,True,recovery_success,0.012849536801998815,6,4,1,0,1,1,1,0,0
2356,4388,access_vlan:SW1:eth1:20+access_vlan:SW2:eth1:20+access_vlan:SW2:eth2:10+trunk_remove:SW2:eth3:20,28541,28545,0.05,9.2,4,True,False,True,False,True,recovery_success,0.006110087502747774,4,2,1,0,0,0,0,0,0
2357,4389,access_vlan:SW1:eth1:20+access_vlan:SW1:eth2:10+access_vlan:SW2:eth1:20+access_vlan:SW2:eth2:10+trunk_remove:SW1:eth3:20+trunk_remove:SW2:eth3:10,28545,28549,0.05,9.2,4,True,False,True,False,True,recovery_success,0.00787206704262644,4,2,1,0,0,0,0,0,0
2358,4390,access_vlan:SW1:eth2:10+trunk_remove:SW2:eth3:10,28549,28552,0.05,9.35,3,True,False,True,False,True,recovery_success,0.0072886332248648005,3,2,0,0,0,0,0,0,0
2359,4391,access_vlan:SW1:eth1:20+access_vlan:SW2:eth1:20+access_vlan:SW2:eth2:10+trunk_remove:SW2:eth3:20,28552,28556,0.05,9.2,4,True,False,True,False,True,recovery_success,0.019083227030932903,4,2,1,0,0,0,0,0,0
2360,4392,access_vlan:SW1:eth2:10+access_vlan:SW2:eth1:20+access_vlan:SW2:eth2:10+trunk_remove:SW1:eth3:10+trunk_remove:SW1:eth3:20+trunk_remove:SW2:eth3:10,28556,28561,0.05,8.75,5,True,False,True,False,True,recovery_success,0.00616402430459857,5,4,0,0,0,0,0,0,0
2361,4393,access_vlan:SW1:eth1:20+access_vlan:SW1:eth2:10+access_vlan:SW2:eth1:20+trunk_remove:SW1:eth3:20+trunk_remove:SW2:eth3:20,28561,28565,0.05,9.049999999999999,4,True,False,True,False,True,recovery_success,0.00774483080022037,4,3,0,0,0,0,0,0,0
2362,4394,access_vlan:SW1:eth1:20+access_vlan:SW2:eth1:20+access_vlan:SW2:eth2:10+trunk_remove:SW1:eth3:10+trunk_remove:SW2:eth3:10,28565,28569,0.05,9.049999999999999,4,True,False,True,False,True,recovery_success,0.012107974267564714,4,3,0,0,0,0,0,0,0
2363,4395,access_vlan:SW1:eth1:20+access_vlan:SW1:eth2:10+access_vlan:SW2:eth2:10+trunk_remove:SW1:eth3:10+trunk_remove:SW1:eth3:20+trunk_remove:SW2:eth3:10+trunk_remove:SW2:eth3:20,28569,28575,0.05,8.45,6,True,False,True,False,True,recovery_success,0.047049007300908365,6,5,0,0,0,0,0,0,0
2364,4396,access_vlan:SW1:eth2:10+access_vlan:SW2:eth1:20+access_vlan:SW2:eth2:10+trunk_remove:SW1:eth3:10+trunk_remove:SW2:eth3:10,28575,28580,0.05,8.899999999999999,5,True,False,True,False,True,recovery_success,0.016993139032274486,5,3,1,0,0,0,0,0,0
2365,4397,access_vlan:SW2:eth2:10+trunk_remove:SW1:eth3:10,28580,28585,0.05,8.75,5,True,False,True,False,True,recovery_success,0.00823013624176383,5,4,0,0,0,0,0,0,0
2366,4398,access_vlan:SW1:eth1:20+access_vlan:SW2:eth2:10+trunk_remove:SW1:eth3:20,28585,28590,0.05,8.399999999999999,5,True,False,True,False,True,recovery_success,0.009297312702983618,5,3,1,0,1,1,1,0,0
2367,4399,access_vlan:SW1:eth1:20+access_vlan:SW2:eth2:10+trunk_remove:SW1:eth3:10,28590,28594,0.05,9.049999999999999,4,True,False,True,False,True,recovery_success,0.006689018337056041,4,3,0,0,0,0,0,0,0
2368,4400,access_vlan:SW1:eth1:20+access_vlan:SW1:eth2:10+trunk_remove:SW1:eth3:10+trunk_remove:SW1:eth3:20+trunk_remove:SW2:eth3:10,28594,28600,0.05,7.949999999999999,6,True,False,True,False,True,recovery_success,0.014304906285057465,6,5,0,0,1,1,1,0,0
2369,4401,access_vlan:SW1:eth2:10+access_vlan:SW2:eth1:20+access_vlan:SW2:eth2:10+trunk_remove:SW1:eth3:10,28600,28603,0.05,9.35,3,True,False,True,False,True,recovery_success,0.011210442365457615,3,2,0,0,0,0,0,0,0
2370,4402,access_vlan:SW1:eth1:20+access_vlan:SW2:eth1:20+trunk_remove:SW2:eth3:10,28603,28610,0.05,6.299999999999999,7,True,False,True,False,True,recovery_success,0.008410178457519837,7,5,1,0,4,3,2,1,0
2371,4403,access_vlan:SW1:eth1:20+access_vlan:SW1:eth2:10+access_vlan:SW2:eth1:20+trunk_remove:SW1:eth3:20,28610,28614,0.05,9.2,4,True,False,True,False,True,recovery_success,0.016254328656941652,4,2,1,0,0,0,0,0,0
2372,4404,access_vlan:SW1:eth2:10+trunk_remove:SW1:eth3:10+trunk_remove:SW1:eth3:20+trunk_remove:SW2:eth3:10+trunk_remove:SW2:eth3:20,28614,28620,0.05,8.45,6,True,False,True,False,True,recovery_success,0.013177480859061083,6,5,0,0,0,0,0,0,0
2373,4405,access_vlan:SW1:eth1:20+access_vlan:SW2:eth2:10+trunk_remove:SW1:eth3:10+trunk_remove:SW2:eth3:20,28620,28626,0.05,8.6,6,True,False,True,False,True,recovery_success,0.014751731030022105,6,4,1,0,0,0,0,0,0
2374,4406,access_vlan:SW1:eth1:20+access_vlan:SW2:eth1:20+access_vlan:SW2:eth2:10+trunk_remove:SW2:eth3:10,28626,28630,0.05,9.2,4,True,False,True,False,True,recovery_success,0.006326810165774077,4,2,1,0,0,0,0,0,0
2375,4407,access_vlan:SW1:eth2:10+trunk_remove:SW1:eth3:10+trunk_remove:SW1:eth3:20,28630,28635,0.05,8.899999999999999,5,True,False,True,False,True,recovery_success,0.005857619224116206,5,3,1,0,0,0,0,0,0
2376,4408,access_vlan:SW1:eth2:10+trunk_remove:SW1:eth3:20,28635,28638,0.05,9.35,3,True,False,True,False,True,recovery_success,0.007396958147486051,3,2,0,0,0,0,0,0,0
2377,4409,access_vlan:SW1:eth1:20+access_vlan:SW2:eth2:10+trunk_remove:SW2:eth3:10,28638,28642,0.05,8.549999999999999,4,True,False,True,False,True,recovery_success,0.041550226393155754,4,3,0,0,1,1,1,0,0
2378,4410,access_vlan:SW2:eth1:20+access_vlan:SW2:eth2:10+trunk_remove:SW2:eth3:10,28642,28646,0.05,8.549999999999999,4,True,False,True,False,True,recovery_success,0.02289739274419844,4,3,0,0,1,1,1,0,0
2379,4411,access_vlan:SW1:eth1:20+trunk_remove:SW1:eth3:20+trunk_remove:SW2:eth3:20,28646,28650,0.05,9.049999999999999,4,True,False,True,False,True,recovery_success,0.007754667429253459,4,3,0,0,0,0,0,0,0
2380,4412,access_vlan:SW1:eth1:20+access_vlan:SW1:eth2:10+trunk_remove:SW1:eth3:10+trunk_remove:SW1:eth3:20+trunk_remove:SW2:eth3:10,28650,28657,0.05,7.799999999999999,7,True,False,True,False,True,recovery_success,0.0156186494776713,7,5,1,0,1,1,1,0,0
2381,4413,access_vlan:SW1:eth1:20+trunk_remove:SW1:eth3:10+trunk_remove:SW1:eth3:20,28657,28661,0.05,9.049999999999999,4,True,False,True,False,True,recovery_success,0.015654770890250802,4,3,0,0,0,0,0,0,0
2382,4414,access_vlan:SW1:eth2:10+trunk_remove:SW1:eth3:10+trunk_remove:SW1:eth3:20+trunk_remove:SW2:eth3:10+trunk_remove:SW2:eth3:20,28661,28668,0.05,8.299999999999999,7,True,False,True,False,True,recovery_success,0.007831171154975891,7,5,1,0,0,0,0,0,0
2383,4415,access_vlan:SW1:eth2:10+trunk_remove:SW1:eth3:10+trunk_remove:SW2:eth3:20,28668,28672,0.05,9.049999999999999,4,True,False,True,False,True,recovery_success,0.011603107792325318,4,3,0,0,0,0,0,0,0
2384,4416,access_vlan:SW1:eth1:20+access_vlan:SW2:eth1:20+access_vlan:SW2:eth2:10+trunk_remove:SW1:eth3:20,28672,28675,0.05,9.35,3,True,False,True,False,True,recovery_success,0.010726738721132278,3,2,0,0,0,0,0,0,0
2385,4417,trunk_remove:SW1:eth3:10+trunk_remove:SW1:eth3:20+trunk_remove:SW2:eth3:20,28675,28680,0.05,8.899999999999999,5,True,False,True,False,True,recovery_success,0.006993916165083647,5,3,1,0,0,0,0,0,0
2386,4418,access_vlan:SW1:eth1:20+access_vlan:SW1:eth2:10+trunk_remove:SW1:eth3:20,28680,28684,0.05,8.549999999999999,4,True,False,True,False,True,recovery_success,0.008835070300847292,4,3,0,0,1,1,1,0,0
2387,4419,access_vlan:SW2:eth1:20+access_vlan:SW2:eth2:10+trunk_remove:SW1:eth3:10+trunk_remove:SW2:eth3:20,28684,28689,0.05,8.25,5,True,False,True,False,True,recovery_success,0.0059158365242183205,5,4,0,0,1,1,1,0,0
2388,4420,access_vlan:SW2:eth1:20+trunk_remove:SW1:eth3:10+trunk_remove:SW1:eth3:20+trunk_remove:SW2:eth3:10,28689,28694,0.05,8.75,5,True,False,True,False,True,recovery_success,0.005812481418251992,5,4,0,0,0,0,0,0,0
2389,4421,access_vlan:SW1:eth2:10+access_vlan:SW2:eth1:20+trunk_remove:SW1:eth3:10+trunk_remove:SW1:eth3:20+trunk_remove:SW2:eth3:10+trunk_remove:SW2:eth3:20,28694,28702,0.05,7.999999999999999,8,True,False,True,False,True,recovery_success,0.03689038206357509,8,6,1,0,0,0,0,0,0
2390,4422,access_vlan:SW1:eth2:10+trunk_remove:SW1:eth3:10+trunk_remove:SW1:eth3:20+trunk_remove:SW2:eth3:10,28702,28708,0.05,8.6,6,True,False,True,False,True,recovery_success,0.007301724671075742,6,4,1,0,0,0,0,0,0
2391,4423,access_vlan:SW2:eth1:20+trunk_remove:SW1:eth3:10+trunk_remove:SW2:eth3:10+trunk_remove:SW2:eth3:20,28708,28713,0.05,8.75,5,True,False,True,False,True,recovery_success,0.005315066175535321,5,4,0,0,0,0,0,0,0
2392,4424,access_vlan:SW1:eth1:20+access_vlan:SW1:eth2:10+access_vlan:SW2:eth1:20+trunk_remove:SW1:eth3:10+trunk_remove:SW1:eth3:20,28713,28717,0.05,9.049999999999999,4,True,False,True,False,True,recovery_success,0.007639600313268602,4,3,0,0,0,0,0,0,0
2393,4425,access_vlan:SW1:eth2:10+access_vlan:SW2:eth2:10+trunk_remove:SW1:eth3:20+trunk_remove:SW2:eth3:20,28717,28735,0.05,5.1,18,True,False,True,False,True,recovery_success,0.026139361835602257,18,8,5,0,1,1,1,0,0
2394,4426,access_vlan:SW1:eth1:20+access_vlan:SW2:eth2:10+trunk_remove:SW1:eth3:20+trunk_remove:SW2:eth3:10,28735,28740,0.05,8.75,5,True,False,True,False,True,recovery_success,0.01554838833399117,5,4,0,0,0,0,0,0,0
2395,4427,access_vlan:SW1:eth2:10+access_vlan:SW2:eth1:20+access_vlan:SW2:eth2:10+trunk_remove:SW2:eth3:20,28740,28743,0.05,9.35,3,True,False,True,False,True,recovery_success,0.01252005094041427,3,2,0,0,0,0,0,0,0
2396,4428,access_vlan:SW1:eth2:10+trunk_remove:SW1:eth3:10+trunk_remove:SW2:eth3:10,28743,28747,0.05,9.049999999999999,4,True,False,True,False,True,recovery_success,0.007789206691086292,4,3,0,0,0,0,0,0,0
2397,4429,access_vlan:SW1:eth1:20+access_vlan:SW2:eth2:10,28747,28750,0.05,8.85,3,True,False,True,False,True,recovery_success,0.017484345007687807,3,2,0,0,1,1,1,0,0
2398,4430,access_vlan:SW1:eth1:20+trunk_remove:SW1:eth3:20,28750,28753,0.05,9.35,3,True,False,True,False,True,recovery_success,0.009566528567423424,3,2,0,0,0,0,0,0,0
2399,4431,access_vlan:SW1:eth1:20+access_vlan:SW1:eth2:10+access_vlan:SW2:eth2:10+trunk_remove:SW1:eth3:20+trunk_remove:SW2:eth3:20,28753,28758,0.05,8.899999999999999,5,True,False,True,False,True,recovery_success,0.007421940239146352,5,3,1,0,0,0,0,0,0
2400,4432,access_vlan:SW1:eth2:10+access_vlan:SW2:eth2:10+trunk_remove:SW1:eth3:10+trunk_remove:SW1:eth3:20+trunk_remove:SW2:eth3:20,28758,28776,0.05,4.8500000000000005,18,True,False,True,False,True,recovery_success,0.011160484411650233,18,11,0,0,0,0,0,0,0
2401,4433,access_vlan:SW1:eth2:10+access_vlan:SW2:eth1:20+trunk_remove:SW1:eth3:10+trunk_remove:SW2:eth3:10+trunk_remove:SW2:eth3:20,28776,28782,0.05,8.45,6,True,False,True,False,True,recovery_success,0.025144289170081418,6,5,0,0,0,0,0,0,0
2402,4434,access_vlan:SW1:eth1:20+access_vlan:SW1:eth2:10+trunk_remove:SW1:eth3:20,28782,28787,0.05,8.399999999999999,5,True,False,True,False,True,recovery_success,0.012295574322342873,5,3,1,0,1,1,1,0,0
2403,4435,access_vlan:SW1:eth1:20+access_vlan:SW2:eth2:10+trunk_remove:SW1:eth3:20+trunk_remove:SW2:eth3:20,28787,28793,0.05,8.6,6,True,False,True,False,True,recovery_success,0.011808566593875488,6,4,1,0,0,0,0,0,0
2404,4436,access_vlan:SW1:eth2:10+access_vlan:SW2:eth2:10+trunk_remove:SW1:eth3:10+trunk_remove:SW2:eth3:10,28793,28798,0.05,8.75,5,True,False,True,False,True,recovery_success,0.006926734652370215,5,4,0,0,0,0,0,0,0
2405,4437,access_vlan:SW1:eth2:10+trunk_remove:SW1:eth3:20+trunk_remove:SW2:eth3:10,28798,28804,0.05,8.45,6,True,False,True,False,True,recovery_success,0.009348568118487796,6,5,0,0,0,0,0,0,0
2406,4438,access_vlan:SW1:eth1:20+access_vlan:SW1:eth2:10+access_vlan:SW2:eth2:10+trunk_remove:SW1:eth3:20+trunk_remove:SW2:eth3:10,28804,28808,0.05,9.049999999999999,4,True,False,True,False,True,recovery_success,0.0057672683615237474,4,3,0,0,0,0,0,0,0
2407,4439,access_vlan:SW1:eth1:20+access_vlan:SW1:eth2:10+access_vlan:SW2:eth1:20+trunk_remove:SW1:eth3:20+trunk_remove:SW2:eth3:10+trunk_remove:SW2:eth3:20,28808,28813,0.05,8.75,5,True,False,True,False,True,recovery_success,0.008208034094423056,5,4,0,0,0,0,0,0,0
2408,4440,access_vlan:SW2:eth1:20+access_vlan:SW2:eth2:10+trunk_remove:SW1:eth3:20+trunk_remove:SW2:eth3:10+trunk_remove:SW2:eth3:20,28813,28822,0.05,6.699999999999999,9,True,False,True,False,True,recovery_success,0.00864497230698665,9,7,1,0,2,2,2,0,0
2409,4441,access_vlan:SW1:eth2:10+trunk_remove:SW1:eth3:10+trunk_remove:SW2:eth3:10+trunk_remove:SW2:eth3:20,28822,28830,0.05,7.5,8,True,False,True,False,True,recovery_success,0.007006088504567742,8,5,1,0,1,1,1,0,0
2410,4442,access_vlan:SW1:eth2:10+access_vlan:SW2:eth2:10+trunk_remove:SW1:eth3:10+trunk_remove:SW1:eth3:20+trunk_remove:SW2:eth3:10+trunk_remove:SW2:eth3:20,28830,28842,0.05,5.8,12,True,False,True,False,True,recovery_success,0.005108655682609727,12,10,1,0,2,2,2,0,0
2411,4443,access_vlan:SW2:eth2:10+trunk_remove:SW1:eth3:20,28842,28845,0.05,9.35,3,True,False,True,False,True,recovery_success,0.04881581865871946,3,2,0,0,0,0,0,0,0
2412,4444,access_vlan:SW2:eth2:10+trunk_remove:SW1:eth3:20+trunk_remove:SW2:eth3:20,28845,28849,0.05,9.049999999999999,4,True,False,True,False,True,recovery_success,0.004262133676093072,4,3,0,0,0,0,0,0,0
2413,4445,access_vlan:SW1:eth2:10+access_vlan:SW2:eth2:10+trunk_remove:SW1:eth3:10,28849,28854,0.05,8.899999999999999,5,True,False,True,False,True,recovery_success,0.004647455550730229,5,3,1,0,0,0,0,0,0
2414,4446,access_vlan:SW1:eth2:10+access_vlan:SW2:eth1:20+access_vlan:SW2:eth2:10+trunk_remove:SW1:eth3:20+trunk_remove:SW2:eth3:10+trunk_remove:SW2:eth3:20,28854,28861,0.05,8.45,7,True,False,True,False,True,recovery_success,0.04033765050449541,7,4,2,0,0,0,0,0,0
2415,4447,access_vlan:SW2:eth1:20+access_vlan:SW2:eth2:10+trunk_remove:SW1:eth3:10+trunk_remove:SW1:eth3:20+trunk_remove:SW2:eth3:10+trunk_remove:SW2:eth3:20,28861,28868,0.05,7.6499999999999995,7,True,False,True,False,True,recovery_success,0.007812084430562598,7,6,0,0,1,1,1,0,0
2416,4448,access_vlan:SW1:eth2:10+trunk_remove:SW2:eth3:20,28868,28871,0.05,9.35,3,True,False,True,False,True,recovery_success,0.01131235466649135,3,2,0,0,0,0,0,0,0
2417,4449,access_vlan:SW1:eth1:20+access_vlan:SW1:eth2:10+access_vlan:SW2:eth2:10+trunk_remove:SW1:eth3:10,28871,28875,0.05,9.2,4,True,False,True,False,True,recovery_success,0.011304463841952384,4,2,1,0,0,0,0,0,0
2418,4450,access_vlan:SW1:eth1:20+trunk_remove:SW1:eth3:10+trunk_remove:SW2:eth3:20,28875,28880,0.05,8.899999999999999,5,True,False,True,False,True,recovery_success,0.010164875723421573,5,3,1,0,0,0,0,0,0
2419,4451,access_vlan:SW1:eth1:20+access_vlan:SW1:eth2:10+trunk_remove:SW2:eth3:20,28880,28885,0.05,8.399999999999999,5,True,False,True,False,True,recovery_success,0.009238302800804376,5,3,1,0,1,1,1,0,0
2420,4452,access_vlan:SW1:eth2:10+access_vlan:SW2:eth2:10+trunk_remove:SW1:eth3:20,28885,28890,0.05,8.399999999999999,5,True,False,True,False,True,recovery_success,0.00895900558680296,5,3,1,0,1,1,1,0,0
2421,4453,access_vlan:SW1:eth1:20+access_vlan:SW2:eth1:20+access_vlan:SW2:eth2:10+trunk_remove:SW2:eth3:10+trunk_remove:SW2:eth3:20,28890,28894,0.05,9.049999999999999,4,True,False,True,False,True,recovery_success,0.007120133202988654,4,3,0,0,0,0,0,0,0
2422,4454,access_vlan:SW1:eth1:20+access_vlan:SW2:eth1:20+trunk_remove:SW1:eth3:10+trunk_remove:SW2:eth3:10+trunk_remove:SW2:eth3:20,28894,28900,0.05,8.45,6,True,False,True,False,True,recovery_success,0.012236432948460182,6,5,0,0,0,0,0,0,0
2423,4455,access_vlan:SW1:eth2:10+access_vlan:SW2:eth1:20+access_vlan:SW2:eth2:10+trunk_remove:SW1:eth3:20+trunk_remove:SW2:eth3:10,28900,28904,0.05,9.049999999999999,4,True,False,True,False,True,recovery_success,0.004936086130328476,4,3,0,0,0,0,0,0,0
2424,4456,access_vlan:SW1:eth1:20+trunk_remove:SW2:eth3:10,28904,28907,0.05,9.35,3,True,False,True,False,True,recovery_success,0.006322074836740891,3,2,0,0,0,0,0,0,0
2425,4457,access_vlan:SW1:eth1:20+access_vlan:SW2:eth2:10+trunk_remove:SW1:eth3:20+trunk_remove:SW2:eth3:10,28907,28912,0.05,8.75,5,True,False,True,False,True,recovery_success,0.006161386985331774,5,4,0,0,0,0,0,0,0
2426,4458,access_vlan:SW1:eth2:10+access_vlan:SW2:eth1:20+access_vlan:SW2:eth2:10+trunk_remove:SW1:eth3:10+trunk_remove:SW2:eth3:10+trunk_remove:SW2:eth3:20,28912,28920,0.05,7.5,8,True,False,True,False,True,recovery_success,0.006736317998729646,8,6,1,0,1,1,1,0,0
2427,4459,trunk_remove:SW2:eth3:10,28920,28924,0.05,7.549999999999999,4,True,False,True,False,True,recovery_success,0.006986935622990131,4,3,0,0,3,3,1,1,0
2428,4460,access_vlan:SW1:eth2:10+access_vlan:SW2:eth1:20+access_vlan:SW2:eth2:10+trunk_remove:SW2:eth3:20,28924,28927,0.05,9.35,3,True,False,True,False,True,recovery_success,0.003879571488747994,3,2,0,0,0,0,0,0,0
2429,4461,access_vlan:SW1:eth1:20+trunk_remove:SW1:eth3:10+trunk_remove:SW2:eth3:10+trunk_remove:SW2:eth3:20,28927,28932,0.05,8.75,5,True,False,True,False,True,recovery_success,0.007560483273118734,5,4,0,0,0,0,0,0,0
2430,4462,access_vlan:SW1:eth1:20+access_vlan:SW2:eth1:20+access_vlan:SW2:eth2:10+trunk_remove:SW1:eth3:10+trunk_remove:SW1:eth3:20,28932,28937,0.05,8.899999999999999,5,True,False,True,False,True,recovery_success,0.005291746091097593,5,3,1,0,0,0,0,0,0
2431,4463,access_vlan:SW1:eth1:20+access_vlan:SW1:eth2:10+access_vlan:SW2:eth2:10+trunk_remove:SW1:eth3:10+trunk_remove:SW2:eth3:10,28937,28941,0.05,9.049999999999999,4,True,False,True,False,True,recovery_success,0.004591089265886694,4,3,0,0,0,0,0,0,0
2432,4464,access_vlan:SW1:eth1:20+access_vlan:SW1:eth2:10+trunk_remove:SW1:eth3:10+trunk_remove:SW2:eth3:10+trunk_remove:SW2:eth3:20,28941,28948,0.05,7.799999999999999,7,True,False,True,False,True,recovery_success,0.0037459779996424913,7,5,1,0,1,1,1,0,0
2433,4465,access_vlan:SW1:eth1:20+access_vlan:SW1:eth2:10+access_vlan:SW2:eth1:20+access_vlan:SW2:eth2:10+trunk_remove:SW1:eth3:10+trunk_remove:SW1:eth3:20+trunk_remove:SW2:eth3:10+trunk_remove:SW2:eth3:20,28948,28953,0.05,8.75,5,True,False,True,False,True,recovery_success,0.004191230889409781,5,4,0,0,0,0,0,0,0
2434,4466,access_vlan:SW1:eth1:20+access_vlan:SW2:eth1:20+trunk_remove:SW1:eth3:10+trunk_remove:SW1:eth3:20+trunk_remove:SW2:eth3:10+trunk_remove:SW2:eth3:20,28953,28960,0.05,8.149999999999999,7,True,False,True,False,True,recovery_success,0.004677280118422849,7,6,0,0,0,0,0,0,0
2435,4467,access_vlan:SW1:eth2:10+access_vlan:SW2:eth1:20+access_vlan:SW2:eth2:10+trunk_remove:SW1:eth3:20+trunk_remove:SW2:eth3:10+trunk_remove:SW2:eth3:20,28960,28965,0.05,8.75,5,True,False,True,False,True,recovery_success,0.0036589762195944784,5,4,0,0,0,0,0,0,0
2436,4468,access_vlan:SW1:eth1:20+access_vlan:SW1:eth2:10+access_vlan:SW2:eth1:20+access_vlan:SW2:eth2:10+trunk_remove:SW2:eth3:10,28965,28968,0.05,9.5,3,True,False,True,False,True,recovery_success,0.004731328381846349,3,1,1,0,0,0,0,0,0
2437,4469,access_vlan:SW1:eth2:10+access_vlan:SW2:eth1:20+access_vlan:SW2:eth2:10+trunk_remove:SW1:eth3:10+trunk_remove:SW1:eth3:20+trunk_remove:SW2:eth3:10,28968,28973,0.05,8.75,5,True,False,True,False,True,recovery_success,0.004334267973899841,5,4,0,0,0,0,0,0,0
2438,4470,access_vlan:SW2:eth1:20+trunk_remove:SW1:eth3:10+trunk_remove:SW1:eth3:20+trunk_remove:SW2:eth3:10,28973,28978,0.05,8.75,5,True,False,True,False,True,recovery_success,0.0060076094698160885,5,4,0,0,0,0,0,0,0
2439,4471,access_vlan:SW1:eth1:20+access_vlan:SW1:eth2:10+access_vlan:SW2:eth2:10+trunk_remove:SW1:eth3:20+trunk_remove:SW2:eth3:10,28978,28982,0.05,9.049999999999999,4,True,False,True,False,True,recovery_success,0.004739692842122167,4,3,0,0,0,0,0,0,0
2440,4472,access_vlan:SW1:eth1:20+access_vlan:SW1:eth2:10+access_vlan:SW2:eth2:10+trunk_remove:SW1:eth3:20+trunk_remove:SW2:eth3:10,28982,28990,0.05,6.35,8,True,False,True,False,True,recovery_success,0.004753169894684106,8,7,0,0,3,3,2,0,0
2441,4473,access_vlan:SW2:eth1:20+access_vlan:SW2:eth2:10+trunk_remove:SW1:eth3:20+trunk_remove:SW2:eth3:10,28990,28995,0.05,8.25,5,True,False,True,False,True,recovery_success,0.004204878536984325,5,4,0,0,1,1,1,0,0
2442,4474,access_vlan:SW1:eth1:20+access_vlan:SW2:eth1:20+access_vlan:SW2:eth2:10+trunk_remove:SW1:eth3:10+trunk_remove:SW1:eth3:20+trunk_remove:SW2:eth3:10+trunk_remove:SW2:eth3:20,28995,29003,0.05,6.85,8,True,False,True,False,True,recovery_success,0.007349676743615419,8,7,0,0,2,2,1,0,0
2443,4475,access_vlan:SW1:eth1:20+access_vlan:SW2:eth2:10+trunk_remove:SW1:eth3:10+trunk_remove:SW1:eth3:20+trunk_remove:SW2:eth3:10,29003,29009,0.05,8.45,6,True,False,True,False,True,recovery_success,0.006683535408228636,6,5,0,0,0,0,0,0,0
2444,4476,access_vlan:SW1:eth1:20+trunk_remove:SW1:eth3:20,29009,29012,0.05,9.35,3,True,False,True,False,True,recovery_success,0.008919129769007364,3,2,0,0,0,0,0,0,0
2445,4477,access_vlan:SW1:eth2:10+access_vlan:SW2:eth1:20+access_vlan:SW2:eth2:10+trunk_remove:SW1:eth3:10+trunk_remove:SW1:eth3:20+trunk_remove:SW2:eth3:20,29012,29017,0.05,8.75,5,True,False,True,False,True,recovery_success,0.005684357415884733,5,4,0,0,0,0,0,0,0
2446,4478,access_vlan:SW1:eth2:10+access_vlan:SW2:eth1:20+access_vlan:SW2:eth2:10+trunk_remove:SW1:eth3:20+trunk_remove:SW2:eth3:20,29017,29021,0.05,9.049999999999999,4,True,False,True,False,True,recovery_success,0.0051082795253023505,4,3,0,0,0,0,0,0,0
2447,4479,access_vlan:SW1:eth1:20+access_vlan:SW1:eth2:10+access_vlan:SW2:eth1:20+access_vlan:SW2:eth2:10+trunk_remove:SW1:eth3:10+trunk_remove:SW2:eth3:10+trunk_remove:SW2:eth3:20,29021,29025,0.05,9.049999999999999,4,True,False,True,False,True,recovery_success,0.06266580836381763,4,3,0,0,0,0,0,0,0
2448,4480,access_vlan:SW1:eth1:20+access_vlan:SW2:eth2:10+trunk_remove:SW1:eth3:20+trunk_remove:SW2:eth3:10,29025,29030,0.05,8.75,5,True,False,True,False,True,recovery_success,0.00615122695453465,5,4,0,0,0,0,0,0,0
2449,4481,access_vlan:SW2:eth1:20+trunk_remove:SW1:eth3:20+trunk_remove:SW2:eth3:10,29030,29034,0.05,9.049999999999999,4,True,False,True,False,True,recovery_success,0.0064486273331567645,4,3,0,0,0,0,0,0,0
2450,4482,access_vlan:SW1:eth2:10+trunk_remove:SW1:eth3:10+trunk_remove:SW1:eth3:20+trunk_remove:SW2:eth3:10+trunk_remove:SW2:eth3:20,29034,29040,0.05,8.45,6,True,False,True,False,True,recovery_success,0.005327232104415695,6,5,0,0,0,0,0,0,0
2451,4483,access_vlan:SW2:eth1:20+access_vlan:SW2:eth2:10+trunk_remove:SW1:eth3:20+trunk_remove:SW2:eth3:10+trunk_remove:SW2:eth3:20,29040,29046,0.05,7.949999999999999,6,True,False,True,False,True,recovery_success,0.006148957647383213,6,5,0,0,1,1,1,0,0
2452,4484,access_vlan:SW1:eth1:20+access_vlan:SW2:eth1:20+trunk_remove:SW1:eth3:10,29046,29050,0.05,8.549999999999999,4,True,False,True,False,True,recovery_success,0.006632688455283642,4,3,0,0,1,1,1,0,0
2453,4485,access_vlan:SW1:eth1:20+access_vlan:SW1:eth2:10+trunk_remove:SW1:eth3:20,29050,29054,0.05,8.549999999999999,4,True,False,True,False,True,recovery_success,0.0066060066455975175,4,3,0,0,1,1,1,0,0
2454,4486,access_vlan:SW1:eth1:20+access_vlan:SW1:eth2:10+access_vlan:SW2:eth1:20+trunk_remove:SW2:eth3:20,29054,29057,0.05,9.35,3,True,False,True,False,True,recovery_success,0.004913740791380405,3,2,0,0,0,0,0,0,0
2455,4487,access_vlan:SW2:eth1:20+trunk_remove:SW1:eth3:10+trunk_remove:SW2:eth3:10+trunk_remove:SW2:eth3:20,29057,29062,0.05,8.75,5,True,False,True,False,True,recovery_success,0.007139043416827917,5,4,0,0,0,0,0,0,0
2456,4488,access_vlan:SW2:eth1:20+access_vlan:SW2:eth2:10+trunk_remove:SW1:eth3:20+trunk_remove:SW2:eth3:20,29062,29067,0.05,8.25,5,True,False,True,False,True,recovery_success,0.0077131007798016075,5,4,0,0,1,1,1,0,0
2457,4489,access_vlan:SW1:eth2:10+access_vlan:SW2:eth2:10+trunk_remove:SW1:eth3:10+trunk_remove:SW1:eth3:20+trunk_remove:SW2:eth3:10+trunk_remove:SW2:eth3:20,29067,29075,0.05,7.999999999999999,8,True,False,True,False,True,recovery_success,0.006121502607129514,8,6,1,0,0,0,0,0,0
2458,4490,trunk_remove:SW1:eth3:20+trunk_remove:SW2:eth3:10,29075,29078,0.05,9.35,3,True,False,True,False,True,recovery_success,0.004412999454264839,3,2,0,0,0,0,0,0,0
2459,4491,access_vlan:SW1:eth1:20+access_vlan:SW1:eth2:10+access_vlan:SW2:eth1:20+trunk_remove:SW2:eth3:10+trunk_remove:SW2:eth3:20,29078,29082,0.05,9.049999999999999,4,True,False,True,False,True,recovery_success,0.005389001395087689,4,3,0,0,0,0,0,0,0
2460,4492,access_vlan:SW1:eth1:20+access_vlan:SW2:eth1:20+trunk_remove:SW1:eth3:20+trunk_remove:SW2:eth3:20,29082,29087,0.05,8.75,5,True,False,True,False,True,recovery_success,0.0049560438375920056,5,4,0,0,0,0,0,0,0
2461,4493,access_vlan:SW2:eth2:10+trunk_remove:SW2:eth3:10,29087,29090,0.05,9.35,3,True,False,True,False,True,recovery_success,0.012950476220188042,3,2,0,0,0,0,0,0,0
2462,4494,access_vlan:SW1:eth1:20+access_vlan:SW2:eth1:20+trunk_remove:SW1:eth3:20+trunk_remove:SW2:eth3:10+trunk_remove:SW2:eth3:20,29090,29096,0.05,8.45,6,True,False,True,False,True,recovery_success,0.008087963331490755,6,5,0,0,0,0,0,0,0
2463,4495,access_vlan:SW1:eth1:20+access_vlan:SW1:eth2:10+access_vlan:SW2:eth1:20+trunk_remove:SW1:eth3:10+trunk_remove:SW1:eth3:20,29096,29100,0.05,9.049999999999999,4,True,False,True,False,True,recovery_success,0.005377789377234876,4,3,0,0,0,0,0,0,0
2464,4496,access_vlan:SW2:eth1:20+access_vlan:SW2:eth2:10+trunk_remove:SW1:eth3:10+trunk_remove:SW2:eth3:10+trunk_remove:SW2:eth3:20,29100,29106,0.05,7.949999999999999,6,True,False,True,False,True,recovery_success,0.005463132013877233,6,5,0,0,1,1,1,0,0
2465,4497,access_vlan:SW1:eth1:20+access_vlan:SW1:eth2:10+access_vlan:SW2:eth1:20+access_vlan:SW2:eth2:10+trunk_remove:SW2:eth3:10,29106,29108,0.05,9.649999999999999,2,True,False,True,False,True,recovery_success,0.00414743332657963,2,1,0,0,0,0,0,0,0
2466,4498,access_vlan:SW1:eth1:20+trunk_remove:SW1:eth3:20+trunk_remove:SW2:eth3:20,29108,29112,0.05,9.049999999999999,4,True,False,True,False,True,recovery_success,0.004432955931406468,4,3,0,0,0,0,0,0,0
2467,4499,access_vlan:SW1:eth2:10+access_vlan:SW2:eth2:10+trunk_remove:SW2:eth3:10+trunk_remove:SW2:eth3:20,29112,29117,0.05,8.75,5,True,False,True,False,True,recovery_success,0.00510154184885323,5,4,0,0,0,0,0,0,0
2468,4500,access_vlan:SW1:eth1:20+access_vlan:SW1:eth2:10+trunk_remove:SW1:eth3:10,29117,29121,0.05,8.549999999999999,4,True,False,True,False,True,recovery_success,0.004810280574019998,4,3,0,0,1,1,1,0,0
2469,4501,access_vlan:SW1:eth1:20+trunk_remove:SW1:eth3:20+trunk_remove:SW2:eth3:10+trunk_remove:SW2:eth3:20,29121,29126,0.05,8.75,5,True,False,True,False,True,recovery_success,0.006604318507015705,5,4,0,0,0,0,0,0,0
2470,4502,access_vlan:SW2:eth1:20+trunk_remove:SW1:eth3:10+trunk_remove:SW1:eth3:20,29126,29130,0.05,9.049999999999999,4,True,False,True,False,True,recovery_success,0.004945106455124915,4,3,0,0,0,0,0,0,0
2471,4503,access_vlan:SW1:eth2:10+access_vlan:SW2:eth2:10+trunk_remove:SW1:eth3:20,29130,29134,0.05,8.549999999999999,4,True,False,True,False,True,recovery_success,0.0039858248783275485,4,3,0,0,1,1,1,0,0
2472,4504,access_vlan:SW1:eth1:20+access_vlan:SW2:eth1:20+access_vlan:SW2:eth2:10+trunk_remove:SW2:eth3:10,29134,29137,0.05,9.35,3,True,False,True,False,True,recovery_success,0.005282175571968158,3,2,0,0,0,0,0,0,0
2473,4505,access_vlan:SW1:eth2:10+trunk_remove:SW1:eth3:10+trunk_remove:SW2:eth3:20,29137,29141,0.05,9.049999999999999,4,True,False,True,False,True,recovery_success,0.003656820917967707,4,3,0,0,0,0,0,0,0
2474,4506,access_vlan:SW1:eth2:10+trunk_remove:SW1:eth3:10,29141,29144,0.05,9.35,3,True,False,True,False,True,recovery_success,0.004560023235778014,3,2,0,0,0,0,0,0,0
2475,4507,access_vlan:SW2:eth2:10,29144,29146,0.05,9.649999999999999,2,True,False,True,False,True,recovery_success,0.004717672476544976,2,1,0,0,0,0,0,0,0
2476,4508,access_vlan:SW1:eth1:20+access_vlan:SW1:eth2:10+access_vlan:SW2:eth2:10,29146,29148,0.05,9.649999999999999,2,True,False,True,False,True,recovery_success,0.006979647791013122,2,1,0,0,0,0,0,0,0
2477,4509,access_vlan:SW1:eth2:10+trunk_remove:SW1:eth3:10+trunk_remove:SW1:eth3:20+trunk_remove:SW2:eth3:10+trunk_remove:SW2:eth3:20,29148,29154,0.05,8.45,6,True,False,True,False,True,recovery_success,0.00470593726883332,6,5,0,0,0,0,0,0,0
2478,4510,access_vlan:SW2:eth1:20+access_vlan:SW2:eth2:10+trunk_remove:SW2:eth3:10,29154,29158,0.05,8.549999999999999,4,True,False,True,False,True,recovery_success,0.005661155213601887,4,3,0,0,1,1,1,0,0
2479,4511,access_vlan:SW2:eth2:10+trunk_remove:SW1:eth3:10+trunk_remove:SW2:eth3:10,29158,29162,0.05,9.049999999999999,4,True,False,True,False,True,recovery_success,0.005149254226125777,4,3,0,0,0,0,0,0,0
2480,4512,access_vlan:SW2:eth1:20+trunk_remove:SW1:eth3:20+trunk_remove:SW2:eth3:10,29162,29166,0.05,9.049999999999999,4,True,False,True,False,True,recovery_success,0.004541650880128145,4,3,0,0,0,0,0,0,0
2481,4513,access_vlan:SW1:eth1:20+access_vlan:SW1:eth2:10+trunk_remove:SW1:eth3:20+trunk_remove:SW2:eth3:10+trunk_remove:SW2:eth3:20,29166,29172,0.05,7.949999999999999,6,True,False,True,False,True,recovery_success,0.00603555243772765,6,5,0,0,1,1,1,0,0
2482,4514,access_vlan:SW1:eth1:20+access_vlan:SW1:eth2:10+trunk_remove:SW1:eth3:10+trunk_remove:SW1:eth3:20+trunk_remove:SW2:eth3:10+trunk_remove:SW2:eth3:20,29172,29186,0.05,3.999999999999999,14,True,False,True,False,True,recovery_success,0.01250254038521754,14,10,3,0,5,5,3,2,0
2483,4515,access_vlan:SW1:eth1:20+access_vlan:SW2:eth2:10,29186,29189,0.05,8.85,3,True,False,True,False,True,recovery_success,0.004123083471010129,3,2,0,0,1,1,1,0,0
2484,4516,access_vlan:SW1:eth1:20+trunk_remove:SW1:eth3:10+trunk_remove:SW2:eth3:10+trunk_remove:SW2:eth3:20,29189,29194,0.05,8.75,5,True,False,True,False,True,recovery_success,0.005520074348896742,5,4,0,0,0,0,0,0,0
2485,4517,access_vlan:SW1:eth2:10+access_vlan:SW2:eth2:10+trunk_remove:SW2:eth3:10,29194,29198,0.05,9.049999999999999,4,True,False,True,False,True,recovery_success,0.005728720570914447,4,3,0,0,0,0,0,0,0
2486,4518,access_vlan:SW1:eth2:10+access_vlan:SW2:eth2:10+trunk_remove:SW1:eth3:10+trunk_remove:SW2:eth3:10,29198,29203,0.05,8.75,5,True,False,True,False,True,recovery_success,0.006428577192127705,5,4,0,0,0,0,0,0,0
2487,4519,access_vlan:SW2:eth1:20+access_vlan:SW2:eth2:10+trunk_remove:SW1:eth3:10+trunk_remove:SW2:eth3:20,29203,29208,0.05,8.25,5,True,False,True,False,True,recovery_success,0.0058656342327594755,5,4,0,0,1,1,1,0,0
2488,4520,access_vlan:SW1:eth2:10+access_vlan:SW2:eth2:10+trunk_remove:SW1:eth3:20+trunk_remove:SW2:eth3:10+trunk_remove:SW2:eth3:20,29208,29214,0.05,8.45,6,True,False,True,False,True,recovery_success,0.00398492095215867,6,5,0,0,0,0,0,0,0
2489,4521,access_vlan:SW1:eth1:20+access_vlan:SW1:eth2:10+trunk_remove:SW2:eth3:10+trunk_remove:SW2:eth3:20,29214,29219,0.05,8.25,5,True,False,True,False,True,recovery_success,0.005435180012136697,5,4,0,0,1,1,1,0,0
2490,4522,access_vlan:SW1:eth1:20+access_vlan:SW1:eth2:10+access_vlan:SW2:eth1:20+access_vlan:SW2:eth2:10+trunk_remove:SW1:eth3:10+trunk_remove:SW1:eth3:20+trunk_remove:SW2:eth3:10,29219,29223,0.05,9.049999999999999,4,True,False,True,False,True,recovery_success,0.006122675258666277,4,3,0,0,0,0,0,0,0
2491,4523,access_vlan:SW1:eth1:20+access_vlan:SW2:eth1:20+access_vlan:SW2:eth2:10+trunk_remove:SW1:eth3:20,29223,29227,0.05,9.2,4,True,False,True,False,True,recovery_success,0.004449590633157641,4,2,1,0,0,0,0,0,0
2492,4524,access_vlan:SW1:eth2:10+access_vlan:SW2:eth1:20+access_vlan:SW2:eth2:10+trunk_remove:SW1:eth3:10+trunk_remove:SW1:eth3:20+trunk_remove:SW2:eth3:10+trunk_remove:SW2:eth3:20,29227,29233,0.05,8.45,6,True,False,True,False,True,recovery_success,0.004460302530787885,6,5,0,0,0,0,0,0,0
2493,4525,access_vlan:SW1:eth1:20+access_vlan:SW1:eth2:10+access_vlan:SW2:eth2:10+trunk_remove:SW1:eth3:10+trunk_remove:SW2:eth3:20,29233,29237,0.05,9.049999999999999,4,True,False,True,False,True,recovery_success,0.005042931181378663,4,3,0,0,0,0,0,0,0
2494,4526,access_vlan:SW1:eth2:10+access_vlan:SW2:eth1:20+access_vlan:SW2:eth2:10+trunk_remove:SW2:eth3:20,29237,29242,0.05,7.25,5,True,False,True,False,True,recovery_success,0.0035512876231223343,5,3,0,0,3,3,1,1,0
2495,4527,access_vlan:SW2:eth1:20+trunk_remove:SW1:eth3:10,29242,29245,0.05,9.35,3,True,False,True,False,True,recovery_success,0.003317449086656173,3,2,0,0,0,0,0,0,0
2496,4528,access_vlan:SW1:eth1:20+access_vlan:SW1:eth2:10+access_vlan:SW2:eth2:10+trunk_remove:SW1:eth3:10+trunk_remove:SW1:eth3:20+trunk_remove:SW2:eth3:10,29245,29250,0.05,8.75,5,True,False,True,False,True,recovery_success,0.0033849294763058425,5,4,0,0,0,0,0,0,0
2497,4529,access_vlan:SW1:eth1:20+access_vlan:SW1:eth2:10+access_vlan:SW2:eth1:20+access_vlan:SW2:eth2:10+trunk_remove:SW1:eth3:10+trunk_remove:SW1:eth3:20+trunk_remove:SW2:eth3:10,29250,29254,0.05,9.049999999999999,4,True,False,True,False,True,recovery_success,0.007553047209512442,4,3,0,0,0,0,0,0,0
2498,4530,access_vlan:SW1:eth1:20+access_vlan:SW1:eth2:10+access_vlan:SW2:eth1:20+trunk_remove:SW1:eth3:10,29254,29257,0.05,9.35,3,True,False,True,False,True,recovery_success,0.009031160346542796,3,2,0,0,0,0,0,0,0
2499,4531,access_vlan:SW2:eth2:10+trunk_remove:SW1:eth3:10,29257,29260,0.05,9.35,3,True,False,True,False,True,recovery_success,0.005944001022726297,3,2,0,0,0,0,0,0,0
2500,4532,access_vlan:SW1:eth1:20+access_vlan:SW1:eth2:10+access_vlan:SW2:eth1:20,29260,29262,0.05,9.649999999999999,2,True,False,True,False,True,recovery_success,0.003949306672438979,2,1,0,0,0,0,0,0,0
2501,4533,access_vlan:SW2:eth2:10+trunk_remove:SW1:eth3:10+trunk_remove:SW1:eth3:20,29262,29268,0.05,7.949999999999999,6,True,False,True,False,True,recovery_success,0.005173087275276582,6,5,0,0,1,1,1,0,0
2502,4534,trunk_remove:SW1:eth3:10+trunk_remove:SW2:eth3:10,29268,29271,0.05,9.35,3,True,False,True,False,True,recovery_success,0.004305262739459674,3,2,0,0,0,0,0,0,0
2503,4535,trunk_remove:SW1:eth3:20+trunk_remove:SW2:eth3:10+trunk_remove:SW2:eth3:20,29271,29275,0.05,9.049999999999999,4,True,False,True,False,True,recovery_success,0.0052611075807362795,4,3,0,0,0,0,0,0,0
2504,4536,access_vlan:SW1:eth2:10+access_vlan:SW2:eth1:20+trunk_remove:SW1:eth3:10,29275,29279,0.05,8.549999999999999,4,True,False,True,False,True,recovery_success,0.00387296115513891,4,3,0,0,1,1,1,0,0
2505,4537,trunk_remove:SW1:eth3:10+trunk_remove:SW2:eth3:10,29279,29284,0.05,7.25,5,True,False,True,False,True,recovery_success,0.048055315762758254,5,4,0,0,3,3,1,1,0
2506,4538,access_vlan:SW1:eth1:20+access_vlan:SW1:eth2:10+access_vlan:SW2:eth1:20+access_vlan:SW2:eth2:10+trunk_remove:SW1:eth3:10+trunk_remove:SW1:eth3:20+trunk_remove:SW2:eth3:10+trunk_remove:SW2:eth3:20,29284,29290,0.05,8.6,6,True,False,True,False,True,recovery_success,0.03456637938506901,6,4,1,0,0,0,0,0,0
2507,4539,access_vlan:SW1:eth1:20+access_vlan:SW2:eth2:10+trunk_remove:SW1:eth3:10+trunk_remove:SW2:eth3:10,29290,29295,0.05,8.25,5,True,False,True,False,True,recovery_success,0.01646811403334141,5,4,0,0,1,1,1,0,0
2508,4540,access_vlan:SW1:eth1:20+access_vlan:SW2:eth1:20+trunk_remove:SW1:eth3:20+trunk_remove:SW2:eth3:10+trunk_remove:SW2:eth3:20,29295,29297,0.05,-10.350000000000001,2,True,False,True,False,False,incorrect_declare_done,0.009113380685448647,2,1,0,0,0,0,0,0,3
2509,4541,access_vlan:SW1:eth2:10,29297,29299,0.05,9.649999999999999,2,True,False,True,False,True,recovery_success,0.00584698561578989,2,1,0,0,0,0,0,0,0
2510,4542,trunk_remove:SW1:eth3:10+trunk_remove:SW1:eth3:20+trunk_remove:SW2:eth3:20,29299,29303,0.05,9.049999999999999,4,True,False,True,False,True,recovery_success,0.013902564533054829,4,3,0,0,0,0,0,0,0
2511,4543,access_vlan:SW1:eth1:20+access_vlan:SW1:eth2:10+trunk_remove:SW1:eth3:10+trunk_remove:SW1:eth3:20+trunk_remove:SW2:eth3:10+trunk_remove:SW2:eth3:20,29303,29311,0.05,7.5,8,True,False,True,False,True,recovery_success,0.007643580931471661,8,6,1,0,1,1,1,0,0
2512,4544,trunk_remove:SW1:eth3:20+trunk_remove:SW2:eth3:10+trunk_remove:SW2:eth3:20,29311,29316,0.05,8.899999999999999,5,True,False,True,False,True,recovery_success,0.01525130718946457,5,3,1,0,0,0,0,0,0
2513,4545,access_vlan:SW2:eth1:20+trunk_remove:SW1:eth3:10+trunk_remove:SW1:eth3:20+trunk_remove:SW2:eth3:20,29316,29321,0.05,8.75,5,True,False,True,False,True,recovery_success,0.006603807304054498,5,4,0,0,0,0,0,0,0
2514,4546,trunk_remove:SW1:eth3:10,29321,29323,0.05,9.649999999999999,2,True,False,True,False,True,recovery_success,0.010958336293697357,2,1,0,0,0,0,0,0,0
2515,4547,access_vlan:SW1:eth1:20+access_vlan:SW1:eth2:10+trunk_remove:SW1:eth3:20+trunk_remove:SW2:eth3:10+trunk_remove:SW2:eth3:20,29323,29332,0.05,7.199999999999999,9,True,False,True,False,True,recovery_success,0.009499231249921851,9,7,1,0,1,1,1,0,0
2516,4548,access_vlan:SW1:eth1:20+access_vlan:SW2:eth1:20+access_vlan:SW2:eth2:10+trunk_remove:SW2:eth3:10+trunk_remove:SW2:eth3:20,29332,29338,0.05,8.45,6,True,False,True,False,True,recovery_success,0.008930404592926303,6,5,0,0,0,0,0,0,0
2517,4549,access_vlan:SW2:eth1:20+access_vlan:SW2:eth2:10+trunk_remove:SW1:eth3:10+trunk_remove:SW1:eth3:20+trunk_remove:SW2:eth3:10+trunk_remove:SW2:eth3:20,29338,29345,0.05,7.6499999999999995,7,True,False,True,False,True,recovery_success,0.008187131357512303,7,6,0,0,1,1,1,0,0
2518,4550,access_vlan:SW1:eth1:20+access_vlan:SW2:eth1:20+access_vlan:SW2:eth2:10+trunk_remove:SW1:eth3:10+trunk_remove:SW1:eth3:20+trunk_remove:SW2:eth3:20,29345,29352,0.05,7.1499999999999995,7,True,False,True,False,True,recovery_success,0.006597612385771104,7,6,0,0,2,2,1,0,0
2519,4551,access_vlan:SW1:eth2:10,29352,29354,0.05,9.649999999999999,2,True,False,True,False,True,recovery_success,0.00533881806768477,2,1,0,0,0,0,0,0,0
2520,4552,access_vlan:SW1:eth2:10+access_vlan:SW2:eth2:10+trunk_remove:SW1:eth3:20+trunk_remove:SW2:eth3:20,29354,29359,0.05,8.25,5,True,False,True,False,True,recovery_success,0.004420630447566509,5,4,0,0,1,1,1,0,0
2521,4553,access_vlan:SW1:eth2:10+access_vlan:SW2:eth1:20+access_vlan:SW2:eth2:10+trunk_remove:SW1:eth3:10+trunk_remove:SW2:eth3:10,29359,29363,0.05,9.049999999999999,4,True,False,True,False,True,recovery_success,0.0052369601326063275,4,3,0,0,0,0,0,0,0
2522,4554,access_vlan:SW1:eth1:20+trunk_remove:SW1:eth3:10,29363,29366,0.05,9.35,3,True,False,True,False,True,recovery_success,0.005951997047911088,3,2,0,0,0,0,0,0,0
2523,4555,access_vlan:SW1:eth1:20+access_vlan:SW2:eth1:20+trunk_remove:SW1:eth3:20+trunk_remove:SW2:eth3:10,29366,29371,0.05,8.75,5,True,False,True,False,True,recovery_success,0.004244224401190877,5,4,0,0,0,0,0,0,0
2524,4556,access_vlan:SW1:eth2:10+access_vlan:SW2:eth2:10+trunk_remove:SW1:eth3:10+trunk_remove:SW2:eth3:10+trunk_remove:SW2:eth3:20,29371,29377,0.05,8.45,6,True,False,True,False,True,recovery_success,0.004295675083994865,6,5,0,0,0,0,0,0,0
2525,4557,access_vlan:SW2:eth1:20+trunk_remove:SW2:eth3:20,29377,29380,0.05,9.35,3,True,False,True,False,True,recovery_success,0.004088811421145995,3,2,0,0,0,0,0,0,0
2526,4558,access_vlan:SW1:eth1:20+access_vlan:SW1:eth2:10+access_vlan:SW2:eth2:10+trunk_remove:SW1:eth3:10+trunk_remove:SW2:eth3:20,29380,29384,0.05,9.049999999999999,4,True,False,True,False,True,recovery_success,0.003992816782556474,4,3,0,0,0,0,0,0,0
2527,4559,access_vlan:SW1:eth2:10+access_vlan:SW2:eth1:20+access_vlan:SW2:eth2:10+trunk_remove:SW1:eth3:10+trunk_remove:SW1:eth3:20+trunk_remove:SW2:eth3:10,29384,29389,0.05,8.75,5,True,False,True,False,True,recovery_success,0.0028516951482743026,5,4,0,0,0,0,0,0,0
2528,4560,access_vlan:SW1:eth2:10+trunk_remove:SW2:eth3:10+trunk_remove:SW2:eth3:20,29389,29393,0.05,9.049999999999999,4,True,False,True,False,True,recovery_success,0.0032875199685804546,4,3,0,0,0,0,0,0,0
2529,4561,access_vlan:SW1:eth2:10+access_vlan:SW2:eth1:20+access_vlan:SW2:eth2:10+trunk_remove:SW1:eth3:10+trunk_remove:SW1:eth3:20+trunk_remove:SW2:eth3:10,29393,29398,0.05,8.75,5,True,False,True,False,True,recovery_success,0.00408867858350277,5,4,0,0,0,0,0,0,0
2530,4562,access_vlan:SW1:eth1:20+access_vlan:SW2:eth2:10+trunk_remove:SW2:eth3:10,29398,29402,0.05,9.049999999999999,4,True,False,True,False,True,recovery_success,0.0032102450786624104,4,3,0,0,0,0,0,0,0
2531,4563,access_vlan:SW1:eth1:20+access_vlan:SW2:eth2:10+trunk_remove:SW1:eth3:20+trunk_remove:SW2:eth3:10,29402,29407,0.05,8.75,5,True,False,True,False,True,recovery_success,0.05888914749957621,5,4,0,0,0,0,0,0,0
2532,4564,access_vlan:SW1:eth1:20+trunk_remove:SW1:eth3:10+trunk_remove:SW1:eth3:20+trunk_remove:SW2:eth3:20,29407,29412,0.05,8.75,5,True,False,True,False,True,recovery_success,0.008293985854834318,5,4,0,0,0,0,0,0,0
2533,4565,access_vlan:SW1:eth1:20+access_vlan:SW2:eth1:20+access_vlan:SW2:eth2:10+trunk_remove:SW1:eth3:10,29412,29415,0.05,9.35,3,True,False,True,False,True,recovery_success,0.005567235639318824,3,2,0,0,0,0,0,0,0
2534,4566,access_vlan:SW2:eth2:10+trunk_remove:SW1:eth3:20,29415,29418,0.05,9.35,3,True,False,True,False,True,recovery_success,0.00472403170230488,3,2,0,0,0,0,0,0,0
2535,4567,access_vlan:SW1:eth1:20+access_vlan:SW1:eth2:10+access_vlan:SW2:eth1:20+trunk_remove:SW1:eth3:20,29418,29421,0.05,9.35,3,True,False,True,False,True,recovery_success,0.004829626918459932,3,2,0,0,0,0,0,0,0
2536,4568,access_vlan:SW1:eth1:20+access_vlan:SW1:eth2:10+access_vlan:SW2:eth2:10+trunk_remove:SW1:eth3:10+trunk_remove:SW2:eth3:10,29421,29426,0.05,8.899999999999999,5,True,False,True,False,True,recovery_success,0.005891661252826452,5,3,1,0,0,0,0,0,0
2537,4569,access_vlan:SW1:eth1:20+access_vlan:SW1:eth2:10+access_vlan:SW2:eth1:20+access_vlan:SW2:eth2:10+trunk_remove:SW1:eth3:20+trunk_remove:SW2:eth3:10,29426,29429,0.05,9.35,3,True,False,True,False,True,recovery_success,0.004982751328498125,3,2,0,0,0,0,0,0,0
2538,4570,access_vlan:SW1:eth1:20+access_vlan:SW2:eth1:20+trunk_remove:SW1:eth3:20,29429,29433,0.05,9.049999999999999,4,True,False,True,False,True,recovery_success,0.00753058900590986,4,3,0,0,0,0,0,0,0
2539,4571,access_vlan:SW1:eth1:20+access_vlan:SW1:eth2:10+access_vlan:SW2:eth1:20+trunk_remove:SW2:eth3:20,29433,29436,0.05,9.35,3,True,False,True,False,True,recovery_success,0.005067432454476754,3,2,0,0,0,0,0,0,0
2540,4572,access_vlan:SW1:eth2:10+access_vlan:SW2:eth1:20+trunk_remove:SW1:eth3:10+trunk_remove:SW2:eth3:10,29436,29442,0.05,8.6,6,True,False,True,False,True,recovery_success,0.011513856705278158,6,4,1,0,0,0,0,0,0
2541,4573,access_vlan:SW1:eth1:20+access_vlan:SW1:eth2:10+access_vlan:SW2:eth2:10+trunk_remove:SW1:eth3:20,29442,29445,0.05,9.35,3,True,False,True,False,True,recovery_success,0.007180360456307729,3,2,0,0,0,0,0,0,0
2542,4574,access_vlan:SW1:eth2:10+access_vlan:SW2:eth2:10+trunk_remove:SW1:eth3:10+trunk_remove:SW1:eth3:20+trunk_remove:SW2:eth3:10,29445,29451,0.05,8.45,6,True,False,True,False,True,recovery_success,0.014752120400468508,6,5,0,0,0,0,0,0,0
2543,4575,access_vlan:SW1:eth1:20+access_vlan:SW2:eth1:20+trunk_remove:SW2:eth3:10+trunk_remove:SW2:eth3:20,29451,29456,0.05,8.75,5,True,False,True,False,True,recovery_success,0.014812060818076133,5,4,0,0,0,0,0,0,0
2544,4576,access_vlan:SW1:eth1:20+access_vlan:SW1:eth2:10+access_vlan:SW2:eth2:10+trunk_remove:SW1:eth3:20,29456,29460,0.05,9.2,4,True,False,True,False,True,recovery_success,0.0059278474655002356,4,2,1,0,0,0,0,0,0
2545,4577,access_vlan:SW1:eth1:20+access_vlan:SW2:eth1:20+access_vlan:SW2:eth2:10+trunk_remove:SW1:eth3:20+trunk_remove:SW2:eth3:10,29460,29465,0.05,8.899999999999999,5,True,False,True,False,True,recovery_success,0.016133371088653804,5,3,1,0,0,0,0,0,0
2546,4578,access_vlan:SW1:eth2:10+access_vlan:SW2:eth1:20+access_vlan:SW2:eth2:10+trunk_remove:SW2:eth3:20,29465,29469,0.05,9.2,4,True,False,True,False,True,recovery_success,0.007661326788365841,4,2,1,0,0,0,0,0,0
2547,4579,access_vlan:SW1:eth2:10+access_vlan:SW2:eth1:20+trunk_remove:SW1:eth3:10+trunk_remove:SW1:eth3:20,29469,29474,0.05,8.75,5,True,False,True,False,True,recovery_success,0.008624316193163395,5,4,0,0,0,0,0,0,0
2548,4580,access_vlan:SW1:eth1:20+access_vlan:SW1:eth2:10+trunk_remove:SW1:eth3:10+trunk_remove:SW1:eth3:20+trunk_remove:SW2:eth3:10,29474,29480,0.05,7.949999999999999,6,True,False,True,False,True,recovery_success,0.006058030994608998,6,5,0,0,1,1,1,0,0
2549,4581,access_vlan:SW1:eth1:20+access_vlan:SW1:eth2:10+access_vlan:SW2:eth2:10+trunk_remove:SW1:eth3:10+trunk_remove:SW1:eth3:20,29480,29484,0.05,9.049999999999999,4,True,False,True,False,True,recovery_success,0.006215121480636299,4,3,0,0,0,0,0,0,0
2550,4582,access_vlan:SW1:eth1:20+trunk_remove:SW1:eth3:10+trunk_remove:SW2:eth3:10,29484,29488,0.05,9.049999999999999,4,True,False,True,False,True,recovery_success,0.0064157843589782715,4,3,0,0,0,0,0,0,0
2551,4583,access_vlan:SW1:eth1:20+access_vlan:SW2:eth2:10+trunk_remove:SW2:eth3:10,29488,29492,0.05,9.049999999999999,4,True,False,True,False,True,recovery_success,0.006634719669818878,4,3,0,0,0,0,0,0,0
2552,4584,access_vlan:SW1:eth1:20+access_vlan:SW2:eth2:10+trunk_remove:SW1:eth3:20,29492,29496,0.05,9.049999999999999,4,True,False,True,False,True,recovery_success,0.006075073499232531,4,3,0,0,0,0,0,0,0
2553,4585,access_vlan:SW1:eth1:20+access_vlan:SW1:eth2:10+access_vlan:SW2:eth1:20+trunk_remove:SW1:eth3:10+trunk_remove:SW1:eth3:20+trunk_remove:SW2:eth3:20,29496,29501,0.05,8.75,5,True,False,True,False,True,recovery_success,0.005081996042281389,5,4,0,0,0,0,0,0,0
2554,4586,access_vlan:SW1:eth1:20+access_vlan:SW2:eth1:20+access_vlan:SW2:eth2:10+trunk_remove:SW2:eth3:20,29501,29505,0.05,9.2,4,True,False,True,False,True,recovery_success,0.009640159434638917,4,2,1,0,0,0,0,0,0
2555,4587,access_vlan:SW1:eth1:20+access_vlan:SW1:eth2:10+access_vlan:SW2:eth2:10+trunk_remove:SW1:eth3:10+trunk_remove:SW1:eth3:20,29505,29509,0.05,9.049999999999999,4,True,False,True,False,True,recovery_success,0.010997045552358031,4,3,0,0,0,0,0,0,0
2556,4588,access_vlan:SW1:eth2:10+access_vlan:SW2:eth2:10+trunk_remove:SW2:eth3:10,29509,29513,0.05,9.049999999999999,4,True,False,True,False,True,recovery_success,0.009789827978238463,4,3,0,0,0,0,0,0,0
2557,4589,access_vlan:SW1:eth1:20+access_vlan:SW1:eth2:10+access_vlan:SW2:eth2:10+trunk_remove:SW1:eth3:20+trunk_remove:SW2:eth3:10,29513,29519,0.05,7.949999999999999,6,True,False,True,False,True,recovery_success,0.00895467291896542,6,5,0,0,1,1,1,1,0
2558,4590,access_vlan:SW2:eth1:20+access_vlan:SW2:eth2:10+trunk_remove:SW1:eth3:10+trunk_remove:SW2:eth3:10,29519,29524,0.05,8.25,5,True,False,True,False,True,recovery_success,0.008913381118327379,5,4,0,0,1,1,1,0,0
2559,4591,access_vlan:SW1:eth2:10+access_vlan:SW2:eth2:10+trunk_remove:SW1:eth3:10+trunk_remove:SW1:eth3:20,29524,29529,0.05,8.75,5,True,False,True,False,True,recovery_success,0.007056703697890044,5,4,0,0,0,0,0,0,0
2560,4592,access_vlan:SW1:eth1:20+access_vlan:SW1:eth2:10+access_vlan:SW2:eth1:20+access_vlan:SW2:eth2:10+trunk_remove:SW1:eth3:10+trunk_remove:SW1:eth3:20+trunk_remove:SW2:eth3:10,29529,29533,0.05,9.049999999999999,4,True,False,True,False,True,recovery_success,0.006760088610462844,4,3,0,0,0,0,0,0,0
2561,4593,access_vlan:SW1:eth1:20+access_vlan:SW2:eth1:20+trunk_remove:SW1:eth3:20+trunk_remove:SW2:eth3:20,29533,29540,0.05,7.6499999999999995,7,True,False,True,False,True,recovery_success,0.009036606975964137,7,6,0,0,1,1,1,0,0
2562,4594,access_vlan:SW1:eth1:20+access_vlan:SW1:eth2:10+access_vlan:SW2:eth2:10+trunk_remove:SW1:eth3:10+trunk_remove:SW1:eth3:20,29540,29544,0.05,9.049999999999999,4,True,False,True,False,True,recovery_success,0.0070803622948005795,4,3,0,0,0,0,0,0,0
2563,4595,access_vlan:SW1:eth1:20+access_vlan:SW2:eth1:20+access_vlan:SW2:eth2:10+trunk_remove:SW1:eth3:10,29544,29547,0.05,9.35,3,True,False,True,False,True,recovery_success,0.006853088426093261,3,2,0,0,0,0,0,0,0
2564,4596,trunk_remove:SW1:eth3:20+trunk_remove:SW2:eth3:10+trunk_remove:SW2:eth3:20,29547,29551,0.05,9.049999999999999,4,True,False,True,False,True,recovery_success,0.007889496977441013,4,3,0,0,0,0,0,0,0
2565,4597,trunk_remove:SW1:eth3:10+trunk_remove:SW1:eth3:20+trunk_remove:SW2:eth3:10+trunk_remove:SW2:eth3:20,29551,29556,0.05,8.75,5,True,False,True,False,True,recovery_success,0.009663870278745889,5,4,0,0,0,0,0,0,0
2566,4598,access_vlan:SW1:eth1:20+access_vlan:SW1:eth2:10+trunk_remove:SW1:eth3:10+trunk_remove:SW2:eth3:20,29556,29561,0.05,8.25,5,True,False,True,False,True,recovery_success,0.008370994497090578,5,4,0,0,1,1,1,0,0
2567,4599,access_vlan:SW1:eth2:10+trunk_remove:SW1:eth3:20,29561,29564,0.05,9.35,3,True,False,True,False,True,recovery_success,0.008408535116662582,3,2,0,0,0,0,0,0,0
2568,4600,access_vlan:SW1:eth1:20+access_vlan:SW1:eth2:10+access_vlan:SW2:eth1:20+trunk_remove:SW1:eth3:10+trunk_remove:SW1:eth3:20+trunk_remove:SW2:eth3:20,29564,29570,0.05,8.6,6,True,False,True,False,True,recovery_success,0.007207846346621712,6,4,1,0,0,0,0,0,0
2569,4601,access_vlan:SW1:eth1:20+access_vlan:SW2:eth1:20+trunk_remove:SW2:eth3:10+trunk_remove:SW2:eth3:20,29570,29575,0.05,8.75,5,True,False,True,False,True,recovery_success,0.005497925635427237,5,4,0,0,0,0,0,0,0
2570,4602,access_vlan:SW1:eth1:20+access_vlan:SW1:eth2:10+access_vlan:SW2:eth1:20+access_vlan:SW2:eth2:10+trunk_remove:SW1:eth3:10+trunk_remove:SW1:eth3:20+trunk_remove:SW2:eth3:10,29575,29579,0.05,9.049999999999999,4,True,False,True,False,True,recovery_success,0.0063879459630697966,4,3,0,0,0,0,0,0,0
2571,4603,access_vlan:SW1:eth2:10+access_vlan:SW2:eth2:10+trunk_remove:SW1:eth3:10+trunk_remove:SW1:eth3:20+trunk_remove:SW2:eth3:20,29579,29585,0.05,8.45,6,True,False,True,False,True,recovery_success,0.015322876667293409,6,5,0,0,0,0,0,0,0
2572,4604,access_vlan:SW1:eth1:20+trunk_remove:SW1:eth3:10+trunk_remove:SW1:eth3:20+trunk_remove:SW2:eth3:10+trunk_remove:SW2:eth3:20,29585,29596,0.05,5.8999999999999995,11,True,False,True,False,True,recovery_success,0.0058128944259475575,11,7,3,0,3,3,1,1,0
2573,4605,access_vlan:SW2:eth1:20+trunk_remove:SW1:eth3:10+trunk_remove:SW1:eth3:20,29596,29600,0.05,9.049999999999999,4,True,False,True,False,True,recovery_success,0.007242787163704634,4,3,0,0,0,0,0,0,0
2574,4606,access_vlan:SW1:eth2:10+access_vlan:SW2:eth1:20+access_vlan:SW2:eth2:10+trunk_remove:SW2:eth3:10+trunk_remove:SW2:eth3:20,29600,29604,0.05,9.049999999999999,4,True,False,True,False,True,recovery_success,0.0139863999793306,4,3,0,0,0,0,0,0,0
2575,4607,access_vlan:SW1:eth1:20+access_vlan:SW2:eth2:10+trunk_remove:SW2:eth3:10,29604,29608,0.05,9.049999999999999,4,True,False,True,False,True,recovery_success,0.005495599820278585,4,3,0,0,0,0,0,0,0
2576,4608,access_vlan:SW1:eth1:20+access_vlan:SW1:eth2:10+access_vlan:SW2:eth1:20+access_vlan:SW2:eth2:10+trunk_remove:SW2:eth3:20,29608,29611,0.05,9.5,3,True,False,True,False,True,recovery_success,0.004697584702322881,3,1,1,0,0,0,0,0,0
2577,4609,access_vlan:SW1:eth1:20+trunk_remove:SW2:eth3:10+trunk_remove:SW2:eth3:20,29611,29615,0.05,9.049999999999999,4,True,False,True,False,True,recovery_success,0.007524678367190063,4,3,0,0,0,0,0,0,0
2578,4610,access_vlan:SW1:eth2:10+access_vlan:SW2:eth1:20+trunk_remove:SW1:eth3:10+trunk_remove:SW2:eth3:20,29615,29620,0.05,8.75,5,True,False,True,False,True,recovery_success,0.0067656031809747216,5,4,0,0,0,0,0,0,0
2579,4611,trunk_remove:SW1:eth3:20+trunk_remove:SW2:eth3:10+trunk_remove:SW2:eth3:20,29620,29624,0.05,9.049999999999999,4,True,False,True,False,True,recovery_success,0.0059253673534840345,4,3,0,0,0,0,0,0,0
2580,4612,access_vlan:SW1:eth2:10+trunk_remove:SW1:eth3:20+trunk_remove:SW2:eth3:20,29624,29628,0.05,9.049999999999999,4,True,False,True,False,True,recovery_success,0.004364448948763311,4,3,0,0,0,0,0,0,0
2581,4613,access_vlan:SW1:eth1:20+access_vlan:SW2:eth1:20+trunk_remove:SW1:eth3:10+trunk_remove:SW1:eth3:20+trunk_remove:SW2:eth3:20,29628,29634,0.05,8.45,6,True,False,True,False,True,recovery_success,0.006253780486683051,6,5,0,0,0,0,0,0,0
2582,4614,access_vlan:SW1:eth2:10+trunk_remove:SW1:eth3:20+trunk_remove:SW2:eth3:10,29634,29638,0.05,9.049999999999999,4,True,False,True,False,True,recovery_success,0.05267866957001388,4,3,0,0,0,0,0,0,0
2583,4615,access_vlan:SW2:eth2:10+trunk_remove:SW1:eth3:20,29638,29643,0.05,7.749999999999999,5,True,False,True,False,True,recovery_success,0.004541723569855094,5,4,0,0,2,2,1,0,0
2584,4616,access_vlan:SW2:eth1:20+trunk_remove:SW1:eth3:10+trunk_remove:SW1:eth3:20+trunk_remove:SW2:eth3:20,29643,29648,0.05,8.75,5,True,False,True,False,True,recovery_success,0.005084857298061252,5,4,0,0,0,0,0,0,0
2585,4617,access_vlan:SW1:eth1:20+access_vlan:SW1:eth2:10+access_vlan:SW2:eth2:10+trunk_remove:SW2:eth3:20,29648,29651,0.05,9.35,3,True,False,True,False,True,recovery_success,0.005432409467175603,3,2,0,0,0,0,0,0,0
2586,4618,access_vlan:SW1:eth1:20+access_vlan:SW1:eth2:10+trunk_remove:SW1:eth3:10+trunk_remove:SW2:eth3:10+trunk_remove:SW2:eth3:20,29651,29659,0.05,7.6499999999999995,8,True,False,True,False,True,recovery_success,0.0037787110486533493,8,5,2,0,1,1,1,0,0
2587,4619,access_vlan:SW1:eth1:20+access_vlan:SW2:eth1:20+access_vlan:SW2:eth2:10+trunk_remove:SW1:eth3:10,29659,29662,0.05,9.35,3,True,False,True,False,True,recovery_success,0.003828988798583547,3,2,0,0,0,0,0,0,0
2588,4620,access_vlan:SW2:eth1:20+access_vlan:SW2:eth2:10+trunk_remove:SW1:eth3:10+trunk_remove:SW2:eth3:10+trunk_remove:SW2:eth3:20,29662,29668,0.05,7.949999999999999,6,True,False,True,False,True,recovery_success,0.0052681594000508385,6,5,0,0,1,1,1,0,0
2589,4621,access_vlan:SW1:eth1:20+access_vlan:SW1:eth2:10+access_vlan:SW2:eth1:20+trunk_remove:SW1:eth3:20,29668,29671,0.05,9.35,3,True,False,True,False,True,recovery_success,0.00558666605502367,3,2,0,0,0,0,0,0,0
2590,4622,access_vlan:SW2:eth1:20+access_vlan:SW2:eth2:10+trunk_remove:SW2:eth3:10,29671,29675,0.05,8.549999999999999,4,True,False,True,False,True,recovery_success,0.005312170076649636,4,3,0,0,1,1,1,0,0
2591,4623,access_vlan:SW1:eth1:20+access_vlan:SW1:eth2:10+access_vlan:SW2:eth1:20+trunk_remove:SW1:eth3:20+trunk_remove:SW2:eth3:10+trunk_remove:SW2:eth3:20,29675,29680,0.05,8.75,5,True,False,True,False,True,recovery_success,0.0049527556169778105,5,4,0,0,0,0,0,0,0
2592,4624,access_vlan:SW1:eth2:10+access_vlan:SW2:eth1:20+access_vlan:SW2:eth2:10+trunk_remove:SW1:eth3:10+trunk_remove:SW1:eth3:20+trunk_remove:SW2:eth3:20,29680,29686,0.05,8.6,6,True,False,True,False,True,recovery_success,0.009351771014432112,6,4,1,0,0,0,0,0,0
2593,4625,access_vlan:SW1:eth2:10+access_vlan:SW2:eth1:20+access_vlan:SW2:eth2:10+trunk_remove:SW1:eth3:10+trunk_remove:SW1:eth3:20+trunk_remove:SW2:eth3:10,29686,29691,0.05,8.75,5,True,False,True,False,True,recovery_success,0.0035296742338687182,5,4,0,0,0,0,0,0,0
2594,4626,access_vlan:SW1:eth1:20+access_vlan:SW2:eth2:10+trunk_remove:SW1:eth3:10+trunk_remove:SW2:eth3:10,29691,29696,0.05,8.75,5,True,False,True,False,True,recovery_success,0.006937563139945269,5,4,0,0,0,0,0,0,0
2595,4627,access_vlan:SW1:eth1:20,29696,29698,0.05,9.649999999999999,2,True,False,True,False,True,recovery_success,0.00456527853384614,2,1,0,0,0,0,0,0,0
2596,4628,access_vlan:SW1:eth2:10+trunk_remove:SW1:eth3:10+trunk_remove:SW2:eth3:10+trunk_remove:SW2:eth3:20,29698,29703,0.05,8.75,5,True,False,True,False,True,recovery_success,0.006334837060421705,5,4,0,0,0,0,0,0,0
2597,4629,access_vlan:SW1:eth1:20+access_vlan:SW1:eth2:10+access_vlan:SW2:eth1:20+access_vlan:SW2:eth2:10,29703,29705,0.05,9.799999999999999,2,True,False,True,False,True,recovery_success,0.006785784149542451,2,0,1,0,0,0,0,0,0
2598,4630,access_vlan:SW1:eth1:20+access_vlan:SW1:eth2:10+trunk_remove:SW2:eth3:10+trunk_remove:SW2:eth3:20,29705,29711,0.05,8.1,6,True,False,True,False,True,recovery_success,0.0058046334500735,6,4,1,0,1,1,1,0,0
2599,4631,access_vlan:SW1:eth1:20+access_vlan:SW1:eth2:10+access_vlan:SW2:eth1:20+trunk_remove:SW1:eth3:10+trunk_remove:SW1:eth3:20+trunk_remove:SW2:eth3:20,29711,29716,0.05,8.75,5,True,False,True,False,True,recovery_success,0.00590763920918107,5,4,0,0,0,0,0,0,0
2600,4632,access_vlan:SW1:eth1:20+access_vlan:SW1:eth2:10+access_vlan:SW2:eth1:20+access_vlan:SW2:eth2:10+trunk_remove:SW2:eth3:10,29716,29719,0.05,9.5,3,True,False,True,False,True,recovery_success,0.0043669344546894235,3,1,1,0,0,0,0,0,0
2601,4633,access_vlan:SW1:eth2:10,29719,29721,0.05,9.649999999999999,2,True,False,True,False,True,recovery_success,0.008539554895833135,2,1,0,0,0,0,0,0,0
2602,4634,access_vlan:SW1:eth1:20+access_vlan:SW2:eth2:10,29721,29724,0.05,8.85,3,True,False,True,False,True,recovery_success,0.005843346705660224,3,2,0,0,1,1,1,0,0
2603,4635,access_vlan:SW1:eth1:20+access_vlan:SW2:eth1:20+trunk_remove:SW1:eth3:20+trunk_remove:SW2:eth3:10,29724,29729,0.05,8.75,5,True,False,True,False,True,recovery_success,0.005890960711985827,5,4,0,0,0,0,0,0,0
2604,4636,access_vlan:SW1:eth2:10+access_vlan:SW2:eth2:10+trunk_remove:SW1:eth3:10,29729,29733,0.05,9.049999999999999,4,True,False,True,False,True,recovery_success,0.006279020686633885,4,3,0,0,0,0,0,0,0
2605,4637,access_vlan:SW1:eth2:10+trunk_remove:SW1:eth3:10+trunk_remove:SW1:eth3:20+trunk_remove:SW2:eth3:10,29733,29742,0.05,7.35,9,True,False,True,False,True,recovery_success,0.010031771225233873,9,6,2,0,1,1,1,0,0
2606,4638,access_vlan:SW1:eth1:20+access_vlan:SW2:eth2:10+trunk_remove:SW1:eth3:20+trunk_remove:SW2:eth3:10+trunk_remove:SW2:eth3:20,29742,29750,0.05,8.149999999999999,8,True,False,True,False,True,recovery_success,0.0077976101893000305,8,5,2,0,0,0,0,0,0
2607,4639,access_vlan:SW1:eth2:10+access_vlan:SW2:eth1:20+access_vlan:SW2:eth2:10+trunk_remove:SW1:eth3:10+trunk_remove:SW1:eth3:20+trunk_remove:SW2:eth3:10+trunk_remove:SW2:eth3:20,29750,29757,0.05,8.299999999999999,7,True,False,True,False,True,recovery_success,0.0069687573704868555,7,5,1,0,0,0,0,0,0
2608,4640,access_vlan:SW2:eth1:20+access_vlan:SW2:eth2:10+trunk_remove:SW1:eth3:10+trunk_remove:SW2:eth3:10+trunk_remove:SW2:eth3:20,29757,29764,0.05,7.799999999999999,7,True,False,True,False,True,recovery_success,0.0058296306524425745,7,5,1,0,1,1,1,0,0
2609,4641,access_vlan:SW1:eth1:20+access_vlan:SW1:eth2:10+access_vlan:SW2:eth1:20+access_vlan:SW2:eth2:10+trunk_remove:SW1:eth3:10+trunk_remove:SW1:eth3:20+trunk_remove:SW2:eth3:10+trunk_remove:SW2:eth3:20,29764,29771,0.05,7.15,7,True,False,True,False,True,recovery_success,0.036024204189223905,7,6,0,0,2,2,1,0,0
2610,4642,access_vlan:SW1:eth1:20+access_vlan:SW2:eth1:20+trunk_remove:SW1:eth3:10+trunk_remove:SW1:eth3:20,29771,29776,0.05,8.75,5,True,False,True,False,True,recovery_success,0.006590672954916954,5,4,0,0,0,0,0,0,0
2611,4643,access_vlan:SW1:eth1:20+trunk_remove:SW1:eth3:20+trunk_remove:SW2:eth3:20,29776,29780,0.05,9.049999999999999,4,True,False,True,False,True,recovery_success,0.004561175941489637,4,3,0,0,0,0,0,0,0
2612,4644,access_vlan:SW1:eth1:20+access_vlan:SW2:eth1:20+trunk_remove:SW2:eth3:10,29780,29791,0.05,4.1,11,True,False,True,False,True,recovery_success,0.02470705747096376,11,9,1,0,6,4,4,2,0
2613,4645,access_vlan:SW1:eth2:10+trunk_remove:SW1:eth3:10+trunk_remove:SW2:eth3:10+trunk_remove:SW2:eth3:20,29791,29796,0.05,8.75,5,True,False,True,False,True,recovery_success,0.007931807171553373,5,4,0,0,0,0,0,0,0
2614,4646,access_vlan:SW2:eth2:10+trunk_remove:SW1:eth3:10+trunk_remove:SW1:eth3:20+trunk_remove:SW2:eth3:10+trunk_remove:SW2:eth3:20,29796,29802,0.05,8.45,6,True,False,True,False,True,recovery_success,0.005221469948689143,6,5,0,0,0,0,0,0,0
2615,4647,access_vlan:SW1:eth2:10+access_vlan:SW2:eth1:20+trunk_remove:SW1:eth3:20+trunk_remove:SW2:eth3:10+trunk_remove:SW2:eth3:20,29802,29808,0.05,8.45,6,True,False,True,False,True,recovery_success,0.005277595017105341,6,5,0,0,0,0,0,0,0
2616,4648,access_vlan:SW1:eth1:20+access_vlan:SW1:eth2:10+trunk_remove:SW1:eth3:10+trunk_remove:SW1:eth3:20+trunk_remove:SW2:eth3:20,29808,29814,0.05,7.949999999999999,6,True,False,True,False,True,recovery_success,0.005062466526093583,6,5,0,0,1,1,1,0,0
2617,4649,access_vlan:SW1:eth2:10+access_vlan:SW2:eth2:10+trunk_remove:SW2:eth3:10,29814,29818,0.05,9.049999999999999,4,True,False,True,False,True,recovery_success,0.0033429678296670318,4,3,0,0,0,0,0,0,0
2618,4650,access_vlan:SW2:eth1:20+access_vlan:SW2:eth2:10,29818,29821,0.05,8.85,3,True,False,True,False,True,recovery_success,0.005421477447574337,3,2,0,0,1,1,1,0,0
2619,4651,access_vlan:SW1:eth1:20+access_vlan:SW1:eth2:10+access_vlan:SW2:eth2:10+trunk_remove:SW1:eth3:10+trunk_remove:SW1:eth3:20,29821,29825,0.05,9.049999999999999,4,True,False,True,False,True,recovery_success,0.0035414654412306845,4,3,0,0,0,0,0,0,0
2620,4652,access_vlan:SW1:eth2:10+access_vlan:SW2:eth1:20+access_vlan:SW2:eth2:10+trunk_remove:SW1:eth3:20+trunk_remove:SW2:eth3:10+trunk_remove:SW2:eth3:20,29825,29830,0.05,8.75,5,True,False,True,False,True,recovery_success,0.0041376851499080654,5,4,0,0,0,0,0,0,0
2621,4653,access_vlan:SW1:eth1:20+trunk_remove:SW1:eth3:10+trunk_remove:SW2:eth3:10+trunk_remove:SW2:eth3:20,29830,29838,0.05,7.5,8,True,False,True,False,True,recovery_success,0.007563541847048327,8,6,1,0,1,1,1,1,0
2622,4654,access_vlan:SW1:eth2:10+access_vlan:SW2:eth1:20+access_vlan:SW2:eth2:10+trunk_remove:SW2:eth3:10+trunk_remove:SW2:eth3:20,29838,29842,0.05,9.049999999999999,4,True,False,True,False,True,recovery_success,0.008790211519226432,4,3,0,0,0,0,0,0,0
2623,4655,access_vlan:SW2:eth1:20+access_vlan:SW2:eth2:10+trunk_remove:SW1:eth3:10+trunk_remove:SW1:eth3:20,29842,29847,0.05,8.25,5,True,False,True,False,True,recovery_success,0.00619860733859241,5,4,0,0,1,1,1,0,0
2624,4656,access_vlan:SW1:eth2:10+access_vlan:SW2:eth1:20+trunk_remove:SW1:eth3:10+trunk_remove:SW2:eth3:10,29847,29854,0.05,7.6499999999999995,7,True,False,True,False,True,recovery_success,0.0050864505714603835,7,6,0,0,1,1,1,1,0
2625,4657,access_vlan:SW1:eth1:20+access_vlan:SW1:eth2:10+trunk_remove:SW1:eth3:10+trunk_remove:SW1:eth3:20+trunk_remove:SW2:eth3:10,29854,29860,0.05,7.949999999999999,6,True,False,True,False,True,recovery_success,0.005475140331933896,6,5,0,0,1,1,1,0,0
2626,4658,access_vlan:SW1:eth1:20+access_vlan:SW2:eth1:20+trunk_remove:SW2:eth3:10+trunk_remove:SW2:eth3:20,29860,29865,0.05,8.75,5,True,False,True,False,True,recovery_success,0.00605612313374877,5,4,0,0,0,0,0,0,0
2627,4659,access_vlan:SW1:eth2:10+access_vlan:SW2:eth1:20+trunk_remove:SW1:eth3:10+trunk_remove:SW2:eth3:20,29865,29873,0.05,7.999999999999999,8,True,False,True,False,True,recovery_success,0.008229080587625504,8,6,1,0,0,0,0,0,0
2628,4660,access_vlan:SW1:eth1:20+access_vlan:SW2:eth1:20+access_vlan:SW2:eth2:10+trunk_remove:SW1:eth3:10+trunk_remove:SW2:eth3:10,29873,29879,0.05,7.449999999999999,6,True,False,True,False,True,recovery_success,0.005310708152440687,6,5,0,0,2,2,1,0,0
2629,4661,access_vlan:SW1:eth1:20+access_vlan:SW1:eth2:10+access_vlan:SW2:eth1:20+access_vlan:SW2:eth2:10+trunk_remove:SW1:eth3:10+trunk_remove:SW1:eth3:20+trunk_remove:SW2:eth3:10+trunk_remove:SW2:eth3:20,29879,29884,0.05,8.75,5,True,False,True,False,True,recovery_success,0.006359740253537893,5,4,0,0,0,0,0,0,0
2630,4662,access_vlan:SW1:eth2:10+access_vlan:SW2:eth1:20+access_vlan:SW2:eth2:10+trunk_remove:SW1:eth3:20+trunk_remove:SW2:eth3:10,29884,29888,0.05,9.049999999999999,4,True,False,True,False,True,recovery_success,0.005025975755415857,4,3,0,0,0,0,0,0,0
2631,4663,access_vlan:SW2:eth1:20+trunk_remove:SW1:eth3:10,29888,29893,0.05,7.749999999999999,5,True,False,True,False,True,recovery_success,0.005936220567673445,5,4,0,0,2,2,1,0,0
2632,4664,access_vlan:SW1:eth1:20+access_vlan:SW2:eth1:20+trunk_remove:SW1:eth3:20,29893,29897,0.05,9.049999999999999,4,True,False,True,False,True,recovery_success,0.005922198004554957,4,3,0,0,0,0,0,0,0
2633,4665,access_vlan:SW1:eth2:10+access_vlan:SW2:eth2:10+trunk_remove:SW1:eth3:10+trunk_remove:SW1:eth3:20,29897,29902,0.05,8.75,5,True,False,True,False,True,recovery_success,0.004170535830780864,5,4,0,0,0,0,0,0,0
2634,4666,access_vlan:SW2:eth1:20+trunk_remove:SW1:eth3:20+trunk_remove:SW2:eth3:10,29902,29906,0.05,9.049999999999999,4,True,False,True,False,True,recovery_success,0.004077823832631111,4,3,0,0,0,0,0,0,0
2635,4667,access_vlan:SW1:eth2:10+access_vlan:SW2:eth2:10+trunk_remove:SW1:eth3:10+trunk_remove:SW1:eth3:20+trunk_remove:SW2:eth3:20,29906,29912,0.05,8.45,6,True,False,True,False,True,recovery_success,0.0072641664107019705,6,5,0,0,0,0,0,0,0
2636,4668,access_vlan:SW1:eth1:20+access_vlan:SW1:eth2:10+access_vlan:SW2:eth1:20+access_vlan:SW2:eth2:10+trunk_remove:SW1:eth3:10+trunk_remove:SW2:eth3:10+trunk_remove:SW2:eth3:20,29912,29916,0.05,9.049999999999999,4,True,False,True,False,True,recovery_success,0.006374070653691888,4,3,0,0,0,0,0,0,0
2637,4669,access_vlan:SW1:eth1:20+access_vlan:SW2:eth2:10+trunk_remove:SW1:eth3:10+trunk_remove:SW2:eth3:20,29916,29921,0.05,8.75,5,True,False,True,False,True,recovery_success,0.004224347649142146,5,4,0,0,0,0,0,0,0
2638,4670,access_vlan:SW1:eth2:10+trunk_remove:SW1:eth3:20+trunk_remove:SW2:eth3:20,29921,29925,0.05,9.049999999999999,4,True,False,True,False,True,recovery_success,0.013073057867586613,4,3,0,0,0,0,0,0,0
2639,4671,access_vlan:SW1:eth2:10+trunk_remove:SW1:eth3:20+trunk_remove:SW2:eth3:20,29925,29929,0.05,9.049999999999999,4,True,False,True,False,True,recovery_success,0.0054628506768494844,4,3,0,0,0,0,0,0,0
2640,4672,access_vlan:SW1:eth1:20+access_vlan:SW2:eth1:20+access_vlan:SW2:eth2:10+trunk_remove:SW2:eth3:10,29929,29932,0.05,9.35,3,True,False,True,False,True,recovery_success,0.004356010273719828,3,2,0,0,0,0,0,0,0
2641,4673,access_vlan:SW1:eth1:20+access_vlan:SW1:eth2:10+access_vlan:SW2:eth2:10+trunk_remove:SW1:eth3:10+trunk_remove:SW1:eth3:20+trunk_remove:SW2:eth3:10+trunk_remove:SW2:eth3:20,29932,29938,0.05,8.45,6,True,False,True,False,True,recovery_success,0.005342083051800728,6,5,0,0,0,0,0,0,0
2642,4674,access_vlan:SW1:eth2:10+access_vlan:SW2:eth1:20+access_vlan:SW2:eth2:10+trunk_remove:SW1:eth3:10+trunk_remove:SW2:eth3:10+trunk_remove:SW2:eth3:20,29938,29943,0.05,8.75,5,True,False,True,False,True,recovery_success,0.004720190912485123,5,4,0,0,0,0,0,0,0
2643,4675,trunk_remove:SW2:eth3:20,29943,29945,0.05,9.649999999999999,2,True,False,True,False,True,recovery_success,0.004789449856616557,2,1,0,0,0,0,0,0,0
2644,4676,access_vlan:SW1:eth1:20+access_vlan:SW2:eth1:20+access_vlan:SW2:eth2:10+trunk_remove:SW1:eth3:20+trunk_remove:SW2:eth3:20,29945,29950,0.05,8.899999999999999,5,True,False,True,False,True,recovery_success,0.040753356739878656,5,3,1,0,0,0,0,0,0
2645,4677,access_vlan:SW2:eth2:10+trunk_remove:SW2:eth3:20,29950,29953,0.05,9.35,3,True,False,True,False,True,recovery_success,0.007013186191519101,3,2,0,0,0,0,0,0,0
2646,4678,access_vlan:SW1:eth1:20+access_vlan:SW1:eth2:10+access_vlan:SW2:eth1:20+access_vlan:SW2:eth2:10+trunk_remove:SW1:eth3:20+trunk_remove:SW2:eth3:20,29953,29956,0.05,9.35,3,True,False,True,False,True,recovery_success,0.008518538593004147,3,2,0,0,0,0,0,0,0
2647,4679,access_vlan:SW1:eth1:20+access_vlan:SW2:eth2:10+trunk_remove:SW1:eth3:10+trunk_remove:SW1:eth3:20,29956,29961,0.05,8.75,5,True,False,True,False,True,recovery_success,0.005049434863030911,5,4,0,0,0,0,0,0,0
2648,4680,access_vlan:SW1:eth1:20+access_vlan:SW1:eth2:10+access_vlan:SW2:eth2:10+trunk_remove:SW1:eth3:20,29961,29966,0.05,7.249999999999999,5,True,False,True,False,True,recovery_success,0.004504463961347937,5,4,0,0,3,3,2,0,0
2649,4681,access_vlan:SW1:eth2:10+access_vlan:SW2:eth1:20+access_vlan:SW2:eth2:10+trunk_remove:SW1:eth3:20+trunk_remove:SW2:eth3:10,29966,29970,0.05,9.049999999999999,4,True,False,True,False,True,recovery_success,0.006249762140214443,4,3,0,0,0,0,0,0,0
2650,4682,access_vlan:SW1:eth1:20+access_vlan:SW1:eth2:10+access_vlan:SW2:eth2:10+trunk_remove:SW2:eth3:20,29970,29973,0.05,9.35,3,True,False,True,False,True,recovery_success,0.003752785657222072,3,2,0,0,0,0,0,0,0
2651,4683,access_vlan:SW1:eth2:10,29973,29976,0.05,9.5,3,True,False,True,False,True,recovery_success,0.016977313595513504,3,1,1,0,0,0,0,0,0
2652,4684,access_vlan:SW2:eth1:20+access_vlan:SW2:eth2:10+trunk_remove:SW1:eth3:20+trunk_remove:SW2:eth3:10+trunk_remove:SW2:eth3:20,29976,29982,0.05,7.949999999999999,6,True,False,True,False,True,recovery_success,0.008871507598087192,6,5,0,0,1,1,1,0,0
2653,4685,access_vlan:SW1:eth1:20+access_vlan:SW1:eth2:10+trunk_remove:SW1:eth3:10,29982,29986,0.05,8.549999999999999,4,True,False,True,False,True,recovery_success,0.00782987370621413,4,3,0,0,1,1,1,0,0
2654,4686,access_vlan:SW1:eth1:20+trunk_remove:SW2:eth3:10+trunk_remove:SW2:eth3:20,29986,29991,0.05,8.899999999999999,5,True,False,True,False,True,recovery_success,0.008150595892220735,5,3,1,0,0,0,0,0,0
2655,4687,access_vlan:SW1:eth2:10+trunk_remove:SW2:eth3:10+trunk_remove:SW2:eth3:20,29991,29995,0.05,9.049999999999999,4,True,False,True,False,True,recovery_success,0.0056462648790329695,4,3,0,0,0,0,0,0,0
2656,4688,access_vlan:SW1:eth1:20+access_vlan:SW1:eth2:10+access_vlan:SW2:eth1:20+access_vlan:SW2:eth2:10+trunk_remove:SW1:eth3:10,29995,29998,0.05,9.5,3,True,False,True,False,True,recovery_success,0.005311584410568078,3,1,1,0,0,0,0,0,0
2657,4689,access_vlan:SW1:eth1:20+access_vlan:SW1:eth2:10+trunk_remove:SW1:eth3:10+trunk_remove:SW1:eth3:20+trunk_remove:SW2:eth3:10+trunk_remove:SW2:eth3:20,29998,30005,0.05,7.6499999999999995,7,True,False,True,False,True,recovery_success,0.007937857615096229,7,6,0,0,1,1,1,0,0
2658,4690,access_vlan:SW1:eth2:10+access_vlan:SW2:eth1:20+trunk_remove:SW1:eth3:10+trunk_remove:SW1:eth3:20+trunk_remove:SW2:eth3:10,30005,30011,0.05,8.45,6,True,False,True,False,True,recovery_success,0.007867718037838737,6,5,0,0,0,0,0,0,0
2659,4691,access_vlan:SW1:eth1:20+access_vlan:SW1:eth2:10+access_vlan:SW2:eth1:20+trunk_remove:SW1:eth3:10+trunk_remove:SW1:eth3:20,30011,30016,0.05,8.899999999999999,5,True,False,True,False,True,recovery_success,0.009063573041930794,5,3,1,0,0,0,0,0,0
2660,4692,access_vlan:SW1:eth1:20+access_vlan:SW2:eth2:10+trunk_remove:SW1:eth3:20+trunk_remove:SW2:eth3:10,30016,30021,0.05,8.75,5,True,False,True,False,True,recovery_success,0.0040935317520052195,5,4,0,0,0,0,0,0,0
2661,4693,access_vlan:SW1:eth2:10+trunk_remove:SW1:eth3:10,30021,30024,0.05,9.35,3,True,False,True,False,True,recovery_success,0.0057932402317722636,3,2,0,0,0,0,0,0,0
2662,4694,access_vlan:SW1:eth1:20+access_vlan:SW1:eth2:10+access_vlan:SW2:eth2:10+trunk_remove:SW1:eth3:10+trunk_remove:SW2:eth3:10+trunk_remove:SW2:eth3:20,30024,30029,0.05,8.75,5,True,False,True,False,True,recovery_success,0.005334281269460917,5,4,0,0,0,0,0,0,0
2663,4695,access_vlan:SW1:eth2:10+trunk_remove:SW1:eth3:10,30029,30032,0.05,9.35,3,True,False,True,False,True,recovery_success,0.005280399074157079,3,2,0,0,0,0,0,0,0
2664,4696,access_vlan:SW1:eth1:20+access_vlan:SW1:eth2:10+access_vlan:SW2:eth2:10+trunk_remove:SW1:eth3:10+trunk_remove:SW2:eth3:10,30032,30036,0.05,9.049999999999999,4,True,False,True,False,True,recovery_success,0.0059338618302717805,4,3,0,0,0,0,0,0,0
2665,4697,access_vlan:SW1:eth1:20+access_vlan:SW1:eth2:10+trunk_remove:SW1:eth3:20+trunk_remove:SW2:eth3:20,30036,30041,0.05,8.25,5,True,False,True,False,True,recovery_success,0.0064930187072604895,5,4,0,0,1,1,1,0,0
2666,4698,access_vlan:SW1:eth1:20+access_vlan:SW2:eth1:20+access_vlan:SW2:eth2:10+trunk_remove:SW1:eth3:20+trunk_remove:SW2:eth3:10,30041,30045,0.05,9.049999999999999,4,True,False,True,False,True,recovery_success,0.005428211065009236,4,3,0,0,0,0,0,0,0
2667,4699,access_vlan:SW1:eth2:10+access_vlan:SW2:eth2:10+trunk_remove:SW1:eth3:10+trunk_remove:SW1:eth3:20,30045,30050,0.05,8.75,5,True,False,True,False,True,recovery_success,0.0044639100786298515,5,4,0,0,0,0,0,0,0
2668,4700,access_vlan:SW1:eth1:20+access_vlan:SW1:eth2:10+trunk_remove:SW1:eth3:10+trunk_remove:SW2:eth3:20,30050,30055,0.05,8.25,5,True,False,True,False,True,recovery_success,0.005322957132011652,5,4,0,0,1,1,1,0,0
2669,4701,access_vlan:SW1:eth1:20+access_vlan:SW1:eth2:10+access_vlan:SW2:eth1:20+trunk_remove:SW1:eth3:20+trunk_remove:SW2:eth3:20,30055,30061,0.05,6.949999999999999,6,True,False,True,False,True,recovery_success,0.007187541768265267,6,5,0,0,3,3,1,1,0
2670,4702,access_vlan:SW1:eth1:20+access_vlan:SW2:eth1:20+access_vlan:SW2:eth2:10+trunk_remove:SW1:eth3:10,30061,30064,0.05,9.35,3,True,False,True,False,True,recovery_success,0.004089094620818893,3,2,0,0,0,0,0,0,0
2671,4703,access_vlan:SW1:eth1:20+access_vlan:SW1:eth2:10+access_vlan:SW2:eth1:20+access_vlan:SW2:eth2:10+trunk_remove:SW2:eth3:10,30064,30066,0.05,9.649999999999999,2,True,False,True,False,True,recovery_success,0.006230147555470467,2,1,0,0,0,0,0,0,0
2672,4704,access_vlan:SW1:eth2:10+trunk_remove:SW1:eth3:20+trunk_remove:SW2:eth3:10,30066,30070,0.05,9.049999999999999,4,True,False,True,False,True,recovery_success,0.004587177245412022,4,3,0,0,0,0,0,0,0
2673,4705,access_vlan:SW1:eth2:10+access_vlan:SW2:eth2:10+trunk_remove:SW1:eth3:10+trunk_remove:SW1:eth3:20,30070,30076,0.05,8.6,6,True,False,True,False,True,recovery_success,0.0073691178889324265,6,4,1,0,0,0,0,0,0
2674,4706,access_vlan:SW1:eth2:10+access_vlan:SW2:eth1:20+access_vlan:SW2:eth2:10+trunk_remove:SW1:eth3:10+trunk_remove:SW2:eth3:10+trunk_remove:SW2:eth3:20,30076,30085,0.05,6.05,9,True,False,True,False,True,recovery_success,0.006878549026118385,9,8,0,0,3,2,2,0,0
2675,4707,access_vlan:SW1:eth2:10+access_vlan:SW2:eth1:20+access_vlan:SW2:eth2:10+trunk_remove:SW1:eth3:10+trunk_remove:SW1:eth3:20+trunk_remove:SW2:eth3:10,30085,30090,0.05,8.75,5,True,False,True,False,True,recovery_success,0.004695920599624514,5,4,0,0,0,0,0,0,0
2676,4708,access_vlan:SW1:eth1:20+access_vlan:SW1:eth2:10+access_vlan:SW2:eth1:20+trunk_remove:SW2:eth3:20,30090,30095,0.05,8.75,5,True,False,True,False,True,recovery_success,0.005010168813169002,5,4,0,0,0,0,0,0,0
2677,4709,trunk_remove:SW1:eth3:10+trunk_remove:SW1:eth3:20+trunk_remove:SW2:eth3:20,30095,30099,0.05,9.049999999999999,4,True,False,True,False,True,recovery_success,0.003830078348983079,4,3,0,0,0,0,0,0,0
2678,4710,access_vlan:SW1:eth1:20+access_vlan:SW1:eth2:10+trunk_remove:SW1:eth3:20,30099,30104,0.05,8.399999999999999,5,True,False,True,False,True,recovery_success,0.004948538262397051,5,3,1,0,1,1,1,0,0
2679,4711,access_vlan:SW1:eth1:20+access_vlan:SW2:eth1:20+access_vlan:SW2:eth2:10+trunk_remove:SW1:eth3:10+trunk_remove:SW1:eth3:20+trunk_remove:SW2:eth3:20,30104,30109,0.05,8.75,5,True,False,True,False,True,recovery_success,0.004237971268594265,5,4,0,0,0,0,0,0,0
2680,4712,trunk_remove:SW1:eth3:10+trunk_remove:SW1:eth3:20+trunk_remove:SW2:eth3:10+trunk_remove:SW2:eth3:20,30109,30114,0.05,8.75,5,True,False,True,False,True,recovery_success,0.004916986171156168,5,4,0,0,0,0,0,0,0
2681,4713,access_vlan:SW2:eth2:10+trunk_remove:SW1:eth3:10+trunk_remove:SW1:eth3:20,30114,30120,0.05,7.949999999999999,6,True,False,True,False,True,recovery_success,0.004770296548182766,6,5,0,0,1,1,1,0,0
2682,4714,access_vlan:SW1:eth1:20+access_vlan:SW1:eth2:10+access_vlan:SW2:eth1:20+access_vlan:SW2:eth2:10+trunk_remove:SW2:eth3:10,30120,30123,0.05,9.5,3,True,False,True,False,True,recovery_success,0.004089332728957136,3,1,1,0,0,0,0,0,0
2683,4715,access_vlan:SW2:eth1:20+trunk_remove:SW1:eth3:10+trunk_remove:SW1:eth3:20+trunk_remove:SW2:eth3:20,30123,30128,0.05,8.75,5,True,False,True,False,True,recovery_success,0.0031973331235349177,5,4,0,0,0,0,0,0,0
2684,4716,access_vlan:SW2:eth1:20+access_vlan:SW2:eth2:10+trunk_remove:SW2:eth3:20,30128,30132,0.05,8.549999999999999,4,True,False,True,False,True,recovery_success,0.008412571798544377,4,3,0,0,1,1,1,0,0
2685,4717,access_vlan:SW1:eth1:20+access_vlan:SW2:eth1:20+access_vlan:SW2:eth2:10+trunk_remove:SW2:eth3:10+trunk_remove:SW2:eth3:20,30132,30136,0.05,9.049999999999999,4,True,False,True,False,True,recovery_success,0.006460977368988097,4,3,0,0,0,0,0,0,0
2686,4718,access_vlan:SW2:eth1:20+access_vlan:SW2:eth2:10+trunk_remove:SW1:eth3:10+trunk_remove:SW1:eth3:20+trunk_remove:SW2:eth3:10+trunk_remove:SW2:eth3:20,30136,30146,0.05,5.8999999999999995,10,True,False,True,False,True,recovery_success,0.007277233991771936,10,8,1,0,3,3,2,0,0
2687,4719,access_vlan:SW1:eth1:20+access_vlan:SW1:eth2:10+access_vlan:SW2:eth1:20+trunk_remove:SW1:eth3:10+trunk_remove:SW1:eth3:20+trunk_remove:SW2:eth3:10+trunk_remove:SW2:eth3:20,30146,30152,0.05,8.45,6,True,False,True,False,True,recovery_success,0.005775105635014673,6,5,0,0,0,0,0,0,0
2688,4720,access_vlan:SW1:eth1:20+access_vlan:SW2:eth1:20+trunk_remove:SW1:eth3:10+trunk_remove:SW1:eth3:20+trunk_remove:SW2:eth3:10+trunk_remove:SW2:eth3:20,30152,30159,0.05,8.149999999999999,7,True,False,True,False,True,recovery_success,0.004206591152719089,7,6,0,0,0,0,0,0,0
2689,4721,access_vlan:SW2:eth1:20+access_vlan:SW2:eth2:10+trunk_remove:SW1:eth3:20+trunk_remove:SW2:eth3:20,30159,30164,0.05,8.25,5,True,False,True,False,True,recovery_success,0.004479898791760206,5,4,0,0,1,1,1,0,0
2690,4722,access_vlan:SW1:eth1:20+access_vlan:SW2:eth2:10+trunk_remove:SW1:eth3:20+trunk_remove:SW2:eth3:20,30164,30169,0.05,8.75,5,True,False,True,False,True,recovery_success,0.005309129320085049,5,4,0,0,0,0,0,0,0
2691,4723,access_vlan:SW1:eth1:20+access_vlan:SW2:eth1:20+access_vlan:SW2:eth2:10+trunk_remove:SW1:eth3:10+trunk_remove:SW1:eth3:20+trunk_remove:SW2:eth3:10,30169,30174,0.05,8.75,5,True,False,True,False,True,recovery_success,0.004709569644182921,5,4,0,0,0,0,0,0,0
2692,4724,access_vlan:SW1:eth1:20+access_vlan:SW1:eth2:10+access_vlan:SW2:eth1:20+access_vlan:SW2:eth2:10+trunk_remove:SW1:eth3:10,30174,30177,0.05,9.5,3,True,False,True,False,True,recovery_success,0.003918533679097891,3,1,1,0,0,0,0,0,0
2693,4725,access_vlan:SW1:eth1:20+access_vlan:SW1:eth2:10+access_vlan:SW2:eth1:20+trunk_remove:SW1:eth3:10+trunk_remove:SW1:eth3:20+trunk_remove:SW2:eth3:10+trunk_remove:SW2:eth3:20,30177,30183,0.05,8.45,6,True,False,True,False,True,recovery_success,0.00464379492526253,6,5,0,0,0,0,0,0,0
2694,4726,trunk_remove:SW2:eth3:10,30183,30185,0.05,9.649999999999999,2,True,False,True,False,True,recovery_success,0.0024909096537157893,2,1,0,0,0,0,0,0,0
2695,4727,access_vlan:SW1:eth1:20+access_vlan:SW2:eth1:20+trunk_remove:SW1:eth3:20+trunk_remove:SW2:eth3:20,30185,30190,0.05,8.75,5,True,False,True,False,True,recovery_success,0.003636472439393401,5,4,0,0,0,0,0,0,0
2696,4728,access_vlan:SW1:eth1:20+access_vlan:SW2:eth1:20+access_vlan:SW2:eth2:10+trunk_remove:SW1:eth3:20+trunk_remove:SW2:eth3:10,30190,30198,0.05,6.85,8,True,False,True,False,True,recovery_success,0.004364511638414115,8,6,0,0,2,2,2,1,0
2697,4729,access_vlan:SW2:eth2:10+trunk_remove:SW1:eth3:10+trunk_remove:SW1:eth3:20,30198,30202,0.05,9.049999999999999,4,True,False,True,False,True,recovery_success,0.003280153963714838,4,3,0,0,0,0,0,0,0
2698,4730,access_vlan:SW2:eth1:20+access_vlan:SW2:eth2:10+trunk_remove:SW1:eth3:10+trunk_remove:SW2:eth3:10,30202,30210,0.05,7.0,8,True,False,True,False,True,recovery_success,0.004257351334672421,8,6,1,0,2,2,2,0,0
2699,4731,access_vlan:SW1:eth2:10+access_vlan:SW2:eth1:20+access_vlan:SW2:eth2:10+trunk_remove:SW1:eth3:10,30210,30215,0.05,8.75,5,True,False,True,False,True,recovery_success,0.006210784986615181,5,4,0,0,0,0,0,0,0
2700,4732,access_vlan:SW1:eth2:10+access_vlan:SW2:eth2:10+trunk_remove:SW1:eth3:10+trunk_remove:SW1:eth3:20+trunk_remove:SW2:eth3:20,30215,30221,0.05,8.45,6,True,False,True,False,True,recovery_success,0.005245060155478616,6,5,0,0,0,0,0,0,0
2701,4733,trunk_remove:SW1:eth3:20+trunk_remove:SW2:eth3:10,30221,30226,0.05,8.25,5,True,False,True,False,True,recovery_success,0.00565735436975956,5,4,0,0,1,1,1,0,0
2702,4734,access_vlan:SW1:eth1:20+access_vlan:SW1:eth2:10+trunk_remove:SW1:eth3:10+trunk_remove:SW1:eth3:20+trunk_remove:SW2:eth3:10+trunk_remove:SW2:eth3:20,30226,30233,0.05,7.6499999999999995,7,True,False,True,False,True,recovery_success,0.0058413233741053516,7,6,0,0,1,1,1,0,0
2703,4735,access_vlan:SW2:eth1:20+trunk_remove:SW1:eth3:10+trunk_remove:SW1:eth3:20+trunk_remove:SW2:eth3:10,30233,30240,0.05,7.6499999999999995,7,True,False,True,False,True,recovery_success,0.003916355382118907,7,6,0,0,1,1,1,1,0
2704,4736,access_vlan:SW1:eth1:20+trunk_remove:SW1:eth3:10+trunk_remove:SW2:eth3:10,30240,30244,0.05,9.049999999999999,4,True,False,True,False,True,recovery_success,0.004213377251289785,4,3,0,0,0,0,0,0,0
2705,4737,access_vlan:SW1:eth1:20+access_vlan:SW2:eth1:20+access_vlan:SW2:eth2:10+trunk_remove:SW1:eth3:20+trunk_remove:SW2:eth3:20,30244,30250,0.05,8.45,6,True,False,True,False,True,recovery_success,0.004585830805202325,6,5,0,0,0,0,0,0,0
2706,4738,access_vlan:SW1:eth1:20+access_vlan:SW1:eth2:10+access_vlan:SW2:eth2:10+trunk_remove:SW1:eth3:10+trunk_remove:SW1:eth3:20+trunk_remove:SW2:eth3:20,30250,30255,0.05,8.75,5,True,False,True,False,True,recovery_success,0.004017053032293915,5,4,0,0,0,0,0,0,0
2707,4739,access_vlan:SW1:eth1:20+access_vlan:SW2:eth2:10+trunk_remove:SW1:eth3:20+trunk_remove:SW2:eth3:10+trunk_remove:SW2:eth3:20,30255,30261,0.05,8.45,6,True,False,True,False,True,recovery_success,0.005863388107779126,6,5,0,0,0,0,0,0,0
2708,4740,access_vlan:SW1:eth1:20+access_vlan:SW1:eth2:10+trunk_remove:SW2:eth3:20,30261,30265,0.05,8.549999999999999,4,True,False,True,False,True,recovery_success,0.004764478886500001,4,3,0,0,1,1,1,0,0
2709,4741,access_vlan:SW1:eth1:20+access_vlan:SW2:eth1:20+trunk_remove:SW1:eth3:20,30265,30270,0.05,8.899999999999999,5,True,False,True,False,True,recovery_success,0.005096038617193699,5,3,1,0,0,0,0,0,0
2710,4742,access_vlan:SW2:eth1:20+trunk_remove:SW2:eth3:20,30270,30273,0.05,9.35,3,True,False,True,False,True,recovery_success,0.005083786944548289,3,2,0,0,0,0,0,0,0
2711,4743,access_vlan:SW2:eth2:10+trunk_remove:SW1:eth3:10+trunk_remove:SW1:eth3:20+trunk_remove:SW2:eth3:10+trunk_remove:SW2:eth3:20,30273,30279,0.05,8.45,6,True,False,True,False,True,recovery_success,0.006081680612017711,6,5,0,0,0,0,0,0,0
2712,4744,access_vlan:SW2:eth1:20+access_vlan:SW2:eth2:10,30279,30282,0.05,8.85,3,True,False,True,False,True,recovery_success,0.007301035337150097,3,2,0,0,1,1,1,0,0
2713,4745,access_vlan:SW1:eth2:10+access_vlan:SW2:eth2:10+trunk_remove:SW1:eth3:10,30282,30286,0.05,9.049999999999999,4,True,False,True,False,True,recovery_success,0.005724140559323132,4,3,0,0,0,0,0,0,0
2714,4746,access_vlan:SW2:eth1:20+access_vlan:SW2:eth2:10+trunk_remove:SW2:eth3:10+trunk_remove:SW2:eth3:20,30286,30292,0.05,8.1,6,True,False,True,False,True,recovery_success,0.004441752447746694,6,4,1,0,1,1,1,0,0
2715,4747,access_vlan:SW1:eth2:10+access_vlan:SW2:eth2:10+trunk_remove:SW1:eth3:10+trunk_remove:SW1:eth3:20+trunk_remove:SW2:eth3:10+trunk_remove:SW2:eth3:20,30292,30299,0.05,8.149999999999999,7,True,False,True,False,True,recovery_success,0.004543335875496268,7,6,0,0,0,0,0,0,0
2716,4748,access_vlan:SW1:eth1:20+access_vlan:SW1:eth2:10+access_vlan:SW2:eth1:20+trunk_remove:SW1:eth3:20+trunk_remove:SW2:eth3:10+trunk_remove:SW2:eth3:20,30299,30304,0.05,8.75,5,True,False,True,False,True,recovery_success,0.003632675390690565,5,4,0,0,0,0,0,0,0
2717,4749,access_vlan:SW2:eth1:20+access_vlan:SW2:eth2:10+trunk_remove:SW1:eth3:10+trunk_remove:SW2:eth3:20,30304,30309,0.05,8.25,5,True,False,True,False,True,recovery_success,0.004749064985662699,5,4,0,0,1,1,1,0,0
2718,4750,access_vlan:SW1:eth1:20+trunk_remove:SW1:eth3:10+trunk_remove:SW1:eth3:20+trunk_remove:SW2:eth3:20,30309,30314,0.05,8.75,5,True,False,True,False,True,recovery_success,0.0035558690316975115,5,4,0,0,0,0,0,0,0
2719,4751,access_vlan:SW2:eth1:20+trunk_remove:SW1:eth3:10+trunk_remove:SW1:eth3:20+trunk_remove:SW2:eth3:20,30314,30319,0.05,8.75,5,True,False,True,False,True,recovery_success,0.003485134383663535,5,4,0,0,0,0,0,0,0
2720,4752,access_vlan:SW1:eth1:20+trunk_remove:SW1:eth3:10+trunk_remove:SW2:eth3:20,30319,30323,0.05,9.049999999999999,4,True,False,True,False,True,recovery_success,0.004090801870916039,4,3,0,0,0,0,0,0,0
2721,4753,access_vlan:SW1:eth2:10+access_vlan:SW2:eth1:20+trunk_remove:SW1:eth3:10+trunk_remove:SW2:eth3:10+trunk_remove:SW2:eth3:20,30323,30329,0.05,8.45,6,True,False,True,False,True,recovery_success,0.003399757629570862,6,5,0,0,0,0,0,0,0
2722,4754,access_vlan:SW1:eth1:20+trunk_remove:SW1:eth3:10+trunk_remove:SW1:eth3:20+trunk_remove:SW2:eth3:10,30329,30334,0.05,8.75,5,True,False,True,False,True,recovery_success,0.0031426247209310532,5,4,0,0,0,0,0,0,0
2723,4755,access_vlan:SW1:eth2:10+trunk_remove:SW1:eth3:10+trunk_remove:SW1:eth3:20+trunk_remove:SW2:eth3:10,30334,30339,0.05,8.75,5,True,False,True,False,True,recovery_success,0.0028688715770840644,5,4,0,0,0,0,0,0,0
2724,4756,access_vlan:SW1:eth1:20+access_vlan:SW1:eth2:10+access_vlan:SW2:eth1:20+trunk_remove:SW1:eth3:20+trunk_remove:SW2:eth3:20,30339,30343,0.05,9.049999999999999,4,True,False,True,False,True,recovery_success,0.0037441125605255365,4,3,0,0,0,0,0,0,0
2725,4757,access_vlan:SW1:eth1:20+access_vlan:SW2:eth1:20+access_vlan:SW2:eth2:10+trunk_remove:SW1:eth3:10+trunk_remove:SW2:eth3:10+trunk_remove:SW2:eth3:20,30343,30348,0.05,8.75,5,True,False,True,False,True,recovery_success,0.004961184924468398,5,4,0,0,0,0,0,0,0
2726,4758,access_vlan:SW1:eth2:10+trunk_remove:SW2:eth3:20,30348,30351,0.05,9.35,3,True,False,True,False,True,recovery_success,0.002971143384153644,3,2,0,0,0,0,0,0,0
2727,4759,access_vlan:SW1:eth1:20+access_vlan:SW1:eth2:10+access_vlan:SW2:eth1:20+trunk_remove:SW2:eth3:10,30351,30354,0.05,9.35,3,True,False,True,False,True,recovery_success,0.0034653371355185905,3,2,0,0,0,0,0,0,0
2728,4760,access_vlan:SW2:eth2:10+trunk_remove:SW1:eth3:10,30354,30357,0.05,9.35,3,True,False,True,False,True,recovery_success,0.0035512026709814868,3,2,0,0,0,0,0,0,0
2729,4761,access_vlan:SW1:eth1:20+trunk_remove:SW1:eth3:20+trunk_remove:SW2:eth3:20,30357,30361,0.05,9.049999999999999,4,True,False,True,False,True,recovery_success,0.004244477429892868,4,3,0,0,0,0,0,0,0
2730,4762,access_vlan:SW1:eth1:20+access_vlan:SW1:eth2:10+access_vlan:SW2:eth1:20+trunk_remove:SW1:eth3:20+trunk_remove:SW2:eth3:20,30361,30365,0.05,9.049999999999999,4,True,False,True,False,True,recovery_success,0.0054845320992171764,4,3,0,0,0,0,0,0,0
2731,4763,access_vlan:SW1:eth1:20+access_vlan:SW2:eth1:20+access_vlan:SW2:eth2:10+trunk_remove:SW1:eth3:10+trunk_remove:SW1:eth3:20+trunk_remove:SW2:eth3:10+trunk_remove:SW2:eth3:20,30365,30372,0.05,8.299999999999999,7,True,False,True,False,True,recovery_success,0.003266427366595183,7,5,1,0,0,0,0,0,0
2732,4764,access_vlan:SW2:eth2:10+trunk_remove:SW1:eth3:10+trunk_remove:SW2:eth3:20,30372,30376,0.05,9.049999999999999,4,True,False,True,False,True,recovery_success,0.004022590408567339,4,3,0,0,0,0,0,0,0
2733,4765,access_vlan:SW1:eth1:20+access_vlan:SW2:eth1:20+access_vlan:SW2:eth2:10+trunk_remove:SW2:eth3:10,30376,30380,0.05,9.2,4,True,False,True,False,True,recovery_success,0.008238826063461602,4,2,1,0,0,0,0,0,0
2734,4766,access_vlan:SW1:eth2:10+access_vlan:SW2:eth1:20+trunk_remove:SW1:eth3:20+trunk_remove:SW2:eth3:10+trunk_remove:SW2:eth3:20,30380,30386,0.05,8.45,6,True,False,True,False,True,recovery_success,0.006758288247510791,6,5,0,0,0,0,0,0,0
2735,4767,access_vlan:SW1:eth2:10+access_vlan:SW2:eth1:20+access_vlan:SW2:eth2:10+trunk_remove:SW1:eth3:20+trunk_remove:SW2:eth3:10,30386,30391,0.05,8.899999999999999,5,True,False,True,False,True,recovery_success,0.005644562933593988,5,3,1,0,0,0,0,0,0
2736,4768,access_vlan:SW1:eth1:20+access_vlan:SW1:eth2:10+access_vlan:SW2:eth1:20+access_vlan:SW2:eth2:10+trunk_remove:SW2:eth3:10,30391,30394,0.05,9.5,3,True,False,True,False,True,recovery_success,0.0036808449464539685,3,1,1,0,0,0,0,0,0
2737,4769,access_vlan:SW1:eth2:10+access_vlan:SW2:eth2:10+trunk_remove:SW1:eth3:10+trunk_remove:SW1:eth3:20+trunk_remove:SW2:eth3:10+trunk_remove:SW2:eth3:20,30394,30401,0.05,8.149999999999999,7,True,False,True,False,True,recovery_success,0.005266017297149769,7,6,0,0,0,0,0,0,0
2738,4770,access_vlan:SW1:eth2:10+access_vlan:SW2:eth1:20+trunk_remove:SW1:eth3:10+trunk_remove:SW2:eth3:10+trunk_remove:SW2:eth3:20,30401,30407,0.05,8.45,6,True,False,True,False,True,recovery_success,0.0048859034820149345,6,5,0,0,0,0,0,0,0
2739,4771,access_vlan:SW1:eth1:20+access_vlan:SW2:eth2:10+trunk_remove:SW1:eth3:10+trunk_remove:SW2:eth3:10+trunk_remove:SW2:eth3:20,30407,30415,0.05,6.35,8,True,False,True,False,True,recovery_success,0.004197765025310218,8,7,0,0,3,3,1,1,0
2740,4772,access_vlan:SW1:eth1:20+trunk_remove:SW1:eth3:10,30415,30418,0.05,9.35,3,True,False,True,False,True,recovery_success,0.0052794658113271,3,2,0,0,0,0,0,0,0
2741,4773,trunk_remove:SW2:eth3:20,30418,30420,0.05,9.649999999999999,2,True,False,True,False,True,recovery_success,0.005211076466366649,2,1,0,0,0,0,0,0,0
2742,4774,access_vlan:SW1:eth1:20+access_vlan:SW2:eth1:20+access_vlan:SW2:eth2:10+trunk_remove:SW1:eth3:10,30420,30423,0.05,9.35,3,True,False,True,False,True,recovery_success,0.004917263441408674,3,2,0,0,0,0,0,0,0
2743,4775,access_vlan:SW1:eth1:20+access_vlan:SW2:eth2:10+trunk_remove:SW1:eth3:20+trunk_remove:SW2:eth3:10+trunk_remove:SW2:eth3:20,30423,30429,0.05,8.45,6,True,False,True,False,True,recovery_success,0.004116105497814715,6,5,0,0,0,0,0,0,0
2744,4776,access_vlan:SW1:eth1:20+access_vlan:SW2:eth1:20+access_vlan:SW2:eth2:10+trunk_remove:SW1:eth3:20+trunk_remove:SW2:eth3:10+trunk_remove:SW2:eth3:20,30429,30434,0.05,8.75,5,True,False,True,False,True,recovery_success,0.0038118514697998763,5,4,0,0,0,0,0,0,0
2745,4777,access_vlan:SW1:eth1:20+trunk_remove:SW1:eth3:20+trunk_remove:SW2:eth3:20,30434,30438,0.05,9.049999999999999,4,True,False,True,False,True,recovery_success,0.0034773556399159133,4,3,0,0,0,0,0,0,0
2746,4778,access_vlan:SW1:eth2:10+access_vlan:SW2:eth1:20+trunk_remove:SW1:eth3:10+trunk_remove:SW1:eth3:20+trunk_remove:SW2:eth3:10,30438,30444,0.05,8.45,6,True,False,True,False,True,recovery_success,0.0029289558297023177,6,5,0,0,0,0,0,0,0
2747,4779,access_vlan:SW2:eth2:10+trunk_remove:SW1:eth3:20+trunk_remove:SW2:eth3:20,30444,30448,0.05,9.049999999999999,4,True,False,True,False,True,recovery_success,0.0029271310195326805,4,3,0,0,0,0,0,0,0
2748,4780,access_vlan:SW1:eth2:10+trunk_remove:SW1:eth3:10+trunk_remove:SW2:eth3:10+trunk_remove:SW2:eth3:20,30448,30450,0.05,-10.350000000000001,2,True,False,True,False,False,incorrect_declare_done,0.003348791622556746,2,1,0,0,0,0,0,0,3
2749,4781,access_vlan:SW1:eth2:10+access_vlan:SW2:eth1:20+access_vlan:SW2:eth2:10+trunk_remove:SW1:eth3:10+trunk_remove:SW1:eth3:20+trunk_remove:SW2:eth3:20,30450,30455,0.05,8.75,5,True,False,True,False,True,recovery_success,0.0031429820228368044,5,4,0,0,0,0,0,0,0
2750,4782,trunk_remove:SW1:eth3:20+trunk_remove:SW2:eth3:10,30455,30458,0.05,9.35,3,True,False,True,False,True,recovery_success,0.00562049332074821,3,2,0,0,0,0,0,0,0
2751,4783,access_vlan:SW1:eth1:20+access_vlan:SW1:eth2:10+access_vlan:SW2:eth2:10+trunk_remove:SW1:eth3:10+trunk_remove:SW1:eth3:20+trunk_remove:SW2:eth3:20,30458,30463,0.05,8.75,5,True,False,True,False,True,recovery_success,0.003167482512071729,5,4,0,0,0,0,0,0,0
2752,4784,access_vlan:SW1:eth1:20+access_vlan:SW1:eth2:10+access_vlan:SW2:eth1:20+access_vlan:SW2:eth2:10+trunk_remove:SW1:eth3:10+trunk_remove:SW1:eth3:20+trunk_remove:SW2:eth3:10+trunk_remove:SW2:eth3:20,30463,30468,0.05,8.75,5,True,False,True,False,True,recovery_success,0.04122245730832219,5,4,0,0,0,0,0,0,0
2753,4785,access_vlan:SW1:eth1:20+access_vlan:SW2:eth1:20+access_vlan:SW2:eth2:10+trunk_remove:SW1:eth3:10+trunk_remove:SW2:eth3:20,30468,30470,0.05,-10.350000000000001,2,True,False,True,False,False,incorrect_declare_done,0.0028374686371535063,2,1,0,0,0,0,0,0,2
2754,4786,access_vlan:SW1:eth2:10+trunk_remove:SW1:eth3:10+trunk_remove:SW1:eth3:20,30470,30474,0.05,9.049999999999999,4,True,False,True,False,True,recovery_success,0.004274022416211665,4,3,0,0,0,0,0,0,0
2755,4787,access_vlan:SW1:eth1:20+trunk_remove:SW2:eth3:10+trunk_remove:SW2:eth3:20,30474,30478,0.05,9.049999999999999,4,True,False,True,False,True,recovery_success,0.0036948274355381727,4,3,0,0,0,0,0,0,0
2756,4788,access_vlan:SW2:eth2:10+trunk_remove:SW2:eth3:10,30478,30481,0.05,9.35,3,True,False,True,False,True,recovery_success,0.0042572047871847945,3,2,0,0,0,0,0,0,0
2757,4789,access_vlan:SW1:eth2:10+access_vlan:SW2:eth2:10+trunk_remove:SW1:eth3:10+trunk_remove:SW1:eth3:20+trunk_remove:SW2:eth3:20,30481,30487,0.05,8.45,6,True,False,True,False,True,recovery_success,0.003266862981642286,6,5,0,0,0,0,0,0,0
2758,4790,access_vlan:SW1:eth1:20+access_vlan:SW2:eth2:10+trunk_remove:SW1:eth3:20,30487,30491,0.05,9.049999999999999,4,True,False,True,False,True,recovery_success,0.0035340929753147066,4,3,0,0,0,0,0,0,0
2759,4791,access_vlan:SW2:eth2:10,30491,30493,0.05,9.649999999999999,2,True,False,True,False,True,recovery_success,0.004711170913651586,2,1,0,0,0,0,0,0,0
2760,4792,access_vlan:SW1:eth1:20+access_vlan:SW1:eth2:10+trunk_remove:SW1:eth3:20+trunk_remove:SW2:eth3:20,30493,30499,0.05,8.1,6,True,False,True,False,True,recovery_success,0.0033373942133039236,6,4,1,0,1,1,1,0,0
2761,4793,access_vlan:SW1:eth1:20+access_vlan:SW1:eth2:10+trunk_remove:SW1:eth3:20+trunk_remove:SW2:eth3:10+trunk_remove:SW2:eth3:20,30499,30505,0.05,7.949999999999999,6,True,False,True,False,True,recovery_success,0.006419499327118198,6,5,0,0,1,1,1,0,0
2762,4794,access_vlan:SW1:eth1:20+trunk_remove:SW1:eth3:10+trunk_remove:SW1:eth3:20+trunk_remove:SW2:eth3:20,30505,30510,0.05,8.75,5,True,False,True,False,True,recovery_success,0.007853109575808048,5,4,0,0,0,0,0,0,0
2763,4795,access_vlan:SW1:eth1:20+access_vlan:SW1:eth2:10+access_vlan:SW2:eth1:20+trunk_remove:SW1:eth3:20+trunk_remove:SW2:eth3:20,30510,30514,0.05,9.049999999999999,4,True,False,True,False,True,recovery_success,0.006292886100709438,4,3,0,0,0,0,0,0,0
2764,4796,access_vlan:SW1:eth1:20+access_vlan:SW2:eth1:20+trunk_remove:SW2:eth3:10,30514,30518,0.05,8.549999999999999,4,True,False,True,False,True,recovery_success,0.005171286058612168,4,3,0,0,1,1,1,0,0
2765,4797,access_vlan:SW1:eth1:20+trunk_remove:SW2:eth3:10,30518,30521,0.05,9.35,3,True,False,True,False,True,recovery_success,0.005747507171084483,3,2,0,0,0,0,0,0,0
2766,4798,access_vlan:SW1:eth2:10+access_vlan:SW2:eth2:10+trunk_remove:SW1:eth3:20,30521,30525,0.05,8.549999999999999,4,True,False,True,False,True,recovery_success,0.005482866137754172,4,3,0,0,1,1,1,0,0
2767,4799,access_vlan:SW1:eth1:20+trunk_remove:SW1:eth3:20,30525,30528,0.05,9.35,3,True,False,True,False,True,recovery_success,0.00500860499838988,3,2,0,0,0,0,0,0,0
2768,4800,access_vlan:SW1:eth1:20+trunk_remove:SW1:eth3:10+trunk_remove:SW1:eth3:20+trunk_remove:SW2:eth3:10+trunk_remove:SW2:eth3:20,30528,30534,0.05,8.45,6,True,False,True,False,True,recovery_success,0.0037483894266188145,6,5,0,0,0,0,0,0,0
2769,4801,access_vlan:SW1:eth1:20+access_vlan:SW1:eth2:10+access_vlan:SW2:eth1:20+trunk_remove:SW1:eth3:10+trunk_remove:SW2:eth3:10,30534,30535,0.05,-10.05,1,True,False,True,False,False,incorrect_declare_done,0.0033838797826319933,1,0,0,0,0,0,0,0,3
2770,4802,access_vlan:SW1:eth1:20+access_vlan:SW1:eth2:10+access_vlan:SW2:eth1:20+access_vlan:SW2:eth2:10+trunk_remove:SW1:eth3:20+trunk_remove:SW2:eth3:10,30535,30538,0.05,9.35,3,True,False,True,False,True,recovery_success,0.0045186424783120556,3,2,0,0,0,0,0,0,0
2771,4803,access_vlan:SW1:eth1:20+access_vlan:SW2:eth1:20+trunk_remove:SW1:eth3:10,30538,30543,0.05,8.399999999999999,5,True,False,True,False,True,recovery_success,0.04082420188933611,5,3,1,0,1,1,1,0,0
2772,4804,access_vlan:SW1:eth2:10+access_vlan:SW2:eth1:20,30543,30546,0.05,8.85,3,True,False,True,False,True,recovery_success,0.0035293484882762036,3,2,0,0,1,1,1,0,0
2773,4805,access_vlan:SW1:eth1:20+access_vlan:SW1:eth2:10+access_vlan:SW2:eth1:20+trunk_remove:SW1:eth3:20+trunk_remove:SW2:eth3:20,30546,30550,0.05,9.049999999999999,4,True,False,True,False,True,recovery_success,0.00556267227511853,4,3,0,0,0,0,0,0,0
2774,4806,access_vlan:SW1:eth2:10+access_vlan:SW2:eth1:20+trunk_remove:SW1:eth3:10+trunk_remove:SW2:eth3:10+trunk_remove:SW2:eth3:20,30550,30558,0.05,7.35,8,True,False,True,False,True,recovery_success,0.008368217531824484,8,7,0,0,1,1,1,0,0
2775,4807,access_vlan:SW1:eth1:20+access_vlan:SW1:eth2:10+trunk_remove:SW1:eth3:10,30558,30563,0.05,8.399999999999999,5,True,False,True,False,True,recovery_success,0.005967701319605112,5,3,1,0,1,1,1,0,0
2776,4808,trunk_remove:SW1:eth3:10+trunk_remove:SW2:eth3:10,30563,30566,0.05,9.35,3,True,False,True,False,True,recovery_success,0.0031567709520459175,3,2,0,0,0,0,0,0,0
2777,4809,access_vlan:SW2:eth1:20+access_vlan:SW2:eth2:10+trunk_remove:SW1:eth3:20,30566,30570,0.05,8.549999999999999,4,True,False,True,False,True,recovery_success,0.005922023206949234,4,3,0,0,1,1,1,0,0
2778,4810,access_vlan:SW1:eth1:20+access_vlan:SW2:eth1:20+trunk_remove:SW1:eth3:20+trunk_remove:SW2:eth3:10+trunk_remove:SW2:eth3:20,30570,30576,0.05,8.45,6,True,False,True,False,True,recovery_success,0.00479109026491642,6,5,0,0,0,0,0,0,0
2779,4811,access_vlan:SW1:eth2:10+access_vlan:SW2:eth1:20,30576,30579,0.05,8.85,3,True,False,True,False,True,recovery_success,0.004155581817030907,3,2,0,0,1,1,1,0,0
2780,4812,access_vlan:SW1:eth1:20+access_vlan:SW1:eth2:10+trunk_remove:SW1:eth3:10+trunk_remove:SW1:eth3:20+trunk_remove:SW2:eth3:20,30579,30585,0.05,7.949999999999999,6,True,False,True,False,True,recovery_success,0.004374555273291965,6,5,0,0,1,1,1,0,0
2781,4813,trunk_remove:SW1:eth3:10+trunk_remove:SW1:eth3:20+trunk_remove:SW2:eth3:10,30585,30589,0.05,9.049999999999999,4,True,False,True,False,True,recovery_success,0.005919826682657003,4,3,0,0,0,0,0,0,0
2782,4814,access_vlan:SW1:eth2:10+trunk_remove:SW1:eth3:10+trunk_remove:SW1:eth3:20+trunk_remove:SW2:eth3:10,30589,30594,0.05,8.75,5,True,False,True,False,True,recovery_success,0.00447286581620574,5,4,0,0,0,0,0,0,0
2783,4815,access_vlan:SW1:eth2:10+trunk_remove:SW1:eth3:10+trunk_remove:SW2:eth3:20,30594,30598,0.05,9.049999999999999,4,True,False,True,False,True,recovery_success,0.04882749984972179,4,3,0,0,0,0,0,0,0
2784,4816,trunk_remove:SW1:eth3:20+trunk_remove:SW2:eth3:20,30598,30601,0.05,9.35,3,True,False,True,False,True,recovery_success,0.0067619639448821545,3,2,0,0,0,0,0,0,0
2785,4817,access_vlan:SW1:eth1:20+access_vlan:SW1:eth2:10+access_vlan:SW2:eth2:10+trunk_remove:SW1:eth3:10+trunk_remove:SW2:eth3:20,30601,30605,0.05,9.049999999999999,4,True,False,True,False,True,recovery_success,0.009563919622451067,4,3,0,0,0,0,0,0,0
2786,4818,access_vlan:SW1:eth1:20+trunk_remove:SW1:eth3:10+trunk_remove:SW2:eth3:20,30605,30609,0.05,9.049999999999999,4,True,False,True,False,True,recovery_success,0.004706639738287777,4,3,0,0,0,0,0,0,0
2787,4819,access_vlan:SW1:eth1:20+access_vlan:SW2:eth1:20+access_vlan:SW2:eth2:10+trunk_remove:SW1:eth3:20+trunk_remove:SW2:eth3:20,30609,30613,0.05,9.049999999999999,4,True,False,True,False,True,recovery_success,0.005326056736521423,4,3,0,0,0,0,0,0,0
2788,4820,trunk_remove:SW1:eth3:20+trunk_remove:SW2:eth3:20,30613,30616,0.05,9.35,3,True,False,True,False,True,recovery_success,0.004323536530137062,3,2,0,0,0,0,0,0,0
2789,4821,access_vlan:SW1:eth1:20+access_vlan:SW1:eth2:10+trunk_remove:SW1:eth3:20,30616,30620,0.05,8.549999999999999,4,True,False,True,False,True,recovery_success,0.00480887689627707,4,3,0,0,1,1,1,0,0
2790,4822,trunk_remove:SW1:eth3:20+trunk_remove:SW2:eth3:20,30620,30623,0.05,9.35,3,True,False,True,False,True,recovery_success,0.003940484952181578,3,2,0,0,0,0,0,0,0
2791,4823,trunk_remove:SW1:eth3:10+trunk_remove:SW2:eth3:20,30623,30626,0.05,9.35,3,True,False,True,False,True,recovery_success,0.004853834553311269,3,2,0,0,0,0,0,0,0
2792,4824,trunk_remove:SW1:eth3:10+trunk_remove:SW1:eth3:20+trunk_remove:SW2:eth3:20,30626,30630,0.05,9.049999999999999,4,True,False,True,False,True,recovery_success,0.005158427404239774,4,3,0,0,0,0,0,0,0
2793,4825,access_vlan:SW1:eth1:20+access_vlan:SW2:eth2:10+trunk_remove:SW1:eth3:10+trunk_remove:SW2:eth3:10,30630,30636,0.05,8.1,6,True,False,True,False,True,recovery_success,0.004261735477484763,6,4,1,0,1,1,1,0,0
2794,4826,access_vlan:SW1:eth1:20+access_vlan:SW1:eth2:10+access_vlan:SW2:eth2:10+trunk_remove:SW1:eth3:10,30636,30639,0.05,9.35,3,True,False,True,False,True,recovery_success,0.0032130686255792775,3,2,0,0,0,0,0,0,0
2795,4827,trunk_remove:SW2:eth3:10+trunk_remove:SW2:eth3:20,30639,30642,0.05,9.35,3,True,False,True,False,True,recovery_success,0.004034554741034905,3,2,0,0,0,0,0,0,0
2796,4828,access_vlan:SW1:eth1:20+access_vlan:SW2:eth2:10,30642,30645,0.05,8.85,3,True,False,True,False,True,recovery_success,0.004857377149164677,3,2,0,0,1,1,1,0,0
2797,4829,access_vlan:SW1:eth1:20+access_vlan:SW1:eth2:10+access_vlan:SW2:eth2:10,30645,30647,0.05,9.649999999999999,2,True,False,True,False,True,recovery_success,0.020420845015905797,2,1,0,0,0,0,0,0,0
2798,4830,access_vlan:SW1:eth1:20+access_vlan:SW1:eth2:10+access_vlan:SW2:eth1:20+trunk_remove:SW2:eth3:10,30647,30651,0.05,9.2,4,True,False,True,False,True,recovery_success,0.002772288804408163,4,2,1,0,0,0,0,0,0
2799,4831,access_vlan:SW1:eth1:20+access_vlan:SW1:eth2:10+access_vlan:SW2:eth2:10+trunk_remove:SW1:eth3:10+trunk_remove:SW2:eth3:20,30651,30655,0.05,9.049999999999999,4,True,False,True,False,True,recovery_success,0.007029070344287902,4,3,0,0,0,0,0,0,0
2800,4832,access_vlan:SW1:eth1:20+access_vlan:SW1:eth2:10+access_vlan:SW2:eth1:20+trunk_remove:SW2:eth3:10,30655,30658,0.05,9.35,3,True,False,True,False,True,recovery_success,0.00243686248237888,3,2,0,0,0,0,0,0,0
2801,4833,access_vlan:SW2:eth2:10+trunk_remove:SW1:eth3:20,30658,30661,0.05,9.35,3,True,False,True,False,True,recovery_success,0.0039024894746641317,3,2,0,0,0,0,0,0,0
2802,4834,access_vlan:SW1:eth1:20+access_vlan:SW2:eth2:10+trunk_remove:SW1:eth3:10+trunk_remove:SW1:eth3:20+trunk_remove:SW2:eth3:10,30661,30662,0.05,-10.05,1,True,False,True,False,False,incorrect_declare_done,0.0033916288521140814,1,0,0,0,0,0,0,0,4
2803,4835,access_vlan:SW1:eth2:10+access_vlan:SW2:eth1:20+access_vlan:SW2:eth2:10+trunk_remove:SW1:eth3:10,30662,30665,0.05,9.35,3,True,False,True,False,True,recovery_success,0.0042370399460196495,3,2,0,0,0,0,0,0,0
2804,4836,access_vlan:SW1:eth2:10+access_vlan:SW2:eth1:20+access_vlan:SW2:eth2:10+trunk_remove:SW2:eth3:10,30665,30668,0.05,9.35,3,True,False,True,False,True,recovery_success,0.0024310510295132795,3,2,0,0,0,0,0,0,0
2805,4837,access_vlan:SW1:eth1:20+access_vlan:SW1:eth2:10+trunk_remove:SW1:eth3:10+trunk_remove:SW2:eth3:20,30668,30673,0.05,7.749999999999999,5,True,False,True,False,True,recovery_success,0.002420691167935729,5,4,0,0,2,2,2,0,0
2806,4838,access_vlan:SW2:eth1:20+trunk_remove:SW1:eth3:10+trunk_remove:SW2:eth3:10+trunk_remove:SW2:eth3:20,30673,30678,0.05,8.75,5,True,False,True,False,True,recovery_success,0.0031669620890170335,5,4,0,0,0,0,0,0,0
2807,4839,access_vlan:SW1:eth1:20+access_vlan:SW2:eth2:10+trunk_remove:SW1:eth3:20+trunk_remove:SW2:eth3:20,30678,30683,0.05,8.25,5,True,False,True,False,True,recovery_success,0.003239051625132561,5,4,0,0,1,1,1,0,0
2808,4840,access_vlan:SW1:eth1:20,30683,30685,0.05,9.649999999999999,2,True,False,True,False,True,recovery_success,0.0035499260993674397,2,1,0,0,0,0,0,0,0
2809,4841,access_vlan:SW1:eth1:20+access_vlan:SW2:eth1:20+access_vlan:SW2:eth2:10+trunk_remove:SW2:eth3:10,30685,30690,0.05,7.25,5,True,False,True,False,True,recovery_success,0.003049885993823409,5,4,0,0,3,3,1,1,0
2810,4842,access_vlan:SW1:eth1:20+access_vlan:SW1:eth2:10+access_vlan:SW2:eth1:20+access_vlan:SW2:eth2:10+trunk_remove:SW1:eth3:10+trunk_remove:SW1:eth3:20+trunk_remove:SW2:eth3:10+trunk_remove:SW2:eth3:20,30690,30697,0.05,8.45,7,True,False,True,False,True,recovery_success,0.0026987727032974362,7,4,2,0,0,0,0,0,0
2811,4843,access_vlan:SW2:eth1:20+access_vlan:SW2:eth2:10+trunk_remove:SW1:eth3:20+trunk_remove:SW2:eth3:10,30697,30704,0.05,6.6499999999999995,7,True,False,True,False,True,recovery_success,0.002534032433426806,7,5,0,0,3,2,2,0,0
2812,4844,access_vlan:SW2:eth1:20+access_vlan:SW2:eth2:10+trunk_remove:SW2:eth3:10+trunk_remove:SW2:eth3:20,30704,30710,0.05,8.1,6,True,False,True,False,True,recovery_success,0.0320859226048924,6,4,1,0,1,1,1,0,0
2813,4845,trunk_remove:SW2:eth3:10,30710,30712,0.05,9.649999999999999,2,True,False,True,False,True,recovery_success,0.0076523402240127325,2,1,0,0,0,0,0,0,0
2814,4846,access_vlan:SW1:eth1:20+trunk_remove:SW1:eth3:10+trunk_remove:SW2:eth3:10+trunk_remove:SW2:eth3:20,30712,30717,0.05,8.75,5,True,False,True,False,True,recovery_success,0.003990067727863788,5,4,0,0,0,0,0,0,0
2815,4847,access_vlan:SW1:eth2:10+access_vlan:SW2:eth1:20+trunk_remove:SW1:eth3:10+trunk_remove:SW1:eth3:20+trunk_remove:SW2:eth3:10,30717,30723,0.05,7.949999999999999,6,True,False,True,False,True,recovery_success,0.0035908601518409946,6,5,0,0,1,1,1,0,0
2816,4848,access_vlan:SW2:eth1:20+access_vlan:SW2:eth2:10+trunk_remove:SW1:eth3:20+trunk_remove:SW2:eth3:10+trunk_remove:SW2:eth3:20,30723,30729,0.05,7.949999999999999,6,True,False,True,False,True,recovery_success,0.005202967285489042,6,5,0,0,1,1,1,0,0
2817,4849,access_vlan:SW1:eth1:20+access_vlan:SW1:eth2:10+access_vlan:SW2:eth2:10+trunk_remove:SW1:eth3:10+trunk_remove:SW2:eth3:20,30729,30733,0.05,9.049999999999999,4,True,False,True,False,True,recovery_success,0.003695152816362679,4,3,0,0,0,0,0,0,0
2818,4850,access_vlan:SW1:eth2:10+access_vlan:SW2:eth2:10+trunk_remove:SW2:eth3:10+trunk_remove:SW2:eth3:20,30733,30738,0.05,8.75,5,True,False,True,False,True,recovery_success,0.0031026377808302643,5,4,0,0,0,0,0,0,0
2819,4851,access_vlan:SW2:eth1:20+access_vlan:SW2:eth2:10+trunk_remove:SW1:eth3:10+trunk_remove:SW2:eth3:10+trunk_remove:SW2:eth3:20,30738,30744,0.05,7.949999999999999,6,True,False,True,False,True,recovery_success,0.003845433432919284,6,5,0,0,1,1,1,0,0
2820,4852,access_vlan:SW1:eth1:20+access_vlan:SW1:eth2:10+access_vlan:SW2:eth1:20,30744,30747,0.05,9.5,3,True,False,True,False,True,recovery_success,0.0028977854332576194,3,1,1,0,0,0,0,0,0
2821,4853,access_vlan:SW1:eth1:20+access_vlan:SW2:eth1:20+access_vlan:SW2:eth2:10+trunk_remove:SW1:eth3:20,30747,30750,0.05,9.35,3,True,False,True,False,True,recovery_success,0.003613929574688276,3,2,0,0,0,0,0,0,0
2822,4854,access_vlan:SW1:eth1:20+access_vlan:SW1:eth2:10+trunk_remove:SW1:eth3:20+trunk_remove:SW2:eth3:10+trunk_remove:SW2:eth3:20,30750,30756,0.05,7.449999999999999,6,True,False,True,False,True,recovery_success,0.002564409786524872,6,5,0,0,2,2,2,0,0
2823,4855,access_vlan:SW1:eth1:20+trunk_remove:SW1:eth3:10+trunk_remove:SW1:eth3:20,30756,30760,0.05,9.049999999999999,4,True,False,True,False,True,recovery_success,0.004210324492305517,4,3,0,0,0,0,0,0,0
2824,4856,access_vlan:SW2:eth1:20+access_vlan:SW2:eth2:10+trunk_remove:SW1:eth3:10+trunk_remove:SW2:eth3:10,30760,30765,0.05,8.25,5,True,False,True,False,True,recovery_success,0.0035054718609899282,5,4,0,0,1,1,1,0,0
2825,4857,access_vlan:SW1:eth1:20+access_vlan:SW2:eth1:20+access_vlan:SW2:eth2:10+trunk_remove:SW2:eth3:10+trunk_remove:SW2:eth3:20,30765,30769,0.05,9.049999999999999,4,True,False,True,False,True,recovery_success,0.003233191615436226,4,3,0,0,0,0,0,0,0
2826,4858,access_vlan:SW2:eth1:20+access_vlan:SW2:eth2:10+trunk_remove:SW1:eth3:10+trunk_remove:SW1:eth3:20+trunk_remove:SW2:eth3:20,30769,30775,0.05,7.949999999999999,6,True,False,True,False,True,recovery_success,0.0028018986728663244,6,5,0,0,1,1,1,0,0
2827,4859,access_vlan:SW1:eth1:20+access_vlan:SW1:eth2:10+access_vlan:SW2:eth1:20+access_vlan:SW2:eth2:10+trunk_remove:SW1:eth3:10,30775,30777,0.05,9.649999999999999,2,True,False,True,False,True,recovery_success,0.002483770833350718,2,1,0,0,0,0,0,0,0
2828,4860,access_vlan:SW1:eth2:10+access_vlan:SW2:eth2:10+trunk_remove:SW1:eth3:10+trunk_remove:SW2:eth3:10,30777,30782,0.05,8.75,5,True,False,True,False,True,recovery_success,0.03817341313697398,5,4,0,0,0,0,0,0,0
2829,4861,access_vlan:SW1:eth1:20+access_vlan:SW1:eth2:10+access_vlan:SW2:eth1:20+trunk_remove:SW1:eth3:10+trunk_remove:SW2:eth3:10,30782,30786,0.05,9.049999999999999,4,True,False,True,False,True,recovery_success,0.004842487454880029,4,3,0,0,0,0,0,0,0
2830,4862,access_vlan:SW1:eth1:20+access_vlan:SW2:eth1:20+trunk_remove:SW1:eth3:20+trunk_remove:SW2:eth3:10,30786,30792,0.05,8.1,6,True,False,True,False,True,recovery_success,0.005461387452669442,6,4,1,0,1,1,1,0,0
2831,4863,access_vlan:SW2:eth1:20+access_vlan:SW2:eth2:10+trunk_remove:SW2:eth3:10,30792,30796,0.05,8.549999999999999,4,True,False,True,False,True,recovery_success,0.004403701866976917,4,3,0,0,1,1,1,0,0
2832,4864,access_vlan:SW1:eth1:20+access_vlan:SW2:eth1:20+access_vlan:SW2:eth2:10+trunk_remove:SW1:eth3:10+trunk_remove:SW2:eth3:20,30796,30800,0.05,9.049999999999999,4,True,False,True,False,True,recovery_success,0.004734159680083394,4,3,0,0,0,0,0,0,0
2833,4865,access_vlan:SW1:eth1:20+access_vlan:SW1:eth2:10+access_vlan:SW2:eth1:20+trunk_remove:SW2:eth3:10+trunk_remove:SW2:eth3:20,30800,30807,0.05,7.799999999999999,7,True,False,True,False,True,recovery_success,0.006007322908512184,7,4,1,0,1,1,1,0,0
2834,4866,trunk_remove:SW1:eth3:20+trunk_remove:SW2:eth3:20,30807,30810,0.05,9.35,3,True,False,True,False,True,recovery_success,0.0039421687833964825,3,2,0,0,0,0,0,0,0
2835,4867,access_vlan:SW1:eth1:20+access_vlan:SW1:eth2:10+access_vlan:SW2:eth2:10+trunk_remove:SW1:eth3:20,30810,30814,0.05,9.2,4,True,False,True,False,True,recovery_success,0.011088652070611715,4,2,1,0,0,0,0,0,0
2836,4868,access_vlan:SW2:eth1:20+access_vlan:SW2:eth2:10+trunk_remove:SW1:eth3:10+trunk_remove:SW1:eth3:20,30814,30822,0.05,7.799999999999999,8,True,False,True,False,True,recovery_success,0.005275777250062674,8,4,3,0,1,1,1,0,0
2837,4869,access_vlan:SW1:eth1:20+access_vlan:SW2:eth2:10+trunk_remove:SW1:eth3:20,30822,30826,0.05,9.049999999999999,4,True,False,True,False,True,recovery_success,0.005461253109388053,4,3,0,0,0,0,0,0,0
2838,4870,access_vlan:SW1:eth1:20+trunk_remove:SW2:eth3:20,30826,30829,0.05,9.35,3,True,False,True,False,True,recovery_success,0.0037270179018378258,3,2,0,0,0,0,0,0,0
2839,4871,access_vlan:SW1:eth1:20+access_vlan:SW2:eth1:20+trunk_remove:SW1:eth3:10+trunk_remove:SW2:eth3:10+trunk_remove:SW2:eth3:20,30829,30835,0.05,7.949999999999999,6,True,False,True,False,True,recovery_success,0.0035185614057506123,6,5,0,0,1,1,1,0,0
2840,4872,access_vlan:SW2:eth1:20+access_vlan:SW2:eth2:10+trunk_remove:SW1:eth3:20,30835,30840,0.05,8.399999999999999,5,True,False,True,False,True,recovery_success,0.0040672873612493275,5,3,1,0,1,1,1,0,0
2841,4873,trunk_remove:SW1:eth3:20+trunk_remove:SW2:eth3:10+trunk_remove:SW2:eth3:20,30840,30844,0.05,9.049999999999999,4,True,False,True,False,True,recovery_success,0.0025142355007119477,4,3,0,0,0,0,0,0,0
2842,4874,access_vlan:SW1:eth1:20+trunk_remove:SW1:eth3:10+trunk_remove:SW1:eth3:20+trunk_remove:SW2:eth3:10+trunk_remove:SW2:eth3:20,30844,30850,0.05,8.45,6,True,False,True,False,True,recovery_success,0.002769291711350282,6,5,0,0,0,0,0,0,0
2843,4875,access_vlan:SW2:eth2:10+trunk_remove:SW1:eth3:10+trunk_remove:SW2:eth3:20,30850,30854,0.05,9.049999999999999,4,True,False,True,False,True,recovery_success,0.0026438667555339634,4,3,0,0,0,0,0,0,0
2844,4876,access_vlan:SW1:eth1:20+access_vlan:SW2:eth1:20+access_vlan:SW2:eth2:10+trunk_remove:SW1:eth3:10+trunk_remove:SW1:eth3:20,30854,30858,0.05,9.049999999999999,4,True,False,True,False,True,recovery_success,0.002713729190872982,4,3,0,0,0,0,0,0,0
2845,4877,access_vlan:SW1:eth1:20+access_vlan:SW1:eth2:10+trunk_remove:SW1:eth3:10+trunk_remove:SW2:eth3:20,30858,30865,0.05,6.6499999999999995,7,True,False,True,False,True,recovery_success,0.004976432604183044,7,6,0,0,3,3,2,0,0
2846,4878,access_vlan:SW1:eth1:20+access_vlan:SW1:eth2:10+access_vlan:SW2:eth1:20+trunk_remove:SW1:eth3:10+trunk_remove:SW2:eth3:20,30865,30871,0.05,8.75,6,True,False,True,False,True,recovery_success,0.0036034188039290407,6,3,2,0,0,0,0,0,0
2847,4879,access_vlan:SW1:eth1:20+access_vlan:SW1:eth2:10+access_vlan:SW2:eth2:10+trunk_remove:SW1:eth3:10+trunk_remove:SW1:eth3:20+trunk_remove:SW2:eth3:20,30871,30877,0.05,8.6,6,True,False,True,False,True,recovery_success,0.004748413455672562,6,4,1,0,0,0,0,0,0
2848,4880,access_vlan:SW2:eth2:10+trunk_remove:SW2:eth3:10+trunk_remove:SW2:eth3:20,30877,30881,0.05,9.049999999999999,4,True,False,True,False,True,recovery_success,0.002973092836327851,4,3,0,0,0,0,0,0,0
2849,4881,access_vlan:SW1:eth1:20+trunk_remove:SW2:eth3:10+trunk_remove:SW2:eth3:20,30881,30885,0.05,9.049999999999999,4,True,False,True,False,True,recovery_success,0.004056201025377959,4,3,0,0,0,0,0,0,0
2850,4882,access_vlan:SW1:eth2:10+access_vlan:SW2:eth1:20+trunk_remove:SW2:eth3:10,30885,30889,0.05,9.049999999999999,4,True,False,True,False,True,recovery_success,0.04464263198315166,4,3,0,0,0,0,0,0,0
2851,4883,access_vlan:SW1:eth1:20+access_vlan:SW1:eth2:10+access_vlan:SW2:eth1:20+trunk_remove:SW1:eth3:10+trunk_remove:SW2:eth3:20,30889,30894,0.05,8.899999999999999,5,True,False,True,False,True,recovery_success,0.008122752932831646,5,3,1,0,0,0,0,0,0
2852,4884,access_vlan:SW1:eth2:10+trunk_remove:SW1:eth3:10,30894,30897,0.05,9.35,3,True,False,True,False,True,recovery_success,0.009740025425950686,3,2,0,0,0,0,0,0,0
2853,4885,access_vlan:SW1:eth1:20+access_vlan:SW1:eth2:10+access_vlan:SW2:eth1:20+access_vlan:SW2:eth2:10+trunk_remove:SW2:eth3:10,30897,30899,0.05,9.649999999999999,2,True,False,True,False,True,recovery_success,0.0031672653276473284,2,1,0,0,0,0,0,0,0
2854,4886,access_vlan:SW2:eth1:20+access_vlan:SW2:eth2:10+trunk_remove:SW1:eth3:20+trunk_remove:SW2:eth3:20,30899,30905,0.05,8.1,6,True,False,True,False,True,recovery_success,0.00445610211075594,6,4,1,0,1,1,1,0,0
2855,4887,access_vlan:SW1:eth2:10+access_vlan:SW2:eth1:20+trunk_remove:SW1:eth3:10+trunk_remove:SW1:eth3:20,30905,30910,0.05,8.75,5,True,False,True,False,True,recovery_success,0.006611529598012566,5,4,0,0,0,0,0,0,0
2856,4888,access_vlan:SW1:eth2:10+access_vlan:SW2:eth1:20+trunk_remove:SW1:eth3:10+trunk_remove:SW2:eth3:10,30910,30915,0.05,8.75,5,True,False,True,False,True,recovery_success,0.004063665797002613,5,4,0,0,0,0,0,0,0
2857,4889,access_vlan:SW1:eth1:20+access_vlan:SW2:eth1:20,30915,30918,0.05,8.85,3,True,False,True,False,True,recovery_success,0.002893577485034863,3,2,0,0,1,1,1,0,0
2858,4890,access_vlan:SW2:eth1:20+trunk_remove:SW1:eth3:10+trunk_remove:SW2:eth3:10+trunk_remove:SW2:eth3:20,30918,30925,0.05,7.6499999999999995,7,True,False,True,False,True,recovery_success,0.003126416721248201,7,5,0,0,1,1,1,0,0
2859,4891,access_vlan:SW1:eth2:10+access_vlan:SW2:eth1:20,30925,30929,0.05,8.7,4,True,False,True,False,True,recovery_success,0.002407277759630233,4,2,1,0,1,1,1,0,0
2860,4892,access_vlan:SW1:eth1:20+access_vlan:SW1:eth2:10+access_vlan:SW2:eth1:20+trunk_remove:SW1:eth3:20+trunk_remove:SW2:eth3:10+trunk_remove:SW2:eth3:20,30929,30936,0.05,6.6499999999999995,7,True,False,True,False,True,recovery_success,0.004281148397629815,7,6,0,0,3,3,1,1,0
2861,4893,access_vlan:SW1:eth2:10+access_vlan:SW2:eth1:20+trunk_remove:SW1:eth3:10+trunk_remove:SW1:eth3:20+trunk_remove:SW2:eth3:10+trunk_remove:SW2:eth3:20,30936,30948,0.05,6.300000000000001,12,True,False,True,False,True,recovery_success,0.0057852359022945166,12,10,1,0,1,1,1,0,0
2862,4894,access_vlan:SW1:eth2:10+access_vlan:SW2:eth1:20+access_vlan:SW2:eth2:10+trunk_remove:SW1:eth3:10,30948,30953,0.05,8.75,5,True,False,True,False,True,recovery_success,0.003730925777927041,5,4,0,0,0,0,0,0,0
2863,4895,access_vlan:SW1:eth1:20+access_vlan:SW2:eth1:20+access_vlan:SW2:eth2:10+trunk_remove:SW1:eth3:10,30953,30956,0.05,9.35,3,True,False,True,False,True,recovery_success,0.005308829403171937,3,2,0,0,0,0,0,0,0
2864,4896,trunk_remove:SW1:eth3:10+trunk_remove:SW2:eth3:10,30956,30959,0.05,9.35,3,True,False,True,False,True,recovery_success,0.00930430379230529,3,2,0,0,0,0,0,0,0
2865,4897,access_vlan:SW1:eth1:20+access_vlan:SW2:eth2:10+trunk_remove:SW2:eth3:10,30959,30963,0.05,9.049999999999999,4,True,False,True,False,True,recovery_success,0.006822766794357449,4,3,0,0,0,0,0,0,0
2866,4898,access_vlan:SW1:eth1:20+access_vlan:SW1:eth2:10+trunk_remove:SW1:eth3:10+trunk_remove:SW2:eth3:20,30963,30968,0.05,8.25,5,True,False,True,False,True,recovery_success,0.004960121493786574,5,4,0,0,1,1,1,0,0
2867,4899,access_vlan:SW2:eth1:20+access_vlan:SW2:eth2:10+trunk_remove:SW2:eth3:10+trunk_remove:SW2:eth3:20,30968,30973,0.05,8.25,5,True,False,True,False,True,recovery_success,0.0038687409833073616,5,4,0,0,1,1,1,0,0
2868,4900,access_vlan:SW1:eth2:10+access_vlan:SW2:eth2:10+trunk_remove:SW1:eth3:20+trunk_remove:SW2:eth3:10,30973,30978,0.05,8.75,5,True,False,True,False,True,recovery_success,0.0043335929047316315,5,4,0,0,0,0,0,0,0
2869,4901,trunk_remove:SW2:eth3:20,30978,30980,0.05,9.649999999999999,2,True,False,True,False,True,recovery_success,0.0036273784935474396,2,1,0,0,0,0,0,0,0
2870,4902,access_vlan:SW1:eth1:20+access_vlan:SW2:eth1:20+access_vlan:SW2:eth2:10+trunk_remove:SW1:eth3:20+trunk_remove:SW2:eth3:10,30980,30986,0.05,8.45,6,True,False,True,False,True,recovery_success,0.0050347549840807915,6,4,0,0,0,0,0,0,0
2871,4903,access_vlan:SW2:eth1:20+access_vlan:SW2:eth2:10+trunk_remove:SW1:eth3:10+trunk_remove:SW2:eth3:20,30986,30992,0.05,8.1,6,True,False,True,False,True,recovery_success,0.0038402100714544454,6,4,1,0,1,1,1,0,0
2872,4904,access_vlan:SW1:eth1:20+trunk_remove:SW1:eth3:10+trunk_remove:SW1:eth3:20,30992,30996,0.05,9.049999999999999,4,True,False,True,False,True,recovery_success,0.0031117124017328024,4,3,0,0,0,0,0,0,0
2873,4905,access_vlan:SW1:eth2:10+access_vlan:SW2:eth2:10+trunk_remove:SW1:eth3:10+trunk_remove:SW1:eth3:20,30996,31001,0.05,8.75,5,True,False,True,False,True,recovery_success,0.006518650054931641,5,4,0,0,0,0,0,0,0
2874,4906,access_vlan:SW1:eth1:20+access_vlan:SW1:eth2:10+trunk_remove:SW1:eth3:10,31001,31005,0.05,8.549999999999999,4,True,False,True,False,True,recovery_success,0.011618930846452713,4,3,0,0,1,1,1,0,0
2875,4907,access_vlan:SW2:eth2:10+trunk_remove:SW1:eth3:10+trunk_remove:SW2:eth3:20,31005,31009,0.05,9.049999999999999,4,True,False,True,False,True,recovery_success,0.008292259182780981,4,3,0,0,0,0,0,0,0
2876,4908,access_vlan:SW1:eth1:20+access_vlan:SW1:eth2:10+access_vlan:SW2:eth2:10+trunk_remove:SW1:eth3:20+trunk_remove:SW2:eth3:10,31009,31013,0.05,9.049999999999999,4,True,False,True,False,True,recovery_success,0.011335621820762753,4,3,0,0,0,0,0,0,0
2877,4909,access_vlan:SW1:eth2:10+access_vlan:SW2:eth1:20+trunk_remove:SW1:eth3:20+trunk_remove:SW2:eth3:10+trunk_remove:SW2:eth3:20,31013,31021,0.05,6.85,8,True,False,True,False,True,recovery_success,0.007320945616811514,8,7,0,0,2,2,1,0,0
2878,4910,access_vlan:SW1:eth1:20+access_vlan:SW1:eth2:10+access_vlan:SW2:eth2:10+trunk_remove:SW1:eth3:10+trunk_remove:SW1:eth3:20+trunk_remove:SW2:eth3:20,31021,31026,0.05,8.75,5,True,False,True,False,True,recovery_success,0.007167310826480389,5,4,0,0,0,0,0,0,0
2879,4911,access_vlan:SW1:eth1:20+access_vlan:SW1:eth2:10+access_vlan:SW2:eth2:10+trunk_remove:SW1:eth3:10+trunk_remove:SW1:eth3:20,31026,31030,0.05,9.049999999999999,4,True,False,True,False,True,recovery_success,0.006545236799865961,4,3,0,0,0,0,0,0,0
2880,4912,access_vlan:SW1:eth1:20+access_vlan:SW1:eth2:10+access_vlan:SW2:eth2:10+trunk_remove:SW1:eth3:10+trunk_remove:SW2:eth3:10,31030,31034,0.05,9.049999999999999,4,True,False,True,False,True,recovery_success,0.006904523121193051,4,3,0,0,0,0,0,0,0
2881,4913,access_vlan:SW1:eth1:20+access_vlan:SW2:eth1:20+access_vlan:SW2:eth2:10+trunk_remove:SW2:eth3:10+trunk_remove:SW2:eth3:20,31034,31039,0.05,8.899999999999999,5,True,False,True,False,True,recovery_success,0.007610378600656986,5,3,1,0,0,0,0,0,0
2882,4914,access_vlan:SW1:eth2:10+trunk_remove:SW1:eth3:20+trunk_remove:SW2:eth3:10+trunk_remove:SW2:eth3:20,31039,31044,0.05,8.75,5,True,False,True,False,True,recovery_success,0.0068911946378648285,5,4,0,0,0,0,0,0,0
2883,4915,access_vlan:SW1:eth1:20+access_vlan:SW1:eth2:10+access_vlan:SW2:eth2:10+trunk_remove:SW2:eth3:10,31044,31049,0.05,8.25,5,True,False,True,False,True,recovery_success,0.01924657179042697,5,4,0,0,1,1,1,1,0
2884,4916,access_vlan:SW1:eth1:20+access_vlan:SW1:eth2:10+access_vlan:SW2:eth1:20+trunk_remove:SW1:eth3:10+trunk_remove:SW1:eth3:20+trunk_remove:SW2:eth3:10+trunk_remove:SW2:eth3:20,31049,31056,0.05,8.299999999999999,7,True,False,True,False,True,recovery_success,0.009570432427738394,7,5,1,0,0,0,0,0,0
2885,4917,access_vlan:SW1:eth2:10+access_vlan:SW2:eth1:20+trunk_remove:SW1:eth3:10+trunk_remove:SW2:eth3:20,31056,31062,0.05,8.6,6,True,False,True,False,True,recovery_success,0.00807920447550714,6,4,1,0,0,0,0,0,0
2886,4918,access_vlan:SW1:eth1:20+access_vlan:SW1:eth2:10+trunk_remove:SW2:eth3:20,31062,31066,0.05,8.049999999999999,4,True,False,True,False,True,recovery_success,0.006192510714754462,4,3,0,0,2,2,2,0,0
2887,4919,access_vlan:SW2:eth1:20+trunk_remove:SW1:eth3:10+trunk_remove:SW1:eth3:20+trunk_remove:SW2:eth3:20,31066,31073,0.05,7.6499999999999995,7,True,False,True,False,True,recovery_success,0.008006407347108637,7,6,0,0,1,1,1,0,0
2888,4920,access_vlan:SW1:eth1:20+access_vlan:SW1:eth2:10+access_vlan:SW2:eth2:10+trunk_remove:SW1:eth3:10+trunk_remove:SW2:eth3:20,31073,31077,0.05,9.049999999999999,4,True,False,True,False,True,recovery_success,0.005456829443573952,4,3,0,0,0,0,0,0,0
2889,4921,access_vlan:SW1:eth1:20+access_vlan:SW1:eth2:10+access_vlan:SW2:eth1:20+trunk_remove:SW1:eth3:10+trunk_remove:SW1:eth3:20,31077,31081,0.05,9.049999999999999,4,True,False,True,False,True,recovery_success,0.010920571279712021,4,3,0,0,0,0,0,0,0
2890,4922,access_vlan:SW1:eth1:20+trunk_remove:SW1:eth3:10+trunk_remove:SW1:eth3:20+trunk_remove:SW2:eth3:20,31081,31086,0.05,8.75,5,True,False,True,False,True,recovery_success,0.006549072265625,5,4,0,0,0,0,0,0,0
2891,4923,access_vlan:SW1:eth1:20+access_vlan:SW2:eth2:10+trunk_remove:SW1:eth3:10,31086,31090,0.05,9.049999999999999,4,True,False,True,False,True,recovery_success,0.004547364602331072,4,3,0,0,0,0,0,0,0
2892,4924,access_vlan:SW1:eth2:10+access_vlan:SW2:eth1:20+access_vlan:SW2:eth2:10+trunk_remove:SW2:eth3:10,31090,31093,0.05,9.35,3,True,False,True,False,True,recovery_success,0.006286253686994314,3,2,0,0,0,0,0,0,0
2893,4925,access_vlan:SW1:eth1:20+access_vlan:SW1:eth2:10+access_vlan:SW2:eth1:20,31093,31095,0.05,9.649999999999999,2,True,False,True,False,True,recovery_success,0.004442480392754078,2,1,0,0,0,0,0,0,0
2894,4926,access_vlan:SW1:eth2:10+access_vlan:SW2:eth1:20+trunk_remove:SW1:eth3:10+trunk_remove:SW1:eth3:20+trunk_remove:SW2:eth3:10+trunk_remove:SW2:eth3:20,31095,31098,0.05,-10.65,3,True,False,True,False,False,incorrect_declare_done,0.003879799119507273,3,2,0,0,0,0,0,0,3
2895,4927,access_vlan:SW2:eth1:20+access_vlan:SW2:eth2:10+trunk_remove:SW1:eth3:10+trunk_remove:SW2:eth3:10,31098,31103,0.05,8.25,5,True,False,True,False,True,recovery_success,0.0033109984826296566,5,4,0,0,1,1,1,0,0
2896,4928,access_vlan:SW1:eth2:10+trunk_remove:SW1:eth3:10+trunk_remove:SW2:eth3:20,31103,31107,0.05,9.049999999999999,4,True,False,True,False,True,recovery_success,0.005209723254665732,4,3,0,0,0,0,0,0,0
2897,4929,trunk_remove:SW1:eth3:20+trunk_remove:SW2:eth3:10+trunk_remove:SW2:eth3:20,31107,31111,0.05,9.049999999999999,4,True,False,True,False,True,recovery_success,0.006393841817043722,4,3,0,0,0,0,0,0,0
2898,4930,access_vlan:SW1:eth1:20+access_vlan:SW2:eth2:10+trunk_remove:SW2:eth3:10,31111,31115,0.05,9.049999999999999,4,True,False,True,False,True,recovery_success,0.00614135735668242,4,3,0,0,0,0,0,0,0
2899,4931,access_vlan:SW1:eth1:20+access_vlan:SW1:eth2:10+trunk_remove:SW2:eth3:10+trunk_remove:SW2:eth3:20,31115,31123,0.05,7.0,8,True,False,True,False,True,recovery_success,0.005517405108548701,8,6,1,0,2,2,2,0,0
2900,4932,access_vlan:SW1:eth1:20+access_vlan:SW2:eth1:20+access_vlan:SW2:eth2:10+trunk_remove:SW2:eth3:10,31123,31126,0.05,9.35,3,True,False,True,False,True,recovery_success,0.006237017456442118,3,2,0,0,0,0,0,0,0
2901,4933,access_vlan:SW2:eth2:10+trunk_remove:SW1:eth3:20,31126,31129,0.05,9.35,3,True,False,True,False,True,recovery_success,0.006496417646606763,3,2,0,0,0,0,0,0,0
2902,4934,access_vlan:SW1:eth1:20+trunk_remove:SW2:eth3:10,31129,31132,0.05,9.35,3,True,False,True,False,True,recovery_success,0.004979048777992527,3,2,0,0,0,0,0,0,0
2903,4935,access_vlan:SW1:eth2:10+access_vlan:SW2:eth1:20+access_vlan:SW2:eth2:10+trunk_remove:SW2:eth3:20,31132,31135,0.05,9.35,3,True,False,True,False,True,recovery_success,0.003882455018659433,3,2,0,0,0,0,0,0,0
2904,4936,access_vlan:SW2:eth1:20+access_vlan:SW2:eth2:10+trunk_remove:SW1:eth3:20+trunk_remove:SW2:eth3:10+trunk_remove:SW2:eth3:20,31135,31141,0.05,7.949999999999999,6,True,False,True,False,True,recovery_success,0.004274183923068146,6,5,0,0,1,1,1,0,0
2905,4937,trunk_remove:SW1:eth3:10+trunk_remove:SW2:eth3:20,31141,31144,0.05,9.35,3,True,False,True,False,True,recovery_success,0.004545985565831264,3,2,0,0,0,0,0,0,0
2906,4938,access_vlan:SW1:eth1:20+access_vlan:SW1:eth2:10+access_vlan:SW2:eth2:10+trunk_remove:SW1:eth3:10+trunk_remove:SW2:eth3:20,31144,31151,0.05,7.799999999999999,7,True,False,True,False,True,recovery_success,0.008034031206209744,7,4,1,0,1,1,1,0,0
2907,4939,access_vlan:SW1:eth1:20+access_vlan:SW2:eth1:20+access_vlan:SW2:eth2:10+trunk_remove:SW1:eth3:10+trunk_remove:SW2:eth3:10,31151,31155,0.05,9.049999999999999,4,True,False,True,False,True,recovery_success,0.00360625161556527,4,3,0,0,0,0,0,0,0
2908,4940,access_vlan:SW1:eth1:20+trunk_remove:SW1:eth3:10,31155,31158,0.05,9.35,3,True,False,True,False,True,recovery_success,0.0035189217111716666,3,2,0,0,0,0,0,0,0
2909,4941,access_vlan:SW1:eth1:20+trunk_remove:SW1:eth3:10+trunk_remove:SW1:eth3:20,31158,31162,0.05,9.049999999999999,4,True,False,True,False,True,recovery_success,0.004992102622054517,4,3,0,0,0,0,0,0,0
2910,4942,access_vlan:SW1:eth1:20+access_vlan:SW1:eth2:10+access_vlan:SW2:eth1:20+access_vlan:SW2:eth2:10+trunk_remove:SW1:eth3:20+trunk_remove:SW2:eth3:20,31162,31166,0.05,9.2,4,True,False,True,False,True,recovery_success,0.0033198074670508504,4,2,1,0,0,0,0,0,0
2911,4943,access_vlan:SW1:eth1:20+access_vlan:SW2:eth1:20+access_vlan:SW2:eth2:10+trunk_remove:SW1:eth3:10,31166,31169,0.05,9.35,3,True,False,True,False,True,recovery_success,0.004093130196755131,3,2,0,0,0,0,0,0,0
2912,4944,access_vlan:SW2:eth1:20+access_vlan:SW2:eth2:10+trunk_remove:SW2:eth3:10+trunk_remove:SW2:eth3:20,31169,31175,0.05,8.1,6,True,False,True,False,True,recovery_success,0.003112107360114654,6,4,1,0,1,1,1,0,0
2913,4945,access_vlan:SW1:eth2:10+access_vlan:SW2:eth1:20+trunk_remove:SW1:eth3:10+trunk_remove:SW1:eth3:20,31175,31184,0.05,6.55,9,True,False,True,False,True,recovery_success,0.002948030001587338,9,8,0,0,2,2,2,0,0
2914,4946,trunk_remove:SW1:eth3:10+trunk_remove:SW2:eth3:20,31184,31187,0.05,9.35,3,True,False,True,False,True,recovery_success,0.0027402102326353392,3,2,0,0,0,0,0,0,0
2915,4947,access_vlan:SW1:eth2:10+access_vlan:SW2:eth1:20+trunk_remove:SW1:eth3:10+trunk_remove:SW1:eth3:20+trunk_remove:SW2:eth3:10+trunk_remove:SW2:eth3:20,31187,31197,0.05,6.9,10,True,False,True,False,True,recovery_success,0.0038105193292722107,10,8,1,0,1,1,1,0,0
2916,4948,access_vlan:SW1:eth1:20+access_vlan:SW2:eth1:20+trunk_remove:SW1:eth3:10,31197,31201,0.05,8.549999999999999,4,True,False,True,False,True,recovery_success,0.0032302674662787467,4,3,0,0,1,1,1,0,0
2917,4949,access_vlan:SW1:eth2:10+access_vlan:SW2:eth2:10+trunk_remove:SW1:eth3:10+trunk_remove:SW1:eth3:20,31201,31206,0.05,8.75,5,True,False,True,False,True,recovery_success,0.004487189929932356,5,4,0,0,0,0,0,0,0
2918,4950,access_vlan:SW1:eth1:20+access_vlan:SW2:eth1:20+access_vlan:SW2:eth2:10+trunk_remove:SW1:eth3:10+trunk_remove:SW2:eth3:10,31206,31210,0.05,9.049999999999999,4,True,False,True,False,True,recovery_success,0.04370607592863962,4,3,0,0,0,0,0,0,0
2919,4951,access_vlan:SW1:eth1:20+access_vlan:SW1:eth2:10+access_vlan:SW2:eth1:20+access_vlan:SW2:eth2:10+trunk_remove:SW1:eth3:20+trunk_remove:SW2:eth3:10,31210,31213,0.05,9.35,3,True,False,True,False,True,recovery_success,0.00693392272417744,3,2,0,0,0,0,0,0,0
2920,4952,access_vlan:SW1:eth1:20+access_vlan:SW2:eth1:20+trunk_remove:SW1:eth3:10,31213,31217,0.05,8.549999999999999,4,True,False,True,False,True,recovery_success,0.006512154941447079,4,3,0,0,1,1,1,0,0
2921,4953,access_vlan:SW1:eth1:20+access_vlan:SW2:eth1:20+trunk_remove:SW1:eth3:20+trunk_remove:SW2:eth3:10,31217,31227,0.05,8.0,10,True,False,True,False,True,recovery_success,0.004836693848483264,10,4,5,0,0,0,0,0,0
2922,4954,access_vlan:SW1:eth1:20+access_vlan:SW1:eth2:10+access_vlan:SW2:eth2:10,31227,31229,0.05,9.649999999999999,2,True,False,True,False,True,recovery_success,0.004143381956964731,2,1,0,0,0,0,0,0,0
2923,4955,access_vlan:SW1:eth2:10+trunk_remove:SW1:eth3:10+trunk_remove:SW2:eth3:20,31229,31233,0.05,9.049999999999999,4,True,False,True,False,True,recovery_success,0.004568150849081576,4,3,0,0,0,0,0,0,0
2924,4956,access_vlan:SW1:eth2:10+access_vlan:SW2:eth1:20+access_vlan:SW2:eth2:10+trunk_remove:SW1:eth3:10+trunk_remove:SW1:eth3:20+trunk_remove:SW2:eth3:10,31233,31239,0.05,8.6,6,True,False,True,False,True,recovery_success,0.005490981857292354,6,4,1,0,0,0,0,0,0
2925,4957,access_vlan:SW1:eth1:20+access_vlan:SW2:eth1:20+access_vlan:SW2:eth2:10+trunk_remove:SW2:eth3:10+trunk_remove:SW2:eth3:20,31239,31244,0.05,8.899999999999999,5,True,False,True,False,True,recovery_success,0.0042865023016929625,5,3,1,0,0,0,0,0,0
2926,4958,access_vlan:SW1:eth1:20+access_vlan:SW2:eth1:20+trunk_remove:SW1:eth3:20+trunk_remove:SW2:eth3:20,31244,31249,0.05,8.75,5,True,False,True,False,True,recovery_success,0.03439942938275635,5,4,0,0,0,0,0,0,0
2927,4959,access_vlan:SW2:eth1:20+trunk_remove:SW2:eth3:10,31249,31252,0.05,9.35,3,True,False,True,False,True,recovery_success,0.009852884182085594,3,2,0,0,0,0,0,0,0
2928,4960,access_vlan:SW1:eth2:10+access_vlan:SW2:eth1:20+trunk_remove:SW1:eth3:10+trunk_remove:SW2:eth3:10+trunk_remove:SW2:eth3:20,31252,31258,0.05,8.45,6,True,False,True,False,True,recovery_success,0.011371401022188365,6,5,0,0,0,0,0,0,0
2929,4961,access_vlan:SW2:eth1:20+access_vlan:SW2:eth2:10+trunk_remove:SW1:eth3:10+trunk_remove:SW2:eth3:10+trunk_remove:SW2:eth3:20,31258,31265,0.05,7.799999999999999,7,True,False,True,False,True,recovery_success,0.012259842428777899,7,5,1,0,1,1,1,0,0
2930,4962,trunk_remove:SW2:eth3:20,31265,31267,0.05,9.649999999999999,2,True,False,True,False,True,recovery_success,0.008139389101415873,2,1,0,0,0,0,0,0,0
2931,4963,access_vlan:SW1:eth1:20+access_vlan:SW2:eth2:10+trunk_remove:SW1:eth3:10+trunk_remove:SW2:eth3:10,31267,31272,0.05,8.75,5,True,False,True,False,True,recovery_success,0.012169045861810446,5,4,0,0,0,0,0,0,0
2932,4964,access_vlan:SW1:eth1:20+access_vlan:SW2:eth1:20+trunk_remove:SW1:eth3:20+trunk_remove:SW2:eth3:10+trunk_remove:SW2:eth3:20,31272,31281,0.05,6.699999999999999,9,True,False,True,False,True,recovery_success,0.009086273921032747,9,7,1,0,2,2,1,0,0
2933,4965,access_vlan:SW2:eth1:20+trunk_remove:SW2:eth3:10,31281,31285,0.05,9.2,4,True,False,True,False,True,recovery_success,0.00851647974923253,4,2,1,0,0,0,0,0,0
2934,4966,access_vlan:SW1:eth1:20+access_vlan:SW1:eth2:10+trunk_remove:SW1:eth3:20,31285,31289,0.05,8.549999999999999,4,True,False,True,False,True,recovery_success,0.010206058621406555,4,3,0,0,1,1,1,0,0
2935,4967,access_vlan:SW1:eth1:20+access_vlan:SW1:eth2:10+access_vlan:SW2:eth2:10+trunk_remove:SW1:eth3:10,31289,31292,0.05,9.35,3,True,False,True,False,True,recovery_success,0.006872196526577075,3,2,0,0,0,0,0,0,0
2936,4968,access_vlan:SW1:eth2:10+access_vlan:SW2:eth2:10+trunk_remove:SW1:eth3:20,31292,31296,0.05,8.549999999999999,4,True,False,True,False,True,recovery_success,0.005937111563980579,4,3,0,0,1,1,1,0,0
2937,4969,access_vlan:SW1:eth1:20+trunk_remove:SW1:eth3:10+trunk_remove:SW1:eth3:20+trunk_remove:SW2:eth3:10,31296,31301,0.05,8.75,5,True,False,True,False,True,recovery_success,0.006695341411978006,5,4,0,0,0,0,0,0,0
2938,4970,access_vlan:SW1:eth2:10+access_vlan:SW2:eth1:20,31301,31304,0.05,8.85,3,True,False,True,False,True,recovery_success,0.0041620492314298945,3,2,0,0,1,1,1,0,0
2939,4971,access_vlan:SW1:eth2:10+access_vlan:SW2:eth2:10+trunk_remove:SW1:eth3:10+trunk_remove:SW1:eth3:20,31304,31309,0.05,8.75,5,True,False,True,False,True,recovery_success,0.04288883954286575,5,4,0,0,0,0,0,0,0
2940,4972,access_vlan:SW1:eth1:20+access_vlan:SW2:eth1:20+access_vlan:SW2:eth2:10+trunk_remove:SW1:eth3:10+trunk_remove:SW2:eth3:10+trunk_remove:SW2:eth3:20,31309,31316,0.05,7.6499999999999995,7,True,False,True,False,True,recovery_success,0.005421052520562496,7,6,0,0,1,1,1,0,0
2941,4973,access_vlan:SW1:eth1:20+access_vlan:SW1:eth2:10+access_vlan:SW2:eth1:20+trunk_remove:SW2:eth3:10,31316,31319,0.05,9.35,3,True,False,True,False,True,recovery_success,0.005973052699118853,3,2,0,0,0,0,0,0,0
2942,4974,access_vlan:SW2:eth1:20+trunk_remove:SW1:eth3:10,31319,31322,0.05,9.35,3,True,False,True,False,True,recovery_success,0.008091590367257595,3,2,0,0,0,0,0,0,0
2943,4975,access_vlan:SW1:eth1:20+access_vlan:SW2:eth1:20+access_vlan:SW2:eth2:10+trunk_remove:SW1:eth3:10+trunk_remove:SW2:eth3:20,31322,31327,0.05,8.899999999999999,5,True,False,True,False,True,recovery_success,0.005532117281109095,5,3,1,0,0,0,0,0,0
2944,4976,access_vlan:SW1:eth1:20+access_vlan:SW1:eth2:10+access_vlan:SW2:eth1:20+access_vlan:SW2:eth2:10+trunk_remove:SW1:eth3:10,31327,31329,0.05,9.649999999999999,2,True,False,True,False,True,recovery_success,0.005109080579131842,2,1,0,0,0,0,0,0,0
2945,4977,access_vlan:SW1:eth1:20+access_vlan:SW2:eth1:20+trunk_remove:SW1:eth3:10,31329,31333,0.05,8.549999999999999,4,True,False,True,False,True,recovery_success,0.006731917965225875,4,3,0,0,1,1,1,0,0
2946,4978,access_vlan:SW1:eth2:10+access_vlan:SW2:eth1:20+trunk_remove:SW1:eth3:10+trunk_remove:SW1:eth3:20+trunk_remove:SW2:eth3:10,31333,31339,0.05,8.45,6,True,False,True,False,True,recovery_success,0.009113333808879057,6,5,0,0,0,0,0,0,0
2947,4979,access_vlan:SW1:eth2:10+access_vlan:SW2:eth1:20+access_vlan:SW2:eth2:10+trunk_remove:SW1:eth3:10+trunk_remove:SW2:eth3:10,31339,31343,0.05,9.049999999999999,4,True,False,True,False,True,recovery_success,0.005370659870095551,4,3,0,0,0,0,0,0,0
2948,4980,access_vlan:SW1:eth1:20+trunk_remove:SW1:eth3:10+trunk_remove:SW1:eth3:20+trunk_remove:SW2:eth3:10,31343,31348,0.05,8.75,5,True,False,True,False,True,recovery_success,0.008893439825624228,5,4,0,0,0,0,0,0,0
2949,4981,access_vlan:SW1:eth1:20+access_vlan:SW2:eth1:20+trunk_remove:SW1:eth3:10,31348,31352,0.05,8.549999999999999,4,True,False,True,False,True,recovery_success,0.00493845297023654,4,3,0,0,1,1,1,0,0
2950,4982,access_vlan:SW1:eth1:20+access_vlan:SW1:eth2:10+access_vlan:SW2:eth2:10+trunk_remove:SW1:eth3:10+trunk_remove:SW2:eth3:20,31352,31357,0.05,8.899999999999999,5,True,False,True,False,True,recovery_success,0.005012702941894531,5,3,1,0,0,0,0,0,0
2951,4983,access_vlan:SW1:eth1:20+trunk_remove:SW2:eth3:10,31357,31360,0.05,9.35,3,True,False,True,False,True,recovery_success,0.003276687969143192,3,2,0,0,0,0,0,0,0
2952,4984,access_vlan:SW1:eth1:20+access_vlan:SW1:eth2:10+access_vlan:SW2:eth1:20+trunk_remove:SW1:eth3:10+trunk_remove:SW2:eth3:10,31360,31364,0.05,9.049999999999999,4,True,False,True,False,True,recovery_success,0.003646555356681347,4,3,0,0,0,0,0,0,0
2953,4985,access_vlan:SW2:eth1:20+trunk_remove:SW1:eth3:10,31364,31367,0.05,9.35,3,True,False,True,False,True,recovery_success,0.002556679304689169,3,2,0,0,0,0,0,0,0
2954,4986,access_vlan:SW1:eth1:20+access_vlan:SW2:eth1:20+trunk_remove:SW2:eth3:10+trunk_remove:SW2:eth3:20,31367,31374,0.05,8.149999999999999,7,True,False,True,False,True,recovery_success,0.003539760397481067,7,6,0,0,0,0,0,0,0
2955,4987,access_vlan:SW1:eth2:10+access_vlan:SW2:eth1:20+access_vlan:SW2:eth2:10+trunk_remove:SW1:eth3:10,31374,31398,0.05,4.9,24,True,False,True,False,True,recovery_success,0.002760180209103661,24,4,19,0,2,2,1,0,0
2956,4988,access_vlan:SW1:eth2:10+access_vlan:SW2:eth2:10+trunk_remove:SW2:eth3:10,31398,31402,0.05,9.049999999999999,4,True,False,True,False,True,recovery_success,0.0031879654561635107,4,3,0,0,0,0,0,0,0
2957,4989,access_vlan:SW2:eth1:20+trunk_remove:SW1:eth3:10,31402,31405,0.05,9.35,3,True,False,True,False,True,recovery_success,0.0034298805985599756,3,2,0,0,0,0,0,0,0
2958,4990,access_vlan:SW1:eth1:20+access_vlan:SW1:eth2:10+access_vlan:SW2:eth2:10+trunk_remove:SW1:eth3:20+trunk_remove:SW2:eth3:10,31405,31409,0.05,9.049999999999999,4,True,False,True,False,True,recovery_success,0.0033413982600905,4,3,0,0,0,0,0,0,0
2959,4991,access_vlan:SW2:eth1:20+access_vlan:SW2:eth2:10+trunk_remove:SW2:eth3:20,31409,31413,0.05,8.549999999999999,4,True,False,True,False,True,recovery_success,0.0026158179389312863,4,3,0,0,1,1,1,0,0
2960,4992,access_vlan:SW1:eth1:20+access_vlan:SW1:eth2:10+trunk_remove:SW2:eth3:20,31413,31417,0.05,8.549999999999999,4,True,False,True,False,True,recovery_success,0.004797173023689538,4,3,0,0,1,1,1,0,0
2961,4993,access_vlan:SW1:eth2:10+access_vlan:SW2:eth2:10+trunk_remove:SW2:eth3:10,31417,31421,0.05,9.049999999999999,4,True,False,True,False,True,recovery_success,0.002142109820852056,4,3,0,0,0,0,0,0,0
2962,4994,access_vlan:SW1:eth1:20+access_vlan:SW2:eth1:20+access_vlan:SW2:eth2:10+trunk_remove:SW1:eth3:10+trunk_remove:SW1:eth3:20+trunk_remove:SW2:eth3:20,31421,31426,0.05,8.75,5,True,False,True,False,True,recovery_success,0.0038698992459103463,5,4,0,0,0,0,0,0,0
2963,4995,access_vlan:SW1:eth1:20+trunk_remove:SW1:eth3:10+trunk_remove:SW2:eth3:20,31426,31430,0.05,9.049999999999999,4,True,False,True,False,True,recovery_success,0.0026012438465841115,4,3,0,0,0,0,0,0,0
2964,4996,access_vlan:SW1:eth1:20+access_vlan:SW1:eth2:10+access_vlan:SW2:eth2:10,31430,31432,0.05,9.649999999999999,2,True,False,True,False,True,recovery_success,0.003447734925430268,2,1,0,0,0,0,0,0,0
2965,4997,access_vlan:SW1:eth1:20+trunk_remove:SW2:eth3:10+trunk_remove:SW2:eth3:20,31432,31436,0.05,9.049999999999999,4,True,False,True,False,True,recovery_success,0.0026255338452756405,4,3,0,0,0,0,0,0,0
2966,4998,trunk_remove:SW2:eth3:10+trunk_remove:SW2:eth3:20,31436,31439,0.05,9.35,3,True,False,True,False,True,recovery_success,0.0022776337961355844,3,2,0,0,0,0,0,0,0
2967,4999,access_vlan:SW2:eth1:20+access_vlan:SW2:eth2:10+trunk_remove:SW2:eth3:20,31439,31443,0.05,8.549999999999999,4,True,False,True,False,True,recovery_success,0.0019952338188886642,4,3,0,0,1,1,1,0,0
2968,5000,access_vlan:SW1:eth1:20+access_vlan:SW2:eth1:20+access_vlan:SW2:eth2:10+trunk_remove:SW1:eth3:20+trunk_remove:SW2:eth3:20,31443,31447,0.05,9.049999999999999,4,True,False,True,False,True,recovery_success,0.016221797704929486,4,3,0,0,0,0,0,0,0
2969,5001,access_vlan:SW1:eth1:20+access_vlan:SW2:eth1:20+trunk_remove:SW1:eth3:10+trunk_remove:SW2:eth3:10+trunk_remove:SW2:eth3:20,31447,31453,0.05,8.45,6,True,False,True,False,True,recovery_success,0.03186125587671995,6,5,0,0,0,0,0,0,0
2970,5002,access_vlan:SW1:eth1:20+trunk_remove:SW2:eth3:10+trunk_remove:SW2:eth3:20,31453,31459,0.05,8.45,6,True,False,True,False,True,recovery_success,0.004591225258385141,6,5,0,0,0,0,0,0,0
2971,5003,access_vlan:SW1:eth1:20+access_vlan:SW1:eth2:10+trunk_remove:SW1:eth3:10+trunk_remove:SW1:eth3:20+trunk_remove:SW2:eth3:10+trunk_remove:SW2:eth3:20,31459,31466,0.05,7.6499999999999995,7,True,False,True,False,True,recovery_success,0.006897055045036333,7,6,0,0,1,1,1,0,0
2972,5004,access_vlan:SW1:eth1:20+trunk_remove:SW1:eth3:20+trunk_remove:SW2:eth3:10+trunk_remove:SW2:eth3:20,31466,31471,0.05,8.75,5,True,False,True,False,True,recovery_success,0.0042498616967350245,5,4,0,0,0,0,0,0,0
2973,5005,access_vlan:SW1:eth1:20+access_vlan:SW1:eth2:10+access_vlan:SW2:eth2:10+trunk_remove:SW1:eth3:10+trunk_remove:SW1:eth3:20+trunk_remove:SW2:eth3:20,31471,31476,0.05,8.75,5,True,False,True,False,True,recovery_success,0.002999538090080023,5,4,0,0,0,0,0,0,0
2974,5006,access_vlan:SW1:eth1:20+access_vlan:SW2:eth1:20+access_vlan:SW2:eth2:10+trunk_remove:SW1:eth3:10+trunk_remove:SW2:eth3:20,31476,31482,0.05,7.449999999999999,6,True,False,True,False,True,recovery_success,0.004185434314422309,6,5,0,0,2,2,1,0,0
2975,5007,access_vlan:SW1:eth1:20+access_vlan:SW2:eth1:20+trunk_remove:SW1:eth3:10+trunk_remove:SW1:eth3:20+trunk_remove:SW2:eth3:10,31482,31488,0.05,8.45,6,True,False,True,False,True,recovery_success,0.006136767119945337,6,5,0,0,0,0,0,0,0
2976,5008,trunk_remove:SW2:eth3:10+trunk_remove:SW2:eth3:20,31488,31493,0.05,7.749999999999999,5,True,False,True,False,True,recovery_success,0.0037943892180919646,5,4,0,0,2,2,1,0,0
2977,5009,access_vlan:SW1:eth1:20+access_vlan:SW1:eth2:10+access_vlan:SW2:eth1:20+access_vlan:SW2:eth2:10+trunk_remove:SW1:eth3:20+trunk_remove:SW2:eth3:10,31493,31496,0.05,9.35,3,True,False,True,False,True,recovery_success,0.0036279245590170226,3,2,0,0,0,0,0,0,0
2978,5010,access_vlan:SW1:eth2:10+trunk_remove:SW1:eth3:20+trunk_remove:SW2:eth3:10+trunk_remove:SW2:eth3:20,31496,31501,0.05,8.75,5,True,False,True,False,True,recovery_success,0.006368366722017527,5,4,0,0,0,0,0,0,0
2979,5011,access_vlan:SW1:eth2:10+trunk_remove:SW1:eth3:20+trunk_remove:SW2:eth3:10+trunk_remove:SW2:eth3:20,31501,31506,0.05,8.75,5,True,False,True,False,True,recovery_success,0.013553820364177228,5,4,0,0,0,0,0,0,0
2980,5012,access_vlan:SW1:eth1:20+access_vlan:SW2:eth1:20+trunk_remove:SW1:eth3:10+trunk_remove:SW1:eth3:20,31506,31536,0.05,-5.9,30,True,False,False,True,False,step_limit,0.009898970182985068,30,6,24,0,1,1,1,0,2
2981,5013,access_vlan:SW1:eth1:20+access_vlan:SW1:eth2:10+access_vlan:SW2:eth1:20+trunk_remove:SW2:eth3:10+trunk_remove:SW2:eth3:20,31536,31545,0.05,7.5,9,True,False,True,False,True,recovery_success,0.027412589122023847,9,4,3,0,1,1,1,1,0
2982,5014,access_vlan:SW1:eth2:10+access_vlan:SW2:eth2:10+trunk_remove:SW1:eth3:10+trunk_remove:SW1:eth3:20+trunk_remove:SW2:eth3:10,31545,31567,0.05,6.050000000000001,22,True,False,True,False,True,recovery_success,0.007977050263434649,22,5,16,0,0,0,0,0,0
2983,5015,trunk_remove:SW1:eth3:10,31567,31569,0.05,9.649999999999999,2,True,False,True,False,True,recovery_success,0.008570947917178273,2,1,0,0,0,0,0,0,0
2984,5016,access_vlan:SW1:eth1:20+access_vlan:SW1:eth2:10+trunk_remove:SW1:eth3:10+trunk_remove:SW1:eth3:20+trunk_remove:SW2:eth3:10+trunk_remove:SW2:eth3:20,31569,31576,0.05,7.6499999999999995,7,True,False,True,False,True,recovery_success,0.005157774447330407,7,6,0,0,1,1,1,0,0
2985,5017,access_vlan:SW1:eth2:10+trunk_remove:SW1:eth3:20+trunk_remove:SW2:eth3:20,31576,31582,0.05,7.449999999999999,6,True,False,True,False,True,recovery_success,0.035550741013139486,6,5,0,0,2,2,1,0,0
2986,5018,access_vlan:SW1:eth2:10,31582,31584,0.05,9.649999999999999,2,True,False,True,False,True,recovery_success,0.009877110365778208,2,1,0,0,0,0,0,0,0
2987,5019,access_vlan:SW1:eth1:20+access_vlan:SW2:eth1:20+trunk_remove:SW1:eth3:10,31584,31588,0.05,-11.3,4,True,False,True,False,False,incorrect_declare_done,0.011893718969076872,4,2,1,0,1,1,1,0,1
2988,5020,access_vlan:SW2:eth1:20+access_vlan:SW2:eth2:10+trunk_remove:SW1:eth3:10+trunk_remove:SW2:eth3:20,31588,31597,0.05,7.649999999999999,9,True,False,True,False,True,recovery_success,0.019358265834550064,9,4,4,0,1,1,1,0,0
2989,5021,access_vlan:SW1:eth2:10+trunk_remove:SW1:eth3:10,31597,31600,0.05,9.35,3,True,False,True,False,True,recovery_success,0.024784935327867668,3,2,0,0,0,0,0,0,0
2990,5022,access_vlan:SW2:eth2:10+trunk_remove:SW1:eth3:10+trunk_remove:SW1:eth3:20+trunk_remove:SW2:eth3:10+trunk_remove:SW2:eth3:20,31600,31612,0.05,6.75,12,True,False,True,False,True,recovery_success,0.02756347561565538,12,7,4,0,1,1,1,0,0
2991,5023,access_vlan:SW2:eth1:20+access_vlan:SW2:eth2:10+trunk_remove:SW1:eth3:20+trunk_remove:SW2:eth3:20,31612,31618,0.05,8.1,6,True,False,True,False,True,recovery_success,0.02387077563131849,6,4,1,0,1,1,1,0,0
2992,5024,access_vlan:SW2:eth1:20+trunk_remove:SW1:eth3:10+trunk_remove:SW2:eth3:10+trunk_remove:SW2:eth3:20,31618,31625,0.05,7.6499999999999995,7,True,False,True,False,True,recovery_success,0.018404525438589708,7,6,0,0,1,1,1,0,0
2993,5025,access_vlan:SW1:eth2:10+access_vlan:SW2:eth2:10+trunk_remove:SW1:eth3:20+trunk_remove:SW2:eth3:10+trunk_remove:SW2:eth3:20,31625,31627,0.05,-10.350000000000001,2,True,False,True,False,False,incorrect_declare_done,0.00882110046222806,2,1,0,0,0,0,0,0,4
2994,5026,access_vlan:SW1:eth1:20+trunk_remove:SW1:eth3:10+trunk_remove:SW1:eth3:20+trunk_remove:SW2:eth3:10+trunk_remove:SW2:eth3:20,31627,31633,0.05,8.45,6,True,False,True,False,True,recovery_success,0.013255130344380936,6,5,0,0,0,0,0,0,0
2995,5027,access_vlan:SW1:eth1:20+access_vlan:SW1:eth2:10+access_vlan:SW2:eth1:20+trunk_remove:SW2:eth3:20,31633,31637,0.05,9.2,4,True,False,True,False,True,recovery_success,0.010171619709581137,4,2,1,0,0,0,0,0,0
2996,5028,access_vlan:SW1:eth2:10+access_vlan:SW2:eth1:20+access_vlan:SW2:eth2:10+trunk_remove:SW1:eth3:10+trunk_remove:SW1:eth3:20+trunk_remove:SW2:eth3:20,31637,31644,0.05,8.45,7,True,False,True,False,True,recovery_success,0.008317317614065749,7,4,2,0,0,0,0,0,0
2997,5029,access_vlan:SW1:eth1:20+access_vlan:SW2:eth1:20+trunk_remove:SW1:eth3:20+trunk_remove:SW2:eth3:10,31644,31656,0.05,7.7,12,True,False,True,False,True,recovery_success,0.008157196338288486,12,4,7,0,0,0,0,0,0
2998,5030,access_vlan:SW1:eth1:20+trunk_remove:SW1:eth3:10+trunk_remove:SW1:eth3:20,31656,31660,0.05,9.049999999999999,4,True,False,True,False,True,recovery_success,0.0055850709322839975,4,3,0,0,0,0,0,0,0
2999,5031,trunk_remove:SW1:eth3:10+trunk_remove:SW2:eth3:10,31660,31663,0.05,9.35,3,True,False,True,False,True,recovery_success,0.004667967402686675,3,2,0,0,0,0,0,0,0
3000,5032,access_vlan:SW1:eth1:20+access_vlan:SW2:eth2:10+trunk_remove:SW1:eth3:20+trunk_remove:SW2:eth3:10,31663,31668,0.05,8.75,5,True,False,True,False,True,recovery_success,0.008000638848170639,5,4,0,0,0,0,0,0,0
3001,5033,access_vlan:SW1:eth1:20+access_vlan:SW2:eth1:20+trunk_remove:SW1:eth3:10+trunk_remove:SW2:eth3:10+trunk_remove:SW2:eth3:20,31668,31698,0.05,-5.100000000000001,30,True,False,False,True,False,step_limit,0.005215105530805886,30,4,26,0,0,0,0,0,1
3002,5034,access_vlan:SW1:eth1:20,31698,31700,0.05,9.649999999999999,2,True,False,True,False,True,recovery_success,0.003125010756775737,2,1,0,0,0,0,0,0,0
3003,5035,access_vlan:SW1:eth1:20+access_vlan:SW1:eth2:10+access_vlan:SW2:eth2:10,31700,31707,0.05,7.1,7,True,False,True,False,True,recovery_success,0.0031644294504076242,7,3,3,0,3,3,2,0,0
3004,5036,access_vlan:SW1:eth2:10+access_vlan:SW2:eth2:10+trunk_remove:SW2:eth3:10+trunk_remove:SW2:eth3:20,31707,31713,0.05,8.6,6,True,False,True,False,True,recovery_success,0.006423716472151379,6,4,1,0,0,0,0,0,0
3005,5037,trunk_remove:SW2:eth3:20,31713,31715,0.05,9.649999999999999,2,True,False,True,False,True,recovery_success,0.004958982928656042,2,1,0,0,0,0,0,0,0
3006,5038,access_vlan:SW1:eth1:20+trunk_remove:SW1:eth3:20,31715,31718,0.05,9.35,3,True,False,True,False,True,recovery_success,0.003949409971634547,3,2,0,0,0,0,0,0,0
3007,5039,access_vlan:SW1:eth1:20+access_vlan:SW2:eth1:20+trunk_remove:SW1:eth3:20,31718,31726,0.05,7.6499999999999995,8,True,False,True,False,True,recovery_success,0.003393708262592554,8,5,2,0,1,1,1,1,0
3008,5040,access_vlan:SW1:eth1:20+access_vlan:SW2:eth1:20+access_vlan:SW2:eth2:10+trunk_remove:SW2:eth3:10,31726,31731,0.05,-10.8,5,True,False,True,False,False,incorrect_declare_done,0.004226873815059662,5,1,3,0,0,0,0,0,1
3009,5041,access_vlan:SW1:eth1:20+access_vlan:SW1:eth2:10+access_vlan:SW2:eth1:20+trunk_remove:SW1:eth3:10,31731,31745,0.05,6.9,14,True,False,True,False,True,recovery_success,0.004452359147502908,14,4,9,0,1,1,1,0,0
3010,5042,access_vlan:SW1:eth1:20+access_vlan:SW2:eth1:20+trunk_remove:SW1:eth3:10+trunk_remove:SW1:eth3:20+trunk_remove:SW2:eth3:20,31745,31753,0.05,8.149999999999999,8,True,False,True,False,True,recovery_success,0.006002157024340704,8,5,2,0,0,0,0,0,0
3011,5043,access_vlan:SW1:eth1:20+trunk_remove:SW1:eth3:10+trunk_remove:SW2:eth3:10+trunk_remove:SW2:eth3:20,31753,31758,0.05,8.75,5,True,False,True,False,True,recovery_success,0.003408545209094882,5,4,0,0,0,0,0,0,0
3012,5044,trunk_remove:SW1:eth3:20+trunk_remove:SW2:eth3:20,31758,31761,0.05,9.35,3,True,False,True,False,True,recovery_success,0.003052836594482263,3,2,0,0,0,0,0,0,0
3013,5045,access_vlan:SW1:eth1:20+trunk_remove:SW1:eth3:10+trunk_remove:SW2:eth3:10,31761,31765,0.05,9.049999999999999,4,True,False,True,False,True,recovery_success,0.002600223000627011,4,3,0,0,0,0,0,0,0
3014,5046,trunk_remove:SW1:eth3:10,31765,31767,0.05,9.649999999999999,2,True,False,True,False,True,recovery_success,0.0053210994228720665,2,1,0,0,0,0,0,0,0
3015,5047,access_vlan:SW2:eth1:20+access_vlan:SW2:eth2:10+trunk_remove:SW1:eth3:20,31767,31772,0.05,8.399999999999999,5,True,False,True,False,True,recovery_success,0.0057904698420315984,5,3,1,0,1,1,1,0,0
3016,5048,access_vlan:SW1:eth2:10+access_vlan:SW2:eth2:10+trunk_remove:SW1:eth3:20,31772,31788,0.05,6.75,16,True,False,True,False,True,recovery_success,0.003623668286309112,16,3,12,0,1,1,1,0,0
3017,5049,access_vlan:SW1:eth1:20+access_vlan:SW2:eth1:20+access_vlan:SW2:eth2:10+trunk_remove:SW1:eth3:20+trunk_remove:SW2:eth3:10+trunk_remove:SW2:eth3:20,31788,31794,0.05,8.6,6,True,False,True,False,True,recovery_success,0.0027795375402395925,6,4,1,0,0,0,0,0,0
3018,5050,access_vlan:SW1:eth1:20+access_vlan:SW1:eth2:10+access_vlan:SW2:eth1:20+access_vlan:SW2:eth2:10+trunk_remove:SW1:eth3:10+trunk_remove:SW1:eth3:20+trunk_remove:SW2:eth3:10,31794,31808,0.05,7.55,14,True,False,True,False,True,recovery_success,0.007391770536612187,14,3,10,0,0,0,0,0,0
3019,5051,access_vlan:SW1:eth1:20+trunk_remove:SW1:eth3:10+trunk_remove:SW2:eth3:10,31808,31812,0.05,9.049999999999999,4,True,False,True,False,True,recovery_success,0.003436102531850338,4,3,0,0,0,0,0,0,0
3020,5052,access_vlan:SW1:eth1:20+access_vlan:SW1:eth2:10+access_vlan:SW2:eth1:20+access_vlan:SW2:eth2:10+trunk_remove:SW2:eth3:20,31812,31842,0.05,-14.4,30,True,False,True,False,False,incorrect_declare_done,0.004296886214676002,30,0,29,0,0,0,0,0,1
3021,5053,access_vlan:SW1:eth1:20+access_vlan:SW1:eth2:10+trunk_remove:SW1:eth3:10+trunk_remove:SW1:eth3:20+trunk_remove:SW2:eth3:10,31842,31848,0.05,7.949999999999999,6,True,False,True,False,True,recovery_success,0.0033991626696661115,6,5,0,0,1,1,1,0,0
3022,5054,access_vlan:SW1:eth2:10+access_vlan:SW2:eth2:10+trunk_remove:SW1:eth3:20,31848,31853,0.05,8.399999999999999,5,True,False,True,False,True,recovery_success,0.003338724374771118,5,3,1,0,1,1,1,0,0
3023,5055,access_vlan:SW1:eth2:10+trunk_remove:SW1:eth3:10+trunk_remove:SW2:eth3:10+trunk_remove:SW2:eth3:20,31853,31858,0.05,8.75,5,True,False,True,False,True,recovery_success,0.003187870467081666,5,4,0,0,0,0,0,0,0
3024,5056,access_vlan:SW1:eth1:20+access_vlan:SW1:eth2:10+access_vlan:SW2:eth2:10+trunk_remove:SW1:eth3:20,31858,31862,0.05,9.2,4,True,False,True,False,True,recovery_success,0.0027283495292067528,4,2,1,0,0,0,0,0,0
3025,5057,access_vlan:SW1:eth2:10+access_vlan:SW2:eth1:20+access_vlan:SW2:eth2:10+trunk_remove:SW2:eth3:10,31862,31892,0.05,-6.100000000000003,30,True,False,False,True,False,step_limit,0.002767835115082562,30,3,26,0,2,2,1,0,0
3026,5058,access_vlan:SW1:eth1:20+trunk_remove:SW1:eth3:20,31892,31895,0.05,9.35,3,True,False,True,False,True,recovery_success,0.003078855574131012,3,2,0,0,0,0,0,0,0
3027,5059,access_vlan:SW1:eth1:20+access_vlan:SW2:eth1:20+access_vlan:SW2:eth2:10+trunk_remove:SW1:eth3:20,31895,31899,0.05,9.2,4,True,False,True,False,True,recovery_success,0.0024083822208922356,4,2,1,0,0,0,0,0,0
3028,5060,access_vlan:SW1:eth1:20+access_vlan:SW1:eth2:10+access_vlan:SW2:eth1:20+trunk_remove:SW2:eth3:10+trunk_remove:SW2:eth3:20,31899,31929,0.05,-4.800000000000001,30,True,False,False,True,False,step_limit,0.004678498204642286,30,2,28,0,0,0,0,0,1
3029,5061,access_vlan:SW1:eth1:20+access_vlan:SW1:eth2:10+trunk_remove:SW1:eth3:10+trunk_remove:SW1:eth3:20+trunk_remove:SW2:eth3:10,31929,31949,0.05,5.8500000000000005,20,True,False,True,False,True,recovery_success,0.012505605688784272,20,5,14,0,1,1,1,0,0
3030,5062,access_vlan:SW1:eth1:20+trunk_remove:SW1:eth3:20+trunk_remove:SW2:eth3:20,31949,31953,0.05,9.049999999999999,4,True,False,True,False,True,recovery_success,0.005179424595553428,4,3,0,0,0,0,0,0,0
3031,5063,trunk_remove:SW2:eth3:10,31953,31955,0.05,9.649999999999999,2,True,False,True,False,True,recovery_success,0.005295603536069393,2,1,0,0,0,0,0,0,0
3032,5064,trunk_remove:SW1:eth3:10+trunk_remove:SW1:eth3:20+trunk_remove:SW2:eth3:20,31955,31959,0.05,9.049999999999999,4,True,False,True,False,True,recovery_success,0.005547431763261557,4,3,0,0,0,0,0,0,0
3033,5065,access_vlan:SW2:eth1:20+trunk_remove:SW1:eth3:10+trunk_remove:SW1:eth3:20+trunk_remove:SW2:eth3:20,31959,31964,0.05,8.75,5,True,False,True,False,True,recovery_success,0.003945368016138673,5,4,0,0,0,0,0,0,0
3034,5066,access_vlan:SW1:eth1:20+access_vlan:SW2:eth1:20+trunk_remove:SW2:eth3:10,31964,31994,0.05,-6.600000000000001,30,True,False,False,True,False,step_limit,0.006039780696543554,30,4,26,0,3,3,2,0,1
3035,5067,access_vlan:SW1:eth1:20+access_vlan:SW2:eth1:20+access_vlan:SW2:eth2:10+trunk_remove:SW1:eth3:20+trunk_remove:SW2:eth3:10+trunk_remove:SW2:eth3:20,31994,32003,0.05,7.35,9,True,False,True,False,True,recovery_success,0.009934647163997093,9,5,2,0,1,1,1,0,0
3036,5068,trunk_remove:SW2:eth3:10,32003,32007,0.05,9.049999999999999,4,True,False,True,False,True,recovery_success,0.013164450880140066,4,3,0,0,0,0,0,0,0
3037,5069,access_vlan:SW2:eth1:20+trunk_remove:SW2:eth3:10,32007,32016,0.05,8.45,9,True,False,True,False,True,recovery_success,0.009622509280840555,9,2,6,0,0,0,0,0,0
3038,5070,access_vlan:SW1:eth2:10+access_vlan:SW2:eth2:10+trunk_remove:SW1:eth3:20+trunk_remove:SW2:eth3:10,32016,32038,0.05,2.099999999999997,22,True,False,True,False,True,recovery_success,0.007987942969934507,22,7,13,0,7,5,5,0,0
3039,5071,access_vlan:SW1:eth2:10+trunk_remove:SW1:eth3:10+trunk_remove:SW1:eth3:20,32038,32042,0.05,9.049999999999999,4,True,False,True,False,True,recovery_success,0.008775877417065203,4,3,0,0,0,0,0,0,0
3040,5072,access_vlan:SW1:eth1:20+trunk_remove:SW1:eth3:10+trunk_remove:SW1:eth3:20+trunk_remove:SW2:eth3:10,32042,32047,0.05,8.75,5,True,False,True,False,True,recovery_success,0.005391684733331204,5,4,0,0,0,0,0,0,0
3041,5073,access_vlan:SW2:eth1:20+trunk_remove:SW2:eth3:20,32047,32050,0.05,9.35,3,True,False,True,False,True,recovery_success,0.0043547625343004865,3,2,0,0,0,0,0,0,0
3042,5074,access_vlan:SW2:eth2:10+trunk_remove:SW2:eth3:20,32050,32053,0.05,9.35,3,True,False,True,False,True,recovery_success,0.005991266419490178,3,2,0,0,0,0,0,0,0
3043,5075,access_vlan:SW2:eth1:20+access_vlan:SW2:eth2:10+trunk_remove:SW1:eth3:20+trunk_remove:SW2:eth3:10,32053,32058,0.05,8.25,5,True,False,True,False,True,recovery_success,0.006512306910008192,5,4,0,0,1,1,1,0,0
3044,5076,trunk_remove:SW2:eth3:10+trunk_remove:SW2:eth3:20,32058,32061,0.05,9.35,3,True,False,True,False,True,recovery_success,0.004871997361381848,3,2,0,0,0,0,0,0,0
3045,5077,access_vlan:SW1:eth1:20+access_vlan:SW1:eth2:10+trunk_remove:SW1:eth3:10+trunk_remove:SW2:eth3:10+trunk_remove:SW2:eth3:20,32061,32067,0.05,7.949999999999999,6,True,False,True,False,True,recovery_success,0.0068509212384621305,6,5,0,0,1,1,1,0,0
3046,5078,access_vlan:SW2:eth1:20+trunk_remove:SW1:eth3:10+trunk_remove:SW1:eth3:20+trunk_remove:SW2:eth3:10,32067,32072,0.05,8.75,5,True,False,True,False,True,recovery_success,0.008945383038371802,5,4,0,0,0,0,0,0,0
3047,5079,access_vlan:SW1:eth2:10+access_vlan:SW2:eth1:20+trunk_remove:SW1:eth3:10,32072,32076,0.05,9.049999999999999,4,True,False,True,False,True,recovery_success,0.005677629727870226,4,3,0,0,0,0,0,0,0
3048,5080,access_vlan:SW1:eth2:10+access_vlan:SW2:eth2:10+trunk_remove:SW1:eth3:10+trunk_remove:SW1:eth3:20+trunk_remove:SW2:eth3:10+trunk_remove:SW2:eth3:20,32076,32083,0.05,8.149999999999999,7,True,False,True,False,True,recovery_success,0.007470102714640754,7,6,0,0,0,0,0,0,0
3049,5081,access_vlan:SW1:eth1:20+access_vlan:SW2:eth1:20+trunk_remove:SW1:eth3:10,32083,32087,0.05,8.549999999999999,4,True,False,True,False,True,recovery_success,0.010074524849187583,4,3,0,0,1,1,1,0,0
3050,5082,access_vlan:SW1:eth2:10+access_vlan:SW2:eth1:20+trunk_remove:SW1:eth3:10+trunk_remove:SW2:eth3:20,32087,32092,0.05,8.75,5,True,False,True,False,True,recovery_success,0.00745504917576909,5,4,0,0,0,0,0,0,0
3051,5083,access_vlan:SW1:eth2:10+access_vlan:SW2:eth2:10+trunk_remove:SW1:eth3:20+trunk_remove:SW2:eth3:20,32092,32097,0.05,8.25,5,True,False,True,False,True,recovery_success,0.005394605919718742,5,4,0,0,1,1,1,0,0
3052,5084,access_vlan:SW1:eth1:20+trunk_remove:SW2:eth3:10+trunk_remove:SW2:eth3:20,32097,32101,0.05,9.049999999999999,4,True,False,True,False,True,recovery_success,0.0069435464683920145,4,3,0,0,0,0,0,0,0
3053,5085,access_vlan:SW1:eth2:10+access_vlan:SW2:eth1:20+access_vlan:SW2:eth2:10+trunk_remove:SW2:eth3:10,32101,32104,0.05,9.35,3,True,False,True,False,True,recovery_success,0.005299733020365238,3,2,0,0,0,0,0,0,0
3054,5086,access_vlan:SW2:eth2:10+trunk_remove:SW1:eth3:10+trunk_remove:SW2:eth3:10,32104,32108,0.05,9.049999999999999,4,True,False,True,False,True,recovery_success,0.005935710796620697,4,3,0,0,0,0,0,0,0
3055,5087,trunk_remove:SW1:eth3:10+trunk_remove:SW1:eth3:20+trunk_remove:SW2:eth3:10,32108,32113,0.05,8.899999999999999,5,True,False,True,False,True,recovery_success,0.005179613269865513,5,3,1,0,0,0,0,0,0
3056,5088,access_vlan:SW1:eth2:10+access_vlan:SW2:eth1:20+access_vlan:SW2:eth2:10+trunk_remove:SW1:eth3:10+trunk_remove:SW2:eth3:10+trunk_remove:SW2:eth3:20,32113,32120,0.05,7.6499999999999995,7,True,False,True,False,True,recovery_success,0.004850000542189393,7,6,0,0,1,1,1,1,0
3057,5089,access_vlan:SW1:eth1:20+access_vlan:SW1:eth2:10+access_vlan:SW2:eth1:20+trunk_remove:SW1:eth3:20+trunk_remove:SW2:eth3:10+trunk_remove:SW2:eth3:20,32120,32125,0.05,8.75,5,True,False,True,False,True,recovery_success,0.004842069046571851,5,4,0,0,0,0,0,0,0
3058,5090,access_vlan:SW1:eth1:20+access_vlan:SW2:eth1:20+access_vlan:SW2:eth2:10+trunk_remove:SW1:eth3:10,32125,32128,0.05,9.35,3,True,False,True,False,True,recovery_success,0.004968049159894387,3,2,0,0,0,0,0,0,0
3059,5091,access_vlan:SW2:eth2:10+trunk_remove:SW1:eth3:20,32128,32131,0.05,9.35,3,True,False,True,False,True,recovery_success,0.0054556930748124914,3,2,0,0,0,0,0,0,0
3060,5092,access_vlan:SW2:eth2:10+trunk_remove:SW1:eth3:20+trunk_remove:SW2:eth3:20,32131,32136,0.05,8.899999999999999,5,True,False,True,False,True,recovery_success,0.004197959881275892,5,3,1,0,0,0,0,0,0
3061,5093,access_vlan:SW1:eth1:20+access_vlan:SW1:eth2:10+trunk_remove:SW1:eth3:10+trunk_remove:SW2:eth3:20,32136,32145,0.05,6.55,9,True,False,True,False,True,recovery_success,0.00512744918362134,9,8,0,0,2,2,2,0,0
3062,5094,trunk_remove:SW1:eth3:10+trunk_remove:SW1:eth3:20+trunk_remove:SW2:eth3:10+trunk_remove:SW2:eth3:20,32145,32150,0.05,8.75,5,True,False,True,False,True,recovery_success,0.00478697526268661,5,4,0,0,0,0,0,0,0
3063,5095,access_vlan:SW1:eth1:20+access_vlan:SW1:eth2:10+access_vlan:SW2:eth2:10+trunk_remove:SW1:eth3:20+trunk_remove:SW2:eth3:20,32150,32156,0.05,7.449999999999999,6,True,False,True,False,True,recovery_success,0.004056202674595018,6,5,0,0,2,2,1,0,0
3064,5096,access_vlan:SW1:eth2:10+access_vlan:SW2:eth1:20+access_vlan:SW2:eth2:10+trunk_remove:SW2:eth3:10,32156,32160,0.05,9.2,4,True,False,True,False,True,recovery_success,0.004044438654091209,4,2,1,0,0,0,0,0,0
3065,5097,access_vlan:SW1:eth2:10+trunk_remove:SW2:eth3:10+trunk_remove:SW2:eth3:20,32160,32164,0.05,9.049999999999999,4,True,False,True,False,True,recovery_success,0.006807761383242905,4,3,0,0,0,0,0,0,0
3066,5098,access_vlan:SW1:eth2:10+access_vlan:SW2:eth1:20+trunk_remove:SW1:eth3:10+trunk_remove:SW1:eth3:20+trunk_remove:SW2:eth3:10,32164,32170,0.05,8.45,6,True,False,True,False,True,recovery_success,0.0036149549608429274,6,5,0,0,0,0,0,0,0
3067,5099,access_vlan:SW1:eth2:10+access_vlan:SW2:eth1:20+trunk_remove:SW1:eth3:20+trunk_remove:SW2:eth3:10+trunk_remove:SW2:eth3:20,32170,32176,0.05,8.45,6,True,False,True,False,True,recovery_success,0.005392615877402325,6,5,0,0,0,0,0,0,0
3068,5100,access_vlan:SW1:eth2:10+access_vlan:SW2:eth1:20+trunk_remove:SW1:eth3:10+trunk_remove:SW2:eth3:10+trunk_remove:SW2:eth3:20,32176,32182,0.05,8.45,6,True,False,True,False,True,recovery_success,0.003996206214651465,6,5,0,0,0,0,0,0,0
3069,5101,access_vlan:SW1:eth1:20+access_vlan:SW1:eth2:10+access_vlan:SW2:eth2:10+trunk_remove:SW1:eth3:10+trunk_remove:SW2:eth3:10,32182,32188,0.05,8.45,6,True,False,True,False,True,recovery_success,0.00444571398353825,6,5,0,0,0,0,0,0,0
3070,5102,access_vlan:SW1:eth1:20+access_vlan:SW1:eth2:10+access_vlan:SW2:eth2:10+trunk_remove:SW2:eth3:20,32188,32191,0.05,9.35,3,True,False,True,False,True,recovery_success,0.0051371518056839705,3,2,0,0,0,0,0,0,0
3071,5103,access_vlan:SW1:eth1:20+trunk_remove:SW1:eth3:20,32191,32194,0.05,9.35,3,True,False,True,False,True,recovery_success,0.0033041974529623985,3,2,0,0,0,0,0,0,0
3072,5104,access_vlan:SW1:eth2:10+access_vlan:SW2:eth1:20+trunk_remove:SW1:eth3:10+trunk_remove:SW1:eth3:20+trunk_remove:SW2:eth3:10+trunk_remove:SW2:eth3:20,32194,32201,0.05,8.149999999999999,7,True,False,True,False,True,recovery_success,0.00831457510191415,7,6,0,0,0,0,0,0,0
3073,5105,access_vlan:SW1:eth2:10+access_vlan:SW2:eth1:20+access_vlan:SW2:eth2:10+trunk_remove:SW1:eth3:10+trunk_remove:SW2:eth3:10,32201,32207,0.05,7.949999999999999,6,True,False,True,False,True,recovery_success,0.007913750208293399,6,5,0,0,1,1,1,0,0
3074,5106,access_vlan:SW2:eth1:20+access_vlan:SW2:eth2:10+trunk_remove:SW1:eth3:10+trunk_remove:SW2:eth3:20,32207,32212,0.05,8.25,5,True,False,True,False,True,recovery_success,0.006366457231342793,5,4,0,0,1,1,1,0,0
3075,5107,access_vlan:SW2:eth2:10+trunk_remove:SW1:eth3:10+trunk_remove:SW2:eth3:10,32212,32216,0.05,9.049999999999999,4,True,False,True,False,True,recovery_success,0.008346346323378384,4,3,0,0,0,0,0,0,0
3076,5108,access_vlan:SW2:eth2:10+trunk_remove:SW2:eth3:20,32216,32219,0.05,9.35,3,True,False,True,False,True,recovery_success,0.004852318825821082,3,2,0,0,0,0,0,0,0
3077,5109,access_vlan:SW1:eth2:10+access_vlan:SW2:eth2:10+trunk_remove:SW1:eth3:10+trunk_remove:SW2:eth3:10,32219,32224,0.05,8.75,5,True,False,True,False,True,recovery_success,0.0047292476054281,5,4,0,0,0,0,0,0,0
3078,5110,trunk_remove:SW2:eth3:20,32224,32226,0.05,9.649999999999999,2,True,False,True,False,True,recovery_success,0.002944433712400496,2,1,0,0,0,0,0,0,0
3079,5111,access_vlan:SW1:eth1:20+access_vlan:SW1:eth2:10+access_vlan:SW2:eth2:10+trunk_remove:SW1:eth3:10,32226,32229,0.05,9.35,3,True,False,True,False,True,recovery_success,0.0034609419914583364,3,2,0,0,0,0,0,0,0
3080,5112,access_vlan:SW1:eth2:10+access_vlan:SW2:eth1:20+trunk_remove:SW1:eth3:10+trunk_remove:SW2:eth3:10+trunk_remove:SW2:eth3:20,32229,32235,0.05,8.45,6,True,False,True,False,True,recovery_success,0.004920570684286456,6,5,0,0,0,0,0,0,0
3081,5113,access_vlan:SW1:eth1:20+access_vlan:SW1:eth2:10+access_vlan:SW2:eth1:20+trunk_remove:SW2:eth3:20,32235,32238,0.05,9.35,3,True,False,True,False,True,recovery_success,0.004626167162011067,3,2,0,0,0,0,0,0,0
3082,5114,access_vlan:SW1:eth1:20+access_vlan:SW1:eth2:10+access_vlan:SW2:eth1:20+trunk_remove:SW1:eth3:10+trunk_remove:SW1:eth3:20,32238,32242,0.05,9.049999999999999,4,True,False,True,False,True,recovery_success,0.0038106251158751547,4,3,0,0,0,0,0,0,0
3083,5115,access_vlan:SW1:eth1:20+access_vlan:SW1:eth2:10+access_vlan:SW2:eth2:10+trunk_remove:SW1:eth3:10+trunk_remove:SW1:eth3:20+trunk_remove:SW2:eth3:10+trunk_remove:SW2:eth3:20,32242,32272,0.05,-4.95,30,True,False,False,True,False,step_limit,0.0054987627547234295,30,3,27,0,0,0,0,0,2
3084,5116,access_vlan:SW1:eth2:10+access_vlan:SW2:eth2:10+trunk_remove:SW2:eth3:10,32272,32276,0.05,9.049999999999999,4,True,False,True,False,True,recovery_success,0.003718105610460043,4,3,0,0,0,0,0,0,0
3085,5117,access_vlan:SW1:eth1:20+access_vlan:SW1:eth2:10+trunk_remove:SW1:eth3:10+trunk_remove:SW1:eth3:20+trunk_remove:SW2:eth3:10+trunk_remove:SW2:eth3:20,32276,32285,0.05,7.35,9,True,False,True,False,True,recovery_success,0.0046031290096127326,9,6,2,0,1,1,1,0,0
3086,5118,access_vlan:SW2:eth1:20+access_vlan:SW2:eth2:10+trunk_remove:SW2:eth3:20,32285,32289,0.05,8.549999999999999,4,True,False,True,False,True,recovery_success,0.005800526589155197,4,3,0,0,1,1,1,0,0
3087,5119,trunk_remove:SW1:eth3:10,32289,32293,0.05,8.549999999999999,4,True,False,True,False,True,recovery_success,0.0030495287501253188,4,3,0,0,1,1,1,1,0
3088,5120,access_vlan:SW1:eth1:20+access_vlan:SW2:eth1:20+access_vlan:SW2:eth2:10+trunk_remove:SW2:eth3:20,32293,32296,0.05,9.35,3,True,False,True,False,True,recovery_success,0.006103242825095852,3,2,0,0,0,0,0,0,0
3089,5121,access_vlan:SW2:eth2:10+trunk_remove:SW1:eth3:10+trunk_remove:SW2:eth3:20,32296,32300,0.05,9.049999999999999,4,True,False,True,False,True,recovery_success,0.004706070409156382,4,3,0,0,0,0,0,0,0
3090,5122,access_vlan:SW2:eth1:20+access_vlan:SW2:eth2:10+trunk_remove:SW1:eth3:10+trunk_remove:SW1:eth3:20,32300,32305,0.05,-11.75,5,True,False,True,False,False,incorrect_declare_done,0.005347694456577301,5,4,0,0,1,1,1,0,3
3091,5123,access_vlan:SW1:eth1:20+access_vlan:SW1:eth2:10+access_vlan:SW2:eth2:10,32305,32308,0.05,9.5,3,True,False,True,False,True,recovery_success,0.005156178803493579,3,1,1,0,0,0,0,0,0
3092,5124,access_vlan:SW1:eth2:10+trunk_remove:SW1:eth3:10+trunk_remove:SW1:eth3:20+trunk_remove:SW2:eth3:10+trunk_remove:SW2:eth3:20,32308,32314,0.05,8.45,6,True,False,True,False,True,recovery_success,0.004293343207488458,6,5,0,0,0,0,0,0,0
3093,5125,access_vlan:SW1:eth1:20+access_vlan:SW1:eth2:10+access_vlan:SW2:eth2:10+trunk_remove:SW2:eth3:20,32314,32317,0.05,9.35,3,True,False,True,False,True,recovery_success,0.004436835491408904,3,2,0,0,0,0,0,0,0
3094,5126,access_vlan:SW2:eth1:20+access_vlan:SW2:eth2:10+trunk_remove:SW1:eth3:10+trunk_remove:SW1:eth3:20+trunk_remove:SW2:eth3:20,32317,32327,0.05,6.55,10,True,False,True,False,True,recovery_success,0.005938320746645331,10,7,2,0,2,2,2,0,0
3095,5127,access_vlan:SW1:eth1:20+access_vlan:SW2:eth1:20+trunk_remove:SW1:eth3:10+trunk_remove:SW1:eth3:20+trunk_remove:SW2:eth3:10+trunk_remove:SW2:eth3:20,32327,32334,0.05,8.149999999999999,7,True,False,True,False,True,recovery_success,0.004246123833581805,7,6,0,0,0,0,0,0,0
3096,5128,access_vlan:SW1:eth2:10+access_vlan:SW2:eth1:20+trunk_remove:SW1:eth3:20+trunk_remove:SW2:eth3:10,32334,32339,0.05,8.75,5,True,False,True,False,True,recovery_success,0.011474467441439628,5,4,0,0,0,0,0,0,0
3097,5129,access_vlan:SW2:eth2:10,32339,32341,0.05,9.649999999999999,2,True,False,True,False,True,recovery_success,0.0034691141918301582,2,1,0,0,0,0,0,0,0
3098,5130,access_vlan:SW2:eth1:20+access_vlan:SW2:eth2:10+trunk_remove:SW1:eth3:10+trunk_remove:SW1:eth3:20,32341,32348,0.05,7.949999999999999,7,True,False,True,False,True,recovery_success,0.004509006759950093,7,4,2,0,1,1,1,0,0
3099,5131,access_vlan:SW1:eth2:10+access_vlan:SW2:eth2:10+trunk_remove:SW1:eth3:20+trunk_remove:SW2:eth3:10+trunk_remove:SW2:eth3:20,32348,32354,0.05,8.45,6,True,False,True,False,True,recovery_success,0.004943475670491655,6,5,0,0,0,0,0,0,0
3100,5132,access_vlan:SW1:eth1:20+access_vlan:SW1:eth2:10+trunk_remove:SW1:eth3:10+trunk_remove:SW1:eth3:20+trunk_remove:SW2:eth3:10+trunk_remove:SW2:eth3:20,32354,32361,0.05,7.6499999999999995,7,True,False,True,False,True,recovery_success,0.004772960008787257,7,6,0,0,1,1,1,0,0
3101,5133,access_vlan:SW1:eth2:10+trunk_remove:SW1:eth3:10+trunk_remove:SW1:eth3:20,32361,32365,0.05,9.049999999999999,4,True,False,True,False,True,recovery_success,0.010214156121946871,4,3,0,0,0,0,0,0,0
3102,5134,access_vlan:SW2:eth1:20+trunk_remove:SW1:eth3:10+trunk_remove:SW1:eth3:20+trunk_remove:SW2:eth3:10,32365,32370,0.05,8.75,5,True,False,True,False,True,recovery_success,0.004341063741594553,5,4,0,0,0,0,0,0,0
3103,5135,access_vlan:SW1:eth1:20+access_vlan:SW1:eth2:10+access_vlan:SW2:eth1:20+trunk_remove:SW1:eth3:10+trunk_remove:SW2:eth3:20,32370,32374,0.05,9.049999999999999,4,True,False,True,False,True,recovery_success,0.003601230389904231,4,3,0,0,0,0,0,0,0
3104,5136,access_vlan:SW1:eth2:10+access_vlan:SW2:eth1:20+access_vlan:SW2:eth2:10,32374,32376,0.05,9.649999999999999,2,True,False,True,False,True,recovery_success,0.0038761115865781903,2,1,0,0,0,0,0,0,0
3105,5137,access_vlan:SW1:eth2:10+access_vlan:SW2:eth1:20+access_vlan:SW2:eth2:10+trunk_remove:SW1:eth3:10+trunk_remove:SW2:eth3:10,32376,32380,0.05,9.049999999999999,4,True,False,True,False,True,recovery_success,0.005533421761356294,4,3,0,0,0,0,0,0,0
3106,5138,access_vlan:SW1:eth1:20+trunk_remove:SW2:eth3:20,32380,32383,0.05,9.35,3,True,False,True,False,True,recovery_success,0.0047535748065759735,3,2,0,0,0,0,0,0,0
3107,5139,access_vlan:SW1:eth1:20+access_vlan:SW1:eth2:10+trunk_remove:SW1:eth3:10,32383,32387,0.05,8.549999999999999,4,True,False,True,False,True,recovery_success,0.0029192535439506173,4,3,0,0,1,1,1,0,0
3108,5140,access_vlan:SW1:eth2:10+access_vlan:SW2:eth1:20+trunk_remove:SW1:eth3:10,32387,32392,0.05,8.899999999999999,5,True,False,True,False,True,recovery_success,0.009341380279511213,5,3,1,0,0,0,0,0,0
3109,5141,access_vlan:SW2:eth1:20+access_vlan:SW2:eth2:10+trunk_remove:SW1:eth3:10+trunk_remove:SW1:eth3:20+trunk_remove:SW2:eth3:20,32392,32398,0.05,7.949999999999999,6,True,False,True,False,True,recovery_success,0.003144716436509043,6,5,0,0,1,1,1,0,0
3110,5142,access_vlan:SW1:eth2:10+access_vlan:SW2:eth1:20+trunk_remove:SW1:eth3:10+trunk_remove:SW2:eth3:10+trunk_remove:SW2:eth3:20,32398,32404,0.05,8.45,6,True,False,True,False,True,recovery_success,0.0029056576701502004,6,5,0,0,0,0,0,0,0
3111,5143,access_vlan:SW1:eth1:20+access_vlan:SW1:eth2:10+access_vlan:SW2:eth2:10+trunk_remove:SW2:eth3:20,32404,32407,0.05,9.35,3,True,False,True,False,True,recovery_success,0.004139462485909462,3,2,0,0,0,0,0,0,0
3112,5144,access_vlan:SW1:eth2:10+access_vlan:SW2:eth2:10+trunk_remove:SW1:eth3:20+trunk_remove:SW2:eth3:10,32407,32412,0.05,8.75,5,True,False,True,False,True,recovery_success,0.005404680222272873,5,4,0,0,0,0,0,0,0
3113,5145,trunk_remove:SW1:eth3:20+trunk_remove:SW2:eth3:10+trunk_remove:SW2:eth3:20,32412,32416,0.05,9.049999999999999,4,True,False,True,False,True,recovery_success,0.0036528499331325293,4,3,0,0,0,0,0,0,0
3114,5146,access_vlan:SW1:eth1:20+trunk_remove:SW1:eth3:10+trunk_remove:SW2:eth3:10+trunk_remove:SW2:eth3:20,32416,32421,0.05,8.75,5,True,False,True,False,True,recovery_success,0.0054897557944059375,5,4,0,0,0,0,0,0,0
3115,5147,access_vlan:SW1:eth1:20+access_vlan:SW2:eth1:20+access_vlan:SW2:eth2:10+trunk_remove:SW1:eth3:10+trunk_remove:SW2:eth3:10+trunk_remove:SW2:eth3:20,32421,32424,0.05,-10.65,3,True,False,True,False,False,incorrect_declare_done,0.005129911005496979,3,2,0,0,0,0,0,0,2
3116,5148,access_vlan:SW1:eth2:10+trunk_remove:SW1:eth3:10+trunk_remove:SW2:eth3:20,32424,32428,0.05,9.049999999999999,4,True,False,True,False,True,recovery_success,0.005366996629163623,4,3,0,0,0,0,0,0,0
3117,5149,access_vlan:SW2:eth1:20+trunk_remove:SW1:eth3:10+trunk_remove:SW2:eth3:10+trunk_remove:SW2:eth3:20,32428,32433,0.05,8.75,5,True,False,True,False,True,recovery_success,0.0038725554011762144,5,4,0,0,0,0,0,0,0
3118,5150,access_vlan:SW1:eth2:10+access_vlan:SW2:eth1:20+access_vlan:SW2:eth2:10+trunk_remove:SW1:eth3:10,32433,32436,0.05,9.35,3,True,False,True,False,True,recovery_success,0.0031435973942279816,3,2,0,0,0,0,0,0,0
3119,5151,access_vlan:SW1:eth1:20+access_vlan:SW2:eth2:10+trunk_remove:SW1:eth3:10+trunk_remove:SW2:eth3:10+trunk_remove:SW2:eth3:20,32436,32442,0.05,8.45,6,True,False,True,False,True,recovery_success,0.0034578697911153236,6,5,0,0,0,0,0,0,0
3120,5152,access_vlan:SW1:eth1:20+access_vlan:SW1:eth2:10+trunk_remove:SW1:eth3:20+trunk_remove:SW2:eth3:10+trunk_remove:SW2:eth3:20,32442,32448,0.05,7.949999999999999,6,True,False,True,False,True,recovery_success,0.004652451917839547,6,5,0,0,1,1,1,0,0
3121,5153,access_vlan:SW1:eth2:10+trunk_remove:SW1:eth3:20+trunk_remove:SW2:eth3:10,32448,32452,0.05,9.049999999999999,4,True,False,True,False,True,recovery_success,0.008831219573039562,4,3,0,0,0,0,0,0,0
3122,5154,access_vlan:SW2:eth1:20+access_vlan:SW2:eth2:10+trunk_remove:SW1:eth3:10+trunk_remove:SW1:eth3:20+trunk_remove:SW2:eth3:10+trunk_remove:SW2:eth3:20,32452,32459,0.05,7.6499999999999995,7,True,False,True,False,True,recovery_success,0.0035313687819455352,7,6,0,0,1,1,1,0,0
3123,5155,access_vlan:SW1:eth2:10+access_vlan:SW2:eth1:20+access_vlan:SW2:eth2:10+trunk_remove:SW1:eth3:10+trunk_remove:SW1:eth3:20+trunk_remove:SW2:eth3:10+trunk_remove:SW2:eth3:20,32459,32489,0.05,-5.5500000000000025,30,True,False,False,True,False,step_limit,0.0064811621637394035,30,6,23,0,0,0,0,0,2
3124,5156,access_vlan:SW1:eth1:20+access_vlan:SW2:eth1:20+trunk_remove:SW1:eth3:20,32489,32493,0.05,9.049999999999999,4,True,False,True,False,True,recovery_success,0.0029293846455402672,4,3,0,0,0,0,0,0,0
3125,5157,access_vlan:SW1:eth2:10+access_vlan:SW2:eth1:20+access_vlan:SW2:eth2:10+trunk_remove:SW2:eth3:10+trunk_remove:SW2:eth3:20,32493,32497,0.05,9.049999999999999,4,True,False,True,False,True,recovery_success,0.003509832313284278,4,3,0,0,0,0,0,0,0
3126,5158,access_vlan:SW1:eth1:20+access_vlan:SW2:eth1:20+access_vlan:SW2:eth2:10+trunk_remove:SW1:eth3:10+trunk_remove:SW1:eth3:20+trunk_remove:SW2:eth3:10+trunk_remove:SW2:eth3:20,32497,32504,0.05,8.299999999999999,7,True,False,True,False,True,recovery_success,0.005162045858534319,7,5,1,0,0,0,0,0,0
3127,5159,access_vlan:SW1:eth1:20+access_vlan:SW2:eth1:20+trunk_remove:SW1:eth3:10+trunk_remove:SW1:eth3:20,32504,32509,0.05,8.75,5,True,False,True,False,True,recovery_success,0.007251631747931242,5,4,0,0,0,0,0,0,0
3128,5160,access_vlan:SW1:eth1:20+access_vlan:SW2:eth1:20+access_vlan:SW2:eth2:10+trunk_remove:SW1:eth3:10,32509,32512,0.05,9.35,3,True,False,True,False,True,recovery_success,0.00609100175400575,3,2,0,0,0,0,0,0,0
3129,5161,access_vlan:SW1:eth2:10+access_vlan:SW2:eth2:10+trunk_remove:SW1:eth3:20+trunk_remove:SW2:eth3:20,32512,32517,0.05,8.25,5,True,False,True,False,True,recovery_success,0.007361202221363783,5,4,0,0,1,1,1,0,0
3130,5162,access_vlan:SW2:eth2:10+trunk_remove:SW1:eth3:20,32517,32522,0.05,8.75,5,True,False,True,False,True,recovery_success,0.008038415107876062,5,4,0,0,0,0,0,0,0
3131,5163,access_vlan:SW1:eth2:10+access_vlan:SW2:eth1:20+trunk_remove:SW1:eth3:10+trunk_remove:SW1:eth3:20+trunk_remove:SW2:eth3:10,32522,32530,0.05,7.35,8,True,False,True,False,True,recovery_success,0.00520087854238227,8,7,0,0,1,1,1,1,0
3132,5164,access_vlan:SW1:eth2:10+access_vlan:SW2:eth1:20+trunk_remove:SW1:eth3:20+trunk_remove:SW2:eth3:10,32530,32535,0.05,8.75,5,True,False,True,False,True,recovery_success,0.0051004969049245116,5,4,0,0,0,0,0,0,0
3133,5165,access_vlan:SW1:eth1:20+access_vlan:SW2:eth1:20+trunk_remove:SW1:eth3:20,32535,32539,0.05,9.049999999999999,4,True,False,True,False,True,recovery_success,0.003810013353358954,4,3,0,0,0,0,0,0,0
3134,5166,access_vlan:SW2:eth1:20+access_vlan:SW2:eth2:10+trunk_remove:SW1:eth3:20,32539,32543,0.05,8.549999999999999,4,True,False,True,False,True,recovery_success,0.005683174065779895,4,3,0,0,1,1,1,0,0
3135,5167,access_vlan:SW1:eth2:10+access_vlan:SW2:eth1:20+trunk_remove:SW1:eth3:10+trunk_remove:SW2:eth3:20,32543,32550,0.05,7.6499999999999995,7,True,False,True,False,True,recovery_success,0.004871227113263947,7,6,0,0,1,1,1,0,0
3136,5168,access_vlan:SW1:eth1:20+access_vlan:SW1:eth2:10+access_vlan:SW2:eth1:20+access_vlan:SW2:eth2:10+trunk_remove:SW1:eth3:20+trunk_remove:SW2:eth3:20,32550,32553,0.05,9.35,3,True,False,True,False,True,recovery_success,0.003853239662324389,3,2,0,0,0,0,0,0,0
3137,5169,access_vlan:SW1:eth2:10+access_vlan:SW2:eth1:20+trunk_remove:SW1:eth3:20+trunk_remove:SW2:eth3:10+trunk_remove:SW2:eth3:20,32553,32559,0.05,8.45,6,True,False,True,False,True,recovery_success,0.011046164125824967,6,5,0,0,0,0,0,0,0
3138,5170,access_vlan:SW1:eth1:20+trunk_remove:SW1:eth3:10+trunk_remove:SW1:eth3:20+trunk_remove:SW2:eth3:10+trunk_remove:SW2:eth3:20,32559,32565,0.05,8.45,6,True,False,True,False,True,recovery_success,0.004352654019991557,6,5,0,0,0,0,0,0,0
3139,5171,access_vlan:SW1:eth1:20+access_vlan:SW1:eth2:10+trunk_remove:SW1:eth3:20+trunk_remove:SW2:eth3:20,32565,32570,0.05,8.25,5,True,False,True,False,True,recovery_success,0.005986171355471015,5,4,0,0,1,1,1,0,0
3140,5172,access_vlan:SW1:eth1:20+access_vlan:SW2:eth1:20+access_vlan:SW2:eth2:10+trunk_remove:SW2:eth3:10,32570,32573,0.05,9.35,3,True,False,True,False,True,recovery_success,0.0038511198945343494,3,2,0,0,0,0,0,0,0
3141,5173,access_vlan:SW1:eth1:20+access_vlan:SW1:eth2:10+trunk_remove:SW2:eth3:10+trunk_remove:SW2:eth3:20,32573,32578,0.05,8.25,5,True,False,True,False,True,recovery_success,0.007771661272272468,5,4,0,0,1,1,1,0,0
3142,5174,access_vlan:SW1:eth1:20+access_vlan:SW2:eth1:20+trunk_remove:SW2:eth3:10+trunk_remove:SW2:eth3:20,32578,32580,0.05,-10.350000000000001,2,True,False,True,False,False,incorrect_declare_done,0.007518721628002822,2,1,0,0,0,0,0,0,3
3143,5175,access_vlan:SW2:eth1:20+access_vlan:SW2:eth2:10+trunk_remove:SW1:eth3:20+trunk_remove:SW2:eth3:20,32580,32585,0.05,8.25,5,True,False,True,False,True,recovery_success,0.008073102589696646,5,4,0,0,1,1,1,0,0
3144,5176,access_vlan:SW1:eth1:20+trunk_remove:SW1:eth3:20,32585,32588,0.05,9.35,3,True,False,True,False,True,recovery_success,0.0040742571000009775,3,2,0,0,0,0,0,0,0
3145,5177,access_vlan:SW1:eth1:20+trunk_remove:SW2:eth3:10+trunk_remove:SW2:eth3:20,32588,32592,0.05,9.049999999999999,4,True,False,True,False,True,recovery_success,0.005356749868951738,4,3,0,0,0,0,0,0,0
3146,5178,access_vlan:SW1:eth1:20+access_vlan:SW2:eth1:20+access_vlan:SW2:eth2:10+trunk_remove:SW1:eth3:10,32592,32595,0.05,9.35,3,True,False,True,False,True,recovery_success,0.00510557321831584,3,2,0,0,0,0,0,0,0
3147,5179,access_vlan:SW1:eth1:20+access_vlan:SW1:eth2:10+access_vlan:SW2:eth1:20+access_vlan:SW2:eth2:10+trunk_remove:SW1:eth3:10+trunk_remove:SW1:eth3:20+trunk_remove:SW2:eth3:10,32595,32599,0.05,9.049999999999999,4,True,False,True,False,True,recovery_success,0.003978879482019693,4,3,0,0,0,0,0,0,0
3148,5180,access_vlan:SW1:eth1:20+access_vlan:SW1:eth2:10+access_vlan:SW2:eth1:20+access_vlan:SW2:eth2:10+trunk_remove:SW1:eth3:10+trunk_remove:SW1:eth3:20+trunk_remove:SW2:eth3:10,32599,32603,0.05,9.049999999999999,4,True,False,True,False,True,recovery_success,0.003603721735998988,4,3,0,0,0,0,0,0,0
3149,5181,access_vlan:SW1:eth2:10+trunk_remove:SW1:eth3:10+trunk_remove:SW1:eth3:20,32603,32607,0.05,9.049999999999999,4,True,False,True,False,True,recovery_success,0.006777041824534535,4,3,0,0,0,0,0,0,0
3150,5182,access_vlan:SW2:eth1:20+trunk_remove:SW1:eth3:10+trunk_remove:SW1:eth3:20,32607,32613,0.05,8.75,6,True,False,True,False,True,recovery_success,0.005258990490498642,6,3,2,0,0,0,0,0,0
3151,5183,access_vlan:SW2:eth2:10+trunk_remove:SW1:eth3:10+trunk_remove:SW1:eth3:20+trunk_remove:SW2:eth3:10+trunk_remove:SW2:eth3:20,32613,32619,0.05,8.45,6,True,False,True,False,True,recovery_success,0.005898607390311857,6,5,0,0,0,0,0,0,0
3152,5184,access_vlan:SW1:eth2:10+access_vlan:SW2:eth1:20+access_vlan:SW2:eth2:10+trunk_remove:SW1:eth3:20+trunk_remove:SW2:eth3:20,32619,32623,0.05,9.049999999999999,4,True,False,True,False,True,recovery_success,0.003587057290133089,4,3,0,0,0,0,0,0,0
3153,5185,access_vlan:SW1:eth1:20+access_vlan:SW2:eth2:10+trunk_remove:SW1:eth3:20,32623,32627,0.05,9.049999999999999,4,True,False,True,False,True,recovery_success,0.03750809311168268,4,3,0,0,0,0,0,0,0
3154,5186,access_vlan:SW1:eth1:20+trunk_remove:SW1:eth3:10+trunk_remove:SW2:eth3:10+trunk_remove:SW2:eth3:20,32627,32632,0.05,8.75,5,True,False,True,False,True,recovery_success,0.022360815852880477,5,4,0,0,0,0,0,0,0
3155,5187,access_vlan:SW1:eth2:10+trunk_remove:SW2:eth3:20,32632,32635,0.05,9.35,3,True,False,True,False,True,recovery_success,0.023990058650573094,3,2,0,0,0,0,0,0,0
3156,5188,access_vlan:SW2:eth1:20+access_vlan:SW2:eth2:10+trunk_remove:SW1:eth3:10+trunk_remove:SW2:eth3:10+trunk_remove:SW2:eth3:20,32635,32642,0.05,7.799999999999999,7,True,False,True,False,True,recovery_success,0.014583838238779987,7,5,1,0,1,1,1,0,0
3157,5189,access_vlan:SW1:eth1:20+access_vlan:SW1:eth2:10+access_vlan:SW2:eth1:20+trunk_remove:SW1:eth3:10+trunk_remove:SW2:eth3:10,32642,32646,0.05,9.049999999999999,4,True,False,True,False,True,recovery_success,0.010619575274176896,4,3,0,0,0,0,0,0,0
3158,5190,access_vlan:SW1:eth2:10+trunk_remove:SW1:eth3:20+trunk_remove:SW2:eth3:10,32646,32650,0.05,9.049999999999999,4,True,False,True,False,True,recovery_success,0.010909956297837198,4,3,0,0,0,0,0,0,0
3159,5191,access_vlan:SW1:eth2:10+trunk_remove:SW2:eth3:10+trunk_remove:SW2:eth3:20,32650,32654,0.05,9.049999999999999,4,True,False,True,False,True,recovery_success,0.009129868471063673,4,3,0,0,0,0,0,0,0
3160,5192,access_vlan:SW1:eth1:20+access_vlan:SW2:eth1:20+trunk_remove:SW1:eth3:10+trunk_remove:SW2:eth3:10+trunk_remove:SW2:eth3:20,32654,32662,0.05,6.35,8,True,False,True,False,True,recovery_success,0.020284399623051286,8,7,0,0,3,3,1,1,0
3161,5193,access_vlan:SW1:eth1:20+access_vlan:SW1:eth2:10+trunk_remove:SW2:eth3:20,32662,32667,0.05,8.399999999999999,5,True,False,True,False,True,recovery_success,0.022935018874704838,5,3,1,0,1,1,1,0,0
3162,5194,access_vlan:SW1:eth1:20+access_vlan:SW2:eth1:20+trunk_remove:SW1:eth3:20+trunk_remove:SW2:eth3:10+trunk_remove:SW2:eth3:20,32667,32673,0.05,8.45,6,True,False,True,False,True,recovery_success,0.03593085838171343,6,5,0,0,0,0,0,0,0
3163,5195,access_vlan:SW1:eth2:10+access_vlan:SW2:eth1:20+access_vlan:SW2:eth2:10+trunk_remove:SW1:eth3:10,32673,32676,0.05,9.35,3,True,False,True,False,True,recovery_success,0.00850309586773316,3,2,0,0,0,0,0,0,0
3164,5196,trunk_remove:SW2:eth3:10+trunk_remove:SW2:eth3:20,32676,32679,0.05,9.35,3,True,False,True,False,True,recovery_success,0.009332016420861086,3,2,0,0,0,0,0,0,0
3165,5197,access_vlan:SW1:eth1:20+access_vlan:SW1:eth2:10+access_vlan:SW2:eth1:20,32679,32681,0.05,9.649999999999999,2,True,False,True,False,True,recovery_success,0.01634507393464446,2,1,0,0,0,0,0,0,0
3166,5198,access_vlan:SW1:eth1:20+access_vlan:SW1:eth2:10+access_vlan:SW2:eth2:10+trunk_remove:SW2:eth3:20,32681,32685,0.05,9.2,4,True,False,True,False,True,recovery_success,0.009385367389768362,4,2,1,0,0,0,0,0,0
3167,5199,access_vlan:SW1:eth1:20+access_vlan:SW1:eth2:10+access_vlan:SW2:eth2:10+trunk_remove:SW2:eth3:10,32685,32688,0.05,9.35,3,True,False,True,False,True,recovery_success,0.007808305944005649,3,2,0,0,0,0,0,0,0
3168,5200,access_vlan:SW1:eth2:10+access_vlan:SW2:eth1:20+access_vlan:SW2:eth2:10+trunk_remove:SW1:eth3:20+trunk_remove:SW2:eth3:10,32688,32694,0.05,7.949999999999999,6,True,False,True,False,True,recovery_success,0.00698007798443238,6,5,0,0,1,1,1,0,0
3169,5201,access_vlan:SW1:eth2:10+access_vlan:SW2:eth1:20+trunk_remove:SW1:eth3:10+trunk_remove:SW2:eth3:10,32694,32699,0.05,8.75,5,True,False,True,False,True,recovery_success,0.004516623308882117,5,4,0,0,0,0,0,0,0
3170,5202,access_vlan:SW1:eth1:20+access_vlan:SW2:eth2:10+trunk_remove:SW1:eth3:20,32699,32705,0.05,6.949999999999999,6,True,False,True,False,True,recovery_success,0.0040815268487979965,6,5,0,0,3,3,1,1,0
3171,5203,access_vlan:SW2:eth1:20+access_vlan:SW2:eth2:10+trunk_remove:SW1:eth3:20+trunk_remove:SW2:eth3:10,32705,32710,0.05,8.25,5,True,False,True,False,True,recovery_success,0.003367322403937578,5,4,0,0,1,1,1,0,0
3172,5204,access_vlan:SW1:eth2:10+trunk_remove:SW2:eth3:20,32710,32713,0.05,9.35,3,True,False,True,False,True,recovery_success,0.0026059089383731284,3,2,0,0,0,0,0,0,0
3173,5205,access_vlan:SW1:eth2:10+access_vlan:SW2:eth1:20+access_vlan:SW2:eth2:10+trunk_remove:SW1:eth3:10+trunk_remove:SW1:eth3:20+trunk_remove:SW2:eth3:10+trunk_remove:SW2:eth3:20,32713,32719,0.05,8.45,6,True,False,True,False,True,recovery_success,0.0032493029333030186,6,5,0,0,0,0,0,0,0
3174,5206,access_vlan:SW1:eth1:20+access_vlan:SW2:eth1:20+access_vlan:SW2:eth2:10+trunk_remove:SW2:eth3:10,32719,32723,0.05,9.2,4,True,False,True,False,True,recovery_success,0.002484696975443512,4,2,1,0,0,0,0,0,0
3175,5207,access_vlan:SW1:eth1:20+access_vlan:SW2:eth2:10+trunk_remove:SW1:eth3:20,32723,32727,0.05,9.049999999999999,4,True,False,True,False,True,recovery_success,0.0025423637707717717,4,3,0,0,0,0,0,0,0
3176,5208,access_vlan:SW2:eth2:10+trunk_remove:SW2:eth3:20,32727,32730,0.05,9.35,3,True,False,True,False,True,recovery_success,0.0037886713786671558,3,2,0,0,0,0,0,0,0
3177,5209,access_vlan:SW2:eth1:20+access_vlan:SW2:eth2:10+trunk_remove:SW1:eth3:10+trunk_remove:SW1:eth3:20+trunk_remove:SW2:eth3:10+trunk_remove:SW2:eth3:20,32730,32737,0.05,7.6499999999999995,7,True,False,True,False,True,recovery_success,0.0028427571523934603,7,6,0,0,1,1,1,0,0
3178,5210,access_vlan:SW1:eth2:10+access_vlan:SW2:eth2:10+trunk_remove:SW1:eth3:10+trunk_remove:SW2:eth3:10,32737,32742,0.05,8.75,5,True,False,True,False,True,recovery_success,0.002830796060152352,5,4,0,0,0,0,0,0,0
3179,5211,access_vlan:SW2:eth2:10+trunk_remove:SW1:eth3:10+trunk_remove:SW1:eth3:20+trunk_remove:SW2:eth3:10+trunk_remove:SW2:eth3:20,32742,32748,0.05,8.45,6,True,False,True,False,True,recovery_success,0.0025492684023144343,6,5,0,0,0,0,0,0,0
3180,5212,access_vlan:SW1:eth1:20+access_vlan:SW1:eth2:10+access_vlan:SW2:eth1:20+access_vlan:SW2:eth2:10,32748,32749,0.05,9.95,1,True,False,True,False,True,recovery_success,0.0023224104661494493,1,0,0,0,0,0,0,0,0
3181,5213,access_vlan:SW1:eth1:20+access_vlan:SW1:eth2:10+access_vlan:SW2:eth2:10+trunk_remove:SW1:eth3:20+trunk_remove:SW2:eth3:10,32749,32755,0.05,6.949999999999999,6,True,False,True,False,True,recovery_success,0.025998991914093494,6,5,0,0,3,3,1,1,0
3182,5214,access_vlan:SW1:eth1:20+trunk_remove:SW1:eth3:20,32755,32758,0.05,9.35,3,True,False,True,False,True,recovery_success,0.0029010631454487643,3,2,0,0,0,0,0,0,0
3183,5215,access_vlan:SW2:eth1:20+access_vlan:SW2:eth2:10+trunk_remove:SW1:eth3:20+trunk_remove:SW2:eth3:20,32758,32769,0.05,6.449999999999999,11,True,False,True,False,True,recovery_success,0.0035045836120843887,11,7,0,0,1,1,1,0,0
3184,5216,trunk_remove:SW2:eth3:20,32769,32771,0.05,9.649999999999999,2,True,False,True,False,True,recovery_success,0.002807432319968939,2,1,0,0,0,0,0,0,0
3185,5217,access_vlan:SW1:eth1:20+access_vlan:SW1:eth2:10+access_vlan:SW2:eth2:10+trunk_remove:SW1:eth3:10+trunk_remove:SW1:eth3:20+trunk_remove:SW2:eth3:10+trunk_remove:SW2:eth3:20,32771,32777,0.05,8.45,6,True,False,True,False,True,recovery_success,0.002546237277177473,6,5,0,0,0,0,0,0,0
3186,5218,access_vlan:SW1:eth1:20+access_vlan:SW1:eth2:10+access_vlan:SW2:eth1:20+trunk_remove:SW1:eth3:10,32777,32780,0.05,9.35,3,True,False,True,False,True,recovery_success,0.0024439978102842965,3,2,0,0,0,0,0,0,0
3187,5219,access_vlan:SW2:eth2:10,32780,32782,0.05,9.649999999999999,2,True,False,True,False,True,recovery_success,0.003718628198839724,2,1,0,0,0,0,0,0,0
3188,5220,access_vlan:SW2:eth2:10+trunk_remove:SW1:eth3:20+trunk_remove:SW2:eth3:20,32782,32786,0.05,9.049999999999999,4,True,False,True,False,True,recovery_success,0.0024645962985232472,4,3,0,0,0,0,0,0,0
3189,5221,access_vlan:SW1:eth1:20+access_vlan:SW2:eth1:20+trunk_remove:SW2:eth3:10+trunk_remove:SW2:eth3:20,32786,32791,0.05,8.75,5,True,False,True,False,True,recovery_success,0.0024990094359964134,5,4,0,0,0,0,0,0,0
3190,5222,access_vlan:SW1:eth1:20+access_vlan:SW1:eth2:10+access_vlan:SW2:eth1:20+trunk_remove:SW1:eth3:10,32791,32794,0.05,9.35,3,True,False,True,False,True,recovery_success,0.002525235991925001,3,2,0,0,0,0,0,0,0
3191,5223,access_vlan:SW1:eth1:20+access_vlan:SW1:eth2:10+trunk_remove:SW1:eth3:20+trunk_remove:SW2:eth3:10+trunk_remove:SW2:eth3:20,32794,32800,0.05,7.949999999999999,6,True,False,True,False,True,recovery_success,0.0024763700591089823,6,5,0,0,1,1,1,0,0
3192,5224,access_vlan:SW1:eth1:20+access_vlan:SW2:eth1:20+access_vlan:SW2:eth2:10+trunk_remove:SW1:eth3:10+trunk_remove:SW1:eth3:20+trunk_remove:SW2:eth3:10,32800,32805,0.05,8.75,5,True,False,True,False,True,recovery_success,0.0021008447743952273,5,4,0,0,0,0,0,0,0
3193,5225,access_vlan:SW1:eth1:20+access_vlan:SW1:eth2:10+access_vlan:SW2:eth1:20+access_vlan:SW2:eth2:10+trunk_remove:SW2:eth3:10,32805,32807,0.05,9.649999999999999,2,True,False,True,False,True,recovery_success,0.00287109415512532,2,1,0,0,0,0,0,0,0
3194,5226,access_vlan:SW1:eth1:20+access_vlan:SW1:eth2:10+access_vlan:SW2:eth1:20+access_vlan:SW2:eth2:10,32807,32808,0.05,9.95,1,True,False,True,False,True,recovery_success,0.004266077186912298,1,0,0,0,0,0,0,0,0
3195,5227,trunk_remove:SW1:eth3:10,32808,32812,0.05,8.549999999999999,4,True,False,True,False,True,recovery_success,0.0022597042261622846,4,2,0,0,1,1,1,1,0
3196,5228,access_vlan:SW1:eth1:20+access_vlan:SW1:eth2:10+access_vlan:SW2:eth1:20+access_vlan:SW2:eth2:10+trunk_remove:SW1:eth3:10+trunk_remove:SW1:eth3:20+trunk_remove:SW2:eth3:10+trunk_remove:SW2:eth3:20,32812,32818,0.05,8.6,6,True,False,True,False,True,recovery_success,0.0023149663660054407,6,4,1,0,0,0,0,0,0
3197,5229,access_vlan:SW1:eth2:10+access_vlan:SW2:eth1:20+access_vlan:SW2:eth2:10+trunk_remove:SW2:eth3:10+trunk_remove:SW2:eth3:20,32818,32822,0.05,9.049999999999999,4,True,False,True,False,True,recovery_success,0.0031582826341036707,4,3,0,0,0,0,0,0,0
3198,5230,access_vlan:SW2:eth1:20+access_vlan:SW2:eth2:10+trunk_remove:SW1:eth3:20,32822,32826,0.05,8.549999999999999,4,True,False,True,False,True,recovery_success,0.0041266195476055145,4,3,0,0,1,1,1,0,0
3199,5231,access_vlan:SW1:eth1:20+access_vlan:SW2:eth1:20+access_vlan:SW2:eth2:10+trunk_remove:SW1:eth3:10+trunk_remove:SW1:eth3:20+trunk_remove:SW2:eth3:10+trunk_remove:SW2:eth3:20,32826,32832,0.05,8.45,6,True,False,True,False,True,recovery_success,0.002869665448088199,6,5,0,0,0,0,0,0,0
3200,5232,access_vlan:SW1:eth2:10+trunk_remove:SW1:eth3:10+trunk_remove:SW1:eth3:20+trunk_remove:SW2:eth3:20,32832,32837,0.05,8.75,5,True,False,True,False,True,recovery_success,0.004817404388450086,5,4,0,0,0,0,0,0,0
3201,5233,access_vlan:SW1:eth1:20+trunk_remove:SW1:eth3:10+trunk_remove:SW1:eth3:20,32837,32843,0.05,7.949999999999999,6,True,False,True,False,True,recovery_success,0.002384523298436155,6,5,0,0,1,1,1,0,0
3202,5234,access_vlan:SW1:eth2:10+access_vlan:SW2:eth2:10+trunk_remove:SW1:eth3:10+trunk_remove:SW1:eth3:20+trunk_remove:SW2:eth3:10,32843,32851,0.05,7.85,8,True,False,True,False,True,recovery_success,0.006302361754933372,8,7,0,0,0,0,0,0,0
3203,5235,access_vlan:SW1:eth2:10+access_vlan:SW2:eth2:10+trunk_remove:SW1:eth3:10+trunk_remove:SW1:eth3:20+trunk_remove:SW2:eth3:20,32851,32859,0.05,7.35,8,True,False,True,False,True,recovery_success,0.004493976215599105,8,7,0,0,1,1,1,1,0
3204,5236,trunk_remove:SW1:eth3:10+trunk_remove:SW2:eth3:20,32859,32864,0.05,7.25,5,True,False,True,False,True,recovery_success,0.0034625215455889704,5,4,0,0,3,3,1,1,0
3205,5237,access_vlan:SW1:eth1:20+access_vlan:SW1:eth2:10+trunk_remove:SW1:eth3:20+trunk_remove:SW2:eth3:20,32864,32871,0.05,7.6499999999999995,7,True,False,True,False,True,recovery_success,0.004086023595716272,7,5,0,0,1,1,1,0,0
3206,5238,access_vlan:SW1:eth1:20+access_vlan:SW1:eth2:10+access_vlan:SW2:eth2:10+trunk_remove:SW1:eth3:10+trunk_remove:SW1:eth3:20,32871,32875,0.05,9.049999999999999,4,True,False,True,False,True,recovery_success,0.002114295115461573,4,3,0,0,0,0,0,0,0
3207,5239,access_vlan:SW1:eth1:20+access_vlan:SW2:eth1:20+access_vlan:SW2:eth2:10+trunk_remove:SW1:eth3:10,32875,32878,0.05,9.35,3,True,False,True,False,True,recovery_success,0.0033914823240290084,3,2,0,0,0,0,0,0,0
3208,5240,trunk_remove:SW2:eth3:20,32878,32880,0.05,9.649999999999999,2,True,False,True,False,True,recovery_success,0.006415599782485515,2,1,0,0,0,0,0,0,0
3209,5241,access_vlan:SW1:eth1:20+access_vlan:SW2:eth1:20+access_vlan:SW2:eth2:10+trunk_remove:SW1:eth3:10+trunk_remove:SW2:eth3:20,32880,32884,0.05,9.049999999999999,4,True,False,True,False,True,recovery_success,0.006919760839082301,4,3,0,0,0,0,0,0,0
3210,5242,access_vlan:SW1:eth2:10+access_vlan:SW2:eth1:20+trunk_remove:SW1:eth3:10,32884,32889,0.05,8.899999999999999,5,True,False,True,False,True,recovery_success,0.00492265671491623,5,3,1,0,0,0,0,0,0
3211,5243,trunk_remove:SW1:eth3:10,32889,32891,0.05,9.649999999999999,2,True,False,True,False,True,recovery_success,0.003903498756699264,2,1,0,0,0,0,0,0,0
3212,5244,trunk_remove:SW1:eth3:10+trunk_remove:SW2:eth3:20,32891,32894,0.05,9.35,3,True,False,True,False,True,recovery_success,0.003031182878961166,3,2,0,0,0,0,0,0,0
3213,5245,access_vlan:SW2:eth1:20+access_vlan:SW2:eth2:10,32894,32897,0.05,8.85,3,True,False,True,False,True,recovery_success,0.003886121092364192,3,2,0,0,1,1,1,0,0
3214,5246,trunk_remove:SW1:eth3:20+trunk_remove:SW2:eth3:10,32897,32900,0.05,9.35,3,True,False,True,False,True,recovery_success,0.005004587039972345,3,2,0,0,0,0,0,0,0
3215,5247,access_vlan:SW1:eth1:20+access_vlan:SW1:eth2:10+access_vlan:SW2:eth1:20+trunk_remove:SW2:eth3:10,32900,32903,0.05,9.35,3,True,False,True,False,True,recovery_success,0.004102011521657308,3,2,0,0,0,0,0,0,0
3216,5248,access_vlan:SW1:eth2:10+access_vlan:SW2:eth2:10+trunk_remove:SW1:eth3:10+trunk_remove:SW1:eth3:20+trunk_remove:SW2:eth3:10+trunk_remove:SW2:eth3:20,32903,32912,0.05,7.05,9,True,False,True,False,True,recovery_success,0.0024365446685502925,9,8,0,0,1,1,1,0,0
3217,5249,access_vlan:SW2:eth1:20+trunk_remove:SW2:eth3:10,32912,32915,0.05,9.35,3,True,False,True,False,True,recovery_success,0.0062786742734412355,3,2,0,0,0,0,0,0,0
3218,5250,access_vlan:SW1:eth2:10+access_vlan:SW2:eth1:20+trunk_remove:SW1:eth3:20+trunk_remove:SW2:eth3:10+trunk_remove:SW2:eth3:20,32915,32921,0.05,8.45,6,True,False,True,False,True,recovery_success,0.003036040929146111,6,5,0,0,0,0,0,0,0
3219,5251,access_vlan:SW1:eth2:10+access_vlan:SW2:eth2:10+trunk_remove:SW1:eth3:20+trunk_remove:SW2:eth3:10+trunk_remove:SW2:eth3:20,32921,32927,0.05,8.45,6,True,False,True,False,True,recovery_success,0.0035621060718161366,6,5,0,0,0,0,0,0,0
3220,5252,access_vlan:SW1:eth1:20+access_vlan:SW2:eth1:20+trunk_remove:SW1:eth3:10+trunk_remove:SW1:eth3:20+trunk_remove:SW2:eth3:20,32927,32933,0.05,8.45,6,True,False,True,False,True,recovery_success,0.0038980840084453425,6,5,0,0,0,0,0,0,0
3221,5253,access_vlan:SW1:eth2:10+trunk_remove:SW1:eth3:10+trunk_remove:SW1:eth3:20,32933,32939,0.05,7.949999999999999,6,True,False,True,False,True,recovery_success,0.0031274323312876127,6,5,0,0,1,1,1,0,0
3222,5254,access_vlan:SW1:eth2:10+access_vlan:SW2:eth1:20+access_vlan:SW2:eth2:10+trunk_remove:SW2:eth3:10,32939,32942,0.05,9.35,3,True,False,True,False,True,recovery_success,0.0030548523257796965,3,2,0,0,0,0,0,0,0
3223,5255,trunk_remove:SW1:eth3:10+trunk_remove:SW1:eth3:20+trunk_remove:SW2:eth3:20,32942,32946,0.05,9.049999999999999,4,True,False,True,False,True,recovery_success,0.0029821734060533345,4,3,0,0,0,0,0,0,0
3224,5256,access_vlan:SW1:eth2:10+access_vlan:SW2:eth1:20,32946,32950,0.05,-10.950000000000001,4,True,False,True,False,False,incorrect_declare_done,0.002554629056248814,4,3,0,0,0,0,0,0,1
3225,5257,access_vlan:SW1:eth2:10+trunk_remove:SW1:eth3:20,32950,32953,0.05,9.35,3,True,False,True,False,True,recovery_success,0.004563609060520927,3,2,0,0,0,0,0,0,0
3226,5258,access_vlan:SW1:eth2:10+access_vlan:SW2:eth2:10+trunk_remove:SW1:eth3:20+trunk_remove:SW2:eth3:10+trunk_remove:SW2:eth3:20,32953,32959,0.05,8.45,6,True,False,True,False,True,recovery_success,0.003972882191495349,6,5,0,0,0,0,0,0,0
3227,5259,access_vlan:SW1:eth2:10+access_vlan:SW2:eth2:10+trunk_remove:SW1:eth3:20+trunk_remove:SW2:eth3:20,32959,32964,0.05,8.25,5,True,False,True,False,True,recovery_success,0.0030496868304908274,5,4,0,0,1,1,1,0,0
3228,5260,access_vlan:SW1:eth2:10+trunk_remove:SW1:eth3:10+trunk_remove:SW2:eth3:10+trunk_remove:SW2:eth3:20,32964,32969,0.05,8.75,5,True,False,True,False,True,recovery_success,0.0043687370605766775,5,4,0,0,0,0,0,0,0
3229,5261,access_vlan:SW1:eth2:10+trunk_remove:SW1:eth3:20+trunk_remove:SW2:eth3:10,32969,32973,0.05,9.049999999999999,4,True,False,True,False,True,recovery_success,0.0028593362076207995,4,3,0,0,0,0,0,0,0
3230,5262,access_vlan:SW1:eth1:20+access_vlan:SW1:eth2:10+access_vlan:SW2:eth1:20+access_vlan:SW2:eth2:10+trunk_remove:SW1:eth3:20+trunk_remove:SW2:eth3:10,32973,32976,0.05,9.35,3,True,False,True,False,True,recovery_success,0.002868956420570612,3,2,0,0,0,0,0,0,0
3231,5263,access_vlan:SW1:eth2:10+trunk_remove:SW1:eth3:10+trunk_remove:SW1:eth3:20+trunk_remove:SW2:eth3:20,32976,32981,0.05,8.75,5,True,False,True,False,True,recovery_success,0.0021595258498564363,5,4,0,0,0,0,0,0,0
3232,5264,access_vlan:SW1:eth1:20+access_vlan:SW1:eth2:10+access_vlan:SW2:eth1:20+trunk_remove:SW1:eth3:20+trunk_remove:SW2:eth3:10+trunk_remove:SW2:eth3:20,32981,32987,0.05,8.6,6,True,False,True,False,True,recovery_success,0.03578357604177048,6,4,1,0,0,0,0,0,0
3233,5265,access_vlan:SW1:eth1:20+access_vlan:SW1:eth2:10+access_vlan:SW2:eth1:20+access_vlan:SW2:eth2:10+trunk_remove:SW1:eth3:20+trunk_remove:SW2:eth3:10,32987,32990,0.05,9.35,3,True,False,True,False,True,recovery_success,0.017140816586712997,3,2,0,0,0,0,0,0,0
3234,5266,access_vlan:SW1:eth2:10+access_vlan:SW2:eth2:10+trunk_remove:SW1:eth3:10+trunk_remove:SW1:eth3:20+trunk_remove:SW2:eth3:10+trunk_remove:SW2:eth3:20,32990,32997,0.05,8.149999999999999,7,True,False,True,False,True,recovery_success,0.002339316964415567,7,6,0,0,0,0,0,0,0
3235,5267,trunk_remove:SW2:eth3:20,32997,32999,0.05,9.649999999999999,2,True,False,True,False,True,recovery_success,0.002635659067891538,2,1,0,0,0,0,0,0,0
3236,5268,access_vlan:SW1:eth1:20+trunk_remove:SW1:eth3:10+trunk_remove:SW2:eth3:10+trunk_remove:SW2:eth3:20,32999,33004,0.05,8.75,5,True,False,True,False,True,recovery_success,0.04484860124066472,5,4,0,0,0,0,0,0,0
3237,5269,access_vlan:SW1:eth1:20+access_vlan:SW1:eth2:10+access_vlan:SW2:eth2:10+trunk_remove:SW2:eth3:10,33004,33009,0.05,7.749999999999999,5,True,False,True,False,True,recovery_success,0.00460408660583198,5,4,0,0,2,2,1,0,0
3238,5270,access_vlan:SW1:eth1:20+access_vlan:SW1:eth2:10+access_vlan:SW2:eth1:20+access_vlan:SW2:eth2:10+trunk_remove:SW1:eth3:10+trunk_remove:SW1:eth3:20+trunk_remove:SW2:eth3:10,33009,33013,0.05,9.049999999999999,4,True,False,True,False,True,recovery_success,0.004794282955117524,4,3,0,0,0,0,0,0,0
3239,5271,access_vlan:SW2:eth1:20+access_vlan:SW2:eth2:10+trunk_remove:SW1:eth3:10+trunk_remove:SW1:eth3:20+trunk_remove:SW2:eth3:20,33013,33015,0.05,-10.850000000000001,2,True,False,True,False,False,incorrect_declare_done,0.004876120714470744,2,1,0,0,1,1,1,0,3
3240,5272,access_vlan:SW1:eth1:20+access_vlan:SW1:eth2:10+access_vlan:SW2:eth2:10+trunk_remove:SW1:eth3:10+trunk_remove:SW1:eth3:20+trunk_remove:SW2:eth3:20,33015,33020,0.05,8.75,5,True,False,True,False,True,recovery_success,0.004850906925275922,5,4,0,0,0,0,0,0,0
3241,5273,access_vlan:SW1:eth1:20+access_vlan:SW2:eth1:20,33020,33031,0.05,6.449999999999999,11,True,False,True,False,True,recovery_success,0.003833661628463729,11,10,0,0,1,1,1,0,0
3242,5274,access_vlan:SW1:eth1:20+access_vlan:SW2:eth2:10+trunk_remove:SW1:eth3:20+trunk_remove:SW2:eth3:20,33031,33036,0.05,8.75,5,True,False,True,False,True,recovery_success,0.0032928947592154147,5,4,0,0,0,0,0,0,0
3243,5275,access_vlan:SW2:eth1:20+access_vlan:SW2:eth2:10+trunk_remove:SW1:eth3:10+trunk_remove:SW2:eth3:10+trunk_remove:SW2:eth3:20,33036,33042,0.05,7.949999999999999,6,True,False,True,False,True,recovery_success,0.003949267906136811,6,5,0,0,1,1,1,0,0
3244,5276,access_vlan:SW1:eth1:20+trunk_remove:SW1:eth3:10+trunk_remove:SW2:eth3:20,33042,33046,0.05,9.049999999999999,4,True,False,True,False,True,recovery_success,0.009626705257687718,4,3,0,0,0,0,0,0,0
3245,5277,access_vlan:SW1:eth2:10+trunk_remove:SW1:eth3:10+trunk_remove:SW2:eth3:20,33046,33050,0.05,9.049999999999999,4,True,False,True,False,True,recovery_success,0.0035305482451803982,4,3,0,0,0,0,0,0,0
3246,5278,access_vlan:SW1:eth2:10+access_vlan:SW2:eth2:10+trunk_remove:SW2:eth3:10+trunk_remove:SW2:eth3:20,33050,33055,0.05,8.75,5,True,False,True,False,True,recovery_success,0.02693105861544609,5,4,0,0,0,0,0,0,0
3247,5279,access_vlan:SW1:eth1:20+trunk_remove:SW1:eth3:10+trunk_remove:SW2:eth3:20,33055,33061,0.05,7.449999999999999,6,True,False,True,False,True,recovery_success,0.005584556454171737,6,5,0,0,2,2,1,0,0
3248,5280,access_vlan:SW1:eth2:10+access_vlan:SW2:eth2:10+trunk_remove:SW1:eth3:20+trunk_remove:SW2:eth3:10,33061,33066,0.05,8.75,5,True,False,True,False,True,recovery_success,0.0047036684583872555,5,4,0,0,0,0,0,0,0
3249,5281,access_vlan:SW2:eth1:20+access_vlan:SW2:eth2:10+trunk_remove:SW1:eth3:10+trunk_remove:SW2:eth3:10,33066,33072,0.05,8.1,6,True,False,True,False,True,recovery_success,0.003097247138308982,6,4,1,0,1,1,1,0,0
3250,5282,access_vlan:SW1:eth2:10+trunk_remove:SW1:eth3:10+trunk_remove:SW2:eth3:10+trunk_remove:SW2:eth3:20,33072,33077,0.05,8.75,5,True,False,True,False,True,recovery_success,0.003300946787931025,5,4,0,0,0,0,0,0,0
3251,5283,access_vlan:SW2:eth2:10+trunk_remove:SW1:eth3:20,33077,33080,0.05,9.35,3,True,False,True,False,True,recovery_success,0.005378797572727005,3,2,0,0,0,0,0,0,0
3252,5284,access_vlan:SW1:eth1:20+access_vlan:SW1:eth2:10+access_vlan:SW2:eth1:20+trunk_remove:SW2:eth3:10+trunk_remove:SW2:eth3:20,33080,33084,0.05,9.049999999999999,4,True,False,True,False,True,recovery_success,0.0022957368928473443,4,3,0,0,0,0,0,0,0
3253,5285,access_vlan:SW1:eth1:20+access_vlan:SW2:eth2:10+trunk_remove:SW2:eth3:10,33084,33088,0.05,9.049999999999999,4,True,False,True,False,True,recovery_success,0.0036345082917250693,4,3,0,0,0,0,0,0,0
3254,5286,access_vlan:SW1:eth1:20+access_vlan:SW1:eth2:10+access_vlan:SW2:eth2:10,33088,33090,0.05,9.649999999999999,2,True,False,True,False,True,recovery_success,0.0032787970267236233,2,1,0,0,0,0,0,0,0
3255,5287,access_vlan:SW1:eth2:10+access_vlan:SW2:eth1:20+access_vlan:SW2:eth2:10+trunk_remove:SW1:eth3:10,33090,33093,0.05,9.35,3,True,False,True,False,True,recovery_success,0.003822683822363615,3,2,0,0,0,0,0,0,0
3256,5288,access_vlan:SW2:eth1:20+access_vlan:SW2:eth2:10+trunk_remove:SW1:eth3:10+trunk_remove:SW1:eth3:20+trunk_remove:SW2:eth3:10+trunk_remove:SW2:eth3:20,33093,33100,0.05,7.6499999999999995,7,True,False,True,False,True,recovery_success,0.0037658039946109056,7,6,0,0,1,1,1,0,0
3257,5289,trunk_remove:SW1:eth3:10+trunk_remove:SW2:eth3:10,33100,33103,0.05,9.35,3,True,False,True,False,True,recovery_success,0.001542587027264138,3,2,0,0,0,0,0,0,0
3258,5290,access_vlan:SW1:eth1:20+access_vlan:SW1:eth2:10+trunk_remove:SW1:eth3:10+trunk_remove:SW2:eth3:10+trunk_remove:SW2:eth3:20,33103,33109,0.05,7.949999999999999,6,True,False,True,False,True,recovery_success,0.0036952649243175983,6,5,0,0,1,1,1,0,0
3259,5291,access_vlan:SW1:eth1:20+access_vlan:SW1:eth2:10+access_vlan:SW2:eth1:20+access_vlan:SW2:eth2:10,33109,33110,0.05,9.95,1,True,False,True,False,True,recovery_success,0.005078824702650309,1,0,0,0,0,0,0,0,0
3260,5292,access_vlan:SW1:eth1:20+access_vlan:SW2:eth1:20+trunk_remove:SW2:eth3:10,33110,33114,0.05,8.549999999999999,4,True,False,True,False,True,recovery_success,0.003965900046750903,4,3,0,0,1,1,1,0,0
3261,5293,access_vlan:SW1:eth2:10+access_vlan:SW2:eth2:10+trunk_remove:SW1:eth3:10+trunk_remove:SW1:eth3:20+trunk_remove:SW2:eth3:20,33114,33120,0.05,8.45,6,True,False,True,False,True,recovery_success,0.006876975918809573,6,5,0,0,0,0,0,0,0
3262,5294,access_vlan:SW1:eth2:10+trunk_remove:SW1:eth3:20+trunk_remove:SW2:eth3:10,33120,33124,0.05,9.049999999999999,4,True,False,True,False,True,recovery_success,0.007070909952744842,4,3,0,0,0,0,0,0,0
3263,5295,access_vlan:SW1:eth1:20+access_vlan:SW2:eth1:20+access_vlan:SW2:eth2:10+trunk_remove:SW1:eth3:20+trunk_remove:SW2:eth3:10+trunk_remove:SW2:eth3:20,33124,33129,0.05,8.75,5,True,False,True,False,True,recovery_success,0.007258113007992506,5,4,0,0,0,0,0,0,0
3264,5296,access_vlan:SW1:eth1:20+trunk_remove:SW2:eth3:10,33129,33132,0.05,9.35,3,True,False,True,False,True,recovery_success,0.0037837900842229524,3,2,0,0,0,0,0,0,0
3265,5297,access_vlan:SW1:eth2:10+access_vlan:SW2:eth1:20+access_vlan:SW2:eth2:10,33132,33134,0.05,9.649999999999999,2,True,False,True,False,True,recovery_success,0.003953515435568988,2,1,0,0,0,0,0,0,0
3266,5298,access_vlan:SW1:eth1:20+access_vlan:SW1:eth2:10+access_vlan:SW2:eth1:20+trunk_remove:SW1:eth3:10+trunk_remove:SW1:eth3:20+trunk_remove:SW2:eth3:10+trunk_remove:SW2:eth3:20,33134,33140,0.05,8.45,6,True,False,True,False,True,recovery_success,0.002225570206064731,6,5,0,0,0,0,0,0,0
3267,5299,access_vlan:SW1:eth2:10+access_vlan:SW2:eth2:10+trunk_remove:SW1:eth3:10+trunk_remove:SW2:eth3:10+trunk_remove:SW2:eth3:20,33140,33146,0.05,8.45,6,True,False,True,False,True,recovery_success,0.005875967695222546,6,5,0,0,0,0,0,0,0
3268,5300,access_vlan:SW1:eth2:10+access_vlan:SW2:eth2:10+trunk_remove:SW1:eth3:10,33146,33150,0.05,9.049999999999999,4,True,False,True,False,True,recovery_success,0.003562023106496781,4,3,0,0,0,0,0,0,0
3269,5301,access_vlan:SW1:eth1:20+access_vlan:SW1:eth2:10+access_vlan:SW2:eth2:10+trunk_remove:SW1:eth3:10+trunk_remove:SW2:eth3:20,33150,33154,0.05,9.049999999999999,4,True,False,True,False,True,recovery_success,0.0027677497128024697,4,3,0,0,0,0,0,0,0
3270,5302,access_vlan:SW1:eth1:20+access_vlan:SW1:eth2:10+access_vlan:SW2:eth2:10+trunk_remove:SW2:eth3:20,33154,33159,0.05,8.75,5,True,False,True,False,True,recovery_success,0.0039060809649527073,5,3,0,0,0,0,0,0,0
3271,5303,access_vlan:SW2:eth2:10+trunk_remove:SW1:eth3:10,33159,33162,0.05,9.35,3,True,False,True,False,True,recovery_success,0.002893659363811215,3,2,0,0,0,0,0,0,0
3272,5304,access_vlan:SW2:eth1:20+trunk_remove:SW1:eth3:10+trunk_remove:SW2:eth3:10+trunk_remove:SW2:eth3:20,33162,33167,0.05,8.75,5,True,False,True,False,True,recovery_success,0.0031048725126311184,5,4,0,0,0,0,0,0,0
3273,5305,access_vlan:SW1:eth2:10+access_vlan:SW2:eth2:10+trunk_remove:SW1:eth3:20+trunk_remove:SW2:eth3:10+trunk_remove:SW2:eth3:20,33167,33173,0.05,8.45,6,True,False,True,False,True,recovery_success,0.0025460096658207476,6,5,0,0,0,0,0,0,0
3274,5306,access_vlan:SW1:eth2:10+trunk_remove:SW1:eth3:10+trunk_remove:SW2:eth3:20,33173,33177,0.05,9.049999999999999,4,True,False,True,False,True,recovery_success,0.0032538552477490157,4,3,0,0,0,0,0,0,0
3275,5307,access_vlan:SW1:eth1:20+access_vlan:SW1:eth2:10+trunk_remove:SW1:eth3:10+trunk_remove:SW1:eth3:20+trunk_remove:SW2:eth3:10,33177,33183,0.05,7.949999999999999,6,True,False,True,False,True,recovery_success,0.0016621931087380897,6,5,0,0,1,1,1,0,0
3276,5308,access_vlan:SW1:eth1:20+access_vlan:SW1:eth2:10+access_vlan:SW2:eth2:10+trunk_remove:SW1:eth3:20+trunk_remove:SW2:eth3:10,33183,33187,0.05,9.049999999999999,4,True,False,True,False,True,recovery_success,0.001742695807479322,4,3,0,0,0,0,0,0,0
3277,5309,access_vlan:SW1:eth1:20+access_vlan:SW2:eth1:20+access_vlan:SW2:eth2:10+trunk_remove:SW2:eth3:20,33187,33190,0.05,9.35,3,True,False,True,False,True,recovery_success,0.0018385041039437056,3,2,0,0,0,0,0,0,0
3278,5310,access_vlan:SW1:eth1:20+access_vlan:SW1:eth2:10+access_vlan:SW2:eth1:20+trunk_remove:SW1:eth3:10+trunk_remove:SW2:eth3:10,33190,33194,0.05,9.049999999999999,4,True,False,True,False,True,recovery_success,0.002603559085400775,4,3,0,0,0,0,0,0,0
3279,5311,access_vlan:SW1:eth1:20+access_vlan:SW1:eth2:10+access_vlan:SW2:eth1:20,33194,33196,0.05,9.649999999999999,2,True,False,True,False,True,recovery_success,0.0015930150402709842,2,1,0,0,0,0,0,0,0
3280,5312,access_vlan:SW2:eth1:20+access_vlan:SW2:eth2:10+trunk_remove:SW1:eth3:20+trunk_remove:SW2:eth3:20,33196,33201,0.05,8.25,5,True,False,True,False,True,recovery_success,0.0016668329248204828,5,4,0,0,1,1,1,0,0
3281,5313,trunk_remove:SW2:eth3:10,33201,33203,0.05,9.649999999999999,2,True,False,True,False,True,recovery_success,0.0019308615010231733,2,1,0,0,0,0,0,0,0
3282,5314,access_vlan:SW1:eth1:20+trunk_remove:SW1:eth3:10+trunk_remove:SW2:eth3:20,33203,33207,0.05,9.049999999999999,4,True,False,True,False,True,recovery_success,0.002312829834409058,4,3,0,0,0,0,0,0,0
3283,5315,access_vlan:SW2:eth1:20+access_vlan:SW2:eth2:10+trunk_remove:SW1:eth3:10+trunk_remove:SW2:eth3:10,33207,33218,0.05,7.35,11,True,False,True,False,True,recovery_success,0.0024305514737286353,11,4,6,0,1,1,1,0,0
3284,5316,access_vlan:SW1:eth1:20+access_vlan:SW2:eth2:10+trunk_remove:SW1:eth3:10+trunk_remove:SW1:eth3:20,33218,33223,0.05,8.75,5,True,False,True,False,True,recovery_success,0.0022166826529428363,5,4,0,0,0,0,0,0,0
3285,5317,access_vlan:SW1:eth1:20+access_vlan:SW2:eth1:20+trunk_remove:SW2:eth3:10+trunk_remove:SW2:eth3:20,33223,33228,0.05,8.75,5,True,False,True,False,True,recovery_success,0.0020600692834705113,5,4,0,0,0,0,0,0,0
3286,5318,access_vlan:SW1:eth1:20+access_vlan:SW1:eth2:10+access_vlan:SW2:eth2:10+trunk_remove:SW1:eth3:10+trunk_remove:SW2:eth3:10,33228,33232,0.05,9.049999999999999,4,True,False,True,False,True,recovery_success,0.006114630697993562,4,3,0,0,0,0,0,0,0
3287,5319,access_vlan:SW1:eth2:10+access_vlan:SW2:eth1:20+trunk_remove:SW1:eth3:10+trunk_remove:SW1:eth3:20,33232,33237,0.05,8.75,5,True,False,True,False,True,recovery_success,0.004424306517466903,5,4,0,0,0,0,0,0,0
3288,5320,access_vlan:SW1:eth1:20+access_vlan:SW1:eth2:10+access_vlan:SW2:eth2:10+trunk_remove:SW1:eth3:10+trunk_remove:SW1:eth3:20,33237,33241,0.05,9.049999999999999,4,True,False,True,False,True,recovery_success,0.001997808401938528,4,3,0,0,0,0,0,0,0
3289,5321,access_vlan:SW1:eth2:10+trunk_remove:SW2:eth3:10,33241,33244,0.05,9.35,3,True,False,True,False,True,recovery_success,0.002005029780169328,3,2,0,0,0,0,0,0,0
3290,5322,access_vlan:SW1:eth2:10+access_vlan:SW2:eth1:20+access_vlan:SW2:eth2:10+trunk_remove:SW1:eth3:20+trunk_remove:SW2:eth3:10+trunk_remove:SW2:eth3:20,33244,33249,0.05,8.75,5,True,False,True,False,True,recovery_success,0.0017620081547647715,5,4,0,0,0,0,0,0,0
3291,5323,access_vlan:SW1:eth2:10+access_vlan:SW2:eth1:20+trunk_remove:SW1:eth3:10+trunk_remove:SW1:eth3:20+trunk_remove:SW2:eth3:10,33249,33255,0.05,8.45,6,True,False,True,False,True,recovery_success,0.0019828173390123993,6,5,0,0,0,0,0,0,0
3292,5324,access_vlan:SW1:eth2:10+access_vlan:SW2:eth2:10+trunk_remove:SW1:eth3:20+trunk_remove:SW2:eth3:20,33255,33260,0.05,8.25,5,True,False,True,False,True,recovery_success,0.0019273896235972644,5,4,0,0,1,1,1,0,0
3293,5325,access_vlan:SW1:eth1:20+access_vlan:SW1:eth2:10+access_vlan:SW2:eth1:20+access_vlan:SW2:eth2:10+trunk_remove:SW1:eth3:20+trunk_remove:SW2:eth3:10,33260,33263,0.05,9.35,3,True,False,True,False,True,recovery_success,0.001937714599383374,3,2,0,0,0,0,0,0,0
3294,5326,access_vlan:SW1:eth1:20+access_vlan:SW1:eth2:10+access_vlan:SW2:eth2:10+trunk_remove:SW1:eth3:20,33263,33266,0.05,9.35,3,True,False,True,False,True,recovery_success,0.003285486871997515,3,2,0,0,0,0,0,0,0
3295,5327,access_vlan:SW1:eth1:20+access_vlan:SW1:eth2:10+access_vlan:SW2:eth2:10+trunk_remove:SW1:eth3:10+trunk_remove:SW1:eth3:20+trunk_remove:SW2:eth3:10,33266,33271,0.05,8.75,5,True,False,True,False,True,recovery_success,0.0022235452895984055,5,4,0,0,0,0,0,0,0
3296,5328,access_vlan:SW1:eth2:10+access_vlan:SW2:eth1:20+access_vlan:SW2:eth2:10+trunk_remove:SW1:eth3:20+trunk_remove:SW2:eth3:10,33271,33275,0.05,9.049999999999999,4,True,False,True,False,True,recovery_success,0.001709176111035049,4,3,0,0,0,0,0,0,0
3297,5329,access_vlan:SW1:eth1:20+access_vlan:SW1:eth2:10+access_vlan:SW2:eth2:10+trunk_remove:SW1:eth3:10+trunk_remove:SW1:eth3:20+trunk_remove:SW2:eth3:10+trunk_remove:SW2:eth3:20,33275,33281,0.05,8.45,6,True,False,True,False,True,recovery_success,0.0017077625767948728,6,5,0,0,0,0,0,0,0
3298,5330,access_vlan:SW1:eth1:20+access_vlan:SW2:eth1:20,33281,33284,0.05,8.85,3,True,False,True,False,True,recovery_success,0.0024258961978678903,3,2,0,0,1,1,1,0,0
3299,5331,access_vlan:SW1:eth1:20+access_vlan:SW1:eth2:10+trunk_remove:SW1:eth3:10,33284,33288,0.05,8.549999999999999,4,True,False,True,False,True,recovery_success,0.0024399375542998314,4,3,0,0,1,1,1,0,0
3300,5332,access_vlan:SW1:eth1:20+access_vlan:SW2:eth1:20+access_vlan:SW2:eth2:10+trunk_remove:SW2:eth3:10+trunk_remove:SW2:eth3:20,33288,33292,0.05,9.049999999999999,4,True,False,True,False,True,recovery_success,0.0023054697376210243,4,3,0,0,0,0,0,0,0
3301,5333,access_vlan:SW1:eth1:20+trunk_remove:SW2:eth3:20,33292,33295,0.05,9.35,3,True,False,True,False,True,recovery_success,0.001765030009361605,3,2,0,0,0,0,0,0,0
3302,5334,access_vlan:SW2:eth1:20+access_vlan:SW2:eth2:10+trunk_remove:SW1:eth3:10+trunk_remove:SW1:eth3:20,33295,33300,0.05,8.25,5,True,False,True,False,True,recovery_success,0.0022344300290569664,5,4,0,0,1,1,1,0,0
3303,5335,access_vlan:SW1:eth1:20+access_vlan:SW1:eth2:10+access_vlan:SW2:eth2:10+trunk_remove:SW1:eth3:10+trunk_remove:SW2:eth3:10+trunk_remove:SW2:eth3:20,33300,33307,0.05,7.6499999999999995,7,True,False,True,False,True,recovery_success,0.002263564699595528,7,6,0,0,1,1,1,0,0
3304,5336,access_vlan:SW1:eth1:20+access_vlan:SW1:eth2:10+access_vlan:SW2:eth1:20+access_vlan:SW2:eth2:10+trunk_remove:SW1:eth3:10+trunk_remove:SW1:eth3:20+trunk_remove:SW2:eth3:10+trunk_remove:SW2:eth3:20,33307,33312,0.05,8.75,5,True,False,True,False,True,recovery_success,0.0023503254866227507,5,4,0,0,0,0,0,0,0
3305,5337,access_vlan:SW1:eth1:20+trunk_remove:SW1:eth3:20+trunk_remove:SW2:eth3:10+trunk_remove:SW2:eth3:20,33312,33317,0.05,8.75,5,True,False,True,False,True,recovery_success,0.0026980350958183408,5,4,0,0,0,0,0,0,0
3306,5338,access_vlan:SW1:eth1:20+access_vlan:SW1:eth2:10+access_vlan:SW2:eth2:10+trunk_remove:SW2:eth3:20,33317,33320,0.05,9.35,3,True,False,True,False,True,recovery_success,0.002569567800189058,3,2,0,0,0,0,0,0,0
3307,5339,access_vlan:SW1:eth2:10+access_vlan:SW2:eth1:20+trunk_remove:SW1:eth3:10+trunk_remove:SW2:eth3:10,33320,33350,0.05,-4.65,30,True,False,False,True,False,step_limit,0.006282393960282207,30,1,29,0,0,0,0,0,3
3308,5340,access_vlan:SW1:eth2:10+access_vlan:SW2:eth1:20+trunk_remove:SW1:eth3:10+trunk_remove:SW2:eth3:10,33350,33356,0.05,8.6,6,True,False,True,False,True,recovery_success,0.0018910540772291522,6,4,1,0,0,0,0,0,0
3309,5341,trunk_remove:SW1:eth3:20+trunk_remove:SW2:eth3:10,33356,33359,0.05,9.35,3,True,False,True,False,True,recovery_success,0.0016220923280343413,3,2,0,0,0,0,0,0,0
3310,5342,access_vlan:SW1:eth2:10+access_vlan:SW2:eth1:20+access_vlan:SW2:eth2:10+trunk_remove:SW1:eth3:10,33359,33362,0.05,9.35,3,True,False,True,False,True,recovery_success,0.0024206812183062234,3,2,0,0,0,0,0,0,0
3311,5343,access_vlan:SW1:eth1:20+access_vlan:SW2:eth1:20+access_vlan:SW2:eth2:10+trunk_remove:SW1:eth3:20+trunk_remove:SW2:eth3:10+trunk_remove:SW2:eth3:20,33362,33367,0.05,8.75,5,True,False,True,False,True,recovery_success,0.0013796244282275438,5,4,0,0,0,0,0,0,0
3312,5344,access_vlan:SW1:eth2:10+trunk_remove:SW1:eth3:10+trunk_remove:SW1:eth3:20+trunk_remove:SW2:eth3:10+trunk_remove:SW2:eth3:20,33367,33373,0.05,8.45,6,True,False,True,False,True,recovery_success,0.0018866118625737727,6,5,0,0,0,0,0,0,0
3313,5345,access_vlan:SW1:eth1:20+access_vlan:SW1:eth2:10+access_vlan:SW2:eth2:10+trunk_remove:SW1:eth3:20+trunk_remove:SW2:eth3:20,33373,33378,0.05,8.899999999999999,5,True,False,True,False,True,recovery_success,0.002256674482487142,5,3,1,0,0,0,0,0,0
3314,5346,access_vlan:SW1:eth1:20+access_vlan:SW1:eth2:10+access_vlan:SW2:eth1:20+trunk_remove:SW1:eth3:20+trunk_remove:SW2:eth3:10+trunk_remove:SW2:eth3:20,33378,33383,0.05,8.75,5,True,False,True,False,True,recovery_success,0.0017471770755946637,5,4,0,0,0,0,0,0,0
3315,5347,access_vlan:SW1:eth1:20+access_vlan:SW2:eth2:10+trunk_remove:SW2:eth3:10,33383,33387,0.05,9.049999999999999,4,True,False,True,False,True,recovery_success,0.0043121681665070355,4,3,0,0,0,0,0,0,0
3316,5348,trunk_remove:SW2:eth3:10,33387,33389,0.05,9.649999999999999,2,True,False,True,False,True,recovery_success,0.0024422529386356473,2,1,0,0,0,0,0,0,0
3317,5349,access_vlan:SW1:eth2:10+trunk_remove:SW1:eth3:10+trunk_remove:SW1:eth3:20,33389,33393,0.05,9.049999999999999,4,True,False,True,False,True,recovery_success,0.002743289864156395,4,3,0,0,0,0,0,0,0
3318,5350,access_vlan:SW1:eth1:20+access_vlan:SW2:eth1:20+access_vlan:SW2:eth2:10+trunk_remove:SW1:eth3:10+trunk_remove:SW1:eth3:20+trunk_remove:SW2:eth3:10,33393,33398,0.05,8.75,5,True,False,True,False,True,recovery_success,0.0024093850515782833,5,4,0,0,0,0,0,0,0
3319,5351,access_vlan:SW1:eth2:10+access_vlan:SW2:eth1:20+trunk_remove:SW1:eth3:10+trunk_remove:SW2:eth3:10+trunk_remove:SW2:eth3:20,33398,33404,0.05,8.45,6,True,False,True,False,True,recovery_success,0.002414843145137032,6,5,0,0,0,0,0,0,0
3320,5352,access_vlan:SW1:eth2:10+access_vlan:SW2:eth1:20+access_vlan:SW2:eth2:10+trunk_remove:SW1:eth3:20+trunk_remove:SW2:eth3:10,33404,33408,0.05,9.049999999999999,4,True,False,True,False,True,recovery_success,0.048239626878057607,4,3,0,0,0,0,0,0,0
3321,5353,access_vlan:SW1:eth2:10+access_vlan:SW2:eth1:20+access_vlan:SW2:eth2:10+trunk_remove:SW1:eth3:20+trunk_remove:SW2:eth3:10,33408,33412,0.05,9.049999999999999,4,True,False,True,False,True,recovery_success,0.003975556901423261,4,3,0,0,0,0,0,0,0
3322,5354,access_vlan:SW1:eth1:20+access_vlan:SW1:eth2:10+access_vlan:SW2:eth1:20+trunk_remove:SW1:eth3:10,33412,33416,0.05,9.2,4,True,False,True,False,True,recovery_success,0.0066560712875798345,4,2,1,0,0,0,0,0,0
3323,5355,access_vlan:SW1:eth2:10+access_vlan:SW2:eth2:10+trunk_remove:SW1:eth3:20,33416,33421,0.05,8.399999999999999,5,True,False,True,False,True,recovery_success,0.01268289447762072,5,3,1,0,1,1,1,0,0
3324,5356,access_vlan:SW1:eth2:10+trunk_remove:SW1:eth3:20+trunk_remove:SW2:eth3:20,33421,33425,0.05,9.049999999999999,4,True,False,True,False,True,recovery_success,0.00452294567367062,4,3,0,0,0,0,0,0,0
3325,5357,access_vlan:SW2:eth2:10+trunk_remove:SW1:eth3:20,33425,33428,0.05,9.35,3,True,False,True,False,True,recovery_success,0.015767385717481375,3,2,0,0,0,0,0,0,0
3326,5358,access_vlan:SW2:eth1:20+access_vlan:SW2:eth2:10+trunk_remove:SW1:eth3:20+trunk_remove:SW2:eth3:10+trunk_remove:SW2:eth3:20,33428,33434,0.05,7.949999999999999,6,True,False,True,False,True,recovery_success,0.0050347556825727224,6,5,0,0,1,1,1,0,0
3327,5359,access_vlan:SW1:eth2:10+access_vlan:SW2:eth1:20+access_vlan:SW2:eth2:10+trunk_remove:SW2:eth3:20,33434,33437,0.05,9.35,3,True,False,True,False,True,recovery_success,0.0028797374106943607,3,2,0,0,0,0,0,0,0
3328,5360,access_vlan:SW1:eth1:20+access_vlan:SW1:eth2:10+access_vlan:SW2:eth2:10,33437,33439,0.05,9.649999999999999,2,True,False,True,False,True,recovery_success,0.006430299370549619,2,1,0,0,0,0,0,0,0
3329,5361,access_vlan:SW1:eth1:20+access_vlan:SW1:eth2:10+access_vlan:SW2:eth1:20+trunk_remove:SW2:eth3:10,33439,33442,0.05,9.35,3,True,False,True,False,True,recovery_success,0.0033326196329047284,3,2,0,0,0,0,0,0,0
3330,5362,access_vlan:SW1:eth2:10+access_vlan:SW2:eth1:20+access_vlan:SW2:eth2:10+trunk_remove:SW1:eth3:10+trunk_remove:SW2:eth3:10,33442,33446,0.05,9.049999999999999,4,True,False,True,False,True,recovery_success,0.0022226475412026048,4,3,0,0,0,0,0,0,0
3331,5363,access_vlan:SW1:eth1:20+access_vlan:SW2:eth1:20+trunk_remove:SW2:eth3:10,33446,33450,0.05,8.549999999999999,4,True,False,True,False,True,recovery_success,0.002277606778079644,4,3,0,0,1,1,1,0,0
3332,5364,access_vlan:SW1:eth1:20+access_vlan:SW1:eth2:10+access_vlan:SW2:eth1:20+trunk_remove:SW1:eth3:20+trunk_remove:SW2:eth3:20,33450,33456,0.05,7.449999999999999,6,True,False,True,False,True,recovery_success,0.0013963398426615943,6,5,0,0,2,2,2,0,0
3333,5365,access_vlan:SW1:eth1:20+access_vlan:SW1:eth2:10+access_vlan:SW2:eth2:10+trunk_remove:SW1:eth3:10+trunk_remove:SW1:eth3:20+trunk_remove:SW2:eth3:20,33456,33461,0.05,8.75,5,True,False,True,False,True,recovery_success,0.002055775886401534,5,4,0,0,0,0,0,0,0
3334,5366,access_vlan:SW1:eth2:10+trunk_remove:SW1:eth3:20,33461,33464,0.05,9.35,3,True,False,True,False,True,recovery_success,0.001550421390372018,3,2,0,0,0,0,0,0,0
3335,5367,trunk_remove:SW1:eth3:10+trunk_remove:SW2:eth3:10,33464,33467,0.05,9.35,3,True,False,True,False,True,recovery_success,0.002447517433514198,3,2,0,0,0,0,0,0,0
3336,5368,access_vlan:SW1:eth1:20+access_vlan:SW2:eth1:20+trunk_remove:SW1:eth3:20+trunk_remove:SW2:eth3:20,33467,33473,0.05,8.6,6,True,False,True,False,True,recovery_success,0.002416212383347253,6,4,1,0,0,0,0,0,0
3337,5369,access_vlan:SW1:eth1:20+access_vlan:SW1:eth2:10+access_vlan:SW2:eth1:20+trunk_remove:SW1:eth3:10+trunk_remove:SW1:eth3:20,33473,33477,0.05,9.049999999999999,4,True,False,True,False,True,recovery_success,0.0029655112011823803,4,3,0,0,0,0,0,0,0
3338,5370,access_vlan:SW1:eth1:20+access_vlan:SW2:eth2:10+trunk_remove:SW1:eth3:10+trunk_remove:SW2:eth3:10+trunk_remove:SW2:eth3:20,33477,33483,0.05,8.45,6,True,False,True,False,True,recovery_success,0.002653237839695066,6,5,0,0,0,0,0,0,0
3339,5371,access_vlan:SW1:eth1:20+access_vlan:SW1:eth2:10+access_vlan:SW2:eth2:10+trunk_remove:SW1:eth3:10+trunk_remove:SW1:eth3:20,33483,33487,0.05,9.049999999999999,4,True,False,True,False,True,recovery_success,0.0023601284774485976,4,3,0,0,0,0,0,0,0
3340,5372,access_vlan:SW1:eth2:10+access_vlan:SW2:eth2:10+trunk_remove:SW1:eth3:10+trunk_remove:SW1:eth3:20+trunk_remove:SW2:eth3:20,33487,33493,0.05,8.45,6,True,False,True,False,True,recovery_success,0.003815834332878391,6,5,0,0,0,0,0,0,0
3341,5373,access_vlan:SW1:eth1:20+access_vlan:SW2:eth1:20+access_vlan:SW2:eth2:10+trunk_remove:SW1:eth3:20+trunk_remove:SW2:eth3:10,33493,33499,0.05,7.449999999999999,6,True,False,True,False,True,recovery_success,0.002462465219044437,6,5,0,0,2,2,1,0,0
3342,5374,access_vlan:SW1:eth1:20+access_vlan:SW2:eth2:10+trunk_remove:SW1:eth3:20,33499,33505,0.05,7.949999999999999,6,True,False,True,False,True,recovery_success,0.0045772161878024535,6,5,0,0,1,1,1,0,0
3343,5375,access_vlan:SW1:eth2:10+access_vlan:SW2:eth2:10+trunk_remove:SW1:eth3:10+trunk_remove:SW2:eth3:10+trunk_remove:SW2:eth3:20,33505,33511,0.05,8.45,6,True,False,True,False,True,recovery_success,0.0045123939247181015,6,5,0,0,0,0,0,0,0
3344,5376,access_vlan:SW2:eth1:20+access_vlan:SW2:eth2:10+trunk_remove:SW1:eth3:10+trunk_remove:SW2:eth3:10,33511,33516,0.05,8.25,5,True,False,True,False,True,recovery_success,0.004065301828086376,5,4,0,0,1,1,1,0,0
3345,5377,access_vlan:SW1:eth2:10+access_vlan:SW2:eth2:10+trunk_remove:SW1:eth3:20,33516,33520,0.05,8.549999999999999,4,True,False,True,False,True,recovery_success,0.003072920488193631,4,3,0,0,1,1,1,0,0
3346,5378,access_vlan:SW1:eth1:20+trunk_remove:SW1:eth3:10+trunk_remove:SW1:eth3:20+trunk_remove:SW2:eth3:20,33520,33525,0.05,8.75,5,True,False,True,False,True,recovery_success,0.0026038805255666373,5,4,0,0,0,0,0,0,0
3347,5379,trunk_remove:SW2:eth3:10,33525,33527,0.05,9.649999999999999,2,True,False,True,False,True,recovery_success,0.0029622851870954037,2,1,0,0,0,0,0,0,0
3348,5380,access_vlan:SW1:eth1:20+access_vlan:SW2:eth1:20,33527,33530,0.05,8.85,3,True,False,True,False,True,recovery_success,0.003848257940262556,3,2,0,0,1,1,1,0,0
3349,5381,access_vlan:SW1:eth1:20+access_vlan:SW2:eth1:20+trunk_remove:SW1:eth3:20,33530,33534,0.05,9.049999999999999,4,True,False,True,False,True,recovery_success,0.003672598279081285,4,3,0,0,0,0,0,0,0
3350,5382,access_vlan:SW1:eth2:10+access_vlan:SW2:eth2:10+trunk_remove:SW1:eth3:10+trunk_remove:SW2:eth3:10,33534,33539,0.05,8.75,5,True,False,True,False,True,recovery_success,0.0026882673613727094,5,4,0,0,0,0,0,0,0
3351,5383,access_vlan:SW1:eth1:20+access_vlan:SW1:eth2:10+access_vlan:SW2:eth2:10+trunk_remove:SW1:eth3:10+trunk_remove:SW1:eth3:20+trunk_remove:SW2:eth3:20,33539,33544,0.05,8.75,5,True,False,True,False,True,recovery_success,0.0029469293076545,5,4,0,0,0,0,0,0,0
3352,5384,access_vlan:SW2:eth2:10+trunk_remove:SW1:eth3:10,33544,33547,0.05,9.35,3,True,False,True,False,True,recovery_success,0.0032140070106834173,3,2,0,0,0,0,0,0,0
3353,5385,access_vlan:SW2:eth1:20+access_vlan:SW2:eth2:10+trunk_remove:SW2:eth3:10,33547,33551,0.05,8.549999999999999,4,True,False,True,False,True,recovery_success,0.004211427643895149,4,3,0,0,1,1,1,0,0
3354,5386,access_vlan:SW2:eth1:20+trunk_remove:SW1:eth3:10+trunk_remove:SW2:eth3:10+trunk_remove:SW2:eth3:20,33551,33556,0.05,8.75,5,True,False,True,False,True,recovery_success,0.0027884986251592637,5,4,0,0,0,0,0,0,0
3355,5387,access_vlan:SW1:eth1:20+access_vlan:SW2:eth1:20+access_vlan:SW2:eth2:10+trunk_remove:SW1:eth3:20+trunk_remove:SW2:eth3:10+trunk_remove:SW2:eth3:20,33556,33561,0.05,8.75,5,True,False,True,False,True,recovery_success,0.002445662301033735,5,4,0,0,0,0,0,0,0
3356,5388,access_vlan:SW1:eth1:20+access_vlan:SW1:eth2:10+trunk_remove:SW1:eth3:10+trunk_remove:SW1:eth3:20+trunk_remove:SW2:eth3:10,33561,33568,0.05,7.799999999999999,7,True,False,True,False,True,recovery_success,0.002159606948095773,7,5,1,0,1,1,1,0,0
3357,5389,access_vlan:SW1:eth2:10+trunk_remove:SW1:eth3:10+trunk_remove:SW2:eth3:10+trunk_remove:SW2:eth3:20,33568,33573,0.05,8.75,5,True,False,True,False,True,recovery_success,0.002732633613049984,5,4,0,0,0,0,0,0,0
3358,5390,access_vlan:SW1:eth1:20+access_vlan:SW2:eth2:10+trunk_remove:SW1:eth3:10+trunk_remove:SW2:eth3:10,33573,33578,0.05,8.75,5,True,False,True,False,True,recovery_success,0.0027977453311905263,5,4,0,0,0,0,0,0,0
3359,5391,access_vlan:SW2:eth2:10+trunk_remove:SW1:eth3:10+trunk_remove:SW1:eth3:20+trunk_remove:SW2:eth3:10+trunk_remove:SW2:eth3:20,33578,33584,0.05,8.45,6,True,False,True,False,True,recovery_success,0.002554658625740558,6,5,0,0,0,0,0,0,0
3360,5392,access_vlan:SW1:eth2:10+trunk_remove:SW1:eth3:10+trunk_remove:SW2:eth3:20,33584,33588,0.05,9.049999999999999,4,True,False,True,False,True,recovery_success,0.049456207430921495,4,3,0,0,0,0,0,0,0
3361,5393,access_vlan:SW1:eth1:20+trunk_remove:SW1:eth3:20,33588,33591,0.05,9.35,3,True,False,True,False,True,recovery_success,0.06512020683536927,3,2,0,0,0,0,0,0,0
3362,5394,access_vlan:SW1:eth1:20+trunk_remove:SW1:eth3:10+trunk_remove:SW1:eth3:20+trunk_remove:SW2:eth3:10+trunk_remove:SW2:eth3:20,33591,33597,0.05,8.45,6,True,False,True,False,True,recovery_success,0.007890022398593525,6,5,0,0,0,0,0,0,0
3363,5395,access_vlan:SW1:eth2:10+access_vlan:SW2:eth1:20+access_vlan:SW2:eth2:10+trunk_remove:SW1:eth3:10+trunk_remove:SW2:eth3:10+trunk_remove:SW2:eth3:20,33597,33602,0.05,8.75,5,True,False,True,False,True,recovery_success,0.005893162917345762,5,4,0,0,0,0,0,0,0
3364,5396,access_vlan:SW1:eth2:10+trunk_remove:SW1:eth3:10+trunk_remove:SW1:eth3:20,33602,33606,0.05,9.049999999999999,4,True,False,True,False,True,recovery_success,0.004148387000896037,4,3,0,0,0,0,0,0,0
3365,5397,access_vlan:SW1:eth2:10+access_vlan:SW2:eth1:20+trunk_remove:SW1:eth3:20+trunk_remove:SW2:eth3:10,33606,33611,0.05,8.75,5,True,False,True,False,True,recovery_success,0.0035323181189596655,5,4,0,0,0,0,0,0,0
3366,5398,access_vlan:SW1:eth1:20+access_vlan:SW1:eth2:10+access_vlan:SW2:eth1:20+access_vlan:SW2:eth2:10+trunk_remove:SW1:eth3:20+trunk_remove:SW2:eth3:20,33611,33616,0.05,7.749999999999999,5,True,False,True,False,True,recovery_success,0.0034345981199294328,5,4,0,0,2,2,1,0,0
3367,5399,access_vlan:SW1:eth2:10+access_vlan:SW2:eth2:10+trunk_remove:SW1:eth3:10+trunk_remove:SW2:eth3:10+trunk_remove:SW2:eth3:20,33616,33627,0.05,6.3999999999999995,11,True,False,True,False,True,recovery_success,0.003546641758558425,11,6,3,0,2,2,1,0,0
3368,5400,access_vlan:SW1:eth1:20+trunk_remove:SW1:eth3:10+trunk_remove:SW2:eth3:10+trunk_remove:SW2:eth3:20,33627,33632,0.05,8.75,5,True,False,True,False,True,recovery_success,0.0021451567532494663,5,4,0,0,0,0,0,0,0
3369,5401,access_vlan:SW1:eth2:10+access_vlan:SW2:eth1:20+access_vlan:SW2:eth2:10+trunk_remove:SW1:eth3:10+trunk_remove:SW2:eth3:10+trunk_remove:SW2:eth3:20,33632,33637,0.05,8.75,5,True,False,True,False,True,recovery_success,0.003195430524647236,5,4,0,0,0,0,0,0,0
3370,5402,access_vlan:SW1:eth1:20+access_vlan:SW2:eth1:20+access_vlan:SW2:eth2:10+trunk_remove:SW1:eth3:20+trunk_remove:SW2:eth3:20,33637,33641,0.05,9.049999999999999,4,True,False,True,False,True,recovery_success,0.0020978480606572703,4,3,0,0,0,0,0,0,0
3371,5403,access_vlan:SW1:eth1:20+access_vlan:SW2:eth1:20+access_vlan:SW2:eth2:10+trunk_remove:SW2:eth3:10,33641,33644,0.05,9.35,3,True,False,True,False,True,recovery_success,0.0030599201563745737,3,2,0,0,0,0,0,0,0
3372,5404,access_vlan:SW2:eth1:20+trunk_remove:SW1:eth3:10+trunk_remove:SW2:eth3:10+trunk_remove:SW2:eth3:20,33644,33653,0.05,5.55,9,True,False,True,False,True,recovery_success,0.002624995359737012,9,8,0,0,4,4,2,2,0
3373,5405,access_vlan:SW1:eth1:20+access_vlan:SW2:eth1:20+trunk_remove:SW1:eth3:20+trunk_remove:SW2:eth3:10+trunk_remove:SW2:eth3:20,33653,33659,0.05,8.45,6,True,False,True,False,True,recovery_success,0.0033092094430079064,6,5,0,0,0,0,0,0,0
3374,5406,access_vlan:SW1:eth2:10+access_vlan:SW2:eth1:20+access_vlan:SW2:eth2:10,33659,33661,0.05,9.649999999999999,2,True,False,True,False,True,recovery_success,0.002705077640712261,2,1,0,0,0,0,0,0,0
3375,5407,access_vlan:SW1:eth1:20+access_vlan:SW1:eth2:10+access_vlan:SW2:eth1:20+trunk_remove:SW2:eth3:10,33661,33665,0.05,9.2,4,True,False,True,False,True,recovery_success,0.002123928483342752,4,2,1,0,0,0,0,0,0
3376,5408,access_vlan:SW2:eth1:20+access_vlan:SW2:eth2:10+trunk_remove:SW2:eth3:10,33665,33669,0.05,8.549999999999999,4,True,False,True,False,True,recovery_success,0.05176243401365355,4,3,0,0,1,1,1,0,0
3377,5409,access_vlan:SW1:eth2:10+trunk_remove:SW1:eth3:10,33669,33672,0.05,9.35,3,True,False,True,False,True,recovery_success,0.003656438629453381,3,2,0,0,0,0,0,0,0
3378,5410,access_vlan:SW2:eth2:10+trunk_remove:SW1:eth3:10+trunk_remove:SW2:eth3:10,33672,33679,0.05,6.799999999999999,7,True,False,True,False,True,recovery_success,0.003585374298771577,7,5,1,0,3,3,1,1,0
3379,5411,access_vlan:SW1:eth2:10+trunk_remove:SW1:eth3:10+trunk_remove:SW2:eth3:10,33679,33683,0.05,9.049999999999999,4,True,False,True,False,True,recovery_success,0.002193900931160897,4,3,0,0,0,0,0,0,0
3380,5412,access_vlan:SW1:eth1:20+access_vlan:SW2:eth2:10+trunk_remove:SW1:eth3:20+trunk_remove:SW2:eth3:10+trunk_remove:SW2:eth3:20,33683,33689,0.05,8.45,6,True,False,True,False,True,recovery_success,0.0027670276273662844,6,5,0,0,0,0,0,0,0
3381,5413,access_vlan:SW2:eth1:20+access_vlan:SW2:eth2:10+trunk_remove:SW1:eth3:20+trunk_remove:SW2:eth3:10+trunk_remove:SW2:eth3:20,33689,33695,0.05,7.949999999999999,6,True,False,True,False,True,recovery_success,0.0036694916004004576,6,5,0,0,1,1,1,0,0
3382,5414,access_vlan:SW1:eth1:20+access_vlan:SW2:eth2:10+trunk_remove:SW1:eth3:20,33695,33699,0.05,9.049999999999999,4,True,False,True,False,True,recovery_success,0.002225023665232584,4,3,0,0,0,0,0,0,0
3383,5415,access_vlan:SW1:eth1:20+access_vlan:SW2:eth1:20+access_vlan:SW2:eth2:10+trunk_remove:SW1:eth3:10+trunk_remove:SW1:eth3:20+trunk_remove:SW2:eth3:20,33699,33704,0.05,8.75,5,True,False,True,False,True,recovery_success,0.0020236573880538346,5,4,0,0,0,0,0,0,0
3384,5416,access_vlan:SW2:eth1:20+access_vlan:SW2:eth2:10+trunk_remove:SW1:eth3:10+trunk_remove:SW2:eth3:10,33704,33709,0.05,8.25,5,True,False,True,False,True,recovery_success,0.0022414402570575475,5,4,0,0,1,1,1,0,0
3385,5417,access_vlan:SW1:eth2:10+access_vlan:SW2:eth2:10+trunk_remove:SW2:eth3:10,33709,33713,0.05,9.049999999999999,4,True,False,True,False,True,recovery_success,0.002017129852902144,4,3,0,0,0,0,0,0,0
3386,5418,access_vlan:SW1:eth1:20+access_vlan:SW1:eth2:10+trunk_remove:SW1:eth3:10+trunk_remove:SW2:eth3:10+trunk_remove:SW2:eth3:20,33713,33719,0.05,7.949999999999999,6,True,False,True,False,True,recovery_success,0.0023616731244449816,6,5,0,0,1,1,1,0,0
3387,5419,access_vlan:SW1:eth1:20+access_vlan:SW2:eth1:20+access_vlan:SW2:eth2:10+trunk_remove:SW1:eth3:20+trunk_remove:SW2:eth3:10+trunk_remove:SW2:eth3:20,33719,33727,0.05,6.5,8,True,False,True,False,True,recovery_success,0.0018548612715676427,8,6,1,0,3,3,1,1,0
3388,5420,access_vlan:SW1:eth1:20+trunk_remove:SW1:eth3:10+trunk_remove:SW1:eth3:20,33727,33734,0.05,6.799999999999999,7,True,False,True,False,True,recovery_success,0.0021664328773372938,7,5,1,0,3,3,1,1,0
3389,5421,access_vlan:SW1:eth1:20+trunk_remove:SW1:eth3:10+trunk_remove:SW2:eth3:20,33734,33740,0.05,7.949999999999999,6,True,False,True,False,True,recovery_success,0.0026979967563723526,6,4,0,0,1,1,1,1,0
3390,5422,access_vlan:SW2:eth1:20+access_vlan:SW2:eth2:10+trunk_remove:SW1:eth3:10+trunk_remove:SW1:eth3:20+trunk_remove:SW2:eth3:20,33740,33747,0.05,7.799999999999999,7,True,False,True,False,True,recovery_success,0.002976104351026671,7,5,1,0,1,1,1,0,0
3391,5423,access_vlan:SW1:eth1:20+trunk_remove:SW1:eth3:20,33747,33750,0.05,9.35,3,True,False,True,False,True,recovery_success,0.0014065455567712586,3,2,0,0,0,0,0,0,0
3392,5424,access_vlan:SW1:eth1:20+access_vlan:SW2:eth1:20+access_vlan:SW2:eth2:10+trunk_remove:SW1:eth3:20+trunk_remove:SW2:eth3:10,33750,33754,0.05,9.049999999999999,4,True,False,True,False,True,recovery_success,0.0022677840606775135,4,3,0,0,0,0,0,0,0
3393,5425,access_vlan:SW2:eth1:20+trunk_remove:SW1:eth3:20,33754,33757,0.05,9.35,3,True,False,True,False,True,recovery_success,0.0015394403599202633,3,2,0,0,0,0,0,0,0
3394,5426,access_vlan:SW1:eth1:20+access_vlan:SW1:eth2:10+access_vlan:SW2:eth1:20,33757,33762,0.05,8.899999999999999,5,True,False,True,False,True,recovery_success,0.002106066490523517,5,3,1,0,0,0,0,0,0
3395,5427,access_vlan:SW1:eth2:10+access_vlan:SW2:eth2:10+trunk_remove:SW1:eth3:20+trunk_remove:SW2:eth3:10+trunk_remove:SW2:eth3:20,33762,33768,0.05,8.45,6,True,False,True,False,True,recovery_success,0.0015038833759414654,6,5,0,0,0,0,0,0,0
3396,5428,access_vlan:SW1:eth1:20+access_vlan:SW2:eth1:20+trunk_remove:SW1:eth3:10+trunk_remove:SW2:eth3:10+trunk_remove:SW2:eth3:20,33768,33775,0.05,8.299999999999999,7,True,False,True,False,True,recovery_success,0.002816336146289749,7,5,1,0,0,0,0,0,0
3397,5429,access_vlan:SW2:eth2:10+trunk_remove:SW2:eth3:20,33775,33778,0.05,9.35,3,True,False,True,False,True,recovery_success,0.0025751303959017,3,2,0,0,0,0,0,0,0
3398,5430,access_vlan:SW1:eth2:10+trunk_remove:SW1:eth3:20+trunk_remove:SW2:eth3:10+trunk_remove:SW2:eth3:20,33778,33783,0.05,8.75,5,True,False,True,False,True,recovery_success,0.002762846276164055,5,4,0,0,0,0,0,0,0
3399,5431,access_vlan:SW1:eth1:20+trunk_remove:SW2:eth3:20,33783,33786,0.05,9.35,3,True,False,True,False,True,recovery_success,0.0015912186354398727,3,2,0,0,0,0,0,0,0
3400,5432,trunk_remove:SW1:eth3:10+trunk_remove:SW1:eth3:20+trunk_remove:SW2:eth3:10,33786,33790,0.05,9.049999999999999,4,True,False,True,False,True,recovery_success,0.003050242637982592,4,3,0,0,0,0,0,0,0
3401,5433,access_vlan:SW1:eth1:20+access_vlan:SW1:eth2:10+access_vlan:SW2:eth1:20+trunk_remove:SW2:eth3:20,33790,33795,0.05,7.749999999999999,5,True,False,True,False,True,recovery_success,0.025233204662799835,5,4,0,0,2,2,1,0,0
3402,5434,access_vlan:SW1:eth2:10+access_vlan:SW2:eth1:20,33795,33798,0.05,8.85,3,True,False,True,False,True,recovery_success,0.0028031938321267567,3,2,0,0,1,1,1,0,0
3403,5435,access_vlan:SW1:eth1:20+access_vlan:SW2:eth1:20+trunk_remove:SW1:eth3:10+trunk_remove:SW2:eth3:10+trunk_remove:SW2:eth3:20,33798,33806,0.05,7.35,8,True,False,True,False,True,recovery_success,0.014560828727553599,8,7,0,0,1,1,1,0,0
3404,5436,trunk_remove:SW1:eth3:20+trunk_remove:SW2:eth3:10+trunk_remove:SW2:eth3:20,33806,33810,0.05,9.049999999999999,4,True,False,True,False,True,recovery_success,0.004894222947768867,4,3,0,0,0,0,0,0,0
3405,5437,access_vlan:SW2:eth2:10,33810,33812,0.05,9.649999999999999,2,True,False,True,False,True,recovery_success,0.003628783510066569,2,1,0,0,0,0,0,0,0
3406,5438,access_vlan:SW1:eth1:20+access_vlan:SW1:eth2:10+access_vlan:SW2:eth1:20+trunk_remove:SW2:eth3:20,33812,33815,0.05,9.35,3,True,False,True,False,True,recovery_success,0.0067771729081869125,3,2,0,0,0,0,0,0,0
3407,5439,access_vlan:SW1:eth1:20+access_vlan:SW2:eth1:20+access_vlan:SW2:eth2:10+trunk_remove:SW1:eth3:20+trunk_remove:SW2:eth3:10+trunk_remove:SW2:eth3:20,33815,33820,0.05,8.75,5,True,False,True,False,True,recovery_success,0.042561012273654344,5,4,0,0,0,0,0,0,0
3408,5440,access_vlan:SW1:eth2:10+trunk_remove:SW2:eth3:20,33820,33823,0.05,9.35,3,True,False,True,False,True,recovery_success,0.007631752795229356,3,2,0,0,0,0,0,0,0
3409,5441,access_vlan:SW2:eth1:20+access_vlan:SW2:eth2:10+trunk_remove:SW1:eth3:20,33823,33827,0.05,8.549999999999999,4,True,False,True,False,True,recovery_success,0.0035794220166280866,4,3,0,0,1,1,1,0,0
3410,5442,access_vlan:SW1:eth1:20+access_vlan:SW1:eth2:10+access_vlan:SW2:eth2:10+trunk_remove:SW2:eth3:10,33827,33831,0.05,9.2,4,True,False,True,False,True,recovery_success,0.0032655781833454967,4,2,1,0,0,0,0,0,0
3411,5443,access_vlan:SW1:eth1:20+access_vlan:SW1:eth2:10+access_vlan:SW2:eth1:20+trunk_remove:SW2:eth3:20,33831,33834,0.05,9.35,3,True,False,True,False,True,recovery_success,0.0038889864614854255,3,2,0,0,0,0,0,0,0
3412,5444,access_vlan:SW2:eth1:20+trunk_remove:SW2:eth3:10,33834,33837,0.05,9.35,3,True,False,True,False,True,recovery_success,0.0035627548350021243,3,2,0,0,0,0,0,0,0
3413,5445,access_vlan:SW1:eth1:20+access_vlan:SW2:eth2:10+trunk_remove:SW1:eth3:10+trunk_remove:SW1:eth3:20,33837,33843,0.05,8.6,6,True,False,True,False,True,recovery_success,0.003491555651028951,6,4,1,0,0,0,0,0,0
3414,5446,access_vlan:SW1:eth1:20+access_vlan:SW2:eth2:10+trunk_remove:SW1:eth3:10+trunk_remove:SW2:eth3:10+trunk_remove:SW2:eth3:20,33843,33846,0.05,-10.65,3,True,False,True,False,False,incorrect_declare_done,0.0029660759416098395,3,2,0,0,0,0,0,0,3
3415,5447,access_vlan:SW1:eth2:10+access_vlan:SW2:eth1:20+access_vlan:SW2:eth2:10+trunk_remove:SW1:eth3:10+trunk_remove:SW2:eth3:10,33846,33850,0.05,9.049999999999999,4,True,False,True,False,True,recovery_success,0.002127882733475417,4,3,0,0,0,0,0,0,0
3416,5448,access_vlan:SW1:eth2:10+trunk_remove:SW1:eth3:10+trunk_remove:SW2:eth3:10+trunk_remove:SW2:eth3:20,33850,33855,0.05,8.75,5,True,False,True,False,True,recovery_success,0.002039428032003343,5,4,0,0,0,0,0,0,0
3417,5449,access_vlan:SW1:eth1:20+access_vlan:SW1:eth2:10+access_vlan:SW2:eth1:20+access_vlan:SW2:eth2:10+trunk_remove:SW2:eth3:10+trunk_remove:SW2:eth3:20,33855,33858,0.05,9.35,3,True,False,True,False,True,recovery_success,0.0020601009018719196,3,2,0,0,0,0,0,0,0
3418,5450,access_vlan:SW1:eth2:10+access_vlan:SW2:eth2:10+trunk_remove:SW1:eth3:20+trunk_remove:SW2:eth3:10+trunk_remove:SW2:eth3:20,33858,33864,0.05,8.45,6,True,False,True,False,True,recovery_success,0.0015255551261361688,6,5,0,0,0,0,0,0,0
3419,5451,access_vlan:SW1:eth1:20+access_vlan:SW1:eth2:10+trunk_remove:SW2:eth3:20,33864,33868,0.05,8.549999999999999,4,True,False,True,False,True,recovery_success,0.002049895643722266,4,3,0,0,1,1,1,0,0
3420,5452,access_vlan:SW1:eth1:20+access_vlan:SW2:eth1:20+trunk_remove:SW1:eth3:10+trunk_remove:SW1:eth3:20+trunk_remove:SW2:eth3:10,33868,33874,0.05,8.45,6,True,False,True,False,True,recovery_success,0.0015518730603313695,6,5,0,0,0,0,0,0,0
3421,5453,access_vlan:SW1:eth1:20+access_vlan:SW1:eth2:10+access_vlan:SW2:eth2:10+trunk_remove:SW1:eth3:20,33874,33877,0.05,9.35,3,True,False,True,False,True,recovery_success,0.0014386149317336578,3,2,0,0,0,0,0,0,0
3422,5454,access_vlan:SW1:eth1:20+access_vlan:SW1:eth2:10+access_vlan:SW2:eth2:10+trunk_remove:SW1:eth3:10+trunk_remove:SW2:eth3:10+trunk_remove:SW2:eth3:20,33877,33882,0.05,8.75,5,True,False,True,False,True,recovery_success,0.0025444863131269813,5,4,0,0,0,0,0,0,0
3423,5455,access_vlan:SW1:eth2:10+trunk_remove:SW1:eth3:10+trunk_remove:SW2:eth3:10,33882,33886,0.05,9.049999999999999,4,True,False,True,False,True,recovery_success,0.003316310336231254,4,3,0,0,0,0,0,0,0
3424,5456,trunk_remove:SW1:eth3:10+trunk_remove:SW1:eth3:20+trunk_remove:SW2:eth3:10+trunk_remove:SW2:eth3:20,33886,33891,0.05,8.75,5,True,False,True,False,True,recovery_success,0.006520936731249094,5,4,0,0,0,0,0,0,0
3425,5457,access_vlan:SW1:eth1:20+access_vlan:SW1:eth2:10+trunk_remove:SW1:eth3:10+trunk_remove:SW1:eth3:20+trunk_remove:SW2:eth3:10+trunk_remove:SW2:eth3:20,33891,33894,0.05,-11.15,3,True,False,True,False,False,incorrect_declare_done,0.00484256229052941,3,2,0,0,1,1,1,0,2
3426,5458,access_vlan:SW1:eth2:10+access_vlan:SW2:eth2:10+trunk_remove:SW2:eth3:10+trunk_remove:SW2:eth3:20,33894,33899,0.05,8.75,5,True,False,True,False,True,recovery_success,0.0040255624800920485,5,4,0,0,0,0,0,0,0
3427,5459,access_vlan:SW1:eth2:10+access_vlan:SW2:eth2:10+trunk_remove:SW1:eth3:10+trunk_remove:SW1:eth3:20+trunk_remove:SW2:eth3:10,33899,33905,0.05,8.45,6,True,False,True,False,True,recovery_success,0.007006469337890546,6,5,0,0,0,0,0,0,0
3428,5460,access_vlan:SW1:eth1:20+trunk_remove:SW1:eth3:20+trunk_remove:SW2:eth3:20,33905,33910,0.05,8.899999999999999,5,True,False,True,False,True,recovery_success,0.0032753261271864175,5,3,1,0,0,0,0,0,0
3429,5461,access_vlan:SW1:eth1:20+access_vlan:SW1:eth2:10+access_vlan:SW2:eth1:20+access_vlan:SW2:eth2:10+trunk_remove:SW1:eth3:10+trunk_remove:SW1:eth3:20+trunk_remove:SW2:eth3:10+trunk_remove:SW2:eth3:20,33910,33917,0.05,7.6499999999999995,7,True,False,True,False,True,recovery_success,0.0016288869415542909,7,6,0,0,1,1,1,0,0
3430,5462,access_vlan:SW1:eth1:20+access_vlan:SW1:eth2:10+access_vlan:SW2:eth2:10+trunk_remove:SW1:eth3:10+trunk_remove:SW1:eth3:20+trunk_remove:SW2:eth3:20,33917,33922,0.05,8.75,5,True,False,True,False,True,recovery_success,0.021543169813230633,5,4,0,0,0,0,0,0,0
3431,5463,access_vlan:SW1:eth1:20+access_vlan:SW1:eth2:10+access_vlan:SW2:eth1:20+trunk_remove:SW1:eth3:10,33922,33925,0.05,9.35,3,True,False,True,False,True,recovery_success,0.0022473842836916447,3,2,0,0,0,0,0,0,0
3432,5464,access_vlan:SW2:eth1:20+access_vlan:SW2:eth2:10+trunk_remove:SW1:eth3:10+trunk_remove:SW1:eth3:20+trunk_remove:SW2:eth3:10+trunk_remove:SW2:eth3:20,33925,33930,0.05,-11.75,5,True,False,True,False,False,incorrect_declare_done,0.0150674233911559,5,4,0,0,1,1,1,0,2
3433,5465,access_vlan:SW2:eth1:20+access_vlan:SW2:eth2:10,33930,33933,0.05,8.85,3,True,False,True,False,True,recovery_success,0.002935815524930755,3,2,0,0,1,1,1,0,0
3434,5466,access_vlan:SW2:eth1:20+access_vlan:SW2:eth2:10+trunk_remove:SW2:eth3:10,33933,33937,0.05,8.549999999999999,4,True,False,True,False,True,recovery_success,0.0035858992487192154,4,3,0,0,1,1,1,0,0
3435,5467,access_vlan:SW1:eth2:10+access_vlan:SW2:eth2:10+trunk_remove:SW1:eth3:10,33937,33941,0.05,9.049999999999999,4,True,False,True,False,True,recovery_success,0.0021464510646183044,4,3,0,0,0,0,0,0,0
3436,5468,access_vlan:SW1:eth2:10+access_vlan:SW2:eth1:20+access_vlan:SW2:eth2:10+trunk_remove:SW1:eth3:10+trunk_remove:SW1:eth3:20+trunk_remove:SW2:eth3:20,33941,33946,0.05,8.75,5,True,False,True,False,True,recovery_success,0.0023929620394483207,5,4,0,0,0,0,0,0,0
3437,5469,access_vlan:SW2:eth1:20+trunk_remove:SW1:eth3:10+trunk_remove:SW1:eth3:20+trunk_remove:SW2:eth3:10,33946,33952,0.05,8.6,6,True,False,True,False,True,recovery_success,0.005788364098407328,6,4,1,0,0,0,0,0,0
3438,5470,access_vlan:SW2:eth1:20+trunk_remove:SW1:eth3:10,33952,33955,0.05,9.35,3,True,False,True,False,True,recovery_success,0.003442701417952776,3,2,0,0,0,0,0,0,0
3439,5471,access_vlan:SW1:eth1:20+access_vlan:SW2:eth2:10+trunk_remove:SW1:eth3:20+trunk_remove:SW2:eth3:20,33955,33961,0.05,8.6,6,True,False,True,False,True,recovery_success,0.010195369909827908,6,4,1,0,0,0,0,0,0
3440,5472,access_vlan:SW1:eth1:20+access_vlan:SW1:eth2:10+access_vlan:SW2:eth1:20+trunk_remove:SW2:eth3:20,33961,33964,0.05,9.35,3,True,False,True,False,True,recovery_success,0.0022350922226905823,3,2,0,0,0,0,0,0,0
3441,5473,access_vlan:SW1:eth1:20+access_vlan:SW1:eth2:10+access_vlan:SW2:eth1:20+access_vlan:SW2:eth2:10+trunk_remove:SW1:eth3:10+trunk_remove:SW2:eth3:10+trunk_remove:SW2:eth3:20,33964,33968,0.05,9.049999999999999,4,True,False,True,False,True,recovery_success,0.0035900386283174157,4,3,0,0,0,0,0,0,0
3442,5474,trunk_remove:SW1:eth3:20+trunk_remove:SW2:eth3:10,33968,33971,0.05,9.35,3,True,False,True,False,True,recovery_success,0.0022670566492403546,3,2,0,0,0,0,0,0,0
3443,5475,access_vlan:SW1:eth1:20+access_vlan:SW1:eth2:10+access_vlan:SW2:eth1:20+access_vlan:SW2:eth2:10+trunk_remove:SW1:eth3:20+trunk_remove:SW2:eth3:20,33971,33974,0.05,9.35,3,True,False,True,False,True,recovery_success,0.0017913993603239458,3,2,0,0,0,0,0,0,0
3444,5476,access_vlan:SW1:eth1:20+access_vlan:SW1:eth2:10+access_vlan:SW2:eth2:10+trunk_remove:SW1:eth3:20+trunk_remove:SW2:eth3:20,33974,33978,0.05,9.049999999999999,4,True,False,True,False,True,recovery_success,0.01529396089608781,4,3,0,0,0,0,0,0,0
3445,5477,access_vlan:SW1:eth1:20+access_vlan:SW2:eth1:20+trunk_remove:SW2:eth3:10+trunk_remove:SW2:eth3:20,33978,33983,0.05,8.75,5,True,False,True,False,True,recovery_success,0.0014431473333388566,5,4,0,0,0,0,0,0,0
3446,5478,access_vlan:SW1:eth2:10+access_vlan:SW2:eth1:20+trunk_remove:SW2:eth3:10,33983,33987,0.05,9.049999999999999,4,True,False,True,False,True,recovery_success,0.011958573275478557,4,3,0,0,0,0,0,0,0
3447,5479,trunk_remove:SW2:eth3:20,33987,33989,0.05,9.649999999999999,2,True,False,True,False,True,recovery_success,0.0025517387548461556,2,1,0,0,0,0,0,0,0
3448,5480,access_vlan:SW2:eth1:20+access_vlan:SW2:eth2:10+trunk_remove:SW1:eth3:10+trunk_remove:SW2:eth3:10,33989,33998,0.05,7.6499999999999995,9,True,False,True,False,True,recovery_success,0.004712640747634901,9,4,4,0,1,1,1,0,0
3449,5481,access_vlan:SW1:eth1:20+access_vlan:SW1:eth2:10+trunk_remove:SW1:eth3:10+trunk_remove:SW1:eth3:20+trunk_remove:SW2:eth3:10+trunk_remove:SW2:eth3:20,33998,34008,0.05,7.199999999999999,10,True,False,True,False,True,recovery_success,0.007761611207388342,10,6,3,0,1,1,1,0,0
3450,5482,access_vlan:SW1:eth2:10+access_vlan:SW2:eth1:20+trunk_remove:SW1:eth3:10+trunk_remove:SW2:eth3:20,34008,34013,0.05,8.75,5,True,False,True,False,True,recovery_success,0.0271761542186141,5,4,0,0,0,0,0,0,0
3451,5483,access_vlan:SW1:eth1:20+access_vlan:SW2:eth1:20+access_vlan:SW2:eth2:10+trunk_remove:SW2:eth3:10+trunk_remove:SW2:eth3:20,34013,34017,0.05,9.049999999999999,4,True,False,True,False,True,recovery_success,0.00887589214835316,4,3,0,0,0,0,0,0,0
3452,5484,access_vlan:SW1:eth2:10+access_vlan:SW2:eth2:10+trunk_remove:SW1:eth3:10+trunk_remove:SW1:eth3:20+trunk_remove:SW2:eth3:10+trunk_remove:SW2:eth3:20,34017,34025,0.05,7.999999999999999,8,True,False,True,False,True,recovery_success,0.015357275784481317,8,6,1,0,0,0,0,0,0
3453,5485,access_vlan:SW1:eth1:20+access_vlan:SW1:eth2:10+access_vlan:SW2:eth1:20+access_vlan:SW2:eth2:10+trunk_remove:SW1:eth3:10,34025,34028,0.05,9.5,3,True,False,True,False,True,recovery_success,0.007843149670710167,3,1,1,0,0,0,0,0,0
3454,5486,access_vlan:SW1:eth2:10+access_vlan:SW2:eth1:20+access_vlan:SW2:eth2:10+trunk_remove:SW2:eth3:20,34028,34032,0.05,9.2,4,True,False,True,False,True,recovery_success,0.011851680465042591,4,2,1,0,0,0,0,0,0
3455,5487,access_vlan:SW1:eth1:20+access_vlan:SW2:eth2:10+trunk_remove:SW1:eth3:10+trunk_remove:SW2:eth3:10,34032,34038,0.05,8.6,6,True,False,True,False,True,recovery_success,0.015536083374172449,6,4,1,0,0,0,0,0,0
3456,5488,access_vlan:SW2:eth2:10+trunk_remove:SW1:eth3:10+trunk_remove:SW2:eth3:10,34038,34042,0.05,9.049999999999999,4,True,False,True,False,True,recovery_success,0.018957118969410658,4,3,0,0,0,0,0,0,0
3457,5489,access_vlan:SW1:eth1:20+access_vlan:SW2:eth1:20,34042,34045,0.05,8.85,3,True,False,True,False,True,recovery_success,0.009125196685393652,3,2,0,0,1,1,1,0,0
3458,5490,access_vlan:SW1:eth2:10+access_vlan:SW2:eth1:20+access_vlan:SW2:eth2:10+trunk_remove:SW1:eth3:20+trunk_remove:SW2:eth3:10,34045,34049,0.05,9.049999999999999,4,True,False,True,False,True,recovery_success,0.008990663278382272,4,3,0,0,0,0,0,0,0
3459,5491,access_vlan:SW1:eth2:10+trunk_remove:SW1:eth3:10+trunk_remove:SW1:eth3:20+trunk_remove:SW2:eth3:20,34049,34054,0.05,8.75,5,True,False,True,False,True,recovery_success,0.007754453271627426,5,4,0,0,0,0,0,0,0
3460,5492,access_vlan:SW1:eth2:10+trunk_remove:SW1:eth3:10+trunk_remove:SW1:eth3:20+trunk_remove:SW2:eth3:10+trunk_remove:SW2:eth3:20,34054,34060,0.05,8.45,6,True,False,True,False,True,recovery_success,0.004934135552806159,6,5,0,0,0,0,0,0,0
3461,5493,access_vlan:SW1:eth2:10+trunk_remove:SW1:eth3:10,34060,34063,0.05,9.35,3,True,False,True,False,True,recovery_success,0.06989267297709982,3,2,0,0,0,0,0,0,0
3462,5494,access_vlan:SW1:eth2:10+access_vlan:SW2:eth1:20+access_vlan:SW2:eth2:10+trunk_remove:SW1:eth3:10+trunk_remove:SW1:eth3:20+trunk_remove:SW2:eth3:10,34063,34068,0.05,8.75,5,True,False,True,False,True,recovery_success,0.003342810017056763,5,4,0,0,0,0,0,0,0
3463,5495,access_vlan:SW1:eth2:10+access_vlan:SW2:eth1:20+trunk_remove:SW1:eth3:10+trunk_remove:SW2:eth3:10+trunk_remove:SW2:eth3:20,34068,34075,0.05,8.299999999999999,7,True,False,True,False,True,recovery_success,0.005263123511602836,7,5,1,0,0,0,0,0,0
3464,5496,access_vlan:SW1:eth1:20+access_vlan:SW2:eth1:20+trunk_remove:SW1:eth3:20+trunk_remove:SW2:eth3:10,34075,34080,0.05,8.75,5,True,False,True,False,True,recovery_success,0.003629158018156886,5,4,0,0,0,0,0,0,0
3465,5497,access_vlan:SW2:eth1:20+trunk_remove:SW1:eth3:20,34080,34083,0.05,9.35,3,True,False,True,False,True,recovery_success,0.0026723891496658325,3,2,0,0,0,0,0,0,0
3466,5498,access_vlan:SW1:eth1:20+access_vlan:SW1:eth2:10+access_vlan:SW2:eth2:10+trunk_remove:SW1:eth3:10+trunk_remove:SW2:eth3:10,34083,34087,0.05,9.049999999999999,4,True,False,True,False,True,recovery_success,0.002468191582011059,4,3,0,0,0,0,0,0,0
3467,5499,access_vlan:SW1:eth2:10+access_vlan:SW2:eth2:10+trunk_remove:SW1:eth3:10+trunk_remove:SW2:eth3:10+trunk_remove:SW2:eth3:20,34087,34093,0.05,8.45,6,True,False,True,False,True,recovery_success,0.003194789712627729,6,5,0,0,0,0,0,0,0
3468,5500,access_vlan:SW2:eth1:20+access_vlan:SW2:eth2:10+trunk_remove:SW1:eth3:10+trunk_remove:SW2:eth3:10,34093,34098,0.05,8.25,5,True,False,True,False,True,recovery_success,0.002311805775389075,5,4,0,0,1,1,1,0,0
3469,5501,access_vlan:SW1:eth1:20+access_vlan:SW2:eth1:20+trunk_remove:SW1:eth3:10+trunk_remove:SW1:eth3:20+trunk_remove:SW2:eth3:20,34098,34108,0.05,6.25,10,True,False,True,False,True,recovery_success,0.02727728772442788,10,7,0,0,2,1,2,0,0
3470,5502,access_vlan:SW1:eth1:20+access_vlan:SW2:eth2:10+trunk_remove:SW1:eth3:20+trunk_remove:SW2:eth3:10+trunk_remove:SW2:eth3:20,34108,34114,0.05,8.45,6,True,False,True,False,True,recovery_success,0.0023925897742932043,6,5,0,0,0,0,0,0,0
3471,5503,access_vlan:SW1:eth2:10+trunk_remove:SW1:eth3:10+trunk_remove:SW2:eth3:10+trunk_remove:SW2:eth3:20,34114,34119,0.05,8.75,5,True,False,True,False,True,recovery_success,0.009610964800231159,5,4,0,0,0,0,0,0,0
3472,5504,access_vlan:SW2:eth2:10+trunk_remove:SW1:eth3:10+trunk_remove:SW1:eth3:20,34119,34120,0.05,-10.05,1,True,False,True,False,False,incorrect_declare_done,0.0027191697154194117,1,0,0,0,0,0,0,0,3
3473,5505,access_vlan:SW1:eth1:20+access_vlan:SW2:eth1:20+trunk_remove:SW1:eth3:20,34120,34124,0.05,9.049999999999999,4,True,False,True,False,True,recovery_success,0.027758409356465563,4,3,0,0,0,0,0,0,0
3474,5506,access_vlan:SW1:eth1:20+access_vlan:SW2:eth2:10+trunk_remove:SW1:eth3:10+trunk_remove:SW2:eth3:10+trunk_remove:SW2:eth3:20,34124,34132,0.05,7.85,8,True,False,True,False,True,recovery_success,0.002771000305074267,8,7,0,0,0,0,0,0,0
3475,5507,trunk_remove:SW1:eth3:10+trunk_remove:SW1:eth3:20+trunk_remove:SW2:eth3:10,34132,34136,0.05,9.049999999999999,4,True,False,True,False,True,recovery_success,0.009724243078380823,4,3,0,0,0,0,0,0,0
3476,5508,access_vlan:SW2:eth2:10+trunk_remove:SW1:eth3:20+trunk_remove:SW2:eth3:20,34136,34140,0.05,9.049999999999999,4,True,False,True,False,True,recovery_success,0.005430741410236806,4,3,0,0,0,0,0,0,0
3477,5509,access_vlan:SW2:eth1:20+access_vlan:SW2:eth2:10+trunk_remove:SW1:eth3:10+trunk_remove:SW1:eth3:20+trunk_remove:SW2:eth3:20,34140,34146,0.05,7.949999999999999,6,True,False,True,False,True,recovery_success,0.012517020339146256,6,5,0,0,1,1,1,0,0
3478,5510,access_vlan:SW2:eth1:20+trunk_remove:SW1:eth3:10+trunk_remove:SW2:eth3:10+trunk_remove:SW2:eth3:20,34146,34151,0.05,8.75,5,True,False,True,False,True,recovery_success,0.024216524604707957,5,4,0,0,0,0,0,0,0
3479,5511,access_vlan:SW1:eth2:10+access_vlan:SW2:eth1:20+trunk_remove:SW1:eth3:10+trunk_remove:SW1:eth3:20,34151,34158,0.05,6.6499999999999995,7,True,False,True,False,True,recovery_success,0.020861677093697444,7,6,0,0,3,3,1,1,0
3480,5512,access_vlan:SW1:eth1:20+access_vlan:SW1:eth2:10+access_vlan:SW2:eth1:20+access_vlan:SW2:eth2:10+trunk_remove:SW1:eth3:10,34158,34161,0.05,9.5,3,True,False,True,False,True,recovery_success,0.01742556504905224,3,1,1,0,0,0,0,0,0
3481,5513,access_vlan:SW1:eth1:20+access_vlan:SW1:eth2:10+access_vlan:SW2:eth2:10+trunk_remove:SW1:eth3:10,34161,34164,0.05,9.35,3,True,False,True,False,True,recovery_success,0.013241187358895937,3,2,0,0,0,0,0,0,0
3482,5514,access_vlan:SW1:eth2:10+access_vlan:SW2:eth2:10+trunk_remove:SW1:eth3:10+trunk_remove:SW1:eth3:20,34164,34169,0.05,8.75,5,True,False,True,False,True,recovery_success,0.012870288360863924,5,4,0,0,0,0,0,0,0
3483,5515,access_vlan:SW1:eth2:10+access_vlan:SW2:eth1:20+access_vlan:SW2:eth2:10+trunk_remove:SW2:eth3:20,34169,34172,0.05,9.35,3,True,False,True,False,True,recovery_success,0.011839657866706451,3,2,0,0,0,0,0,0,0
3484,5516,access_vlan:SW1:eth2:10+access_vlan:SW2:eth1:20+access_vlan:SW2:eth2:10+trunk_remove:SW1:eth3:10+trunk_remove:SW2:eth3:10,34172,34176,0.05,9.049999999999999,4,True,False,True,False,True,recovery_success,0.010516608715988696,4,3,0,0,0,0,0,0,0
3485,5517,access_vlan:SW1:eth2:10+access_vlan:SW2:eth1:20+trunk_remove:SW1:eth3:20+trunk_remove:SW2:eth3:10,34176,34181,0.05,8.75,5,True,False,True,False,True,recovery_success,0.00579549940302968,5,4,0,0,0,0,0,0,0
3486,5518,access_vlan:SW2:eth2:10+trunk_remove:SW1:eth3:10+trunk_remove:SW1:eth3:20+trunk_remove:SW2:eth3:10+trunk_remove:SW2:eth3:20,34181,34187,0.05,8.45,6,True,False,True,False,True,recovery_success,0.007208272465504706,6,5,0,0,0,0,0,0,0
3487,5519,access_vlan:SW1:eth1:20+access_vlan:SW1:eth2:10+access_vlan:SW2:eth1:20+trunk_remove:SW2:eth3:10,34187,34190,0.05,9.35,3,True,False,True,False,True,recovery_success,0.003994587110355496,3,2,0,0,0,0,0,0,0
3488,5520,access_vlan:SW1:eth1:20+access_vlan:SW1:eth2:10+access_vlan:SW2:eth2:10+trunk_remove:SW1:eth3:10,34190,34193,0.05,9.35,3,True,False,True,False,True,recovery_success,0.0029100559186190367,3,2,0,0,0,0,0,0,0
3489,5521,access_vlan:SW1:eth1:20+trunk_remove:SW2:eth3:10,34193,34196,0.05,9.35,3,True,False,True,False,True,recovery_success,0.004468531735862295,3,2,0,0,0,0,0,0,0
3490,5522,access_vlan:SW1:eth1:20+access_vlan:SW2:eth1:20+trunk_remove:SW1:eth3:10+trunk_remove:SW1:eth3:20+trunk_remove:SW2:eth3:20,34196,34202,0.05,8.45,6,True,False,True,False,True,recovery_success,0.002327681480286022,6,5,0,0,0,0,0,0,0
3491,5523,access_vlan:SW2:eth2:10+trunk_remove:SW1:eth3:10+trunk_remove:SW1:eth3:20+trunk_remove:SW2:eth3:10+trunk_remove:SW2:eth3:20,34202,34210,0.05,6.85,8,True,False,True,False,True,recovery_success,0.004098523437278345,8,7,0,0,2,2,1,0,0
3492,5524,access_vlan:SW1:eth2:10+trunk_remove:SW1:eth3:10+trunk_remove:SW1:eth3:20+trunk_remove:SW2:eth3:10+trunk_remove:SW2:eth3:20,34210,34216,0.05,8.45,6,True,False,True,False,True,recovery_success,0.003545846634854873,6,5,0,0,0,0,0,0,0
3493,5525,access_vlan:SW1:eth1:20+access_vlan:SW1:eth2:10+trunk_remove:SW1:eth3:10+trunk_remove:SW1:eth3:20+trunk_remove:SW2:eth3:10+trunk_remove:SW2:eth3:20,34216,34229,0.05,3.8500000000000005,13,True,False,True,False,True,recovery_success,0.004499286717663591,13,12,0,0,5,4,4,0,0
3494,5526,access_vlan:SW2:eth1:20+trunk_remove:SW1:eth3:20+trunk_remove:SW2:eth3:10,34229,34233,0.05,9.049999999999999,4,True,False,True,False,True,recovery_success,0.0034870641538873315,4,3,0,0,0,0,0,0,0
3495,5527,access_vlan:SW2:eth1:20+trunk_remove:SW1:eth3:10+trunk_remove:SW2:eth3:10+trunk_remove:SW2:eth3:20,34233,34242,0.05,5.55,9,True,False,True,False,True,recovery_success,0.0029201202818916906,9,8,0,0,4,4,3,0,0
3496,5528,access_vlan:SW1:eth1:20+access_vlan:SW2:eth2:10+trunk_remove:SW1:eth3:20+trunk_remove:SW2:eth3:20,34242,34247,0.05,8.75,5,True,False,True,False,True,recovery_success,0.0028579659294337032,5,4,0,0,0,0,0,0,0
3497,5529,access_vlan:SW2:eth2:10+trunk_remove:SW1:eth3:10,34247,34250,0.05,9.35,3,True,False,True,False,True,recovery_success,0.002820476579169432,3,2,0,0,0,0,0,0,0
3498,5530,access_vlan:SW1:eth2:10+access_vlan:SW2:eth1:20+trunk_remove:SW1:eth3:10+trunk_remove:SW2:eth3:10+trunk_remove:SW2:eth3:20,34250,34255,0.05,-11.25,5,True,False,True,False,False,incorrect_declare_done,0.0044135479256510735,5,4,0,0,0,0,0,0,1
3499,5531,access_vlan:SW1:eth1:20+access_vlan:SW1:eth2:10+trunk_remove:SW1:eth3:10+trunk_remove:SW1:eth3:20+trunk_remove:SW2:eth3:10,34255,34261,0.05,7.949999999999999,6,True,False,True,False,True,recovery_success,0.005634868730946134,6,5,0,0,1,1,1,0,0
3500,5532,access_vlan:SW1:eth1:20+access_vlan:SW1:eth2:10+access_vlan:SW2:eth1:20+access_vlan:SW2:eth2:10+trunk_remove:SW1:eth3:20+trunk_remove:SW2:eth3:20,34261,34264,0.05,9.35,3,True,False,True,False,True,recovery_success,0.0018175480072386563,3,2,0,0,0,0,0,0,0
3501,5533,access_vlan:SW1:eth1:20+access_vlan:SW1:eth2:10+access_vlan:SW2:eth1:20+trunk_remove:SW1:eth3:10,34264,34267,0.05,9.35,3,True,False,True,False,True,recovery_success,0.0025821189240862927,3,2,0,0,0,0,0,0,0
3502,5534,trunk_remove:SW1:eth3:20+trunk_remove:SW2:eth3:10,34267,34270,0.05,9.35,3,True,False,True,False,True,recovery_success,0.002176115211720268,3,2,0,0,0,0,0,0,0
3503,5535,access_vlan:SW1:eth2:10,34270,34272,0.05,9.649999999999999,2,True,False,True,False,True,recovery_success,0.0014044935232959688,2,1,0,0,0,0,0,0,0
3504,5536,access_vlan:SW1:eth1:20+trunk_remove:SW1:eth3:10+trunk_remove:SW1:eth3:20,34272,34278,0.05,7.949999999999999,6,True,False,True,False,True,recovery_success,0.002487409821090599,6,5,0,0,1,1,1,0,0
3505,5537,access_vlan:SW2:eth1:20+access_vlan:SW2:eth2:10+trunk_remove:SW2:eth3:10,34278,34282,0.05,8.549999999999999,4,True,False,True,False,True,recovery_success,0.0035169856855645776,4,3,0,0,1,1,1,0,0
3506,5538,access_vlan:SW2:eth1:20+access_vlan:SW2:eth2:10+trunk_remove:SW2:eth3:10,34282,34286,0.05,8.549999999999999,4,True,False,True,False,True,recovery_success,0.0012500104785431176,4,3,0,0,1,1,1,0,0
3507,5539,access_vlan:SW2:eth1:20+access_vlan:SW2:eth2:10+trunk_remove:SW2:eth3:20,34286,34290,0.05,8.049999999999999,4,True,False,True,False,True,recovery_success,0.04622555441164877,4,3,0,0,2,2,2,0,0
3508,5540,access_vlan:SW2:eth2:10+trunk_remove:SW1:eth3:10,34290,34293,0.05,9.35,3,True,False,True,False,True,recovery_success,0.0019406393791238468,3,2,0,0,0,0,0,0,0
3509,5541,access_vlan:SW2:eth1:20+access_vlan:SW2:eth2:10+trunk_remove:SW1:eth3:10+trunk_remove:SW1:eth3:20+trunk_remove:SW2:eth3:10+trunk_remove:SW2:eth3:20,34293,34300,0.05,7.6499999999999995,7,True,False,True,False,True,recovery_success,0.00182513175864837,7,6,0,0,1,1,1,0,0
3510,5542,access_vlan:SW1:eth2:10+trunk_remove:SW1:eth3:10+trunk_remove:SW1:eth3:20,34300,34304,0.05,9.049999999999999,4,True,False,True,False,True,recovery_success,0.0012609198165591806,4,3,0,0,0,0,0,0,0
3511,5543,access_vlan:SW1:eth2:10+trunk_remove:SW1:eth3:10,34304,34307,0.05,9.35,3,True,False,True,False,True,recovery_success,0.0022427869650224843,3,2,0,0,0,0,0,0,0
3512,5544,access_vlan:SW1:eth1:20+access_vlan:SW2:eth1:20+access_vlan:SW2:eth2:10+trunk_remove:SW1:eth3:20+trunk_remove:SW2:eth3:20,34307,34311,0.05,9.049999999999999,4,True,False,True,False,True,recovery_success,0.0018386516603641212,4,3,0,0,0,0,0,0,0
3513,5545,trunk_remove:SW2:eth3:10+trunk_remove:SW2:eth3:20,34311,34314,0.05,9.35,3,True,False,True,False,True,recovery_success,0.0017186885233968496,3,2,0,0,0,0,0,0,0
3514,5546,access_vlan:SW1:eth2:10+access_vlan:SW2:eth2:10+trunk_remove:SW1:eth3:10+trunk_remove:SW2:eth3:10,34314,34319,0.05,8.75,5,True,False,True,False,True,recovery_success,0.019645067874807864,5,4,0,0,0,0,0,0,0
3515,5547,access_vlan:SW2:eth1:20+trunk_remove:SW2:eth3:10,34319,34323,0.05,9.2,4,True,False,True,False,True,recovery_success,0.003331722487928346,4,2,1,0,0,0,0,0,0
3516,5548,access_vlan:SW1:eth1:20+access_vlan:SW1:eth2:10+access_vlan:SW2:eth1:20+trunk_remove:SW1:eth3:20+trunk_remove:SW2:eth3:10+trunk_remove:SW2:eth3:20,34323,34331,0.05,7.999999999999999,8,True,False,True,False,True,recovery_success,0.035582311800681055,8,6,1,0,0,0,0,0,0
3517,5549,access_vlan:SW1:eth1:20+access_vlan:SW1:eth2:10+access_vlan:SW2:eth1:20+trunk_remove:SW1:eth3:10+trunk_remove:SW1:eth3:20,34331,34336,0.05,8.899999999999999,5,True,False,True,False,True,recovery_success,0.04248523935675621,5,3,1,0,0,0,0,0,0
3518,5550,access_vlan:SW1:eth1:20+access_vlan:SW1:eth2:10+access_vlan:SW2:eth1:20+trunk_remove:SW1:eth3:20+trunk_remove:SW2:eth3:10+trunk_remove:SW2:eth3:20,34336,34344,0.05,7.5,8,True,False,True,False,True,recovery_success,0.005267031490802765,8,6,1,0,1,1,1,0,0
3519,5551,access_vlan:SW1:eth2:10+trunk_remove:SW1:eth3:20+trunk_remove:SW2:eth3:10,34344,34348,0.05,9.049999999999999,4,True,False,True,False,True,recovery_success,0.003552389156538993,4,3,0,0,0,0,0,0,0
3520,5552,access_vlan:SW2:eth1:20+access_vlan:SW2:eth2:10+trunk_remove:SW2:eth3:20,34348,34352,0.05,8.549999999999999,4,True,False,True,False,True,recovery_success,0.024822556704748422,4,3,0,0,1,1,1,0,0
3521,5553,access_vlan:SW1:eth1:20+trunk_remove:SW1:eth3:20+trunk_remove:SW2:eth3:20,34352,34359,0.05,8.299999999999999,7,True,False,True,False,True,recovery_success,0.003694530709513596,7,5,1,0,0,0,0,0,0
3522,5554,access_vlan:SW1:eth1:20+access_vlan:SW1:eth2:10+trunk_remove:SW1:eth3:10+trunk_remove:SW1:eth3:20+trunk_remove:SW2:eth3:20,34359,34365,0.05,7.949999999999999,6,True,False,True,False,True,recovery_success,0.004005332477390766,6,5,0,0,1,1,1,0,0
3523,5555,access_vlan:SW1:eth1:20+access_vlan:SW1:eth2:10+access_vlan:SW2:eth1:20+trunk_remove:SW2:eth3:20,34365,34370,0.05,7.25,5,True,False,True,False,True,recovery_success,0.0028902005171403287,5,4,0,0,3,3,1,1,0
3524,5556,access_vlan:SW2:eth1:20+trunk_remove:SW1:eth3:10+trunk_remove:SW1:eth3:20+trunk_remove:SW2:eth3:10,34370,34375,0.05,8.75,5,True,False,True,False,True,recovery_success,0.03694639331661165,5,4,0,0,0,0,0,0,0
3525,5557,access_vlan:SW1:eth1:20+access_vlan:SW1:eth2:10+access_vlan:SW2:eth2:10+trunk_remove:SW1:eth3:20+trunk_remove:SW2:eth3:20,34375,34379,0.05,9.049999999999999,4,True,False,True,False,True,recovery_success,0.00595157069619745,4,3,0,0,0,0,0,0,0
3526,5558,access_vlan:SW1:eth2:10+access_vlan:SW2:eth1:20+trunk_remove:SW1:eth3:10+trunk_remove:SW2:eth3:10,34379,34384,0.05,8.75,5,True,False,True,False,True,recovery_success,0.0032845286186784506,5,4,0,0,0,0,0,0,0
3527,5559,access_vlan:SW1:eth1:20+access_vlan:SW2:eth1:20+trunk_remove:SW1:eth3:10+trunk_remove:SW1:eth3:20+trunk_remove:SW2:eth3:20,34384,34390,0.05,8.45,6,True,False,True,False,True,recovery_success,0.0039327646178814275,6,5,0,0,0,0,0,0,0
3528,5560,access_vlan:SW2:eth1:20+access_vlan:SW2:eth2:10+trunk_remove:SW1:eth3:10+trunk_remove:SW1:eth3:20+trunk_remove:SW2:eth3:20,34390,34396,0.05,7.949999999999999,6,True,False,True,False,True,recovery_success,0.027299949356044333,6,5,0,0,1,1,1,0,0
3529,5561,access_vlan:SW1:eth1:20+access_vlan:SW1:eth2:10+access_vlan:SW2:eth1:20,34396,34398,0.05,9.649999999999999,2,True,False,True,False,True,recovery_success,0.002182377502322197,2,1,0,0,0,0,0,0,0
3530,5562,access_vlan:SW1:eth1:20+access_vlan:SW1:eth2:10+trunk_remove:SW1:eth3:20,34398,34404,0.05,6.949999999999999,6,True,False,True,False,True,recovery_success,0.004491091861079137,6,5,0,0,3,3,2,0,0
3531,5563,access_vlan:SW1:eth2:10+access_vlan:SW2:eth1:20+trunk_remove:SW1:eth3:20+trunk_remove:SW2:eth3:10+trunk_remove:SW2:eth3:20,34404,34410,0.05,8.45,6,True,False,True,False,True,recovery_success,0.00487909900645415,6,5,0,0,0,0,0,0,0
3532,5564,trunk_remove:SW2:eth3:20,34410,34412,0.05,9.649999999999999,2,True,False,True,False,True,recovery_success,0.003795662836637348,2,1,0,0,0,0,0,0,0
3533,5565,access_vlan:SW1:eth1:20+access_vlan:SW2:eth1:20+trunk_remove:SW2:eth3:10,34412,34416,0.05,8.549999999999999,4,True,False,True,False,True,recovery_success,0.004102865059394389,4,3,0,0,1,1,1,0,0
3534,5566,access_vlan:SW1:eth1:20+access_vlan:SW2:eth1:20+trunk_remove:SW1:eth3:20+trunk_remove:SW2:eth3:20,34416,34421,0.05,8.75,5,True,False,True,False,True,recovery_success,0.03550855370704085,5,4,0,0,0,0,0,0,0
3535,5567,access_vlan:SW1:eth1:20+access_vlan:SW1:eth2:10+access_vlan:SW2:eth2:10+trunk_remove:SW1:eth3:10+trunk_remove:SW2:eth3:10,34421,34425,0.05,9.049999999999999,4,True,False,True,False,True,recovery_success,0.00372174073709175,4,3,0,0,0,0,0,0,0
3536,5568,access_vlan:SW1:eth1:20+access_vlan:SW2:eth1:20+access_vlan:SW2:eth2:10+trunk_remove:SW1:eth3:10+trunk_remove:SW1:eth3:20,34425,34429,0.05,9.049999999999999,4,True,False,True,False,True,recovery_success,0.0057928989990614355,4,3,0,0,0,0,0,0,0
3537,5569,access_vlan:SW2:eth1:20+trunk_remove:SW1:eth3:20,34429,34432,0.05,9.35,3,True,False,True,False,True,recovery_success,0.00393246781701843,3,2,0,0,0,0,0,0,0
3538,5570,access_vlan:SW1:eth1:20+access_vlan:SW2:eth2:10+trunk_remove:SW1:eth3:20+trunk_remove:SW2:eth3:10+trunk_remove:SW2:eth3:20,34432,34438,0.05,8.45,6,True,False,True,False,True,recovery_success,0.03129316435661167,6,5,0,0,0,0,0,0,0
3539,5571,access_vlan:SW1:eth1:20+access_vlan:SW2:eth2:10,34438,34441,0.05,8.85,3,True,False,True,False,True,recovery_success,0.0021445019713913402,3,2,0,0,1,1,1,0,0
3540,5572,access_vlan:SW2:eth1:20+access_vlan:SW2:eth2:10+trunk_remove:SW1:eth3:10+trunk_remove:SW2:eth3:10,34441,34446,0.05,8.25,5,True,False,True,False,True,recovery_success,0.0018820628989487886,5,4,0,0,1,1,1,0,0
3541,5573,access_vlan:SW2:eth2:10+trunk_remove:SW1:eth3:10+trunk_remove:SW2:eth3:10,34446,34452,0.05,7.949999999999999,6,True,False,True,False,True,recovery_success,0.0021047675982117653,6,5,0,0,1,1,1,1,0
3542,5574,access_vlan:SW1:eth1:20+access_vlan:SW1:eth2:10+access_vlan:SW2:eth2:10+trunk_remove:SW1:eth3:10+trunk_remove:SW1:eth3:20+trunk_remove:SW2:eth3:10,34452,34457,0.05,8.75,5,True,False,True,False,True,recovery_success,0.0014794850954785942,5,4,0,0,0,0,0,0,0
3543,5575,access_vlan:SW1:eth1:20+access_vlan:SW1:eth2:10+trunk_remove:SW2:eth3:20,34457,34461,0.05,8.549999999999999,4,True,False,True,False,True,recovery_success,0.0016546004335395992,4,3,0,0,1,1,1,0,0
3544,5576,access_vlan:SW1:eth1:20+access_vlan:SW1:eth2:10+access_vlan:SW2:eth2:10+trunk_remove:SW1:eth3:20,34461,34464,0.05,9.35,3,True,False,True,False,True,recovery_success,0.0008686528114291528,3,2,0,0,0,0,0,0,0
3545,5577,access_vlan:SW1:eth1:20+trunk_remove:SW1:eth3:10,34464,34468,0.05,9.2,4,True,False,True,False,True,recovery_success,0.0036983125028200448,4,2,1,0,0,0,0,0,0
3546,5578,access_vlan:SW2:eth1:20+access_vlan:SW2:eth2:10+trunk_remove:SW1:eth3:10+trunk_remove:SW2:eth3:10+trunk_remove:SW2:eth3:20,34468,34474,0.05,7.949999999999999,6,True,False,True,False,True,recovery_success,0.001615908802098905,6,5,0,0,1,1,1,0,0
3547,5579,access_vlan:SW1:eth1:20+trunk_remove:SW1:eth3:10+trunk_remove:SW2:eth3:10,34474,34478,0.05,9.049999999999999,4,True,False,True,False,True,recovery_success,0.0012510764208855107,4,3,0,0,0,0,0,0,0
3548,5580,access_vlan:SW1:eth1:20+access_vlan:SW1:eth2:10+access_vlan:SW2:eth1:20+trunk_remove:SW1:eth3:10+trunk_remove:SW1:eth3:20+trunk_remove:SW2:eth3:20,34478,34481,0.05,-10.65,3,True,False,True,False,False,incorrect_declare_done,0.002368041935066382,3,2,0,0,0,0,0,0,2
3549,5581,access_vlan:SW1:eth1:20+access_vlan:SW1:eth2:10+access_vlan:SW2:eth2:10,34481,34483,0.05,9.649999999999999,2,True,False,True,False,True,recovery_success,0.0025254792999476194,2,1,0,0,0,0,0,0,0
3550,5582,access_vlan:SW1:eth1:20+access_vlan:SW1:eth2:10+access_vlan:SW2:eth1:20+access_vlan:SW2:eth2:10+trunk_remove:SW2:eth3:10+trunk_remove:SW2:eth3:20,34483,34486,0.05,9.35,3,True,False,True,False,True,recovery_success,0.0013658530466879408,3,2,0,0,0,0,0,0,0
3551,5583,access_vlan:SW1:eth2:10+access_vlan:SW2:eth1:20+access_vlan:SW2:eth2:10+trunk_remove:SW1:eth3:10+trunk_remove:SW1:eth3:20+trunk_remove:SW2:eth3:20,34486,34491,0.05,8.75,5,True,False,True,False,True,recovery_success,0.00140622453764081,5,4,0,0,0,0,0,0,0
3552,5584,access_vlan:SW2:eth1:20+access_vlan:SW2:eth2:10,34491,34494,0.05,8.85,3,True,False,True,False,True,recovery_success,0.0011568273572872083,3,2,0,0,1,1,1,0,0
3553,5585,access_vlan:SW1:eth1:20+access_vlan:SW2:eth1:20+access_vlan:SW2:eth2:10+trunk_remove:SW1:eth3:20+trunk_remove:SW2:eth3:20,34494,34498,0.05,9.049999999999999,4,True,False,True,False,True,recovery_success,0.001265454076929018,4,3,0,0,0,0,0,0,0
3554,5586,access_vlan:SW1:eth1:20+access_vlan:SW1:eth2:10+access_vlan:SW2:eth1:20+trunk_remove:SW1:eth3:10+trunk_remove:SW1:eth3:20+trunk_remove:SW2:eth3:10+trunk_remove:SW2:eth3:20,34498,34504,0.05,8.45,6,True,False,True,False,True,recovery_success,0.0034573186421766877,6,5,0,0,0,0,0,0,0
3555,5587,access_vlan:SW1:eth1:20+trunk_remove:SW1:eth3:10+trunk_remove:SW2:eth3:20,34504,34508,0.05,9.049999999999999,4,True,False,True,False,True,recovery_success,0.004554782761260867,4,3,0,0,0,0,0,0,0
3556,5588,access_vlan:SW1:eth1:20+access_vlan:SW1:eth2:10+access_vlan:SW2:eth2:10+trunk_remove:SW1:eth3:20+trunk_remove:SW2:eth3:10,34508,34512,0.05,9.049999999999999,4,True,False,True,False,True,recovery_success,0.004543018294498324,4,3,0,0,0,0,0,0,0
3557,5589,access_vlan:SW1:eth1:20+access_vlan:SW1:eth2:10+access_vlan:SW2:eth2:10+trunk_remove:SW1:eth3:10+trunk_remove:SW1:eth3:20+trunk_remove:SW2:eth3:10,34512,34519,0.05,7.15,7,True,False,True,False,True,recovery_success,0.004016105218657425,7,6,0,0,2,2,1,0,0
3558,5590,access_vlan:SW2:eth1:20+access_vlan:SW2:eth2:10+trunk_remove:SW1:eth3:10+trunk_remove:SW1:eth3:20,34519,34526,0.05,7.6499999999999995,7,True,False,True,False,True,recovery_success,0.004804214529160943,7,6,0,0,1,1,1,0,0
3559,5591,access_vlan:SW2:eth1:20+access_vlan:SW2:eth2:10+trunk_remove:SW1:eth3:20,34526,34532,0.05,7.949999999999999,6,True,False,True,False,True,recovery_success,0.004278380617809792,6,5,0,0,1,1,1,0,0
3560,5592,access_vlan:SW1:eth1:20+trunk_remove:SW1:eth3:20,34532,34535,0.05,9.35,3,True,False,True,False,True,recovery_success,0.004290310588354866,3,2,0,0,0,0,0,0,0
3561,5593,access_vlan:SW1:eth2:10+access_vlan:SW2:eth2:10+trunk_remove:SW1:eth3:10+trunk_remove:SW1:eth3:20+trunk_remove:SW2:eth3:20,34535,34541,0.05,8.45,6,True,False,True,False,True,recovery_success,0.0035857309509689608,6,5,0,0,0,0,0,0,0
3562,5594,access_vlan:SW1:eth2:10+access_vlan:SW2:eth2:10+trunk_remove:SW1:eth3:10+trunk_remove:SW1:eth3:20,34541,34546,0.05,8.75,5,True,False,True,False,True,recovery_success,0.003431178955361247,5,4,0,0,0,0,0,0,0
3563,5595,trunk_remove:SW1:eth3:20+trunk_remove:SW2:eth3:10,34546,34549,0.05,9.35,3,True,False,True,False,True,recovery_success,0.019217534689232707,3,2,0,0,0,0,0,0,0
3564,5596,access_vlan:SW1:eth2:10+access_vlan:SW2:eth2:10+trunk_remove:SW1:eth3:10+trunk_remove:SW1:eth3:20,34549,34554,0.05,8.75,5,True,False,True,False,True,recovery_success,0.01808181854430586,5,4,0,0,0,0,0,0,0
3565,5597,access_vlan:SW1:eth2:10+access_vlan:SW2:eth2:10+trunk_remove:SW2:eth3:10+trunk_remove:SW2:eth3:20,34554,34559,0.05,8.75,5,True,False,True,False,True,recovery_success,0.004733632458373905,5,4,0,0,0,0,0,0,0
3566,5598,trunk_remove:SW1:eth3:10+trunk_remove:SW1:eth3:20+trunk_remove:SW2:eth3:20,34559,34563,0.05,9.049999999999999,4,True,False,True,False,True,recovery_success,0.0059274338418617845,4,3,0,0,0,0,0,0,0
3567,5599,access_vlan:SW1:eth2:10+access_vlan:SW2:eth1:20+access_vlan:SW2:eth2:10+trunk_remove:SW1:eth3:20+trunk_remove:SW2:eth3:10+trunk_remove:SW2:eth3:20,34563,34568,0.05,8.75,5,True,False,True,False,True,recovery_success,0.0045359844341874124,5,4,0,0,0,0,0,0,0
3568,5600,access_vlan:SW1:eth1:20+access_vlan:SW2:eth1:20+trunk_remove:SW1:eth3:20,34568,34572,0.05,9.049999999999999,4,True,False,True,False,True,recovery_success,0.006038157385773957,4,3,0,0,0,0,0,0,0
3569,5601,access_vlan:SW1:eth2:10+trunk_remove:SW1:eth3:20+trunk_remove:SW2:eth3:10,34572,34576,0.05,9.049999999999999,4,True,False,True,False,True,recovery_success,0.0038131350302137434,4,3,0,0,0,0,0,0,0
3570,5602,access_vlan:SW1:eth1:20+trunk_remove:SW1:eth3:20+trunk_remove:SW2:eth3:10+trunk_remove:SW2:eth3:20,34576,34581,0.05,8.75,5,True,False,True,False,True,recovery_success,0.006304832268506288,5,4,0,0,0,0,0,0,0
3571,5603,access_vlan:SW2:eth1:20+access_vlan:SW2:eth2:10+trunk_remove:SW1:eth3:20,34581,34585,0.05,8.549999999999999,4,True,False,True,False,True,recovery_success,0.006644518580287695,4,3,0,0,1,1,1,0,0
3572,5604,access_vlan:SW2:eth1:20+trunk_remove:SW1:eth3:10+trunk_remove:SW1:eth3:20,34585,34589,0.05,9.049999999999999,4,True,False,True,False,True,recovery_success,0.011878075543791056,4,3,0,0,0,0,0,0,0
3573,5605,access_vlan:SW2:eth1:20+trunk_remove:SW1:eth3:10+trunk_remove:SW2:eth3:10+trunk_remove:SW2:eth3:20,34589,34594,0.05,8.75,5,True,False,True,False,True,recovery_success,0.006659034313634038,5,4,0,0,0,0,0,0,0
3574,5606,access_vlan:SW1:eth1:20+access_vlan:SW1:eth2:10+access_vlan:SW2:eth1:20+access_vlan:SW2:eth2:10+trunk_remove:SW2:eth3:20,34594,34596,0.05,9.649999999999999,2,True,False,True,False,True,recovery_success,0.011022600810974836,2,1,0,0,0,0,0,0,0
3575,5607,access_vlan:SW1:eth1:20+access_vlan:SW2:eth2:10+trunk_remove:SW2:eth3:10,34596,34601,0.05,8.899999999999999,5,True,False,True,False,True,recovery_success,0.008776567969471216,5,3,1,0,0,0,0,0,0
3576,5608,access_vlan:SW1:eth1:20+access_vlan:SW1:eth2:10+trunk_remove:SW1:eth3:10+trunk_remove:SW2:eth3:10+trunk_remove:SW2:eth3:20,34601,34609,0.05,7.35,8,True,False,True,False,True,recovery_success,0.023230455437442288,8,7,0,0,1,1,1,0,0
3577,5609,access_vlan:SW1:eth1:20+access_vlan:SW2:eth1:20+access_vlan:SW2:eth2:10+trunk_remove:SW1:eth3:10+trunk_remove:SW2:eth3:10,34609,34613,0.05,9.049999999999999,4,True,False,True,False,True,recovery_success,0.00612855632789433,4,3,0,0,0,0,0,0,0
3578,5610,access_vlan:SW1:eth1:20+access_vlan:SW2:eth2:10+trunk_remove:SW1:eth3:20+trunk_remove:SW2:eth3:20,34613,34618,0.05,8.25,5,True,False,True,False,True,recovery_success,0.032259401679039,5,4,0,0,1,1,1,0,0
3579,5611,access_vlan:SW1:eth1:20+access_vlan:SW1:eth2:10+access_vlan:SW2:eth1:20+access_vlan:SW2:eth2:10+trunk_remove:SW1:eth3:10+trunk_remove:SW1:eth3:20+trunk_remove:SW2:eth3:10+trunk_remove:SW2:eth3:20,34618,34625,0.05,8.149999999999999,7,True,False,True,False,True,recovery_success,0.008153137684400593,7,6,0,0,0,0,0,0,0
3580,5612,access_vlan:SW1:eth1:20+access_vlan:SW1:eth2:10+access_vlan:SW2:eth2:10+trunk_remove:SW2:eth3:10,34625,34629,0.05,9.2,4,True,False,True,False,True,recovery_success,0.006061715132091194,4,2,1,0,0,0,0,0,0
3581,5613,access_vlan:SW1:eth1:20+access_vlan:SW1:eth2:10+trunk_remove:SW1:eth3:10+trunk_remove:SW1:eth3:20+trunk_remove:SW2:eth3:10+trunk_remove:SW2:eth3:20,34629,34636,0.05,7.6499999999999995,7,True,False,True,False,True,recovery_success,0.005549599250246372,7,6,0,0,1,1,1,0,0
3582,5614,access_vlan:SW1:eth2:10+access_vlan:SW2:eth1:20+access_vlan:SW2:eth2:10+trunk_remove:SW1:eth3:20+trunk_remove:SW2:eth3:10+trunk_remove:SW2:eth3:20,34636,34643,0.05,8.149999999999999,7,True,False,True,False,True,recovery_success,0.004060561036957162,7,6,0,0,0,0,0,0,0
3583,5615,access_vlan:SW2:eth1:20+access_vlan:SW2:eth2:10+trunk_remove:SW1:eth3:10+trunk_remove:SW2:eth3:20,34643,34648,0.05,8.25,5,True,False,True,False,True,recovery_success,0.0035539083648473023,5,4,0,0,1,1,1,0,0
3584,5616,access_vlan:SW1:eth1:20+access_vlan:SW2:eth2:10+trunk_remove:SW1:eth3:10+trunk_remove:SW2:eth3:20,34648,34653,0.05,8.75,5,True,False,True,False,True,recovery_success,0.004329636646434665,5,4,0,0,0,0,0,0,0
3585,5617,access_vlan:SW1:eth2:10+access_vlan:SW2:eth2:10+trunk_remove:SW1:eth3:10+trunk_remove:SW1:eth3:20,34653,34658,0.05,8.75,5,True,False,True,False,True,recovery_success,0.003456292999908328,5,4,0,0,0,0,0,0,0
3586,5618,access_vlan:SW1:eth1:20+access_vlan:SW1:eth2:10+access_vlan:SW2:eth1:20+access_vlan:SW2:eth2:10+trunk_remove:SW2:eth3:10+trunk_remove:SW2:eth3:20,34658,34661,0.05,9.35,3,True,False,True,False,True,recovery_success,0.002561053571601709,3,2,0,0,0,0,0,0,0
3587,5619,access_vlan:SW1:eth1:20+access_vlan:SW1:eth2:10+access_vlan:SW2:eth1:20+access_vlan:SW2:eth2:10+trunk_remove:SW2:eth3:10,34661,34667,0.05,7.949999999999999,6,True,False,True,False,True,recovery_success,0.014838347172675034,6,5,0,0,1,1,1,1,0
3588,5620,access_vlan:SW1:eth1:20+access_vlan:SW1:eth2:10+trunk_remove:SW1:eth3:20+trunk_remove:SW2:eth3:10+trunk_remove:SW2:eth3:20,34667,34673,0.05,7.949999999999999,6,True,False,True,False,True,recovery_success,0.005177935003302991,6,5,0,0,1,1,1,0,0
3589,5621,access_vlan:SW1:eth2:10+trunk_remove:SW1:eth3:10,34673,34676,0.05,9.35,3,True,False,True,False,True,recovery_success,0.006607577049483855,3,2,0,0,0,0,0,0,0
3590,5622,access_vlan:SW1:eth1:20+access_vlan:SW1:eth2:10,34676,34679,0.05,8.85,3,True,False,True,False,True,recovery_success,0.0124189299531281,3,2,0,0,1,1,1,0,0
3591,5623,access_vlan:SW1:eth1:20+access_vlan:SW2:eth2:10+trunk_remove:SW1:eth3:10+trunk_remove:SW2:eth3:20,34679,34684,0.05,8.75,5,True,False,True,False,True,recovery_success,0.008386535779573023,5,4,0,0,0,0,0,0,0
3592,5624,access_vlan:SW1:eth1:20+access_vlan:SW1:eth2:10+trunk_remove:SW1:eth3:10,34684,34688,0.05,8.549999999999999,4,True,False,True,False,True,recovery_success,0.003199599275831133,4,3,0,0,1,1,1,0,0
3593,5625,access_vlan:SW1:eth1:20+access_vlan:SW2:eth1:20+trunk_remove:SW1:eth3:20,34688,34692,0.05,9.049999999999999,4,True,False,True,False,True,recovery_success,0.0034154877066612244,4,3,0,0,0,0,0,0,0
3594,5626,access_vlan:SW1:eth1:20+trunk_remove:SW1:eth3:10+trunk_remove:SW1:eth3:20+trunk_remove:SW2:eth3:10+trunk_remove:SW2:eth3:20,34692,34698,0.05,8.45,6,True,False,True,False,True,recovery_success,0.012919506252122423,6,5,0,0,0,0,0,0,0
3595,5627,access_vlan:SW1:eth1:20+access_vlan:SW1:eth2:10+access_vlan:SW2:eth2:10+trunk_remove:SW1:eth3:20,34698,34701,0.05,9.35,3,True,False,True,False,True,recovery_success,0.002290754346176982,3,2,0,0,0,0,0,0,0
3596,5628,access_vlan:SW1:eth1:20+trunk_remove:SW1:eth3:10+trunk_remove:SW2:eth3:20,34701,34705,0.05,9.049999999999999,4,True,False,True,False,True,recovery_success,0.004612443299265578,4,3,0,0,0,0,0,0,0
3597,5629,access_vlan:SW1:eth2:10+access_vlan:SW2:eth1:20+trunk_remove:SW1:eth3:10+trunk_remove:SW2:eth3:10,34705,34710,0.05,8.75,5,True,False,True,False,True,recovery_success,0.004859050503000617,5,4,0,0,0,0,0,0,0
3598,5630,trunk_remove:SW1:eth3:10+trunk_remove:SW1:eth3:20+trunk_remove:SW2:eth3:10,34710,34714,0.05,9.049999999999999,4,True,False,True,False,True,recovery_success,0.0027162590995430946,4,3,0,0,0,0,0,0,0
3599,5631,access_vlan:SW1:eth1:20+access_vlan:SW1:eth2:10+access_vlan:SW2:eth2:10+trunk_remove:SW1:eth3:10+trunk_remove:SW1:eth3:20+trunk_remove:SW2:eth3:10+trunk_remove:SW2:eth3:20,34714,34720,0.05,8.45,6,True,False,True,False,True,recovery_success,0.00270546202470238,6,5,0,0,0,0,0,0,0
3600,5632,access_vlan:SW1:eth2:10+trunk_remove:SW1:eth3:10+trunk_remove:SW1:eth3:20+trunk_remove:SW2:eth3:20,34720,34725,0.05,8.75,5,True,False,True,False,True,recovery_success,0.00394703596830368,5,4,0,0,0,0,0,0,0
3601,5633,access_vlan:SW1:eth2:10+access_vlan:SW2:eth1:20+trunk_remove:SW1:eth3:10,34725,34729,0.05,9.049999999999999,4,True,False,True,False,True,recovery_success,0.002583178458735347,4,3,0,0,0,0,0,0,0
3602,5634,access_vlan:SW1:eth1:20+access_vlan:SW1:eth2:10+access_vlan:SW2:eth1:20+trunk_remove:SW1:eth3:10+trunk_remove:SW1:eth3:20+trunk_remove:SW2:eth3:20,34729,34734,0.05,8.75,5,True,False,True,False,True,recovery_success,0.0021839040564373136,5,4,0,0,0,0,0,0,0
3603,5635,access_vlan:SW1:eth1:20+trunk_remove:SW1:eth3:10,34734,34737,0.05,9.35,3,True,False,True,False,True,recovery_success,0.00354544244085749,3,2,0,0,0,0,0,0,0
3604,5636,access_vlan:SW1:eth1:20+access_vlan:SW2:eth1:20+trunk_remove:SW1:eth3:20+trunk_remove:SW2:eth3:20,34737,34742,0.05,8.75,5,True,False,True,False,True,recovery_success,0.002040828135795891,5,4,0,0,0,0,0,0,0
3605,5637,access_vlan:SW1:eth1:20+access_vlan:SW2:eth1:20+trunk_remove:SW1:eth3:20+trunk_remove:SW2:eth3:10,34742,34749,0.05,7.1499999999999995,7,True,False,True,False,True,recovery_success,0.0031527915769921882,7,6,0,0,2,2,2,0,0
3606,5638,access_vlan:SW1:eth1:20+access_vlan:SW2:eth1:20+access_vlan:SW2:eth2:10+trunk_remove:SW1:eth3:10+trunk_remove:SW2:eth3:10+trunk_remove:SW2:eth3:20,34749,34754,0.05,8.75,5,True,False,True,False,True,recovery_success,0.002573913219384849,5,4,0,0,0,0,0,0,0
3607,5639,access_vlan:SW1:eth1:20+access_vlan:SW1:eth2:10+access_vlan:SW2:eth1:20+trunk_remove:SW1:eth3:20+trunk_remove:SW2:eth3:20,34754,34758,0.05,9.049999999999999,4,True,False,True,False,True,recovery_success,0.0027889003977179527,4,3,0,0,0,0,0,0,0
3608,5640,access_vlan:SW1:eth2:10+access_vlan:SW2:eth1:20+trunk_remove:SW1:eth3:10+trunk_remove:SW1:eth3:20+trunk_remove:SW2:eth3:10,34758,34764,0.05,8.45,6,True,False,True,False,True,recovery_success,0.0017505930154584348,6,5,0,0,0,0,0,0,0
3609,5641,access_vlan:SW1:eth1:20+access_vlan:SW2:eth1:20+access_vlan:SW2:eth2:10+trunk_remove:SW1:eth3:20+trunk_remove:SW2:eth3:10,34764,34768,0.05,9.049999999999999,4,True,False,True,False,True,recovery_success,0.0031922644993755966,4,3,0,0,0,0,0,0,0
3610,5642,access_vlan:SW1:eth1:20+access_vlan:SW2:eth2:10+trunk_remove:SW1:eth3:10+trunk_remove:SW2:eth3:10,34768,34773,0.05,8.75,5,True,False,True,False,True,recovery_success,0.002283264067955315,5,4,0,0,0,0,0,0,0
3611,5643,access_vlan:SW1:eth2:10+access_vlan:SW2:eth1:20+access_vlan:SW2:eth2:10+trunk_remove:SW1:eth3:20+trunk_remove:SW2:eth3:10+trunk_remove:SW2:eth3:20,34773,34778,0.05,8.75,5,True,False,True,False,True,recovery_success,0.0016204818151891232,5,4,0,0,0,0,0,0,0
3612,5644,access_vlan:SW1:eth2:10+access_vlan:SW2:eth2:10+trunk_remove:SW1:eth3:10+trunk_remove:SW1:eth3:20+trunk_remove:SW2:eth3:20,34778,34784,0.05,8.45,6,True,False,True,False,True,recovery_success,0.0024651632217379906,6,5,0,0,0,0,0,0,0
3613,5645,access_vlan:SW1:eth2:10+access_vlan:SW2:eth1:20+trunk_remove:SW1:eth3:10,34784,34788,0.05,9.049999999999999,4,True,False,True,False,True,recovery_success,0.0018933989631477743,4,3,0,0,0,0,0,0,0
3614,5646,access_vlan:SW2:eth1:20+trunk_remove:SW1:eth3:20,34788,34791,0.05,9.35,3,True,False,True,False,True,recovery_success,0.0012104508544628818,3,2,0,0,0,0,0,0,0
3615,5647,access_vlan:SW1:eth2:10+access_vlan:SW2:eth2:10+trunk_remove:SW2:eth3:10+trunk_remove:SW2:eth3:20,34791,34796,0.05,8.75,5,True,False,True,False,True,recovery_success,0.001993700419552624,5,4,0,0,0,0,0,0,0
3616,5648,access_vlan:SW1:eth1:20+access_vlan:SW2:eth2:10+trunk_remove:SW1:eth3:10+trunk_remove:SW2:eth3:20,34796,34801,0.05,8.75,5,True,False,True,False,True,recovery_success,0.0024664799217134713,5,4,0,0,0,0,0,0,0
3617,5649,access_vlan:SW1:eth1:20+access_vlan:SW1:eth2:10+access_vlan:SW2:eth1:20+trunk_remove:SW1:eth3:20,34801,34804,0.05,9.35,3,True,False,True,False,True,recovery_success,0.0019061154841134946,3,2,0,0,0,0,0,0,0
3618,5650,access_vlan:SW1:eth1:20+access_vlan:SW1:eth2:10+access_vlan:SW2:eth2:10+trunk_remove:SW1:eth3:20,34804,34807,0.05,9.35,3,True,False,True,False,True,recovery_success,0.05726307766356816,3,2,0,0,0,0,0,0,0
3619,5651,access_vlan:SW1:eth2:10+access_vlan:SW2:eth1:20,34807,34810,0.05,8.85,3,True,False,True,False,True,recovery_success,0.0040895650163292885,3,2,0,0,1,1,1,0,0
3620,5652,access_vlan:SW2:eth1:20+access_vlan:SW2:eth2:10+trunk_remove:SW1:eth3:20+trunk_remove:SW2:eth3:10,34810,34816,0.05,8.1,6,True,False,True,False,True,recovery_success,0.0038826059317216277,6,4,1,0,1,1,1,0,0
3621,5653,access_vlan:SW1:eth1:20+access_vlan:SW2:eth1:20+access_vlan:SW2:eth2:10+trunk_remove:SW1:eth3:20+trunk_remove:SW2:eth3:10+trunk_remove:SW2:eth3:20,34816,34821,0.05,8.75,5,True,False,True,False,True,recovery_success,0.0026706889737397434,5,4,0,0,0,0,0,0,0
3622,5654,access_vlan:SW1:eth1:20+access_vlan:SW2:eth1:20+trunk_remove:SW1:eth3:10+trunk_remove:SW2:eth3:10+trunk_remove:SW2:eth3:20,34821,34829,0.05,7.35,8,True,False,True,False,True,recovery_success,0.003433243924519047,8,7,0,0,1,1,1,0,0
3623,5655,access_vlan:SW1:eth2:10+access_vlan:SW2:eth1:20+access_vlan:SW2:eth2:10+trunk_remove:SW2:eth3:10+trunk_remove:SW2:eth3:20,34829,34833,0.05,9.049999999999999,4,True,False,True,False,True,recovery_success,0.0029233464156277478,4,3,0,0,0,0,0,0,0
3624,5656,access_vlan:SW1:eth1:20+access_vlan:SW2:eth1:20+trunk_remove:SW1:eth3:20+trunk_remove:SW2:eth3:20,34833,34838,0.05,8.75,5,True,False,True,False,True,recovery_success,0.0022277874872088433,5,4,0,0,0,0,0,0,0
3625,5657,trunk_remove:SW2:eth3:10,34838,34840,0.05,9.649999999999999,2,True,False,True,False,True,recovery_success,0.003771619754843414,2,1,0,0,0,0,0,0,0
3626,5658,access_vlan:SW1:eth1:20+trunk_remove:SW2:eth3:20,34840,34843,0.05,9.35,3,True,False,True,False,True,recovery_success,0.0019130439031869173,3,2,0,0,0,0,0,0,0
3627,5659,access_vlan:SW1:eth1:20+access_vlan:SW2:eth1:20+trunk_remove:SW1:eth3:10+trunk_remove:SW1:eth3:20+trunk_remove:SW2:eth3:10+trunk_remove:SW2:eth3:20,34843,34852,0.05,7.549999999999999,9,True,False,True,False,True,recovery_success,0.020741330886570115,9,8,0,0,0,0,0,0,0
3628,5660,access_vlan:SW1:eth1:20+trunk_remove:SW2:eth3:10,34852,34855,0.05,9.35,3,True,False,True,False,True,recovery_success,0.0033338782377541065,3,2,0,0,0,0,0,0,0
3629,5661,access_vlan:SW1:eth1:20+access_vlan:SW2:eth1:20+trunk_remove:SW1:eth3:20+trunk_remove:SW2:eth3:20,34855,34859,0.05,-10.950000000000001,4,True,False,True,False,False,incorrect_declare_done,0.022678928216919303,4,2,0,0,0,0,0,0,3
3630,5662,access_vlan:SW1:eth1:20+access_vlan:SW1:eth2:10+trunk_remove:SW1:eth3:10+trunk_remove:SW2:eth3:10+trunk_remove:SW2:eth3:20,34859,34865,0.05,7.949999999999999,6,True,False,True,False,True,recovery_success,0.010754157381597906,6,5,0,0,1,1,1,0,0
3631,5663,access_vlan:SW1:eth1:20+trunk_remove:SW1:eth3:10+trunk_remove:SW1:eth3:20+trunk_remove:SW2:eth3:20,34865,34872,0.05,6.6499999999999995,7,True,False,True,False,True,recovery_success,0.002010606512028192,7,6,0,0,3,3,1,1,0
3632,5664,access_vlan:SW2:eth2:10+trunk_remove:SW2:eth3:20,34872,34875,0.05,9.35,3,True,False,True,False,True,recovery_success,0.0027142068138346076,3,2,0,0,0,0,0,0,0
3633,5665,access_vlan:SW2:eth2:10+trunk_remove:SW1:eth3:20,34875,34878,0.05,9.35,3,True,False,True,False,True,recovery_success,0.013725100046334168,3,2,0,0,0,0,0,0,0
3634,5666,access_vlan:SW1:eth2:10+trunk_remove:SW1:eth3:10,34878,34881,0.05,9.35,3,True,False,True,False,True,recovery_success,0.027540611452423036,3,2,0,0,0,0,0,0,0
3635,5667,access_vlan:SW1:eth1:20+access_vlan:SW1:eth2:10+trunk_remove:SW1:eth3:10+trunk_remove:SW1:eth3:20+trunk_remove:SW2:eth3:10,34881,34887,0.05,7.449999999999999,6,True,False,True,False,True,recovery_success,0.004235399246681482,6,5,0,0,2,2,2,0,0
3636,5668,access_vlan:SW1:eth1:20+access_vlan:SW2:eth1:20+access_vlan:SW2:eth2:10+trunk_remove:SW1:eth3:10,34887,34892,0.05,7.249999999999999,5,True,False,True,False,True,recovery_success,0.004868088057264686,5,4,0,0,3,3,2,0,0
3637,5669,access_vlan:SW1:eth1:20+access_vlan:SW2:eth1:20+access_vlan:SW2:eth2:10+trunk_remove:SW1:eth3:20+trunk_remove:SW2:eth3:20,34892,34898,0.05,7.949999999999999,6,True,False,True,False,True,recovery_success,0.0023057839328733585,6,5,0,0,1,1,1,0,0
3638,5670,access_vlan:SW2:eth1:20+trunk_remove:SW2:eth3:10,34898,34901,0.05,9.35,3,True,False,True,False,True,recovery_success,0.0020554079674184322,3,2,0,0,0,0,0,0,0
3639,5671,access_vlan:SW1:eth2:10+access_vlan:SW2:eth1:20+access_vlan:SW2:eth2:10+trunk_remove:SW2:eth3:10,34901,34904,0.05,8.85,3,True,False,True,False,True,recovery_success,0.003722134123866757,3,2,0,0,1,1,1,0,0
3640,5672,access_vlan:SW2:eth2:10+trunk_remove:SW1:eth3:10+trunk_remove:SW1:eth3:20+trunk_remove:SW2:eth3:10+trunk_remove:SW2:eth3:20,34904,34910,0.05,8.45,6,True,False,True,False,True,recovery_success,0.0021564625203609467,6,5,0,0,0,0,0,0,0
3641,5673,access_vlan:SW1:eth2:10+access_vlan:SW2:eth2:10+trunk_remove:SW2:eth3:10+trunk_remove:SW2:eth3:20,34910,34915,0.05,8.75,5,True,False,True,False,True,recovery_success,0.0025217282120138405,5,4,0,0,0,0,0,0,0
3642,5674,access_vlan:SW1:eth1:20+access_vlan:SW2:eth1:20,34915,34918,0.05,8.85,3,True,False,True,False,True,recovery_success,0.003480700387929877,3,2,0,0,1,1,1,0,0
3643,5675,trunk_remove:SW1:eth3:10+trunk_remove:SW1:eth3:20+trunk_remove:SW2:eth3:20,34918,34922,0.05,9.049999999999999,4,True,False,True,False,True,recovery_success,0.001380685338517651,4,3,0,0,0,0,0,0,0
3644,5676,access_vlan:SW1:eth1:20+access_vlan:SW2:eth1:20+access_vlan:SW2:eth2:10+trunk_remove:SW1:eth3:20,34922,34925,0.05,9.35,3,True,False,True,False,True,recovery_success,0.0019353618069241445,3,2,0,0,0,0,0,0,0
3645,5677,access_vlan:SW1:eth2:10+access_vlan:SW2:eth1:20+trunk_remove:SW1:eth3:10+trunk_remove:SW2:eth3:20,34925,34930,0.05,8.75,5,True,False,True,False,True,recovery_success,0.0013403116376139224,5,4,0,0,0,0,0,0,0
3646,5678,access_vlan:SW2:eth2:10+trunk_remove:SW2:eth3:10+trunk_remove:SW2:eth3:20,34930,34934,0.05,9.049999999999999,4,True,False,True,False,True,recovery_success,0.03524389967788011,4,3,0,0,0,0,0,0,0
3647,5679,access_vlan:SW2:eth1:20+trunk_remove:SW1:eth3:20+trunk_remove:SW2:eth3:10,34934,34938,0.05,9.049999999999999,4,True,False,True,False,True,recovery_success,0.004294762475183234,4,3,0,0,0,0,0,0,0
3648,5680,access_vlan:SW1:eth2:10+trunk_remove:SW1:eth3:20+trunk_remove:SW2:eth3:10,34938,34942,0.05,9.049999999999999,4,True,False,True,False,True,recovery_success,0.004700166289694607,4,3,0,0,0,0,0,0,0
3649,5681,access_vlan:SW2:eth1:20+access_vlan:SW2:eth2:10+trunk_remove:SW2:eth3:10,34942,34946,0.05,8.549999999999999,4,True,False,True,False,True,recovery_success,0.0044171295303385705,4,3,0,0,1,1,1,0,0
3650,5682,access_vlan:SW1:eth2:10+trunk_remove:SW1:eth3:10+trunk_remove:SW1:eth3:20+trunk_remove:SW2:eth3:10,34946,34951,0.05,8.75,5,True,False,True,False,True,recovery_success,0.0027826103614643216,5,4,0,0,0,0,0,0,0
3651,5683,access_vlan:SW1:eth1:20+access_vlan:SW1:eth2:10+access_vlan:SW2:eth1:20+access_vlan:SW2:eth2:10+trunk_remove:SW1:eth3:10,34951,34953,0.05,9.649999999999999,2,True,False,True,False,True,recovery_success,0.002622726373374462,2,1,0,0,0,0,0,0,0
3652,5684,access_vlan:SW1:eth2:10+access_vlan:SW2:eth2:10+trunk_remove:SW1:eth3:10,34953,34957,0.05,9.049999999999999,4,True,False,True,False,True,recovery_success,0.0029214981477707624,4,3,0,0,0,0,0,0,0
3653,5685,access_vlan:SW1:eth1:20+access_vlan:SW2:eth2:10+trunk_remove:SW1:eth3:10+trunk_remove:SW2:eth3:10+trunk_remove:SW2:eth3:20,34957,34959,0.05,-10.350000000000001,2,True,False,True,False,False,incorrect_declare_done,0.002642315346747637,2,1,0,0,0,0,0,0,4
3654,5686,access_vlan:SW2:eth1:20+trunk_remove:SW1:eth3:10+trunk_remove:SW1:eth3:20+trunk_remove:SW2:eth3:10,34959,34964,0.05,8.75,5,True,False,True,False,True,recovery_success,0.029349834634922446,5,4,0,0,0,0,0,0,0
3655,5687,access_vlan:SW2:eth1:20+access_vlan:SW2:eth2:10+trunk_remove:SW2:eth3:10,34964,34968,0.05,8.549999999999999,4,True,False,True,False,True,recovery_success,0.012043888273183256,4,3,0,0,1,1,1,0,0
3656,5688,access_vlan:SW1:eth1:20+access_vlan:SW2:eth1:20+access_vlan:SW2:eth2:10+trunk_remove:SW1:eth3:10+trunk_remove:SW1:eth3:20+trunk_remove:SW2:eth3:10+trunk_remove:SW2:eth3:20,34968,34974,0.05,8.45,6,True,False,True,False,True,recovery_success,0.03479508946960171,6,5,0,0,0,0,0,0,0
3657,5689,access_vlan:SW1:eth1:20+trunk_remove:SW1:eth3:20+trunk_remove:SW2:eth3:20,34974,34978,0.05,9.049999999999999,4,True,False,True,False,True,recovery_success,0.04538659262470901,4,3,0,0,0,0,0,0,0
3658,5690,access_vlan:SW1:eth1:20+access_vlan:SW1:eth2:10+trunk_remove:SW1:eth3:20+trunk_remove:SW2:eth3:20,34978,34984,0.05,8.1,6,True,False,True,False,True,recovery_success,0.0067267069437851506,6,4,1,0,1,1,1,0,0
3659,5691,access_vlan:SW1:eth1:20+access_vlan:SW1:eth2:10+access_vlan:SW2:eth1:20+access_vlan:SW2:eth2:10+trunk_remove:SW1:eth3:10+trunk_remove:SW2:eth3:10+trunk_remove:SW2:eth3:20,34984,34989,0.05,8.899999999999999,5,True,False,True,False,True,recovery_success,0.005403103120625019,5,3,1,0,0,0,0,0,0
3660,5692,trunk_remove:SW2:eth3:10,34989,34991,0.05,9.649999999999999,2,True,False,True,False,True,recovery_success,0.0027049530763179064,2,1,0,0,0,0,0,0,0
3661,5693,access_vlan:SW1:eth1:20+access_vlan:SW2:eth1:20+access_vlan:SW2:eth2:10+trunk_remove:SW2:eth3:20,34991,34995,0.05,9.2,4,True,False,True,False,True,recovery_success,0.005749203555751592,4,2,1,0,0,0,0,0,0
3662,5694,access_vlan:SW2:eth1:20+trunk_remove:SW1:eth3:10+trunk_remove:SW1:eth3:20+trunk_remove:SW2:eth3:20,34995,35002,0.05,7.6499999999999995,7,True,False,True,False,True,recovery_success,0.016773479807722782,7,6,0,0,1,1,1,0,0
3663,5695,trunk_remove:SW2:eth3:20,35002,35004,0.05,9.649999999999999,2,True,False,True,False,True,recovery_success,0.016220936086028814,2,1,0,0,0,0,0,0,0
3664,5696,access_vlan:SW1:eth2:10+access_vlan:SW2:eth1:20,35004,35007,0.05,8.85,3,True,False,True,False,True,recovery_success,0.01119523805876573,3,2,0,0,1,1,1,0,0
3665,5697,access_vlan:SW1:eth1:20+access_vlan:SW1:eth2:10+access_vlan:SW2:eth2:10+trunk_remove:SW1:eth3:10,35007,35037,0.05,-5.950000000000003,30,True,False,False,True,False,step_limit,0.01854685222109159,30,3,27,0,2,2,1,0,1
3666,5698,access_vlan:SW2:eth2:10+trunk_remove:SW1:eth3:10+trunk_remove:SW2:eth3:10+trunk_remove:SW2:eth3:20,35037,35042,0.05,8.75,5,True,False,True,False,True,recovery_success,0.0134866239503026,5,4,0,0,0,0,0,0,0
3667,5699,access_vlan:SW1:eth2:10+trunk_remove:SW1:eth3:20+trunk_remove:SW2:eth3:10,35042,35046,0.05,9.049999999999999,4,True,False,True,False,True,recovery_success,0.012759489938616753,4,3,0,0,0,0,0,0,0
3668,5700,access_vlan:SW2:eth1:20+access_vlan:SW2:eth2:10+trunk_remove:SW1:eth3:20+trunk_remove:SW2:eth3:10+trunk_remove:SW2:eth3:20,35046,35052,0.05,7.949999999999999,6,True,False,True,False,True,recovery_success,0.011675895424559712,6,5,0,0,1,1,1,0,0
3669,5701,access_vlan:SW1:eth2:10+access_vlan:SW2:eth1:20+trunk_remove:SW1:eth3:10+trunk_remove:SW2:eth3:20,35052,35057,0.05,8.75,5,True,False,True,False,True,recovery_success,0.01151872780174017,5,4,0,0,0,0,0,0,0
3670,5702,access_vlan:SW1:eth1:20+access_vlan:SW2:eth2:10,35057,35060,0.05,8.85,3,True,False,True,False,True,recovery_success,0.011891476809978485,3,2,0,0,1,1,1,0,0
3671,5703,trunk_remove:SW1:eth3:10+trunk_remove:SW1:eth3:20+trunk_remove:SW2:eth3:10,35060,35064,0.05,9.049999999999999,4,True,False,True,False,True,recovery_success,0.012692763702943921,4,3,0,0,0,0,0,0,0
3672,5704,access_vlan:SW1:eth1:20+trunk_remove:SW1:eth3:10+trunk_remove:SW1:eth3:20,35064,35068,0.05,9.049999999999999,4,True,False,True,False,True,recovery_success,0.008884322131052613,4,3,0,0,0,0,0,0,0
3673,5705,access_vlan:SW1:eth1:20+access_vlan:SW1:eth2:10+access_vlan:SW2:eth2:10+trunk_remove:SW1:eth3:10+trunk_remove:SW2:eth3:20,35068,35071,0.05,-10.65,3,True,False,True,False,False,incorrect_declare_done,0.00680601845184962,3,2,0,0,0,0,0,0,1
3674,5706,access_vlan:SW1:eth2:10+access_vlan:SW2:eth2:10+trunk_remove:SW2:eth3:10+trunk_remove:SW2:eth3:20,35071,35092,0.05,4.25,21,True,False,True,False,True,recovery_success,0.005339408703591852,21,7,12,0,3,2,2,0,0
3675,5707,access_vlan:SW1:eth1:20+access_vlan:SW2:eth1:20+access_vlan:SW2:eth2:10+trunk_remove:SW1:eth3:20,35092,35097,0.05,8.25,5,True,False,True,False,True,recovery_success,0.0030855377204716205,5,4,0,0,1,1,1,0,0
3676,5708,access_vlan:SW1:eth1:20+access_vlan:SW2:eth2:10+trunk_remove:SW1:eth3:10+trunk_remove:SW2:eth3:10+trunk_remove:SW2:eth3:20,35097,35103,0.05,8.45,6,True,False,True,False,True,recovery_success,0.002094999421387911,6,5,0,0,0,0,0,0,0
3677,5709,access_vlan:SW1:eth1:20+access_vlan:SW1:eth2:10,35103,35107,0.05,8.7,4,True,False,True,False,True,recovery_success,0.010262027033604681,4,2,1,0,1,1,1,0,0
3678,5710,access_vlan:SW1:eth1:20+trunk_remove:SW1:eth3:20+trunk_remove:SW2:eth3:20,35107,35111,0.05,9.049999999999999,4,True,False,True,False,True,recovery_success,0.00255680043483153,4,3,0,0,0,0,0,0,0
3679,5711,access_vlan:SW1:eth1:20+access_vlan:SW1:eth2:10+access_vlan:SW2:eth1:20+trunk_remove:SW1:eth3:10+trunk_remove:SW1:eth3:20,35111,35119,0.05,8.45,8,True,False,True,False,True,recovery_success,0.0020462927350308746,8,3,4,0,0,0,0,0,0
3680,5712,access_vlan:SW2:eth1:20+trunk_remove:SW2:eth3:20,35119,35122,0.05,9.35,3,True,False,True,False,True,recovery_success,0.007231755492587884,3,2,0,0,0,0,0,0,0
3681,5713,access_vlan:SW1:eth1:20+access_vlan:SW2:eth1:20+trunk_remove:SW1:eth3:20+trunk_remove:SW2:eth3:10+trunk_remove:SW2:eth3:20,35122,35129,0.05,8.299999999999999,7,True,False,True,False,True,recovery_success,0.0021405077007200035,7,5,1,0,0,0,0,0,0
3682,5714,access_vlan:SW1:eth1:20+access_vlan:SW1:eth2:10+access_vlan:SW2:eth1:20+access_vlan:SW2:eth2:10+trunk_remove:SW1:eth3:10+trunk_remove:SW1:eth3:20+trunk_remove:SW2:eth3:10+trunk_remove:SW2:eth3:20,35129,35135,0.05,8.6,6,True,False,True,False,True,recovery_success,0.0015847938678537805,6,4,1,0,0,0,0,0,0
3683,5715,access_vlan:SW2:eth1:20+access_vlan:SW2:eth2:10+trunk_remove:SW1:eth3:10+trunk_remove:SW2:eth3:10,35135,35142,0.05,7.6499999999999995,7,True,False,True,False,True,recovery_success,0.024908081561859165,7,5,0,0,1,1,1,0,0
3684,5716,access_vlan:SW1:eth1:20+access_vlan:SW1:eth2:10+access_vlan:SW2:eth2:10+trunk_remove:SW1:eth3:10+trunk_remove:SW2:eth3:10+trunk_remove:SW2:eth3:20,35142,35161,0.05,6.65,19,True,False,True,False,True,recovery_success,0.003087864851726121,19,4,14,0,0,0,0,0,0
3685,5717,access_vlan:SW1:eth2:10+trunk_remove:SW1:eth3:10+trunk_remove:SW2:eth3:20,35161,35165,0.05,9.049999999999999,4,True,False,True,False,True,recovery_success,0.00265969434985891,4,3,0,0,0,0,0,0,0
3686,5718,access_vlan:SW1:eth1:20+access_vlan:SW2:eth1:20+access_vlan:SW2:eth2:10+trunk_remove:SW2:eth3:10+trunk_remove:SW2:eth3:20,35165,35169,0.05,9.049999999999999,4,True,False,True,False,True,recovery_success,0.012599785681231879,4,3,0,0,0,0,0,0,0
3687,5719,access_vlan:SW1:eth1:20+access_vlan:SW2:eth1:20+access_vlan:SW2:eth2:10+trunk_remove:SW1:eth3:10+trunk_remove:SW2:eth3:10+trunk_remove:SW2:eth3:20,35169,35193,0.05,2.0,24,True,False,True,False,True,recovery_success,0.002355076908618988,24,10,13,0,6,3,3,0,0
3688,5720,access_vlan:SW1:eth2:10+access_vlan:SW2:eth1:20+trunk_remove:SW2:eth3:10,35193,35207,0.05,7.55,14,True,False,True,False,True,recovery_success,0.01424438162108085,14,3,10,0,0,0,0,0,0
3689,5721,access_vlan:SW1:eth2:10+access_vlan:SW2:eth1:20+access_vlan:SW2:eth2:10+trunk_remove:SW2:eth3:10+trunk_remove:SW2:eth3:20,35207,35215,0.05,7.35,8,True,False,True,False,True,recovery_success,0.02013969558174722,8,7,0,0,1,1,1,1,0
3690,5722,access_vlan:SW1:eth1:20+access_vlan:SW1:eth2:10+access_vlan:SW2:eth1:20+trunk_remove:SW1:eth3:20+trunk_remove:SW2:eth3:20,35215,35219,0.05,9.049999999999999,4,True,False,True,False,True,recovery_success,0.0024000869889277965,4,3,0,0,0,0,0,0,0
3691,5723,access_vlan:SW2:eth2:10+trunk_remove:SW1:eth3:10+trunk_remove:SW2:eth3:20,35219,35223,0.05,9.049999999999999,4,True,False,True,False,True,recovery_success,0.0035113741760142148,4,3,0,0,0,0,0,0,0
3692,5724,access_vlan:SW1:eth1:20+access_vlan:SW2:eth1:20+access_vlan:SW2:eth2:10+trunk_remove:SW1:eth3:10,35223,35250,0.05,4.949999999999998,27,True,False,True,False,True,recovery_success,0.0016704745163830619,27,4,22,0,1,1,1,0,0
3693,5725,access_vlan:SW1:eth2:10+access_vlan:SW2:eth2:10+trunk_remove:SW1:eth3:10+trunk_remove:SW1:eth3:20,35250,35264,0.05,5.6000000000000005,14,True,False,True,False,True,recovery_success,0.013757012672223417,14,6,7,0,3,3,1,1,0
3694,5726,access_vlan:SW2:eth1:20+access_vlan:SW2:eth2:10+trunk_remove:SW1:eth3:10+trunk_remove:SW2:eth3:10,35264,35269,0.05,8.25,5,True,False,True,False,True,recovery_success,0.0018764900625683368,5,4,0,0,1,1,1,0,0
3695,5727,trunk_remove:SW2:eth3:20,35269,35271,0.05,9.649999999999999,2,True,False,True,False,True,recovery_success,0.0017253505066037178,2,1,0,0,0,0,0,0,0
3696,5728,access_vlan:SW2:eth2:10+trunk_remove:SW1:eth3:20,35271,35274,0.05,9.35,3,True,False,True,False,True,recovery_success,0.001066247874405235,3,2,0,0,0,0,0,0,0
3697,5729,access_vlan:SW1:eth1:20+access_vlan:SW2:eth1:20+access_vlan:SW2:eth2:10+trunk_remove:SW1:eth3:20,35274,35277,0.05,9.35,3,True,False,True,False,True,recovery_success,0.0019691341246167817,3,2,0,0,0,0,0,0,0
3698,5730,access_vlan:SW1:eth1:20+access_vlan:SW2:eth1:20+access_vlan:SW2:eth2:10+trunk_remove:SW1:eth3:20+trunk_remove:SW2:eth3:10,35277,35284,0.05,8.6,7,True,False,True,False,True,recovery_success,0.0017253712784232838,7,3,3,0,0,0,0,0,0
3699,5731,access_vlan:SW1:eth1:20+access_vlan:SW2:eth2:10+trunk_remove:SW1:eth3:10+trunk_remove:SW2:eth3:20,35284,35302,0.05,4.7,18,True,False,True,False,True,recovery_success,0.002938673592224303,18,8,9,0,3,3,2,0,0
3700,5732,access_vlan:SW1:eth2:10+trunk_remove:SW1:eth3:20+trunk_remove:SW2:eth3:20,35302,35306,0.05,9.049999999999999,4,True,False,True,False,True,recovery_success,0.001986303541343659,4,3,0,0,0,0,0,0,0
3701,5733,access_vlan:SW1:eth1:20+access_vlan:SW1:eth2:10+access_vlan:SW2:eth2:10+trunk_remove:SW1:eth3:10,35306,35331,0.05,6.050000000000001,25,True,False,True,False,True,recovery_success,0.0018608759902417659,25,2,22,0,0,0,0,0,0
3702,5734,access_vlan:SW1:eth1:20+access_vlan:SW1:eth2:10+trunk_remove:SW2:eth3:20,35331,35337,0.05,8.25,6,True,False,True,False,True,recovery_success,0.0011569545119224738,6,3,2,0,1,1,1,0,0
3703,5735,access_vlan:SW1:eth2:10+trunk_remove:SW1:eth3:20+trunk_remove:SW2:eth3:10,35337,35341,0.05,9.049999999999999,4,True,False,True,False,True,recovery_success,0.0015822197892703116,4,3,0,0,0,0,0,0,0
3704,5736,access_vlan:SW2:eth2:10+trunk_remove:SW1:eth3:20,35341,35344,0.05,9.35,3,True,False,True,False,True,recovery_success,0.0011386672461715837,3,2,0,0,0,0,0,0,0
3705,5737,access_vlan:SW1:eth1:20+access_vlan:SW1:eth2:10+access_vlan:SW2:eth2:10+trunk_remove:SW1:eth3:20+trunk_remove:SW2:eth3:10,35344,35365,0.05,5.7,21,True,False,True,False,True,recovery_success,0.0014731856949982188,21,5,15,0,1,1,1,0,0
3706,5738,trunk_remove:SW2:eth3:20,35365,35367,0.05,9.649999999999999,2,True,False,True,False,True,recovery_success,0.0007957161869853735,2,1,0,0,0,0,0,0,0
3707,5739,access_vlan:SW1:eth2:10+access_vlan:SW2:eth2:10+trunk_remove:SW1:eth3:10+trunk_remove:SW1:eth3:20+trunk_remove:SW2:eth3:10+trunk_remove:SW2:eth3:20,35367,35377,0.05,7.3999999999999995,10,True,False,True,False,True,recovery_success,0.0012197977164760232,10,8,1,0,0,0,0,0,0
3708,5740,access_vlan:SW1:eth1:20+access_vlan:SW1:eth2:10+trunk_remove:SW1:eth3:20+trunk_remove:SW2:eth3:20,35377,35379,0.05,-10.350000000000001,2,True,False,True,False,False,incorrect_declare_done,0.0027137870201840997,2,1,0,0,0,0,0,0,3
3709,5741,access_vlan:SW1:eth1:20+access_vlan:SW1:eth2:10+access_vlan:SW2:eth1:20+access_vlan:SW2:eth2:10+trunk_remove:SW1:eth3:10+trunk_remove:SW2:eth3:10+trunk_remove:SW2:eth3:20,35379,35384,0.05,8.899999999999999,5,True,False,True,False,True,recovery_success,0.000882872729562223,5,3,1,0,0,0,0,0,0
3710,5742,access_vlan:SW1:eth1:20+access_vlan:SW1:eth2:10+access_vlan:SW2:eth2:10+trunk_remove:SW1:eth3:10+trunk_remove:SW2:eth3:10+trunk_remove:SW2:eth3:20,35384,35405,0.05,6.350000000000001,21,True,False,True,False,True,recovery_success,0.007708478766116535,21,4,16,0,0,0,0,0,0
3711,5743,access_vlan:SW1:eth2:10+access_vlan:SW2:eth1:20+trunk_remove:SW1:eth3:10+trunk_remove:SW1:eth3:20+trunk_remove:SW2:eth3:10,35405,35430,0.05,5.6000000000000005,25,True,False,True,False,True,recovery_success,0.001798408746253699,25,5,19,0,0,0,0,0,0
3712,5744,trunk_remove:SW2:eth3:20,35430,35432,0.05,9.649999999999999,2,True,False,True,False,True,recovery_success,0.002107438864186406,2,1,0,0,0,0,0,0,0
3713,5745,access_vlan:SW1:eth2:10+trunk_remove:SW1:eth3:10,35432,35435,0.05,9.35,3,True,False,True,False,True,recovery_success,0.0015001859477100272,3,2,0,0,0,0,0,0,0
3714,5746,access_vlan:SW1:eth2:10+access_vlan:SW2:eth2:10+trunk_remove:SW1:eth3:10+trunk_remove:SW1:eth3:20+trunk_remove:SW2:eth3:10+trunk_remove:SW2:eth3:20,35435,35458,0.05,5.750000000000001,23,True,False,True,False,True,recovery_success,0.007096377233012944,23,6,16,0,0,0,0,0,0
3715,5747,access_vlan:SW2:eth1:20+trunk_remove:SW1:eth3:20+trunk_remove:SW2:eth3:10,35458,35462,0.05,9.049999999999999,4,True,False,True,False,True,recovery_success,0.0016821948811411858,4,3,0,0,0,0,0,0,0
3716,5748,access_vlan:SW1:eth1:20+access_vlan:SW2:eth2:10+trunk_remove:SW1:eth3:20+trunk_remove:SW2:eth3:20,35462,35469,0.05,6.6499999999999995,7,True,False,True,False,True,recovery_success,0.002103103640755372,7,6,0,0,3,3,1,1,0
3717,5749,access_vlan:SW1:eth1:20+access_vlan:SW1:eth2:10+access_vlan:SW2:eth1:20+access_vlan:SW2:eth2:10,35469,35470,0.05,9.95,1,True,False,True,False,True,recovery_success,0.001653027138672769,1,0,0,0,0,0,0,0,0
3718,5750,access_vlan:SW1:eth2:10+access_vlan:SW2:eth2:10+trunk_remove:SW1:eth3:10+trunk_remove:SW1:eth3:20,35470,35485,0.05,6.45,15,True,False,True,False,True,recovery_success,0.011817388845762859,15,6,8,0,1,1,1,0,0
3719,5751,access_vlan:SW1:eth1:20+access_vlan:SW2:eth1:20+trunk_remove:SW1:eth3:10,35485,35489,0.05,8.549999999999999,4,True,False,True,False,True,recovery_success,0.0012877755507361144,4,3,0,0,1,1,1,0,0
3720,5752,access_vlan:SW1:eth2:10+access_vlan:SW2:eth1:20+access_vlan:SW2:eth2:10+trunk_remove:SW1:eth3:10+trunk_remove:SW2:eth3:10,35489,35505,0.05,5.45,16,True,False,True,False,True,recovery_success,0.016269080908386968,16,5,10,0,3,3,1,1,0
3721,5753,access_vlan:SW1:eth1:20+access_vlan:SW1:eth2:10+access_vlan:SW2:eth1:20+access_vlan:SW2:eth2:10+trunk_remove:SW2:eth3:10+trunk_remove:SW2:eth3:20,35505,35509,0.05,9.2,4,True,False,True,False,True,recovery_success,0.014196714153513312,4,2,1,0,0,0,0,0,0
3722,5754,access_vlan:SW2:eth2:10,35509,35511,0.05,9.649999999999999,2,True,False,True,False,True,recovery_success,0.00928835361264646,2,1,0,0,0,0,0,0,0
3723,5755,access_vlan:SW1:eth1:20+access_vlan:SW1:eth2:10+trunk_remove:SW1:eth3:10+trunk_remove:SW2:eth3:10+trunk_remove:SW2:eth3:20,35511,35517,0.05,7.949999999999999,6,True,False,True,False,True,recovery_success,0.029094164492562413,6,5,0,0,1,1,1,0,0
3724,5756,access_vlan:SW1:eth2:10+trunk_remove:SW1:eth3:20,35517,35520,0.05,9.35,3,True,False,True,False,True,recovery_success,0.010527484118938446,3,2,0,0,0,0,0,0,0
3725,5757,access_vlan:SW1:eth2:10+trunk_remove:SW1:eth3:10+trunk_remove:SW1:eth3:20+trunk_remove:SW2:eth3:10,35520,35525,0.05,8.75,5,True,False,True,False,True,recovery_success,0.01411927044391632,5,4,0,0,0,0,0,0,0
3726,5758,access_vlan:SW1:eth1:20+access_vlan:SW2:eth1:20+access_vlan:SW2:eth2:10+trunk_remove:SW1:eth3:20+trunk_remove:SW2:eth3:10+trunk_remove:SW2:eth3:20,35525,35530,0.05,8.75,5,True,False,True,False,True,recovery_success,0.012826710566878318,5,4,0,0,0,0,0,0,0
3727,5759,access_vlan:SW1:eth2:10+trunk_remove:SW1:eth3:20+trunk_remove:SW2:eth3:20,35530,35536,0.05,8.75,6,True,False,True,False,True,recovery_success,0.0160231019059817,6,3,2,0,0,0,0,0,0
3728,5760,access_vlan:SW2:eth1:20+access_vlan:SW2:eth2:10+trunk_remove:SW2:eth3:10+trunk_remove:SW2:eth3:20,35536,35542,0.05,8.1,6,True,False,True,False,True,recovery_success,0.011581439369668564,6,4,1,0,1,1,1,0,0
3729,5761,trunk_remove:SW2:eth3:20,35542,35544,0.05,9.649999999999999,2,True,False,True,False,True,recovery_success,0.016210495959967375,2,1,0,0,0,0,0,0,0
3730,5762,access_vlan:SW1:eth1:20+access_vlan:SW1:eth2:10+access_vlan:SW2:eth1:20+trunk_remove:SW2:eth3:10,35544,35548,0.05,9.2,4,True,False,True,False,True,recovery_success,0.01317913900129497,4,2,1,0,0,0,0,0,0
3731,5763,access_vlan:SW1:eth2:10+trunk_remove:SW1:eth3:10+trunk_remove:SW1:eth3:20+trunk_remove:SW2:eth3:10+trunk_remove:SW2:eth3:20,35548,35554,0.05,8.45,6,True,False,True,False,True,recovery_success,0.018131322460249066,6,5,0,0,0,0,0,0,0
3732,5764,access_vlan:SW1:eth1:20+access_vlan:SW1:eth2:10+access_vlan:SW2:eth2:10,35554,35556,0.05,9.649999999999999,2,True,False,True,False,True,recovery_success,0.012947894632816315,2,1,0,0,0,0,0,0,0
3733,5765,access_vlan:SW1:eth2:10+trunk_remove:SW1:eth3:10+trunk_remove:SW2:eth3:10+trunk_remove:SW2:eth3:20,35556,35562,0.05,8.6,6,True,False,True,False,True,recovery_success,0.02146651440610488,6,4,1,0,0,0,0,0,0
3734,5766,access_vlan:SW1:eth2:10+trunk_remove:SW2:eth3:10,35562,35565,0.05,9.35,3,True,False,True,False,True,recovery_success,0.019601736217737198,3,2,0,0,0,0,0,0,0
3735,5767,access_vlan:SW1:eth2:10+access_vlan:SW2:eth2:10+trunk_remove:SW1:eth3:10+trunk_remove:SW1:eth3:20+trunk_remove:SW2:eth3:10,35565,35571,0.05,8.45,6,True,False,True,False,True,recovery_success,0.012768193303296963,6,5,0,0,0,0,0,0,0
3736,5768,access_vlan:SW1:eth2:10+access_vlan:SW2:eth1:20+access_vlan:SW2:eth2:10+trunk_remove:SW1:eth3:20+trunk_remove:SW2:eth3:10+trunk_remove:SW2:eth3:20,35571,35577,0.05,8.6,6,True,False,True,False,True,recovery_success,0.012515076824153462,6,4,1,0,0,0,0,0,0
3737,5769,access_vlan:SW1:eth1:20+access_vlan:SW2:eth1:20+trunk_remove:SW1:eth3:20+trunk_remove:SW2:eth3:20,35577,35582,0.05,8.75,5,True,False,True,False,True,recovery_success,0.010180677101016045,5,4,0,0,0,0,0,0,0
3738,5770,access_vlan:SW1:eth1:20+trunk_remove:SW1:eth3:10,35582,35585,0.05,9.35,3,True,False,True,False,True,recovery_success,0.010896455263718963,3,2,0,0,0,0,0,0,0
3739,5771,access_vlan:SW1:eth1:20+access_vlan:SW1:eth2:10+trunk_remove:SW1:eth3:10+trunk_remove:SW2:eth3:10+trunk_remove:SW2:eth3:20,35585,35591,0.05,7.949999999999999,6,True,False,True,False,True,recovery_success,0.017099635597939294,6,5,0,0,1,1,1,0,0
3740,5772,access_vlan:SW2:eth1:20+access_vlan:SW2:eth2:10+trunk_remove:SW1:eth3:10+trunk_remove:SW2:eth3:10,35591,35596,0.05,8.25,5,True,False,True,False,True,recovery_success,0.008817365113645791,5,4,0,0,1,1,1,0,0
3741,5773,access_vlan:SW1:eth1:20+access_vlan:SW2:eth1:20+trunk_remove:SW1:eth3:20+trunk_remove:SW2:eth3:10,35596,35604,0.05,7.999999999999999,8,True,False,True,False,True,recovery_success,0.02165503313881345,8,5,1,0,0,0,0,0,0
3742,5774,access_vlan:SW1:eth1:20+access_vlan:SW2:eth1:20+trunk_remove:SW1:eth3:20+trunk_remove:SW2:eth3:20,35604,35609,0.05,8.75,5,True,False,True,False,True,recovery_success,0.009821926010772586,5,4,0,0,0,0,0,0,0
3743,5775,access_vlan:SW1:eth1:20+access_vlan:SW1:eth2:10+access_vlan:SW2:eth2:10+trunk_remove:SW1:eth3:10+trunk_remove:SW2:eth3:20,35609,35613,0.05,9.049999999999999,4,True,False,True,False,True,recovery_success,0.010655084159225225,4,3,0,0,0,0,0,0,0
3744,5776,trunk_remove:SW1:eth3:20+trunk_remove:SW2:eth3:20,35613,35618,0.05,7.749999999999999,5,True,False,True,False,True,recovery_success,0.005723082739859819,5,4,0,0,2,2,1,0,0
3745,5777,access_vlan:SW1:eth1:20,35618,35620,0.05,9.649999999999999,2,True,False,True,False,True,recovery_success,0.004161776858381927,2,1,0,0,0,0,0,0,0
3746,5778,access_vlan:SW1:eth1:20+trunk_remove:SW1:eth3:10+trunk_remove:SW2:eth3:10+trunk_remove:SW2:eth3:20,35620,35625,0.05,8.75,5,True,False,True,False,True,recovery_success,0.02850742368027568,5,4,0,0,0,0,0,0,0
3747,5779,access_vlan:SW1:eth2:10+access_vlan:SW2:eth1:20+trunk_remove:SW1:eth3:20+trunk_remove:SW2:eth3:10+trunk_remove:SW2:eth3:20,35625,35631,0.05,8.45,6,True,False,True,False,True,recovery_success,0.006173239632820089,6,5,0,0,0,0,0,0,0
3748,5780,access_vlan:SW1:eth2:10+access_vlan:SW2:eth1:20+access_vlan:SW2:eth2:10+trunk_remove:SW1:eth3:20+trunk_remove:SW2:eth3:10+trunk_remove:SW2:eth3:20,35631,35636,0.05,8.75,5,True,False,True,False,True,recovery_success,0.005656782677397132,5,4,0,0,0,0,0,0,0
3749,5781,access_vlan:SW1:eth1:20+access_vlan:SW1:eth2:10+access_vlan:SW2:eth2:10+trunk_remove:SW1:eth3:10+trunk_remove:SW2:eth3:10+trunk_remove:SW2:eth3:20,35636,35641,0.05,8.75,5,True,False,True,False,True,recovery_success,0.006238435767591,5,4,0,0,0,0,0,0,0
3750,5782,access_vlan:SW1:eth1:20+trunk_remove:SW1:eth3:10+trunk_remove:SW1:eth3:20+trunk_remove:SW2:eth3:10+trunk_remove:SW2:eth3:20,35641,35649,0.05,6.85,8,True,False,True,False,True,recovery_success,0.005973747815005481,8,7,0,0,2,2,1,0,0
3751,5783,access_vlan:SW1:eth2:10+trunk_remove:SW1:eth3:10,35649,35652,0.05,9.35,3,True,False,True,False,True,recovery_success,0.004770647579183181,3,2,0,0,0,0,0,0,0
3752,5784,access_vlan:SW1:eth1:20+access_vlan:SW1:eth2:10+access_vlan:SW2:eth1:20+trunk_remove:SW2:eth3:20,35652,35655,0.05,9.35,3,True,False,True,False,True,recovery_success,0.004426351826017101,3,2,0,0,0,0,0,0,0
3753,5785,access_vlan:SW1:eth1:20+trunk_remove:SW2:eth3:10+trunk_remove:SW2:eth3:20,35655,35661,0.05,8.45,6,True,False,True,False,True,recovery_success,0.003585185816821953,6,5,0,0,0,0,0,0,0
3754,5786,access_vlan:SW1:eth1:20+access_vlan:SW1:eth2:10+access_vlan:SW2:eth2:10+trunk_remove:SW2:eth3:20,35661,35665,0.05,9.2,4,True,False,True,False,True,recovery_success,0.0030942987359594554,4,2,1,0,0,0,0,0,0
3755,5787,access_vlan:SW1:eth1:20+access_vlan:SW2:eth1:20+access_vlan:SW2:eth2:10+trunk_remove:SW2:eth3:20,35665,35668,0.05,9.35,3,True,False,True,False,True,recovery_success,0.006881324884792169,3,2,0,0,0,0,0,0,0
3756,5788,access_vlan:SW1:eth2:10+trunk_remove:SW1:eth3:20+trunk_remove:SW2:eth3:10,35668,35672,0.05,9.049999999999999,4,True,False,True,False,True,recovery_success,0.0036522801965475082,4,3,0,0,0,0,0,0,0
3757,5789,access_vlan:SW1:eth1:20+access_vlan:SW1:eth2:10+access_vlan:SW2:eth1:20+trunk_remove:SW2:eth3:10,35672,35675,0.05,9.35,3,True,False,True,False,True,recovery_success,0.022062737649927538,3,2,0,0,0,0,0,0,0
3758,5790,access_vlan:SW1:eth1:20+trunk_remove:SW1:eth3:20,35675,35678,0.05,9.35,3,True,False,True,False,True,recovery_success,0.0026140458260973296,3,2,0,0,0,0,0,0,0
3759,5791,access_vlan:SW1:eth1:20+access_vlan:SW1:eth2:10+trunk_remove:SW1:eth3:10+trunk_remove:SW1:eth3:20+trunk_remove:SW2:eth3:20,35678,35688,0.05,6.25,10,True,False,True,False,True,recovery_success,0.004052178165875375,10,9,0,0,2,1,2,0,0
3760,5792,access_vlan:SW1:eth1:20+access_vlan:SW2:eth1:20+trunk_remove:SW1:eth3:10,35688,35692,0.05,8.549999999999999,4,True,False,True,False,True,recovery_success,0.005294855509418994,4,3,0,0,1,1,1,0,0
3761,5793,access_vlan:SW1:eth1:20+access_vlan:SW1:eth2:10+access_vlan:SW2:eth1:20+access_vlan:SW2:eth2:10+trunk_remove:SW1:eth3:20+trunk_remove:SW2:eth3:20,35692,35695,0.05,9.35,3,True,False,True,False,True,recovery_success,0.003718914386505882,3,2,0,0,0,0,0,0,0
3762,5794,access_vlan:SW1:eth1:20+access_vlan:SW1:eth2:10+trunk_remove:SW1:eth3:10+trunk_remove:SW2:eth3:20,35695,35700,0.05,8.25,5,True,False,True,False,True,recovery_success,0.004332560067996383,5,4,0,0,1,1,1,0,0
3763,5795,access_vlan:SW1:eth1:20+access_vlan:SW2:eth2:10+trunk_remove:SW1:eth3:10+trunk_remove:SW1:eth3:20+trunk_remove:SW2:eth3:10,35700,35706,0.05,8.45,6,True,False,True,False,True,recovery_success,0.0029549801062482097,6,5,0,0,0,0,0,0,0
3764,5796,access_vlan:SW1:eth1:20+access_vlan:SW1:eth2:10,35706,35709,0.05,8.85,3,True,False,True,False,True,recovery_success,0.0027188130964835486,3,2,0,0,1,1,1,0,0
3765,5797,access_vlan:SW1:eth2:10+access_vlan:SW2:eth1:20+trunk_remove:SW1:eth3:10+trunk_remove:SW1:eth3:20,35709,35714,0.05,8.75,5,True,False,True,False,True,recovery_success,0.02792298626154661,5,4,0,0,0,0,0,0,0
3766,5798,access_vlan:SW1:eth1:20+access_vlan:SW1:eth2:10+access_vlan:SW2:eth1:20,35714,35716,0.05,9.649999999999999,2,True,False,True,False,True,recovery_success,0.003512353519909084,2,1,0,0,0,0,0,0,0
3767,5799,access_vlan:SW1:eth1:20+access_vlan:SW2:eth1:20+access_vlan:SW2:eth2:10+trunk_remove:SW1:eth3:20+trunk_remove:SW2:eth3:20,35716,35720,0.05,9.049999999999999,4,True,False,True,False,True,recovery_success,0.0029915597406215966,4,3,0,0,0,0,0,0,0
3768,5800,access_vlan:SW1:eth1:20+access_vlan:SW1:eth2:10+access_vlan:SW2:eth2:10+trunk_remove:SW1:eth3:10+trunk_remove:SW2:eth3:20,35720,35724,0.05,9.049999999999999,4,True,False,True,False,True,recovery_success,0.0019363623869139701,4,3,0,0,0,0,0,0,0
3769,5801,access_vlan:SW1:eth2:10+trunk_remove:SW1:eth3:10+trunk_remove:SW1:eth3:20+trunk_remove:SW2:eth3:20,35724,35729,0.05,8.75,5,True,False,True,False,True,recovery_success,0.0026854919036850334,5,4,0,0,0,0,0,0,0
3770,5802,access_vlan:SW2:eth1:20+trunk_remove:SW1:eth3:20+trunk_remove:SW2:eth3:10,35729,35735,0.05,8.45,6,True,False,True,False,True,recovery_success,0.0028294129782201103,6,5,0,0,0,0,0,0,0
3771,5803,access_vlan:SW1:eth1:20+access_vlan:SW1:eth2:10+access_vlan:SW2:eth1:20+trunk_remove:SW2:eth3:20,35735,35738,0.05,9.35,3,True,False,True,False,True,recovery_success,0.002833033368612329,3,2,0,0,0,0,0,0,0
3772,5804,access_vlan:SW1:eth1:20+access_vlan:SW2:eth1:20+access_vlan:SW2:eth2:10+trunk_remove:SW1:eth3:20+trunk_remove:SW2:eth3:10,35738,35743,0.05,8.899999999999999,5,True,False,True,False,True,recovery_success,0.0025268263183534146,5,3,1,0,0,0,0,0,0
3773,5805,access_vlan:SW1:eth1:20+access_vlan:SW2:eth2:10+trunk_remove:SW1:eth3:10+trunk_remove:SW1:eth3:20,35743,35747,0.05,-1.2,4,False,True,False,False,False,budget_cut,0.0033223332138732076,4,4,0,0,0,0,0,0,3
